"","B-cells","CAFs","Cancer LumA","Cancer LumB","Cancer Other","Cycling T-cells","Endothelial","Myeloid","NK cells","NKT cells","Normal Epithelial","Plasmablasts","PVL","T cells CD4+","T cells CD8+"
"mix_0000_depth100",7.59926346237001e-05,7.59926341270849e-05,0.0417629822194062,0.110233730804336,0.467578851119262,7.59926345691543e-05,7.59926345691547e-05,7.59926345657005e-05,7.59926345577323e-05,7.59926356729198e-05,0.206064784003353,7.59926348625675e-05,0.0110888725408308,0.0158022118048601,7.59926346388478e-05
"mix_0000_depth25",7.59926345542237e-05,7.59926345100548e-05,0.0176181321643052,0.117357919787434,0.486957727889924,0.0068794888406914,7.59926345691541e-05,0.00347092367772212,7.5992634549625e-05,7.59926343440413e-05,0.218594197271456,7.59926345361684e-05,0.00464262213018458,0.00249096645125119,7.59926345801709e-05
"mix_0001_depth100",5.31948441796481e-05,5.31948445032532e-05,0.405341504487124,0.247569578782727,5.42515736838768e-05,0.00277833812100651,0.000729265629820939,5.31948443116682e-05,5.31948442844821e-05,5.31948441424064e-05,0.233808656676503,5.31948430508468e-05,5.3194844196388e-05,0.0115130093906376,5.31948441688928e-05
"mix_0001_depth25",5.31948441961174e-05,5.31948442639295e-05,0.420156612447898,0.217896639403644,8.13747181086827e-05,0.00327219052907558,5.31948441984081e-05,5.3194844255058e-05,5.31948441852112e-05,5.3194844274792e-05,0.255858854129761,5.31948464209497e-05,0.000386999378703847,0.00245208970898311,5.31948441848652e-05
"mix_0002_depth100",3.72363909238487e-05,3.72363920563822e-05,0.322714850093333,0.18676534515186,0.0523681605184119,3.72363909388856e-05,3.72363909470091e-05,3.72363909077527e-05,3.72363906557203e-05,3.72363888789798e-05,0.27075732663761,3.72363979024561e-05,0.0306059527315357,0.0352607347929699,3.72363909361048e-05
"mix_0002_depth25",5.3194844200054e-05,5.31948441697832e-05,0.312948342426866,0.175449925677698,0.0852081014499717,5.31948441984083e-05,5.31948441984107e-05,5.31948441967259e-05,5.31948441909711e-05,5.3194844690876e-05,0.272021549379131,5.31948445393856e-05,0.0336335173807396,0.0455513993114141,5.31948441953426e-05
"mix_0003_depth100",0.00208994250691793,3.72363915991168e-05,0.419440279017253,0.2610305489634,0.0248359845633705,3.72363909388837e-05,3.72363909382631e-05,0.0432718151621051,3.72363908967394e-05,3.72363913897382e-05,0.197166689615802,3.72363907422508e-05,0.00280605211361033,0.0119544140533722,3.72363913237807e-05
"mix_0003_depth25",0.00354405173044631,7.59926342706532e-05,0.385160664906319,0.259586703304293,8.74182234772603e-05,0.00519498355737865,8.2414265316219e-05,0.0501104184714006,7.59926345708635e-05,7.59926346351137e-05,0.237644434200274,7.59926346607363e-05,0.00177489070789573,0.0132069958563086,7.59926345980905e-05
"mix_0004_depth100",5.31948441994035e-05,5.31948442258058e-05,0.225864516753936,0.183226098798619,0.206752762015318,0.00815627192332631,5.31948441984078e-05,0.0442817833791318,5.31948443251219e-05,5.31948441886684e-05,0.241324732130632,0.000532032732271522,0.00156760657713739,5.31948441984046e-05,5.31948441691508e-05
"mix_0004_depth25",0.00692004492405375,0.000152744107737891,0.209873908333745,0.145966988368256,0.259756506585625,7.59926345691537e-05,7.5992634569155e-05,0.0410044996660346,7.59926345635391e-05,7.59926347883333e-05,0.249874521449895,0.00198163875635427,0.0024270136971109,7.59926345691546e-05,7.59926345763311e-05
"mix_0005_depth100",0.0122364802024983,7.59926345473997e-05,0.325484279416914,0.20290762983298,7.59926345691539e-05,0.00501147456226815,7.59926345703352e-05,0.10417741704047,7.59926345557535e-05,7.59926346815537e-05,0.241435060326657,7.5992637066697e-05,0.00544101506951467,7.59926345691538e-05,7.5992634558038e-05
"mix_0005_depth25",0.0112047774621695,0.000336149903932016,0.30981436688454,0.184905692916225,7.5992634569155e-05,7.59926345691548e-05,7.59926345691548e-05,0.117734078825465,7.59926345707783e-05,7.59926345715572e-05,0.256548285046851,7.59926345638308e-05,0.00600408016148611,7.59926345691543e-05,0.00819177615725502
"mix_0006_depth100",5.31948441898873e-05,0.00177811453929701,0.283763624560854,0.15731018402324,0.0952528257552155,5.3194844198408e-05,0.0819150540854146,0.000564615378812898,5.31948438484131e-05,5.3194846855948e-05,0.240950651116611,5.31948457133929e-05,0.0369558266225985,5.31948441895917e-05,5.31948465781207e-05
"mix_0006_depth25",7.59926345712348e-05,0.00420570080885148,0.229577930739703,0.129861524438361,0.154681576142722,7.5992634569157e-05,0.0787944758495727,0.00318257523964919,7.59926358801266e-05,7.59926339705685e-05,0.223717297757778,7.59926385545224e-05,0.0431126306848289,7.59926345691575e-05,7.59926345436066e-05
"mix_0007_depth100",5.31948441805583e-05,5.3194844051549e-05,0.392691039542463,0.24455047306073,5.31948441984075e-05,0.00248489301748091,0.0241012341668994,5.31948441980475e-05,5.31948439220679e-05,5.31948442525097e-05,0.17597141677753,5.31948435105136e-05,0.0049944479284086,5.3194844202106e-05,5.3194843838251e-05
"mix_0007_depth25",5.31948441998066e-05,5.3194844218167e-05,0.354611400322119,0.235237408041473,0.0361228895897216,0.00288611372501434,0.0152537341746605,5.31948442066379e-05,5.31948436836573e-05,5.31948440593705e-05,0.225840616730143,5.31948441680505e-05,5.3194844198408e-05,5.3194844198408e-05,5.31948442692515e-05
"mix_0008_depth100",5.31948441936885e-05,5.31948441882554e-05,0.395904142620856,0.256334109488759,0.0213743256787147,8.23607939976167e-05,0.0223802734832238,5.31948442395922e-05,5.31948441774088e-05,5.31948440823441e-05,0.238916467447531,5.31948455658969e-05,5.31948441984078e-05,0.00938800929893271,5.31948443252327e-05
"mix_0008_depth25",5.31948442019277e-05,5.31948442198451e-05,0.369185685600789,0.214015605112495,0.0165792123154134,0.00432797160137418,0.0229235050654621,5.31948439330999e-05,5.31948442046519e-05,5.31948443414237e-05,0.288799902685221,5.31948441187511e-05,0.00516141781877323,0.0116714719885373,5.31948441746979e-05
"mix_0009_depth100",0.0390725163331191,5.319484418512e-05,0.26605135021155,0.298851844054221,0.0423923269460783,0.000884146831461929,5.31948441984083e-05,5.31948442323825e-05,5.31948441742427e-05,5.31948445413626e-05,0.210369665046182,5.31948445281439e-05,0.059747210148675,5.31948441984081e-05,5.31948441692685e-05
"mix_0009_depth25",0.0322241213555026,0.00270220868116431,0.281840040191991,0.30431909391126,0.000126266815934591,7.59926345691544e-05,7.59926345691505e-05,0.00544497262807106,7.59926345722117e-05,7.59926345030451e-05,0.216852364358271,7.59926344670818e-05,0.058008317491559,0.0227139998631473,7.59926345699932e-05
"mix_0010_depth100",0.0613265653589003,5.31948441075015e-05,0.416377291592905,0.189798462233509,5.31948441984072e-05,5.31948441984079e-05,0.000730592484930807,5.31948441984094e-05,5.3194844197562e-05,5.3194846702518e-05,0.258524827382932,5.31948501851289e-05,0.0100427112173438,5.31948441984098e-05,5.31948441935026e-05
"mix_0010_depth25",0.0739440176944764,5.3194844206058e-05,0.359596634521724,0.231304547458371,5.6928619095249e-05,5.31948441984077e-05,5.3194844198408e-05,5.3194844198408e-05,5.31948442165827e-05,5.3194844480321e-05,0.300652059022803,0.00172270006444179,0.0201842886143079,5.31948441984088e-05,5.31948442929e-05
"mix_0011_depth100",0.0264378781284623,5.31948441791633e-05,0.371128569298882,0.198524683303056,0.000118504500907697,0.00857799734297516,5.3194844198408e-05,0.000250749716323253,5.31948441656414e-05,5.31948469566484e-05,0.239473075409613,5.31948443289367e-05,0.0514022402731019,5.31948441984084e-05,5.31948441948038e-05
"mix_0011_depth25",0.0217115165234213,7.59926345683912e-05,0.374500020812108,0.211070597501774,0.00245496056529575,0.00826817386774589,7.59926345691534e-05,0.00180878614465668,7.59926345773472e-05,7.59926342114782e-05,0.234073174398413,7.59926345739205e-05,0.0555400004233606,0.00354240944940793,7.59926345690624e-05
"mix_0012_depth100",7.59926345548792e-05,7.5992634657516e-05,0.33079490400522,0.332503382206365,7.59926345691558e-05,7.59926345691542e-05,7.59926345735468e-05,7.59926345377746e-05,0.00602168443408016,0.00298319736887506,0.195616574387433,0.000425005676343221,0.00449867313963057,0.00715496108924514,7.59926344372121e-05
"mix_0012_depth25",7.59926345780318e-05,7.59926345755507e-05,0.341043720806978,0.295504918782263,7.59926345691513e-05,0.00243145135389363,7.59926345691567e-05,7.59926345487836e-05,7.59926345575661e-05,0.00403203927481628,0.208184020857576,7.59926329229987e-05,0.00467432751095051,0.0309797455039223,7.59926344162708e-05
"mix_0013_depth100",7.59926344370452e-05,7.59926346403567e-05,0.325535401413152,0.196842291821627,7.59926345691543e-05,0.000609599089476079,7.59926345691493e-05,7.59926345163719e-05,0.00612707901080197,7.59926346198167e-05,0.274919808913858,7.59926347406677e-05,0.0898002107330586,7.59926345691558e-05,0.00996232679420795
"mix_0013_depth25",7.59926349419918e-05,7.59926345579719e-05,0.309813687249342,0.227019875848384,7.59926345691382e-05,7.59926345691542e-05,7.59926345691665e-05,7.59926345603538e-05,7.59926345666596e-05,7.59926345885829e-05,0.282729097748875,7.59926345698018e-05,0.0889035460571353,7.59926345691511e-05,0.0202715899250429
"mix_0014_depth100",5.31948442029401e-05,5.31948443211415e-05,0.364713707808409,0.258654357732513,0.0433587783041902,5.31948441984081e-05,5.31948441984076e-05,5.31948442216592e-05,0.017437227736764,5.31948442100917e-05,0.19376358043722,5.31948442002581e-05,0.0133594252656724,0.0361745184107284,5.31948441872223e-05
"mix_0014_depth25",0.0019277448120734,5.31948447253593e-05,0.275280149350272,0.274508071895909,0.0881589683116556,5.3194844198408e-05,5.3194844198412e-05,0.000428210405344066,0.0162800891641922,0.00325452399343083,0.212019843455296,5.31948441176661e-05,0.0180090335400931,0.028154639985237,5.31948441977901e-05
"mix_0015_depth100",7.59926345620446e-05,7.59926345652694e-05,0.408094116097346,0.322334263979521,0.000146774429103295,0.00627312165595354,7.599263456684e-05,7.59926344624173e-05,0.00129990934390711,0.0457436572806121,0.172103433818343,0.00021974911749055,0.00241143235620426,7.59926345691533e-05,7.59926345774372e-05
"mix_0015_depth25",5.3194844206532e-05,5.31948441695401e-05,0.423285089116083,0.308774027691246,0.027405188461135,5.31948441984067e-05,5.31948441984104e-05,5.31948441952887e-05,0.00290740549271257,0.0469165780691269,0.207186884580275,5.31948442237673e-05,5.31948441984091e-05,5.31948441984077e-05,5.31948441989686e-05
"mix_0016_depth100",7.59926345216293e-05,7.59926346034313e-05,0.32366300117032,0.292002270846872,0.0368083274715543,0.00662128596036896,7.59926345604307e-05,7.59926345815485e-05,7.59926345889047e-05,0.0272844780968725,0.17759990524128,7.59926336243459e-05,0.0160552995511155,7.59926345691518e-05,7.5992634553374e-05
"mix_0016_depth25",7.59926347038944e-05,0.000392816932849085,0.327818621345436,0.269487970267732,0.0187202961288333,0.0157486592803186,7.59926345691543e-05,7.59926345727031e-05,7.59926345626137e-05,0.0207315971636991,0.191515093326305,7.59926376739647e-05,0.0154387386593352,0.00675333533789065,7.59926345691403e-05
"mix_0017_depth100",5.31948441794535e-05,5.31948441498444e-05,5.3194844198408e-05,0.0811435245639148,0.57107779965082,0.0123405458076809,5.31948442102673e-05,5.31948441951751e-05,0.0145822814473219,5.31948441612956e-05,0.177222754031057,5.319484719762e-05,5.31948441869206e-05,5.31948441984082e-05,5.31948443164328e-05
"mix_0017_depth25",7.59926345331926e-05,7.59926345481412e-05,7.59926345691498e-05,0.0625096823260726,0.53323769463335,0.00390024067574812,7.59926345691554e-05,7.59926345688067e-05,0.0149102036156867,7.59926346311015e-05,0.228735062699658,7.59926376882832e-05,0.00152168644514587,0.0012428672709326,7.59926344919573e-05
"mix_0018_depth100",7.59926345612324e-05,0.000724713300561285,0.330456242016702,0.21800305203237,0.000280910080598318,0.0160160414534164,7.5992634569154e-05,7.5992634546264e-05,7.59926345678729e-05,0.00173414938294263,0.301385224832041,7.59926344836466e-05,0.0310753291963326,0.0115461038149638,0.0106392048978718
"mix_0018_depth25",0.0053949675595254,7.59926345602188e-05,0.291937542547408,0.225405448310219,0.0466013235690094,0.00157154565185422,7.59926345691565e-05,0.00735863324998752,7.5992634564598e-05,0.00260192452527374,0.279904843683799,7.59926345686658e-05,0.036874802830345,7.59926345691552e-05,0.00784800143417227
"mix_0019_depth100",0.00173501399042396,3.72363908799172e-05,0.0300458381194391,0.0571445235766304,0.487039441125863,3.72363909388856e-05,3.72363909388872e-05,3.72363908694994e-05,3.72363907617702e-05,3.723639112002e-05,0.189575124392682,3.72363908909492e-05,0.163322669305605,0.0444551346486843,3.72363909151643e-05
"mix_0019_depth25",5.31948441984082e-05,5.3194844189395e-05,0.0159604113474855,0.0462607842295693,0.466991736247359,0.00211653291485228,5.3194844198408e-05,5.31948442065255e-05,5.31948441827101e-05,5.31948452336811e-05,0.221810391121419,5.31948413242928e-05,0.159965976383628,0.046586870264071,5.31948442058423e-05
"mix_0020_depth100",7.59926345480581e-05,0.000232449700789773,0.36557923253263,0.273358132783076,8.17049662232322e-05,0.00401437341116208,7.59926345691541e-05,7.59926341556912e-05,7.59926345355306e-05,0.00441874599707075,0.26978852757858,7.59926318380097e-05,0.0118114588066519,0.0268133178578993,0.00583225458840105
"mix_0020_depth25",7.59926345706986e-05,7.5992634573739e-05,0.305119108260061,0.220263272497086,0.0954873398228781,7.59926345691544e-05,7.59926345691528e-05,7.59926345691543e-05,7.5992634574428e-05,0.00543577293036997,0.285046917383895,7.59926341701174e-05,0.0103210037218354,0.0398883518410959,7.59926345714593e-05
"mix_0021_depth100",7.5992634584765e-05,7.59926346263526e-05,0.313174917943874,0.254648503954448,0.0258224710032888,7.59926345691543e-05,7.59926345451672e-05,7.59926345925111e-05,7.59926345487902e-05,7.59926345147064e-05,0.226002406010405,7.59926335493101e-05,0.0105358712718096,0.0392669470033853,0.0248873189986194
"mix_0021_depth25",7.5992634575435e-05,7.59926352356901e-05,0.307341192388024,0.260104753485354,0.000187172571735141,7.59926345691545e-05,7.59926345691558e-05,7.59926345665001e-05,7.59926345714562e-05,7.59926345880971e-05,0.278997922110314,7.59926378841906e-05,0.009819671900691,0.0446452192535498,0.0191607744717756
"mix_0022_depth100",0.00175171293146908,7.59926345508897e-05,0.274588763559086,0.15509620918406,0.048627846659451,0.0055467315829718,7.59926345691539e-05,0.00648877466944694,7.59926345589244e-05,0.00401227777570328,0.309395004873522,7.59926363975376e-05,0.0178358218756574,0.0966077343666719,7.59926345691548e-05
"mix_0022_depth25",7.59926345691543e-05,0.00421653453666095,0.273180789164463,0.158132998163804,0.00586224878140357,0.00313216311987884,7.59926345691539e-05,0.00640266781554524,7.59926345682764e-05,7.59926345574644e-05,0.34348913290952,7.59926345809067e-05,0.0155346836151326,0.105734805680936,0.00388228026624645
"mix_0023_depth100",7.59926345691537e-05,7.59926345866766e-05,0.340385814388851,0.195931900410169,0.00010883090592854,0.00198106873848452,7.59926345691539e-05,0.00184003241548961,0.0376522177515674,7.59926345704299e-05,0.239049595344248,7.59926338605272e-05,0.0239784796757444,0.0714455398922407,8.19613988059653e-05
"mix_0023_depth25",7.59926345689066e-05,0.000118652676648883,0.354924999024564,0.184482534945928,0.0113079140253971,7.59926345691541e-05,7.59926345691543e-05,0.00430764872773693,0.0334061284433161,0.00168932811408947,0.23735269545701,7.5992634368025e-05,0.027795387011307,0.0740449375811759,7.59926345690398e-05
"mix_0024_depth100",7.59926345691542e-05,7.5992634633924e-05,0.338757738219361,0.229843351429709,7.81565297620321e-05,0.0122432862965396,7.59926345691535e-05,0.0880063987335905,7.59926345410862e-05,7.59926345831863e-05,0.172231154607771,7.59926251081588e-05,0.00263923363329166,0.00111696420572264,0.0176985297305508
"mix_0024_depth25",0.000108560906527363,0.000108560906526199,0.338122842894963,0.216043270529231,0.000108560906527364,0.00652083407936288,0.000108560906527364,0.0929771337349014,0.000108560906528163,0.000108560906527364,0.169928229294641,0.000108560911441844,0.00513296834110098,0.000108560906527354,0.0304452522601921
"mix_0025_depth100",0.0263910261006751,7.59926345927646e-05,0.407141630412086,0.227588525793541,0.0253984399579483,7.59926345691543e-05,7.59926345696129e-05,0.0131413606039838,0.0203087992263228,0.0100306007402966,0.200645648258387,7.59926303965751e-05,0.0119749828044898,0.00247835432783152,7.59926345532843e-05
"mix_0025_depth25",0.0395799001492285,0.000127987996611037,0.422890125987697,0.186357273372619,0.00690290744201664,0.00391582791507297,7.59926345691583e-05,0.00891203064908147,0.0226416438711202,0.0131167281399085,0.218396019115547,7.59926345946544e-05,0.0132706612186269,0.0141162456593576,7.59926345691496e-05
"mix_0026_depth100",0.000108560906527361,0.000108560906502729,0.286736973853459,0.13791121942739,0.0343029845463449,0.000108560906527363,0.000108560906527363,0.0344810306346772,0.000108560906524794,0.0120296923044063,0.215440155619187,0.000108560912293424,0.0309099440840624,0.0832113577993744,0.0234654773209556
"mix_0026_depth25",0.000108560906527365,0.000108560906496903,0.282004655093674,0.159588597202688,0.0543308050966714,0.000108560906527366,0.000108560906527364,0.0373523890229048,0.000108560906527363,0.0226376835281997,0.224793385619532,0.000108560906573094,0.0216749839909623,0.0340172631989892,0.0373256477337994
"mix_0027_depth100",7.59926345700764e-05,7.59926344493901e-05,0.261048010183321,0.188973685237511,7.59926345691545e-05,0.00530155569015535,0.28517030265751,0.00195102999461143,7.59926345304691e-05,0.0022583462505162,0.148130082928074,7.59926379647754e-05,7.59926345691546e-05,7.59926345691526e-05,0.0104223080143864
"mix_0027_depth25",7.59926345691548e-05,7.59926345070154e-05,0.278295384312484,0.213431182386841,7.59926345691523e-05,0.00807806219602938,0.24770016613263,0.00209353042963216,7.59926345812947e-05,0.00158416535445214,0.164022474156635,7.59926286655062e-05,7.59926345691546e-05,7.59926345691538e-05,0.0157119605027692
"mix_0028_depth100",7.59926345828214e-05,7.59926350022442e-05,0.397026678917891,0.25960202710814,7.59926345691527e-05,0.00248679422150643,0.0273787720941492,0.0034876395733699,7.59926345852589e-05,0.00528293465071246,0.207122140563024,7.59926312921024e-05,0.00216927979392231,0.00756089469800424,0.0149722317588517
"mix_0028_depth25",7.59926345666849e-05,7.59926346054862e-05,0.411795243210896,0.233098215681338,7.59926345691507e-05,0.00648177279335298,0.0339736918734835,0.00365139496654577,0.0137327581939535,0.002316430368152,0.242522615363241,7.59926339599956e-05,0.00451009254167874,0.0068508808288374,7.59926345691539e-05
"mix_0029_depth100",7.59926345619959e-05,7.5992634656533e-05,0.328588682126219,0.232709591294601,0.0196295872902453,7.59926345691546e-05,0.00349356756993806,7.59926352966429e-05,7.59926346156572e-05,7.59926345338873e-05,0.270461401127078,7.59926355394708e-05,0.0332381581043939,7.59926345691537e-05,0.0194127738978781
"mix_0029_depth25",7.59926345691536e-05,7.59926345350866e-05,0.288336151695589,0.256632115294039,0.00198177261687542,7.59926345907184e-05,0.010874120095235,7.59926345654844e-05,7.59926345775044e-05,7.5992634597584e-05,0.337720994298406,7.59926394845406e-05,0.00830663105948689,0.00929048593403243,0.0163646444881352
"mix_0030_depth100",0.0195686593305847,7.59926346066684e-05,0.291440350390707,0.178200235896292,0.0924188289144497,7.59926345691545e-05,7.59926345691545e-05,0.00489748698153708,7.59926345911781e-05,0.0048920341702688,0.299132864005469,0.000135303277144956,0.0082998526266187,7.59926345691542e-05,0.0325847554631465
"mix_0030_depth25",0.0188507960700189,7.59926345522753e-05,0.309119355528049,0.19747018496854,0.0834564490545947,0.00984510928455169,7.59926345691545e-05,0.015108712614326,7.59926345727887e-05,7.59926345691546e-05,0.307065890975323,0.000373195313959928,0.00330977764519995,7.59926345691508e-05,0.0416366994329039
"mix_0031_depth100",0.0328823958550993,7.59926343754222e-05,0.366197936104947,0.25841062980165,7.59926345691518e-05,0.00808346252879193,7.59926345670214e-05,7.59926345795638e-05,0.00429106793432923,7.59926345252661e-05,0.251185060132894,0.000498219407245502,0.00901673817415779,0.0244094829845088,7.59926345696055e-05
"mix_0031_depth25",0.0123808165672622,7.59926345788487e-05,0.377786548174661,0.200426018940355,7.59926345691597e-05,0.0109688705867089,7.59926345691505e-05,0.0102208035045171,0.00150097560661863,7.59926345414552e-05,0.32981686058196,0.00122523392328518,0.0159472111537124,0.0222405465839526,0.000841266068426569
"mix_0032_depth100",0.0220508076977777,5.3194844157147e-05,0.342907602877297,0.156516287948475,0.00142177754286592,0.00237772714471099,5.3194844198408e-05,5.31948442034607e-05,5.31948441899469e-05,5.31948442160784e-05,0.282229585475967,5.319484434476e-05,0.0900244161329671,0.0343631996916165,0.00552416861085198
"mix_0032_depth25",0.00253646814500369,7.59926345673218e-05,0.418521433400669,0.16728002888968,9.99222764611632e-05,7.59926345691544e-05,7.59926345691543e-05,0.0124650866738468,7.59926345682236e-05,7.59926345813702e-05,0.234085730772002,0.00189419865023831,0.0794050808691632,0.055193877646727,0.00214185645983965
"mix_0033_depth100",5.31948441909952e-05,5.31948442042372e-05,0.457092445535906,0.16409670547094,0.0603053385208634,0.000644558889272734,5.31948441956055e-05,5.31948443578472e-05,0.0225759197833559,5.3194844198306e-05,0.175511365048888,5.31948454980581e-05,0.018765936238793,0.0416581956247609,0.000579623069263919
"mix_0033_depth25",7.59926345691544e-05,7.59926345720693e-05,0.434932130056217,0.152653867499704,0.0516393631282081,0.00449974038692401,7.59926345691532e-05,7.59926345697149e-05,0.0305922494625746,7.59926345948209e-05,0.224444397311437,7.59926326647122e-05,0.0253023018393771,0.0222520032294939,0.00456825359640543
"mix_0034_depth100",7.59926345714976e-05,7.59926351575619e-05,0.345803567387232,0.230549866688097,7.59926345691542e-05,7.5992634569156e-05,7.5992634569155e-05,7.59926352502205e-05,0.0231359201756816,7.59926345303052e-05,0.221274247132035,7.59926225579282e-05,0.00527419260483906,0.00293785517232959,0.0301003295304951
"mix_0034_depth25",7.59926345691553e-05,7.59926346394752e-05,0.306663689801918,0.210742135704775,0.0264136741698409,7.59926345691576e-05,7.59926345691536e-05,7.59926345822544e-05,0.0439795292806813,7.59926345750344e-05,0.243473800706071,7.59926327044783e-05,7.59926345691543e-05,0.0107224980037831,0.0186410600817962
"mix_0035_depth100",5.31948441986613e-05,5.31948455444445e-05,0.209058293298993,0.121005315524113,0.147953614669478,0.0128288452017307,5.31948441984079e-05,5.31948437032823e-05,0.0138351867126336,5.31948442080573e-05,0.267139966617594,5.31948416917848e-05,0.0138211251687395,0.073392580593366,5.31948441867484e-05
"mix_0035_depth25",0.00944550061347937,0.000108560906427298,0.197815291749293,0.116940091926325,0.132459779608397,0.00210346683879401,0.000108560906527363,0.00282670045566179,0.0126991133735051,0.000328529405209123,0.284898710917301,0.000108560905473057,0.0130691957132505,0.0969304081567723,0.000108560906529163
"mix_0036_depth100",7.59926345441983e-05,7.59926345506419e-05,0.410794347491798,0.193172599600758,0.00712672784441868,7.59926345691541e-05,7.59926345855457e-05,7.59926346451661e-05,0.00402482338064106,0.00318544515712119,0.185940116158434,7.59926344730102e-05,0.0211842839172251,0.0186688476539654,0.0232007588604578
"mix_0036_depth25",7.59926345726098e-05,7.59926345084753e-05,0.418531697204212,0.201890259404979,0.00561906323536035,7.59926345691544e-05,7.59926345691577e-05,0.00288638772808859,7.59926345644831e-05,0.00810447852499549,0.176886577545653,7.59926344359321e-05,0.0333732157590489,0.0415669011757199,0.00769472711459916
"mix_0037_depth100",7.59926345742136e-05,7.59926346136942e-05,0.230292916458632,0.299684175337494,0.027992090770183,0.00622005846289209,7.59926345696781e-05,7.59926344474501e-05,7.5992634572049e-05,0.0382894009853607,0.183009648952996,7.5992645219012e-05,0.00647215202173082,0.0302449527573755,0.00252771542754704
"mix_0037_depth25",7.59926345615644e-05,7.59926345888161e-05,0.22798720205014,0.325787513340698,0.041622256879758,0.0132172609880184,7.59926345691498e-05,7.59926345663897e-05,7.59926345702752e-05,0.0356743683507517,0.17221748648864,7.59926349034025e-05,0.00111506752973454,0.0338390243668698,7.5992634570076e-05
"mix_0038_depth100",0.000708700793309924,0.00213097600544415,0.376217859555412,0.254492423314021,0.000108560906527357,0.00585671000164556,0.0183128140379864,0.000108560906585307,0.0107585245688468,0.0289012157407602,0.196999265017294,0.000108560906513818,0.0203482134580635,0.0291475597573488,0.00871018703655039
"mix_0038_depth25",0.00336051322686584,0.0030169510892132,0.393288721604536,0.235610391407743,9.1069424658378e-05,7.59926345691545e-05,0.0147875218231738,7.59926345691543e-05,7.59926345691543e-05,0.036340388835838,0.20215668882188,7.59926344995163e-05,0.0210055334228013,0.00275312832765765,0.0442417588614932
"mix_0039_depth100",5.31948441984077e-05,5.31948441353748e-05,0.256637376486986,0.100476132714965,0.111826019824697,0.033787800131691,5.31948441984074e-05,0.00523606430393064,0.00964185601687516,5.31948441984108e-05,0.221400626748145,5.3194844174269e-05,0.0624383100915989,5.3194844198408e-05,0.0967973056007568
"mix_0039_depth25",5.31948441984077e-05,5.3194844196954e-05,0.265985598882821,0.110487187156939,0.0780302140131103,0.0266669219541803,5.3194844198408e-05,0.00988347721619598,5.31948441984105e-05,5.3194844198408e-05,0.203236008958844,5.31948412626244e-05,0.0741441527520722,5.31948441984116e-05,0.116942907124345
"mix_0040_depth100",3.72363909379634e-05,3.72363901792978e-05,0.228988857328168,0.0641092129975796,0.220979361747326,0.029981331627048,3.72363909354097e-05,3.72363909364461e-05,3.72363907487153e-05,3.7236390947052e-05,0.23785961110393,3.72363841469005e-05,0.0217269298078265,0.111508626529547,0.00220897967769021
"mix_0040_depth25",3.72363909388859e-05,3.72363878386048e-05,0.282589705690505,0.0404490440363341,0.218871319260189,0.0223626930352109,3.72363909388854e-05,0.00651832335086504,3.72363909389082e-05,3.72363935736142e-05,0.221799580300053,3.72363830314872e-05,0.0311342546939325,0.11619523059354,3.72363909388858e-05
"mix_0041_depth100",5.31948441984075e-05,5.31948444184019e-05,0.173857400557621,0.0605938895148994,0.200150453753188,0.023337975453364,5.31948441984079e-05,0.00283395424133669,5.33375048787921e-05,5.31948442021463e-05,0.246252886774116,5.31948443638154e-05,0.0282432156034374,0.042121929275571,0.0439099512819492
"mix_0041_depth25",5.3194844199488e-05,5.31948441385441e-05,0.151667990879802,0.0483864878812129,0.227938129456815,0.017221200381948,5.31948441984078e-05,0.00497520448239017,0.00364119244982468,5.31948441906425e-05,0.282221717549061,5.31948442189914e-05,0.0306315583544089,0.0556558672469747,0.0251228382771154
"mix_0042_depth100",7.59926345625038e-05,7.59926353406002e-05,7.59926345691515e-05,0.100686601125848,0.457614307601877,0.0130048606210013,7.59926345758607e-05,7.59926346759162e-05,7.59926345432023e-05,7.5992634554018e-05,0.233596351521602,7.59926381036394e-05,0.0072345146882713,0.0511444082530087,0.0361136902360877
"mix_0042_depth25",7.59926345691549e-05,7.59926345214562e-05,7.59926345691551e-05,0.0757265665211517,0.443965832234399,0.0347572740705603,7.5992634569156e-05,0.000592273701202051,7.59926345691543e-05,0.000488600990963674,0.242221789526042,7.59926379886423e-05,0.0140296658185332,0.0535467745099608,0.0395448331213659
"mix_0043_depth100",0.000108560906533317,0.000108560906557555,0.138652741331136,0.122817961668179,0.0106198988211441,0.000108560906527364,0.000108560906527362,0.00488386327975323,0.000108560906526256,0.000108560906527364,0.211762168910599,0.000108560905374202,0.14225593353236,0.13849577149084,0.0959034744634806
"mix_0043_depth25",0.000155087009324806,0.000155087009328817,0.18874921420495,0.136539366133429,0.0253101487695801,0.000155087009324805,0.000155087009324805,0.00777653860100196,0.000155087009324808,0.022239445750036,0.167734667411121,0.000155087005928238,0.148628912127166,0.119954354667051,0.0765860671253265
"mix_0044_depth100",7.59926345707217e-05,7.59926340739786e-05,0.35176912827963,0.0914021369853485,7.59926345691489e-05,7.59926345691545e-05,7.59926345691564e-05,0.00887781226137026,0.0121580101295553,0.00981607685754601,0.204440601630833,7.59926347436836e-05,0.0339345259383951,0.014495688350796,0.125800694274273
"mix_0044_depth25",0.00010856090652736,0.000108560907017578,0.335853542268143,0.0899410249747613,0.000108560906527362,0.000108560906527371,0.000108560906527366,0.0138267168076617,0.000108560906527363,0.0037190350961121,0.194603124152121,0.000108560906537607,0.0581253161673703,0.00517640886436511,0.149931872217372
"mix_0045_depth100",0.000108560906527363,0.00623783692411955,0.265913008910618,0.233092224761285,0.000108560906527364,0.000108560906527363,0.000108560906527363,0.0576663367896649,0.000108560906527365,0.0116323418864512,0.218687371546548,0.0001085609031968,0.00436778582682947,0.0358037338347518,0.122427966901395
"mix_0045_depth25",0.00412454866035885,0.00474366749182658,0.264167929548452,0.239504041712459,9.44612528935952e-05,7.59926345691536e-05,7.59926345691547e-05,0.0527030599611896,7.59926345691543e-05,0.00957972555077215,0.248691981435109,7.59926375738493e-05,0.00525147608475477,9.84426242692526e-05,0.164120340559868
"mix_0046_depth100",7.59926345691545e-05,7.59926344708761e-05,0.30344611120998,0.107198687014391,0.0589917324202937,7.59926345691552e-05,7.59926345691546e-05,0.0294876802814139,7.59926345714118e-05,0.00365349996159055,0.215837273049838,0.000196525989823373,0.0241298674540467,7.59926345691545e-05,0.0930525174499484
"mix_0046_depth25",7.5992634569156e-05,7.59926345716809e-05,0.331931247458289,0.0705099443044614,0.0456259354046773,7.59926345691493e-05,7.5992634569156e-05,0.0212776494139074,7.59926345691657e-05,7.59926345691542e-05,0.251992785583503,7.5992632060127e-05,0.0344476830883315,0.0523111307750745,0.080722050068758
"mix_0047_depth100",7.5992634569139e-05,7.59926345341273e-05,0.302693132739403,0.141803366732452,7.59926345691608e-05,7.59926345691548e-05,7.59926345691594e-05,0.158923653214815,7.59926345691617e-05,7.59926345728225e-05,0.16742552244509,7.59926358677166e-05,7.59926345707754e-05,0.0678513629405071,0.0662119804542359
"mix_0047_depth25",7.59926345691342e-05,7.59926345824068e-05,0.312526590502672,0.126181856375508,7.5992634569156e-05,7.59926345691431e-05,7.59926345691571e-05,0.163117714887249,7.59926345703196e-05,7.59926345691542e-05,0.188964117031803,7.59926346021171e-05,7.59926345691541e-05,0.0795687397795206,0.0592880187714827
"mix_0048_depth100",0.000108560906527046,0.000108560906504722,0.325484021602742,0.209873627911237,0.000108560906527353,0.00109998491364752,0.0677178446558826,0.000993026965320018,0.000108560906527364,0.000108560906527364,0.210053702700276,0.000108560904634541,0.0417579814121782,0.00489173492936352,0.0750084728930744
"mix_0048_depth25",0.00042400019363194,0.00159341796212662,0.300845168013167,0.206838852120178,0.0171748029174852,0.000108560906527363,0.0843362895054344,0.00760359814340185,0.0018822534011081,0.00501700432384844,0.207708054869317,0.000108560906592472,0.0406101274385356,0.0137433440534842,0.060528508782119
"mix_0049_depth100",7.59926345629841e-05,7.59926345651459e-05,0.0029466337252344,0.0385445739074715,0.459727085048752,0.0126843172952063,0.00949596105048663,0.00250350612868278,7.59926345855834e-05,0.00570588188238483,0.216939715456123,7.59926296731366e-05,0.0234460327830644,0.0478925250722389,0.0658011236471121
"mix_0049_depth25",0.000108560906526604,0.000108560906523655,0.0812582130808971,0.0567710917852305,0.34715849569823,0.000108560906527363,0.000108560906527363,0.00438361980526017,0.0116581375922639,0.00248323895833865,0.223050351778654,0.000108560909742906,0.0348751275983082,0.0896986100906164,0.0573531579508913
"mix_0050_depth100",0.00447026471730069,7.5992634643284e-05,0.209544934370978,0.157592596246804,0.170186798945589,7.5992634569154e-05,0.0212560287479382,0.00128809391509556,0.015378274413298,7.59926345690478e-05,0.212846972611948,7.59926368239677e-05,0.0320665607129435,7.59926345691543e-05,0.0828195030437123
"mix_0050_depth25",0.0188371111032286,7.59926346271938e-05,0.254553704302995,0.148978149987736,0.127462797826737,0.000321429140933505,0.0127586627368947,7.5992634569154e-05,0.00813339067917856,7.59926345691542e-05,0.228083182874556,7.59926376617928e-05,0.0340818509530249,0.000100387493293508,0.0811605857716969
"mix_0051_depth100",0.0279211378748356,5.31948442140266e-05,0.0472316041670835,0.0717452362663244,0.525648750312732,0.00411168947213361,5.31948441984086e-05,0.00419602689200056,5.31948441973179e-05,5.31948442048682e-05,0.181806251827318,5.31948439682212e-05,0.0353755336089127,0.0160142162854366,0.0356051714994889
"mix_0051_depth25",0.0227157743296717,0.0012477516479049,9.23956799616422e-05,0.0709097885250425,0.504060089211677,0.0202179266407142,7.59926345691534e-05,0.00851659032988621,7.59926345663268e-05,7.59926345722826e-05,0.232188293561362,7.59926345441763e-05,0.0373282407401449,9.1993993672959e-05,0.0501658611382454
"mix_0052_depth100",0.00158627926203227,0.000108560906230754,0.100081756560689,0.1252247123983,0.195280699068987,0.000108560906527363,0.000108560906527363,0.000164778437282648,0.00707158170283242,0.00608991790144054,0.290132158063687,0.000227170107664114,0.0339258732080869,0.0481111588879316,0.0710044079333214
"mix_0052_depth25",0.000108560906531239,0.000108560906482539,0.117401987306351,0.144339935291039,0.19021126310777,0.000108560906527365,0.000108560906527363,0.00557132262795865,0.00958470839695885,0.0247422565530338,0.281480085460904,0.000108560903295734,0.048478074589353,0.0229156639902315,0.0274353953496266
"mix_0053_depth100",0.0266253824117631,7.59926345290256e-05,0.268175076782145,0.1869578829752,0.0528716958063749,7.59926345691508e-05,7.59926345691552e-05,7.59926345279904e-05,7.59926345691544e-05,7.59926345682542e-05,0.182488277224035,0.000525732963569807,0.0051491733193747,0.0186375576031754,0.115017356970227
"mix_0053_depth25",0.0218861904482245,7.59926345669994e-05,0.217290072186175,0.141490890811663,0.143405081778471,7.59926345691547e-05,7.59926345691542e-05,7.59926345691543e-05,7.59926345691643e-05,7.59926345691553e-05,0.195197887678187,0.000637840974279378,7.59926345691546e-05,0.0195071553967124,0.11935122191067
"mix_0054_depth100",7.59926345684445e-05,0.00878600811397741,0.402679500807802,0.145817392751566,7.59926345691589e-05,7.5992634569154e-05,7.59926345691543e-05,0.0237856382578909,0.0367036421105638,0.00511277744784585,0.242345658151105,7.59926336697931e-05,0.00208655565459443,0.0367478072395623,0.0357041449496842
"mix_0054_depth25",7.59926345691558e-05,0.00684743692756112,0.453148061648239,0.139425411990689,7.59926345691558e-05,7.59926345691548e-05,7.59926345691542e-05,0.0230159940469943,0.05521890972177,0.00488629395208647,0.210119367782476,7.59926347104299e-05,0.00165337209057669,0.038212059159682,0.0279184219581392
"mix_0055_depth100",0.000108560906513324,0.000108560906473889,0.251049150172711,0.131127045985772,0.000108560906527381,0.00010856090652737,0.000108560906527364,0.000108560906527363,0.00124238816299131,0.0100046269381072,0.26882723073889,0.000108560905529837,0.0355140194562017,0.0709508989899006,0.102360704675508
"mix_0055_depth25",7.59926345691497e-05,7.59926345703482e-05,0.255091950708718,0.135805686108591,7.59926345691684e-05,7.59926345691613e-05,0.00408389783622362,0.0182785978589533,7.59926345691545e-05,0.0101743852753946,0.267754643006242,7.59926359538043e-05,0.0454801415934759,0.0345946334341895,0.10231326867571
"mix_0056_depth100",7.59926345717243e-05,7.59926344932263e-05,0.32237077205283,0.235968719655641,0.0182865281456333,7.59926345691546e-05,7.59926345747702e-05,0.00518267502132272,0.00499931627728608,0.00788100457471772,0.216139515549287,8.49507043218808e-05,0.0103696160155907,0.0531196239467315,0.0241396809411878
"mix_0056_depth25",7.59926345693593e-05,7.59926346022957e-05,0.310206856198939,0.189098732928616,0.042956667427949,0.00491736133997302,7.59926345691524e-05,0.00570590458736193,7.59926345691543e-05,0.00913532903569217,0.2597520900125,0.000510370025619908,0.0115948788636823,0.0591037453854459,0.0209555190881557
"mix_0057_depth100",7.59926345691508e-05,7.59926345291369e-05,0.296213012754293,0.175207869242697,7.59926345691513e-05,7.59926345691544e-05,7.59926345691536e-05,0.00036672412832557,7.59926345691557e-05,0.0392842110110717,0.233554586459013,7.59926258803279e-05,0.0632780686023576,0.0345978437220497,0.104330889149293
"mix_0057_depth25",7.59926345691457e-05,7.59926345036961e-05,0.299782202070546,0.169815663626005,7.59926345691376e-05,7.59926345691523e-05,7.5992634569154e-05,0.00342699165458946,7.59926345691579e-05,0.0402377509028307,0.254400668829427,7.59926329037964e-05,0.0572213045175506,0.0821785361551149,0.0804169031770097
"mix_0058_depth100",0.0108178090045901,7.59926343265994e-05,7.59926345691542e-05,0.143935678424343,0.398615976796924,0.00433344075431424,7.59926345770399e-05,0.00357977521460586,0.00261108075575841,0.0101308514337302,0.256003751725952,7.59926390610075e-05,0.00556752625055601,7.59926345691547e-05,0.075107478618126
"mix_0058_depth25",0.014207566590333,7.59926345068109e-05,7.59926345691559e-05,0.125415826015859,0.377151210185652,0.0272914054957423,7.59926345691545e-05,0.0011861179810322,0.0187870456334789,0.0165023751558051,0.28615492670463,7.59926374522242e-05,0.00744707083374352,0.0358330705541476,0.0212576751192906
"mix_0059_depth100",5.31948441984078e-05,5.31948441735914e-05,0.463089343030225,0.129918885967579,5.97845177580505e-05,5.3194844198408e-05,5.31948441984071e-05,5.31948442765665e-05,0.037761067931167,0.0158960928404572,0.170822958140992,5.31948444149426e-05,0.0265810923245338,0.0812576308339827,0.0577695485691604
"mix_0059_depth25",7.59926345689104e-05,7.59926345541833e-05,0.396009893785546,0.0811095125667,0.0381860649666886,0.0266520795329393,7.59926345691534e-05,7.59926345714617e-05,0.0366659020972149,0.00218835234436061,0.193305417083259,7.5992632356267e-05,0.00949532991154354,0.0246303946161776,0.119538790188265
"mix_0060_depth100",5.319484419841e-05,5.31948443228551e-05,0.233088799601716,0.168017221287504,0.173994885506207,0.0152507744610698,5.31948441984082e-05,0.00366569715000323,0.0135179377164258,5.31948441984073e-05,0.171402106348766,5.31948441239979e-05,0.00361891328931835,0.018818400398861,0.111333420215629
"mix_0060_depth25",7.59926345691544e-05,7.59926345486504e-05,0.242288862296845,0.161523035291399,0.146411622403683,0.0275622120948251,7.59926345691543e-05,0.00642470701390659,0.0163301445011416,7.59926345691519e-05,0.215920593797223,7.59926357648192e-05,0.00549041264358489,7.59926345691507e-05,0.0983703501083151
"mix_0061_depth100",0.00497662534152221,5.31948442246464e-05,0.268837802937742,0.0465716312959996,0.0523413779144942,0.03130975445435,0.0119144461930505,5.31948441890801e-05,0.00638664294451387,5.31948442019139e-05,0.233032142933466,5.31948553047364e-05,0.0739645505891642,0.219221789566669,0.0349107041144884
"mix_0061_depth25",0.00248484028867674,7.59926345568533e-05,0.258743931526913,0.042553382042885,0.0632964550397967,0.0382608610206798,0.0124150257885445,0.00742482062573535,7.59926345691556e-05,7.59926345691543e-05,0.22501024687174,7.59926315312693e-05,0.0684181847196968,0.162168892027353,0.0577756717299996
"mix_0062_depth100",0.000108560906527363,0.000108560906481099,0.239945142982477,0.159583438241849,0.000108560906527363,0.000108560906527367,0.000108560906527367,0.000108560906503471,0.0580673591322628,0.000108560906527363,0.173600021770497,0.000108560909475327,0.00875861655324398,0.061966647220639,0.107176264165628
"mix_0062_depth25",0.00010856090652736,0.000108560906518411,0.238038103915939,0.219017701597836,0.000108560906527347,0.000108560906527365,0.000108560906527358,0.00010856090645566,0.0639386731545438,0.00769739867924341,0.15495947040484,0.000108560903696597,0.0088094444694337,0.000108560906527357,0.137751954455349
"mix_0063_depth100",5.31948441939974e-05,0.10794064817261,0.339898067040031,0.258822371648486,9.29913284133214e-05,0.0058453737593743,5.31948441984081e-05,5.31948454087115e-05,5.31948441723636e-05,5.31948498495243e-05,0.150688955966827,5.3194835158759e-05,5.31948441984075e-05,0.0341093970176572,5.31948441785505e-05
"mix_0063_depth25",5.31948441984068e-05,0.11447904848157,0.286368534220181,0.23434782260168,0.0461687270722774,0.0119664935382022,5.31948441984077e-05,5.31948445942494e-05,5.3194844193553e-05,5.31948442028223e-05,0.169747944965174,5.31948314533169e-05,5.31948441984058e-05,0.0248281402838271,5.31948442821362e-05
"mix_0064_depth100",0.0012907801475318,0.0573660959227692,0.29625004816214,0.217310568849575,0.00676767299988143,5.31948441984077e-05,5.31948441984079e-05,5.31948442605293e-05,5.31948442558903e-05,5.319484391258e-05,0.20911136632904,5.31948442763597e-05,0.0192474664409131,0.062214214542166,5.31948442096507e-05
"mix_0064_depth25",5.31948441984041e-05,0.0595352209171545,0.267555674492786,0.220132231280324,0.0327101375076881,5.3194844198408e-05,5.31948441984081e-05,5.31948442112025e-05,5.31948441957519e-05,5.31948441628224e-05,0.19432821720687,5.31948441622684e-05,0.0223516147372771,0.0693198052367613,5.31948442067536e-05
"mix_0065_depth100",3.72363909390893e-05,0.0581744621405304,0.360911928347373,0.221885891607798,3.73644503848067e-05,0.00125567516719414,3.72363909388868e-05,3.75038571139863e-05,3.72363908993182e-05,3.72363904124115e-05,0.239987011359445,3.72363848242371e-05,0.0182419570044245,0.022557021019241,3.72363909264208e-05
"mix_0065_depth25",5.31948441975269e-05,0.0660631822819824,0.359032019646852,0.209999441150159,0.00762200404120502,0.00496148074963384,5.31948441984082e-05,0.001306590104961,5.31948442168045e-05,5.31948438314133e-05,0.240184745768594,5.31948442048096e-05,0.00736275941975935,0.0245754589113452,5.3194844195969e-05
"mix_0066_depth100",5.31948441984079e-05,0.107163495625386,0.29607692626319,0.203302151203917,0.0411713464906906,0.00559404387318962,5.31948441984076e-05,0.102196488458759,5.31948437213499e-05,5.31948447064198e-05,0.175573182518671,5.31948413376159e-05,5.31948441984085e-05,5.31948441983987e-05,5.31948446762963e-05
"mix_0066_depth25",5.31948441984154e-05,0.0999060330416691,0.320598241475547,0.166970247145549,0.0638782817245301,0.0171384379263071,5.31948441984075e-05,0.0902140278405432,5.31948442168739e-05,5.31948436260688e-05,0.185839246690544,5.31948420248157e-05,5.31948441984065e-05,0.00191269666867235,5.31948441983986e-05
"mix_0067_depth100",7.59926345894661e-05,0.16360696072793,0.102821680226518,0.145949047575381,0.208045830230326,0.000138184454453359,7.59926345691537e-05,0.0636592091715426,7.5992634693201e-05,7.59926345095349e-05,0.203540152067718,7.59926317776627e-05,0.00663929293432174,7.59926345691519e-05,7.5992634509878e-05
"mix_0067_depth25",7.59926345691491e-05,0.16352272575846,0.0794610664233833,0.100973597604298,0.249866790037174,0.00721571923776413,7.59926345691568e-05,0.0569427831778237,7.599263463743e-05,7.82083102200053e-05,0.233783439604532,7.59926442683637e-05,0.00287395659815609,7.59926345691546e-05,7.5992634569153e-05
"mix_0068_depth100",7.59926345691653e-05,0.0857363205955764,0.327100475844863,0.203043697766265,7.59926345691544e-05,7.59926345691544e-05,7.5992634569143e-05,0.143159625310346,0.00039889523842393,7.5992634515323e-05,0.132362635544163,7.59926350056547e-05,7.59926345691569e-05,7.59926345691636e-05,7.59926344915203e-05
"mix_0068_depth25",7.59926345691552e-05,0.0949149599796621,0.319890190697572,0.219818004365276,7.5992634569153e-05,7.59926345691549e-05,7.59926345691427e-05,0.145590870793952,7.59926345607475e-05,7.59926347095202e-05,0.130230278021654,7.5992634572098e-05,7.59926345691575e-05,7.59926345691557e-05,7.59926346712349e-05
"mix_0069_depth100",5.31948441983395e-05,0.0542385267140144,0.37963236783327,0.233739533653807,0.000645255185254772,0.00480067406523339,0.0501998958804892,5.31948440704183e-05,5.31948442644368e-05,5.3194845117953e-05,0.204742450138906,5.31948433749489e-05,0.00246969926951297,5.31948441984082e-05,5.31948440988697e-05
"mix_0069_depth25",5.31948441959358e-05,0.0411845732844071,0.385776185690838,0.217229220760568,0.0227697745258303,0.00304551065587377,0.0493269174349559,5.31948438735245e-05,5.31948441940798e-05,5.31948454716171e-05,0.230922335876811,5.31948505808017e-05,5.31948441984078e-05,5.31948441984079e-05,5.31948441925431e-05
"mix_0070_depth100",5.31948441991878e-05,0.100553431587385,0.321948062020484,0.217375542026996,0.0544698865979508,0.00181378901957683,0.0579222701113747,5.31948442125003e-05,5.31948443515042e-05,5.31948439578919e-05,0.13436422738387,5.3194842598051e-05,5.31948441984087e-05,5.31948441976873e-05,5.31948440557411e-05
"mix_0070_depth25",5.31948442007064e-05,0.100060591002329,0.340974238669423,0.210695465975218,0.086977864532622,0.00267423391023482,0.0307307071814924,5.31948442037832e-05,5.31948441847225e-05,5.31948442075336e-05,0.136791053338209,5.31948478466132e-05,5.31948441984078e-05,5.31948441984056e-05,5.31948442970901e-05
"mix_0071_depth100",5.31948441896137e-05,5.31948441676255e-05,0.415968766297568,0.249573651660965,5.31948441984063e-05,0.00465640412355487,0.0578044727766121,5.3194844203641e-05,5.31948460541042e-05,5.31948459783788e-05,0.222504106723639,5.31948492262728e-05,0.00555857168868075,5.31948441984139e-05,5.31948435841507e-05
"mix_0071_depth25",7.5992634569155e-05,0.00129469642540508,0.39780126634636,0.230974200948187,0.000102144411637648,0.00654304025735509,0.0524182158221274,0.00594616665543401,7.59926348032643e-05,7.59926327039492e-05,0.231391368728862,7.59926345961572e-05,0.0151268181075291,7.5992634569153e-05,7.59926345672158e-05
"mix_0072_depth100",0.00650643630742369,0.0765022580035771,0.370324441713007,0.225557707890833,0.0107188385487732,0.00379938887788238,5.31948442001798e-05,5.31948441964254e-05,5.3194844186614e-05,5.31948444967089e-05,0.211912230919516,0.000397649921793625,5.31948441984098e-05,5.31948442100022e-05,5.31948441267054e-05
"mix_0072_depth25",0.00367095227340554,0.0812630907563902,0.364708751044215,0.199430531275413,0.0213227108175001,0.00274731906330436,0.000381842911049883,0.00271821776014368,7.59926345934881e-05,7.59926347863846e-05,0.229369256048802,0.000365106362177425,7.59926345691543e-05,7.59926345691526e-05,7.59926345368587e-05
"mix_0073_depth100",0.0175756132066942,5.31948441532002e-05,0.402444716927916,0.217593723895897,0.0156631989091864,5.3194844198408e-05,5.3194844198408e-05,5.31948442237155e-05,5.31948441514035e-05,5.31948444655827e-05,0.205844056199563,5.31948425074052e-05,0.02065427344987,5.31948441997925e-05,5.31948442072379e-05
"mix_0073_depth25",0.00671773516104691,0.000314775602831356,0.454044852357353,0.158134523381227,0.0391233395020629,0.00143674341473679,5.3194844198408e-05,0.00180734407390152,5.31948443075307e-05,5.31948444108562e-05,0.225851239456114,5.31948455232192e-05,0.0111914089393645,5.3194844198408e-05,5.31948441988419e-05
"mix_0074_depth100",0.0213450577844922,0.0829141615542522,0.367282514136717,0.240787404783801,5.40820053411643e-05,0.0043047342237066,5.31948441984074e-05,5.31948440261604e-05,5.31948441865166e-05,5.3194844439431e-05,0.230724229770196,5.31948440575141e-05,5.31948441984082e-05,5.31948441984083e-05,5.31948441875011e-05
"mix_0074_depth25",0.0087853028673589,0.0744538341128898,0.352886066288411,0.224238632673718,0.0189067907295243,7.59926345691543e-05,7.59926345691559e-05,0.0034361198496934,7.59926346122623e-05,7.599263434604e-05,0.248530874849775,8.81334114527301e-05,7.76396734985408e-05,0.00685058188454726,7.59926345697457e-05
"mix_0075_depth100",0.000108560906408193,0.15775101740541,0.282643125121055,0.198977083315646,0.000108560906527363,0.00402496504052189,0.000108560906527363,0.000108560906647248,0.0146870593074308,0.000108560906546271,0.182147804397945,0.000431876844430143,0.0304951599292694,0.0023089765240381,0.000108560906455853
"mix_0075_depth25",7.59926345691537e-05,0.164418240994031,0.33455672106987,0.1735380446637,7.59926345691552e-05,0.00424438183386404,7.59926345691534e-05,0.00216933310075613,0.016236592012317,0.000483056553842882,0.180083865981969,7.59926345796475e-05,0.0258497144649973,0.000837407071393912,7.59926345688118e-05
"mix_0076_depth100",0.00543065102005233,0.0872257027609503,0.188106158620211,0.151622744458252,0.247823538358037,0.0014196038693368,5.31948441984087e-05,5.31948442034495e-05,0.0146087833116806,5.31948442055962e-05,0.238278820359427,5.31948478369309e-05,5.31948441984081e-05,5.31948441984065e-05,0.00640878684913755
"mix_0076_depth25",0.00603386630194046,0.0902689512897911,0.208930831771594,0.111443122626172,0.259502544403276,0.000464544910554245,7.59926345691549e-05,0.0029424248807889,0.011414606166819,0.00201106737427316,0.260826999158744,7.59926345101721e-05,7.59926345691542e-05,7.59926345691539e-05,0.00371139386728299
"mix_0077_depth100",7.59926345722613e-05,0.0401483087875261,0.0935622569049399,0.110372819040944,0.437548291398673,7.59926345691543e-05,7.59926345512992e-05,7.5992634495021e-05,0.00233901882253929,0.00128439428812609,0.259151526175592,9.40951663601464e-05,0.00189777869667263,7.59926345724487e-05,0.0115473872249368
"mix_0077_depth25",0.00416901282193257,0.041839826725589,0.117222284530379,0.0968721920548668,0.396100101434945,0.00163189384574284,7.59926345691552e-05,7.59926345740022e-05,7.59926345650782e-05,0.0100506949665408,0.246575699321991,7.59926346869027e-05,0.0052835903777224,0.00965060674121184,7.59926345657088e-05
"mix_0078_depth100",5.31948442105449e-05,0.0944041948968143,0.382270333963673,0.244487307309069,6.62230571098397e-05,0.0035321637231148,5.31948441984076e-05,5.31948442464692e-05,5.31948442262818e-05,0.0164669966050288,0.24127378221467,5.31948441627431e-05,5.31948441984068e-05,5.31948441984058e-05,5.31948441361677e-05
"mix_0078_depth25",7.59926345846308e-05,0.0809426380649513,0.392552057127621,0.212502872618,7.96280064125069e-05,0.00168250455371156,7.59926345691546e-05,7.59926345183354e-05,7.59926345718623e-05,0.0227731825814042,0.245507797037185,7.5992634463732e-05,7.59926345691539e-05,7.59926345691559e-05,7.59926345648983e-05
"mix_0079_depth100",7.599263455691e-05,0.04317314136222,0.340951211166059,0.298265625089684,0.0067068660496157,7.59926345691544e-05,7.59926345719602e-05,7.59926348038779e-05,0.0195618442816822,0.0155928966127858,0.201949184080445,7.59926343481723e-05,7.59926345691547e-05,7.59926345691587e-05,7.59926345672405e-05
"mix_0079_depth25",7.59926345737903e-05,0.0504248876906756,0.34810275970728,0.264941469989015,0.0125155250396617,7.59926345691553e-05,7.59926345691507e-05,7.59926345691543e-05,0.0113447183568383,0.022490375830072,0.232719519352604,7.59926345345643e-05,7.5992634569154e-05,7.59926345691481e-05,7.59926345691463e-05
"mix_0080_depth100",7.59926345749007e-05,0.0433010370039352,0.345750042304963,0.255370227882282,0.0108925971155402,0.00568085181239399,7.59926345689284e-05,7.59926346226485e-05,7.5992634561244e-05,0.0343879727921933,0.207064430003827,7.59926295240012e-05,0.0202333165630326,0.0021812392637501,0.00852049795826926
"mix_0080_depth25",7.59926345696044e-05,0.0449537631231722,0.327721848742208,0.24962382731847,0.000154295209827329,0.00287829300601497,7.59926345691558e-05,7.59926345691542e-05,7.5992634568395e-05,0.0242622348156957,0.245988410153401,7.59926344264747e-05,0.0120663192688668,0.0309530435157269,7.59926345689181e-05
"mix_0081_depth100",0.00370770542971807,0.164642926870641,0.287783652263506,0.100016439945247,0.0859785435195591,0.010391582784309,0.00417376239046954,2.60654736627532e-05,2.60654737047565e-05,8.9489904492861e-05,0.245644565052295,2.6065472594e-05,2.60654736572141e-05,0.107033702222721,2.60654736578447e-05
"mix_0081_depth25",0.0128469082513361,0.17983188018605,0.294813940489775,0.076647414593304,0.105451379318153,0.00228307378416555,0.00670297976224893,7.59926345691545e-05,7.59926345691547e-05,0.000696017416912884,0.225567716640924,7.59926351336117e-05,7.59926345691523e-05,0.0936875958185347,0.00153156183831193
"mix_0082_depth100",3.72363909388855e-05,0.0557556547947903,0.253879446932902,0.12344902578018,0.0711339374118671,0.0494267583990909,3.72363909388874e-05,0.00257867348594416,0.0134905919485902,3.7236390665295e-05,0.183302754851405,3.72363911299326e-05,0.0682142206311442,0.0453941434903448,3.78068536725531e-05
"mix_0082_depth25",0.00116553427764852,0.069849083446271,0.266165151542411,0.12274917855623,0.0710761353213294,0.0395286036639581,5.31948441984097e-05,0.00125906160715295,0.0213503848830511,5.31948441821049e-05,0.160887786605461,5.31948441999796e-05,0.0569056145833633,0.0253180323768389,5.31948441984101e-05
"mix_0083_depth100",5.3194844179619e-05,0.116324496633635,0.367251901214931,0.180830905575046,0.0073134029531036,5.31948441947353e-05,5.31948441984079e-05,5.31948442338325e-05,5.31948442027204e-05,5.31948442449975e-05,0.222517603610898,5.31948442020596e-05,5.31948441984092e-05,0.0252513348078947,5.31948442071999e-05
"mix_0083_depth25",7.59926345647363e-05,0.105546840405254,0.354298961959269,0.19319736209728,7.59926345691684e-05,0.00134857695602155,7.59926345691542e-05,0.00449681199489319,7.59926345672328e-05,7.5992634487751e-05,0.242142804508097,7.59926345303301e-05,7.59926345691563e-05,0.021926499608019,7.59926345163952e-05
"mix_0084_depth100",7.59926345725475e-05,0.207920094826859,0.308807497312076,0.138455159385834,0.0463118109347008,7.59926345691544e-05,7.59926345691544e-05,7.59926345452083e-05,0.00824115817991268,7.59926345956022e-05,0.181332675903924,7.59926356731506e-05,7.59926345691511e-05,0.0584455987438952,0.000257413233372059
"mix_0084_depth25",7.59926345649378e-05,0.237011014122242,0.28160411124559,0.117488357728,0.0657317300121047,0.0176380922164853,7.5992634569154e-05,0.000425859277557911,0.00687422293061984,7.59926345505731e-05,0.170105519011688,0.000125913594478986,7.59926345691554e-05,0.0629831078689675,7.59926345735134e-05
"mix_0085_depth100",7.59926345856693e-05,0.0367143193632872,0.338400521565274,0.199979291400507,0.000101058629731714,0.000888858320721087,7.59926345691534e-05,7.59926345844323e-05,7.5992634572187e-05,0.00845126667309335,0.204399067786623,7.59926345040268e-05,0.0237878310465468,0.0661487499371876,0.0172213028808584
"mix_0085_depth25",0.00043187829198635,0.0440326148285807,0.314079289186255,0.236702504329629,7.59926345691483e-05,7.59926345691544e-05,0.000830275108396745,0.00429517166125262,0.0102958209064986,0.0339577185923998,0.219748816232564,7.59926344859237e-05,0.00785438130801398,0.0280375049867418,7.59926345691542e-05
"mix_0086_depth100",7.59926345786302e-05,0.00966307377378043,0.390854318973082,0.209742739764122,0.00682748299179707,7.99555504256957e-05,7.59926345691417e-05,7.5992634507585e-05,7.59926345522587e-05,7.59926345765127e-05,0.204408294182089,7.59926349962669e-05,0.0611230710259819,0.0214367370276601,0.0221345336256788
"mix_0086_depth25",7.59926345709864e-05,0.00521940566547776,0.39227084795847,0.225011892751488,0.00602641094026283,7.59926345691542e-05,7.59926345691478e-05,7.5992634490562e-05,7.59926345704104e-05,0.00180060899482611,0.201687620322468,7.599263451321e-05,0.0624911162166931,0.0395398087357352,0.0144167091987325
"mix_0087_depth100",5.31948441982328e-05,0.294905164499792,0.198586013987391,0.126760614381475,0.00955418780300314,0.0105358506617368,5.31948441984085e-05,0.032322107939338,5.31948442090028e-05,0.00329388020794831,0.269613356695377,5.3194848980486e-05,0.00110196500522328,5.31948441984078e-05,0.0168169456231953
"mix_0087_depth25",5.31948441984081e-05,0.281454033489164,0.213335577999875,0.120185113401955,6.01367514874965e-05,0.00272795020941408,5.3194844198408e-05,0.0344394032261411,5.31948442032984e-05,0.000206125253694419,0.264649328455367,5.31948390536774e-05,0.00413042301736716,5.31948441984083e-05,0.0371945943508586
"mix_0088_depth100",0.000108560906526212,0.102058872238554,0.282326875357593,0.167766486829342,0.000159881119809707,0.0117926103466207,0.000108560906527364,0.0516353330932101,0.000108560906571179,0.000108560906573774,0.238478286364853,0.000108560902400514,0.0176299102357563,0.0185853797454322,0.00301992076264718
"mix_0088_depth25",7.5992634569161e-05,0.109151932003784,0.264783253732685,0.20408516954862,0.000227415739164635,0.00526614972388872,7.59926345691563e-05,0.0573307035010639,7.59926345747039e-05,7.59926345608485e-05,0.241072012346214,7.59926350153757e-05,0.013237304496164,0.0229272827006189,7.59926345710088e-05
"mix_0089_depth100",7.59926345691541e-05,0.098580495503981,0.286071426028694,0.19613465630057,7.59926345691462e-05,0.0133563628938789,7.59926345691563e-05,0.0905958324022856,0.00252513037714138,7.59926345200011e-05,0.191636409258618,7.59926343851331e-05,0.0211202876197534,7.5992634569154e-05,0.0171382708454771
"mix_0089_depth25",0.000108560906527362,0.0981166066168451,0.274415087485818,0.160208766594781,0.0381662842508484,0.000108560906527364,0.000108560906527363,0.087662733291531,0.00161357600613345,0.000108560906544635,0.227657781632139,0.000108560906357343,0.032816978053879,0.000108560906527362,0.0128338897800716
"mix_0090_depth100",0.00143304594303688,0.131812987379951,0.335267472611876,0.130618248595528,5.31948441984078e-05,0.00210448810894275,5.31948441984076e-05,5.31948442593819e-05,5.3194844202591e-05,5.31948441742377e-05,0.271327286274443,5.31948443770945e-05,0.0785161053331612,0.0450367436345895,0.0103280331674475
"mix_0090_depth25",5.31948441996296e-05,0.13995449502007,0.308356084019199,0.105109394129139,0.00183994276398084,5.31948441984102e-05,5.31948441984079e-05,5.31948441984081e-05,5.31948441984068e-05,5.31948441801118e-05,0.254429497198079,5.31948444695254e-05,0.0972271466319478,0.0766251430225842,5.31948441984102e-05
"mix_0091_depth100",7.59926345968126e-05,0.233812906064718,0.278443852073588,0.155261791690722,7.59926345691587e-05,7.59926345691541e-05,0.0772454823203866,7.59926345786581e-05,0.0022926037018212,0.00185541752212009,0.154130527421974,7.5992634924279e-05,0.000134403497169892,0.00429328690312613,0.0257820224771616
"mix_0091_depth25",7.59926345691779e-05,0.216464111588482,0.308347937044147,0.112305615389027,7.59926345691649e-05,7.59926345691542e-05,0.0934789474785768,0.000153301518441559,7.59926345693532e-05,7.59926345748349e-05,0.135901974120571,7.59926327202915e-05,9.90809628320744e-05,0.0366856860768229,0.0201531866537036
"mix_0092_depth100",7.59926345315333e-05,0.0851896532452514,0.393694185409322,0.19674760906801,8.56518602680295e-05,7.59926345691547e-05,0.00792360609134641,0.000208594764523335,0.00769453423433968,7.59926346349381e-05,0.194691556735292,7.59926368569975e-05,7.59926345691528e-05,0.0406637980806914,7.599263457432e-05
"mix_0092_depth25",5.31948441945432e-05,0.0854801560592642,0.425238497924373,0.182137974163082,0.000152398024269824,5.31948441984085e-05,5.3194844198408e-05,0.00704866316823292,0.0174870104020527,5.31948441979761e-05,0.2121975150478,5.31948428615468e-05,5.31948441984089e-05,0.0110378107273531,5.31948441362264e-05
"mix_0093_depth100",0.0480150557277499,0.0803939901101978,0.294676023442059,0.256117548205925,0.00895321004386042,0.00527910897873747,3.72363909388854e-05,0.00159338920612402,3.72363909401231e-05,6.82120074778294e-05,0.184455762597027,3.72363909738643e-05,0.0240873084351258,0.0285711193898772,3.72363909413945e-05
"mix_0093_depth25",0.0476477552216843,0.0836360524936448,0.265018112893592,0.261845704631305,0.000249286488670763,0.00844906177469082,7.59926345691542e-05,0.00305478533031327,7.59926345692133e-05,7.59926345401054e-05,0.223507379340385,0.000559071097818228,0.0321125638664802,0.00366170394814493,7.59926345750957e-05
"mix_0094_depth100",0.00827358963606208,0.0748049499466855,0.357404837833495,0.140154767937644,7.59926345691541e-05,7.59926345691561e-05,0.00392794695520323,7.5992634610783e-05,7.59926345448893e-05,0.000611803499168869,0.264262474938061,7.59926346279242e-05,7.5992634569155e-05,0.0452008060585108,0.0047629910389183
"mix_0094_depth25",0.023523362701322,0.0551109040778917,0.367886098498789,0.128749090000505,0.0239912354147967,7.59926345691563e-05,0.00505625060982849,7.59926345738621e-05,7.59926345650079e-05,0.00198735935888509,0.254886962999016,7.7102917584432e-05,0.0114592968983548,0.0610022034002099,0.00103331647107046
"mix_0095_depth100",0.0113722816925638,0.17202622028493,0.269233805031905,0.177229947920013,8.9572426200975e-05,0.0062036401524673,7.59926345691541e-05,0.000526373775278864,7.59926345906279e-05,7.59926346418936e-05,0.281993011919223,7.59926345998313e-05,0.014208596829101,0.00983946297379786,0.00651345240824824
"mix_0095_depth25",0.0146610884365736,0.184649509401471,0.2315905104161,0.144727769562906,0.0338763528422131,7.59926345691539e-05,7.59926345691542e-05,7.59926345691545e-05,7.59926345651751e-05,7.59926337373605e-05,0.328202388307874,7.59926356722696e-05,0.00744239920971609,0.0190620322723697,7.59926345691698e-05
"mix_0096_depth100",7.59926345710327e-05,0.0249117337095439,0.110914847947022,0.0839596318132704,0.420067378568332,0.0128126473777779,7.59926345691543e-05,7.5992634454335e-05,0.0248478721967355,7.59926346528124e-05,0.186631636481668,7.59926327967488e-05,7.59926345691595e-05,0.0223600880533033,7.59926345780744e-05
"mix_0096_depth25",0.00348380323987177,0.0200952138444935,0.106358594271572,0.0698152998322573,0.469954665684058,0.00492822796109773,7.59926345691543e-05,7.59926345692345e-05,0.010470308486275,0.000317680599520647,0.169634693361604,7.59926346842269e-05,7.59926345691546e-05,0.0315568713337339,0.0103312576745656
"mix_0097_depth100",7.59926345691536e-05,0.055242982947264,0.247236498582198,0.192773769210502,0.0433371312709792,7.59926345691549e-05,7.59926345691543e-05,7.59926345850017e-05,0.0206374927019357,7.5992634566952e-05,0.28552902073501,0.000155244437064329,0.0100569811635715,0.035327624930092,0.0359513739821005
"mix_0097_depth25",7.59926345669278e-05,0.0526328823822624,0.278354879862819,0.179857535506221,0.0100818659683788,0.00486815516641025,7.59926345691544e-05,0.00578904082779487,0.0148999837773969,7.59926345691554e-05,0.289014390625532,0.000943349851954382,0.0403489932271632,7.59926345691557e-05,0.0481546151699277
"mix_0098_depth100",7.59926345601019e-05,0.239180260756806,0.315658442545196,0.198765655217118,8.14905068252055e-05,7.59926345691543e-05,7.59926345691543e-05,0.00447803613360408,0.0222077574599819,7.5992634567727e-05,0.181981767052372,7.59926357117131e-05,7.59926345691539e-05,7.59926345691529e-05,0.016387314442129
"mix_0098_depth25",5.31948441991843e-05,0.278263202806066,0.280977951261404,0.209231174927327,0.000209288456871939,0.000177950718104259,5.31948441984083e-05,0.00492074203794356,0.0213154345714419,5.31948442054972e-05,0.199499733220934,5.319484978782e-05,6.91489558182003e-05,5.31948441984057e-05,0.0128883905049656
"mix_0099_depth100",0.000108560906528025,0.139785963383951,0.298967758298717,0.199749122440494,0.000108560906527363,0.00305134223282865,0.000108560906527364,0.00928083195946888,0.00279750910146432,0.0317905552947643,0.181907458783201,0.000449971762404568,0.000108560906527363,0.000108560906527361,0.0209856954835752
"mix_0099_depth25",0.000108560906527364,0.153035623195667,0.320027445273417,0.201026480864561,0.000156852988339001,0.00222096862765093,0.000116233524647477,0.0090328841211715,0.0228116821906018,0.0205108861137095,0.164309427684768,0.000216301622964308,0.000108560906527363,0.000108560906527364,0.0152032752750893
"mix_0100_depth100",7.5992634547816e-05,0.10177416047452,0.410836677248065,0.188129242118624,0.00338603544367932,7.5992634569151e-05,7.5992634569157e-05,7.59926345608608e-05,0.00399746663973174,0.0055513774706562,0.20674191796703,7.59926337595134e-05,0.0109859746777756,7.59926345691758e-05,0.0317386291268929
"mix_0100_depth25",5.31948441832071e-05,0.11861179561008,0.40022301172452,0.161564987093874,7.62748952910391e-05,0.00661220005032792,5.31948441984044e-05,5.31948442002997e-05,0.00342911431651,0.0226427554384777,0.244274407793238,5.31948442081013e-05,5.32872629921379e-05,5.31948441984055e-05,0.0105431653097181
"mix_0101_depth100",7.59926345650784e-05,0.0283042798280769,0.293452649658015,0.363238359626683,0.00391646947648053,0.0107463089388545,7.59926345691548e-05,0.000118211865908707,7.59926345627252e-05,0.00951266159129545,0.18761766785308,7.59926349358322e-05,0.0151189832000318,7.59926345691543e-05,0.0283788287937431
"mix_0101_depth25",7.5992634569152e-05,0.0300664393006556,0.278994286023189,0.288141737012849,0.0572729119828296,7.59926345691555e-05,7.59926345691544e-05,0.002572600718505,7.59926345653472e-05,0.0111110722838759,0.204099839802088,7.59926395589234e-05,0.0176038996225021,0.00650614625380622,0.0173295465209406
"mix_0102_depth100",7.59926345698347e-05,0.10424651933462,0.385378507231808,0.141300125192109,7.59926345691537e-05,7.59926345691567e-05,7.59926345691541e-05,7.59926345651825e-05,0.000874629678222206,7.59926345692255e-05,0.244813993426857,7.59926344965783e-05,0.0209923956878827,0.028559435850695,0.0481700988005073
"mix_0102_depth25",7.59926345691553e-05,0.100588867344505,0.401138061673011,0.0912116845637478,0.0040068305046416,0.00334289604348584,7.59926345691541e-05,0.00929138273818558,7.59926345692173e-05,0.00162739912265036,0.239784777053902,0.000460168657007341,0.0241282813489644,0.0470308670745382,0.0466654069797082
"mix_0103_depth100",7.59926345410421e-05,0.0656288297748607,0.0522577373365835,0.000149117122871123,0.589805501821595,7.59926345691543e-05,7.59926345707232e-05,0.00197020111137524,7.59926345773883e-05,7.59926346010439e-05,0.197336487231085,7.59926348172052e-05,7.59926345691548e-05,0.0553949978219328,0.0108692436017328
"mix_0103_depth25",5.31948441994951e-05,0.0448441824053011,0.0421059244276883,0.000155260905321931,0.606597871808332,0.00718260360468897,5.31948441984072e-05,0.00529603873032664,5.31948441990472e-05,5.31948441829484e-05,0.227448756739694,5.31948441370935e-05,5.31948441984071e-05,0.0530598184011812,0.00703526998940956
"mix_0104_depth100",3.72363909386665e-05,0.117256073754875,0.225264567001527,0.132973695231259,0.116470304008277,0.00987588787810542,3.72363909388852e-05,3.72363909410312e-05,3.72363909494315e-05,0.00947127765456601,0.221670267750152,5.7252495680586e-05,3.72363909388924e-05,0.100042892375428,3.72363909345724e-05
"mix_0104_depth25",7.59926345691919e-05,0.107836876974886,0.218848720235274,0.105585874688038,0.162591138818218,7.59926345691545e-05,7.59926345691542e-05,7.59926345739228e-05,7.59926345696267e-05,0.0101339069450689,0.215577469685175,0.000553605777814742,7.59926345691544e-05,0.119356377970542,7.59926345691467e-05
"mix_0105_depth100",0.000108560906527363,0.145149106007856,0.281252024340843,0.0443299477846142,0.00148399796407816,0.000108560906527366,0.00362517366048171,0.000108560906499054,0.000108560906527201,0.016372994662517,0.0994454240377279,0.000169651207216773,0.0778526315820181,0.219674395161345,0.0333702399335795
"mix_0105_depth25",0.00382870354767649,0.158790541440458,0.274997920955037,0.0386452283506317,0.0334890615464734,0.00798746146909867,0.00374038917460257,3.72363909388856e-05,3.72363909388943e-05,0.015139294674795,0.0786611172247246,3.72363908957851e-05,0.0510988428289063,0.240741428657731,0.0139440973495684
"mix_0106_depth100",7.59926345685202e-05,0.0380873181854039,0.279711258834149,0.158255797749709,0.0445843488569552,7.59926345691526e-05,7.59926345790142e-05,7.59926345982381e-05,7.59926345744847e-05,0.0159340908965444,0.248535699084176,7.59926350820826e-05,7.59926345691542e-05,0.0755461681986024,0.0479911857682145
"mix_0106_depth25",7.59926345474211e-05,0.036450159465194,0.234407723336506,0.156771409109861,0.0707030906676783,7.59926345691544e-05,7.59926345691512e-05,7.59926345543317e-05,7.59926345691465e-05,0.0219024604769638,0.24746732127031,7.59926423532993e-05,7.59926345691543e-05,0.0601629250195985,0.0665737286164989
"mix_0107_depth100",7.59926345633199e-05,0.182477109773262,0.30065047937665,0.117631250707025,0.012895986012729,7.59926345691548e-05,7.59926345691563e-05,7.59926344790413e-05,7.59926345695415e-05,0.011524149036906,0.115249276210066,7.59926345998261e-05,0.0123635620242188,0.0694994679175437,0.0982039210919244
"mix_0107_depth25",7.59926345691544e-05,0.189425565430625,0.3023639760215,0.092828917416132,0.0455312039849883,7.59926345691578e-05,7.59926345691474e-05,0.0028130892478257,7.59926345691543e-05,0.0174255325651862,0.141291355620375,7.59926348745617e-05,0.0111032825616452,0.0149011713719227,0.105189178455475
"mix_0108_depth100",0.0283023821841901,0.0454289141976646,0.238206273182955,0.168155904860101,0.000108560906527363,0.000108560906527363,0.000108560906527366,0.0443612188184953,0.000108560906527364,0.000108560906527363,0.186084688368527,0.000108560906386802,0.131430349613836,0.00624288934462599,0.104460798037798
"mix_0108_depth25",0.0330160687394389,0.0402896089835294,0.227091967065897,0.182874122369396,0.000108560906527354,0.000108560906527363,0.000108560906527362,0.0400385781902303,0.000108560906527363,0.000108560906527364,0.177112211563959,0.000113813042907415,0.143932538877343,0.000108560906527363,0.123282295737699
"mix_0109_depth100",0.000108560906527363,0.0664811368449867,0.241787912679336,0.098044973260067,0.0610509257005676,0.000108560906527363,0.000108560906527363,0.151230456844658,0.000108560906527364,0.0239078671134024,0.19662986712039,0.000108560901849225,0.000446607672977132,0.000108560906527353,0.0922429167162766
"mix_0109_depth25",0.000114670316658724,0.0727969527850226,0.193991920193904,0.0941835094996308,0.0813848318298008,0.000108560906527362,0.000108560906527363,0.153900678826444,0.000108560906527364,0.0345123209263703,0.181443375494879,0.000108560908043404,0.015479392600892,0.000108560906527357,0.0925443253367955
"mix_0110_depth100",7.59926345691543e-05,0.167567667359432,0.354056995991207,0.102770790079943,7.59926345691533e-05,7.59926345691546e-05,7.59926345691542e-05,0.144383108433368,7.59926345691541e-05,7.59926345691566e-05,0.11595427469517,7.5992645954859e-05,0.00553935425151398,7.59926345691543e-05,0.115545235522297
"mix_0110_depth25",0.00176984408863579,0.12152459440224,0.383581266053359,0.125653709496915,7.59926345691339e-05,7.59926345691539e-05,0.016172249540886,0.160792400656565,7.59926345691576e-05,7.59926345691549e-05,0.0999353992045507,7.59926335897682e-05,0.00140706802784975,7.59926345691493e-05,0.115007933127931
"mix_0111_depth100",7.59926345691275e-05,0.0709912612939874,0.317505311449821,0.0894312625859143,7.59926345691608e-05,7.59926345691545e-05,0.128178523650084,7.59926346096202e-05,0.00748101521891439,7.5992634552167e-05,0.246262945614978,0.000274472040287028,0.0149316455691645,0.0529461905696701,0.00652895867415751
"mix_0111_depth25",7.5992634569147e-05,0.072342500222846,0.311171913616069,0.0888655520894892,9.17269903235154e-05,7.5992634569151e-05,0.131462887510031,0.00680804726088746,0.0286465609947365,7.59926345699971e-05,0.269516487436766,7.59926346503293e-05,0.0137598260072847,0.0242116512315504,7.59926345668851e-05
"mix_0112_depth100",0.000108560906527365,0.136779660427538,0.261776767581254,0.115687568709803,0.00375694043371424,0.0287253556930677,0.0331769655763978,0.000108560906526679,0.000963435356567977,0.00144137506484367,0.18019221098978,0.000435136655245079,0.000108560906527363,0.0192553691080391,0.120934632791981
"mix_0112_depth25",0.000108560906527363,0.136197829948219,0.223176680174539,0.0913543572814799,0.0705605839908788,0.000108560906527363,0.033061973695743,0.000108560906527363,0.0110799656461969,0.000108560906527363,0.205985294499026,0.000108560906554465,0.0102945731210325,0.0490752627519023,0.109008679986747
"mix_0113_depth100",7.5992634569692e-05,0.0748339226419489,0.287795419195272,0.264884745503543,7.59926345691563e-05,7.59926345691543e-05,7.59926345691546e-05,7.59926345689466e-05,7.59926345695599e-05,7.59926345706079e-05,0.186105082112498,0.000241695553353936,7.59926345691532e-05,0.05928578738166,0.0802866661391041
"mix_0113_depth25",0.000108560906531316,0.0675920324015023,0.230275385564016,0.235878527626987,0.000203047818392283,0.00491283404853802,0.000108560906527364,0.000108560906527363,0.000108560906527366,0.0115762617635333,0.240971312708024,0.00112764301176228,0.00909098265970196,0.0588098440488618,0.0731559690648286
"mix_0114_depth100",7.59926345722198e-05,0.107167751957016,0.245920049078906,0.143396809972482,0.128278954296909,0.0183337835935446,7.59926345691544e-05,7.59926345682719e-05,0.00487633495576319,7.59926345682842e-05,0.163246071606792,7.59926345738012e-05,7.5992634569154e-05,0.0960784737790535,0.051050574513262
"mix_0114_depth25",7.59926345691475e-05,0.10474604324629,0.179837596359178,0.155380722648704,0.200464565587158,0.019412643917308,7.59926345691548e-05,0.00832050523595308,0.0178382566935493,7.59926345691543e-05,0.165039256366205,0.00287410616804402,0.00286398422894036,0.0386419282213155,0.0573591878720547
"mix_0115_depth100",0.0310772761372734,0.157953813331759,0.0741332848595681,0.0439053470075163,0.174057693293168,0.0125566436365225,0.000108560906527363,0.000108560906522599,0.0349377035054411,0.000108560906526552,0.0881888383872631,0.000108560905838727,0.0292798818660857,0.144121199119945,0.0628735016200759
"mix_0115_depth25",0.0371391791712762,0.158804419273705,0.0876825872522397,0.0521654322900746,0.132548737878085,0.0223876542686751,0.000405309630939069,0.000108560906527363,0.000108560906527363,0.000108560906527364,0.0882183213497632,0.0013973182486289,0.0270530972416965,0.0875134172482735,0.148199691690754
"mix_0116_depth100",7.59926345691542e-05,0.11058176421266,0.256028156233967,0.100637855890079,0.00010564712290083,0.0155467085769035,7.59926345691518e-05,0.00179921320141908,7.59926346264886e-05,7.59926345607333e-05,0.213128080054909,7.59926348379299e-05,0.0848749375189767,0.085840077806654,0.0540434287631518
"mix_0116_depth25",0.00654151391698045,0.124714830691591,0.257202162694986,0.137060156317593,7.599263456916e-05,0.0038095517535485,7.59926345691496e-05,0.00361404285635731,7.59926345691415e-05,7.59926345691543e-05,0.192766089843903,0.000402160663585253,0.0842005886040277,0.0627369370874368,0.0690635568425706
"mix_0117_depth100",7.59926345701822e-05,0.292238721101256,0.282322404461133,0.0756315679435139,7.59926345691537e-05,7.59926345691542e-05,7.59926345691557e-05,0.000907705583264512,0.0264157327400234,0.00386074593881451,0.174379070943776,7.59926344256196e-05,7.59926345691542e-05,0.107437339631296,0.00647196588009199
"mix_0117_depth25",7.59926345644805e-05,0.298745033830396,0.221640783075359,0.0633954535536213,0.0374542017947076,7.59926345691548e-05,7.59926345691546e-05,0.00334648259377667,0.0347364308996523,7.59926345655934e-05,0.211795234780105,0.000882410198231801,7.5992634569155e-05,0.106750817825846,7.59926345694068e-05
"mix_0118_depth100",7.59926345682022e-05,0.267816844131591,0.207689848387839,0.102555806840744,0.0566688770601884,7.59926345691552e-05,7.5992634569152e-05,7.59926345531822e-05,0.0196706776011116,0.0100823543812323,0.168037800568751,0.000154496993578085,0.000113946541003398,7.5992634569154e-05,0.0800332425027655
"mix_0118_depth25",5.31948441984064e-05,0.281225524979772,0.185345485385335,0.0233096977078042,0.0983332469323755,0.00296672667544146,5.31948441984087e-05,0.0010356147634495,0.0270413882754389,0.0152841533037247,0.188392873457058,5.319484416204e-05,0.00750576785278621,0.102762753879281,0.0115811780813945
"mix_0119_depth100",7.59926345690329e-05,0.0520015536672063,0.229486495721362,0.127740417071348,0.0560695340616637,7.5992634569155e-05,7.59926345691558e-05,7.59926345962458e-05,0.0473556804783083,0.0121330700662744,0.16882479219622,7.59926280750283e-05,0.214061879757689,0.067760308325164,0.03268669816755
"mix_0119_depth25",0.000108560906537771,0.0431336051933296,0.188962795553055,0.129396100911888,0.0828229899981468,0.000108560906527363,0.000108560906527363,0.000108560906527601,0.041994946712144,0.0209530970947814,0.18940771578539,0.000108560912581144,0.180509678590309,0.0775916898021367,0.0241363694336116
"mix_0120_depth100",0.0054754610767388,0.0338565715264453,0.354991812078084,0.138312209246788,7.59926345691563e-05,0.00502483338759931,7.59926345691545e-05,7.59926345752132e-05,7.59926345682561e-05,0.0262714038316047,0.249782377872436,7.59926371884574e-05,0.0565402703832033,0.0374074409302841,0.0307395257302865
"mix_0120_depth25",0.0252058148847855,0.0260987001615126,0.366974130899736,0.161520932629959,0.00014214324985157,7.59926345691543e-05,7.59926345691545e-05,0.00244729340048047,7.59926345691542e-05,0.0373512057227066,0.169449577773272,7.59926379119648e-05,0.0518555966189958,0.0420059970746361,0.0237214600242422
"mix_0121_depth100",5.31948442040585e-05,0.0614130704157841,0.278222222004765,0.148066187559296,0.00807552734177689,0.00509107468031714,5.31948441984078e-05,5.31948442033215e-05,0.00688282141434874,0.0402139049597607,0.200106884121546,5.31948462889037e-05,0.134565948509951,5.31948441984034e-05,0.0575652659028684
"mix_0121_depth25",7.59926345746568e-05,0.0620645419730115,0.272207550346589,0.0901515108524596,0.0200606774280733,0.00551263970338897,7.59926345691545e-05,0.00200290927181263,7.59926345691544e-05,0.044550487531821,0.221620194025388,7.59926341034571e-05,0.136666342679407,7.5992634569156e-05,0.0658458292998608
"mix_0122_depth100",3.72363909387395e-05,0.0631832832812434,0.300836654110118,0.183290102132373,0.036501790911392,3.72363909388856e-05,3.72363909408105e-05,3.72363909138801e-05,3.72363909340323e-05,0.0416395568277189,0.202624507862895,5.46646764972416e-05,3.72363909388858e-05,0.0666783072477344,0.0225262555302778
"mix_0122_depth25",5.3194844198408e-05,0.0626209577478778,0.2966238733963,0.138140067028931,0.0853171573586782,0.00492532787386669,0.00077019210375264,5.31948441989535e-05,5.31948441984084e-05,0.04379114021096,0.206841217098931,0.000704797048033856,0.00419610263024625,0.0559912857934889,0.0152437738020101
"mix_0123_depth100",7.59926345653897e-05,0.114852463425086,0.282087404230955,0.129956130750357,0.112421379179461,0.00337662643465537,7.59926345691546e-05,7.59926346004142e-05,0.0169551999734084,0.0219319196032684,0.169271579028286,7.59926331395623e-05,0.00360741237895357,7.59926345691553e-05,0.0801080759000006
"mix_0123_depth25",7.59926345691547e-05,0.1302886762859,0.269104586431858,0.111961142433819,0.1161685575566,7.59926345691539e-05,7.59926345691541e-05,7.59926345669174e-05,7.5992634569154e-05,0.0442769870105723,0.200619893212669,7.5992634187508e-05,0.00309475419044089,0.0310177634493475,0.0411752330267453
"mix_0124_depth100",7.59926345691541e-05,0.167084945638495,0.181012940537472,0.0627622580029773,0.0491874334082188,0.0443041694427267,7.5992634569156e-05,0.0390862249792759,0.0072635136483277,7.59926345653174e-05,0.151749317736091,7.59926339963459e-05,7.5992634569154e-05,0.128861431005156,0.0476354144677544
"mix_0124_depth25",7.59926345691549e-05,0.188113980292816,0.209552446242784,0.0837050889963987,0.01583772321273,0.0347476274316067,7.59926345691554e-05,0.0369543737845751,0.00672221569597404,7.59926345691545e-05,0.142754506749673,7.59926344651717e-05,0.000982564771190646,0.105525171368059,0.0693009782887186
"mix_0125_depth100",7.59926345691589e-05,7.59926345712925e-05,0.258035357779323,0.190685408654787,0.102906458486488,0.00404746690162151,7.59926345691539e-05,7.5992634610418e-05,7.59926345685595e-05,0.00681584253374287,0.179290164529865,7.59926366950529e-05,0.058956741741259,0.036915271681835,0.114649412219087
"mix_0125_depth25",7.59926345691544e-05,7.5992634561572e-05,0.205945761836857,0.140182650934522,0.168103978801712,7.59926345691544e-05,7.59926345691543e-05,7.59926345578934e-05,7.5992634569154e-05,0.00955005668586355,0.186150179317086,7.59926305417395e-05,0.0504560241008275,0.0672449918771517,0.117709180513391
"mix_0126_depth100",7.59926345691537e-05,0.250427137669634,0.352470197612742,0.192602502435312,0.000179161333346103,0.00347082164903079,7.59926345691549e-05,7.59926345493148e-05,7.59926345459636e-05,0.00190761604600755,0.115334775525921,0.000565496616843165,7.59926345691574e-05,0.0162042892865183,0.0161103485631634
"mix_0126_depth25",7.59926345691098e-05,0.211404636589709,0.259944532596589,0.238435733147326,0.037341856644527,0.00969423739281853,7.59926345691563e-05,0.00396525247680422,0.00109934392437987,7.59926345712496e-05,0.125903711694187,9.79057937021538e-05,7.59926345691549e-05,0.019980758299163,0.0162670465225983
"mix_0127_depth100",7.59926345785965e-05,0.305476739496161,0.247917240144355,0.0887011332433773,0.0282896315191777,7.59926345691537e-05,7.59926345691535e-05,7.59926345354635e-05,0.00266765990154194,7.59926346436334e-05,0.158080180809649,7.59926322936046e-05,8.38948028015294e-05,0.0430122531481638,7.5992634515632e-05
"mix_0127_depth25",5.31948442009783e-05,0.316291816236696,0.250440062243357,0.0513877078731611,0.0655101271826885,5.31948441984099e-05,5.31948441984036e-05,0.000343716383374161,0.00337752524207238,5.31948443036163e-05,0.1426111740691,5.31948427244483e-05,0.000139168427970343,0.0276218482481532,5.31948442015287e-05
"mix_0128_depth100",5.31948441968629e-05,0.221675069276112,0.372582180316708,0.136619912765155,5.31948441984083e-05,5.31948441984079e-05,5.31948441984078e-05,5.31948442275122e-05,5.31948442054429e-05,5.31948442333887e-05,0.133970150035247,5.68122699459126e-05,5.82970786472308e-05,0.0582379976574461,5.31948441893938e-05
"mix_0128_depth25",0.000586321183845441,0.212966239731014,0.349797560365684,0.121724284905426,0.00815269531976178,7.59926345691542e-05,7.59926345691543e-05,8.29848792179313e-05,0.00122819820542861,7.59926345489355e-05,0.150637239679597,0.000664213742786855,7.59926345691543e-05,0.0522296074850128,7.59926345734563e-05
"mix_0129_depth100",5.31948441984076e-05,0.291877943205142,0.295985107999342,0.100929849806524,5.31948441984066e-05,5.31948441984074e-05,5.31948441984079e-05,0.115666161029749,5.31948443669426e-05,5.31948442444465e-05,0.112888359404577,5.3194844489669e-05,5.31948441984116e-05,5.31948441941673e-05,5.31948441966605e-05
"mix_0129_depth25",7.59926345691488e-05,0.299231193438105,0.297510929828726,0.0931974926500385,0.010073365236748,7.5992634569154e-05,7.59926345691548e-05,0.109129264272008,7.59926345959061e-05,0.00076436297549986,0.103466231816417,7.59926317881475e-05,7.59926345691478e-05,7.59926345691511e-05,0.00531510935738327
"mix_0130_depth100",5.31948441984085e-05,0.260287130284285,0.290583015102158,0.129716799924395,5.31948441984063e-05,5.3194844198408e-05,5.3194844198404e-05,0.0497637586292465,5.31948439958722e-05,5.31948452878233e-05,0.217909952052009,5.31948380263476e-05,5.31948441984055e-05,5.31948441984068e-05,5.3194844149607e-05
"mix_0130_depth25",5.3194844198408e-05,0.299314069195969,0.27716466741994,0.141329283829786,5.31948441984023e-05,5.31948441984081e-05,5.31948441984036e-05,0.053481564766165,5.31948450354032e-05,5.31948439056037e-05,0.196010004220895,5.31948493942979e-05,7.54986599387298e-05,5.31948441984073e-05,5.31948448532072e-05
"mix_0131_depth100",7.59926345691543e-05,0.298628853250902,0.188961603906643,0.124568732561396,0.053927039252306,7.59926345691596e-05,7.59926345691534e-05,0.115859243319882,7.59926356937831e-05,7.59926349173427e-05,0.147464460970079,7.59926353596634e-05,7.59926345691604e-05,7.59926345691532e-05,7.59926344938982e-05
"mix_0131_depth25",7.59926345691545e-05,0.29372520090366,0.130402585197181,0.13202939431686,0.0905519299607244,7.59926345691627e-05,7.59926345691525e-05,0.109569620976502,7.59926345827387e-05,7.5992634510362e-05,0.167245921593196,7.59926345925451e-05,7.82763698504564e-05,7.59926345691537e-05,7.59926345783289e-05
"mix_0132_depth100",3.72363909336688e-05,0.265674733262681,0.139227397840689,0.0980077283604599,0.0694489030370357,0.00458620999588667,0.130476085601009,3.72363909412329e-05,3.72363906917685e-05,3.72363897607585e-05,0.190810422328157,3.72363906608062e-05,7.8154085665232e-05,3.72363909388854e-05,3.723639131584e-05
"mix_0132_depth25",3.72363909388856e-05,0.269090238926086,0.154012820993679,0.0642178704485883,0.06847463595103,0.0168913453557745,0.131288957253862,0.00306297143962748,3.72363909489706e-05,3.72363910402202e-05,0.180656068464721,3.72363909373588e-05,0.00179575818302165,3.72363909388847e-05,3.72363911497497e-05
"mix_0133_depth100",5.31948441914714e-05,0.308406454742576,0.19359872639393,0.126981175574675,5.31948441984073e-05,5.31948441984075e-05,0.0614741801131075,0.000869119804574617,5.31948442732389e-05,5.31948440980319e-05,0.18952067596195,5.31948448009946e-05,5.31948441984023e-05,5.31948441984185e-05,5.31948430377462e-05
"mix_0133_depth25",7.59926345691542e-05,0.307477081704484,0.20466734649358,0.1389124482575,7.59926345691552e-05,7.5992634569152e-05,0.0692596238898922,0.00133451845768551,7.59926345538083e-05,7.59926333857342e-05,0.172625718602861,7.5992632817168e-05,9.58380202742129e-05,7.59926345691705e-05,7.59926347978277e-05
"mix_0134_depth100",7.59926345832223e-05,0.229459962020367,0.255301171458939,0.159941433890911,0.0196189456611754,0.00148127310281948,0.0250369339081657,7.59926341701533e-05,7.5992634364919e-05,7.5992634605837e-05,0.200314291411688,7.5992634237051e-05,7.64000206822184e-05,7.59926345691549e-05,7.59926342659224e-05
"mix_0134_depth25",5.31948441984082e-05,0.270068387410723,0.266583202124272,0.124860413164765,0.0444100784680962,5.31948441984067e-05,0.0081285699745399,0.000965412682808591,5.31948439314923e-05,5.3194844267855e-05,0.189641938923005,0.00154970102576543,5.67391082236117e-05,5.3194844198408e-05,5.31948441074079e-05
"mix_0135_depth100",0.0454552504999883,0.333326839140166,0.276790391151399,0.0348497368671669,0.0532280014318711,3.72363909388863e-05,3.72363909388855e-05,3.72363909317552e-05,3.72363909465237e-05,3.72363905457394e-05,0.171938332627383,3.72363897065473e-05,5.43524858349262e-05,0.0235487120628469,3.72363910787084e-05
"mix_0135_depth25",0.0462900855455479,0.323698335150428,0.24722079648965,0.0385619218565867,0.0584398610254288,0.0107946672077624,5.3194844198409e-05,0.00416990422529606,5.31948441984083e-05,5.31948460791123e-05,0.166286445743316,5.31948441593334e-05,0.000214822104711264,0.0391971344170409,5.31948441984105e-05
"mix_0136_depth100",0.0298432325012954,0.178836731389746,0.353777993419478,0.214143056921001,0.00537606736774936,7.59926345691543e-05,7.59926345691546e-05,7.59926346127144e-05,0.00079463961776981,7.59926345181229e-05,0.155929691691598,7.5992634563338e-05,7.59926345691576e-05,0.0113254679113047,7.59926346115306e-05
"mix_0136_depth25",0.0325367220014475,0.173262771739742,0.373850336817233,0.171792847148098,8.27058245442806e-05,0.00462606461738506,7.59926345691544e-05,7.59926345692359e-05,0.00440998529774642,7.59926345487543e-05,0.130957706472479,7.59926375909908e-05,7.59926345691559e-05,7.59926345691542e-05,7.59926346897546e-05
"mix_0137_depth100",0.0152148779138992,0.214379224290388,0.237440756006649,0.229638700002746,0.0110243459076432,0.0124210296309413,5.31948441984082e-05,5.31948442941754e-05,5.31948441629743e-05,5.319484418062e-05,0.174775799782296,5.31948443369952e-05,5.31948441983931e-05,5.31948441984084e-05,5.31948441852734e-05
"mix_0137_depth25",0.0222583966363288,0.216386816492131,0.18659127140724,0.166958256207212,0.0677390686799633,0.00863546907201963,5.31948441984086e-05,5.3194844198353e-05,5.31948441976192e-05,5.31948441805406e-05,0.215759203311759,0.000446186596433327,5.31948441984081e-05,5.31948441984084e-05,5.31948441993849e-05
"mix_0138_depth100",7.59926345641487e-05,0.249237758439416,0.095827331800901,0.0320011250561081,0.293067427672234,0.0089914072453454,7.59926345691545e-05,0.000648231751852142,0.019664420720193,7.59926345595141e-05,0.156269053111338,7.59926373335653e-05,7.59926345691529e-05,0.00261235742239176,7.59926345809305e-05
"mix_0138_depth25",7.59926345649422e-05,0.242401453084633,0.0723072066028629,0.0102127160593572,0.313495542994307,7.59926345691547e-05,7.59926345691537e-05,0.0007411631975484,0.0322652499195228,7.59926345792768e-05,0.216421013609804,7.59926340577219e-05,7.59926345691523e-05,7.59926345691536e-05,7.59926345073834e-05
"mix_0139_depth100",3.72363909080529e-05,0.364266289003959,0.251587421545232,0.085951242380488,3.72363909388863e-05,3.72363909388856e-05,3.72363909388865e-05,9.00097289693042e-05,0.0203493402665112,3.72363909521814e-05,0.186542969943193,3.72363925541971e-05,0.0307668267427203,3.72363909388856e-05,3.72363909337893e-05
"mix_0139_depth25",3.7236390941801e-05,0.344844883041598,0.257488424129164,0.100853648544889,3.72363909388888e-05,3.72363909388871e-05,3.72363909388856e-05,0.00217094939142506,0.0203638316215929,3.72363909422744e-05,0.19304105652637,0.000682474145010193,0.0393904435918817,0.000457070869759129,3.72363909399795e-05
"mix_0140_depth100",5.31948441698597e-05,0.349571107731892,0.276727066895926,0.138005456918865,0.0365652436042044,0.000756032158562561,5.31948441984067e-05,5.31948441731997e-05,0.0157157686838408,5.31948442201792e-05,0.0994191612329977,5.31948490043024e-05,6.72653672646504e-05,5.31948441984037e-05,5.31948444157338e-05
"mix_0140_depth25",5.31948441959354e-05,0.354237141204714,0.233028176569396,0.163393619138691,0.0767788453294741,5.31948441984093e-05,5.31948441984121e-05,0.000777967669218066,0.00707801248774766,0.00156781592790055,0.0935164578270413,5.31948442296322e-05,0.000150560407763437,5.31948441984061e-05,5.31948442155438e-05
"mix_0141_depth100",7.5992634542837e-05,0.375713202696367,0.221222629116342,0.147745923841085,7.59926345691587e-05,0.00244951232897631,7.59926345691522e-05,7.59926345057594e-05,7.59926345688442e-05,0.00766031629806837,0.136502974767823,7.59926345588307e-05,7.59926345691561e-05,0.0129548784491704,0.00203963544225516
"mix_0141_depth25",7.59926345685273e-05,0.391974990004018,0.171631766684401,0.155469558519487,7.59926345691559e-05,7.59926345691533e-05,7.59926345691519e-05,0.00469168405568985,0.00330525859207702,0.0115636622488388,0.151397878388596,7.59926354682724e-05,9.92398492177288e-05,0.0152641926053701,7.59926345691544e-05
"mix_0142_depth100",7.59926345988511e-05,0.273554970597683,0.317038794233127,0.106329550340486,0.0596387128157192,0.00303624087558896,7.59926345691535e-05,7.59926345626825e-05,7.59926345517633e-05,0.0191993866480823,0.188877085165417,7.59926346579959e-05,7.59926345691533e-05,0.0130785927843429,0.000886745172635053
"mix_0142_depth25",5.31948441966559e-05,0.265142884119496,0.267722835587191,0.108964332653122,0.0985065548714629,5.31948441984074e-05,5.3194844198408e-05,5.31948441984082e-05,5.31948441984081e-05,0.0200961704458608,0.20733641599903,5.31948441742894e-05,9.3510300679669e-05,0.0121976964971796,5.31948441994355e-05
"mix_0143_depth100",7.59926345506411e-05,0.2787380297538,0.287709869062507,0.147185012991685,7.59926345691551e-05,7.59926345691543e-05,7.59926345691545e-05,7.59926345046019e-05,7.59926345663471e-05,0.0194307395484042,0.137488165438605,7.59926341444582e-05,7.59926345691532e-05,0.0167486819917674,7.59926345538495e-05
"mix_0143_depth25",7.59926345677501e-05,0.28068321603434,0.289416797888421,0.132934842553922,7.59926345691506e-05,7.59926345691543e-05,7.59926345691552e-05,0.000802328108107909,7.59926345605411e-05,0.019430898618026,0.130811538379996,7.59926305849518e-05,7.85445071300089e-05,0.0131235154352804,7.59926345713463e-05
"mix_0144_depth100",0.0195702359203344,0.206658433296591,0.15950162329834,0.0756960657203791,0.0941672006749253,0.0246712602939424,0.00311718145401541,0.0115856471869551,2.60654738087946e-05,2.60654783776465e-05,0.135689105363284,2.60654786329209e-05,0.00740166274617847,0.13917643510629,2.60654736551458e-05
"mix_0144_depth25",0.00708981549011427,0.177911448539655,0.132251279338968,0.0576897293810141,0.105413877556199,0.0470987734789627,0.00467425157782129,0.0193439271151346,3.72363909388846e-05,3.72363898334746e-05,0.136080863560584,3.72363913312065e-05,0.022305832459617,0.153732872132469,3.7236390938903e-05
"mix_0145_depth100",1.82458315600547e-05,0.151720833563922,0.131067010036217,0.0749270614134934,0.144437330728836,0.0221250882207866,0.0077729703256895,1.82458315599751e-05,1.82458313662086e-05,1.82458331086293e-05,0.156988762074409,1.82458314479402e-05,0.120436665466953,0.13441617009604,1.82458315596525e-05
"mix_0145_depth25",5.31948441995295e-05,0.153307578649938,0.126196331855352,0.0756905745617274,0.0768551486283625,0.034052482776755,0.0114958896223744,5.3194844198408e-05,5.31948441984074e-05,5.31948442773764e-05,0.184971514278815,0.000150703470745724,0.133729504786202,0.109659608868454,5.31948441983953e-05
"mix_0146_depth100",3.72363909400934e-05,0.337976613061304,0.165628262325223,0.0879117286851203,0.0823907359570198,0.0152291855947397,3.72363909388866e-05,0.000163939226473974,0.00966922394272926,3.72363909039755e-05,0.157400735608158,3.72363909825393e-05,3.72363909388843e-05,0.046152790378144,0.00475146247940629
"mix_0146_depth25",5.31948441996856e-05,0.335528114678992,0.182811615381136,0.117017938886788,0.00808871490372261,0.0228488159068763,5.31948441984052e-05,0.0009934504629625,0.019357073823987,5.31948441292987e-05,0.156424018104463,5.31948441986001e-05,5.31948441984068e-05,0.0456245518860792,5.31948441984073e-05
"mix_0147_depth100",3.72363909388868e-05,0.55404499552663,0.173556666330336,0.0512061853919899,3.72363909388799e-05,3.72363909388869e-05,3.7236390938889e-05,3.72363909463252e-05,3.72363909385525e-05,3.72363909388113e-05,0.0522090049843689,3.72363908399089e-05,4.0419373558862e-05,0.0636674009008499,0.0794891804632507
"mix_0147_depth25",3.7236390938148e-05,0.541050897839872,0.165863273664187,0.0622786945191661,3.72363909388844e-05,3.98624799491657e-05,4.17862392131427e-05,3.72363909388856e-05,3.72363909388837e-05,3.72363909388845e-05,0.0674590608077932,3.7236390939213e-05,3.95047869166364e-05,0.0297066910488029,0.105671513894152
"mix_0148_depth100",2.6065473657579e-05,0.476931715439202,0.237636243272112,0.0332820137858495,2.60654736572198e-05,2.60654736572201e-05,2.60654736572193e-05,2.60654736499677e-05,0.000561169322185582,2.60654735341368e-05,0.104912110486831,2.60654735908701e-05,3.06470730842943e-05,0.061185149369511,2.60654736574958e-05
"mix_0148_depth25",0.00130698022760287,0.488976567054982,0.19153628234958,0.0453429570597767,2.6065473657221e-05,2.60654736572194e-05,2.60654736572203e-05,2.60654736572198e-05,2.6065473657416e-05,2.60654741709972e-05,0.0597357116509687,2.60654736643779e-05,6.28287483599585e-05,0.0784635534093112,2.60654736969327e-05
"mix_0149_depth100",3.72363909430823e-05,0.38788169168217,0.237003467336226,0.0702004276849922,3.72363909388895e-05,3.72363909388849e-05,3.72363909388905e-05,3.72363909400633e-05,3.72363909518445e-05,0.00418351177165732,0.0939135380586968,3.7236396746572e-05,0.0473542423810994,0.0472894565099728,0.0147262829194273
"mix_0149_depth25",5.31948442012043e-05,0.350791495941436,0.233433681494625,0.0525099617151768,5.319484419841e-05,5.31948441984054e-05,5.31948441984087e-05,5.31948442007799e-05,5.31948441986283e-05,0.0058677010232493,0.124013387549009,5.319484906468e-05,0.0643992190922249,0.0918345836581727,5.31948441984078e-05
"mix_0150_depth100",7.59926345691522e-05,0.190990499490569,0.166568622615111,0.103977800242652,7.59926345691534e-05,7.59926345691544e-05,7.59926345691564e-05,0.123165665788661,7.59926338384109e-05,7.59926345670229e-05,0.154636021197937,7.59926101032402e-05,0.0863173730564814,7.59926345691533e-05,0.0423672327367451
"mix_0150_depth25",7.59926345691535e-05,0.208686570416189,0.100255475040098,0.0758544624159507,0.0733267127838815,7.59926345691541e-05,7.59926345691601e-05,0.120066231977184,7.59926344641415e-05,7.59926345691489e-05,0.182976884075508,7.5992630869668e-05,0.0755322619015158,7.5992634569145e-05,0.0416244527786489
"mix_0151_depth100",7.59926345691496e-05,0.257373381044437,0.181399124457165,0.0677669993782259,7.59926345691543e-05,7.59926345691543e-05,7.59926345691549e-05,0.132236892273955,0.00186634944501683,7.59926345691526e-05,0.113289030750365,7.59926332755104e-05,0.130601857341296,7.59926345691704e-05,0.0412466266951182
"mix_0151_depth25",7.59926345691539e-05,0.267174987260917,0.173055129485343,0.0165140257479921,0.0309352659627719,7.59926345691549e-05,7.59926345691541e-05,0.142339700360799,7.59926345691546e-05,7.59926345691545e-05,0.0721256444995758,7.59926351220717e-05,0.154563382439007,7.5992634569159e-05,0.0391532362231632
"mix_0152_depth100",5.31948441984081e-05,0.45938975896752,0.211568897739936,0.0509518134244808,5.31948441984078e-05,0.00246282563801134,5.31948441984079e-05,0.0606783596862305,5.31948442043475e-05,5.31948441717513e-05,0.0687463630665954,5.31948440230918e-05,5.51934527447673e-05,5.31948441984009e-05,0.0151906664135985
"mix_0152_depth25",0.0060617722644698,0.47253775131416,0.19793056284137,0.028096583943745,5.31948441983951e-05,5.3194844198408e-05,5.31948441984058e-05,0.0557247688448538,5.31948442006287e-05,5.31948441944916e-05,0.067986733634209,5.31948441561728e-05,0.000101901430022404,5.31948441984077e-05,0.0141808437543166
"mix_0153_depth100",5.31948441232275e-05,0.290459046157838,0.29919650313627,0.0670620567815602,5.31948441984086e-05,5.31948441984078e-05,0.00439710794981335,5.31948442122295e-05,5.319484423332e-05,0.00168108435136507,0.167230930268641,9.8610567289092e-05,0.0346674517868155,0.0260016132828596,0.0145867266668342
"mix_0153_depth25",7.599263457197e-05,0.260715084599664,0.303637675270801,0.120172941857036,7.59926345691574e-05,7.59926345691542e-05,0.00431473255240234,7.59926345620525e-05,7.59926345688254e-05,7.59926345452122e-05,0.121679142418927,7.59926352662427e-05,0.0789544280747447,0.0150084462945606,0.024979417304734
"mix_0154_depth100",5.31948441675788e-05,0.332260467932951,0.229695158633404,0.102635766718393,5.31948441984133e-05,0.0202510250560409,0.00919171096397775,0.000781175410793876,0.000377767766131631,0.00160848176884898,0.225437709237039,5.3194844065221e-05,0.0389528849295888,5.31948441984083e-05,5.31948441987413e-05
"mix_0154_depth25",5.31948441984129e-05,0.340109317321226,0.188308904838373,0.0981023595514956,5.31948441984092e-05,0.0190718755130549,0.0205721890761823,0.00202370705862723,0.00276980247955915,5.31948442123278e-05,0.257358884147227,5.31948434898933e-05,0.0282541957635513,5.31948441984102e-05,5.31948441989807e-05
"mix_0155_depth100",7.59926345583732e-05,0.373521549344379,0.19420889316559,0.0924705030697276,7.59926345691532e-05,0.0133013774297276,0.0768917745703212,0.00329803412262306,0.00276589361374077,0.00384987373253892,0.143070380605386,7.59926347259299e-05,0.000124753964409645,7.59926345691495e-05,0.0204514714483244
"mix_0155_depth25",5.31948441988374e-05,0.370734799272768,0.170692561564658,0.109616906687486,5.3194844198407e-05,0.00461422285545818,0.091821526544693,0.00335118807557237,0.00418612614631626,0.0125133812478459,0.119717948205197,5.31948491593769e-05,0.000244369812071094,5.31948441984122e-05,0.0232658369467206
"mix_0156_depth100",0.00870802468055409,0.176046562453864,0.347209851618832,0.156526309270041,0.0183197620354484,0.000108560906527363,0.000108560906527369,0.00010856090657624,0.0028157132050859,0.00528301662401901,0.135371889313046,0.000344736050876725,0.000108560906527363,0.0504411501362019,0.000108560906514649
"mix_0156_depth25",0.00629667220236617,0.19622601089848,0.345312669820465,0.155164498320015,0.00605886036265164,7.59926345691541e-05,7.59926345691545e-05,0.00326123416221825,7.59926345698966e-05,0.0104137768966664,0.149509798979241,7.59926345987958e-05,7.59926345691564e-05,0.0407119288731754,7.59926345689672e-05
"mix_0157_depth100",0.014415298713305,0.198435496915438,0.285624808253122,0.176650349456389,7.59926345691474e-05,7.59926345691543e-05,7.59926345691539e-05,0.00697775759000025,7.59926345346468e-05,0.00251630566691563,0.21501614841544,7.59926347496222e-05,7.59926345691665e-05,0.0282929043064087,0.0152402970195137
"mix_0157_depth25",0.010452884754627,0.211629759333866,0.292371666222763,0.143463712613657,5.31948441984186e-05,0.00977275721802356,5.31948441984081e-05,0.00750029995125842,5.31948442023276e-05,5.31948441819346e-05,0.213091669737948,5.31948452065569e-05,5.3194844198411e-05,0.0455583071191933,0.00978522592334567
"mix_0158_depth100",0.0152210177006588,0.314719097277168,0.258372150437268,0.0779026682064132,7.59926345691536e-05,7.59926345691542e-05,7.59926345691534e-05,7.59926345256597e-05,7.59926345564442e-05,0.00382388923084066,0.15171928532327,7.59926346905301e-05,7.97999361116092e-05,0.0318253837350058,0.00872148634899367
"mix_0158_depth25",0.02155211750013,0.324538788573598,0.223243065496555,0.0777961479796167,0.00873334861380444,0.00971691211803959,5.31948441984069e-05,0.000122051433906583,5.31948442071705e-05,5.31948441969914e-05,0.163322324347122,5.31948494140338e-05,6.02171913588264e-05,0.0144704299324915,0.0119239601807566
"mix_0159_depth100",5.31948441984079e-05,0.355332426701514,0.224962318578282,0.0887352043067218,0.0197037610879974,5.31948441984063e-05,5.31948441984086e-05,5.31948441669764e-05,0.0520781746160754,5.31948441984079e-05,0.0812768377492127,0.000418639144706273,0.000147963805197674,0.0158439240506714,0.0418345563683269
"mix_0159_depth25",5.3194844198408e-05,0.338422641353456,0.248007890109293,0.0990843358803184,0.0348311696994144,5.31948441984034e-05,5.31948441984083e-05,0.00101432117151799,0.0565950674665962,5.31948441987642e-05,0.0607960656075551,5.31948453698741e-05,0.00940166572058922,5.31948441984081e-05,0.0275312469759288
"mix_0160_depth100",7.59926345585202e-05,0.242659725987978,0.264530782183768,0.209592829443423,7.59926345691532e-05,0.00917402982171142,7.59926345691555e-05,7.59926346232457e-05,0.00951768952270587,7.5992634584803e-05,0.164979225182134,7.59926373947201e-05,7.59926345691553e-05,7.59926345691543e-05,0.0211101389162902
"mix_0160_depth25",7.59926345769823e-05,0.270365018801841,0.224249187714713,0.185876291381222,0.00957332283111797,0.00550537556185086,7.59926345691539e-05,0.00359225878603752,0.00468391016988498,7.59926345502142e-05,0.188621904764499,7.59926362922541e-05,8.90324599594057e-05,7.59926345691542e-05,0.0338381002700232
"mix_0161_depth100",7.59926345432882e-05,0.313148750004352,0.25501000421368,0.139503917099423,7.59926345691547e-05,7.59926345691538e-05,7.59926345691579e-05,0.000742864537634286,0.0371476940787876,7.5992634571315e-05,0.104610098274706,0.000485691078002084,7.59926345691551e-05,7.5992634569151e-05,0.0429639914730171
"mix_0161_depth25",7.59926345743463e-05,0.316255946929938,0.253378334970678,0.112429676324996,7.59926345691534e-05,7.599263456915e-05,7.59926345691536e-05,7.59926345734012e-05,0.0331756680586443,7.59926345691554e-05,0.0905054075475082,7.59926358910835e-05,7.59926345691578e-05,7.5992634569156e-05,0.0649046057577507
"mix_0162_depth100",7.59926345756835e-05,0.103099125521752,7.59926345691613e-05,0.00175229033853679,0.553169911669941,0.0568792641382907,7.5992634569154e-05,0.00236593872545208,7.59926345534715e-05,0.0144784239658355,0.124025988231873,0.000257862781711333,7.59926345691563e-05,7.59926345691545e-05,0.000307165645718499
"mix_0162_depth25",7.59926345691539e-05,0.0894726425267104,7.59926345691586e-05,0.000127576818625941,0.551845415539833,0.0706830292899943,7.59926345691569e-05,0.00676478115860252,7.59926345716943e-05,0.0111977482872647,0.128272783030736,0.000352046312739766,7.59926345691532e-05,7.59926345691542e-05,7.59926345691544e-05
"mix_0163_depth100",7.59926345469544e-05,0.280161347778387,0.201561742748841,0.15488080549892,0.00620634343998632,0.00986251430542864,7.59926345691541e-05,0.000464602466281828,7.59926345396395e-05,0.0175672690140974,0.192396596131217,7.59926346208465e-05,0.00166061208292374,7.59926345691451e-05,0.0226492437588554
"mix_0163_depth25",7.59926345674665e-05,0.291142204178034,0.197076140668325,0.113398621632922,7.92998234993577e-05,0.00958589552872907,7.59926345691557e-05,0.00193338298847652,0.00617195660831447,0.0078850794009529,0.230937339076469,7.59926346357026e-05,7.59926345691503e-05,0.0210344887558403,0.0152673147782191
"mix_0164_depth100",5.31948442062946e-05,0.453158531612086,0.239106068208119,0.108944688987849,5.3194844198409e-05,0.00098578552153391,5.31948441984118e-05,5.3194844199441e-05,5.31948441885636e-05,0.0183045247723159,0.115213618672471,5.3194841610304e-05,5.3194844198408e-05,5.31948441984092e-05,0.0178547047841721
"mix_0164_depth25",5.31948441984092e-05,0.46609288691312,0.22502658903026,0.124791490490086,5.31948441984088e-05,5.31948441984091e-05,5.31948441983999e-05,5.31948441137074e-05,5.31948441984079e-05,0.015792009091283,0.100424510027466,5.31948462355709e-05,5.31948441984122e-05,5.31948441984134e-05,0.025574389113293
"mix_0165_depth100",7.59926345704262e-05,0.15162494435009,0.263100463821155,0.14658507636109,7.59926345691526e-05,7.59926345691544e-05,7.59926345691543e-05,0.00310939765950499,7.59926345653872e-05,7.59926345602849e-05,0.18479311865218,7.59926343497183e-05,0.0597498157343655,0.0205951698698023,0.050352218719863
"mix_0165_depth25",7.59926345691549e-05,0.168594932023795,0.268051109729179,0.0983106919732316,7.59926345691553e-05,7.59926345691539e-05,7.59926345691555e-05,0.00515687672446757,7.59926345702961e-05,0.00222334210982005,0.225714684951654,0.000553415914089696,0.0546334018636267,7.84764275866549e-05,0.052603645193924
"mix_0166_depth100",3.72363909382863e-05,0.438748263921597,0.0379128051835279,0.00271761125047531,0.191353690303678,0.0399635520595067,3.72363909388855e-05,0.00110210397207188,0.0197755445847802,3.72363909234925e-05,0.0755800882154286,3.72363908760873e-05,4.38584594195902e-05,0.0458724858339175,0.0287677172051433
"mix_0166_depth25",5.31948442005765e-05,0.421133265058925,0.0637981191208592,0.0112776147058582,0.151459892846008,0.0342271304257589,0.0017733525770414,5.31948441904121e-05,0.00644442017079257,5.31948441965919e-05,0.0760093651291326,0.000297087902571126,0.000124762770755015,0.0190458516611522,0.0520105551029825
"mix_0167_depth100",5.3194844198408e-05,0.390188223495677,0.10311571836565,7.49255674753102e-05,0.110256398081825,0.0211555949634737,5.31948441984084e-05,0.00199066774356702,0.00485675078548928,5.31948441924575e-05,0.103103464279196,5.31948442723101e-05,0.000178026184025042,0.186377778970111,5.31948441955305e-05
"mix_0167_depth25",0.00438830848577133,0.411906859945466,0.0825629977306284,4.52646982260494e-05,0.159959391534994,3.72363909388856e-05,3.72363909388864e-05,3.72363909388856e-05,0.0198606139124473,3.723639093764e-05,0.0649659122173318,3.72363909488144e-05,0.00957845349480713,0.187225309234056,3.72363909388856e-05
"mix_0168_depth100",5.31948441991353e-05,0.393463904910355,0.18038449904166,0.022568786074514,0.0217410332069161,5.31948441984068e-05,5.3194844198408e-05,5.3194844199901e-05,0.036742398247178,5.31948441984083e-05,0.0751652085714888,5.31948442938933e-05,6.34968481464118e-05,0.0801888837038901,0.0771823438312518
"mix_0168_depth25",3.72363909458958e-05,0.413482548382787,0.146247316214498,0.0230819661849192,0.0438989015895796,3.72363909388848e-05,3.72363909388854e-05,3.72363909388991e-05,0.0437849220467392,3.72363909388884e-05,0.0716131168559028,3.72363909444821e-05,8.86967238303777e-05,0.0680649548225962,0.0820465100936685
"mix_0169_depth100",5.31948441957744e-05,0.378384009769815,0.0613661198273753,5.31948441984105e-05,0.130687728297805,0.0157219718380829,5.31948441984081e-05,0.00039377081199021,0.00272115676279053,7.79818588650398e-05,0.107135776543766,5.3194844344683e-05,0.00014381482016106,0.0499469771515074,0.0623775284300596
"mix_0169_depth25",5.3194844199097e-05,0.364565036625758,0.0450652889806487,5.31948441984005e-05,0.146092021303164,0.0492827276802491,5.31948441984071e-05,0.00117327133175357,5.31948442011903e-05,5.31948441984083e-05,0.0163323176859241,5.31948411034881e-05,0.0301592142076876,0.0894715900091126,0.0295484973260633
"mix_0170_depth100",7.59926345773177e-05,0.300568073094829,0.154897961704034,0.00712316601764838,0.0700373755400061,7.59926345691528e-05,7.59926345691518e-05,7.59926345768657e-05,0.0253151079478706,0.00370542606057538,0.122111979407908,0.000175966418860971,0.00486373522113204,0.0827116329398798,0.105070315201402
"mix_0170_depth25",7.59926345691567e-05,0.30146501103291,0.110438032318543,0.0177210053379238,0.126525469104242,0.000634565762535359,7.59926345691533e-05,7.59926345691547e-05,0.00441255467351289,7.59926345691544e-05,0.121666515705482,7.59926311810736e-05,0.0194883991819984,0.0671538560753175,0.140436873876948
"mix_0171_depth100",5.31948441984103e-05,0.591937195935787,0.0720706172959846,0.00557746029101979,7.7445795923435e-05,5.31948441984073e-05,5.31948441984088e-05,0.0725977588514747,5.31948441980617e-05,5.31948441987258e-05,5.31948442003892e-05,5.31948506567571e-05,8.05657848303125e-05,5.31948441984079e-05,0.0939904798502075
"mix_0171_depth25",3.72363909388859e-05,0.636551811285852,0.0438183722869651,0.0218309391664286,0.00274125642940652,3.72363909388831e-05,3.90556442312365e-05,0.0625337413753406,3.72363909392594e-05,3.72363909388848e-05,3.72363902416049e-05,3.72363988735662e-05,0.000105084149334441,3.72363909388886e-05,0.0847842381917243
"mix_0172_depth100",5.31948441977764e-05,0.556218261321184,0.124786381112786,0.0196893153296059,0.0211852066781657,5.3194844198408e-05,5.31948441984079e-05,0.018027114810315,5.31948441984081e-05,5.31948441960302e-05,0.0256739837447419,5.31948389853742e-05,6.40605143622758e-05,0.000209960559523336,0.0989926937705211
"mix_0172_depth25",3.72363909388776e-05,0.547976495888315,0.129809248339897,0.0122952834837618,3.7236390938885e-05,0.00414501544693148,0.0027076097972513,0.00809748221916194,3.72363909388855e-05,3.72363909388857e-05,0.0115527170225542,0.000388486077443927,7.29648217454427e-05,0.0142602889254668,0.114062600765998
"mix_0173_depth100",5.31948441983775e-05,0.542429318421651,0.0225075539582187,5.31948441984093e-05,0.0785800922114424,5.3194844198408e-05,5.31948441984083e-05,0.100496114115058,0.0134910239721441,5.31948441984081e-05,0.0101322275585368,5.31948444972287e-05,0.000183611991996399,5.31948441984133e-05,0.0867930944262446
"mix_0173_depth25",5.31948441984201e-05,0.516438965181128,0.0558736573284354,5.31948441984062e-05,0.0357365077422961,0.0232469177798299,5.31948441984098e-05,0.0901361888146004,5.31948441984081e-05,5.3194844198408e-05,0.0224076120254018,5.31948523007858e-05,0.000190633917642671,5.31948441984122e-05,0.0883546516121205
"mix_0174_depth100",5.31948441964739e-05,0.596573946032358,0.131307423740735,0.0400668435214708,5.31948441984079e-05,5.31948441984112e-05,0.000612056685903061,5.31948441371727e-05,0.00782309341581276,0.00392846966866642,0.0749664945400965,5.31948458102628e-05,6.64968304478381e-05,5.31948441984044e-05,0.100282771928776
"mix_0174_depth25",3.72363909240822e-05,0.62362107612563,0.0946211839986246,0.0615895641807716,3.72363909388856e-05,3.7236390938873e-05,4.57247650433464e-05,3.72363909397611e-05,0.00448056798617055,0.00778286897522279,0.0615103656841409,3.72363910300424e-05,7.11867348438425e-05,3.72363909388792e-05,0.1068406614721
"mix_0175_depth100",5.31948441984091e-05,0.398866561762941,0.191587563101495,0.0886379079721074,5.31948441984087e-05,0.0159398783622591,0.0777864040909739,5.31948442155297e-05,5.31948441984045e-05,0.0028928703566865,0.060704804155758,5.31948439936447e-05,6.58706694795722e-05,5.31948441984093e-05,0.110028070288608
"mix_0175_depth25",5.31948441964772e-05,0.405694263165257,0.174912645844081,0.0693056884597032,5.31948441984019e-05,0.0139375447309021,0.0559269839440643,0.00502338578829705,5.31948441984076e-05,5.31948441984083e-05,0.0711954369558777,5.31948442267717e-05,0.00011210153364168,5.31948441984068e-05,0.101934171001052
"mix_0176_depth100",3.72363909384443e-05,0.418284063217689,0.203145581112905,5.62142911291194e-05,0.0151496307996259,3.72363909388854e-05,0.0727746205960607,0.0016357770014014,0.0175821196882043,3.72363909410219e-05,0.149211514424008,3.72363912200454e-05,0.0155607699976509,0.0177796932931579,0.0421410442272431
"mix_0176_depth25",3.72363909388856e-05,0.445377891416851,0.184416131021137,0.0185649247341859,0.0073438540814741,3.72363909388859e-05,0.0597084613489358,0.00439228201972113,0.0326879525464559,3.72363909390059e-05,0.110182974692258,3.72363935566521e-05,0.0185210987138774,5.54223645841831e-05,0.0341807321069141
"mix_0177_depth100",0.0181919368474436,0.416400160645886,0.104177420671771,0.0524666931670688,5.31948441984114e-05,0.0157531696538975,5.31948441984079e-05,0.000453182495266959,5.31948441993397e-05,5.31948442078813e-05,0.141925780375785,5.31948440778651e-05,0.000111498976952533,0.0326165299161468,0.0706168205649475
"mix_0177_depth25",0.0127928347382856,0.422562196490084,0.0667145516893419,0.0482264956415638,5.50345852053211e-05,0.0256823232678192,5.31948441984099e-05,5.31948441984082e-05,5.31948441992983e-05,5.3194844198646e-05,0.175138131869413,0.000696400068792135,0.000207142378918648,0.0566427119290224,0.0677569919154628
"mix_0178_depth100",0.0136380673245473,0.416736670886689,0.21362979004613,0.0361563027945148,5.31948441984111e-05,5.31948441984086e-05,5.31948441984079e-05,5.31948441920225e-05,5.31948441987973e-05,5.3194844204266e-05,0.0702660643435189,0.000198629291948161,8.24387592021716e-05,0.104583954787784,0.0469535117253966
"mix_0178_depth25",0.00983219566689371,0.387299316958718,0.237402426580163,0.0169588120099104,5.31948441984108e-05,5.31948441984079e-05,5.64702614895404e-05,5.31948441984081e-05,0.00807722551550303,5.31948441971508e-05,0.0844600586091652,0.000913584059611636,0.00014447426596994,0.157020034447614,5.31948441982796e-05
"mix_0179_depth100",0.0256052069375047,0.415870458004356,0.227554514890132,0.0585543023207338,0.00357491999634911,7.59926345691589e-05,7.59926345691552e-05,0.0022167316322299,7.59926345674652e-05,7.59926345691541e-05,0.0903628113118528,7.59926345037274e-05,0.00332060337865361,7.5992634569151e-05,0.08048501018771
"mix_0179_depth25",0.000879148472337959,0.426048159758062,0.20812464440104,0.0619113355701577,0.0107722266532941,5.31948441984071e-05,5.31948441984083e-05,0.00679416518799585,5.31948441988094e-05,5.31948441984081e-05,0.0902885927603221,5.31948405211547e-05,0.00275994700026118,5.31948441984117e-05,0.0977784174860553
"mix_0180_depth100",7.59926345400492e-05,0.353993823167248,0.270378360651127,0.0848007589199212,0.00339367213870133,7.59926345691552e-05,7.59926345691564e-05,0.000373556094937619,0.0304703890707524,7.59926345731681e-05,0.0737568458427966,7.59926347570005e-05,7.59926345691501e-05,0.0453439347253086,0.0348142403913065
"mix_0180_depth25",7.59926345913144e-05,0.367080680281249,0.259631467862458,0.108617264385024,7.59926345691546e-05,7.59926345691581e-05,7.59926345691509e-05,7.59926345691543e-05,0.0332942091978749,0.00267896821423408,0.057820211876869,7.5992634570394e-05,0.00013811726673648,7.59926345691535e-05,0.0473423339103998
"mix_0181_depth100",2.6065473657958e-05,0.597342481890249,0.162725528583509,0.0049883676591976,2.6065473657223e-05,2.60654736572201e-05,2.64944030277255e-05,2.60654736384897e-05,0.00957969519052167,0.000808395222738573,0.0698848722832038,2.60654736601846e-05,0.00272674532418291,0.120566184957783,0.0133006697423818
"mix_0181_depth25",2.60654736572206e-05,0.55897297241893,0.176876554534461,3.4430926181861e-05,2.60654736572189e-05,2.60654736572201e-05,3.4453649716257e-05,2.60654736583318e-05,0.0257829131790243,2.60654736570418e-05,0.0726094540401153,2.60654736731603e-05,0.0261891565643709,0.0873181367545279,0.0178916610029802
"mix_0182_depth100",7.59926345555666e-05,0.232714282491504,0.377774391239264,0.0922365331972277,0.0400093045698281,7.59926345691521e-05,7.59926345691545e-05,7.59926344838158e-05,0.0514496786622473,7.59926345689605e-05,0.129948162782544,7.59926458051737e-05,8.17903974813882e-05,7.5992634569155e-05,0.0319103266074229
"mix_0182_depth25",5.31948441991193e-05,0.241253336948475,0.340709237905727,0.0568246523216057,0.101517094942946,5.31948441984111e-05,5.31948441984066e-05,5.31948441963858e-05,0.0383175252385045,5.31948441984078e-05,0.126332446685644,5.31948404455379e-05,0.00469579380543991,5.31948441984074e-05,0.0461451584970122
"mix_0183_depth100",5.31948441984183e-05,0.380039808310235,0.134397177903403,5.31948441984025e-05,0.0066503472233565,5.3194844198408e-05,5.31948441984077e-05,0.00213758751131007,0.037164474150269,5.31948441984078e-05,0.0993586827686524,5.31948434399967e-05,0.0480619987194042,0.0865779459726505,0.103251907282289
"mix_0183_depth25",3.72363909388853e-05,0.385978998813514,0.111282549266075,3.72363909388858e-05,0.0251312921722959,3.72363909388856e-05,0.00543371914764723,0.00192661719338859,0.0305691087286931,3.72363909388864e-05,0.0794029519823901,3.72363916012768e-05,0.0556920626220241,0.0911809307159806,0.12056498260023
"mix_0184_depth100",5.31948441664911e-05,0.103863947423354,0.111866881706073,0.0229814820802861,0.0263683146828804,5.31948441984072e-05,5.31948441984163e-05,5.31948442341181e-05,0.00131605951530707,0.0370205688784259,0.0248192669446036,5.31948439969573e-05,0.517952126482648,5.319484419841e-05,0.0837586051958571
"mix_0184_depth25",5.3194844200755e-05,0.113253335408549,0.129779483353697,0.0315959927467186,5.31948441984075e-05,5.3194844198405e-05,6.11061098254712e-05,5.31948441932504e-05,0.0222161074310166,0.0243714102713478,0.0273278029183196,5.31948496192022e-05,0.477249020355421,5.31948441984045e-05,0.0824046242283921
"mix_0185_depth100",5.3194844198395e-05,0.605599849299083,0.0360571530589879,5.31948441984077e-05,0.0802477586440556,0.0153474726052832,5.31948441984064e-05,5.31948441811601e-05,0.0358631417681648,0.0164546603370503,0.0174975322178029,5.31948443154005e-05,0.000137468828857935,0.0255823232158185,0.0341810455003609
"mix_0185_depth25",2.60654736576358e-05,0.600444505453409,0.0670567237695876,3.01079314843199e-05,0.0275713845168668,0.0122671571063667,2.60654736572202e-05,2.60654736566443e-05,0.0377799982847877,0.0118498644970545,0.023560444059001,8.3792653639568e-05,4.27252988628114e-05,0.0268003769938552,0.037408203996643
"mix_0186_depth100",7.59926345534956e-05,0.24045765516422,0.312603911780504,0.130755727235235,0.0369274924818939,7.59926345691543e-05,7.59926345691572e-05,7.59926345691534e-05,7.59926345364224e-05,0.000158940221448236,0.150120165861965,7.59926299438911e-05,9.49576103364375e-05,0.0250372376526054,0.0314140919705867
"mix_0186_depth25",7.5992634570676e-05,0.239196769916865,0.282593387288167,0.130554553624344,0.0528894634224632,7.59926345691542e-05,7.59926345691553e-05,0.00434378043813011,7.5992634566723e-05,0.010045572743055,0.157177123081263,7.59926394118124e-05,0.000148034650034396,0.0550617043614917,7.59926345691062e-05
"mix_0187_depth100",5.31948441984075e-05,0.363039677170557,0.0977954344167124,0.0107986733185296,0.0621368209440737,0.0382422376102129,0.0388681275429779,0.00222347475677004,0.00110729834675374,5.31948441975829e-05,0.0950871079400408,5.31948434376172e-05,0.000221971654927196,0.095569396747858,0.0643593910281046
"mix_0187_depth25",5.31948441984079e-05,0.342280639798547,0.110228567566963,0.0156188082467096,0.0146960620294576,0.0434023335045812,0.0376918705586016,5.31948441990568e-05,5.31948441984078e-05,5.31948441992243e-05,0.104156154803733,5.31948446152266e-05,0.0125696559325709,0.147293440120334,0.0322919699496794
"mix_0188_depth100",0.000663414170670914,0.453204442936239,0.119406665093519,5.31948441984108e-05,0.0153083509466689,0.0466874019237132,5.3194844198408e-05,5.31948441986457e-05,0.0389625540030646,5.3194844198408e-05,0.0336446987935054,5.3194844325492e-05,5.72718427950999e-05,0.187584440445893,0.0039504040389982
"mix_0188_depth25",3.72363909397318e-05,0.472926642227835,0.0826591891087865,3.72363909388857e-05,0.0551141071468824,0.0208728711442645,3.72363909388882e-05,3.72363909388858e-05,0.0176391874755903,0.00917163993803124,0.050560615502421,3.72363909215446e-05,6.44257353472362e-05,0.174671548906876,3.72363909390685e-05
"mix_0189_depth100",0.754711042316899,5.31948441689749e-05,5.31948441984782e-05,5.31948441983844e-05,5.31948441984086e-05,5.31948441984043e-05,5.31948441984082e-05,5.31948441984021e-05,0.0160778557937447,5.31948447784616e-05,5.31948439873626e-05,0.00783320413270552,5.31948442043294e-05,5.31948441984023e-05,5.31948441984089e-05
"mix_0189_depth25",0.860110874232421,3.72363881240223e-05,3.7236390938885e-05,3.72363909385926e-05,3.72363909388898e-05,3.72363907298464e-05,3.7236389910458e-05,4.61441623787304e-05,0.000106343988102245,3.72363870089839e-05,3.72363979592254e-05,3.72363878842088e-05,3.72363895601182e-05,3.72363909360069e-05,7.40855080215027e-05
"mix_0190_depth100",0.747404398736449,5.31948459121503e-05,5.31948441984347e-05,5.31948441986341e-05,5.31948441984e-05,5.31948441984075e-05,5.31948441588844e-05,5.31948440586126e-05,0.0468659600294097,5.31948441982699e-05,5.31948442580532e-05,0.00287939094530696,5.31948441992162e-05,5.31948441983622e-05,5.31948441984079e-05
"mix_0190_depth25",0.775760168600832,3.72363942214235e-05,3.72363899234834e-05,3.72363909388263e-05,3.72363916903046e-05,3.72363909388878e-05,3.72363905935408e-05,3.72363874859456e-05,0.13052219416851,3.7236390938891e-05,3.72363959154265e-05,3.72363866159043e-05,3.72363910156894e-05,3.72363909388396e-05,3.9226509295594e-05
"mix_0191_depth100",0.884981880193266,3.72363931898672e-05,3.72363909492043e-05,3.72363909430562e-05,3.72363909388685e-05,3.72363909388825e-05,3.7236390905873e-05,3.7236390814278e-05,0.013480487664595,3.72363922294817e-05,3.723639092119e-05,0.00515960283246841,3.72363909077715e-05,3.72363909388898e-05,3.7236391026607e-05
"mix_0191_depth25",0.945548632373396,3.72363929956803e-05,3.72363911199869e-05,3.72363909203051e-05,3.7236390939222e-05,3.72363909388872e-05,3.72363919845874e-05,5.3987254549901e-05,0.000201420836656957,3.72363906066259e-05,3.72363902915217e-05,0.00827925038853794,3.72363909420804e-05,7.70735557558139e-05,5.86812608306787e-05
"mix_0192_depth100",0.838427468842008,3.72363909480642e-05,3.72363909370904e-05,3.7236390938923e-05,3.72363909347419e-05,3.72363909388845e-05,3.72363909389223e-05,3.72363909388827e-05,3.91389823231882e-05,3.72363911166227e-05,3.72363904186659e-05,0.00298224046704114,0.0028240955286359,3.72363909388919e-05,3.72363911161571e-05
"mix_0192_depth25",0.838655444000368,5.31948441981051e-05,5.31948458354823e-05,5.31948441983454e-05,5.31948441953129e-05,5.31948441684061e-05,5.31948444000774e-05,0.00100096991026088,6.7146973200264e-05,5.31948445853066e-05,5.31948410363996e-05,0.0201138265535416,5.31948439725731e-05,5.31948441565285e-05,5.31948452203739e-05
"mix_0193_depth100",0.812418554943682,3.72363908931453e-05,3.72363909392588e-05,3.72363909448838e-05,3.72363909388832e-05,3.72363909388854e-05,3.72363909388848e-05,3.72363912956591e-05,3.72363911214807e-05,3.72363909357094e-05,3.72363906473914e-05,3.72363909517228e-05,3.72363909427382e-05,0.000139008871170617,3.72363907947948e-05
"mix_0193_depth25",0.783147129413354,3.72363907372829e-05,3.72363909568442e-05,3.72363909388853e-05,3.72363909971159e-05,3.72363909401422e-05,0.000148231553579393,4.15443161142806e-05,3.7236390847215e-05,3.72363906631085e-05,3.72363911276049e-05,0.00157537454224494,0.004927659179055,0.000294101377508388,3.72363909504161e-05
"mix_0194_depth100",2.6065473897037e-05,0.836526490475067,2.60654736056901e-05,2.60654736574737e-05,2.60654736572169e-05,2.60654736572203e-05,2.60654736572197e-05,2.60654704789325e-05,2.60654733368795e-05,2.60654733311915e-05,2.60654737822445e-05,2.6065473552168e-05,0.000116567977534313,2.60654737035909e-05,2.60654743604214e-05
"mix_0194_depth25",2.60654730351574e-05,0.845161622501987,2.80711806189873e-05,2.60654736572042e-05,2.69645485411493e-05,2.60654736572194e-05,2.60654736572117e-05,2.60654728913655e-05,0.00184461739893749,2.60654745211424e-05,2.6065473682641e-05,2.60654748198775e-05,0.000125681339892895,2.60654736572123e-05,2.60654735311692e-05
"mix_0195_depth100",3.72363909903865e-05,0.849264574065236,0.00370620349981392,3.72363909383915e-05,3.72363909388883e-05,3.72363909388858e-05,3.7236390938886e-05,3.72363902861415e-05,0.00353151170658826,3.72363909928097e-05,3.72363909541963e-05,3.72363909300598e-05,8.7450835608868e-05,3.72363909392129e-05,3.72363909393243e-05
"mix_0195_depth25",2.60654736571966e-05,0.84343919280842,6.34347323541122e-05,2.6065473657221e-05,5.20805862999466e-05,2.60654736572165e-05,3.07464799383977e-05,2.60654746442738e-05,0.0110966428592767,2.60654736512792e-05,2.6065474007477e-05,2.60654736853208e-05,0.000311097745486398,2.60654736572243e-05,2.60654736573124e-05
"mix_0196_depth100",2.60654738029109e-05,0.858269196812639,2.6065473639287e-05,2.60654736572291e-05,2.60654736571894e-05,2.60654736572197e-05,2.60654736572211e-05,2.60654728628712e-05,2.60654736617453e-05,2.60654733664618e-05,2.60654736720445e-05,0.000953616904675565,3.5101243872778e-05,2.60654735218187e-05,2.60654732810041e-05
"mix_0196_depth25",2.60654712952994e-05,0.872301678733796,0.000113782727905645,2.60654736572134e-05,2.60654736572256e-05,2.60654736572187e-05,4.79067949021918e-05,2.60654700319651e-05,2.60654781005288e-05,2.60654900865112e-05,2.60654751567057e-05,2.60654812304065e-05,7.12967201216156e-05,2.60654735844995e-05,2.60654707893285e-05
"mix_0197_depth100",3.72363908467207e-05,0.861340584971866,3.72363909324649e-05,3.72363909388951e-05,3.72363909388634e-05,3.72363909388876e-05,3.72363909388838e-05,3.72363910600292e-05,3.72363909570916e-05,0.00129848036704795,3.72363909343935e-05,3.72363909326791e-05,3.7236390938931e-05,3.7236390938871e-05,3.72363909460724e-05
"mix_0197_depth25",2.60654722328097e-05,0.864794005549284,3.71189876472097e-05,2.60654736572223e-05,2.6065473657222e-05,2.60654736572343e-05,9.41035803535896e-05,2.60654677528764e-05,2.60654749235085e-05,2.60654764353028e-05,2.606547365722e-05,2.60654736595392e-05,3.73137948236155e-05,2.60654737642089e-05,2.60654745648178e-05
"mix_0198_depth100",3.72363908785537e-05,0.871256367697939,4.13245596117276e-05,3.7236390938895e-05,0.000267742527902213,3.7236390938885e-05,4.16453929199952e-05,3.72363911454611e-05,0.00155528427084733,3.72363908950243e-05,3.72363909086226e-05,3.72363909356405e-05,8.64471665411143e-05,3.72363909388902e-05,0.000105827236476253
"mix_0198_depth25",2.60654736361911e-05,0.834101720125931,0.00345412767003072,2.60654736572074e-05,0.0198398753992903,2.60654736572182e-05,0.00137967003235392,2.6065473557685e-05,2.60654730473158e-05,2.60654734835486e-05,2.6065473819769e-05,2.60654736477245e-05,6.63255423881426e-05,2.60654736566553e-05,2.60654739197036e-05
"mix_0199_depth100",5.31948442083189e-05,5.31948442654849e-05,0.310356434399002,0.312480468302966,0.0508613207877898,5.31948441984107e-05,5.31948441984095e-05,0.00257997024552225,5.31948441335797e-05,5.31948441897889e-05,0.238124542287654,5.31948438166362e-05,5.31948442000045e-05,0.000318499992694675,5.31948442496142e-05
"mix_0199_depth25",7.5992634570077e-05,7.59926345753412e-05,0.256161476447724,0.25124534700899,0.109157521806113,7.59926345691606e-05,7.59926345691541e-05,0.0054611509144702,7.59926345786792e-05,7.5992634726097e-05,0.285600853712547,7.59926302241549e-05,7.59926345691543e-05,0.0147204445574706,7.59926345599026e-05
"mix_0200_depth100",7.59926345850713e-05,7.59926344819942e-05,0.380571619605748,0.220048159252481,7.5992634569159e-05,0.000893687535391786,7.5992634569154e-05,7.59926345504263e-05,7.59926345635338e-05,0.00515720414881552,0.160780253591778,7.59926343591932e-05,7.59926345858839e-05,0.067538679882762,7.59926345735358e-05
"mix_0200_depth25",7.59926345741899e-05,7.59926345431636e-05,0.361512432902865,0.240971663398365,7.59926345691525e-05,7.59926345691544e-05,7.59926345691571e-05,7.59926345691543e-05,7.59926345672875e-05,7.59926347553017e-05,0.14339168936124,7.59926351162145e-05,7.5992634569168e-05,0.0879559652569434,7.59926345695901e-05
"mix_0201_depth100",5.31948442019271e-05,5.31948438089261e-05,0.357465508582614,0.268820745348146,0.000119744675054097,5.31948441984049e-05,5.3194844198408e-05,5.31948441984079e-05,5.31948436914846e-05,5.31948519259696e-05,0.244848114459819,5.31948356479066e-05,5.31948440141488e-05,5.31948441982223e-05,5.319484521477e-05
"mix_0201_depth25",5.31948441984067e-05,5.31948441853279e-05,0.330591426483204,0.290705357532173,0.0140602020415842,5.31948441984068e-05,5.31948441984082e-05,0.0021175914270091,5.31948455250122e-05,5.31948453380531e-05,0.281395953219011,5.31948427316429e-05,5.31948441984106e-05,5.31948441984005e-05,5.31948442062816e-05
"mix_0202_depth100",0.00260922533726967,3.72363918298611e-05,0.147542306701391,0.223089241382169,0.301779051099183,0.00245423009505861,3.72363909388825e-05,3.72363909183246e-05,3.72363909633904e-05,3.72363907241992e-05,0.218031934685093,3.72363851205593e-05,3.72363909338588e-05,3.72363909388859e-05,3.72363917247408e-05
"mix_0202_depth25",0.00891720271853695,5.31948441747613e-05,0.0944982852077325,0.0988498450387443,0.399815360661273,5.3194844198408e-05,5.31948441984104e-05,0.00144575816226604,5.31948442011908e-05,5.31948441846864e-05,0.274593380289009,5.31948445155345e-05,5.31948441984083e-05,5.31948441984124e-05,5.31948442029581e-05
"mix_0203_depth100",3.72363909427003e-05,3.72363911017712e-05,3.72363909388891e-05,0.0879782645574339,0.67102209918568,0.000960719760588903,3.7236390949317e-05,0.00101843110107056,3.72363918387893e-05,3.72363893768652e-05,0.160030603521042,0.00178361936905105,3.72363930865726e-05,3.72363909388849e-05,3.72363904119419e-05
"mix_0203_depth25",3.72363909384864e-05,3.72363909461579e-05,3.72363909389225e-05,0.0354043970263415,0.704545386945076,3.78309280277988e-05,3.72363908836617e-05,0.00369075486817216,3.72363905438311e-05,3.72363909973199e-05,0.193028014700807,0.0047290393816902,3.72363909388837e-05,3.72363909388868e-05,3.72363918256563e-05
"mix_0204_depth100",0.0198094578494171,3.72363907107309e-05,3.7236390938884e-05,3.72363909183422e-05,3.72363909388925e-05,0.191495047860338,3.72363909389007e-05,3.72363909370991e-05,9.17223105599006e-05,3.88367488536685e-05,3.72363909332227e-05,3.72363910570305e-05,3.72363910762756e-05,0.108367311896607,0.539733231107585
"mix_0204_depth25",0.0397572602738671,7.59926397738256e-05,7.59926345691544e-05,7.59926345691477e-05,0.00922528356523549,0.234546695316538,7.59926345691566e-05,7.59926345691543e-05,0.0210193549065377,7.72671560692638e-05,7.59926337846222e-05,7.59926295294555e-05,7.59926345691589e-05,0.15107239617908,0.375785240844802
"mix_0205_depth100",0.0183949921255827,3.72363914141439e-05,3.72363909387827e-05,3.72363909520994e-05,3.72363909388891e-05,0.202703371347145,3.72363909389043e-05,3.72363909393421e-05,0.000153197729574178,3.72363910101293e-05,3.72363909358345e-05,3.7236391011127e-05,3.72363910554696e-05,0.0649021528448578,0.55102274895713
"mix_0205_depth25",0.0639183589447364,5.3194844760767e-05,5.31948441983783e-05,5.31948441985567e-05,5.31948441984131e-05,0.238479823448604,5.3194844198414e-05,5.31948441984079e-05,0.0154560056267758,5.31948441984048e-05,5.31948442032533e-05,0.000822940724874649,5.31948441984286e-05,0.147999830823545,0.394680762509738
"mix_0206_depth100",0.00046093543392124,3.72363907620054e-05,3.72363909388344e-05,3.72363909804307e-05,3.72363909389136e-05,0.201338803600169,3.72363909389412e-05,3.72363909364815e-05,0.000119107965782887,3.72363909387666e-05,3.72363909573985e-05,3.72363940828193e-05,3.72363903195798e-05,0.0041101463473235,0.64909547562153
"mix_0206_depth25",0.0347454606387792,5.31948460794881e-05,5.31948441982666e-05,5.31948441460575e-05,5.31948441983988e-05,0.229132195672356,5.3194844198424e-05,0.00416634709552228,0.000117467582839271,5.31948441983451e-05,5.31948438658696e-05,5.31948522640344e-05,5.31948441954093e-05,0.000170561031786901,0.584731579536951
"mix_0207_depth100",5.31948441984092e-05,5.31948457927699e-05,5.31948441983929e-05,5.31948441984005e-05,5.31948441982445e-05,0.17491162587259,5.31948442845933e-05,5.31948441993608e-05,0.000136433959489934,5.31948441984045e-05,5.31948454239018e-05,5.31948443588945e-05,5.31948455081873e-05,6.616747499367e-05,0.702492455775331
"mix_0207_depth25",0.000204112600937521,3.72363777774174e-05,3.72363909387696e-05,3.72363909389073e-05,3.72363909388914e-05,0.202812750324962,3.72363911409234e-05,3.72363921232374e-05,0.0348267841565653,6.11639695549583e-05,3.72363916379602e-05,3.72363901989639e-05,3.72363924536484e-05,0.000117780691084388,0.640228251198696
"mix_0208_depth100",0.00784398351176564,3.72363892500026e-05,3.72363909387818e-05,3.72363908645622e-05,3.72363909389045e-05,0.204375043910329,3.72363909388964e-05,3.72363909395829e-05,0.00011755297920659,3.72363909389326e-05,3.72363909352619e-05,3.72363910102207e-05,3.72363908396665e-05,0.0240031888823934,0.621988221724359
"mix_0208_depth25",0.0223848690181029,5.31948496156853e-05,5.31948441984067e-05,5.31948441984014e-05,5.31948441988028e-05,0.251688446495874,5.31948441984102e-05,5.31948441984154e-05,0.00350214840067235,5.31948441984131e-05,5.31948444476589e-05,5.31948450490055e-05,5.31948441984126e-05,0.000236999709063914,0.557507451896926
"mix_0209_depth100",2.6065473657218e-05,2.60654743739926e-05,0.000113644850420047,2.6065473657037e-05,2.6065473657186e-05,2.60654736572237e-05,0.922696661015601,2.60654733591388e-05,0.00627743057265078,2.60654725707296e-05,2.60654747531444e-05,2.6065465020807e-05,4.60955035342291e-05,2.60654736572186e-05,2.60654736570665e-05
"mix_0209_depth25",2.60654736572199e-05,2.60654736572168e-05,0.000112500781654389,2.6065473657216e-05,4.89496138583399e-05,5.91523212453278e-05,0.900692784052906,2.60654743434539e-05,0.0123396323020849,2.60654735158278e-05,2.60654736570741e-05,2.60654763779435e-05,6.01674595629806e-05,9.04595593938069e-05,2.60654736571216e-05
"mix_0210_depth100",5.3194844198408e-05,5.31948441984364e-05,7.41815002724583e-05,5.31948441984045e-05,0.00928153607219918,0.00210411273702412,0.763282700550929,5.31948449492364e-05,0.00253512668316937,5.31948482050132e-05,5.31948441997207e-05,5.31948466965892e-05,5.31948441984098e-05,5.31948441984145e-05,5.31948441996563e-05
"mix_0210_depth25",0.00698652876675688,5.31948441984118e-05,6.13786454064904e-05,5.31948441984005e-05,9.5966082554917e-05,5.31948441984041e-05,0.710877430484604,5.31948441984504e-05,0.0251599156247154,5.31948441991795e-05,5.31948441984078e-05,5.3194846822101e-05,0.00011607955287346,5.36773953418664e-05,5.31948442232051e-05
"mix_0211_depth100",0.0085426448265156,2.6065473657221e-05,4.457873967221e-05,2.60654736571684e-05,2.60654736572214e-05,2.60654736572123e-05,0.823664894913078,2.60654732331868e-05,2.60654735041256e-05,2.60654738054823e-05,2.60654736629186e-05,2.60654682752374e-05,7.44473689293668e-05,0.00723589511016383,2.60654736422562e-05
"mix_0211_depth25",0.0132022725531287,2.60654736571807e-05,0.000304226770684535,2.6065473657233e-05,2.60654736572177e-05,2.60654736572188e-05,0.78931460249281,2.60654736572278e-05,0.0266981823934978,2.60654736572831e-05,2.60654739899834e-05,2.60654782815647e-05,0.0188597006436646,0.0061458660218211,2.6065473777339e-05
"mix_0212_depth100",2.60654736572196e-05,2.60654736572228e-05,7.81723041717739e-05,2.60654736535703e-05,8.92452100524907e-05,0.00236277982905324,0.890707124588574,2.60654736782223e-05,2.606547365852e-05,2.6065473659645e-05,2.60654737509166e-05,0.00162286303233991,4.1497431720623e-05,2.60654736571909e-05,2.60654737641819e-05
"mix_0212_depth25",2.60654736977984e-05,2.60654736572201e-05,3.68498453750576e-05,2.60654736572195e-05,0.000202161229247029,0.0110214829568449,0.849097502405592,2.60654740192719e-05,2.60654749189143e-05,2.60654715254777e-05,2.60654736571524e-05,0.00279364535135167,7.38422269084854e-05,5.57581945041533e-05,2.6065473672869e-05
"mix_0213_depth100",2.60654736572165e-05,2.6065474997699e-05,5.00521753235283e-05,2.60654736576073e-05,2.60654736572199e-05,2.60654736572209e-05,0.851066688784445,2.6065473537944e-05,2.60654736608083e-05,2.60654737017237e-05,2.60654721470198e-05,2.60654649548655e-05,2.98541618896428e-05,2.60654736572223e-05,2.6065473735444e-05
"mix_0213_depth25",5.31264804932615e-05,2.60654729719543e-05,0.00340389561226392,2.60654736572198e-05,9.61687401544723e-05,2.60654736572197e-05,0.823005028680416,4.09167419226492e-05,2.60654739839245e-05,2.60654800025194e-05,2.6065473657225e-05,2.60654796472139e-05,6.79073078822005e-05,2.60654736572202e-05,2.60654735891734e-05
"mix_0214_depth100",3.7236390938889e-05,3.72363924897468e-05,3.72363910600458e-05,3.72363909389036e-05,3.7236390938863e-05,3.72363909388929e-05,3.72363909390533e-05,0.873129290456824,3.72363909427593e-05,3.72363909395429e-05,3.72363916428295e-05,3.72363921115309e-05,3.72363909571859e-05,3.72363909200655e-05,3.72363909447956e-05
"mix_0214_depth25",7.40250427225625e-05,2.60654746312094e-05,2.60654736572187e-05,2.60654736572105e-05,2.60654736571869e-05,2.60654736572105e-05,3.44240335267858e-05,0.900947485917871,5.75842040062645e-05,2.78036323673053e-05,2.60654773683582e-05,2.60654700045144e-05,2.60654736572195e-05,9.12019854821764e-05,3.12224061554685e-05
"mix_0215_depth100",3.72363909388065e-05,3.72363981968021e-05,3.72363911424897e-05,3.72363909391952e-05,3.72363909388769e-05,3.72363909388841e-05,3.72363909388848e-05,0.841965520298274,3.72363913003928e-05,3.7236389792975e-05,3.7236391154257e-05,3.72364032156351e-05,3.72363907553077e-05,3.72363909388856e-05,3.72363909388859e-05
"mix_0215_depth25",7.27555294846237e-05,3.72363967498228e-05,3.72363936331971e-05,3.72363909388918e-05,3.72363909388704e-05,3.72363909388512e-05,3.72363909388943e-05,0.860627729640818,3.72363925256181e-05,3.72363914817526e-05,3.72363972459783e-05,3.72363894048109e-05,3.72363909389907e-05,7.64506666592128e-05,3.72363893272735e-05
"mix_0216_depth100",4.37857988648429e-05,3.72363927142936e-05,3.72363909016749e-05,3.72363909381983e-05,3.72363909388909e-05,3.72363909388856e-05,3.72363909388453e-05,0.845539005861094,3.72363909446447e-05,3.72363909399106e-05,3.7236391935757e-05,3.72363904845773e-05,3.72363923383457e-05,3.72363909386879e-05,0.000301075587582359
"mix_0216_depth25",6.05202623048764e-05,2.606547497562e-05,2.60654736572204e-05,2.60654736572169e-05,2.60654736572354e-05,2.79238118856344e-05,2.60654736575789e-05,0.930184754657476,2.60654744584603e-05,2.60654733980844e-05,2.60654731139701e-05,2.60654766677982e-05,2.60654736600148e-05,2.60654736563659e-05,7.58148193930954e-05
"mix_0217_depth100",7.19162660291867e-05,2.60654705713234e-05,2.60654734419867e-05,2.60654736542664e-05,2.60654736572135e-05,2.60654736572211e-05,2.60654736572201e-05,0.80134751876737,2.60654743015228e-05,2.60654734152236e-05,2.60654670307764e-05,2.60654900926327e-05,2.60654793172703e-05,2.60654736572273e-05,2.60654733085559e-05
"mix_0217_depth25",0.000248213672947285,2.60654735217196e-05,2.60654736568597e-05,2.60654736572244e-05,2.60654736581421e-05,2.60654736572162e-05,2.60654736572199e-05,0.793616037801275,2.6065473657243e-05,2.60654736572308e-05,2.60654736519975e-05,2.60654757823826e-05,2.60654736572153e-05,7.03511563834473e-05,0.0224773379329469
"mix_0218_depth100",0.000175701347681985,2.6065468804848e-05,2.60654736563399e-05,2.60654736552681e-05,2.60654736572261e-05,2.60654736572148e-05,2.60654736572193e-05,0.790123782842343,2.60654735689853e-05,2.60654730471269e-05,2.6065474656169e-05,2.60654730051841e-05,2.60654736616924e-05,0.00677658994486268,0.0042371121433533
"mix_0218_depth25",0.000111989442959216,2.60654719674908e-05,0.000549971125061886,2.60654736572192e-05,2.60654736572067e-05,2.60654736572301e-05,2.60654736571607e-05,0.8452390037385,2.60654736572363e-05,2.60654728896174e-05,2.60654742172688e-05,2.60654702208231e-05,2.60654734521517e-05,0.000171168017703134,0.00888303386847445
"mix_0219_depth100",2.60654741197804e-05,2.60654800634304e-05,0.00828303094458346,2.6065473657225e-05,2.60654736572217e-05,2.60654736572266e-05,2.60654736572419e-05,2.60654735716547e-05,0.873089323612837,5.10262557758882e-05,2.60654673391363e-05,2.60654655788732e-05,2.6065474915411e-05,6.57153622699072e-05,0.0533184070164605
"mix_0219_depth25",2.60654736105751e-05,2.60654756505234e-05,0.00045261780006654,2.60654736572213e-05,2.60654736572335e-05,2.60654736572272e-05,2.60654736570425e-05,2.60654736572151e-05,0.808833928087002,3.79916983520064e-05,2.60654736545386e-05,2.60654718024777e-05,2.60654736572197e-05,0.0978697961135313,0.0271644575270531
"mix_0220_depth100",1.82458315600557e-05,1.82458287309204e-05,0.00619042715777079,1.82458315600611e-05,1.82458315600623e-05,1.82458310192215e-05,1.82458322863639e-05,1.82458313991638e-05,0.96427251780898,2.43840608129274e-05,1.82458288598935e-05,1.82458214226215e-05,1.82458206399078e-05,1.99294167922605e-05,0.00194849366642584
"mix_0220_depth25",2.60654736573385e-05,2.60654737577252e-05,0.0186723743135098,2.60654736572215e-05,2.60654736572155e-05,2.60654745016733e-05,2.60654717899353e-05,2.60654733714303e-05,0.920626783385023,2.60654736572525e-05,2.60654756687243e-05,2.60654725817854e-05,2.60654728497406e-05,0.0098151176633977,0.000150565955205577
"mix_0221_depth100",3.72363909387927e-05,3.72363879848668e-05,0.0116561712688249,3.72363909388854e-05,3.72363909388834e-05,3.7236390938893e-05,3.7236390938886e-05,0.00272621917838834,0.630093620063033,3.80343599853961e-05,3.72363910024742e-05,3.72363925861196e-05,3.72363906242291e-05,8.23351896375388e-05,0.270021082640931
"mix_0221_depth25",2.60654736572036e-05,2.60654756396145e-05,0.00307663278638803,2.60654736572138e-05,2.60654736572246e-05,2.60654736571877e-05,2.60654736572178e-05,2.60654744482339e-05,0.800584581773935,2.7469461126906e-05,2.60654733001233e-05,2.60654758141509e-05,2.60654731183834e-05,0.0102222271646989,0.0795475449523973
"mix_0222_depth100",6.44596273655091e-05,5.31948441130551e-05,0.00230128882404411,5.31948441984175e-05,5.3194844198397e-05,5.31948441984086e-05,5.31948441984077e-05,5.31948441984347e-05,0.775954350534719,5.31948441984101e-05,5.31948442044879e-05,0.00111704668793384,5.31948441107792e-05,5.31948441984063e-05,0.195776473985414
"mix_0222_depth25",5.605098728287e-05,5.31948417976288e-05,5.31948441984067e-05,5.31948441984053e-05,5.31948441984068e-05,5.31948439823006e-05,5.31948441984021e-05,5.31948440310682e-05,0.519741821656705,7.91670844935011e-05,0.00905120196723772,5.31948451999613e-05,5.31948441983945e-05,5.31948441984352e-05,0.466324715661565
"mix_0223_depth100",0.0295097992849523,5.31948439930138e-05,0.00434342316477798,5.31948441984192e-05,5.31948441984015e-05,5.31948441984049e-05,5.31948441984112e-05,5.31948441984082e-05,0.76545719371205,5.31948441984275e-05,5.31948435255042e-05,5.3194842904057e-05,0.00126633644764082,5.31948441984084e-05,0.0940816114611603
"mix_0223_depth25",0.0383425633859983,3.72363867734091e-05,0.0195882214970976,3.72363909388739e-05,3.7236390938867e-05,3.72363910063984e-05,3.72363909388873e-05,3.72363909388854e-05,0.861702905627664,3.7236390938955e-05,3.72363914242802e-05,3.72363867934667e-05,3.7236388805381e-05,0.000121897217019889,0.0170159580168504
"mix_0224_depth100",3.72363910105831e-05,3.72363910091595e-05,3.72363901991313e-05,3.72363909389239e-05,3.72363914035025e-05,3.72363909388829e-05,3.7236390938876e-05,3.72363909389548e-05,0.112252272337104,0.567840885568614,3.72363928786785e-05,3.72363993004319e-05,3.72363873573994e-05,3.72363909390051e-05,0.13445266449586
"mix_0224_depth25",2.6065473854689e-05,2.606547383799e-05,2.60654741633733e-05,2.60654736572438e-05,2.60654742418969e-05,2.6065473657217e-05,2.60654736686901e-05,2.60654736572214e-05,0.35305989901414,0.430608890330607,2.6065476718264e-05,2.60654768781349e-05,2.60654736577223e-05,2.96852369190624e-05,0.0959545601460286
"mix_0225_depth100",3.72363909388852e-05,3.72363904369053e-05,0.00180794627584675,3.72363909389097e-05,3.72363909388575e-05,3.72363909388773e-05,3.72363909388847e-05,3.72363909388809e-05,0.161700278361755,0.550633092326727,3.72363909407884e-05,3.72363916386361e-05,3.72363909375714e-05,3.72363909389283e-05,0.203016044191483
"mix_0225_depth25",2.6065474163555e-05,2.60654736572615e-05,0.0168236856417894,2.60654736572868e-05,2.60654736572162e-05,2.60654736570681e-05,2.60654739192358e-05,2.6065473657229e-05,0.320100337624947,0.402865267434553,2.60654736576123e-05,2.60654779640569e-05,2.60654736572212e-05,7.01569232449883e-05,0.147438196737743
"mix_0226_depth100",3.7236390938679e-05,3.72363908969175e-05,3.72363909500888e-05,3.72363909388847e-05,3.7236390938763e-05,3.72363909388825e-05,3.72363909388806e-05,3.72363909397215e-05,0.124746877055362,0.643099073359393,3.72363908097907e-05,0.000943976802313968,3.7236390948185e-05,3.72363909389617e-05,0.159600536629742
"mix_0226_depth25",1.83462424217631e-05,1.82458323270145e-05,1.8245831456848e-05,1.82458315648762e-05,1.82458315600243e-05,1.82458315600227e-05,1.82458315600539e-05,1.8245831560055e-05,0.129315843572376,0.618709903145892,1.82458308697538e-05,1.82458322485645e-05,0.000907286364253567,3.10013351513212e-05,0.230626018363778
"mix_0227_depth100",3.72363916817525e-05,3.7236391350117e-05,3.72363901281935e-05,3.72363909388784e-05,3.72363909388858e-05,3.72363909389936e-05,3.72363909388819e-05,3.72363909388827e-05,0.302769371069069,0.359770972240334,3.72363910509369e-05,3.72363953619098e-05,3.7236390939825e-05,3.72363909388881e-05,0.205534292750975
"mix_0227_depth25",5.31948447441604e-05,5.31948421203066e-05,5.31948440058705e-05,5.3194844198439e-05,5.31948439206476e-05,5.31948441984114e-05,5.31948428850263e-05,5.31948441984037e-05,0.329622299717295,0.288659180138121,5.31948423215271e-05,5.3194850545763e-05,5.31948441984079e-05,8.27259457361107e-05,0.378729536077765
"mix_0228_depth100",5.3194844198407e-05,5.31948441475112e-05,5.31948441954729e-05,5.31948441984103e-05,5.31948441983893e-05,0.00521252053039847,5.31948441984117e-05,5.31948441984185e-05,5.31948441984988e-05,0.575582688078453,5.31948447217572e-05,5.31948406695846e-05,5.31948432902537e-05,5.31948441984071e-05,0.270185595243479
"mix_0228_depth25",0.0286059754552726,3.72363886393536e-05,3.72363909388949e-05,3.72363909388913e-05,3.72363909388819e-05,3.72363908433425e-05,3.72363909941347e-05,3.7236390938885e-05,3.72363909388899e-05,0.655942940322035,3.7236390826668e-05,3.72363903711574e-05,3.72363908414077e-05,3.72363909388892e-05,0.160836545746208
"mix_0229_depth100",3.72363909407289e-05,0.169419269876454,3.72363909388864e-05,3.72363909388858e-05,0.156591877850294,0.0164242213736076,0.0943648896123272,0.00120140238033167,3.72363909373307e-05,3.72363909871194e-05,0.0316792601642731,0.000377232336309687,0.403904359230433,3.72363909388856e-05,3.72363909563114e-05
"mix_0229_depth25",5.3194844198725e-05,0.143102241790016,5.31948441984115e-05,0.024681788779299,0.126065497771007,0.0492130850150628,0.114670233081543,0.00555754244633963,5.3194844198403e-05,5.31948443055367e-05,0.0124840241838504,5.31948441767808e-05,0.356114361940656,0.00303911630891331,5.31948441993209e-05
"mix_0230_depth100",2.60654728727983e-05,2.96715812858543e-05,2.97392775712273e-05,2.60654736572522e-05,2.60654736572088e-05,2.60654736572161e-05,3.75628687067015e-05,2.60654736251629e-05,2.60654735021323e-05,2.60654722770369e-05,2.6065475062132e-05,2.60654691467906e-05,0.873908910118347,2.60654736571089e-05,2.60654716142035e-05
"mix_0230_depth25",2.60654717694158e-05,4.34274742092123e-05,0.000151069610599869,2.60654736572009e-05,4.21584674286176e-05,2.60654736574775e-05,4.15148460154425e-05,2.60654735097826e-05,2.60654736572196e-05,2.60654743096945e-05,2.60654731961703e-05,2.60654733530065e-05,0.904341437197449,2.60654736572143e-05,2.60654743384236e-05
"mix_0231_depth100",3.72363909384856e-05,0.0316923347818792,0.0636092325662478,0.131116786910171,3.72363909388892e-05,3.72363909388865e-05,3.72897702002199e-05,3.72363909566761e-05,3.7236390899208e-05,0.000328320307922366,0.0703135778603073,3.72363905567875e-05,0.601687965480965,3.7236390938892e-05,3.72363908438701e-05
"mix_0231_depth25",3.72363909302604e-05,0.0247355690735506,0.0587547089125405,0.147905529349654,3.72363909388855e-05,3.72363909388859e-05,0.0140651427192254,0.000416194323338287,3.72363917226113e-05,3.72363926476056e-05,0.0857652727866364,3.72363891980783e-05,0.525278268256694,3.72363909388863e-05,3.72363899199589e-05
"mix_0232_depth100",2.60654726685362e-05,2.62657174248232e-05,6.36859691715192e-05,2.60654736572439e-05,3.37657305959902e-05,2.60654736572207e-05,4.67137249292367e-05,2.60654821032894e-05,2.60654759784863e-05,2.60654785742918e-05,2.60654736572133e-05,2.60654648104822e-05,0.860965743611947,2.6065473657219e-05,2.60654733010513e-05
"mix_0232_depth25",2.60654720926587e-05,3.86725577485184e-05,4.05166774192839e-05,2.60654736572213e-05,3.06749591833778e-05,3.99298669483284e-05,8.04960594476679e-05,2.60654736583473e-05,2.60654743728304e-05,2.60654743754601e-05,2.6065473657213e-05,2.60654834173482e-05,0.857244491590926,3.83601620974073e-05,2.60654747941133e-05
"mix_0233_depth100",2.6065473656441e-05,0.0452850584135265,0.00814588386422399,4.85396193113978e-05,0.0846280704128265,2.60654736572246e-05,2.60654736572232e-05,2.60654735845664e-05,2.60654746022106e-05,2.60654754546351e-05,0.0766497899067267,2.60654769869749e-05,0.647555483710069,2.60654736572174e-05,2.60654785539778e-05
"mix_0233_depth25",3.7236390939223e-05,0.0664291495238819,0.0654379422571812,0.0300272944818295,0.0763122908239682,3.72363909388855e-05,3.72363909388882e-05,3.72363909388858e-05,3.72363889689109e-05,3.72363948846364e-05,0.0909820474760233,3.72363909598524e-05,0.505299399387939,3.72363909746831e-05,3.723638962042e-05
"mix_0234_depth100",5.31948452132556e-05,5.319484425889e-05,5.31948441984536e-05,5.3194844058109e-05,5.31948441984195e-05,5.31948441984105e-05,5.31948441980271e-05,5.31948441984079e-05,0.0202469412646336,5.31948441984075e-05,5.3194844328457e-05,5.31948437478648e-05,5.31948448812317e-05,0.149651774900008,0.5807105413782
"mix_0234_depth25",3.72363907827944e-05,3.7236387528953e-05,3.7236390938893e-05,3.72363909388778e-05,3.72363909389432e-05,3.72363909388847e-05,3.72363909388846e-05,3.72363909388855e-05,0.00382275843927198,3.72363909389938e-05,3.72363904237059e-05,3.7236389430976e-05,3.72363909388196e-05,0.182681619754012,0.622175801587059
"mix_0235_depth100",5.31948435838951e-05,5.31948515666498e-05,5.31948441987205e-05,5.31948441982951e-05,5.31948441984066e-05,5.31948441984137e-05,5.31948441984007e-05,5.319484293186e-05,5.31948441984067e-05,6.47891249418652e-05,5.31948453649488e-05,5.31948470110975e-05,5.31948442098833e-05,0.0548993054567637,0.66664898819359
"mix_0235_depth25",5.31948441984045e-05,5.31948455773537e-05,5.31948441984059e-05,5.31948441983889e-05,5.31948441985484e-05,5.31948441984081e-05,5.31948441984049e-05,5.31948432555293e-05,5.31948441984119e-05,6.6760945026913e-05,5.31948441724519e-05,5.3194852256562e-05,5.31948441984123e-05,0.0731568826113777,0.677455365127548
"mix_0236_depth100",0.00550517113955216,5.31948441518311e-05,5.31948441984083e-05,5.31948441983931e-05,5.31948441984346e-05,5.3194844198408e-05,5.31948441984096e-05,5.31948441966832e-05,0.0279217850491976,5.31948441983816e-05,5.31948444155323e-05,5.31948515672486e-05,5.31948442331552e-05,0.204942465777054,0.537986435670201
"mix_0236_depth25",5.31948441984309e-05,5.31948442432053e-05,5.31948441984082e-05,5.31948441983862e-05,5.31948441983919e-05,5.31948441984079e-05,5.31948441984104e-05,5.31948449948369e-05,0.054339512721707,5.31948441984149e-05,5.31948441977727e-05,5.31948496838482e-05,5.31948441984071e-05,0.46933653165909,0.283362391611005
"mix_0237_depth100",7.59926345152546e-05,7.59926362694015e-05,0.00174751274230251,7.59926345691785e-05,7.59926345692485e-05,7.59926345691573e-05,7.59926345691589e-05,7.59926345593887e-05,7.59926345691509e-05,7.5992634569128e-05,7.59926340101255e-05,7.59926356142652e-05,7.59926344802333e-05,0.326179283045942,0.392612510119966
"mix_0237_depth25",7.59926340634718e-05,7.59926284512424e-05,7.59926345690798e-05,7.59926345690906e-05,7.59926345691602e-05,7.599263456916e-05,7.59926345691069e-05,7.59926345690622e-05,0.0095485278320589,7.59926345691876e-05,7.59926354422647e-05,7.59926350771909e-05,7.59926345691541e-05,0.555756957828611,0.19203690341266
"mix_0238_depth100",5.31948441971465e-05,5.31948454125722e-05,5.31948441984182e-05,5.31948441983799e-05,5.31948441984614e-05,5.31948441984109e-05,5.31948441983939e-05,5.31948441981854e-05,8.20526674130462e-05,5.31948441983353e-05,5.31948442015662e-05,5.31948477220325e-05,5.31948441992821e-05,0.166024470996371,0.623464134212191
"mix_0238_depth25",5.31948440591931e-05,5.31948453200005e-05,5.31948441984002e-05,5.31948441983938e-05,5.31948441984188e-05,5.31948441983873e-05,5.31948441984312e-05,5.31948441983889e-05,0.000141946884635283,5.3194844198357e-05,5.31948441993953e-05,5.31948401719452e-05,5.31948441984127e-05,0.412992952694877,0.448446425829454
"mix_0239_depth100",3.72363909395561e-05,3.72363909769973e-05,3.72363909749313e-05,3.7236390938879e-05,3.72363909388833e-05,3.72363909388868e-05,3.7236389355057e-05,3.72363909392479e-05,0.000158270619701015,0.0396863654779972,3.72363949526607e-05,3.72363977748022e-05,3.72363909456287e-05,8.04317565076719e-05,0.820559777765716
"mix_0239_depth25",2.60654735386218e-05,2.60654711891133e-05,2.60654736572618e-05,2.60654736572169e-05,2.60654736571748e-05,2.6065473657224e-05,2.6065473657231e-05,2.60654736572108e-05,0.0315365964225823,0.0793016189890494,2.60654719858039e-05,2.60654764547069e-05,2.60654736572178e-05,0.157479393454611,0.632051865222101
"mix_0240_depth100",3.72363909389081e-05,3.72363909431015e-05,0.019412951743018,3.72363909388857e-05,3.72363909388608e-05,3.72363909388854e-05,3.72363909388851e-05,3.72363904883081e-05,0.0790927342810078,4.02488251937047e-05,3.72363909397983e-05,3.72363882427646e-05,3.72363909400318e-05,6.44674499465003e-05,0.761122329749626
"mix_0240_depth25",3.72363905529592e-05,3.72363991923839e-05,3.72363909388561e-05,3.72363909388798e-05,0.0585286515754837,3.72363909388886e-05,3.72363909388852e-05,3.72363881337946e-05,0.111770445515508,4.121473279496e-05,3.72363909388859e-05,3.72363873814703e-05,3.72363909388862e-05,0.00022976149025473,0.702139923123622
"mix_0241_depth100",0.00677519987230151,3.72363983937064e-05,3.72363910626117e-05,3.72363909389366e-05,3.72363909388769e-05,3.72363909388859e-05,3.72363909388821e-05,3.72363947302689e-05,0.000109262781005984,4.4689048219233e-05,3.7236392230169e-05,3.72363836657278e-05,3.72363813184549e-05,0.000181069776400811,0.842859550708314
"mix_0241_depth25",0.0225831322828852,2.60654736335315e-05,2.60654736572119e-05,2.6065473657222e-05,2.60654736571127e-05,2.60654736571802e-05,2.60654737168394e-05,2.60654751002595e-05,5.2965229107473e-05,3.21013175131111e-05,2.60654726836677e-05,2.60654707597586e-05,2.60654732231093e-05,0.000333066554821977,0.862037814604024
"mix_0242_depth100",3.72363909388853e-05,3.72363908690213e-05,3.72363909427272e-05,3.72363909388613e-05,3.7236390163902e-05,3.72363909388857e-05,3.72363909298239e-05,3.72363909206731e-05,0.0223819623559306,4.41275851147423e-05,3.72363909730292e-05,3.72364001101687e-05,3.7236390939899e-05,8.89525580182409e-05,0.805355144967304
"mix_0242_depth25",9.72417203225737e-05,5.31948475323692e-05,5.31948442184387e-05,5.31948441984068e-05,5.31948439558619e-05,5.31948441984032e-05,5.31948440662048e-05,5.31948444812789e-05,9.02447234553046e-05,5.4052505142977e-05,5.31948500037654e-05,5.31948410369448e-05,5.3194844080837e-05,0.000110384066663681,0.81882836304553
"mix_0243_depth100",3.72363917285659e-05,3.72363747606543e-05,3.72363909388817e-05,3.72363909388559e-05,3.72363909292487e-05,3.72363909388928e-05,3.72363909388871e-05,3.72363941429814e-05,0.018778395688179,5.54431132393674e-05,3.72363934581036e-05,3.72363914993133e-05,3.72363905163972e-05,4.09665314263974e-05,0.877421804599241
"mix_0243_depth25",2.6065474141837e-05,2.6065478600762e-05,2.60654745617001e-05,2.60654736572022e-05,2.60654731890018e-05,2.60654736572413e-05,2.60654736572197e-05,2.60654721361006e-05,0.0262475733202004,3.19210545745457e-05,2.60654781156677e-05,2.60654684711074e-05,2.60654737838949e-05,0.000353852441071504,0.897463828162835
