"","B-cells","CAFs","Cancer LumA","Cancer LumB","Cancer Other","Cycling T-cells","Endothelial","Myeloid","NK cells","NKT cells","Normal Epithelial","Plasmablasts","PVL","T cells CD4+","T cells CD8+"
"mix_0000_depth100",8.90661814516708e-05,8.90661808696193e-05,0.0489477614605096,0.129198013972417,0.548019725898065,8.9066181387741e-05,8.90661813877415e-05,8.90661813836931e-05,8.9066181374354e-05,8.90661826813951e-05,0.241515556523659,8.90661817316321e-05,0.0129965691899839,0.0185207773216282,8.90661814694244e-05
"mix_0000_depth25",8.85133913302903e-05,8.8513391278844e-05,0.0205209443772501,0.13669413543548,0.567190230775256,0.00801297246082434,8.85133913476806e-05,0.00404280266852142,8.85133913249338e-05,8.85133910854776e-05,0.254610382165565,8.85133913092602e-05,0.00540755340064537,0.00290138497742037,8.85133913605126e-05
"mix_0001_depth100",5.89599372046162e-05,5.89599375632927e-05,0.449271165646708,0.274400405601478,6.0131191790891e-05,0.00307944583115082,0.000808301187884256,5.89599373509442e-05,5.89599373208118e-05,5.89599371633384e-05,0.259148117230813,5.89599359534789e-05,5.89599372231704e-05,0.0127607538132024,5.89599371926953e-05
"mix_0001_depth25",5.90705754925895e-05,5.90705755678919e-05,0.466565759696797,0.241964800949901,9.03631075881218e-05,0.003633626164244,5.90705754951333e-05,5.90705755580405e-05,5.90705754804787e-05,5.90705755799543e-05,0.284120199743392,5.90705779631697e-05,0.000429746084621098,0.00272293964684008,5.90705754800945e-05
"mix_0002_depth100",4.1428660786094e-05,4.14286620461342e-05,0.359047795004996,0.207792375655252,0.0582640450452326,4.1428660802824e-05,4.1428660811862e-05,4.14286607681859e-05,4.14286604877784e-05,4.14286585110031e-05,0.301240618715146,4.142866855039e-05,0.0340517327885806,0.0392305748372294,4.142866079973e-05
"mix_0002_depth25",5.74898170690637e-05,5.74898170363489e-05,0.338215916011067,0.189615822429299,0.0920878374366237,5.74898170672852e-05,5.74898170672878e-05,5.74898170654669e-05,5.74898170592475e-05,5.74898175995149e-05,0.293984677421682,5.74898174357931e-05,0.0363491009454998,0.0492292374013648,5.74898170639719e-05
"mix_0003_depth100",0.00217056515253654,3.86728408765845e-05,0.435620812625925,0.27110019125023,0.0257940696663883,3.86728401908818e-05,3.86728401902373e-05,0.0449410898945631,3.86728401471118e-05,3.86728406591287e-05,0.204772688389486,3.86728399866636e-05,0.00291429975410479,0.0124155733841255,3.86728405906268e-05
"mix_0003_depth25",0.00370417221079474,7.94259862722129e-05,0.402562248000128,0.271314846905603,9.13677843186371e-05,0.00542969324162609,8.61377470127837e-05,0.0523744103333622,7.94259865859868e-05,7.94259866531397e-05,0.248381224701773,7.942598667992e-05,0.00185508038184229,0.0138036887607334,7.94259866144439e-05
"mix_0004_depth100",5.83226811614459e-05,5.83226811903933e-05,0.247637236175448,0.200888591770841,0.226683160741411,0.00894251414793217,5.83226811603542e-05,0.0485504257442731,5.83226812992832e-05,5.8322681149676e-05,0.264587773876477,0.000583319227243321,0.00171871954812483,5.83226811603507e-05,5.8322681128277e-05
"mix_0004_depth25",0.00753477872455292,0.000166312945351529,0.228517802515294,0.158933788799729,0.282831660901853,8.27433481225096e-05,8.2743348122511e-05,0.0446470846772462,8.27433481163961e-05,8.27433483611597e-05,0.272071821598176,0.00215767523260253,0.00264261451621867,8.27433481225105e-05,8.27433481303246e-05
"mix_0005_depth100",0.0136369803946299,8.46902091377212e-05,0.362736887055353,0.226130988990463,8.46902091619651e-05,0.00558505217373572,8.46902091632816e-05,0.116100820679954,8.46902091470311e-05,8.46902092872295e-05,0.269067994207901,8.46902119453592e-05,0.00606375482180802,8.4690209161965e-05,8.4690209149577e-05
"mix_0005_depth25",0.0125155126350053,0.000375472728853498,0.346056459964609,0.206535965911932,8.48822550317252e-05,8.4882255031725e-05,8.4882255031725e-05,0.131506614574522,8.48822550335384e-05,8.48822550344084e-05,0.286559310422138,8.48822550257782e-05,0.00670643762237777,8.48822550317245e-05,0.00915005035534273
"mix_0006_depth100",5.91801295672362e-05,0.00197818135241363,0.31569164876269,0.175010138943333,0.105970318283415,5.91801295767155e-05,0.0911318303138029,0.000628143794434756,5.91801291873405e-05,5.91801325332721e-05,0.268061519298552,5.91801312621609e-05,0.041113958337441,5.91801295669073e-05,5.91801322241847e-05
"mix_0006_depth25",8.75828537016954e-05,0.00484714447305357,0.264592620515941,0.149667700830961,0.178273248849616,8.75828536993007e-05,0.0908120252676056,0.0036679741817287,8.75828552102163e-05,8.75828530094169e-05,0.257838137480166,8.75828582925047e-05,0.0496880684196449,8.75828536993012e-05,8.75828536698533e-05
"mix_0007_depth100",6.29322016326045e-05,6.29322014799799e-05,0.464573438657339,0.289315626675554,6.29322016537209e-05,0.0029397546100664,0.028512983759059,6.29322016532951e-05,6.29322013267972e-05,6.29322017177266e-05,0.208183120992505,6.29322008399076e-05,0.0059086854922874,6.29322016580965e-05,6.29322012276375e-05
"mix_0007_depth25",6.11132293338554e-05,6.11132293549489e-05,0.407397524295485,0.270253966936001,0.041500007545961,0.00331572979700597,0.0175243478731174,6.11132293417036e-05,6.1113228740874e-05,6.11132291725145e-05,0.25945840448911,6.11132292973721e-05,6.11132293322486e-05,6.11132293322487e-05,6.11132294136376e-05
"mix_0008_depth100",5.63024436312913e-05,5.63024436255409e-05,0.4190325399233,0.27130893922198,0.0226229963622204,8.717224444901e-05,0.0236877108175006,5.63024436798767e-05,5.63024436140606e-05,5.63024435134423e-05,0.252873772730175,5.6302445083663e-05,5.63024436362864e-05,0.00993644914982028,5.63024437705202e-05
"mix_0008_depth25",5.70125691078417e-05,5.7012569127045e-05,0.395681662945413,0.2293752272366,0.0177690808586264,0.00463858450423245,0.0245686952625995,5.70125688197205e-05,5.70125691107614e-05,5.70125692573491e-05,0.30952669675424,5.70125690186956e-05,0.0055318460745974,0.012509118380172,5.70125690786576e-05
"mix_0009_depth100",0.0425721785168076,5.79594204661737e-05,0.289881139962393,0.325619521063946,0.0461893392046923,0.000963338435210075,5.79594204806523e-05,5.79594205176695e-05,5.79594204543222e-05,5.79594208543244e-05,0.229212136185756,5.79594208399218e-05,0.065098671266652,5.7959420480652e-05,5.79594204489025e-05
"mix_0009_depth25",0.0348486671365311,0.00292229444596662,0.304794958970079,0.329104855645453,0.000136550821366083,8.21819778330836e-05,8.21819778330794e-05,0.00588844724701143,8.218197783639e-05,8.21819777615899e-05,0.234514256569504,8.21819777226976e-05,0.062732898908611,0.0245639783886573,8.21819778339907e-05
"mix_0010_depth100",0.0654304129497872,5.67545336410764e-05,0.444240403361899,0.202499384866836,5.67545337380653e-05,5.67545337380661e-05,0.000779482231024638,5.67545337380676e-05,5.67545337371636e-05,5.6754536409746e-05,0.275824776986027,5.67545401254061e-05,0.0107147487918284,5.6754533738068e-05,5.67545337328325e-05
"mix_0010_depth25",0.0748507041277847,5.3847108514482e-05,0.364005934964815,0.234140756548464,5.76266661883067e-05,5.38471085067379e-05,5.38471085067382e-05,5.38471085067383e-05,5.38471085251358e-05,5.3847108792108e-05,0.304338593127408,0.00174382346057023,0.0204317842363092,5.3847108506739e-05,5.38471086023888e-05
"mix_0011_depth100",0.0294971429912055,5.93502972335147e-05,0.414073793045635,0.221497010547518,0.000132217275206083,0.00957060218579031,5.93502972549863e-05,0.000279765274711228,5.93502972184281e-05,5.93503003323971e-05,0.267183754822458,5.93502974006192e-05,0.0573502617735297,5.93502972549868e-05,5.9350297250965e-05
"mix_0011_depth25",0.0237693323140316,8.31952103634177e-05,0.409995102677057,0.231075851764144,0.00268764153030994,0.00905183072221778,8.31952103642522e-05,0.00198022275003136,8.31952103732226e-05,8.31952099726766e-05,0.256258611049773,8.31952103694711e-05,0.0608040771983939,0.0038781587322337,8.31952103641525e-05
"mix_0012_depth100",8.63032560050829e-05,8.63032561216454e-05,0.375676898856856,0.377617182049248,8.63032560212965e-05,8.63032560212948e-05,8.63032560262833e-05,8.63032559856575e-05,0.00683870188657481,0.00338795526366158,0.22215767879457,0.000482670115385641,0.00510904960627923,0.00812574063537166,8.63032558714509e-05
"mix_0012_depth25",8.56295401416373e-05,8.56295401388415e-05,0.384292729723791,0.332978984679549,8.56295401316306e-05,0.00273979264525803,8.56295401316367e-05,8.562954010868e-05,8.56295401185763e-05,0.0045433570089087,0.234584602440203,8.56295382767234e-05,0.00526709617921056,0.0349084010040717,8.56295399593627e-05
"mix_0013_depth100",8.40250364625887e-05,8.40250366873901e-05,0.359944410089688,0.217648471726476,8.40250366086616e-05,0.00067403355733406,8.40250366086561e-05,8.40250365503002e-05,0.00677470969529682,8.4025036664679e-05,0.303978762407714,8.4025036798304e-05,0.0992920700419238,8.40250366086633e-05,0.0110153421885777
"mix_0013_depth25",8.17566660437073e-05,8.17566656305595e-05,0.33331301360387,0.244239302784909,8.17566656425728e-05,8.17566656425901e-05,8.17566656426032e-05,8.17566656331221e-05,8.17566656399062e-05,8.17566656634923e-05,0.30417406164608,8.17566656432867e-05,0.0956468680240245,8.17566656425867e-05,0.0218091872842917
"mix_0014_depth100",5.7329001644079e-05,5.73290017714668e-05,0.393058257202505,0.278756265233612,0.0467285036723313,5.73290016391948e-05,5.73290016391943e-05,5.73290016642529e-05,0.0187924012668482,5.73290016517865e-05,0.208822354645303,5.73290016411886e-05,0.014397683168275,0.0389859027978465,5.73290016271397e-05
"mix_0014_depth25",0.00209928300092307,5.79283277378301e-05,0.299775641673774,0.298934861781545,0.0960036942631017,5.79283271639886e-05,5.79283271639929e-05,0.000466314223297181,0.0177287544605771,0.00354412412509997,0.230886189103711,5.7928327076062e-05,0.0196115469936648,0.0306599487380008,5.79283271633157e-05
"mix_0015_depth100",7.92347283839307e-05,7.9234728387293e-05,0.42550474306366,0.336086095743914,0.00015303630530418,0.00654075350056476,7.92347283889306e-05,7.92347282800529e-05,0.00135536771927706,0.0476952310023898,0.179445928031414,0.000229124332079266,0.00251431193116574,7.92347283913427e-05,7.923472839998e-05
"mix_0015_depth25",5.23080178892848e-05,5.23080178529096e-05,0.41622838348369,0.303626368403517,0.0269483088007285,5.23080178812949e-05,5.23080178812986e-05,5.23080178782289e-05,0.00285893531210943,0.046134418505216,0.203732813333804,5.23080179062327e-05,5.23080178812973e-05,5.23080178812959e-05,5.23080178818475e-05
"mix_0016_depth100",8.62922624212153e-05,8.62922625141043e-05,0.367530521988653,0.331578668671334,0.0417971277539714,0.00751869900622333,8.62922624652756e-05,8.62922624892556e-05,8.62922624976088e-05,0.0309824676928538,0.201670829357831,8.6292261402319e-05,0.0182313474304112,8.62922624751788e-05,8.62922624572625e-05
"mix_0016_depth25",8.76437206058193e-05,0.000453043083004145,0.37807932006221,0.310805494043018,0.021590466101968,0.0181632219919564,8.76437204504211e-05,8.7643720454514e-05,8.76437204428777e-05,0.0239101370364057,0.220877923192048,8.76437240312568e-05,0.017805784768977,0.0077887473939782,8.76437204504049e-05
"mix_0017_depth100",6.20783234036381e-05,6.20783233690843e-05,6.2078323425758e-05,0.0946944020175435,0.666447150700647,0.0144014030954249,6.20783234395978e-05,6.20783234219852e-05,0.0170175060687436,6.20783233824478e-05,0.206818754879872,6.2078326925835e-05,6.20783234123522e-05,6.20783234257582e-05,6.20783235634927e-05
"mix_0017_depth25",8.97552166898903e-05,8.97552167075461e-05,8.97552167323595e-05,0.0738304457643487,0.629809258792427,0.00460659048268148,8.97552167323661e-05,8.97552167319542e-05,0.0176105034999386,8.97552168055308e-05,0.270159933831694,8.97552204163809e-05,0.00179727018884285,0.00146795570260961,8.97552166411871e-05
"mix_0018_depth100",8.23999800320692e-05,0.000785817755102402,0.358318775245359,0.236384055351089,0.000304595111957295,0.0173664395710733,8.23999800406588e-05,8.23999800158387e-05,8.23999800392696e-05,0.0018803647926163,0.32679662511385,8.23999799479417e-05,0.033695456409062,0.0125196175826041,0.0115362531672111
"mix_0018_depth25",0.00595550573549519,8.38882840323486e-05,0.322269909849172,0.248825118114606,0.0514432101277209,0.00173482954993592,8.38882840422149e-05,0.00812319667211522,8.38882840371828e-05,0.00287226498818031,0.308987011239489,8.38882840416733e-05,0.040706101997524,8.38882840422135e-05,0.00866341030556616
"mix_0019_depth100",0.00178203176465128,3.82454733594217e-05,0.0308600611983118,0.0586931037740713,0.500237899817864,3.82454734199881e-05,3.82454734199897e-05,3.82454733487216e-05,3.8245473238073e-05,3.82454736060312e-05,0.194712489536137,3.82454733707526e-05,0.167748609634614,0.0456598404871922,3.8245473395624e-05
"mix_0019_depth25",5.54044708290328e-05,5.54044708196452e-05,0.0166233806724372,0.0481823813754501,0.486389807474808,0.00220445022269902,5.54044708290326e-05,5.54044708374873e-05,5.54044708126827e-05,5.54044719073093e-05,0.231024031175389,5.54044678355314e-05,0.166610700825206,0.0485220124893025,5.54044708367757e-05
"mix_0020_depth100",7.89689619801198e-05,0.000241553825487511,0.379897508308302,0.28406447707839,8.49050228307195e-05,0.00417160035528947,7.8968962002042e-05,7.89689615723854e-05,7.89689619671017e-05,0.00459181059740484,0.280355064720806,7.89689591639296e-05,0.0122740663878731,0.027863488232432,0.00606068066449989
"mix_0020_depth25",7.89804895910855e-05,7.89804895942453e-05,0.317115687462519,0.228923516062204,0.099241681665149,7.89804895894806e-05,7.89804895894789e-05,7.89804895894805e-05,7.89804895949615e-05,0.00564949497766363,0.296254304362417,7.89804891747544e-05,0.0107268017700268,0.0414566697837052,7.89804895918761e-05
"mix_0021_depth100",8.49130590564669e-05,8.49130591029363e-05,0.349937075450515,0.284540515973372,0.0288536516369936,8.49130590390237e-05,8.49130590122208e-05,8.49130590651222e-05,8.49130590162691e-05,8.49130589781844e-05,0.252531784867378,8.49130578994647e-05,0.0117726285501602,0.0438763125937742,0.027808726456637
"mix_0021_depth25",8.2523131712552e-05,8.25231324295467e-05,0.333752841204013,0.282457095360019,0.000203257419308754,8.25231317057317e-05,8.25231317057332e-05,8.25231317028492e-05,8.25231317082313e-05,8.25231317263022e-05,0.302973865855156,8.25231353056485e-05,0.0106635344617558,0.0484818473445505,0.0208073732972007
"mix_0022_depth100",0.0019033513320349,8.25709964223266e-05,0.298358754732539,0.168522233889357,0.0528373542550903,0.00602688874257234,8.25709964421719e-05,0.00705048052594347,8.25709964310569e-05,0.00435960374082198,0.336178025561008,8.25709984288311e-05,0.0193797937522212,0.104970658484246,8.25709964421728e-05
"mix_0022_depth25",8.26053347524263e-05,0.00458344744685854,0.29695233840494,0.17189335943918,0.00637236787137796,0.00340471658185958,8.2605334752426e-05,0.00695981289779341,8.26053347514721e-05,8.26053347397193e-05,0.373378748725849,8.26053347652014e-05,0.0168864752166645,0.114935599585091,0.00422010715662435
"mix_0023_depth100",8.32490000150722e-05,8.32490000342683e-05,0.372888488836392,0.214640996100169,0.000119222923914299,0.00217023652851352,8.32490000150724e-05,0.00201573296482348,0.0412475431854559,8.32490000164702e-05,0.261875902569303,8.32489992387806e-05,0.0262681306708865,0.0782677135131233,8.97877080998421e-05
"mix_0023_depth25",8.17291910254709e-05,0.000127609568092113,0.381717691583529,0.198408811919624,0.012161529478798,8.17291910257371e-05,8.17291910257373e-05,0.00463282590131292,0.0359279010190064,0.00181685265847605,0.255270052123625,8.1729190809425e-05,0.0298936141319609,0.0796344656606641,8.17291910256142e-05
"mix_0024_depth100",8.80491348826187e-05,8.80491349576644e-05,0.392502851810779,0.26630881225063,9.05563397030566e-05,0.0141857269805475,8.80491348826179e-05,0.101968925232824,8.80491348500977e-05,8.8049134898877e-05,0.199556236588279,8.80491239206029e-05,0.00305795738602759,0.00129417452844371,0.0205064640843738
"mix_0024_depth25",0.000126227885253854,0.000126227885252501,0.393148259165418,0.251201708189103,0.000126227885253855,0.00758202121057063,0.000126227885253855,0.108108041317463,0.000126227885254785,0.000126227885253855,0.197581999956754,0.000126227890968108,0.00596829705552294,0.000126227885253843,0.0353998500174235
"mix_0025_depth100",0.0279128535382766,8.03747179546513e-05,0.43061928155711,0.240712322561223,0.0268630303324502,8.03747179296796e-05,8.03747179301646e-05,0.013899151644706,0.0214798976053497,0.0106090111197937,0.21221579530724,8.03747135164903e-05,0.012665515159206,0.00262126758940022,8.03747179128944e-05
"mix_0025_depth25",0.0416430934985189,0.000134659665372234,0.444934246668366,0.196071574964201,0.00726273737264909,0.00411994945355295,7.99539254679986e-05,0.00937659074889305,0.0238218916452624,0.013800467769384,0.229780414034478,7.99539254948238e-05,0.0139624249639554,0.0148520874389359,7.99539254679894e-05
"mix_0026_depth100",0.000126359942645693,0.000126359942617022,0.333748756615171,0.160522367899078,0.039927109108653,0.000126359942645694,0.000126359942645695,0.0401343466330034,0.000126359942642705,0.0140020130473671,0.25076251275369,0.000126359949357126,0.0359777648011746,0.0968542243735697,0.0273127451057388
"mix_0026_depth25",0.000124158039779042,0.000124158039744203,0.322520751760391,0.182516967051838,0.0621366058574641,0.000124158039779043,0.00012415803977904,0.042718871373638,0.000124158039779039,0.0258900786839975,0.257089840225128,0.00012415803983134,0.0247890664387704,0.0389045822528169,0.0426882881172643
"mix_0027_depth100",8.40824352620235e-05,8.40824351284896e-05,0.288837892523365,0.209090890783063,8.40824352610034e-05,0.00586593313453867,0.315528125159822,0.00215872701537813,8.40824352181998e-05,0.0024987586426308,0.163899280221329,8.40824390181055e-05,8.40824352610036e-05,8.40824352610013e-05,0.0115318154694637
"mix_0027_depth25",8.15854060248733e-05,8.15854059581607e-05,0.298776875584177,0.229138912897581,8.15854060248707e-05,0.00867257712400387,0.26592996467268,0.0022476063778462,8.15854060379068e-05,0.0017007539531466,0.176093909984074,8.15853996867385e-05,8.15854060248731e-05,8.15854060248723e-05,0.0168683015707091
"mix_0028_depth100",8.19354667042923e-05,8.19354671565152e-05,0.428075252421191,0.279903616518306,8.19354666895548e-05,0.00268126833942834,0.0295198670455318,0.00376038253850749,8.19354667069205e-05,0.00569607460710743,0.223319659135225,8.19354631562301e-05,0.00233892341413039,0.00815217736802916,0.0161431012821295
"mix_0028_depth25",7.92156781920552e-05,7.92156782325021e-05,0.429260541540881,0.242984512194426,7.92156781946256e-05,0.00675668149472696,0.0354146037677414,0.00380626004442785,0.014315199887259,0.00241467615439507,0.252808624973405,7.92156775596347e-05,0.0047013771983981,0.00714144435396666,7.92156781946289e-05
"mix_0029_depth100",8.36792698251205e-05,8.367926992922e-05,0.361825342042708,0.256248106057543,0.0216151149500699,8.36792698330033e-05,0.00384694102293089,8.36792706340769e-05,8.36792698842096e-05,8.36792697941688e-05,0.297818501656623,8.36792709014668e-05,0.0366001891701562,8.36792698330023e-05,0.0213763709393356
"mix_0029_depth25",8.1709095734066e-05,8.17090956974363e-05,0.310025917064997,0.275936979891313,0.00213084925129248,8.17090957572529e-05,0.0116921136492082,8.17090957301207e-05,8.17090957430449e-05,8.1709095764635e-05,0.36312567936332,8.17091010192074e-05,0.00893148811480585,0.00998935237478901,0.0175956566148288
"mix_0030_depth100",0.0209975345379014,8.15415068974966e-05,0.312720903342747,0.19121215943733,0.0991671181607498,8.15415068572435e-05,8.15415068572435e-05,0.00525509439898222,8.15415068808754e-05,0.0052492434313201,0.320975113178001,0.000145182926788555,0.00890589586352158,8.15415068572432e-05,0.034964047188308
"mix_0030_depth25",0.0191065151067829,7.7023506842055e-05,0.313312690575924,0.200148951706147,0.0845885711509093,0.00997866236388749,7.70235068591631e-05,0.0153136687032959,7.70235068628466e-05,7.70235068591633e-05,0.31123136990638,0.000378257866536287,0.00335467618148404,7.70235068591594e-05,0.0422015189043718
"mix_0031_depth100",0.0344162975867384,7.95375474034732e-05,0.383280378965536,0.270464998171686,7.95375476062399e-05,0.00846054080572747,7.95375476040101e-05,7.95375476171377e-05,0.00449123815805785,7.9537547560307e-05,0.262902369309438,0.000521460402666811,0.00943735199925812,0.0255481393154935,7.95375476067148e-05
"mix_0031_depth25",0.0125864908762274,7.72550499065079e-05,0.384062465987516,0.203755563701821,7.7255049896658e-05,0.0111510891718719,7.72550498966487e-05,0.0103905949464983,0.0015259103206569,7.72550498684933e-05,0.335295889732965,0.00124558792329183,0.016212131614826,0.0226100140600929,0.000855241464664732
"mix_0032_depth100",0.0235149735908587,5.67269631420902e-05,0.365676547375493,0.166908914543686,0.0015161830727832,0.00253560739272973,5.67269631860908e-05,5.67269631914791e-05,5.67269631770679e-05,5.67269632049346e-05,0.300969530911795,5.67269633421606e-05,0.0960020057729013,0.0366449040924338,0.0058909714680758
"mix_0032_depth25",0.00260416698944558,7.80208932530998e-05,0.429691854551512,0.171744766472269,0.000102589222097263,7.80208932549812e-05,7.80208932549812e-05,0.0127977823417777,7.80208932540256e-05,7.8020893267523e-05,0.240333525961079,0.0019447551928139,0.0815244184323991,0.0566670133312065,0.00219902303911531
"mix_0033_depth100",5.64971442348501e-05,5.64971442489142e-05,0.48546843621499,0.174283718252244,0.064049053256207,0.000684572670320198,5.64971442397467e-05,5.64971444120602e-05,0.0239774176545211,5.64971442426148e-05,0.186406992196831,5.64971456230546e-05,0.0199309129016034,0.0442443083078741,0.00061560567840884
"mix_0033_depth25",7.98795526472967e-05,7.98795526503607e-05,0.457178306526675,0.160461901536779,0.054280645079081,0.00472989587970359,7.98795526472955e-05,7.98795526478859e-05,0.0321570006803904,7.9879552674276e-05,0.235924417584371,7.98795506454449e-05,0.0265964795579899,0.0233901623960759,0.00480191344502206
"mix_0034_depth100",8.83960172164478e-05,8.83960178981685e-05,0.402245010567587,0.268179805844691,8.8396017213722e-05,8.8396017213724e-05,8.83960172137229e-05,8.83960180059507e-05,0.0269121239143744,8.83960171685321e-05,0.257390236163442,8.8396003242045e-05,0.00613503694047579,0.0034173666679281,0.0350132517763288
"mix_0034_depth25",8.82358606331285e-05,8.82358607147776e-05,0.356070489568023,0.244694947359042,0.0306691995358841,8.82358606331311e-05,8.82358606331264e-05,8.82358606483379e-05,0.0510651017473196,8.82358606399548e-05,0.282700033611399,8.8235858468032e-05,8.82358606331273e-05,0.0124500070943036,0.0216443342010247
"mix_0035_depth100",6.18971292340144e-05,6.18971307999578e-05,0.243258691564998,0.140800894632326,0.172157737197897,0.0149275498657194,6.18971292337195e-05,6.1897128657595e-05,0.016098521441861,6.18971292449476e-05,0.310842099199449,6.18971263170313e-05,0.0160821595328686,0.0853990666621732,6.18971292201526e-05
"mix_0035_depth25",0.0108575083675762,0.00012478967480495,0.227386696935623,0.134421464626585,0.152261190202358,0.00241791406699323,0.000124789674919974,0.00324926386709258,0.0145975036534184,0.000377641261381373,0.327488215212429,0.000124789673708059,0.0150229095969364,0.111420533511252,0.000124789674922042
"mix_0036_depth100",8.75739469796076e-05,8.75739469870332e-05,0.473399594875813,0.222612192573883,0.0082128444437891,8.75739470083667e-05,8.75739470272564e-05,8.7573947095963e-05,0.00463820831390632,0.00367090846329233,0.214277475330455,8.75739468975704e-05,0.0244127785238057,0.0215139886177765,0.0267365651752826
"mix_0036_depth25",8.47177812591456e-05,8.47177811876474e-05,0.466585702327332,0.225070428612142,0.00626421985146102,8.47177812552935e-05,8.47177812552971e-05,0.00321779032339836,8.47177812500859e-05,0.0090349998096721,0.197195931796168,8.47177811067752e-05,0.0372049845158076,0.0463394335678738,0.00857820250883086
"mix_0037_depth100",9.20911796022757e-05,9.209117965012e-05,0.27907897192342,0.36317031735507,0.0339220330102209,0.00753773736431584,9.20911795967793e-05,9.20911794486581e-05,9.20911795996524e-05,0.046400761373299,0.221779051945103,9.20911925021053e-05,0.00784323530281569,0.0366521491463982,0.00306319548895685
"mix_0037_depth25",8.91940571105746e-05,8.91940571425604e-05,0.267593085007023,0.382383243303416,0.0488528655260207,0.015513360448842,8.91940571194777e-05,8.91940571162381e-05,8.91940571207987e-05,0.0418717112048907,0.202135067614521,8.91940575117967e-05,0.00130877679795028,0.0397175316970953,8.91940571205648e-05
"mix_0038_depth100",0.000743722591990691,0.00223628224096796,0.394809381198731,0.267068650826704,0.000113925650364097,0.00614613047435494,0.0192177766012726,0.000113925650424911,0.011290177538773,0.0303294243287245,0.206734358677162,0.00011392565034989,0.0213537591579819,0.0305879419037973,0.00914061750840185
"mix_0038_depth25",0.00351166719116148,0.00315265182491479,0.410978623524289,0.246208012153828,9.51656753302061e-05,7.9410739839673e-05,0.0154526561032033,7.94107398396728e-05,7.94107398396728e-05,0.0379749587558929,0.211249581145594,7.94107397669025e-05,0.0219503503107747,0.00287696246632824,0.0462317278893976
"mix_0039_depth100",5.92000590590183e-05,5.92000589888696e-05,0.285609405831024,0.111818975699261,0.124450161998128,0.0376021359477972,5.9200059059018e-05,0.00582716841642314,0.0107303340058405,5.92000590590218e-05,0.246394747022986,5.92000590321546e-05,0.0694870283138943,5.92000590590186e-05,0.107724842410389
"mix_0039_depth25",6.00563526348654e-05,6.00563526332242e-05,0.300294608679025,0.124738733114479,0.0880951926744367,0.0301066408352151,6.00563526348657e-05,0.011158329381333,6.00563526348685e-05,6.00563526348658e-05,0.229451060644339,6.00563493204007e-05,0.083707875276098,6.00563526348698e-05,0.132027164929946
"mix_0040_depth100",4.05791572230691e-05,4.05791563962969e-05,0.24954552817247,0.0698643925510976,0.240817008241687,0.0326728004300381,4.05791572202861e-05,4.05791572214156e-05,4.0579157016832e-05,4.05791572329736e-05,0.259212622729338,4.05791498223624e-05,0.0236773886630217,0.121518922046167,0.00240728307404697
"mix_0040_depth25",3.96055638591818e-05,3.96055605616447e-05,0.300569532988353,0.043022622661073,0.232797051307415,0.0237855239118892,3.96055638591813e-05,0.00693305299515167,3.96055638592055e-05,3.96055666615452e-05,0.23591162354942,3.96055554486733e-05,0.0331151779589053,0.123588175689684,3.96055638591817e-05
"mix_0041_depth100",6.47437763378025e-05,6.4743776605559e-05,0.21160292554652,0.0737492004969084,0.243604364426243,0.0284047953462181,6.4743776337803e-05,0.00344922336586451,6.49174095408356e-05,6.4743776342353e-05,0.299715922926209,6.47437765391215e-05,0.0343749936980551,0.0512668625884602,0.0534430753138184
"mix_0041_depth25",6.27498844976576e-05,6.27498844257667e-05,0.178911115408267,0.0570778347316345,0.268881157775154,0.0203145314389069,6.27498844963834e-05,0.00586886776942974,0.00429523592180088,6.27498844872233e-05,0.332915350076439,6.27498845206643e-05,0.0361337038889366,0.0656529649427611,0.0296354886242433
"mix_0042_depth100",8.44360096503531e-05,8.44360105149021e-05,8.44360096577393e-05,0.11187366872155,0.508458830454563,0.0144498021843576,8.4436009665194e-05,8.44360097763664e-05,8.4436009628907e-05,8.44360096409244e-05,0.259550730211128,8.44360135849365e-05,0.00803832576079555,0.0568269513706719,0.0401262032148145
"mix_0042_depth25",8.39391945182053e-05,8.39391944655187e-05,8.39391945182055e-05,0.0836453036988774,0.490391398622285,0.0383918468634792,8.39391945182065e-05,0.000654207841260914,8.39391945182047e-05,0.000539694061862867,0.267550954416138,8.3939198295269e-05,0.0154967498474553,0.0591461678739909,0.0436800416038164
"mix_0043_depth100",0.000125337053012342,0.000125337053040325,0.160079042681849,0.141797281029042,0.0122610142457031,0.000125337053005469,0.000125337053005467,0.00563857700111964,0.00012533705300419,0.000125337053005469,0.244486224722254,0.000125337051674106,0.164239043794219,0.159897815960161,0.110723641195904
"mix_0043_depth25",0.000173388273964353,0.000173388273968839,0.211022835539906,0.152651889575612,0.0282969091224624,0.000173388273964353,0.000173388273964352,0.00869422017559812,0.000173388273964357,0.0248638433954627,0.187528437056188,0.000173388270166969,0.166168079758097,0.134109740079314,0.0856237156573664
"mix_0044_depth100",8.90729395873074e-05,8.90729390050619e-05,0.412317726434019,0.107134817365359,8.90729395854639e-05,8.90729395854704e-05,8.90729395854727e-05,0.0104059142006528,0.0142507192689038,0.0115056784891812,0.239630136014154,8.90729397900405e-05,0.0397755387204215,0.0169907725931685,0.147454259277002
"mix_0044_depth25",0.000127428331843774,0.00012742833241919,0.394223464081577,0.105572393815306,0.000127428331843777,0.000127428331843788,0.000127428331843782,0.0162297415712217,0.000127428331843779,0.00436538762916999,0.228424322120431,0.000127428331855802,0.0682272496981524,0.00607604677988879,0.175989395980759
"mix_0045_depth100",0.000113500449160034,0.0065216597329736,0.278012103198899,0.243697966905325,0.000113500449160035,0.000113500449160034,0.000113500449160034,0.060290166473426,0.000113500449160036,0.012161615733768,0.228637690031672,0.00011350044567793,0.00456652094237092,0.0374328107772973,0.12799846351279
"mix_0045_depth25",0.0041520198962019,0.00477526232053632,0.265927399515323,0.241099239770972,9.50904047281247e-05,7.64987776064872e-05,7.64987776064884e-05,0.0530540845966266,7.6498777606488e-05,0.00964353056838446,0.250348375052171,7.64987806311955e-05,0.00528645313313706,9.90982937184464e-05,0.16521345133475
"mix_0046_depth100",9.08513935547155e-05,9.08513934372209e-05,0.362778606485844,0.128159132233143,0.0705263230966595,9.08513935547163e-05,9.08513935547156e-05,0.035253375033661,9.08513935574142e-05,0.00436786492196877,0.258039705410961,0.000234952507521308,0.0288479547645602,9.08513935547155e-05,0.111246977184467
"mix_0046_depth25",8.54473520728685e-05,8.54473520757075e-05,0.373228883645873,0.0792825261261181,0.0513025425198219,8.54473520728609e-05,8.54473520728684e-05,0.023924934450044,8.54473520728794e-05,8.54473520728664e-05,0.283344779288859,8.54473492516754e-05,0.0387335341330297,0.0588194847304568,0.090765183644106
"mix_0047_depth100",8.39147813388595e-05,8.39147813001978e-05,0.334248551726309,0.156586208386309,8.39147813388835e-05,8.39147813388769e-05,8.39147813388819e-05,0.175491265498377,8.39147813388845e-05,8.3914781342927e-05,0.184879445043344,8.39147827728123e-05,8.39147813406664e-05,0.0749247912903456,0.0731145050218647
"mix_0047_depth25",8.16834405529878e-05,8.16834405672543e-05,0.335930545391589,0.135631146657215,8.16834405530112e-05,8.16834405529973e-05,8.16834405530124e-05,0.175332994344476,8.1683440554262e-05,8.16834405530092e-05,0.203114937490065,8.16834405884406e-05,8.16834405530091e-05,0.0855273469923425,0.0637278781592847
"mix_0048_depth100",0.000115794377068268,0.000115794377044456,0.34717119387516,0.223857618589291,0.000115794377068595,0.00117327748943009,0.0722299204122815,0.00105919287651285,0.000115794377068607,0.000115794377068607,0.224049691856635,0.000115794375049665,0.0445403377692581,0.00521767381140668,0.0800063270596562
"mix_0048_depth25",0.000447011192850388,0.00167989466669385,0.31717239623145,0.218064244787366,0.0181069000779274,0.000114452637174599,0.0889133211225024,0.00801625453734467,0.00198440555148994,0.00528928316784171,0.218980620212559,0.000114452637243241,0.0428140877781397,0.0144892118243563,0.06381346357506
"mix_0049_depth100",8.57713075596329e-05,8.57713075620729e-05,0.00332580425676904,0.043504459641186,0.518884408100479,0.0143165253602228,0.0107178939185287,0.00282565534640999,8.57713075851403e-05,0.00644011031657735,0.244855348986018,8.57713020405636e-05,0.0264630500107573,0.054055297877241,0.0742683609610634
"mix_0049_depth25",0.000119398355064912,0.000119398355061669,0.0893700807020772,0.0624384522133165,0.381814731097703,0.000119398355065748,0.000119398355065748,0.00482122902916044,0.0128219494122925,0.00273113643156694,0.245317084677207,0.000119398358602292,0.0383566515898289,0.0986530680250352,0.0630786250429512
"mix_0050_depth100",0.00492412099413585,8.37080019441541e-05,0.230819576871502,0.173592630587622,0.187465495358578,8.37080018624978e-05,0.0234141072238065,0.00141887129529336,0.0169395972455582,8.37080018623808e-05,0.23445686389007,8.37080043462378e-05,0.0353222090417237,8.37080018624981e-05,0.0912279874798318
"mix_0050_depth25",0.0205920652649234,8.30724670742342e-05,0.278269128621153,0.162857657460501,0.139337833562389,0.000351374996509764,0.0139473199649097,8.30724670107871e-05,0.00889113573588564,8.30724670107873e-05,0.249332488503469,8.30724703915507e-05,0.0372570770182372,0.000109740065891933,0.0887218889346437
"mix_0051_depth100",0.0293930973855402,5.59991947104959e-05,0.0497215818059329,0.0755275349442426,0.553360145198616,0.00432845142684698,5.59991946940545e-05,0.00441723498597366,5.59991946929063e-05,5.59991947008547e-05,0.191390798226623,5.5999194451732e-05,0.0372404774151183,0.0168584611752222,0.0374822214626343
"mix_0051_depth25",0.0239658656022244,0.00131641773970182,9.74803859225898e-05,0.0748120859544515,0.531799452581852,0.0213305567133617,8.01746504614797e-05,0.00898527412154507,8.01746504584976e-05,8.01746504647812e-05,0.244966046815885,8.01746504351281e-05,0.0393824831926264,9.70565940910138e-05,0.0529265816965183
"mix_0052_depth100",0.00180417656443665,0.000123473241769925,0.113829364120361,0.142426051203545,0.222105192433578,0.000123473242107279,0.000123473242107278,0.000187413024922845,0.00804296083742766,0.00692645199373392,0.329985805587165,0.000258375050470656,0.0385860591102111,0.0547198891337003,0.080757841214463
"mix_0052_depth25",0.00012439609429689,0.000124396094241087,0.134526775339709,0.165394014981851,0.217956343382928,0.00012439609429245,0.000124396094292449,0.00638398109531732,0.0109827775730041,0.0283512746681364,0.322538051426601,0.000124396090589439,0.0555493071183365,0.0262582470033482,0.0314372469430562
"mix_0053_depth100",0.0310716014365979,8.86827770466028e-05,0.31295810036225,0.21817830577596,0.0617008324600412,8.86827770934287e-05,8.86827770934337e-05,8.86827770453947e-05,8.86827770934328e-05,8.86827770923823e-05,0.212962312768567,0.000613526027663945,0.00600904274850487,0.0217498758380895,0.134224305919861
"mix_0053_depth25",0.0254698405809012,8.84356869836692e-05,0.252869201311522,0.164658643593001,0.166886264653017,8.84356869861774e-05,8.84356869861768e-05,8.84356869861769e-05,8.84356869861886e-05,8.84356869861781e-05,0.227159637153545,0.000742281210121716,8.84356869861772e-05,0.0227012617529989,0.138893819935992
"mix_0054_depth100",8.08304081611536e-05,0.0093453349261153,0.428314514864049,0.155100286232195,8.08304081619135e-05,8.08304081619083e-05,8.08304081619086e-05,0.0252998578043407,0.0390402358024012,0.0054382624091589,0.257773645770815,8.08304072052931e-05,0.00221938805213979,0.0390872125314448,0.0379771095674889
"mix_0054_depth25",7.90910014195067e-05,0.00712662018928784,0.471623785519004,0.145110055996751,7.90910014195066e-05,7.90910014195056e-05,7.90910014195051e-05,0.023954400688472,0.0574702915874527,0.00508551761748574,0.218686341245693,7.90910015665408e-05,0.00172078327201265,0.0397700387988307,0.029056710077766
"mix_0055_depth100",0.000124519872517466,0.000124519872472234,0.287954560984506,0.150403341075052,0.00012451987253359,0.000124519872533577,0.00012451987253357,0.000124519872533569,0.00142502509090507,0.0114753543511081,0.308346103362001,0.000124519871389402,0.0407347480534007,0.0813810162513492,0.117408211725165
"mix_0055_depth25",8.69447957129207e-05,8.69447957142919e-05,0.291856147219086,0.155378185034764,8.69447957129421e-05,8.6944795712934e-05,0.00467247470884565,0.0209129340728305,8.69447957129262e-05,0.0116407314246854,0.306343803835096,8.69447972971336e-05,0.0520348010337933,0.039580458734616,0.117058795160421
"mix_0056_depth100",8.45446305605578e-05,8.45446304732258e-05,0.35864946623221,0.262523971429161,0.0203444422610275,8.45446305576988e-05,8.45446305639465e-05,0.00576591859806629,0.00556192517999372,0.00876791052146906,0.240463244821514,9.4510816123553e-05,0.0115365832495978,0.0590975560645084,0.0268562923041734
"mix_0056_depth25",8.31209705176405e-05,8.31209705536665e-05,0.339305185227498,0.206836758506334,0.0469861310513681,0.00537862451118766,8.31209705174142e-05,0.00624113546885521,8.31209705174163e-05,0.00999225016671398,0.284117611373486,0.000558244257394714,0.0126825131099265,0.064647853117684,0.0229212093274467
"mix_0057_depth100",8.02147242678393e-05,8.02147242256023e-05,0.312670369666026,0.184942277637047,8.02147242678399e-05,8.02147242678432e-05,8.02147242678423e-05,0.00038709902614616,8.02147242678445e-05,0.0414668102007343,0.246530691566577,8.02147150962725e-05,0.0667937472350784,0.0365200721117337,0.110127429495995
"mix_0057_depth25",7.69146902312793e-05,7.69146901650356e-05,0.303419605595154,0.171876119814333,7.69146902312711e-05,7.6914690231286e-05,7.69146902312877e-05,0.00346857301411351,7.69146902312917e-05,0.0407259751401115,0.25748743609937,7.69146885457236e-05,0.0579155984859624,0.0831756483752306,0.0813926406458581
"mix_0058_depth100",0.0118735670193753,8.34090929385891e-05,8.34090932048159e-05,0.157983000395508,0.43751867993637,0.00475636047918857,8.34090932134712e-05,0.00392914137297916,0.00286590772062475,0.011119566208896,0.280988294583483,8.34090981350492e-05,0.00611088585868532,8.34090932048164e-05,0.0824375509541926
"mix_0058_depth25",0.015251726298356,8.15775773296384e-05,8.15775773965653e-05,0.134633037945964,0.404869264153873,0.0292971385544463,8.15775773965638e-05,0.00127328960165287,0.0201677659671505,0.0177151877169719,0.307185371490336,8.15775804915196e-05,0.00799437999171561,0.0384665580165848,0.0228199699503356
"mix_0059_depth100",5.40886277675116e-05,5.40886277422782e-05,0.470870203225692,0.132101792362812,6.07890214926537e-05,5.40886277675118e-05,5.40886277675109e-05,5.40886278469835e-05,0.0383955320898137,0.0161631801269762,0.173693137676487,5.40886279876846e-05,0.0270277097350461,0.0826229273471717,0.0587401966476297
"mix_0059_depth25",8.18743485616264e-05,8.18743485457594e-05,0.426660455471498,0.0873872651109065,0.041141608144201,0.0287149098323905,8.18743485618882e-05,8.18743485643751e-05,0.0395037869875616,0.00235772747759339,0.208266961487873,8.18743461777278e-05,0.0102302539620518,0.0265367495870494,0.128790910198463
"mix_0060_depth100",5.82654452508511e-05,5.82654453871584e-05,0.255307124147688,0.184032839190453,0.190580302060421,0.0167044979223964,5.82654452508491e-05,0.00401511612296625,0.0148064849477342,5.82654452508481e-05,0.187740375854754,5.82654451693459e-05,0.0039638727644334,0.0206121945589081,0.121945865203937
"mix_0060_depth25",8.2530906641677e-05,8.25309066194089e-05,0.26313496811776,0.175420191992208,0.159008619826948,0.0299336161475764,8.25309066416769e-05,0.00697747745911256,0.0177351612943798,8.25309066416743e-05,0.234498020363769,8.25309079402147e-05,0.00596279805116684,8.25309066416731e-05,0.106833961305953
"mix_0061_depth100",0.00505919007044516,5.40773735677461e-05,0.273297957922407,0.0473442781901453,0.0532097478202831,0.0318291991004235,0.012112112875328,5.40773735315897e-05,0.00649260057790087,5.40773735446365e-05,0.236898263927367,5.40773848316604e-05,0.0751916598550256,0.222858789820347,0.0354898903348521
"mix_0061_depth25",0.00264666737150485,8.09417117360983e-05,0.275594823646332,0.0453247028846513,0.0674186840293733,0.0407526282194344,0.0132235636312989,0.00790836762385031,8.09417117492017e-05,8.09417117492003e-05,0.239664207540205,8.09417085134708e-05,0.0728739701864882,0.17273026244695,0.0615383555761632
"mix_0062_depth100",0.000134031440291283,0.000134031440234164,0.296241014685458,0.197024866117886,0.000134031440291283,0.000134031440291288,0.000134031440291287,0.000134031440261785,0.0716911089577781,0.000134031440291283,0.214330017100889,0.000134031443930897,0.0108135610611769,0.0765052470790729,0.132321933471856
"mix_0062_depth25",0.000130626107407645,0.000130626107396876,0.286419779678232,0.263533446138681,0.000130626107407629,0.000130626107407651,0.000130626107407642,0.000130626107321372,0.0769343242807465,0.00926190890254685,0.18645526343162,0.000130626104001524,0.0105999800137623,0.000130626107407642,0.165750288698653
"mix_0063_depth100",5.92486744560538e-05,0.120224815413146,0.378580109170978,0.288277607954257,0.000103574190842702,0.00651060553312435,5.92486744609665e-05,5.92486758090082e-05,5.9248674431958e-05,5.9248680755207e-05,0.167838087158241,5.92486643925617e-05,5.92486744609658e-05,0.0379912111862057,5.9248674438849e-05
"mix_0063_depth25",5.98816974240297e-05,0.128869627232963,0.322366465704384,0.263806495093266,0.0519723628606385,0.0134707405591516,5.98816974240308e-05,5.98816978696318e-05,5.98816974185658e-05,5.98816974290003e-05,0.191086095502839,5.98816830768195e-05,5.98816974240286e-05,0.0279491594811744,5.98816975182844e-05
"mix_0064_depth100",0.00148377374150136,0.0659433033157618,0.340544470893847,0.249802196312273,0.00777955526159379,6.11483784870568e-05,6.11483784870569e-05,6.11483785584666e-05,6.11483785531339e-05,6.1148378158493e-05,0.240377073510001,6.1148378576664e-05,0.0221252901588742,0.0715162981568276,6.11483784999808e-05
"mix_0064_depth25",6.14005018087721e-05,0.0687189236982304,0.308827912238427,0.254089088304954,0.0377558932161745,6.14005018087766e-05,6.14005018087767e-05,6.14005018235447e-05,6.14005018057107e-05,6.14005017677016e-05,0.224304633877729,6.14005017670622e-05,0.0257994995903444,0.0800128450597319,6.14005018184096e-05
"mix_0065_depth100",4.03291428364464e-05,0.0630062724643923,0.390888277371128,0.240315121588473,4.0467838546413e-05,0.00135996808221258,4.0329142836227e-05,4.06188240138995e-05,4.0329142793372e-05,4.03291422660241e-05,0.259919670406265,4.03291362137114e-05,0.0197570836242204,0.0244305449509803,4.03291428227256e-05
"mix_0065_depth25",5.77309464465378e-05,0.0716966107513536,0.389647880570131,0.227906795738041,0.0082719578138845,0.00538456280441472,5.77309464474941e-05,0.00141800741246624,5.77309464674592e-05,5.77309460492044e-05,0.260666102221362,5.77309464544415e-05,0.0079906065366506,0.0266710904733869,5.7730946444847e-05
"mix_0066_depth100",5.71064539419577e-05,0.115043615963321,0.317848536032207,0.218251695422296,0.0441988248584695,0.00600539419952197,5.71064539419573e-05,0.109711366752618,5.71064534298199e-05,5.71064544873255e-05,0.188483715142557,5.71064508708013e-05,5.71064539419584e-05,5.71064539419478e-05,5.7106454454987e-05
"mix_0066_depth25",5.61820685825488e-05,0.105516383866477,0.338601844999112,0.176346674527074,0.0674654481813452,0.0181008687868706,5.61820685825404e-05,0.0952801117405349,5.61820686020439e-05,5.61820679780614e-05,0.196275286829552,5.61820662868879e-05,5.61820685825394e-05,0.00202010659183702,5.61820685825311e-05
"mix_0067_depth100",8.4914394188963e-05,0.182814900817182,0.114893248972004,0.163083896541699,0.232471024764245,0.000154407717269298,8.49143941662658e-05,0.0711329882238261,8.49143943048766e-05,8.49143940996476e-05,0.227436366686456,8.49143910470455e-05,0.0074187655212462,8.49143941662638e-05,8.49143941000309e-05
"mix_0067_depth25",8.48914445427556e-05,0.182671392877859,0.0887660330745709,0.112797702170833,0.279126429420154,0.0080606868413196,8.48914445427643e-05,0.0636108373878228,8.48914446190323e-05,8.73665779251658e-05,0.261159703314982,8.48914553777575e-05,0.00321049965636671,8.48914445427618e-05,8.489144454276e-05
"mix_0068_depth100",8.51471843697848e-05,0.0960646559804974,0.366505052523972,0.227503616197063,8.51471843697726e-05,8.51471843697726e-05,8.51471843697599e-05,0.160405532453476,0.000446948662891774,8.51471843094564e-05,0.14830786952243,8.51471848588564e-05,8.51471843697754e-05,8.51471843697829e-05,8.51471842827862e-05
"mix_0068_depth25",8.33980265347741e-05,0.104164310078332,0.3510631097772,0.241239007764541,8.33980265347717e-05,8.33980265347737e-05,8.33980265347603e-05,0.159778528202564,8.33980265255471e-05,8.33980266888174e-05,0.142921063911755,8.33980265380036e-05,8.33980265347766e-05,8.33980265347746e-05,8.33980266468013e-05
"mix_0069_depth100",5.71470933635546e-05,0.0582683189835188,0.407838140995484,0.251105819629129,0.000693196095801766,0.00515735261844138,0.0539296275786928,5.71470932261291e-05,5.71470934345627e-05,5.71470943514931e-05,0.219954322451728,5.71470924789881e-05,0.00265319199373021,5.71470933636284e-05,5.71470932566944e-05
"mix_0069_depth25",5.59545166491216e-05,0.0433211700562776,0.40578970258027,0.228498762115965,0.0239510378695621,0.0032035073939024,0.051885927378559,5.59545163099841e-05,5.59545166471694e-05,5.59545179909834e-05,0.242902256464552,5.59545233652252e-05,5.59545166517218e-05,5.5954516651722e-05,5.59545166455529e-05
"mix_0070_depth100",5.98452851118799e-05,0.11312466222839,0.362198138802467,0.244551920111716,0.061279733826458,0.00204054965558166,0.0651637357215056,5.98452851268567e-05,5.98452852832389e-05,5.9845284840417e-05,0.151162497375036,5.98452833105682e-05,5.98452851110033e-05,5.98452851101918e-05,5.98452849504994e-05
"mix_0070_depth25",5.84989618383284e-05,0.110037744870172,0.374973162822249,0.231704147437458,0.0956505250560652,0.00294088477581279,0.0337949004962232,5.8498961841712e-05,5.84989618207507e-05,5.84989618458363e-05,0.150430642843209,5.84989658477727e-05,5.84989618358006e-05,5.84989618357982e-05,5.84989619443226e-05
"mix_0071_depth100",5.56114551624766e-05,5.56114551394894e-05,0.434865986513493,0.260911638158143,5.56114551716686e-05,0.00486794186693008,0.0604304965073065,5.56114551771411e-05,5.56114571116698e-05,5.56114570325042e-05,0.232612339466999,5.56114604279482e-05,0.00581109438220401,5.56114551716766e-05,5.56114545295078e-05
"mix_0071_depth25",8.06669732019872e-05,0.00137433374227627,0.422270188078245,0.245181520339083,0.000108427356980347,0.00694550539130565,0.0556424821299171,0.00631191784530044,8.06669734504966e-05,8.06669712220517e-05,0.24562434828386,8.06669732306502e-05,0.0160572749955253,8.0666973201985e-05,8.06669731999287e-05
"mix_0072_depth100",0.00718077327512985,0.0844310685301545,0.408705430827939,0.248934852243773,0.0118297552999392,0.00419316332736473,5.87080388647648e-05,5.87080388606213e-05,5.8708038849793e-05,5.87080391920267e-05,0.233875137258132,0.000438862965278728,5.87080388628114e-05,5.87080388756052e-05,5.87080387836754e-05
"mix_0072_depth25",0.00405022443719531,0.0896589580877918,0.402389403599602,0.220035116540804,0.0235257115833244,0.00303116411716382,0.000421293815424437,0.00299905615159056,8.3843973648795e-05,8.38439738616211e-05,0.253067023703998,0.00040282809476426,8.38439736219472e-05,8.38439736219453e-05,8.38439735863149e-05
"mix_0073_depth100",0.0199665170442192,6.0431220803432e-05,0.457191405238518,0.247194151679884,0.0177939468916025,6.04312208547896e-05,6.04312208547896e-05,6.04312208835399e-05,6.04312208013909e-05,6.04312211583095e-05,0.233846114398692,6.04312189337507e-05,0.0234639837610741,6.04312208563624e-05,6.04312208648207e-05
"mix_0073_depth25",0.00747294225363422,0.000350162643572427,0.50508852773791,0.175911990157962,0.0435215812858392,0.00159826196094698,5.91750030859837e-05,0.00201052550791676,5.9175003207374e-05,5.91750033223154e-05,0.251241412456074,5.917500455973e-05,0.0124495459757963,5.91750030859837e-05,5.91750030864664e-05
"mix_0074_depth100",0.0225197381533497,0.0874771680760159,0.387495134947446,0.254038633256613,5.70582947765984e-05,0.00454163621932504,5.61223105859523e-05,5.61223104042261e-05,5.6122310573407e-05,5.61223108402401e-05,0.243421652567886,5.61223104373052e-05,5.61223105859531e-05,5.61223105859532e-05,5.61223105744458e-05
"mix_0074_depth25",0.00935966887358884,0.079321480908177,0.375957070624679,0.238898918134086,0.0201428799168749,8.09608851439348e-05,8.09608851439366e-05,0.00366076667915315,8.09608851898611e-05,8.09608849062337e-05,0.264779339833568,9.38954023955356e-05,8.2715604273567e-05,0.00729845959767629,8.09608851445648e-05
"mix_0075_depth100",0.000124194734110872,0.180468700111239,0.323346487553149,0.227631720977217,0.000124194734247204,0.00460459920197798,0.000124194734247204,0.000124194734384354,0.0168021388721504,0.000124194734268835,0.208378862009711,0.000494071315699665,0.034886759924826,0.00264149162860634,0.000124194734165395
"mix_0075_depth25",8.41746345588919e-05,0.182120878279251,0.370577884224432,0.192222595971964,8.41746345588935e-05,0.00470136733407746,8.41746345588916e-05,0.00240290157102641,0.0179847587449399,0.000535066445867204,0.199473194934312,8.41746345705155e-05,0.028632910029758,0.00092756929156693,8.41746345585132e-05
"mix_0076_depth100",0.00576965298953077,0.0926706641322332,0.199848463181454,0.161087615023361,0.263293629747868,0.00150822096253748,5.65154694572908e-05,5.65154694626461e-05,0.0155207193385137,5.65154694649269e-05,0.253153094012546,5.65154733229434e-05,5.651546945729e-05,5.65154694572884e-05,0.00680884779133454
"mix_0076_depth25",0.00629935696403083,0.0942407932970333,0.218123807234158,0.116346630084056,0.270920679787815,0.000484984928562946,7.93363173516634e-05,0.00307189184121866,0.0119168498687974,0.00209955452032285,0.27230341067211,7.93363172900853e-05,7.93363173516626e-05,7.93363173516624e-05,0.00387469553254962
"mix_0077_depth100",7.92972822247078e-05,0.0418942150208234,0.097630944539983,0.11517253784778,0.456575700332991,7.92972822214657e-05,7.92972822028341e-05,7.92972821441086e-05,0.0024407343783223,0.00134024799806735,0.270421098383801,9.81870283197806e-05,0.00198030629885569,7.92972822249033e-05,0.0120495417600383
"mix_0077_depth25",0.00448389012278364,0.0449999061664872,0.126075852060404,0.104188757310145,0.426016759438614,0.00175514756343823,8.17322081036412e-05,8.17322081088543e-05,8.17322080992562e-05,0.010809804098106,0.265199074680665,8.1732208230282e-05,0.00568264951905856,0.0103794979996559,8.17322080999345e-05
"mix_0078_depth100",5.41188389316062e-05,0.0960439962539804,0.388910371656099,0.24873405311071,6.73733519568335e-05,0.00359351742538648,5.4118838919258e-05,5.41188389681544e-05,5.41188389476164e-05,0.0167530284218447,0.245464709068679,5.41188388829741e-05,5.41188389192572e-05,5.41188389192562e-05,5.4118838855937e-05
"mix_0078_depth25",7.94363080772288e-05,0.084610625346203,0.410340901019981,0.222132628363875,8.32364199969285e-05,0.00175874873664405,7.94363080610513e-05,7.94363080079291e-05,7.94363080638817e-05,0.0238051695052203,0.256633200143739,7.94363079508514e-05,7.94363080610506e-05,7.94363080610526e-05,7.94363080566021e-05
"mix_0079_depth100",8.19938718313797e-05,0.0465825805362873,0.367876572145523,0.32182004977068,0.00723651599222543,8.19938718445911e-05,8.19938718476184e-05,8.1993872097851e-05,0.0211066685892628,0.0168242879563709,0.21789737403489,8.19938716061578e-05,8.19938718445914e-05,8.19938718445958e-05,8.1993871842526e-05
"mix_0079_depth25",8.05734617163393e-05,0.0534644940352766,0.369086353433261,0.280912110877034,0.01326995942829,8.05734617114249e-05,8.057346171142e-05,8.05734617114238e-05,0.012028576655278,0.0238460930601213,0.246747824817079,8.05734616747487e-05,8.05734617114235e-05,8.05734617114172e-05,8.05734617114154e-05
"mix_0080_depth100",8.13832863858048e-05,0.0463726611796863,0.370276341493003,0.273485299021548,0.0116652798721627,0.00608383157854193,8.13832863794088e-05,8.13832864369396e-05,8.13832863711792e-05,0.0368273353546644,0.221752856728574,8.13832809766121e-05,0.0216685973001888,0.00233596875106061,0.00912491229402014
"mix_0080_depth25",8.09243255486959e-05,0.0478711256981952,0.348990000507795,0.265823654898145,0.00016430849991435,0.00306508547259203,8.09243255482182e-05,8.09243255482165e-05,8.0924325547408e-05,0.0258367801022336,0.261952310210103,8.09243253962775e-05,0.012849386709891,0.0329618019479946,8.09243255479651e-05
"mix_0081_depth100",0.00367247647291851,0.16307856350143,0.285049260860147,0.0990661285170961,0.085161613897518,0.0102928466177157,0.00413410516911455,2.58178112033073e-05,2.58178112449114e-05,8.86396114911284e-05,0.243310560387061,2.58178101447088e-05,2.58178111978208e-05,0.106016715910519,2.58178111984454e-05
"mix_0081_depth25",0.0128422280472305,0.179766366376229,0.294706538040278,0.0766194914901384,0.105412962761518,0.00228224204698109,0.00670053782736553,7.59649500061962e-05,7.59649500061964e-05,0.000695763853681292,0.225485540997349,7.59649505704478e-05,7.5964950006194e-05,0.0936534648772987,0.00153100388134178
"mix_0082_depth100",4.29578647400256e-05,0.0643226643821956,0.292888721667894,0.142417307855014,0.0820638623861192,0.0570213156621678,4.29578647400278e-05,0.00297489375379287,0.0155634584764558,4.29578644243972e-05,0.211467726888583,4.29578649604277e-05,0.0786955230980466,0.0523690783902247,4.36159806404721e-05
"mix_0082_depth25",0.00139340080983079,0.0835048537880265,0.318201484778445,0.146747125405345,0.0849717991273436,0.0472566010396217,6.35946453110145e-05,0.00150521309984402,0.0255244690411533,6.3594645291522e-05,0.192341981224457,6.35946453128912e-05,0.0680308858906756,0.0302678072140304,6.35946453110149e-05
"mix_0083_depth100",5.78224689810197e-05,0.126444013551752,0.399200561515263,0.196562083970328,0.00794962410217102,5.7822468997451e-05,5.78224690014431e-05,5.78224690399494e-05,5.78224690061308e-05,5.78224690520857e-05,0.241875268758689,5.78224690054125e-05,5.78224690014445e-05,0.0274480458806994,5.78224690109999e-05
"mix_0083_depth25",8.22817764359641e-05,0.114281885020702,0.383620704116957,0.209186354008617,8.22817764407629e-05,0.00146018503289988,8.22817764407476e-05,0.00486896764874185,8.22817764386672e-05,8.22817763526075e-05,0.262182515716571,8.22817763987105e-05,8.22817764407499e-05,0.0237411342441794,8.22817763836223e-05
"mix_0084_depth100",7.99667116986233e-05,0.218793391924015,0.32495675728091,0.145695749016624,0.0487337128668814,7.99667116950528e-05,7.99667116950528e-05,7.99667116698544e-05,0.0086721341343507,7.99667117228836e-05,0.190815569128687,7.99667128567831e-05,7.99667116950493e-05,0.0615020438637993,0.000270874801699665
"mix_0084_depth25",7.91286706509122e-05,0.246791897458055,0.293225246107947,0.122336824051431,0.0684443228639204,0.0183659745171229,7.91286706553025e-05,0.000443433481553002,0.00715790583353374,7.91286706359548e-05,0.177125370989424,0.000131109750373061,7.91286706553039e-05,0.0655822715933824,7.91286706598417e-05
"mix_0085_depth100",8.47685315582327e-05,0.0409542182154156,0.377480205128168,0.223073603994691,0.000112729236068097,0.000991506808806601,8.47685315398094e-05,8.47685315568528e-05,8.47685315431934e-05,0.00942724870102415,0.228003791717614,8.47685314671618e-05,0.0265349335204042,0.0737878404553375,0.0192100795648059
"mix_0085_depth25",0.000479561075648522,0.0488941642185586,0.348756130039164,0.262836335354877,8.43828232434003e-05,8.43828232434071e-05,0.000921944055663535,0.00476939262793615,0.0114325610715369,0.0377069196505384,0.244010825828469,8.43828231509871e-05,0.0087215672065867,0.0311330675781399,8.43828232434068e-05
"mix_0086_depth100",8.20011753584149e-05,0.0104271079877509,0.421758157582266,0.226326554921004,0.00736731438739175,8.62774286967514e-05,8.20011753481762e-05,8.20011752817523e-05,8.20011753299582e-05,8.20011753561299e-05,0.220570328544097,8.20011758090731e-05,0.0659559139308463,0.0231316842989373,0.0238846538665265
"mix_0086_depth25",8.00832571895603e-05,0.00550036208962663,0.413386473338811,0.23712410261411,0.00635080781162057,8.00832571876294e-05,8.00832571876228e-05,8.00832571048067e-05,8.00832571889533e-05,0.00189753433401228,0.212544303292272,8.00832571286739e-05,0.0658549629223518,0.0416682049528369,0.0151927491013714
"mix_0087_depth100",5.51953407601578e-05,0.305995652244755,0.206054230958714,0.131527696174451,0.00991349179458299,0.0109320720125733,5.51953407603401e-05,0.0335376442715031,5.51953407713327e-05,0.00341775304056415,0.27975269634845,5.5195345722257e-05,0.00114340656290687,5.51953407603393e-05,0.0174493798827245
"mix_0087_depth25",5.54894054489282e-05,0.293594561932824,0.222537814758198,0.125369301987468,6.27307521237367e-05,0.00284562042610883,5.54894054489281e-05,0.035924947949968,5.54894054540294e-05,0.000215016472890714,0.276064985427402,5.54894000822793e-05,0.00430858894203003,5.54894054489284e-05,0.0387989843291048
"mix_0088_depth100",0.000121433275691,0.114160277081551,0.315803159602385,0.187659026612301,0.000178838669654533,0.0131908930125962,0.000121433275692288,0.0577578784070895,0.000121433275741298,0.000121433275744201,0.266755321239585,0.000121433271076106,0.0197203378137715,0.0207891000053879,0.00337800118173261
"mix_0088_depth25",8.2732235838563e-05,0.118832350424083,0.288266234196392,0.222184985084087,0.000247584685971724,0.00573319168874757,8.2732235838558e-05,0.0624152236559723,8.27322358445975e-05,8.27322358295133e-05,0.26245210068816,8.27322363243514e-05,0.0144112887209721,0.0249606474400978,8.27322358405748e-05
"mix_0089_depth100",8.28153952290505e-05,0.107431236505013,0.311755452941235,0.213743992055761,8.28153952290419e-05,0.0145555220996139,8.2815395229053e-05,0.0987296954374248,0.00275184129848194,8.28153951754844e-05,0.208841883993195,8.28153950285077e-05,0.0230165064877362,8.28153952290504e-05,0.0186769768104185
"mix_0089_depth25",0.000116214432363151,0.105033811047822,0.293761305465986,0.17150345796643,0.0408570009361989,0.000116214432363153,0.000116214432363152,0.0938429413935472,0.00172733284592033,0.000116214432381642,0.243707617334283,0.000116214432181146,0.0351305695429533,0.000116214432363151,0.0137386768728423
"mix_0090_depth100",0.0014234185377207,0.130927449088866,0.333015098315121,0.129740736728565,5.28374737119154e-05,0.00209034986019621,5.28374737119152e-05,5.28374737724799e-05,5.28374737160705e-05,5.28374736879077e-05,0.269504471192348,5.28374738894017e-05,0.077988623033265,0.0447341804214576,0.0102586479799697
"mix_0090_depth25",5.40615996882227e-05,0.142234910134299,0.313380430500255,0.106822044022844,0.00186992274631508,5.40615996869834e-05,5.40615996869812e-05,5.40615996869813e-05,5.406159968698e-05,5.40615996683869e-05,0.258575165194189,5.40615999625162e-05,0.0988113633779774,0.0778736712263668,5.40615996869835e-05
"mix_0091_depth100",8.13946112503965e-05,0.250433620250632,0.298237180679918,0.166298658333875,8.13946112207768e-05,8.13946112207719e-05,0.0827365183175391,8.13946112309514e-05,0.0024555746494514,0.00198731085876148,0.165086977545799,8.1394611601141e-05,0.000143957640906635,0.00459847747509239,0.0276147511915
"mix_0091_depth25",8.22390349543833e-05,0.234256908451954,0.333693349578523,0.121536850010695,8.22390349543692e-05,8.22390349543576e-05,0.101162678103908,0.000165902511541413,8.22390349545729e-05,8.22390349605052e-05,0.147072769136556,8.22390329535231e-05,0.000107225164805193,0.0397011557330721,0.0218097271012152
"mix_0092_depth100",8.19455576612448e-05,0.0918630296894557,0.424534427188065,0.212159936854204,9.23614439432841e-05,8.19455577018133e-05,0.00854430595604614,0.000224935145484235,0.00829728963423243,8.19455577727499e-05,0.209942822576959,8.19455601688755e-05,8.19455577018113e-05,0.0438492181628971,8.19455577073833e-05
"mix_0092_depth25",5.6520968115563e-05,0.0908249896826398,0.451827464609041,0.193526549164342,0.000161927043890339,5.652096811967e-05,5.65209681196695e-05,0.00748939624171141,0.0185804239553037,5.65209681192106e-05,0.225465628555196,5.6520966699218e-05,5.65209681196704e-05,0.0117279739725291,5.65209680535998e-05
"mix_0093_depth100",0.0514984260706987,0.0862263699055904,0.31605402051565,0.274698225833123,0.0096027426929072,0.00566209492710326,3.99377965273829e-05,0.00170898554608993,3.99377965287103e-05,7.31606153734139e-05,0.197837559687083,3.99377965648993e-05,0.0258347814844154,0.0306438815358145,3.9937796530074e-05
"mix_0093_depth25",0.0512316417905817,0.0899268446582074,0.284951787646891,0.281540762658394,0.000268036889280362,0.00908456871249337,8.17085173237645e-05,0.00328455489795057,8.1708517323828e-05,8.17085172925308e-05,0.240318771422565,0.000601122342188657,0.0345279512398933,0.00393712367228469,8.17085173301529e-05
"mix_0094_depth100",0.0091943063356241,0.0831295308910452,0.397178215191159,0.155751726578301,8.44493856009634e-05,8.44493856009656e-05,0.00436506391600656,8.44493856472249e-05,8.44493855739983e-05,0.000679887332585022,0.293670613901413,8.44493856662736e-05,8.44493856009643e-05,0.0502309246409383,0.00529303489923763
"mix_0094_depth25",0.0251589145183191,0.0589427005963327,0.393464787417013,0.137700863212556,0.0256593178727724,8.12763133155201e-05,0.00540780578402274,8.1276313320553e-05,8.12763133110832e-05,0.00212553812404387,0.272608954567784,8.24637930065463e-05,0.012256048370565,0.0652436150503577,0.00110516175327994
"mix_0095_depth100",0.0119766178033506,0.181167891211735,0.28354119866002,0.186648150910092,9.43324078077823e-05,0.00653330871536566,8.00309704515651e-05,0.000554345882264238,8.003097047418e-05,8.003097052817e-05,0.296978444455928,8.00309704838725e-05,0.0149636579838956,0.0103623433373492,0.00685958475025395
"mix_0095_depth25",0.0151968692766368,0.191397416945469,0.240053849189221,0.150016760642413,0.0351143442002627,7.8769740632201e-05,7.87697406322013e-05,7.87697406322017e-05,7.87697406280769e-05,7.87697397700102e-05,0.340196351244465,7.87697417756294e-05,0.00771437730451568,0.0197586430123149,7.87697406322175e-05
"mix_0096_depth100",8.56701212635965e-05,0.0280841855244294,0.125039597945152,0.0946516972242411,0.473561990105656,0.0144443084617091,8.56701212614788e-05,8.56701211320375e-05,0.0280121913952976,8.56701213557906e-05,0.210398744816023,8.56701192633616e-05,8.56701212614847e-05,0.0252075936806826,8.56701212715349e-05
"mix_0096_depth25",0.0038827539274062,0.022396434328951,0.118538339047113,0.07781025820124,0.523771923455358,0.00549258817263445,8.46949956732312e-05,8.46949956733205e-05,0.011669324757197,0.000354060063247128,0.189060554378025,8.46949958014814e-05,8.46949956732314e-05,0.0351706332623473,0.0115143504236599
"mix_0097_depth100",8.20098548191735e-05,0.0596172120754735,0.266813086158709,0.208037909404385,0.0467686357232193,8.20098548191748e-05,8.20098548191742e-05,8.20098548362765e-05,0.0222716028982695,8.20098548167975e-05,0.308137672419162,0.000167536943775047,0.0108533092689807,0.0381249236593657,0.0387980621745499
"mix_0097_depth25",8.21320316166399e-05,0.056885059776256,0.300842995164278,0.194388112438422,0.0108963735655242,0.00526145035398369,8.21320316190464e-05,0.00625673378753197,0.0161037440755497,8.21320316190474e-05,0.312363681082991,0.00101956249191535,0.0436087629586565,8.21320316190478e-05,0.0520449961784174
"mix_0098_depth100",7.76010979267546e-05,0.244242760427737,0.322339682696267,0.202972737611565,8.32153383923311e-05,7.76010979359986e-05,7.76010979359986e-05,0.00457281843872015,0.0226778078081066,7.76010979345411e-05,0.185833600949129,7.76010991027408e-05,7.76010979359982e-05,7.76010979359971e-05,0.016734169043375
"mix_0098_depth25",5.27821410768576e-05,0.276104345225872,0.278798031768524,0.207607890556811,0.00020766472808923,0.000176570117820764,5.27821410760877e-05,0.00488256530044586,0.0211500624092743,5.27821410831215e-05,0.197951948580466,5.27821466221349e-05,6.86124754430545e-05,5.27821410760851e-05,0.0127883981263199
"mix_0099_depth100",0.000122073323116806,0.157184916938382,0.336179836070962,0.224611602332947,0.000122073323116062,0.0034311383189481,0.000122073323116063,0.010436003482419,0.00314571095053542,0.0357474790205316,0.204549213004834,0.000505979086783617,0.000122073323116063,0.00012207332311606,0.0235977541780757
"mix_0099_depth25",0.00011942976199759,0.168357179762538,0.352067819294299,0.221152766063318,0.00017255673027395,0.0024433266365329,0.000127870544092133,0.0099372346386165,0.0250955326547641,0.0225643864377879,0.180759690297961,0.000237957218456061,0.00011942976199759,0.000119429761997591,0.0167253904353691
"mix_0100_depth100",7.88634668710745e-05,0.105618961372677,0.426357171038575,0.195236345490391,0.00351395231427153,7.88634668932156e-05,7.88634668932218e-05,7.88634668846122e-05,0.00414848201785064,0.00576109613584264,0.214552166739216,7.88634660529917e-05,0.0114010003101297,7.88634668932413e-05,0.0329376437805574
"mix_0100_depth25",5.49364974043677e-05,0.122495266255853,0.413326719579212,0.166854788850407,7.8772212824667e-05,0.00682869019506731,5.49364974200626e-05,5.493649742202e-05,0.00354138700170687,0.0233841022466299,0.252272199979919,5.4936497430077e-05,5.50319420989598e-05,5.49364974200637e-05,0.0108883592491844
"mix_0101_depth100",8.07758247873347e-05,0.0300858308335987,0.311923385046684,0.386101603940536,0.00416298308418581,0.011422711857846,8.07758247916677e-05,0.000125652453334124,8.07758247848333e-05,0.0101114152754061,0.199426851723773,8.07758251814248e-05,0.0160706145393943,8.07758247916672e-05,0.030165072120905
"mix_0101_depth25",8.31357912180518e-05,0.0328926248516222,0.305219194535843,0.315226487742157,0.0626564519055009,8.31357912180556e-05,8.31357912180544e-05,0.00281442007417731,8.31357912138894e-05,0.0121554910003865,0.223284819188413,8.31357966768518e-05,0.0192586312073192,0.00711771107367438,0.0189584894593622
"mix_0102_depth100",7.79517448196492e-05,0.106934022218182,0.395313667235798,0.144942879850253,7.79517448189506e-05,7.79517448189537e-05,7.7951744818951e-05,7.7951744814877e-05,0.000897177863017963,7.79517448190243e-05,0.251125363029129,7.79517447445042e-05,0.0215335852096448,0.0292957056723788,0.049411936707942
"mix_0102_depth25",7.83829540263563e-05,0.103752851961627,0.413755707044528,0.0940807134580994,0.00413286383630923,0.00344804556885034,7.83829540263551e-05,0.0095836396532051,7.83829540264203e-05,0.0016785883439421,0.247327116142185,0.000474643087334371,0.0248872272745036,0.0485102051353209,0.0481332496320154
"mix_0103_depth100",7.80256662875676e-05,0.067384598544103,0.0536557891300042,0.0001531064548186,0.605584574579378,7.80256663164318e-05,7.80256663180427e-05,0.0020229099223101,7.80256663248861e-05,7.80256663491746e-05,0.20261583233751,7.80256665711188e-05,7.80256663164324e-05,0.0568769807779241,0.0111600285894688
"mix_0103_depth25",5.35135227889861e-05,0.0451128340201494,0.0423581717424,0.000156191039192153,0.610231865987377,0.00722563300011368,5.35135227878917e-05,0.00532776613131574,5.35135227885355e-05,5.35135227723403e-05,0.228811352120319,5.35135227262107e-05,5.35135227878916e-05,0.0533776880808691,0.00707741674161182
"mix_0104_depth100",3.98973171087729e-05,0.125635235843171,0.241362055679185,0.142476044321949,0.124793314701938,0.010581622452414,3.98973171090072e-05,3.98973171113066e-05,3.98973171203072e-05,0.0101480986337229,0.237510906483439,6.13437800456929e-05,3.9897317109015e-05,0.107191994201472,3.98973171043862e-05
"mix_0104_depth25",8.07559500232275e-05,0.114596230240125,0.232566437710162,0.112204132253137,0.172782559192213,8.07559500231877e-05,8.07559500231874e-05,8.0755950028255e-05,8.07559500236896e-05,0.0107691131836058,0.229090140994897,0.000588306495481101,8.07559500231876e-05,0.12683778828021,8.07559500231795e-05
"mix_0105_depth100",0.000117597086661671,0.157230743037022,0.304662329545343,0.048019797163546,0.00160752008038416,0.000117597086661675,0.00392691876617504,0.000117597086631006,0.000117597086661496,0.0177358179277343,0.107722867492118,0.000183772302162008,0.0843327764648149,0.237959222260434,0.0361478466136501
"mix_0105_depth25",0.00415632234658196,0.172378108567676,0.298529251454487,0.0419520665892165,0.0363546911215251,0.00867094152970507,0.00406045099019182,4.04226761978673e-05,4.04226761978768e-05,0.0164347508196414,0.0853920799187067,4.04226761510787e-05,0.0554713259173986,0.261341461206999,0.0151372815093237
"mix_0106_depth100",8.35839076029087e-05,0.0418920452242109,0.307652973826119,0.174064737350424,0.0490380958175031,8.35839076036042e-05,8.35839076144509e-05,8.35839076355952e-05,8.35839076094689e-05,0.0175258245591188,0.273363136127951,8.35839081677732e-05,8.3583907603606e-05,0.0830928415407448,0.0527852582000905
"mix_0106_depth25",8.49107450202557e-05,0.0407277654568667,0.261916625809101,0.175169307192355,0.0790004470772883,8.49107450445394e-05,8.49107450445359e-05,8.49107450279772e-05,8.49107450445306e-05,0.0244728222406235,0.276508831972612,8.49107537421921e-05,8.49107450445394e-05,0.0672233410045033,0.0743864840226817
"mix_0107_depth100",8.25153797860932e-05,0.198139834231739,0.326456486621267,0.127728001306701,0.0140028989608172,8.25153797924289e-05,8.25153797924306e-05,8.25153796945806e-05,8.25153797928488e-05,0.0125133118486568,0.125141572616778,8.25153798257328e-05,0.0134247749377248,0.0754648792360145,0.106633147961618
"mix_0107_depth25",8.23096325238306e-05,0.205171840265981,0.327498420022878,0.100545455798794,0.049316051346549,8.23096325238343e-05,8.2309632523823e-05,0.00304693137115234,8.23096325238304e-05,0.0188740552305407,0.153036404460011,8.23096328546253e-05,0.0120262590267956,0.0161398528522056,0.113933181462143
"mix_0108_depth100",0.0296880797161656,0.0476531345433003,0.24986896089251,0.176388894607583,0.000113876097993049,0.000113876097993049,0.000113876097993052,0.0465331643117108,0.000113876097993051,0.000113876097993049,0.195195479528528,0.000113876097845606,0.137865239436937,0.00654854405245044,0.109575246323003
"mix_0108_depth25",0.0340933303585851,0.0416041946100283,0.234501615442485,0.188841013058846,0.000112103075610675,0.000112103075610684,0.000112103075610683,0.0413449730826663,0.000112103075610684,0.000112103075610685,0.182891100301613,0.000117526580816789,0.148628827860217,0.000112103075610684,0.127304800251079
"mix_0109_depth100",0.000116422445136314,0.0712954299528108,0.2592972083504,0.105144990820286,0.0654719850382238,0.000116422445136314,0.000116422445136314,0.162181950465743,0.000116422445136315,0.0256391774568943,0.210869001091239,0.000116422440119404,0.000478949181319995,0.000116422445136304,0.0989227729772824
"mix_0109_depth25",0.000124520541170598,0.0790502391594459,0.210655901100895,0.10227390936003,0.0883758203326978,0.000117886330348155,0.000117886330348156,0.167120806607918,0.000117886330348157,0.0374769426301925,0.197029431563217,0.000117886331994425,0.0168090784068536,0.000117886330348149,0.100493918644193
"mix_0110_depth100",7.5507471322884e-05,0.166497857450525,0.351796573747476,0.102114665832907,7.5507471322883e-05,7.55074713228843e-05,7.55074713228838e-05,0.143461316762487,7.55074713228838e-05,7.55074713228863e-05,0.115213982525423,7.55074826358984e-05,0.0055039890992707,7.55074713228839e-05,0.114807554800015
"mix_0110_depth25",0.0017244892951878,0.118410352354957,0.373751445899099,0.122433652952499,7.40452143039349e-05,7.40452143039543e-05,0.0157578124488132,0.156671864748,7.40452143039579e-05,7.40452143039553e-05,0.0973744112519005,7.40452133496668e-05,0.00137100989132791,7.40452143039499e-05,0.112060689873347
"mix_0111_depth100",8.12832343146741e-05,0.0759336659239566,0.339610000009317,0.0956574582924279,8.12832343147098e-05,8.1283234314703e-05,0.137102299861459,8.1283234357986e-05,0.0080018427627682,8.12832342965328e-05,0.263407747671064,0.000293580756740084,0.0159711852653037,0.056632299150374,0.0069835041349911
"mix_0111_depth25",8.0223872951507e-05,0.0763705006383371,0.328497836738352,0.093813549181609,9.68343111100064e-05,8.02238729515112e-05,0.138782686575323,0.00718711650940754,0.0302415896325876,8.02238729524044e-05,0.284523053701864,8.02238730372095e-05,0.0145259674138396,0.0255597459327288,8.02238729491192e-05
"mix_0112_depth100",0.000120162459699531,0.151396860615719,0.28975200457475,0.128050725233438,0.00415843251406465,0.0317951416051678,0.0367224806475039,0.000120162459698773,0.00106639457895022,0.00159541015897402,0.199448770131364,0.000481638303070874,0.00012016245969953,0.0213131281642451,0.133858526093654
"mix_0112_depth25",0.000115448812956158,0.144839227100257,0.237336658561822,0.0971505530295223,0.0750374690468064,0.000115448812956158,0.0351596697122197,0.000115448812956158,0.0117829605736207,0.000115448812956158,0.219054524294555,0.000115448812984979,0.0109477369407744,0.0521889602017152,0.115924996473898
"mix_0113_depth100",7.96534047188272e-05,0.0784388745126345,0.301659300683441,0.277644958052976,7.96534047182657e-05,7.96534047182636e-05,7.96534047182639e-05,7.96534047180459e-05,7.96534047186887e-05,7.96534047197872e-05,0.195070265818229,0.00025333867997939,7.96534047182624e-05,0.0621417436456282,0.0841542913693634
"mix_0113_depth25",0.000116228739104525,0.0723661670720537,0.246540108829998,0.252539009887579,0.000217389414511309,0.00525983547057648,0.000116228739100294,0.000116228739100293,0.000116228739100296,0.0123939118722381,0.257991506623396,0.00120729026317914,0.00973309348198433,0.0629636785389334,0.0783230935891449
"mix_0114_depth100",7.92576734881898e-05,0.111772236097438,0.256486053731591,0.14955788291885,0.133790485516178,0.019121498314147,7.92576734849927e-05,7.92576734840722e-05,0.00508584767350876,7.92576734840851e-05,0.17025997209433,7.92576734898392e-05,7.92576734849923e-05,0.100206504839452,0.0532439727735897
"mix_0114_depth25",7.97398681799838e-05,0.109911121363137,0.188705475323894,0.163042621327259,0.210349570393332,0.0203698907896473,7.97398681799914e-05,0.00873079337843,0.0187178697694714,7.9739868179991e-05,0.173177422019616,0.00301582973500638,0.00300520867818386,0.0405473804146683,0.0601875972028151
"mix_0115_depth100",0.0364107425986952,0.185061767134962,0.0868560018289395,0.0514403605237367,0.203929386855723,0.0147116084863246,0.00012719207456885,0.000127192074563268,0.0409336945653485,0.000127192074567899,0.103323762366205,0.00012719207376203,0.0343048804289378,0.168855206646563,0.0736638202671026
"mix_0115_depth25",0.044012066075842,0.188192382011921,0.103908915327644,0.061819041348154,0.157077887555243,0.0265306595606748,0.000480315253490092,0.000128650926001912,0.000128650926001912,0.000128650926001913,0.104543791084875,0.00165590259289303,0.0320594781555807,0.103708439130842,0.175625169124833
"mix_0116_depth100",8.23352630062213e-05,0.119811330292225,0.277397220138992,0.109037466329075,0.000114464825429558,0.0168442948032756,8.23352630062187e-05,0.00194938223925237,8.23352630683411e-05,8.23352629970975e-05,0.230916543752185,8.233526329743e-05,0.0919589160565581,0.0930046105488512,0.0585540946987807
"mix_0116_depth25",0.006941220181478,0.132335283653371,0.272917991932106,0.145434945974609,8.06360141412984e-05,0.00404232687566027,8.06360141412875e-05,0.00383487179415088,8.06360141412789e-05,8.06360141412924e-05,0.204544680346218,0.000426733895196403,0.0893454989667571,0.0665703534934074,0.0732835488304805
"mix_0117_depth100",7.83331338233473e-05,0.301239389552246,0.291017660001758,0.0779609466956614,7.83331338222871e-05,7.83331338222876e-05,7.83331338222891e-05,0.000935662032619644,0.0272293116230234,0.00397965315972564,0.179749776770991,7.83331336743322e-05,7.83331338222876e-05,0.110746305225019,0.00667129613616931
"mix_0117_depth25",7.76066349342396e-05,0.3050900513157,0.226348190679892,0.06474190358872,0.0382496880400804,7.76066349390132e-05,7.7606634939013e-05,0.00341755822070687,0.0354741946663313,7.76066349353762e-05,0.216293533716672,0.00090115162487647,7.76066349390134e-05,0.109018088337395,7.76066349392705e-05
"mix_0118_depth100",8.32154112002093e-05,0.29327169583456,0.227429884934335,0.112303299993664,0.0620550127471288,8.32154112012529e-05,8.32154112012494e-05,8.32154111837617e-05,0.0215402918251788,0.0110406392733691,0.184009078655611,0.000169181275565041,0.000124776674980642,8.32154112012515e-05,0.0876400617296201
"mix_0118_depth25",5.62941766214238e-05,0.297610785635841,0.196144413006442,0.0246678086857605,0.104062513087219,0.00313957937035924,5.62941766214262e-05,0.00109595358880901,0.0286169216322596,0.0161746657698561,0.199369353410511,5.62941765829385e-05,0.007943082220679,0.108750099829364,0.0122559412330738
"mix_0119_depth100",7.5352112027594e-05,0.0515632458298404,0.227552212559593,0.126663725664989,0.0555969382547392,7.5352112027715e-05,7.53521120277158e-05,7.53521120545776e-05,0.0469565315215238,0.0120308035121751,0.167401811066947,7.53521055883257e-05,0.212257606751165,0.0671891739626925,0.0324111903226087
"mix_0119_depth25",0.000110838437629745,0.0440385177449078,0.192927101451225,0.132110739656218,0.084560557791811,0.000110838437619119,0.000110838437619119,0.000110838437619361,0.0428759710135523,0.0213926782628874,0.19338135579558,0.000110838443799904,0.184296644068979,0.0792195086149953,0.0246427334055567
"mix_0120_depth100",0.00583251685631476,0.0360643645087569,0.378140890562652,0.147331572731498,8.09481276313555e-05,0.00535250365633167,8.09481276313536e-05,8.09481276378073e-05,8.09481276303966e-05,0.0279845666948197,0.266070730653258,8.09481304214617e-05,0.0602272713564865,0.0398467867307768,0.0327440556081539
"mix_0120_depth25",0.0277879604529277,0.0287723150898282,0.404567861951754,0.178067533573395,0.000156704753390466,8.37775066497088e-05,8.3777506649709e-05,0.00269800014560573,8.37775066497087e-05,0.0411775549505537,0.186808408593494,8.37775103349651e-05,0.0571678112649081,0.0463091945581317,0.0261515446357273
"mix_0121_depth100",5.65620460933753e-05,0.0653004811193386,0.295833522603572,0.157438688860006,0.00858670340271525,0.00541333666902523,5.65620460873669e-05,5.65620460925916e-05,0.00731849990193526,0.0427594211424546,0.212773530454687,5.65620483101899e-05,0.143083892736317,5.65620460873622e-05,0.0612091128772782
"mix_0121_depth25",8.25053918766878e-05,0.0673836271869191,0.295536412691085,0.0978777189761781,0.021779927249252,0.00598508660146883,8.2505391870714e-05,0.00217456356513086,8.25053918707139e-05,0.0483685748320693,0.240613594438403,8.25053913651051e-05,0.148378987282519,8.25053918707155e-05,0.0714889802181206
"mix_0122_depth100",4.05820329470929e-05,0.0688602203162851,0.327866441967355,0.19975848292734,0.0397814300486596,4.05820329472522e-05,4.058203294935e-05,4.05820329199999e-05,4.05820329419628e-05,0.0453808176486515,0.220830060236198,5.95762276291196e-05,4.05820329472524e-05,0.0726692677073806,0.0245502107228471
"mix_0122_depth25",5.81157692611262e-05,0.0684138695436826,0.32406382316572,0.150919067104066,0.0932096391255251,0.00538095792113621,0.000841440693415348,5.81157692617222e-05,5.81157692611267e-05,0.0478421515944198,0.2259755927055,0.000769996100875587,0.00458427383198716,0.0611709028354587,0.0166539380704293
"mix_0123_depth100",8.12800519837408e-05,0.1228436709826,0.301714488660365,0.138998221648781,0.120243436696852,0.00361156543273023,8.12800519877678e-05,8.12800520212023e-05,0.0181349092989732,0.0234578992510514,0.181049161165089,8.12800504587072e-05,0.00385840900720235,8.12800519877685e-05,0.0856818375979161
"mix_0123_depth25",8.01471799003913e-05,0.137411606223064,0.283816633323158,0.118082099342545,0.122519535400302,8.01471799003905e-05,8.01471799003907e-05,8.01471798980316e-05,8.01471799003906e-05,0.0466976262042115,0.211587856692622,8.01471794978798e-05,0.00326394554228856,0.0327135160055589,0.0434262981872534
"mix_0124_depth100",8.6421299102574e-05,0.190014442115721,0.205853811547877,0.0713752839598201,0.0559375513003344,0.0503841444714847,8.64212991025762e-05,0.0444501280798548,0.00826030429260249,8.64212990982107e-05,0.172574266585639,8.64212984511578e-05,8.64212991025738e-05,0.146545416339633,0.0541725448121769
"mix_0124_depth25",8.49553712368552e-05,0.210300552431503,0.234267517701944,0.0935774493201931,0.017705658748541,0.0388458382156195,8.49553712368558e-05,0.0413128530349491,0.00751504844151688,8.49553712368547e-05,0.159591283884442,8.4955371120608e-05,0.00109845059819309,0.11797103968343,0.0774744864548364
"mix_0125_depth100",7.9760682315318e-05,7.97606823175574e-05,0.270829881272582,0.200140426609892,0.108009011532104,0.0042481580425824,7.97606823153128e-05,7.97606823586229e-05,7.97606823146889e-05,0.00715380186681576,0.188180156358618,7.97606845466232e-05,0.0618800752866549,0.0387456925778628,0.12033423235672
"mix_0125_depth25",8.03411157355132e-05,8.0341115727497e-05,0.217730473233117,0.148204239090994,0.177723292435904,8.03411157355132e-05,8.03411157355131e-05,8.03411157236079e-05,8.03411157355128e-05,0.0100965338789703,0.196802139911215,8.034111147764e-05,0.0533432390496938,0.0710929119073968,0.124444782686838
"mix_0126_depth100",8.00215339614663e-05,0.263704026258852,0.37115710027142,0.202813703947393,0.000188659924770607,0.00365483410381521,8.00215339614677e-05,8.00215339405757e-05,8.00215339370468e-05,0.00200875207283567,0.121449476110568,0.000595477535242315,8.00215339614702e-05,0.0170633916407064,0.0169644704646355
"mix_0126_depth25",8.22040564614836e-05,0.228684250532668,0.281191659633683,0.257924792069853,0.0403940738387178,0.0104866167952836,8.22040564615339e-05,0.00428936094051082,0.00118920117117569,8.22040564637983e-05,0.136194723126843,0.000105908334919997,8.22040564615323e-05,0.021613928674547,0.0175966686559492
"mix_0127_depth100",8.68724854526604e-05,0.349211785525866,0.283411503724469,0.101400457426569,0.0323398526217576,8.68724854418656e-05,8.68724854418654e-05,8.68724854033519e-05,0.00304958825647321,8.68724855270085e-05,0.180712489886593,8.68724828405266e-05,9.59060055799459e-05,0.0491703091572038,8.68724853806812e-05
"mix_0127_depth25",6.19955954069856e-05,0.36862030079205,0.291873789758255,0.0598894797804159,0.0763483642236786,6.19955954039923e-05,6.1995595403985e-05,0.000400582089457929,0.0039363154743585,6.19955955266044e-05,0.166205292653918,6.19955936861731e-05,0.000162192965943811,0.0321917086910872,6.19955954076271e-05
"mix_0128_depth100",5.7593490714979e-05,0.24000523428263,0.403390754623217,0.147916923080023,5.75934907166521e-05,5.75934907166518e-05,5.75934907166516e-05,5.75934907481627e-05,5.75934907242684e-05,5.75934907545251e-05,0.145048053220811,6.15100390090016e-05,6.31176255607436e-05,0.0630536592029514,5.75934907068922e-05
"mix_0128_depth25",0.000652592392455613,0.237037568703938,0.389334776030118,0.135482640735219,0.0090741850887781,8.45819945942161e-05,8.45819945942162e-05,9.23645646082363e-05,0.00136702003504897,8.45819945717121e-05,0.167663593511456,0.000739289057687253,8.45819945942162e-05,0.0581330599077366,8.45819945990044e-05
"mix_0129_depth100",5.79540688499285e-05,0.317991614999272,0.322466238712301,0.109959819468281,5.79540688499275e-05,5.79540688499283e-05,5.79540688499288e-05,0.126014555751358,5.79540690335419e-05,5.79540689000864e-05,0.122988230379744,5.79540691672484e-05,5.79540688499329e-05,5.79540688453088e-05,5.79540688480251e-05
"mix_0129_depth25",8.26707893653305e-05,0.325527323858581,0.323655885247323,0.101387592730943,0.010958602243609,8.26707893653361e-05,8.2670789365337e-05,0.118719432105165,8.26707893944392e-05,0.000831534409939513,0.112558738164765,8.26707863399376e-05,8.26707893653294e-05,8.2670789365333e-05,0.00578219571711384
"mix_0130_depth100",5.60658292972641e-05,0.274335117147124,0.306266104674281,0.136717760360807,5.60658292972618e-05,5.60658292972636e-05,5.60658292972593e-05,0.0524495642113575,5.60658290837966e-05,5.60658304454758e-05,0.229670795319078,5.60658227920901e-05,5.60658292972609e-05,5.60658292972622e-05,5.60658292458287e-05
"mix_0130_depth25",5.49616501032274e-05,0.309255443643434,0.286370374822303,0.146023374337186,5.49616501032214e-05,5.49616501032275e-05,5.49616501032228e-05,0.0552578937666862,5.49616509680224e-05,5.49616498006979e-05,0.202520252311283,5.49616554716927e-05,7.80062615718536e-05,5.49616501032267e-05,5.49616507797749e-05
"mix_0131_depth100",8.17042636958235e-05,0.321073887114539,0.203164014532546,0.133931355731442,0.0579802116400617,8.17042636958293e-05,8.17042636958226e-05,0.124567258675468,8.17042649049798e-05,8.17042640701819e-05,0.158547933930328,8.17042645457476e-05,8.17042636958301e-05,8.17042636958224e-05,8.17042636149111e-05
"mix_0131_depth25",8.22243462000352e-05,0.317811887213876,0.141096138743225,0.14285635296683,0.0979775642782375,8.22243462000441e-05,8.2224346200033e-05,0.118554784937479,8.22243462147334e-05,8.22243461364215e-05,0.180960781733507,8.2224346225344e-05,8.46953572587204e-05,8.22243462000343e-05,8.22243462099619e-05
"mix_0132_depth100",4.14395973017091e-05,0.295663830021987,0.154943246518186,0.109070742192699,0.0772882253821759,0.0051038967688669,0.145204094952186,4.14395973101271e-05,4.14395970325034e-05,4.1439595996402e-05,0.212348910943953,4.14395969980461e-05,8.69760402725312e-05,4.14395973075146e-05,4.14395977270195e-05
"mix_0132_depth25",4.1852086587705e-05,0.302445744484866,0.173103723462977,0.0721780980037368,0.0769625175970357,0.0189851387470115,0.147563087303932,0.00344264690198768,4.18520865990401e-05,4.18520867016008e-05,0.203049576753803,4.1852086585989e-05,0.00201835422476235,4.1852086587704e-05,4.18520868247071e-05
"mix_0133_depth100",6.03575270862259e-05,0.34993336720171,0.219666784437239,0.144079184001408,6.03575270940957e-05,6.03575270940959e-05,0.0697516751421428,0.00098614673927738,6.03575271790034e-05,6.03575269802048e-05,0.215039624735046,6.03575277778213e-05,6.03575270940901e-05,6.03575270941084e-05,6.03575257771517e-05
"mix_0133_depth25",8.49098200107521e-05,0.343557290952989,0.228683577709544,0.155212818264166,8.49098200107532e-05,8.49098200107497e-05,0.07738673927868,0.00149111453610661,8.49098199936055e-05,8.49098186884664e-05,0.192882096783433,8.49098180531831e-05,0.000107083918037674,8.49098200107703e-05,8.49098202662588e-05
"mix_0134_depth100",8.52162392124505e-05,0.257310660703484,0.286288346463869,0.179354322496924,0.0220001948310909,0.00166106259851534,0.0280757913022219,8.52162387492452e-05,8.52162389676506e-05,8.521623923781e-05,0.224627434859057,8.52162388242627e-05,8.56730717917429e-05,8.52162391966757e-05,8.52162388566383e-05
"mix_0134_depth25",5.8676159040819e-05,0.297896833619889,0.294052527104171,0.137726307335954,0.0489861915468725,5.86761590408174e-05,0.0089661558707,0.00106489094892764,5.86761587463995e-05,5.86761591174217e-05,0.209183065327758,0.00170938565990298,6.2585631899689e-05,5.86761590408188e-05,5.86761589404418e-05
"mix_0135_depth100",0.048384842852654,0.354809764613946,0.294629540738942,0.0370958035260338,0.0566585478314017,3.96362775292255e-05,3.96362775292247e-05,3.96362775216349e-05,3.96362775373552e-05,3.96362771107403e-05,0.183019763680005,3.96362762174623e-05,5.78555052903005e-05,0.0250664273106038,3.96362776780592e-05
"mix_0135_depth25",0.0495007037664399,0.346149617334467,0.264367699210582,0.0412365250137476,0.0624931713709027,0.0115433708408893,5.68843672145822e-05,0.00445912318713913,5.68843672145815e-05,5.68843692257285e-05,0.177819850495086,5.68843671727964e-05,0.000229721877643368,0.0419157950650598,5.68843672145838e-05
"mix_0136_depth100",0.0313954608411419,0.188138520083603,0.372178956766056,0.22528122440067,0.00565569137043681,7.99452198325878e-05,7.99452198325881e-05,7.99452198784135e-05,0.000835971002853968,7.99452197789021e-05,0.164040022449391,7.99452198264689e-05,7.99452198325912e-05,0.0119145365469891,7.99452198771682e-05
"mix_0136_depth25",0.0364740567282161,0.19422965119357,0.419090724392206,0.192581848045502,9.27142241325903e-05,0.00518587408022817,8.51886574215628e-05,8.51886574216542e-05,0.00494364656382553,8.51886573986941e-05,0.146805164166869,8.51886608090778e-05,8.51886574215645e-05,8.51886574215627e-05,8.51886575567571e-05
"mix_0137_depth100",0.0169937820520207,0.239444170021505,0.265202026639855,0.256487764189752,0.0123132983833824,0.0138732805878831,5.94143175985092e-05,5.94143177054733e-05,5.94143175589324e-05,5.94143175786413e-05,0.195210363584626,5.94143177532996e-05,5.94143175984923e-05,5.94143175985094e-05,5.94143175838387e-05
"mix_0137_depth25",0.0251465528593351,0.244464262538188,0.210802572449198,0.188622059513696,0.0765286062169741,0.00975597133219704,6.00971841474025e-05,6.00971841473396e-05,6.00971841465107e-05,6.0097184127216e-05,0.243755212902974,0.00050408189842501,6.00971841474019e-05,6.00971841474022e-05,6.00971841485054e-05
"mix_0138_depth100",8.84895676466104e-05,0.290224725225136,0.111586066313202,0.03726368662781,0.341262151454017,0.0104700375798075,8.84895676524393e-05,0.00075483298855469,0.0228982203016272,8.84895676412136e-05,0.181967384414005,8.84895708714554e-05,8.84895676524374e-05,0.00304195768671136,8.84895676661519e-05
"mix_0138_depth25",8.55337261391323e-05,0.272835645488119,0.0813855822062541,0.0114949516299672,0.352855800747353,8.55337261438737e-05,8.55337261438726e-05,0.000834218346639008,0.0363162438863554,8.55337261552666e-05,0.243593287886801,8.5533725568229e-05,8.5533726143871e-05,8.55337261438724e-05,8.55337260743469e-05
"mix_0139_depth100",3.96194201586226e-05,0.387578355520727,0.267688342445384,0.0914518916034826,3.96194201914292e-05,3.96194201914285e-05,3.96194201914294e-05,9.57701104600708e-05,0.0216516435215348,3.96194202055752e-05,0.19848122021456,3.96194219101156e-05,0.0327358212206264,3.96194201914285e-05,3.96194201860061e-05
"mix_0139_depth25",3.8807464567826e-05,0.359394539630581,0.268352346811368,0.105108854361288,3.88074645647909e-05,3.88074645647892e-05,3.88074645647876e-05,0.00226254584441198,0.02122302011909,3.88074645683194e-05,0.20118582311029,0.000711269017513957,0.0410524007654798,0.000476355552579901,3.88074645659276e-05
"mix_0140_depth100",5.79970291221267e-05,0.381128773507489,0.301708708956748,0.150463952453325,0.0398661849896401,0.000824283251538527,5.79970291532508e-05,5.79970291257683e-05,0.0171345157271795,5.79970291769889e-05,0.108394264130482,5.79970343930006e-05,7.33377740839197e-05,5.79970291532476e-05,5.79970293901972e-05
"mix_0140_depth25",5.71466636760888e-05,0.38055324864645,0.250339728121265,0.175532052793402,0.0824827089505258,5.71466636787465e-05,5.71466636787495e-05,0.000835762514500843,0.00760383464312091,0.00168428822176331,0.100463750658554,5.71466637122889e-05,0.000161745468295766,5.71466636787432e-05,5.71466636971539e-05
"mix_0141_depth100",8.38011390902983e-05,0.414319026398164,0.243954015070366,0.162927325632487,8.38011391193246e-05,0.00270120814495821,8.38011391193175e-05,8.38011390494109e-05,8.38011391189779e-05,0.00844744014248175,0.150529124876038,8.38011391079355e-05,8.38011391193218e-05,0.0142860367632717,0.00224921499850853
"mix_0141_depth25",8.3890581596435e-05,0.432713118440988,0.189469529637037,0.171627576261744,8.38905815971289e-05,8.3890581597126e-05,8.38905815971245e-05,0.00517929278716636,0.00364877553186966,0.0127654786144444,0.16713272467258,8.3890582589691e-05,0.000109553889211597,0.0168506066743847,8.38905815971273e-05
"mix_0142_depth100",7.73780077852948e-05,0.278541976552733,0.322818526004654,0.108267976462253,0.0607259480990471,0.00309159264380741,7.73780077550557e-05,7.73780077484668e-05,7.73780077373486e-05,0.0195493984038113,0.19232038267317,7.73780078455178e-05,7.73780077550556e-05,0.0133170202563668,0.000902910857531514
"mix_0142_depth25",5.42564937944635e-05,0.270434540492177,0.273065981995785,0.111139015964702,0.10047252442998,5.425649379625e-05,5.42564937962505e-05,5.42564937962507e-05,5.42564937962507e-05,0.0204972448656381,0.211474385119543,5.42564937716506e-05,9.53765562276772e-05,0.012441135119399,5.42564937972986e-05
"mix_0143_depth100",8.557879143998e-05,0.31389968061701,0.324003280387869,0.165751794294121,8.55787914608295e-05,8.55787914608286e-05,8.55787914608288e-05,8.55787913881332e-05,8.55787914576673e-05,0.021881847065446,0.154831729484191,8.55787909825588e-05,8.55787914608274e-05,0.0188614590288069,8.55787914435931e-05
"mix_0143_depth25",8.75679200509575e-05,0.323437206265402,0.333501097350463,0.153183630636865,8.75679200525714e-05,8.75679200525757e-05,8.75679200525767e-05,0.000924539648152239,8.75679200426504e-05,0.0223906354396042,0.150736902329525,8.75679154614948e-05,9.05084967763623e-05,0.0151225043974438,8.75679200551015e-05
"mix_0144_depth100",0.0223063529610349,0.235551373741921,0.181801564459116,0.0862791417841845,0.107332728341049,0.0281205521665904,0.00355299496847719,0.0132054379153251,2.97096908408475e-05,2.97096960484711e-05,0.15465981552402,2.97096963394354e-05,0.00843649010604154,0.158634709258345,2.9709690665717e-05
"mix_0144_depth25",0.00820825968923247,0.205977627109936,0.153114400023684,0.0667904941702899,0.122043300426749,0.0545287764256654,0.00541163177759135,0.0223955020256883,4.31105671427312e-05,4.31105658629388e-05,0.157548115095204,4.31105675969434e-05,0.0258246587190235,0.17798479226919,4.31105671427526e-05
"mix_0145_depth100",1.93281834110521e-05,0.160720989270845,0.138841970604633,0.0793717721598228,0.153005425405854,0.023437559516514,0.00823406681186866,1.93281834109678e-05,1.93281832057069e-05,1.9328185051489e-05,0.166301413934521,1.93281832922869e-05,0.127581028680384,0.142389804513775,1.9328183410626e-05
"mix_0145_depth25",5.86896438061569e-05,0.169143595007068,0.139231872518572,0.0835090867800763,0.0847939563606757,0.0375699584227888,0.0126833657908902,5.86896438049196e-05,5.8689643804919e-05,5.86896438920451e-05,0.204078279590208,0.000166270493908061,0.147543189953462,0.120986976863239,5.86896438049057e-05
"mix_0146_depth100",4.10336055401728e-05,0.37244208345736,0.182518353980425,0.0968766066245105,0.0907926056760966,0.0167821955516042,4.10336055388429e-05,0.000180657077172614,0.0106552517880658,4.10336055003717e-05,0.173451817794831,4.10336055869471e-05,4.10336055388403e-05,0.0508592628647026,0.00523599715752688
"mix_0146_depth25",5.98358139754001e-05,0.377416235642768,0.205634248488929,0.131626734288959,0.00909852914433488,0.025701315958927,5.98358139739599e-05,0.00111747516117268,0.0217736565613819,5.98358138962259e-05,0.175952361350061,5.9835813974179e-05,5.98358139739616e-05,0.0513204285196978,5.98358139739622e-05
"mix_0147_depth100",3.82103049700413e-05,0.568535986233003,0.178096023348499,0.0525454779812477,3.82103049700342e-05,3.82103049700413e-05,3.82103049700435e-05,3.82103049776743e-05,3.82103049696982e-05,3.82103049699638e-05,0.0535745262184311,3.82103048684746e-05,4.14765381778515e-05,0.0653326153188165,0.0815682119221583
"mix_0147_depth25",3.82942818229485e-05,0.556422226763469,0.170575471621931,0.0640480406235869,3.82942818237058e-05,4.09949783766802e-05,4.29733919006066e-05,3.82942818237071e-05,3.82942818237051e-05,3.8294281823706e-05,0.0693755818166178,3.82942818240438e-05,4.06271232368913e-05,0.0305506621449898,0.108673655844949
"mix_0148_depth100",2.84947174937715e-05,0.521380684417694,0.259783409550708,0.0363838230185331,2.84947174933789e-05,2.84947174933792e-05,2.84947174933783e-05,2.84947174854509e-05,0.00061346904767257,2.84947173588248e-05,0.11468968449489,2.84947174208455e-05,3.35033117379785e-05,0.0668874684190322,2.84947174936806e-05
"mix_0148_depth25",0.00150985419592751,0.564877192390489,0.221267203183536,0.0523812468823872,3.01114461711284e-05,3.01114461711266e-05,3.01114461711277e-05,3.01114461711271e-05,3.01114461713536e-05,3.01114467646547e-05,0.0690080943675422,3.01114461793962e-05,7.25812428778233e-05,0.0906429361672237,3.01114462170042e-05
"mix_0149_depth100",4.12448421540972e-05,0.429636673767585,0.262516596068566,0.07775741648656,4.12448421494531e-05,4.1244842149448e-05,4.12448421494541e-05,4.12448421507533e-05,4.12448421638026e-05,0.0046338616149874,0.104023213723492,4.12448485823253e-05,0.0524518677258691,0.0523801077362258,0.0163115489752155
"mix_0149_depth25",5.76153478133572e-05,0.379942348777029,0.252832073345198,0.056873551437481,5.76153478103306e-05,5.76153478103257e-05,5.76153478103293e-05,5.76153478128975e-05,5.76153478105671e-05,0.00635530830846284,0.134318928167611,5.76153530809887e-05,0.0697508087978032,0.0994660583786555,5.76153478103283e-05
"mix_0150_depth100",8.74855040928874e-05,0.219875257906475,0.191759898813356,0.119703051753262,8.74855040928889e-05,8.748550409289e-05,8.74855040928923e-05,0.14179282531193,8.74855032516313e-05,8.74855040904361e-05,0.178022651038757,8.74854759268335e-05,0.0993717211757979,8.74855040928888e-05,0.0487747099966899
"mix_0150_depth25",8.64677729364901e-05,0.23745278852283,0.114075103469645,0.0863105545634593,0.083434369490192,8.64677729364908e-05,8.64677729364976e-05,0.136616656901079,8.64677728170028e-05,8.64677729364849e-05,0.208199172914182,8.64677687270522e-05,0.0859439406004071,8.64677729364805e-05,0.0473621391319788
"mix_0151_depth100",8.20378202543634e-05,0.277847337338572,0.195829357027677,0.0731578388575227,8.20378202543684e-05,8.20378202543684e-05,8.20378202543691e-05,0.142756287643835,0.00201481684600364,8.20378202543667e-05,0.12230113081594,8.20378188578157e-05,0.140991186293216,8.20378202543859e-05,0.0445277804368508
"mix_0151_depth25",8.47759937940742e-05,0.298055531175875,0.193057138582706,0.0184227452076682,0.0345108171357242,8.47759937940752e-05,8.47759937940744e-05,0.158791567404554,8.4775993794075e-05,8.47759937940748e-05,0.0804620503704918,8.47759944108991e-05,0.17242808365219,8.47759937940798e-05,0.0436786345136153
"mix_0152_depth100",6.11845530488216e-05,0.528388747089793,0.243345922754619,0.0586046256621446,6.11845530488213e-05,0.00283273479168141,6.11845530488214e-05,0.069792070511389,6.11845530556531e-05,6.1184553018161e-05,0.0790718642256599,6.11845528471733e-05,6.3483346709584e-05,6.11845530488133e-05,0.017472259746887
"mix_0152_depth25",0.00719077173491221,0.560547469878603,0.234794946866826,0.033329546682985,6.31023346665326e-05,6.31023346665479e-05,6.31023346665453e-05,0.0661034554354277,6.31023346691821e-05,6.3102334661902e-05,0.0806491998109789,6.31023346164464e-05,0.000120880476993032,6.31023346665475e-05,0.0168220127706604
"mix_0153_depth100",5.87368344905464e-05,0.320719896855668,0.330367646987647,0.0740487728594387,5.873683457356e-05,5.87368345735592e-05,0.00485521117962027,5.87368345888209e-05,5.87368346121086e-05,0.00185622450706012,0.184653524881751,0.000108884097046337,0.0382792056518509,0.0287105354109994,0.0161064133960789
"mix_0153_depth25",8.17130535686607e-05,0.280340664513666,0.326494294672318,0.129219076174648,8.17130535656364e-05,8.1713053565633e-05,0.00463952821447439,8.17130535579967e-05,8.17130535652794e-05,8.17130535398887e-05,0.130838657439228,8.17130543151955e-05,0.0848977989392445,0.0161382215915719,0.0268597670791709
"mix_0154_depth100",5.53272606628208e-05,0.345579760688185,0.23890292590506,0.106750116621602,5.53272606948914e-05,0.0210628259091277,0.00956017817890812,0.000812490312787133,0.000392911305481649,0.00167296081958901,0.234474808552758,5.53272605563598e-05,0.0405143854031957,5.53272606948862e-05,5.53272606952325e-05
"mix_0154_depth25",5.55913654592078e-05,0.355431840062614,0.196792552094843,0.102522043337435,5.5591365459204e-05,0.0199310970379791,0.0214990023650468,0.00211487861979454,0.00289458695125921,5.55913654737496e-05,0.268953354378454,5.55913647187682e-05,0.0295270969605442,5.5591365459205e-05,5.55913654598013e-05
"mix_0155_depth100",8.22201111097352e-05,0.404131051218981,0.210124005666732,0.10004831495776,8.22201111213986e-05,0.0143914043320166,0.0831929342275965,0.00356830281752468,0.00299255423319728,0.00416536481314719,0.154794772654593,8.22201112910229e-05,0.000134977355039084,8.22201111213946e-05,0.0221274372787689
"mix_0155_depth25",5.83935234309088e-05,0.406966342585148,0.187374175887248,0.120329657986278,5.83935234304364e-05,0.00506516626721357,0.100795153036026,0.00367869635412137,0.00459523209234254,0.0137363015551788,0.131417864248078,5.83935288762369e-05,0.000268251830828599,5.8393523430442e-05,0.0255395840583687
"mix_0156_depth100",0.00965830727234155,0.195258035753603,0.385099900142384,0.173607591456599,0.0203189468777757,0.000120407857288997,0.000120407857289003,0.000120407857343208,0.00312298418104379,0.00585953758188216,0.150144648296933,0.000382356140383506,0.000120407857288997,0.055945653010569,0.000120407857274896
"mix_0156_depth25",0.0068935773724523,0.214827633572544,0.378047249498064,0.169873615816434,0.00663322170131838,8.31965027403046e-05,8.3196502740305e-05,0.00357038913642162,8.31965027411176e-05,0.0114009709366241,0.163682868359558,8.31965027727563e-05,8.31965027403072e-05,0.0445712945901084,8.31965027401001e-05
"mix_0157_depth100",0.0152765068666775,0.210290559461202,0.302688791356434,0.187203909550675,8.05326359793715e-05,8.05326359793788e-05,8.05326359793783e-05,0.00739462732321074,8.05326359428097e-05,0.00266663643701095,0.227861783029394,8.05326361706283e-05,8.05326359793918e-05,0.029983197400979,0.0161507927583852
"mix_0157_depth25",0.0110736110154825,0.224197022082928,0.309733645754223,0.151983054019359,5.6353726890726e-05,0.0103530952958453,5.63537268907149e-05,0.00794569213277831,5.63537268948672e-05,5.63537268732632e-05,0.225745745476929,5.63537279587309e-05,5.63537268907179e-05,0.0482637074266525,0.0103663044334035
"mix_0158_depth100",0.0176405877710941,0.364747612015263,0.29944361717664,0.0902862662092672,8.80726089698855e-05,8.80726089698862e-05,8.80726089698852e-05,8.80726089194777e-05,8.80726089551557e-05,0.00443174398257655,0.175836952689238,8.80726091105563e-05,9.24851284447037e-05,0.0368844242985026,0.0101078750750787
"mix_0158_depth25",0.0251867656875773,0.379270502041579,0.26089180248782,0.090916048065666,0.010206180678186,0.011355616853999,6.2165867303033e-05,0.000142634748888103,6.21658673132746e-05,6.21658673013788e-05,0.190865752047642,6.21658733982472e-05,7.03724953759007e-05,0.0169107897683822,0.013934871649568
"mix_0159_depth100",6.04075147059103e-05,0.403511827413171,0.255464881466839,0.100766779936366,0.0223753872319936,6.04075147059084e-05,6.04075147059111e-05,6.0407514670217e-05,0.0591394362815277,6.04075147059102e-05,0.0922971360395937,0.000475402281393857,0.000168026166315729,0.0179921962271468,0.0475068893821588
"mix_0159_depth25",6.07244603045805e-05,0.386325640402087,0.28311287503715,0.113109511112172,0.0397614470659074,6.07244603045751e-05,6.07244603045807e-05,0.00115789615787206,0.0646059778837218,6.07244603049871e-05,0.0694016183014056,6.0724461641865e-05,0.010732451339033,6.07244603045806e-05,0.0314282359374862
"mix_0160_depth100",8.24061072296522e-05,0.2631392307459,0.286856116106785,0.227281621146855,8.24061072411826e-05,0.00994828103549697,8.2406107241185e-05,8.24061072998402e-05,0.0103209442328605,8.24061072581531e-05,0.178902808147208,8.24061103052159e-05,8.24061072411849e-05,8.24061072411838e-05,0.0228917497238371
"mix_0160_depth25",8.19969103287586e-05,0.291726906510524,0.241967404324073,0.200562616120231,0.0103297233751809,0.00594036236253819,8.19969103203116e-05,0.00387608777082236,0.00505399193390185,8.19969102998755e-05,0.203525163946599,8.19969121795562e-05,9.60670290782552e-05,8.1996910320312e-05,0.0365116920736033
"mix_0161_depth100",8.49891661986739e-05,0.350221456579011,0.285199845494174,0.156019351967263,8.49891662276028e-05,8.49891662276018e-05,8.49891662276063e-05,0.000830809959827583,0.0415454940460203,8.49891662300188e-05,0.116994562456762,0.00054319053415655,8.49891662276032e-05,8.49891662275986e-05,0.0480503647992182
"mix_0161_depth25",8.72141702130997e-05,0.362956227810054,0.290793724394764,0.129031727652749,8.72141702071401e-05,8.72141702071362e-05,8.72141702071403e-05,8.7214170212015e-05,0.0380745894283899,8.72141702071423e-05,0.103869987706927,8.72141717242744e-05,8.72141702071451e-05,8.7214170207143e-05,0.0744888154737238
"mix_0162_depth100",8.86943868123893e-05,0.120331579107686,8.86943868047769e-05,0.00204517606162224,0.645629229629689,0.0663863212961944,8.86943868047685e-05,0.00276139241205892,8.86943867864648e-05,0.0168984131531938,0.144756252187453,0.0003009631319315,8.86943868047712e-05,8.86943868047691e-05,0.000358506699352565
"mix_0162_depth25",8.84408658477976e-05,0.104129012234098,8.84408658478031e-05,0.000148474972151651,0.642242325735751,0.0822615026652831,8.84408658478011e-05,0.00787290908296161,8.84408658507541e-05,0.0130320334291104,0.149284941366539,0.000409714453167117,8.84408658477968e-05,8.8440865847798e-05,8.84408658477983e-05
"mix_0163_depth100",8.55974335051918e-05,0.315571271875934,0.227037369805545,0.174456373686227,0.00699077052771956,0.0111090491530638,8.55974335301973e-05,0.000523324121488833,8.55974334969523e-05,0.0197876169219124,0.216713829467136,8.55974335884232e-05,0.00187049880812007,8.55974335301872e-05,0.0255119084652027
"mix_0163_depth25",8.49254601577478e-05,0.325365554199982,0.220242159357057,0.126728467544842,8.86214044221899e-05,0.0107127038486692,8.49254601596356e-05,0.00216064939572214,0.00689746128711213,0.0088119592157552,0.258083693246126,8.4925460234005e-05,8.49254601596296e-05,0.023507062848134,0.0170619658114673
"mix_0164_depth100",5.57601757752833e-05,0.475012188752104,0.250637004227638,0.114198567518827,5.57601757670174e-05,0.00103332521746451,5.57601757670204e-05,5.57601757680992e-05,5.57601757566972e-05,0.019187263991772,0.120769817540385,5.57601730541006e-05,5.57601757670164e-05,5.57601757670176e-05,0.0187157513483876
"mix_0164_depth25",5.55165097573686e-05,0.486435305790898,0.234847775453009,0.130237960159993,5.55165097573682e-05,5.55165097573686e-05,5.55165097573589e-05,5.551650966897e-05,5.55165097573673e-05,0.0164812443765159,0.104807493561294,5.55165118834414e-05,5.55165097573718e-05,5.5516509757373e-05,0.0266905720684362
"mix_0165_depth100",8.63118993778945e-05,0.172214544395028,0.298827654653342,0.166490297812403,8.63118993764479e-05,8.631189937645e-05,8.63118993764499e-05,0.00353163197236353,8.63118993721712e-05,8.63118993663761e-05,0.20988672327254,8.6311899127216e-05,0.0678634200888631,0.0233918489538039,0.0571896955562832
"mix_0165_depth25",8.67198308035407e-05,0.192393961103335,0.305889472239075,0.112188327492966,8.6719830803541e-05,8.67198308035395e-05,8.67198308035414e-05,0.0058848265961036,8.67198308048429e-05,0.00253719130380356,0.257576795433631,0.000631536657545033,0.0623455074652538,8.9554238525418e-05,0.0600292283157423
"mix_0166_depth100",4.22187685487412e-05,0.497454531411696,0.0429856897176121,0.00308123847392801,0.216957577206335,0.045310834704206,4.22187685494206e-05,0.00124956987884961,0.0224215913173182,4.22187685319679e-05,0.0856930054405395,4.22187684782197e-05,4.9726896202397e-05,0.0520104073831249,0.032616952496081
"mix_0166_depth25",6.34964435839131e-05,0.502689029509995,0.0761531259729398,0.0134616133704905,0.180791290694632,0.0408554830600459,0.00211677623188294,6.34964435717804e-05,0.00769243275274651,6.34964435791569e-05,0.0907291756805018,0.000354621308297133,0.000148924061225705,0.0227342304256025,0.0620828076009055
"mix_0167_depth100",5.7722384719621e-05,0.423398077183521,0.111892143981883,8.13026618710392e-05,0.119640584041211,0.0229561982905601,5.77223847196214e-05,0.00216009824024551,0.00527012047035423,5.7722384713164e-05,0.111878846920799,5.7722384799813e-05,0.000193178418685303,0.2022408378672,5.77223847164986e-05
"mix_0167_depth25",0.00466485742271395,0.437865017765647,0.0877660752551995,4.81172561572046e-05,0.170039949870039,3.95830090864288e-05,3.95830090864296e-05,3.95830090864287e-05,0.021112219555561,3.95830090851046e-05,0.0690600304907997,3.95830090969833e-05,0.0101820826927389,0.199024151636616,3.95830090864288e-05
"mix_0168_depth100",5.99162676735623e-05,0.443179954776089,0.203176944898679,0.0254204603447251,0.0244881169357117,5.99162676727418e-05,5.99162676727432e-05,5.99162676744247e-05,0.0413849763354007,5.99162676727434e-05,0.0846626928664201,5.99162677802935e-05,7.15199791868135e-05,0.0903211334252679,0.0869347028323729
"mix_0168_depth25",4.17199341775363e-05,0.463268975963718,0.163856599716539,0.0258612095710926,0.0491846615168612,4.1719934169681e-05,4.17199341696817e-05,4.1719934169697e-05,0.049056957974598,4.17199341696851e-05,0.0802358780102393,4.17199341759523e-05,9.9376480533335e-05,0.0762604904197537,0.091925530741633
"mix_0169_depth100",6.57400416149059e-05,0.467620141101166,0.075838388704547,6.57400416181637e-05,0.161508447420881,0.01942976050649,6.57400416181606e-05,0.000486635687317757,0.00336290032485408,9.63726978525988e-05,0.13240212495992,6.57400417989323e-05,0.000177731364856207,0.0617262143751081,0.0770883226903564
"mix_0169_depth25",6.89044233309e-05,0.4722289160447,0.0583740359841993,6.89044233299978e-05,0.189236130544227,0.0638369748442462,6.89044233300064e-05,0.00151976353615355,6.89044233336115e-05,6.8904423330008e-05,0.0211556016142024,6.89044193210915e-05,0.0390658774244343,0.11589447073108,0.0382748027407813
"mix_0170_depth100",8.66620591084395e-05,0.342768062477841,0.176645755047668,0.00812326402281262,0.0798706771071683,8.66620590991281e-05,8.66620590991271e-05,8.66620591079239e-05,0.028869368637072,0.0042256707386137,0.139256595539265,0.000200672239846013,0.00554660739907225,0.094324410025533,0.119822268528693
"mix_0170_depth25",8.34788283853673e-05,0.331162961553952,0.121317514511849,0.0194667387412982,0.138989758436642,0.000697078166723005,8.34788283853635e-05,8.34788283853651e-05,0.00484724468916805,8.34788283853648e-05,0.133652139347539,8.34788246635171e-05,0.0214082422598344,0.0737693232838959,0.154271604870895
"mix_0171_depth100",6.35726249670083e-05,0.707418208067107,0.0861308721463524,0.00666556687386592,9.25546942321739e-05,6.35726249670047e-05,6.35726249670066e-05,0.0867608537341677,6.35726249665917e-05,6.35726249673854e-05,6.35726249693734e-05,6.35726326853138e-05,9.62833616935983e-05,6.35726249670054e-05,0.112327080115125
"mix_0171_depth25",4.36705907306614e-05,0.746543715129374,0.0513898945192743,0.0256031797272669,0.00321492724181792,4.36705907306581e-05,4.58041988479477e-05,0.0733391544562303,4.36705907310995e-05,4.36705907306601e-05,4.36705899128948e-05,4.36706000364014e-05,0.000123241988875772,4.36705907306645e-05,0.0994343885947095
"mix_0172_depth100",6.14851198100015e-05,0.642903404523427,0.144234008184141,0.0227578429878797,0.0244868650421033,6.14851198107315e-05,6.14851198107314e-05,0.0208365929190409,6.14851198107316e-05,6.14851198079831e-05,0.029675206128557,6.14851137852602e-05,7.40441758981502e-05,0.000242682356765074,0.114420442969353
"mix_0172_depth25",4.40397825778467e-05,0.64809626089448,0.153526454345875,0.0145417318302057,4.40397825778553e-05,0.00490234349951694,0.00320231214062415,0.00957695811458306,4.4039782577856e-05,4.40397825778562e-05,0.013663492433835,0.000459465645132867,8.62960884360478e-05,0.0168657597565164,0.134902766120483
"mix_0173_depth100",6.2217254427065e-05,0.6344310886048,0.0263250740227208,6.22172544271022e-05,0.0919081099624814,6.22172544271007e-05,6.22172544271011e-05,0.117541321815144,0.0157792448423436,6.22172544271008e-05,0.0118507609040358,6.22172547766047e-05,0.000214754534843598,6.22172544271069e-05,0.101514124532292
"mix_0173_depth25",6.387795283237e-05,0.62015528677153,0.0670947514026896,6.38779528323533e-05,0.042913462579966,0.0279155910655353,6.38779528323577e-05,0.108238219405475,6.38779528323556e-05,6.38779528323555e-05,0.0269077277246199,6.3877962561932e-05,0.000228918884582242,6.38779528323605e-05,0.106098896486046
"mix_0174_depth100",5.56462411089283e-05,0.624066075231063,0.13735851042033,0.0419132581126586,5.56462411109514e-05,5.56462411109549e-05,0.000640262311706346,5.56462410468943e-05,0.00818360781030058,0.00410950673272606,0.0784212021537585,5.5646242797086e-05,6.95612275207153e-05,5.56462411109478e-05,0.10490413855165
"mix_0174_depth25",3.87561506541357e-05,0.649073440728866,0.0984830369194482,0.0641032701847804,3.87561506695433e-05,3.87561506695302e-05,4.75909678319226e-05,3.87561506704545e-05,0.00466343712638964,0.00810051766671229,0.0640208392941696,3.87561507644206e-05,7.40921381400492e-05,3.87561506695367e-05,0.111201238069564
"mix_0175_depth100",5.61820968622779e-05,0.421265634776679,0.202346509139656,0.0936155299709958,5.61820968622775e-05,0.0168350110544764,0.082154640267526,5.618209688036e-05,5.61820968622731e-05,0.00305532472250825,0.0641137922006812,5.61820966460146e-05,6.95697560327679e-05,5.61820968622782e-05,0.116206895530469
"mix_0175_depth25",5.92131905486005e-05,0.451593609721849,0.194701873540055,0.0771467798967277,5.9213190550743e-05,0.0155144075407444,0.0622544385101839,0.00559172048296485,5.92131905507494e-05,5.92131905507501e-05,0.0792503303344283,5.92131905823224e-05,0.00012478445181262,5.92131905507484e-05,0.1134667763779
"mix_0176_depth100",3.90535538040147e-05,0.43869662866195,0.213059232704793,5.89575892785846e-05,0.0158889437626274,3.90535538044773e-05,0.0763260748259227,0.00171560410462992,0.0184401398719604,3.90535538067181e-05,0.156493144471749,3.90535540993581e-05,0.0163201468514968,0.0186473552120309,0.0441975577280465
"mix_0176_depth25",4.0669699715225e-05,0.486443090938971,0.201419860576254,0.0202766673981452,0.00802097981880625,4.06696997152253e-05,0.0652137635332285,0.00479726381377353,0.0357018814350667,4.06696997153564e-05,0.12034218090091,4.06697025743576e-05,0.0202288004851412,6.05324755786847e-05,0.0373322998224046
"mix_0177_depth100",0.0213275277284833,0.488171548021176,0.122133604942196,0.0615099350182566,6.23635913079476e-05,0.0184684107812419,6.23635913079435e-05,0.000531293743757004,6.23635913090359e-05,6.23635913190498e-05,0.166388331365416,6.23635911666237e-05,0.000130717116192432,0.0382383663722577,0.0827884469546124
"mix_0177_depth25",0.0145922388163793,0.481998604070408,0.0760984324971447,0.055009898593678,6.27755948470918e-05,0.0292947264738678,6.06770810553993e-05,6.06770810553974e-05,6.06770810564128e-05,6.06770810556686e-05,0.199772567876969,0.000794353739687222,0.000236278442113206,0.0646099161432954,0.0772874994273876
"mix_0178_depth100",0.0151103503719081,0.461725034791867,0.236691966732269,0.0400595179930345,5.89374370054838e-05,5.8937437005481e-05,5.89374370054804e-05,5.89374369984056e-05,5.89374370059117e-05,5.89374370119708e-05,0.0778515625578826,0.000220072105822397,9.13383477384707e-05,0.115874204351434,0.0520223281260117
"mix_0178_depth25",0.0108952377783582,0.429173532812137,0.263070017560715,0.018792373092065,5.89461902264512e-05,5.89461902264479e-05,6.25757406767502e-05,5.89461902264482e-05,0.00895052291088411,5.89461902250549e-05,0.0935917522898169,0.00101235938514751,0.000160094604900552,0.173996802874169,5.89461902263058e-05
"mix_0179_depth100",0.0281995511341079,0.458006852835907,0.250610557223902,0.0644870805553605,0.00393713432910125,8.36922814011596e-05,8.36922814011555e-05,0.00244133301348562,8.36922813992942e-05,8.36922814011543e-05,0.0995184582741224,8.36922813290985e-05,0.00365705010707323,8.36922814011509e-05,0.0886398288386066
"mix_0179_depth25",0.000970709901018601,0.470420162237309,0.229800379939012,0.0683592684446302,0.0118941309657981,5.87349731828751e-05,5.87349731828764e-05,0.00750176292703399,5.87349731833193e-05,5.87349731828762e-05,0.0996919561361522,5.87349691226448e-05,0.00304738956358013,5.87349731828801e-05,0.107961830050428
"mix_0180_depth100",8.46449068334528e-05,0.394298399614217,0.301162754596105,0.0944558953854921,0.00378006452523067,8.46449068658727e-05,8.4644906865874e-05,0.000416087967530579,0.0339396476998522,8.46449068703425e-05,0.082154558563207,8.46449070751055e-05,8.46449068658669e-05,0.0505066465127375,0.0387780756942508
"mix_0180_depth25",8.66373102650872e-05,0.418499542236963,0.295999370948915,0.123831838246938,8.66373102398234e-05,8.66373102398273e-05,8.66373102398192e-05,8.66373102398231e-05,0.0379578987861107,0.00305422494712971,0.0659193836732953,8.66373102412364e-05,0.000157464056293976,8.66373102398221e-05,0.0539738159326491
"mix_0181_depth100",2.65410964057399e-05,0.608242328803898,0.165694819073096,0.00507939156170356,2.65410964049915e-05,2.65410964049885e-05,2.69778525492744e-05,2.65410963859163e-05,0.00975449811216502,0.000823146198001026,0.0711600777684329,2.6541096408007e-05,0.00277650087900642,0.122766184118806,0.0135433701503323
"mix_0181_depth25",2.69866319544042e-05,0.578727172868782,0.183127402223988,3.564772100206e-05,2.69866319544025e-05,2.69866319544037e-05,3.5671247590048e-05,2.69866319555547e-05,0.0266940857405804,2.69866319542191e-05,0.0751754845647322,2.69866319709072e-05,0.0271146858366474,0.0904039746419881,0.0185239553629458
"mix_0182_depth100",7.94356605923501e-05,0.243257953446401,0.394890353498945,0.0964155274800025,0.0418220207383509,7.94356606065512e-05,7.94356606065536e-05,7.94356605173485e-05,0.0537807280363644,7.94356606063509e-05,0.135835771634496,7.94356723516473e-05,8.54961048796674e-05,7.94356606065542e-05,0.0333560994246725
"mix_0182_depth25",5.56333885699766e-05,0.252312810392257,0.356327943190099,0.0594295934231546,0.106170815508275,5.5633388569236e-05,5.56333885692313e-05,5.56333885671178e-05,0.0400740673786746,5.56333885692326e-05,0.13212374622529,5.56333846443245e-05,0.00491105717773402,5.56333885692321e-05,0.0482605329884573
"mix_0183_depth100",5.92397184495669e-05,0.42322619011628,0.149669598612165,5.92397184495493e-05,0.00740606919787186,5.92397184495554e-05,5.92397184495551e-05,0.00238049540776894,0.041387713756169,5.92397184495552e-05,0.110649452619504,5.92397176049609e-05,0.0535235945356074,0.0964163580258053,0.114985089418976
"mix_0183_depth25",4.10386463428195e-05,0.425391807011079,0.122645752402624,4.10386463428201e-05,0.0276974804913194,4.10386463428199e-05,0.00598856314492161,0.00212334653396559,0.033690559436628,4.10386463428207e-05,0.0875108887520648,4.10386470728486e-05,0.0613788502166753,0.10049153192649,0.132876026851789
"mix_0184_depth100",5.71823758333539e-05,0.111649679027337,0.120252520206677,0.0247041939141579,0.0283449064268228,5.71823758676625e-05,5.71823758676723e-05,5.71823759060503e-05,0.00141471247829608,0.0397956628380204,0.0266797407262388,5.71823756511117e-05,0.556778267222985,5.71823758676655e-05,0.0900372229044721
"mix_0184_depth25",5.85473576979681e-05,0.124648988793508,0.142838012742192,0.0347752102099076,5.85473576953844e-05,5.85473576953817e-05,6.72546620492294e-05,5.85473576897084e-05,0.0244515123215975,0.0268236836896362,0.0300775512476401,5.85473636616244e-05,0.525270249881795,5.85473576953811e-05,0.0906962522995386
"mix_0185_depth100",6.13384863928109e-05,0.698311625412015,0.0415771721038138,6.13384863928255e-05,0.0925329536314441,0.0176970297356676,6.1338486392824e-05,6.13384863729375e-05,0.0413534594658404,0.0189737177426104,0.0201762437323175,6.13384865277289e-05,0.000158514044272593,0.0294987419949492,0.0394138497049907
"mix_0185_depth25",3.0847682494517e-05,0.71060751487161,0.0793595601268036,3.56318063962322e-05,0.0326298814547493,0.0145178013067374,3.08476824940251e-05,3.08476824933435e-05,0.0447114603417581,0.0140239484004582,0.0278830573849549,9.9166015887427e-05,5.05640707364339e-05,0.0317174178800166,0.0442714532924099
"mix_0186_depth100",8.18863086108007e-05,0.259106555185236,0.336848176713521,0.140896599991895,0.0397914358853649,8.18863086276739e-05,8.1886308627677e-05,8.18863086276729e-05,8.18863085924034e-05,0.000171266966866601,0.161762864292115,8.18863036436944e-05,0.000102322129383209,0.0269790221279925,0.0338504388608964
"mix_0186_depth25",8.14963831677211e-05,0.256520539441177,0.303060146568305,0.140009936312512,0.0567199703098002,8.14963831660891e-05,8.14963831660903e-05,0.00465837770965905,8.14963831634818e-05,0.0107731209745837,0.168560639069797,8.14963883594757e-05,0.00015875602457344,0.0590495352854035,8.14963831660377e-05
"mix_0187_depth100",6.11709770808765e-05,0.417474514801075,0.11245906191597,0.0124178462786328,0.0714537302839258,0.0439763491298241,0.0446960861515084,0.00255686665570419,0.00127332869964479,6.11709770799283e-05,0.109344643980764,6.1170976206012e-05,0.000255254493565417,0.109899248060425,0.0740095566185947
"mix_0187_depth25",6.18188539472579e-05,0.397771573533693,0.12809895060171,0.0181509475285289,0.017078604625861,0.0504387700785895,0.0438025202662569,6.18188539480121e-05,6.18188539472578e-05,6.18188539482066e-05,0.121042071248564,6.18188544316518e-05,0.0146074631098579,0.171172823219974,0.0375271815167422
"mix_0188_depth100",0.000737343456335239,0.503708460196362,0.132713057757691,5.91227501830485e-05,0.0170142768979363,0.051890134132844,5.91227501830453e-05,5.91227501833096e-05,0.0433044476683615,5.91227501830453e-05,0.0373939834156288,5.91227503242913e-05,6.36540797350183e-05,0.208488401043964,0.00439062760008561
"mix_0188_depth25",4.21272059776774e-05,0.535043208180659,0.0935160631214147,4.21272059767201e-05,0.062353071429785,0.0236144191165881,4.21272059767229e-05,4.21272059767202e-05,0.0199560071561654,0.0103762892984955,0.0572015012699825,4.21272059571014e-05,7.28877357536922e-05,0.197613789455314,4.21272059769269e-05
"mix_0189_depth100",0.968496542638053,6.82632421882462e-05,6.82632422261068e-05,6.82632422259864e-05,6.82632422260176e-05,6.8263242226012e-05,6.8263242226017e-05,6.82632422260092e-05,0.0206321981211143,6.8263242970381e-05,6.8263241955189e-05,0.010052100333677,6.82632422336154e-05,6.82632422260094e-05,6.82632422260179e-05
"mix_0189_depth25",0.999260904867728,4.32605469893894e-05,4.32605502596448e-05,4.32605502593051e-05,4.32605502596504e-05,4.32605500167877e-05,4.32605490648374e-05,5.3609434358196e-05,0.000123548478413466,4.32605456939584e-05,4.32605584157464e-05,4.32605467107785e-05,4.3260548657819e-05,4.32605502563011e-05,8.60711729161878e-05
"mix_0190_depth100",0.936845774116649,6.66779145022898e-05,6.6677912354206e-05,6.6677912354456e-05,6.66779123541626e-05,6.6677912354172e-05,6.66779123046312e-05,6.66779121789439e-05,0.0587448731606335,6.66779123539995e-05,6.66779124289359e-05,0.00360921777246829,6.66779123551856e-05,6.66779123541153e-05,6.66779123541725e-05
"mix_0190_depth25",0.855521813930718,4.10649435456428e-05,4.10649388057997e-05,4.10649399255375e-05,4.10649407542809e-05,4.10649399256054e-05,4.10649395447507e-05,4.10649361176406e-05,0.143942147113147,4.10649399256089e-05,4.10649454138189e-05,4.10649351581439e-05,4.10649400103035e-05,4.10649399255522e-05,4.32596770819831e-05
"mix_0191_depth100",0.978887749432507,4.11875654659199e-05,4.11875629874992e-05,4.11875629806987e-05,4.11875629760667e-05,4.11875629760821e-05,4.118756293957e-05,4.11875628382558e-05,0.0149109089424139,4.11875644036275e-05,4.11875629565122e-05,0.00570709086556395,4.11875629416699e-05,4.11875629760901e-05,4.1187563073115e-05
"mix_0191_depth25",0.990565710077019,3.90091982639631e-05,3.9009196298969e-05,3.90091960897805e-05,3.9009196109598e-05,3.90091961092472e-05,3.90091972047327e-05,5.65575596086454e-05,0.000211010377738684,3.90091957611671e-05,3.9009195431061e-05,0.00867342118558414,3.90091961125925e-05,8.07429875857188e-05,6.14750450826113e-05
"mix_0192_depth100",0.99259476199466,4.40832963901838e-05,4.40832963771922e-05,4.40832963793618e-05,4.40832963744119e-05,4.40832963793162e-05,4.4083296379361e-05,4.40832963793141e-05,4.63357300273745e-05,4.40832965897364e-05,4.40832957634416e-05,0.00353060506316898,0.00334338095216292,4.4083296379325e-05,4.40832965891851e-05
"mix_0192_depth25",0.974701863391849,6.18240949053082e-05,6.18240968083003e-05,6.18240949055875e-05,6.18240949020631e-05,6.18240948707914e-05,6.18240951400444e-05,0.00116334693074505,7.80395338367245e-05,6.18240953553214e-05,6.18240912307119e-05,0.0233766850998572,6.18240946431905e-05,6.1824094856987e-05,6.18240960934092e-05
"mix_0193_depth100",0.999233640781508,4.57988732720417e-05,4.5798873328759e-05,4.57988733356775e-05,4.5798873328297e-05,4.57988733282997e-05,4.5798873328299e-05,4.57988737671134e-05,4.57988735528828e-05,4.57988733243934e-05,4.57988729697769e-05,4.57988733440891e-05,4.57988733330385e-05,0.000170973865128391,4.57988731510756e-05
"mix_0193_depth25",0.990737097936264,4.71066959337658e-05,4.71066962115266e-05,4.71066961888073e-05,4.71066962624732e-05,4.71066961903974e-05,0.000187523510845072,5.25565294654673e-05,4.71066960728378e-05,4.71066958399299e-05,4.7106696427551e-05,0.00199296140345376,0.00623384108977454,0.000372059264866341,4.71066962033946e-05
"mix_0194_depth100",3.11422189629728e-05,0.999455879360134,3.11422186148805e-05,3.114221867675e-05,3.11422186764432e-05,3.11422186764473e-05,3.11422186764466e-05,3.11422148791276e-05,3.1142218293714e-05,3.11422182869182e-05,3.11422188258223e-05,3.1142218550934e-05,0.000139271800496869,3.11422187318494e-05,3.11422195166101e-05
"mix_0194_depth25",3.07576216807685e-05,0.997302500858435,3.31243846005314e-05,3.07576224147924e-05,3.18185433160077e-05,3.07576224148104e-05,3.07576224148013e-05,3.07576215110921e-05,0.00217667425508666,3.07576234342515e-05,3.07576224448082e-05,3.07576237867632e-05,0.000148305733778309,3.07576224148019e-05,3.07576222660694e-05
"mix_0195_depth100",4.34497312129797e-05,0.990974594755085,0.00432462818239002,4.34497311523087e-05,4.34497311528884e-05,4.34497311528855e-05,4.34497311528857e-05,4.34497303912229e-05,0.00412078695989539,4.34497312158073e-05,4.34497311707507e-05,4.34497311425867e-05,0.000102043060578475,4.34497311532671e-05,4.34497311533971e-05
"mix_0195_depth25",3.04778143675085e-05,0.98621584578797,7.41729086748218e-05,3.0477814367537e-05,6.08967426518462e-05,3.04778143675318e-05,3.59512173206982e-05,3.04778155216773e-05,0.0129750729112186,3.04778143605894e-05,3.04778147770841e-05,3.04778144003935e-05,0.000363760101265875,3.04778143675408e-05,3.04778143676439e-05
"mix_0196_depth100",3.03238276774601e-05,0.998485867619719,3.03238274871048e-05,3.03238275079781e-05,3.03238275079318e-05,3.03238275079672e-05,3.03238275079687e-05,3.03238265838447e-05,3.03238275132321e-05,3.03238271697077e-05,3.03238275252138e-05,0.00110941066739655,4.08357844753143e-05,3.03238273504455e-05,3.03238270702887e-05
"mix_0196_depth25",2.98634654661774e-05,0.999404567208155,0.000130361984518211,2.98634681722454e-05,2.98634681722594e-05,2.98634681722514e-05,5.48872836001569e-05,2.98634640187629e-05,2.98634732629953e-05,2.98634869954527e-05,2.98634698902284e-05,2.98634768489268e-05,8.16853497518594e-05,2.98634680889363e-05,2.98634648864816e-05
"mix_0197_depth100",4.31414582568535e-05,0.997934763453855,4.31414583561953e-05,4.31414583636452e-05,4.31414583636085e-05,4.31414583636366e-05,4.31414583636321e-05,4.31414585039891e-05,4.31414583847273e-05,0.00150439758737457,4.31414583584298e-05,4.31414583564435e-05,4.31414583636867e-05,4.31414583636173e-05,4.31414583719607e-05
"mix_0197_depth25",3.01248130150877e-05,0.999473843445216,4.2899762267649e-05,3.01248146613331e-05,3.01248146613328e-05,3.01248146613469e-05,0.000108758925864915,3.0124807837466e-05,3.0124816124826e-05,3.01248178720615e-05,3.01248146613303e-05,3.01248146640108e-05,4.31249079972489e-05,3.01248147849814e-05,3.01248157102741e-05
"mix_0198_depth100",4.26215109563226e-05,0.997257305164636,4.7300909908293e-05,4.26215110253903e-05,0.00030646340360097,4.2621511025379e-05,4.76681420712618e-05,4.262151126183e-05,0.00178020919928345,4.26215109751751e-05,4.262151099074e-05,4.26215110216652e-05,9.89491400466858e-05,4.26215110253849e-05,0.000121131952171761
"mix_0198_depth25",3.03403580760875e-05,0.970899098697497,0.00402062405663495,3.03403581005506e-05,0.0230937266746475,3.03403581005632e-05,0.00160594368599327,3.0340357984706e-05,3.03403573906334e-05,3.03403578984108e-05,3.03403582897733e-05,3.03403580895125e-05,7.72033047906292e-05,3.0340358099908e-05,3.03403584060977e-05
"mix_0199_depth100",5.81237377753988e-05,5.81237378378617e-05,0.339113240735731,0.341434082003291,0.0555739962467569,5.81237377645725e-05,5.81237377645713e-05,0.0028190234646014,5.81237376937345e-05,5.81237377551518e-05,0.260188532550491,5.81237373474238e-05,5.8123737766314e-05,0.000348011359603844,5.81237378205205e-05
"mix_0199_depth25",8.23294742549213e-05,8.23294742606244e-05,0.277522154609044,0.272196081176403,0.118259900214146,8.23294742539285e-05,8.23294742539214e-05,0.00591654291443864,8.23294742642408e-05,8.23294744239513e-05,0.309416409444625,8.23294695466034e-05,8.23294742539216e-05,0.0159479463775886,8.23294742438984e-05
"mix_0200_depth100",9.09357914954376e-05,9.09357913720915e-05,0.455407048834545,0.263318328651149,9.09357914763964e-05,0.00106942184363252,9.09357914763904e-05,9.09357914539801e-05,9.09357914696651e-05,0.00617131441404486,0.192396009126887,9.0935791225143e-05,9.093579149641e-05,0.0808194550067947,9.09357914816339e-05
"mix_0200_depth25",9.10453792744355e-05,9.10453792372634e-05,0.433121403810945,0.288703722557175,9.10453792684003e-05,9.10453792684026e-05,9.10453792684058e-05,9.10453792684025e-05,9.10453792661659e-05,9.10453794914223e-05,0.171794948495314,9.10453799238252e-05,9.10453792684189e-05,0.105378425963762,9.10453792689245e-05
"mix_0201_depth100",6.10145090559161e-05,6.10145086051438e-05,0.410013091264988,0.308337509913571,0.000137347193512811,6.10145090518761e-05,6.10145090518797e-05,6.10145090518796e-05,6.10145084704383e-05,6.10145179153961e-05,0.280840892029371,6.10144992444509e-05,6.10145088405343e-05,6.10145090516667e-05,6.10145102176473e-05
"mix_0201_depth25",5.78580604305308e-05,5.78580604163055e-05,0.359572041604993,0.316189442736995,0.0152927606358478,5.78580604305309e-05,5.78580604305324e-05,0.00230322570913247,5.78580618734305e-05,5.78580616700819e-05,0.306063948707645,5.78580588351862e-05,5.7858060430535e-05,5.7858060430524e-05,5.7858060439096e-05
"mix_0202_depth100",0.00291259832608316,4.15658436869689e-05,0.164696957900385,0.249027687158977,0.336866711557462,0.00273958188454914,4.15658426923968e-05,4.15658426694487e-05,4.15658427197542e-05,4.15658424527524e-05,0.243382370593177,4.15658361975808e-05,4.1565842686789e-05,4.15658426924006e-05,4.15658435696263e-05
"mix_0202_depth25",0.0101493479091817,6.05451056284765e-05,0.107555699210538,0.112508541045203,0.455060328094904,6.05451056553906e-05,6.05451056553933e-05,0.00164552753195507,6.05451056585579e-05,6.0545105639773e-05,0.312535650256993,6.05451060163364e-05,6.0545105655391e-05,6.05451056553955e-05,6.05451056605695e-05
"mix_0203_depth100",4.03371537321794e-05,4.03371539044966e-05,4.03371537280509e-05,0.0953044237827581,0.726899704490526,0.00104072117880732,4.03371537393471e-05,0.00110323827979814,4.03371547028879e-05,4.03371520359536e-05,0.173356732289524,0.00193214559380409,4.03371560545771e-05,4.03371537280463e-05,4.03371531572236e-05
"mix_0203_depth25",3.95387081113922e-05,3.9538708119538e-05,3.95387081118553e-05,0.0375934424524887,0.748107260224762,4.01700052871725e-05,3.95387080531777e-05,0.00391895336163023,3.95387076923354e-05,3.95387081738633e-05,0.204962890823247,0.00502143475904563,3.95387081118141e-05,3.95387081118174e-05,3.95387090534156e-05
"mix_0204_depth100",0.023037716061699,4.33046377582488e-05,4.3304638023583e-05,4.33046379996936e-05,4.33046380235929e-05,0.22270213417061,4.33046380236024e-05,4.33046380215072e-05,0.000106669882803691,4.51657990668664e-05,4.33046380169992e-05,4.33046381609834e-05,4.33046381833647e-05,0.126027445113399,0.62769112723021
"mix_0204_depth25",0.0477799174408644,9.13272702770563e-05,9.13272640221293e-05,9.13272640221213e-05,0.0110868627284473,0.281876106679766,9.1327264022132e-05,9.13272640221292e-05,0.025260871477976,9.28589724857496e-05,9.13272630792856e-05,9.13272579654646e-05,9.13272640221347e-05,0.181557445540951,0.451615319048078
"mix_0205_depth100",0.0219628892483211,4.44587709009453e-05,4.44587703333829e-05,4.44587703492826e-05,4.44587703335099e-05,0.242019766291017,4.44587703335281e-05,4.44587703340509e-05,0.000182911998263512,4.4458770418568e-05,4.44587703298629e-05,4.44587704197592e-05,4.44587704727025e-05,0.077490590111577,0.657899254646595
"mix_0205_depth25",0.0741652978827034,6.17226657980608e-05,6.17226651455139e-05,6.17226651457209e-05,6.17226651455543e-05,0.276711220955662,6.17226651455553e-05,6.17226651455483e-05,0.017933803062398,6.17226651455446e-05,6.17226651511704e-05,0.000954868757705525,6.17226651455722e-05,0.171726116265096,0.457953189089467
"mix_0206_depth100",0.000538792683041545,4.35260416296666e-05,4.3526041836364e-05,4.35260418849864e-05,4.35260418364565e-05,0.235347222645169,4.35260418364888e-05,4.35260418336137e-05,0.000139226658948393,4.35260418362848e-05,4.35260418580637e-05,4.35260455114037e-05,4.35260411125102e-05,0.004804396918086,0.758735100673579
"mix_0206_depth25",0.0407073650433731,6.23224437947715e-05,6.2322441590755e-05,6.23224415295875e-05,6.23224415909099e-05,0.268448532871484,6.23224415909394e-05,0.00488124229746236,0.000137623611472975,6.2322441590847e-05,6.23224412013226e-05,6.23224510405118e-05,6.23224415874074e-05,0.000199827259603937,0.685064506931087
"mix_0207_depth100",6.05731488279847e-05,6.05731506434886e-05,6.05731488279661e-05,6.05731488279747e-05,6.05731488277972e-05,0.19917245938737,6.05731489261228e-05,6.05731488290682e-05,0.000155357810665834,6.05731488279793e-05,6.05731502234572e-05,6.05731490107298e-05,6.05731503194334e-05,7.53451273475745e-05,0.799930533032524
"mix_0207_depth25",0.000232319440330909,4.23821675166832e-05,4.23821824968361e-05,4.23821824969928e-05,4.23821824969747e-05,0.230839960056608,4.2382182726926e-05,4.23821838449885e-05,0.0396395860256333,6.9616374051175e-05,4.23821832926497e-05,4.23821816547948e-05,4.23821842210599e-05,0.000134057104308266,0.728703021368321
"mix_0208_depth100",0.00913471558135803,4.33636588559003e-05,4.3363660822569e-05,4.33636607361366e-05,4.3363660822712e-05,0.23800507678887,4.33636608227025e-05,4.3363660823502e-05,0.000136896390613624,4.33636608227447e-05,4.336366081847e-05,4.33636609057633e-05,4.33636607071443e-05,0.0279529276364993,0.724336746996522
"mix_0208_depth25",0.026780904587334,6.36414799185628e-05,6.36414734374159e-05,6.36414734374096e-05,6.36414734378898e-05,0.301116091672874,6.36414734374202e-05,6.36414734374264e-05,0.00418991516516095,6.36414734374236e-05,6.36414737356174e-05,6.3641474455059e-05,6.36414734374231e-05,0.000283542717651538,0.666993131114808
"mix_0209_depth100",2.80448647246755e-05,2.80448654958813e-05,0.000122274948792409,2.80448647244807e-05,2.8044864724641e-05,2.80448647246816e-05,0.992765501996794,2.80448644039603e-05,0.00675413359234244,2.804486355568e-05,2.80448659038256e-05,2.80448554324224e-05,4.95959589314914e-05,2.8044864724676e-05,2.80448647245125e-05
"mix_0209_depth25",2.85301296506934e-05,2.85301296506901e-05,0.000123138444695595,2.85301296506892e-05,5.35781105724503e-05,6.47455487079252e-05,0.985859004229361,2.85301304018153e-05,0.0135064228661293,2.85301294959318e-05,2.85301296505339e-05,2.85301326286787e-05,6.5856674797437e-05,9.90130849563538e-05,2.85301296505859e-05
"mix_0210_depth100",6.83905724338637e-05,6.83905724339001e-05,9.53723118111523e-05,6.83905724338591e-05,0.0119329152027529,0.00270517710351278,0.981323314433274,6.83905733991749e-05,0.00325931521497912,6.83905775850023e-05,6.83905724355514e-05,6.83905756456794e-05,6.83905724338659e-05,6.8390572433872e-05,6.83905724354685e-05
"mix_0210_depth25",0.00939331699118357,7.15199279261326e-05,8.252296555851e-05,7.15199279261175e-05,0.000129025423630922,7.15199279261223e-05,0.955767487595935,7.15199279261846e-05,0.0338272511034246,7.15199279271648e-05,7.15199279261273e-05,7.15199314536561e-05,0.000156067780257836,7.21687130390623e-05,7.15199279594669e-05
"mix_0211_depth100",0.0101719572454326,3.10368614179346e-05,5.30811058178974e-05,3.1036861417872e-05,3.10368614179351e-05,3.10368614179242e-05,0.980759971386624,3.10368609130257e-05,3.10368612356397e-05,3.10368615944733e-05,3.10368614247189e-05,3.10368550094618e-05,8.86464870263537e-05,0.00861597516785004,3.10368614001156e-05
"mix_0211_depth25",0.0154456001689911,3.04945139334194e-05,0.00035592092511248,3.04945139334805e-05,3.04945139334626e-05,3.0494513933464e-05,0.923434788108577,3.04945139334744e-05,0.031234732416658,3.04945139335392e-05,3.04945143227719e-05,3.04945193435778e-05,0.0220643373537895,0.00719017039553093,3.04945140739949e-05
"mix_0212_depth100",2.91190006287084e-05,2.91190006287121e-05,8.73300598431667e-05,2.91190006246317e-05,9.97001382673091e-05,0.00263957556392397,0.995051985702394,2.91190006521716e-05,2.91190006301612e-05,2.9119000631418e-05,2.9119000733382e-05,0.0018129787427026,4.63587869629185e-05,2.91190006286764e-05,2.91190007482012e-05
"mix_0212_depth25",3.01861987532112e-05,3.01861987062177e-05,4.2675485947932e-05,3.01861987062171e-05,0.00023412116414979,0.0127638837086836,0.983332444506285,3.01861991255069e-05,3.01862001673749e-05,3.01861962374654e-05,3.01861987061394e-05,0.00323529642313805,8.5516041783178e-05,6.4573080886105e-05,3.01861987243406e-05
"mix_0213_depth100",3.06127036063987e-05,3.06127051807338e-05,5.8783984829313e-05,3.06127036068576e-05,3.06127036064027e-05,3.06127036064038e-05,0.999538801238096,3.06127034663186e-05,3.0612703610617e-05,3.06127036586703e-05,3.06127018327419e-05,3.06126933858865e-05,3.50623442091968e-05,3.06127036064055e-05,3.06127036982733e-05
"mix_0213_depth25",6.42476425048642e-05,3.15218545191363e-05,0.00411644562918764,3.1521855347851e-05,0.000116300097055581,3.15218553478508e-05,0.995287705329391,4.94819943482533e-05,3.15218557429459e-05,3.15218630214354e-05,3.15218553478572e-05,3.15218625917526e-05,8.21225949804213e-05,3.15218553478514e-05,3.15218552655602e-05
"mix_0214_depth100",4.26216051837224e-05,4.2621606958869e-05,4.26216053224012e-05,4.26216051837392e-05,4.26216051836926e-05,4.26216051837268e-05,4.26216051839105e-05,0.999403297523355,4.26216051881525e-05,4.26216051844708e-05,4.26216059894685e-05,4.26216065259545e-05,4.26216052046654e-05,4.26216051621766e-05,4.26216051904832e-05
"mix_0214_depth25",8.21157179237768e-05,2.89143387648917e-05,2.89143376844473e-05,2.89143376844382e-05,2.89143376844119e-05,2.89143376844382e-05,3.8186458567522e-05,0.999417857751785,6.38779537185243e-05,3.08424709903498e-05,2.89143418012011e-05,2.89143336325152e-05,2.89143376844482e-05,0.00010117003973927,3.46349046548081e-05
"mix_0215_depth100",4.4198187582434e-05,4.41981961974003e-05,4.41981878241983e-05,4.41981875828954e-05,4.41981875825177e-05,4.41981875825262e-05,4.4198187582527e-05,0.999381225351309,4.41981880116233e-05,4.41981862223754e-05,4.41981878381656e-05,4.41982021545652e-05,4.41981873646279e-05,4.4198187582528e-05,4.41981875825283e-05
"mix_0215_depth25",8.44792396636653e-05,4.32366104339112e-05,4.32366068150773e-05,4.32366036866159e-05,4.32366036865911e-05,4.32366036865688e-05,4.32366036866188e-05,0.999307911694719,4.32366055290247e-05,4.32366043169525e-05,4.32366110100163e-05,4.32366019053357e-05,4.32366036867308e-05,8.87698053591319e-05,4.3236601815304e-05
"mix_0216_depth100",5.17360396602343e-05,4.39974498630782e-05,4.39974477213401e-05,4.39974477644952e-05,4.39974477653135e-05,4.39974477653072e-05,4.39974477652596e-05,0.999064552334316,4.3997447772112e-05,4.39974477665183e-05,4.39974489431817e-05,4.39974472285096e-05,4.3997449418869e-05,4.39974477650737e-05,0.000355742248484957
"mix_0216_depth25",6.50310966031726e-05,2.80082464383262e-05,2.80082450216607e-05,2.80082450216569e-05,2.80082450216768e-05,3.00050931556718e-05,2.80082450220459e-05,0.999515407487827,2.80082458826204e-05,2.80082447432102e-05,2.80082444379196e-05,2.80082482566297e-05,2.80082450246633e-05,2.80082450207424e-05,8.14656225227103e-05
"mix_0217_depth100",8.96981886769843e-05,3.25103850123708e-05,3.25103885928306e-05,3.25103888575984e-05,3.25103888612741e-05,3.25103888612837e-05,3.25103888612824e-05,0.999487666740887,3.25103896648946e-05,3.25103885594501e-05,3.25103805963928e-05,3.25104093604938e-05,3.25103959208292e-05,3.25103888612913e-05,3.25103884264079e-05
"mix_0217_depth25",0.000303923203096122,3.1915656010701e-05,3.19156561761722e-05,3.19156561766188e-05,3.19156561777424e-05,3.19156561766087e-05,3.19156561766133e-05,0.971736670961886,3.19156561766415e-05,3.19156561766266e-05,3.19156561702187e-05,3.19156587787513e-05,3.19156561766077e-05,8.61408984271163e-05,0.0275221927162169
"mix_0218_depth100",0.000219188333557586,3.25168061947523e-05,3.25168122470133e-05,3.25168122456762e-05,3.25168122481189e-05,3.25168122481048e-05,3.25168122481104e-05,0.985683476821657,3.2516812138038e-05,3.2516811487017e-05,3.25168134943053e-05,3.25168114346931e-05,3.25168122536906e-05,0.00845383075778106,0.00528581915876475
"mix_0218_depth25",0.000130948750267803,3.04782387436859e-05,0.000643078754632782,3.04782407194776e-05,3.04782407194631e-05,3.04782407194904e-05,3.04782407194092e-05,0.988334152688551,3.04782407194977e-05,3.04782398219243e-05,3.04782413743411e-05,3.04782367013152e-05,3.04782404796931e-05,0.000200145990655613,0.0103868914151749
"mix_0219_depth100",2.78754804117184e-05,2.78754867681e-05,0.00885821089554535,2.78754799170429e-05,2.78754799170393e-05,2.78754799170445e-05,2.78754799170609e-05,2.78754798255305e-05,0.933717308429117,5.45695576772456e-05,2.78754731602213e-05,2.78754712777242e-05,2.78754812625983e-05,7.0278686866994e-05,0.0570208776384191
"mix_0219_depth25",2.78888629197389e-05,2.78888651023901e-05,0.000484280315396541,2.78888629696482e-05,2.78888629696613e-05,2.78888629696545e-05,2.78888629694569e-05,2.78888629696415e-05,0.865415257066362,4.06493771514401e-05,2.78888629667778e-05,2.78888609851574e-05,2.78888629696464e-05,0.104716199236283,0.0290647253750144
"mix_0220_depth100",1.87591145042054e-05,1.87591115954823e-05,0.0063645732725492,1.8759114504211e-05,1.87591145042123e-05,1.87591139481568e-05,1.87591152509458e-05,1.87591143387874e-05,0.991398967775077,2.50700214655395e-05,1.87591117280836e-05,1.87591040815899e-05,1.87591032768572e-05,2.04900615451538e-05,0.00200330775163036
"mix_0220_depth25",2.74502983444538e-05,2.74502984501738e-05,0.019664413255765,2.74502983443305e-05,2.74502983443242e-05,2.7450299233647e-05,2.74502963778379e-05,2.74502980433556e-05,0.969538486046224,2.74502983443632e-05,2.74503004627018e-05,2.7450297211758e-05,2.74502974939492e-05,0.0103365820889401,0.000158565328420461
"mix_0221_depth100",4.06976179278679e-05,4.06976146993663e-05,0.0127396450848361,4.06976179279692e-05,4.0697617927967e-05,4.06976179279775e-05,4.06976179279699e-05,0.00297962889830139,0.688662589515285,4.15697604357256e-05,4.06976179974687e-05,4.06976197283185e-05,4.06976175840647e-05,8.99884764717142e-05,0.295120299705021
"mix_0221_depth25",2.91651743147385e-05,2.91651765328972e-05,0.00344250531172098,2.916517431475e-05,2.9165174314762e-05,2.91651743147207e-05,2.91651743147544e-05,2.91651751998379e-05,0.895789932237657,3.07361236797144e-05,2.91651739151943e-05,2.91651767281895e-05,2.91651737118419e-05,0.011437852274014,0.0890073223052669
"mix_0222_depth100",6.60619217476348e-05,5.4517126033754e-05,0.00235849272523184,5.45171261212383e-05,5.45171261212172e-05,5.45171261212291e-05,5.45171261212282e-05,5.45171261212559e-05,0.795242505732976,5.45171261212307e-05,5.45171261274596e-05,0.00114481348873303,5.45171260314215e-05,5.45171261212269e-05,0.20064295487027
"mix_0222_depth25",5.62882475487826e-05,5.34200121812723e-05,5.34200145922125e-05,5.34200145922111e-05,5.34200145922127e-05,5.34200143751916e-05,5.34200145922079e-05,5.34200144241657e-05,0.521941855746914,7.95021937293769e-05,0.00908951512976485,5.34200155980066e-05,5.34200145922002e-05,5.34200145922412e-05,0.468298638537912
"mix_0223_depth100",0.03296483314503,5.9422944204835e-05,0.0048519550581347,5.94229444342893e-05,5.94229444342696e-05,5.94229444342734e-05,5.94229444342804e-05,5.94229444342771e-05,0.855077610888649,5.94229444342986e-05,5.94229436825889e-05,5.94229429883821e-05,0.00141460025867529,5.94229444342773e-05,0.105096771207595
"mix_0223_depth25",0.0409142747356258,3.97339046759097e-05,0.0209020421469058,3.97339091207604e-05,3.97339091207531e-05,3.9733909192814e-05,3.97339091207748e-05,3.97339091207727e-05,0.919499019051288,3.9733909120847e-05,3.97339096387239e-05,3.97339046973125e-05,3.973390684417e-05,0.000130073103784219,0.0181572518817436
"mix_0224_depth100",4.56892348597708e-05,4.56892348580241e-05,4.56892338641155e-05,4.56892347718446e-05,4.56892353418848e-05,4.56892347717944e-05,4.56892347717859e-05,4.56892347718825e-05,0.13773409009738,0.696743558642698,4.56892371519331e-05,4.5689245031456e-05,4.56892303772964e-05,4.56892347719443e-05,0.164974080434578
"mix_0224_depth25",2.96218845758342e-05,2.96218845568569e-05,2.96218849266359e-05,2.96218843514493e-05,2.96218850158733e-05,2.96218843514188e-05,2.96218843644574e-05,2.96218843514239e-05,0.401231899149655,0.489361786315912,2.96218878301196e-05,2.96218880118035e-05,2.96218843519931e-05,3.3735533316022e-05,0.10904673826443
"mix_0225_depth100",4.05816605251181e-05,4.05816599780409e-05,0.00197036984960446,4.05816605251448e-05,4.05816605250879e-05,4.05816605251095e-05,4.05816605251175e-05,4.05816605251134e-05,0.176227223902121,0.600101262858002,4.05816605271923e-05,4.05816612877337e-05,4.05816605236862e-05,4.05816605251651e-05,0.221254745124281
"mix_0225_depth25",2.936761921991e-05,2.93676186494759e-05,0.0189550203730555,2.93676186495043e-05,2.93676186494248e-05,2.9367618649258e-05,2.93676189446388e-05,2.93676186494392e-05,0.360652745794974,0.453902879215127,2.93676186498711e-05,2.93676235018843e-05,2.93676186494305e-05,7.90448619722427e-05,0.166116633562659
"mix_0226_depth100",4.00908574149131e-05,4.00908573699501e-05,4.00908574271975e-05,4.00908574151345e-05,4.00908574150035e-05,4.00908574151321e-05,4.00908574151301e-05,4.00908574160354e-05,0.134309720542418,0.692397748647892,4.00908572761444e-05,0.00101634015624333,4.00908574251477e-05,4.00908574152174e-05,0.171835191222042
"mix_0226_depth25",1.87250002768653e-05,1.86225172174602e-05,1.86225163293292e-05,1.86225164395876e-05,1.86225164346355e-05,1.8622516434634e-05,1.86225164346658e-05,1.86225164346669e-05,0.131985566909515,0.631483158314917,1.86225157301144e-05,1.86225171373907e-05,0.000926017275433528,3.16413571753018e-05,0.23538728849409
"mix_0227_depth100",4.28733115412463e-05,4.28733111594071e-05,4.28733097525064e-05,4.28733106859144e-05,4.28733106859229e-05,4.2873310686047e-05,4.28733106859185e-05,4.28733106859194e-05,0.348603207365888,0.414233825559302,4.28733108149365e-05,4.28733157785132e-05,4.28733106870043e-05,4.28733106859256e-05,0.236648487340961
"mix_0227_depth25",5.33186033452998e-05,5.33186007153415e-05,5.33186026052922e-05,5.33186027983087e-05,5.33186025198711e-05,5.33186027982811e-05,5.33186014818404e-05,5.33186027982734e-05,0.330389170922833,0.289330750033883,5.33186009170302e-05,5.33186091603999e-05,5.33186027982776e-05,8.29184088849642e-05,0.37961065600246
"mix_0228_depth100",6.24631852154102e-05,6.24631851556467e-05,6.24631852119649e-05,6.24631852154141e-05,6.24631852153894e-05,0.00612071790482203,6.24631852154157e-05,6.24631852154237e-05,6.24631852155181e-05,0.675868659716927,6.24631858299457e-05,6.24631810717476e-05,6.24631841490259e-05,6.24631852154103e-05,0.317261064160325
"mix_0228_depth25",0.0338199138478797,4.40233704932788e-05,4.40233732119517e-05,4.40233732119473e-05,4.40233732119362e-05,4.40233730989831e-05,4.40233732772599e-05,4.40233732119399e-05,4.40233732119457e-05,0.77549999179375,4.40233730792694e-05,4.4023372540734e-05,4.40233730966957e-05,4.40233732119449e-05,0.190151813883513
"mix_0229_depth100",4.25936904013068e-05,0.19379407474316,4.25936903991992e-05,4.25936903991985e-05,0.179121171413508,0.0187872181647117,0.107941419438279,0.00137425136385247,4.25936903974197e-05,4.25936904543717e-05,0.0362370403116486,0.000431505764554687,0.462015162967416,4.25936903991984e-05,4.25936904191313e-05
"mix_0229_depth25",6.36875563194424e-05,0.171329237273309,6.3687556319067e-05,0.0295502851192459,0.150931986175871,0.0589203929584108,0.137288999292142,0.00665377073437185,6.36875563190568e-05,6.36875564473227e-05,0.0149465047840352,6.36875562931696e-05,0.426358114661071,0.00363858366352526,6.36875563201558e-05
"mix_0230_depth100",2.9813214422832e-05,3.39378157249098e-05,3.4015245506495e-05,2.98132153200761e-05,2.98132153200265e-05,2.98132153200349e-05,4.29637269407939e-05,2.9813215283373e-05,2.98132151426529e-05,2.9813213741411e-05,2.98132169269522e-05,2.98132101610921e-05,0.999561137851886,2.98132153199122e-05,2.98132129832741e-05
"mix_0230_depth25",2.88054374202791e-05,4.79925090833023e-05,0.00016694983512044,2.88054395065055e-05,4.65901060987064e-05,2.88054395068112e-05,4.58788281098183e-05,2.88054393435908e-05,2.88054395065262e-05,2.88054402275883e-05,2.8805438997012e-05,2.88054391703346e-05,0.999404534328143,2.88054395065203e-05,2.88054402593374e-05
"mix_0231_depth100",4.14159476061841e-05,0.0352496051245222,0.070748979072257,0.14583384264962,4.1415947606633e-05,4.14159476066301e-05,4.14753183628961e-05,4.14159476264164e-05,4.14159475624978e-05,0.000365172250270502,0.0782058460358476,4.14159471816427e-05,0.669223751968822,4.14159476066362e-05,4.14159475009486e-05
"mix_0231_depth25",4.34386187478257e-05,0.0288556148341243,0.0685411055241996,0.172541208737118,4.34386187578875e-05,4.3438618757888e-05,0.0164078837113529,0.000485517153645769,4.34386196721535e-05,4.34386207512181e-05,0.100050646512963,4.34386167271251e-05,0.612770514576856,4.34386187578884e-05,4.34386175692447e-05
"mix_0232_depth100",3.02595409873786e-05,3.04920061525964e-05,7.393336844387e-05,3.02595421351744e-05,3.91988099326314e-05,3.02595421351474e-05,5.42302030024436e-05,3.02595519402319e-05,3.02595448299166e-05,3.02595478434006e-05,3.02595421351388e-05,3.02595318649233e-05,0.99949955018474,3.02595421351455e-05,3.02595417216686e-05
"mix_0232_depth25",3.03891963276718e-05,4.50875374800503e-05,4.72375585703032e-05,3.03891981517631e-05,3.57633022587585e-05,4.65534083448398e-05,9.38486955257602e-05,3.03891981530759e-05,3.0389198986077e-05,3.03891989891429e-05,3.03891981517535e-05,3.03892095308938e-05,0.999443672578219,4.47233218333979e-05,3.03891994772421e-05
"mix_0233_depth100",3.02191777484862e-05,0.0525015293252026,0.00944398385604172,5.62747258365095e-05,0.0981141081886555,3.02191777493946e-05,3.0219177749393e-05,3.02191776651578e-05,3.02191788449703e-05,3.02191798332342e-05,0.0888644363845318,3.02191816097624e-05,0.750747694907355,3.02191777493863e-05,3.02191834264775e-05
"mix_0233_depth25",4.46039216967852e-05,0.079572711237871,0.0783853853398976,0.0359684453313397,0.0914113145382507,4.46039216963809e-05,4.46039216963842e-05,4.46039216963814e-05,4.46039193366304e-05,4.46039264228317e-05,0.108983604991618,4.46039217214964e-05,0.6052771032649,4.46039217392615e-05,4.46039201170461e-05
"mix_0234_depth100",7.08086728257595e-05,7.08086715553853e-05,7.08086714749374e-05,7.08086712881219e-05,7.0808671474892e-05,7.08086714748799e-05,7.08086714743696e-05,7.08086714748765e-05,0.0269510896024294,7.08086714748759e-05,7.08086716479872e-05,7.080867087515e-05,7.08086723837963e-05,0.199204331250659,0.772994875087486
"mix_0234_depth25",4.60204517029103e-05,4.6020447681488e-05,4.60204518958326e-05,4.60204518958138e-05,4.60204518958946e-05,4.60204518958223e-05,4.60204518958222e-05,4.60204518958233e-05,0.00472454677878441,4.60204518959572e-05,4.60204512591129e-05,4.6020450032198e-05,4.60204518957418e-05,0.225776195870829,0.768947011934544
"mix_0235_depth100",7.3651421158151e-05,7.36514322107492e-05,7.36514220094133e-05,7.36514220088244e-05,7.36514220089787e-05,7.36514220089885e-05,7.36514220089705e-05,7.36514202553697e-05,7.36514220089789e-05,8.97043924950287e-05,7.36514236241257e-05,7.36514259033163e-05,7.36514220248689e-05,0.0760113498803527,0.923015128649922
"mix_0235_depth25",7.08020977065907e-05,7.08020995419659e-05,7.08020977065925e-05,7.08020977065699e-05,7.08020977067822e-05,7.08020977065955e-05,7.08020977065912e-05,7.0802096451628e-05,7.08020977066005e-05,8.88585167229722e-05,7.08020976720479e-05,7.0802108431962e-05,7.0802097706601e-05,0.0973714808006845,0.901690035498842
"mix_0236_depth100",0.00708570037231162,6.84670317156299e-05,6.84670317755794e-05,6.84670317755599e-05,6.84670317756132e-05,6.84670317755789e-05,6.84670317755811e-05,6.8467031773359e-05,0.0359381021413258,6.84670317755451e-05,6.84670320550395e-05,6.84670412600066e-05,6.84670318203021e-05,0.263781246622074,0.69244181350501
"mix_0236_depth25",6.58615499446899e-05,6.5861550000126e-05,6.58615499446619e-05,6.58615499446346e-05,6.58615499446417e-05,6.58615499446615e-05,6.58615499446646e-05,6.58615509307354e-05,0.067278785848881,6.58615499446702e-05,6.58615499438751e-05,6.58615567362897e-05,6.58615499446604e-05,0.581094500538918,0.350836375005033
"mix_0237_depth100",0.000105333018600961,0.000105333021032375,0.00242221885534731,0.000105333018675705,0.000105333018675802,0.000105333018675675,0.000105333018675678,0.000105333018662135,0.000105333018675666,0.000105333018675635,0.000105333017900804,0.000105333020124294,0.000105333018552418,0.452115507081538,0.544198277836187
"mix_0237_depth25",0.000100220511766342,0.000100220504364829,0.000100220512433147,0.000100220512433162,0.000100220512433253,0.000100220512433253,0.000100220512433183,0.000100220512433124,0.0125927776782263,0.00010022051243329,0.00010022051358472,0.000100220513103254,0.000100220512433245,0.732942704483274,0.253261871696215
"mix_0238_depth100",6.73174368624873e-05,6.7317438400594e-05,6.73174368640966e-05,6.73174368640482e-05,6.73174368641513e-05,6.73174368640874e-05,6.73174368640659e-05,6.7317436863802e-05,0.000103836665777333,6.73174368639918e-05,6.73174368680804e-05,6.73174413231882e-05,6.73174368651898e-05,0.210101975343799,0.788986378742056
"mix_0238_depth25",6.16952341831547e-05,6.16952356454357e-05,6.16952343446067e-05,6.16952343445993e-05,6.16952343446283e-05,6.16952343445917e-05,6.16952343446426e-05,6.16952343445936e-05,0.000164629607324313,6.16952343445566e-05,6.16952343457608e-05,6.16952296747352e-05,6.16952343446212e-05,0.478988093360141,0.520106934223929
"mix_0239_depth100",4.32531434203273e-05,4.32531434638183e-05,4.32531434614185e-05,4.32531434195408e-05,4.32531434195458e-05,4.32531434195498e-05,4.32531415798007e-05,4.32531434199693e-05,0.000183844396312853,0.046098991189499,4.32531480818798e-05,4.32531513600302e-05,4.32531434273811e-05,9.34281280219218e-05,0.953147951697693
"mix_0239_depth25",2.8940536581735e-05,2.8940533973072e-05,2.89405367134611e-05,2.89405367134113e-05,2.89405367133646e-05,2.89405367134191e-05,2.89405367134269e-05,2.89405367134045e-05,0.035015132991112,0.0880487132506069,2.89405348576388e-05,2.89405398194689e-05,2.89405367134123e-05,0.174849620145577,0.701768187710478
"mix_0240_depth100",4.32928384147774e-05,4.32928384196528e-05,0.0225704414894349,4.32928384147512e-05,4.32928384147223e-05,4.3292838414751e-05,4.32928384147506e-05,4.32928378908879e-05,0.0919570581001907,4.67952409339156e-05,4.32928384158123e-05,4.32928352801098e-05,4.32928384160838e-05,7.49529915003203e-05,0.884917823797444
"mix_0240_depth25",4.26493447171393e-05,4.26493546124539e-05,4.26493451591329e-05,4.26493451591602e-05,0.0670368045829234,4.26493451591702e-05,4.26493451591663e-05,4.26493419463072e-05,0.128018215224147,4.72060078942679e-05,4.26493451591671e-05,4.26493410846195e-05,4.26493451591675e-05,0.000263161301487071,0.804208119430233
"mix_0241_depth100",0.00796761630964655,4.37899015152462e-05,4.37898928938991e-05,4.37898927484576e-05,4.37898927483873e-05,4.3789892748398e-05,4.37898927483935e-05,4.37898972070538e-05,0.000128492728242553,5.25541970960611e-05,4.37898942669432e-05,4.37898841951842e-05,4.37898814347977e-05,0.000212937556208962,0.991200500286299
"mix_0241_depth25",0.025509024115967,2.94425408833016e-05,2.94425409100501e-05,2.94425409100616e-05,2.94425409099381e-05,2.94425409100143e-05,2.9442540977403e-05,2.94425425400603e-05,5.98274539459781e-05,3.62603943659691e-05,2.94425398103726e-05,2.94425376372e-05,2.94425404197048e-05,0.000376218970546206,0.973724243659267
"mix_0242_depth100",4.49562955519071e-05,4.49562954675589e-05,4.49562955565455e-05,4.49562955518782e-05,4.4956294616253e-05,4.49562955519075e-05,4.49562955409671e-05,4.49562955299192e-05,0.0270222244781008,5.32761824760689e-05,4.49562955931298e-05,4.49563066245948e-05,4.4956295553131e-05,0.00010739433622688,0.972322585742058
"mix_0242_depth25",0.000118629094734488,6.48945389527335e-05,6.48945349099361e-05,6.48945348854984e-05,6.48945345896081e-05,6.4894534885494e-05,6.48945347242199e-05,6.48945352305854e-05,0.000110093176185632,6.59408300467314e-05,6.48945419676894e-05,6.48945310287035e-05,6.48945347420703e-05,0.000134661972844427,0.998921729570272
"mix_0243_depth100",4.15257431074451e-05,4.15257241849581e-05,4.15257422267953e-05,4.15257422267665e-05,4.15257422160527e-05,4.15257422268077e-05,4.15257422268013e-05,4.15257457999831e-05,0.0209415251886252,6.18297415667356e-05,4.15257450362125e-05,4.15257428517844e-05,4.15257417556438e-05,4.56855667545953e-05,0.978494176349194
"mix_0243_depth25",2.81976722846352e-05,2.81976771083075e-05,2.81976727388438e-05,2.81976717603565e-05,2.81976712538565e-05,2.81976717603988e-05,2.81976717603754e-05,2.81976701148263e-05,0.0283946674717111,3.45322487124173e-05,2.81976765835318e-05,2.81976661500307e-05,2.81976718974129e-05,0.000382798145783097,0.970877827740381
