"","orig.ident","reference_label","source_barcode"
"boot_1003_00001","CID4535","B-cells","CID4535_GTCAAGTGTCGAACAG"
"boot_1003_00002","CID4535","B-cells","CID4535_TTGGAACTCTTACCGC"
"boot_1003_00003","CID4535","B-cells","CID4535_TGCACCTGTATATCCG"
"boot_1003_00004","CID4535","B-cells","CID4535_CTACCCATCCCGGATG"
"boot_1003_00005","CID4535","B-cells","CID4535_GTCAAGTGTCGAACAG"
"boot_1003_00006","CID4535","B-cells","CID4535_CATATTCAGCCGGTAA"
"boot_1003_00007","CID4535","B-cells","CID4535_ATCACGAAGGACACCA"
"boot_1003_00008","CID4535","B-cells","CID4535_ATGAGGGAGTACGCCC"
"boot_1003_00009","CID4535","B-cells","CID4535_AAGGCAGGTTGAACTC"
"boot_1003_00010","CID4535","B-cells","CID4535_CTCGGAGCATCCTAGA"
"boot_1003_00011","CID4535","B-cells","CID4535_CTCTGGTTCTCCGGTT"
"boot_1003_00012","CID4535","B-cells","CID4535_TATCTCATCAGCACAT"
"boot_1003_00013","CID4535","B-cells","CID4535_CGTCCATTCACTTCAT"
"boot_1003_00014","CID4535","B-cells","CID4535_GATCGCGCAGCTCGAC"
"boot_1003_00015","CID4535","B-cells","CID4535_CACCACTCAAGCGTAG"
"boot_1003_00016","CID4535","B-cells","CID4535_AGGTCATAGCATCATC"
"boot_1003_00017","CID4535","B-cells","CID4535_ACTTACTTCCGTCAAA"
"boot_1003_00018","CID4535","B-cells","CID4535_TACAGTGCACGTTGGC"
"boot_1003_00019","CID4535","B-cells","CID4535_ATCATGGAGCTAGCCC"
"boot_1003_00020","CID4535","B-cells","CID4535_GGTGAAGGTATGAAAC"
"boot_1003_00021","CID4535","B-cells","CID4535_CATCGGGTCCTCCTAG"
"boot_1003_00022","CID4535","B-cells","CID4535_CTGATCCAGTGCTGCC"
"boot_1003_00023","CID4535","B-cells","CID4535_GTCAAGTCACGGTAGA"
"boot_1003_00024","CID4535","B-cells","CID4535_ACTGTCCGTCCGAAGA"
"boot_1003_00025","CID4535","B-cells","CID4535_CTCATTAGTCCTCCAT"
"boot_1003_00026","CID4535","B-cells","CID4535_CCCTCCTTCCCTAATT"
"boot_1003_00027","CID4535","B-cells","CID4535_ACTTACTTCCGTCAAA"
"boot_1003_00028","CID4535","B-cells","CID4535_ATGAGGGAGTACGCCC"
"boot_1003_00029","CID4535","B-cells","CID4535_CCCTCCTTCCCTAATT"
"boot_1003_00030","CID4535","B-cells","CID4535_GTCAAGTCACGGTAGA"
"boot_1003_00031","CID4535","B-cells","CID4535_CTGGTCTGTTCAACCA"
"boot_1003_00032","CID4535","B-cells","CID4535_CTGATCCAGTGCTGCC"
"boot_1003_00033","CID4535","B-cells","CID4535_ACTTACTTCCGTCAAA"
"boot_1003_00034","CID4535","B-cells","CID4535_CTCATTAGTCCTCCAT"
"boot_1003_00035","CID4535","B-cells","CID4535_CAGTCCTTCCTGTACC"
"boot_1003_00036","CID4535","B-cells","CID4535_CTCGGGACAATGACCT"
"boot_1003_00037","CID4535","B-cells","CID4535_AAAGATGGTGTAATGA"
"boot_1003_00038","CID4535","B-cells","CID4535_GTGCAGCAGTGTTGAA"
"boot_1003_00039","CID4535","B-cells","CID4535_TGCACCTGTATATCCG"
"boot_1003_00040","CID4535","B-cells","CID4535_CTACCCATCCCGGATG"
"boot_1003_00041","CID4535","B-cells","CID4535_ATTCTACAGACAGAGA"
"boot_1003_00042","CID4535","B-cells","CID4535_CTGGTCTGTTCAACCA"
"boot_1003_00043","CID4535","B-cells","CID4535_CGCCAAGCACCATGTA"
"boot_1003_00044","CID4535","B-cells","CID4535_AAAGATGGTGTAATGA"
"boot_1003_00045","CID4535","B-cells","CID4535_GTCAAGTCACGGTAGA"
"boot_1003_00046","CID4535","B-cells","CID4535_GGGACCTTCGAACTGT"
"boot_1003_00047","CID4535","B-cells","CID4535_AACTCAGGTGTTGGGA"
"boot_1003_00048","CID4535","B-cells","CID4535_CTCATTAAGAAACGAG"
"boot_1003_00049","CID4535","B-cells","CID4535_TGGCCAGCATGTTCCC"
"boot_1003_00050","CID4535","B-cells","CID4535_CCATGTCGTAGGACAC"
"boot_1003_00051","CID4535","B-cells","CID4535_CTCTGGTTCTCCGGTT"
"boot_1003_00052","CID4535","B-cells","CID4535_TTGCGTCCAATAGCAA"
"boot_1003_00053","CID4535","B-cells","CID4535_CCACCTAGTCAGTGGA"
"boot_1003_00054","CID4535","B-cells","CID4535_TTGCGTCCAATAGCAA"
"boot_1003_00055","CID4535","B-cells","CID4535_ATTGGTGCAGCCTTTC"
"boot_1003_00056","CID4535","B-cells","CID4535_ACTTACTTCCGTCAAA"
"boot_1003_00057","CID4535","CAFs","CID4535_CCCAATCCACCCAGTG"
"boot_1003_00058","CID4535","CAFs","CID4535_GTACTCCGTAGGCTGA"
"boot_1003_00059","CID4535","CAFs","CID4535_GGTGAAGCAATTCCTT"
"boot_1003_00060","CID4535","CAFs","CID4535_CTCGTACTCATCTGTT"
"boot_1003_00061","CID4535","CAFs","CID4535_TCAGATGGTGATAAAC"
"boot_1003_00062","CID4535","CAFs","CID4535_TTCGGTCCATGCCTAA"
"boot_1003_00063","CID4535","CAFs","CID4535_GCTGCTTTCAATACCG"
"boot_1003_00064","CID4535","CAFs","CID4535_AGCTCTCGTGCGGTAA"
"boot_1003_00065","CID4535","CAFs","CID4535_GGCAATTCATGGATGG"
"boot_1003_00066","CID4535","CAFs","CID4535_GCACTCTTCTCACATT"
"boot_1003_00067","CID4535","CAFs","CID4535_AAGGTTCGTAGCGTAG"
"boot_1003_00068","CID4535","CAFs","CID4535_CGTAGCGTCTTGGGTA"
"boot_1003_00069","CID4535","CAFs","CID4535_TTAGGACAGCGAAGGG"
"boot_1003_00070","CID4535","CAFs","CID4535_GCTCTGTGTAAGTGTA"
"boot_1003_00071","CID4535","CAFs","CID4535_TAAGAGATCTCGCATC"
"boot_1003_00072","CID4535","CAFs","CID4535_TAGCCGGAGCTGCCCA"
"boot_1003_00073","CID4535","CAFs","CID4535_GCTGCTTTCAATACCG"
"boot_1003_00074","CID4535","CAFs","CID4535_CCCAATCCACCCAGTG"
"boot_1003_00075","CID4535","CAFs","CID4535_GACGTGCCAGAAGCAC"
"boot_1003_00076","CID4535","CAFs","CID4535_GCACTCTGTACACCGC"
"boot_1003_00077","CID4535","CAFs","CID4535_TTTCCTCGTGTTCGAT"
"boot_1003_00078","CID4535","CAFs","CID4535_AGGGAGTGTGCTCTTC"
"boot_1003_00079","CID4535","CAFs","CID4535_TGCTACCGTCTTGCGG"
"boot_1003_00080","CID4535","CAFs","CID4535_CTCGTACTCATCTGTT"
"boot_1003_00081","CID4535","CAFs","CID4535_GTACGTAGTGTTCGAT"
"boot_1003_00082","CID4535","CAFs","CID4535_ACATCAGGTTGGAGGT"
"boot_1003_00083","CID4535","CAFs","CID4535_GCATGATTCAGCATGT"
"boot_1003_00084","CID4535","CAFs","CID4535_GAACCTATCCCACTTG"
"boot_1003_00085","CID4535","CAFs","CID4535_GCTGCTTTCAATACCG"
"boot_1003_00086","CID4535","CAFs","CID4535_GCACTCTTCTCACATT"
"boot_1003_00087","CID4535","CAFs","CID4535_TCTGGAAAGAAGGGTA"
"boot_1003_00088","CID4535","CAFs","CID4535_CCCAATCCACCCAGTG"
"boot_1003_00089","CID4535","CAFs","CID4535_GCTCTGTGTAAGTGTA"
"boot_1003_00090","CID4535","CAFs","CID4535_TGGCTGGAGAATCTCC"
"boot_1003_00091","CID4535","CAFs","CID4535_GCTGCTTTCAATACCG"
"boot_1003_00092","CID4535","CAFs","CID4535_CCGGGATGTACAGCAG"
"boot_1003_00093","CID4535","CAFs","CID4535_CAACCAAAGACCCACC"
"boot_1003_00094","CID4535","CAFs","CID4535_GATTCAGAGCTAAGAT"
"boot_1003_00095","CID4535","CAFs","CID4535_TCACGAAAGTGAAGAG"
"boot_1003_00096","CID4535","CAFs","CID4535_CACACAAAGCAATCTC"
"boot_1003_00097","CID4535","CAFs","CID4535_TCTGGAAAGAAGGGTA"
"boot_1003_00098","CID4535","CAFs","CID4535_GTTCGGGTCCAAAGTC"
"boot_1003_00099","CID4535","CAFs","CID4535_TCAGATGCAGCTGTGC"
"boot_1003_00100","CID4535","CAFs","CID4535_GCGAGAATCGTGGGAA"
"boot_1003_00101","CID4535","CAFs","CID4535_CCGGGATGTACAGCAG"
"boot_1003_00102","CID4535","CAFs","CID4535_TCAGATGGTGATAAAC"
"boot_1003_00103","CID4535","CAFs","CID4535_GATGCTACAGCTCGCA"
"boot_1003_00104","CID4535","CAFs","CID4535_GGTGAAGCAATTCCTT"
"boot_1003_00105","CID4535","CAFs","CID4535_CAGATCATCAGCTTAG"
"boot_1003_00106","CID4535","CAFs","CID4535_TGACTTTCAGTAAGAT"
"boot_1003_00107","CID4535","CAFs","CID4535_CACACAAAGCAATCTC"
"boot_1003_00108","CID4535","CAFs","CID4535_GTACGTAGTGTTCGAT"
"boot_1003_00109","CID4535","CAFs","CID4535_AGGTCCGCACGTAAGG"
"boot_1003_00110","CID4535","CAFs","CID4535_GCATGATTCAGCATGT"
"boot_1003_00111","CID4535","CAFs","CID4535_TGCTACCGTCTTGCGG"
"boot_1003_00112","CID4535","CAFs","CID4535_CTCTACGTCACTGGGC"
"boot_1003_00113","CID4535","CAFs","CID4535_AGGTCCGCACGTAAGG"
"boot_1003_00114","CID4535","CAFs","CID4535_CCACCTATCAGAGGTG"
"boot_1003_00115","CID4535","CAFs","CID4535_CCACCTATCAGAGGTG"
"boot_1003_00116","CID4535","CAFs","CID4535_CGTAGCGTCTTGGGTA"
"boot_1003_00117","CID4535","CAFs","CID4535_GCACTCTGTACACCGC"
"boot_1003_00118","CID4535","CAFs","CID4535_AAGGTTCGTAGCGTAG"
"boot_1003_00119","CID4535","CAFs","CID4535_TGTATTCGTCTTGTCC"
"boot_1003_00120","CID4535","CAFs","CID4535_TGACTTTCAGTAAGAT"
"boot_1003_00121","CID4535","CAFs","CID4535_AGGTCCGCACGTAAGG"
"boot_1003_00122","CID4535","CAFs","CID4535_CTCGTACTCATCTGTT"
"boot_1003_00123","CID4535","CAFs","CID4535_CGTAGGCGTTGTGGCC"
"boot_1003_00124","CID4535","CAFs","CID4535_CTGAAACAGCGTGTCC"
"boot_1003_00125","CID4535","CAFs","CID4535_AATCGGTTCTGTCTAT"
"boot_1003_00126","CID4535","CAFs","CID4535_TACCTATAGCGATTCT"
"boot_1003_00127","CID4535","CAFs","CID4535_AGCGGTCGTTGATTGC"
"boot_1003_00128","CID4535","CAFs","CID4535_AGGTCCGCACGTAAGG"
"boot_1003_00129","CID4535","CAFs","CID4535_TTTCCTCGTGTTCGAT"
"boot_1003_00130","CID4535","CAFs","CID4535_TAAGAGATCTCGCATC"
"boot_1003_00131","CID4535","CAFs","CID4535_GGTGAAGCAATTCCTT"
"boot_1003_00132","CID4535","CAFs","CID4535_CCGGGATGTACAGCAG"
"boot_1003_00133","CID4535","CAFs","CID4535_AGCGTCGAGCTAGTGG"
"boot_1003_00134","CID4535","CAFs","CID4535_TTTGGTTTCTGAGGGA"
"boot_1003_00135","CID4535","CAFs","CID4535_CAGATCATCAGCTTAG"
"boot_1003_00136","CID4535","CAFs","CID4535_CCTTCCCGTATAGTAG"
"boot_1003_00137","CID4535","CAFs","CID4535_GAACCTACATGTTGAC"
"boot_1003_00138","CID4535","CAFs","CID4535_TAGTGGTGTTATCGGT"
"boot_1003_00139","CID4535","CAFs","CID4535_TGGCTGGCAGCCACCA"
"boot_1003_00140","CID4535","CAFs","CID4535_AGCGGTCGTTGATTGC"
"boot_1003_00141","CID4535","CAFs","CID4535_CATCCACCAATGGATA"
"boot_1003_00142","CID4535","CAFs","CID4535_AACTGGTCACCACCAG"
"boot_1003_00143","CID4535","CAFs","CID4535_CTGAAACAGCGTGTCC"
"boot_1003_00144","CID4535","CAFs","CID4535_AAGGTTCGTAGCGTAG"
"boot_1003_00145","CID4535","CAFs","CID4535_GCTGCTTTCAATACCG"
"boot_1003_00146","CID4535","CAFs","CID4535_TGTATTCGTCTTGTCC"
"boot_1003_00147","CID4535","CAFs","CID4535_CTCGTACAGAAGCCCA"
"boot_1003_00148","CID4535","CAFs","CID4535_TAGCCGGAGCTGCCCA"
"boot_1003_00149","CID4535","CAFs","CID4535_TCATTACCATTCCTGC"
"boot_1003_00150","CID4535","CAFs","CID4535_CTACGTCCACGAAACG"
"boot_1003_00151","CID4535","CAFs","CID4535_AGGTCCGCACGTAAGG"
"boot_1003_00152","CID4535","CAFs","CID4535_ACTGAACAGCCCAGCT"
"boot_1003_00153","CID4535","CAFs","CID4535_TCTCATACAGGATCGA"
"boot_1003_00154","CID4535","CAFs","CID4535_GGCAATTCATGGATGG"
"boot_1003_00155","CID4535","CAFs","CID4535_TGGCTGGCAGCCACCA"
"boot_1003_00156","CID4535","CAFs","CID4535_GAACCTATCCCACTTG"
"boot_1003_00157","CID4535","CAFs","CID4535_AATCGGTTCTGTCTAT"
"boot_1003_00158","CID4535","CAFs","CID4535_CCCAATCCACCCAGTG"
"boot_1003_00159","CID4535","Cancer Epithelial","CID4535_GGAATAACAATGGACG"
"boot_1003_00160","CID4535","Cancer Epithelial","CID4535_CTCATTATCCGCAGTG"
"boot_1003_00161","CID4535","Cancer Epithelial","CID4535_CAACCTCTCACCACCT"
"boot_1003_00162","CID4535","Cancer Epithelial","CID4535_GCTCCTAAGTTTCCTT"
"boot_1003_00163","CID4535","Cancer Epithelial","CID4535_CTCTAATTCAGCTCGG"
"boot_1003_00164","CID4535","Cancer Epithelial","CID4535_CTAATGGGTTCGCTAA"
"boot_1003_00165","CID4535","Cancer Epithelial","CID4535_TAAGAGACATCGATTG"
"boot_1003_00166","CID4535","Cancer Epithelial","CID4535_TTTATGCGTTGGTAAA"
"boot_1003_00167","CID4535","Cancer Epithelial","CID4535_GGCAATTCACTTAAGC"
"boot_1003_00168","CID4535","Cancer Epithelial","CID4535_GATCGCGCAGACAAGC"
"boot_1003_00169","CID4535","Cancer Epithelial","CID4535_CTCTGGTAGCCGATTT"
"boot_1003_00170","CID4535","Cancer Epithelial","CID4535_GATGCTAGTGCATCTA"
"boot_1003_00171","CID4535","Cancer Epithelial","CID4535_CTCTAATCAGCCAATT"
"boot_1003_00172","CID4535","Cancer Epithelial","CID4535_ACGGCCATCCGCGCAA"
"boot_1003_00173","CID4535","Cancer Epithelial","CID4535_CGACTTCCATTCGACA"
"boot_1003_00174","CID4535","Cancer Epithelial","CID4535_CATGGCGCATCTATGG"
"boot_1003_00175","CID4535","Cancer Epithelial","CID4535_ACATCAGCAATGCCAT"
"boot_1003_00176","CID4535","Cancer Epithelial","CID4535_ACGGGTCCAGGACCCT"
"boot_1003_00177","CID4535","Cancer Epithelial","CID4535_TTGCGTCAGGGAGTAA"
"boot_1003_00178","CID4535","Cancer Epithelial","CID4535_GAGGTGACACCGATAT"
"boot_1003_00179","CID4535","Cancer Epithelial","CID4535_TTCGAAGTCTGGTATG"
"boot_1003_00180","CID4535","Cancer Epithelial","CID4535_TTAACTCGTACAGACG"
"boot_1003_00181","CID4535","Cancer Epithelial","CID4535_CTAAGACAGTGGGTTG"
"boot_1003_00182","CID4535","Cancer Epithelial","CID4535_ACATGGTGTTGAACTC"
"boot_1003_00183","CID4535","Cancer Epithelial","CID4535_CAGCGACAGTCCTCCT"
"boot_1003_00184","CID4535","Cancer Epithelial","CID4535_TTTACTGCAACACCTA"
"boot_1003_00185","CID4535","Cancer Epithelial","CID4535_GCTCTGTTCAACGGGA"
"boot_1003_00186","CID4535","Cancer Epithelial","CID4535_AACACGTAGAGTAAGG"
"boot_1003_00187","CID4535","Cancer Epithelial","CID4535_TTCTCAACACGGTAGA"
"boot_1003_00188","CID4535","Cancer Epithelial","CID4535_CACATAGAGTCTCGGC"
"boot_1003_00189","CID4535","Cancer Epithelial","CID4535_AGTGTCAAGACGCACA"
"boot_1003_00190","CID4535","Cancer Epithelial","CID4535_CTTCTCTGTCAGAATA"
"boot_1003_00191","CID4535","Cancer Epithelial","CID4535_CAGCAGCAGCTCCTTC"
"boot_1003_00192","CID4535","Cancer Epithelial","CID4535_TGCTGCTTCGGCGGTT"
"boot_1003_00193","CID4535","Cancer Epithelial","CID4535_CACAGGCCACAGTCGC"
"boot_1003_00194","CID4535","Cancer Epithelial","CID4535_CATCGAATCTCGCATC"
"boot_1003_00195","CID4535","Cancer Epithelial","CID4535_CATATTCAGGATGCGT"
"boot_1003_00196","CID4535","Cancer Epithelial","CID4535_TTGCGTCTCTCCTATA"
"boot_1003_00197","CID4535","Cancer Epithelial","CID4535_ACACCAAAGTATGACA"
"boot_1003_00198","CID4535","Cancer Epithelial","CID4535_TTTACTGGTGACGCCT"
"boot_1003_00199","CID4535","Cancer Epithelial","CID4535_GTTCTCGGTGACCAAG"
"boot_1003_00200","CID4535","Cancer Epithelial","CID4535_CGATCGGGTGTGTGCC"
"boot_1003_00201","CID4535","Cancer Epithelial","CID4535_CGGACACAGCAATCTC"
"boot_1003_00202","CID4535","Cancer Epithelial","CID4535_TTTGTCAAGATCCCAT"
"boot_1003_00203","CID4535","Cancer Epithelial","CID4535_CACACTCCACGCCAGT"
"boot_1003_00204","CID4535","Cancer Epithelial","CID4535_ACAGCTATCCAAACTG"
"boot_1003_00205","CID4535","Cancer Epithelial","CID4535_GCTGGGTTCAAACCGT"
"boot_1003_00206","CID4535","Cancer Epithelial","CID4535_AGACGTTAGCAAATCA"
"boot_1003_00207","CID4535","Cancer Epithelial","CID4535_AGTGGGAGTGTCCTCT"
"boot_1003_00208","CID4535","Cancer Epithelial","CID4535_CACCACTAGTCCGTAT"
"boot_1003_00209","CID4535","Cancer Epithelial","CID4535_CAGCGACAGCCAGTAG"
"boot_1003_00210","CID4535","Cancer Epithelial","CID4535_CACACAAAGCGCCTCA"
"boot_1003_00211","CID4535","Cancer Epithelial","CID4535_CGATCGGTCCCTCAGT"
"boot_1003_00212","CID4535","Cancer Epithelial","CID4535_AAGCCGCAGGTAAACT"
"boot_1003_00213","CID4535","Cancer Epithelial","CID4535_TCTCATAAGTCCAGGA"
"boot_1003_00214","CID4535","Cancer Epithelial","CID4535_CCCAGTTAGTTAGGTA"
"boot_1003_00215","CID4535","Cancer Epithelial","CID4535_GTGCATAAGGACACCA"
"boot_1003_00216","CID4535","Cancer Epithelial","CID4535_GGGTCTGCACGAAATA"
"boot_1003_00217","CID4535","Cancer Epithelial","CID4535_ACGATACAGTATTGGA"
"boot_1003_00218","CID4535","Cancer Epithelial","CID4535_CGTTGGGTCCGAACGC"
"boot_1003_00219","CID4535","Cancer Epithelial","CID4535_ACGATACGTGATAAGT"
"boot_1003_00220","CID4535","Cancer Epithelial","CID4535_CTAGTGAGTAAGAGAG"
"boot_1003_00221","CID4535","Cancer Epithelial","CID4535_TCCCGATCATACTCTT"
"boot_1003_00222","CID4535","Cancer Epithelial","CID4535_GACACGCCACATGACT"
"boot_1003_00223","CID4535","Cancer Epithelial","CID4535_CCAATCCCACCGCTAG"
"boot_1003_00224","CID4535","Cancer Epithelial","CID4535_ACGCCAGCACGTAAGG"
"boot_1003_00225","CID4535","Cancer Epithelial","CID4535_CTGTGCTCAGCATGAG"
"boot_1003_00226","CID4535","Cancer Epithelial","CID4535_TACCTATCACATTAGC"
"boot_1003_00227","CID4535","Cancer Epithelial","CID4535_GACTACACAGAAGCAC"
"boot_1003_00228","CID4535","Cancer Epithelial","CID4535_TTTACTGTCAAGCCTA"
"boot_1003_00229","CID4535","Cancer Epithelial","CID4535_CTGTTTAAGATCCCAT"
"boot_1003_00230","CID4535","Cancer Epithelial","CID4535_ACAGCTAAGCGTTGCC"
"boot_1003_00231","CID4535","Cancer Epithelial","CID4535_AGACGTTCAAACAACA"
"boot_1003_00232","CID4535","Cancer Epithelial","CID4535_AGTCTTTCAAGTAATG"
"boot_1003_00233","CID4535","Cancer Epithelial","CID4535_ACATACGGTGAAATCA"
"boot_1003_00234","CID4535","Cancer Epithelial","CID4535_AGGGTGAGTGACGGTA"
"boot_1003_00235","CID4535","Cancer Epithelial","CID4535_CGGGTCAGTATTACCG"
"boot_1003_00236","CID4535","Cancer Epithelial","CID4535_AACTCCCTCCTTTCTC"
"boot_1003_00237","CID4535","Cancer Epithelial","CID4535_CGATTGATCAGAGGTG"
"boot_1003_00238","CID4535","Cancer Epithelial","CID4535_ACGCAGCAGCGCTTAT"
"boot_1003_00239","CID4535","Cancer Epithelial","CID4535_GCATGATCACCGCTAG"
"boot_1003_00240","CID4535","Cancer Epithelial","CID4535_GAGCAGATCATTGCGA"
"boot_1003_00241","CID4535","Cancer Epithelial","CID4535_CGGTTAAAGTGCGTGA"
"boot_1003_00242","CID4535","Cancer Epithelial","CID4535_ATTACTCCAGGCGATA"
"boot_1003_00243","CID4535","Cancer Epithelial","CID4535_GGCCGATAGATCGGGT"
"boot_1003_00244","CID4535","Cancer Epithelial","CID4535_AAGGAGCCATACAGCT"
"boot_1003_00245","CID4535","Cancer Epithelial","CID4535_TTCTTAGGTCTTGTCC"
"boot_1003_00246","CID4535","Cancer Epithelial","CID4535_GTAACTGTCCTATGTT"
"boot_1003_00247","CID4535","Cancer Epithelial","CID4535_GCAGCCACATGCGCAC"
"boot_1003_00248","CID4535","Cancer Epithelial","CID4535_TGGCGCACAAAGCGGT"
"boot_1003_00249","CID4535","Cancer Epithelial","CID4535_AGCTCTCCAGGTCCAC"
"boot_1003_00250","CID4535","Cancer Epithelial","CID4535_TAGACCAAGTTAACGA"
"boot_1003_00251","CID4535","Cancer Epithelial","CID4535_CTCTAATCAGTGACAG"
"boot_1003_00252","CID4535","Cancer Epithelial","CID4535_TCTTCGGAGGTGCAAC"
"boot_1003_00253","CID4535","Cancer Epithelial","CID4535_ATGCGATCAGCCAATT"
"boot_1003_00254","CID4535","Cancer Epithelial","CID4535_TTCTCAATCATCATTC"
"boot_1003_00255","CID4535","Cancer Epithelial","CID4535_TGCCAAACATATGAGA"
"boot_1003_00256","CID4535","Cancer Epithelial","CID4535_TCGCGAGGTAGGACAC"
"boot_1003_00257","CID4535","Cancer Epithelial","CID4535_GTCAAGTCAATCCAAC"
"boot_1003_00258","CID4535","Cancer Epithelial","CID4535_CCGGTAGCACTCGACG"
"boot_1003_00259","CID4535","Cancer Epithelial","CID4535_GTGGGTCGTAGGCTGA"
"boot_1003_00260","CID4535","Cancer Epithelial","CID4535_CGCCAAGAGAATCTCC"
"boot_1003_00261","CID4535","Cancer Epithelial","CID4535_GCAAACTAGATCACGG"
"boot_1003_00262","CID4535","Cancer Epithelial","CID4535_CAAGTTGTCCATGCTC"
"boot_1003_00263","CID4535","Cancer Epithelial","CID4535_GTCGGGTAGTGGCACA"
"boot_1003_00264","CID4535","Cancer Epithelial","CID4535_ATGTGTGCAGCCTATA"
"boot_1003_00265","CID4535","Cancer Epithelial","CID4535_GCGCAGTAGAAGAAGC"
"boot_1003_00266","CID4535","Cancer Epithelial","CID4535_CTACACCTCCTTTCGG"
"boot_1003_00267","CID4535","Cancer Epithelial","CID4535_CATATGGAGGGTTCCC"
"boot_1003_00268","CID4535","Cancer Epithelial","CID4535_CCGGTAGGTTAAAGTG"
"boot_1003_00269","CID4535","Cancer Epithelial","CID4535_ATTATCCCAGGCAGTA"
"boot_1003_00270","CID4535","Cancer Epithelial","CID4535_TGCGTGGCAGCAGTTT"
"boot_1003_00271","CID4535","Cancer Epithelial","CID4535_ACAGCCGTCTGTCCGT"
"boot_1003_00272","CID4535","Cancer Epithelial","CID4535_CTAACTTGTCCCGACA"
"boot_1003_00273","CID4535","Cancer Epithelial","CID4535_TAAGCGTAGAAACGCC"
"boot_1003_00274","CID4535","Cancer Epithelial","CID4535_CCTTACGTCACGCATA"
"boot_1003_00275","CID4535","Cancer Epithelial","CID4535_TGACTAGAGAATTGTG"
"boot_1003_00276","CID4535","Cancer Epithelial","CID4535_ACCTTTACACGAAATA"
"boot_1003_00277","CID4535","Cancer Epithelial","CID4535_AGGGTGAGTCCGTTAA"
"boot_1003_00278","CID4535","Cancer Epithelial","CID4535_CCTTTCTAGGATTCGG"
"boot_1003_00279","CID4535","Cancer Epithelial","CID4535_CTGCTGTTCTAACTTC"
"boot_1003_00280","CID4535","Cancer Epithelial","CID4535_CGTCTACCAGTAAGCG"
"boot_1003_00281","CID4535","Cancer Epithelial","CID4535_GAATGAAGTAAGTGGC"
"boot_1003_00282","CID4535","Cancer Epithelial","CID4535_CTACGTCTCACAGGCC"
"boot_1003_00283","CID4535","Cancer Epithelial","CID4535_CAGCCGACATGATCCA"
"boot_1003_00284","CID4535","Cancer Epithelial","CID4535_GTCATTTCAATACGCT"
"boot_1003_00285","CID4535","Cancer Epithelial","CID4535_TCGCGAGGTCGCATAT"
"boot_1003_00286","CID4535","Cancer Epithelial","CID4535_AGCGTATGTAGCTGCC"
"boot_1003_00287","CID4535","Cancer Epithelial","CID4535_TTTACTGGTGACGCCT"
"boot_1003_00288","CID4535","Cancer Epithelial","CID4535_ACATGGTGTCCGTTAA"
"boot_1003_00289","CID4535","Cancer Epithelial","CID4535_TCCCGATCATACTCTT"
"boot_1003_00290","CID4535","Cancer Epithelial","CID4535_TAGTGGTGTCATGCAT"
"boot_1003_00291","CID4535","Cancer Epithelial","CID4535_TGCCCTACAAGAAAGG"
"boot_1003_00292","CID4535","Cancer Epithelial","CID4535_GCGCAACTCGCATGAT"
"boot_1003_00293","CID4535","Cancer Epithelial","CID4535_AAAGTAGGTTTGTTGG"
"boot_1003_00294","CID4535","Cancer Epithelial","CID4535_AAACGGGCAAAGCGGT"
"boot_1003_00295","CID4535","Cancer Epithelial","CID4535_GTGCGGTCATGCGCAC"
"boot_1003_00296","CID4535","Cancer Epithelial","CID4535_TTAGGACGTTTAAGCC"
"boot_1003_00297","CID4535","Cancer Epithelial","CID4535_GGCGACTGTAATCGTC"
"boot_1003_00298","CID4535","Cancer Epithelial","CID4535_GACAGAGTCCACGTTC"
"boot_1003_00299","CID4535","Cancer Epithelial","CID4535_AAACGGGCAAAGCGGT"
"boot_1003_00300","CID4535","Cancer Epithelial","CID4535_TTCTCCTTCAGCTTAG"
"boot_1003_00301","CID4535","Cancer Epithelial","CID4535_CGTGAGCAGAAGGTGA"
"boot_1003_00302","CID4535","Cancer Epithelial","CID4535_TTGGCAACAAACGCGA"
"boot_1003_00303","CID4535","Cancer Epithelial","CID4535_CTTTGCGGTGGCCCTA"
"boot_1003_00304","CID4535","Cancer Epithelial","CID4535_CTGTTTAAGTGCGATG"
"boot_1003_00305","CID4535","Cancer Epithelial","CID4535_CTAGTGAAGAGTACCG"
"boot_1003_00306","CID4535","Cancer Epithelial","CID4535_CAGCTAAAGGGATCTG"
"boot_1003_00307","CID4535","Cancer Epithelial","CID4535_GGTGCGTTCTTAGAGC"
"boot_1003_00308","CID4535","Cancer Epithelial","CID4535_CTCACACTCCCTTGTG"
"boot_1003_00309","CID4535","Cancer Epithelial","CID4535_GGCCGATCAGATCCAT"
"boot_1003_00310","CID4535","Cancer Epithelial","CID4535_TGACTAGGTTTAGCTG"
"boot_1003_00311","CID4535","Cancer Epithelial","CID4535_AGTCTTTCACAAGACG"
"boot_1003_00312","CID4535","Cancer Epithelial","CID4535_GTATTCTTCTAAGCCA"
"boot_1003_00313","CID4535","Cancer Epithelial","CID4535_ATGTGTGAGGAATTAC"
"boot_1003_00314","CID4535","Cancer Epithelial","CID4535_ACGGGCTCACAGGCCT"
"boot_1003_00315","CID4535","Cancer Epithelial","CID4535_CCACTACCAAAGCAAT"
"boot_1003_00316","CID4535","Cancer Epithelial","CID4535_GGAGCAACATCGTCGG"
"boot_1003_00317","CID4535","Cancer Epithelial","CID4535_CTTGGCTCACCGATAT"
"boot_1003_00318","CID4535","Cancer Epithelial","CID4535_GCTCTGTTCAACGGGA"
"boot_1003_00319","CID4535","Cancer Epithelial","CID4535_CGTGTAAGTGACTACT"
"boot_1003_00320","CID4535","Cancer Epithelial","CID4535_CAGATCATCAACGGCC"
"boot_1003_00321","CID4535","Cancer Epithelial","CID4535_TTTCCTCTCTCAACTT"
"boot_1003_00322","CID4535","Cancer Epithelial","CID4535_TGTCCCATCACATAGC"
"boot_1003_00323","CID4535","Cancer Epithelial","CID4535_CCTACCAAGTCGCCGT"
"boot_1003_00324","CID4535","Cancer Epithelial","CID4535_TTCTCAACAGGAATCG"
"boot_1003_00325","CID4535","Cancer Epithelial","CID4535_TCGTAGAGTGGTCCGT"
"boot_1003_00326","CID4535","Cancer Epithelial","CID4535_AACTGGTTCGGTTAAC"
"boot_1003_00327","CID4535","Cancer Epithelial","CID4535_GGCTGGTAGGTGGGTT"
"boot_1003_00328","CID4535","Cancer Epithelial","CID4535_CCCAGTTGTTCGAATC"
"boot_1003_00329","CID4535","Cancer Epithelial","CID4535_CATCGAAAGCCACCTG"
"boot_1003_00330","CID4535","Cancer Epithelial","CID4535_CTAATGGTCGGCGGTT"
"boot_1003_00331","CID4535","Cancer Epithelial","CID4535_CTGTGCTAGAGGACGG"
"boot_1003_00332","CID4535","Cancer Epithelial","CID4535_AGGCCGTAGTCTCCTC"
"boot_1003_00333","CID4535","Cancer Epithelial","CID4535_CACAGGCGTCTGGTCG"
"boot_1003_00334","CID4535","Cancer Epithelial","CID4535_CACATTTAGAGCCCAA"
"boot_1003_00335","CID4535","Cancer Epithelial","CID4535_GGCTGGTCAAACGTGG"
"boot_1003_00336","CID4535","Cancer Epithelial","CID4535_TTTACTGCACGCTTTC"
"boot_1003_00337","CID4535","Cancer Epithelial","CID4535_CGACTTCTCCCAACGG"
"boot_1003_00338","CID4535","Cancer Epithelial","CID4535_TGACGGCTCTCGTTTA"
"boot_1003_00339","CID4535","Cancer Epithelial","CID4535_TGTTCCGTCGATCCCT"
"boot_1003_00340","CID4535","Cancer Epithelial","CID4535_TACGGGCTCTGCGGCA"
"boot_1003_00341","CID4535","Cancer Epithelial","CID4535_CCCAATCGTTCGTTGA"
"boot_1003_00342","CID4535","Cancer Epithelial","CID4535_CACATAGAGTCTCGGC"
"boot_1003_00343","CID4535","Cancer Epithelial","CID4535_GAACCTATCCTCGCAT"
"boot_1003_00344","CID4535","Cancer Epithelial","CID4535_GGGTCTGCACGAAATA"
"boot_1003_00345","CID4535","Cancer Epithelial","CID4535_ATCATGGAGTTGTAGA"
"boot_1003_00346","CID4535","Cancer Epithelial","CID4535_TGGGCGTCAATAAGCA"
"boot_1003_00347","CID4535","Cancer Epithelial","CID4535_AACCATGGTGTAAGTA"
"boot_1003_00348","CID4535","Cancer Epithelial","CID4535_GCCTCTAAGACTAGAT"
"boot_1003_00349","CID4535","Cancer Epithelial","CID4535_CGCTTCAGTACAGTGG"
"boot_1003_00350","CID4535","Cancer Epithelial","CID4535_CTAAGACGTGCACCAC"
"boot_1003_00351","CID4535","Cancer Epithelial","CID4535_ACTGCTCAGACTGGGT"
"boot_1003_00352","CID4535","Cancer Epithelial","CID4535_CAAGAAAAGCGATATA"
"boot_1003_00353","CID4535","Cancer Epithelial","CID4535_ACTTGTTAGAGGTTGC"
"boot_1003_00354","CID4535","Cancer Epithelial","CID4535_TTCTCAACAGGAATCG"
"boot_1003_00355","CID4535","Cancer Epithelial","CID4535_GGGAGATAGTATTGGA"
"boot_1003_00356","CID4535","Cancer Epithelial","CID4535_CACAGGCTCCGGGTGT"
"boot_1003_00357","CID4535","Cancer Epithelial","CID4535_CATATTCTCAGCATGT"
"boot_1003_00358","CID4535","Cancer Epithelial","CID4535_CGATGGCCATCACCCT"
"boot_1003_00359","CID4535","Cancer Epithelial","CID4535_CGGTTAAGTCCCTACT"
"boot_1003_00360","CID4535","Cancer Epithelial","CID4535_TAAACCGGTTATTCTC"
"boot_1003_00361","CID4535","Cancer Epithelial","CID4535_GTAACTGTCTGGTGTA"
"boot_1003_00362","CID4535","Cancer Epithelial","CID4535_GCCAAATTCACATAGC"
"boot_1003_00363","CID4535","Cancer Epithelial","CID4535_TTGGCAACAAACGCGA"
"boot_1003_00364","CID4535","Cancer Epithelial","CID4535_CATATGGGTAGAAAGG"
"boot_1003_00365","CID4535","Cancer Epithelial","CID4535_TCGGTAAGTCGGCACT"
"boot_1003_00366","CID4535","Cancer Epithelial","CID4535_GACTACACACGAAAGC"
"boot_1003_00367","CID4535","Cancer Epithelial","CID4535_TCGGGACCAGATAATG"
"boot_1003_00368","CID4535","Cancer Epithelial","CID4535_CAGTCCTGTTAAGATG"
"boot_1003_00369","CID4535","Cancer Epithelial","CID4535_GAATGAATCGGCATCG"
"boot_1003_00370","CID4535","Cancer Epithelial","CID4535_ACTGCTCGTTCCCGAG"
"boot_1003_00371","CID4535","Cancer Epithelial","CID4535_ACCCACTCACCGATAT"
"boot_1003_00372","CID4535","Cancer Epithelial","CID4535_CACAGGCCAGCATGAG"
"boot_1003_00373","CID4535","Cancer Epithelial","CID4535_TCTCTAAAGATCGATA"
"boot_1003_00374","CID4535","Cancer Epithelial","CID4535_GTAACTGTCCTATGTT"
"boot_1003_00375","CID4535","Cancer Epithelial","CID4535_CCACCTACATAGACTC"
"boot_1003_00376","CID4535","Cancer Epithelial","CID4535_TCGGGACGTTGGTGGA"
"boot_1003_00377","CID4535","Cancer Epithelial","CID4535_ATTACTCGTAAGTGGC"
"boot_1003_00378","CID4535","Cancer Epithelial","CID4535_TTAACTCGTCGTTGTA"
"boot_1003_00379","CID4535","Cancer Epithelial","CID4535_TAAGTGCGTAGGCATG"
"boot_1003_00380","CID4535","Cancer Epithelial","CID4535_CGCCAAGAGAATCTCC"
"boot_1003_00381","CID4535","Cancer Epithelial","CID4535_GACTACATCTGCGTAA"
"boot_1003_00382","CID4535","Cancer Epithelial","CID4535_CCTACACCACTGTTAG"
"boot_1003_00383","CID4535","Cancer Epithelial","CID4535_GACCTGGCAGCCTGTG"
"boot_1003_00384","CID4535","Cancer Epithelial","CID4535_CTGAAACAGATCTGAA"
"boot_1003_00385","CID4535","Cancer Epithelial","CID4535_CACAGTACACAAGCCC"
"boot_1003_00386","CID4535","Cancer Epithelial","CID4535_GCTGCAGCACGGTAGA"
"boot_1003_00387","CID4535","Cancer Epithelial","CID4535_CTGATCCAGACACTAA"
"boot_1003_00388","CID4535","Cancer Epithelial","CID4535_GTGCGGTCATGCGCAC"
"boot_1003_00389","CID4535","Cancer Epithelial","CID4535_CTGAAGTAGGACACCA"
"boot_1003_00390","CID4535","Cancer Epithelial","CID4535_AGGTCATAGCCCAACC"
"boot_1003_00391","CID4535","Cancer Epithelial","CID4535_TCGCGTTAGGATATAC"
"boot_1003_00392","CID4535","Cancer Epithelial","CID4535_GCACTCTTCAGTGCAT"
"boot_1003_00393","CID4535","Cancer Epithelial","CID4535_CACACTCGTATTCTCT"
"boot_1003_00394","CID4535","Cancer Epithelial","CID4535_CAGCAGCGTCTAACGT"
"boot_1003_00395","CID4535","Cancer Epithelial","CID4535_ATAACGCGTACAGTTC"
"boot_1003_00396","CID4535","Cancer Epithelial","CID4535_TTTACTGTCCTGTACC"
"boot_1003_00397","CID4535","Cancer Epithelial","CID4535_GAAGCAGTCAGTCAGT"
"boot_1003_00398","CID4535","Cancer Epithelial","CID4535_ACCTTTACAGGACCCT"
"boot_1003_00399","CID4535","Cancer Epithelial","CID4535_CCATTCGAGTGGCACA"
"boot_1003_00400","CID4535","Cancer Epithelial","CID4535_ACAGCCGTCTGGTTCC"
"boot_1003_00401","CID4535","Cancer Epithelial","CID4535_TGGGAAGCAGCTGCAC"
"boot_1003_00402","CID4535","Cancer Epithelial","CID4535_CACACTCGTATTCTCT"
"boot_1003_00403","CID4535","Cancer Epithelial","CID4535_ATGTGTGCAGCTTCGG"
"boot_1003_00404","CID4535","Cancer Epithelial","CID4535_AACACGTCAGCCTGTG"
"boot_1003_00405","CID4535","Cancer Epithelial","CID4535_CGTAGGCTCAGGTAAA"
"boot_1003_00406","CID4535","Cancer Epithelial","CID4535_CCGGTAGTCACCAGGC"
"boot_1003_00407","CID4535","Cancer Epithelial","CID4535_CTCGGGATCGGCTTGG"
"boot_1003_00408","CID4535","Cancer Epithelial","CID4535_CGGCTAGCAGTTTACG"
"boot_1003_00409","CID4535","Cancer Epithelial","CID4535_TGGCTGGTCTCCTATA"
"boot_1003_00410","CID4535","Cancer Epithelial","CID4535_GCTTGAACACGTTGGC"
"boot_1003_00411","CID4535","Cancer Epithelial","CID4535_TATCAGGCAGCTGTGC"
"boot_1003_00412","CID4535","Cancer Epithelial","CID4535_AGGTCCGCAAGAAAGG"
"boot_1003_00413","CID4535","Cancer Epithelial","CID4535_TCTATTGCATTAACCG"
"boot_1003_00414","CID4535","Cancer Epithelial","CID4535_ACGGGCTCACAGGCCT"
"boot_1003_00415","CID4535","Cancer Epithelial","CID4535_GTCAAGTGTGATGCCC"
"boot_1003_00416","CID4535","Cancer Epithelial","CID4535_CTCTACGGTCGAGTTT"
"boot_1003_00417","CID4535","Cancer Epithelial","CID4535_GTTAAGCTCGTTACAG"
"boot_1003_00418","CID4535","Cancer Epithelial","CID4535_AGTAGTCTCAACCAAC"
"boot_1003_00419","CID4535","Cancer Epithelial","CID4535_TTCGAAGCAGAGTGTG"
"boot_1003_00420","CID4535","Cancer Epithelial","CID4535_GTTTCTAGTCATACTG"
"boot_1003_00421","CID4535","Cancer Epithelial","CID4535_CCTACCACAGCAGTTT"
"boot_1003_00422","CID4535","Cancer Epithelial","CID4535_GTACTCCCATGTCTCC"
"boot_1003_00423","CID4535","Cancer Epithelial","CID4535_AACGTTGCATTTGCCC"
"boot_1003_00424","CID4535","Cancer Epithelial","CID4535_CGCTATCTCGTCGTTC"
"boot_1003_00425","CID4535","Cancer Epithelial","CID4535_TTAGGCATCCGCGCAA"
"boot_1003_00426","CID4535","Cancer Epithelial","CID4535_CATATTCAGATGCCAG"
"boot_1003_00427","CID4535","Cancer Epithelial","CID4535_ACTTACTAGCAGGCTA"
"boot_1003_00428","CID4535","Cancer Epithelial","CID4535_CCAATCCAGAGCTATA"
"boot_1003_00429","CID4535","Cancer Epithelial","CID4535_CTCTGGTAGTACGATA"
"boot_1003_00430","CID4535","Cancer Epithelial","CID4535_CATTATCAGATGTTAG"
"boot_1003_00431","CID4535","Cancer Epithelial","CID4535_TGTTCCGGTTAGGGTG"
"boot_1003_00432","CID4535","Cancer Epithelial","CID4535_GCGGGTTCAGAAGCAC"
"boot_1003_00433","CID4535","Cancer Epithelial","CID4535_CACACAAGTACCGCTG"
"boot_1003_00434","CID4535","Cancer Epithelial","CID4535_AGTGGGAGTCCAGTTA"
"boot_1003_00435","CID4535","Cancer Epithelial","CID4535_TATCAGGAGCCCAACC"
"boot_1003_00436","CID4535","Cancer Epithelial","CID4535_TGAGCATTCTTGACGA"
"boot_1003_00437","CID4535","Cancer Epithelial","CID4535_AGGTCCGAGAGTGACC"
"boot_1003_00438","CID4535","Cancer Epithelial","CID4535_GGGAGATTCACTTACT"
"boot_1003_00439","CID4535","Cancer Epithelial","CID4535_GTGAAGGAGGCCGAAT"
"boot_1003_00440","CID4535","Cancer Epithelial","CID4535_ATAACGCCACTAAGTC"
"boot_1003_00441","CID4535","Cancer Epithelial","CID4535_ACTGAACGTACCCAAT"
"boot_1003_00442","CID4535","Cancer Epithelial","CID4535_CGGACACTCTTTACGT"
"boot_1003_00443","CID4535","Cancer Epithelial","CID4535_GAGTCCGAGTCTCCTC"
"boot_1003_00444","CID4535","Cancer Epithelial","CID4535_GGACATTCAGGCTGAA"
"boot_1003_00445","CID4535","Cancer Epithelial","CID4535_TACAGTGGTTCTGGTA"
"boot_1003_00446","CID4535","Cancer Epithelial","CID4535_TGCGGGTGTAGGCTGA"
"boot_1003_00447","CID4535","Cancer Epithelial","CID4535_GCGGGTTCATGAACCT"
"boot_1003_00448","CID4535","Cancer Epithelial","CID4535_AACTCAGGTGCTTCTC"
"boot_1003_00449","CID4535","Cancer Epithelial","CID4535_GTGCAGCCAACGCACC"
"boot_1003_00450","CID4535","Cancer Epithelial","CID4535_CCGTTCATCGCCGTGA"
"boot_1003_00451","CID4535","Cancer Epithelial","CID4535_CGAGCACGTGCACCAC"
"boot_1003_00452","CID4535","Cancer Epithelial","CID4535_ACGGGCTGTTAAGACA"
"boot_1003_00453","CID4535","Cancer Epithelial","CID4535_TGTCCCACATGTCTCC"
"boot_1003_00454","CID4535","Cancer Epithelial","CID4535_CAGCTAAAGGGATCTG"
"boot_1003_00455","CID4535","Cancer Epithelial","CID4535_CAGCCGAAGATATACG"
"boot_1003_00456","CID4535","Cancer Epithelial","CID4535_GCAGTTAGTGCCTTGG"
"boot_1003_00457","CID4535","Cancer Epithelial","CID4535_CTCGGAGGTCAGTGGA"
"boot_1003_00458","CID4535","Cancer Epithelial","CID4535_GGGAATGGTCAAAGCG"
"boot_1003_00459","CID4535","Cancer Epithelial","CID4535_AGGTCCGGTCTAAACC"
"boot_1003_00460","CID4535","Cancer Epithelial","CID4535_TCGGTAATCTGCAGTA"
"boot_1003_00461","CID4535","Cancer Epithelial","CID4535_ACGCAGCAGCGTAATA"
"boot_1003_00462","CID4535","Cancer Epithelial","CID4535_GCAGCCATCTACCTGC"
"boot_1003_00463","CID4535","Cancer Epithelial","CID4535_GCTGCAGCACGGTAGA"
"boot_1003_00464","CID4535","Cancer Epithelial","CID4535_GACGTGCAGCGTAGTG"
"boot_1003_00465","CID4535","Cancer Epithelial","CID4535_ACACCGGTCAATCACG"
"boot_1003_00466","CID4535","Cancer Epithelial","CID4535_GTACGTAAGATATGCA"
"boot_1003_00467","CID4535","Cancer Epithelial","CID4535_GTATCTTAGCACGCCT"
"boot_1003_00468","CID4535","Cancer Epithelial","CID4535_ATTACTCTCGCGTAGC"
"boot_1003_00469","CID4535","Cancer Epithelial","CID4535_TAAACCGAGGGTGTTG"
"boot_1003_00470","CID4535","Cancer Epithelial","CID4535_CAGCAGCTCTTACCTA"
"boot_1003_00471","CID4535","Cancer Epithelial","CID4535_CGTCTACAGAGTGAGA"
"boot_1003_00472","CID4535","Cancer Epithelial","CID4535_AGTGTCAAGACGCACA"
"boot_1003_00473","CID4535","Cancer Epithelial","CID4535_ACACTGACACAGAGGT"
"boot_1003_00474","CID4535","Cancer Epithelial","CID4535_CGAACATGTGCTTCTC"
"boot_1003_00475","CID4535","Cancer Epithelial","CID4535_CGAGAAGAGACGCAAC"
"boot_1003_00476","CID4535","Cancer Epithelial","CID4535_ACTATCTAGCTGCGAA"
"boot_1003_00477","CID4535","Cancer Epithelial","CID4535_CGTGAGCGTAAGTGTA"
"boot_1003_00478","CID4535","Cancer Epithelial","CID4535_TACGGGCAGAAACCTA"
"boot_1003_00479","CID4535","Cancer Epithelial","CID4535_CTGCTGTCATGGAATA"
"boot_1003_00480","CID4535","Cancer Epithelial","CID4535_ACCTTTAAGGGTTTCT"
"boot_1003_00481","CID4535","Cancer Epithelial","CID4535_GGAATAAGTCTAAAGA"
"boot_1003_00482","CID4535","Cancer Epithelial","CID4535_GCTCCTATCTGCCAGG"
"boot_1003_00483","CID4535","Cancer Epithelial","CID4535_CGACTTCGTCTCTCTG"
"boot_1003_00484","CID4535","Cancer Epithelial","CID4535_TTGAACGTCGTTTATC"
"boot_1003_00485","CID4535","Cancer Epithelial","CID4535_CAACCTCTCACCACCT"
"boot_1003_00486","CID4535","Cancer Epithelial","CID4535_CGTTGGGTCCGAATGT"
"boot_1003_00487","CID4535","Cancer Epithelial","CID4535_ATAAGAGGTGTGAAAT"
"boot_1003_00488","CID4535","Cancer Epithelial","CID4535_TGCTGCTCACCCATGG"
"boot_1003_00489","CID4535","Cancer Epithelial","CID4535_ACCCACTCACCGATAT"
"boot_1003_00490","CID4535","Cancer Epithelial","CID4535_TATGCCCTCGGTTAAC"
"boot_1003_00491","CID4535","Cancer Epithelial","CID4535_TTCCCAGTCTGTCCGT"
"boot_1003_00492","CID4535","Cancer Epithelial","CID4535_ATCGAGTCAGGATCGA"
"boot_1003_00493","CID4535","Cancer Epithelial","CID4535_CGTTCTGAGACCTTTG"
"boot_1003_00494","CID4535","Cancer Epithelial","CID4535_AGCCTAATCTGCGGCA"
"boot_1003_00495","CID4535","Cancer Epithelial","CID4535_TCGCGTTCATCGGACC"
"boot_1003_00496","CID4535","Cancer Epithelial","CID4535_ACTATCTCAAACGCGA"
"boot_1003_00497","CID4535","Cancer Epithelial","CID4535_ATAACGCCAATAGAGT"
"boot_1003_00498","CID4535","Cancer Epithelial","CID4535_CGGAGTCAGATGTGTA"
"boot_1003_00499","CID4535","Cancer Epithelial","CID4535_ATCATGGAGTTGTAGA"
"boot_1003_00500","CID4535","Cancer Epithelial","CID4535_AAAGCAAGTACAGTGG"
"boot_1003_00501","CID4535","Cancer Epithelial","CID4535_ACGCCAGAGGGTTTCT"
"boot_1003_00502","CID4535","Cancer Epithelial","CID4535_GTTAAGCTCGGACAAG"
"boot_1003_00503","CID4535","Cancer Epithelial","CID4535_AGCGTATCAGCGTTCG"
"boot_1003_00504","CID4535","Cancer Epithelial","CID4535_CCTATTACACTTAACG"
"boot_1003_00505","CID4535","Cancer Epithelial","CID4535_GGCGACTAGATGTCGG"
"boot_1003_00506","CID4535","Cancer Epithelial","CID4535_AGTGTCAAGCTAGTTC"
"boot_1003_00507","CID4535","Cancer Epithelial","CID4535_GGAATAATCACCTTAT"
"boot_1003_00508","CID4535","Cancer Epithelial","CID4535_CATCGGGAGGAGTACC"
"boot_1003_00509","CID4535","Cancer Epithelial","CID4535_CGTGTCTAGCAGGCTA"
"boot_1003_00510","CID4535","Cancer Epithelial","CID4535_CTCGTACGTACATGTC"
"boot_1003_00511","CID4535","Cancer Epithelial","CID4535_GCTGCGAAGATCTGAA"
"boot_1003_00512","CID4535","Cancer Epithelial","CID4535_GCATGATCACCGCTAG"
"boot_1003_00513","CID4535","Cancer Epithelial","CID4535_CCGTACTCATGAAGTA"
"boot_1003_00514","CID4535","Cancer Epithelial","CID4535_AAACCTGTCCGTTGTC"
"boot_1003_00515","CID4535","Cancer Epithelial","CID4535_TTGCGTCCAGATCCAT"
"boot_1003_00516","CID4535","Cancer Epithelial","CID4535_TGTATTCCATCACGAT"
"boot_1003_00517","CID4535","Cancer Epithelial","CID4535_AGGGATGGTCAAGCGA"
"boot_1003_00518","CID4535","Cancer Epithelial","CID4535_AAGTCTGTCACTCCTG"
"boot_1003_00519","CID4535","Cancer Epithelial","CID4535_GCAATCACACGACGAA"
"boot_1003_00520","CID4535","Cancer Epithelial","CID4535_ACAGCCGAGTGTGGCA"
"boot_1003_00521","CID4535","Cancer Epithelial","CID4535_CGATGGCCATCACCCT"
"boot_1003_00522","CID4535","Cancer Epithelial","CID4535_GTCACAAAGCTCCTTC"
"boot_1003_00523","CID4535","Cancer Epithelial","CID4535_GGCAATTCATTCACTT"
"boot_1003_00524","CID4535","Cancer Epithelial","CID4535_TGCACCTAGTCCATAC"
"boot_1003_00525","CID4535","Cancer Epithelial","CID4535_GGCTGGTCACTCAGGC"
"boot_1003_00526","CID4535","Cancer Epithelial","CID4535_ACATGGTGTCCGTTAA"
"boot_1003_00527","CID4535","Cancer Epithelial","CID4535_AGGCCGTCAGATAATG"
"boot_1003_00528","CID4535","Cancer Epithelial","CID4535_GTCTTCGTCCTACAGA"
"boot_1003_00529","CID4535","Cancer Epithelial","CID4535_TACCTATTCCAGAAGG"
"boot_1003_00530","CID4535","Cancer Epithelial","CID4535_CAGTAACTCGTGGACC"
"boot_1003_00531","CID4535","Cancer Epithelial","CID4535_CCAATCCAGAGCTATA"
"boot_1003_00532","CID4535","Cancer Epithelial","CID4535_CCTAGCTAGATATGGT"
"boot_1003_00533","CID4535","Cancer Epithelial","CID4535_GCTTCCATCTCAACTT"
"boot_1003_00534","CID4535","Cancer Epithelial","CID4535_CAGTCCTAGGTCATCT"
"boot_1003_00535","CID4535","Cancer Epithelial","CID4535_CTGGTCTGTAAATGAC"
"boot_1003_00536","CID4535","Cancer Epithelial","CID4535_CCATTCGGTCCGAATT"
"boot_1003_00537","CID4535","Cancer Epithelial","CID4535_CTGAAGTGTTTGTTTC"
"boot_1003_00538","CID4535","Cancer Epithelial","CID4535_CGCTTCAAGGCTCATT"
"boot_1003_00539","CID4535","Cancer Epithelial","CID4535_TGCCCTATCCTTTCTC"
"boot_1003_00540","CID4535","Cancer Epithelial","CID4535_TCCACACAGAGAACAG"
"boot_1003_00541","CID4535","Cancer Epithelial","CID4535_TGGACGCTCTGGGCCA"
"boot_1003_00542","CID4535","Cancer Epithelial","CID4535_CACATTTAGAGCCCAA"
"boot_1003_00543","CID4535","Cancer Epithelial","CID4535_CCACCTACATAAAGGT"
"boot_1003_00544","CID4535","Cancer Epithelial","CID4535_GTCGGGTTCAAGGTAA"
"boot_1003_00545","CID4535","Cancer Epithelial","CID4535_AAGGAGCCAACTGCGC"
"boot_1003_00546","CID4535","Cancer Epithelial","CID4535_ACACCCTCATACTACG"
"boot_1003_00547","CID4535","Cancer Epithelial","CID4535_CGTTAGATCTAACCGA"
"boot_1003_00548","CID4535","Cancer Epithelial","CID4535_CTACGTCTCACAGGCC"
"boot_1003_00549","CID4535","Cancer Epithelial","CID4535_CAGCATATCAGGCAAG"
"boot_1003_00550","CID4535","Cancer Epithelial","CID4535_CAGCAGCCAGGGAGAG"
"boot_1003_00551","CID4535","Cancer Epithelial","CID4535_AGAGCTTTCACCATAG"
"boot_1003_00552","CID4535","Cancer Epithelial","CID4535_CAAGAAAAGCTTCGCG"
"boot_1003_00553","CID4535","Cancer Epithelial","CID4535_GGTGAAGGTCTCTTTA"
"boot_1003_00554","CID4535","Cancer Epithelial","CID4535_AACTCAGAGTTTAGGA"
"boot_1003_00555","CID4535","Cancer Epithelial","CID4535_AGCAGCCCAATGTAAG"
"boot_1003_00556","CID4535","Cancer Epithelial","CID4535_ATAGACCCATGCTGGC"
"boot_1003_00557","CID4535","Cancer Epithelial","CID4535_CATCGAATCCGGGTGT"
"boot_1003_00558","CID4535","Cancer Epithelial","CID4535_GAGGTGACAGATGGGT"
"boot_1003_00559","CID4535","Cancer Epithelial","CID4535_CGTTCTGGTGGTCCGT"
"boot_1003_00560","CID4535","Cancer Epithelial","CID4535_GTAGGCCTCTGTCTCG"
"boot_1003_00561","CID4535","Cancer Epithelial","CID4535_GACCTGGCAGCCTGTG"
"boot_1003_00562","CID4535","Cancer Epithelial","CID4535_TTGCGTCCATTTCAGG"
"boot_1003_00563","CID4535","Cancer Epithelial","CID4535_CCTACCACAAGCTGTT"
"boot_1003_00564","CID4535","Cancer Epithelial","CID4535_TCAGGTATCGGTTAAC"
"boot_1003_00565","CID4535","Cancer Epithelial","CID4535_CAGCTAACACATTCGA"
"boot_1003_00566","CID4535","Cancer Epithelial","CID4535_TTGCGTCCACCGAATT"
"boot_1003_00567","CID4535","Cancer Epithelial","CID4535_GCCAAATGTGAGTATA"
"boot_1003_00568","CID4535","Cancer Epithelial","CID4535_GGGATGACAGACAGGT"
"boot_1003_00569","CID4535","Cancer Epithelial","CID4535_ACTGTCCCACAGACTT"
"boot_1003_00570","CID4535","Cancer Epithelial","CID4535_ACCCACTAGGAGTTGC"
"boot_1003_00571","CID4535","Cancer Epithelial","CID4535_CGGTTAAAGTGCGTGA"
"boot_1003_00572","CID4535","Cancer Epithelial","CID4535_TGCTACCCACCAGATT"
"boot_1003_00573","CID4535","Cancer Epithelial","CID4535_AGCGTATCAGCGTTCG"
"boot_1003_00574","CID4535","Cancer Epithelial","CID4535_CAGCGACAGATTACCC"
"boot_1003_00575","CID4535","Cancer Epithelial","CID4535_CCTACCAAGTCGCCGT"
"boot_1003_00576","CID4535","Cancer Epithelial","CID4535_CACAAACGTTGGAGGT"
"boot_1003_00577","CID4535","Cancer Epithelial","CID4535_CGATTGAAGAATCTCC"
"boot_1003_00578","CID4535","Cancer Epithelial","CID4535_GAATGAATCTTCAACT"
"boot_1003_00579","CID4535","Cancer Epithelial","CID4535_TGAGCATCATGCCACG"
"boot_1003_00580","CID4535","Cancer Epithelial","CID4535_ACATACGTCATAGCAC"
"boot_1003_00581","CID4535","Cancer Epithelial","CID4535_CTCCTAGCACAACGTT"
"boot_1003_00582","CID4535","Cancer Epithelial","CID4535_ACGATACCATGTAGTC"
"boot_1003_00583","CID4535","Cancer Epithelial","CID4535_GGGAGATGTACCGAGA"
"boot_1003_00584","CID4535","Cancer Epithelial","CID4535_ACAGCCGAGTGAACAT"
"boot_1003_00585","CID4535","Cancer Epithelial","CID4535_CAGGTGCAGACACGAC"
"boot_1003_00586","CID4535","Cancer Epithelial","CID4535_GCAAACTAGAGCCTAG"
"boot_1003_00587","CID4535","Cancer Epithelial","CID4535_CCATTCGGTGAGGGTT"
"boot_1003_00588","CID4535","Cancer Epithelial","CID4535_TGGGCGTTCGTAGATC"
"boot_1003_00589","CID4535","Cancer Epithelial","CID4535_AAGTCTGTCAACCAAC"
"boot_1003_00590","CID4535","Cancer Epithelial","CID4535_TCGGGACTCCTATTCA"
"boot_1003_00591","CID4535","Cancer Epithelial","CID4535_TAAGAGAAGAGGGATA"
"boot_1003_00592","CID4535","Cancer Epithelial","CID4535_GCTTCCACAAGCTGTT"
"boot_1003_00593","CID4535","Cancer Epithelial","CID4535_CTACATTAGGCCATAG"
"boot_1003_00594","CID4535","Cancer Epithelial","CID4535_CGTGTCTCAGCGAACA"
"boot_1003_00595","CID4535","Cancer Epithelial","CID4535_ATCATGGAGTTGTAGA"
"boot_1003_00596","CID4535","Cancer Epithelial","CID4535_TCAGGTATCGGTTAAC"
"boot_1003_00597","CID4535","Cancer Epithelial","CID4535_GTCACAAAGCTCCTTC"
"boot_1003_00598","CID4535","Cancer Epithelial","CID4535_GGAGCAATCAGATAAG"
"boot_1003_00599","CID4535","Cancer Epithelial","CID4535_CAGTCCTGTTAAGATG"
"boot_1003_00600","CID4535","Cancer Epithelial","CID4535_TAAGAGACACCATCCT"
"boot_1003_00601","CID4535","Cancer Epithelial","CID4535_TCGGGACAGCTGAAAT"
"boot_1003_00602","CID4535","Cancer Epithelial","CID4535_ATCTACTGTAAGAGGA"
"boot_1003_00603","CID4535","Cancer Epithelial","CID4535_CGCGTTTGTCGGGTCT"
"boot_1003_00604","CID4535","Cancer Epithelial","CID4535_AAGGAGCCATACAGCT"
"boot_1003_00605","CID4535","Cancer Epithelial","CID4535_CGCGGTATCCTCATTA"
"boot_1003_00606","CID4535","Cancer Epithelial","CID4535_CGAGCCACAGGCTGAA"
"boot_1003_00607","CID4535","Cancer Epithelial","CID4535_GTGGGTCCAGCGTTCG"
"boot_1003_00608","CID4535","Cancer Epithelial","CID4535_CGGAGCTAGCGCCTCA"
"boot_1003_00609","CID4535","Cancer Epithelial","CID4535_TGGTTCCGTACCCAAT"
"boot_1003_00610","CID4535","Cancer Epithelial","CID4535_GGTGTTAGTTCGGCAC"
"boot_1003_00611","CID4535","Cancer Epithelial","CID4535_GGGCACTAGATCTGCT"
"boot_1003_00612","CID4535","Cancer Epithelial","CID4535_CGTTAGATCTGCAGTA"
"boot_1003_00613","CID4535","Cancer Epithelial","CID4535_ATAACGCGTACACCGC"
"boot_1003_00614","CID4535","Cancer Epithelial","CID4535_CATATGGAGGGTTCCC"
"boot_1003_00615","CID4535","Cancer Epithelial","CID4535_GACCTGGAGGGAACGG"
"boot_1003_00616","CID4535","Cancer Epithelial","CID4535_CGCGTTTTCTGAGTGT"
"boot_1003_00617","CID4535","Cancer Epithelial","CID4535_TCGAGGCTCGGTGTTA"
"boot_1003_00618","CID4535","Cancer Epithelial","CID4535_TGTGGTAAGCAGCCTC"
"boot_1003_00619","CID4535","Cancer Epithelial","CID4535_GGGACCTTCATTGCCC"
"boot_1003_00620","CID4535","Cancer Epithelial","CID4535_GTTTCTAGTCATACTG"
"boot_1003_00621","CID4535","Cancer Epithelial","CID4535_GACTAACGTACCAGTT"
"boot_1003_00622","CID4535","Cancer Epithelial","CID4535_GGACAAGCATTAGCCA"
"boot_1003_00623","CID4535","Cancer Epithelial","CID4535_ATCATCTAGGGTCGAT"
"boot_1003_00624","CID4535","Cancer Epithelial","CID4535_GGGAGATAGTATTGGA"
"boot_1003_00625","CID4535","Cancer Epithelial","CID4535_CATTATCAGATGTTAG"
"boot_1003_00626","CID4535","Cancer Epithelial","CID4535_TGCTACCCACCAGATT"
"boot_1003_00627","CID4535","Cancer Epithelial","CID4535_CACATTTAGAAGGGTA"
"boot_1003_00628","CID4535","Cancer Epithelial","CID4535_TACGGGCAGATATGGT"
"boot_1003_00629","CID4535","Cancer Epithelial","CID4535_TCAACGATCGTTTATC"
"boot_1003_00630","CID4535","Cancer Epithelial","CID4535_CTCGTACGTTGGACCC"
"boot_1003_00631","CID4535","Cancer Epithelial","CID4535_TCATTACGTTATCGGT"
"boot_1003_00632","CID4535","Cancer Epithelial","CID4535_ACGCAGCAGCGTAATA"
"boot_1003_00633","CID4535","Cancer Epithelial","CID4535_ACAGCCGCAGGGTATG"
"boot_1003_00634","CID4535","Cancer Epithelial","CID4535_CGCTATCTCAAACCGT"
"boot_1003_00635","CID4535","Cancer Epithelial","CID4535_GACCAATAGAAACGAG"
"boot_1003_00636","CID4535","Cancer Epithelial","CID4535_CCATTCGGTCCGAATT"
"boot_1003_00637","CID4535","Cancer Epithelial","CID4535_ATCATGGAGCTCCTCT"
"boot_1003_00638","CID4535","Cancer Epithelial","CID4535_GAATGAATCTTCAACT"
"boot_1003_00639","CID4535","Cancer Epithelial","CID4535_CACACAAGTACCGCTG"
"boot_1003_00640","CID4535","Cancer Epithelial","CID4535_GGTGTTAGTTGTGGCC"
"boot_1003_00641","CID4535","Cancer Epithelial","CID4535_AGGGAGTGTAAGCACG"
"boot_1003_00642","CID4535","Cancer Epithelial","CID4535_GATCGTAGTCGCTTTC"
"boot_1003_00643","CID4535","Cancer Epithelial","CID4535_TGAGCATGTCCGCTGA"
"boot_1003_00644","CID4535","Cancer Epithelial","CID4535_AACACGTCAGTTAACC"
"boot_1003_00645","CID4535","Cancer Epithelial","CID4535_TGCTGCTTCGGCGGTT"
"boot_1003_00646","CID4535","Cancer Epithelial","CID4535_GGCAATTAGTGTCTCA"
"boot_1003_00647","CID4535","Cancer Epithelial","CID4535_GTATTCTTCTCACATT"
"boot_1003_00648","CID4535","Cancer Epithelial","CID4535_CGTGTCTCAGCGAACA"
"boot_1003_00649","CID4535","Cancer Epithelial","CID4535_GGGAATGGTCAAAGCG"
"boot_1003_00650","CID4535","Cancer Epithelial","CID4535_TCGAGGCAGAACAATC"
"boot_1003_00651","CID4535","Cancer Epithelial","CID4535_CAACCTCTCACCACCT"
"boot_1003_00652","CID4535","Cancer Epithelial","CID4535_TGCGTGGCAGCAGTTT"
"boot_1003_00653","CID4535","Cancer Epithelial","CID4535_TCTGGAATCGCCGTGA"
"boot_1003_00654","CID4535","Cancer Epithelial","CID4535_GTATTCTAGCCGATTT"
"boot_1003_00655","CID4535","Cancer Epithelial","CID4535_GTCCTCAAGTAGCGGT"
"boot_1003_00656","CID4535","Cancer Epithelial","CID4535_CCTCAGTCAGATGGGT"
"boot_1003_00657","CID4535","Cancer Epithelial","CID4535_CAAGTTGGTGCAACGA"
"boot_1003_00658","CID4535","Cancer Epithelial","CID4535_CGTGAGCTCATTGCGA"
"boot_1003_00659","CID4535","Cancer Epithelial","CID4535_CCGGGATGTCATCCCT"
"boot_1003_00660","CID4535","Cancer Epithelial","CID4535_GCAATCAAGCACGCCT"
"boot_1003_00661","CID4535","Cancer Epithelial","CID4535_GCAAACTGTATTACCG"
"boot_1003_00662","CID4535","Cancer Epithelial","CID4535_CACAGGCTCAACACGT"
"boot_1003_00663","CID4535","Cancer Epithelial","CID4535_TTAGTTCTCGTTGACA"
"boot_1003_00664","CID4535","Cancer Epithelial","CID4535_TATCAGGGTAAAGTCA"
"boot_1003_00665","CID4535","Cancer Epithelial","CID4535_TCGCGAGGTTTAGGAA"
"boot_1003_00666","CID4535","Cancer Epithelial","CID4535_TCGCGTTGTTATGTGC"
"boot_1003_00667","CID4535","Cancer Epithelial","CID4535_TATCAGGCAGCCACCA"
"boot_1003_00668","CID4535","Cancer Epithelial","CID4535_GACTAACGTACCAGTT"
"boot_1003_00669","CID4535","Cancer Epithelial","CID4535_GTTCTCGAGTACCGGA"
"boot_1003_00670","CID4535","Cancer Epithelial","CID4535_GGTGAAGGTCTCTTTA"
"boot_1003_00671","CID4535","Cancer Epithelial","CID4535_GAAGCAGCACGTGAGA"
"boot_1003_00672","CID4535","Cancer Epithelial","CID4535_CATATTCTCAGCATGT"
"boot_1003_00673","CID4535","Cancer Epithelial","CID4535_ACATACGTCCTTAATC"
"boot_1003_00674","CID4535","Cancer Epithelial","CID4535_TATGCCCAGACTACAA"
"boot_1003_00675","CID4535","Cancer Epithelial","CID4535_GCTGCAGCAAGTTCTG"
"boot_1003_00676","CID4535","Cancer Epithelial","CID4535_GAAGCAGCACGTGAGA"
"boot_1003_00677","CID4535","Cancer Epithelial","CID4535_TCAATCTTCATCGGAT"
"boot_1003_00678","CID4535","Cancer Epithelial","CID4535_CGATGTACACGTTGGC"
"boot_1003_00679","CID4535","Cancer Epithelial","CID4535_ACGATGTAGATATGGT"
"boot_1003_00680","CID4535","Cancer Epithelial","CID4535_TGACTTTGTCCTCTTG"
"boot_1003_00681","CID4535","Cancer Epithelial","CID4535_AGGCCGTCAAGTAGTA"
"boot_1003_00682","CID4535","Cancer Epithelial","CID4535_ACTTACTCAAGAAGAG"
"boot_1003_00683","CID4535","Cancer Epithelial","CID4535_ACGGCCAGTAAGTTCC"
"boot_1003_00684","CID4535","Cancer Epithelial","CID4535_GTACGTAAGAAACGAG"
"boot_1003_00685","CID4535","Cancer Epithelial","CID4535_AAGCCGCAGGTAAACT"
"boot_1003_00686","CID4535","Cancer Epithelial","CID4535_CACATTTTCACAGTAC"
"boot_1003_00687","CID4535","Cancer Epithelial","CID4535_TCTATTGTCTGTTTGT"
"boot_1003_00688","CID4535","Cancer Epithelial","CID4535_CGCTTCACACCGAATT"
"boot_1003_00689","CID4535","Cancer Epithelial","CID4535_GCTGCAGTCTCCAACC"
"boot_1003_00690","CID4535","Cancer Epithelial","CID4535_TTTACTGCAACCGCCA"
"boot_1003_00691","CID4535","Cancer Epithelial","CID4535_TCGCGTTGTTATGTGC"
"boot_1003_00692","CID4535","Cancer Epithelial","CID4535_GTCCTCACACATAACC"
"boot_1003_00693","CID4535","Cancer Epithelial","CID4535_CCATTCGAGTGGCACA"
"boot_1003_00694","CID4535","Cancer Epithelial","CID4535_TAGGCATCAGCCAGAA"
"boot_1003_00695","CID4535","Cancer Epithelial","CID4535_CGATCGGTCCCTCAGT"
"boot_1003_00696","CID4535","Cancer Epithelial","CID4535_GAATAAGAGTACACCT"
"boot_1003_00697","CID4535","Cancer Epithelial","CID4535_GAACCTACACCCTATC"
"boot_1003_00698","CID4535","Cancer Epithelial","CID4535_GCGAGAACAGGTGGAT"
"boot_1003_00699","CID4535","Cancer Epithelial","CID4535_TTGACTTAGCTGATAA"
"boot_1003_00700","CID4535","Cancer Epithelial","CID4535_ACACCAAGTAAGGGCT"
"boot_1003_00701","CID4535","Cancer Epithelial","CID4535_AAACGGGTCACAACGT"
"boot_1003_00702","CID4535","Cancer Epithelial","CID4535_CTTTGCGCAATCCAAC"
"boot_1003_00703","CID4535","Cancer Epithelial","CID4535_CTTTGCGCAATCCAAC"
"boot_1003_00704","CID4535","Cancer Epithelial","CID4535_ACACTGACACAGAGGT"
"boot_1003_00705","CID4535","Cancer Epithelial","CID4535_CACACCTGTAGCGTCC"
"boot_1003_00706","CID4535","Cancer Epithelial","CID4535_ATTCTACTCACCTTAT"
"boot_1003_00707","CID4535","Cancer Epithelial","CID4535_CCTACACCAAGCCTAT"
"boot_1003_00708","CID4535","Cancer Epithelial","CID4535_GCTGCGACATGCCTTC"
"boot_1003_00709","CID4535","Cancer Epithelial","CID4535_CCTTCCCAGTGATCGG"
"boot_1003_00710","CID4535","Cancer Epithelial","CID4535_TCTCTAACATGGTCAT"
"boot_1003_00711","CID4535","Cancer Epithelial","CID4535_TAAACCGCACGAAATA"
"boot_1003_00712","CID4535","Cancer Epithelial","CID4535_ACCCACTAGGAGTTGC"
"boot_1003_00713","CID4535","Cancer Epithelial","CID4535_GGCTGGTGTACCCAAT"
"boot_1003_00714","CID4535","Cancer Epithelial","CID4535_GTTCGGGTCTACTCAT"
"boot_1003_00715","CID4535","Cancer Epithelial","CID4535_GTCGTAAGTACAGCAG"
"boot_1003_00716","CID4535","Cancer Epithelial","CID4535_TGTATTCCATCACGAT"
"boot_1003_00717","CID4535","Cancer Epithelial","CID4535_AGGTCCGTCTTATCTG"
"boot_1003_00718","CID4535","Cancer Epithelial","CID4535_GTTCGGGTCTTAACCT"
"boot_1003_00719","CID4535","Cancer Epithelial","CID4535_CTGAAACTCTTAGAGC"
"boot_1003_00720","CID4535","Cancer Epithelial","CID4535_ATGCGATGTAGGGTAC"
"boot_1003_00721","CID4535","Cancer Epithelial","CID4535_TCACGAAGTTCTGGTA"
"boot_1003_00722","CID4535","Cancer Epithelial","CID4535_TTTCCTCTCTCAACTT"
"boot_1003_00723","CID4535","Cancer Epithelial","CID4535_GTCACGGGTAGTAGTA"
"boot_1003_00724","CID4535","Cancer Epithelial","CID4535_GACTACACAATTGCTG"
"boot_1003_00725","CID4535","Cancer Epithelial","CID4535_TTAACTCAGTCCTCCT"
"boot_1003_00726","CID4535","Cancer Epithelial","CID4535_ACGTCAAGTGTCGCTG"
"boot_1003_00727","CID4535","Cancer Epithelial","CID4535_CGGACGTAGCGTTGCC"
"boot_1003_00728","CID4535","Cancer Epithelial","CID4535_TAGGCATTCAGAGCTT"
"boot_1003_00729","CID4535","Cancer Epithelial","CID4535_TATCAGGCAATGAATG"
"boot_1003_00730","CID4535","Cancer Epithelial","CID4535_GCGGGTTCATGAACCT"
"boot_1003_00731","CID4535","Cancer Epithelial","CID4535_GCGACCATCCGTCATC"
"boot_1003_00732","CID4535","Cancer Epithelial","CID4535_TGGACGCTCAAACGGG"
"boot_1003_00733","CID4535","Cancer Epithelial","CID4535_TTCCCAGAGCCCAGCT"
"boot_1003_00734","CID4535","Cancer Epithelial","CID4535_GAGTCCGGTAAGAGGA"
"boot_1003_00735","CID4535","Cancer Epithelial","CID4535_CATCCACCATCGGTTA"
"boot_1003_00736","CID4535","Cancer Epithelial","CID4535_CGCCAAGCATGACATC"
"boot_1003_00737","CID4535","Cancer Epithelial","CID4535_CATGCCTCATCTGGTA"
"boot_1003_00738","CID4535","Cancer Epithelial","CID4535_CGCGTTTAGCTAGTTC"
"boot_1003_00739","CID4535","Cancer Epithelial","CID4535_CTAAGACCAGGCAGTA"
"boot_1003_00740","CID4535","Cancer Epithelial","CID4535_GGATGTTAGACAAAGG"
"boot_1003_00741","CID4535","Cancer Epithelial","CID4535_AGCTCCTCAAGCCGCT"
"boot_1003_00742","CID4535","Cancer Epithelial","CID4535_GTGCGGTCATCTATGG"
"boot_1003_00743","CID4535","Cancer Epithelial","CID4535_TAAGAGAAGGCATGGT"
"boot_1003_00744","CID4535","Cancer Epithelial","CID4535_TTGAACGTCTGCAAGT"
"boot_1003_00745","CID4535","Cancer Epithelial","CID4535_ACAGCCGTCTGTCCGT"
"boot_1003_00746","CID4535","Cancer Epithelial","CID4535_TTGCGTCGTACACCGC"
"boot_1003_00747","CID4535","Cancer Epithelial","CID4535_CTGATCCAGACACTAA"
"boot_1003_00748","CID4535","Cancer Epithelial","CID4535_ATCATGGAGCTCCTCT"
"boot_1003_00749","CID4535","Cancer Epithelial","CID4535_CTTACCGGTAAACGCG"
"boot_1003_00750","CID4535","Cancer Epithelial","CID4535_GCATGTATCACCGGGT"
"boot_1003_00751","CID4535","Cancer Epithelial","CID4535_CTACACCCAGACGCTC"
"boot_1003_00752","CID4535","Cancer Epithelial","CID4535_AGCAGCCAGGCTAGCA"
"boot_1003_00753","CID4535","Cancer Epithelial","CID4535_AAAGTAGTCACAGGCC"
"boot_1003_00754","CID4535","Cancer Epithelial","CID4535_AACTCTTAGCTACCTA"
"boot_1003_00755","CID4535","Cancer Epithelial","CID4535_CTTAACTGTTGCTCCT"
"boot_1003_00756","CID4535","Cancer Epithelial","CID4535_CGCTGGATCCGCAAGC"
"boot_1003_00757","CID4535","Cancer Epithelial","CID4535_ATCTGCCCACAGGTTT"
"boot_1003_00758","CID4535","Cancer Epithelial","CID4535_GATCGTACAGATCTGT"
"boot_1003_00759","CID4535","Cancer Epithelial","CID4535_TGGCGCATCGCCTGTT"
"boot_1003_00760","CID4535","Cancer Epithelial","CID4535_CAGCATATCAGGCAAG"
"boot_1003_00761","CID4535","Cancer Epithelial","CID4535_CTGTTTACAAAGGCGT"
"boot_1003_00762","CID4535","Cancer Epithelial","CID4535_GTCGTAACAAAGGCGT"
"boot_1003_00763","CID4535","Cancer Epithelial","CID4535_CCGGGATGTCATCCCT"
"boot_1003_00764","CID4535","Cancer Epithelial","CID4535_AACTGGTGTCTACCTC"
"boot_1003_00765","CID4535","Cancer Epithelial","CID4535_GTACTTTAGCTGTTCA"
"boot_1003_00766","CID4535","Cancer Epithelial","CID4535_GAGGTGATCTGTCCGT"
"boot_1003_00767","CID4535","Cancer Epithelial","CID4535_TACGGTATCAGCATGT"
"boot_1003_00768","CID4535","Cancer Epithelial","CID4535_GCTTCCAGTGTTGGGA"
"boot_1003_00769","CID4535","Cancer Epithelial","CID4535_GTACGTACACATTAGC"
"boot_1003_00770","CID4535","Cancer Epithelial","CID4535_TGTGTTTGTATCAGTC"
"boot_1003_00771","CID4535","Cancer Epithelial","CID4535_TGTTCCGGTTAGGGTG"
"boot_1003_00772","CID4535","Cancer Epithelial","CID4535_GTTCATTTCTAAGCCA"
"boot_1003_00773","CID4535","Cancer Epithelial","CID4535_CAGATCAAGATGTTAG"
"boot_1003_00774","CID4535","Cancer Epithelial","CID4535_CCATGTCTCCGTAGGC"
"boot_1003_00775","CID4535","Cancer Epithelial","CID4535_ATGAGGGTCCTCATTA"
"boot_1003_00776","CID4535","Cancer Epithelial","CID4535_TAAGAGACATCGATTG"
"boot_1003_00777","CID4535","Cancer Epithelial","CID4535_ACTGCTCAGAAACCTA"
"boot_1003_00778","CID4535","Cancer Epithelial","CID4535_CATATGGGTCCTCTTG"
"boot_1003_00779","CID4535","Cancer Epithelial","CID4535_TCAGATGAGCGCCTTG"
"boot_1003_00780","CID4535","Cancer Epithelial","CID4535_ATTCTACGTATAAACG"
"boot_1003_00781","CID4535","Cancer Epithelial","CID4535_TGCCAAAAGGGTTTCT"
"boot_1003_00782","CID4535","Cancer Epithelial","CID4535_ACTTGTTCATTCTCAT"
"boot_1003_00783","CID4535","Cancer Epithelial","CID4535_GCATGTATCACCGGGT"
"boot_1003_00784","CID4535","Cancer Epithelial","CID4535_CTCTGGTAGAGCTTCT"
"boot_1003_00785","CID4535","Cancer Epithelial","CID4535_CGGCTAGTCGGACAAG"
"boot_1003_00786","CID4535","Cancer Epithelial","CID4535_TATTACCGTAACGCGA"
"boot_1003_00787","CID4535","Cancer Epithelial","CID4535_CGGAGCTAGCTAACAA"
"boot_1003_00788","CID4535","Cancer Epithelial","CID4535_GCTCTGTCAGGACGTA"
"boot_1003_00789","CID4535","Cancer Epithelial","CID4535_ATCTGCCAGCCAACAG"
"boot_1003_00790","CID4535","Cancer Epithelial","CID4535_TGTATTCAGTGAAGTT"
"boot_1003_00791","CID4535","Cancer Epithelial","CID4535_CACCAGGAGCCCTAAT"
"boot_1003_00792","CID4535","Cancer Epithelial","CID4535_ACTTACTTCACCAGGC"
"boot_1003_00793","CID4535","Cancer Epithelial","CID4535_CTACCCATCGTTGACA"
"boot_1003_00794","CID4535","Cancer Epithelial","CID4535_GACGCGTCATGGTAGG"
"boot_1003_00795","CID4535","Cancer Epithelial","CID4535_CTCGGGAGTAAGTTCC"
"boot_1003_00796","CID4535","Cancer Epithelial","CID4535_ACGGCCACAGATCTGT"
"boot_1003_00797","CID4535","Cancer Epithelial","CID4535_TTCGAAGCATGTCCTC"
"boot_1003_00798","CID4535","Cancer Epithelial","CID4535_GATCGTAGTATCACCA"
"boot_1003_00799","CID4535","Cancer Epithelial","CID4535_CCTTCGACATGGTAGG"
"boot_1003_00800","CID4535","Cancer Epithelial","CID4535_AAGTCTGTCTCAAGTG"
"boot_1003_00801","CID4535","Cancer Epithelial","CID4535_AACGTTGCATGAGCGA"
"boot_1003_00802","CID4535","Cancer Epithelial","CID4535_CCTACCAAGTCGCCGT"
"boot_1003_00803","CID4535","Cancer Epithelial","CID4535_CGTCTACCACCACGTG"
"boot_1003_00804","CID4535","Cancer Epithelial","CID4535_CACACTCGTATTCTCT"
"boot_1003_00805","CID4535","Cancer Epithelial","CID4535_GTCTCGTCAGTGAGTG"
"boot_1003_00806","CID4535","Cancer Epithelial","CID4535_CATCCACCATCGGTTA"
"boot_1003_00807","CID4535","Cancer Epithelial","CID4535_TGAGGGAAGTGACATA"
"boot_1003_00808","CID4535","Cancer Epithelial","CID4535_TTTCCTCCAGGACGTA"
"boot_1003_00809","CID4535","Cancer Epithelial","CID4535_CTCCTAGCAGGGTTAG"
"boot_1003_00810","CID4535","Cancer Epithelial","CID4535_TGGCCAGTCCAGAGGA"
"boot_1003_00811","CID4535","Cancer Epithelial","CID4535_TGGCGCACAAAGCGGT"
"boot_1003_00812","CID4535","Cancer Epithelial","CID4535_CTGCGGACAAGTTGTC"
"boot_1003_00813","CID4535","Cancer Epithelial","CID4535_GCTTCCAAGATCTGCT"
"boot_1003_00814","CID4535","Cancer Epithelial","CID4535_TGGCTGGTCTCCTATA"
"boot_1003_00815","CID4535","Cancer Epithelial","CID4535_CTAGTGAAGGTAGCTG"
"boot_1003_00816","CID4535","Cancer Epithelial","CID4535_GCGCAGTAGTCACGCC"
"boot_1003_00817","CID4535","Cancer Epithelial","CID4535_AACTCCCCATTCGACA"
"boot_1003_00818","CID4535","Cancer Epithelial","CID4535_ACTTACTTCACCAGGC"
"boot_1003_00819","CID4535","Cancer Epithelial","CID4535_CATATGGAGGGTTCCC"
"boot_1003_00820","CID4535","Cancer Epithelial","CID4535_CAGCAGCGTCAGATAA"
"boot_1003_00821","CID4535","Cancer Epithelial","CID4535_AGTCTTTCACAAGACG"
"boot_1003_00822","CID4535","Cancer Epithelial","CID4535_GCTGCAGCAATTCCTT"
"boot_1003_00823","CID4535","Cancer Epithelial","CID4535_GCGCGATCATAAAGGT"
"boot_1003_00824","CID4535","Cancer Epithelial","CID4535_CGCTATCTCCACTGGG"
"boot_1003_00825","CID4535","Cancer Epithelial","CID4535_CTGTTTAAGTGTCCCG"
"boot_1003_00826","CID4535","Cancer Epithelial","CID4535_ACTTGTTAGAGGTTGC"
"boot_1003_00827","CID4535","Cancer Epithelial","CID4535_GGAGCAATCAAGATCC"
"boot_1003_00828","CID4535","Cancer Epithelial","CID4535_CAGAGAGGTAGAGGAA"
"boot_1003_00829","CID4535","Cancer Epithelial","CID4535_AACTGGTTCAAGAAGT"
"boot_1003_00830","CID4535","Cancer Epithelial","CID4535_CCACGGAAGTCCGGTC"
"boot_1003_00831","CID4535","Cancer Epithelial","CID4535_CAGCTAACAAGAGGCT"
"boot_1003_00832","CID4535","Cancer Epithelial","CID4535_CAGCGACTCCACTGGG"
"boot_1003_00833","CID4535","Cancer Epithelial","CID4535_CCTCTGAAGCAAATCA"
"boot_1003_00834","CID4535","Cancer Epithelial","CID4535_ATAACGCCAGCTGTGC"
"boot_1003_00835","CID4535","Cancer Epithelial","CID4535_CACACCTCAATCTGCA"
"boot_1003_00836","CID4535","Cancer Epithelial","CID4535_CAGCAGCGTCAGATAA"
"boot_1003_00837","CID4535","Cancer Epithelial","CID4535_GGGAATGGTCAAAGCG"
"boot_1003_00838","CID4535","Cancer Epithelial","CID4535_CTCCTAGTCATGCATG"
"boot_1003_00839","CID4535","Cancer Epithelial","CID4535_TAAGAGAAGGCATGGT"
"boot_1003_00840","CID4535","Cancer Epithelial","CID4535_CTTACCGGTCTCTTAT"
"boot_1003_00841","CID4535","Cancer Epithelial","CID4535_CTGTGCTTCGTAGGTT"
"boot_1003_00842","CID4535","Cancer Epithelial","CID4535_CTGATAGAGCGTTGCC"
"boot_1003_00843","CID4535","Cancer Epithelial","CID4535_CCAGCGAAGGAACTGC"
"boot_1003_00844","CID4535","Cancer Epithelial","CID4535_CACACAAAGCGCCTCA"
"boot_1003_00845","CID4535","Cancer Epithelial","CID4535_GCTCTGTCAGGACGTA"
"boot_1003_00846","CID4535","Cancer Epithelial","CID4535_TCAGGTACATATGAGA"
"boot_1003_00847","CID4535","Cancer Epithelial","CID4535_TTGTAGGAGCAGATCG"
"boot_1003_00848","CID4535","Cancer Epithelial","CID4535_CTTAACTGTAAACCTC"
"boot_1003_00849","CID4535","Cancer Epithelial","CID4535_CTTCTCTGTCAGAATA"
"boot_1003_00850","CID4535","Cancer Epithelial","CID4535_GTGCTTCGTCTAGCGC"
"boot_1003_00851","CID4535","Cancer Epithelial","CID4535_CGGGTCAGTATTACCG"
"boot_1003_00852","CID4535","Cancer Epithelial","CID4535_AATCCAGCAAGCGTAG"
"boot_1003_00853","CID4535","Cancer Epithelial","CID4535_CCTACCACACCACCAG"
"boot_1003_00854","CID4535","Cancer Epithelial","CID4535_AACTTTCTCTACCAGA"
"boot_1003_00855","CID4535","Cancer Epithelial","CID4535_AGCGGTCCAGACGCTC"
"boot_1003_00856","CID4535","Cancer Epithelial","CID4535_CCTCTGAGTAATCGTC"
"boot_1003_00857","CID4535","Cancer Epithelial","CID4535_ACGTCAAGTAAAGGAG"
"boot_1003_00858","CID4535","Cancer Epithelial","CID4535_AGGGTGATCTGCCAGG"
"boot_1003_00859","CID4535","Cancer Epithelial","CID4535_TGTATTCCATCACGAT"
"boot_1003_00860","CID4535","Cancer Epithelial","CID4535_ACACTGAAGGTGTGGT"
"boot_1003_00861","CID4535","Cancer Epithelial","CID4535_CATATGGGTAGAAAGG"
"boot_1003_00862","CID4535","Cancer Epithelial","CID4535_ACGGCCAGTAAGTTCC"
"boot_1003_00863","CID4535","Cancer Epithelial","CID4535_CTCACACTCCCTTGTG"
"boot_1003_00864","CID4535","Cancer Epithelial","CID4535_TAGGCATAGTTACGGG"
"boot_1003_00865","CID4535","Cancer Epithelial","CID4535_GCTCCTAAGTTTCCTT"
"boot_1003_00866","CID4535","Cancer Epithelial","CID4535_ACCGTAACAGCTCGAC"
"boot_1003_00867","CID4535","Cancer Epithelial","CID4535_CCATTCGTCACAGTAC"
"boot_1003_00868","CID4535","Cancer Epithelial","CID4535_CTACATTGTCTGGTCG"
"boot_1003_00869","CID4535","Cancer Epithelial","CID4535_GCACTCTCAGTCACTA"
"boot_1003_00870","CID4535","Cancer Epithelial","CID4535_TAGTGGTGTCATGCAT"
"boot_1003_00871","CID4535","Cancer Epithelial","CID4535_CCCAATCAGACTTGAA"
"boot_1003_00872","CID4535","Cancer Epithelial","CID4535_CCGTGGATCACCGTAA"
"boot_1003_00873","CID4535","Cancer Epithelial","CID4535_TGAAAGAGTTGTCGCG"
"boot_1003_00874","CID4535","Cancer Epithelial","CID4535_CGGAGCTAGCTAACAA"
"boot_1003_00875","CID4535","Cancer Epithelial","CID4535_GACTAACGTACCAGTT"
"boot_1003_00876","CID4535","Cancer Epithelial","CID4535_TGGACGCTCTGGGCCA"
"boot_1003_00877","CID4535","Cancer Epithelial","CID4535_TCAGCAAGTAACGACG"
"boot_1003_00878","CID4535","Cancer Epithelial","CID4535_TGGACGCCACATTAGC"
"boot_1003_00879","CID4535","Cancer Epithelial","CID4535_TGTCCCATCACATAGC"
"boot_1003_00880","CID4535","Cancer Epithelial","CID4535_CTGATAGCACCTATCC"
"boot_1003_00881","CID4535","Cancer Epithelial","CID4535_AACACGTCAGCCTGTG"
"boot_1003_00882","CID4535","Cancer Epithelial","CID4535_ACGATACTCCCTCTTT"
"boot_1003_00883","CID4535","Cancer Epithelial","CID4535_GTCATTTCAATACGCT"
"boot_1003_00884","CID4535","Cancer Epithelial","CID4535_GCGCAACCATGTAGTC"
"boot_1003_00885","CID4535","Cancer Epithelial","CID4535_GACGGCTGTCCATCCT"
"boot_1003_00886","CID4535","Cancer Epithelial","CID4535_GTTTCTAGTCATACTG"
"boot_1003_00887","CID4535","Cancer Epithelial","CID4535_AACTCCCGTCTTGTCC"
"boot_1003_00888","CID4535","Cancer Epithelial","CID4535_ATGGGAGGTGCACGAA"
"boot_1003_00889","CID4535","Cancer Epithelial","CID4535_TACTTGTTCCAAATGC"
"boot_1003_00890","CID4535","Cancer Epithelial","CID4535_CCATTCGAGACCCACC"
"boot_1003_00891","CID4535","Cancer Epithelial","CID4535_ATTGGACTCCTTTACA"
"boot_1003_00892","CID4535","Cancer Epithelial","CID4535_CGCGGTATCACCACCT"
"boot_1003_00893","CID4535","Cancer Epithelial","CID4535_GGTGTTAGTTCGGCAC"
"boot_1003_00894","CID4535","Cancer Epithelial","CID4535_CAGCTAACACATTCGA"
"boot_1003_00895","CID4535","Cancer Epithelial","CID4535_GACTGCGTCACTTACT"
"boot_1003_00896","CID4535","Cancer Epithelial","CID4535_CAGGTGCAGTCTTGCA"
"boot_1003_00897","CID4535","Cancer Epithelial","CID4535_TATCAGGCAGCCACCA"
"boot_1003_00898","CID4535","Cancer Epithelial","CID4535_GAATGAAGTAAGTGGC"
"boot_1003_00899","CID4535","Cancer Epithelial","CID4535_GCAATCAGTGCTAGCC"
"boot_1003_00900","CID4535","Cancer Epithelial","CID4535_CGTTGGGTCCGAACGC"
"boot_1003_00901","CID4535","Cancer Epithelial","CID4535_AGCATACAGGCCGAAT"
"boot_1003_00902","CID4535","Cancer Epithelial","CID4535_GACACGCCACATGACT"
"boot_1003_00903","CID4535","Cancer Epithelial","CID4535_AGTGTCAAGCTAGTTC"
"boot_1003_00904","CID4535","Cancer Epithelial","CID4535_CGAGAAGCATTATCTC"
"boot_1003_00905","CID4535","Cancer Epithelial","CID4535_CGTTGGGTCCGAACGC"
"boot_1003_00906","CID4535","Cancer Epithelial","CID4535_AGCATACGTGCCTGGT"
"boot_1003_00907","CID4535","Cancer Epithelial","CID4535_ACTGAGTGTGTGTGCC"
"boot_1003_00908","CID4535","Cancer Epithelial","CID4535_TCGTAGAGTAGCTCCG"
"boot_1003_00909","CID4535","Cancer Epithelial","CID4535_AATCCAGTCGTAGGAG"
"boot_1003_00910","CID4535","Cancer Epithelial","CID4535_AACTCCCCAGCTATTG"
"boot_1003_00911","CID4535","Cancer Epithelial","CID4535_CGCTTCATCCAGAAGG"
"boot_1003_00912","CID4535","Cancer Epithelial","CID4535_TGCTACCCACTTAACG"
"boot_1003_00913","CID4535","Cancer Epithelial","CID4535_GTTCGGGCACATGGGA"
"boot_1003_00914","CID4535","Cancer Epithelial","CID4535_TTAGGACCACATGGGA"
"boot_1003_00915","CID4535","Cancer Epithelial","CID4535_TCGCGAGGTTGTACAC"
"boot_1003_00916","CID4535","Cancer Epithelial","CID4535_GCTGCGAGTATTCTCT"
"boot_1003_00917","CID4535","Cancer Epithelial","CID4535_CCTTTCTAGGATTCGG"
"boot_1003_00918","CID4535","Cancer Epithelial","CID4535_CGTGTAAAGTCGAGTG"
"boot_1003_00919","CID4535","Cancer Epithelial","CID4535_TTGCGTCTCGATGAGG"
"boot_1003_00920","CID4535","Cancer Epithelial","CID4535_AGCTCCTCAAGCCGCT"
"boot_1003_00921","CID4535","Cancer Epithelial","CID4535_CACACAAAGCGCCTCA"
"boot_1003_00922","CID4535","Cancer Epithelial","CID4535_CCTTCCCAGTGATCGG"
"boot_1003_00923","CID4535","Cancer Epithelial","CID4535_GACAGAGTCCACGTTC"
"boot_1003_00924","CID4535","Cancer Epithelial","CID4535_GAACCTAGTAAATACG"
"boot_1003_00925","CID4535","Cancer Epithelial","CID4535_GTATCTTAGCGATTCT"
"boot_1003_00926","CID4535","Cancer Epithelial","CID4535_CTGTTTAAGTTTGCGT"
"boot_1003_00927","CID4535","Cancer Epithelial","CID4535_TCCACACAGGCAATTA"
"boot_1003_00928","CID4535","Cancer Epithelial","CID4535_CTGATAGCATAGTAAG"
"boot_1003_00929","CID4535","Cancer Epithelial","CID4535_TGTTCCGGTTAGGGTG"
"boot_1003_00930","CID4535","Cancer Epithelial","CID4535_CAGCTAACACATTCGA"
"boot_1003_00931","CID4535","Cancer Epithelial","CID4535_ACTGATGCAAGAAGAG"
"boot_1003_00932","CID4535","Cancer Epithelial","CID4535_GCTCCTAAGTTTCCTT"
"boot_1003_00933","CID4535","Cancer Epithelial","CID4535_CACATAGAGTCCAGGA"
"boot_1003_00934","CID4535","Cancer Epithelial","CID4535_AAGTCTGGTACAAGTA"
"boot_1003_00935","CID4535","Cancer Epithelial","CID4535_AAACCTGTCCCAACGG"
"boot_1003_00936","CID4535","Cancer Epithelial","CID4535_ATAGACCCATGCTGGC"
"boot_1003_00937","CID4535","Cancer Epithelial","CID4535_CTCGGAGCATTGGTAC"
"boot_1003_00938","CID4535","Cancer Epithelial","CID4535_TACTTGTAGTATCGAA"
"boot_1003_00939","CID4535","Cancer Epithelial","CID4535_GTCTTCGGTCCAACTA"
"boot_1003_00940","CID4535","Cancer Epithelial","CID4535_GTGCGGTCATCTATGG"
"boot_1003_00941","CID4535","Cancer Epithelial","CID4535_TCAGGATTCCACTGGG"
"boot_1003_00942","CID4535","Cancer Epithelial","CID4535_TGAAAGACATTGCGGC"
"boot_1003_00943","CID4535","Cancer Epithelial","CID4535_CTGTGCTTCGTAGGTT"
"boot_1003_00944","CID4535","Cancer Epithelial","CID4535_ATTGGTGAGAGTAATC"
"boot_1003_00945","CID4535","Cancer Epithelial","CID4535_CTACACCTCCTTTCGG"
"boot_1003_00946","CID4535","Cancer Epithelial","CID4535_ATAAGAGCAGGGTTAG"
"boot_1003_00947","CID4535","Cancer Epithelial","CID4535_TATCTCACAGTCACTA"
"boot_1003_00948","CID4535","Cancer Epithelial","CID4535_CGCGTTTTCTGAGTGT"
"boot_1003_00949","CID4535","Cancer Epithelial","CID4535_GGCAATTTCGTTTAGG"
"boot_1003_00950","CID4535","Cancer Epithelial","CID4535_AGCTCTCAGCCACGCT"
"boot_1003_00951","CID4535","Cancer Epithelial","CID4535_CATTATCTCATAAAGG"
"boot_1003_00952","CID4535","Cancer Epithelial","CID4535_TATGCCCCATGGAATA"
"boot_1003_00953","CID4535","Cancer Epithelial","CID4535_GGGCACTGTAGCGTGA"
"boot_1003_00954","CID4535","Cancer Epithelial","CID4535_AGCATACGTGCCTGGT"
"boot_1003_00955","CID4535","Cancer Epithelial","CID4535_ATGAGGGGTATCAGTC"
"boot_1003_00956","CID4535","Cancer Epithelial","CID4535_CGGACGTAGCGGCTTC"
"boot_1003_00957","CID4535","Cancer Epithelial","CID4535_GACGTGCAGCGTAGTG"
"boot_1003_00958","CID4535","Cancer Epithelial","CID4535_GAATAAGCAGGATCGA"
"boot_1003_00959","CID4535","Cancer Epithelial","CID4535_CTACGTCCAAACGCGA"
"boot_1003_00960","CID4535","Cancer Epithelial","CID4535_TGAGGGAAGTTTGCGT"
"boot_1003_00961","CID4535","Cancer Epithelial","CID4535_ACAGCTATCCAAACTG"
"boot_1003_00962","CID4535","Cancer Epithelial","CID4535_ATTGGTGGTTACCAGT"
"boot_1003_00963","CID4535","Cancer Epithelial","CID4535_GAAATGAGTGATGCCC"
"boot_1003_00964","CID4535","Cancer Epithelial","CID4535_GCAAACTAGATCACGG"
"boot_1003_00965","CID4535","Cancer Epithelial","CID4535_GGACATTCAATGGAGC"
"boot_1003_00966","CID4535","Cancer Epithelial","CID4535_AGCGTATCAGCGTTCG"
"boot_1003_00967","CID4535","Cancer Epithelial","CID4535_GTTAAGCGTCGGCATC"
"boot_1003_00968","CID4535","Cancer Epithelial","CID4535_ACCCACTCACCGATAT"
"boot_1003_00969","CID4535","Cancer Epithelial","CID4535_ACGGGTCGTTTAAGCC"
"boot_1003_00970","CID4535","Cancer Epithelial","CID4535_GAACCTACACCCTATC"
"boot_1003_00971","CID4535","Cancer Epithelial","CID4535_AGCGTATGTAGCTGCC"
"boot_1003_00972","CID4535","Cancer Epithelial","CID4535_TCTCATACACGAGAGT"
"boot_1003_00973","CID4535","Cancer Epithelial","CID4535_TGCGGGTGTAGGCTGA"
"boot_1003_00974","CID4535","Cancer Epithelial","CID4535_CGGAGCTTCTTTCCTC"
"boot_1003_00975","CID4535","Cancer Epithelial","CID4535_TGGGAAGCAGTACACT"
"boot_1003_00976","CID4535","Cancer Epithelial","CID4535_CAGCATAAGACGCAAC"
"boot_1003_00977","CID4535","Cancer Epithelial","CID4535_TAGTGGTGTCATGCAT"
"boot_1003_00978","CID4535","Cancer Epithelial","CID4535_CATATTCAGCCCGAAA"
"boot_1003_00979","CID4535","Cancer Epithelial","CID4535_TTGGCAAAGCTAGGCA"
"boot_1003_00980","CID4535","Cancer Epithelial","CID4535_CACCAGGAGACAATAC"
"boot_1003_00981","CID4535","Cancer Epithelial","CID4535_TTTCCTCTCTCAACTT"
"boot_1003_00982","CID4535","Cancer Epithelial","CID4535_CGACTTCCATTCGACA"
"boot_1003_00983","CID4535","Cancer Epithelial","CID4535_ACTGTCCCACAGACTT"
"boot_1003_00984","CID4535","Cancer Epithelial","CID4535_CCAGCGAGTATATGAG"
"boot_1003_00985","CID4535","Cancer Epithelial","CID4535_GCGCAGTAGTCACGCC"
"boot_1003_00986","CID4535","Cancer Epithelial","CID4535_GGGACCTCACCCATGG"
"boot_1003_00987","CID4535","Cancer Epithelial","CID4535_ACTGCTCCATTCGACA"
"boot_1003_00988","CID4535","Cancer Epithelial","CID4535_CTCATTACATGTTGAC"
"boot_1003_00989","CID4535","Cancer Epithelial","CID4535_ATTGGACCAATGGACG"
"boot_1003_00990","CID4535","Cancer Epithelial","CID4535_TCGAGGCAGAGTACCG"
"boot_1003_00991","CID4535","Cancer Epithelial","CID4535_CTCTGGTCATCCCACT"
"boot_1003_00992","CID4535","Cancer Epithelial","CID4535_CTGCTGTCATCATCCC"
"boot_1003_00993","CID4535","Cancer Epithelial","CID4535_ATTATCCTCCATGCTC"
"boot_1003_00994","CID4535","Cancer Epithelial","CID4535_GAATAAGCAGGATCGA"
"boot_1003_00995","CID4535","Cancer Epithelial","CID4535_TGGACGCCACATTAGC"
"boot_1003_00996","CID4535","Cancer Epithelial","CID4535_GAACCTACAGTACACT"
"boot_1003_00997","CID4535","Cancer Epithelial","CID4535_AGGTCCGGTAGAAGGA"
"boot_1003_00998","CID4535","Cancer Epithelial","CID4535_GTTCTCGGTCTCCATC"
"boot_1003_00999","CID4535","Cancer Epithelial","CID4535_GCATGATAGACACGAC"
"boot_1003_01000","CID4535","Cancer Epithelial","CID4535_GCATGTATCACCGGGT"
"boot_1003_01001","CID4535","Cancer Epithelial","CID4535_CACACAAGTACCGCTG"
"boot_1003_01002","CID4535","Cancer Epithelial","CID4535_GGCGACTGTTGGTAAA"
"boot_1003_01003","CID4535","Cancer Epithelial","CID4535_ATAAGAGGTGTGAAAT"
"boot_1003_01004","CID4535","Cancer Epithelial","CID4535_TGGGCGTCATCCAACA"
"boot_1003_01005","CID4535","Cancer Epithelial","CID4535_ACGCCAGGTCGAGTTT"
"boot_1003_01006","CID4535","Cancer Epithelial","CID4535_GGCCGATCAGATCCAT"
"boot_1003_01007","CID4535","Cancer Epithelial","CID4535_CGCCAAGAGGTAGCCA"
"boot_1003_01008","CID4535","Cancer Epithelial","CID4535_TTGGCAACAAACGCGA"
"boot_1003_01009","CID4535","Cancer Epithelial","CID4535_CATATTCTCAGCATGT"
"boot_1003_01010","CID4535","Cancer Epithelial","CID4535_GTATCTTAGCGATTCT"
"boot_1003_01011","CID4535","Cancer Epithelial","CID4535_TCGGGACTCGCGCCAA"
"boot_1003_01012","CID4535","Cancer Epithelial","CID4535_TTTCCTCAGGTGCTAG"
"boot_1003_01013","CID4535","Cancer Epithelial","CID4535_GCTGCGAAGATCTGAA"
"boot_1003_01014","CID4535","Cancer Epithelial","CID4535_GACTGCGCATGGTCTA"
"boot_1003_01015","CID4535","Cancer Epithelial","CID4535_TTGCGTCCAGATCCAT"
"boot_1003_01016","CID4535","Cancer Epithelial","CID4535_CTCATTAAGCAGATCG"
"boot_1003_01017","CID4535","Cancer Epithelial","CID4535_CAGCCGACATGATCCA"
"boot_1003_01018","CID4535","Cancer Epithelial","CID4535_CTTTGCGCATGTCGAT"
"boot_1003_01019","CID4535","Cancer Epithelial","CID4535_TCATTTGCAGGACGTA"
"boot_1003_01020","CID4535","Cancer Epithelial","CID4535_CGCCAAGCACTGAAGG"
"boot_1003_01021","CID4535","Cancer Epithelial","CID4535_ACTTACTTCATTTGGG"
"boot_1003_01022","CID4535","Cancer Epithelial","CID4535_TGGGCGTTCGTCCAGG"
"boot_1003_01023","CID4535","Cancer Epithelial","CID4535_ATGAGGGCATCACGTA"
"boot_1003_01024","CID4535","Cancer Epithelial","CID4535_TACTCATTCATGTAGC"
"boot_1003_01025","CID4535","Cancer Epithelial","CID4535_TCGAGGCAGAACAATC"
"boot_1003_01026","CID4535","Cancer Epithelial","CID4535_ATTTCTGAGCTCAACT"
"boot_1003_01027","CID4535","Cancer Epithelial","CID4535_CGTCCATGTGTTTGGT"
"boot_1003_01028","CID4535","Cancer Epithelial","CID4535_AGGCCACTCGAGCCCA"
"boot_1003_01029","CID4535","Cancer Epithelial","CID4535_GGGTTGCTCCGATATG"
"boot_1003_01030","CID4535","Cancer Epithelial","CID4535_TACACGAGTCATATGC"
"boot_1003_01031","CID4535","Cancer Epithelial","CID4535_TTCCCAGAGTTTCCTT"
"boot_1003_01032","CID4535","Cancer Epithelial","CID4535_AACCGCGTCTTCTGGC"
"boot_1003_01033","CID4535","Cancer Epithelial","CID4535_ACAGCCGTCTGTCCGT"
"boot_1003_01034","CID4535","Cancer Epithelial","CID4535_CACACCTGTAGCGTCC"
"boot_1003_01035","CID4535","Cancer Epithelial","CID4535_TATCAGGCAGCCACCA"
"boot_1003_01036","CID4535","Cancer Epithelial","CID4535_CTGCTGTGTATGCTTG"
"boot_1003_01037","CID4535","Cancer Epithelial","CID4535_CAGCGACAGCCAGTAG"
"boot_1003_01038","CID4535","Cancer Epithelial","CID4535_GAGCAGACACTAGTAC"
"boot_1003_01039","CID4535","Cancer Epithelial","CID4535_AACTGGTTCCGTCATC"
"boot_1003_01040","CID4535","Cancer Epithelial","CID4535_GGGCACTCAACGATCT"
"boot_1003_01041","CID4535","Cancer Epithelial","CID4535_GCGACCAGTAGGCATG"
"boot_1003_01042","CID4535","Cancer Epithelial","CID4535_ATGCGATGTATCTGCA"
"boot_1003_01043","CID4535","Cancer Epithelial","CID4535_TCTTCGGAGGCATGTG"
"boot_1003_01044","CID4535","Cancer Epithelial","CID4535_TCCACACAGAGAACAG"
"boot_1003_01045","CID4535","Cancer Epithelial","CID4535_CCTTTCTGTAGCCTCG"
"boot_1003_01046","CID4535","Cancer Epithelial","CID4535_TACGGATAGCTTATCG"
"boot_1003_01047","CID4535","Cancer Epithelial","CID4535_TCTCTAACATGGTCAT"
"boot_1003_01048","CID4535","Cancer Epithelial","CID4535_AGGGAGTCATATACGC"
"boot_1003_01049","CID4535","Cancer Epithelial","CID4535_GCGCAGTCATCCTAGA"
"boot_1003_01050","CID4535","Cancer Epithelial","CID4535_TACTCGCTCACGGTTA"
"boot_1003_01051","CID4535","Cancer Epithelial","CID4535_AAACCTGCAGCCTGTG"
"boot_1003_01052","CID4535","Cancer Epithelial","CID4535_CGAACATTCGGTTAAC"
"boot_1003_01053","CID4535","Cancer Epithelial","CID4535_TCGCGTTTCGACAGCC"
"boot_1003_01054","CID4535","Cancer Epithelial","CID4535_GCAATCACACGACGAA"
"boot_1003_01055","CID4535","Cancer Epithelial","CID4535_CGTTCTGCAGCATACT"
"boot_1003_01056","CID4535","Cancer Epithelial","CID4535_TCAGCAAAGAAACCGC"
"boot_1003_01057","CID4535","Cancer Epithelial","CID4535_AACACGTAGAGTAAGG"
"boot_1003_01058","CID4535","Cancer Epithelial","CID4535_CGGGTCAAGTCTCAAC"
"boot_1003_01059","CID4535","Cancer Epithelial","CID4535_CTCTAATCAGCCAATT"
"boot_1003_01060","CID4535","Cancer Epithelial","CID4535_ACGCCAGGTCGAGTTT"
"boot_1003_01061","CID4535","Cancer Epithelial","CID4535_ACGCAGCGTGATGATA"
"boot_1003_01062","CID4535","Cancer Epithelial","CID4535_AAGGCAGGTGATGCCC"
"boot_1003_01063","CID4535","Cancer Epithelial","CID4535_AGGTCATTCGCCAAAT"
"boot_1003_01064","CID4535","Cancer Epithelial","CID4535_TTTCCTCTCTCAACTT"
"boot_1003_01065","CID4535","Cancer Epithelial","CID4535_AGAGCGATCGAATGGG"
"boot_1003_01066","CID4535","Cancer Epithelial","CID4535_TGCCAAACATATGAGA"
"boot_1003_01067","CID4535","Cancer Epithelial","CID4535_TCAACGACACCCATGG"
"boot_1003_01068","CID4535","Cancer Epithelial","CID4535_ACATACGTCATAGCAC"
"boot_1003_01069","CID4535","Cancer Epithelial","CID4535_TGTCCCACATGTCTCC"
"boot_1003_01070","CID4535","Cancer Epithelial","CID4535_AACCGCGGTGTTCGAT"
"boot_1003_01071","CID4535","Cancer Epithelial","CID4535_CCACCTAGTGACAAAT"
"boot_1003_01072","CID4535","Cancer Epithelial","CID4535_CAAGAAAAGCGATATA"
"boot_1003_01073","CID4535","Cancer Epithelial","CID4535_CGTTCTGAGACCTTTG"
"boot_1003_01074","CID4535","Cancer Epithelial","CID4535_TCGAGGCTCGTTTATC"
"boot_1003_01075","CID4535","Cancer Epithelial","CID4535_GCGACCAAGCAATATG"
"boot_1003_01076","CID4535","Cancer Epithelial","CID4535_ACATGGTCAGACGCAA"
"boot_1003_01077","CID4535","Cancer Epithelial","CID4535_AAGTCTGAGATGCCAG"
"boot_1003_01078","CID4535","Cancer Epithelial","CID4535_CTAACTTGTCCCGACA"
"boot_1003_01079","CID4535","Cancer Epithelial","CID4535_TCTTTCCCACTATCTT"
"boot_1003_01080","CID4535","Cancer Epithelial","CID4535_ACGATACTCCCTCTTT"
"boot_1003_01081","CID4535","Cancer Epithelial","CID4535_CTCAGAATCCCGGATG"
"boot_1003_01082","CID4535","Cancer Epithelial","CID4535_ACATGGTGTCCGTTAA"
"boot_1003_01083","CID4535","Cancer Epithelial","CID4535_CTGCGGACATGACGGA"
"boot_1003_01084","CID4535","Cancer Epithelial","CID4535_CCCTCCTGTGCTGTAT"
"boot_1003_01085","CID4535","Cancer Epithelial","CID4535_AGAGCGAGTGTTTGTG"
"boot_1003_01086","CID4535","Cancer Epithelial","CID4535_ACTGATGCAGATGGCA"
"boot_1003_01087","CID4535","Cancer Epithelial","CID4535_GCAAACTGTATTACCG"
"boot_1003_01088","CID4535","Cancer Epithelial","CID4535_CACACCTGTAAATACG"
"boot_1003_01089","CID4535","Cancer Epithelial","CID4535_GAACGGATCTCCTATA"
"boot_1003_01090","CID4535","Cancer Epithelial","CID4535_TGGCGCAAGACAAGCC"
"boot_1003_01091","CID4535","Cancer Epithelial","CID4535_AGCATACAGGCCGAAT"
"boot_1003_01092","CID4535","Cancer Epithelial","CID4535_ATCCACCCAGATGGCA"
"boot_1003_01093","CID4535","Cancer Epithelial","CID4535_TTGTAGGGTCATATCG"
"boot_1003_01094","CID4535","Cancer Epithelial","CID4535_CGTCTACCAGTAAGCG"
"boot_1003_01095","CID4535","Cancer Epithelial","CID4535_CCATTCGGTGAGGGTT"
"boot_1003_01096","CID4535","Cancer Epithelial","CID4535_TGTCCCACATACGCTA"
"boot_1003_01097","CID4535","Cancer Epithelial","CID4535_CGCTATCTCCACTGGG"
"boot_1003_01098","CID4535","Cancer Epithelial","CID4535_AGAGCTTGTTTGGGCC"
"boot_1003_01099","CID4535","Cancer Epithelial","CID4535_CAGCAGCCAGGGAGAG"
"boot_1003_01100","CID4535","Cancer Epithelial","CID4535_CATCGAAAGCCACCTG"
"boot_1003_01101","CID4535","Cancer Epithelial","CID4535_TGAAAGATCGGCATCG"
"boot_1003_01102","CID4535","Cancer Epithelial","CID4535_TATCAGGGTCGCTTCT"
"boot_1003_01103","CID4535","Cancer Epithelial","CID4535_AGAGCGATCGAATGGG"
"boot_1003_01104","CID4535","Cancer Epithelial","CID4535_CGAGAAGAGGGCTTCC"
"boot_1003_01105","CID4535","Cancer Epithelial","CID4535_CGTGTCTCAGCGAACA"
"boot_1003_01106","CID4535","Cancer Epithelial","CID4535_CGCTATCCAGGTGGAT"
"boot_1003_01107","CID4535","Cancer Epithelial","CID4535_ATGAGGGCATTCGACA"
"boot_1003_01108","CID4535","Cancer Epithelial","CID4535_GTATTCTTCTCACATT"
"boot_1003_01109","CID4535","Cancer Epithelial","CID4535_GGGAGATTCACAGTAC"
"boot_1003_01110","CID4535","Cancer Epithelial","CID4535_TGCGCAGTCTAACTCT"
"boot_1003_01111","CID4535","Cancer Epithelial","CID4535_CCGGTAGGTTAAAGTG"
"boot_1003_01112","CID4535","Cancer Epithelial","CID4535_CACAGGCTCAACACGT"
"boot_1003_01113","CID4535","Cancer Epithelial","CID4535_GACTACACACGAAAGC"
"boot_1003_01114","CID4535","Cancer Epithelial","CID4535_GCACTCTGTAATTGGA"
"boot_1003_01115","CID4535","Cancer Epithelial","CID4535_GCGACCAGTAGGCATG"
"boot_1003_01116","CID4535","Cancer Epithelial","CID4535_AGCTTGAAGCGTTGCC"
"boot_1003_01117","CID4535","Cancer Epithelial","CID4535_ACAGCTACACGGATAG"
"boot_1003_01118","CID4535","Cancer Epithelial","CID4535_CCAATCCAGGGAACGG"
"boot_1003_01119","CID4535","Cancer Epithelial","CID4535_CCGTGGATCTCGCTTG"
"boot_1003_01120","CID4535","Cancer Epithelial","CID4535_ACGTCAAGTAAAGGAG"
"boot_1003_01121","CID4535","Cancer Epithelial","CID4535_CAGTAACCACGAAACG"
"boot_1003_01122","CID4535","Cancer Epithelial","CID4535_GCCAAATTCACATAGC"
"boot_1003_01123","CID4535","Cancer Epithelial","CID4535_GCTTCCAAGATCTGCT"
"boot_1003_01124","CID4535","Cancer Epithelial","CID4535_GGAATAATCACCTTAT"
"boot_1003_01125","CID4535","Cancer Epithelial","CID4535_GTCATTTGTGAGGCTA"
"boot_1003_01126","CID4535","Cancer Epithelial","CID4535_AGAGCGAGTCGAATCT"
"boot_1003_01127","CID4535","Cancer Epithelial","CID4535_GGACAAGCATTAGCCA"
"boot_1003_01128","CID4535","Cancer Epithelial","CID4535_CGTTGGGTCGCCAAAT"
"boot_1003_01129","CID4535","Cancer Epithelial","CID4535_CACATAGGTCAAAGCG"
"boot_1003_01130","CID4535","Cancer Epithelial","CID4535_CACATTTAGAGCCCAA"
"boot_1003_01131","CID4535","Cancer Epithelial","CID4535_GCACTCTGTAATTGGA"
"boot_1003_01132","CID4535","Cancer Epithelial","CID4535_AGGGTGACACAGGAGT"
"boot_1003_01133","CID4535","Cancer Epithelial","CID4535_ATTATCCTCCGAGCCA"
"boot_1003_01134","CID4535","Cancer Epithelial","CID4535_GGCGTGTCAGCGTTCG"
"boot_1003_01135","CID4535","Cancer Epithelial","CID4535_ATAAGAGGTGTGAAAT"
"boot_1003_01136","CID4535","Cancer Epithelial","CID4535_TGCTGCTCACCCATGG"
"boot_1003_01137","CID4535","Cancer Epithelial","CID4535_TCTATTGCAAGCCATT"
"boot_1003_01138","CID4535","Cancer Epithelial","CID4535_TCGCGTTTCGACAGCC"
"boot_1003_01139","CID4535","Cancer Epithelial","CID4535_GTACGTACACATTAGC"
"boot_1003_01140","CID4535","Cancer Epithelial","CID4535_GACCTGGAGGGAACGG"
"boot_1003_01141","CID4535","Cancer Epithelial","CID4535_GTATCTTCACTTAAGC"
"boot_1003_01142","CID4535","Cancer Epithelial","CID4535_CAGGTGCAGTCTTGCA"
"boot_1003_01143","CID4535","Cancer Epithelial","CID4535_AGCATACGTGGCGAAT"
"boot_1003_01144","CID4535","Cancer Epithelial","CID4535_GCATGTATCACCGGGT"
"boot_1003_01145","CID4535","Cancer Epithelial","CID4535_TCGCGTTTCCGCATAA"
"boot_1003_01146","CID4535","Cancer Epithelial","CID4535_GGGATGACAGACAGGT"
"boot_1003_01147","CID4535","Cancer Epithelial","CID4535_GCAATCAAGCCGATTT"
"boot_1003_01148","CID4535","Cancer Epithelial","CID4535_CATATGGGTAGAAAGG"
"boot_1003_01149","CID4535","Cancer Epithelial","CID4535_TGTTCCGCATTCCTCG"
"boot_1003_01150","CID4535","Cancer Epithelial","CID4535_TACGGTAGTAAACACA"
"boot_1003_01151","CID4535","Cancer Epithelial","CID4535_GCATGTATCACCGGGT"
"boot_1003_01152","CID4535","Cancer Epithelial","CID4535_CTAGCCTCAGTAACGG"
"boot_1003_01153","CID4535","Cancer Epithelial","CID4535_CCTAGCTAGCACCGCT"
"boot_1003_01154","CID4535","Cancer Epithelial","CID4535_GAACATCCACATGGGA"
"boot_1003_01155","CID4535","Cancer Epithelial","CID4535_GTATCTTAGCGATTCT"
"boot_1003_01156","CID4535","Cancer Epithelial","CID4535_TTGACTTGTTCCGTCT"
"boot_1003_01157","CID4535","Cancer Epithelial","CID4535_GCAAACTGTATTACCG"
"boot_1003_01158","CID4535","Cancer Epithelial","CID4535_TCGGTAAGTTGGGACA"
"boot_1003_01159","CID4535","Cancer Epithelial","CID4535_ATGTGTGAGGAATTAC"
"boot_1003_01160","CID4535","Cancer Epithelial","CID4535_CTGTGCTAGAGGACGG"
"boot_1003_01161","CID4535","Cancer Epithelial","CID4535_CTTAACTGTTGCTCCT"
"boot_1003_01162","CID4535","Cancer Epithelial","CID4535_CCCATACGTAGCGTAG"
"boot_1003_01163","CID4535","Cancer Epithelial","CID4535_ACCGTAAAGGATCGCA"
"boot_1003_01164","CID4535","Cancer Epithelial","CID4535_GACGCGTCATCCTTGC"
"boot_1003_01165","CID4535","Cancer Epithelial","CID4535_AGACGTTGTCACCCAG"
"boot_1003_01166","CID4535","Cancer Epithelial","CID4535_GGATGTTTCTGCAAGT"
"boot_1003_01167","CID4535","Cancer Epithelial","CID4535_TGACTTTTCCAAGTAC"
"boot_1003_01168","CID4535","Cancer Epithelial","CID4535_CCTTTCTTCTTCCTTC"
"boot_1003_01169","CID4535","Cancer Epithelial","CID4535_ATTGGTGCAGTACACT"
"boot_1003_01170","CID4535","Cancer Epithelial","CID4535_CGCTGGAAGGCTCAGA"
"boot_1003_01171","CID4535","Cancer Epithelial","CID4535_GTGCGGTCATGCGCAC"
"boot_1003_01172","CID4535","Cancer Epithelial","CID4535_TGCCAAAAGTTCGCAT"
"boot_1003_01173","CID4535","Cancer Epithelial","CID4535_GCTGCGAGTATTCTCT"
"boot_1003_01174","CID4535","Cancer Epithelial","CID4535_GTGTTAGGTGTATGGG"
"boot_1003_01175","CID4535","Cancer Epithelial","CID4535_ACGAGCCGTTCTGGTA"
"boot_1003_01176","CID4535","Cancer Epithelial","CID4535_CCTAGCTGTCTCCACT"
"boot_1003_01177","CID4535","Cancer Epithelial","CID4535_GAGTCCGCAATAACGA"
"boot_1003_01178","CID4535","Cancer Epithelial","CID4535_TAGCCGGAGAGCCCAA"
"boot_1003_01179","CID4535","Cancer Epithelial","CID4535_GTAACGTCAATGAAAC"
"boot_1003_01180","CID4535","Cancer Epithelial","CID4535_TCGCGTTAGCGTGTCC"
"boot_1003_01181","CID4535","Cancer Epithelial","CID4535_CACCACTAGCGTAGTG"
"boot_1003_01182","CID4535","Cancer Epithelial","CID4535_TTTATGCCATTAACCG"
"boot_1003_01183","CID4535","Cancer Epithelial","CID4535_CCTAGCTGTGTTAAGA"
"boot_1003_01184","CID4535","Cancer Epithelial","CID4535_ATCATCTAGGGTCGAT"
"boot_1003_01185","CID4535","Cancer Epithelial","CID4535_CCGTGGATCACCGTAA"
"boot_1003_01186","CID4535","Cancer Epithelial","CID4535_AAACGGGTCACAACGT"
"boot_1003_01187","CID4535","Cancer Epithelial","CID4535_GAATGAATCTTCAACT"
"boot_1003_01188","CID4535","Cancer Epithelial","CID4535_ATCCACCCAAGGACAC"
"boot_1003_01189","CID4535","Cancer Epithelial","CID4535_ACAGCCGTCTGGTTCC"
"boot_1003_01190","CID4535","Cancer Epithelial","CID4535_GACACGCCACATGACT"
"boot_1003_01191","CID4535","Cancer Epithelial","CID4535_GATTCAGTCCTAGTGA"
"boot_1003_01192","CID4535","Cancer Epithelial","CID4535_GAAACTCAGTGCCAGA"
"boot_1003_01193","CID4535","Cancer Epithelial","CID4535_ACGTCAAGTAAAGGAG"
"boot_1003_01194","CID4535","Cancer Epithelial","CID4535_TGCTGCTAGTGCCATT"
"boot_1003_01195","CID4535","Cancer Epithelial","CID4535_GTAGGCCAGGTAGCTG"
"boot_1003_01196","CID4535","Cancer Epithelial","CID4535_TAAGCGTAGAAACGCC"
"boot_1003_01197","CID4535","Cancer Epithelial","CID4535_CCGGTAGTCACTATTC"
"boot_1003_01198","CID4535","Cancer Epithelial","CID4535_GAACCTACAGTACACT"
"boot_1003_01199","CID4535","Cancer Epithelial","CID4535_AGATCTGCAAAGAATC"
"boot_1003_01200","CID4535","Cancer Epithelial","CID4535_GTGAAGGGTGCGCTTG"
"boot_1003_01201","CID4535","Cancer Epithelial","CID4535_GGCTCGAGTTGAGGTG"
"boot_1003_01202","CID4535","Cancer Epithelial","CID4535_ACTGAGTGTAGAAGGA"
"boot_1003_01203","CID4535","Cancer Epithelial","CID4535_AGAGTGGCACGTTGGC"
"boot_1003_01204","CID4535","Cancer Epithelial","CID4535_CAAGGCCGTAAGCACG"
"boot_1003_01205","CID4535","Cancer Epithelial","CID4535_GGATGTTTCAAACCGT"
"boot_1003_01206","CID4535","Cancer Epithelial","CID4535_ACTTACTAGCAGGCTA"
"boot_1003_01207","CID4535","Cancer Epithelial","CID4535_TTGAACGCACGGTTTA"
"boot_1003_01208","CID4535","Cancer Epithelial","CID4535_CACACCTCAATCTGCA"
"boot_1003_01209","CID4535","Cancer Epithelial","CID4535_TTCTCCTCAATTGCTG"
"boot_1003_01210","CID4535","Cancer Epithelial","CID4535_CTCGTACGTTGGACCC"
"boot_1003_01211","CID4535","Cancer Epithelial","CID4535_GGACGTCCAAGTAGTA"
"boot_1003_01212","CID4535","Cancer Epithelial","CID4535_TTGAACGAGCATGGCA"
"boot_1003_01213","CID4535","Cancer Epithelial","CID4535_GTTCTCGGTCTCCATC"
"boot_1003_01214","CID4535","Cancer Epithelial","CID4535_CTCCTAGCAGGGTTAG"
"boot_1003_01215","CID4535","Cancer Epithelial","CID4535_CTTACCGTCTGCGTAA"
"boot_1003_01216","CID4535","Cancer Epithelial","CID4535_TACGGATAGATTACCC"
"boot_1003_01217","CID4535","Cancer Epithelial","CID4535_GCCTCTAGTAGTACCT"
"boot_1003_01218","CID4535","Cancer Epithelial","CID4535_TCAGATGAGGACAGAA"
"boot_1003_01219","CID4535","Cancer Epithelial","CID4535_TCGGGACAGCTGAAAT"
"boot_1003_01220","CID4535","Cancer Epithelial","CID4535_CCGTTCAGTCCATCCT"
"boot_1003_01221","CID4535","Cancer Epithelial","CID4535_ATGCGATGTAGGGTAC"
"boot_1003_01222","CID4535","Cancer Epithelial","CID4535_TTTCCTCCAATCCAAC"
"boot_1003_01223","CID4535","Cancer Epithelial","CID4535_CCCAATCGTTAAGATG"
"boot_1003_01224","CID4535","Cancer Epithelial","CID4535_GATTCAGGTTCGTTGA"
"boot_1003_01225","CID4535","Cancer Epithelial","CID4535_CACCTTGCAACACCCG"
"boot_1003_01226","CID4535","Cancer Epithelial","CID4535_ATCTGCCAGCGAGAAA"
"boot_1003_01227","CID4535","Cancer Epithelial","CID4535_GACACGCCACATGACT"
"boot_1003_01228","CID4535","Cancer Epithelial","CID4535_AACTCAGGTGCTTCTC"
"boot_1003_01229","CID4535","Cancer Epithelial","CID4535_AACGTTGCATTCGACA"
"boot_1003_01230","CID4535","Cancer Epithelial","CID4535_GGCGACTGTTGGTAAA"
"boot_1003_01231","CID4535","Cancer Epithelial","CID4535_TGCTGCTTCTGTGCAA"
"boot_1003_01232","CID4535","Cancer Epithelial","CID4535_TGTTCCGTCAACGGCC"
"boot_1003_01233","CID4535","Cancer Epithelial","CID4535_TGTGGTAAGCAGCCTC"
"boot_1003_01234","CID4535","Cancer Epithelial","CID4535_GCGGGTTTCATACGGT"
"boot_1003_01235","CID4535","Cancer Epithelial","CID4535_CATATTCGTGTTTGTG"
"boot_1003_01236","CID4535","Cancer Epithelial","CID4535_GCGACCAAGCGGCTTC"
"boot_1003_01237","CID4535","Cancer Epithelial","CID4535_CGACTTCTCAAACCAC"
"boot_1003_01238","CID4535","Cancer Epithelial","CID4535_ATAACGCCAATAGAGT"
"boot_1003_01239","CID4535","Cancer Epithelial","CID4535_AGTGGGAGTCTTCAAG"
"boot_1003_01240","CID4535","Cancer Epithelial","CID4535_TTGAACGTCGTTTATC"
"boot_1003_01241","CID4535","Cancer Epithelial","CID4535_AACTCTTAGCTACCTA"
"boot_1003_01242","CID4535","Cancer Epithelial","CID4535_ACCGTAACAGCTCGAC"
"boot_1003_01243","CID4535","Cancer Epithelial","CID4535_CGCCAAGCACTGAAGG"
"boot_1003_01244","CID4535","Cancer Epithelial","CID4535_CTGTGCTCATACGCTA"
"boot_1003_01245","CID4535","Cancer Epithelial","CID4535_TTCTTAGCACGGCGTT"
"boot_1003_01246","CID4535","Cancer Epithelial","CID4535_TGGGAAGGTAGGAGTC"
"boot_1003_01247","CID4535","Cancer Epithelial","CID4535_ATCTACTGTGCCTGTG"
"boot_1003_01248","CID4535","Cancer Epithelial","CID4535_GCGCAGTCAAAGTCAA"
"boot_1003_01249","CID4535","Cancer Epithelial","CID4535_GACAGAGTCACATACG"
"boot_1003_01250","CID4535","Cancer Epithelial","CID4535_TTCGGTCGTTGACGTT"
"boot_1003_01251","CID4535","Cancer Epithelial","CID4535_TCCACACAGGCAATTA"
"boot_1003_01252","CID4535","Cancer Epithelial","CID4535_CCTACCACAAGCTGTT"
"boot_1003_01253","CID4535","Cancer Epithelial","CID4535_CGAACATTCGCTTGTC"
"boot_1003_01254","CID4535","Cancer Epithelial","CID4535_CGCTGGAAGGCTCAGA"
"boot_1003_01255","CID4535","Cancer Epithelial","CID4535_TTAGGCAAGGACAGCT"
"boot_1003_01256","CID4535","Cancer Epithelial","CID4535_GTATTCTGTTCCACAA"
"boot_1003_01257","CID4535","Cancer Epithelial","CID4535_ATGTGTGCAAGGTTCT"
"boot_1003_01258","CID4535","Cancer Epithelial","CID4535_GAATAAGAGGATGTAT"
"boot_1003_01259","CID4535","Cancer Epithelial","CID4535_CACAAACCAGATTGCT"
"boot_1003_01260","CID4535","Cancer Epithelial","CID4535_CGAACATCACGGCTAC"
"boot_1003_01261","CID4535","Cancer Epithelial","CID4535_TAGTGGTGTCATGCAT"
"boot_1003_01262","CID4535","Cancer Epithelial","CID4535_TGCGGGTCAACTTGAC"
"boot_1003_01263","CID4535","Cancer Epithelial","CID4535_ATAGACCCAGATGGGT"
"boot_1003_01264","CID4535","Cancer Epithelial","CID4535_ACACTGACATGCCACG"
"boot_1003_01265","CID4535","Cancer Epithelial","CID4535_TGTGTTTGTAGAGCTG"
"boot_1003_01266","CID4535","Cancer Epithelial","CID4535_CATATGGCATCAGTCA"
"boot_1003_01267","CID4535","Cancer Epithelial","CID4535_ATGAGGGTCCTCGCAT"
"boot_1003_01268","CID4535","Cancer Epithelial","CID4535_GCTTCCACAAGCTGTT"
"boot_1003_01269","CID4535","Cancer Epithelial","CID4535_TACCTATTCCAGAAGG"
"boot_1003_01270","CID4535","Cancer Epithelial","CID4535_GCACATACAGGGTACA"
"boot_1003_01271","CID4535","Cancer Epithelial","CID4535_ATGCGATCAGCCAATT"
"boot_1003_01272","CID4535","Cancer Epithelial","CID4535_CGGCTAGCAGTTTACG"
"boot_1003_01273","CID4535","Cancer Epithelial","CID4535_CTAGTGAAGAGTACCG"
"boot_1003_01274","CID4535","Cancer Epithelial","CID4535_CTACGTCTCACAGGCC"
"boot_1003_01275","CID4535","Cancer Epithelial","CID4535_ACACTGAGTCGACTAT"
"boot_1003_01276","CID4535","Cancer Epithelial","CID4535_GTAGTCAAGCCCAATT"
"boot_1003_01277","CID4535","Cancer Epithelial","CID4535_TTGCGTCTCTCCTATA"
"boot_1003_01278","CID4535","Cancer Epithelial","CID4535_ACATGGTGTTGAACTC"
"boot_1003_01279","CID4535","Cancer Epithelial","CID4535_ACGCAGCGTGATGATA"
"boot_1003_01280","CID4535","Cancer Epithelial","CID4535_CTCAGAATCCCGGATG"
"boot_1003_01281","CID4535","Cancer Epithelial","CID4535_TCAGCTCGTTACCGAT"
"boot_1003_01282","CID4535","Cancer Epithelial","CID4535_ACCCACTAGGAGTTGC"
"boot_1003_01283","CID4535","Cancer Epithelial","CID4535_GGAATAAGTCTAAAGA"
"boot_1003_01284","CID4535","Cancer Epithelial","CID4535_GGTATTGTCTTCATGT"
"boot_1003_01285","CID4535","Cancer Epithelial","CID4535_CACAGGCCAGACAAAT"
"boot_1003_01286","CID4535","Cancer Epithelial","CID4535_TATCAGGCAGCCACCA"
"boot_1003_01287","CID4535","Cancer Epithelial","CID4535_CTGATAGTCATTTGGG"
"boot_1003_01288","CID4535","Cancer Epithelial","CID4535_AGGTCCGCAAGAAAGG"
"boot_1003_01289","CID4535","Cancer Epithelial","CID4535_AAGTCTGTCGGTGTCG"
"boot_1003_01290","CID4535","Cancer Epithelial","CID4535_GGGTTGCAGTTAGGTA"
"boot_1003_01291","CID4535","Cancer Epithelial","CID4535_AGCTCCTCAAGCCGCT"
"boot_1003_01292","CID4535","Cancer Epithelial","CID4535_GTGTTAGAGCGTGAGT"
"boot_1003_01293","CID4535","Cancer Epithelial","CID4535_CAGCATAAGAGGACGG"
"boot_1003_01294","CID4535","Cancer Epithelial","CID4535_ACCAGTATCATGCAAC"
"boot_1003_01295","CID4535","Cancer Epithelial","CID4535_GAGTCCGGTAAGAGGA"
"boot_1003_01296","CID4535","Cancer Epithelial","CID4535_ATTTCTGAGTGTACTC"
"boot_1003_01297","CID4535","Cancer Epithelial","CID4535_TACCTATCACATTAGC"
"boot_1003_01298","CID4535","Cancer Epithelial","CID4535_CACACCTGTAGCGTCC"
"boot_1003_01299","CID4535","Cancer Epithelial","CID4535_CCCATACAGGACCACA"
"boot_1003_01300","CID4535","Cancer Epithelial","CID4535_AGGGATGGTGATGATA"
"boot_1003_01301","CID4535","Cancer Epithelial","CID4535_GATGAGGGTTACCAGT"
"boot_1003_01302","CID4535","Cancer Epithelial","CID4535_CCAATCCAGAGCTATA"
"boot_1003_01303","CID4535","Cancer Epithelial","CID4535_TACTTACGTCAGAATA"
"boot_1003_01304","CID4535","Cancer Epithelial","CID4535_TCGAGGCTCTGGCGAC"
"boot_1003_01305","CID4535","Cancer Epithelial","CID4535_TTAACTCGTCGTTGTA"
"boot_1003_01306","CID4535","Cancer Epithelial","CID4535_CGTCACTGTCTCCCTA"
"boot_1003_01307","CID4535","Cancer Epithelial","CID4535_CGTGTAAAGGAGTACC"
"boot_1003_01308","CID4535","Cancer Epithelial","CID4535_CACATTTGTCGAATCT"
"boot_1003_01309","CID4535","Cancer Epithelial","CID4535_TTTGTCAGTAAGCACG"
"boot_1003_01310","CID4535","Cancer Epithelial","CID4535_GTGTTAGGTGTATGGG"
"boot_1003_01311","CID4535","Cancer Epithelial","CID4535_GTCCTCAAGTAGCGGT"
"boot_1003_01312","CID4535","Cancer Epithelial","CID4535_GCTGCTTTCTCTTATG"
"boot_1003_01313","CID4535","Cancer Epithelial","CID4535_GTCATTTCAATACGCT"
"boot_1003_01314","CID4535","Cancer Epithelial","CID4535_TAAACCGAGGGTGTTG"
"boot_1003_01315","CID4535","Cancer Epithelial","CID4535_CTTTGCGCAGTATGCT"
"boot_1003_01316","CID4535","Cancer Epithelial","CID4535_CGATGTATCTGCTTGC"
"boot_1003_01317","CID4535","Cancer Epithelial","CID4535_TACCTATTCACCACCT"
"boot_1003_01318","CID4535","Cancer Epithelial","CID4535_GCATGCGCAAACAACA"
"boot_1003_01319","CID4535","Cancer Epithelial","CID4535_ATCTGCCAGCCAACAG"
"boot_1003_01320","CID4535","Cancer Epithelial","CID4535_GACCAATAGAAACGAG"
"boot_1003_01321","CID4535","Cancer Epithelial","CID4535_TCGGGACTCTGCGGCA"
"boot_1003_01322","CID4535","Cancer Epithelial","CID4535_CACATAGGTGAGTATA"
"boot_1003_01323","CID4535","Cancer Epithelial","CID4535_TCTATTGTCAGGCGAA"
"boot_1003_01324","CID4535","Cancer Epithelial","CID4535_GCTTCCAAGTGAATTG"
"boot_1003_01325","CID4535","Cancer Epithelial","CID4535_ACGGGCTCACAGGCCT"
"boot_1003_01326","CID4535","Cancer Epithelial","CID4535_TTATGCTCACCTTGTC"
"boot_1003_01327","CID4535","Cancer Epithelial","CID4535_AAGTCTGGTACAAGTA"
"boot_1003_01328","CID4535","Cancer Epithelial","CID4535_TGTATTCTCGAATGCT"
"boot_1003_01329","CID4535","Cancer Epithelial","CID4535_TACCTATTCACCACCT"
"boot_1003_01330","CID4535","Cancer Epithelial","CID4535_CGGACGTAGATGTTAG"
"boot_1003_01331","CID4535","Cancer Epithelial","CID4535_TATTACCAGGGAGTAA"
"boot_1003_01332","CID4535","Cancer Epithelial","CID4535_GGCCGATGTCCGAATT"
"boot_1003_01333","CID4535","Cancer Epithelial","CID4535_GATCGCGCAGACAAGC"
"boot_1003_01334","CID4535","Cancer Epithelial","CID4535_AGACGTTAGCAAATCA"
"boot_1003_01335","CID4535","Cancer Epithelial","CID4535_CTTCTCTCACGTTGGC"
"boot_1003_01336","CID4535","Cancer Epithelial","CID4535_TGCGGGTCAAGACACG"
"boot_1003_01337","CID4535","Cancer Epithelial","CID4535_ACAGCTACACGGATAG"
"boot_1003_01338","CID4535","Cancer Epithelial","CID4535_CTTAACTCACACATGT"
"boot_1003_01339","CID4535","Cancer Epithelial","CID4535_GGATGTTCAAATACAG"
"boot_1003_01340","CID4535","Cancer Epithelial","CID4535_GTGAAGGGTGCGCTTG"
"boot_1003_01341","CID4535","Cancer Epithelial","CID4535_TGCGTGGTCACCCGAG"
"boot_1003_01342","CID4535","Cancer Epithelial","CID4535_GTGCGGTTCAAGCCTA"
"boot_1003_01343","CID4535","Cancer Epithelial","CID4535_ACGAGGACATACCATG"
"boot_1003_01344","CID4535","Cancer Epithelial","CID4535_CAGTCCTCATACCATG"
"boot_1003_01345","CID4535","Cancer Epithelial","CID4535_TTCCCAGTCTGTCCGT"
"boot_1003_01346","CID4535","Cancer Epithelial","CID4535_CAGCCGAGTAGTGAAT"
"boot_1003_01347","CID4535","Cancer Epithelial","CID4535_AGCCTAAGTGACGGTA"
"boot_1003_01348","CID4535","Cancer Epithelial","CID4535_CGGACTGGTGCGATAG"
"boot_1003_01349","CID4535","Cancer Epithelial","CID4535_ATAAGAGGTGTGAAAT"
"boot_1003_01350","CID4535","Cancer Epithelial","CID4535_CCTTACGTCACGCATA"
"boot_1003_01351","CID4535","Cancer Epithelial","CID4535_CGGACGTAGCGTTGCC"
"boot_1003_01352","CID4535","Cancer Epithelial","CID4535_GGCTGGTGTAGCTGCC"
"boot_1003_01353","CID4535","Cancer Epithelial","CID4535_TCTCATATCCTACAGA"
"boot_1003_01354","CID4535","Cancer Epithelial","CID4535_CTTTGCGCAATCCAAC"
"boot_1003_01355","CID4535","Cancer Epithelial","CID4535_CTCGGGATCTGGTATG"
"boot_1003_01356","CID4535","Cancer Epithelial","CID4535_ATTACTCCAGGCGATA"
"boot_1003_01357","CID4535","Cancer Epithelial","CID4535_ACATACGTCCTAGGGC"
"boot_1003_01358","CID4535","Cancer Epithelial","CID4535_CTCTGGTAGCCGATTT"
"boot_1003_01359","CID4535","Cancer Epithelial","CID4535_CGCTATCGTCCAGTAT"
"boot_1003_01360","CID4535","Cancer Epithelial","CID4535_CACCAGGAGAATTCCC"
"boot_1003_01361","CID4535","Cancer Epithelial","CID4535_TACTTGTTCCAAATGC"
"boot_1003_01362","CID4535","Cancer Epithelial","CID4535_CATCGAATCCGGGTGT"
"boot_1003_01363","CID4535","Cancer Epithelial","CID4535_ATCCACCGTAAGTGGC"
"boot_1003_01364","CID4535","Cancer Epithelial","CID4535_CACATAGAGTCCAGGA"
"boot_1003_01365","CID4535","Cancer Epithelial","CID4535_GGAGCAATCAGATAAG"
"boot_1003_01366","CID4535","Cancer Epithelial","CID4535_GTGCAGCAGTGGGATC"
"boot_1003_01367","CID4535","Cancer Epithelial","CID4535_ACCTTTATCGGATGGA"
"boot_1003_01368","CID4535","Cancer Epithelial","CID4535_CCTTCCCCACATTCGA"
"boot_1003_01369","CID4535","Cancer Epithelial","CID4535_ATCCACCTCGAATGCT"
"boot_1003_01370","CID4535","Cancer Epithelial","CID4535_TGAAAGATCGGCATCG"
"boot_1003_01371","CID4535","Cancer Epithelial","CID4535_GGGTCTGCACGAAATA"
"boot_1003_01372","CID4535","Cancer Epithelial","CID4535_AACACGTTCGGTGTTA"
"boot_1003_01373","CID4535","Cancer Epithelial","CID4535_TGGCCAGGTATAAACG"
"boot_1003_01374","CID4535","Cancer Epithelial","CID4535_CTGTTTAAGTGTCCCG"
"boot_1003_01375","CID4535","Cancer Epithelial","CID4535_ATTGGTGCAGTACACT"
"boot_1003_01376","CID4535","Cancer Epithelial","CID4535_GGGACCTTCATTGCCC"
"boot_1003_01377","CID4535","Cancer Epithelial","CID4535_GGGACCTGTTGTTTGG"
"boot_1003_01378","CID4535","Cancer Epithelial","CID4535_GTTTCTAGTTAAGATG"
"boot_1003_01379","CID4535","Cancer Epithelial","CID4535_CTCGGAGCATTGGTAC"
"boot_1003_01380","CID4535","Cancer Epithelial","CID4535_AGTGGGAGTGTCCTCT"
"boot_1003_01381","CID4535","Cancer Epithelial","CID4535_CAGCCGAAGATATACG"
"boot_1003_01382","CID4535","Cancer Epithelial","CID4535_AGACGTTGTGTAATGA"
"boot_1003_01383","CID4535","Cancer Epithelial","CID4535_TGACAACGTATAATGG"
"boot_1003_01384","CID4535","Cancer Epithelial","CID4535_GAGGTGATCGCATGGC"
"boot_1003_01385","CID4535","Cancer Epithelial","CID4535_TATGCCCAGACTACAA"
"boot_1003_01386","CID4535","Cancer Epithelial","CID4535_CTAGTGAAGCAACGGT"
"boot_1003_01387","CID4535","Cancer Epithelial","CID4535_AGGTCCGAGAGTGACC"
"boot_1003_01388","CID4535","Cancer Epithelial","CID4535_TCTATTGCATTAACCG"
"boot_1003_01389","CID4535","Cancer Epithelial","CID4535_CAGCATACAGCCTATA"
"boot_1003_01390","CID4535","Cancer Epithelial","CID4535_AGGTCATAGCCCAACC"
"boot_1003_01391","CID4535","Cancer Epithelial","CID4535_CACACTCTCGCCATAA"
"boot_1003_01392","CID4535","Cancer Epithelial","CID4535_GATCGTACAGTCTTCC"
"boot_1003_01393","CID4535","Cancer Epithelial","CID4535_CACACCTTCGAACGGA"
"boot_1003_01394","CID4535","Cancer Epithelial","CID4535_ACAGCCGTCTGGTTCC"
"boot_1003_01395","CID4535","Cancer Epithelial","CID4535_GCAGCCACATGCGCAC"
"boot_1003_01396","CID4535","Cancer Epithelial","CID4535_GTCGTAATCAGTTCGA"
"boot_1003_01397","CID4535","Cancer Epithelial","CID4535_CTACACCTCCAAATGC"
"boot_1003_01398","CID4535","Cancer Epithelial","CID4535_CAAGTTGCAGTACACT"
"boot_1003_01399","CID4535","Cancer Epithelial","CID4535_CAAGTTGGTGCAACGA"
"boot_1003_01400","CID4535","Cancer Epithelial","CID4535_CGGAGCTTCCGAGCCA"
"boot_1003_01401","CID4535","Cancer Epithelial","CID4535_GTAGGCCCACCCAGTG"
"boot_1003_01402","CID4535","Cancer Epithelial","CID4535_CACTCCACATTTGCCC"
"boot_1003_01403","CID4535","Cancer Epithelial","CID4535_ACGAGCCGTGAGGGAG"
"boot_1003_01404","CID4535","Cancer Epithelial","CID4535_GTCCTCACACATAACC"
"boot_1003_01405","CID4535","Cancer Epithelial","CID4535_CGCTTCACACCGAATT"
"boot_1003_01406","CID4535","Cancer Epithelial","CID4535_ATGTGTGTCGGTTCGG"
"boot_1003_01407","CID4535","Cancer Epithelial","CID4535_AAGGAGCCAACTGCGC"
"boot_1003_01408","CID4535","Cancer Epithelial","CID4535_GCTCTGTAGGGTATCG"
"boot_1003_01409","CID4535","Cancer Epithelial","CID4535_GAGCAGATCCAAGCCG"
"boot_1003_01410","CID4535","Cancer Epithelial","CID4535_TCTATTGCATTAACCG"
"boot_1003_01411","CID4535","Cancer Epithelial","CID4535_CGAGCCACAGGCTGAA"
"boot_1003_01412","CID4535","Cancer Epithelial","CID4535_GACCAATTCTCGTATT"
"boot_1003_01413","CID4535","Cancer Epithelial","CID4535_GCCAAATGTGAGTATA"
"boot_1003_01414","CID4535","Cancer Epithelial","CID4535_AGGGAGTAGAAGGCCT"
"boot_1003_01415","CID4535","Cancer Epithelial","CID4535_ACCCACTAGGAGTTGC"
"boot_1003_01416","CID4535","Cancer Epithelial","CID4535_GGGCATCTCGGCGCTA"
"boot_1003_01417","CID4535","Cancer Epithelial","CID4535_CTAGAGTAGAGACGAA"
"boot_1003_01418","CID4535","Cancer Epithelial","CID4535_TAAGAGACAGCCTTTC"
"boot_1003_01419","CID4535","Cancer Epithelial","CID4535_CAGCAGCGTCAGATAA"
"boot_1003_01420","CID4535","Cancer Epithelial","CID4535_TCAGGATTCTGGTGTA"
"boot_1003_01421","CID4535","Cancer Epithelial","CID4535_ATGAGGGGTGTCAATC"
"boot_1003_01422","CID4535","Cancer Epithelial","CID4535_TAAACCGGTTATTCTC"
"boot_1003_01423","CID4535","Cancer Epithelial","CID4535_GCAATCAAGCACGCCT"
"boot_1003_01424","CID4535","Cancer Epithelial","CID4535_TCGCGTTTCCGCATAA"
"boot_1003_01425","CID4535","Cancer Epithelial","CID4535_ACGCCAGGTCGAGTTT"
"boot_1003_01426","CID4535","Cancer Epithelial","CID4535_CATATGGGTAGAAAGG"
"boot_1003_01427","CID4535","Cancer Epithelial","CID4535_GTAACGTAGAATAGGG"
"boot_1003_01428","CID4535","Cancer Epithelial","CID4535_GGCGTGTGTAAGAGGA"
"boot_1003_01429","CID4535","Cancer Epithelial","CID4535_AGCATACGTGCCTGGT"
"boot_1003_01430","CID4535","Cancer Epithelial","CID4535_CACATAGTCAAAGTAG"
"boot_1003_01431","CID4535","Cancer Epithelial","CID4535_GTGTTAGAGTATCTCG"
"boot_1003_01432","CID4535","Cancer Epithelial","CID4535_ACATGGTCAGACGCAA"
"boot_1003_01433","CID4535","Cancer Epithelial","CID4535_CATCAAGAGGGATGGG"
"boot_1003_01434","CID4535","Cancer Epithelial","CID4535_TGACTTTTCCAAGTAC"
"boot_1003_01435","CID4535","Cancer Epithelial","CID4535_CATCAAGAGGGATGGG"
"boot_1003_01436","CID4535","Cancer Epithelial","CID4535_GACTAACGTACCAGTT"
"boot_1003_01437","CID4535","Cancer Epithelial","CID4535_TTTCCTCTCTGGTATG"
"boot_1003_01438","CID4535","Cancer Epithelial","CID4535_GGCGACTAGATGTCGG"
"boot_1003_01439","CID4535","Cancer Epithelial","CID4535_TACGGATGTAGCGTCC"
"boot_1003_01440","CID4535","Cancer Epithelial","CID4535_ATCGAGTCACCCTATC"
"boot_1003_01441","CID4535","Cancer Epithelial","CID4535_CGATGTAGTGAGCGAT"
"boot_1003_01442","CID4535","Cancer Epithelial","CID4535_GAAGCAGTCAGTCAGT"
"boot_1003_01443","CID4535","Cancer Epithelial","CID4535_CTCTAATCAGTGACAG"
"boot_1003_01444","CID4535","Cancer Epithelial","CID4535_GAACGGAAGTGAATTG"
"boot_1003_01445","CID4535","Cancer Epithelial","CID4535_CTCTGGTAGTACGATA"
"boot_1003_01446","CID4535","Cancer Epithelial","CID4535_GATGAAAAGCTCCTTC"
"boot_1003_01447","CID4535","Cancer Epithelial","CID4535_ATTACTCTCGCGTAGC"
"boot_1003_01448","CID4535","Cancer Epithelial","CID4535_GCTTCCAAGATCTGCT"
"boot_1003_01449","CID4535","Cancer Epithelial","CID4535_CCACCTACATAGACTC"
"boot_1003_01450","CID4535","Cancer Epithelial","CID4535_GGCAATTCATATGAGA"
"boot_1003_01451","CID4535","Cancer Epithelial","CID4535_CGTGAGCGTAAGTGTA"
"boot_1003_01452","CID4535","Cancer Epithelial","CID4535_ACGCAGCAGAGCCCAA"
"boot_1003_01453","CID4535","Cancer Epithelial","CID4535_TCAGCAAAGTTCGATC"
"boot_1003_01454","CID4535","Cancer Epithelial","CID4535_CCACCTACATAAAGGT"
"boot_1003_01455","CID4535","Cancer Epithelial","CID4535_AGCTCTCAGCCACGCT"
"boot_1003_01456","CID4535","Cancer Epithelial","CID4535_CCACTACCAAGCTGTT"
"boot_1003_01457","CID4535","Cancer Epithelial","CID4535_CGTGTAAAGGAGTACC"
"boot_1003_01458","CID4535","Cancer Epithelial","CID4535_TTAACTCGTACAGACG"
"boot_1003_01459","CID4535","Cancer Epithelial","CID4535_GTTAAGCTCGGACAAG"
"boot_1003_01460","CID4535","Cancer Epithelial","CID4535_TACTTGTTCCAAATGC"
"boot_1003_01461","CID4535","Cancer Epithelial","CID4535_CATTCGCAGGTGTTAA"
"boot_1003_01462","CID4535","Cancer Epithelial","CID4535_AAAGTAGTCACAGGCC"
"boot_1003_01463","CID4535","Cancer Epithelial","CID4535_GAATAAGCAAGAGTCG"
"boot_1003_01464","CID4535","Cancer Epithelial","CID4535_GCGACCAAGCGGCTTC"
"boot_1003_01465","CID4535","Cancer Epithelial","CID4535_CACACCTGTAGCGTCC"
"boot_1003_01466","CID4535","Cancer Epithelial","CID4535_AGGTCCGTCAGTTTGG"
"boot_1003_01467","CID4535","Cancer Epithelial","CID4535_GGAGCAAAGCGTTGCC"
"boot_1003_01468","CID4535","Cancer Epithelial","CID4535_CTAGTGACACACCGCA"
"boot_1003_01469","CID4535","Cancer Epithelial","CID4535_GCTCCTATCGGCGCAT"
"boot_1003_01470","CID4535","Cancer Epithelial","CID4535_TCAGGTACAGTGGAGT"
"boot_1003_01471","CID4535","Cancer Epithelial","CID4535_TATTACCCATCGTCGG"
"boot_1003_01472","CID4535","Cancer Epithelial","CID4535_ACTGATGGTCATCCCT"
"boot_1003_01473","CID4535","Cancer Epithelial","CID4535_TTAGGACGTTTAAGCC"
"boot_1003_01474","CID4535","Cancer Epithelial","CID4535_TCAGCAAGTAACGACG"
"boot_1003_01475","CID4535","Cancer Epithelial","CID4535_GATCTAGGTCATATGC"
"boot_1003_01476","CID4535","Cancer Epithelial","CID4535_GGCCGATCAGTTCCCT"
"boot_1003_01477","CID4535","Cancer Epithelial","CID4535_CCTTCCCCACATTCGA"
"boot_1003_01478","CID4535","Cancer Epithelial","CID4535_GCGCAGTCAAAGTCAA"
"boot_1003_01479","CID4535","Cancer Epithelial","CID4535_GCTTCCAAGATCTGCT"
"boot_1003_01480","CID4535","Cancer Epithelial","CID4535_TATCAGGCAATGAATG"
"boot_1003_01481","CID4535","Cancer Epithelial","CID4535_CGTGAGCAGGTAAACT"
"boot_1003_01482","CID4535","Cancer Epithelial","CID4535_ATTATCCCAGGCAGTA"
"boot_1003_01483","CID4535","Cancer Epithelial","CID4535_GTCGGGTAGTGGCACA"
"boot_1003_01484","CID4535","Cancer Epithelial","CID4535_CAGCTAAAGCACAGGT"
"boot_1003_01485","CID4535","Cancer Epithelial","CID4535_CTCCTAGTCATGCATG"
"boot_1003_01486","CID4535","Cancer Epithelial","CID4535_TCAGCAAAGAAACCGC"
"boot_1003_01487","CID4535","Cancer Epithelial","CID4535_GAGGTGAAGTAGCGGT"
"boot_1003_01488","CID4535","Cancer Epithelial","CID4535_ATTACTCTCTCAAGTG"
"boot_1003_01489","CID4535","Cancer Epithelial","CID4535_AGGGAGTGTGCACCAC"
"boot_1003_01490","CID4535","Cancer Epithelial","CID4535_CATATTCAGGATGCGT"
"boot_1003_01491","CID4535","Cancer Epithelial","CID4535_TACGGATAGATTACCC"
"boot_1003_01492","CID4535","Cancer Epithelial","CID4535_CTCGTACTCAATCTCT"
"boot_1003_01493","CID4535","Cancer Epithelial","CID4535_CGATGTAAGTGGAGTC"
"boot_1003_01494","CID4535","Cancer Epithelial","CID4535_TTTGCGCAGTAGGCCA"
"boot_1003_01495","CID4535","Cancer Epithelial","CID4535_GCGCAGTGTGCACGAA"
"boot_1003_01496","CID4535","Cancer Epithelial","CID4535_GCAGCCATCTACCTGC"
"boot_1003_01497","CID4535","Cancer Epithelial","CID4535_CGTGAGCAGAAGGTGA"
"boot_1003_01498","CID4535","Cancer Epithelial","CID4535_GTTACAGGTCATGCCG"
"boot_1003_01499","CID4535","Cancer Epithelial","CID4535_GCTGCTTCACATTCGA"
"boot_1003_01500","CID4535","Cancer Epithelial","CID4535_CCCAATCAGACTTGAA"
"boot_1003_01501","CID4535","Cancer Epithelial","CID4535_TCGAGGCTCAAGGTAA"
"boot_1003_01502","CID4535","Cancer Epithelial","CID4535_TTCTTAGGTCTTGTCC"
"boot_1003_01503","CID4535","Cancer Epithelial","CID4535_CTGAAACAGGCTAGCA"
"boot_1003_01504","CID4535","Cancer Epithelial","CID4535_ACCGTAAGTACTCTCC"
"boot_1003_01505","CID4535","Cancer Epithelial","CID4535_CAGTCCTCATACCATG"
"boot_1003_01506","CID4535","Cancer Epithelial","CID4535_CGCGTTTGTACGCTGC"
"boot_1003_01507","CID4535","Cancer Epithelial","CID4535_TCTGGAAGTGTTCGAT"
"boot_1003_01508","CID4535","Cancer Epithelial","CID4535_CGATGTATCTGCTTGC"
"boot_1003_01509","CID4535","Cancer Epithelial","CID4535_GTACTCCAGTTGTCGT"
"boot_1003_01510","CID4535","Cancer Epithelial","CID4535_GGAGCAATCAAGATCC"
"boot_1003_01511","CID4535","Cancer Epithelial","CID4535_TTCTCAATCCCAACGG"
"boot_1003_01512","CID4535","Cancer Epithelial","CID4535_CGCCAAGCATGACATC"
"boot_1003_01513","CID4535","Cancer Epithelial","CID4535_CCTCAGTTCGATAGAA"
"boot_1003_01514","CID4535","Cancer Epithelial","CID4535_TGGCGCACAAAGCGGT"
"boot_1003_01515","CID4535","Cancer Epithelial","CID4535_TACTTGTCAATGGAGC"
"boot_1003_01516","CID4535","Cancer Epithelial","CID4535_GCTGCGAAGATCTGAA"
"boot_1003_01517","CID4535","Cancer Epithelial","CID4535_TGGCGCATCGCCTGTT"
"boot_1003_01518","CID4535","Cancer Epithelial","CID4535_TCTTCGGAGTGTGAAT"
"boot_1003_01519","CID4535","Cancer Epithelial","CID4535_TTGGAACGTGCCTGCA"
"boot_1003_01520","CID4535","Cancer Epithelial","CID4535_CCTTCGACACGAAACG"
"boot_1003_01521","CID4535","Cancer Epithelial","CID4535_GCGCAGTTCGTCCGTT"
"boot_1003_01522","CID4535","Cancer Epithelial","CID4535_CTGTTTAAGTGCGATG"
"boot_1003_01523","CID4535","Cancer Epithelial","CID4535_TTTATGCTCACAACGT"
"boot_1003_01524","CID4535","Cancer Epithelial","CID4535_CCTAGCTGTCTCCACT"
"boot_1003_01525","CID4535","Cancer Epithelial","CID4535_CATCGGGGTTCGTTGA"
"boot_1003_01526","CID4535","Cancer Epithelial","CID4535_TAAGAGACACCATCCT"
"boot_1003_01527","CID4535","Cancer Epithelial","CID4535_AACTTTCTCTACCAGA"
"boot_1003_01528","CID4535","Cancer Epithelial","CID4535_GCAAACTCATCAGTCA"
"boot_1003_01529","CID4535","Cancer Epithelial","CID4535_TTGTAGGAGAGTAATC"
"boot_1003_01530","CID4535","Cancer Epithelial","CID4535_CGGAGTCAGTACGATA"
"boot_1003_01531","CID4535","Cancer Epithelial","CID4535_TCGAGGCGTATATGAG"
"boot_1003_01532","CID4535","Cancer Epithelial","CID4535_TTTCCTCAGGTGCTAG"
"boot_1003_01533","CID4535","Cancer Epithelial","CID4535_TGAAAGACATTGCGGC"
"boot_1003_01534","CID4535","Cancer Epithelial","CID4535_CTCTACGGTTAAGAAC"
"boot_1003_01535","CID4535","Cancer Epithelial","CID4535_TCGTACCAGTCACGCC"
"boot_1003_01536","CID4535","Cancer Epithelial","CID4535_AGGGTGAGTGACGGTA"
"boot_1003_01537","CID4535","Cancer Epithelial","CID4535_GCTGCAGCAAGTTCTG"
"boot_1003_01538","CID4535","Cancer Epithelial","CID4535_GTTTCTAGTTAAGATG"
"boot_1003_01539","CID4535","Cancer Epithelial","CID4535_AGCTCTCGTACTTCTT"
"boot_1003_01540","CID4535","Cancer Epithelial","CID4535_CATCAGAGTTGATTCG"
"boot_1003_01541","CID4535","Cancer Epithelial","CID4535_CGAATGTAGTGCGTGA"
"boot_1003_01542","CID4535","Cancer Epithelial","CID4535_TGCTACCCACTTAACG"
"boot_1003_01543","CID4535","Cancer Epithelial","CID4535_GGGAGATCAGAGCCAA"
"boot_1003_01544","CID4535","Cancer Epithelial","CID4535_TGCGGGTCAACTTGAC"
"boot_1003_01545","CID4535","Cancer Epithelial","CID4535_ACCGTAACATGTTGAC"
"boot_1003_01546","CID4535","Cancer Epithelial","CID4535_TGCCAAACAGGGCATA"
"boot_1003_01547","CID4535","Cancer Epithelial","CID4535_GACGGCTCACAGGTTT"
"boot_1003_01548","CID4535","Cancer Epithelial","CID4535_CGCTATCTCAAACCGT"
"boot_1003_01549","CID4535","Cancer Epithelial","CID4535_TGGCGCAAGACAAGCC"
"boot_1003_01550","CID4535","Cancer Epithelial","CID4535_CAGCAGCCATCATCCC"
"boot_1003_01551","CID4535","Cancer Epithelial","CID4535_CTCATTAAGCAGATCG"
"boot_1003_01552","CID4535","Cancer Epithelial","CID4535_GCCTCTATCGCTGATA"
"boot_1003_01553","CID4535","Cancer Epithelial","CID4535_CCTTTCTTCATGCAAC"
"boot_1003_01554","CID4535","Cancer Epithelial","CID4535_TGTTCCGCACAGATTC"
"boot_1003_01555","CID4535","Cancer Epithelial","CID4535_CGTCCATTCACTCTTA"
"boot_1003_01556","CID4535","Cancer Epithelial","CID4535_CCTACACCACCGGAAA"
"boot_1003_01557","CID4535","Cancer Epithelial","CID4535_CCTAGCTCAAGAAAGG"
"boot_1003_01558","CID4535","Cancer Epithelial","CID4535_GCTCTGTTCAACGGGA"
"boot_1003_01559","CID4535","Cancer Epithelial","CID4535_CGGCTAGTCGGACAAG"
"boot_1003_01560","CID4535","Cancer Epithelial","CID4535_TCTTTCCAGGTGTTAA"
"boot_1003_01561","CID4535","Cancer Epithelial","CID4535_ACCGTAAAGGATCGCA"
"boot_1003_01562","CID4535","Cancer Epithelial","CID4535_TGTATTCAGTGAAGTT"
"boot_1003_01563","CID4535","Cancer Epithelial","CID4535_GTGCAGCAGTGGGATC"
"boot_1003_01564","CID4535","Cancer Epithelial","CID4535_CGGAGTCAGATGTGTA"
"boot_1003_01565","CID4535","Cancer Epithelial","CID4535_AGAGTGGGTAGGAGTC"
"boot_1003_01566","CID4535","Cancer Epithelial","CID4535_ACGGGCTCAATACGCT"
"boot_1003_01567","CID4535","Cancer Epithelial","CID4535_AGAGCTTTCGGCATCG"
"boot_1003_01568","CID4535","Cancer Epithelial","CID4535_TGAAAGAGTTGTCGCG"
"boot_1003_01569","CID4535","Cancer Epithelial","CID4535_CCTTCCCCACATTCGA"
"boot_1003_01570","CID4535","Cancer Epithelial","CID4535_ACGATGTAGAAGGTTT"
"boot_1003_01571","CID4535","Cancer Epithelial","CID4535_CGTTGGGTCCGAACGC"
"boot_1003_01572","CID4535","Cancer Epithelial","CID4535_AGGTCCGTCAGTTTGG"
"boot_1003_01573","CID4535","Cancer Epithelial","CID4535_CACCAGGAGAATTCCC"
"boot_1003_01574","CID4535","Cancer Epithelial","CID4535_AGCTCCTAGAGCTATA"
"boot_1003_01575","CID4535","Cancer Epithelial","CID4535_GACCAATAGAAACGAG"
"boot_1003_01576","CID4535","Cancer Epithelial","CID4535_ATTGGTGGTTACCAGT"
"boot_1003_01577","CID4535","Cancer Epithelial","CID4535_CAGGTGCAGGTAGCCA"
"boot_1003_01578","CID4535","Cancer Epithelial","CID4535_ACGCAGCGTGATGATA"
"boot_1003_01579","CID4535","Cancer Epithelial","CID4535_TGAGCATCATGCCACG"
"boot_1003_01580","CID4535","Cancer Epithelial","CID4535_TGCTACCCACATTAGC"
"boot_1003_01581","CID4535","Cancer Epithelial","CID4535_CTCTGGTAGTACGATA"
"boot_1003_01582","CID4535","Cancer Epithelial","CID4535_ACAGCCGAGTGAACAT"
"boot_1003_01583","CID4535","Cancer Epithelial","CID4535_ACAGCTACACGGATAG"
"boot_1003_01584","CID4535","Cancer Epithelial","CID4535_GTTCGGGTCTTAACCT"
"boot_1003_01585","CID4535","Cancer Epithelial","CID4535_TCGCGAGGTCGCATAT"
"boot_1003_01586","CID4535","Cancer Epithelial","CID4535_TACCTATGTACATCCA"
"boot_1003_01587","CID4535","Cancer Epithelial","CID4535_ATCATCTAGGATGGAA"
"boot_1003_01588","CID4535","Cancer Epithelial","CID4535_CTAAGACCAGGCAGTA"
"boot_1003_01589","CID4535","Cancer Epithelial","CID4535_CTTGGCTGTTGCGTTA"
"boot_1003_01590","CID4535","Cancer Epithelial","CID4535_TCAGATGAGACCTTTG"
"boot_1003_01591","CID4535","Cancer Epithelial","CID4535_CAAGATCTCACAGGCC"
"boot_1003_01592","CID4535","Cancer Epithelial","CID4535_GCTCCTATCCTCCTAG"
"boot_1003_01593","CID4535","Cancer Epithelial","CID4535_TCTTTCCCACTATCTT"
"boot_1003_01594","CID4535","Cancer Epithelial","CID4535_CTCGTCAGTCTCGTTC"
"boot_1003_01595","CID4535","Cancer Epithelial","CID4535_TATCAGGAGCCCAACC"
"boot_1003_01596","CID4535","Cancer Epithelial","CID4535_GAACCTACACCCTATC"
"boot_1003_01597","CID4535","Cancer Epithelial","CID4535_TTCTACAAGCCGTCGT"
"boot_1003_01598","CID4535","Cancer Epithelial","CID4535_ACGCCAGCACGTAAGG"
"boot_1003_01599","CID4535","Cancer Epithelial","CID4535_GTGTTAGAGCGTGAGT"
"boot_1003_01600","CID4535","Cancer Epithelial","CID4535_TCGCGAGGTCGCATAT"
"boot_1003_01601","CID4535","Cancer Epithelial","CID4535_TAGTTGGCATCATCCC"
"boot_1003_01602","CID4535","Cancer Epithelial","CID4535_TGTGTTTGTATCAGTC"
"boot_1003_01603","CID4535","Cancer Epithelial","CID4535_TGTATTCCAGGGTTAG"
"boot_1003_01604","CID4535","Cancer Epithelial","CID4535_GCAGCCAGTTAAGACA"
"boot_1003_01605","CID4535","Cancer Epithelial","CID4535_GATCTAGAGATATGCA"
"boot_1003_01606","CID4535","Cancer Epithelial","CID4535_TCAGGATCAACGCACC"
"boot_1003_01607","CID4535","Cancer Epithelial","CID4535_GGACAGAGTGGACGAT"
"boot_1003_01608","CID4535","Cancer Epithelial","CID4535_CGTTAGATCTAACCGA"
"boot_1003_01609","CID4535","Cancer Epithelial","CID4535_CATCCACCATCGGTTA"
"boot_1003_01610","CID4535","Cancer Epithelial","CID4535_CGTTAGATCTAACCGA"
"boot_1003_01611","CID4535","Cancer Epithelial","CID4535_TTTACTGCAGCTGTGC"
"boot_1003_01612","CID4535","Cancer Epithelial","CID4535_CTGGTCTGTCGAGATG"
"boot_1003_01613","CID4535","Cancer Epithelial","CID4535_GCAGCCAGTTTAGCTG"
"boot_1003_01614","CID4535","Cancer Epithelial","CID4535_AAGTCTGCAGCATGAG"
"boot_1003_01615","CID4535","Cancer Epithelial","CID4535_CTACGTCTCACAGGCC"
"boot_1003_01616","CID4535","Cancer Epithelial","CID4535_CTCGGAGGTCAGTGGA"
"boot_1003_01617","CID4535","Cancer Epithelial","CID4535_CCTCAGTCAGATGGGT"
"boot_1003_01618","CID4535","Cancer Epithelial","CID4535_AGACGTTAGCAAATCA"
"boot_1003_01619","CID4535","Cancer Epithelial","CID4535_GCTTCCATCTCAACTT"
"boot_1003_01620","CID4535","Cancer Epithelial","CID4535_ACCAGTAGTGAGGGAG"
"boot_1003_01621","CID4535","Cancer Epithelial","CID4535_CAGGTGCGTGCGCTTG"
"boot_1003_01622","CID4535","Cancer Epithelial","CID4535_CATCAGAGTTGATTCG"
"boot_1003_01623","CID4535","Cancer Epithelial","CID4535_GACTGCGTCCGGCACA"
"boot_1003_01624","CID4535","Cancer Epithelial","CID4535_CCTTACGCAAGCGCTC"
"boot_1003_01625","CID4535","Cancer Epithelial","CID4535_AACTTTCCAAAGGAAG"
"boot_1003_01626","CID4535","Cancer Epithelial","CID4535_ACTTTCAAGCAAATCA"
"boot_1003_01627","CID4535","Cancer Epithelial","CID4535_GTGCATAAGGACACCA"
"boot_1003_01628","CID4535","Cancer Epithelial","CID4535_GTATTCTTCGAACGGA"
"boot_1003_01629","CID4535","Cancer Epithelial","CID4535_TACGGTACACTTAACG"
"boot_1003_01630","CID4535","Cancer Epithelial","CID4535_ACGCAGCGTACAGTTC"
"boot_1003_01631","CID4535","Cancer Epithelial","CID4535_GACTACAAGTGGAGTC"
"boot_1003_01632","CID4535","Cancer Epithelial","CID4535_CATATTCGTGTTTGTG"
"boot_1003_01633","CID4535","Cancer Epithelial","CID4535_TCTTTCCCACTTACGA"
"boot_1003_01634","CID4535","Cancer Epithelial","CID4535_CAGATCATCCCAAGTA"
"boot_1003_01635","CID4535","Cancer Epithelial","CID4535_CTTCTCTGTTCAGTAC"
"boot_1003_01636","CID4535","Cancer Epithelial","CID4535_AGGGATGGTCAAGCGA"
"boot_1003_01637","CID4535","Cancer Epithelial","CID4535_GAGTCCGCAATAACGA"
"boot_1003_01638","CID4535","Cancer Epithelial","CID4535_GATGAGGGTATTACCG"
"boot_1003_01639","CID4535","Cancer Epithelial","CID4535_TCGGGACGTTGGTGGA"
"boot_1003_01640","CID4535","Cancer Epithelial","CID4535_TTGAACGTCGTTTATC"
"boot_1003_01641","CID4535","Cancer Epithelial","CID4535_TCAGCAAGTAACGACG"
"boot_1003_01642","CID4535","Cancer Epithelial","CID4535_TCGAGGCGTCCATCCT"
"boot_1003_01643","CID4535","Cancer Epithelial","CID4535_CGCCAAGAGTCATGCT"
"boot_1003_01644","CID4535","Cancer Epithelial","CID4535_ACATGGTGTTGAACTC"
"boot_1003_01645","CID4535","Cancer Epithelial","CID4535_GATCGTAAGGTTCCTA"
"boot_1003_01646","CID4535","Cancer Epithelial","CID4535_ACAGCTAAGTCTTGCA"
"boot_1003_01647","CID4535","Cancer Epithelial","CID4535_TGGACGCGTCGGGTCT"
"boot_1003_01648","CID4535","Cancer Epithelial","CID4535_CTCGTCATCCAGTATG"
"boot_1003_01649","CID4535","Cancer Epithelial","CID4535_GTGGGTCTCAAGGTAA"
"boot_1003_01650","CID4535","Cancer Epithelial","CID4535_TCGAGGCTCGGTGTTA"
"boot_1003_01651","CID4535","Cancer Epithelial","CID4535_TGAGGGATCCAAGTAC"
"boot_1003_01652","CID4535","Cancer Epithelial","CID4535_GGAGCAATCCGCAAGC"
"boot_1003_01653","CID4535","Cancer Epithelial","CID4535_GGCTGGTCAGGCTCAC"
"boot_1003_01654","CID4535","Cancer Epithelial","CID4535_TGAGAGGTCCCTAACC"
"boot_1003_01655","CID4535","Cancer Epithelial","CID4535_ACAGCCGAGTGTGGCA"
"boot_1003_01656","CID4535","Cancer Epithelial","CID4535_GGAGCAATCCGCAAGC"
"boot_1003_01657","CID4535","Cancer Epithelial","CID4535_CTGCCTACAGGGTACA"
"boot_1003_01658","CID4535","Cancer Epithelial","CID4535_ATTATCCTCCGAGCCA"
"boot_1003_01659","CID4535","Cancer Epithelial","CID4535_TCAGCAAGTAACGACG"
"boot_1003_01660","CID4535","Cancer Epithelial","CID4535_TGACAACTCCTTGGTC"
"boot_1003_01661","CID4535","Cancer Epithelial","CID4535_AAGTCTGGTCTCTCTG"
"boot_1003_01662","CID4535","Cancer Epithelial","CID4535_CATCGAAAGCCACCTG"
"boot_1003_01663","CID4535","Cancer Epithelial","CID4535_GAACCTAGTAAATACG"
"boot_1003_01664","CID4535","Cancer Epithelial","CID4535_AGGGAGTCACCCATGG"
"boot_1003_01665","CID4535","Cancer Epithelial","CID4535_ATCATGGAGCTCCTCT"
"boot_1003_01666","CID4535","Cancer Epithelial","CID4535_CCGTGGAAGAAGGGTA"
"boot_1003_01667","CID4535","Cancer Epithelial","CID4535_TGACTAGGTTGGACCC"
"boot_1003_01668","CID4535","Cancer Epithelial","CID4535_CTTCTCTGTCAGAATA"
"boot_1003_01669","CID4535","Cancer Epithelial","CID4535_GCTCTGTTCAACGGGA"
"boot_1003_01670","CID4535","Cancer Epithelial","CID4535_CTCCTAGAGCTACCGC"
"boot_1003_01671","CID4535","Cancer Epithelial","CID4535_AGCGTCGGTCAGATAA"
"boot_1003_01672","CID4535","Cancer Epithelial","CID4535_GTGCATATCGCGGATC"
"boot_1003_01673","CID4535","Cancer Epithelial","CID4535_CACATAGTCGGCGCAT"
"boot_1003_01674","CID4535","Cancer Epithelial","CID4535_CACACAACATCCAACA"
"boot_1003_01675","CID4535","Cancer Epithelial","CID4535_TACTTACGTCAGAATA"
"boot_1003_01676","CID4535","Cancer Epithelial","CID4535_AAAGATGCAAGCTGAG"
"boot_1003_01677","CID4535","Cancer Epithelial","CID4535_CTCCTAGTCATGCATG"
"boot_1003_01678","CID4535","Cancer Epithelial","CID4535_TGAAAGAGTTGTCGCG"
"boot_1003_01679","CID4535","Cancer Epithelial","CID4535_CTGAAGTAGGACACCA"
"boot_1003_01680","CID4535","Cancer Epithelial","CID4535_GAGGTGAAGTAGCGGT"
"boot_1003_01681","CID4535","Cancer Epithelial","CID4535_GTACTCCCAGCGTTCG"
"boot_1003_01682","CID4535","Cancer Epithelial","CID4535_TCTATTGTCTGTTTGT"
"boot_1003_01683","CID4535","Cancer Epithelial","CID4535_ACACTGACACTTCGAA"
"boot_1003_01684","CID4535","Cancer Epithelial","CID4535_CTGAAACTCTTAGAGC"
"boot_1003_01685","CID4535","Cancer Epithelial","CID4535_ATTCTACCACCAGTTA"
"boot_1003_01686","CID4535","Cancer Epithelial","CID4535_TATCAGGAGCCCAACC"
"boot_1003_01687","CID4535","Cancer Epithelial","CID4535_AACACGTCAGCCTGTG"
"boot_1003_01688","CID4535","Cancer Epithelial","CID4535_ATCCACCCAGATGGCA"
"boot_1003_01689","CID4535","Cancer Epithelial","CID4535_GCTTGAACACGTTGGC"
"boot_1003_01690","CID4535","Cancer Epithelial","CID4535_TGACTAGAGTCCATAC"
"boot_1003_01691","CID4535","Cancer Epithelial","CID4535_CCTAGCTAGGTCGGAT"
"boot_1003_01692","CID4535","Cancer Epithelial","CID4535_ACAGCCGAGTGTGGCA"
"boot_1003_01693","CID4535","Cancer Epithelial","CID4535_ACATGGTAGCCAACAG"
"boot_1003_01694","CID4535","Cancer Epithelial","CID4535_GAAGCAGTCAGTCAGT"
"boot_1003_01695","CID4535","Cancer Epithelial","CID4535_TCAGGATTCTGGTGTA"
"boot_1003_01696","CID4535","Cancer Epithelial","CID4535_GTCACAAAGGAGTACC"
"boot_1003_01697","CID4535","Cancer Epithelial","CID4535_TACACGAGTGTTGAGG"
"boot_1003_01698","CID4535","Cancer Epithelial","CID4535_GACGTGCAGGCTAGAC"
"boot_1003_01699","CID4535","Cancer Epithelial","CID4535_CTAACTTAGTCAAGCG"
"boot_1003_01700","CID4535","Cancer Epithelial","CID4535_GTACGTACACATTAGC"
"boot_1003_01701","CID4535","Cancer Epithelial","CID4535_CAGCGACAGTCCTCCT"
"boot_1003_01702","CID4535","Cancer Epithelial","CID4535_TATGCCCGTACTCTCC"
"boot_1003_01703","CID4535","Cancer Epithelial","CID4535_TTGAACGAGCATGGCA"
"boot_1003_01704","CID4535","Cancer Epithelial","CID4535_CCGGTAGGTTAAAGTG"
"boot_1003_01705","CID4535","Cancer Epithelial","CID4535_CTCATTATCTGGGCCA"
"boot_1003_01706","CID4535","Cancer Epithelial","CID4535_CCCTCCTGTGCTGTAT"
"boot_1003_01707","CID4535","Cancer Epithelial","CID4535_GTACTTTCATTCACTT"
"boot_1003_01708","CID4535","Cancer Epithelial","CID4535_TGTGGTAAGCAGCCTC"
"boot_1003_01709","CID4535","Cancer Epithelial","CID4535_ACCAGTAGTGAGGGAG"
"boot_1003_01710","CID4535","Cancer Epithelial","CID4535_AGTGAGGGTACGCACC"
"boot_1003_01711","CID4535","Cancer Epithelial","CID4535_TGACTTTGTCCTAGCG"
"boot_1003_01712","CID4535","Cancer Epithelial","CID4535_TAAACCGGTTATTCTC"
"boot_1003_01713","CID4535","Cancer Epithelial","CID4535_CCGTGGAAGAAGGGTA"
"boot_1003_01714","CID4535","Cancer Epithelial","CID4535_GAATAAGAGTACACCT"
"boot_1003_01715","CID4535","Cancer Epithelial","CID4535_CAGCAGCCAGCCAGAA"
"boot_1003_01716","CID4535","Cancer Epithelial","CID4535_AGACGTTGTCACCCAG"
"boot_1003_01717","CID4535","Cancer Epithelial","CID4535_GGTGTTAGTCTGCGGT"
"boot_1003_01718","CID4535","Cancer Epithelial","CID4535_CGATGGCGTTGTGGAG"
"boot_1003_01719","CID4535","Cancer Epithelial","CID4535_ATCTACTAGGGAAACA"
"boot_1003_01720","CID4535","Cancer Epithelial","CID4535_AGGCCGTCAGTATCTG"
"boot_1003_01721","CID4535","Cancer Epithelial","CID4535_CTCACACTCAAACAAG"
"boot_1003_01722","CID4535","Cancer Epithelial","CID4535_AGCGGTCAGCTGATAA"
"boot_1003_01723","CID4535","Cancer Epithelial","CID4535_GGACATTTCAACCAAC"
"boot_1003_01724","CID4535","Cancer Epithelial","CID4535_TGATTTCAGGGAGTAA"
"boot_1003_01725","CID4535","Cancer Epithelial","CID4535_CAGGTGCAGGTAGCCA"
"boot_1003_01726","CID4535","Cancer Epithelial","CID4535_TTGACTTAGCTGATAA"
"boot_1003_01727","CID4535","Cancer Epithelial","CID4535_CTTCTCTTCGGAGGTA"
"boot_1003_01728","CID4535","Cancer Epithelial","CID4535_CTCGTCATCGCCATAA"
"boot_1003_01729","CID4535","Cancer Epithelial","CID4535_TACTTACTCTCACATT"
"boot_1003_01730","CID4535","Cancer Epithelial","CID4535_GTACTCCCATGTCCTC"
"boot_1003_01731","CID4535","Cancer Epithelial","CID4535_GTGTGCGCAAGTCTGT"
"boot_1003_01732","CID4535","Cancer Epithelial","CID4535_GCGAGAACAGGTGGAT"
"boot_1003_01733","CID4535","Cancer Epithelial","CID4535_ACGATACCATGTAGTC"
"boot_1003_01734","CID4535","Cancer Epithelial","CID4535_CTTTGCGGTGGCCCTA"
"boot_1003_01735","CID4535","Cancer Epithelial","CID4535_GACGGCTGTCCATCCT"
"boot_1003_01736","CID4535","Cancer Epithelial","CID4535_TCAGGATAGTGCCATT"
"boot_1003_01737","CID4535","Cancer Epithelial","CID4535_ATGAGGGGTACATGTC"
"boot_1003_01738","CID4535","Cancer Epithelial","CID4535_GGACGTCAGCTACCGC"
"boot_1003_01739","CID4535","Cancer Epithelial","CID4535_AGCATACTCCGAGCCA"
"boot_1003_01740","CID4535","Cancer Epithelial","CID4535_ATGAGGGCATTCGACA"
"boot_1003_01741","CID4535","Cancer Epithelial","CID4535_AAAGCAATCCATGCTC"
"boot_1003_01742","CID4535","Cancer Epithelial","CID4535_TACAGTGAGTGTACGG"
"boot_1003_01743","CID4535","Cancer Epithelial","CID4535_CAACCAACATTAGCCA"
"boot_1003_01744","CID4535","Cancer Epithelial","CID4535_ACTGAGTGTAGAAGGA"
"boot_1003_01745","CID4535","Cancer Epithelial","CID4535_GCACTCTTCAGTGCAT"
"boot_1003_01746","CID4535","Cancer Epithelial","CID4535_TTTACTGCAACACCTA"
"boot_1003_01747","CID4535","Cancer Epithelial","CID4535_CGAGAAGAGACGCAAC"
"boot_1003_01748","CID4535","Cancer Epithelial","CID4535_GTCAAGTCAATCCAAC"
"boot_1003_01749","CID4535","Cancer Epithelial","CID4535_GTCAAGTGTGATGCCC"
"boot_1003_01750","CID4535","Cancer Epithelial","CID4535_GGATGTTAGGAGTACC"
"boot_1003_01751","CID4535","Cancer Epithelial","CID4535_ATCGAGTCAGGATCGA"
"boot_1003_01752","CID4535","Cancer Epithelial","CID4535_CTGCTGTTCTAACTTC"
"boot_1003_01753","CID4535","Cancer Epithelial","CID4535_GTTCGGGAGGTTACCT"
"boot_1003_01754","CID4535","Cancer Epithelial","CID4535_CATCAGAGTTGATTCG"
"boot_1003_01755","CID4535","Cancer Epithelial","CID4535_CCGTGGATCACCGTAA"
"boot_1003_01756","CID4535","Cancer Epithelial","CID4535_TCGAGGCTCGCCGTGA"
"boot_1003_01757","CID4535","Cancer Epithelial","CID4535_GGGCACTGTCTGGTCG"
"boot_1003_01758","CID4535","Cancer Epithelial","CID4535_GAGGTGATCGCCATAA"
"boot_1003_01759","CID4535","Cancer Epithelial","CID4535_CAAGGCCCACGTTGGC"
"boot_1003_01760","CID4535","Cancer Epithelial","CID4535_CGTAGGCAGGACAGCT"
"boot_1003_01761","CID4535","Cancer Epithelial","CID4535_TCATTTGTCGGTCTAA"
"boot_1003_01762","CID4535","Cancer Epithelial","CID4535_CAGGTGCAGACACGAC"
"boot_1003_01763","CID4535","Cancer Epithelial","CID4535_CTCGTACGTACATGTC"
"boot_1003_01764","CID4535","Cancer Epithelial","CID4535_TTCTTAGCACGGCGTT"
"boot_1003_01765","CID4535","Cancer Epithelial","CID4535_CGTCCATGTGTTTGGT"
"boot_1003_01766","CID4535","Cancer Epithelial","CID4535_GGTGCGTTCTTAGAGC"
"boot_1003_01767","CID4535","Cancer Epithelial","CID4535_AACTCCCTCCTTTCTC"
"boot_1003_01768","CID4535","Cancer Epithelial","CID4535_TACTTGTCAATGGAGC"
"boot_1003_01769","CID4535","Cancer Epithelial","CID4535_ACTGTCCCAGTAGAGC"
"boot_1003_01770","CID4535","Cancer Epithelial","CID4535_CTGATAGTCATTTGGG"
"boot_1003_01771","CID4535","Cancer Epithelial","CID4535_CAGCTAAAGGGATCTG"
"boot_1003_01772","CID4535","Cancer Epithelial","CID4535_AGGGAGTAGGCTCAGA"
"boot_1003_01773","CID4535","Cancer Epithelial","CID4535_GAAACTCAGTGCCAGA"
"boot_1003_01774","CID4535","Cancer Epithelial","CID4535_ACTGTCCCACAGACTT"
"boot_1003_01775","CID4535","Cancer Epithelial","CID4535_AAGGAGCCAACTGCGC"
"boot_1003_01776","CID4535","Cancer Epithelial","CID4535_GCTCCTATCTGCCAGG"
"boot_1003_01777","CID4535","Cancer Epithelial","CID4535_GGAATAATCACCTTAT"
"boot_1003_01778","CID4535","Cancer Epithelial","CID4535_TGCTGCTTCGGCGGTT"
"boot_1003_01779","CID4535","Cancer Epithelial","CID4535_CTCGTACTCAATCTCT"
"boot_1003_01780","CID4535","Cancer Epithelial","CID4535_CACACCTTCATAACCG"
"boot_1003_01781","CID4535","Cancer Epithelial","CID4535_CTGTGCTAGAGGACGG"
"boot_1003_01782","CID4535","Cancer Epithelial","CID4535_CAGCATAAGAAGGCCT"
"boot_1003_01783","CID4535","Cancer Epithelial","CID4535_ATTTCTGAGCGCCTTG"
"boot_1003_01784","CID4535","Cancer Epithelial","CID4535_TACGGTAGTGAACCTT"
"boot_1003_01785","CID4535","Cancer Epithelial","CID4535_TTTACTGTCCTGTACC"
"boot_1003_01786","CID4535","Cancer Epithelial","CID4535_CCTACCACAGTGACAG"
"boot_1003_01787","CID4535","Cancer Epithelial","CID4535_TGAGGGAAGGATGTAT"
"boot_1003_01788","CID4535","Cancer Epithelial","CID4535_TGCTGCTTCGGCGGTT"
"boot_1003_01789","CID4535","Cancer Epithelial","CID4535_ACACTGACACTTCGAA"
"boot_1003_01790","CID4535","Cancer Epithelial","CID4535_CGATGGCAGCACAGGT"
"boot_1003_01791","CID4535","Cancer Epithelial","CID4535_GAAATGAGTGATGCCC"
"boot_1003_01792","CID4535","Cancer Epithelial","CID4535_TGACTTTGTCCTAGCG"
"boot_1003_01793","CID4535","Cancer Epithelial","CID4535_GTATTCTAGCCGATTT"
"boot_1003_01794","CID4535","Cancer Epithelial","CID4535_AAGGCAGGTGATGCCC"
"boot_1003_01795","CID4535","Cancer Epithelial","CID4535_TGTGGTAAGACATAAC"
"boot_1003_01796","CID4535","Cancer Epithelial","CID4535_GATGCTAGTGCATCTA"
"boot_1003_01797","CID4535","Cancer Epithelial","CID4535_TTGTAGGGTCATATCG"
"boot_1003_01798","CID4535","Cancer Epithelial","CID4535_GACAGAGCAGACTCGC"
"boot_1003_01799","CID4535","Cancer Epithelial","CID4535_TCACAAGGTTCCATGA"
"boot_1003_01800","CID4535","Cancer Epithelial","CID4535_GTAACGTGTGCAACTT"
"boot_1003_01801","CID4535","Cancer Epithelial","CID4535_CTAGCCTCAGTAACGG"
"boot_1003_01802","CID4535","Cancer Epithelial","CID4535_TACTCGCCACCGCTAG"
"boot_1003_01803","CID4535","Cancer Epithelial","CID4535_TGCCAAATCTTGAGAC"
"boot_1003_01804","CID4535","Cancer Epithelial","CID4535_GTATCTTCACTTAAGC"
"boot_1003_01805","CID4535","Cancer Epithelial","CID4535_ATTATCCTCCGAGCCA"
"boot_1003_01806","CID4535","Cancer Epithelial","CID4535_GGCAATTTCGTTTAGG"
"boot_1003_01807","CID4535","Cancer Epithelial","CID4535_AACTGGTTCCGTCATC"
"boot_1003_01808","CID4535","Cancer Epithelial","CID4535_ATTATCCTCCGAGCCA"
"boot_1003_01809","CID4535","Cancer Epithelial","CID4535_GGGCACTGTCTGGTCG"
"boot_1003_01810","CID4535","Cancer Epithelial","CID4535_GGACATTTCAACCAAC"
"boot_1003_01811","CID4535","Cancer Epithelial","CID4535_GATCGCGAGCTAGCCC"
"boot_1003_01812","CID4535","Cancer Epithelial","CID4535_AACTGGTTCAAGAAGT"
"boot_1003_01813","CID4535","Cancer Epithelial","CID4535_GCGCAGTTCGTCCGTT"
"boot_1003_01814","CID4535","Cancer Epithelial","CID4535_CCGTTCATCGCCGTGA"
"boot_1003_01815","CID4535","Cancer Epithelial","CID4535_ATGAGGGTCACCTTAT"
"boot_1003_01816","CID4535","Cancer Epithelial","CID4535_GTGCGGTTCAAGCCTA"
"boot_1003_01817","CID4535","Cancer Epithelial","CID4535_CTCATTACACAGCGTC"
"boot_1003_01818","CID4535","Cancer Epithelial","CID4535_GGACATTCAATGGAGC"
"boot_1003_01819","CID4535","Cancer Epithelial","CID4535_CCATTCGGTGAGGGTT"
"boot_1003_01820","CID4535","Cancer Epithelial","CID4535_TCACGAATCTGCGTAA"
"boot_1003_01821","CID4535","Cancer Epithelial","CID4535_TCTCTAACATGGTCAT"
"boot_1003_01822","CID4535","Cancer Epithelial","CID4535_GAACATCCACATGGGA"
"boot_1003_01823","CID4535","Cancer Epithelial","CID4535_GGCAATTAGTGTCTCA"
"boot_1003_01824","CID4535","Cancer Epithelial","CID4535_CGCGTTTGTACGCTGC"
"boot_1003_01825","CID4535","Cancer Epithelial","CID4535_CCGTGGAAGCATGGCA"
"boot_1003_01826","CID4535","Cancer Epithelial","CID4535_GATCGTACAGATCTGT"
"boot_1003_01827","CID4535","Cancer Epithelial","CID4535_GGCTCGAGTTGAGGTG"
"boot_1003_01828","CID4535","Cancer Epithelial","CID4535_CTTTGCGGTGGCCCTA"
"boot_1003_01829","CID4535","Cancer Epithelial","CID4535_CTCGGAGGTCTAACGT"
"boot_1003_01830","CID4535","Cancer Epithelial","CID4535_TCACAAGAGTGGGTTG"
"boot_1003_01831","CID4535","Cancer Epithelial","CID4535_AACGTTGTCAAACGGG"
"boot_1003_01832","CID4535","Cancer Epithelial","CID4535_CGTTGGGAGGCATGTG"
"boot_1003_01833","CID4535","Cancer Epithelial","CID4535_AGAGTGGGTAGGAGTC"
"boot_1003_01834","CID4535","Cancer Epithelial","CID4535_TCTGAGAGTCAGAAGC"
"boot_1003_01835","CID4535","Cancer Epithelial","CID4535_GACGCGTTCTCACATT"
"boot_1003_01836","CID4535","Cancer Epithelial","CID4535_CCTTTCTCAGACTCGC"
"boot_1003_01837","CID4535","Cancer Epithelial","CID4535_CGCGTTTTCAACCATG"
"boot_1003_01838","CID4535","Cancer Epithelial","CID4535_CACAGGCTCCGGGTGT"
"boot_1003_01839","CID4535","Cancer Epithelial","CID4535_GCTCTGTTCTAACTTC"
"boot_1003_01840","CID4535","Cancer Epithelial","CID4535_CAGCAGCGTCTAACGT"
"boot_1003_01841","CID4535","Cancer Epithelial","CID4535_CTTCTCTGTCAGAATA"
"boot_1003_01842","CID4535","Cancer Epithelial","CID4535_ACTGCTCGTTCCCGAG"
"boot_1003_01843","CID4535","Cancer Epithelial","CID4535_ATTTCTGGTCTGCCAG"
"boot_1003_01844","CID4535","Cancer Epithelial","CID4535_GACGGCTGTGTATGGG"
"boot_1003_01845","CID4535","Cancer Epithelial","CID4535_TGTGGTAAGACATAAC"
"boot_1003_01846","CID4535","Cancer Epithelial","CID4535_TTCGGTCTCACCACCT"
"boot_1003_01847","CID4535","Cancer Epithelial","CID4535_ATCCGAACATATGGTC"
"boot_1003_01848","CID4535","Cancer Epithelial","CID4535_TGGCGCAAGCGTTTAC"
"boot_1003_01849","CID4535","Cancer Epithelial","CID4535_TTTGTCAAGATCCCAT"
"boot_1003_01850","CID4535","Cancer Epithelial","CID4535_ATCTACTTCTTGCAAG"
"boot_1003_01851","CID4535","Cancer Epithelial","CID4535_CTCCTAGAGCTACCGC"
"boot_1003_01852","CID4535","Cancer Epithelial","CID4535_TGCGGGTTCTGGCGAC"
"boot_1003_01853","CID4535","Cancer Epithelial","CID4535_CTGGTCTGTAAATGAC"
"boot_1003_01854","CID4535","Cancer Epithelial","CID4535_CACACTCAGTATTGGA"
"boot_1003_01855","CID4535","Cancer Epithelial","CID4535_AACGTTGCATGAGCGA"
"boot_1003_01856","CID4535","Cancer Epithelial","CID4535_GGTGTTAGTCTGCGGT"
"boot_1003_01857","CID4535","Cancer Epithelial","CID4535_AGGTCCGGTCTAAACC"
"boot_1003_01858","CID4535","Cancer Epithelial","CID4535_CAGCAGCGTCTAACGT"
"boot_1003_01859","CID4535","Cancer Epithelial","CID4535_CGATTGACACGGTTTA"
"boot_1003_01860","CID4535","Cancer Epithelial","CID4535_TTAGTTCTCGTTGACA"
"boot_1003_01861","CID4535","Cancer Epithelial","CID4535_ACATGGTAGCCAACAG"
"boot_1003_01862","CID4535","Cancer Epithelial","CID4535_TCTCATACACGAGAGT"
"boot_1003_01863","CID4535","Cancer Epithelial","CID4535_CAACCAAGTTCCGTCT"
"boot_1003_01864","CID4535","Cancer Epithelial","CID4535_GACTACAAGCCACGTC"
"boot_1003_01865","CID4535","Cancer Epithelial","CID4535_TATGCCCCATGGAATA"
"boot_1003_01866","CID4535","Cancer Epithelial","CID4535_CGCGTTTGTACGCTGC"
"boot_1003_01867","CID4535","Cancer Epithelial","CID4535_CACATTTTCACAGTAC"
"boot_1003_01868","CID4535","Cancer Epithelial","CID4535_TAAGAGACAGCCTTTC"
"boot_1003_01869","CID4535","Cancer Epithelial","CID4535_ATCGAGTCACCCTATC"
"boot_1003_01870","CID4535","Cancer Epithelial","CID4535_GAGTCCGAGGGTCTCC"
"boot_1003_01871","CID4535","Cancer Epithelial","CID4535_CGTAGCGCACTATCTT"
"boot_1003_01872","CID4535","Cancer Epithelial","CID4535_TATTACCGTAACGCGA"
"boot_1003_01873","CID4535","Cancer Epithelial","CID4535_CTGAAACAGTCCGTAT"
"boot_1003_01874","CID4535","Cancer Epithelial","CID4535_GCTGCGACACGAAGCA"
"boot_1003_01875","CID4535","Cancer Epithelial","CID4535_GCTGCAGCACGGTAGA"
"boot_1003_01876","CID4535","Cancer Epithelial","CID4535_GTGTTAGAGTATCTCG"
"boot_1003_01877","CID4535","Cancer Epithelial","CID4535_GCACTCTTCAGTGCAT"
"boot_1003_01878","CID4535","Cancer Epithelial","CID4535_ACGGAGATCGTTGACA"
"boot_1003_01879","CID4535","Cancer Epithelial","CID4535_GGATTACTCGGTCCGA"
"boot_1003_01880","CID4535","Cancer Epithelial","CID4535_CACCTTGGTATAAACG"
"boot_1003_01881","CID4535","Cancer Epithelial","CID4535_GATCGTACAGTCTTCC"
"boot_1003_01882","CID4535","Cancer Epithelial","CID4535_GATCGATGTCTAAAGA"
"boot_1003_01883","CID4535","Cancer Epithelial","CID4535_CACATTTTCACAGTAC"
"boot_1003_01884","CID4535","Cancer Epithelial","CID4535_GCGAGAACACTATCTT"
"boot_1003_01885","CID4535","Cancer Epithelial","CID4535_TGACTTTTCCAAGTAC"
"boot_1003_01886","CID4535","Cancer Epithelial","CID4535_CAGTCCTAGGTCATCT"
"boot_1003_01887","CID4535","Cancer Epithelial","CID4535_TGCTACCCACCAGATT"
"boot_1003_01888","CID4535","Cancer Epithelial","CID4535_AAGGAGCCATGAAGTA"
"boot_1003_01889","CID4535","Cancer Epithelial","CID4535_CAAGTTGTCCAAGCCG"
"boot_1003_01890","CID4535","Cancer Epithelial","CID4535_TAAGAGACAGCCTTTC"
"boot_1003_01891","CID4535","Cancer Epithelial","CID4535_CTACGTCTCACAGGCC"
"boot_1003_01892","CID4535","Cancer Epithelial","CID4535_ATTATCCGTACGAAAT"
"boot_1003_01893","CID4535","Cancer Epithelial","CID4535_CTACACCTCCTTTCGG"
"boot_1003_01894","CID4535","Cancer Epithelial","CID4535_AAAGATGCAAGCTGAG"
"boot_1003_01895","CID4535","Cancer Epithelial","CID4535_CGCCAAGGTTTGTGTG"
"boot_1003_01896","CID4535","Cancer Epithelial","CID4535_GACTACAAGTGGAGTC"
"boot_1003_01897","CID4535","Cancer Epithelial","CID4535_CACATAGTCGGCGCAT"
"boot_1003_01898","CID4535","Cancer Epithelial","CID4535_AGTGAGGTCATTTGGG"
"boot_1003_01899","CID4535","Cancer Epithelial","CID4535_TTTGCGCCAGGAACGT"
"boot_1003_01900","CID4535","Cancer Epithelial","CID4535_CTCTAATTCAGCTCGG"
"boot_1003_01901","CID4535","Cancer Epithelial","CID4535_GCAATCATCTGCGTAA"
"boot_1003_01902","CID4535","Cancer Epithelial","CID4535_GCATACATCCCTAACC"
"boot_1003_01903","CID4535","Cancer Epithelial","CID4535_CTTACCGTCTGCGTAA"
"boot_1003_01904","CID4535","Cancer Epithelial","CID4535_TTGAACGCACGGTTTA"
"boot_1003_01905","CID4535","Cancer Epithelial","CID4535_CTGATAGCACCTATCC"
"boot_1003_01906","CID4535","Cancer Epithelial","CID4535_GCATGATGTCCGTTAA"
"boot_1003_01907","CID4535","Cancer Epithelial","CID4535_TCTGAGAGTTTGCATG"
"boot_1003_01908","CID4535","Cancer Epithelial","CID4535_ACTATCTCAAACGCGA"
"boot_1003_01909","CID4535","Cancer Epithelial","CID4535_CGATTGAAGAATCTCC"
"boot_1003_01910","CID4535","Cancer Epithelial","CID4535_AAGACCTTCTAACTTC"
"boot_1003_01911","CID4535","Cancer Epithelial","CID4535_CTGAAGTAGTCCGTAT"
"boot_1003_01912","CID4535","Cancer Epithelial","CID4535_GACGCGTCATCCTTGC"
"boot_1003_01913","CID4535","Cancer Epithelial","CID4535_AAGCCGCAGGTAAACT"
"boot_1003_01914","CID4535","Cancer Epithelial","CID4535_CTAGCCTGTACATCCA"
"boot_1003_01915","CID4535","Cancer Epithelial","CID4535_CCGTTCAGTCCATCCT"
"boot_1003_01916","CID4535","Cancer Epithelial","CID4535_CTACACCTCCTTTCGG"
"boot_1003_01917","CID4535","Cancer Epithelial","CID4535_TCAGCAAAGAAACCGC"
"boot_1003_01918","CID4535","Cancer Epithelial","CID4535_GAGTCCGAGTCTCCTC"
"boot_1003_01919","CID4535","Cancer Epithelial","CID4535_GGGAGATGTACCGAGA"
"boot_1003_01920","CID4535","Cancer Epithelial","CID4535_AAAGTAGAGAGATGAG"
"boot_1003_01921","CID4535","Cancer Epithelial","CID4535_TGCGTGGCAGCAGTTT"
"boot_1003_01922","CID4535","Cancer Epithelial","CID4535_CGATCGGGTGTGTGCC"
"boot_1003_01923","CID4535","Cancer Epithelial","CID4535_TAGACCATCCCACTTG"
"boot_1003_01924","CID4535","Cancer Epithelial","CID4535_CCTTACGTCTTGCAAG"
"boot_1003_01925","CID4535","Cancer Epithelial","CID4535_CACCTTGCAACACCCG"
"boot_1003_01926","CID4535","Cancer Epithelial","CID4535_CGTCCATGTGTTTGGT"
"boot_1003_01927","CID4535","Cancer Epithelial","CID4535_TGTCCCACATGTCTCC"
"boot_1003_01928","CID4535","Cancer Epithelial","CID4535_GTCACAAGTGTAATGA"
"boot_1003_01929","CID4535","Cancer Epithelial","CID4535_CGCTGGAAGGCTCAGA"
"boot_1003_01930","CID4535","Cancer Epithelial","CID4535_CGTCACTGTCTCCCTA"
"boot_1003_01931","CID4535","Cancer Epithelial","CID4535_GTCATTTCAATACGCT"
"boot_1003_01932","CID4535","Cancer Epithelial","CID4535_GCTGCAGCAATTCCTT"
"boot_1003_01933","CID4535","Cancer Epithelial","CID4535_GGCTGGTGTAGCTGCC"
"boot_1003_01934","CID4535","Cancer Epithelial","CID4535_TGTTCCGCATTCCTCG"
"boot_1003_01935","CID4535","Cancer Epithelial","CID4535_CTGTTTAAGTGTCCCG"
"boot_1003_01936","CID4535","Cancer Epithelial","CID4535_TGTGGTAAGCAGCCTC"
"boot_1003_01937","CID4535","Cancer Epithelial","CID4535_AGCTCCTGTACCAGTT"
"boot_1003_01938","CID4535","Cancer Epithelial","CID4535_AAGTCTGGTCTCTCTG"
"boot_1003_01939","CID4535","Cancer Epithelial","CID4535_CTGTTTATCTTCATGT"
"boot_1003_01940","CID4535","Cancer Epithelial","CID4535_CAGATCAGTCAAACTC"
"boot_1003_01941","CID4535","Cancer Epithelial","CID4535_AACTCCCCAGCTATTG"
"boot_1003_01942","CID4535","Cancer Epithelial","CID4535_TACGGTACACTTAACG"
"boot_1003_01943","CID4535","Cancer Epithelial","CID4535_GCAATCAGTTGGTGGA"
"boot_1003_01944","CID4535","Cancer Epithelial","CID4535_CAAGATCGTTACCAGT"
"boot_1003_01945","CID4535","Cancer Epithelial","CID4535_AACCGCGGTGTTCGAT"
"boot_1003_01946","CID4535","Cancer Epithelial","CID4535_AGCTCTCAGCCACGCT"
"boot_1003_01947","CID4535","Cancer Epithelial","CID4535_ACTGCTCGTCAGGACA"
"boot_1003_01948","CID4535","Cancer Epithelial","CID4535_GCAATCAGTTGGTGGA"
"boot_1003_01949","CID4535","Cancer Epithelial","CID4535_ACGCAGCGTGATGATA"
"boot_1003_01950","CID4535","Cancer Epithelial","CID4535_CTCATTACAGCTGTTA"
"boot_1003_01951","CID4535","Cancer Epithelial","CID4535_TGATTTCAGGGAGTAA"
"boot_1003_01952","CID4535","Cancer Epithelial","CID4535_TGTATTCTCTCAACTT"
"boot_1003_01953","CID4535","Cancer Epithelial","CID4535_CACACCTGTAGCGTCC"
"boot_1003_01954","CID4535","Cancer Epithelial","CID4535_GCGCGATAGTCGAGTG"
"boot_1003_01955","CID4535","Cancer Epithelial","CID4535_AAGGAGCCATACAGCT"
"boot_1003_01956","CID4535","Cancer Epithelial","CID4535_GTGTGCGCAAGTCTGT"
"boot_1003_01957","CID4535","Cancer Epithelial","CID4535_CCATTCGAGACCCACC"
"boot_1003_01958","CID4535","Cancer Epithelial","CID4535_GACAGAGTCCACGTTC"
"boot_1003_01959","CID4535","Cancer Epithelial","CID4535_AGCAGCCTCACTTACT"
"boot_1003_01960","CID4535","Cancer Epithelial","CID4535_TCATTTGTCGTTACGA"
"boot_1003_01961","CID4535","Cancer Epithelial","CID4535_CCTATTACACTTAACG"
"boot_1003_01962","CID4535","Cancer Epithelial","CID4535_CACACCTCAGGAACGT"
"boot_1003_01963","CID4535","Cancer Epithelial","CID4535_TCAGCAAAGAAACCGC"
"boot_1003_01964","CID4535","Cancer Epithelial","CID4535_ACTATCTCACGACGAA"
"boot_1003_01965","CID4535","Cancer Epithelial","CID4535_TCGGTAAAGTTCGCAT"
"boot_1003_01966","CID4535","Cancer Epithelial","CID4535_TACACGAGTGTTGAGG"
"boot_1003_01967","CID4535","Cancer Epithelial","CID4535_AGCGGTCTCATGCAAC"
"boot_1003_01968","CID4535","Cancer Epithelial","CID4535_GGGTCTGCACGAAATA"
"boot_1003_01969","CID4535","Cancer Epithelial","CID4535_TCACAAGTCAGAGACG"
"boot_1003_01970","CID4535","Cancer Epithelial","CID4535_CGATGTATCTGCTTGC"
"boot_1003_01971","CID4535","Cancer Epithelial","CID4535_CGTTCTGGTGGTCCGT"
"boot_1003_01972","CID4535","Cancer Epithelial","CID4535_GACTAACGTACCAGTT"
"boot_1003_01973","CID4535","Cancer Epithelial","CID4535_CTCTAATTCTACTCAT"
"boot_1003_01974","CID4535","Cancer Epithelial","CID4535_GGCAATTAGCGCCTCA"
"boot_1003_01975","CID4535","Cancer Epithelial","CID4535_TCAGCAAAGTGCCAGA"
"boot_1003_01976","CID4535","Cancer Epithelial","CID4535_ATGAGGGCATCACGTA"
"boot_1003_01977","CID4535","Cancer Epithelial","CID4535_CAGCGACAGTCCTCCT"
"boot_1003_01978","CID4535","Cancer Epithelial","CID4535_CTGCCTACAAGCTGAG"
"boot_1003_01979","CID4535","Cancer Epithelial","CID4535_CATGACACAATCTACG"
"boot_1003_01980","CID4535","Cancer Epithelial","CID4535_CTCGGGATCGGCTTGG"
"boot_1003_01981","CID4535","Cancer Epithelial","CID4535_CAGTAACAGACACGAC"
"boot_1003_01982","CID4535","Cancer Epithelial","CID4535_TGCGTGGTCACCCGAG"
"boot_1003_01983","CID4535","Cancer Epithelial","CID4535_CAAGAAAAGCTTCGCG"
"boot_1003_01984","CID4535","Cancer Epithelial","CID4535_TCGCGTTAGTTATCGC"
"boot_1003_01985","CID4535","Cancer Epithelial","CID4535_TCAGGATGTCGATTGT"
"boot_1003_01986","CID4535","Cancer Epithelial","CID4535_GTACTTTTCTTAGCCC"
"boot_1003_01987","CID4535","Cancer Epithelial","CID4535_CGTAGCGCACTATCTT"
"boot_1003_01988","CID4535","Cancer Epithelial","CID4535_CGCTATCTCCACTGGG"
"boot_1003_01989","CID4535","Cancer Epithelial","CID4535_GGCAATTGTCGAGATG"
"boot_1003_01990","CID4535","Cancer Epithelial","CID4535_GTTCTCGGTGACCAAG"
"boot_1003_01991","CID4535","Cancer Epithelial","CID4535_TGGCGCAAGACAAGCC"
"boot_1003_01992","CID4535","Cancer Epithelial","CID4535_ACACCGGAGTCCGTAT"
"boot_1003_01993","CID4535","Cancer Epithelial","CID4535_AAAGTAGGTTTGTTGG"
"boot_1003_01994","CID4535","Cancer Epithelial","CID4535_ACTGTCCGTAAACGCG"
"boot_1003_01995","CID4535","Cancer Epithelial","CID4535_GCGCCAATCTCGTATT"
"boot_1003_01996","CID4535","Cancer Epithelial","CID4535_TCAATCTCACCTCGGA"
"boot_1003_01997","CID4535","Cancer Epithelial","CID4535_ACGGAGAAGAATCTCC"
"boot_1003_01998","CID4535","Cancer Epithelial","CID4535_GGGCACTGTAGCGTGA"
"boot_1003_01999","CID4535","Cancer Epithelial","CID4535_GCGCAACCATCTCCCA"
"boot_1003_02000","CID4535","Cancer Epithelial","CID4535_CTGAAACAGGCTAGCA"
"boot_1003_02001","CID4535","Cancer Epithelial","CID4535_GTAACGTGTGCAACTT"
"boot_1003_02002","CID4535","Cancer Epithelial","CID4535_ACTGAGTGTCTCCCTA"
"boot_1003_02003","CID4535","Cancer Epithelial","CID4535_CTGCCTACAGGGTACA"
"boot_1003_02004","CID4535","Cancer Epithelial","CID4535_TCTGGAATCGCCGTGA"
"boot_1003_02005","CID4535","Cancer Epithelial","CID4535_TTGGCAAAGCTAGGCA"
"boot_1003_02006","CID4535","Cancer Epithelial","CID4535_ACACCGGGTCTTGTCC"
"boot_1003_02007","CID4535","Cancer Epithelial","CID4535_AACTGGTTCAGCTGGC"
"boot_1003_02008","CID4535","Cancer Epithelial","CID4535_TGGCGCATCGCCTGTT"
"boot_1003_02009","CID4535","Cancer Epithelial","CID4535_GCTCTGTTCGTTTGCC"
"boot_1003_02010","CID4535","Cancer Epithelial","CID4535_ATTGGACTCATGCAAC"
"boot_1003_02011","CID4535","Cancer Epithelial","CID4535_AGCGGTCCAGACGCTC"
"boot_1003_02012","CID4535","Cancer Epithelial","CID4535_TTCTCAATCATCATTC"
"boot_1003_02013","CID4535","Cancer Epithelial","CID4535_AGAGCTTGTTCGAATC"
"boot_1003_02014","CID4535","Cancer Epithelial","CID4535_CAGTAACCACGAAACG"
"boot_1003_02015","CID4535","Cancer Epithelial","CID4535_GACTACACACGAAAGC"
"boot_1003_02016","CID4535","Cancer Epithelial","CID4535_CAGTAACAGTGGCACA"
"boot_1003_02017","CID4535","Cancer Epithelial","CID4535_ATAACGCCAATAGAGT"
"boot_1003_02018","CID4535","Cancer Epithelial","CID4535_AAAGTAGTCAACACGT"
"boot_1003_02019","CID4535","Cancer Epithelial","CID4535_GCACTCTTCAGTGCAT"
"boot_1003_02020","CID4535","Cancer Epithelial","CID4535_ACTGATGCAAGAAGAG"
"boot_1003_02021","CID4535","Cancer Epithelial","CID4535_CAGCATAGTGCGCTTG"
"boot_1003_02022","CID4535","Cancer Epithelial","CID4535_ACGCAGCAGCGCTTAT"
"boot_1003_02023","CID4535","Cancer Epithelial","CID4535_AAAGATGAGAGTACCG"
"boot_1003_02024","CID4535","Cancer Epithelial","CID4535_CTCCTAGCAAGACGTG"
"boot_1003_02025","CID4535","Cancer Epithelial","CID4535_AACTTTCCACGGCGTT"
"boot_1003_02026","CID4535","Cancer Epithelial","CID4535_CGTGAGCGTAAGTGTA"
"boot_1003_02027","CID4535","Cancer Epithelial","CID4535_GCAAACTAGAGCCTAG"
"boot_1003_02028","CID4535","Cancer Epithelial","CID4535_CTCAGAAGTTCAGGCC"
"boot_1003_02029","CID4535","Cancer Epithelial","CID4535_TTCGAAGAGACAGACC"
"boot_1003_02030","CID4535","Cancer Epithelial","CID4535_GATCGCGAGCTAGCCC"
"boot_1003_02031","CID4535","Cancer Epithelial","CID4535_TTGTAGGAGAGTAATC"
"boot_1003_02032","CID4535","Cancer Epithelial","CID4535_CGTTCTGAGGCAAAGA"
"boot_1003_02033","CID4535","Cancer Epithelial","CID4535_AGAGTGGCACGTTGGC"
"boot_1003_02034","CID4535","Cancer Epithelial","CID4535_TCGTACCCACGGCGTT"
"boot_1003_02035","CID4535","Cancer Epithelial","CID4535_GCGCAACCATCTCCCA"
"boot_1003_02036","CID4535","Cancer Epithelial","CID4535_CTAAGACAGAACTGTA"
"boot_1003_02037","CID4535","Cancer Epithelial","CID4535_CTGTGCTCAGCATGAG"
"boot_1003_02038","CID4535","Cancer Epithelial","CID4535_AGTCTTTCAAGTAATG"
"boot_1003_02039","CID4535","Cancer Epithelial","CID4535_CGTTGGGTCAGTTGAC"
"boot_1003_02040","CID4535","Cancer Epithelial","CID4535_CACACTCTCGCCATAA"
"boot_1003_02041","CID4535","Cancer Epithelial","CID4535_CGGACACTCTTTACGT"
"boot_1003_02042","CID4535","Cancer Epithelial","CID4535_GTTAAGCAGTGCCATT"
"boot_1003_02043","CID4535","Cancer Epithelial","CID4535_GGTGAAGGTCTCTTTA"
"boot_1003_02044","CID4535","Cancer Epithelial","CID4535_TGCCAAACAGGGCATA"
"boot_1003_02045","CID4535","Cancer Epithelial","CID4535_ACTGCTCGTTCCCGAG"
"boot_1003_02046","CID4535","Cancer Epithelial","CID4535_TCAGCAATCAGGCGAA"
"boot_1003_02047","CID4535","Cancer Epithelial","CID4535_GTATTCTAGCCGATTT"
"boot_1003_02048","CID4535","Cancer Epithelial","CID4535_CTCCTAGTCATGCATG"
"boot_1003_02049","CID4535","Cancer Epithelial","CID4535_ATTACTCGTCTCTTTA"
"boot_1003_02050","CID4535","Cancer Epithelial","CID4535_ACCCACTAGCGATGAC"
"boot_1003_02051","CID4535","Cancer Epithelial","CID4535_CCACCTAGTGACAAAT"
"boot_1003_02052","CID4535","Cancer Epithelial","CID4535_GTACGTAAGTCAAGCG"
"boot_1003_02053","CID4535","Cancer Epithelial","CID4535_CACAGGCCAGACAAAT"
"boot_1003_02054","CID4535","Cancer Epithelial","CID4535_CTCCTAGTCTATGTGG"
"boot_1003_02055","CID4535","Cancer Epithelial","CID4535_ATTATCCGTACGAAAT"
"boot_1003_02056","CID4535","Cancer Epithelial","CID4535_GGCAATTAGTGTCTCA"
"boot_1003_02057","CID4535","Cancer Epithelial","CID4535_TCGCGAGGTCGCATAT"
"boot_1003_02058","CID4535","Cancer Epithelial","CID4535_GTACGTACAGCGTTCG"
"boot_1003_02059","CID4535","Cancer Epithelial","CID4535_ATCCGAATCACTTATC"
"boot_1003_02060","CID4535","Cancer Epithelial","CID4535_CGTGTAAAGTCGAGTG"
"boot_1003_02061","CID4535","Cancer Epithelial","CID4535_TCGCGAGCACAAGTAA"
"boot_1003_02062","CID4535","Cancer Epithelial","CID4535_ACGATACGTCTGCGGT"
"boot_1003_02063","CID4535","Cancer Epithelial","CID4535_TGAAAGAGTTGTCGCG"
"boot_1003_02064","CID4535","Cancer Epithelial","CID4535_ACTGTCCGTAAACGCG"
"boot_1003_02065","CID4535","Cancer Epithelial","CID4535_CGTTCTGCAGCATACT"
"boot_1003_02066","CID4535","Cancer Epithelial","CID4535_AATCCAGCAAGCGTAG"
"boot_1003_02067","CID4535","Cancer Epithelial","CID4535_TCTGAGAAGTTCGCGC"
"boot_1003_02068","CID4535","Cancer Epithelial","CID4535_TATCTCATCGCTTAGA"
"boot_1003_02069","CID4535","Cancer Epithelial","CID4535_GTGCTTCCATCACGAT"
"boot_1003_02070","CID4535","Cancer Epithelial","CID4535_CTCTACGGTTCGCGAC"
"boot_1003_02071","CID4535","Cancer Epithelial","CID4535_GCGAGAAGTTGGTGGA"
"boot_1003_02072","CID4535","Cancer Epithelial","CID4535_AGAGTGGAGCGACGTA"
"boot_1003_02073","CID4535","Cancer Epithelial","CID4535_GTAGTCACAGCGTTCG"
"boot_1003_02074","CID4535","Cancer Epithelial","CID4535_CTTCTCTGTTCAGTAC"
"boot_1003_02075","CID4535","Cancer Epithelial","CID4535_TCTTTCCTCCTTTCTC"
"boot_1003_02076","CID4535","Cancer Epithelial","CID4535_CGTGAGCCAATGGATA"
"boot_1003_02077","CID4535","Cancer Epithelial","CID4535_TAGGCATCAGCTGCTG"
"boot_1003_02078","CID4535","Cancer Epithelial","CID4535_ATCACGAGTATAGGGC"
"boot_1003_02079","CID4535","Cancer Epithelial","CID4535_TACGGATGTCAGATAA"
"boot_1003_02080","CID4535","Cancer Epithelial","CID4535_TACTCATCAGCTTCGG"
"boot_1003_02081","CID4535","Cancer Epithelial","CID4535_TGCTGCTCATTGGTAC"
"boot_1003_02082","CID4535","Cancer Epithelial","CID4535_TTCCCAGAGCACACAG"
"boot_1003_02083","CID4535","Cancer Epithelial","CID4535_TGCGGGTCAACTTGAC"
"boot_1003_02084","CID4535","Cancer Epithelial","CID4535_CCTTCCCAGTGATCGG"
"boot_1003_02085","CID4535","Cancer Epithelial","CID4535_GATGAAAGTAGCTGCC"
"boot_1003_02086","CID4535","Cancer Epithelial","CID4535_CCTTACGTCTTGCAAG"
"boot_1003_02087","CID4535","Cancer Epithelial","CID4535_TCTTTCCAGGTGTTAA"
"boot_1003_02088","CID4535","Cancer Epithelial","CID4535_TTAGGCATCCGCGCAA"
"boot_1003_02089","CID4535","Cancer Epithelial","CID4535_CGAACATCACACCGAC"
"boot_1003_02090","CID4535","Cancer Epithelial","CID4535_GAACGGAAGTGAATTG"
"boot_1003_02091","CID4535","Cancer Epithelial","CID4535_GCGCCAACATGCAATC"
"boot_1003_02092","CID4535","Cancer Epithelial","CID4535_CCTTACGTCTTGCAAG"
"boot_1003_02093","CID4535","Cancer Epithelial","CID4535_GACGGCTGTGTATGGG"
"boot_1003_02094","CID4535","Cancer Epithelial","CID4535_TAAACCGGTTATTCTC"
"boot_1003_02095","CID4535","Cancer Epithelial","CID4535_GTTAAGCTCGTTACAG"
"boot_1003_02096","CID4535","Cancer Epithelial","CID4535_GGTGCGTTCTTAGAGC"
"boot_1003_02097","CID4535","Cancer Epithelial","CID4535_CTAACTTTCCACGACG"
"boot_1003_02098","CID4535","Cancer Epithelial","CID4535_CGTTCTGGTAGCTTGT"
"boot_1003_02099","CID4535","Cancer Epithelial","CID4535_CCTCTGAAGAGGTTAT"
"boot_1003_02100","CID4535","Cancer Epithelial","CID4535_CCTAGCTAGGTCGGAT"
"boot_1003_02101","CID4535","Cancer Epithelial","CID4535_AGAGCGACAATCTGCA"
"boot_1003_02102","CID4535","Cancer Epithelial","CID4535_GTCATTTGTGAGGCTA"
"boot_1003_02103","CID4535","Cancer Epithelial","CID4535_AGCCTAAGTGACGGTA"
"boot_1003_02104","CID4535","Cancer Epithelial","CID4535_TGTCCCATCACATAGC"
"boot_1003_02105","CID4535","Cancer Epithelial","CID4535_CGTCCATGTGTTTGGT"
"boot_1003_02106","CID4535","Cancer Epithelial","CID4535_ATGTGTGTCAGCAACT"
"boot_1003_02107","CID4535","Cancer Epithelial","CID4535_TAAACCGCACCTCGGA"
"boot_1003_02108","CID4535","Cancer Epithelial","CID4535_CAGGTGCGTGCGCTTG"
"boot_1003_02109","CID4535","Cancer Epithelial","CID4535_CCTATTACACTTAACG"
"boot_1003_02110","CID4535","Cancer Epithelial","CID4535_GAGGTGACACCGATAT"
"boot_1003_02111","CID4535","Cancer Epithelial","CID4535_AAGGAGCTCTGAGTGT"
"boot_1003_02112","CID4535","Cancer Epithelial","CID4535_TCACAAGTCAGAGACG"
"boot_1003_02113","CID4535","Cancer Epithelial","CID4535_ACGAGCCGTTCTGGTA"
"boot_1003_02114","CID4535","Cancer Epithelial","CID4535_TGAGGGATCCAAGTAC"
"boot_1003_02115","CID4535","Cancer Epithelial","CID4535_ACAGCTAAGCGTTGCC"
"boot_1003_02116","CID4535","Cancer Epithelial","CID4535_TCTATTGTCGTACGGC"
"boot_1003_02117","CID4535","Cancer Epithelial","CID4535_CTCTAATCAGTGACAG"
"boot_1003_02118","CID4535","Cancer Epithelial","CID4535_ATCTGCCAGCGAGAAA"
"boot_1003_02119","CID4535","Cancer Epithelial","CID4535_TTAACTCAGTGTACCT"
"boot_1003_02120","CID4535","Cancer Epithelial","CID4535_TTGCGTCCACCGAATT"
"boot_1003_02121","CID4535","Cancer Epithelial","CID4535_CTCTACGGTCGAGTTT"
"boot_1003_02122","CID4535","Cancer Epithelial","CID4535_CGGAGTCAGGTAGCCA"
"boot_1003_02123","CID4535","Cancer Epithelial","CID4535_ACGAGGAAGCTTCGCG"
"boot_1003_02124","CID4535","Cancer Epithelial","CID4535_AGTGGGAGTCCAGTTA"
"boot_1003_02125","CID4535","Cancer Epithelial","CID4535_TCCCGATCATACTCTT"
"boot_1003_02126","CID4535","Cancer Epithelial","CID4535_TCGTAGAGTGGTCCGT"
"boot_1003_02127","CID4535","Cancer Epithelial","CID4535_CGATGTAGTGAGCGAT"
"boot_1003_02128","CID4535","Cancer Epithelial","CID4535_CGTGTAACAAGGCTCC"
"boot_1003_02129","CID4535","Cancer Epithelial","CID4535_GTAGGCCAGGTAGCTG"
"boot_1003_02130","CID4535","Cancer Epithelial","CID4535_TTAACTCAGTGTACCT"
"boot_1003_02131","CID4535","Cancer Epithelial","CID4535_GTAACTGTCCTATGTT"
"boot_1003_02132","CID4535","Cancer Epithelial","CID4535_AGCGTATGTAGCTGCC"
"boot_1003_02133","CID4535","Cancer Epithelial","CID4535_CGTTAGATCTGCAGTA"
"boot_1003_02134","CID4535","Cancer Epithelial","CID4535_AGCCTAAGTGACGGTA"
"boot_1003_02135","CID4535","Cancer Epithelial","CID4535_CGTTCTGCAATAGCAA"
"boot_1003_02136","CID4535","Cancer Epithelial","CID4535_TCACGAATCTGCGTAA"
"boot_1003_02137","CID4535","Cancer Epithelial","CID4535_GGGTTGCTCCGATATG"
"boot_1003_02138","CID4535","Cancer Epithelial","CID4535_GAAACTCCAATGGATA"
"boot_1003_02139","CID4535","Cancer Epithelial","CID4535_CAGATCAGTCTTTCAT"
"boot_1003_02140","CID4535","Cancer Epithelial","CID4535_TATGCCCCATGGAATA"
"boot_1003_02141","CID4535","Cancer Epithelial","CID4535_CACACTCTCGCCATAA"
"boot_1003_02142","CID4535","Cancer Epithelial","CID4535_ACCTTTACACGAAATA"
"boot_1003_02143","CID4535","Cancer Epithelial","CID4535_CTGCTGTCATCATCCC"
"boot_1003_02144","CID4535","Cancer Epithelial","CID4535_TTAGTTCGTTCACCTC"
"boot_1003_02145","CID4535","Cancer Epithelial","CID4535_CTGAAACAGTCCGTAT"
"boot_1003_02146","CID4535","Cancer Epithelial","CID4535_CATTCGCTCGTCCAGG"
"boot_1003_02147","CID4535","Cancer Epithelial","CID4535_CCAATCCAGTACGATA"
"boot_1003_02148","CID4535","Cancer Epithelial","CID4535_ATGAGGGGTACATGTC"
"boot_1003_02149","CID4535","Cancer Epithelial","CID4535_AGTGGGAGTCTTCAAG"
"boot_1003_02150","CID4535","Cancer Epithelial","CID4535_TGACTTTGTCCTCTTG"
"boot_1003_02151","CID4535","Cancer Epithelial","CID4535_TATGCCCCATGGAATA"
"boot_1003_02152","CID4535","Cancer Epithelial","CID4535_CAGCGACTCCACTGGG"
"boot_1003_02153","CID4535","Cancer Epithelial","CID4535_GCTCTGTTCGTTTGCC"
"boot_1003_02154","CID4535","Cancer Epithelial","CID4535_TGTGGTAAGACATAAC"
"boot_1003_02155","CID4535","Cancer Epithelial","CID4535_GCTCCTAAGTTTCCTT"
"boot_1003_02156","CID4535","Cancer Epithelial","CID4535_CCGTGGAAGCATGGCA"
"boot_1003_02157","CID4535","Cancer Epithelial","CID4535_AACACGTTCGGTGTTA"
"boot_1003_02158","CID4535","Cancer Epithelial","CID4535_CTCGTACAGGTAAACT"
"boot_1003_02159","CID4535","Cancer Epithelial","CID4535_TGGGAAGAGATCACGG"
"boot_1003_02160","CID4535","Cancer Epithelial","CID4535_ACTTTCAAGCAAATCA"
"boot_1003_02161","CID4535","Cancer Epithelial","CID4535_TGCTACCCACCAGATT"
"boot_1003_02162","CID4535","Cancer Epithelial","CID4535_TATGCCCTCGGTTAAC"
"boot_1003_02163","CID4535","Cancer Epithelial","CID4535_GCATGATGTCCGTTAA"
"boot_1003_02164","CID4535","Cancer Epithelial","CID4535_CAGTCCTAGATATGCA"
"boot_1003_02165","CID4535","Cancer Epithelial","CID4535_CATATGGAGGGTTCCC"
"boot_1003_02166","CID4535","Cancer Epithelial","CID4535_ATGAGGGGTGTCAATC"
"boot_1003_02167","CID4535","Cancer Epithelial","CID4535_ATTGGACCACCAGGTC"
"boot_1003_02168","CID4535","Cancer Epithelial","CID4535_ACAGCTATCATGGTCA"
"boot_1003_02169","CID4535","Cancer Epithelial","CID4535_TCGGGACTCGCGCCAA"
"boot_1003_02170","CID4535","Cancer Epithelial","CID4535_GCAAACTCATCAGTCA"
"boot_1003_02171","CID4535","Cancer Epithelial","CID4535_GTTCATTTCACCTTAT"
"boot_1003_02172","CID4535","Cancer Epithelial","CID4535_TCAGGATCAACGCACC"
"boot_1003_02173","CID4535","Cancer Epithelial","CID4535_GTACGTAAGATATGCA"
"boot_1003_02174","CID4535","Cancer Epithelial","CID4535_GACGTTAGTCCTGCTT"
"boot_1003_02175","CID4535","Cancer Epithelial","CID4535_CGTCACTGTTGATTGC"
"boot_1003_02176","CID4535","Cancer Epithelial","CID4535_AAAGCAATCCATGCTC"
"boot_1003_02177","CID4535","Cancer Epithelial","CID4535_TCTTTCCTCCTTTCTC"
"boot_1003_02178","CID4535","Cancer Epithelial","CID4535_TTAGTTCAGTCCGTAT"
"boot_1003_02179","CID4535","Cancer Epithelial","CID4535_GTCGTAAAGTGATCGG"
"boot_1003_02180","CID4535","Cancer Epithelial","CID4535_CTCGGGACATCAGTAC"
"boot_1003_02181","CID4535","Cancer Epithelial","CID4535_GCATACAGTACAGTTC"
"boot_1003_02182","CID4535","Cancer Epithelial","CID4535_CTACGTCTCGGTCTAA"
"boot_1003_02183","CID4535","Cancer Epithelial","CID4535_CCTAGCTTCTCGTATT"
"boot_1003_02184","CID4535","Cancer Epithelial","CID4535_GACCTGGGTACGAAAT"
"boot_1003_02185","CID4535","Cancer Epithelial","CID4535_ACGGGTCTCGCATGGC"
"boot_1003_02186","CID4535","Cancer Epithelial","CID4535_GGCGACTTCCTAGAAC"
"boot_1003_02187","CID4535","Cancer Epithelial","CID4535_CGTTCTGCAGCATACT"
"boot_1003_02188","CID4535","Cancer Epithelial","CID4535_CAGCATAAGAGGACGG"
"boot_1003_02189","CID4535","Cancer Epithelial","CID4535_CTCGTACTCAATCTCT"
"boot_1003_02190","CID4535","Cancer Epithelial","CID4535_ACACTGATCACAGGCC"
"boot_1003_02191","CID4535","Cancer Epithelial","CID4535_CCATTCGAGTGGCACA"
"boot_1003_02192","CID4535","Cancer Epithelial","CID4535_CCACTACCAATGCCAT"
"boot_1003_02193","CID4535","Cancer Epithelial","CID4535_CAAGGCCTCTGTTTGT"
"boot_1003_02194","CID4535","Cancer Epithelial","CID4535_CAGTAACAGTTGTAGA"
"boot_1003_02195","CID4535","Cancer Epithelial","CID4535_ACTTTCATCGGCCGAT"
"boot_1003_02196","CID4535","Cancer Epithelial","CID4535_ATTGGACCACCAGGTC"
"boot_1003_02197","CID4535","Cancer Epithelial","CID4535_ACCCACTAGCCTCGTG"
"boot_1003_02198","CID4535","Cancer Epithelial","CID4535_TGAAAGACATTGCGGC"
"boot_1003_02199","CID4535","Cancer Epithelial","CID4535_TTGCGTCTCTCCTATA"
"boot_1003_02200","CID4535","Cancer Epithelial","CID4535_CTGCGGAAGTAATCCC"
"boot_1003_02201","CID4535","Cancer Epithelial","CID4535_CCTTCGACACGAAACG"
"boot_1003_02202","CID4535","Cancer Epithelial","CID4535_TTGCGTCGTACACCGC"
"boot_1003_02203","CID4535","Cancer Epithelial","CID4535_ACGGGCTGTGAACCTT"
"boot_1003_02204","CID4535","Cancer Epithelial","CID4535_CTCGTCAGTCTCGTTC"
"boot_1003_02205","CID4535","Cancer Epithelial","CID4535_CTTAACTGTAAACCTC"
"boot_1003_02206","CID4535","Cancer Epithelial","CID4535_TGGGCGTCAATAAGCA"
"boot_1003_02207","CID4535","Cancer Epithelial","CID4535_CCAATCCAGTACGATA"
"boot_1003_02208","CID4535","Cancer Epithelial","CID4535_TCTGAGAAGTGCCATT"
"boot_1003_02209","CID4535","Cancer Epithelial","CID4535_CGTCCATTCACTCTTA"
"boot_1003_02210","CID4535","Cancer Epithelial","CID4535_TCTCTAAGTAGGCATG"
"boot_1003_02211","CID4535","Cancer Epithelial","CID4535_CATCGAATCTCGCATC"
"boot_1003_02212","CID4535","Cancer Epithelial","CID4535_TCTGAGAGTCAGAAGC"
"boot_1003_02213","CID4535","Cancer Epithelial","CID4535_CCGTGGACAAAGTGCG"
"boot_1003_02214","CID4535","Cancer Epithelial","CID4535_TGGACGCTCCGCGGTA"
"boot_1003_02215","CID4535","Cancer Epithelial","CID4535_GACTACAGTCAAACTC"
"boot_1003_02216","CID4535","Cancer Epithelial","CID4535_ACTTGTTAGAGGTTGC"
"boot_1003_02217","CID4535","Cancer Epithelial","CID4535_GCGCCAACATGCAATC"
"boot_1003_02218","CID4535","Cancer Epithelial","CID4535_TCACAAGGTTCCATGA"
"boot_1003_02219","CID4535","Cancer Epithelial","CID4535_GTCGTAACACTGCCAG"
"boot_1003_02220","CID4535","Cancer Epithelial","CID4535_GCGACCATCCGTTGTC"
"boot_1003_02221","CID4535","Cancer Epithelial","CID4535_CGAGCCATCTGATTCT"
"boot_1003_02222","CID4535","Cancer Epithelial","CID4535_CAAGGCCGTTCCGGCA"
"boot_1003_02223","CID4535","Cancer Epithelial","CID4535_ATTTCTGTCCCTCTTT"
"boot_1003_02224","CID4535","Cancer Epithelial","CID4535_CAGATCATCAACGGCC"
"boot_1003_02225","CID4535","Cancer Epithelial","CID4535_CGGTTAAAGTGCGTGA"
"boot_1003_02226","CID4535","Cancer Epithelial","CID4535_CAGAATCAGGTGATAT"
"boot_1003_02227","CID4535","Cancer Epithelial","CID4535_AATCCAGCAAGCGTAG"
"boot_1003_02228","CID4535","Cancer Epithelial","CID4535_TAAGTGCGTAGGCATG"
"boot_1003_02229","CID4535","Cancer Epithelial","CID4535_CCCAATCGTTCGTTGA"
"boot_1003_02230","CID4535","Cancer Epithelial","CID4535_CTCGTCAGTCTCGTTC"
"boot_1003_02231","CID4535","Cancer Epithelial","CID4535_CACACAACATCCAACA"
"boot_1003_02232","CID4535","Cancer Epithelial","CID4535_ATCTACTGTGCCTGTG"
"boot_1003_02233","CID4535","Cancer Epithelial","CID4535_TAAACCGGTCAATACC"
"boot_1003_02234","CID4535","Cancer Epithelial","CID4535_ACACCAACAGCGTTCG"
"boot_1003_02235","CID4535","Cancer Epithelial","CID4535_ATAGACCCAGATGGGT"
"boot_1003_02236","CID4535","Cancer Epithelial","CID4535_CATCAAGCACCAACCG"
"boot_1003_02237","CID4535","Cancer Epithelial","CID4535_GCGCGATAGTGGGATC"
"boot_1003_02238","CID4535","Cancer Epithelial","CID4535_GCAGCCAGTTTAGCTG"
"boot_1003_02239","CID4535","Cancer Epithelial","CID4535_CTAATGGAGGGCACTA"
"boot_1003_02240","CID4535","Cancer Epithelial","CID4535_AGCGGTCTCATGCAAC"
"boot_1003_02241","CID4535","Cancer Epithelial","CID4535_ACGATGTGTCCAGTGC"
"boot_1003_02242","CID4535","Cancer Epithelial","CID4535_GTGCGGTTCAAGCCTA"
"boot_1003_02243","CID4535","Cancer Epithelial","CID4535_TTCCCAGAGTTTCCTT"
"boot_1003_02244","CID4535","Cancer Epithelial","CID4535_CTTCTCTCAACACCTA"
"boot_1003_02245","CID4535","Cancer Epithelial","CID4535_CTCATTACATGTTGAC"
"boot_1003_02246","CID4535","Cancer Epithelial","CID4535_CACATAGGTCAAAGCG"
"boot_1003_02247","CID4535","Cancer Epithelial","CID4535_GCGGGTTCATGAACCT"
"boot_1003_02248","CID4535","Cancer Epithelial","CID4535_ACGCAGCAGTAACCCT"
"boot_1003_02249","CID4535","Cancer Epithelial","CID4535_TCGGTAAGTCGGCACT"
"boot_1003_02250","CID4535","Cancer Epithelial","CID4535_AGGCCGTGTCTGCCAG"
"boot_1003_02251","CID4535","Cancer Epithelial","CID4535_GTGCAGCCAACGCACC"
"boot_1003_02252","CID4535","Cancer Epithelial","CID4535_TTCTCAATCGGTGTCG"
"boot_1003_02253","CID4535","Cancer Epithelial","CID4535_GTTACAGAGCCGTCGT"
"boot_1003_02254","CID4535","Cancer Epithelial","CID4535_AGCTTGAAGCGTTGCC"
"boot_1003_02255","CID4535","Cancer Epithelial","CID4535_GTGCGGTCATCTATGG"
"boot_1003_02256","CID4535","Cancer Epithelial","CID4535_AAACGGGCAACAACCT"
"boot_1003_02257","CID4535","Cancer Epithelial","CID4535_ACGAGCCAGTGGGATC"
"boot_1003_02258","CID4535","Cancer Epithelial","CID4535_CAAGATCGTAACGCGA"
"boot_1003_02259","CID4535","Cancer Epithelial","CID4535_GGGCATCTCGGCGCTA"
"boot_1003_02260","CID4535","Cancer Epithelial","CID4535_TTCGAAGAGACAGACC"
"boot_1003_02261","CID4535","Cancer Epithelial","CID4535_TTAACTCAGTCCTCCT"
"boot_1003_02262","CID4535","Cancer Epithelial","CID4535_ACACTGAGTCGACTAT"
"boot_1003_02263","CID4535","Cancer Epithelial","CID4535_CAAGAAAGTTAAGATG"
"boot_1003_02264","CID4535","Cancer Epithelial","CID4535_ATAACGCAGTGTGAAT"
"boot_1003_02265","CID4535","Cancer Epithelial","CID4535_CAGTAACCACGAAACG"
"boot_1003_02266","CID4535","Cancer Epithelial","CID4535_ACGATACGTGATAAGT"
"boot_1003_02267","CID4535","Cancer Epithelial","CID4535_GTACGTAAGTCAAGCG"
"boot_1003_02268","CID4535","Cancer Epithelial","CID4535_GCTGCTTTCTCTTATG"
"boot_1003_02269","CID4535","Cancer Epithelial","CID4535_AACTTTCCAAAGGAAG"
"boot_1003_02270","CID4535","Cancer Epithelial","CID4535_CAGAATCCATGGGACA"
"boot_1003_02271","CID4535","Cancer Epithelial","CID4535_GCAGCCACACGCATCG"
"boot_1003_02272","CID4535","Cancer Epithelial","CID4535_AGCGTATGTAGCTGCC"
"boot_1003_02273","CID4535","Cancer Epithelial","CID4535_GAACCTATCTTGAGGT"
"boot_1003_02274","CID4535","Cancer Epithelial","CID4535_CTGGTCTGTTCACCTC"
"boot_1003_02275","CID4535","Cancer Epithelial","CID4535_CCTATTACACACAGAG"
"boot_1003_02276","CID4535","Cancer Epithelial","CID4535_CGGGTCAAGACTCGGA"
"boot_1003_02277","CID4535","Cancer Epithelial","CID4535_CAGAATCCATGGGACA"
"boot_1003_02278","CID4535","Cancer Epithelial","CID4535_ACGCAGCGTACAGTTC"
"boot_1003_02279","CID4535","Cancer Epithelial","CID4535_GTCACAACACCGAAAG"
"boot_1003_02280","CID4535","Cancer Epithelial","CID4535_TGTATTCTCTGAGTGT"
"boot_1003_02281","CID4535","Cancer Epithelial","CID4535_CGACTTCCATTCGACA"
"boot_1003_02282","CID4535","Cancer Epithelial","CID4535_TTCGAAGCATGTCCTC"
"boot_1003_02283","CID4535","Cancer Epithelial","CID4535_GCGAGAACAGGTGGAT"
"boot_1003_02284","CID4535","Cancer Epithelial","CID4535_GTACGTACACATTAGC"
"boot_1003_02285","CID4535","Cancer Epithelial","CID4535_CCACCTAAGTCGATAA"
"boot_1003_02286","CID4535","Cancer Epithelial","CID4535_GAACCTATCCTCGCAT"
"boot_1003_02287","CID4535","Cancer Epithelial","CID4535_CCCATACGTAGCGTAG"
"boot_1003_02288","CID4535","Cancer Epithelial","CID4535_GTGCGGTTCAAGCCTA"
"boot_1003_02289","CID4535","Cancer Epithelial","CID4535_AGGCCGTCAGTATCTG"
"boot_1003_02290","CID4535","Cancer Epithelial","CID4535_CACTCCATCATGGTCA"
"boot_1003_02291","CID4535","Cancer Epithelial","CID4535_GAGCAGATCATTGCGA"
"boot_1003_02292","CID4535","Cancer Epithelial","CID4535_ATTTCTGGTCTGCCAG"
"boot_1003_02293","CID4535","Cancer Epithelial","CID4535_CATATTCAGTACCGGA"
"boot_1003_02294","CID4535","Cancer Epithelial","CID4535_CTACCCATCGTTGACA"
"boot_1003_02295","CID4535","Cancer Epithelial","CID4535_TCGTAGAGTGGTCCGT"
"boot_1003_02296","CID4535","Cancer Epithelial","CID4535_AGGTCCGTCTTATCTG"
"boot_1003_02297","CID4535","Cancer Epithelial","CID4535_CGAACATCACGGCTAC"
"boot_1003_02298","CID4535","Cancer Epithelial","CID4535_TCATTTGTCCACGTGG"
"boot_1003_02299","CID4535","Cancer Epithelial","CID4535_GCAGCCACATGCGCAC"
"boot_1003_02300","CID4535","Cancer Epithelial","CID4535_TGCGGGTCAAGACACG"
"boot_1003_02301","CID4535","Cancer Epithelial","CID4535_ATCGAGTTCCCAAGTA"
"boot_1003_02302","CID4535","Cancer Epithelial","CID4535_CTAGAGTAGTAACCCT"
"boot_1003_02303","CID4535","Cancer Epithelial","CID4535_ACTGCTCTCGCCATAA"
"boot_1003_02304","CID4535","Cancer Epithelial","CID4535_CAGGTGCAGTCTTGCA"
"boot_1003_02305","CID4535","Cancer Epithelial","CID4535_GAACATCCACATGGGA"
"boot_1003_02306","CID4535","Cancer Epithelial","CID4535_TTCTCAATCATCATTC"
"boot_1003_02307","CID4535","Cancer Epithelial","CID4535_CACAGGCGTTCACGGC"
"boot_1003_02308","CID4535","Cancer Epithelial","CID4535_TACGGTATCAGCATGT"
"boot_1003_02309","CID4535","Cancer Epithelial","CID4535_GTGTTAGGTGGTCCGT"
"boot_1003_02310","CID4535","Cancer Epithelial","CID4535_GCAAACTTCGCACTCT"
"boot_1003_02311","CID4535","Cancer Epithelial","CID4535_AAACGGGTCTAACTGG"
"boot_1003_02312","CID4535","Cancer Epithelial","CID4535_GTTCGGGTCTGGTTCC"
"boot_1003_02313","CID4535","Cancer Epithelial","CID4535_CTACATTTCAAGAAGT"
"boot_1003_02314","CID4535","Cancer Epithelial","CID4535_GCGCGATTCTCTTGAT"
"boot_1003_02315","CID4535","Cancer Epithelial","CID4535_CTCATTATCTGGGCCA"
"boot_1003_02316","CID4535","Cancer Epithelial","CID4535_CTGCCTACAGGGTACA"
"boot_1003_02317","CID4535","Cancer Epithelial","CID4535_CGCTATCGTCGACTAT"
"boot_1003_02318","CID4535","Cancer Epithelial","CID4535_CTGATAGCACAAGTAA"
"boot_1003_02319","CID4535","Cancer Epithelial","CID4535_TGAGCATCATGCCACG"
"boot_1003_02320","CID4535","Cancer Epithelial","CID4535_GCATACAGTACAGTTC"
"boot_1003_02321","CID4535","Cancer Epithelial","CID4535_CTGTGCTAGAGAGCTC"
"boot_1003_02322","CID4535","Cancer Epithelial","CID4535_CCTTTCTTCATGCAAC"
"boot_1003_02323","CID4535","Cancer Epithelial","CID4535_CACACCTCAATCTGCA"
"boot_1003_02324","CID4535","Cancer Epithelial","CID4535_ATCCACCGTAAGTGGC"
"boot_1003_02325","CID4535","Cancer Epithelial","CID4535_CATATGGAGGGTTCCC"
"boot_1003_02326","CID4535","Cancer Epithelial","CID4535_AGCATACAGGCCGAAT"
"boot_1003_02327","CID4535","Cancer Epithelial","CID4535_CAAGTTGAGTACCGGA"
"boot_1003_02328","CID4535","Cancer Epithelial","CID4535_GATCGCGTCGAGAACG"
"boot_1003_02329","CID4535","Cancer Epithelial","CID4535_TGGCGCAAGAAGAAGC"
"boot_1003_02330","CID4535","Cancer Epithelial","CID4535_ATGAGGGCATTCGACA"
"boot_1003_02331","CID4535","Cancer Epithelial","CID4535_TGCCAAACAGGGCATA"
"boot_1003_02332","CID4535","Cancer Epithelial","CID4535_ACTTACTTCACCAGGC"
"boot_1003_02333","CID4535","Cancer Epithelial","CID4535_AGAGTGGAGCGACGTA"
"boot_1003_02334","CID4535","Cancer Epithelial","CID4535_TTCGAAGGTGTGCCTG"
"boot_1003_02335","CID4535","Cancer Epithelial","CID4535_GACGGCTTCCCGGATG"
"boot_1003_02336","CID4535","Cancer Epithelial","CID4535_TACAGTGGTTCTGGTA"
"boot_1003_02337","CID4535","Cancer Epithelial","CID4535_TTAGGACCACATGGGA"
"boot_1003_02338","CID4535","Cancer Epithelial","CID4535_CGGACTGGTGCGATAG"
"boot_1003_02339","CID4535","Cancer Epithelial","CID4535_TCTTCGGAGTGTGAAT"
"boot_1003_02340","CID4535","Cancer Epithelial","CID4535_CAAGTTGGTCATCCCT"
"boot_1003_02341","CID4535","Cancer Epithelial","CID4535_TGTATTCAGGCAGTCA"
"boot_1003_02342","CID4535","Cancer Epithelial","CID4535_CAGCATAGTGCGCTTG"
"boot_1003_02343","CID4535","Cancer Epithelial","CID4535_CCACCTAAGTCGATAA"
"boot_1003_02344","CID4535","Cancer Epithelial","CID4535_ATTTCTGTCCCTCTTT"
"boot_1003_02345","CID4535","Cancer Epithelial","CID4535_GGGTCTGTCAAGCCTA"
"boot_1003_02346","CID4535","Cancer Epithelial","CID4535_GACCTGGAGGGAACGG"
"boot_1003_02347","CID4535","Cancer Epithelial","CID4535_CTACCCACATGGAATA"
"boot_1003_02348","CID4535","Cancer Epithelial","CID4535_GCGACCAGTCAGAGGT"
"boot_1003_02349","CID4535","Cancer Epithelial","CID4535_TCGGTAAGTTGGGACA"
"boot_1003_02350","CID4535","Cancer Epithelial","CID4535_ACGATACAGTATTGGA"
"boot_1003_02351","CID4535","Cancer Epithelial","CID4535_ACGCCAGTCACTTACT"
"boot_1003_02352","CID4535","Cancer Epithelial","CID4535_ATGAGGGTCCTCATTA"
"boot_1003_02353","CID4535","Cancer Epithelial","CID4535_TGGGCGTTCGTAGATC"
"boot_1003_02354","CID4535","Cancer Epithelial","CID4535_GCTTCCAAGTGAATTG"
"boot_1003_02355","CID4535","Cancer Epithelial","CID4535_CAAGTTGGTCATCCCT"
"boot_1003_02356","CID4535","Cancer Epithelial","CID4535_CGTGTAAAGGAGTACC"
"boot_1003_02357","CID4535","Cancer Epithelial","CID4535_GCAGTTATCATCGATG"
"boot_1003_02358","CID4535","Cancer Epithelial","CID4535_AGCGTCGGTCAGATAA"
"boot_1003_02359","CID4535","Cancer Epithelial","CID4535_ATCCACCCAAGGACAC"
"boot_1003_02360","CID4535","Cancer Epithelial","CID4535_GAACGGATCCACGTTC"
"boot_1003_02361","CID4535","Cancer Epithelial","CID4535_GCTGCGACATGCCTTC"
"boot_1003_02362","CID4535","Cancer Epithelial","CID4535_CGGACACTCTTTACGT"
"boot_1003_02363","CID4535","Cancer Epithelial","CID4535_GTCGTAAGTACCGGCT"
"boot_1003_02364","CID4535","Cancer Epithelial","CID4535_GCTCTGTTCGTTTGCC"
"boot_1003_02365","CID4535","Cancer Epithelial","CID4535_TACTTACGTCAGAATA"
"boot_1003_02366","CID4535","Cancer Epithelial","CID4535_CTAAGACTCATAAAGG"
"boot_1003_02367","CID4535","Cancer Epithelial","CID4535_GACTACACAGAAGCAC"
"boot_1003_02368","CID4535","Cancer Epithelial","CID4535_TTGACTTCATCGGACC"
"boot_1003_02369","CID4535","Cancer Epithelial","CID4535_TCTATTGTCAGGCGAA"
"boot_1003_02370","CID4535","Cancer Epithelial","CID4535_TAAGAGAAGACAAAGG"
"boot_1003_02371","CID4535","Cancer Epithelial","CID4535_ATCCGAATCACTTATC"
"boot_1003_02372","CID4535","Cancer Epithelial","CID4535_CGTCACTGTCTCCCTA"
"boot_1003_02373","CID4535","Cancer Epithelial","CID4535_GACTGCGTCACTTACT"
"boot_1003_02374","CID4535","Cancer Epithelial","CID4535_GAGCAGATCCAAGCCG"
"boot_1003_02375","CID4535","Cancer Epithelial","CID4535_GTCGTAAGTACAGCAG"
"boot_1003_02376","CID4535","Cancer Epithelial","CID4535_CACATTTGTCGAATCT"
"boot_1003_02377","CID4535","Cancer Epithelial","CID4535_CTCACACTCAAACAAG"
"boot_1003_02378","CID4535","Cancer Epithelial","CID4535_ACACCAACAACGATGG"
"boot_1003_02379","CID4535","Cancer Epithelial","CID4535_TTCTCAATCCCAACGG"
"boot_1003_02380","CID4535","Cancer Epithelial","CID4535_CGCGTTTTCAGCCTAA"
"boot_1003_02381","CID4535","Cancer Epithelial","CID4535_CCTAGCTGTCTCCACT"
"boot_1003_02382","CID4535","Cycling T-cells","CID4535_ACAGCCGGTTCGAATC"
"boot_1003_02383","CID4535","Cycling T-cells","CID4535_CCTAAAGAGTGGACGT"
"boot_1003_02384","CID4535","Cycling T-cells","CID4535_ACTTACTGTCCAAGTT"
"boot_1003_02385","CID4535","Cycling T-cells","CID4535_ACTTACTGTCCAAGTT"
"boot_1003_02386","CID4535","Cycling T-cells","CID4535_GGTGCGTTCCTTCAAT"
"boot_1003_02387","CID4535","Cycling T-cells","CID4535_AAGTCTGCACTGCCAG"
"boot_1003_02388","CID4535","Cycling T-cells","CID4535_CCTAAAGAGTGGACGT"
"boot_1003_02389","CID4535","Cycling T-cells","CID4535_ACAGCCGGTTCGAATC"
"boot_1003_02390","CID4535","Cycling T-cells","CID4535_CATCCACAGGCATGTG"
"boot_1003_02391","CID4535","Cycling T-cells","CID4535_ATAAGAGGTGAAGGCT"
"boot_1003_02392","CID4535","Cycling T-cells","CID4535_GAACGGATCAAACAAG"
"boot_1003_02393","CID4535","Cycling T-cells","CID4535_GGTGCGTAGCGGATCA"
"boot_1003_02394","CID4535","Cycling T-cells","CID4535_GGTGCGTAGCGGATCA"
"boot_1003_02395","CID4535","Cycling T-cells","CID4535_TCAGGTATCGCGGATC"
"boot_1003_02396","CID4535","Cycling T-cells","CID4535_CCTAGCTCACTGAAGG"
"boot_1003_02397","CID4535","Cycling T-cells","CID4535_AAGTCTGCACTGCCAG"
"boot_1003_02398","CID4535","Cycling T-cells","CID4535_CCTAAAGAGTGGACGT"
"boot_1003_02399","CID4535","Cycling T-cells","CID4535_AGTGGGACATTCCTGC"
"boot_1003_02400","CID4535","Cycling T-cells","CID4535_GGTGCGTTCCTTCAAT"
"boot_1003_02401","CID4535","Endothelial","CID4535_CGGAGTCTCCTGTAGA"
"boot_1003_02402","CID4535","Endothelial","CID4535_CAGCTGGAGAACTCGG"
"boot_1003_02403","CID4535","Endothelial","CID4535_AGCTCTCAGGACACCA"
"boot_1003_02404","CID4535","Endothelial","CID4535_CTGTTTAGTAGCACGA"
"boot_1003_02405","CID4535","Endothelial","CID4535_CCATGTCGTCATACTG"
"boot_1003_02406","CID4535","Endothelial","CID4535_TACCTTAGTACCGGCT"
"boot_1003_02407","CID4535","Endothelial","CID4535_GTAACGTAGTTTCCTT"
"boot_1003_02408","CID4535","Endothelial","CID4535_AAAGCAAGTCCCGACA"
"boot_1003_02409","CID4535","Endothelial","CID4535_GCATACAAGAATCTCC"
"boot_1003_02410","CID4535","Endothelial","CID4535_ATTACTCTCCAGTATG"
"boot_1003_02411","CID4535","Endothelial","CID4535_CCTTCCCAGGACGAAA"
"boot_1003_02412","CID4535","Endothelial","CID4535_AACCATGGTCTAGTCA"
"boot_1003_02413","CID4535","Endothelial","CID4535_CTAAGACAGAGGTACC"
"boot_1003_02414","CID4535","Endothelial","CID4535_TGAGCATGTATATCCG"
"boot_1003_02415","CID4535","Endothelial","CID4535_TGAGCATGTATATCCG"
"boot_1003_02416","CID4535","Endothelial","CID4535_TTGCGTCCAACACCTA"
"boot_1003_02417","CID4535","Endothelial","CID4535_ATCATGGCATGCAACT"
"boot_1003_02418","CID4535","Endothelial","CID4535_CTTAACTTCACAAACC"
"boot_1003_02419","CID4535","Endothelial","CID4535_CATTCGCAGCTGATAA"
"boot_1003_02420","CID4535","Endothelial","CID4535_CTCGGAGTCCGTAGGC"
"boot_1003_02421","CID4535","Endothelial","CID4535_ACTTTCACACATGTGT"
"boot_1003_02422","CID4535","Endothelial","CID4535_TTGCGTCGTAGCGTCC"
"boot_1003_02423","CID4535","Endothelial","CID4535_TACCTTAGTACCGGCT"
"boot_1003_02424","CID4535","Endothelial","CID4535_GCTTCCACAGCTCGAC"
"boot_1003_02425","CID4535","Endothelial","CID4535_ACGGCCATCCAGGGCT"
"boot_1003_02426","CID4535","Endothelial","CID4535_GAATAAGGTACCGAGA"
"boot_1003_02427","CID4535","Endothelial","CID4535_CAGAGAGTCTTTACGT"
"boot_1003_02428","CID4535","Endothelial","CID4535_GCACATAAGGGCATGT"
"boot_1003_02429","CID4535","Endothelial","CID4535_TTAGGCAAGTGTACGG"
"boot_1003_02430","CID4535","Endothelial","CID4535_AGGCCACTCTTCATGT"
"boot_1003_02431","CID4535","Endothelial","CID4535_CAACTAGGTTCAGCGC"
"boot_1003_02432","CID4535","Endothelial","CID4535_ACTGATGAGTGTCCCG"
"boot_1003_02433","CID4535","Endothelial","CID4535_GTCATTTCATTGCGGC"
"boot_1003_02434","CID4535","Endothelial","CID4535_ACCAGTATCCAAATGC"
"boot_1003_02435","CID4535","Endothelial","CID4535_GATGAAAGTGCTGTAT"
"boot_1003_02436","CID4535","Endothelial","CID4535_TTCTACAGTGGGTATG"
"boot_1003_02437","CID4535","Endothelial","CID4535_GGCGACTGTGGCCCTA"
"boot_1003_02438","CID4535","Endothelial","CID4535_TGACAACAGTCGTTTG"
"boot_1003_02439","CID4535","Endothelial","CID4535_AGTGAGGGTGGGTCAA"
"boot_1003_02440","CID4535","Endothelial","CID4535_GCCTCTATCTCGTATT"
"boot_1003_02441","CID4535","Endothelial","CID4535_AACCATGCACTGCCAG"
"boot_1003_02442","CID4535","Endothelial","CID4535_CCTCAGTAGGTGCAAC"
"boot_1003_02443","CID4535","Endothelial","CID4535_CTTAACTTCACAAACC"
"boot_1003_02444","CID4535","Endothelial","CID4535_CCGGTAGTCCGATATG"
"boot_1003_02445","CID4535","Endothelial","CID4535_GTGTTAGGTAGTAGTA"
"boot_1003_02446","CID4535","Endothelial","CID4535_CCTTACGAGGTGCTTT"
"boot_1003_02447","CID4535","Endothelial","CID4535_TCGTAGAGTCTGGAGA"
"boot_1003_02448","CID4535","Endothelial","CID4535_AGCTCTCAGGACACCA"
"boot_1003_02449","CID4535","Endothelial","CID4535_AGCTTGATCCTAGGGC"
"boot_1003_02450","CID4535","Endothelial","CID4535_CGAGCCAAGGCTATCT"
"boot_1003_02451","CID4535","Endothelial","CID4535_GCAGCCAAGTTGTCGT"
"boot_1003_02452","CID4535","Endothelial","CID4535_CGGACTGCACGGATAG"
"boot_1003_02453","CID4535","Endothelial","CID4535_CCCTCCTCACGAAACG"
"boot_1003_02454","CID4535","Endothelial","CID4535_TTGCGTCGTAGCGTCC"
"boot_1003_02455","CID4535","Endothelial","CID4535_TTAGGCAGTCAGATAA"
"boot_1003_02456","CID4535","Endothelial","CID4535_GTCTTCGTCAGGATCT"
"boot_1003_02457","CID4535","Endothelial","CID4535_GTCACGGCATTCACTT"
"boot_1003_02458","CID4535","Endothelial","CID4535_CCTCAGTAGGTGCAAC"
"boot_1003_02459","CID4535","Endothelial","CID4535_CCATGTCGTCATACTG"
"boot_1003_02460","CID4535","Endothelial","CID4535_CTGGTCTGTGTGCCTG"
"boot_1003_02461","CID4535","Endothelial","CID4535_CGTCAGGAGTGCGTGA"
"boot_1003_02462","CID4535","Endothelial","CID4535_CCGGGATGTGCAGTAG"
"boot_1003_02463","CID4535","Endothelial","CID4535_CCATTCGTCCAGTATG"
"boot_1003_02464","CID4535","Endothelial","CID4535_CATCAAGCAGGTTTCA"
"boot_1003_02465","CID4535","Endothelial","CID4535_CTTCTCTTCACTATTC"
"boot_1003_02466","CID4535","Endothelial","CID4535_GAACATCCACAAGTAA"
"boot_1003_02467","CID4535","Endothelial","CID4535_CACACAAAGAAACGAG"
"boot_1003_02468","CID4535","Endothelial","CID4535_CATCAGAAGTTATCGC"
"boot_1003_02469","CID4535","Endothelial","CID4535_GTCTTCGAGTGGGCTA"
"boot_1003_02470","CID4535","Endothelial","CID4535_GATCTAGAGCCCTAAT"
"boot_1003_02471","CID4535","Endothelial","CID4535_TGACAACAGTCGTTTG"
"boot_1003_02472","CID4535","Endothelial","CID4535_GCTTCCACAGCTCGAC"
"boot_1003_02473","CID4535","Endothelial","CID4535_ATCATGGCATGCAACT"
"boot_1003_02474","CID4535","Endothelial","CID4535_CTAAGACAGAGGTACC"
"boot_1003_02475","CID4535","Endothelial","CID4535_TGTGTTTCAAACGCGA"
"boot_1003_02476","CID4535","Endothelial","CID4535_GCATACATCCCGACTT"
"boot_1003_02477","CID4535","Endothelial","CID4535_TTGTAGGCAGCTGGCT"
"boot_1003_02478","CID4535","Endothelial","CID4535_GAATAAGTCAGGCCCA"
"boot_1003_02479","CID4535","Endothelial","CID4535_CATCAAGCAGGTTTCA"
"boot_1003_02480","CID4535","Endothelial","CID4535_CCGGGATTCGGATGGA"
"boot_1003_02481","CID4535","Endothelial","CID4535_GTCTTCGAGTGGGCTA"
"boot_1003_02482","CID4535","Endothelial","CID4535_TTGTAGGGTAGAGGAA"
"boot_1003_02483","CID4535","Endothelial","CID4535_CTGGTCTGTGTGCCTG"
"boot_1003_02484","CID4535","Endothelial","CID4535_CTTAGGAAGTGGCACA"
"boot_1003_02485","CID4535","Endothelial","CID4535_CCTCTGAAGAATCTCC"
"boot_1003_02486","CID4535","Endothelial","CID4535_GTCGTAAGTAGCCTCG"
"boot_1003_02487","CID4535","Endothelial","CID4535_GTCACAATCTCGGACG"
"boot_1003_02488","CID4535","Endothelial","CID4535_CAGCTGGAGAACTCGG"
"boot_1003_02489","CID4535","Endothelial","CID4535_CTTAGGAAGTGGCACA"
"boot_1003_02490","CID4535","Endothelial","CID4535_ACCTTTAAGGACCACA"
"boot_1003_02491","CID4535","Endothelial","CID4535_CTTGGCTCAGTGGGAT"
"boot_1003_02492","CID4535","Endothelial","CID4535_CCGGGATGTGCAGTAG"
"boot_1003_02493","CID4535","Endothelial","CID4535_TCGTAGAGTCTGGAGA"
"boot_1003_02494","CID4535","Endothelial","CID4535_CCATGTCGTCATACTG"
"boot_1003_02495","CID4535","Endothelial","CID4535_AATCGGTTCGTGGGAA"
"boot_1003_02496","CID4535","Endothelial","CID4535_GAATAAGGTACCGAGA"
"boot_1003_02497","CID4535","Endothelial","CID4535_GTCATTTCATTGCGGC"
"boot_1003_02498","CID4535","Endothelial","CID4535_TACTCATGTAGGGACT"
"boot_1003_02499","CID4535","Endothelial","CID4535_ATTACTCTCCAGAGGA"
"boot_1003_02500","CID4535","Endothelial","CID4535_CGGTTAACAGACAAAT"
"boot_1003_02501","CID4535","Endothelial","CID4535_ACGGCCATCCAGGGCT"
"boot_1003_02502","CID4535","Endothelial","CID4535_CCATTCGTCTGTGCAA"
"boot_1003_02503","CID4535","Endothelial","CID4535_CGGACTGCACGGATAG"
"boot_1003_02504","CID4535","Endothelial","CID4535_CTAGTGACACCAGATT"
"boot_1003_02505","CID4535","Endothelial","CID4535_AGTAGTCGTCTCAACA"
"boot_1003_02506","CID4535","Endothelial","CID4535_TTTACTGTCTCCGGTT"
"boot_1003_02507","CID4535","Endothelial","CID4535_ACGGCCATCCAGGGCT"
"boot_1003_02508","CID4535","Endothelial","CID4535_CGGAGTCGTTGTACAC"
"boot_1003_02509","CID4535","Endothelial","CID4535_CGGACTGAGCGATTCT"
"boot_1003_02510","CID4535","Endothelial","CID4535_CGCTATCCAAAGAATC"
"boot_1003_02511","CID4535","Endothelial","CID4535_ACATGGTAGCTAGCCC"
"boot_1003_02512","CID4535","Endothelial","CID4535_CTCACACGTTCCCTTG"
"boot_1003_02513","CID4535","Endothelial","CID4535_CGGAGTCGTTGTACAC"
"boot_1003_02514","CID4535","Endothelial","CID4535_CTCACACAGACCGGAT"
"boot_1003_02515","CID4535","Endothelial","CID4535_TGAGCATGTATATCCG"
"boot_1003_02516","CID4535","Endothelial","CID4535_AGCTCTCAGGACACCA"
"boot_1003_02517","CID4535","Endothelial","CID4535_CCTTACGAGGTGCTTT"
"boot_1003_02518","CID4535","Endothelial","CID4535_CGGACTGCACGGATAG"
"boot_1003_02519","CID4535","Endothelial","CID4535_CGTGTAACACAGGAGT"
"boot_1003_02520","CID4535","Endothelial","CID4535_CACACAAAGAAACGAG"
"boot_1003_02521","CID4535","Endothelial","CID4535_GTAGGCCAGGTGCTAG"
"boot_1003_02522","CID4535","Endothelial","CID4535_GTGTTAGGTAGTAGTA"
"boot_1003_02523","CID4535","Endothelial","CID4535_ATCATGGGTGATGTCT"
"boot_1003_02524","CID4535","Endothelial","CID4535_CGGTTAATCAGTGCAT"
"boot_1003_02525","CID4535","Endothelial","CID4535_ATCCACCCAAGTCATC"
"boot_1003_02526","CID4535","Endothelial","CID4535_TCATTACGTGATGTGG"
"boot_1003_02527","CID4535","Endothelial","CID4535_CTTAGGAAGTGGCACA"
"boot_1003_02528","CID4535","Endothelial","CID4535_GGCTGGTCACTACAGT"
"boot_1003_02529","CID4535","Endothelial","CID4535_TTGCGTCGTAGCGTCC"
"boot_1003_02530","CID4535","Endothelial","CID4535_CTTGGCTCAGTGGGAT"
"boot_1003_02531","CID4535","Endothelial","CID4535_AGTGAGGGTGGGTCAA"
"boot_1003_02532","CID4535","Endothelial","CID4535_CATCAAGCAGGTTTCA"
"boot_1003_02533","CID4535","Endothelial","CID4535_CTTCTCTTCACTATTC"
"boot_1003_02534","CID4535","Endothelial","CID4535_TAGAGCTAGCTAGTTC"
"boot_1003_02535","CID4535","Endothelial","CID4535_ACGGCCATCCAGGGCT"
"boot_1003_02536","CID4535","Endothelial","CID4535_GCGCCAATCGACCAGC"
"boot_1003_02537","CID4535","Endothelial","CID4535_CTTGGCTCAGTGGGAT"
"boot_1003_02538","CID4535","Endothelial","CID4535_GCCTCTATCGCAAACT"
"boot_1003_02539","CID4535","Endothelial","CID4535_CCCAATCCAATGGATA"
"boot_1003_02540","CID4535","Endothelial","CID4535_GAATAAGTCAGGCCCA"
"boot_1003_02541","CID4535","Endothelial","CID4535_CTTAACTTCACAAACC"
"boot_1003_02542","CID4535","Endothelial","CID4535_TTAGGCAGTCAGATAA"
"boot_1003_02543","CID4535","Endothelial","CID4535_ATCCACCCAAGTCATC"
"boot_1003_02544","CID4535","Endothelial","CID4535_AGTAGTCGTCTCAACA"
"boot_1003_02545","CID4535","Endothelial","CID4535_AACCATGAGCGATCCC"
"boot_1003_02546","CID4535","Endothelial","CID4535_TGCCAAAAGACGCAAC"
"boot_1003_02547","CID4535","Endothelial","CID4535_CATGCCTCACAAGTAA"
"boot_1003_02548","CID4535","Endothelial","CID4535_AGCAGCCGTTGGTTTG"
"boot_1003_02549","CID4535","Endothelial","CID4535_ACTGCTCGTCCATCCT"
"boot_1003_02550","CID4535","Endothelial","CID4535_CGGACACCAGGTCTCG"
"boot_1003_02551","CID4535","Endothelial","CID4535_CCGGTAGTCCGATATG"
"boot_1003_02552","CID4535","Endothelial","CID4535_GTCTCGTAGACGCAAC"
"boot_1003_02553","CID4535","Endothelial","CID4535_CTCGTACCAAGCTGTT"
"boot_1003_02554","CID4535","Endothelial","CID4535_CTTAACTTCACAAACC"
"boot_1003_02555","CID4535","Endothelial","CID4535_CTACATTCATAGTAAG"
"boot_1003_02556","CID4535","Endothelial","CID4535_CTCTAATGTCGCCATG"
"boot_1003_02557","CID4535","Endothelial","CID4535_GAATAAGTCAGGCCCA"
"boot_1003_02558","CID4535","Endothelial","CID4535_TTGTAGGCAGCTGGCT"
"boot_1003_02559","CID4535","Endothelial","CID4535_ACTGATGAGTGTCCCG"
"boot_1003_02560","CID4535","Endothelial","CID4535_GATTCAGTCCTAGGGC"
"boot_1003_02561","CID4535","Endothelial","CID4535_GATCTAGAGCCCTAAT"
"boot_1003_02562","CID4535","Endothelial","CID4535_TATGCCCAGTGTACGG"
"boot_1003_02563","CID4535","Endothelial","CID4535_CGGGTCAGTAGATTAG"
"boot_1003_02564","CID4535","Endothelial","CID4535_GCCTCTATCGCAAACT"
"boot_1003_02565","CID4535","Endothelial","CID4535_GCAATCAAGGGAACGG"
"boot_1003_02566","CID4535","Endothelial","CID4535_TTCTACAGTGGGTATG"
"boot_1003_02567","CID4535","Endothelial","CID4535_CCTTACGAGGTGCTTT"
"boot_1003_02568","CID4535","Endothelial","CID4535_ACCCACTTCTCTTATG"
"boot_1003_02569","CID4535","Endothelial","CID4535_GGATGTTGTTCCGGCA"
"boot_1003_02570","CID4535","Endothelial","CID4535_GAACATCGTAGTAGTA"
"boot_1003_02571","CID4535","Endothelial","CID4535_AGACGTTCATGCCTTC"
"boot_1003_02572","CID4535","Endothelial","CID4535_CTTAGGAAGTGGCACA"
"boot_1003_02573","CID4535","Endothelial","CID4535_TTCTTAGCATGCCTTC"
"boot_1003_02574","CID4535","Endothelial","CID4535_ATCACGAAGAGCTGCA"
"boot_1003_02575","CID4535","Endothelial","CID4535_AACTTTCAGCGATAGC"
"boot_1003_02576","CID4535","Endothelial","CID4535_CGGAGTCTCCTGTAGA"
"boot_1003_02577","CID4535","Endothelial","CID4535_ACTGCTCGTCCATCCT"
"boot_1003_02578","CID4535","Endothelial","CID4535_CTGGTCTGTGTGCCTG"
"boot_1003_02579","CID4535","Endothelial","CID4535_ATTACTCTCCAGAGGA"
"boot_1003_02580","CID4535","Endothelial","CID4535_CGGGTCAGTAGATTAG"
"boot_1003_02581","CID4535","Endothelial","CID4535_GACTACATCTCATTCA"
"boot_1003_02582","CID4535","Endothelial","CID4535_GCTGCGATCAATCTCT"
"boot_1003_02583","CID4535","Endothelial","CID4535_GATTCAGTCCTAGGGC"
"boot_1003_02584","CID4535","Endothelial","CID4535_CACCAGGAGGATGGAA"
"boot_1003_02585","CID4535","Endothelial","CID4535_CGTGTAACACAGGAGT"
"boot_1003_02586","CID4535","Endothelial","CID4535_CGCCAAGCACTGTGTA"
"boot_1003_02587","CID4535","Endothelial","CID4535_GCTGCGATCAATCTCT"
"boot_1003_02588","CID4535","Endothelial","CID4535_CTTGGCTCAGTGGGAT"
"boot_1003_02589","CID4535","Endothelial","CID4535_TGCTGCTGTAGGACAC"
"boot_1003_02590","CID4535","Endothelial","CID4535_GTCGTAAGTCTGCCAG"
"boot_1003_02591","CID4535","Endothelial","CID4535_TTAGGCAGTCAGATAA"
"boot_1003_02592","CID4535","Endothelial","CID4535_CGCCAAGGTCTAGTCA"
"boot_1003_02593","CID4535","Endothelial","CID4535_AAACCTGTCGCGGATC"
"boot_1003_02594","CID4535","Endothelial","CID4535_GCGCCAATCGACCAGC"
"boot_1003_02595","CID4535","Endothelial","CID4535_CACCAGGCAAGACACG"
"boot_1003_02596","CID4535","Endothelial","CID4535_GTCATTTCATTGCGGC"
"boot_1003_02597","CID4535","Endothelial","CID4535_GACTACATCTCATTCA"
"boot_1003_02598","CID4535","Endothelial","CID4535_TTGCGTCGTAGCGTCC"
"boot_1003_02599","CID4535","Endothelial","CID4535_ACCCACTTCTCTTATG"
"boot_1003_02600","CID4535","Endothelial","CID4535_AGTGAGGGTGGGTCAA"
"boot_1003_02601","CID4535","Endothelial","CID4535_GTTCGGGGTCTCTCTG"
"boot_1003_02602","CID4535","Endothelial","CID4535_AATCGGTTCGTGGGAA"
"boot_1003_02603","CID4535","Endothelial","CID4535_TCTCTAATCACTTCAT"
"boot_1003_02604","CID4535","Endothelial","CID4535_GAATAAGGTACCGAGA"
"boot_1003_02605","CID4535","Endothelial","CID4535_GTCTTCGAGTGGGCTA"
"boot_1003_02606","CID4535","Endothelial","CID4535_CCATGTCGTCATACTG"
"boot_1003_02607","CID4535","Endothelial","CID4535_CAGTAACTCATCTGTT"
"boot_1003_02608","CID4535","Endothelial","CID4535_CTAAGACAGAGGTACC"
"boot_1003_02609","CID4535","Endothelial","CID4535_CGTAGCGCACGTAAGG"
"boot_1003_02610","CID4535","Endothelial","CID4535_GACCTGGGTCGCGTGT"
"boot_1003_02611","CID4535","Endothelial","CID4535_TTTGTCACATTCCTCG"
"boot_1003_02612","CID4535","Endothelial","CID4535_AAGGAGCCAAGCCGTC"
"boot_1003_02613","CID4535","Endothelial","CID4535_CTAGTGACAGCTGTGC"
"boot_1003_02614","CID4535","Endothelial","CID4535_TGGGCGTAGCTGCCCA"
"boot_1003_02615","CID4535","Endothelial","CID4535_ACATGGTTCATGGTCA"
"boot_1003_02616","CID4535","Endothelial","CID4535_AGATCTGTCTGCAGTA"
"boot_1003_02617","CID4535","Endothelial","CID4535_TTAGGCAAGTGTACGG"
"boot_1003_02618","CID4535","Endothelial","CID4535_GTCACAATCTCGGACG"
"boot_1003_02619","CID4535","Endothelial","CID4535_TTAGGCAAGTGTACGG"
"boot_1003_02620","CID4535","Myeloid","CID4535_GATCTAGTCCCTTGTG"
"boot_1003_02621","CID4535","Myeloid","CID4535_AAAGTAGAGCGTAATA"
"boot_1003_02622","CID4535","Myeloid","CID4535_TCAGGATAGCGGCTTC"
"boot_1003_02623","CID4535","Myeloid","CID4535_TACTTACTCTCGCATC"
"boot_1003_02624","CID4535","Myeloid","CID4535_GGAAAGCGTGTGACCC"
"boot_1003_02625","CID4535","Myeloid","CID4535_GTCCTCACAAAGGCGT"
"boot_1003_02626","CID4535","Myeloid","CID4535_AACTGGTAGTAGATGT"
"boot_1003_02627","CID4535","Myeloid","CID4535_CGCCAAGTCCGTAGTA"
"boot_1003_02628","CID4535","Myeloid","CID4535_ACGGGTCCACGGATAG"
"boot_1003_02629","CID4535","Myeloid","CID4535_TCAATCTAGTTAGGTA"
"boot_1003_02630","CID4535","Myeloid","CID4535_CGATCGGAGCCCAATT"
"boot_1003_02631","CID4535","Myeloid","CID4535_AACTGGTAGTAGATGT"
"boot_1003_02632","CID4535","Myeloid","CID4535_CTCGTCAAGCGATATA"
"boot_1003_02633","CID4535","Myeloid","CID4535_TAGTTGGAGGGCTTGA"
"boot_1003_02634","CID4535","Myeloid","CID4535_AACACGTTCACCATAG"
"boot_1003_02635","CID4535","Myeloid","CID4535_TAGCCGGAGGCAGTCA"
"boot_1003_02636","CID4535","Myeloid","CID4535_GCAGCCATCCGTAGTA"
"boot_1003_02637","CID4535","Myeloid","CID4535_GGACGTCAGTTCGCGC"
"boot_1003_02638","CID4535","Myeloid","CID4535_AACCGCGAGGAGCGAG"
"boot_1003_02639","CID4535","Myeloid","CID4535_CAGCTGGAGAAGGACA"
"boot_1003_02640","CID4535","Myeloid","CID4535_TACGGTATCCTTAATC"
"boot_1003_02641","CID4535","Myeloid","CID4535_AGCTCTCGTTGAGGTG"
"boot_1003_02642","CID4535","Myeloid","CID4535_CGCTATCGTCTTCAAG"
"boot_1003_02643","CID4535","Myeloid","CID4535_CCTAAAGCAGAGTGTG"
"boot_1003_02644","CID4535","Myeloid","CID4535_TGACAACTCCAAAGTC"
"boot_1003_02645","CID4535","Myeloid","CID4535_CATGACAAGGGCACTA"
"boot_1003_02646","CID4535","Myeloid","CID4535_CTCACACAGGCATGGT"
"boot_1003_02647","CID4535","Myeloid","CID4535_CTCTACGCACGGACAA"
"boot_1003_02648","CID4535","Myeloid","CID4535_CAGTAACGTTACCAGT"
"boot_1003_02649","CID4535","Myeloid","CID4535_CGATGTAAGTTCCACA"
"boot_1003_02650","CID4535","Myeloid","CID4535_CCTAGCTAGGTGATTA"
"boot_1003_02651","CID4535","Myeloid","CID4535_ACTATCTGTCACACGC"
"boot_1003_02652","CID4535","Myeloid","CID4535_GTGGGTCCACCTCGGA"
"boot_1003_02653","CID4535","Myeloid","CID4535_AGTGGGACAATGGATA"
"boot_1003_02654","CID4535","Myeloid","CID4535_GATCGATGTACGCTGC"
"boot_1003_02655","CID4535","Myeloid","CID4535_TTCTCCTAGGATGTAT"
"boot_1003_02656","CID4535","Myeloid","CID4535_AAAGTAGAGCGTAATA"
"boot_1003_02657","CID4535","Myeloid","CID4535_ACTTGTTGTTGTTTGG"
"boot_1003_02658","CID4535","Myeloid","CID4535_TTGGCAAAGGTCGGAT"
"boot_1003_02659","CID4535","Myeloid","CID4535_TGAGGGACAGCTATTG"
"boot_1003_02660","CID4535","Myeloid","CID4535_TGACAACTCCAAAGTC"
"boot_1003_02661","CID4535","Myeloid","CID4535_AACTCAGGTTAAGACA"
"boot_1003_02662","CID4535","Myeloid","CID4535_CGTTCTGGTGACTACT"
"boot_1003_02663","CID4535","Myeloid","CID4535_GTTCATTAGACGACGT"
"boot_1003_02664","CID4535","Myeloid","CID4535_TACTTACTCTCGCATC"
"boot_1003_02665","CID4535","Myeloid","CID4535_CTACGTCTCACTTACT"
"boot_1003_02666","CID4535","Myeloid","CID4535_AGGGATGTCTTGTACT"
"boot_1003_02667","CID4535","Myeloid","CID4535_TCGAGGCAGTGAACGC"
"boot_1003_02668","CID4535","Myeloid","CID4535_AACTCCCTCTCGTTTA"
"boot_1003_02669","CID4535","Myeloid","CID4535_ATGTGTGGTTATCACG"
"boot_1003_02670","CID4535","Myeloid","CID4535_TTGTAGGAGTCGTACT"
"boot_1003_02671","CID4535","Myeloid","CID4535_TCATTACCACGCGAAA"
"boot_1003_02672","CID4535","Myeloid","CID4535_ACGGGTCCACGGATAG"
"boot_1003_02673","CID4535","Myeloid","CID4535_TGCGGGTGTTGAACTC"
"boot_1003_02674","CID4535","Myeloid","CID4535_TCGGTAAAGATTACCC"
"boot_1003_02675","CID4535","Myeloid","CID4535_CTGATCCAGGCATTGG"
"boot_1003_02676","CID4535","Myeloid","CID4535_AACACGTTCACCATAG"
"boot_1003_02677","CID4535","Myeloid","CID4535_CAACCTCAGACTAGAT"
"boot_1003_02678","CID4535","Myeloid","CID4535_CCCTCCTAGTTCGATC"
"boot_1003_02679","CID4535","Myeloid","CID4535_CTGATCCTCGCGATCG"
"boot_1003_02680","CID4535","Myeloid","CID4535_CCATGTCGTTGCGTTA"
"boot_1003_02681","CID4535","Myeloid","CID4535_GCAGCCATCCGTAGTA"
"boot_1003_02682","CID4535","Myeloid","CID4535_CCTTCGATCAGAGCTT"
"boot_1003_02683","CID4535","Myeloid","CID4535_CCTCTGACAGGCTGAA"
"boot_1003_02684","CID4535","Myeloid","CID4535_TACACGATCGCCAGCA"
"boot_1003_02685","CID4535","Myeloid","CID4535_TCGGGACCACAACGTT"
"boot_1003_02686","CID4535","Myeloid","CID4535_TACACGATCGCCAGCA"
"boot_1003_02687","CID4535","Myeloid","CID4535_CTCGTCAAGCTTTGGT"
"boot_1003_02688","CID4535","Myeloid","CID4535_CACCACTCAGACGCCT"
"boot_1003_02689","CID4535","Myeloid","CID4535_CATCAGAGTGCAGACA"
"boot_1003_02690","CID4535","Myeloid","CID4535_GTCCTCACATCGATGT"
"boot_1003_02691","CID4535","Myeloid","CID4535_TGCACCTTCGCGTTTC"
"boot_1003_02692","CID4535","Myeloid","CID4535_ACTGAACTCTTGCATT"
"boot_1003_02693","CID4535","Myeloid","CID4535_ACTTTCATCTGATACG"
"boot_1003_02694","CID4535","Myeloid","CID4535_CTCGTCAAGCGATATA"
"boot_1003_02695","CID4535","Myeloid","CID4535_CCTAAAGCAGAGTGTG"
"boot_1003_02696","CID4535","Myeloid","CID4535_AGTGTCAAGGAGCGAG"
"boot_1003_02697","CID4535","Myeloid","CID4535_AGAGCTTTCATGCTCC"
"boot_1003_02698","CID4535","Myeloid","CID4535_TGAAAGAGTATTAGCC"
"boot_1003_02699","CID4535","Myeloid","CID4535_GGAATAAGTCCAGTTA"
"boot_1003_02700","CID4535","Myeloid","CID4535_CTCGTCAAGCTTTGGT"
"boot_1003_02701","CID4535","Myeloid","CID4535_CTGATCCAGGCATTGG"
"boot_1003_02702","CID4535","Myeloid","CID4535_GTACGTACAGTCGATT"
"boot_1003_02703","CID4535","Myeloid","CID4535_TCTGAGAGTAAATACG"
"boot_1003_02704","CID4535","Myeloid","CID4535_CAGTAACGTTACCAGT"
"boot_1003_02705","CID4535","Myeloid","CID4535_ACACCAAAGTTGTAGA"
"boot_1003_02706","CID4535","Myeloid","CID4535_CTCGAAAAGTTGTAGA"
"boot_1003_02707","CID4535","Myeloid","CID4535_ACACCCTCAGTTAACC"
"boot_1003_02708","CID4535","Myeloid","CID4535_ACTGAACCATCCTTGC"
"boot_1003_02709","CID4535","Myeloid","CID4535_CGTAGGCAGTATTGGA"
"boot_1003_02710","CID4535","Myeloid","CID4535_GTCCTCACATCGATGT"
"boot_1003_02711","CID4535","Myeloid","CID4535_AACTCTTTCTCCAACC"
"boot_1003_02712","CID4535","Myeloid","CID4535_CAAGTTGGTAAAGTCA"
"boot_1003_02713","CID4535","Myeloid","CID4535_TGGCCAGTCAGTCCCT"
"boot_1003_02714","CID4535","Myeloid","CID4535_GCATGCGTCAACACTG"
"boot_1003_02715","CID4535","Myeloid","CID4535_AAGGAGCTCCCGACTT"
"boot_1003_02716","CID4535","Myeloid","CID4535_GCAGCCATCCGTAGTA"
"boot_1003_02717","CID4535","Myeloid","CID4535_CTTAACTGTACCGAGA"
"boot_1003_02718","CID4535","Myeloid","CID4535_GATCGCGTCTATCGCC"
"boot_1003_02719","CID4535","Myeloid","CID4535_CAGCTGGAGAATGTGT"
"boot_1003_02720","CID4535","Myeloid","CID4535_GGGCATCTCGTCCGTT"
"boot_1003_02721","CID4535","Myeloid","CID4535_TACTTACTCTCGCATC"
"boot_1003_02722","CID4535","Myeloid","CID4535_CCCATACAGCCACCTG"
"boot_1003_02723","CID4535","Myeloid","CID4535_CAGTAACGTTACCAGT"
"boot_1003_02724","CID4535","Myeloid","CID4535_GCTGCGACATTCTCAT"
"boot_1003_02725","CID4535","Myeloid","CID4535_CCTCTGACAGGCTGAA"
"boot_1003_02726","CID4535","Myeloid","CID4535_ACACCAAAGTTGTAGA"
"boot_1003_02727","CID4535","Myeloid","CID4535_CCATGTCGTTGCGTTA"
"boot_1003_02728","CID4535","Myeloid","CID4535_GAATAAGAGAGTACAT"
"boot_1003_02729","CID4535","Myeloid","CID4535_ACCAGTATCTCGGACG"
"boot_1003_02730","CID4535","Myeloid","CID4535_AAGGAGCTCCCGACTT"
"boot_1003_02731","CID4535","Myeloid","CID4535_AGCTCTCTCGAACGGA"
"boot_1003_02732","CID4535","Myeloid","CID4535_ACCAGTATCTCGGACG"
"boot_1003_02733","CID4535","Myeloid","CID4535_CGATCGGAGCCCAATT"
"boot_1003_02734","CID4535","Myeloid","CID4535_GTTAAGCGTCCGTGAC"
"boot_1003_02735","CID4535","Myeloid","CID4535_GATCTAGTCCCTTGTG"
"boot_1003_02736","CID4535","Myeloid","CID4535_TACCTATGTGTGAATA"
"boot_1003_02737","CID4535","Myeloid","CID4535_CGAGAAGGTATGAAAC"
"boot_1003_02738","CID4535","Myeloid","CID4535_CAAGAAACAGACAAGC"
"boot_1003_02739","CID4535","Myeloid","CID4535_AGGCCGTAGGTGATTA"
"boot_1003_02740","CID4535","Myeloid","CID4535_CAGAGAGAGTGAACGC"
"boot_1003_02741","CID4535","Myeloid","CID4535_CCTTCCCGTTCGAATC"
"boot_1003_02742","CID4535","Myeloid","CID4535_CTCTACGCATGGTTGT"
"boot_1003_02743","CID4535","Myeloid","CID4535_CCTTCGATCAGAGCTT"
"boot_1003_02744","CID4535","Myeloid","CID4535_GATCGATGTACGCTGC"
"boot_1003_02745","CID4535","Myeloid","CID4535_CTCTAATAGTGGCACA"
"boot_1003_02746","CID4535","Myeloid","CID4535_TGAGCCGCATCGGTTA"
"boot_1003_02747","CID4535","Myeloid","CID4535_AAGGCAGCATTACCTT"
"boot_1003_02748","CID4535","Myeloid","CID4535_CTCGAAAAGTTGTAGA"
"boot_1003_02749","CID4535","Myeloid","CID4535_CATCGGGCACCTGGTG"
"boot_1003_02750","CID4535","Myeloid","CID4535_TATCAGGCATGTCTCC"
"boot_1003_02751","CID4535","Myeloid","CID4535_CATTCGCTCATTATCC"
"boot_1003_02752","CID4535","Myeloid","CID4535_GTACGTACAGTCGATT"
"boot_1003_02753","CID4535","Myeloid","CID4535_GTTCGGGTCGCCAAAT"
"boot_1003_02754","CID4535","Myeloid","CID4535_CACTCCACATCCAACA"
"boot_1003_02755","CID4535","Myeloid","CID4535_CCTCAGTAGTCCTCCT"
"boot_1003_02756","CID4535","Myeloid","CID4535_AACCATGGTCACTTCC"
"boot_1003_02757","CID4535","Myeloid","CID4535_CAGCTGGTCCAGGGCT"
"boot_1003_02758","CID4535","Myeloid","CID4535_GTACGTACAGTCGATT"
"boot_1003_02759","CID4535","Myeloid","CID4535_AAGGTTCCACATTTCT"
"boot_1003_02760","CID4535","Myeloid","CID4535_TCGGTAAAGATTACCC"
"boot_1003_02761","CID4535","Myeloid","CID4535_GGAATAAGTCCAGTTA"
"boot_1003_02762","CID4535","Myeloid","CID4535_CGGCTAGAGCTGATAA"
"boot_1003_02763","CID4535","Myeloid","CID4535_GATCAGTTCCGTAGGC"
"boot_1003_02764","CID4535","Myeloid","CID4535_GGTGAAGAGACCCACC"
"boot_1003_02765","CID4535","Myeloid","CID4535_TGATTTCGTACTCTCC"
"boot_1003_02766","CID4535","Myeloid","CID4535_CGAGAAGGTATGAAAC"
"boot_1003_02767","CID4535","Myeloid","CID4535_CCTTACGCACAAGTAA"
"boot_1003_02768","CID4535","Myeloid","CID4535_CGATTGATCAGTACGT"
"boot_1003_02769","CID4535","Myeloid","CID4535_GCTGCGAAGGACAGAA"
"boot_1003_02770","CID4535","Myeloid","CID4535_CCCTCCTAGTTCGATC"
"boot_1003_02771","CID4535","Myeloid","CID4535_CTCTACGCATGGTTGT"
"boot_1003_02772","CID4535","Myeloid","CID4535_CCTACACTCAGCGACC"
"boot_1003_02773","CID4535","Myeloid","CID4535_TGCACCTTCGCGTTTC"
"boot_1003_02774","CID4535","Myeloid","CID4535_AAAGCAACAGTTAACC"
"boot_1003_02775","CID4535","Myeloid","CID4535_ACTGAACCATCCTTGC"
"boot_1003_02776","CID4535","Myeloid","CID4535_CTCTACGCAAGTCATC"
"boot_1003_02777","CID4535","Myeloid","CID4535_AAAGATGGTATAGGTA"
"boot_1003_02778","CID4535","Myeloid","CID4535_CCTACACTCAGCGACC"
"boot_1003_02779","CID4535","Myeloid","CID4535_CATCAGAGTGCAGACA"
"boot_1003_02780","CID4535","Myeloid","CID4535_CTCACACAGGCATGGT"
"boot_1003_02781","CID4535","Myeloid","CID4535_CACCTTGAGGATGTAT"
"boot_1003_02782","CID4535","Myeloid","CID4535_CGCCAAGTCCGTAGTA"
"boot_1003_02783","CID4535","Myeloid","CID4535_CAGCGACGTCGGGTCT"
"boot_1003_02784","CID4535","Myeloid","CID4535_GGGCATCGTCAAACTC"
"boot_1003_02785","CID4535","Myeloid","CID4535_CAGCTGGTCCAGGGCT"
"boot_1003_02786","CID4535","Myeloid","CID4535_CTTAACTGTACCGAGA"
"boot_1003_02787","CID4535","Myeloid","CID4535_TCCCGATGTGGAAAGA"
"boot_1003_02788","CID4535","Myeloid","CID4535_GAAATGAGTCTTGCGG"
"boot_1003_02789","CID4535","Myeloid","CID4535_AACTGGTAGTAGATGT"
"boot_1003_02790","CID4535","Myeloid","CID4535_AAGGAGCTCCCGACTT"
"boot_1003_02791","CID4535","Myeloid","CID4535_CATCGGGCACCTGGTG"
"boot_1003_02792","CID4535","Myeloid","CID4535_TTGACTTAGATCGGGT"
"boot_1003_02793","CID4535","Myeloid","CID4535_AGTGGGACAATGGATA"
"boot_1003_02794","CID4535","Myeloid","CID4535_CCCAGTTCAAGAAGAG"
"boot_1003_02795","CID4535","Myeloid","CID4535_CAGCTGGAGAAGGACA"
"boot_1003_02796","CID4535","Myeloid","CID4535_ACACCGGCAATCGGTT"
"boot_1003_02797","CID4535","Myeloid","CID4535_CTGATAGTCTGTACGA"
"boot_1003_02798","CID4535","Myeloid","CID4535_GGGTTGCCACAACGTT"
"boot_1003_02799","CID4535","Myeloid","CID4535_AGGTCATGTGCAGTAG"
"boot_1003_02800","CID4535","Myeloid","CID4535_TGCACCTTCCTTGGTC"
"boot_1003_02801","CID4535","Myeloid","CID4535_AACGTTGAGGATGGAA"
"boot_1003_02802","CID4535","Myeloid","CID4535_GGACAGAGTCAGTGGA"
"boot_1003_02803","CID4535","Myeloid","CID4535_TGAAAGATCATGCATG"
"boot_1003_02804","CID4535","Myeloid","CID4535_AGCTCTCGTTAAAGTG"
"boot_1003_02805","CID4535","Myeloid","CID4535_CCTTCCCAGACTAGAT"
"boot_1003_02806","CID4535","Myeloid","CID4535_CACCTTGAGGATGTAT"
"boot_1003_02807","CID4535","Myeloid","CID4535_CAGCGACGTCGGGTCT"
"boot_1003_02808","CID4535","Myeloid","CID4535_AAGGAGCTCCCGACTT"
"boot_1003_02809","CID4535","Myeloid","CID4535_AGAGTGGCAGAGTGTG"
"boot_1003_02810","CID4535","Myeloid","CID4535_GGTGAAGAGACCCACC"
"boot_1003_02811","CID4535","Myeloid","CID4535_CAGAGAGAGCCAACAG"
"boot_1003_02812","CID4535","Myeloid","CID4535_TCGAGGCAGTGAACGC"
"boot_1003_02813","CID4535","Myeloid","CID4535_CTTGGCTGTACATCCA"
"boot_1003_02814","CID4535","Myeloid","CID4535_AGCTCTCTCGAACGGA"
"boot_1003_02815","CID4535","Myeloid","CID4535_CATTATCTCGATCCCT"
"boot_1003_02816","CID4535","Myeloid","CID4535_AGAGTGGCAGAGTGTG"
"boot_1003_02817","CID4535","Myeloid","CID4535_CATTATCTCGATCCCT"
"boot_1003_02818","CID4535","Myeloid","CID4535_CGCTATCGTCTTCAAG"
"boot_1003_02819","CID4535","Myeloid","CID4535_AAACCTGGTCATCGGC"
"boot_1003_02820","CID4535","Myeloid","CID4535_GTCATTTAGACTGTAA"
"boot_1003_02821","CID4535","Myeloid","CID4535_ACACCAAAGTTGTAGA"
"boot_1003_02822","CID4535","Myeloid","CID4535_CTTAACTGTACCGAGA"
"boot_1003_02823","CID4535","Myeloid","CID4535_GTTACAGCAGTCACTA"
"boot_1003_02824","CID4535","Myeloid","CID4535_GTCACAACAGATCCAT"
"boot_1003_02825","CID4535","Myeloid","CID4535_CATCGGGCACCTGGTG"
"boot_1003_02826","CID4535","Myeloid","CID4535_GCATGCGTCAACACTG"
"boot_1003_02827","CID4535","Myeloid","CID4535_CTCTACGCATGGTTGT"
"boot_1003_02828","CID4535","Myeloid","CID4535_AAATGCCGTGAGGGAG"
"boot_1003_02829","CID4535","Myeloid","CID4535_CCTAAAGCAGAGTGTG"
"boot_1003_02830","CID4535","Myeloid","CID4535_CTGCTGTAGCGTGAAC"
"boot_1003_02831","CID4535","Myeloid","CID4535_CTTGGCTGTACATCCA"
"boot_1003_02832","CID4535","Myeloid","CID4535_CCTTTCTCACATTCGA"
"boot_1003_02833","CID4535","Myeloid","CID4535_CTCGTCAAGCGATATA"
"boot_1003_02834","CID4535","Myeloid","CID4535_AACGTTGAGGATGGAA"
"boot_1003_02835","CID4535","Myeloid","CID4535_TCATTACCACGCGAAA"
"boot_1003_02836","CID4535","Myeloid","CID4535_GAATAAGAGAGTACAT"
"boot_1003_02837","CID4535","Myeloid","CID4535_GCTGGGTTCATGCAAC"
"boot_1003_02838","CID4535","Myeloid","CID4535_CGTTCTGGTGACTACT"
"boot_1003_02839","CID4535","Myeloid","CID4535_TAGCCGGAGGCAGTCA"
"boot_1003_02840","CID4535","Myeloid","CID4535_TCATTACCACGCGAAA"
"boot_1003_02841","CID4535","Myeloid","CID4535_TGAAAGAGTATTAGCC"
"boot_1003_02842","CID4535","Myeloid","CID4535_AAAGCAACAGCTCGAC"
"boot_1003_02843","CID4535","Myeloid","CID4535_CATCAGACACGGTGTC"
"boot_1003_02844","CID4535","Myeloid","CID4535_CTACATTAGTCTTGCA"
"boot_1003_02845","CID4535","Myeloid","CID4535_CATGACAAGGGCACTA"
"boot_1003_02846","CID4535","Myeloid","CID4535_AGTGTCAAGGAGCGAG"
"boot_1003_02847","CID4535","Myeloid","CID4535_CCTCAGTAGTCCTCCT"
"boot_1003_02848","CID4535","Myeloid","CID4535_AAGGCAGCATTACCTT"
"boot_1003_02849","CID4535","Myeloid","CID4535_CGCCAAGTCCGTAGTA"
"boot_1003_02850","CID4535","Myeloid","CID4535_CTCGAAAAGTTGTAGA"
"boot_1003_02851","CID4535","Myeloid","CID4535_CAACCTCAGACTAGAT"
"boot_1003_02852","CID4535","Myeloid","CID4535_ACACCCTGTACCTACA"
"boot_1003_02853","CID4535","Myeloid","CID4535_CTCGTCAAGCTTTGGT"
"boot_1003_02854","CID4535","Myeloid","CID4535_GTGGGTCCACCTCGGA"
"boot_1003_02855","CID4535","Myeloid","CID4535_CGAGAAGGTATGAAAC"
"boot_1003_02856","CID4535","Myeloid","CID4535_CTGATCCTCGCGATCG"
"boot_1003_02857","CID4535","Myeloid","CID4535_TGCCAAAAGGACTGGT"
"boot_1003_02858","CID4535","Myeloid","CID4535_TCCACACGTAAGGGCT"
"boot_1003_02859","CID4535","Myeloid","CID4535_CCGTTCAAGCTCTCGG"
"boot_1003_02860","CID4535","Myeloid","CID4535_GATCGTATCTTGACGA"
"boot_1003_02861","CID4535","Myeloid","CID4535_GATGCTAAGTCGCCGT"
"boot_1003_02862","CID4535","Myeloid","CID4535_ACCAGTATCTCGGACG"
"boot_1003_02863","CID4535","Myeloid","CID4535_CTGATCCTCGCGATCG"
"boot_1003_02864","CID4535","Myeloid","CID4535_ACGCCGAGTATATGGA"
"boot_1003_02865","CID4535","Myeloid","CID4535_GTCACAACAGATCCAT"
"boot_1003_02866","CID4535","Myeloid","CID4535_GATCTAGTCCCTTGTG"
"boot_1003_02867","CID4535","Myeloid","CID4535_TCTGAGAGTAAATACG"
"boot_1003_02868","CID4535","Myeloid","CID4535_CCGTTCAAGCTCTCGG"
"boot_1003_02869","CID4535","Myeloid","CID4535_GACGTGCTCATAACCG"
"boot_1003_02870","CID4535","Myeloid","CID4535_ACGGGTCAGACATAAC"
"boot_1003_02871","CID4535","Myeloid","CID4535_AACTCCCTCTCGTTTA"
"boot_1003_02872","CID4535","Myeloid","CID4535_CGCCAAGTCCGTAGTA"
"boot_1003_02873","CID4535","Myeloid","CID4535_GAACCTAAGTGTGAAT"
"boot_1003_02874","CID4535","Myeloid","CID4535_GTCCTCACATCGATGT"
"boot_1003_02875","CID4535","NK cells","CID4535_ATGTGTGTCTTGAGGT"
"boot_1003_02876","CID4535","NK cells","CID4535_TCGCGTTGTTCGGGCT"
"boot_1003_02877","CID4535","NK cells","CID4535_GCATGATGTAGCGTCC"
"boot_1003_02878","CID4535","NK cells","CID4535_CGTGAGCGTCCGACGT"
"boot_1003_02879","CID4535","NK cells","CID4535_CGGACTGCATTCACTT"
"boot_1003_02880","CID4535","NK cells","CID4535_ATAGACCGTGTGGTTT"
"boot_1003_02881","CID4535","NK cells","CID4535_CACAGTATCGAACTGT"
"boot_1003_02882","CID4535","NK cells","CID4535_CGGACTGCATTCACTT"
"boot_1003_02883","CID4535","NK cells","CID4535_TATCTCAAGTGTGAAT"
"boot_1003_02884","CID4535","NK cells","CID4535_GGGTTGCCAATGACCT"
"boot_1003_02885","CID4535","NK cells","CID4535_GGGTTGCCAATGACCT"
"boot_1003_02886","CID4535","NK cells","CID4535_CGTCTACCACGGATAG"
"boot_1003_02887","CID4535","NK cells","CID4535_ATGTGTGTCTTGAGGT"
"boot_1003_02888","CID4535","NK cells","CID4535_ATTTCTGTCACCATAG"
"boot_1003_02889","CID4535","NK cells","CID4535_ATAGACCGTGTGGTTT"
"boot_1003_02890","CID4535","NK cells","CID4535_TCTTCGGAGACTGGGT"
"boot_1003_02891","CID4535","NK cells","CID4535_CGGACTGCATTCACTT"
"boot_1003_02892","CID4535","NK cells","CID4535_CACAGTATCGAACTGT"
"boot_1003_02893","CID4535","NK cells","CID4535_GATCGATGTGTGGTTT"
"boot_1003_02894","CID4535","NK cells","CID4535_CAAGATCGTGCAACGA"
"boot_1003_02895","CID4535","NK cells","CID4535_ATGTGTGTCTTGAGGT"
"boot_1003_02896","CID4535","NK cells","CID4535_CGGGTCACACGCCAGT"
"boot_1003_02897","CID4535","NK cells","CID4535_CGTCTACCACGGATAG"
"boot_1003_02898","CID4535","NK cells","CID4535_AACTTTCGTCTAGCGC"
"boot_1003_02899","CID4535","NK cells","CID4535_TATCTCAAGTGTGAAT"
"boot_1003_02900","CID4535","NKT cells","CID4535_CGCTTCATCATGCAAC"
"boot_1003_02901","CID4535","NKT cells","CID4535_AGGGTGATCGTTTAGG"
"boot_1003_02902","CID4535","NKT cells","CID4535_ATTATCCTCATTGCCC"
"boot_1003_02903","CID4535","NKT cells","CID4535_ATTCTACAGGACTGGT"
"boot_1003_02904","CID4535","NKT cells","CID4535_TGGCCAGAGTAGGCCA"
"boot_1003_02905","CID4535","NKT cells","CID4535_TGGCCAGAGTAGGCCA"
"boot_1003_02906","CID4535","NKT cells","CID4535_TGCCCTACATGGTCTA"
"boot_1003_02907","CID4535","NKT cells","CID4535_GTACTTTGTTTGCATG"
"boot_1003_02908","CID4535","NKT cells","CID4535_ATTATCCTCATTGCCC"
"boot_1003_02909","CID4535","NKT cells","CID4535_CGCTTCATCATGCAAC"
"boot_1003_02910","CID4535","NKT cells","CID4535_ACGCCGAGTGAGTATA"
"boot_1003_02911","CID4535","NKT cells","CID4535_GACAGAGCAGCTTCGG"
"boot_1003_02912","CID4535","NKT cells","CID4535_TAGGCATAGTCAAGGC"
"boot_1003_02913","CID4535","NKT cells","CID4535_GTACTTTGTTTGCATG"
"boot_1003_02914","CID4535","NKT cells","CID4535_GTACTTTGTTTGCATG"
"boot_1003_02915","CID4535","Normal Epithelial","CID4535_AGCTTGATCGCCTGAG"
"boot_1003_02916","CID4535","Normal Epithelial","CID4535_AGACGTTTCGATCCCT"
"boot_1003_02917","CID4535","Normal Epithelial","CID4535_TTGGAACTCGGTCCGA"
"boot_1003_02918","CID4535","Normal Epithelial","CID4535_AGTTGGTTCTTTACGT"
"boot_1003_02919","CID4535","Normal Epithelial","CID4535_TCTATTGAGCTAGGCA"
"boot_1003_02920","CID4535","Normal Epithelial","CID4535_GTTCGGGGTCAAACTC"
"boot_1003_02921","CID4535","Normal Epithelial","CID4535_CCCATACCAGCCAATT"
"boot_1003_02922","CID4535","Normal Epithelial","CID4535_GTCTCGTAGAATTGTG"
"boot_1003_02923","CID4535","Normal Epithelial","CID4535_CGAACATGTAGCCTCG"
"boot_1003_02924","CID4535","Normal Epithelial","CID4535_TTGGAACTCGGTCCGA"
"boot_1003_02925","CID4535","Normal Epithelial","CID4535_TTGGAACTCGGTCCGA"
"boot_1003_02926","CID4535","Normal Epithelial","CID4535_AACTCAGTCTAACTCT"
"boot_1003_02927","CID4535","Normal Epithelial","CID4535_GATCGTAAGCCGCCTA"
"boot_1003_02928","CID4535","Normal Epithelial","CID4535_CATCCACCACCTATCC"
"boot_1003_02929","CID4535","Normal Epithelial","CID4535_CCCATACCAGCCAATT"
"boot_1003_02930","CID4535","Normal Epithelial","CID4535_CCTAAAGCAGGCAGTA"
"boot_1003_02931","CID4535","Normal Epithelial","CID4535_TAGTGGTCATTGGCGC"
"boot_1003_02932","CID4535","Normal Epithelial","CID4535_CCCATACCAGCCAATT"
"boot_1003_02933","CID4535","Normal Epithelial","CID4535_AGTTGGTTCTTTACGT"
"boot_1003_02934","CID4535","Normal Epithelial","CID4535_TGCTACCAGGTGTGGT"
"boot_1003_02935","CID4535","Normal Epithelial","CID4535_CATCCACCACCTATCC"
"boot_1003_02936","CID4535","Normal Epithelial","CID4535_TGCTACCAGGTGTGGT"
"boot_1003_02937","CID4535","Plasmablasts","CID4535_ATGTGTGTCGCCAGCA"
"boot_1003_02938","CID4535","Plasmablasts","CID4535_GTTAAGCTCTCCGGTT"
"boot_1003_02939","CID4535","Plasmablasts","CID4535_CGCTGGAGTCAGTGGA"
"boot_1003_02940","CID4535","Plasmablasts","CID4535_CAAGGCCAGGACACCA"
"boot_1003_02941","CID4535","Plasmablasts","CID4535_TACAGTGGTTGAGTTC"
"boot_1003_02942","CID4535","Plasmablasts","CID4535_CTCATTAAGACAGAGA"
"boot_1003_02943","CID4535","Plasmablasts","CID4535_AGTCTTTTCAAACCAC"
"boot_1003_02944","CID4535","Plasmablasts","CID4535_GAACGGACATATGGTC"
"boot_1003_02945","CID4535","Plasmablasts","CID4535_ACTGAGTTCTTGAGAC"
"boot_1003_02946","CID4535","Plasmablasts","CID4535_CATCCACAGAAACCAT"
"boot_1003_02947","CID4535","Plasmablasts","CID4535_CGTTAGAAGAGGACGG"
"boot_1003_02948","CID4535","Plasmablasts","CID4535_ACGCCAGCATTGAGCT"
"boot_1003_02949","CID4535","Plasmablasts","CID4535_TGAAAGATCTGCGACG"
"boot_1003_02950","CID4535","Plasmablasts","CID4535_ATGTGTGTCGCCAGCA"
"boot_1003_02951","CID4535","Plasmablasts","CID4535_ATCATGGAGCGTCTAT"
"boot_1003_02952","CID4535","Plasmablasts","CID4535_GTTACAGAGCAACGGT"
"boot_1003_02953","CID4535","Plasmablasts","CID4535_GAGGTGATCAATAAGG"
"boot_1003_02954","CID4535","Plasmablasts","CID4535_ATCATGGAGCGTCTAT"
"boot_1003_02955","CID4535","Plasmablasts","CID4535_TCAGATGAGATTACCC"
"boot_1003_02956","CID4535","Plasmablasts","CID4535_GAACGGACATATGGTC"
"boot_1003_02957","CID4535","Plasmablasts","CID4535_CATCCACAGAAACCAT"
"boot_1003_02958","CID4535","Plasmablasts","CID4535_GAGGTGATCAATAAGG"
"boot_1003_02959","CID4535","Plasmablasts","CID4535_GACGTTAAGGCCATAG"
"boot_1003_02960","CID4535","Plasmablasts","CID4535_GTGTTAGAGTCGATAA"
"boot_1003_02961","CID4535","Plasmablasts","CID4535_CCCATACGTGGCGAAT"
"boot_1003_02962","CID4535","Plasmablasts","CID4535_CGCTATCCAATCTGCA"
"boot_1003_02963","CID4535","Plasmablasts","CID4535_TGTGGTAAGGAACTGC"
"boot_1003_02964","CID4535","Plasmablasts","CID4535_TCAGATGAGATTACCC"
"boot_1003_02965","CID4535","Plasmablasts","CID4535_TTCTACACAATGGATA"
"boot_1003_02966","CID4535","Plasmablasts","CID4535_TTCTACACAATGGATA"
"boot_1003_02967","CID4535","Plasmablasts","CID4535_ACTGATGCAAGTTAAG"
"boot_1003_02968","CID4535","Plasmablasts","CID4535_TGGACGCCAGGAACGT"
"boot_1003_02969","CID4535","Plasmablasts","CID4535_CGCTGGAGTCAGTGGA"
"boot_1003_02970","CID4535","Plasmablasts","CID4535_CTCATTAAGACAGAGA"
"boot_1003_02971","CID4535","Plasmablasts","CID4535_CTTACCGAGACTGGGT"
"boot_1003_02972","CID4535","Plasmablasts","CID4535_TTCTACACAATGGATA"
"boot_1003_02973","CID4535","Plasmablasts","CID4535_TTCTACACAATGGATA"
"boot_1003_02974","CID4535","Plasmablasts","CID4535_AGTTGGTCAATGAATG"
"boot_1003_02975","CID4535","Plasmablasts","CID4535_CCTCTGATCATGTAGC"
"boot_1003_02976","CID4535","Plasmablasts","CID4535_AAGTCTGCAAAGGAAG"
"boot_1003_02977","CID4535","Plasmablasts","CID4535_CTTACCGAGACTGGGT"
"boot_1003_02978","CID4535","Plasmablasts","CID4535_CTCGAAAGTTTGTTGG"
"boot_1003_02979","CID4535","Plasmablasts","CID4535_TTCTACACAATGGATA"
"boot_1003_02980","CID4535","Plasmablasts","CID4535_TGCGTGGAGAGACTTA"
"boot_1003_02981","CID4535","Plasmablasts","CID4535_GCAATCATCACATGCA"
"boot_1003_02982","CID4535","Plasmablasts","CID4535_GTTCTCGGTGAAGGCT"
"boot_1003_02983","CID4535","Plasmablasts","CID4535_CGCTGGAGTCAGTGGA"
"boot_1003_02984","CID4535","Plasmablasts","CID4535_GTTAAGCTCTCCGGTT"
"boot_1003_02985","CID4535","Plasmablasts","CID4535_TAGCCGGGTGTGACGA"
"boot_1003_02986","CID4535","Plasmablasts","CID4535_GTTCTCGGTGAAGGCT"
"boot_1003_02987","CID4535","Plasmablasts","CID4535_CAGCCGACATACAGCT"
"boot_1003_02988","CID4535","Plasmablasts","CID4535_TGAGCCGTCACATACG"
"boot_1003_02989","CID4535","Plasmablasts","CID4535_TACTTGTTCGGTCTAA"
"boot_1003_02990","CID4535","Plasmablasts","CID4535_ACGCCAGCATTGAGCT"
"boot_1003_02991","CID4535","Plasmablasts","CID4535_GGTGCGTAGCAGCGTA"
"boot_1003_02992","CID4535","Plasmablasts","CID4535_CGTCAGGGTTTGCATG"
"boot_1003_02993","CID4535","Plasmablasts","CID4535_ACATGGTTCATGTCTT"
"boot_1003_02994","CID4535","Plasmablasts","CID4535_AGATTGCTCATCACCC"
"boot_1003_02995","CID4535","Plasmablasts","CID4535_AACTCCCGTAAGTTCC"
"boot_1003_02996","CID4535","Plasmablasts","CID4535_ACTGAGTTCTTGAGAC"
"boot_1003_02997","CID4535","Plasmablasts","CID4535_GTTACAGAGCAACGGT"
"boot_1003_02998","CID4535","Plasmablasts","CID4535_CTCGAAAGTTTGTTGG"
"boot_1003_02999","CID4535","Plasmablasts","CID4535_CTAATGGCAAGTTGTC"
"boot_1003_03000","CID4535","Plasmablasts","CID4535_AAACCTGTCTTGTATC"
"boot_1003_03001","CID4535","Plasmablasts","CID4535_TGCGCAGGTTTCCACC"
"boot_1003_03002","CID4535","Plasmablasts","CID4535_AGATTGCTCATCACCC"
"boot_1003_03003","CID4535","Plasmablasts","CID4535_TGTGTTTCACAAGCCC"
"boot_1003_03004","CID4535","Plasmablasts","CID4535_AAACCTGTCTTGTATC"
"boot_1003_03005","CID4535","Plasmablasts","CID4535_CTCGAAAGTTTGTTGG"
"boot_1003_03006","CID4535","Plasmablasts","CID4535_CGGGTCACAACTGGCC"
"boot_1003_03007","CID4535","Plasmablasts","CID4535_ATCATGGAGCGTCTAT"
"boot_1003_03008","CID4535","Plasmablasts","CID4535_CATATGGCAATGACCT"
"boot_1003_03009","CID4535","Plasmablasts","CID4535_CCGGGATGTATTCTCT"
"boot_1003_03010","CID4535","Plasmablasts","CID4535_CATCCACAGAAACCAT"
"boot_1003_03011","CID4535","Plasmablasts","CID4535_CTCCTAGTCCTTCAAT"
"boot_1003_03012","CID4535","Plasmablasts","CID4535_TCTTCGGCAGACAGGT"
"boot_1003_03013","CID4535","Plasmablasts","CID4535_GTCCTCATCAAGCCTA"
"boot_1003_03014","CID4535","Plasmablasts","CID4535_ACGCCAGCATTGAGCT"
"boot_1003_03015","CID4535","Plasmablasts","CID4535_TGACAACAGGGTGTGT"
"boot_1003_03016","CID4535","Plasmablasts","CID4535_TGAGCCGTCACATACG"
"boot_1003_03017","CID4535","Plasmablasts","CID4535_TGGACGCCAGGAACGT"
"boot_1003_03018","CID4535","Plasmablasts","CID4535_CTCGAAAGTTTGTTGG"
"boot_1003_03019","CID4535","Plasmablasts","CID4535_ATCTGCCGTCTACCTC"
"boot_1003_03020","CID4535","Plasmablasts","CID4535_ACATGGTTCATGTCTT"
"boot_1003_03021","CID4535","Plasmablasts","CID4535_AGTTGGTCAATGAATG"
"boot_1003_03022","CID4535","Plasmablasts","CID4535_CAGGTGCCAGTGGGAT"
"boot_1003_03023","CID4535","Plasmablasts","CID4535_CATCCACAGAAACCAT"
"boot_1003_03024","CID4535","Plasmablasts","CID4535_TGACAACAGGGTGTGT"
"boot_1003_03025","CID4535","Plasmablasts","CID4535_TAAGAGATCTGGCGTG"
"boot_1003_03026","CID4535","Plasmablasts","CID4535_AAGTCTGCAAAGGAAG"
"boot_1003_03027","CID4535","Plasmablasts","CID4535_AACTCCCGTAAGTTCC"
"boot_1003_03028","CID4535","Plasmablasts","CID4535_GACGTTAAGGCCATAG"
"boot_1003_03029","CID4535","Plasmablasts","CID4535_CTTACCGAGACTGGGT"
"boot_1003_03030","CID4535","Plasmablasts","CID4535_CGTTAGAAGAGGACGG"
"boot_1003_03031","CID4535","Plasmablasts","CID4535_CGGACGTAGCCCAATT"
"boot_1003_03032","CID4535","Plasmablasts","CID4535_TGAAAGATCTGCGACG"
"boot_1003_03033","CID4535","PVL","CID4535_TCAGCTCCAGACTCGC"
"boot_1003_03034","CID4535","PVL","CID4535_GGGTCTGTCAACACGT"
"boot_1003_03035","CID4535","PVL","CID4535_ACTTTCAGTAAGAGGA"
"boot_1003_03036","CID4535","PVL","CID4535_ACTTACTTCACGGTTA"
"boot_1003_03037","CID4535","PVL","CID4535_CTACGTCGTACTCAAC"
"boot_1003_03038","CID4535","PVL","CID4535_TACCTATAGGAGTTGC"
"boot_1003_03039","CID4535","PVL","CID4535_TAGACCAAGTTCGCAT"
"boot_1003_03040","CID4535","PVL","CID4535_CTCTAATTCCGTACAA"
"boot_1003_03041","CID4535","PVL","CID4535_CAGCTAACATCACAAC"
"boot_1003_03042","CID4535","PVL","CID4535_TCAATCTCAATGGATA"
"boot_1003_03043","CID4535","PVL","CID4535_GGCAATTGTCAGTGGA"
"boot_1003_03044","CID4535","PVL","CID4535_CAGGTGCGTCAAAGCG"
"boot_1003_03045","CID4535","PVL","CID4535_AGTGAGGTCAACGCTA"
"boot_1003_03046","CID4535","PVL","CID4535_GGGCATCGTCGCATCG"
"boot_1003_03047","CID4535","PVL","CID4535_GGATGTTGTAGGCTGA"
"boot_1003_03048","CID4535","PVL","CID4535_CGACTTCCAAGGCTCC"
"boot_1003_03049","CID4535","PVL","CID4535_CTCTGGTAGTGAAGAG"
"boot_1003_03050","CID4535","PVL","CID4535_GGCGTGTTCGCAGGCT"
"boot_1003_03051","CID4535","PVL","CID4535_TTTGGTTTCCTATTCA"
"boot_1003_03052","CID4535","PVL","CID4535_AACTCAGGTCAGAAGC"
"boot_1003_03053","CID4535","PVL","CID4535_ACGGGTCAGGTGTGGT"
"boot_1003_03054","CID4535","PVL","CID4535_GGTGTTACAACGATCT"
"boot_1003_03055","CID4535","PVL","CID4535_ACGTCAAAGTCCGTAT"
"boot_1003_03056","CID4535","PVL","CID4535_CTCTGGTTCATAACCG"
"boot_1003_03057","CID4535","PVL","CID4535_CCTACCATCTTCGGTC"
"boot_1003_03058","CID4535","PVL","CID4535_GTGCATATCTTGAGGT"
"boot_1003_03059","CID4535","PVL","CID4535_TCTGAGAAGTGTCTCA"
"boot_1003_03060","CID4535","PVL","CID4535_GTTCTCGGTAGCTCCG"
"boot_1003_03061","CID4535","PVL","CID4535_CACCAGGAGGAATGGA"
"boot_1003_03062","CID4535","PVL","CID4535_TAGAGCTCAGAGCCAA"
"boot_1003_03063","CID4535","PVL","CID4535_TACCTATAGGAGTTGC"
"boot_1003_03064","CID4535","PVL","CID4535_GCTGCAGGTTCCATGA"
"boot_1003_03065","CID4535","PVL","CID4535_ACGGGTCAGGTGTGGT"
"boot_1003_03066","CID4535","PVL","CID4535_GTGCTTCTCAAACCAC"
"boot_1003_03067","CID4535","PVL","CID4535_GGCGTGTAGAGGTTAT"
"boot_1003_03068","CID4535","PVL","CID4535_CATATGGCATCACGAT"
"boot_1003_03069","CID4535","PVL","CID4535_CCTACCATCTTCGGTC"
"boot_1003_03070","CID4535","PVL","CID4535_TCTCATAGTGGTGTAG"
"boot_1003_03071","CID4535","PVL","CID4535_CACCAGGCATATACGC"
"boot_1003_03072","CID4535","PVL","CID4535_AGTGAGGTCAACGCTA"
"boot_1003_03073","CID4535","PVL","CID4535_GGGAGATAGAGCAATT"
"boot_1003_03074","CID4535","PVL","CID4535_GGGCATCGTCGCATCG"
"boot_1003_03075","CID4535","PVL","CID4535_ATCATGGTCCAAATGC"
"boot_1003_03076","CID4535","PVL","CID4535_CAGCCGACAGCCTTGG"
"boot_1003_03077","CID4535","PVL","CID4535_GCTGCAGGTTCCATGA"
"boot_1003_03078","CID4535","PVL","CID4535_AACCGCGAGAGGTACC"
"boot_1003_03079","CID4535","PVL","CID4535_ATCCGAAGTCTCTCTG"
"boot_1003_03080","CID4535","PVL","CID4535_GTCAAGTTCTCAAACG"
"boot_1003_03081","CID4535","PVL","CID4535_CTACGTCGTCGCGTGT"
"boot_1003_03082","CID4535","PVL","CID4535_CCTTCGACATGTAGTC"
"boot_1003_03083","CID4535","PVL","CID4535_CATTCGCCATGGGAAC"
"boot_1003_03084","CID4535","PVL","CID4535_GGGCATCTCTGATACG"
"boot_1003_03085","CID4535","PVL","CID4535_GTACTTTCACAACGCC"
"boot_1003_03086","CID4535","PVL","CID4535_CCTACACAGCTAACTC"
"boot_1003_03087","CID4535","PVL","CID4535_AGATCTGCAAGGCTCC"
"boot_1003_03088","CID4535","PVL","CID4535_GACGTTAGTATGAATG"
"boot_1003_03089","CID4535","PVL","CID4535_GAGTCCGCAATAGAGT"
"boot_1003_03090","CID4535","PVL","CID4535_CGATGGCTCACAGTAC"
"boot_1003_03091","CID4535","PVL","CID4535_CAGATCAGTATATGGA"
"boot_1003_03092","CID4535","PVL","CID4535_ACGAGCCCAGCCAGAA"
"boot_1003_03093","CID4535","PVL","CID4535_AGGCCGTAGGCTCATT"
"boot_1003_03094","CID4535","PVL","CID4535_CAGTCCTCACAGATTC"
"boot_1003_03095","CID4535","PVL","CID4535_GCACTCTTCCGCAGTG"
"boot_1003_03096","CID4535","PVL","CID4535_CGATGGCGTGTATGGG"
"boot_1003_03097","CID4535","PVL","CID4535_GGCGTGTTCGCAGGCT"
"boot_1003_03098","CID4535","PVL","CID4535_AGAGCTTGTCTTGTCC"
"boot_1003_03099","CID4535","PVL","CID4535_ACATACGTCGCTGATA"
"boot_1003_03100","CID4535","PVL","CID4535_CCTAGCTCACGCTTTC"
"boot_1003_03101","CID4535","PVL","CID4535_AGTAGTCGTTAGGGTG"
"boot_1003_03102","CID4535","PVL","CID4535_GTGCATATCTTGAGGT"
"boot_1003_03103","CID4535","PVL","CID4535_CAGAGAGCATCCCATC"
"boot_1003_03104","CID4535","PVL","CID4535_CGGAGTCAGCCCAGCT"
"boot_1003_03105","CID4535","PVL","CID4535_AGCAGCCGTGATAAGT"
"boot_1003_03106","CID4535","PVL","CID4535_GTTTCTACAGGAACGT"
"boot_1003_03107","CID4535","PVL","CID4535_GTGCAGCTCATTATCC"
"boot_1003_03108","CID4535","PVL","CID4535_CTGATAGTCAGCTCTC"
"boot_1003_03109","CID4535","PVL","CID4535_CACTCCAGTCGATTGT"
"boot_1003_03110","CID4535","PVL","CID4535_GGTATTGCACCGGAAA"
"boot_1003_03111","CID4535","PVL","CID4535_TGCCAAAAGTACACCT"
"boot_1003_03112","CID4535","PVL","CID4535_GCTTCCATCTTGTACT"
"boot_1003_03113","CID4535","PVL","CID4535_CATCAGAAGGCACATG"
"boot_1003_03114","CID4535","PVL","CID4535_TTGGAACGTTGGTGGA"
"boot_1003_03115","CID4535","PVL","CID4535_TGAGAGGAGAAGATTC"
"boot_1003_03116","CID4535","PVL","CID4535_CTGATCCTCACTTCAT"
"boot_1003_03117","CID4535","PVL","CID4535_GCTGCAGGTTCCATGA"
"boot_1003_03118","CID4535","PVL","CID4535_CCGTACTCAGGTCCAC"
"boot_1003_03119","CID4535","PVL","CID4535_GAGTCCGGTCAACTGT"
"boot_1003_03120","CID4535","PVL","CID4535_TTGGCAACATCAGTAC"
"boot_1003_03121","CID4535","PVL","CID4535_AGATCTGCAAGGACAC"
"boot_1003_03122","CID4535","PVL","CID4535_AGGGAGTCAATCGAAA"
"boot_1003_03123","CID4535","PVL","CID4535_ATTGGTGAGAGGTACC"
"boot_1003_03124","CID4535","PVL","CID4535_TCTTTCCCAGTGAGTG"
"boot_1003_03125","CID4535","PVL","CID4535_CTTAGGACACACCGAC"
"boot_1003_03126","CID4535","PVL","CID4535_CATTCGCCATGGGAAC"
"boot_1003_03127","CID4535","PVL","CID4535_GACTACAGTGCAGGTA"
"boot_1003_03128","CID4535","PVL","CID4535_TACCTATTCAGCTTAG"
"boot_1003_03129","CID4535","PVL","CID4535_AGCGTCGGTCGACTGC"
"boot_1003_03130","CID4535","PVL","CID4535_GAAACTCCAATCCAAC"
"boot_1003_03131","CID4535","PVL","CID4535_CTGATAGTCAGCTCTC"
"boot_1003_03132","CID4535","PVL","CID4535_TGGCCAGGTTCCGGCA"
"boot_1003_03133","CID4535","PVL","CID4535_ACTGCTCTCGGGAGTA"
"boot_1003_03134","CID4535","PVL","CID4535_TCATTACCAAACCTAC"
"boot_1003_03135","CID4535","PVL","CID4535_GACTACAGTGCAGGTA"
"boot_1003_03136","CID4535","PVL","CID4535_GGGTCTGCAATCTGCA"
"boot_1003_03137","CID4535","PVL","CID4535_CCTTTCTAGCGAAGGG"
"boot_1003_03138","CID4535","PVL","CID4535_AGAGCTTGTCTTGATG"
"boot_1003_03139","CID4535","PVL","CID4535_GGCAATTGTCAGTGGA"
"boot_1003_03140","CID4535","PVL","CID4535_ATTATCCTCAGCGATT"
"boot_1003_03141","CID4535","PVL","CID4535_AACTCAGGTCAGAAGC"
"boot_1003_03142","CID4535","PVL","CID4535_AGGTCATGTCCCGACA"
"boot_1003_03143","CID4535","PVL","CID4535_TGACAACCAGTAAGAT"
"boot_1003_03144","CID4535","PVL","CID4535_CTAGCCTCACGGTGTC"
"boot_1003_03145","CID4535","PVL","CID4535_GGTGTTACAACGATCT"
"boot_1003_03146","CID4535","PVL","CID4535_ATTATCCTCAGCGATT"
"boot_1003_03147","CID4535","PVL","CID4535_TGGCGCACAAGCGCTC"
"boot_1003_03148","CID4535","PVL","CID4535_CCTTCCCGTCTCTCTG"
"boot_1003_03149","CID4535","PVL","CID4535_CTCGGGACACGGCTAC"
"boot_1003_03150","CID4535","PVL","CID4535_GGTGTTACAACGATCT"
"boot_1003_03151","CID4535","PVL","CID4535_GACGTTAAGTCGCCGT"
"boot_1003_03152","CID4535","PVL","CID4535_CCAGCGAGTTAAGATG"
"boot_1003_03153","CID4535","PVL","CID4535_CAGAATCCACCAGATT"
"boot_1003_03154","CID4535","PVL","CID4535_CATGCCTCATGGTCTA"
"boot_1003_03155","CID4535","PVL","CID4535_GGTGTTACAACGATCT"
"boot_1003_03156","CID4535","PVL","CID4535_GGATGTTGTAAGGATT"
"boot_1003_03157","CID4535","PVL","CID4535_GATCAGTGTTTGGCGC"
"boot_1003_03158","CID4535","PVL","CID4535_AGCGGTCAGATCGATA"
"boot_1003_03159","CID4535","PVL","CID4535_AAAGCAAGTCGGATCC"
"boot_1003_03160","CID4535","PVL","CID4535_ACACTGACAACGCACC"
"boot_1003_03161","CID4535","PVL","CID4535_GGGTCTGCAATCTGCA"
"boot_1003_03162","CID4535","PVL","CID4535_CTGATCCTCACTTCAT"
"boot_1003_03163","CID4535","PVL","CID4535_GACGTTAGTATGAATG"
"boot_1003_03164","CID4535","PVL","CID4535_CGAGCCACATGCGCAC"
"boot_1003_03165","CID4535","PVL","CID4535_TCTGAGAAGTGTCTCA"
"boot_1003_03166","CID4535","PVL","CID4535_GGTGCGTAGGCATTGG"
"boot_1003_03167","CID4535","PVL","CID4535_TTCGGTCCACATGGGA"
"boot_1003_03168","CID4535","PVL","CID4535_ATTACTCGTTAAGACA"
"boot_1003_03169","CID4535","PVL","CID4535_CAAGATCAGCTTCGCG"
"boot_1003_03170","CID4535","PVL","CID4535_CATATGGCATTGTGCA"
"boot_1003_03171","CID4535","PVL","CID4535_AACTTTCTCCGAGCCA"
"boot_1003_03172","CID4535","PVL","CID4535_TCAATCTTCAGTCCCT"
"boot_1003_03173","CID4535","PVL","CID4535_GGATTACGTAGCGTCC"
"boot_1003_03174","CID4535","PVL","CID4535_GGTATTGCACCGGAAA"
"boot_1003_03175","CID4535","PVL","CID4535_TCAGCTCCAGACTCGC"
"boot_1003_03176","CID4535","PVL","CID4535_GATGAGGCAATGTTGC"
"boot_1003_03177","CID4535","PVL","CID4535_GGTGTTAGTTTGTGTG"
"boot_1003_03178","CID4535","PVL","CID4535_CGACTTCCAAGGCTCC"
"boot_1003_03179","CID4535","PVL","CID4535_GACTAACGTATGAAAC"
"boot_1003_03180","CID4535","PVL","CID4535_CGGAGTCAGCCCAGCT"
"boot_1003_03181","CID4535","PVL","CID4535_GTGCTTCTCAAACCAC"
"boot_1003_03182","CID4535","PVL","CID4535_AATCCAGTCAACGGCC"
"boot_1003_03183","CID4535","PVL","CID4535_GGATTACGTAGCGTCC"
"boot_1003_03184","CID4535","PVL","CID4535_TAAGTGCGTATTACCG"
"boot_1003_03185","CID4535","PVL","CID4535_ACTGCTCAGCCGCCTA"
"boot_1003_03186","CID4535","PVL","CID4535_ACATCAGCACCTCGTT"
"boot_1003_03187","CID4535","PVL","CID4535_GGTATTGTCACCCGAG"
"boot_1003_03188","CID4535","PVL","CID4535_CCAGCGAGTCCATGAT"
"boot_1003_03189","CID4535","PVL","CID4535_AGCGTATCAGCCTTGG"
"boot_1003_03190","CID4535","PVL","CID4535_GCGGGTTGTCTAGAGG"
"boot_1003_03191","CID4535","PVL","CID4535_CATTCGCCATGGGAAC"
"boot_1003_03192","CID4535","PVL","CID4535_ACACTGACATCAGTCA"
"boot_1003_03193","CID4535","PVL","CID4535_GCAGTTATCGCGGATC"
"boot_1003_03194","CID4535","PVL","CID4535_GCACTCTGTGCGATAG"
"boot_1003_03195","CID4535","PVL","CID4535_CTTTGCGCACGACGAA"
"boot_1003_03196","CID4535","PVL","CID4535_GGATGTTGTAGGCTGA"
"boot_1003_03197","CID4535","PVL","CID4535_TGGCTGGAGAAGGACA"
"boot_1003_03198","CID4535","PVL","CID4535_TTGAACGGTATCGCAT"
"boot_1003_03199","CID4535","PVL","CID4535_GAGGTGACAGGCTCAC"
"boot_1003_03200","CID4535","PVL","CID4535_ACATCAGCAGGACGTA"
"boot_1003_03201","CID4535","PVL","CID4535_CTAGCCTCACGGTGTC"
"boot_1003_03202","CID4535","PVL","CID4535_GTAACTGCAGACAAAT"
"boot_1003_03203","CID4535","PVL","CID4535_ATCATGGCAATAGCAA"
"boot_1003_03204","CID4535","PVL","CID4535_ATTGGACAGTGGGTTG"
"boot_1003_03205","CID4535","PVL","CID4535_GAACCTAAGCAACGGT"
"boot_1003_03206","CID4535","PVL","CID4535_CTACCCAAGGCCCGTT"
"boot_1003_03207","CID4535","PVL","CID4535_TACCTATTCAGCTTAG"
"boot_1003_03208","CID4535","PVL","CID4535_CCAGCGAGTGCAACGA"
"boot_1003_03209","CID4535","PVL","CID4535_CAAGATCAGCTTCGCG"
"boot_1003_03210","CID4535","PVL","CID4535_CACAGTATCGGAAATA"
"boot_1003_03211","CID4535","PVL","CID4535_ATCACGATCGCTTAGA"
"boot_1003_03212","CID4535","PVL","CID4535_CTACGTCGTCGCGTGT"
"boot_1003_03213","CID4535","PVL","CID4535_TGAGAGGAGAAGATTC"
"boot_1003_03214","CID4535","PVL","CID4535_CGAGCCAAGGCGCTCT"
"boot_1003_03215","CID4535","PVL","CID4535_CGCTGGAAGTACACCT"
"boot_1003_03216","CID4535","PVL","CID4535_TCTCATAGTGGTGTAG"
"boot_1003_03217","CID4535","PVL","CID4535_CTTCTCTCAGGAATCG"
"boot_1003_03218","CID4535","PVL","CID4535_CGATGGCTCATCACCC"
"boot_1003_03219","CID4535","PVL","CID4535_GTACGTAAGGACGAAA"
"boot_1003_03220","CID4535","PVL","CID4535_ACTGCTCAGCCGCCTA"
"boot_1003_03221","CID4535","PVL","CID4535_GCGGGTTGTCTAGAGG"
"boot_1003_03222","CID4535","PVL","CID4535_CGGCTAGGTCTGGAGA"
"boot_1003_03223","CID4535","PVL","CID4535_TTAGGACAGGTACTCT"
"boot_1003_03224","CID4535","PVL","CID4535_ACACTGAAGATGGCGT"
"boot_1003_03225","CID4535","PVL","CID4535_CGATGGCTCACAGTAC"
"boot_1003_03226","CID4535","PVL","CID4535_GCATACATCTGTTGAG"
"boot_1003_03227","CID4535","PVL","CID4535_GTACTCCCAATGTAAG"
"boot_1003_03228","CID4535","PVL","CID4535_CATATGGCAAGCGTAG"
"boot_1003_03229","CID4535","PVL","CID4535_TCGAGGCCACCGGAAA"
"boot_1003_03230","CID4535","PVL","CID4535_CTGAAACGTGTCTGAT"
"boot_1003_03231","CID4535","PVL","CID4535_AACTCTTCAATAACGA"
"boot_1003_03232","CID4535","PVL","CID4535_ACGGAGAGTTCCACAA"
"boot_1003_03233","CID4535","PVL","CID4535_ACGATACTCTGGCGAC"
"boot_1003_03234","CID4535","PVL","CID4535_CAAGAAATCCGAGCCA"
"boot_1003_03235","CID4535","PVL","CID4535_TTAGGACAGGTACTCT"
"boot_1003_03236","CID4535","PVL","CID4535_CACACAATCCTTTCGG"
"boot_1003_03237","CID4535","PVL","CID4535_TCAGCTCCAGACTCGC"
"boot_1003_03238","CID4535","PVL","CID4535_GGTGTTATCTAGAGTC"
"boot_1003_03239","CID4535","PVL","CID4535_GAACGGATCAGCCTAA"
"boot_1003_03240","CID4535","PVL","CID4535_CCAGCGAAGACTAAGT"
"boot_1003_03241","CID4535","PVL","CID4535_GGAGCAACAGTATAAG"
"boot_1003_03242","CID4535","PVL","CID4535_CAAGAAATCATGCATG"
"boot_1003_03243","CID4535","PVL","CID4535_CGCTATCAGACCTTTG"
"boot_1003_03244","CID4535","PVL","CID4535_CACAAACAGCAAATCA"
"boot_1003_03245","CID4535","PVL","CID4535_CAACTAGCATCTATGG"
"boot_1003_03246","CID4535","PVL","CID4535_CGTAGCGCACCGGAAA"
"boot_1003_03247","CID4535","PVL","CID4535_ATTGGTGAGCGTTTAC"
"boot_1003_03248","CID4535","PVL","CID4535_GTTCATTTCGTTTAGG"
"boot_1003_03249","CID4535","PVL","CID4535_CTGTGCTCATTCTCAT"
"boot_1003_03250","CID4535","PVL","CID4535_AAAGCAAGTCGGATCC"
"boot_1003_03251","CID4535","PVL","CID4535_GCTTGAACAAGCCATT"
"boot_1003_03252","CID4535","PVL","CID4535_GCTCCTAAGTGGAGAA"
"boot_1003_03253","CID4535","PVL","CID4535_GCTCCTAAGTGGAGAA"
"boot_1003_03254","CID4535","PVL","CID4535_GACGTTAGTAAGGGCT"
"boot_1003_03255","CID4535","PVL","CID4535_ACACTGACATCAGTCA"
"boot_1003_03256","CID4535","PVL","CID4535_GTTTCTATCCGAAGAG"
"boot_1003_03257","CID4535","PVL","CID4535_GACTACAAGATAGTCA"
"boot_1003_03258","CID4535","PVL","CID4535_CGGCTAGGTCTGGAGA"
"boot_1003_03259","CID4535","PVL","CID4535_GACGTGCAGACCTTTG"
"boot_1003_03260","CID4535","PVL","CID4535_TGCGCAGGTAGTGAAT"
"boot_1003_03261","CID4535","PVL","CID4535_CTGCTGTAGCTTATCG"
"boot_1003_03262","CID4535","PVL","CID4535_ACACCGGAGAACAACT"
"boot_1003_03263","CID4535","PVL","CID4535_TGGCCAGGTTCCGGCA"
"boot_1003_03264","CID4535","PVL","CID4535_ACATGGTTCCTGCTTG"
"boot_1003_03265","CID4535","PVL","CID4535_GCGCAGTAGCTGGAAC"
"boot_1003_03266","CID4535","PVL","CID4535_ATTACTCGTACGCACC"
"boot_1003_03267","CID4535","PVL","CID4535_CTAGCCTCACGGTGTC"
"boot_1003_03268","CID4535","PVL","CID4535_GCTTCCATCTTGTACT"
"boot_1003_03269","CID4535","PVL","CID4535_GTACTTTCACAACGCC"
"boot_1003_03270","CID4535","PVL","CID4535_TTGCGTCTCTCTGCTG"
"boot_1003_03271","CID4535","PVL","CID4535_CATATGGCAAGCGTAG"
"boot_1003_03272","CID4535","PVL","CID4535_AGTGGGATCGTGACAT"
"boot_1003_03273","CID4535","PVL","CID4535_GACCAATTCTTTACGT"
"boot_1003_03274","CID4535","PVL","CID4535_AAAGATGAGTATCTCG"
"boot_1003_03275","CID4535","PVL","CID4535_ACATACGTCAACGCTA"
"boot_1003_03276","CID4535","PVL","CID4535_CTCGGGAGTCGAATCT"
"boot_1003_03277","CID4535","PVL","CID4535_CGCTATCAGACCTTTG"
"boot_1003_03278","CID4535","PVL","CID4535_GCGGGTTGTCTAGAGG"
"boot_1003_03279","CID4535","PVL","CID4535_TTTATGCCACCGTTGG"
"boot_1003_03280","CID4535","PVL","CID4535_CAGTCCTCACAGATTC"
"boot_1003_03281","CID4535","PVL","CID4535_GGAACTTTCGGTGTCG"
"boot_1003_03282","CID4535","PVL","CID4535_GAACCTAAGCAACGGT"
"boot_1003_03283","CID4535","PVL","CID4535_TACGGATTCGATCCCT"
"boot_1003_03284","CID4535","PVL","CID4535_CCAGCGAGTCCATGAT"
"boot_1003_03285","CID4535","PVL","CID4535_TAAGAGAGTATAGGGC"
"boot_1003_03286","CID4535","PVL","CID4535_TCACAAGTCGGATGTT"
"boot_1003_03287","CID4535","PVL","CID4535_GCATGCGTCCGCGTTT"
"boot_1003_03288","CID4535","PVL","CID4535_GCACATACATACTCTT"
"boot_1003_03289","CID4535","PVL","CID4535_TTCTCAATCTACTTAC"
"boot_1003_03290","CID4535","PVL","CID4535_GACGTTACAAACAACA"
"boot_1003_03291","CID4535","PVL","CID4535_ATGGGAGCAAGCCTAT"
"boot_1003_03292","CID4535","PVL","CID4535_TTGGCAACATCAGTAC"
"boot_1003_03293","CID4535","PVL","CID4535_AAGCCGCAGTAAGTAC"
"boot_1003_03294","CID4535","PVL","CID4535_CCAGCGAAGACTAAGT"
"boot_1003_03295","CID4535","PVL","CID4535_TGGCGCACAAGCGCTC"
"boot_1003_03296","CID4535","PVL","CID4535_GGGCACTTCAGTACGT"
"boot_1003_03297","CID4535","PVL","CID4535_CCAATCCGTTACGGAG"
"boot_1003_03298","CID4535","PVL","CID4535_CCAGCGAAGACTAAGT"
"boot_1003_03299","CID4535","PVL","CID4535_TTAACTCAGTAACCCT"
"boot_1003_03300","CID4535","PVL","CID4535_TTCGGTCCACATGGGA"
"boot_1003_03301","CID4535","PVL","CID4535_CGGCTAGGTCTGGAGA"
"boot_1003_03302","CID4535","PVL","CID4535_GAACGGAAGTGTCTCA"
"boot_1003_03303","CID4535","PVL","CID4535_ACGATACTCTGGCGAC"
"boot_1003_03304","CID4535","PVL","CID4535_ATCATGGCAATAGCAA"
"boot_1003_03305","CID4535","PVL","CID4535_CTGATAGGTCAAAGCG"
"boot_1003_03306","CID4535","PVL","CID4535_GAGGTGACACGACGAA"
"boot_1003_03307","CID4535","PVL","CID4535_TCACAAGCAGTCGTGC"
"boot_1003_03308","CID4535","PVL","CID4535_CGTAGGCTCACGACTA"
"boot_1003_03309","CID4535","PVL","CID4535_GGGAGATAGAGCAATT"
"boot_1003_03310","CID4535","PVL","CID4535_GCCAAATTCATCATTC"
"boot_1003_03311","CID4535","PVL","CID4535_ACACCCTGTCGCGTGT"
"boot_1003_03312","CID4535","PVL","CID4535_CCAGCGAGTTAAGATG"
"boot_1003_03313","CID4535","PVL","CID4535_CAGATCAAGCGATCCC"
"boot_1003_03314","CID4535","PVL","CID4535_TTTACTGAGCTAGTCT"
"boot_1003_03315","CID4535","PVL","CID4535_CACAGTAAGACGCAAC"
"boot_1003_03316","CID4535","PVL","CID4535_CACCAGGCATATACGC"
"boot_1003_03317","CID4535","PVL","CID4535_GCTGCAGTCTCGCATC"
"boot_1003_03318","CID4535","PVL","CID4535_ATCCACCGTTTGTGTG"
"boot_1003_03319","CID4535","PVL","CID4535_TAAGCGTGTTTGGGCC"
"boot_1003_03320","CID4535","PVL","CID4535_ACCCACTTCAATACCG"
"boot_1003_03321","CID4535","PVL","CID4535_TTGGCAACATCAGTAC"
"boot_1003_03322","CID4535","PVL","CID4535_CTCTAATTCTTGAGAC"
"boot_1003_03323","CID4535","PVL","CID4535_GGTATTGCAAGGGTCA"
"boot_1003_03324","CID4535","PVL","CID4535_TCGCGAGCAGTTAACC"
"boot_1003_03325","CID4535","PVL","CID4535_AGACGTTGTTCGCGAC"
"boot_1003_03326","CID4535","PVL","CID4535_CGGCTAGGTCTGGAGA"
"boot_1003_03327","CID4535","PVL","CID4535_GCCAAATTCATCATTC"
"boot_1003_03328","CID4535","PVL","CID4535_CCTAGCTCAATCCGAT"
"boot_1003_03329","CID4535","PVL","CID4535_ATTGGACCACCCAGTG"
"boot_1003_03330","CID4535","PVL","CID4535_CTAACTTAGTAGTGCG"
"boot_1003_03331","CID4535","PVL","CID4535_TGGCGCAAGTACGCCC"
"boot_1003_03332","CID4535","PVL","CID4535_GGGCATCGTCGCATCG"
"boot_1003_03333","CID4535","PVL","CID4535_GATCAGTGTTTGGCGC"
"boot_1003_03334","CID4535","PVL","CID4535_TCTTTCCCAGTGAGTG"
"boot_1003_03335","CID4535","PVL","CID4535_ATGCGATAGACGCTTT"
"boot_1003_03336","CID4535","PVL","CID4535_GTCTTCGCATCGGACC"
"boot_1003_03337","CID4535","PVL","CID4535_AGAGTGGTCTGCGACG"
"boot_1003_03338","CID4535","PVL","CID4535_CGAGCCACATGCGCAC"
"boot_1003_03339","CID4535","PVL","CID4535_CACACAATCTCAAACG"
"boot_1003_03340","CID4535","PVL","CID4535_TACCTATAGGAGTTGC"
"boot_1003_03341","CID4535","PVL","CID4535_CACTCCAGTCGATTGT"
"boot_1003_03342","CID4535","PVL","CID4535_ATCTACTCAGGCAGTA"
"boot_1003_03343","CID4535","PVL","CID4535_CATATGGCAAGCGTAG"
"boot_1003_03344","CID4535","PVL","CID4535_GTTCATTTCGTTTAGG"
"boot_1003_03345","CID4535","PVL","CID4535_AGAGTGGCACCGATAT"
"boot_1003_03346","CID4535","PVL","CID4535_GAATGAATCGCGTTTC"
"boot_1003_03347","CID4535","PVL","CID4535_GTGGGTCCAATAGCAA"
"boot_1003_03348","CID4535","PVL","CID4535_TACGGATTCGATCCCT"
"boot_1003_03349","CID4535","PVL","CID4535_ACAGCTAGTTCCTCCA"
"boot_1003_03350","CID4535","PVL","CID4535_TACTTACGTGACAAAT"
"boot_1003_03351","CID4535","PVL","CID4535_ATTGGTGAGCGTTTAC"
"boot_1003_03352","CID4535","PVL","CID4535_GAACGGAAGTGTCTCA"
"boot_1003_03353","CID4535","PVL","CID4535_AATCCAGTCAACGGCC"
"boot_1003_03354","CID4535","PVL","CID4535_ACCGTAATCGTCCGTT"
"boot_1003_03355","CID4535","PVL","CID4535_ATTCTACTCTGCTGCT"
"boot_1003_03356","CID4535","PVL","CID4535_CGAACATAGTGTTTGC"
"boot_1003_03357","CID4535","PVL","CID4535_AGATCTGCAAGGCTCC"
"boot_1003_03358","CID4535","PVL","CID4535_CCTTTCTAGAGCCTAG"
"boot_1003_03359","CID4535","PVL","CID4535_CAGAGAGGTGTGCCTG"
"boot_1003_03360","CID4535","PVL","CID4535_GAATAAGTCGGCTTGG"
"boot_1003_03361","CID4535","PVL","CID4535_CCACGGACACACAGAG"
"boot_1003_03362","CID4535","PVL","CID4535_CCTTCGACATGTAGTC"
"boot_1003_03363","CID4535","PVL","CID4535_GTTTCTATCCGAAGAG"
"boot_1003_03364","CID4535","PVL","CID4535_TACGGATAGGCATGTG"
"boot_1003_03365","CID4535","PVL","CID4535_CAGCTAACATCACAAC"
"boot_1003_03366","CID4535","PVL","CID4535_CCAATCCGTTACGGAG"
"boot_1003_03367","CID4535","PVL","CID4535_GGGCATCTCTGATACG"
"boot_1003_03368","CID4535","PVL","CID4535_CGAGCCAAGGCGCTCT"
"boot_1003_03369","CID4535","PVL","CID4535_GTGCATAGTTGGTTTG"
"boot_1003_03370","CID4535","PVL","CID4535_TACAGTGTCCCATTAT"
"boot_1003_03371","CID4535","PVL","CID4535_GTGCATATCTTGAGGT"
"boot_1003_03372","CID4535","PVL","CID4535_GGGCATCGTCGCATCG"
"boot_1003_03373","CID4535","PVL","CID4535_CACCTTGGTAGCGTCC"
"boot_1003_03374","CID4535","PVL","CID4535_GCAGCCATCACAAACC"
"boot_1003_03375","CID4535","PVL","CID4535_GTACTCCCAATGTAAG"
"boot_1003_03376","CID4535","PVL","CID4535_CGCGGTAAGGTGATTA"
"boot_1003_03377","CID4535","PVL","CID4535_ACTATCTGTTCGTTGA"
"boot_1003_03378","CID4535","PVL","CID4535_GACCAATTCTTTACGT"
"boot_1003_03379","CID4535","PVL","CID4535_GTTTCTACAGGAACGT"
"boot_1003_03380","CID4535","PVL","CID4535_GCTCCTAAGTGGAGAA"
"boot_1003_03381","CID4535","PVL","CID4535_GACGTGCGTTTACTCT"
"boot_1003_03382","CID4535","PVL","CID4535_CTCCTAGTCTGATACG"
"boot_1003_03383","CID4535","PVL","CID4535_GCGAGAACACATTCGA"
"boot_1003_03384","CID4535","PVL","CID4535_GCTTGAACAAGCCATT"
"boot_1003_03385","CID4535","PVL","CID4535_GGAACTTTCAAACCGT"
"boot_1003_03386","CID4535","PVL","CID4535_TCTTTCCCAGTGAGTG"
"boot_1003_03387","CID4535","PVL","CID4535_TTCTCCTTCAACACAC"
"boot_1003_03388","CID4535","PVL","CID4535_CTCTGGTAGTGAAGAG"
"boot_1003_03389","CID4535","PVL","CID4535_ATGAGGGCATCGTCGG"
"boot_1003_03390","CID4535","PVL","CID4535_TGAAAGAAGCACGCCT"
"boot_1003_03391","CID4535","PVL","CID4535_TTGCGTCTCTCTGCTG"
"boot_1003_03392","CID4535","PVL","CID4535_CCCAGTTTCTGGTATG"
"boot_1003_03393","CID4535","PVL","CID4535_ACAGCTAGTTCCTCCA"
"boot_1003_03394","CID4535","PVL","CID4535_GAACCTAAGACTTGAA"
"boot_1003_03395","CID4535","PVL","CID4535_CAACCTCCAAGGTTTC"
"boot_1003_03396","CID4535","PVL","CID4535_ACGGAGATCGGTGTCG"
"boot_1003_03397","CID4535","PVL","CID4535_CCAGCGATCGAGAGCA"
"boot_1003_03398","CID4535","PVL","CID4535_TCCCGATTCACTCTTA"
"boot_1003_03399","CID4535","PVL","CID4535_CCTACCATCTTCGGTC"
"boot_1003_03400","CID4535","PVL","CID4535_CGCTGGAAGTACACCT"
"boot_1003_03401","CID4535","PVL","CID4535_CCTAGCTCACGCTTTC"
"boot_1003_03402","CID4535","PVL","CID4535_CAAGTTGTCTTGAGAC"
"boot_1003_03403","CID4535","PVL","CID4535_AACTTTCTCCGAGCCA"
"boot_1003_03404","CID4535","PVL","CID4535_GCAAACTCACGAAATA"
"boot_1003_03405","CID4535","PVL","CID4535_GACAGAGGTCTCCACT"
"boot_1003_03406","CID4535","PVL","CID4535_TACGGATAGGCATGTG"
"boot_1003_03407","CID4535","PVL","CID4535_ATGTGTGAGGAGCGTT"
"boot_1003_03408","CID4535","PVL","CID4535_TACCTTAGTTCACGGC"
"boot_1003_03409","CID4535","PVL","CID4535_TAGACCAAGTTCGCAT"
"boot_1003_03410","CID4535","PVL","CID4535_CACCACTTCCAGAGGA"
"boot_1003_03411","CID4535","PVL","CID4535_ATCATGGGTAGGAGTC"
"boot_1003_03412","CID4535","PVL","CID4535_GGACATTGTGTTTGGT"
"boot_1003_03413","CID4535","PVL","CID4535_CCGTACTCAGGTCCAC"
"boot_1003_03414","CID4535","PVL","CID4535_CGGAGCTTCGAGCCCA"
"boot_1003_03415","CID4535","PVL","CID4535_CTACCCAAGGCCCGTT"
"boot_1003_03416","CID4535","PVL","CID4535_TAAGAGAAGAATGTGT"
"boot_1003_03417","CID4535","PVL","CID4535_CCTAGCTCAATCCGAT"
"boot_1003_03418","CID4535","PVL","CID4535_GTATTCTTCATGTCTT"
"boot_1003_03419","CID4535","PVL","CID4535_TTCTACACAGTAAGAT"
"boot_1003_03420","CID4535","PVL","CID4535_ACTGAACTCAACCAAC"
"boot_1003_03421","CID4535","PVL","CID4535_GCAGCCAAGGAGCGTT"
"boot_1003_03422","CID4535","PVL","CID4535_TCACGAAAGAGGTAGA"
"boot_1003_03423","CID4535","PVL","CID4535_CGAGCACGTTTGTGTG"
"boot_1003_03424","CID4535","PVL","CID4535_TACGGATTCGATCCCT"
"boot_1003_03425","CID4535","PVL","CID4535_TAGGCATAGCTGTCTA"
"boot_1003_03426","CID4535","PVL","CID4535_AGGCCGTAGGCTCATT"
"boot_1003_03427","CID4535","PVL","CID4535_CACCTTGGTGCGCTTG"
"boot_1003_03428","CID4535","PVL","CID4535_AGACGTTCATGCATGT"
"boot_1003_03429","CID4535","PVL","CID4535_CCGTACTAGATGTGGC"
"boot_1003_03430","CID4535","PVL","CID4535_CACATTTAGTGGAGAA"
"boot_1003_03431","CID4535","PVL","CID4535_CGAGCACGTTTGTGTG"
"boot_1003_03432","CID4535","PVL","CID4535_TATCTCAGTATAAACG"
"boot_1003_03433","CID4535","PVL","CID4535_CTCGAAACAGCTGCTG"
"boot_1003_03434","CID4535","PVL","CID4535_TTAACTCAGTAACCCT"
"boot_1003_03435","CID4535","PVL","CID4535_CTGCTGTAGTCAATAG"
"boot_1003_03436","CID4535","PVL","CID4535_ACACCCTGTCGCGTGT"
"boot_1003_03437","CID4535","PVL","CID4535_GTGCAGCTCACTATTC"
"boot_1003_03438","CID4535","PVL","CID4535_AATCCAGTCAACGGCC"
"boot_1003_03439","CID4535","PVL","CID4535_AGCGTATCAGCCTTGG"
"boot_1003_03440","CID4535","PVL","CID4535_CTCGGGAGTCGAATCT"
"boot_1003_03441","CID4535","PVL","CID4535_AGGTCCGTCATGTCCC"
"boot_1003_03442","CID4535","PVL","CID4535_CACAGTATCGGAAATA"
"boot_1003_03443","CID4535","PVL","CID4535_CTCTAATTCCGTACAA"
"boot_1003_03444","CID4535","PVL","CID4535_CATGCCTCATGGTCTA"
"boot_1003_03445","CID4535","PVL","CID4535_ACTTACTTCACGGTTA"
"boot_1003_03446","CID4535","PVL","CID4535_CACCAGGAGGAATGGA"
"boot_1003_03447","CID4535","PVL","CID4535_CACACAATCCTTTCGG"
"boot_1003_03448","CID4535","PVL","CID4535_AGACGTTCACCAGGCT"
"boot_1003_03449","CID4535","PVL","CID4535_CAGCGACCACTTGGAT"
"boot_1003_03450","CID4535","PVL","CID4535_ATCTACTCAGGCAGTA"
"boot_1003_03451","CID4535","PVL","CID4535_TAAGTGCCAGCGAACA"
"boot_1003_03452","CID4535","PVL","CID4535_GAATGAATCGCGTTTC"
"boot_1003_03453","CID4535","PVL","CID4535_TTGTAGGTCACTCCTG"
"boot_1003_03454","CID4535","PVL","CID4535_GCAGCCATCAGCGATT"
"boot_1003_03455","CID4535","PVL","CID4535_TACGGGCAGTGTGAAT"
"boot_1003_03456","CID4535","PVL","CID4535_TTGGCAACATCAGTAC"
"boot_1003_03457","CID4535","PVL","CID4535_TTCTTAGTCAGGATCT"
"boot_1003_03458","CID4535","PVL","CID4535_ACGAGCCCAGCCAGAA"
"boot_1003_03459","CID4535","PVL","CID4535_GCATGATCAATCCAAC"
"boot_1003_03460","CID4535","PVL","CID4535_ACGAGCCCACCCTATC"
"boot_1003_03461","CID4535","PVL","CID4535_TTATGCTTCTCAACTT"
"boot_1003_03462","CID4535","PVL","CID4535_GCTGCAGTCTCGCATC"
"boot_1003_03463","CID4535","PVL","CID4535_CACTCCAGTCGATTGT"
"boot_1003_03464","CID4535","PVL","CID4535_CCTAAAGCAGTGAGTG"
"boot_1003_03465","CID4535","PVL","CID4535_TCTCATAGTCTGCAAT"
"boot_1003_03466","CID4535","PVL","CID4535_TGCGTGGGTCCTAGCG"
"boot_1003_03467","CID4535","PVL","CID4535_CGAACATAGTGTTTGC"
"boot_1003_03468","CID4535","PVL","CID4535_CTGTGCTCATTCTCAT"
"boot_1003_03469","CID4535","PVL","CID4535_TGAGCATCATGAACCT"
"boot_1003_03470","CID4535","PVL","CID4535_TTGGCAAGTTACAGAA"
"boot_1003_03471","CID4535","PVL","CID4535_ACAGCTAGTTCCATGA"
"boot_1003_03472","CID4535","PVL","CID4535_GTGCATATCTTGAGGT"
"boot_1003_03473","CID4535","PVL","CID4535_TAAACCGAGTTCGCGC"
"boot_1003_03474","CID4535","PVL","CID4535_ACGAGCCGTAGGCTGA"
"boot_1003_03475","CID4535","PVL","CID4535_CTAGCCTCACGGTGTC"
"boot_1003_03476","CID4535","PVL","CID4535_CAGAGAGCATCCCATC"
"boot_1003_03477","CID4535","PVL","CID4535_GGGAATGTCGGCTTGG"
"boot_1003_03478","CID4535","PVL","CID4535_GATCGATAGATGTGGC"
"boot_1003_03479","CID4535","PVL","CID4535_TGAAAGAAGCACGCCT"
"boot_1003_03480","CID4535","PVL","CID4535_ATCCGAAGTCTCTCTG"
"boot_1003_03481","CID4535","PVL","CID4535_CCTACACAGTAGCGGT"
"boot_1003_03482","CID4535","PVL","CID4535_AACTCTTTCTTGCAAG"
"boot_1003_03483","CID4535","PVL","CID4535_GTTAAGCAGCGACGTA"
"boot_1003_03484","CID4535","PVL","CID4535_TACGGATTCGATCCCT"
"boot_1003_03485","CID4535","PVL","CID4535_TCACAAGCAGTCGTGC"
"boot_1003_03486","CID4535","PVL","CID4535_CATTCGCCATGGGAAC"
"boot_1003_03487","CID4535","PVL","CID4535_GGGCACTTCAGTACGT"
"boot_1003_03488","CID4535","PVL","CID4535_TATGCCCTCCACTGGG"
"boot_1003_03489","CID4535","PVL","CID4535_GGACAAGTCACTATTC"
"boot_1003_03490","CID4535","PVL","CID4535_GACTACAAGTGAACAT"
"boot_1003_03491","CID4535","PVL","CID4535_TAGACCAAGTTCGCAT"
"boot_1003_03492","CID4535","PVL","CID4535_GACTACAAGTGAACAT"
"boot_1003_03493","CID4535","PVL","CID4535_GTCGGGTTCTGTGCAA"
"boot_1003_03494","CID4535","PVL","CID4535_TTTGGTTGTGCAGTAG"
"boot_1003_03495","CID4535","PVL","CID4535_TTATGCTTCTGTCTAT"
"boot_1003_03496","CID4535","PVL","CID4535_CGTGTCTGTAGGAGTC"
"boot_1003_03497","CID4535","PVL","CID4535_TCAGGTATCAGGCGAA"
"boot_1003_03498","CID4535","PVL","CID4535_CAAGGCCCAATCGAAA"
"boot_1003_03499","CID4535","PVL","CID4535_TTGGCAAAGTCTCCTC"
"boot_1003_03500","CID4535","PVL","CID4535_ACGGAGACACTTACGA"
"boot_1003_03501","CID4535","PVL","CID4535_TTAACTCAGTAACCCT"
"boot_1003_03502","CID4535","PVL","CID4535_GGTATTGCACCGGAAA"
"boot_1003_03503","CID4535","PVL","CID4535_ACATCAGCAGGACGTA"
"boot_1003_03504","CID4535","PVL","CID4535_ATCATGGTCCAAATGC"
"boot_1003_03505","CID4535","PVL","CID4535_GTGGGTCCAATAGCAA"
"boot_1003_03506","CID4535","PVL","CID4535_GTGTTAGAGACAGAGA"
"boot_1003_03507","CID4535","PVL","CID4535_TCAGGTATCCCAACGG"
"boot_1003_03508","CID4535","PVL","CID4535_GGTGCGTAGGCATTGG"
"boot_1003_03509","CID4535","PVL","CID4535_TAAGCGTGTTTGGGCC"
"boot_1003_03510","CID4535","PVL","CID4535_CTCCTAGTCTGATACG"
"boot_1003_03511","CID4535","PVL","CID4535_GACTACAAGTGAACAT"
"boot_1003_03512","CID4535","PVL","CID4535_ACTGAGTTCGGAATCT"
"boot_1003_03513","CID4535","PVL","CID4535_CAAGAAAGTCGCATCG"
"boot_1003_03514","CID4535","PVL","CID4535_ATGGGAGCAAGCCTAT"
"boot_1003_03515","CID4535","PVL","CID4535_CGTCCATTCTCTGCTG"
"boot_1003_03516","CID4535","PVL","CID4535_TCGCGAGTCAACTCTT"
"boot_1003_03517","CID4535","PVL","CID4535_GTTCATTCAGTCGTGC"
"boot_1003_03518","CID4535","PVL","CID4535_GAACCTAAGCAACGGT"
"boot_1003_03519","CID4535","PVL","CID4535_GAAGCAGGTCCCTACT"
"boot_1003_03520","CID4535","PVL","CID4535_ACGGCCATCATTCACT"
"boot_1003_03521","CID4535","PVL","CID4535_GTCGGGTTCTGTGCAA"
"boot_1003_03522","CID4535","PVL","CID4535_CTAGAGTGTTGGTTTG"
"boot_1003_03523","CID4535","PVL","CID4535_TCCCGATCAATGACCT"
"boot_1003_03524","CID4535","PVL","CID4535_GAGGTGACAGGCTCAC"
"boot_1003_03525","CID4535","PVL","CID4535_CTTAGGACACACCGAC"
"boot_1003_03526","CID4535","PVL","CID4535_CGATGGCTCATCACCC"
"boot_1003_03527","CID4535","PVL","CID4535_CGTCCATTCTCTGCTG"
"boot_1003_03528","CID4535","PVL","CID4535_GACGGCTAGAGTGACC"
"boot_1003_03529","CID4535","PVL","CID4535_CAGTCCTCACAGATTC"
"boot_1003_03530","CID4535","PVL","CID4535_CTACGTCAGATCACGG"
"boot_1003_03531","CID4535","PVL","CID4535_CGATGTAAGATAGTCA"
"boot_1003_03532","CID4535","PVL","CID4535_ACGATACTCTGGCGAC"
"boot_1003_03533","CID4535","PVL","CID4535_GTGCGGTCACTTCGAA"
"boot_1003_03534","CID4535","PVL","CID4535_CTAACTTAGTAGTGCG"
"boot_1003_03535","CID4535","PVL","CID4535_GTGCAGCTCACTATTC"
"boot_1003_03536","CID4535","PVL","CID4535_CCACGGAAGGCGACAT"
"boot_1003_03537","CID4535","PVL","CID4535_TACCTATAGCAATATG"
"boot_1003_03538","CID4535","PVL","CID4535_ATCACGATCGCTTAGA"
"boot_1003_03539","CID4535","PVL","CID4535_GTTTCTACAGGAACGT"
"boot_1003_03540","CID4535","PVL","CID4535_ACGAGCCCAGCCAGAA"
"boot_1003_03541","CID4535","PVL","CID4535_GTCACAAAGTGAATTG"
"boot_1003_03542","CID4535","PVL","CID4535_ACGATACCACCCTATC"
"boot_1003_03543","CID4535","PVL","CID4535_GGAGCAACAGTATAAG"
"boot_1003_03544","CID4535","PVL","CID4535_AGCGTCGGTCGACTGC"
"boot_1003_03545","CID4535","PVL","CID4535_ATTGGTGAGAGGTACC"
"boot_1003_03546","CID4535","PVL","CID4535_ATTGGTGAGCGTTTAC"
"boot_1003_03547","CID4535","PVL","CID4535_ACTATCTGTTCGTTGA"
"boot_1003_03548","CID4535","PVL","CID4535_CTGAAACGTGTCTGAT"
"boot_1003_03549","CID4535","PVL","CID4535_GCACTCTTCCGCAGTG"
"boot_1003_03550","CID4535","PVL","CID4535_GCATACATCTGTTGAG"
"boot_1003_03551","CID4535","PVL","CID4535_GTGTTAGAGACAGAGA"
"boot_1003_03552","CID4535","PVL","CID4535_GACGGCTAGAGTGACC"
"boot_1003_03553","CID4535","PVL","CID4535_CACCAGGAGGAATGGA"
"boot_1003_03554","CID4535","PVL","CID4535_CACACAATCCTTTCGG"
"boot_1003_03555","CID4535","PVL","CID4535_CCTACCATCTTCGGTC"
"boot_1003_03556","CID4535","PVL","CID4535_TTCTTAGCATCGGACC"
"boot_1003_03557","CID4535","PVL","CID4535_TCTTTCCCAGTGAGTG"
"boot_1003_03558","CID4535","PVL","CID4535_CGAGCCACATGCGCAC"
"boot_1003_03559","CID4535","PVL","CID4535_GTGCTTCTCAAACCAC"
"boot_1003_03560","CID4535","PVL","CID4535_TACCTATTCCGAACGC"
"boot_1003_03561","CID4535","PVL","CID4535_GGACAAGTCACTATTC"
"boot_1003_03562","CID4535","PVL","CID4535_CTGATCCTCACTTCAT"
"boot_1003_03563","CID4535","PVL","CID4535_TTTGGTTTCCTATTCA"
"boot_1003_03564","CID4535","PVL","CID4535_ACACCGGAGAACAACT"
"boot_1003_03565","CID4535","PVL","CID4535_AACCGCGAGAGGTACC"
"boot_1003_03566","CID4535","PVL","CID4535_TGTGGTAGTATCAGTC"
"boot_1003_03567","CID4535","PVL","CID4535_CAGCAGCCACCACGTG"
"boot_1003_03568","CID4535","PVL","CID4535_CTCGGGAGTCGAATCT"
"boot_1003_03569","CID4535","PVL","CID4535_ATTGGTGAGCGTTTAC"
"boot_1003_03570","CID4535","PVL","CID4535_ACTGAGTTCGGAATCT"
"boot_1003_03571","CID4535","PVL","CID4535_AATCCAGTCAACGGCC"
"boot_1003_03572","CID4535","PVL","CID4535_TCGCGAGCAGTTAACC"
"boot_1003_03573","CID4535","PVL","CID4535_GATCAGTGTTTGGCGC"
"boot_1003_03574","CID4535","PVL","CID4535_AGTAGTCGTTAGGGTG"
"boot_1003_03575","CID4535","PVL","CID4535_GCTGCGAGTGTGAATA"
"boot_1003_03576","CID4535","PVL","CID4535_GTGCAGCTCATTATCC"
"boot_1003_03577","CID4535","PVL","CID4535_CAACTAGCATCTATGG"
"boot_1003_03578","CID4535","PVL","CID4535_GTTAAGCAGCGACGTA"
"boot_1003_03579","CID4535","PVL","CID4535_AGCGTCGAGTCTTGCA"
"boot_1003_03580","CID4535","PVL","CID4535_ACGTCAAAGTCCGTAT"
"boot_1003_03581","CID4535","PVL","CID4535_CAACCTCCAAGGTTTC"
"boot_1003_03582","CID4535","PVL","CID4535_GACGTTAGTAAGGGCT"
"boot_1003_03583","CID4535","PVL","CID4535_CAACCTCAGGCTAGCA"
"boot_1003_03584","CID4535","PVL","CID4535_CTCTAATTCTTGAGAC"
"boot_1003_03585","CID4535","PVL","CID4535_TTCGGTCCACATGGGA"
"boot_1003_03586","CID4535","PVL","CID4535_CGCTATCAGACCTTTG"
"boot_1003_03587","CID4535","PVL","CID4535_TTGGAACGTTGGTGGA"
"boot_1003_03588","CID4535","PVL","CID4535_TACCTATTCCGAACGC"
"boot_1003_03589","CID4535","PVL","CID4535_TGAGCATCAACGCACC"
"boot_1003_03590","CID4535","PVL","CID4535_TACGGGCAGTGTGAAT"
"boot_1003_03591","CID4535","PVL","CID4535_TTGGCAAGTACGAAAT"
"boot_1003_03592","CID4535","PVL","CID4535_CACCACTTCCAGAGGA"
"boot_1003_03593","CID4535","PVL","CID4535_GATCGATAGATGTGGC"
"boot_1003_03594","CID4535","PVL","CID4535_ATGTGTGAGGAGCGTT"
"boot_1003_03595","CID4535","PVL","CID4535_TTGTAGGTCACTCCTG"
"boot_1003_03596","CID4535","PVL","CID4535_TCAATCTTCAGTCCCT"
"boot_1003_03597","CID4535","PVL","CID4535_GCAGTTATCCAGGGCT"
"boot_1003_03598","CID4535","PVL","CID4535_CTCTGGTTCATAACCG"
"boot_1003_03599","CID4535","PVL","CID4535_TCAATCTTCAGTCCCT"
"boot_1003_03600","CID4535","PVL","CID4535_TCTTTCCCAGTGAGTG"
"boot_1003_03601","CID4535","PVL","CID4535_TTTCCTCCACCAGGTC"
"boot_1003_03602","CID4535","PVL","CID4535_TGACAACCAGTAAGAT"
"boot_1003_03603","CID4535","PVL","CID4535_ACTTACTTCACGGTTA"
"boot_1003_03604","CID4535","PVL","CID4535_AGGCCACAGAGCCTAG"
"boot_1003_03605","CID4535","PVL","CID4535_AGCAGCCGTGATAAGT"
"boot_1003_03606","CID4535","PVL","CID4535_TACTTACCAGCCTTTC"
"boot_1003_03607","CID4535","PVL","CID4535_GAAACTCCAATCCAAC"
"boot_1003_03608","CID4535","PVL","CID4535_GAGGTGACAGGCTCAC"
"boot_1003_03609","CID4535","PVL","CID4535_GCTTCCATCTTGTACT"
"boot_1003_03610","CID4535","PVL","CID4535_TGCACCTTCGGTCCGA"
"boot_1003_03611","CID4535","PVL","CID4535_CCAGCGATCGAGAGCA"
"boot_1003_03612","CID4535","PVL","CID4535_CCTTTCTAGCGAAGGG"
"boot_1003_03613","CID4535","PVL","CID4535_CGTAGCGAGATATGGT"
"boot_1003_03614","CID4535","PVL","CID4535_TGCCAAAGTACATCCA"
"boot_1003_03615","CID4535","PVL","CID4535_ACACCCTGTCGCGTGT"
"boot_1003_03616","CID4535","PVL","CID4535_ATCCACCGTTTGTGTG"
"boot_1003_03617","CID4535","PVL","CID4535_TGAGAGGAGAAGATTC"
"boot_1003_03618","CID4535","PVL","CID4535_CGTGAGCTCAGTTTGG"
"boot_1003_03619","CID4535","PVL","CID4535_AGAGTGGCACCGATAT"
"boot_1003_03620","CID4535","PVL","CID4535_CCGTACTCAGGTCCAC"
"boot_1003_03621","CID4535","PVL","CID4535_CAGAGAGCAGATGGCA"
"boot_1003_03622","CID4535","PVL","CID4535_GTGCGGTGTGACTCAT"
"boot_1003_03623","CID4535","PVL","CID4535_GGGAGATAGAGCAATT"
"boot_1003_03624","CID4535","PVL","CID4535_GTGAAGGGTCGATTGT"
"boot_1003_03625","CID4535","T cells CD4+","CID4535_TTTCCTCTCGGCCGAT"
"boot_1003_03626","CID4535","T cells CD4+","CID4535_ATTCTACGTGTTGAGG"
"boot_1003_03627","CID4535","T cells CD4+","CID4535_GGCTGGTGTATAGTAG"
"boot_1003_03628","CID4535","T cells CD4+","CID4535_AACTGGTAGTAGCGGT"
"boot_1003_03629","CID4535","T cells CD4+","CID4535_GGACAGACAGACAGGT"
"boot_1003_03630","CID4535","T cells CD4+","CID4535_GCTGCAGCACAGCCCA"
"boot_1003_03631","CID4535","T cells CD4+","CID4535_CAGCTGGTCAGCTCTC"
"boot_1003_03632","CID4535","T cells CD4+","CID4535_TGCCCTACACCCTATC"
"boot_1003_03633","CID4535","T cells CD4+","CID4535_AAGCCGCTCGAACGGA"
"boot_1003_03634","CID4535","T cells CD4+","CID4535_TACTTACGTTTCGCTC"
"boot_1003_03635","CID4535","T cells CD4+","CID4535_TACAGTGTCTAACCGA"
"boot_1003_03636","CID4535","T cells CD4+","CID4535_AGCAGCCTCAGGCGAA"
"boot_1003_03637","CID4535","T cells CD4+","CID4535_CTGCTGTCATGCAACT"
"boot_1003_03638","CID4535","T cells CD4+","CID4535_CGGACACTCATTATCC"
"boot_1003_03639","CID4535","T cells CD4+","CID4535_GTGCGGTGTCTTGCGG"
"boot_1003_03640","CID4535","T cells CD4+","CID4535_CTCGAAATCACGATGT"
"boot_1003_03641","CID4535","T cells CD4+","CID4535_CTGGTCTAGGCGACAT"
"boot_1003_03642","CID4535","T cells CD4+","CID4535_TTAGTTCTCGTTTATC"
"boot_1003_03643","CID4535","T cells CD4+","CID4535_AACTCAGAGATTACCC"
"boot_1003_03644","CID4535","T cells CD4+","CID4535_TGTCCCACAATCTGCA"
"boot_1003_03645","CID4535","T cells CD4+","CID4535_CTCACACTCCATTCTA"
"boot_1003_03646","CID4535","T cells CD4+","CID4535_TTGAACGTCAGTTCGA"
"boot_1003_03647","CID4535","T cells CD4+","CID4535_CAGCTGGTCAGCTCTC"
"boot_1003_03648","CID4535","T cells CD4+","CID4535_TGGGAAGGTTGTTTGG"
"boot_1003_03649","CID4535","T cells CD4+","CID4535_GTTCGGGAGCCGTCGT"
"boot_1003_03650","CID4535","T cells CD4+","CID4535_GCACATAAGACGCAAC"
"boot_1003_03651","CID4535","T cells CD4+","CID4535_CTAGAGTCAGATCGGA"
"boot_1003_03652","CID4535","T cells CD4+","CID4535_TCGCGTTGTGCCTGCA"
"boot_1003_03653","CID4535","T cells CD4+","CID4535_CATGCCTTCTGCTGCT"
"boot_1003_03654","CID4535","T cells CD4+","CID4535_CTAGAGTCAGATCGGA"
"boot_1003_03655","CID4535","T cells CD4+","CID4535_GTCTCGTGTATTCGTG"
"boot_1003_03656","CID4535","T cells CD4+","CID4535_TTCTCCTAGAGCTATA"
"boot_1003_03657","CID4535","T cells CD4+","CID4535_CACCAGGAGTAGCGGT"
"boot_1003_03658","CID4535","T cells CD4+","CID4535_GGTATTGTCCAGGGCT"
"boot_1003_03659","CID4535","T cells CD4+","CID4535_GTCGGGTTCTTAGAGC"
"boot_1003_03660","CID4535","T cells CD4+","CID4535_TACACGATCCAGTAGT"
"boot_1003_03661","CID4535","T cells CD4+","CID4535_CAAGAAAGTCTCTTAT"
"boot_1003_03662","CID4535","T cells CD4+","CID4535_TGGCTGGGTTCCCTTG"
"boot_1003_03663","CID4535","T cells CD4+","CID4535_AAGCCGCTCGAACGGA"
"boot_1003_03664","CID4535","T cells CD4+","CID4535_CTGATCCAGCGTGAAC"
"boot_1003_03665","CID4535","T cells CD4+","CID4535_TCACAAGGTAAGAGAG"
"boot_1003_03666","CID4535","T cells CD4+","CID4535_AAATGCCGTGTGCGTC"
"boot_1003_03667","CID4535","T cells CD4+","CID4535_TACCTATAGGCAAAGA"
"boot_1003_03668","CID4535","T cells CD4+","CID4535_CAGATCATCCGGGTGT"
"boot_1003_03669","CID4535","T cells CD4+","CID4535_ACGATGTGTACTTCTT"
"boot_1003_03670","CID4535","T cells CD4+","CID4535_CAGATCAGTTCGTTGA"
"boot_1003_03671","CID4535","T cells CD4+","CID4535_GTTACAGCATGTCCTC"
"boot_1003_03672","CID4535","T cells CD4+","CID4535_CCATTCGTCGTGGGAA"
"boot_1003_03673","CID4535","T cells CD4+","CID4535_CATCAGACAGATGGGT"
"boot_1003_03674","CID4535","T cells CD4+","CID4535_GGCAATTGTTTACTCT"
"boot_1003_03675","CID4535","T cells CD4+","CID4535_AGATCTGCATTGGGCC"
"boot_1003_03676","CID4535","T cells CD4+","CID4535_CTCGGGACACAGATTC"
"boot_1003_03677","CID4535","T cells CD4+","CID4535_CAGCCGACACAGGTTT"
"boot_1003_03678","CID4535","T cells CD4+","CID4535_GGAGCAACAGGCAGTA"
"boot_1003_03679","CID4535","T cells CD4+","CID4535_GATGAAACAGCTTCGG"
"boot_1003_03680","CID4535","T cells CD4+","CID4535_AAACGGGCATTACCTT"
"boot_1003_03681","CID4535","T cells CD4+","CID4535_CACATTTCACATGGGA"
"boot_1003_03682","CID4535","T cells CD4+","CID4535_ACGCCAGGTAGTACCT"
"boot_1003_03683","CID4535","T cells CD4+","CID4535_CACCAGGCATCCGTGG"
"boot_1003_03684","CID4535","T cells CD4+","CID4535_TGTATTCTCGCGTTTC"
"boot_1003_03685","CID4535","T cells CD4+","CID4535_TGTTCCGTCCGAATGT"
"boot_1003_03686","CID4535","T cells CD4+","CID4535_GGACAGACAGACAGGT"
"boot_1003_03687","CID4535","T cells CD4+","CID4535_GTCTCGTGTATTCGTG"
"boot_1003_03688","CID4535","T cells CD4+","CID4535_TCATTTGGTCGCTTTC"
"boot_1003_03689","CID4535","T cells CD4+","CID4535_CTGAAGTTCCGGCACA"
"boot_1003_03690","CID4535","T cells CD4+","CID4535_GGGACCTTCTCAACTT"
"boot_1003_03691","CID4535","T cells CD4+","CID4535_GATGAAAGTTCGGGCT"
"boot_1003_03692","CID4535","T cells CD4+","CID4535_CTTCTCTAGGATTCGG"
"boot_1003_03693","CID4535","T cells CD4+","CID4535_CAGCTGGTCAGCTCTC"
"boot_1003_03694","CID4535","T cells CD4+","CID4535_AAACCTGAGCACCGCT"
"boot_1003_03695","CID4535","T cells CD4+","CID4535_GACACGCGTTACGGAG"
"boot_1003_03696","CID4535","T cells CD4+","CID4535_GAACCTACATGCATGT"
"boot_1003_03697","CID4535","T cells CD4+","CID4535_CATGGCGAGAGGTTAT"
"boot_1003_03698","CID4535","T cells CD4+","CID4535_TTGAACGTCAGTTCGA"
"boot_1003_03699","CID4535","T cells CD4+","CID4535_ACGGAGATCACGAAGG"
"boot_1003_03700","CID4535","T cells CD4+","CID4535_GGACAGACAGACAGGT"
"boot_1003_03701","CID4535","T cells CD4+","CID4535_AGATCTGTCGTCCAGG"
"boot_1003_03702","CID4535","T cells CD4+","CID4535_CGGAGCTGTGTTGAGG"
"boot_1003_03703","CID4535","T cells CD4+","CID4535_GCTCCTAGTGCCTGTG"
"boot_1003_03704","CID4535","T cells CD4+","CID4535_TGCACCTGTTGGTTTG"
"boot_1003_03705","CID4535","T cells CD4+","CID4535_TGTATTCTCGCGTTTC"
"boot_1003_03706","CID4535","T cells CD4+","CID4535_TCAGCTCAGGAGTAGA"
"boot_1003_03707","CID4535","T cells CD4+","CID4535_AAACGGGCATTACCTT"
"boot_1003_03708","CID4535","T cells CD4+","CID4535_CAGATCAGTTCGTTGA"
"boot_1003_03709","CID4535","T cells CD4+","CID4535_CAGGTGCAGCAAATCA"
"boot_1003_03710","CID4535","T cells CD4+","CID4535_GGGACCTTCTCAACTT"
"boot_1003_03711","CID4535","T cells CD4+","CID4535_CGTGAGCGTCGCATAT"
"boot_1003_03712","CID4535","T cells CD4+","CID4535_CATCAAGTCGAATGCT"
"boot_1003_03713","CID4535","T cells CD4+","CID4535_CCATTCGTCGTGGGAA"
"boot_1003_03714","CID4535","T cells CD4+","CID4535_GGCCGATCAGCTATTG"
"boot_1003_03715","CID4535","T cells CD4+","CID4535_TACTTACGTTTCGCTC"
"boot_1003_03716","CID4535","T cells CD4+","CID4535_GGTATTGTCCAGGGCT"
"boot_1003_03717","CID4535","T cells CD4+","CID4535_AACTGGTAGTAGCGGT"
"boot_1003_03718","CID4535","T cells CD4+","CID4535_GCGCAGTGTGTAATGA"
"boot_1003_03719","CID4535","T cells CD4+","CID4535_CGGCTAGGTTCGTTGA"
"boot_1003_03720","CID4535","T cells CD4+","CID4535_GACTACAAGGCCGAAT"
"boot_1003_03721","CID4535","T cells CD4+","CID4535_AATCCAGCAAGTCTAC"
"boot_1003_03722","CID4535","T cells CD4+","CID4535_TTTGGTTTCACTTATC"
"boot_1003_03723","CID4535","T cells CD4+","CID4535_AAATGCCGTGTGCGTC"
"boot_1003_03724","CID4535","T cells CD4+","CID4535_CCACCTACATGAGCGA"
"boot_1003_03725","CID4535","T cells CD4+","CID4535_GGGACCTTCTCAACTT"
"boot_1003_03726","CID4535","T cells CD4+","CID4535_CTAGAGTCAATCCAAC"
"boot_1003_03727","CID4535","T cells CD4+","CID4535_GCTTCCAAGATGCCTT"
"boot_1003_03728","CID4535","T cells CD4+","CID4535_TTATGCTGTCATATGC"
"boot_1003_03729","CID4535","T cells CD4+","CID4535_ACTTGTTAGGAGTCTG"
"boot_1003_03730","CID4535","T cells CD4+","CID4535_TACAGTGCACTGAAGG"
"boot_1003_03731","CID4535","T cells CD4+","CID4535_TGTTCCGTCCGAATGT"
"boot_1003_03732","CID4535","T cells CD4+","CID4535_CGGAGCTGTGTTGAGG"
"boot_1003_03733","CID4535","T cells CD4+","CID4535_TTATGCTGTCATATGC"
"boot_1003_03734","CID4535","T cells CD4+","CID4535_TGGTTAGAGCTCTCGG"
"boot_1003_03735","CID4535","T cells CD4+","CID4535_ACGTCAATCTGTCCGT"
"boot_1003_03736","CID4535","T cells CD4+","CID4535_TACTTACGTTTCGCTC"
"boot_1003_03737","CID4535","T cells CD4+","CID4535_CTCGAAATCACGATGT"
"boot_1003_03738","CID4535","T cells CD4+","CID4535_AAGGAGCTCATTGCGA"
"boot_1003_03739","CID4535","T cells CD4+","CID4535_AGATCTGCATTGGGCC"
"boot_1003_03740","CID4535","T cells CD4+","CID4535_TAGAGCTAGTGCGTGA"
"boot_1003_03741","CID4535","T cells CD4+","CID4535_AAACGGGCATTACCTT"
"boot_1003_03742","CID4535","T cells CD4+","CID4535_CTCGGAGAGTGGTAGC"
"boot_1003_03743","CID4535","T cells CD4+","CID4535_GCAGCCAAGCTAGTCT"
"boot_1003_03744","CID4535","T cells CD4+","CID4535_AAACGGGCATTACCTT"
"boot_1003_03745","CID4535","T cells CD4+","CID4535_GTATTCTAGTCAATAG"
"boot_1003_03746","CID4535","T cells CD4+","CID4535_GTTCGGGAGTAGTGCG"
"boot_1003_03747","CID4535","T cells CD4+","CID4535_CCTTACGAGACAAGCC"
"boot_1003_03748","CID4535","T cells CD4+","CID4535_TAGGCATCACCATGTA"
"boot_1003_03749","CID4535","T cells CD4+","CID4535_CCAGCGATCACCGTAA"
"boot_1003_03750","CID4535","T cells CD4+","CID4535_GGTATTGTCCAGGGCT"
"boot_1003_03751","CID4535","T cells CD4+","CID4535_CGTGTAATCAGAGGTG"
"boot_1003_03752","CID4535","T cells CD4+","CID4535_TTGGCAACAATCGAAA"
"boot_1003_03753","CID4535","T cells CD4+","CID4535_CTGAAGTTCCGGCACA"
"boot_1003_03754","CID4535","T cells CD4+","CID4535_TCATTACGTACAAGTA"
"boot_1003_03755","CID4535","T cells CD4+","CID4535_ACTTACTGTGTCAATC"
"boot_1003_03756","CID4535","T cells CD4+","CID4535_AGGCCACCACCAACCG"
"boot_1003_03757","CID4535","T cells CD4+","CID4535_GCGCGATCATAGGATA"
"boot_1003_03758","CID4535","T cells CD4+","CID4535_GAAATGATCTGTACGA"
"boot_1003_03759","CID4535","T cells CD4+","CID4535_TTATGCTGTCATATGC"
"boot_1003_03760","CID4535","T cells CD4+","CID4535_AAACCTGAGCACCGCT"
"boot_1003_03761","CID4535","T cells CD4+","CID4535_CTGTGCTTCTTTACAC"
"boot_1003_03762","CID4535","T cells CD4+","CID4535_TCAGGTAGTGCTAGCC"
"boot_1003_03763","CID4535","T cells CD4+","CID4535_GGCGACTTCAACACTG"
"boot_1003_03764","CID4535","T cells CD4+","CID4535_CACACCTCACCCTATC"
"boot_1003_03765","CID4535","T cells CD4+","CID4535_ATTCTACGTGTTGAGG"
"boot_1003_03766","CID4535","T cells CD4+","CID4535_ACGGGTCTCTTGCCGT"
"boot_1003_03767","CID4535","T cells CD4+","CID4535_AGCGTATGTGTTGAGG"
"boot_1003_03768","CID4535","T cells CD4+","CID4535_CATCAGACAGATGGGT"
"boot_1003_03769","CID4535","T cells CD4+","CID4535_ATGAGGGAGCTATGCT"
"boot_1003_03770","CID4535","T cells CD4+","CID4535_GTTACAGCATGTCCTC"
"boot_1003_03771","CID4535","T cells CD4+","CID4535_GCGCAGTGTGTAATGA"
"boot_1003_03772","CID4535","T cells CD4+","CID4535_GTTACAGCATGTCCTC"
"boot_1003_03773","CID4535","T cells CD4+","CID4535_TTAGTTCTCGTTTATC"
"boot_1003_03774","CID4535","T cells CD4+","CID4535_CTAATGGCATACTACG"
"boot_1003_03775","CID4535","T cells CD4+","CID4535_CACATTTCACATGGGA"
"boot_1003_03776","CID4535","T cells CD4+","CID4535_CGTGTAATCAGAGGTG"
"boot_1003_03777","CID4535","T cells CD4+","CID4535_CATGGCGTCGAATCCA"
"boot_1003_03778","CID4535","T cells CD4+","CID4535_GTGCGGTAGTTTCCTT"
"boot_1003_03779","CID4535","T cells CD4+","CID4535_CTGCTGTCATGCAACT"
"boot_1003_03780","CID4535","T cells CD4+","CID4535_CACATTTCACATGGGA"
"boot_1003_03781","CID4535","T cells CD4+","CID4535_GATCAGTAGACTGTAA"
"boot_1003_03782","CID4535","T cells CD4+","CID4535_CACCAGGAGTAGCGGT"
"boot_1003_03783","CID4535","T cells CD4+","CID4535_CAACCTCGTGTCAATC"
"boot_1003_03784","CID4535","T cells CD4+","CID4535_CTCGAAAGTCAATACC"
"boot_1003_03785","CID4535","T cells CD4+","CID4535_AAGCCGCAGACAGAGA"
"boot_1003_03786","CID4535","T cells CD4+","CID4535_CTCGGAGAGTGGTAGC"
"boot_1003_03787","CID4535","T cells CD4+","CID4535_ACGGGTCTCCGCAGTG"
"boot_1003_03788","CID4535","T cells CD4+","CID4535_CAGGTGCAGCAAATCA"
"boot_1003_03789","CID4535","T cells CD4+","CID4535_GAAGCAGAGATCTGAA"
"boot_1003_03790","CID4535","T cells CD4+","CID4535_TGCACCTGTTGGTTTG"
"boot_1003_03791","CID4535","T cells CD4+","CID4535_CTAACTTAGCTGAACG"
"boot_1003_03792","CID4535","T cells CD4+","CID4535_AAGGAGCTCATTGCGA"
"boot_1003_03793","CID4535","T cells CD4+","CID4535_TGCACCTGTTGGTTTG"
"boot_1003_03794","CID4535","T cells CD4+","CID4535_AAGCCGCAGACAGAGA"
"boot_1003_03795","CID4535","T cells CD4+","CID4535_ACGGAGATCACGAAGG"
"boot_1003_03796","CID4535","T cells CD4+","CID4535_ACCTTTAGTCTCCCTA"
"boot_1003_03797","CID4535","T cells CD4+","CID4535_CGGAGCTGTGTTGAGG"
"boot_1003_03798","CID4535","T cells CD4+","CID4535_CGAACATGTTCAGCGC"
"boot_1003_03799","CID4535","T cells CD4+","CID4535_GAAGCAGTCCACGCAG"
"boot_1003_03800","CID4535","T cells CD4+","CID4535_GGACAGACAGACAGGT"
"boot_1003_03801","CID4535","T cells CD4+","CID4535_GGATTACCATCAGTAC"
"boot_1003_03802","CID4535","T cells CD4+","CID4535_GCGCGATCATAGGATA"
"boot_1003_03803","CID4535","T cells CD4+","CID4535_CAACCAACACAACGCC"
"boot_1003_03804","CID4535","T cells CD4+","CID4535_CTGGTCTAGGCGACAT"
"boot_1003_03805","CID4535","T cells CD4+","CID4535_ACGTCAATCTGTCCGT"
"boot_1003_03806","CID4535","T cells CD4+","CID4535_TCGGTAAGTGTTGAGG"
"boot_1003_03807","CID4535","T cells CD4+","CID4535_TTATGCTGTCATATGC"
"boot_1003_03808","CID4535","T cells CD4+","CID4535_TCGCGTTGTGCCTGCA"
"boot_1003_03809","CID4535","T cells CD4+","CID4535_CACCAGGAGTAGCGGT"
"boot_1003_03810","CID4535","T cells CD4+","CID4535_TTAGGCATCTTGAGGT"
"boot_1003_03811","CID4535","T cells CD4+","CID4535_TTCTCCTAGAGCTATA"
"boot_1003_03812","CID4535","T cells CD4+","CID4535_TCATTTGGTCGCTTTC"
"boot_1003_03813","CID4535","T cells CD4+","CID4535_CACACCTCACCCTATC"
"boot_1003_03814","CID4535","T cells CD4+","CID4535_GAACCTATCTCAACTT"
"boot_1003_03815","CID4535","T cells CD4+","CID4535_AAACGGGCATTACCTT"
"boot_1003_03816","CID4535","T cells CD4+","CID4535_GGCCGATCAGCTATTG"
"boot_1003_03817","CID4535","T cells CD4+","CID4535_TGCACCTGTTGGTTTG"
"boot_1003_03818","CID4535","T cells CD4+","CID4535_ACAGCCGGTGTTTGGT"
"boot_1003_03819","CID4535","T cells CD4+","CID4535_TACTTACGTTTCGCTC"
"boot_1003_03820","CID4535","T cells CD4+","CID4535_GGACAGACAGACAGGT"
"boot_1003_03821","CID4535","T cells CD4+","CID4535_AAGCCGCCATCAGTAC"
"boot_1003_03822","CID4535","T cells CD4+","CID4535_GCGCAGTGTGTAATGA"
"boot_1003_03823","CID4535","T cells CD4+","CID4535_CGCGTTTAGACAAAGG"
"boot_1003_03824","CID4535","T cells CD4+","CID4535_AGAGCTTCAAGGCTCC"
"boot_1003_03825","CID4535","T cells CD4+","CID4535_GACCAATGTAGCAAAT"
"boot_1003_03826","CID4535","T cells CD4+","CID4535_ATTACTCCAACAACCT"
"boot_1003_03827","CID4535","T cells CD4+","CID4535_CAGATCAGTTCGTTGA"
"boot_1003_03828","CID4535","T cells CD4+","CID4535_GATGAAAGTAGCTCCG"
"boot_1003_03829","CID4535","T cells CD4+","CID4535_CATGGCGTCGAATCCA"
"boot_1003_03830","CID4535","T cells CD4+","CID4535_CTGCTGTTCTGCAAGT"
"boot_1003_03831","CID4535","T cells CD4+","CID4535_CTGTGCTTCTTTACAC"
"boot_1003_03832","CID4535","T cells CD4+","CID4535_GTCTTCGGTTCAGTAC"
"boot_1003_03833","CID4535","T cells CD4+","CID4535_CGTAGCGAGCTAGTTC"
"boot_1003_03834","CID4535","T cells CD4+","CID4535_TTGAACGTCAGTTCGA"
"boot_1003_03835","CID4535","T cells CD4+","CID4535_AACACGTAGATAGGAG"
"boot_1003_03836","CID4535","T cells CD4+","CID4535_AACTGGTAGTAGCGGT"
"boot_1003_03837","CID4535","T cells CD4+","CID4535_TGGCTGGGTTCCCTTG"
"boot_1003_03838","CID4535","T cells CD4+","CID4535_TGTCCCACAATCTGCA"
"boot_1003_03839","CID4535","T cells CD4+","CID4535_TGTTCCGTCCGAATGT"
"boot_1003_03840","CID4535","T cells CD4+","CID4535_ACTGAACGTTCAGCGC"
"boot_1003_03841","CID4535","T cells CD4+","CID4535_GTCCTCAAGTCCTCCT"
"boot_1003_03842","CID4535","T cells CD4+","CID4535_ACGGGTCTCTTGCCGT"
"boot_1003_03843","CID4535","T cells CD4+","CID4535_GACACGCGTTACGGAG"
"boot_1003_03844","CID4535","T cells CD4+","CID4535_TGACAACTCACTGGGC"
"boot_1003_03845","CID4535","T cells CD4+","CID4535_GGAGCAACAGGCAGTA"
"boot_1003_03846","CID4535","T cells CD4+","CID4535_TGCTGCTCACACAGAG"
"boot_1003_03847","CID4535","T cells CD4+","CID4535_CGGGTCAGTTGCGTTA"
"boot_1003_03848","CID4535","T cells CD4+","CID4535_AATCGGTCATCTACGA"
"boot_1003_03849","CID4535","T cells CD4+","CID4535_TCAACGAAGGACATTA"
"boot_1003_03850","CID4535","T cells CD4+","CID4535_GCTTGAACAATGGACG"
"boot_1003_03851","CID4535","T cells CD4+","CID4535_ATCTGCCCAATACGCT"
"boot_1003_03852","CID4535","T cells CD4+","CID4535_AGCGTATGTGTTGAGG"
"boot_1003_03853","CID4535","T cells CD4+","CID4535_AATCGGTCATCTACGA"
"boot_1003_03854","CID4535","T cells CD4+","CID4535_CGTGTAATCAGAGGTG"
"boot_1003_03855","CID4535","T cells CD4+","CID4535_TTCTTAGAGTTGCAGG"
"boot_1003_03856","CID4535","T cells CD4+","CID4535_AAGGCAGTCGGCTTGG"
"boot_1003_03857","CID4535","T cells CD4+","CID4535_CTAGAGTCAATCCAAC"
"boot_1003_03858","CID4535","T cells CD4+","CID4535_CTTGGCTTCCGCATCT"
"boot_1003_03859","CID4535","T cells CD4+","CID4535_CGATGGCTCCTCATTA"
"boot_1003_03860","CID4535","T cells CD4+","CID4535_ACAGCCGGTGTTTGGT"
"boot_1003_03861","CID4535","T cells CD4+","CID4535_CTAACTTAGCTGAACG"
"boot_1003_03862","CID4535","T cells CD4+","CID4535_AGATTGCCATTCCTCG"
"boot_1003_03863","CID4535","T cells CD4+","CID4535_AAACCTGCATCAGTCA"
"boot_1003_03864","CID4535","T cells CD8+","CID4535_ATCATGGGTGAGGGAG"
"boot_1003_03865","CID4535","T cells CD8+","CID4535_ACACCCTGTGAAATCA"
"boot_1003_03866","CID4535","T cells CD8+","CID4535_CGTAGCGCACAGACAG"
"boot_1003_03867","CID4535","T cells CD8+","CID4535_ATTTCTGTCCTGCTTG"
"boot_1003_03868","CID4535","T cells CD8+","CID4535_ACAGCCGCAGCATACT"
"boot_1003_03869","CID4535","T cells CD8+","CID4535_CTACCCAGTAAACCTC"
"boot_1003_03870","CID4535","T cells CD8+","CID4535_TGACTAGCAGGCTCAC"
"boot_1003_03871","CID4535","T cells CD8+","CID4535_TTGACTTAGGCTCTTA"
"boot_1003_03872","CID4535","T cells CD8+","CID4535_GTAACTGAGGATGGTC"
"boot_1003_03873","CID4535","T cells CD8+","CID4535_AGTGTCAGTCTCCACT"
"boot_1003_03874","CID4535","T cells CD8+","CID4535_AGTGTCAGTCTCCACT"
"boot_1003_03875","CID4535","T cells CD8+","CID4535_CGACCTTCACCTCGGA"
"boot_1003_03876","CID4535","T cells CD8+","CID4535_CGTGTCTTCTATGTGG"
"boot_1003_03877","CID4535","T cells CD8+","CID4535_CGACCTTCACCTCGGA"
"boot_1003_03878","CID4535","T cells CD8+","CID4535_TCTCATAAGCTGCAAG"
"boot_1003_03879","CID4535","T cells CD8+","CID4535_GACGTGCCACGACGAA"
"boot_1003_03880","CID4535","T cells CD8+","CID4535_CATCAGAGTCAGTGGA"
"boot_1003_03881","CID4535","T cells CD8+","CID4535_TTTATGCGTGGCGAAT"
"boot_1003_03882","CID4535","T cells CD8+","CID4535_AGATTGCCATATGAGA"
"boot_1003_03883","CID4535","T cells CD8+","CID4535_TTGACTTTCGCTGATA"
"boot_1003_03884","CID4535","T cells CD8+","CID4535_ACTATCTCAAACCTAC"
"boot_1003_03885","CID4535","T cells CD8+","CID4535_AGCTCTCCAGTTAACC"
"boot_1003_03886","CID4535","T cells CD8+","CID4535_CATCAAGCAGCCTTTC"
"boot_1003_03887","CID4535","T cells CD8+","CID4535_TCAACGAAGACTAGGC"
"boot_1003_03888","CID4535","T cells CD8+","CID4535_CTGATCCTCTGCAAGT"
"boot_1003_03889","CID4535","T cells CD8+","CID4535_CGTGTCTTCTATGTGG"
"boot_1003_03890","CID4535","T cells CD8+","CID4535_TCTTTCCGTACTCTCC"
"boot_1003_03891","CID4535","T cells CD8+","CID4535_GTGCAGCTCGGCATCG"
"boot_1003_03892","CID4535","T cells CD8+","CID4535_CAACCAAGTCCGAATT"
"boot_1003_03893","CID4535","T cells CD8+","CID4535_CGGACTGCACTTGGAT"
"boot_1003_03894","CID4535","T cells CD8+","CID4535_CTACCCAGTAAACCTC"
"boot_1003_03895","CID4535","T cells CD8+","CID4535_TGAGCATGTCGGCTCA"
"boot_1003_03896","CID4535","T cells CD8+","CID4535_TCAACGAAGACTAGGC"
"boot_1003_03897","CID4535","T cells CD8+","CID4535_CACCACTGTTGAACTC"
"boot_1003_03898","CID4535","T cells CD8+","CID4535_CATCAGAGTCAGTGGA"
"boot_1003_03899","CID4535","T cells CD8+","CID4535_ACGATACGTAAGAGAG"
"boot_1003_03900","CID4535","T cells CD8+","CID4535_CGATCGGTCCCGGATG"
"boot_1003_03901","CID4535","T cells CD8+","CID4535_CGTGTCTTCTATGTGG"
"boot_1003_03902","CID4535","T cells CD8+","CID4535_TGACTAGCAGGCTCAC"
"boot_1003_03903","CID4535","T cells CD8+","CID4535_TTATGCTTCGGGAGTA"
"boot_1003_03904","CID4535","T cells CD8+","CID4535_CTGTGCTAGTATGACA"
"boot_1003_03905","CID4535","T cells CD8+","CID4535_ACACCCTGTGAAATCA"
"boot_1003_03906","CID4535","T cells CD8+","CID4535_GCTCTGTGTACTCAAC"
"boot_1003_03907","CID4535","T cells CD8+","CID4535_CTACCCAGTAAACCTC"
"boot_1003_03908","CID4535","T cells CD8+","CID4535_GTGCAGCTCGGCATCG"
"boot_1003_03909","CID4535","T cells CD8+","CID4535_CTGATCCTCTGCAAGT"
"boot_1003_03910","CID4535","T cells CD8+","CID4535_ACGGAGATCATGTCTT"
"boot_1003_03911","CID4535","T cells CD8+","CID4535_CGTGTCTTCTATGTGG"
"boot_1003_03912","CID4535","T cells CD8+","CID4535_TGCCCTACAGTCGTGC"
"boot_1003_03913","CID4535","T cells CD8+","CID4535_CGTAGCGCACAGACAG"
"boot_1003_03914","CID4535","T cells CD8+","CID4535_TGACTTTAGCTATGCT"
"boot_1003_03915","CID4535","T cells CD8+","CID4535_ATCATGGGTGAGGGAG"
"boot_1003_03916","CID4535","T cells CD8+","CID4535_CACAAACGTTTAGGAA"
"boot_1003_03917","CID4535","T cells CD8+","CID4535_GGCCGATGTGCCTGGT"
"boot_1003_03918","CID4535","T cells CD8+","CID4535_CGATCGGTCCCGGATG"
"boot_1003_03919","CID4535","T cells CD8+","CID4535_AGAGTGGCAAGCCATT"
"boot_1003_03920","CID4535","T cells CD8+","CID4535_TCAGGATTCGCCTGAG"
"boot_1003_03921","CID4535","T cells CD8+","CID4535_ACAGCCGCAGCATACT"
"boot_1003_03922","CID4535","T cells CD8+","CID4535_TGCGGGTCAACGCACC"
"boot_1003_03923","CID4535","T cells CD8+","CID4535_CGTAGCGCACAGACAG"
"boot_1003_03924","CID4535","T cells CD8+","CID4535_CGGACTGCACTTGGAT"
"boot_1003_03925","CID4535","T cells CD8+","CID4535_TTGACTTTCGCTGATA"
"boot_1003_03926","CID4535","T cells CD8+","CID4535_CTACCCAGTAAACCTC"
"boot_1003_03927","CID4535","T cells CD8+","CID4535_TGCCCTACAGTCGTGC"
"boot_1003_03928","CID4535","T cells CD8+","CID4535_TCAACGAAGACTAGGC"
"boot_1003_03929","CID4535","T cells CD8+","CID4535_AGCTCTCCAGTTAACC"
"boot_1003_03930","CID4535","T cells CD8+","CID4535_CTGTGCTAGTATGACA"
"boot_1003_03931","CID4535","T cells CD8+","CID4535_TATGCCCGTAGGCTGA"
"boot_1003_03932","CID4535","T cells CD8+","CID4535_TGAGCATGTCGGCTCA"
"boot_1003_03933","CID4535","T cells CD8+","CID4535_GCACTCTGTTACCAGT"
"boot_1003_03934","CID4535","T cells CD8+","CID4535_ACACCCTGTGAAATCA"
"boot_1003_03935","CID4535","T cells CD8+","CID4535_TGAGCATGTCGGCTCA"
"boot_1003_03936","CID4535","T cells CD8+","CID4535_CAACCTCGTAAGTGGC"
"boot_1003_03937","CID4535","T cells CD8+","CID4535_GACGTGCCACGACGAA"
"boot_1003_03938","CID4535","T cells CD8+","CID4535_AGATTGCCATATGAGA"
"boot_1003_03939","CID4535","T cells CD8+","CID4535_AAGTCTGCAGGGCATA"
"boot_1003_03940","CID4535","T cells CD8+","CID4535_TGATTTCCACAAGACG"
"boot_1003_03941","CID4535","T cells CD8+","CID4535_CCATGTCAGCTACCGC"
"boot_1003_03942","CID4535","T cells CD8+","CID4535_AGTCTTTCAGGTTTCA"
"boot_1003_03943","CID4535","T cells CD8+","CID4535_CAACCAAGTCCGAATT"
"boot_1003_03944","CID4535","T cells CD8+","CID4535_ATCATCTAGTAGGTGC"
"boot_1003_03945","CID4535","T cells CD8+","CID4535_GACTACACAAGGTTCT"
"boot_1003_03946","CID4535","T cells CD8+","CID4535_CCCAGTTAGAGTTGGC"
"boot_1003_03947","CID4535","T cells CD8+","CID4535_TGAGCATGTCGGCTCA"
"boot_1003_03948","CID4535","T cells CD8+","CID4535_CAGATCAGTGGCAAAC"
"boot_1003_03949","CID4535","T cells CD8+","CID4535_CTGGTCTCACATCTTT"
"boot_1003_03950","CID4535","T cells CD8+","CID4535_AGCTCTCCAGTTAACC"
"boot_1003_03951","CID4535","T cells CD8+","CID4535_CTCTGGTGTGTTCGAT"
"boot_1003_03952","CID4535","T cells CD8+","CID4535_CAACCTCGTAAGTGGC"
"boot_1003_03953","CID4535","T cells CD8+","CID4535_GCTCTGTGTACTCAAC"
"boot_1003_03954","CID4535","T cells CD8+","CID4535_CAACCTCGTAAGTGGC"
"boot_1003_03955","CID4535","T cells CD8+","CID4535_TTGACTTTCGCTGATA"
"boot_1003_03956","CID4535","T cells CD8+","CID4535_CACAAACGTTTAGGAA"
"boot_1003_03957","CID4535","T cells CD8+","CID4535_TCTCATAAGCTGCAAG"
"boot_1003_03958","CID4535","T cells CD8+","CID4535_AATCGGTTCACCCTCA"
"boot_1003_03959","CID4535","T cells CD8+","CID4535_AAGTCTGCAGGGCATA"
"boot_1003_03960","CID4535","T cells CD8+","CID4535_TCAACGAAGACTAGGC"
"boot_1003_03961","CID4535","T cells CD8+","CID4535_CGATCGGTCCCGGATG"
