,T_score,T_genes_detected,T_panel_umi,CAF_score,CAF_genes_detected,CAF_panel_umi,NK_score,NK_genes_detected,NK_panel_umi
ATCTATCGATGATCAA-1,0.14729811077881724,1,1,2.0828409491490074,3,47,0.0,0,0
CGGTAACAAGATACAT-1,0.0,0,0,2.3759347134148614,4,32,0.0,0,0
TCGCCGGAGAGTCTTA-1,0.24292550368163146,1,2,2.3962835350720972,4,37,0.324566034401966,1,1
GGAGGAGTGTGTTTAT-1,0.1495707898164848,1,1,2.550953910224009,4,65,0.0,0,0
TTAGGTGTGACTGGTC-1,0.0,0,0,2.5155864984674974,4,38,0.0,0,0
CAGGGCTAACGAAACC-1,0.0,0,0,2.187011406732144,4,26,0.32805828555588284,1,1
CCCGTGGGTTAATTGA-1,0.0,0,0,1.2582938021465708,3,8,0.0,0,0
GACCGACCGCTAATAT-1,0.360138562539883,2,2,1.403713353480177,2,16,0.0,0,0
GGTATCAAGCATAGAA-1,0.0,0,0,1.1290108497775506,3,10,0.0,0,0
TGCATGAGTAGATTCG-1,0.0,0,0,0.4602703789192344,3,3,0.0,0,0
AATTCCAACTTGGTGA-1,0.0,0,0,0.7884113141669881,3,5,0.0,0,0
TGCCGATGTCATCAAT-1,0.08402812592119806,1,1,0.5449294023828558,3,5,0.0,0,0
GCTGGGTCCGCTGTTA-1,0.0,0,0,0.6476236978946113,2,5,0.0,0,0
TGAACACCCGAAGCAG-1,0.1981712844805439,2,2,0.9965941537365287,3,12,0.0,0,0
AACATTGGTCAGCCGT-1,0.0,0,0,1.459844288750455,3,16,0.0,0,0
GTGGGTCTTCTTTGCG-1,0.0,0,0,1.99356635934644,4,23,0.0,0,0
CATCGAATGGATCTCT-1,0.1928672496018761,1,1,1.9969031797992405,4,14,0.0,0,0
CGGGTTGTAGCTTTGG-1,0.0,0,0,1.245409189230415,2,11,0.0,0,0
TCTGTGACTGACCGTT-1,0.0,0,0,1.5334986982934902,3,12,0.0,0,0
TTATCATACTCGCAAA-1,0.0,0,0,0.9585286721379951,4,8,0.0,0,0
AGCGTAGCGCTAGACC-1,0.10732577623098653,1,1,1.4624419822576722,3,21,0.0,0,0
TCCCTCCGAAATCGTT-1,0.0,0,0,0.5981528421061323,2,7,0.0,0,0
AGGTCGCCACTTCGGT-1,0.0,0,0,1.3563015590679737,4,13,0.0,0,0
CTAGCAACTAATTTAC-1,0.0,0,0,0.9560237921216919,4,9,0.0,0,0
TTGCTAGCTACCAATC-1,0.0,0,0,0.5999292882818705,2,4,0.0,0,0
GCCGGTTTGGGCGGAT-1,0.0,0,0,0.6156812230034423,2,8,0.0,0,0
TGTAACTTGTCAACCT-1,0.0,0,0,0.5962224925290571,3,4,0.0,0,0
GTTACGAAATCCACGC-1,0.0,0,0,0.6962578508330248,2,3,0.0,0,0
GCGTCCAGCTCGTGGC-1,0.0,0,0,0.5054177997661795,1,2,0.0,0,0
GCCACCCATTCCACTT-1,0.1294903729753387,1,1,1.781208629473374,3,40,0.2589807459506774,1,1
TACTCACAACGTAGTA-1,0.0,0,0,2.3187919784608098,4,25,0.0,0,0
GTTCGGTGTGGATTTA-1,0.19021652551358811,1,1,1.3922653154243685,3,10,0.0,0,0
TCTTTCGGCGGGACAC-1,0.0,0,0,2.0052477031787643,4,15,0.0,0,0
GGAGACATTCACGGGC-1,0.0,0,0,1.5161516555449839,4,11,0.0,0,0
GGGATTATCTCACAAC-1,0.3452076515057893,2,2,2.1697202402146383,3,35,0.0,0,0
TAGAACGCCAGTAACG-1,0.0,0,0,1.8857782301073804,3,29,0.0,0,0
ACGAGTCGCCGGCGTT-1,0.0,0,0,1.2824642640067214,3,9,0.0,0,0
TGATGGGACTAAGTCA-1,0.0,0,0,1.0195645054953721,2,4,0.0,0,0
TGCGAGAAACGTTACG-1,0.0,0,0,1.2977250307441837,2,11,0.0,0,0
TCGCCTCGACCTGTTG-1,0.0,0,0,0.9595179839773521,2,3,0.0,0,0
AACTCGATAAACACGT-1,0.0,0,0,1.5168170590672063,3,19,0.0,0,0
AGGAAAGCCTCTGATG-1,0.0,0,0,1.763871352491777,4,12,0.0,0,0
GAAGGACTAAATTGAA-1,0.0,0,0,1.2813413383149712,2,19,0.0,0,0
GTATCGGGACGAGCTG-1,0.0,0,0,0.9960489627594726,2,5,0.0,0,0
CCTGTGCATAGGAGAC-1,0.17560895721091963,1,1,0.26341343581637944,1,1,0.0,0,0
CATACGGGTGCATGAT-1,0.23958791017990344,1,1,1.517355469611266,3,7,0.0,0,0
CCACTAAACTGAATCG-1,0.0,0,0,1.7234863289910014,4,15,0.0,0,0
AAATTGCGGCGGTTCT-1,0.0,0,0,1.5907149230262858,4,8,0.0,0,0
AGTCCAGCGGGTACGT-1,0.0,0,0,1.3743167375372234,3,8,0.0,0,0
CATTCAGGTCAGTGCG-1,0.0,0,0,1.8576922180354414,3,17,0.0,0,0
CTAAAGTCCGAAGCTA-1,0.0,0,0,1.5753234178030233,4,9,0.0,0,0
AATCAGACTGCAGGAC-1,0.0,0,0,1.9267581128517337,4,12,0.0,0,0
AGTATCCATAATAACG-1,0.0,0,0,2.085293253060851,4,36,0.2669743805070721,1,1
CTGGCTGCTAACGTAA-1,0.1423173959463139,1,1,1.265602637433264,4,9,0.0,0,0
GTTCCAAGACAGCGAC-1,0.29308143716131196,2,3,1.747089894155701,3,33,0.22630257037717752,1,1
AAGACTAACCCGTTGT-1,0.0,0,0,1.5492476279285923,4,17,0.0,0,0
GATTAATCCTGGCTCA-1,0.1048264767986231,1,1,2.254881251652081,4,52,0.0,0,0
CGCGCAAGGAACTACA-1,0.103988589006288,1,1,1.7634847999542478,4,32,0.207977178012576,1,1
CAGTAGCGAGGTAGTA-1,0.0,0,0,1.699405657990088,4,21,0.0,0,0
ACGGCGGGTTGCCCTG-1,0.12509389446368294,1,1,0.8963712560479848,2,9,0.0,0,0
CTAGGCGGCAGAGAAT-1,0.0,0,0,1.2415348312631007,3,12,0.0,0,0
GTGCGCAGCTTGCTCC-1,0.0,0,0,0.6602764191866738,3,4,0.0,0,0
TCACTATCGTGCAATC-1,0.0,0,0,0.6694129852730116,2,3,0.3616017877406688,1,1
TATGATTCTGCTTGGT-1,0.0,0,0,0.3044346047871278,1,2,0.0,0,0
TAAGATTTAGCGGGAG-1,0.0,0,0,0.8248303902777712,2,5,0.0,0,0
TTACGGTGTCACCGAG-1,0.13084845324634387,1,1,0.7209499566341013,2,7,0.0,0,0
TGAGCAGTCGTGAAGT-1,0.0,0,0,0.30106321928667495,1,1,0.0,0,0
GTGTATGACTTTAAAG-1,0.0,0,0,0.6777400782890046,3,5,0.0,0,0
TGTACTGTGCCAAAGT-1,0.11008711157000539,1,1,0.92821674230542,4,7,0.0,0,0
GTCAATTGTACTGAAG-1,0.09883756311495207,1,1,0.38894578558087683,2,3,0.0,0,0
AGGGACAGCACGGCGG-1,0.10932358197811864,1,1,0.9271494072108947,3,8,0.0,0,0
AGCTTATAGAGACCTG-1,0.0,0,0,2.318837648949331,4,52,0.0,0,0
AACTTTAGCTGCTGAG-1,0.0,0,0,2.6710466118879648,4,50,0.0,0,0
GGCATCAACGAGCACG-1,0.0,0,0,2.7057232382954437,4,63,0.0,0,0
TTATAGATGCACATTA-1,0.21855603215442088,1,2,2.5156928982307383,4,45,0.0,0,0
TGCTATACAAACGGAC-1,0.0,0,0,1.4911254788666792,4,17,0.0,0,0
TATTCCGGCAGTCCTA-1,0.0,0,0,1.8595146346515086,3,23,0.0,0,0
ATGTGTAGTTTAGTCA-1,0.0,0,0,2.9989373256124408,4,62,0.0,0,0
AAGTTTACTAATGGCA-1,0.0,0,0,2.657077503585284,4,42,0.0,0,0
GATTGACACTCTGCTC-1,0.2096609667532059,1,1,0.4494567035605396,1,2,0.0,0,0
ACCGTTCCCGCTCTGA-1,0.16429193419126792,1,1,2.0140941204808644,4,22,0.0,0,0
CCGCCACCACAATCCA-1,0.0,0,0,2.3602887335603597,4,41,0.2883252425129146,1,1
CATTCACTGACAGCTA-1,0.0,0,0,0.9260827525516376,2,7,0.0,0,0
CGGCTGCAAGATTAAG-1,0.0,0,0,1.8145309949907331,4,29,0.0,0,0
CATGAACCTCTTATCA-1,0.0,0,0,0.45718751123800805,2,2,0.0,0,0
TTAATGCGAGGTAACT-1,0.0,0,0,0.7917634558761618,3,5,0.0,0,0
AATAAGTCCTCGAGAC-1,0.17579168031778966,1,1,0.7982633772951657,2,5,0.0,0,0
ACCAGCCCGGTCTTTG-1,0.20166717794682953,1,1,0.8882880447192066,2,5,0.0,0,0
CTACGAACTAGGTCGA-1,0.0,0,0,1.2265902017783836,3,5,0.0,0,0
ACATCTCAACGCGTAA-1,0.0,0,0,0.7512424734903002,2,4,0.0,0,0
CACTACTCAGTTCTGT-1,0.31834940254882377,1,1,1.3577766321488114,2,5,0.0,0,0
CCGACTCGCATAGTCT-1,0.0,0,0,0.8649155311836603,2,3,0.0,0,0
CATTTATCGTTCAAGA-1,0.0,0,0,1.0646701222927806,3,4,0.0,0,0
CAAACGTGGTCTTGCG-1,0.13428139851640705,1,1,1.1559412161292517,3,10,0.0,0,0
TAGAAACCACTAAGTA-1,0.0,0,0,0.5799172127484393,2,3,0.0,0,0
ACTGATTTAGTGATTC-1,0.14704858175973037,1,1,0.8583174663794236,2,7,0.0,0,0
TCGTATTTCGTCCGGA-1,0.0,0,0,0.6648810295885964,2,5,0.0,0,0
CGGAAATTTCACATCC-1,0.0,0,0,0.7811079315773681,4,5,0.0,0,0
ATCCACGCTAAATGTT-1,0.0,0,0,1.0116729833270124,3,11,0.0,0,0
GTTCAATCTATGTCAA-1,0.11592597549014284,1,1,0.7243983175882165,2,7,0.0,0,0
ATAAAGGTCAAGTACG-1,0.16442559986678404,2,2,0.966065255950894,4,13,0.0,0,0
CAACTCCAACGTTTAG-1,0.0,0,0,1.309036733752737,4,18,0.0,0,0
TAGGAACAGCCTCCAG-1,0.18062308014245684,2,2,1.221873469470834,4,15,0.0,0,0
ATGGGAACGGAAGCGG-1,0.2677909625416925,2,3,2.180788592389214,4,71,0.0,0,0
CACACGTTTCAATGGG-1,0.11649968335101041,1,1,2.3150162164707093,4,39,0.0,0,0
TTATAGTCCAAGGTGC-1,0.20634157259473027,1,2,0.7531554826169747,2,6,0.2665017056934898,1,1
CCTCGTTACGCCTGTT-1,0.0,0,0,0.8027808776257028,2,5,0.0,0,0
ACGCATAAATGACATG-1,0.0,0,0,1.3778567860055548,3,24,0.0,0,0
CTTTGGCAGACAGAGT-1,0.0,0,0,1.7180765820637243,3,31,0.0,0,0
CAAAGGTTAAATTCAG-1,0.1808339462406285,2,2,2.049669022413828,4,47,0.0,0,0
GCTTTCTATCTCAACT-1,0.1400581986574722,1,1,2.131858449354764,3,51,0.0,0,0
CTGAAACGGCCCTCAG-1,0.09302531167300855,1,1,2.9693931426285385,4,142,0.6094937641564916,2,4
CGGGCTACTTAAATTG-1,0.0,0,0,1.7654652840254916,3,18,0.0,0,0
TGATGCTCACGTAGTC-1,0.12447728281829061,1,1,2.231166735971134,4,41,0.0,0,0
AACCCGATAGGGCTTC-1,0.12449676004669817,1,1,1.826134449967693,4,28,0.0,0,0
CGTCTCTCGCCGAGGC-1,0.0,0,0,0.8038416216159371,3,5,0.0,0,0
AGTGGGAGTATACACG-1,0.0,0,0,2.559199920158259,4,66,0.0,0,0
GGTCTTGGTGTTAACT-1,0.1313259796182368,1,1,2.1440445877420746,4,32,0.0,0,0
GGCTGGCAGCTTTATG-1,0.0,0,0,0.8238000679132942,3,6,0.0,0,0
CGCCAATTATTGCGTT-1,0.0,0,0,2.157946330565938,4,11,0.0,0,0
GGTAACCGGCAAAGGT-1,0.0,0,0,0.9512776059454675,2,6,0.0,0,0
TGGGACCATTGGGAGT-1,0.22251491574782037,1,1,0.893976606231131,2,4,0.0,0,0
CTGCAGGTGCTCGGCC-1,0.0,0,0,1.4331311658397907,3,7,0.0,0,0
CCGGTGCGAGTGATAG-1,0.0,0,0,1.7231600983461712,3,13,0.0,0,0
GGGTACACTCTGGAGG-1,0.0,0,0,1.6767775708296955,3,11,0.0,0,0
TAGCCAGAGGGTCCGG-1,0.0,0,0,2.1405005136403785,3,35,0.0,0,0
CTTGTGAGGACAGCGG-1,0.0,0,0,1.0104095839764462,2,4,0.48404697563915905,1,1
GAAGGGCATAACCATG-1,0.0,0,0,1.1958945819503124,2,9,0.0,0,0
CAACATGGCCTGATAA-1,0.0,0,0,1.0412257618211553,2,6,0.0,0,0
CAATTTGACCGGGAAG-1,0.0,0,0,1.671814671443575,3,10,0.0,0,0
TCTGACTGTAATGGTT-1,0.0,0,0,1.315722881634918,3,5,0.0,0,0
TTCATAGCCTTGTAAC-1,0.0,0,0,1.152858954204718,3,4,0.0,0,0
TGGAAACGGAGTGAAC-1,0.0,0,0,1.4863892459617776,3,12,0.0,0,0
ATCGCACGATTGTTCA-1,0.21333742956003163,1,1,0.9281223115256707,2,5,0.0,0,0
CGCCACCCGCATTAAC-1,0.0,0,0,1.5185873920101562,3,7,0.47966596204635176,1,1
TGGACCACGGCGTTGA-1,0.0,0,0,2.0523316987620968,4,13,0.0,0,0
GTATATGTTACGGCGG-1,0.22165891920408262,1,1,1.0289599962963654,2,5,0.0,0,0
GTATTCTTACCGTGCT-1,0.22220588695299018,1,1,2.9754973076950146,4,36,0.44441177390598036,1,1
TTCAGAGTAACCTGAC-1,0.2065591840164767,1,1,2.3259374184419053,4,26,0.0,0,0
GCGGTAACCCAAATGA-1,0.0,0,0,2.232193037493986,4,32,0.0,0,0
CTACGTGTTGCCACCA-1,0.0,0,0,2.5130822974644245,4,27,0.0,0,0
CTAGATAAACTCCTCG-1,0.16317697699132402,1,1,2.568504432411453,4,36,0.32635395398264805,1,1
TCCATTAGTTGGATAG-1,0.0,0,0,2.609354243300465,4,41,0.0,0,0
CTGGCTCCTGCGGGAT-1,0.0,0,0,1.9779774706784037,4,8,0.0,0,0
CAGTCTCTCGGCTAAT-1,0.0,0,0,2.5159297451048905,4,35,0.0,0,0
GTATGACGTGGGAAAC-1,0.0,0,0,2.3704273778564278,4,36,0.0,0,0
AGTCACTCCGCCTCAT-1,0.34669899289365574,2,2,2.1680558442350484,4,25,0.0,0,0
GCAGCGGTGGGCATTA-1,0.0,0,0,2.4490128147401653,4,32,0.0,0,0
TATGGAGTTTCTCGTT-1,0.0,0,0,1.811411459488225,3,25,0.0,0,0
ACTCAACGAATGTATT-1,0.0,0,0,2.488614866972427,4,29,0.0,0,0
AACACGCGGCCGCGAA-1,0.11795144741669784,1,1,1.5551622504913547,4,19,0.0,0,0
CGATATTAGCCGCAGG-1,0.0,0,0,1.9377015533739192,3,37,0.0,0,0
AGCGTCTGAACCCGCA-1,0.0,0,0,1.1271404462415293,3,14,0.0,0,0
GATGTCCGGATCACAT-1,0.0,0,0,0.7802241801721619,2,8,0.0,0,0
GGTCACGTTAGATTCA-1,0.0,0,0,0.5413142317936328,2,4,0.0,0,0
TTAAGGATACGGAGGT-1,0.0892170616987575,1,1,0.8663941858290345,4,9,0.178434123397515,1,1
GTGCGGGACCATCGGC-1,0.0,0,0,0.6524144318279339,2,7,0.0,0,0
CCATCTTGTTCACAAT-1,0.0,0,0,0.7020659075336692,3,5,0.0,0,0
TCCGAGAAGGCTAAGC-1,0.0,0,0,1.0837668952819575,3,10,0.0,0,0
TGGCGGTGTGCGATTG-1,0.0,0,0,0.8628157520195218,3,9,0.19823196702250398,1,1
ATCCTGCTGCAGATAG-1,0.0,0,0,0.6232038942651841,2,8,0.0,0,0
TTATGCGTCCCGGTCC-1,0.0,0,0,2.2914414072754155,4,58,0.0,0,0
CATAATGAGCGGGCGA-1,0.10935331762638208,1,1,2.5010696970410358,4,63,0.0,0,0
AGACATAGATCCTTCC-1,0.0,0,0,2.802228389617175,4,53,0.0,0,0
GGTGAAACCGGGAATG-1,0.0,0,0,2.5826941920430864,4,64,0.0,0,0
AACTGGTGTGGGCCTT-1,0.16455563643899804,1,1,1.8967270799993894,3,27,0.0,0,0
GTAGCGCTGTTGTAGT-1,0.13872405178669087,1,1,2.7624491585536037,4,60,0.0,0,0
TTGTTTGTGTAAATTC-1,0.1602763823837999,1,1,0.8328863848053943,2,7,0.0,0,0
GGATCAAAGGACGAGG-1,0.11574162011616868,1,1,1.3383981570658663,3,15,0.4629664804646747,2,2
CGTAGCGCCGACGTTG-1,0.0,0,0,1.0550710927179943,3,13,0.0,0,0
CAAGTGAACTTTGGTT-1,0.0,0,0,0.5456407316655151,2,3,0.0,0,0
GTAGACAACCGATGAA-1,0.0,0,0,0.7122573460832493,3,6,0.0,0,0
CAATGGTCGGCCTGGG-1,0.14695178545465049,1,1,0.8982838175003103,2,8,0.0,0,0
ACAGATTAGGTTAGTG-1,0.0,0,0,0.4925090090396162,1,4,0.0,0,0
GTTATCACCTTCTGAA-1,0.0,0,0,0.649870077892907,2,4,0.0,0,0
TGGTATCGGTCTGTAT-1,0.0,0,0,1.8338768636620617,4,10,0.0,0,0
GGAATAACCTCAAGAA-1,0.295292356039716,2,2,2.2805983131527356,4,31,0.0,0,0
ATTATCTCGACAGATC-1,0.0,0,0,0.3592901005918753,1,2,0.31906281650066476,1,1
CCGAGGGATGTTAGGC-1,0.0,0,0,0.719675093360462,3,3,0.3198555970490942,1,1
TGAGATCAAATACTCA-1,0.15245559426692526,1,1,1.455592832674059,3,13,0.3049111885338505,1,1
AAACGAAGAACATACC-1,0.0,0,0,0.7370069437988265,2,5,0.0,0,0
CTGGTCCTAACTTGGC-1,0.0,0,0,0.5508441955669208,2,2,0.0,0,0
TGCACGAGTCGGCAGC-1,0.0,0,0,0.7569681784119396,2,4,0.0,0,0
ATAGTCTTTGACGTGC-1,0.0,0,0,1.1605020569437048,4,6,0.0,0,0
TGGAGCTAAAGTTCCC-1,0.0,0,0,0.7154522559355742,2,7,0.0,0,0
GGGTGGTCCAGCCTGT-1,0.0,0,0,1.8607932277593477,4,27,0.0,0,0
CATGCATGGAGACCCT-1,0.16106250390731341,1,1,0.3621293419160358,1,2,0.0,0,0
ACACGGCACTATGCAT-1,0.0,0,0,1.0609296482637565,3,6,0.0,0,0
CCCTGGTATGGGCGGC-1,0.0,0,0,0.3405288350289322,1,1,0.0,0,0
GGAGGATTGAAAGGAG-1,0.0,0,0,0.8961151072450044,3,6,0.0,0,0
CCGCTGGTGCCATTCA-1,0.2839543532904554,1,1,1.0012967463811244,2,3,0.0,0,0
GTTAGAGTGTGCCGCT-1,0.0,0,0,0.9658701937882024,2,6,0.0,0,0
TCGGAATGACCATCAA-1,0.0,0,0,0.515630239274977,1,2,0.0,0,0
TTCAATTAGCCATAAT-1,0.0,0,0,0.6169528390322245,2,3,0.0,0,0
GATGTGTTGTCACAAG-1,0.16786650602529607,1,1,0.8930196610466179,2,6,0.33573301205059214,1,1
TCTTTCTCTTAAGGAG-1,0.13847993019004168,1,1,0.6631039535833201,2,5,0.0,0,0
ACCCTTTAGTTCTCCA-1,0.0,0,0,1.6090724563705157,4,18,0.0,0,0
ACCACAACTCAGAACA-1,0.0,0,0,0.7293317539183886,3,6,0.0,0,0
TATGATAAATCTAACG-1,0.0,0,0,0.5590702732315181,2,3,0.0,0,0
GATCCTCTTGCGCTTA-1,0.0,0,0,0.8565488266969076,2,7,0.0,0,0
TTCTACCTTTATGTTG-1,0.0,0,0,0.5475345545651487,2,3,0.0,0,0
GAAATACCTGCTGGCT-1,0.0,0,0,0.7878090727951126,3,9,0.20352093953373943,1,1
ATTCTGAGTATGAACT-1,0.11357595621202944,1,1,1.1828920133801248,3,12,0.0,0,0
GGATTAAGCTAAGGTC-1,0.0,0,0,0.5721190836568,2,7,0.0,0,0
AGTACGTGGCCTGTCT-1,0.09540962960462061,1,1,0.519784812269708,3,4,0.0,0,0
TCAGGGTGCACGAAAC-1,0.0,0,0,1.835323985895318,4,31,0.0,0,0
AAATTTACCGAAATCC-1,0.0755880207947612,1,1,2.5128066419434214,4,99,0.2548007687488339,1,2
TTGAGGCATTTAACTC-1,0.23500150804481754,2,2,2.7725459517867534,4,77,0.0,0,0
GGACGGCTTGCGCAAC-1,0.10717577095739006,1,1,0.7542508000255799,2,8,0.0,0,0
ACAAATTCAGATCTGA-1,0.0,0,0,1.0641237823432552,3,11,0.0,0,0
CATGGAAATGGGACCA-1,0.0,0,0,0.6049909683036295,2,5,0.0,0,0
GGTGGACCACGTGTTA-1,0.0,0,0,0.8661372755987067,2,9,0.0,0,0
CACGACGTAATAGTAA-1,0.0,0,0,1.2406862860961807,4,10,0.0,0,0
CGGGTTCGGCACGTAT-1,0.0,0,0,0.9833773168679826,3,7,0.0,0,0
CTGGGCTATCCTTTGG-1,0.0,0,0,0.5293899375577443,1,6,0.0,0,0
GTATTAGGGTTCGCGT-1,0.0,0,0,0.6506764565823986,2,5,0.0,0,0
TCATTCGTATAATTTG-1,0.2363912463312341,2,2,0.9118569147238713,3,8,0.0,0,0
AATAGCAAGCCTCCTG-1,0.0,0,0,0.6762435679692198,2,6,0.0,0,0
CATCTACCCGAGAACG-1,0.0,0,0,1.085972188929139,4,11,0.0,0,0
GCTTCAGTGGGATTAC-1,0.0,0,0,0.8373231713122066,2,11,0.0,0,0
TCTGTGATGGAGGTTG-1,0.11436998152122985,1,1,0.8889430658900094,3,8,0.0,0,0
ATCCACTTTCAGACTA-1,0.0,0,0,0.824943715768396,2,6,0.0,0,0
ATGGTTACGAAACATG-1,0.0,0,0,1.4589858770548743,3,27,0.0,0,0
GGCCCAATCTAGAGGG-1,0.12636660136592784,1,1,1.6168088821667184,3,30,0.2527332027318557,1,1
GATGGTGAAATAACCC-1,0.0,0,0,2.082382492826557,4,41,0.0,0,0
AGAGGGACAATTGTCC-1,0.2482168456388497,2,2,2.5132479809517987,4,53,0.4964336912776994,2,2
CGCGTACATTCTGGAA-1,0.13235853085052995,1,1,0.8702896878969657,2,9,0.0,0,0
CAAGAAACCCTAAACT-1,0.0,0,0,0.9546479803931256,4,7,0.0,0,0
TTGGTGCGGTGTTGAA-1,0.0,0,0,0.5778460722350971,2,4,0.0,0,0
GGTTCCCTAGTGTCTC-1,0.0,0,0,1.2748202582609414,3,12,0.0,0,0
CGATAACCAATTTGAG-1,0.21069389998114718,2,2,1.6129491886045457,4,23,0.0,0,0
GCCCACTGGTCCACAA-1,0.0,0,0,1.2483939313259467,3,11,0.0,0,0
GAGGGCCGGCAGAGTC-1,0.08945737903769761,1,1,1.31364096201833,3,23,0.0,0,0
CGACACGGATGCCCAC-1,0.0,0,0,1.1721538776100395,3,6,0.0,0,0
CTGTCTGTGGCTGGCT-1,0.0,0,0,2.2021558672906174,4,53,0.0,0,0
ATATTATCCCGTATTT-1,0.0,0,0,1.2064352347337417,3,13,0.0,0,0
GCGCTGGCGGAAAGTC-1,0.1347282207429135,1,1,1.1051778317740009,4,7,0.0,0,0
ATCTAACGTCCCTATG-1,0.0,0,0,1.396362298171867,3,9,0.0,0,0
GTCAGACAGCGTTGGA-1,0.0,0,0,2.1102481855393487,4,11,0.0,0,0
GCCAGGCTTAGTGGTA-1,0.0,0,0,2.0862647742785456,3,21,0.0,0,0
ATTCAAAGTACCTGTT-1,0.23079937224981142,1,1,1.4965925935417366,3,7,0.0,0,0
TGGACGTAGGCGAATC-1,0.0,0,0,1.1763637755310066,3,5,0.0,0,0
ACACATTGACGCAACA-1,0.2239352618729152,1,1,1.6650683764864997,3,9,0.0,0,0
GATATCAGTATGTATC-1,0.0,0,0,1.0565957802445383,2,6,0.0,0,0
TGGGCCTTGCCTGCAT-1,0.0,0,0,2.2711448347019645,4,11,0.0,0,0
CAAAGTCAGGTTAGCT-1,0.0,0,0,1.1464201426539196,2,7,0.0,0,0
GGATCCCTACCAGCTA-1,0.0,0,0,1.1098830347359534,2,6,0.0,0,0
ATCGTCCAATCGAGTC-1,0.0,0,0,1.135577077450922,3,5,0.0,0,0
ACATGGCTCAATTTAG-1,0.21105323909649598,1,1,1.307665718792546,3,6,0.0,0,0
AGGCCCAGTGACTGGT-1,0.0,0,0,1.5365491125677553,3,7,0.0,0,0
GCTTCCAGCTTAGATT-1,0.0,0,0,0.9742617579092667,2,4,0.0,0,0
TGCTTGAAACCATGCA-1,0.0,0,0,1.1636991418891152,2,7,0.0,0,0
CAATATTGGACTAGTG-1,0.0,0,0,1.9989124975230226,4,10,0.0,0,0
CGTGCTGGCCTAGTCG-1,0.0,0,0,2.094003398241543,4,19,0.0,0,0
CCTGCGATAGAACTGT-1,0.0,0,0,2.104649506244228,3,37,0.0,0,0
GGGTAATGCTGTGTTT-1,0.19549853492374328,1,1,1.0839445269477763,2,7,0.5660170235596657,1,2
AACGCGAACGGCAACA-1,0.35051275699894574,2,3,2.740182157241965,4,57,0.0,0,0
TGTCGGCATGGTGGAA-1,0.4875679752682109,3,3,2.102113251468795,4,19,0.0,0,0
AGCGTACGAGAGCTAG-1,0.0,0,0,1.0088242520681723,2,7,0.0,0,0
ATACTCTCGCCACTCT-1,0.0,0,0,0.7804169666061462,2,5,0.0,0,0
AATCCATGCAAGGGTG-1,0.0,0,0,0.0,0,0,0.0,0,0
TTAAACAGAGTCCCGC-1,0.226731568101763,1,1,1.3134371598778936,3,6,0.0,0,0
CCACAGCTGAAATCAT-1,0.0,0,0,2.0403417610605037,3,34,0.0,0,0
CGGTTCCGGCTTCTTG-1,0.0,0,0,2.9057711388180976,4,30,0.0,0,0
GACGTGAGACTCCATG-1,0.0,0,0,2.873159541684611,4,41,0.0,0,0
TCGTTGGCTCGTCAAT-1,0.0,0,0,0.0,0,0,0.0,0,0
GGTGAACGGGCTAGCC-1,0.0,0,0,0.5723227602370422,2,2,0.0,0,0
GCACTGTGCAAATGTA-1,0.0,0,0,1.466919765392495,3,15,0.0,0,0
ACGAGAACCCATCACG-1,0.1504805946158325,1,1,1.1890716772472325,3,9,0.0,0,0
CCAGCTACGCCTCATA-1,0.18980660443083663,1,1,1.8274300169087805,4,10,0.0,0,0
TCCCGGTCAGGAATTT-1,0.0,0,0,1.804686334466341,4,17,0.0,0,0
TCGCATTCAATGACTT-1,0.0,0,0,1.3966727347281263,3,6,0.0,0,0
CTGGTTCAACGCATCA-1,0.2041368565030467,1,2,2.5444142898514626,4,58,0.0,0,0
GGTGATTTCATCTTGT-1,0.8252674397787786,3,7,2.5696809885442295,4,29,0.0,0,0
CACCCTTTCCTCGCTC-1,0.15761279612193527,1,1,0.8526311325104707,2,6,0.0,0,0
CAACTTGTAGTGGGCA-1,0.11564967088258472,1,1,2.3316344639796394,4,41,0.23129934176516945,1,1
AATATCAAGGTCGGAT-1,0.08930518777691272,1,1,1.5692347145165795,4,26,0.0,0,0
ACTCAGACCTGCTTCT-1,0.1488428251342196,1,1,1.6268239693041042,3,26,0.0,0,0
TTGGAGTCTCCCTTCT-1,0.0,0,0,2.601093117036271,4,49,0.0,0,0
GGATACTCATGAATTG-1,0.0,0,0,2.7354820408133973,4,52,0.0,0,0
TGGGCACAAACAGAAC-1,0.17613795851365144,1,1,2.6281911633623873,4,38,0.0,0,0
GAGCCACGGTAGTAGG-1,0.3608685497862482,2,2,1.8933513650161111,3,19,0.0,0,0
TCGATAGGCTAGTCGC-1,0.0,0,0,1.2361553953881665,2,11,0.0,0,0
TAACCGCCCGCAGTGC-1,0.0,0,0,0.8002067729166973,2,5,0.0,0,0
GCCTATTTGCTACACA-1,0.4891587116502217,2,4,1.9356823242257886,4,19,0.7005754993380587,2,2
TTGACGATTCAGCACG-1,0.0,0,0,2.4622752677181734,3,50,0.0,0,0
TTAAACCGGTAGCGAC-1,0.11603520013981565,1,1,1.449054344918716,3,19,0.0,0,0
ACCGAAAGGGCCCTGC-1,0.11958450453707946,1,1,0.46211725132804926,2,3,0.0,0,0
ACGTTCCGCGCTCCGT-1,0.0,0,0,0.8033513244797137,2,7,0.0,0,0
ATACCAGGCTAATAGA-1,0.37851020826703546,2,2,1.755888688271704,4,12,0.0,0,0
CGGCTTTGTATGATAA-1,0.0,0,0,0.7383014428926942,2,4,0.0,0,0
CTTGACCCGAAAGATA-1,0.0,0,0,2.4287130697202124,4,54,0.0,0,0
CGCAGAAACATTTGCG-1,0.2969492073840203,2,2,2.2894150702502603,4,46,0.0,0,0
GACCCGTCGCCGGCTA-1,0.0,0,0,2.2159175578307084,4,32,0.0,0,0
AATCGGGACACTACGA-1,0.3331801546619905,2,2,1.738087050899018,3,19,0.0,0,0
GTCACAAAGTTTCCAA-1,0.1479118826884897,1,1,2.4256992259584154,4,40,0.0,0,0
TATATTCGCGTCGATA-1,0.0,0,0,3.0115549791196847,4,47,0.0,0,0
CCTCCCGACAATCCCT-1,0.0,0,0,2.7374836877973108,4,42,0.0,0,0
CGACATGCGATCTTCT-1,0.0,0,0,2.0449737438552837,4,23,0.35387603479619556,1,1
AACACGACTGTACTGA-1,0.483792911165479,3,4,2.633418045475276,4,54,0.27316561403898226,1,1
CCCAACCACACTAACA-1,0.27361607031844165,2,2,1.4482207653513703,3,15,0.0,0,0
CACCGCCGACCAGCGA-1,0.15144648280575418,1,1,1.47870538584272,4,10,0.0,0,0
TGGTATCGCATCCCAA-1,0.0,0,0,1.2197044111951967,4,9,0.0,0,0
CAGAGTGATTTAACGT-1,0.0,0,0,0.4835408904113614,2,2,0.0,0,0
AACCCTGGTGGAACCA-1,0.0,0,0,0.9182680535490411,3,9,0.0,0,0
GTCAGTTGTGCTCGTT-1,0.14195691014672718,1,1,1.0563808880526877,3,7,0.0,0,0
ATTGACGTAACTCGGT-1,0.0,0,0,0.7940663190129662,3,5,0.0,0,0
GATGTCGGTCAACTGC-1,0.0,0,0,1.0402211209910888,3,7,0.0,0,0
AGGGCAGCGGCGTGGT-1,0.0,0,0,0.7576454897466313,2,4,0.0,0,0
ACATCGTTAACCTAGT-1,0.0,0,0,0.5277411791801676,2,2,0.0,0,0
TCCATTGTGACCTCGT-1,0.0,0,0,0.8910390859271385,2,5,0.0,0,0
TGTTTAATACTTCATC-1,0.0,0,0,1.163257763140875,3,6,0.0,0,0
TTGCTGGCCGGGCTTC-1,0.0,0,0,1.134313419620464,3,7,0.3318476761423769,1,1
CATATTATTTGCCCTA-1,0.17695863612759732,1,1,1.1029514012371053,2,9,0.35391727225519465,1,1
CTGCCTAGCCACCAAG-1,0.0,0,0,0.2891514211692655,1,2,0.0,0,0
ACGAGATATTTGCTTA-1,0.0,0,0,1.1971851812977345,3,11,0.2740680975965156,1,1
GACTACAATTGCTCGT-1,0.0,0,0,1.2962249843115177,4,9,0.0,0,0
AACGTGATGAAGGACA-1,0.0,0,0,0.9835312971481621,3,10,0.0,0,0
ACTCTCTTATACACGA-1,0.0,0,0,0.7815287318550435,2,7,0.0,0,0
CGCATCATGGCTTCAG-1,0.0,0,0,0.7100517319735578,2,5,0.0,0,0
CGGCTCTTCGTCGAAC-1,0.08928558880384457,1,1,0.8888161180767926,4,9,0.0,0,0
ATTCTTCGTACTTATG-1,0.0,0,0,0.9792194501116769,3,4,0.0,0,0
AGTGAGGGTTTCTGAC-1,0.20446276814384742,1,2,1.1254265344774248,3,10,0.0,0,0
GCCAGGCGTTCGCATG-1,0.10136473270974884,1,1,2.596124234188447,4,79,0.40545893083899537,2,2
GACTAACACAGCACCT-1,0.08754760406423284,1,1,2.552660361832142,4,91,0.35019041625693137,2,2
CAATGGAATCTACATA-1,0.06139248834679286,1,1,3.0359129429656067,4,199,0.0,0,0
GTGGTCAGCGAAGTAT-1,0.2010053341558872,2,3,2.3815283624972095,4,121,0.0,0,0
ATGGCTGGAAATGGCC-1,0.20625366615032226,2,5,2.9648651408813667,4,283,0.21288134743639534,2,2
TATCACCATGTAAAGT-1,0.3399168598414291,3,4,2.7217085568885695,4,100,0.0,0,0
AAGCGGCGTCATGGGT-1,0.0,0,0,1.2755923000881115,4,13,0.0,0,0
ACTAATACGTCAGGCG-1,0.0,0,0,0.8096269148538772,3,4,0.0,0,0
GGCTGAGCATCGTAAG-1,0.0,0,0,1.0467696545441878,3,9,0.25673783201621764,1,1
CGGTTGGGTTCAAGTT-1,0.0,0,0,1.1379547444769447,4,10,0.0,0,0
GTCCTTTAATGACTTC-1,0.0,0,0,0.7777673588308693,2,4,0.0,0,0
CCTACAAGTCCGGAAT-1,0.0,0,0,0.9126186808117815,2,8,0.27779095800363035,1,1
GCCTGCTACACTGAGA-1,0.0,0,0,0.8491065993277443,2,4,0.0,0,0
GACTCGGTCGGCGGAT-1,0.0,0,0,1.4082237131355928,4,16,0.0,0,0
CTAGACATATATGTAG-1,0.0,0,0,1.3030402790213376,4,7,0.0,0,0
TCGCCCAACTGACTCC-1,0.0,0,0,1.343786986705141,3,28,0.0,0,0
AAACTAACGTGGCGAC-1,0.0,0,0,1.2296839857770914,4,8,0.0,0,0
AACTGAGGTCAGCGTC-1,0.0,0,0,1.389176276518968,3,16,0.0,0,0
ACAATGATTCTTCTAC-1,0.1988489528365138,1,1,1.2277054953259923,3,7,0.0,0,0
ATAAGTACCCGATTGT-1,0.0,0,0,1.1968994831467912,4,5,0.0,0,0
ATTGGGAGTTCTGTAA-1,0.0,0,0,0.6522830851414666,2,5,0.0,0,0
CGAACATAGTCAGAAA-1,0.0,0,0,1.3607519074073542,4,17,0.0,0,0
TAGCTCAGATCCTAGT-1,0.23642620917891388,2,2,1.5701981666711147,4,19,0.0,0,0
GTGTCGTATTCACCTT-1,0.0,0,0,0.9178077006421368,3,5,0.0,0,0
CTCACCGATCCAAACT-1,0.1718844505080437,1,2,1.845830475531322,4,31,0.0,0,0
ATATGTGCACAAACCA-1,0.0,0,0,1.442482665480033,4,13,0.0,0,0
CAGTCCAACGCCTTCT-1,0.14603211776752542,1,1,1.9831952153495438,4,32,0.0,0,0
TCGTCCGGGTACACTC-1,0.0,0,0,1.5955394132931215,3,12,0.0,0,0
GCAGAAACGTAATCCA-1,0.10774955362923243,1,1,1.6918961827397945,3,32,0.0,0,0
TTCGAGCCGGCGCTAC-1,0.0,0,0,1.4586382020656508,3,9,0.0,0,0
GGAAGATAAGACTGTA-1,0.0,0,0,1.4418644836627654,4,23,0.0,0,0
ATAAGCAAACACCGAG-1,0.0,0,0,1.7150726976038624,4,20,0.0,0,0
GCATAAATTGAACGCC-1,0.0,0,0,0.9428124329329741,2,12,0.0,0,0
CGCCGGTGTCGCAGTA-1,0.17642424889404407,1,1,1.323872832200105,3,9,0.0,0,0
GACCTGGTCTGGGCGT-1,0.3137246448822199,2,2,2.407665529613385,4,41,0.0,0,0
AGCCGCTTGATTAGCG-1,0.0,0,0,2.810712972158054,4,34,0.0,0,0
CCCGGCTAGGTGAGAA-1,0.0,0,0,2.120931413752322,4,14,0.0,0,0
CGAGCCGAGCACTCGA-1,0.0,0,0,1.817251156199657,3,18,0.4031692624212961,1,1
TAGTGCTTGAATCCTT-1,0.0,0,0,2.498396749502652,4,24,0.39871447815252004,1,1
CAACCGCACCTAGACA-1,0.0,0,0,1.5297061079334635,2,21,0.0,0,0
ACCACTGTTCAAGAAG-1,0.0,0,0,1.7584336797561289,3,19,0.0,0,0
AGATGCTATAACGAGC-1,0.0,0,0,1.069106313763415,2,10,0.0,0,0
AATTACTCGTACGCTC-1,0.0,0,0,1.1120478689677036,2,6,0.0,0,0
CGTCAATCTTTAACAT-1,0.0,0,0,1.3166950080964759,2,14,0.0,0,0
CCAAAGCAGTTGGTTG-1,0.0,0,0,1.5174516795464035,3,13,0.0,0,0
CCATATTGGATCATGA-1,0.0,0,0,1.2440239685122942,4,6,0.0,0,0
CGTACCGAAAGTCTAG-1,0.0,0,0,1.1037050342396602,2,9,0.0,0,0
CTCGAGATCCAAAGCA-1,0.0,0,0,0.48445213963114253,2,2,0.0,0,0
TGGATAGAGTAACAGA-1,0.0,0,0,1.3697826639131399,4,6,0.0,0,0
TCACAGATCCTCAAAC-1,0.0,0,0,0.9352439465060592,2,4,0.0,0,0
AGAGCTACGAAAGCAT-1,0.0,0,0,1.5650653255971259,4,6,0.0,0,0
TGCGTGATTGGGTGTC-1,0.0,0,0,0.7934710501564497,2,3,0.0,0,0
CACATGTTTGGACATG-1,0.0,0,0,1.3844914735342373,3,6,0.0,0,0
TTCGCATCCGGAAGCA-1,0.0,0,0,2.248165720753102,4,13,0.0,0,0
CCCTAGTGTCAGGTGT-1,0.0,0,0,2.021201883776787,3,18,0.0,0,0
TTACCGCCTTAGGGAA-1,0.25055001566295204,1,1,1.4151085402618797,3,5,0.0,0,0
CCAGTCCATTATTCGA-1,0.0,0,0,2.093607456788677,4,12,0.0,0,0
CGTAAACGCTTGAGTG-1,0.0,0,0,0.967465228981534,3,6,0.0,0,0
ATTCCTTCCAGGCGGT-1,0.0,0,0,0.799485601143215,2,5,0.0,0,0
TTCCTTTCTGTGTTGC-1,0.0,0,0,1.6475624265880406,3,13,0.0,0,0
AGTTGACATCGGCTGG-1,0.0,0,0,2.0207428195402755,4,12,0.0,0,0
AACTCGATGGCGCAGT-1,0.19038588649063581,1,1,2.5414260899311008,4,51,0.0,0,0
GATAAGGCAGATGCAA-1,0.0,0,0,2.468606048230201,4,28,0.0,0,0
GGCTGGCTAGCTTAAA-1,0.0,0,0,2.475210917703394,4,22,0.0,0,0
CCTCATGCAGCTACGA-1,0.0,0,0,0.777398980296497,2,2,0.0,0,0
GACGCCTGTTGCAGGG-1,0.0,0,0,1.1432555344088828,3,4,0.0,0,0
TAATTAGATGGATATG-1,0.0,0,0,0.3295525152600684,1,1,0.4394033536800912,1,1
GAGGGCATCGCGTATC-1,0.0,0,0,1.3468307695591233,2,13,0.0,0,0
CTTGTGAGTCTTTGAC-1,0.0,0,0,1.0880855840691934,2,4,0.0,0,0
TCAACACATTGGGTAA-1,0.0,0,0,0.9344338366457852,2,4,0.0,0,0
ACTGTATACGCGAGCA-1,0.0,0,0,1.6098186631014872,3,10,0.0,0,0
GTGAAACGTGCTCCAC-1,0.15036440977401777,1,1,2.6091919483362593,4,38,0.0,0,0
CGAGTGCTATAGTTCG-1,0.0,0,0,1.5339820117933858,3,9,0.0,0,0
GTACTGCATGAAGCGT-1,0.0,0,0,2.1752718517527123,4,13,0.0,0,0
GTAACTTGCGGCAGTC-1,0.0,0,0,2.568773684695003,4,38,0.0,0,0
GAATCGCCGGACACGG-1,0.14872931911753254,1,1,2.9332550831141604,4,74,0.2974586382350651,1,1
GGGAGTAATGGCTGGC-1,0.0,0,0,2.8136026775437646,4,78,0.0,0,0
CATGAACCGACATTTG-1,0.13665384709614878,1,1,2.2199030088097693,4,28,0.0,0,0
TCTGTCATACAAGAGC-1,0.0,0,0,2.2508619515825328,4,31,0.0,0,0
GTCGTCAATTATAAGG-1,0.0,0,0,0.20404351668058496,1,1,0.27205802224077996,1,1
TAAAGAGCCCGAAACC-1,0.0,0,0,0.5455060157273095,2,3,0.0,0,0
GTACTGAGGTCGTAAC-1,0.0,0,0,0.8186746845735751,3,7,0.0,0,0
AAAGACCCAAGTCGCG-1,0.0,0,0,0.8895978870116266,3,7,0.0,0,0
CGTCAGTGCGCACAAG-1,0.22482803980933955,2,2,0.9486707762450398,3,10,0.0,0,0
TGTATCCTTATTCCAT-1,0.20336220731718083,1,1,2.5981981272582177,4,32,0.40672441463436165,1,1
ATTCTCGTCTCTTTAG-1,0.22162483591001034,1,1,2.2176256153846947,3,25,0.4432496718200207,1,1
AAAGTCACTGATGTAA-1,0.0,0,0,0.4723878496021803,1,2,0.0,0,0
TGTCTACAGTTTCTGT-1,0.20199812299786443,1,1,2.2848787784754845,4,18,0.0,0,0
TTAACGTCGCAAGACC-1,0.0,0,0,1.0329133932948436,2,7,0.0,0,0
CTATGTCTATTGAAAC-1,0.0,0,0,1.5619443274017055,3,19,0.0,0,0
TCGGGTGAAACTGCTA-1,0.17753809971706525,1,1,2.585577461988433,4,53,0.0,0,0
TGTCCCGACATAGCAC-1,0.0,0,0,3.0141667111423858,4,44,0.0,0,0
ACAGCATAGAGCCAGT-1,0.34334367483785994,2,2,2.2305390206120252,3,40,0.0,0,0
ATATTCCCACAGGTCA-1,0.0,0,0,3.1262658034175366,4,42,0.0,0,0
TTGGATCGACTTCTGG-1,0.4552927046144057,2,3,2.019226696217848,3,35,0.0,0,0
CACCATCGGAGGAGAC-1,0.2790954210785719,1,2,2.029554506805919,4,16,0.0,0,0
TCGTTCGTTATTATGT-1,0.41000759657449826,2,2,3.4097016106269167,4,69,0.0,0,0
CTTAACTTCGAAGTAC-1,0.0,0,0,2.002943164702858,4,16,0.37134906703405673,1,1
GCACAAGTGTCGGAAG-1,0.14202114060236556,1,1,2.811232021176782,4,60,0.0,0,0
TACCAGCTAGGTTTAA-1,0.2011456556761897,1,1,1.6322118829612218,3,13,0.0,0,0
ACGTACAGATTTCTCT-1,0.19319185553562554,1,1,2.0934756462548596,3,23,0.3863837110712511,1,1
AATTTGGTTCCAAAGA-1,0.0,0,0,1.0884332394301701,3,7,0.0,0,0
GTAAGGATTTGTCGGA-1,0.0,0,0,1.4208055571842844,4,10,0.0,0,0
CATCATCTACCCGGAC-1,0.0,0,0,0.9136189380269614,2,6,0.0,0,0
ACGATGGATCCGATGC-1,0.0,0,0,1.975290112345527,3,52,0.0,0,0
CACTCAGCTCTTGAGG-1,0.16842005764423493,1,1,1.16820752153007,3,7,0.0,0,0
TAGATCCGAAGTCGCA-1,0.0,0,0,0.4387706730872918,1,3,0.0,0,0
TGAAACTTATGCAAGC-1,0.1505678590570714,1,1,0.8734881062152563,3,5,0.0,0,0
GCGATTCTGGAAGCAG-1,0.0,0,0,0.5865866378584641,1,4,0.0,0,0
CAAACTATTGAGCTTC-1,0.0,0,0,1.5837642934444465,3,5,0.0,0,0
TAGAATTAAGGGCAAC-1,0.0,0,0,1.2054998064832037,3,9,0.0,0,0
CGAAACATAGATGGCA-1,0.0,0,0,1.8316494039203266,4,16,0.0,0,0
GATGGTGCCCTAGGCA-1,0.18908795850903423,1,1,1.1096030482528803,2,8,0.0,0,0
CCCGCAGGGCCCAAAG-1,0.0,0,0,1.4453203392098541,3,10,0.0,0,0
ACAGCGCACCCGCAGC-1,0.0,0,0,0.8477819490374382,2,6,0.0,0,0
GGTAAATGTGCGTTAC-1,0.0,0,0,1.3579297067369023,4,9,0.0,0,0
GTCCTTCTAGTGGGTT-1,0.0,0,0,1.271904647626595,3,11,0.0,0,0
GGAAGCTCGCTTACAG-1,0.15317660825874452,1,1,1.0646693410538728,3,7,0.0,0,0
CACCGATACACCGAGC-1,0.15555556380107732,1,1,1.726778924903713,3,21,0.0,0,0
CAGCCGGGCCCTCTAT-1,0.0,0,0,1.21918021907188,3,9,0.0,0,0
CGGAGCTTATAACACC-1,0.10916033479240435,1,1,1.5900273383206809,4,29,0.0,0,0
ATTACAACTACCGGCC-1,0.0,0,0,2.2920943581064614,4,31,0.35121791442183925,1,1
TCCTCTGGCCCATTAG-1,0.14671727217643882,1,1,2.2868318686255678,4,37,0.29343454435287764,1,1
CGGCACCGTTAGCGCC-1,0.3478282960826855,3,3,3.089860913602156,4,112,0.23188553072179033,1,1
TCGGTCCCTGACTCCA-1,0.42643278844869625,3,5,2.881496803413097,4,123,0.0,0,0
TGGTTGGAGGATCCTG-1,0.11073188033594807,1,1,3.9201736480423337,4,254,0.0,0,0
CTGCGGTAGTCACGTG-1,0.46072191330848283,4,6,3.784993264194998,4,314,0.0,0,0
GTGCCTCAGTGTACGG-1,0.3945275303229188,2,5,3.648194903139807,4,231,0.0,0,0
ATCGTTCACTTTCGCC-1,0.0,0,0,3.3709866059698,4,115,0.0,0,0
ACTTACCGGGCGCGCA-1,0.6477689950382981,5,7,2.8786536654545745,4,95,0.33542076432275697,1,2
CTAGACTGCATTTCGT-1,0.1371652595211427,1,1,1.8894303373990595,4,20,0.2743305190422854,1,1
TTGCCGGTGATCCCTC-1,0.0,0,0,1.4804155587270489,3,14,0.0,0,0
CTGTCACGCCAGGCGC-1,0.1205780623791512,1,1,0.818308498645623,2,8,0.0,0,0
CGGTATAGGTATTAGC-1,0.0,0,0,1.5125656664366351,4,21,0.0,0,0
CCAACGCTTGCCAGGG-1,0.11185783641679416,1,1,1.422207108551401,4,16,0.0,0,0
CGTTGAGTAATTGCGT-1,0.2164845817807918,2,2,2.5416050268239947,4,90,0.2164845817807918,1,1
TAAATGCCGTCTCATG-1,0.4308828543148591,4,4,2.5003647669402675,4,67,0.0,0,0
CGGTTTATGAAGGAAC-1,0.15442536903109685,1,1,1.0493286338978156,3,6,0.3088507380621937,1,1
GCAAGATGTGTTCGCG-1,0.12457473276496771,1,1,1.3162987263753778,4,11,0.0,0,0
AAAGGTAAGCTGTACC-1,0.0,0,0,1.50630303169901,4,26,0.0,0,0
GTACGTCACGTATTAA-1,0.11304762360167232,1,1,1.2039650074363182,3,16,0.22609524720334465,1,1
AGTACCTTCGAGTGCT-1,0.0,0,0,1.969239264510135,4,24,0.0,0,0
ATTGTGACTTCGCTGC-1,0.0,0,0,1.2678028949695765,3,9,0.0,0,0
TGTATCAGACTGAAGC-1,0.2628045755131074,2,2,1.477043721121746,3,22,0.0,0,0
GAGACCCTGCAACGCC-1,0.0,0,0,0.9455821487352807,2,9,0.0,0,0
TGGGTGGGATGTCATT-1,0.12313905051440481,1,1,1.9228959575257518,4,29,0.0,0,0
GGCTAATGATTGAAAT-1,0.0,0,0,0.9806982639817239,2,15,0.0,0,0
ATAACGTTACCTCCAC-1,0.0,0,0,1.4592272917509557,3,19,0.0,0,0
TGCGAGATGGCGGCCA-1,0.0,0,0,1.214872191423998,3,10,0.0,0,0
CACACTTGTATTGCGA-1,0.0,0,0,0.7930628853020165,2,5,0.0,0,0
GCTGGTGACTCGTAGT-1,0.0,0,0,1.207805161595996,4,9,0.0,0,0
CGACACCGCTTAAGGA-1,0.0,0,0,1.7752519611165214,4,25,0.2316339289501422,1,1
GTAACAACTGACCTTG-1,0.0,0,0,1.7846641225861966,4,21,0.24531110569835468,1,1
CAACTGAGGGTATGAC-1,0.0,0,0,2.141335366012482,4,26,0.0,0,0
CTAATTATGAAGCGTA-1,0.0,0,0,0.8155367894430328,2,6,0.0,0,0
CCGATCTTAAGAGGCT-1,0.0,0,0,1.772653582942686,3,15,0.0,0,0
CGACTCGGTACACGGT-1,0.0,0,0,1.850165687923558,3,25,0.0,0,0
TGCTGCGTCAGAGTTA-1,0.0,0,0,1.7783465354355332,4,11,0.39536578711518167,1,1
AGAGTTGCAGGCCTCC-1,0.0,0,0,1.552418012425394,3,11,0.0,0,0
ACTGGCGAACCTGCGT-1,0.0,0,0,1.2968353461138857,2,12,0.0,0,0
ACTAAGGACGCACACC-1,0.17667045062233455,1,1,1.2496233606165608,2,12,0.0,0,0
CGTCCAGATGGCTCCA-1,0.0,0,0,2.5983072333858543,4,23,0.0,0,0
ACTATCGCCGGCTAAA-1,0.0,0,0,1.937229173026084,3,20,0.0,0,0
GATAGCGTACCACGCG-1,0.20319406793717718,1,1,2.6899113587507837,4,31,0.40638813587435435,1,1
AGGACTTATAGGAGAA-1,0.0,0,0,2.0308729008763295,4,11,0.0,0,0
TAGTCGGGATTCTTCG-1,0.24024273543498342,1,1,2.0011938962142635,3,17,0.0,0,0
ACCATTAAGGGTGTCA-1,0.0,0,0,1.1169304795013701,2,5,0.0,0,0
TTAATGTGTTTGCAGG-1,0.0,0,0,1.5883407858651901,3,9,0.0,0,0
TCCGCAGCCACCTAGC-1,0.0,0,0,0.6719385753705769,1,3,0.0,0,0
GAGGAGATCCTCATGC-1,0.0,0,0,0.6652993249079522,2,3,0.0,0,0
GGTCCTTCATACGACT-1,0.0,0,0,1.857844821952084,3,12,0.0,0,0
CCCTGTTGGCAAAGAC-1,0.1678481221725653,1,1,1.3527863042499644,3,11,0.0,0,0
GTGCCTAGCTATGCTT-1,0.0,0,0,1.2748295155061276,3,5,0.46461385558509116,1,1
GTCATCTCCTACAGCT-1,0.17573072653772723,1,1,0.9162233605812373,3,4,0.0,0,0
GCGAGAAACGGGAGTT-1,0.2964697819124435,2,2,1.1643998185127709,3,9,0.0,0,0
CGTCGCGGCGGGATTT-1,0.0,0,0,0.865710496955735,2,3,0.0,0,0
CATTGTGTGCTAGATC-1,0.22569580194962965,1,1,2.2020778891291597,4,16,0.0,0,0
CGCGGCAGTATTACGG-1,0.0,0,0,1.23613262712544,3,5,0.0,0,0
GAAATGGGATGTAAAC-1,0.0,0,0,1.0492555619262998,3,6,0.0,0,0
CATTCCCTAAGTACAA-1,0.21638568486007329,1,1,1.2792165018731976,2,9,0.0,0,0
AGTTCTGCGTTGTATC-1,0.17791280751394722,1,1,2.8328744407600652,4,46,0.35582561502789445,1,1
ACCCTATAGGACTGAG-1,0.0,0,0,0.571525606791735,1,3,0.0,0,0
TTAGATAGGTCGATAC-1,0.0,0,0,1.1254056759221573,3,5,0.0,0,0
ATTGATAGCAACGAGA-1,0.0,0,0,0.0,0,0,0.0,0,0
TCTCGGCTCCAGGACT-1,0.3028045832590372,2,2,0.9153226376198308,3,5,0.0,0,0
CTTGAGGTTATCCCGA-1,0.184130581918426,1,1,2.54508717225071,4,29,0.0,0,0
AAGAAGGATCAGTTAG-1,0.22013693238628115,1,2,2.14515341687666,4,28,0.2880866492219886,1,1
GTACGACGGCGCTGCG-1,0.0,0,0,2.2169659364235748,4,36,0.0,0,0
CTTATGTTGACTACCA-1,0.0,0,0,2.0071288068364748,4,20,0.0,0,0
CGGCACTCAAGAAAGT-1,0.0,0,0,2.4577391926279764,4,35,0.0,0,0
GTCAAAGTTTACATAG-1,0.3061420129738284,2,2,1.785361406090081,3,22,0.0,0,0
CTCCTAAGTTATGTCT-1,0.22023765566708844,1,1,1.6383438377398345,3,11,0.4404753113341769,1,1
ACTGTGCTAGTAGATC-1,0.0,0,0,0.9141594687536436,2,5,0.0,0,0
GTTTGGCCGCTCAGCG-1,0.0,0,0,0.7702559953585818,2,3,0.0,0,0
TTATCCAATCGAACTC-1,0.0,0,0,1.7371117669455058,4,13,0.35142083771500304,1,1
CCGTACCCAAGCGCCA-1,0.410579689567887,2,2,1.678399719865642,3,11,0.0,0,0
CATACAAAGCCGAACC-1,0.13320593604405825,1,1,2.758261116358061,4,71,0.0,0,0
GGTCGGTAATTAGACA-1,0.31230186152519457,2,2,1.523296644251265,3,15,0.0,0,0
AGCGGGAAGGGTCCAT-1,0.0,0,0,2.6925277262380702,4,60,0.0,0,0
GCCCACCAAGGCTGTC-1,0.0,0,0,2.195602741561616,4,20,0.0,0,0
GTAGACGTCGTTACAT-1,0.15761279612193527,1,1,2.5932438447190145,4,48,0.0,0,0
GAGCATCATCCCTGGG-1,0.0,0,0,2.9373325783655293,4,65,0.0,0,0
AGGTAACCTCCTATTC-1,0.7320975769421794,4,5,2.3731718631893086,4,25,0.3256637842374609,1,1
GGTTTGAGTGCTGGAA-1,0.15029189139905283,1,1,1.8473301467841248,4,17,0.0,0,0
GCACTAGTCGCGCTAT-1,0.0,0,0,0.4979978190734794,1,4,0.0,0,0
GGTAACTATGTATCTG-1,0.0,0,0,0.6591861739568854,3,4,0.0,0,0
GCGGTCCCTAGACGCA-1,0.0,0,0,0.6244327737546764,2,5,0.0,0,0
CGAGCGTTGATCAGCC-1,0.0,0,0,0.6617483067079921,2,5,0.0,0,0
AATCCAAGGGCCTGAG-1,0.0,0,0,0.4407175587744491,2,3,0.0,0,0
CCGTGCCCATGACGGC-1,0.0,0,0,0.7672025663207452,2,5,0.0,0,0
GAAATTCACATCGCTG-1,0.10825685377667253,1,1,0.4924229919742468,2,4,0.0,0,0
CTCTGCGAAGCAAGCA-1,0.25008944714454073,2,2,0.83900575880294,2,8,0.0,0,0
AGTAGGTAACATACAT-1,0.27678940402673347,2,2,1.1067569635853889,3,9,0.0,0,0
ATTGGGAATATCTTGG-1,0.37167018067062,2,2,0.6860235838288341,2,3,0.0,0,0
TAGAGCTACGAAGAAC-1,0.09949381068567914,1,1,1.078742306185102,3,12,0.0,0,0
TGCGGCATAGTTCAAC-1,0.0,0,0,0.6914813597534117,2,6,0.0,0,0
CCGCCGGTCAACACAC-1,0.0,0,0,0.8029439286303152,3,4,0.0,0,0
TCGTATAGTGCAATTA-1,0.0,0,0,0.3609193722530386,1,1,0.0,0,0
TAGTTTATTCTTGCTT-1,0.0,0,0,0.7585297195021388,2,3,0.0,0,0
GATATCTCATGCAATA-1,0.0,0,0,1.4662100195151369,3,9,0.0,0,0
CGTTTAAGCGGAGCAC-1,0.0,0,0,0.3283797433655971,1,2,0.0,0,0
CATGCTGGCTCCAATT-1,0.0,0,0,0.4389026164113565,1,2,0.0,0,0
GAAACAGCCATGCAGT-1,0.0,0,0,1.1397464080571793,4,6,0.0,0,0
AGTTTCGCAGGTCGGA-1,0.0,0,0,0.3213246041919861,1,1,0.0,0,0
CTCATGGCTCACAATC-1,0.0,0,0,1.0834378081661014,2,8,0.0,0,0
AACCGTTGTGTTTGCT-1,0.0,0,0,1.3619649329223367,3,7,0.0,0,0
ACCCTTCATCTGCGAA-1,0.0,0,0,0.913011350025102,2,6,0.0,0,0
TGCGGTGAAATTTCAT-1,0.0,0,0,0.7984582253711965,2,4,0.0,0,0
CAAATTGTCAGCAAGC-1,0.12579651534288466,1,1,1.3376577403803376,3,17,0.2515930306857693,1,1
GAGGTACATCCATCTT-1,0.0,0,0,0.7295053979967668,3,3,0.0,0,0
AAATGGCATGTCTTGT-1,0.13809121850697129,1,1,1.1691286727981223,3,9,0.27618243701394257,1,1
TCATCCCAGAGGGTGG-1,0.0,0,0,1.041166954677949,3,7,0.0,0,0
CGTAGCGAATTGTCAG-1,0.0,0,0,1.1250343188780783,3,3,0.0,0,0
CCTAGTTAGTCGCATG-1,0.0,0,0,1.0672733228468856,3,8,0.0,0,0
GAAACTCTAATGAAGG-1,0.0,0,0,1.4310642541725282,2,16,0.0,0,0
TTGTATCACACAGAAT-1,0.0,0,0,0.809541353905703,3,3,0.0,0,0
TTCAAGCCGAGCTGAG-1,0.2019428810713929,1,1,1.4624420134527358,3,9,0.0,0,0
AGGTACGATATTGCCA-1,0.0,0,0,1.5114992805517402,3,10,0.0,0,0
TTAAGCCGACAACTTC-1,0.0,0,0,1.5186188037995174,3,19,0.0,0,0
GTCTTAGTACAGCCGG-1,0.0,0,0,2.1726906511861097,4,24,0.0,0,0
TGGGTAAGGTTCCCGC-1,0.0,0,0,2.433787597196274,4,31,0.0,0,0
CTACGCCATTTCCGAT-1,0.41063699752448146,2,2,1.9416227208905785,3,22,0.41063699752448146,1,1
GACCGTCAGGTCGTGA-1,0.0,0,0,0.9311934736863037,3,8,0.0,0,0
TAGTTAAGATAGGATA-1,0.0,0,0,1.149169975370698,3,10,0.0,0,0
GAATATTCGGAGTCCC-1,0.0,0,0,1.0137806199747152,3,10,0.22799168878475165,1,1
CAAACTACGATAGAGA-1,0.09779880678786411,1,1,1.504134333682095,4,24,0.0,0,0
CAGGAAGACTTTATAT-1,0.0,0,0,1.9080250400089676,3,31,0.0,0,0
TTCGTAATCCCAGCGG-1,0.0,0,0,1.8897725934988412,3,15,0.0,0,0
GTGAGGAGCGGTTGAG-1,0.0,0,0,1.3175879729396875,3,11,0.0,0,0
CAATCCCTATACCAGC-1,0.0,0,0,2.4565917781998317,4,23,0.4213760540585907,1,1
AGGGAAACGAGGTACT-1,0.14280974291620538,1,1,2.6371846101313614,4,48,0.0,0,0
TCCTGCCAACTGGAGA-1,0.2575924329568801,2,2,3.93619803178699,4,206,0.0,0,0
AATTTGGGACATAGTA-1,0.4065528669195884,3,4,3.7786944228571446,4,224,0.0,0,0
AACTCCTAATCCCATG-1,0.2768852072243489,1,4,4.186480936372409,4,334,0.2419606513253599,1,1
GCTCATTACTGCATGT-1,0.5093511460303295,3,3,4.030135111526359,4,173,0.5042500121879666,1,2
TCTCGAACGAGGTCAC-1,0.5471758982933139,3,4,4.092568113783478,4,190,0.7823328332182228,2,3
TCACTACGACCAATGC-1,0.2732129567647753,2,2,4.030559005808239,4,233,0.2732129567647753,1,1
GTGATGCACAACATCT-1,0.530611836469607,4,6,3.3193651704904026,4,149,0.0,0,0
CCGACGTAAACACAAC-1,0.3646279960323464,3,3,3.590232945860559,4,172,0.24308533068823093,1,1
TGGGATGCACTCATTC-1,0.5682456344947541,4,6,3.4871267067781284,4,176,0.34958360585473347,1,2
TTCCATCATGCGGTGA-1,0.0,0,0,2.7163098836473143,4,65,0.3110799238739454,1,1
TGCACAGTGAAGTTAT-1,0.2699334720747673,2,3,3.0907175602356967,4,160,0.20663252585254652,1,1
CTATTGTGTTTGGTCA-1,0.13109761313118917,1,1,2.102921611340443,4,33,0.0,0,0
TGCGAGCCCTTCCGCG-1,0.0,0,0,2.0154906332235174,4,30,0.22440367723976326,1,1
TTGAAAGGTGTAAAGG-1,0.21654284143783695,2,2,1.4058578786159188,4,16,0.21654284143783695,1,1
GGTGCAGAGCCTATCG-1,0.0947409658796849,1,1,2.0642313866723403,4,41,0.1894819317593698,1,1
ACTATATGCTGTGTTC-1,0.0,0,0,1.6864723953957044,4,19,0.2642968973933155,1,1
TCCTGGCGCTGCCTGG-1,0.0,0,0,1.6740737337591254,4,22,0.23223872976658558,1,1
GAGCCGAGCGTTTATT-1,0.4216447058737969,2,5,2.0234384915518966,4,29,0.2363562942522761,1,1
AGAATGCGGGTTCGGA-1,0.09126960582332976,1,1,1.596980652613133,4,26,0.0,0,0
ATGCGACAATTGGTCC-1,0.45596014493289666,4,6,2.6872980654782554,4,84,0.0,0,0
TTCCGGCTCGACTTCT-1,0.0,0,0,1.9657020254056192,4,22,0.0,0,0
GGTTTGACAAGAAGCT-1,0.11038956021547212,1,1,1.2570935034824513,3,18,0.0,0,0
GCAGCTATGGACAGGT-1,0.0,0,0,1.122715669192045,2,19,0.0,0,0
CACCATGATCGCAAAG-1,0.08986748609411799,1,1,1.0660099051238194,4,13,0.0,0,0
GTCGGAAGGATACCAG-1,0.0,0,0,1.4527804572650662,4,22,0.0,0,0
GGCCCAGTTATCAGCA-1,0.0,0,0,1.6695042769930608,4,28,0.0,0,0
GGGCCTATTTAAGTAT-1,0.2501877889273659,2,2,1.7024006107828886,3,26,0.0,0,0
GTTGTTACATTGCGCT-1,0.14326642778129467,1,1,2.3357966274063426,4,33,0.0,0,0
CAACTCCGTAACTTGC-1,0.3122389477499565,2,2,2.2528822783187903,4,31,0.0,0,0
GATCTTTGCTCAAAGA-1,0.12160754539303353,1,1,2.193343469634608,4,35,0.0,0,0
TCGCTTAATTACGAAG-1,0.0,0,0,1.2013065465137234,2,11,0.0,0,0
CGATCATTAGAGGCAC-1,0.0,0,0,1.3602601723009686,4,9,0.0,0,0
TGTTCTCTACTCCCTA-1,0.2111142469499555,1,1,1.6464801727609382,3,10,0.0,0,0
GCTTAGGGAAGCGGTA-1,0.0,0,0,1.3221402930702801,3,7,0.0,0,0
CAGGTTTAGTACTACA-1,0.0,0,0,1.5366160531495265,2,15,0.4409461727188358,1,1
AAGCGGAGTGCGCGCA-1,0.0,0,0,2.0105787380027467,4,27,0.0,0,0
TCAGATGGAGACGTAG-1,0.0,0,0,1.462032356089506,2,20,0.0,0,0
TCGCACTAACGTTTGT-1,0.0,0,0,2.1912916170129595,4,11,0.0,0,0
CACGTCGGGTTCTAGA-1,0.0,0,0,2.0479264975164497,3,14,0.0,0,0
GGAGTACACATGAGCT-1,0.0,0,0,1.4526057311930076,3,6,0.0,0,0
GTGTGTCGACGTCGCT-1,0.0,0,0,1.9172020763315345,3,18,0.0,0,0
GAAGCTCTTTGCTTAG-1,0.0,0,0,1.5982262492877206,3,9,0.0,0,0
ACACCGAGCGCTCTTT-1,0.21280774170528818,1,1,2.0681309330989723,4,16,0.0,0,0
CGTAATAATTACGAGT-1,0.0,0,0,2.884444565450473,4,31,0.0,0,0
CATCAACACCTACTAA-1,0.0,0,0,1.9784774859517382,4,20,0.0,0,0
CCAAGTTTCTACAGAT-1,0.0,0,0,1.8226403259074493,3,13,0.0,0,0
ACGGGTCATGTGACTT-1,0.0,0,0,1.160091409052082,2,7,0.0,0,0
AGTGTGCTAAGATCGC-1,0.0,0,0,1.750029315007211,3,9,0.0,0,0
GGCGGTTTGCCGGTGC-1,0.0,0,0,0.637894339513764,1,4,0.0,0,0
GTATAATCTCCCGGAT-1,0.19274272307704007,1,1,0.7087290426544719,2,3,0.0,0,0
TAGTCCGTATGCATAA-1,0.0,0,0,0.761283027763308,2,4,0.0,0,0
CACTTCGTCTTATCTC-1,0.0,0,0,1.4034026261535246,2,10,0.0,0,0
CATCCGCAGGCCCGAA-1,0.0,0,0,1.0039603549339873,2,7,0.0,0,0
CCCTGATGTAACTCGT-1,0.0,0,0,1.4137592227324698,3,7,0.0,0,0
CCATAGTCAGTAACCC-1,0.0,0,0,1.1581514735762526,2,8,0.0,0,0
CGGGCCATAGCCGCAC-1,0.182902287799783,1,1,1.7179174738103125,3,18,0.0,0,0
CTCCGGCTTGTAGACA-1,0.0,0,0,1.574953210403293,4,14,0.2684258672196309,1,1
AACTTGCGTTCTCGCG-1,0.0,0,0,1.1090396999145709,2,11,0.0,0,0
AATGAGTTCGCATATG-1,0.0,0,0,1.1626069659375857,3,9,0.0,0,0
CGAGGCCAGGCATTGG-1,0.0,0,0,0.7887028854878331,3,5,0.0,0,0
TCTGCGTCCGGTTTCT-1,0.20369942388039794,1,1,0.7445507745581084,2,3,0.0,0,0
CAATCCTGCCGTGGAG-1,0.13999583340809,1,1,0.7424759098847813,3,4,0.0,0,0
CTGAGCAAGTAACAAG-1,0.0,0,0,0.8498685354928479,2,7,0.0,0,0
GGGTACCCACGGTCCT-1,0.0,0,0,2.434377084639771,4,29,0.0,0,0
ACGGAATTTAGCAAAT-1,0.0,0,0,2.340433927761281,4,34,0.0,0,0
GGGCGGTCCTATTGTC-1,0.0,0,0,0.3103626576666601,1,2,0.0,0,0
ATGTTACGAGCAATAC-1,0.0,0,0,1.7016268302143387,4,10,0.0,0,0
AACCATGGGATCGCTA-1,0.0,0,0,1.1296738902661763,2,10,0.0,0,0
TCGCATCCCTAAGTGT-1,0.22155670525498805,1,1,0.3323350578824821,1,1,0.0,0,0
ACTTAGTACGACAAGA-1,0.1468689250392073,1,1,2.1524361259107105,4,28,0.0,0,0
GAGCTCTCGGACCTAA-1,0.15694179544328826,1,1,1.741922996174443,4,17,0.3138835908865765,1,1
TCTATTACGCTGGCGA-1,0.0,0,0,2.8152182056983066,4,36,0.0,0,0
AGATACGACTTCATAT-1,0.0,0,0,1.6466510245803976,3,15,0.0,0,0
CGCTATACCGCCCACT-1,0.0,0,0,2.8476896087316526,4,47,0.0,0,0
CAGTGTCCGCAGAATG-1,0.16466137350728535,1,1,3.291474870954522,4,102,0.0,0,0
CCATCCATACCAAGTC-1,0.17380424113146684,1,1,2.5664138412122415,4,43,0.0,0,0
AACCCAGAGACGGAGA-1,0.0,0,0,0.6909810027225042,2,3,0.0,0,0
GAAGAACGGTGCAGGT-1,0.14519191375762472,1,1,0.8025821036813281,2,6,0.0,0,0
GATAAATCGGTGGATG-1,0.0,0,0,0.8655171370218702,2,7,0.0,0,0
CAGCTCGTGCTTGTGT-1,0.38321077389315167,2,2,1.5803369998937522,4,8,0.0,0,0
GAGTACGGGTATACAA-1,0.13879746578851512,1,1,1.3275499335465226,3,12,0.0,0,0
CATCGCCCGCGGCCAA-1,0.0,0,0,1.2098591124597993,3,9,0.0,0,0
TCTTACAGAGGTACCG-1,0.0,0,0,1.0108561266276201,3,5,0.0,0,0
TGGAAGACGAACACCA-1,0.0,0,0,1.0750234822833789,4,10,0.0,0,0
GTTGTCGTGTTAGTTG-1,0.0,0,0,1.5644921360110455,3,9,0.0,0,0
CCAAGGAACAGAGAGG-1,0.0,0,0,1.135927161783592,3,13,0.0,0,0
CTGCACCTGGAACCGC-1,0.2812191185992213,2,2,2.2170876804892603,4,32,0.2812191185992213,1,1
CGCTTTCATACCGGTG-1,0.0,0,0,2.2048912552756095,4,44,0.0,0,0
GTTCTTCCCTCGATGT-1,0.0,0,0,2.5295903502690953,4,25,0.0,0,0
ATTTAACTCGTATTAC-1,0.27435440185015986,2,2,0.7057073108657115,2,6,0.0,0,0
AACGATAGAAGGGCCG-1,0.46313789592199583,3,3,1.151189870991236,3,8,0.30875859728133054,1,1
TATCCTGCATGGGAAT-1,0.1214408568651646,1,1,0.7028283557951702,2,6,0.0,0,0
AGGCCCATTGTACAGG-1,0.0,0,0,0.2270151193211298,1,1,0.0,0,0
CCGGCGCATATTGGAT-1,0.0,0,0,1.3089607616278436,3,4,0.0,0,0
ATCTGTAATTGTACCC-1,0.0,0,0,0.6117747980147333,2,2,0.0,0,0
GAGCGAGGGAGTACCG-1,0.0,0,0,1.7547748026905263,4,8,0.0,0,0
TTATTAGGGAAGCATC-1,0.0,0,0,0.40445255103340866,1,2,0.0,0,0
CTTCTTACGTCGTATA-1,0.0,0,0,0.6997848175468491,2,4,0.0,0,0
GAAGTGCTGGATAGCT-1,0.0,0,0,0.9232568329862443,2,5,0.0,0,0
GTGCAACAAATGTGGC-1,0.0,0,0,0.5832124398879607,1,7,0.0,0,0
CATGCGTTAGACAGAA-1,0.0,0,0,0.5490840454854662,1,4,0.36598202204171554,1,1
ACACACTTTCTACACG-1,0.0,0,0,1.1076088228379015,2,9,0.0,0,0
AGCCCTAAGCGAAGTT-1,0.0,0,0,1.351794457994325,3,7,0.0,0,0
ATTAATTCGGTCACTC-1,0.0,0,0,1.1018262651365665,3,6,0.0,0,0
AACAGGAAATCGAATA-1,0.0,0,0,0.6690782597782401,3,5,0.0,0,0
ACGTTTAGTTGTGATC-1,0.0,0,0,0.37113694243869755,1,1,0.0,0,0
TCCTTCAGTGGTCGAA-1,0.0,0,0,0.9727775398082741,2,7,0.0,0,0
CGAACGCCCAGTGCCG-1,0.0,0,0,1.516679810036256,3,6,0.0,0,0
CCTCGAAGTGGACGGG-1,0.0,0,0,1.5460111684496463,4,8,0.0,0,0
CTCTGTTTGAGGATTC-1,0.0,0,0,1.3281942446999304,2,8,0.0,0,0
TGGGCACGTTCTATGG-1,0.0,0,0,0.9584954253035723,2,4,0.0,0,0
ACTATTCGTCCGTGGT-1,0.0,0,0,1.4956339642361007,3,7,0.0,0,0
CCTCTGGCCTAGACGG-1,0.0,0,0,0.9814518457055151,3,5,0.0,0,0
CCATAAACAACCCGAC-1,0.0,0,0,1.6513268322715693,3,27,0.0,0,0
CATAGTACATTGAGAG-1,0.0,0,0,1.0400218047746725,3,6,0.0,0,0
ATTTCATTATTTCGCG-1,0.0,0,0,1.3109036875697206,2,12,0.0,0,0
CAACTATATCGAATGC-1,0.0,0,0,1.7373133715975326,3,22,0.0,0,0
CTAGTATTCGGAATTA-1,0.0,0,0,1.2677367004825069,3,10,0.28877706542467324,1,1
GTGGAACCTACATGCG-1,0.0,0,0,0.6638828788406206,2,4,0.0,0,0
CCTAAAGGCTGACGCT-1,0.0,0,0,0.7476602461662252,3,4,0.0,0,0
CGTGACATTGGGTCGT-1,0.0,0,0,0.9748559483373922,3,8,0.0,0,0
CCAATCGGTAGATCGA-1,0.0,0,0,2.2194233604570788,4,39,0.0,0,0
ATTGTCGCAATACCTT-1,0.13231424465427957,1,1,2.2918457234476133,4,44,0.0,0,0
AAATTACACGACTCTG-1,0.0,0,0,1.462357393384823,3,18,0.0,0,0
CACTCCTCTCGGTCGG-1,0.12863954124447327,1,1,1.816944838691335,3,32,0.0,0,0
AAATAACCATACGGGA-1,0.0,0,0,2.386605772107025,4,34,0.0,0,0
AGTTACTCTATCGTGG-1,0.0,0,0,2.5649467849014855,4,89,0.2087305424916711,1,1
CGTTAGCTCACAACTG-1,0.22012899425659915,2,2,2.8921996249618127,4,132,0.4402579885131983,2,2
GAATGTATGGCAGGTC-1,0.0,0,0,2.3058825673962517,4,47,0.0,0,0
GCAACCACCAGACCGG-1,0.18337322675874343,2,2,3.4526740508835063,4,265,0.18337322675874343,1,1
TCACTCGTGCAACGGC-1,0.1054089387800785,1,1,2.690818868620331,4,81,0.421635755120314,2,2
AAACAGAGCGACTCCT-1,0.22867469320237374,2,2,3.31061091826902,4,164,0.0,0,0
CAGCCTCTCCTCAAGA-1,0.2806742414450671,2,3,3.8269303895406495,4,298,0.21573014756551342,1,1
TTGCGTGAACGCTTAG-1,0.23513971586411875,2,2,3.9151475132860094,4,276,0.0,0,0
CCGCCTGCGAATTGGT-1,0.181812103192291,1,2,4.280202493493361,4,382,0.0,0,0
AGATGAGGGTTGCGAT-1,0.0,0,0,3.679176303667572,4,176,0.0,0,0
CGGTGGGCTCCAGCCT-1,0.7415663410417584,4,8,3.773517098982274,4,191,0.49098437420712554,1,3
GGCAGCGGTAATCCTA-1,0.1219330334831376,1,1,2.75811878023425,4,69,0.0,0,0
GCTAGCAGGGAGTGGG-1,0.5699254758163046,3,3,2.761398989471329,4,42,0.37995031721086975,1,1
CTCAAGACATTAGCGC-1,0.27158957487029706,2,2,1.4839277648543296,3,20,0.0,0,0
CACGGCGCGCCAAAGG-1,0.19929400141446615,2,2,2.2570635165581256,4,60,0.19929400141446615,1,1
TGCAATTTGGGCACGG-1,0.2534589060939992,2,2,1.5407174846886853,4,16,0.0,0,0
ATGCCAATCGCTCTGC-1,0.25072023641933566,2,2,2.8872867208539374,4,69,0.0,0,0
GCTGGACCCAAAGTGG-1,0.5007430817376183,4,7,2.8431836253286216,4,123,0.4585718022430278,2,3
ATTCCTAAGACGTGGA-1,0.3354388829081336,4,4,2.7560527559174606,4,124,0.5296529749932758,2,4
TCCGGAGGAAGGGCTG-1,0.2136265427525077,2,2,1.7018398853835692,4,26,0.2136265427525077,1,1
TCGGTGACCGCTCCGG-1,0.4276893562205711,3,3,1.2307145223027134,3,11,0.0,0,0
CATGTAGGAGCGCCAA-1,0.0,0,0,0.4416461721273397,1,2,0.0,0,0
CACAAGAAAGATATTA-1,0.0,0,0,1.2155994162648773,3,23,0.16299010470864714,1,1
AGGGTCAGTAACCCTA-1,0.0,0,0,0.9531597937405359,3,7,0.0,0,0
TAAGCCCTTACGACCA-1,0.0,0,0,0.8669260463573472,4,8,0.0,0,0
ATACCGTCATCCATAA-1,0.09969612414775568,1,1,0.8943471152240413,2,13,0.5226819614934403,2,3
GGACGTCCATAGTTGG-1,0.0,0,0,0.99319324948635,2,16,0.0,0,0
CATCAAACTGGCGCCC-1,0.0,0,0,1.2960716733371596,4,16,0.0,0,0
AAACGTGTTCGCCCTA-1,0.12701318412898124,1,1,2.573026022836004,4,48,0.4959961941214314,1,3
AAATTGGTGAGAAGCA-1,0.13502784752032346,1,1,1.8158787820018158,4,23,0.5401113900812938,2,2
GGTCATTGTAGTCATA-1,0.1963761781697808,1,1,2.0321242575505076,4,15,0.3927523563395616,1,1
TGCAGTGAGGCTCGGG-1,0.18075767748268015,1,1,2.410817646640003,4,26,0.0,0,0
GAACATTAGTATGTTA-1,0.0,0,0,0.9583448043433691,2,7,0.0,0,0
GGTTTGCGAACACGTA-1,0.16748135866990324,1,1,2.3627296820410226,4,32,0.0,0,0
ACACAAATATTCCTAG-1,0.0,0,0,2.109841207153531,4,21,0.0,0,0
TTGGGTTTATTCAGCG-1,0.0,0,0,1.3205121133786466,3,4,0.5221290713812674,1,1
ATTCGCAGAGGACACT-1,0.0,0,0,1.402379312429078,3,9,0.0,0,0
GATTTAGTGCGTACTG-1,0.0,0,0,2.328118546019555,4,16,0.4612997167979786,1,1
TAGAAACACAATAGTG-1,0.0,0,0,1.4320250347300538,2,17,0.36948045669642554,1,1
CAGTAGATGATGTCCG-1,0.0,0,0,0.972264583397629,2,4,0.0,0,0
TCTTAACTCGGATGTA-1,0.21114476582872002,1,1,1.646648920914687,3,10,0.0,0,0
TACATCTTGTTTCTTG-1,0.0,0,0,1.3478877009761243,3,6,0.4676749297930334,1,1
TTCATAGGGTGTCCAT-1,0.0,0,0,1.9567946863666394,3,13,0.0,0,0
TGAAGTAGCTTACGGA-1,0.31189340712766944,2,2,1.2473494330386423,3,9,0.0,0,0
GCACAAGTGGATCATA-1,0.0,0,0,2.331557295444889,4,28,0.3023634963036446,1,1
GGGCGAATTTCTCCAC-1,0.0,0,0,1.9055530991444924,4,22,0.0,0,0
ATGTTCCTGCCCACCT-1,0.19700099261919723,1,1,3.095986673828494,4,63,0.0,0,0
GCTCAACCTCTTAGAG-1,0.0,0,0,1.0695984072849274,2,7,0.0,0,0
ATAGCTGCTCTTGTTA-1,0.0,0,0,1.0659860817013795,2,6,0.0,0,0
CGTCAGCTATTTACTC-1,0.0,0,0,0.6985199148139866,2,2,0.0,0,0
ATCTGATAGTGTCTTA-1,0.0,0,0,1.4215991115257107,3,7,0.0,0,0
TGCACTATGTGAGTGC-1,0.0,0,0,1.9228093134888289,4,10,0.0,0,0
CCGACAAACACATGAG-1,0.1495420991798049,1,1,1.0964580360293694,2,11,0.0,0,0
GCCTTGTATATGCAGT-1,0.0,0,0,0.9675161301696447,2,5,0.0,0,0
ATAATACCGTTAGCCG-1,0.17136360040192178,1,1,0.9975893738940291,2,8,0.0,0,0
ACACTCCAATGTCACT-1,0.20828925388396258,1,1,1.8511023521496677,4,11,0.0,0,0
AGTTGCTGACTGATAT-1,0.0,0,0,1.5890432456372638,3,13,0.0,0,0
GGCGCTCCTCATCAAT-1,0.0,0,0,1.9010658040191353,4,15,0.0,0,0
TGCCTGACATCGGTCA-1,0.18830435871928528,1,1,1.2116360132450366,2,10,0.0,0,0
TTGGCCATCTTGCGCT-1,0.0,0,0,1.5893728381650718,3,11,0.0,0,0
CAGTGGTTGCACATGA-1,0.0,0,0,0.3534107217370492,1,2,0.3127430202548834,1,1
AGAATTGTTTGACATA-1,0.0,0,0,1.4530743094442489,3,11,0.0,0,0
AAATGCTCGTTACGTT-1,0.3019823291206999,2,2,1.4048849605137568,3,14,0.0,0,0
CACCTAATAGAGTCGT-1,0.1989023204083753,1,1,0.8787858687818537,2,5,0.0,0,0
CATTTCTAGCAGACTA-1,0.0,0,0,1.9348825363911504,4,15,0.0,0,0
CCGAAAGTGGTGAGCA-1,0.0,0,0,1.3763550779209421,2,20,0.0,0,0
AGTCAGCCACCGCCTG-1,0.0,0,0,1.3202629588077577,3,10,0.0,0,0
TCATCACTCGAGCTCG-1,0.2133999422598286,1,1,1.6590988637453925,3,10,0.0,0,0
CTCAGGACTCACCTGT-1,0.0,0,0,0.619329181156913,2,2,0.0,0,0
CGGTGTACTTGATCCC-1,0.0,0,0,2.32286045847123,4,26,0.0,0,0
CCTACGGCTCAGTCGA-1,0.0,0,0,2.1078849258068306,4,26,0.0,0,0
GTACTTGGGCACTTCT-1,0.0,0,0,2.635261986813074,4,37,0.0,0,0
TGATTTCCTCCTGACG-1,0.1961171387269811,1,1,2.1449355551638987,3,26,0.3922342774539622,1,1
CCTCACCAATCTTGAC-1,0.0,0,0,2.9681994756696044,4,38,0.0,0,0
GGTGAGATGCAGATAA-1,0.0,0,0,2.7917884209581225,4,53,0.0,0,0
GCTAGTTTCATTGAGG-1,0.0,0,0,1.5814723127346313,3,10,0.0,0,0
AGGACATCGCACGTCG-1,0.0,0,0,0.7120120954830783,2,3,0.0,0,0
GTGGACGTGCTGAGAC-1,0.0,0,0,0.3567504197618875,2,2,0.0,0,0
TAAGGAACTTGTGGGA-1,0.12621605467553207,1,1,0.8061956298910212,3,6,0.0,0,0
TCGCTGTGCGTAAATC-1,0.11037439688725037,1,1,0.9411091255800056,2,12,0.0,0,0
GCATCCCTAACTTTGA-1,0.0,0,0,0.9144648101934577,4,6,0.0,0,0
CACCCACACGTCACCC-1,0.0,0,0,0.78234952424919,2,5,0.3103330410397776,1,1
CCCTCATTCTGGAATT-1,0.0,0,0,0.9197944667680138,2,4,0.0,0,0
AGGGCGTGATCGGCTA-1,0.0,0,0,0.601468649921892,3,5,0.0,0,0
GGTGCGGATAAGTGGC-1,0.0,0,0,0.5532079970564124,2,4,0.24897404127109757,1,1
TAATATTGAAATTCGC-1,0.0,0,0,0.92289686794188,3,9,0.0,0,0
CTTACACTGGGAAATA-1,0.19118881996556278,1,2,1.062298531745018,3,10,0.0,0,0
ACCAAGAACGCGTGTC-1,0.0,0,0,2.1097553085778498,4,24,0.0,0,0
GCCTTCAGCCCTACCG-1,0.0,0,0,0.9749776911058758,2,4,0.0,0,0
GATGCTACAAGCGCCT-1,0.0,0,0,0.4169774202223585,1,2,0.0,0,0
CCGGGACCCGCAGAGA-1,0.0,0,0,1.5439110724326657,3,13,0.0,0,0
GTTCCAGTCTGACCAT-1,0.0,0,0,1.3100730792797686,4,7,0.0,0,0
ATGATCGGGAATAGAC-1,0.0,0,0,0.0,0,0,0.0,0,0
TTGGATTGGGTACCAC-1,0.0,0,0,0.5323651962806715,2,2,0.0,0,0
TACCTCACGCTTGTAC-1,0.0,0,0,0.7025883299042319,2,3,0.3817432386907899,1,1
CATGGCAGGAAGATCG-1,0.0,0,0,0.6909428056088678,2,2,0.0,0,0
ATGACGCCGGCTCTAA-1,0.0,0,0,1.4201810328916329,4,8,0.0,0,0
AGCGACATCCCATTCA-1,0.0,0,0,0.0,0,0,0.0,0,0
AGTAATGTCTTGCCGC-1,0.0,0,0,0.6555496731977105,1,3,0.0,0,0
TTCTTAGTGGCTCAGA-1,0.0,0,0,0.0,0,0,0.0,0,0
CGTCTGGAAGGGCCCG-1,0.0,0,0,0.0,0,0,0.0,0,0
ACGTGCGCCTCGTGCA-1,0.0,0,0,0.0,0,0,0.0,0,0
AGAGCGGGCTAATCAT-1,0.0,0,0,1.4802201503477868,3,5,0.0,0,0
GCGTCGAAATGTCGGT-1,0.0,0,0,1.5157142159774772,2,3,0.0,0,0
AACTGATATTAGGCCT-1,0.0,0,0,1.0122635468192511,2,3,0.0,0,0
CGAGCTGGGCTTTAGG-1,0.0,0,0,1.2454671089458942,2,5,0.0,0,0
GGGTGTTTCAGCTATG-1,0.0,0,0,1.6645050080823576,3,6,0.0,0,0
TTAATTTCAGACGCGG-1,0.0,0,0,1.3803729253137622,3,6,0.0,0,0
ACTGCCGTCGTAACTC-1,0.0,0,0,1.6686509255568018,3,7,0.0,0,0
GTGCACGAAAGTGACT-1,0.0,0,0,2.2535504036135023,4,21,0.0,0,0
ATCTCCCTGCAATCTA-1,0.0,0,0,1.0285637058412611,2,4,0.0,0,0
ACGCCAGATGATTTCT-1,0.0,0,0,1.6654913578423993,3,8,0.0,0,0
AGCTATTTAATCCAAC-1,0.19194995533648918,1,1,0.9216186616688957,2,5,0.0,0,0
CCACGAGAAGAGAATC-1,0.0,0,0,0.822785853277264,3,7,0.22176946005609952,1,1
GATTCCGCGTTTCCGT-1,0.0,0,0,1.2428938536423502,3,12,0.0,0,0
GTCGGATGTAGCGCGC-1,0.0,0,0,1.276151965151346,3,9,0.0,0,0
TATTTATACCGAGTAG-1,0.0,0,0,2.200567366540662,4,25,0.0,0,0
GTAGGTGATCCGTGTA-1,0.0,0,0,1.6970021488975413,3,15,0.0,0,0
AGTTAAGCGGTCCCGG-1,0.0,0,0,1.4724827725581298,4,10,0.0,0,0
CTGGCGACATAAGTCC-1,0.0,0,0,1.8809206655126014,3,30,0.0,0,0
TTGGCCTAGAATTTCG-1,0.0,0,0,1.0251919677395178,2,7,0.0,0,0
GGCATATCGGTTCTGC-1,0.0,0,0,1.571797581120169,4,19,0.0,0,0
GGGCGTCCACTGGCTC-1,0.0,0,0,2.2351318389239565,4,60,0.23797531455380883,1,1
TTACCCATTGCCGGGT-1,0.0,0,0,0.8589082522166734,3,5,0.0,0,0
TTAGACACGATCGTTG-1,0.0,0,0,0.9823909953369212,3,10,0.0,0,0
GCGCTGATCCAGACTC-1,0.0,0,0,1.075310138820135,3,5,0.0,0,0
TTCGGCAACCCGCTGA-1,0.1452592911564999,1,1,0.9406864761618482,2,8,0.0,0,0
GATATTTCCTACATGG-1,0.0,0,0,0.8503420599818704,2,7,0.0,0,0
CTGCGTTACGATATAA-1,0.0,0,0,1.9925320857151338,4,34,0.0,0,0
TAATAAACAAGGAGAT-1,0.0,0,0,2.52511707041067,4,124,0.0,0,0
AACCTTTACGACGTCT-1,0.1179601498866157,1,1,2.039594660834115,4,33,0.0,0,0
AGTCCCGCCTTTAATT-1,0.11574998667721731,1,1,2.121360369686091,4,40,0.0,0,0
TGAGATTAGGCCCTAA-1,0.13434334060038633,2,2,3.1108081610549108,4,253,0.0,0,0
AGTGTATTGCGCATTG-1,0.11473024741448846,1,1,2.806362540062808,4,114,0.0,0,0
GTTGGATTCAGTGGCT-1,0.12483864676811997,1,1,3.578500174637587,4,183,0.24967729353623994,1,1
TAAAGCTGCAATAGGG-1,0.0,0,0,3.185143478259302,4,200,0.0,0,0
AGTAGGAAGGAAGTTG-1,0.3487555840940919,2,4,3.774143749140046,4,244,0.0,0,0
TATCACTTCGAGTAAC-1,0.09612224290262437,1,1,3.256037602214622,4,190,0.0,0,0
TGATCTACGCTGATCT-1,0.3921911729654319,2,3,3.41877792880625,4,117,0.0,0,0
GGATCATCCCGTACGC-1,0.0,0,0,2.9614531936851316,4,176,0.5685312606262878,3,4
TGACACTTCTCTTTGC-1,0.24280775945366237,2,2,2.789913267586186,4,83,0.0,0,0
AGCCCTTCTAATCCGA-1,0.11130733138198923,1,1,1.3944666049285646,3,20,0.0,0,0
CACCGCGTCCACTCTA-1,0.5551100659651816,3,5,3.0755787283997673,4,93,0.5432726860530231,2,2
TAATTGGAATCGGGAA-1,0.28017547773280477,3,5,3.3322772912218106,4,317,0.5603509554656095,3,5
TCGTAAGCTCCGAGGA-1,0.45793158125830996,3,6,3.069641627380064,4,140,0.38859120738878633,2,2
TATATTACAAATGTCG-1,0.2831134142394478,2,3,3.106854864854532,4,123,0.435606644702615,2,2
CGCGAGAGGGACTTGT-1,0.4340778777470429,3,6,2.8128199788597494,4,106,0.0,0,0
GGACCTACGGTAACGT-1,0.0,0,0,1.4786394032686516,4,20,0.20110284898379574,1,1
GAAATATGCTTGAATG-1,0.3192544249781869,3,3,1.7322094421448953,4,31,0.341692336098626,1,2
CCGTATTAGCGCAGTT-1,0.0,0,0,0.7639625133633298,2,4,0.0,0,0
AGGCGTCTATGGACGG-1,0.10238603873329406,1,1,1.4482738818753556,4,20,0.40954415493317625,2,2
AACATCGATACGTCTA-1,0.30013194480366584,2,3,2.1493421530389742,4,45,0.0,0,0
TGAATATGCTATAAAC-1,0.08841745851205085,1,1,1.0494223296749956,3,15,0.0,0,0
ACCAAACACCCAGCGA-1,0.12233541851432127,1,1,2.036913411060667,4,33,0.0,0,0
TGGCTTGTACAAGCTT-1,0.0,0,0,1.4583376417357399,3,13,0.0,0,0
GAATGAAGGTCTTCAG-1,0.0,0,0,1.883181893719747,4,20,0.0,0,0
AGATACCAGCACTTCA-1,0.0,0,0,0.9580070099565173,3,8,0.0,0,0
GCGGTCCCGGTGAAGG-1,0.0,0,0,1.60113328222498,4,14,0.0,0,0
GAGGCATTTGCAGCAG-1,0.4473737778977281,2,3,1.1915590495619421,2,10,0.0,0,0
GGCAAGCCAGGGATAG-1,0.0,0,0,1.6933487888356282,2,28,0.0,0,0
TCTACGGGCTCAGTTG-1,0.40932344340288557,2,2,1.7557445953739765,3,16,0.40932344340288557,1,1
TCTGCGAATCGTTCGC-1,0.0,0,0,1.1729827542029814,2,8,0.0,0,0
AGCTCGTTGATGGAAA-1,0.17768361425912793,1,1,1.8238016431373096,4,16,0.35536722851825586,1,1
TGAATGAGATACAGCA-1,0.0,0,0,2.041905890064209,4,16,0.0,0,0
ACCCTTGCCTGGGTCG-1,0.0,0,0,2.1211977825418638,3,20,0.0,0,0
GGCGAACCGTTCTGAT-1,0.0,0,0,1.1467095754443735,3,6,0.0,0,0
GCGATGTCTGTGCTTG-1,0.0,0,0,1.570912007224221,4,5,0.0,0,0
ATTAACACCTGAGATA-1,0.0,0,0,1.8872441288135167,4,13,0.0,0,0
GAAATCTGACCAAGTT-1,0.0,0,0,2.2396485177656302,4,20,0.0,0,0
CCTGACAAACTCGCGC-1,0.0,0,0,2.72880013275983,4,35,0.341196484529507,1,1
ATGTCATTTCCCATTG-1,0.6016484601135436,3,4,0.6431560904434808,2,3,0.0,0,0
GCGGTGCGGAGCATCG-1,0.16300423758508856,1,1,2.52189527537892,4,30,0.0,0,0
CGGAAAGCAAATGTGC-1,0.0,0,0,1.4277010569089297,3,17,0.0,0,0
GCTGAGCAACGGTTCT-1,0.0,0,0,2.405559037955371,4,22,0.0,0,0
TCACTCTTCGTCTGTC-1,0.24375045137789664,1,1,1.590506029389012,3,8,0.0,0,0
GATCTTCATTGTCCTC-1,0.0,0,0,1.6170381206255249,3,5,0.0,0,0
ACTCGATGTATTTCAT-1,0.23318414086618125,1,1,1.8300729834367926,3,13,0.0,0,0
TGAAGAGCGGTCCTAG-1,0.0,0,0,1.413719250797218,3,4,0.0,0,0
TAAACGTCGTCAATGA-1,0.42630028029682904,2,2,1.550544418491979,4,6,0.0,0,0
ACGTTATTGGTCACTC-1,0.0,0,0,0.5297654472814445,1,2,0.0,0,0
ATAGCCTCAGTACCCA-1,0.0,0,0,0.8588809467537742,2,3,0.0,0,0
CGGGAGTATACCGCCG-1,0.3483238901216428,2,2,0.8552787321645803,2,5,0.0,0,0
GTCCTACAGGCGGCTC-1,0.26560455106790964,1,1,1.2485570506568502,2,6,0.0,0,0
CGGATAAGCGGACATG-1,0.0,0,0,1.4776882308140638,3,13,0.0,0,0
AACTTCTGCGTCTATC-1,0.0,0,0,2.0410975890894343,4,13,0.0,0,0
GGGTTCAGACGAACAA-1,0.0,0,0,1.46289668512958,3,14,0.0,0,0
AGTCTGGACATCCTTG-1,0.0,0,0,1.5807069353407333,3,16,0.0,0,0
TTGAACGAATCCTTTG-1,0.0,0,0,1.1010723870898542,2,8,0.0,0,0
GAAATACTAAACGTTT-1,0.15050967076793012,1,1,1.9512110962470828,4,28,0.30101934153586024,1,1
CCCGCGCAATGCACCC-1,0.13777708368098793,1,1,1.0026544223260738,2,10,0.0,0,0
TTCGGCTAGAGATGGT-1,0.2302398460230465,1,1,1.308764493891265,2,9,0.0,0,0
GACACGAGTTAGAGGA-1,0.25113600522788465,2,2,1.193844990729974,2,18,0.0,0,0
GAGGTCCCAAAGATCT-1,0.0,0,0,1.7969616146476384,3,20,0.0,0,0
TAACTCCATGGAGGCT-1,0.21667654477958612,1,2,1.5016595919527238,3,15,0.0,0,0
CTTGTTTATGTAGCCA-1,0.0,0,0,2.0346490808457096,4,16,0.0,0,0
GATGGCGCACACATTA-1,0.13352102481717196,1,1,2.6151381228392174,4,51,0.2670420496343439,1,1
ATAATAGTGTAGGGAC-1,0.2986831856431195,2,2,1.542616437823314,3,19,0.0,0,0
CGCTATTCAATGTATG-1,0.17063633382532883,1,1,2.065954451313806,4,17,0.0,0,0
ATATTGCTGTCAAAGT-1,0.0,0,0,1.9499027928262502,3,32,0.34681732802657095,1,1
GGATTCAGTACGGTGG-1,0.34693575113415404,2,2,2.0852897936165107,4,22,0.0,0,0
TTCTTAGTGAACGGTG-1,0.0,0,0,2.356793527486686,4,28,0.0,0,0
AATGGTTCTCACAAGC-1,0.0,0,0,1.6482915356218106,3,8,0.0,0,0
TATACACGCAAAGTAT-1,0.0,0,0,0.6099183786189525,2,2,0.0,0,0
CTTCATAGCTCAAGAA-1,0.3428426063886878,2,2,1.3705587901207517,3,9,0.0,0,0
CAACGGTTCTTGATAC-1,0.0,0,0,1.9221121917829416,4,13,0.0,0,0
ACACCCGAGAAATCCG-1,0.2773503094176414,2,2,2.0664636531398055,4,24,0.2773503094176414,1,1
TCTATCATGCAGTTAC-1,0.0,0,0,0.2045021690455202,1,1,0.0,0,0
CCCGCCATGCTCCCGT-1,0.0,0,0,0.856074531335378,3,4,0.0,0,0
CGCTTCCACTGAAATC-1,0.0,0,0,0.7333298167265567,3,5,0.0,0,0
CACTGTCCAAGTGAGA-1,0.169727202685208,1,1,0.254590804027812,1,1,0.0,0,0
ATTACTAGCCTCTTGC-1,0.0,0,0,1.0143452931933734,3,6,0.0,0,0
CATAGTAGCATAGTAG-1,0.0,0,0,1.3653046987403135,3,10,0.0,0,0
CAACTCCTTGATCCCG-1,0.0,0,0,0.7795750713942768,2,5,0.0,0,0
AAGTAGAAGACCGGGT-1,0.0,0,0,0.3876352844477514,1,2,0.0,0,0
GCGGGAACCAGGCCCT-1,0.0,0,0,1.422963959896391,4,6,0.0,0,0
ATTAGATTGATAGCGG-1,0.18925510413351773,1,1,2.083982923889822,4,16,0.0,0,0
CTCGGTCCGTAGCCTG-1,0.35346423668326543,2,2,2.913423474127036,4,49,0.0,0,0
TGGCTTTGGGTAGACA-1,0.0,0,0,0.8241695425208393,2,3,0.0,0,0
TATCCATATCATGCGA-1,0.0,0,0,0.0,0,0,0.0,0,0
GGAGTGCCGCCCTGGA-1,0.0,0,0,0.7699387515716954,3,5,0.0,0,0
TGAGAATGCTTTACCG-1,0.0,0,0,0.6053320740932805,2,2,0.0,0,0
TTAACCAACCCTCCCT-1,0.11832686526689999,1,1,0.35498059580069996,2,2,0.0,0,0
TGTTTCGGTACTTCTC-1,0.19031326237363808,1,1,0.7007545086109018,2,3,0.0,0,0
TTGCTGAAGGAACCAC-1,0.16087777480119894,1,1,0.8444204337082385,3,4,0.0,0,0
TATTTAGTCTAGATCG-1,0.0,0,0,1.2046841785013456,3,6,0.0,0,0
CTCCGGCCTAATATGC-1,0.0,0,0,0.5667634163498114,2,2,0.0,0,0
TTGTGGCCCTGACAGT-1,0.0,0,0,0.8725972166951693,2,4,0.4043281039878642,1,1
TCGCCGGTCGATCCGT-1,0.0,0,0,1.1724687189441672,2,11,0.0,0,0
CCATAGGTTGGCGTGG-1,0.0,0,0,1.0030379450376887,2,3,0.0,0,0
GAACGACCGAATGATA-1,0.0,0,0,0.7302336545941226,2,4,0.0,0,0
TCCGATAATTGCCATA-1,0.0,0,0,0.0,0,0,0.0,0,0
CATTACGTCGGCCCGT-1,0.0,0,0,1.0611546455291168,3,5,0.0,0,0
CAAGCACCAAATGCCT-1,0.0,0,0,0.5131738278341281,1,1,0.0,0,0
TGCATGGATCGGATCT-1,0.0,0,0,0.7851121512796888,2,4,0.0,0,0
GAAATCGCGCGCAACT-1,0.0,0,0,1.918993326170602,4,11,0.0,0,0
CTGAAAGAGATCCGAC-1,0.22960948806970718,1,1,1.5560440361971972,3,8,0.0,0,0
CACCTCGATGGTGGAC-1,0.0,0,0,1.7761130089395625,3,11,0.0,0,0
ATTTGTTCCAGGGCTC-1,0.0,0,0,1.9677384868204542,3,12,0.0,0,0
TGGGCCACAAGAGCGC-1,0.0,0,0,1.3801516950740478,3,8,0.0,0,0
CCTTCTTGATCCAGTG-1,0.0,0,0,1.3520894094003464,2,9,0.47164635110466885,1,1
CCTCGCCAGCAAATTA-1,0.0,0,0,1.7202189054582062,4,12,0.0,0,0
TTCATGGCGCAACAGG-1,0.0,0,0,1.4548552160106814,3,10,0.0,0,0
TTAATCAGTACGTCAG-1,0.0,0,0,1.6218409328030399,3,16,0.0,0,0
CCTATCTATATCGGAA-1,0.0,0,0,1.3932708655962949,3,8,0.0,0,0
ATTATACTTTGCTCGT-1,0.0,0,0,1.3463309019757053,2,7,0.0,0,0
ATGGATCCGGCGTCCG-1,0.0,0,0,2.054669693044431,4,14,0.0,0,0
CGCCCGCTTCCGTACA-1,0.0,0,0,1.479544539847645,2,14,0.0,0,0
GGATTCCGCTATACCC-1,0.0,0,0,1.9546830433339673,4,15,0.0,0,0
CGGTCTATCAACCCGT-1,0.1626599391543578,1,1,1.2993802370512473,4,7,0.0,0,0
ATGCCGGTTGATGGGA-1,0.0,0,0,1.5354928051276584,3,9,0.0,0,0
TCATGCAGGTTCTCAT-1,0.0,0,0,0.5294571872078725,2,2,0.0,0,0
TGAGCTTTAATGACGC-1,0.0,0,0,1.7128922782543614,3,6,0.0,0,0
TCCCTTAGATTACTCG-1,0.18281365902480026,1,1,1.0007240335229175,2,7,0.0,0,0
ATATCTCCCTCGTTAA-1,0.0,0,0,1.8574154465786874,4,24,0.0,0,0
AGCTCTTCCCAGTGCA-1,0.0,0,0,0.64493467970392,3,3,0.0,0,0
TCGCTAAACCGCTATC-1,0.1472564600398705,1,1,2.455276999713929,4,38,0.0,0,0
CACATTCTTTCGATGG-1,0.0,0,0,1.1573068698910505,2,16,0.0,0,0
GATATGCGGTAGCCAA-1,0.0,0,0,1.8322264945718985,4,30,0.0,0,0
CGTTTCACTTCGGGCG-1,0.10673541734776996,1,1,3.067029177718556,4,171,0.0,0,0
CCAATTACGGGTCGAG-1,0.0,0,0,2.400342846139846,4,62,0.0,0,0
GCAGGTAGAGTATGGT-1,0.13919039879469222,1,1,2.74877609004252,4,68,0.0,0,0
GTCGTATTGGCGTACA-1,0.0,0,0,1.9356677054747773,4,13,0.41190233674135146,1,1
GAAATTAGCACGGATA-1,0.0,0,0,1.7823878219424159,3,43,0.24897404127109757,1,1
AATGCACCAAGCAATG-1,0.0,0,0,2.6062531445756805,4,62,0.0,0,0
AGGACGCTCGATGTTG-1,0.46481481461563234,4,6,2.4392786391575267,4,79,0.4800742836140793,2,3
GGCTAAAGGGCGGGTC-1,0.0,0,0,2.379586724052036,4,43,0.27788908101996657,1,1
CATCTATCCCGTGTCT-1,0.1315442504984691,1,1,2.865759989728729,4,77,0.0,0,0
CAGTAACTATTTATTG-1,0.0,0,0,1.296588261680189,3,11,0.3072619162904136,1,1
CATATACTACTGATAA-1,0.317261861747069,2,2,2.513790342974953,4,36,0.0,0,0
GCGTTCGGAGACCGGG-1,0.1253502369217973,1,1,1.2616482689206043,3,15,0.0,0,0
AAGTTCAGTCTGCGTA-1,0.0,0,0,1.4183632723557402,4,15,0.0,0,0
CGAAGCTATAAATTCA-1,0.0,0,0,1.20308912783658,3,17,0.0,0,0
CGCGGTCACAAACCAA-1,0.0787701481339453,1,1,2.6663901184689522,4,131,0.0,0,0
GGGAATGAGCCCTCAC-1,0.0,0,0,1.261271105969783,3,14,0.0,0,0
ACGGAGCGCAAATTAC-1,0.19352984925926234,2,2,1.6521046000098916,4,26,0.19352984925926234,1,1
CGTTCTTCGCACACCT-1,0.0,0,0,0.9280702055841727,2,9,0.0,0,0
GAATAGCCCTGCGGTC-1,0.0,0,0,0.9932309236776171,2,13,0.0,0,0
AATAGCTACCGCGTGC-1,0.0,0,0,1.7156338950807173,4,18,0.0,0,0
CCGAGCTGTGCTTGTC-1,0.0,0,0,1.042347992033212,3,6,0.0,0,0
GATGACGATGATCGCG-1,0.11611094269460369,1,1,1.7542459213308133,4,28,0.0,0,0
GCCTATGCTGGGCCTT-1,0.1325359879718035,1,1,1.984005988384486,4,33,0.0,0,0
TTACTGTCTAGAGCTC-1,0.1376326069658478,1,1,1.6509198712717903,4,19,0.0,0,0
AGCGGTTGCCGCTCTG-1,0.12911077151205222,1,1,1.8253679726604735,4,22,0.0,0,0
GCTTGCAGCACAATTG-1,0.0,0,0,1.359990610184488,3,7,0.0,0,0
CCGGAGGTCTTATGGT-1,0.1570213548886431,1,1,1.6090994691340574,3,16,0.0,0,0
ACAGTATACCGTGGGA-1,0.0,0,0,1.3209500835907462,2,13,0.0,0,0
GGGATCCCAATACAAA-1,0.0,0,0,1.521900345305085,3,12,0.0,0,0
ATTACGACTCCACAGT-1,0.23295456393848513,1,1,1.3955786149239164,3,7,0.0,0,0
CTCACACGCAAGCCTA-1,0.0,0,0,1.20839671443726,3,7,0.3594544643469477,1,1
CCAGATGTAAATGGGT-1,0.0,0,0,2.3443948902616296,4,21,0.0,0,0
GAACTTGTGCACGGGA-1,0.0,0,0,1.7953293222947138,4,7,0.0,0,0
AAGCCGCTTTACCTTG-1,0.2690425440305241,1,1,1.663927359441034,3,7,0.0,0,0
TCCATTCCCACTAGAG-1,0.0,0,0,1.2320609876924842,3,4,0.0,0,0
AGAGCGCTTGTAACGG-1,0.0,0,0,1.1089608628978322,2,7,0.0,0,0
TGGGTTCCCGGACGGA-1,0.0,0,0,1.5211150110897975,3,15,0.4932714539123026,1,2
GCTGCGCCTCCCACGT-1,0.0,0,0,2.9039523158544966,4,44,0.0,0,0
CTGTTGGCTCTTCTGA-1,0.0,0,0,1.907171535005071,3,16,0.0,0,0
TTGTTCTAGATACGCT-1,0.0,0,0,1.1656885882072194,2,7,0.0,0,0
CCCTCAAGCTCTTAGT-1,0.0,0,0,2.1674304780363407,3,32,0.42302354397935904,1,1
TGGTCTAGCTTACATG-1,0.0,0,0,1.330880673272666,2,6,0.0,0,0
ATGCACCTTCCTTAAT-1,0.0,0,0,1.5970985439523413,2,13,0.0,0,0
GGGATACGGTAATAAT-1,0.0,0,0,0.6859987856681784,1,6,0.0,0,0
AGTTCACCGGTTGGAC-1,0.22587360629638423,1,1,1.3826968991040893,3,6,0.0,0,0
GACATACTGTCGCAGA-1,0.0,0,0,1.2917579234102452,3,7,0.0,0,0
TGGACACCGTTGCTTG-1,0.0,0,0,0.9560444324477021,2,5,0.0,0,0
TGCGATGCTAATGGCT-1,0.0,0,0,0.8880851955695117,3,4,0.0,0,0
TTCTGTTTCCTGTCGC-1,0.0,0,0,0.8185819317628036,2,3,0.0,0,0
CGTTGTAAACGTCAGG-1,0.0,0,0,0.8308284706180665,2,4,0.0,0,0
GATCGGCGATAAGTCG-1,0.0,0,0,0.49499153419467695,2,2,0.0,0,0
AGCCTTAAAGCGGAAG-1,0.16136577524763088,1,1,1.239641449688988,3,9,0.0,0,0
TCCGTAACCACAATCC-1,0.0,0,0,0.9438023400713806,2,5,0.0,0,0
GAATGCCGAAATGACC-1,0.0,0,0,1.793263385222428,3,20,0.3790848014039088,1,1
TATACTCATGCGGCAA-1,0.0,0,0,0.796479959228346,2,3,0.0,0,0
TAGTGTCAGAAACGGC-1,0.0,0,0,1.2959952995263562,3,6,0.41752814192023013,1,1
CGTCATACCATATCCA-1,0.0,0,0,1.8963802327599841,3,17,0.0,0,0
TAGTACCTTAGTGGTC-1,0.0,0,0,0.44993007348533703,1,1,0.0,0,0
CTGGCGGGAATAAGTA-1,0.14331881771198224,1,1,1.5936674425714539,3,23,0.2866376354239645,1,1
AGTGTGGTCTATTGTG-1,0.0,0,0,2.6641318844387185,4,32,0.0,0,0
GCTATCGCGGCGCAAC-1,0.0,0,0,2.207497053514233,4,36,0.2555184244371224,1,1
CAGTAATCCCTCCCAG-1,0.1773513918336581,1,1,2.6723856776685047,4,43,0.0,0,0
GTATTAAGGCGTCTAA-1,0.13828528569383622,1,1,1.7352722228846336,3,24,0.0,0,0
CTAATTTCAACAACAC-1,0.0,0,0,1.8260666679371491,4,24,0.0,0,0
TTAGCAACATGGATGT-1,0.14428212786946445,1,1,2.4213737652380423,4,52,0.0,0,0
ATGCTCAGTGTTGCAT-1,0.0,0,0,2.724833881412091,4,52,0.0,0,0
GATGTTTGTGCGAGAT-1,0.2702637841332834,2,2,1.8783526701418838,4,26,0.0,0,0
CACTTCGCCACAGGCT-1,0.15976237873063337,1,1,2.2005747685815473,4,27,0.0,0,0
CTGTATGGTGTAGAAA-1,0.0,0,0,2.296652401816523,4,38,0.0,0,0
TACGTGCACTATGCTG-1,0.0,0,0,0.3241435665530252,1,2,0.0,0,0
GTATCAGCTTGGGTTC-1,0.18039125033236644,1,1,1.2119286385650079,3,7,0.0,0,0
TAACAAAGGGAGAAGC-1,0.0,0,0,0.5210632726064399,3,3,0.0,0,0
TTACATCGTGGCCTGG-1,0.0,0,0,0.7273860587311511,3,5,0.0,0,0
TCTGAACCGGTCGGCT-1,0.14418916011564373,1,1,0.5467662483861999,2,3,0.0,0,0
GGCTCGTGCCACCAGC-1,0.13935070070178326,1,1,1.0647806001301428,3,8,0.0,0,0
TATAAGTGAGGATAGC-1,0.19235782144310506,1,2,0.46517722835849545,1,5,0.0,0,0
GCCCGCGCGTTTGACA-1,0.18657297796243663,1,1,1.8512248013332298,4,12,0.0,0,0
TGCTGGTTGGACAATT-1,0.0,0,0,0.2767030903754231,1,1,0.0,0,0
GCCTAGCGATCTGACC-1,0.0,0,0,1.7748393262896422,4,13,0.53136539524139,1,2
CCATGCTCTGCAGGAA-1,0.0,0,0,1.0814906659478303,3,9,0.0,0,0
TATAAATCCACAAGCT-1,0.0,0,0,1.3802323326910872,3,12,0.0,0,0
CGCTCGACATAATGAT-1,0.33224261302650815,2,2,2.6659629841987944,4,46,0.0,0,0
CCAATTGAATGTTAAT-1,0.3332163282939544,2,2,2.27540373730629,4,34,0.3332163282939544,1,1
GCTAATACCGAATGCC-1,0.2221030954195895,1,2,2.64451036883801,4,46,0.0,0,0
TTCAACGACCCGACCG-1,0.181451869614233,1,1,2.4112549549337388,4,29,0.0,0,0
TTCCTCGAGGGTGTCT-1,0.0,0,0,1.9821437584210708,3,15,0.0,0,0
CAACGACCCGTTTACA-1,0.0,0,0,1.136735865694427,2,7,0.0,0,0
CTTGTACTTGTTGACT-1,0.0,0,0,0.32284659223950074,1,1,0.0,0,0
TCTCTAATAGCTGGTA-1,0.0,0,0,0.7266782094467138,3,3,0.0,0,0
ATTATGCCATAGGGAG-1,0.0,0,0,0.6599614058239609,2,4,0.0,0,0
GACAACGCAGCTTACG-1,0.11525020897600662,1,1,0.8034015638902274,2,8,0.0,0,0
AGATGACTCGCCCACG-1,0.0,0,0,0.34243148369316445,1,1,0.0,0,0
GTGCGGGTCTCCAAAT-1,0.0,0,0,0.7202569463014505,3,4,0.0,0,0
GTACGAGATTGCGACA-1,0.0,0,0,0.33351466765516435,1,1,0.0,0,0
GTATAGGACTCAGTAG-1,0.27882491862155556,2,2,0.9233286625818555,3,7,0.0,0,0
TTGCACGGAGCAGCAC-1,0.0,0,0,1.0290841297332134,3,6,0.0,0,0
CACAGCTAGGGAGTGA-1,0.0,0,0,1.210956592879138,3,10,0.0,0,0
ATACTAGCATGACCCT-1,0.0,0,0,1.4642450349631588,3,8,0.0,0,0
CCAAGACTTCTGCGAA-1,0.16069350124126092,1,1,0.48208050372378275,2,2,0.0,0,0
ACATAATAAGGCGGTG-1,0.17138282997539026,1,1,1.3589005100996518,4,7,0.0,0,0
TAATACACAGTAGTAT-1,0.0,0,0,0.9163615333797083,2,7,0.0,0,0
TCTTGGTAACACCAAA-1,0.0,0,0,1.1593349562653241,2,9,0.0,0,0
AACTGGGTCCCGACGT-1,0.0,0,0,0.9577012463157724,2,9,0.30569048078677186,1,1
ATCACTTCATCCTCGC-1,0.0,0,0,1.2774671735892469,2,6,0.0,0,0
TGGAAGGATAAAGATG-1,0.0,0,0,1.5589037928125475,3,14,0.0,0,0
CATGATGCACAATTCT-1,0.0,0,0,1.8658074078266775,3,18,0.0,0,0
TGCCTGATCAAACGAT-1,0.0,0,0,1.65112303328046,4,10,0.0,0,0
ATAGGGATATCCTTGA-1,0.0,0,0,2.06553961351411,4,12,0.0,0,0
CACCTAATCAGTTTAC-1,0.0,0,0,1.4744299202073996,3,6,0.0,0,0
TGTGACTACGCCAGTC-1,0.0,0,0,1.5250341081842729,3,5,0.0,0,0
CCCGACCATAGTCCGC-1,0.0,0,0,1.6159447802889941,2,19,0.0,0,0
CGCGCCCGACTTAATA-1,0.0,0,0,1.4839833762279486,4,8,0.0,0,0
TGCCACCTGGCGAAAC-1,0.0,0,0,1.452464169704765,3,11,0.0,0,0
CTGCCAAGGTTGGAAG-1,0.18861219182149966,1,1,1.9030580082362416,4,16,0.0,0,0
TCTCCAACGTAGGTTA-1,0.0,0,0,0.6733795726079786,1,4,0.0,0,0
TTCTTGGAGTAATGAG-1,0.0,0,0,1.694734541895739,3,17,0.40599659749187694,1,1
GTCTCGATCTGCTTTC-1,0.22456541728877144,1,1,2.398184220996844,4,16,0.0,0,0
TACTCTCCGAACAAAT-1,0.0,0,0,1.671908906002621,3,17,0.0,0,0
ATCACATTAGAATATC-1,0.0,0,0,1.761337724041753,4,15,0.0,0,0
TACGGGATGCTAGCAG-1,0.0,0,0,1.7519208841015161,4,14,0.3223269157803501,1,1
AGCTGAAGTAAACCAA-1,0.15774130474319345,1,1,2.167311612238605,4,23,0.3154826094863869,1,1
CATGGGTCGGGTGTGG-1,0.18312427329696482,1,1,1.9536643924796886,4,15,0.0,0,0
CACCCACGAGGCAATT-1,0.172877733151223,1,1,1.1069597087192111,2,9,0.0,0,0
TGCCATTACTAAAGAA-1,0.17877280037747487,1,1,1.848207000337468,3,20,0.0,0,0
CCGTTACGTTAGAACA-1,0.0,0,0,0.5937119387180827,2,3,0.0,0,0
GCCAGGAGTAACCGAT-1,0.0,0,0,2.3434279688877053,4,19,0.0,0,0
CCTAACTAAGGCTCTA-1,0.0,0,0,0.595070439569046,2,4,0.0,0,0
GCGGTGAACTGCGCTC-1,0.24067474098514105,1,2,2.231385506363269,4,28,0.0,0,0
CCTCGCGCGATATAGG-1,0.17126752282096705,1,1,2.174532836572816,4,26,0.0,0,0
ATCGGCAAGCAGTCCA-1,0.16999127826786628,1,1,2.574541151198554,4,41,0.0,0,0
AGATCGTGCATAAGAT-1,0.0,0,0,1.5298564419395282,4,12,0.0,0,0
ATTCAGGACCTATTTC-1,0.18328001573815664,1,1,2.329292535321427,3,40,0.0,0,0
AGCTAGAAGCAGAAGT-1,0.0,0,0,1.9189570549588768,3,35,0.0,0,0
TTCGCTATCTGACGTG-1,0.0,0,0,1.000519199715371,3,6,0.0,0,0
TTCCGCAGAGAAATAT-1,0.0,0,0,2.0276289811482453,4,32,0.0,0,0
CAGTACATTCTCTAAA-1,0.0,0,0,0.6343545848584651,2,5,0.0,0,0
GTGAAGATTTCAAGTG-1,0.0,0,0,1.6033743553919013,4,14,0.0,0,0
AACGCATGATCTGGGT-1,0.0,0,0,1.4323902917796745,4,11,0.0,0,0
CCCAGAGGAGGGCGTA-1,0.0,0,0,0.8035625381009224,2,4,0.0,0,0
GGAAACCTTGTTGAAT-1,0.0,0,0,1.5140599926456624,4,15,0.0,0,0
GTGAAGCCGTATAGTC-1,0.0,0,0,1.3915133472387453,3,9,0.0,0,0
GAGCTGTCGTCTCGGA-1,0.1400332455034787,1,1,1.2175797302355678,3,14,0.0,0,0
TGTCATTTGTTGGGAA-1,0.18828072519831793,1,1,0.6100077752235901,1,5,0.0,0,0
ACCAACACCACACACT-1,0.4870542250859042,3,3,1.9756463611131485,4,18,0.0,0,0
AAATGATTCGATCAGC-1,0.0,0,0,1.342976143046823,3,11,0.0,0,0
CTGCTTTATGTCCGCG-1,0.0,0,0,1.858323052030655,4,15,0.0,0,0
GCGAGAGGCCATGTAA-1,0.0,0,0,0.9316008754527109,2,7,0.0,0,0
ATTGACCGGCGATGAC-1,0.0,0,0,1.6276842242991756,3,23,0.29562774622339616,1,1
ACCCTGGTAACGCCCT-1,0.0,0,0,1.4027347256037237,3,12,0.0,0,0
GTTGGACCGCATCAGG-1,0.12160754539303353,1,1,1.8941647596293099,4,30,0.24321509078606707,1,1
CGTTTACAAGGCAGCT-1,0.0,0,0,1.41474852897423,3,8,0.0,0,0
CGGTCCATGAGACTCC-1,0.0,0,0,1.3906334441122057,3,10,0.0,0,0
GTTCGTCTGGGTCCCT-1,0.0,0,0,0.8233172020824309,2,4,0.0,0,0
TGTACTACTCTCACGG-1,0.21280774170528818,1,1,1.4687567589319068,3,8,0.0,0,0
AGTGAAGATGGTGTCC-1,0.0,0,0,0.4593034875913153,2,2,0.0,0,0
GAGGGCCATAATATTA-1,0.0,0,0,1.2870796041217374,3,11,0.0,0,0
ACTCCCGTAGACTAGG-1,0.15801513402428455,1,1,0.9835884322066701,2,8,0.0,0,0
CGTCAAATGGTCGCAG-1,0.0,0,0,1.7213131131552062,3,13,0.39043291205221137,1,1
AAGTCTAGTAGCTGCC-1,0.42161921122726076,2,2,0.45146394156570124,1,2,0.42161921122726076,1,1
AAGAAATCACCAGATT-1,0.2107487965107575,1,1,1.5225233883053562,3,9,0.0,0,0
GAGTGCACGGACAACA-1,0.0,0,0,0.9846453576372189,2,8,0.0,0,0
GTTCAAATCAGATGTC-1,0.0,0,0,3.231767893965288,4,84,0.0,0,0
CATGGCTCCCTATGTC-1,0.0,0,0,0.9881038364730812,2,5,0.0,0,0
GGCCACACGAAAGCCT-1,0.0,0,0,2.3951440686341354,4,23,0.0,0,0
GAAGCCGGGTAAGCTC-1,0.0,0,0,2.0785753834965393,4,26,0.0,0,0
TTGCGCTCTCTCGCTT-1,0.0,0,0,2.106887169417851,3,22,0.0,0,0
TACATGACCTTATCCG-1,0.0,0,0,1.4447183840243065,2,18,0.0,0,0
GTCCTTCTACAACCCA-1,0.2011730289878024,1,1,1.4505000689810754,3,10,0.0,0,0
TATATGCTGGGTTGCC-1,0.23308842016423723,1,2,0.9194928537050956,2,7,0.0,0,0
GTTTATGGGATTTAGA-1,0.0,0,0,0.9324949618003093,2,5,0.0,0,0
GGAACCCGAACAAGAA-1,0.0,0,0,0.9063314938598407,4,5,0.0,0,0
AACGTTATCAGCACCT-1,0.0,0,0,0.5146091493392737,1,3,0.0,0,0
CATCGTCCGGTTACTA-1,0.0,0,0,0.0,0,0,0.394211118391969,1,1
AGACAGCTCAGAATCC-1,0.1983966151639058,1,1,1.3288054636229807,3,7,0.0,0,0
GCAGATCCTCGCAAAT-1,0.0,0,0,1.5661727511843113,3,10,0.0,0,0
GGGTCATGCGTACCAT-1,0.0,0,0,1.7071490092834094,3,12,0.0,0,0
CTGGTCATTCCAATCC-1,0.0,0,0,1.7700705254998637,4,6,0.0,0,0
TCAGGGCGCAAACTCG-1,0.0,0,0,0.7582420479863909,2,3,0.0,0,0
GATGCCAGCAGAAGGC-1,0.0,0,0,0.794866420677384,2,4,0.0,0,0
AATACAATGTTTCAGG-1,0.0,0,0,0.8356746181125876,2,5,0.0,0,0
CCAGAGACAAAGCCGG-1,0.0,0,0,0.9245361077580678,2,5,0.0,0,0
CCGAAGTATATTGTTC-1,0.0,0,0,0.6330424818971406,1,4,0.0,0,0
GCTAAACCTGAGGTGA-1,0.0,0,0,1.0214331016032072,3,4,0.0,0,0
TCATACTTACAGATCC-1,0.2458960644234898,1,1,1.4827600079961452,3,6,0.6823647617760226,1,2
CGAGCACTTCAAGTTT-1,0.0,0,0,0.5987931134769943,1,3,0.0,0,0
TAGCAACCTGTCACAA-1,0.20493242647571108,1,2,2.14963007938502,4,38,0.0,0,0
TGGGAAATGCCTTTCC-1,0.0,0,0,2.3815867109801383,4,29,0.0,0,0
AGACCATGGGATACAA-1,0.30640333258897196,2,3,1.8142584819517156,3,34,0.0,0,0
TAAATGAATCCGTTTC-1,0.15191957552024957,1,1,2.58258292848633,4,64,0.0,0,0
ACAACGGTCCCTGCGA-1,0.134030719553162,1,1,2.270115015279647,4,46,0.0,0,0
GTCACTCTCCAAATCT-1,0.0,0,0,1.3227653503050902,4,6,0.35674627819712884,1,1
TTCTACTTGCGAGGGC-1,0.0,0,0,0.49897789698246875,2,3,0.0,0,0
CGCAATTACTTTCGGT-1,0.0,0,0,1.0794076150118406,2,10,0.0,0,0
CTGTTCATCTCACGGG-1,0.0,0,0,0.3931279791859529,1,3,0.0,0,0
TTCTTGTAACCTAATG-1,0.0,0,0,0.428507268012888,2,2,0.0,0,0
GCTTGATGATAATCAG-1,0.0,0,0,0.5000868666649511,2,3,0.0,0,0
TTGGCTCGCATGAGAC-1,0.0,0,0,0.3000862655256573,1,1,0.4001150207008764,1,1
GCCCAGTTGGTATGCC-1,0.0,0,0,0.9713330239565234,3,8,0.0,0,0
ATTCCTCCGCCAGTGC-1,0.0,0,0,0.2984736476027683,1,1,0.0,0,0
TCGTCCGCTGGCGTCT-1,0.13488938387319152,1,1,0.6253565923936512,2,4,0.26977876774638304,1,1
GGAGAAGTCATTGGCA-1,0.0,0,0,0.6489042781588437,3,4,0.0,0,0
TTGTTAGCAAATTCGA-1,0.0,0,0,0.6366665397620985,2,5,0.23834811929489952,1,1
TCTAGCATCTTCGATG-1,0.0,0,0,0.8780065849264185,3,4,0.0,0,0
TTCTAGGCCAATTGTG-1,0.16116345789017505,1,1,1.400051302472304,3,11,0.0,0,0
TCACGGTCATCGCACA-1,0.0,0,0,0.5924415251915156,3,3,0.0,0,0
ATGAAGCCAAGGAGCC-1,0.0,0,0,1.1696851756806574,3,10,0.0,0,0
AATGACTGTCAGCCGG-1,0.0,0,0,1.5552844995326696,4,17,0.39900983306053145,1,2
CCAAACAGAACCCTCG-1,0.16786650602529607,1,1,0.8195632319169361,2,6,0.0,0,0
TATCGATGATTAAACG-1,0.0,0,0,1.697477368720456,4,21,0.2397975593901038,1,1
GAACACACATCAACCA-1,0.14829121975414444,1,1,0.66731048889365,3,3,0.0,0,0
CCCGTCAGCGTCTGAC-1,0.0,0,0,0.6949141606399358,3,3,0.0,0,0
AGCATCGTCGATAATT-1,0.0,0,0,0.3198890205133704,1,2,0.0,0,0
GACTAAGATCATGCAC-1,0.0,0,0,0.6883812877624299,2,5,0.0,0,0
TAGGGTGTTTCAAGAG-1,0.0,0,0,0.742292208733615,3,4,0.0,0,0
TGGTTCGTAGCAAAGG-1,0.0,0,0,0.4653134008557794,2,2,0.0,0,0
CTGTTCACTGCCTGTG-1,0.0,0,0,1.3960176761907217,3,7,0.0,0,0
ATGTGCATCCGACGCA-1,0.0,0,0,1.2136799155344071,3,7,0.0,0,0
TTGTCGTTCAGTTACC-1,0.0,0,0,1.0666548224136143,2,7,0.0,0,0
CGGGATCAATGTAAGA-1,0.0,0,0,1.9467597047765173,4,25,0.2925286111321311,1,1
TTATCTGTATCATAAC-1,0.0,0,0,1.0504485594952215,2,9,0.0,0,0
ATCGACTCTTTCCGTT-1,0.0,0,0,1.9673321815790852,3,18,0.0,0,0
CTCATTTGATGGGCGG-1,0.20186008156957372,1,1,1.4798256523111117,2,16,0.0,0,0
GTAAGCGGGCAGTCAG-1,0.0,0,0,0.46320539994546905,1,2,0.0,0,0
TCTATCGGTCGCAACA-1,0.0,0,0,1.9754260391818328,3,17,0.0,0,0
AACGCGGTCTCCAGCC-1,0.2192683798155791,1,1,2.859044440055433,4,39,0.0,0,0
ATTAATACTACGCGGG-1,0.0,0,0,1.4194983113000275,3,8,0.0,0,0
CTTTAACTTTCAAAGG-1,0.0,0,0,1.7717030177554034,2,28,0.0,0,0
CGTACCTGATAGGCCT-1,0.0,0,0,1.384361299126929,2,8,0.0,0,0
GAATGTTGGGTAATCT-1,0.0,0,0,1.1228679573531188,2,7,0.0,0,0
TGCGGAGTAAAGGTGC-1,0.0,0,0,0.5694851600912013,1,3,0.0,0,0
CCTGAATATTTACATA-1,0.0,0,0,1.570433223404136,2,12,0.0,0,0
TTGCTCCCATACCGGA-1,0.0,0,0,1.958504862772615,3,10,0.0,0,0
CCTCTAATCTGCCAAG-1,0.0,0,0,1.4902410699737136,3,8,0.0,0,0
AGGTTGAGGCACGCTT-1,0.0,0,0,0.9796468922944742,2,5,0.0,0,0
TCCCGTCAGTCCCGCA-1,0.0,0,0,1.0052020680049416,2,5,0.0,0,0
TCCGATGACTGAGCTC-1,0.0,0,0,1.9568088875635012,4,18,0.0,0,0
CAGCCTCCTGCAGAGG-1,0.0,0,0,1.2943744315060146,2,14,0.0,0,0
CTTAGCCTTCCACATG-1,0.0,0,0,1.9257350011607692,4,11,0.0,0,0
ATTAATGAACCAGTCG-1,0.1884226246662413,1,1,1.7495079502739048,3,18,0.0,0,0
ACGATACATAGAACTA-1,0.0,0,0,1.2042053846035718,3,6,0.0,0,0
AGCCACTCCCGTGCTT-1,0.302150317633644,1,2,1.502596333789029,2,15,0.0,0,0
ATACGGGTTTCGATTG-1,0.19349256987370755,1,1,1.2643215626352633,2,12,0.0,0,0
CTGTCAAATGGCTCGG-1,0.0,0,0,2.3289332056894065,4,32,0.0,0,0
GCTCGGAATTTAAAGC-1,0.1813647759274251,1,1,1.1834474097575485,2,10,0.0,0,0
TAGGCATGTTACGCCA-1,0.0,0,0,1.4284482268200622,3,8,0.0,0,0
TGGCAACTCGCGCGCC-1,0.0,0,0,1.8736364911202763,4,15,0.0,0,0
ATCAGTAGGCAGGGAT-1,0.0,0,0,1.2340641106974821,3,10,0.0,0,0
TATCGATCTATGCATA-1,0.0,0,0,1.2058221718233109,2,8,0.0,0,0
CGACTCAGGATGTTAT-1,0.17887830030292762,1,1,2.141774028504326,4,20,0.0,0,0
GCCATATTGCACACAG-1,0.0,0,0,1.5144877559239605,2,16,0.0,0,0
AATTCATAAGGGATCT-1,0.32652698974653305,2,2,2.1879912888202893,4,23,0.32652698974653305,1,1
CGGTAGAGGTGCAGGT-1,0.1539202077275583,1,1,0.8572974881982892,2,6,0.0,0,0
AATGATGATACGCTAT-1,0.15793449008876945,1,1,0.9106067627046468,3,5,0.0,0,0
CTTGTGCTCACCGATT-1,0.0,0,0,1.0730697541168146,4,6,0.0,0,0
TTCCAATCAGAGCTAG-1,0.1987156736053105,1,1,2.0712484389710446,4,15,0.0,0,0
CGATGGACCCTACGCC-1,0.17532554331308392,1,1,2.1741407428009873,4,21,0.0,0,0
GGTCGGATAAACGGCG-1,0.0,0,0,1.1304420429748803,4,8,0.0,0,0
TTAGCTAATACGATCT-1,0.0,0,0,1.2892995698380028,4,12,0.0,0,0
CTCGATATTTGCGAGC-1,0.14668973471435778,1,1,1.3206920621184952,3,13,0.0,0,0
ATTACTTACTGGGCAT-1,0.0,0,0,1.348292288558767,2,17,0.0,0,0
CTAGCCGATGTTATGA-1,0.27843007047443796,2,2,0.6069691877249551,2,4,0.0,0,0
TACTGCAATCAATTAC-1,0.0,0,0,0.8895004570535074,2,9,0.0,0,0
TAGTCTGTGACGTTGC-1,0.0,0,0,0.8884589574874135,2,6,0.0,0,0
CTCGTTTCTAATGTTT-1,0.20598003024276948,1,1,0.8860174819401382,2,4,0.0,0,0
TTCGTTCAACGAAGTT-1,0.0,0,0,1.091154801938986,3,6,0.3387404694425003,1,1
CTGAATTTATTGCCAG-1,0.0,0,0,1.2016145905456213,3,8,0.0,0,0
TGGAATATCCTTGACC-1,0.0,0,0,0.37829102391906405,1,2,0.0,0,0
CAGATCATTTAAAGTC-1,0.0,0,0,1.9504860964175765,4,22,0.0,0,0
CTCCTTTACGCAAGTC-1,0.19739375600384026,1,1,1.7119077070476387,3,13,0.0,0,0
TCCCAAACAGACAACG-1,0.0,0,0,1.0092117438138417,2,9,0.0,0,0
ATCGCTGCGTGCAGCA-1,0.3267348941279053,2,2,1.561982021632628,3,17,0.0,0,0
TTAGTTCAAGTGTTCG-1,0.0,0,0,1.4975311780089997,4,10,0.0,0,0
AAACTCGTGATATAAG-1,0.0,0,0,1.8025352408205904,3,28,0.0,0,0
TTAACGAACAAGCAGT-1,0.0,0,0,1.6217358195971285,4,19,0.23649616720112196,1,1
GTTATATCAGGAGCCA-1,0.0,0,0,1.4533702199204404,4,9,0.0,0,0
CAAATTGGATTATGCC-1,0.18524027235211804,1,1,1.2376372954315538,3,7,0.3704805447042361,1,1
CGAGGAGCTTCCATAT-1,0.0,0,0,1.2575734610565088,3,9,0.0,0,0
GGAGACCAATGTGCTT-1,0.37727183468688846,2,2,1.305967794452533,3,8,0.0,0,0
CATTGATGAACACGCC-1,0.0,0,0,1.47749729272613,4,8,0.0,0,0
GTCAATGCTATAATTT-1,0.0,0,0,1.3009845435904515,4,8,0.0,0,0
ACCACCCTCTCTTCTA-1,0.0,0,0,1.1126046083781556,2,9,0.3586882471739086,1,1
TGGAGGGAAACACCTC-1,0.0,0,0,1.0060253356850861,3,7,0.0,0,0
CACGGACGTGGATGGC-1,0.1617211502638852,1,1,1.423547494097114,3,11,0.0,0,0
AACTTTCTCGATCATG-1,0.0,0,0,1.2340347182800402,3,7,0.0,0,0
CGTATTGTTTCCTAAT-1,0.0,0,0,1.6071442447917657,3,9,0.0,0,0
CCTACTGCGGCGGCCA-1,0.0,0,0,1.4847001676876692,3,6,0.0,0,0
CTTAGGTCCCAATCGT-1,0.27286768864259897,1,1,1.6155398034702209,3,6,0.0,0,0
CGCAATCGATCATTAG-1,0.0,0,0,1.167183387903717,3,9,0.0,0,0
TGGTTATGCTTGCGGT-1,0.0,0,0,1.3110329037420032,3,8,0.0,0,0
GGCTTGGCTCTCACCT-1,0.0,0,0,1.5068813342872196,2,21,0.36957112821820454,1,1
ATTGGTAGGATCCGCT-1,0.0,0,0,1.9743879584030757,4,13,0.0,0,0
TCAGGGCGACTTCCTT-1,0.0,0,0,1.4863349267769834,4,8,0.0,0,0
TCTGCAGATTCGAGTC-1,0.0,0,0,1.6729207954207086,4,11,0.0,0,0
CTCTCGCTGTACTATG-1,0.0,0,0,1.803017613971913,3,23,0.0,0,0
AATAGTCGCGAGTCGG-1,0.0,0,0,1.5335260371119053,3,13,0.0,0,0
AGTTACCCTTAAGACT-1,0.0,0,0,0.35438492213736683,1,1,0.0,0,0
CTTAAATAAGACCCAT-1,0.2236217013582746,1,1,0.8091361567081279,2,3,0.0,0,0
GGTTGTGCTCTTGTCC-1,0.0,0,0,0.6761338792275455,2,3,0.0,0,0
GTGAGTCTAAGACGGA-1,0.0,0,0,1.981597858423855,3,18,0.0,0,0
CGCGACACTGCGCAGC-1,0.0,0,0,1.9090314497436278,4,7,0.0,0,0
GCTCGCGGTTCCGCTC-1,0.0,0,0,0.903246738019556,2,2,0.0,0,0
TTAACTCACGCGTGGA-1,0.0,0,0,1.0259665638055147,2,8,0.0,0,0
GGAACGGCCTGCAGCC-1,0.0,0,0,1.3400272528609385,3,6,0.0,0,0
GTAGAAACGGGTGGAG-1,0.0,0,0,2.5897965547429,4,25,0.0,0,0
TAATGAAAGACCCTTG-1,0.0,0,0,1.1665089806035187,2,9,0.0,0,0
AGGCTTGCTAGACACC-1,0.0,0,0,0.6050009408881435,1,4,0.0,0,0
TTGCGTAGTTTGAGGA-1,0.0,0,0,1.2162460213345936,2,7,0.0,0,0
CGCCCTTGAAGGCTGA-1,0.0,0,0,0.8474983025717535,2,3,0.0,0,0
CCCGGTGGAAGAACCT-1,0.0,0,0,0.822392822954177,2,4,0.0,0,0
TTAACACCTCGAACAT-1,0.21090089365175743,1,1,2.371323248360535,4,20,0.0,0,0
GATTCCTATACGGCGC-1,0.0,0,0,0.0,0,0,0.0,0,0
TTACCCTAACAGTCCT-1,0.0,0,0,1.8062271227934388,4,8,0.0,0,0
ACCCACCTACATGCTC-1,0.0,0,0,0.9039460052209731,2,6,0.0,0,0
AAAGGGCAGCTTGAAT-1,0.0,0,0,0.7748680084017263,2,3,0.0,0,0
CACACAGGGATAGATT-1,0.0,0,0,1.6931369663673337,3,9,0.0,0,0
AGAGCGTACAAGCTCG-1,0.4695686717898373,2,3,2.1803384337006597,3,29,0.0,0,0
TCTTACGGCATCCGAC-1,0.0,0,0,3.2552405432038687,4,91,0.0,0,0
GCCTATTCCGATATAG-1,0.0,0,0,2.8570442375797516,4,41,0.8672175593387844,2,3
GAAAGTGACTAACTGC-1,0.1335548774454236,1,1,2.133852608886018,4,28,0.0,0,0
CCGGAATGGTTTCAGT-1,0.0,0,0,2.715782052380142,4,44,0.0,0,0
AGTATAATACTAGGCA-1,0.0,0,0,0.46201894443877034,1,4,0.2829415260803345,1,1
TAACTATCGAAGGTCC-1,0.0,0,0,1.0848372840681522,3,9,0.0,0,0
ATGAGGAGTGTTAATC-1,0.0,0,0,1.1620806461052422,2,8,0.0,0,0
TGTGTCGCGAGTTGCA-1,0.0,0,0,0.8976454951495784,2,5,0.0,0,0
ATCCAACGCAGTCATA-1,0.0,0,0,0.4292722717832434,1,1,0.0,0,0
AAGGCGCGTAAAGCTT-1,0.0,0,0,0.741802824628689,3,4,0.0,0,0
AGTCGGCCCAAACGAC-1,0.0,0,0,0.6223962095966015,2,5,0.0,0,0
AACGTCAGACTAGTGG-1,0.0,0,0,0.5924856474344345,2,5,0.0,0,0
ACTACCAGCTCTCTGG-1,0.0,0,0,0.8771843573669798,3,5,0.0,0,0
GCAAGTGCACAGAGAA-1,0.1034752097282795,1,1,0.45464363020308973,1,6,0.0,0,0
ACACCTTAAGTAGGGC-1,0.0,0,0,0.40126971745889783,1,3,0.28139539954704434,1,1
TTCGACGGGAAGGGCG-1,0.0,0,0,0.7704107996315593,3,4,0.0,0,0
TTCGCACTCGCGTGCT-1,0.0,0,0,1.127810610357496,4,7,0.0,0,0
TATTTGTTACCCTTTA-1,0.0,0,0,0.8531422888844244,2,6,0.0,0,0
CGCTGTGACGCCGCAC-1,0.0,0,0,1.2493108846147032,4,11,0.24442694998526046,1,1
GTTGCACGGAGTTTCG-1,0.21910224550917431,1,2,0.7945424788486777,2,6,0.0,0,0
GTTTCCTGGAGGGTGA-1,0.0,0,0,0.30424624907038905,1,2,0.0,0,0
ACACCCAGCATGCAGC-1,0.0,0,0,0.8239939213181074,3,8,0.0,0,0
TCAACCATGTTCGGGC-1,0.0,0,0,0.47750451386160436,2,5,0.0,0,0
TTACAACTACGCATCC-1,0.0,0,0,0.8274428441144255,3,9,0.0,0,0
TCCGATGGTGCGACAT-1,0.0,0,0,1.0854126156823358,3,8,0.0,0,0
GGGCGTACATTTATAT-1,0.13984639629737589,1,1,0.8779617043423018,3,6,0.0,0,0
AGCGACCAACGATATT-1,0.0,0,0,0.8104377886607319,2,7,0.0,0,0
ACACAAAGACGGGTGG-1,0.13634656864936812,1,1,0.40903970594810435,2,2,0.0,0,0
ATCGCACGCCGGGAGA-1,0.0,0,0,0.7600529635116346,2,7,0.0,0,0
GCTCTAAACCCTGACG-1,0.0,0,0,1.231963933918298,2,14,0.0,0,0
AATGCAACCGGGTACC-1,0.0,0,0,1.119301400441815,3,10,0.0,0,0
TCAAACAACCGCGTCG-1,0.16060989064004857,1,1,1.8190149788065808,4,14,0.32121978128009715,1,1
TATGCTCCCTACTTAC-1,0.0,0,0,0.6093626840805773,2,3,0.0,0,0
AAAGGGATGTAGCAAG-1,0.196740115937085,1,1,1.7370363241070397,3,16,0.0,0,0
ACGATCATACATAGAG-1,0.0,0,0,2.037862347648112,3,23,0.3786536759902324,1,1
TTGTTCAGTGTGCTAC-1,0.8865334386082592,4,5,2.884137352059747,4,38,0.0,0,0
ATGCATGATCCAGGAT-1,0.14073551008537002,1,1,0.832024669605672,2,7,0.0,0,0
AGTCTTCTCCTCAAAT-1,0.0,0,0,2.629341458270649,4,48,0.0,0,0
GATTCCCTTGTCGCAG-1,0.0,0,0,1.7208142940289823,4,11,0.0,0,0
CTCGCACCTATATAGT-1,0.0,0,0,1.8504089029872208,3,16,0.0,0,0
ACTCAATAAAGGCACG-1,0.0,0,0,1.4996492437266504,4,13,0.0,0,0
AACCGAGCTTGGTCAT-1,0.0,0,0,0.7509382813553169,2,4,0.0,0,0
TAAGGCAACATAAGAT-1,0.0,0,0,1.4488012091632099,3,12,0.0,0,0
CACGCACAGCGCAGCT-1,0.0,0,0,0.796501324974094,2,4,0.0,0,0
GGTTTACAATCTCAAT-1,0.0,0,0,1.3426387947612353,3,5,0.4714891335962801,1,1
TGCAGGATCGGCAAAG-1,0.16858689550045947,1,1,0.9638798043414188,3,5,0.0,0,0
ATAACGGAGTCCAACG-1,0.0,0,0,0.6002536609561117,2,2,0.0,0,0
AACGATATGTCAACTG-1,0.0,0,0,1.4761942617615067,3,9,0.0,0,0
GACAACGACCATTGAA-1,0.0,0,0,1.042790764329381,3,4,0.0,0,0
TTGACCATGTTCTCCG-1,0.24177315904082888,1,1,0.8674392245896014,2,3,0.0,0,0
AGTACGGGCACCTGGC-1,0.0,0,0,1.5367803016795378,3,10,0.0,0,0
CGCCATCCGATTATGA-1,0.17646523048044935,1,1,1.336582689309886,3,9,0.0,0,0
AAGGTATCCTAATATA-1,0.1360642182103838,1,1,2.1331337045805236,4,28,0.0,0,0
TGTTGTCAAGAAGTCT-1,0.0,0,0,1.7046788013802812,4,13,0.0,0,0
CAGTGAATAAATGACT-1,0.0,0,0,1.8959155717170448,4,19,0.0,0,0
CACCTTGCGAAACTCG-1,0.15496504060510022,1,1,1.5064536070511032,3,14,0.0,0,0
CATTTAGCGGACCATG-1,0.0,0,0,1.082253220220593,2,6,0.0,0,0
CCAGTCTAGACGGCGC-1,0.17134437551666767,1,1,1.2610403547817812,2,14,0.0,0,0
TCGCTTTAAACGTTTG-1,0.0,0,0,1.3944590560790067,2,15,0.0,0,0
GTGAAACGGCGCCACC-1,0.15589965550193255,1,1,1.3330558837590163,4,8,0.0,0,0
GGGCTCATCGAACCCA-1,0.0,0,0,0.24345016375268747,1,1,0.0,0,0
TTGATGTGTAGTCCCG-1,0.0,0,0,2.0230025525913726,4,13,0.0,0,0
CAGTAGCCCACGCGGT-1,0.0,0,0,2.06077845789096,4,21,0.0,0,0
AGCGCGGGTGCCAATG-1,0.0,0,0,0.617451823075452,1,5,0.0,0,0
TAATCGATCCGTACGT-1,0.0,0,0,0.9217922685463205,2,4,0.0,0,0
AGTGGCGGCAATTTGA-1,0.0,0,0,0.4673908227961126,1,2,0.43993858737892017,1,1
CCTTTCAATGAAGAAA-1,0.0,0,0,0.8882282367727177,3,6,0.0,0,0
CTCAGTCACGACAAAT-1,0.0,0,0,1.0607283650248296,2,11,0.0,0,0
ATAGGCTAGCTTCGCA-1,0.15575869369879966,1,1,0.432392055501949,1,3,0.0,0,0
CGGTTCAAGTAGGTGT-1,0.0,0,0,0.8097269452568437,3,5,0.0,0,0
CAGTCGAGGATGCAAT-1,0.13352102481717196,1,1,1.5579628517301491,3,24,0.0,0,0
TATCACCCAACCGACC-1,0.0,0,0,0.9383244005742857,3,7,0.0,0,0
AATGATGCGACTCCTG-1,0.0,0,0,0.6967672079088834,2,6,0.0,0,0
TGGAACCACTGACACA-1,0.0,0,0,0.9493057699084523,3,8,0.2399056569494219,1,1
GCCAATAGGGCATCTC-1,0.0,0,0,1.4076767878898906,3,9,0.0,0,0
TTCTTTGGTCGCGACG-1,0.0,0,0,1.49202078319151,3,5,0.0,0,0
ATTAGATTCCTCAGCA-1,0.0,0,0,1.3917559235388748,3,5,0.0,0,0
CCGTGGAACGATCCAA-1,0.0,0,0,0.5493061443340549,2,2,0.0,0,0
GGGTCGTGGCAAGTGT-1,0.0,0,0,1.7132567182942249,4,15,0.0,0,0
TCGCTCGGCACCAGCG-1,0.0,0,0,1.0096914858255268,2,7,0.0,0,0
ACGCAATCACTACAGC-1,0.0,0,0,1.2992512305140347,3,11,0.0,0,0
CTCTAATGCATTGATC-1,0.0,0,0,1.988612541772867,4,22,0.0,0,0
GTCTCGACTAAGTTTG-1,0.0,0,0,2.0138448416342936,4,18,0.0,0,0
TGGTTTAAACGTGGGT-1,0.0,0,0,1.4486504047272626,4,10,0.0,0,0
CGCAGATCTTCACCCG-1,0.1446419133813773,1,1,1.6792596880215052,3,22,0.0,0,0
TCCAGATGTACGCCAA-1,0.0,0,0,1.7417553584566845,4,14,0.0,0,0
CATTGCGGGTCAATTC-1,0.0,0,0,1.1963951169680902,2,15,0.0,0,0
GACGTTCGTAAATACA-1,0.0,0,0,1.1458206353264302,3,11,0.0,0,0
TACACCGTCGTTAGTC-1,0.0,0,0,0.871120073226112,2,7,0.0,0,0
ACGGGCGTATGCGACA-1,0.0,0,0,1.2207246955250282,3,12,0.0,0,0
GAAGGCTACCATTGTT-1,0.0,0,0,1.9557957752477586,4,20,0.0,0,0
TAAATCTTTACACCTC-1,0.28185959946215994,1,2,1.9804223666280172,4,16,0.0,0,0
AGTTTATGTAAAGACA-1,0.2862190029647605,2,2,2.0549348710430886,4,25,0.0,0,0
AGGAGACATCCACAGT-1,0.0,0,0,0.2703612618774015,1,1,0.0,0,0
CAACCTGAACCTGCCA-1,0.0,0,0,1.750943690338323,3,21,0.0,0,0
AGTCCCTCGCAGAAAG-1,0.0,0,0,1.2785738880120145,3,7,0.0,0,0
TGTATACGGATGATGA-1,0.0,0,0,1.8822351163419593,4,7,0.0,0,0
TTGTGGTATAGGTATG-1,0.0,0,0,1.6332286984466076,3,8,0.0,0,0
TCTGCACCATTAGTAA-1,0.2577671321826242,1,1,1.1289651411015573,2,6,0.0,0,0
AAATGTATCTTATCCC-1,0.0,0,0,1.8607326840795995,4,23,0.0,0,0
ACTCTAAACCTGGGAT-1,0.0,0,0,0.7031942253072526,2,4,0.0,0,0
GCTGGCAGGTGCCGTG-1,0.0,0,0,1.8939484144045684,4,15,0.0,0,0
CTCATTCGTGAACATC-1,0.13889547900181518,1,1,0.41668643700544555,2,2,0.0,0,0
TCGCCGGATGGGCAAG-1,0.0,0,0,1.4647635654883362,3,12,0.3533409012446691,1,1
GGACTAAGTCAGGAGT-1,0.0,0,0,0.9593053771945905,4,6,0.0,0,0
TATCAAAGGTCTGTAA-1,0.0,0,0,1.2375180278260363,2,12,0.0,0,0
TTCAGTTTGTGGCAGC-1,0.0,0,0,1.4302425278063484,3,6,0.0,0,0
TGTTCATAAATGTGCT-1,0.0,0,0,1.0039009747353367,2,5,0.0,0,0
CTTAGCCCGGATAGTG-1,0.0,0,0,1.9590270448338196,4,11,0.0,0,0
GATGCGAATGGTATTA-1,0.0,0,0,1.0216426510846779,2,4,0.0,0,0
TCTAACTGTATGTAAA-1,0.37519638008288925,2,2,0.9732255428528782,3,4,0.0,0,0
TTAAACCTGGTTCCTT-1,0.0,0,0,1.308299452475055,2,9,0.0,0,0
GCTAAGTAAAGGCGAT-1,0.0,0,0,1.8364744065764271,3,12,0.0,0,0
AGTTACCGCACATGGT-1,0.0,0,0,0.5003008234268713,1,1,0.0,0,0
GACTGCGGCACGTGTA-1,0.0,0,0,1.802090189020427,4,7,0.0,0,0
TGGTGATCGTATTTGT-1,0.0,0,0,0.441394990911571,1,1,0.0,0,0
TTATCGCCTGCGAAGC-1,0.0,0,0,0.9253246948176346,3,4,0.0,0,0
TGGAATTAGACGCTTT-1,0.0,0,0,0.6666570512921507,1,4,0.0,0,0
TCGTCACACTGTTAGC-1,0.0,0,0,1.9747350819056817,4,7,0.0,0,0
TTATGTTTGCGATAGA-1,0.0,0,0,1.6513532997910076,3,7,0.0,0,0
GGTGCTGATCACAAAG-1,0.20572060025826136,1,1,2.16577778070325,4,14,0.0,0,0
CATAGCCGCCCGGGAT-1,0.19549853492374328,1,1,1.7380416760009205,4,9,0.0,0,0
GGTTAGTTACGGCGCC-1,0.0,0,0,0.9038174142877708,2,4,0.0,0,0
ATTCCCACATAAACAA-1,0.0,0,0,0.9770978077119926,2,6,0.0,0,0
ATTCAGTAGCAGGGTC-1,0.0,0,0,0.0,0,0,0.0,0,0
CAGTTCCGCGGGTCGA-1,0.0,0,0,1.569926173378378,2,15,0.0,0,0
AAGAGATGAATCGGTA-1,0.0,0,0,0.428851145312117,1,2,0.0,0,0
CGCAATTCTACAATAA-1,0.19542151444891354,1,1,2.7899390760868172,4,41,0.0,0,0
TAACGCTTTGAGAGCG-1,0.2324589376776445,1,1,2.4393811609686247,3,34,0.0,0,0
AGGCTATGGTTAGCTT-1,0.4762593128615635,2,2,2.2500426583789137,4,15,0.0,0,0
GAGGAATGGAGAGGTT-1,0.0,0,0,2.8278292665139677,4,47,0.0,0,0
TCCTCTACGAGATGGC-1,0.32840847219833286,2,2,1.6515458448700988,3,15,0.32840847219833286,1,1
TTGATTATGCAGATGA-1,0.0,0,0,0.22418414645618134,1,1,0.0,0,0
TCAGTACTGACCCGCG-1,0.0,0,0,0.8201262307397761,2,7,0.0,0,0
TTATGACAAACTGGAT-1,0.0,0,0,0.5778063567745445,2,4,0.0,0,0
GTAAGTAGGGTATACC-1,0.0,0,0,0.5265836396223663,2,2,0.7021115194964884,2,2
CGCAAACACGAGTTAC-1,0.0,0,0,0.6228311674542443,1,4,0.0,0,0
TGGCCGTATATTGACC-1,0.0,0,0,0.6394906341322083,1,3,0.0,0,0
ACTGTAGCACTTTGGA-1,0.0,0,0,0.9276483948083771,2,3,0.0,0,0
GCTCTATGTTACGTGC-1,0.0,0,0,0.4049393139654873,1,2,0.0,0,0
TGCGCGATTAACGGAG-1,0.0,0,0,0.8538463781595496,2,3,0.0,0,0
GAATCGACATGGTCAC-1,0.12691169889620788,1,1,1.2283033088525288,4,10,0.0,0,0
GACTAAGTAGGCTCAC-1,0.15774130474319345,1,1,0.8234835599724031,2,7,0.0,0,0
ATCTTGACCTGCAACG-1,0.0,0,0,0.7714048455287246,3,5,0.0,0,0
ATGCACTACCGCATTG-1,0.0,0,0,1.006459743475616,2,7,0.0,0,0
CAGATACTAACATAGT-1,0.11891680658729582,1,1,0.5628297348816097,2,4,0.0,0,0
GATCGACACTATCTGA-1,0.0,0,0,1.081190194154522,2,7,0.0,0,0
ATAGAGTACTGGGACA-1,0.0,0,0,0.7715217658567751,3,5,0.0,0,0
CCTACTGCTTACACTT-1,0.20758157250602807,1,1,0.7571894887698659,2,3,0.41516314501205615,1,1
CCTGCTATTTGAGAAG-1,0.0,0,0,0.9400225224629941,3,7,0.0,0,0
CGCGTTCATGAAATAC-1,0.0,0,0,0.5961482517341689,1,4,0.0,0,0
CATTATGCTTGTTGTG-1,0.0,0,0,1.1987388735384583,3,8,0.0,0,0
CCAGGGACGTGGCCTC-1,0.0,0,0,0.47111100770542036,1,4,0.0,0,0
TATGGATGTGCTACGC-1,0.0,0,0,1.0627114489770477,3,6,0.0,0,0
GTACTAAGATTTGGAG-1,0.0,0,0,0.877376899289263,2,7,0.0,0,0
AGACCCGCCCTCCTCG-1,0.0,0,0,0.7745035963136819,2,5,0.0,0,0
CGCATTAGCTAATAGG-1,0.0,0,0,0.8489509413728491,3,6,0.2501484425032939,1,1
GCTCTCGGGTACCGAA-1,0.0,0,0,0.6671761823617788,2,5,0.0,0,0
CACCGCCAGAAGGTTT-1,0.0,0,0,0.5340188377497228,2,3,0.0,0,0
TCCCAAAGACGAAGGA-1,0.0,0,0,0.9928653161214097,2,8,0.0,0,0
ATGGATTGACCAAACG-1,0.11412569031760865,1,1,0.9606097122915459,2,12,0.2282513806352173,1,1
GTCATGGACATGACTA-1,0.0,0,0,1.033142232465621,3,4,0.0,0,0
CTACTGCCACCTGACC-1,0.0,0,0,1.408412774717378,3,8,0.4162827444781052,1,1
TTATATTTGGCAATCC-1,0.0,0,0,0.5031578496504002,1,2,0.0,0,0
AGCACCAGTACTCACG-1,0.0,0,0,1.5435596304155168,3,9,0.0,0,0
CATGGTCTAGATACCG-1,0.0,0,0,0.19852118456685702,1,1,0.0,0,0
TCTACCGTCCACAAGC-1,0.0,0,0,0.7431503324417068,3,4,0.0,0,0
CTAGTTGGGCCCGGTA-1,0.12348274874942693,1,1,1.0251667844278436,4,7,0.0,0,0
TCCCGCGTACTCCTGG-1,0.0,0,0,0.4321299738329829,2,2,0.0,0,0
CAGAGCATGAGCTTGC-1,0.0,0,0,1.9553179468915411,2,39,0.0,0,0
ACACGGGAACTTAGGG-1,0.0,0,0,1.3240059259084047,3,8,0.0,0,0
GGCTCTGCTCCAACGC-1,0.24946800200770833,1,1,1.790076731669591,3,11,0.0,0,0
AGAACGTGGTACATTC-1,0.1629352522064478,1,1,2.0884689847194293,4,25,0.0,0,0
CAATAAACCTTGGCCC-1,0.20511810938961175,1,1,1.7427351196079157,4,10,0.0,0,0
ACTTCGCCATACGCAC-1,0.0,0,0,1.5156126499650093,3,7,0.0,0,0
ATCTGGTTAAGACTGT-1,0.0,0,0,0.727068915252234,2,3,0.0,0,0
TCGTAAGACGACATTG-1,0.0,0,0,1.5123666380289222,3,6,0.0,0,0
GTGTACCTTGGCTACG-1,0.0,0,0,1.6368412401323422,3,8,0.0,0,0
GCCCGTAATACCTTCT-1,0.0,0,0,2.069964726921215,4,17,0.0,0,0
CGGTCAAGTGGGAACC-1,0.0,0,0,1.268708844343036,2,17,0.3043741611386397,1,1
TTGTAAGGCCAGTTGG-1,0.0,0,0,1.0579185332882317,2,8,0.0,0,0
GGAGCACCAAGAACTA-1,0.0,0,0,1.6871974289628398,4,21,0.0,0,0
TAATAGTGACGACCAG-1,0.0,0,0,1.2529098259471665,2,13,0.0,0,0
CTAAATCCTATTCCGG-1,0.0,0,0,1.6250187907439662,2,10,0.0,0,0
CGAGTTCTGTCCCACC-1,0.0,0,0,1.9444043720066313,4,13,0.0,0,0
AGGCAGATGCGTAAAC-1,0.0,0,0,1.1013990730486443,2,7,0.0,0,0
AAGGATGAGGGACCTC-1,0.0,0,0,1.3781431529417587,3,11,0.0,0,0
AGAGAACCGTCTAGGA-1,0.16274586666337543,1,1,1.8910669944259921,4,21,0.0,0,0
GAGGGCGCAGCTCTGC-1,0.0,0,0,0.8183021829322952,3,3,0.0,0,0
AAGATTGGCGGAACGT-1,0.0,0,0,1.6876480132195344,3,17,0.0,0,0
CCAGTAGTCTGATCCA-1,0.0,0,0,1.2247558857684036,2,9,0.0,0,0
AAGGGACAGATTCTGT-1,0.0,0,0,0.5752136062266124,1,4,0.0,0,0
ATAGAGTTATCAACTT-1,0.1763423480267026,1,1,1.2295593750563278,2,12,0.0,0,0
AAATTACCTATCGATG-1,0.0,0,0,2.504498282188697,4,33,0.0,0,0
GATCCTAAATCGGGAC-1,0.0,0,0,1.409601840801373,4,9,0.0,0,0
TTACAGACCTAAATGA-1,0.0,0,0,1.0266435346645073,3,8,0.0,0,0
CCTCACCTTAGCATCG-1,0.1827693800035658,1,1,1.1471012534876917,3,7,0.0,0,0
CATGCGACCAGTTTAA-1,0.1823058682533051,1,1,1.510884864113627,3,12,0.0,0,0
AACATATCAACTGGTG-1,0.0,0,0,1.8067737339537946,4,19,0.0,0,0
CTATAAGAGCCAATCG-1,0.0,0,0,1.0176714272081453,2,9,0.0,0,0
AATATCGAGGGTTCTC-1,0.0,0,0,1.606463614947282,4,15,0.0,0,0
GTACTCCTGGGTATGC-1,0.0,0,0,0.7327641180915871,2,4,0.0,0,0
ATAAGTAGGATTCAGA-1,0.0,0,0,1.9811488348312218,3,43,0.0,0,0
AGGTCGCGGAGTTACT-1,0.21047564524622178,1,2,1.8773787168474771,4,22,0.0,0,0
CTAATTCTCAGATATT-1,0.0,0,0,2.3661896102640365,4,48,0.0,0,0
GCCAACCATTTCCGGA-1,0.2859580156584736,2,2,2.089793891357173,4,35,0.0,0,0
TGATCCCAGCATTAGT-1,0.0,0,0,2.144530694006492,4,27,0.3299943561297846,1,1
CGTTGTAAGATTGATT-1,0.0,0,0,1.6416310502815774,3,16,0.0,0,0
GAAACCATGGTGCGCT-1,0.15845214426628396,1,1,1.7903604534606516,3,21,0.0,0,0
AATCTATGCCGGAGCC-1,0.0,0,0,1.316819827330216,2,12,0.0,0,0
GACTCCCAGAATAAGG-1,0.0,0,0,2.209346307967157,4,42,0.31480889653053723,1,1
TATGATCCGGCACGCC-1,0.43852881707629704,2,3,1.7419176048778695,3,21,0.8770576341525941,2,3
CCGCTTGCTGACATGG-1,0.0,0,0,1.7174515220274995,3,19,0.0,0,0
TGGTTAAGGGCGCTGG-1,0.0,0,0,1.6028028043893168,3,34,0.0,0,0
TTGATAGTCAATACAT-1,0.0,0,0,1.9316744070174994,4,30,0.0,0,0
GGTTTAATTGAGCAGG-1,0.0,0,0,2.251038576073456,4,25,0.3678566968653261,1,1
CATTACATAGATTGTG-1,0.21910224550917431,1,1,1.1079650793550126,2,6,0.0,0,0
GGTACACCAGATTTAT-1,0.0,0,0,1.3649500468069369,3,7,0.0,0,0
GGCCCGTATACCATGC-1,0.0,0,0,1.3151633542758914,3,8,0.0,0,0
ATCTTTCGTATAACCA-1,0.0,0,0,1.912127637501692,3,15,0.0,0,0
GAGATGACAATCCTTA-1,0.0,0,0,0.6581364074089722,2,3,0.0,0,0
AAAGCTTGCCTACATA-1,0.0,0,0,1.2075275184665375,2,9,0.0,0,0
GAACGATAAGTTAAAG-1,0.16252265842273697,1,1,1.3484228148242068,3,11,0.0,0,0
TAATAGCTAAATGATG-1,0.0,0,0,1.0708304442426968,2,9,0.0,0,0
TATGGCTAGGCTAATT-1,0.0,0,0,0.6054974958661307,2,2,0.0,0,0
AGGAGAGTCTGGCTAC-1,0.0,0,0,1.1293549344939442,2,7,0.0,0,0
TGCTCTGCCGGTTCAC-1,0.0,0,0,1.263754190159019,2,9,0.0,0,0
CCAATAGATTTCATCT-1,0.0,0,0,0.3866712419657384,2,2,0.0,0,0
GGGCACGAATTGGCCG-1,0.0,0,0,1.24231190460883,4,10,0.0,0,0
TCGTTGACAGGGTCCC-1,0.0,0,0,0.6196804869872592,2,4,0.0,0,0
ATCGTATTCCGAGAAC-1,0.1154412592114188,1,1,0.7221349218797015,3,5,0.0,0,0
GGGAATTCTGTCCAGT-1,0.0,0,0,0.5411773423145063,2,4,0.24247554609470842,1,1
ACGCGTTTCTTAAGAG-1,0.0,0,0,0.9629265560576863,2,7,0.3461479224005523,1,1
GAGAGCGCAGTCCCTG-1,0.0,0,0,0.8796981716548844,3,4,0.0,0,0
GTCCTATTGTTGTGGT-1,0.0,0,0,1.045892064496894,2,9,0.0,0,0
CATCTGCAGGATCATT-1,0.0,0,0,1.1566556229998888,3,5,0.0,0,0
GAGTCGACAGACCCTC-1,0.0,0,0,1.7174733609737018,3,8,0.0,0,0
AAGTGCAAAGGTAGAC-1,0.0,0,0,0.6654885468646322,2,2,0.0,0,0
AGGGTGGATAGTGCAT-1,0.0,0,0,1.2271120558077124,2,7,0.0,0,0
TGATAGCGGGATTCTA-1,0.0,0,0,0.41811536143161177,1,1,0.0,0,0
GTCAGTTTGGTAGTCG-1,0.0,0,0,2.4996384007677297,4,14,0.0,0,0
GCATTCGAAATGAACA-1,0.0,0,0,0.8250003615899142,2,2,0.0,0,0
AAAGACTGGGCGCTTT-1,0.0,0,0,1.2540851781595552,2,6,0.0,0,0
TAACAATATTTGTTGC-1,0.0,0,0,0.9671786927573525,2,4,0.0,0,0
CCAGCTTCCGCCCGCA-1,0.0,0,0,1.9964010060196453,4,6,0.5841499120193094,1,1
GATATGGATTACGCGG-1,0.0,0,0,0.6069076785587293,2,2,0.0,0,0
AGAGCAGTTATGAGAC-1,0.0,0,0,0.5301685775553692,1,2,0.0,0,0
TCACATCTTATCTGAT-1,0.0,0,0,0.4037250530357211,1,1,0.0,0,0
TATGAAGACAGGTGCG-1,0.0,0,0,1.147720063567352,3,6,0.0,0,0
TACCTGCTGCACTGTG-1,0.0,0,0,0.3986437199062711,2,2,0.0,0,0
TAGGTCCAAGTAAGGA-1,0.09530871267810802,1,1,0.9649270695681857,3,11,0.0,0,0
GAAACTCGTGCGATGC-1,0.0,0,0,0.6421109651838526,2,5,0.0,0,0
AACAATTACTCTACGC-1,0.1434368438144676,1,1,0.46634986478914003,1,4,0.0,0,0
CCGCACGTGACCTCGG-1,0.0,0,0,0.9244886813109623,2,6,0.0,0,0
AACTTGCCCGTATGCA-1,0.0,0,0,2.039080174204647,3,19,0.0,0,0
GGGTATGTATGCACTT-1,0.0,0,0,1.486698140143213,2,11,0.0,0,0
TTCGTACTCCAGAACG-1,0.0,0,0,1.162694342014412,2,5,0.0,0,0
GAATTTCTCGCTGCAG-1,0.0,0,0,2.0501060216539413,3,25,0.0,0,0
AACAGGATGGGCCGCG-1,0.20626914998796472,1,1,2.3387069999196135,3,30,0.0,0,0
GACGTGTAGGGATTAT-1,0.0,0,0,1.4705368191429535,2,3,0.0,0,0
TAGGTGAGCCCTACTC-1,0.6528595240905775,3,3,1.7836813930510926,3,11,0.0,0,0
CTAATTCGCACGCGCT-1,0.0,0,0,0.3598314504488165,2,2,0.0,0,0
GAAGCTTGCTGACCGC-1,0.0,0,0,0.9974328556191556,3,7,0.0,0,0
GGTTAGGCTTGGAGAA-1,0.0,0,0,1.1485226119138963,3,7,0.0,0,0
ACAAGGACAAGAGGTT-1,0.0,0,0,0.7076697110276273,2,3,0.0,0,0
AGGCCACCCGTTATGA-1,0.25694619424482346,1,1,0.5304108534245096,1,2,0.0,0,0
GTGGGCTTAGACACAC-1,0.0,0,0,2.3602762359128397,4,13,0.0,0,0
CGTGTCCCATTCGCGA-1,0.0,0,0,0.0,0,0,0.0,0,0
TGGAGTGATGCGATGA-1,0.0,0,0,0.8298520945295751,2,3,0.4601080647111289,1,1
AACAACTGGTAGTTGC-1,0.19274272307704007,1,1,0.8673422538466803,3,3,0.0,0,0
CCTGGCTAGACCCGCC-1,0.0,0,0,0.8307126764295241,2,4,0.0,0,0
CGCAATTAGGGTAATA-1,0.0,0,0,0.8188587622868886,3,4,0.0,0,0
TCGAAATTTAGGACCA-1,0.0,0,0,1.3971202251338912,4,7,0.0,0,0
AGACTAGCCTTCCAGA-1,0.0,0,0,0.6319232787376666,2,3,0.0,0,0
TTGATCTAACTTTGTC-1,0.0,0,0,1.0224804589599696,2,5,0.0,0,0
AAGGAGCGGTTGGTGC-1,0.0,0,0,1.087801063196728,2,6,0.0,0,0
ACTTGGGACCCGGTGG-1,0.0,0,0,1.267068259861967,3,5,0.0,0,0
TGATCTCCGGCGCCAG-1,0.274209785693028,1,1,0.822629357079084,2,2,0.0,0,0
CAGTTCAAATTGACAC-1,0.0,0,0,0.3207580446049174,1,1,0.42767739280655653,1,1
GTCCGGCTGAATTGCG-1,0.0,0,0,0.8440614956293115,3,5,0.0,0,0
CTGGAAATGGATGCTT-1,0.29362747993715144,2,2,0.7758998623927191,3,4,0.0,0,0
TGATCGGTTTGACCCT-1,0.30398756329895366,2,2,0.9894050689573817,3,7,0.30398756329895366,1,1
TAGAGTCTAAGCGAAC-1,0.11281708744933112,1,1,0.7362864008938911,2,7,0.0,0,0
GAGACTGATGGGTAGA-1,0.0,0,0,0.9918621516658144,4,8,0.0,0,0
TAGCTAAGTCCGGGAG-1,0.0,0,0,0.9718241679879356,3,8,0.0,0,0
GGGCGATATGTGTGAA-1,0.0,0,0,1.0227869180279887,3,8,0.0,0,0
CTCGAGGTCGAACAGT-1,0.0,0,0,2.269500351954986,4,62,0.2807919794924904,1,1
GATCCCTTTATACTGC-1,0.0,0,0,2.6383515833014433,4,37,0.0,0,0
GTCATGCACCTCCGTT-1,0.0,0,0,2.248852113178491,4,41,0.0,0,0
ACTTTCCTATAGCTTC-1,0.0,0,0,0.5172853392939147,1,2,0.0,0,0
TCGCTCGATATATTCC-1,0.0,0,0,2.5220927341354282,3,43,0.0,0,0
ATAGGTTGGGCAGATG-1,0.0,0,0,0.9908667836942735,2,5,0.0,0,0
CAATTAAGGGTGATGA-1,0.0,0,0,0.49990166345457526,2,3,0.0,0,0
ACCGACTGAGTCCCAC-1,0.0,0,0,0.833565135405208,2,4,0.0,0,0
CCTGTCACCCGGGCTC-1,0.18868338817186134,1,1,1.063241107796458,3,5,0.0,0,0
GATCGGTGGCCATAAC-1,0.0,0,0,0.853884776006947,2,7,0.0,0,0
CCTATGGGTTACCGTC-1,0.23124926041092078,1,1,1.7700344853822454,3,10,0.0,0,0
TTGGGACACTGCCCGC-1,0.0,0,0,0.0,0,0,0.0,0,0
CGAGGCTAAATATGGC-1,0.0,0,0,1.3351664373849572,2,10,0.0,0,0
TCAGGGTGTAACGTAA-1,0.0,0,0,2.4231475267004563,4,34,0.0,0,0
CGAGAGATGTGAACCT-1,0.0,0,0,1.3907701043719884,2,12,0.0,0,0
TCGCTGGGCGGATTGT-1,0.0,0,0,1.7136828283154473,4,11,0.0,0,0
AGATCTCAGGTGTGAT-1,0.0,0,0,1.9164157344104886,4,29,0.2651386338703085,1,1
TGGCCAAACTGAAGTA-1,0.0,0,0,1.340988948015923,3,22,0.0,0,0
GCTTCCGTCCCTAGAC-1,0.0,0,0,1.461301247757265,4,14,0.0,0,0
CAGCAGCCCGTTCCTT-1,0.0,0,0,1.128561372788386,2,6,0.0,0,0
TGTATAACAGATCCTG-1,0.0,0,0,1.559537407900428,3,9,0.0,0,0
CGCGGGAATTAGGCAG-1,0.0,0,0,1.6197932556832828,4,10,0.3617747892842875,1,1
TGCATGTGGTAATCTA-1,0.0,0,0,1.3167924615229532,3,8,0.0,0,0
ACAATTTGAGCAGTGG-1,0.0,0,0,1.703047071562579,4,12,0.0,0,0
GAGCTAAGGGCATATC-1,0.0,0,0,0.7711961867426567,2,4,0.0,0,0
CCAGATAGTTGAGTGA-1,0.0,0,0,1.121532010613199,2,6,0.4586284484017183,1,1
CCACAATGTACGTCTT-1,0.0,0,0,0.5255950060767987,1,3,0.0,0,0
CAATGGATCTCTACCA-1,0.0,0,0,1.0804415138620969,2,8,0.0,0,0
TGTGGCAAAGCGTATG-1,0.0,0,0,1.1636249151123907,2,8,0.0,0,0
TAAAGCGTTAGGAGAA-1,0.0,0,0,1.8140208227352255,4,19,0.0,0,0
TCCGTTTAGCCTTGAA-1,0.0,0,0,1.3522330160044114,4,6,0.0,0,0
CAGCTCGACAAGTTAA-1,0.0,0,0,0.5223663629742673,2,2,0.0,0,0
GCCTATAGTGTCAGGG-1,0.22206885574271792,1,1,1.0304148222149587,2,5,0.0,0,0
ATAGACAACGGGACCT-1,0.0,0,0,1.8661208328877876,3,15,0.0,0,0
CTACTATCTTTCAGAG-1,0.0,0,0,1.3112780956662358,3,7,0.0,0,0
GCGCTGCTTTGCATTT-1,0.0,0,0,2.1621522608482278,4,11,0.0,0,0
GCGCATCCAGTCAGCA-1,0.18992696649476926,1,1,0.8291899396301853,2,4,0.0,0,0
GACTCGCGGGAATGAC-1,0.0,0,0,1.1807713124394121,4,8,0.0,0,0
CTGGTAACGAGCTCTT-1,0.0,0,0,1.60066017640424,4,11,0.0,0,0
TCCGGCCTAGCGTACA-1,0.0,0,0,1.110148483859399,4,7,0.0,0,0
TCTAGGTGGCGACGCT-1,0.19915625361548508,1,2,2.1361161842866188,4,40,0.2554156427997308,1,1
ACGCTAGTGATACACT-1,0.0,0,0,1.7479919526269252,4,12,0.0,0,0
ATCTGCACCTCTGCGA-1,0.1020819406005959,1,1,2.444503513536389,4,69,0.0,0,0
CCTCACCTGAGGGAGC-1,0.31860230927872685,2,2,2.0149900192763806,3,31,0.0,0,0
AGTGAGCCTCGCCGCC-1,0.0,0,0,1.583631626967784,3,15,0.0,0,0
ACGAGTACGGATGCCC-1,0.2667040646847329,2,2,2.1474641210952563,4,30,0.2667040646847329,1,1
GGTACCATTAAGACGG-1,0.0,0,0,1.2219075091660123,3,10,0.0,0,0
TAACTATTACGCCAAA-1,0.0,0,0,0.9635862039130957,3,8,0.0,0,0
GCATTCAAGGCAACGC-1,0.0,0,0,1.9055096211388878,4,19,0.0,0,0
AGTACATCATTTATCA-1,0.27412543442793663,1,2,1.411878087605329,3,11,0.3760423761331743,1,1
GTCGTGTCTGGTCATC-1,0.0,0,0,0.0,0,0,0.0,0,0
AGTCTAAAGTATACTC-1,0.2658742062894434,2,2,1.038022525028682,3,9,0.0,0,0
CGGCCCAACCTGTAGT-1,0.0,0,0,1.2330639524821918,2,19,0.0,0,0
AGGGAGACATACTTCG-1,0.13035310677149117,1,1,1.2424573138114143,3,11,0.0,0,0
TCCCTAGATCAATAGG-1,0.0,0,0,1.0261683224167624,3,8,0.0,0,0
TCCCGTCGCGTCATAG-1,0.0,0,0,0.7099269629454991,2,6,0.0,0,0
CGCATCCATCAGCCAG-1,0.2748585828566139,1,2,1.5463387013977627,3,12,0.0,0,0
CTGCACCTAGTCCACA-1,0.0,0,0,1.2363290898944985,3,6,0.0,0,0
CGAGGATCGGGAACGA-1,0.1720976369377254,1,1,1.4032724232389904,3,11,0.0,0,0
CAATGAGGTTCGACTA-1,0.0,0,0,1.0070834606286576,2,8,0.0,0,0
TCTGACGGGCTAACCC-1,0.0,0,0,0.8131104602273382,2,4,0.0,0,0
TTCTATGCCTTTCGCA-1,0.0,0,0,0.6962380309604317,2,2,0.0,0,0
AGAGTATAGTGTTACG-1,0.0,0,0,1.4180917799426096,3,11,0.0,0,0
CCATTGTTTCCTCCAT-1,0.0,0,0,0.661520298715841,2,2,0.0,0,0
CTCATCACTTAGTGAT-1,0.0,0,0,1.167078209967832,2,7,0.0,0,0
CCGAAGGGCGTACCGC-1,0.0,0,0,1.4381855969126394,3,7,0.0,0,0
TCAAGCTGCCTTGAAA-1,0.0,0,0,1.2739539832287787,3,8,0.0,0,0
CTCATTAACGTTGCCC-1,0.0,0,0,1.0021873055193204,2,5,0.0,0,0
GTCTTCCTCACCTAAG-1,0.0,0,0,0.3178203359516916,1,1,0.0,0,0
GGTGATGAAGGAAGTG-1,0.0,0,0,0.8920688132711834,3,3,0.0,0,0
TCAATACAATTGCTGC-1,0.20089967026038527,1,1,0.8216551919079325,2,4,0.0,0,0
GCAACCCAAGTTGTTT-1,0.0,0,0,1.685486941783365,3,13,0.0,0,0
ATGAAGTGGACCCAGC-1,0.0,0,0,1.312099315342187,2,14,0.0,0,0
GAGAATCTCACGATCA-1,0.16409913171399923,1,1,0.9816334807053639,3,5,0.0,0,0
TATATCATTGATCAGT-1,0.0,0,0,1.6138037349046126,4,9,0.0,0,0
AACTTTACGGGAGCTT-1,0.0,0,0,1.5573214759569685,3,13,0.0,0,0
TTCTTGTGTCCATCAG-1,0.0,0,0,1.3951878870612782,4,5,0.0,0,0
ACAATTTAGGAGGCTC-1,0.0,0,0,1.4464182532361847,3,7,0.0,0,0
ATACTTGTTCTCGAGC-1,0.0,0,0,1.1122674957680565,2,5,0.0,0,0
CACGGGATTGAGGGTT-1,0.0,0,0,1.0067372513657216,3,4,0.0,0,0
GTTAATGTCTATCTTA-1,0.0,0,0,1.3132268333889288,3,5,0.0,0,0
GCGTTATATTTGGAAC-1,0.0,0,0,0.778923822133893,2,5,0.0,0,0
CGTCAAGGCTATAAAT-1,0.0,0,0,1.1933106272395293,2,5,0.0,0,0
TTAGCTCTGTAATCCG-1,0.0,0,0,1.377253571845019,2,10,0.0,0,0
AATGGTCCACCGTTCA-1,0.0,0,0,1.9431698039867453,4,8,0.0,0,0
GTCATTGCATTGACCC-1,0.0,0,0,2.172237664587076,4,17,0.0,0,0
TGTCCGTGGCGCCTTT-1,0.0,0,0,1.2819793921161684,3,5,0.0,0,0
TCAACTAACGTATAAC-1,0.0,0,0,0.8556306963129252,2,5,0.0,0,0
TCCTCTCCAGTTGTCC-1,0.0,0,0,1.3068529057286709,3,6,0.0,0,0
TGTGTTCGTATCCAAG-1,0.0,0,0,0.4679716992920489,1,2,0.0,0,0
CCGCGTAGGTAAGGGC-1,0.0,0,0,1.2662189452690198,3,4,0.0,0,0
CTGCGGGTGAAATGTT-1,0.0,0,0,1.0450200451217464,2,5,0.0,0,0
TATCTACAGAGGTAAT-1,0.2004097117230094,1,1,2.25168968471716,4,19,0.0,0,0
CTACTCTAGGCCCGGC-1,0.0,0,0,2.4149055656157574,4,14,0.0,0,0
ACAAGCAGTGCCTAGC-1,0.0,0,0,2.017847834757562,4,15,0.0,0,0
TACAAGTCTCGTGCAT-1,0.23673157486720853,1,1,2.244312913071389,4,12,0.47346314973441705,1,1
TCGGAATGCGCTCTGA-1,0.0,0,0,1.645929560203998,3,7,0.49965489119258716,1,1
TCGCGTCCAGAAGGTC-1,0.20823007281988914,1,1,1.886983912992736,4,12,0.0,0,0
TATGGCCCGGCCTCGC-1,0.0,0,0,1.845602163757656,4,8,0.0,0,0
GCTGGCATATTCACCT-1,0.0,0,0,1.9883568622127759,4,11,0.0,0,0
GTCAGAATAGTCTATG-1,0.0,0,0,1.8200880351146178,3,15,0.0,0,0
GGCGTCCTATCCGCTG-1,0.18792700663735995,1,1,2.0984584537188358,4,18,0.0,0,0
CGGAGTTTGAGAGACA-1,0.0,0,0,1.7639526619847354,4,13,0.0,0,0
AGCACTTAAGGACGCC-1,0.0,0,0,1.727790909081448,4,9,0.0,0,0
TCCACAATGGTTTACG-1,0.0,0,0,0.680739628405616,2,6,0.0,0,0
CCAACGATGCACTGAT-1,0.0,0,0,0.6554890855398949,2,5,0.0,0,0
ATTTACAGTTTACTGG-1,0.0,0,0,1.4630317430495037,3,7,0.0,0,0
CCCTGAAATGAGTTGA-1,0.11051862304323772,1,1,0.5010019302623314,2,4,0.0,0,0
CAAACGGTCGCACTTT-1,0.0,0,0,0.6326121550090325,2,3,0.0,0,0
TGATTCGTCTATCACT-1,0.19004749751144626,1,1,0.8296203674589593,2,4,0.0,0,0
TCAGGTTCTTTGAGAA-1,0.0,0,0,1.192371582914853,3,7,0.0,0,0
CACGCAGCGAGGCTTT-1,0.0,0,0,0.9496861537910329,3,8,0.2737348722004508,1,1
TTAAGCGCCTGACCCA-1,0.0,0,0,1.3991757854785276,4,9,0.0,0,0
CTTACACGGTATTCCA-1,0.0,0,0,1.1462611622920442,3,6,0.0,0,0
AAGGCTGTGCTCATCG-1,0.0,0,0,1.1468924642099405,3,10,0.0,0,0
GACCAGAGCCCTGTAG-1,0.0,0,0,1.0187200496466793,3,6,0.0,0,0
TCCCAGGCTTAGCTAA-1,0.0,0,0,1.1933755342272994,3,6,0.0,0,0
ATTGAAGATCTTAGTG-1,0.0,0,0,1.7880474241440052,4,12,0.0,0,0
AGTTCCTACAGAATTA-1,0.0,0,0,0.9321021861663671,2,6,0.35595085398843257,1,1
GGGCTGGTTAGTCGCG-1,0.15325213355021203,1,1,0.7748648956065538,2,5,0.0,0,0
GAAATGGCGGTGTTAG-1,0.0,0,0,1.1344363939804327,3,8,0.0,0,0
TACGAACACGACTTCA-1,0.0,0,0,0.5256864054459591,2,3,0.0,0,0
ACCACAAGTTTCTATC-1,0.11143863021802271,1,1,0.3924798763351819,1,4,0.0,0,0
ATATTTAACCCTCAAG-1,0.0,0,0,0.6362730663424421,2,3,0.0,0,0
GATCATTCCAAACATT-1,0.0,0,0,0.6506971431061743,3,7,0.0,0,0
TCCAGGCGAGTACGGT-1,0.12658808494626644,1,1,0.7508352217350391,3,5,0.0,0,0
GTTTGACCAAATCCTA-1,0.0,0,0,0.9326905927833905,3,8,0.0,0,0
CACAGCACCCACGGCA-1,0.16076045721420076,1,1,1.7349819952652428,4,14,0.0,0,0
TGCAAGAATGACGTAA-1,0.16974603570215538,1,1,2.1118649231037194,4,20,0.0,0,0
GCGAAGCCATACCCGT-1,0.13348719025353606,1,1,0.5102003452173429,2,3,0.0,0,0
TCCTTTCTTACGCTTA-1,0.0,0,0,1.493451855624536,3,10,0.0,0,0
GCTGCTCTCCGGACAC-1,0.0,0,0,0.9333263178806339,4,9,0.0,0,0
ACTGTCTTCTTTAGAA-1,0.0,0,0,1.9533815314803047,3,19,0.0,0,0
TCAAACTTAGATTGTT-1,0.0,0,0,0.6907948010387701,2,7,0.0,0,0
CTATGTCACTAGCCCA-1,0.0,0,0,1.4848426660005611,3,11,0.0,0,0
TGCGCAAAGCATTTGG-1,0.10204325357014078,1,1,0.6164795385271206,2,6,0.0,0,0
TTAATGTAGACCAGGT-1,0.0,0,0,1.385751926260622,3,10,0.0,0,0
GGCGGTAGGATCATTG-1,0.0,0,0,0.7173403298072062,2,3,0.0,0,0
GGCAATAGTCAATGAG-1,0.0,0,0,0.8746452782073912,3,4,0.0,0,0
ACACGAGACTCCTTCT-1,0.0,0,0,0.4900032921879147,1,2,0.0,0,0
GACACAAGGGAAGAAA-1,0.0,0,0,1.2497633287867402,2,17,0.0,0,0
TCAGCAAATGCATCTC-1,0.0,0,0,0.7742735263494925,2,5,0.0,0,0
GAGATCTGTCACTCCG-1,0.0,0,0,1.030185663814836,3,4,0.0,0,0
ATGCCGGTCTTGCATA-1,0.14888543750164474,1,1,1.7352746088271616,3,24,0.0,0,0
TTGGGCGGCGGTTGCC-1,0.12162609583399442,1,1,2.1237135997508885,4,36,0.24325219166798884,1,1
TTGTTGTGTGTCAAGA-1,0.2011153549921526,2,2,1.2835442894988247,4,15,0.0,0,0
ACTGTACGATACACAT-1,0.0,0,0,1.142005397766443,3,7,0.31328051327754436,1,1
TCCACTTTATCTAGGT-1,0.0,0,0,0.5077766429767396,1,3,0.0,0,0
GGTCTGAGAATCTGGA-1,0.0,0,0,1.295902265387603,2,11,0.0,0,0
TAGAAAGGTGGCGCTA-1,0.0,0,0,1.522547644716974,3,11,0.0,0,0
TATGTCTCATTGTGCC-1,0.21990231975620636,1,1,1.5057917138236023,3,8,0.0,0,0
GGATTTCACTTCTATA-1,0.0,0,0,1.9307292369410027,3,15,0.4388696033524462,1,1
TGAGTGGTCCGTGACG-1,0.0,0,0,0.8406156678273826,2,5,0.0,0,0
CGCTTTCTTGCATTCG-1,0.0,0,0,2.319578330370855,4,16,0.0,0,0
ACCCAACGCCCGTGGC-1,0.0,0,0,0.46329989493754314,1,3,0.0,0,0
GAACGTCTCATGGTCG-1,0.154640754021073,1,1,1.11921932297939,2,11,0.309281508042146,1,1
AGGGTTCCCTTTGGTT-1,0.0,0,0,1.3480735446953696,3,5,0.0,0,0
GTAGCTTCCTCTTGTT-1,0.0,0,0,1.593088230211534,3,12,0.0,0,0
GCATGAGGGACGCGGC-1,0.0,0,0,1.06180266234484,2,8,0.0,0,0
CTACCCTAAGGTCATA-1,0.0,0,0,0.878682376628813,2,4,0.0,0,0
TCACCGCTCGGCACTC-1,0.0,0,0,0.7209735241431503,2,3,0.0,0,0
GGCTCGCGTTGAGGTA-1,0.0,0,0,1.4925348348513339,3,23,0.0,0,0
CTAACGAAACTTGCTG-1,0.0,0,0,0.6405582182764915,3,4,0.0,0,0
TTAAACTCGAATTCAT-1,0.0,0,0,0.42750108653181307,1,3,0.0,0,0
TACTTTACTGAGCCGG-1,0.0,0,0,1.622226694190537,3,9,0.0,0,0
GCTTGGATCGATTAGG-1,0.0,0,0,1.135101174347781,3,8,0.0,0,0
CGGTTATCCAACAGTG-1,0.0,0,0,1.2460402181341763,4,11,0.0,0,0
CAGACCTGTAAGTGTT-1,0.0,0,0,1.9624474338982598,4,38,0.0,0,0
GACGGTCAATAGAAGC-1,0.13957330299852114,1,1,2.0491051916549385,4,30,0.0,0,0
CTGACTGCGCAGCTCG-1,0.11744035743782967,1,1,1.1535026532912522,3,15,0.0,0,0
CCATACCTTTACTTGT-1,0.0,0,0,1.7117184914087447,3,22,0.0,0,0
GTAATAAAGGGCTCCC-1,0.0,0,0,1.263029357222344,3,8,0.0,0,0
GTGAACTCCCATTCGA-1,0.0,0,0,1.0789189196361946,3,5,0.0,0,0
GTGGTTACTTCTTTCG-1,0.0,0,0,1.3292246724439847,3,7,0.0,0,0
TCAGAACCTCCACAGG-1,0.0,0,0,1.014117547155658,2,8,0.0,0,0
TCCCACTCTCTTCCGG-1,0.0,0,0,1.3184783108333293,3,7,0.0,0,0
ATCTTGACTTGTCCAA-1,0.0,0,0,1.6115922587634999,3,10,0.0,0,0
TCGGGAACGTGCCTAG-1,0.0,0,0,1.267468720764381,2,9,0.0,0,0
GTTAGCCGTAAATCAA-1,0.0,0,0,0.9559770517742181,4,11,0.0,0,0
ATTTACTAAGTCCATT-1,0.0,0,0,1.0554205980790738,3,5,0.0,0,0
GGGTGCATATGAAAGC-1,0.0,0,0,0.7975052536664288,2,10,0.0,0,0
TCCGAATGGTCCTGAG-1,0.0,0,0,0.3084514300768734,1,2,0.0,0,0
TGATGGCTGTTTCTGA-1,0.0,0,0,0.3227032108740693,1,2,0.2802162664152653,1,1
AAATAAGGTAGTGCCC-1,0.0,0,0,1.3505643537180707,3,20,0.0,0,0
CCACTATCCGGGTCAC-1,0.0,0,0,1.0193992213292538,2,10,0.0,0,0
CGCGGTAAGTCTAGCT-1,0.0,0,0,1.3637569133676366,4,7,0.0,0,0
GCGGGCATTACGATGC-1,0.0,0,0,0.8219465806635687,2,3,0.0,0,0
AGGATTGCTTACGACA-1,0.16553041982844985,1,1,0.761802590295116,2,5,0.0,0,0
CTCGGGATAACACCTA-1,0.18624935895218564,1,1,0.40801403311792417,1,2,0.0,0,0
GTCGTCTGGTTGGCTA-1,0.0,0,0,1.4025740152931565,3,5,0.0,0,0
GCAATTAGTCGCACCG-1,0.0,0,0,2.164796447832945,4,16,0.0,0,0
GTGACCTAAAGAATAA-1,0.16288355448064842,1,1,1.248225657989824,3,9,0.0,0,0
CTGAGCGAGACTTATT-1,0.0,0,0,1.935741485709705,4,9,0.0,0,0
CAAGACTCAGAAGCGC-1,0.0,0,0,1.9626215829473184,4,13,0.0,0,0
ACTTCGCTAGCGAGTG-1,0.0,0,0,1.6598717429306908,4,8,0.0,0,0
CCATACTCGCCTCTCC-1,0.0,0,0,1.0505020488413135,3,4,0.0,0,0
ACGATACCTATCCTGA-1,0.0,0,0,1.2147516005549606,4,11,0.0,0,0
CTCACCAGTACAAGTG-1,0.0,0,0,0.9039143918698886,2,9,0.0,0,0
CGAAGACGGTGAGTGC-1,0.0,0,0,1.3087871350534526,3,12,0.0,0,0
AAATTAATAAGCGCGA-1,0.13989617114929329,1,1,1.711962561316426,3,25,0.0,0,0
GGGCCCTTATCTATAC-1,0.1635410184573701,1,1,1.090248443844322,3,8,0.0,0,0
CTGCCCACGAAGCGTT-1,0.0,0,0,1.652885824446432,4,14,0.3328549739159322,1,1
GGACAAGTTGCAGTGA-1,0.0,0,0,1.7494857654986273,4,24,0.0,0,0
GTCCGAGAGCAATCAT-1,0.0,0,0,1.4319308858067372,2,14,0.0,0,0
ATGGCAGCCGAGAAAC-1,0.0,0,0,1.5169684868367865,3,12,0.0,0,0
CCTCGGATGCTACCTG-1,0.0,0,0,0.40801403311792417,1,2,0.0,0,0
ATACGGTGAAGATGCA-1,0.0,0,0,1.3724056904946094,3,6,0.0,0,0
ACATCAGCTGGGACGC-1,0.0,0,0,1.381275742801456,3,5,0.0,0,0
GGTTGTGTAGCCTGGC-1,0.0,0,0,1.6937625265401364,3,15,0.0,0,0
CCTGCGTTCTACGCTT-1,0.0,0,0,0.5627223167813337,1,2,0.0,0,0
GAACGTTAGGAAGACG-1,0.0,0,0,1.9838364650295954,4,25,0.0,0,0
CTGATAGTGTATCTCA-1,0.33832862473174363,2,2,2.6127075837091014,4,33,0.0,0,0
TTCTGCGAGCGCCCTT-1,0.0,0,0,1.8653185478465928,4,16,0.0,0,0
CTTTGGCGCTTTATAC-1,0.3891574399356081,2,2,2.0469864388655177,4,16,0.0,0,0
TCCGAACTTGGCTTAC-1,0.0,0,0,0.8056762498029305,2,3,0.0,0,0
TAGATTCCTGGTTATT-1,0.0,0,0,0.7203791095307561,2,3,0.0,0,0
CCGACAAAGGGAGTGC-1,0.0,0,0,1.8772054403003793,4,20,0.0,0,0
CCATGGCCCTTGTACC-1,0.0,0,0,0.848007762661865,2,4,0.0,0,0
GAAATATCACCATCAG-1,0.0,0,0,1.8336489872387565,4,18,0.0,0,0
ACGAAATGGGCGGCAC-1,0.2373483626581198,1,2,1.4070455785359952,4,9,0.0,0,0
GTGAGCGTGCTGCACT-1,0.0,0,0,1.6278042496243026,3,17,0.0,0,0
CCGCGGGTACGAAGAA-1,0.3450514796474247,2,4,2.2803233958438573,4,47,0.0,0,0
TCCCTGGCTCGCTGGA-1,0.0,0,0,1.059057978692067,2,9,0.0,0,0
CAGCTTAGTAGGTAGC-1,0.2418565346473326,1,1,1.1899545882142943,2,6,0.0,0,0
CACGAAAGTTAGTCCC-1,0.22372610968141174,1,1,1.5908851831548645,3,9,0.0,0,0
ACCTAATCGACTTCCT-1,0.4646898173948606,2,2,1.7396664515577815,3,11,0.6515970163164172,1,2
AAGTAGTGACGCGAGG-1,0.0,0,0,2.6747452086037073,4,36,0.5137481146309154,1,2
TCCGATTACATTGCCG-1,0.0,0,0,1.7579098676138019,3,10,0.0,0,0
CCTCCGACAATTCAAG-1,0.0,0,0,2.8704077570946653,4,29,0.0,0,0
GTTCACAGGAGTCTAG-1,0.17877280037747487,1,1,1.9412834738659248,3,22,1.2411529911532313,3,4
CGAAGTTGCTCTGTGT-1,0.0,0,0,1.2130853891789202,3,8,0.0,0,0
GTCGGATATCTCAGAC-1,0.0,0,0,1.8856161281491635,3,24,0.0,0,0
CGCTCTCCGTAGATTA-1,0.0,0,0,1.3385418291872364,3,6,0.0,0,0
CAAGCAACGTCGGAGT-1,0.13915346141455517,1,1,1.170109880865805,3,10,0.0,0,0
CCATTCCCTGCCCACA-1,0.0,0,0,2.300180873952222,3,35,0.0,0,0
CTTTGGCTTTAGTAAA-1,0.10274427959567867,1,1,0.7885904541387772,3,7,0.0,0,0
GGCTATTAAGTTGTAT-1,0.0,0,0,0.9911748251871044,2,8,0.0,0,0
CCATTAGCGATAATCC-1,0.0,0,0,1.135699928659091,4,9,0.0,0,0
TGTTCTTCCATTGACT-1,0.0,0,0,0.6699231684097217,3,4,0.0,0,0
AGATAACTTCAGGGCC-1,0.0,0,0,0.5348253076345321,3,4,0.0,0,0
ATAGACGAAGAGAAAG-1,0.19685784186476352,2,2,1.054499223510844,4,10,0.0,0,0
GGCGGAGTAATATTAG-1,0.0,0,0,0.6727900631889362,2,9,0.0,0,0
TGACCCACGTTAGACA-1,0.09013138246624154,1,1,0.7871124412380683,2,11,0.0,0,0
TCACAGGTTATTGGGC-1,0.0,0,0,0.6918326855641089,2,5,0.0,0,0
TCACGCATTGTAGATC-1,0.15024841618271403,1,1,0.6465004187691497,2,4,0.0,0,0
TTGAAGAATTCCCAGG-1,0.0,0,0,1.3216069679453735,3,16,0.0,0,0
AAATGGTCAATGTGCC-1,0.10691962541852086,1,1,1.2617437706835186,3,19,0.21383925083704172,1,1
TAGTGCCCTCCAGAGT-1,0.0,0,0,0.7633489750521893,3,3,0.0,0,0
GGTATTGCCGAGTTTA-1,0.1340420926623478,1,1,1.7515743376755117,4,19,0.0,0,0
CGTATTAAGAGATCTA-1,0.0,0,0,0.6542357425162941,2,4,0.0,0,0
ACTGTCCAGGATTATA-1,0.0,0,0,1.166156731611733,3,9,0.0,0,0
CGGGCAGCTAAACCGC-1,0.0,0,0,0.793806761490892,2,6,0.0,0,0
TTGCTGATCATGTTCG-1,0.0,0,0,0.8365523505136924,2,7,0.0,0,0
TATGGGTACGTATCGT-1,0.0,0,0,0.6228250503324988,2,5,0.2318016003281792,1,1
CAGCTCACTGAGACAT-1,0.0,0,0,1.1747949226395653,4,8,0.0,0,0
GGGACTGCATAGATAG-1,0.0,0,0,0.4932969332887554,2,3,0.0,0,0
ACGCATTCGTGAGTAC-1,0.14458849163117174,1,1,1.0169994159767664,3,7,0.0,0,0
CTCTGGACGCCTGGTG-1,0.0,0,0,0.8770295029811273,3,7,0.0,0,0
AGGGTTTAGTTCGGGA-1,0.0,0,0,0.9243195687107997,2,8,0.0,0,0
GGGAGAACTCACAGTA-1,0.0,0,0,0.16189524985292866,1,1,0.0,0,0
ATCAATCTGGGCTGCA-1,0.0,0,0,0.7498394553201002,3,5,0.0,0,0
TCTTCGATACCAATAA-1,0.0,0,0,0.6618051600636049,1,4,0.0,0,0
ACGTAGATTGCTGATG-1,0.0,0,0,0.9042417181309126,2,3,0.0,0,0
TCTTGATGCGTAGCGA-1,0.0,0,0,0.0,0,0,0.0,0,0
GGGCTGCCTAGGGCGA-1,0.0,0,0,0.6774528833573248,2,3,0.0,0,0
CTCTCACAATCGATGA-1,0.0,0,0,1.5714998907148896,3,11,0.0,0,0
CCAAGCGTAACTCGTA-1,0.0,0,0,0.4935612699937577,2,2,0.32904084666250516,1,1
ACAACAGCATGAGCTA-1,0.0,0,0,1.4247021224805159,4,11,0.0,0,0
GTCCCAACGTAAAGTA-1,0.0,0,0,0.9914447976369013,2,8,0.0,0,0
TCGGAGTACATGAGTA-1,0.0,0,0,0.4336365388950605,1,3,0.0,0,0
GGGAGTTAATGAGGCG-1,0.0,0,0,1.1450767000842688,4,7,0.0,0,0
CCGGGCGGTCTCGTCA-1,0.0,0,0,0.866729341274703,2,7,0.0,0,0
CCGTAAGTTGGTCCCA-1,0.0,0,0,1.064981764322432,3,9,0.0,0,0
GGAGGGCTTGGTTGGC-1,0.0,0,0,0.8195014402485743,2,8,0.24166744893372114,1,1
TCGGACGCCCAGCCCA-1,0.0,0,0,1.3521376349479488,3,8,0.0,0,0
TCTGTGCCATCATAGT-1,0.0,0,0,1.579265928718944,4,9,0.0,0,0
GTACTGGAGTTAGACC-1,0.0,0,0,1.1774041172012435,3,7,0.0,0,0
GGAATGCGCTAGCGTG-1,0.0,0,0,1.3601341991057574,2,14,0.0,0,0
GTGTGAATAACTTAGG-1,0.16746306604495909,1,1,0.9408411731477947,2,7,0.0,0,0
GGTCGGCCAGGAGCTT-1,0.0,0,0,1.2076171005887606,4,7,0.0,0,0
TAGCCGGCGGTCAGCG-1,0.0,0,0,1.392568695543512,3,12,0.0,0,0
CGGGTGTACCCATTTA-1,0.0,0,0,1.5783276722376254,3,12,0.0,0,0
AGTGATTCAAGCAGGA-1,0.0,0,0,2.124360787545862,4,16,0.0,0,0
GTTGGATTGAGAACAC-1,0.0,0,0,1.7342146645203096,3,18,0.0,0,0
CACACGCGCTGTCTTA-1,0.19045857196323265,1,1,1.592419733914779,3,13,0.0,0,0
TAGACGCCCGTACCGG-1,0.0,0,0,0.803202412770823,2,4,0.36536178518354906,1,1
GGTTTCAATCGGTCAG-1,0.0,0,0,1.5828980986369117,4,10,0.0,0,0
AATCTGCGTTGGGACG-1,0.0,0,0,1.1248323974839762,2,6,0.0,0,0
TTACGGATGGTTCGAG-1,0.0,0,0,1.451250390881671,2,9,0.0,0,0
CGGCAGGGTCGGGTTG-1,0.1715368355602489,1,1,1.0337667103001906,2,9,0.0,0,0
GCTTTCAGAGGAGGTG-1,0.32927210278557145,1,1,1.4622570838802254,2,6,0.0,0,0
TCTTCCCATGGGCACA-1,0.20095427552555842,1,1,1.1232708573415888,3,5,0.0,0,0
TACCGCGGACTTGCAG-1,0.0,0,0,1.423691441979662,2,8,0.0,0,0
AGAATTATGGATTCGA-1,0.0,0,0,1.2694661339307203,3,11,0.0,0,0
ATTGATGAGTCCTAAC-1,0.1795354541116154,1,1,2.0801193532297404,3,32,0.0,0,0
TAGGTCGCCGGAACTG-1,0.0,0,0,1.932814676334932,4,32,0.0,0,0
TAACCTACCGTCCGAG-1,0.0,0,0,1.342153323763202,3,12,0.0,0,0
CTTAGTAGGCCTACAG-1,0.1550889618658284,1,1,1.507237602313311,3,14,0.0,0,0
CTAGATGTGAGTGTAA-1,0.0,0,0,1.3706934864660933,3,13,0.0,0,0
ACTCCCGAATTCGTTT-1,0.0,0,0,1.6550644538994637,3,14,0.0,0,0
GTTCATCGTTTGGCTG-1,0.0,0,0,1.439408619552823,2,7,0.0,0,0
ACTTTACCCTCATGAA-1,0.0,0,0,0.9651983667098902,2,6,0.41836308613264966,1,1
CGACTTTGTATAGCCT-1,0.0,0,0,1.2079109044220573,3,9,0.0,0,0
GCCATCGATGCTGCAT-1,0.18226185883756943,1,1,1.9266025786274699,4,18,0.0,0,0
GCATTTCCAAGGCTCC-1,0.0,0,0,2.0885350622609797,3,31,0.0,0,0
ATGTAAGGCTGCTCTT-1,0.0,0,0,2.486730468937025,4,39,0.0,0,0
ACGTTCGCAATCAATT-1,0.18377139305383328,1,1,2.0306398843889717,3,29,0.0,0,0
GTGACGAGGGTGACCC-1,0.0,0,0,0.9683359676999179,2,6,0.0,0,0
ATTATAGCTACTTTAC-1,0.0,0,0,2.2398264468243974,4,13,0.0,0,0
CGTGTGTTAAACCCTG-1,0.0,0,0,1.8276937303336485,3,11,0.46461385558509116,1,1
TTGGTATGGCTTGTGT-1,0.208585728833817,1,1,1.6046924685618214,3,11,0.417171457667634,1,1
CATTCCCATTCCGTCG-1,0.0,0,0,1.3565711596695236,2,10,0.0,0,0
TGCCGAAAGCGTATTC-1,0.0,0,0,1.730623354520991,3,14,0.0,0,0
CAACACATCTCCTGCC-1,0.0,0,0,0.940100769797486,2,5,0.0,0,0
CTGCCTCATATGCAAC-1,0.18288012175809953,1,1,1.359389405552248,3,9,0.0,0,0
TCCCGCCTATGTGCGT-1,0.0,0,0,2.245099957382253,4,16,0.0,0,0
GGTTACCCGACACTTT-1,0.37851020826703546,2,2,2.5537784911050814,4,37,0.37851020826703546,1,1
CCAGCGGGATCACCAG-1,0.0,0,0,1.3273040643320977,2,11,0.0,0,0
ATGTTTCGGCCCGGAG-1,0.17203943818163292,1,1,1.911785337480059,4,16,0.34407887636326584,1,1
GCGTCTAACCTCCTAA-1,0.2285433041688388,1,1,1.3710267818261481,2,11,0.0,0,0
ATCAGGTAGCTGACAG-1,0.1874342573603396,1,1,1.8985570996031687,4,15,0.0,0,0
GGTATGAAAGAACTGA-1,0.0,0,0,0.7909844440046565,3,7,0.0,0,0
GTGGCCTAATATCATT-1,0.0,0,0,1.2897829573544752,3,8,0.0,0,0
CCTGTGAAACCGTAAC-1,0.0,0,0,0.891502421350249,3,5,0.0,0,0
GGCAGAGAGATCGGGA-1,0.0,0,0,0.7546549720758677,2,6,0.0,0,0
TAGCGTCGAATATTGA-1,0.0,0,0,0.34278753254688676,1,2,0.0,0,0
CGCCGACTATTCGCTA-1,0.22508030073504393,2,2,1.1878536952980163,3,13,0.0,0,0
TCTGGCGCAAGCCGGG-1,0.0,0,0,1.2103187287118014,4,5,0.0,0,0
AGTGGTTGCGTATAGG-1,0.0,0,0,2.2925631018506953,4,32,0.3207525565585745,1,1
ATCGGTTACCTAGTAA-1,0.0,0,0,2.157644586456926,4,21,0.0,0,0
CCTGCCCGTTGTCTAG-1,0.0,0,0,1.0616442711772958,3,6,0.0,0,0
GCACACGCCCATGGTC-1,0.0,0,0,1.4922554494036955,3,8,0.0,0,0
AGTACGGCCCGTATCG-1,0.0,0,0,1.7265083485990909,4,23,0.0,0,0
TATCTAGCCTAAAGGA-1,0.1467448206390406,1,1,2.1027440729954336,4,29,0.0,0,0
CACTCGGTTAGGAGGA-1,0.2690890610470377,2,2,1.2732476286884638,3,14,0.0,0,0
ATGTTCGTCGACCCAC-1,0.0,0,0,1.7406776646900137,4,16,0.326596259487169,1,1
TTCCTCTGCCCGAATA-1,0.0,0,0,1.4360559177203587,3,12,0.0,0,0
TTACTATCGGCTTCTC-1,0.0,0,0,2.226213354315666,4,22,0.0,0,0
GCCGCATTAGTCCGGC-1,0.0,0,0,1.39000733530102,3,9,0.0,0,0
TAAGGGCTGGGAGAGG-1,0.44921195944968817,3,4,1.6797403278682073,3,35,0.0,0,0
TAAGCAGGCGACACGC-1,0.0,0,0,2.2731595868500856,4,29,0.35599262172995566,1,1
AGCACTACCGGCCTGT-1,0.349724187643294,2,2,1.9257128438244926,4,17,0.0,0,0
GAAAGCCCTTTGGACC-1,0.0,0,0,0.7699307340907267,2,5,0.0,0,0
GACCGACTGAAGCGTC-1,0.12856656290994892,1,1,1.0628355369187696,2,13,0.0,0,0
CGGTGAAGACTAAAGT-1,0.38260347655262783,2,4,1.737591033654271,4,21,0.0,0,0
CCCTGCGCTACGCATA-1,0.0,0,0,2.378035349304365,4,39,0.32246167257169994,1,1
TACTGGACAGCTCGGC-1,0.16687997724716952,1,1,2.566278636623712,4,59,0.0,0,0
TTAGTAGGGCGGCGGG-1,0.22665978518259178,1,1,1.7008628107133679,3,11,0.0,0,0
GAGGCTATCAAAGTCG-1,0.6231140820426925,2,6,2.1411055489664763,4,13,0.0,0,0
TTACCATTGATTACCC-1,0.0,0,0,1.3105570841525862,2,8,0.0,0,0
ATACCACGGGCAACTT-1,0.0,0,0,1.0178678356816264,2,5,0.0,0,0
TGTCCTAAGTCACCGC-1,0.634980000708428,2,4,2.4061317277682837,4,16,0.0,0,0
AGGTAGGTACAAAGCT-1,0.0,0,0,1.210688546244124,3,7,0.0,0,0
GGCATACAGGTAGCGG-1,0.0,0,0,1.433710076351094,3,9,0.0,0,0
TGTAGTGATCTATAAT-1,0.0,0,0,1.5339641647980644,3,11,0.0,0,0
TCCCGGGTGTGCTGCT-1,0.0,0,0,1.8215502237357333,3,19,0.0,0,0
TACGATGTTGATCATC-1,0.0,0,0,1.7006646304773942,3,14,0.0,0,0
CCTCTCTCCCATCTAG-1,0.0,0,0,1.0667757730960026,2,5,0.0,0,0
GCAGGACTATAGAATA-1,0.0,0,0,1.7125875924830989,3,18,0.36395273022810337,1,1
CTAGTGAAGGACAGGA-1,0.19542151444891354,1,1,1.8770878436414957,4,13,0.0,0,0
TACGAGAACTTCACGT-1,0.0,0,0,1.7639016905829843,3,19,0.5435778235730296,1,2
CGTTGTTTCAATTCCC-1,0.0,0,0,1.0010671177053703,3,4,0.5610869812370419,1,2
GCAAATATTACGCTTT-1,0.0,0,0,1.0392607903039024,2,10,0.0,0,0
CCAATAGTGCCGTCGA-1,0.6080768900139476,4,5,1.6294387234362873,3,21,0.26742619135568496,1,1
ATTGCTGCTCCTCCAT-1,0.0,0,0,2.6094906965025975,4,28,0.0,0,0
GAGATCTGCTTGGCAT-1,0.632064081087886,3,6,2.351395283357613,4,35,0.0,0,0
GCCGAAATTCCTACGT-1,0.5052046265731004,3,3,1.5029039005091627,3,15,0.0,0,0
GGCACTCCACTGGGCA-1,0.12603589378153288,1,1,2.4360910382076497,4,40,0.0,0,0
GGGTCACCGTGACGGT-1,0.11246128443442428,1,1,2.0116239293593905,4,38,0.22492256886884857,1,1
CACTTAATCAGACGGA-1,0.11029107568374867,1,1,0.8192451011883795,3,7,0.0,0,0
CGTTTCGCTCATTACA-1,0.14861599739757572,1,1,0.6777276173597775,2,4,0.0,0,0
ATAAAGGCTCGGTCGT-1,0.0,0,0,1.1942193859144277,3,12,0.0,0,0
CACTAAAGTTGCCTAT-1,0.0,0,0,1.3397928111635267,3,11,0.0,0,0
GTGCTCAAGTACTGTC-1,0.1289428084419155,1,1,1.6097022921402349,4,16,0.0,0,0
CCATGCCTGTTTAGTA-1,0.0,0,0,0.8979950005029126,2,8,0.0,0,0
TCTAGTTATCAGAAGA-1,0.12027819139540545,1,1,1.3303198293139233,4,15,0.0,0,0
TTGTAATCCGTACTCG-1,0.14288781234196138,1,1,1.2976581382237353,3,13,0.28577562468392276,1,1
TCCCAGCTTTAGTCTG-1,0.15519756725390688,1,1,0.9317376436018869,2,11,0.31039513450781375,1,1
CTACGCACGGAGTACC-1,0.12271222894200214,1,1,1.5310302507512135,4,19,0.0,0,0
AAATTAACGGGTAGCT-1,0.0,0,0,1.0768250614095107,3,15,0.0,0,0
CGGCCACGCACAAAGT-1,0.09048236767066642,1,1,0.4464007162514701,2,4,0.0,0,0
GAAGCGTGAGGAATTT-1,0.0,0,0,0.9299147719514216,4,10,0.0,0,0
ATATCTTAGGGCCTTC-1,0.1231866667597916,1,1,1.2509361717717797,3,12,0.0,0,0
ACGCGGGCCAAGGACA-1,0.13786150982937403,1,1,1.3691115214968157,4,11,0.0,0,0
GCGAGTTCTGCAAAGA-1,0.0,0,0,1.221999339894098,3,17,0.0,0,0
TATTCGTGCCAGAATA-1,0.0,0,0,0.6412438819495841,2,4,0.0,0,0
AGGGCTGCAGTTACAG-1,0.0,0,0,1.1871133245503704,4,7,0.0,0,0
CTAGCATAGTATAATG-1,0.1195755504832109,1,1,0.9929840936241761,3,9,0.2391511009664218,1,1
TAGGTTCGAGTTCGTC-1,0.0,0,0,0.5703190318114217,2,3,0.0,0,0
GAATTATAGTGAAAGG-1,0.11038956021547212,1,1,0.5555033451929763,2,5,0.0,0,0
CTATCGGGTCTCAACA-1,0.0,0,0,0.7849722374283394,2,6,0.0,0,0
GCGCTAATTGAATAGA-1,0.0,0,0,0.5995274856313976,2,7,0.0,0,0
ATGCGACAGTCCCATT-1,0.0,0,0,0.7832263509744879,2,4,0.0,0,0
GGTAGTGCTCGCACCA-1,0.2859580156584736,2,2,1.0169473164221283,3,9,0.0,0,0
AAGCTCGTGCCAAGTC-1,0.0,0,0,0.9580010029403936,2,2,0.0,0,0
TATTCAATTCTAATCC-1,0.1694264897713781,1,1,0.837313689693632,2,5,0.0,0,0
TTCAAAGTCTCTAGCC-1,0.0,0,0,0.4849835089129929,1,3,0.0,0,0
TTGAATATGGACTTTC-1,0.0,0,0,0.8285442626061442,2,7,0.0,0,0
AAGAGCTCTTTATCGG-1,0.0,0,0,0.4520492024632796,1,3,0.0,0,0
TTACTCCGGCCGGGAA-1,0.14503047860989868,1,1,0.8454245037336358,3,5,0.0,0,0
AAACGAGACGGTTGAT-1,0.0,0,0,1.4509063158303277,4,9,0.0,0,0
GCTAAGTAGTTTCTCT-1,0.0,0,0,1.1719929205251525,2,12,0.0,0,0
ATAACGCCGGAGGGTC-1,0.0,0,0,1.4391624383821158,3,13,0.0,0,0
GGATCCGGAATATACT-1,0.0,0,0,1.6182124092352221,4,10,0.0,0,0
TGAAAGGACCTGACTC-1,0.0,0,0,1.3348916041916388,3,9,0.0,0,0
TCCGCGGCAGCATCTG-1,0.0,0,0,0.9736749657471027,3,4,0.0,0,0
TGCATATGTCTGTCAC-1,0.0,0,0,1.4942303201666223,3,9,0.0,0,0
TGTAGGAGAAATTTCC-1,0.25201008896609706,1,2,0.9824046529225295,2,7,0.0,0,0
AGTGAGACTTCCAGTA-1,0.0,0,0,1.007590602628984,3,5,0.0,0,0
CCCAAACATGCTGCTC-1,0.0,0,0,0.6997416896421061,2,5,0.0,0,0
GCTTATGAAGCAGGAA-1,0.0,0,0,1.3103019532800255,3,7,0.0,0,0
TTCTAACCGAAGCTTA-1,0.0,0,0,2.2576865607804693,4,23,0.0,0,0
GGATGTCCTTACCGCA-1,0.0,0,0,1.8692685147344659,3,19,0.0,0,0
AGGGTGCTCTCGAGGG-1,0.0,0,0,1.5715352834337655,2,15,0.0,0,0
AACTCTCAATAGAGCG-1,0.22876295699765212,1,1,1.054080247618615,2,5,0.0,0,0
TCTGAATTCCGTACAA-1,0.0,0,0,1.2493290567642255,2,4,0.0,0,0
GCGTGGTACTGGGTTA-1,0.17229194241101145,1,1,0.6412090631634135,2,3,0.0,0,0
CGTCGGATAGTGTTGA-1,0.0,0,0,1.2509016221689016,2,4,0.0,0,0
ATATGTCTCCCTAGCC-1,0.0,0,0,0.9915792424891857,2,6,0.0,0,0
TCTTTAAGACTATGAA-1,0.0,0,0,1.7109308799879364,3,5,0.0,0,0
TCATTTAAGTCTCCGA-1,0.0,0,0,0.6178535051120272,2,2,0.0,0,0
GATATTGAGATTGGCG-1,0.0,0,0,1.1616794843624776,2,5,0.5195460752786102,1,1
TGACATCGAGCGGACC-1,0.0,0,0,0.6939283026583725,2,5,0.0,0,0
GCGTAAATGGCCATAA-1,0.0,0,0,1.2715713409347615,3,10,0.31955780829526786,1,1
ATTGTACAACTCGGCT-1,0.0,0,0,0.5806234799551913,3,5,0.0,0,0
TACGCTATAGAAACCT-1,0.0,0,0,1.4593460408864933,3,11,0.0,0,0
CACCCAAATCTTATGT-1,0.10681327137625385,1,1,1.012509657436524,3,12,0.0,0,0
AGATGATGGAGTCTGG-1,0.2037647649923857,2,2,1.262941951187342,4,14,0.0,0,0
CCACGGTGCCCGGTAG-1,0.1225329420775908,1,1,0.9447466333444301,4,6,0.0,0,0
TCAAGAAATACTAGCT-1,0.0,0,0,1.0898267032465025,4,14,0.0,0,0
AGGTATAATTGATAGT-1,0.0,0,0,0.9761220448430176,2,10,0.0,0,0
CAAGGTCCTATAGGCT-1,0.0,0,0,1.1467339210886904,2,11,0.0,0,0
CCGGCACGACCGTTTC-1,0.19162995352100512,1,1,0.7050779295260347,2,3,0.0,0,0
ACCTCCGTTATTCACC-1,0.15814434843778583,1,1,1.359416837353014,2,18,0.0,0,0
GCAGCCTATATCACAT-1,0.0,0,0,1.147322076161636,2,12,0.0,0,0
GGTATAGTGACACATA-1,0.1315442504984691,1,1,2.1271683891540247,4,33,0.0,0,0
AAATTCCAGGTCCAAA-1,0.0,0,0,1.7862320611546412,3,44,0.0,0,0
TCTTTAGCAGGCGAAC-1,0.0,0,0,1.1579401587688565,2,8,0.0,0,0
TATTGACATTTCTGCC-1,0.0,0,0,1.6244528443348003,2,10,0.0,0,0
TCTGATCGGGTGCTAG-1,0.0,0,0,1.3532390238979808,2,10,0.0,0,0
GGCCCGGAGCATGTCT-1,0.0,0,0,1.9699994254455249,4,15,0.0,0,0
GGGCGCAGCGTTACTC-1,0.0,0,0,2.1777158188157144,4,15,0.0,0,0
TTGGCGATCCGAATAT-1,0.4178259045730448,2,2,1.9310195942528732,3,17,0.0,0,0
CCACGTAAATTAGACT-1,0.0,0,0,1.707411622356234,3,15,0.0,0,0
TCTGATTGGAAATGGA-1,0.0,0,0,1.8909367684196892,4,11,0.0,0,0
ATGGCGGAATAGTCGC-1,0.3647879142376749,2,2,2.2794470821993134,4,27,0.0,0,0
ATCGCTTTACGTCTCA-1,0.37329234743784223,1,4,2.511196065260238,4,30,0.0,0,0
TACGTGCAAGGTTCCT-1,0.0,0,0,1.9128601271743293,3,16,0.0,0,0
CAGGACAGCTGCCCTT-1,0.0,0,0,1.6581321647870173,3,15,0.0,0,0
CAAACCAGGTCTGCAT-1,0.0,0,0,1.0037863804480263,4,11,0.0,0,0
ACAAGCTATATGGAAG-1,0.11580858784250343,1,1,1.063961277806532,3,11,0.0,0,0
TCGCCCACTGCGAGAG-1,0.485774939641243,3,3,0.8697129856093607,2,6,0.3238499597608287,1,1
AGCCGCAAATTCAAAT-1,0.0,0,0,0.5245988144002973,1,4,0.0,0,0
TTAACGTTAAAGCCTG-1,0.0,0,0,1.4787668400420924,4,9,0.0,0,0
CAGCGCCAACACGATA-1,0.0,0,0,1.6584250503655305,3,14,0.0,0,0
ATCCAATGGTACCGAA-1,0.18064973552066246,1,1,1.89948710593839,4,14,0.7225989420826499,2,2
GTGCTGCAGATAAGGA-1,0.0,0,0,1.9599403823715842,4,24,0.2694794378687166,1,1
GGCCTTTGCAACTGGC-1,0.42947645466642537,2,4,1.0864421377411182,2,12,0.27959331780869434,1,1
GTCGTACCTACGATTG-1,0.0,0,0,1.8096179583727836,3,11,0.0,0,0
TAGAAATTCACGTATA-1,0.21396443065400983,1,1,1.759539549988577,4,9,0.0,0,0
AGAATAAATCTTCAGG-1,0.0,0,0,2.0548822170472043,3,17,0.0,0,0
CATTGCGAAATGGGCG-1,0.0,0,0,1.6801685343474,3,14,0.3666491341170263,1,1
GTCTACTCAATTACAA-1,0.0,0,0,1.4169617330166744,2,9,0.0,0,0
TGTAATGACCACAATA-1,0.0,0,0,1.6568707189577916,3,9,0.0,0,0
AAAGTCGACCCTCAGT-1,0.0,0,0,1.6804042949615456,3,17,0.0,0,0
TACTCGGCACGCCGGG-1,0.0,0,0,1.0679649848885606,2,8,0.0,0,0
AGGTGTATCGCCATGA-1,0.0,0,0,2.0820289207901506,4,18,0.3986608297009427,1,1
TGTGCTTTACGTAAGA-1,0.0,0,0,1.438689813125515,2,17,0.0,0,0
AAACCTCATGAAGTTG-1,0.0,0,0,1.3389326094323004,2,12,0.0,0,0
TATAGGGTACTCATGA-1,0.0,0,0,0.9938902809137002,2,10,0.0,0,0
CCAGCTGATGGTACTT-1,0.0,0,0,1.1701264942195093,3,7,0.0,0,0
AATATTGGAGTATTGA-1,0.1564346555982318,1,1,1.2523858789384923,3,10,0.0,0,0
GGCCCTCACCCACTTA-1,0.2515059226863521,1,1,3.1017362714275016,4,28,0.0,0,0
AACCAAGACTTCTCTG-1,0.0,0,0,1.7018978862672955,3,12,0.0,0,0
TCGTATTACCCATTGC-1,0.0,0,0,1.2330259245121853,2,6,0.0,0,0
ATTCGACGCCGGGCCT-1,0.20311011505499718,1,1,3.3430009981506763,4,54,0.0,0,0
GGCGCAGGACATCTTC-1,0.2095408784891446,1,1,2.7895255168970428,4,30,0.0,0,0
GTACTCCCTTATCGCT-1,0.23897778062710717,1,1,1.8020645411502827,3,12,0.0,0,0
TGGTCTGTTGGGCGTA-1,0.1507864934450608,1,1,1.7366551132043133,4,16,0.3015729868901216,1,1
AATAACAACGCTCGGC-1,0.19747251819139147,1,1,1.2843486752040487,2,11,0.0,0,0
CATACCCGTACCCAGT-1,0.0,0,0,1.2386413075198783,3,5,0.0,0,0
ACAATCCATTTAAACC-1,0.15549317645921454,1,1,1.1400292582167233,2,12,0.0,0,0
GTTACAATTGGTGACG-1,0.0,0,0,1.2436444001924238,4,6,0.0,0,0
TTGCCCTGATCACGGG-1,0.16343682790162614,1,1,2.004286978816684,4,16,0.3268736558032523,1,1
CTAACCGCGCGCCCGT-1,0.3044635252880549,2,2,2.829204076211905,4,49,0.0,0,0
CTAAAGAATGCCTACT-1,0.0,0,0,1.8497988689581002,4,25,0.38992160948828675,1,2
ACCCATCTTGAGGGTA-1,0.0,0,0,1.8836134571391046,4,12,0.0,0,0
GATCTTTGCAGGGTAT-1,0.15064066197143583,1,1,1.639807865521136,3,23,0.0,0,0
GGGTACTTCATGAACT-1,0.11754393405130255,1,1,1.3249979229234001,3,16,0.0,0,0
GCCGCTTGTGAGAAAC-1,0.15241077168215403,1,1,2.070911992607067,4,20,0.0,0,0
CCTGTAAGACATGATA-1,0.2876371146317817,2,2,1.9091555853154931,4,21,0.0,0,0
CGACAGTTCGCGTTAT-1,0.0,0,0,1.842297758005273,3,16,0.0,0,0
ACGATGCATATGTTAT-1,0.2666247934449462,1,2,1.6920510146008312,3,18,0.0,0,0
TGTTCCGCTTCCATGA-1,0.0,0,0,2.896578478547918,4,53,0.0,0,0
GGATGACGCGAGTTTA-1,0.12123777304735421,1,1,0.9299361569677993,3,8,0.0,0,0
GAAGTTTCCACTCAAT-1,0.0,0,0,2.80739604221609,4,42,0.0,0,0
GCGAGGCCCGAGCAGA-1,0.12990426156002888,1,1,1.5211887055546334,3,18,0.25980852312005775,1,1
CATACTATGTAATTGT-1,0.0,0,0,2.2132244378812578,4,32,0.3110175365343804,1,1
CCAATGTCACAGCAAG-1,0.0,0,0,2.3368520429715764,4,45,0.2403752565781141,1,1
GTTGGATTTGCGTTGG-1,0.0,0,0,0.8561991179170746,3,7,0.0,0,0
GGGAGGATGCCCGAAA-1,0.0,0,0,0.6492977494544816,3,7,0.0,0,0
GATCGCGGGCTCTCCA-1,0.14322716198984106,1,1,1.5287277687709273,3,17,0.0,0,0
GTTCGCCATAAGTGCC-1,0.0,0,0,2.1140400433426705,4,31,0.0,0,0
AGATTATAGGACGTTT-1,0.0,0,0,1.7791788515125702,4,35,0.0,0,0
TCGAGACCAACACCGT-1,0.08512871602015448,1,1,1.5071257405790435,4,31,0.17025743204030896,1,1
TATGGGACCGAGCAGG-1,0.1198627753825674,1,1,1.1472485911012476,3,14,0.0,0,0
GATGCGTCCTGCATTC-1,0.32617505184582185,3,3,1.4733852181446916,4,19,0.0,0,0
TATGGTCTGAGTAACA-1,0.1912621859773019,1,1,1.1898070566877263,3,7,0.0,0,0
GCATAGAGCACTCAGG-1,0.0,0,0,1.2765580114995676,4,11,0.0,0,0
CTTCATTGTCAGTGGA-1,0.0,0,0,1.116235148159291,3,13,0.0,0,0
GCAGATTAGGGATATC-1,0.08773623769686782,1,1,0.8124465860127308,4,8,0.0,0,0
CCTGTCGCCCGTAAAT-1,0.0,0,0,0.8236379306972847,3,8,0.0,0,0
CAATTTCGTATAAGGG-1,0.0,0,0,0.9923967493309263,2,11,0.0,0,0
GTACACTTACCTGAAG-1,0.1254491232360099,1,1,0.805791645199579,2,8,0.0,0,0
CCAGCCTGGACCAATA-1,0.0,0,0,0.6584204009553558,2,5,0.0,0,0
ATGGAGCAGGCCGTGA-1,0.24312239025031387,2,2,0.7178394867106682,2,8,0.0,0,0
GTCATTAGAGCGAACG-1,0.0,0,0,0.7576831616345902,2,8,0.0,0,0
AAGACTGCAAGCTACT-1,0.0,0,0,0.7324687451091352,2,5,0.0,0,0
CTAGTCACGTCTTAAG-1,0.0,0,0,0.6151828078411713,2,2,0.0,0,0
ACTCTTGTATAGTAAC-1,0.20400964294394566,1,1,1.1851089792550393,3,5,0.0,0,0
ATTAGGCGATGCTTTC-1,0.0,0,0,0.7970089433292752,2,4,0.0,0,0
TTCGGGACTAATCGCG-1,0.0,0,0,2.325397079255487,4,9,0.0,0,0
TGGACTGTTCGCTCAA-1,0.0,0,0,1.670268594809615,3,9,0.0,0,0
AACGTGCGAAAGTCTC-1,0.0,0,0,0.7665940513218349,2,3,0.0,0,0
CCACCCAAGGAAAGTG-1,0.0,0,0,1.395753202940694,3,13,0.0,0,0
CCGCACAAAGACCAAC-1,0.0,0,0,0.1808124469919642,1,1,0.0,0,0
GCGATTGTTAACGTTA-1,0.0,0,0,1.3633774756092598,3,8,0.0,0,0
ACTCGTCAGTAATCCC-1,0.0,0,0,1.202279493523833,4,7,0.0,0,0
GGTGATAAGGAGCAGT-1,0.0,0,0,0.696294867894624,2,4,0.0,0,0
AAGAGGCATGGATCGC-1,0.0,0,0,1.3887230016563312,3,10,0.0,0,0
CACGTTCGTGCTCTAG-1,0.0,0,0,0.6910579255839624,2,3,0.0,0,0
CTATTTGGTTACGGAT-1,0.0,0,0,1.4021098360221318,2,14,0.0,0,0
GTACAGAGGCAAGGGT-1,0.0,0,0,1.1003602778258637,3,8,0.0,0,0
GGGCCGGCCGAAGTAC-1,0.0,0,0,1.3223647229461577,3,13,0.32432696395114274,1,1
CCTGAACGATATATTC-1,0.0,0,0,0.5547726483577589,1,3,0.0,0,0
CCGGGCTGCTCCATAC-1,0.0,0,0,1.165397832830605,3,4,0.0,0,0
TACTTGTTAGTAGTCC-1,0.0,0,0,0.39801669223847014,1,1,0.0,0,0
CCTAGGCGTAGCGATC-1,0.0,0,0,0.9781850374877725,2,6,0.0,0,0
CTGGCGCACAGGTCTG-1,0.0,0,0,1.7514638930311741,4,10,0.0,0,0
ACTTATACTTACCCGG-1,0.0,0,0,0.402519554950876,1,1,0.0,0,0
GAAGTCTCCCTAGCGA-1,0.0,0,0,1.582874980137285,3,5,0.0,0,0
ACCGATGGTAGCATCG-1,0.0,0,0,1.1624096063012357,2,7,0.0,0,0
CGAGTTTATCGGACTG-1,0.0,0,0,1.304245486635513,2,18,0.0,0,0
CATAACGGACAGTCGT-1,0.0,0,0,1.8082465312556604,3,15,0.0,0,0
TGACGATGCACTAGAA-1,0.0,0,0,2.2170293418618847,4,31,0.0,0,0
TAGGGAGCTTGGGATG-1,0.0,0,0,0.6337650511761708,2,4,0.0,0,0
AGGGTCGATGCGAACT-1,0.20280295180240093,1,1,2.5019642732529173,4,32,0.0,0,0
TATATCCCTGGGAGGA-1,0.0,0,0,0.8282449122618043,2,6,0.0,0,0
CATCTTACACCACCTC-1,0.0,0,0,1.6829853681017033,2,18,0.0,0,0
GTGCGACAGGGAGTGT-1,0.1338263506217332,1,1,1.2418880375481405,3,13,0.2676527012434664,1,1
CCGATCTCAACCTTAT-1,0.0,0,0,2.1991911365204784,3,19,0.0,0,0
ACGATCATCTTGTAAA-1,0.1454483018678256,1,1,1.0050072096950233,2,10,0.0,0,0
GAAAGAACAGCGTTAT-1,0.0,0,0,1.303665894146756,2,12,0.0,0,0
CTAGGTCTGAAGGAAT-1,0.14844635933623812,1,1,0.6999487142977353,2,5,0.0,0,0
ATATCAACCTACAGAG-1,0.0,0,0,0.8649974373490341,3,3,0.0,0,0
AAATAGCTTAGACTTT-1,0.1783521584231654,1,1,0.47727917529337816,1,3,0.0,0,0
GCGACATGTAAACATC-1,0.0,0,0,0.5360908606121919,2,5,0.0,0,0
ATAAGTAGGGCGACTC-1,0.0,0,0,0.7783590828598659,2,4,0.3762781230055637,1,1
GCGAGCGCATGCTCCC-1,0.0,0,0,0.8088153611616689,3,6,0.0,0,0
AGGGACCGGCTGCGTT-1,0.0,0,0,0.9199878724708064,2,5,0.0,0,0
CCTATGAAGTGGTGCC-1,0.0,0,0,1.0964846258830405,2,8,0.0,0,0
GCTTACGTAGTTAGTA-1,0.0,0,0,1.346956610687841,3,10,0.0,0,0
CATACTTAGGCAATAC-1,0.0,0,0,1.238579484428089,3,10,0.0,0,0
CCTGTCCCTCACGTTA-1,0.0,0,0,1.4255592128799233,3,9,0.37379567849284273,1,1
GTTAAGTTAGAGTGGG-1,0.0,0,0,1.9878013896344497,3,43,0.0,0,0
CTGGGATACGCTACCC-1,0.2583016684659469,1,2,2.3562673220812753,4,30,0.0,0,0
AACCTGTCACGGAATT-1,0.3695257863369499,2,2,1.591822468359378,3,14,0.0,0,0
ACTGCGGACACACCGT-1,0.2769140117251861,1,2,1.9867556940803692,4,17,0.0,0,0
CCGTGAGGCATTCATG-1,0.2006815806054989,1,1,1.7307630714998354,3,13,0.0,0,0
GCCCAGATGCTGGAGA-1,0.0,0,0,1.4915025824570005,2,24,0.3136293601403685,1,1
TCTGGCCGTTCAAGTT-1,0.2299427101734652,1,1,1.4031476178502902,3,6,0.0,0,0
ATACGAAGGCTTTCCA-1,0.0,0,0,1.597695167691921,3,9,0.0,0,0
GATCCGAATATAAGTG-1,0.15468699167291114,1,1,2.0432426191009054,4,26,0.0,0,0
GTGGAGCATGTCGGCC-1,0.16272867333158622,1,1,1.7729219915051984,3,21,0.32545734666317244,1,1
ACTCTTCAGCTCCCGC-1,0.0,0,0,2.3415685960189476,4,25,0.0,0,0
CCCGATAGCCTCGCCT-1,0.0,0,0,1.1652972334454115,2,7,0.0,0,0
ACAGGTGTGTTGTTGC-1,0.29445741360796746,2,2,1.0456367475645887,2,10,0.0,0,0
TGAACTGCTATGACTT-1,0.1754064168579558,1,1,2.761317803637239,4,42,0.0,0,0
TGACATATATGACGAT-1,0.16099527686537338,1,1,1.6363913771618526,3,20,0.0,0,0
AAGTCTTCTGTGGCCT-1,0.1970271226765522,1,1,2.1840722925837146,4,17,0.0,0,0
ACCAGACCATAACAAC-1,0.0,0,0,1.4566011417351097,3,14,0.0,0,0
TGAGACGTACCTCTCA-1,0.20823007281988914,1,1,2.247622763769209,4,18,0.0,0,0
GACCGTTACATGCGAC-1,0.33765703409519454,2,2,2.0685887064996202,4,23,0.0,0,0
GGTTCGGATTATACTA-1,0.21023351454683373,1,1,2.8096704296168227,4,35,0.42046702909366745,1,1
CCTCCTGAGCCCACAT-1,0.0,0,0,2.0145633241265952,3,14,0.0,0,0
CCGCGATTTGGTAGGT-1,0.2375281312644774,1,1,2.258202863742934,4,14,0.0,0,0
AATCTCTACTGTGGTT-1,0.0,0,0,1.4172986158774545,2,9,0.0,0,0
ACTTTGACTGCATCCT-1,0.0,0,0,2.9715197985876145,4,26,0.5655920111409054,1,1
CCCTGACTAACAAATT-1,0.21920189163289516,1,1,2.247331045223424,4,16,0.0,0,0
ACGCTGTGAGGCGTAG-1,0.2338374648965167,1,1,1.3998769909413424,3,7,0.0,0,0
GCATACGAGGTCTTTA-1,0.0,0,0,2.0905633052793693,3,18,0.0,0,0
TCGGGATTCAAACATA-1,0.0,0,0,2.7094560718785186,4,27,0.0,0,0
GGGCCCTACGAAAGGG-1,0.0,0,0,2.297027005496436,3,34,0.0,0,0
CGCCAAGAAGCCGAGT-1,0.0,0,0,1.3812655652384276,3,6,0.0,0,0
GGTACATCTGGGACGA-1,0.22351740461713532,1,1,2.538356899306013,4,31,0.0,0,0
GGATGCTGGCGTTCCT-1,0.2086748569399075,1,1,1.0981727195290794,2,7,0.417349713879815,1,1
CCGATTCGAGGGACCC-1,0.21035450120702825,1,1,1.7759941441843798,3,15,0.0,0,0
CCACTGGTGGCTGGTT-1,0.0,0,0,2.3804332383397853,4,39,0.0,0,0
GACAGGCACACACTAT-1,0.0,0,0,1.3722373617149781,2,9,0.6862117783649618,1,2
TCAACGCGACCGGCAG-1,0.3215544111850694,2,2,1.102144236301563,2,11,0.0,0,0
CTACGACTAGCTATAA-1,0.0,0,0,1.1916601379640375,3,5,0.0,0,0
CGGTTGACCTGGCATA-1,0.0,0,0,2.355442607698637,4,22,0.0,0,0
ATCCTGAATCGCTGCG-1,0.0,0,0,2.579514665064271,4,24,0.0,0,0
GTTTCATATCGTCGCT-1,0.0,0,0,0.39801669223847014,1,1,0.0,0,0
ATAAATATTAGCAGCT-1,0.0,0,0,3.400609432873029,4,66,0.0,0,0
AAGAGGATGTACGCGA-1,0.15275513318235487,1,1,3.26114800025038,4,99,0.0,0,0
TCCTGCGTTGATACTC-1,0.2249172647926698,1,1,1.8107316529682018,3,11,0.0,0,0
CGTGCATTGTCGACGC-1,0.0,0,0,1.183320433636528,2,7,0.0,0,0
CCGGGTTCGAGGTTAC-1,0.0,0,0,1.1796193629112872,2,12,0.0,0,0
CCCAATTTCACAACTT-1,0.0,0,0,2.2063646308523888,4,11,0.0,0,0
TGATTTATTAGCTGTG-1,0.5272531180193731,3,3,1.879369481457772,3,27,0.0,0,0
TGGAAGAAGGGAACGT-1,0.3515833606355793,2,2,1.6160721073237712,3,17,0.0,0,0
GACGCTTGCTTCTAAA-1,0.0,0,0,1.17513349310273,3,6,0.0,0,0
GGGAACGGGAGGTTAG-1,0.16563751557747686,1,1,0.700718771872282,2,4,0.0,0,0
GCGGCTCTGACGTACC-1,0.0,0,0,1.587861501596122,3,16,0.0,0,0
ACGTTAGATTTGCCCG-1,0.19734128675877935,1,1,2.02967710830109,4,14,0.0,0,0
GAGAGGGCGCGAGGTT-1,0.18173324434841162,2,2,1.2116399072265867,3,23,0.18173324434841162,1,1
GCGTCTCTGCATTGGG-1,0.0,0,0,1.272188609398739,2,15,0.0,0,0
GCAGCACACAGCCCAG-1,0.1455159324365713,1,1,1.2540413628155782,3,12,0.2910318648731426,1,1
CAGGCCGTTTGGGTGT-1,0.0,0,0,1.6742837399024486,4,15,0.0,0,0
AACTCAAGTTAATTGC-1,0.15467157583299268,1,1,1.162279429884566,3,9,0.30934315166598536,1,1
CTTCGTAGATAGGTGA-1,0.0,0,0,1.4019503467079146,3,11,0.0,0,0
TGCAGAGTACCGAGCA-1,0.13574804474750482,1,1,1.2923301138147436,4,11,0.0,0,0
GAAGTGATTTATCGTG-1,0.12854572790978844,1,1,2.053589212604409,3,51,0.0,0,0
CGCTACGGGACATTTA-1,0.14781387311169808,1,1,1.1798055720949874,2,15,0.0,0,0
CCACACTGAGATATTA-1,0.2949856258803517,2,2,1.556819223474207,3,17,0.2949856258803517,1,1
CGATCCGACCCAGTGC-1,0.14671727217643882,1,1,2.104810521685153,4,25,0.0,0,0
CTGTACTTCTTAGCAT-1,0.0,0,0,1.2574335118380169,2,10,0.0,0,0
ACTTATTAGGATCGGT-1,0.0,0,0,0.6606051291276143,2,7,0.0,0,0
TAGTCCGCAGAGAATG-1,0.0,0,0,1.0475268458093598,3,14,0.0,0,0
TTCACGAAAGGATCAC-1,0.0,0,0,1.5434062549409486,4,16,0.0,0,0
TACATTTCTAACGTGC-1,0.0,0,0,1.098175342003918,4,8,0.0,0,0
ACCATATCCGCAATAA-1,0.09315337456535787,1,1,1.083533772782242,4,13,0.0,0,0
CACTCAAGAGCTATGG-1,0.13175231564372322,1,1,0.5268606497735094,1,6,0.0,0,0
TGTACGAACAAATCCG-1,0.2018686593910768,2,2,1.0736621068554244,3,12,0.0,0,0
ATCATCCAATATTTGT-1,0.0,0,0,0.8083822224740785,4,6,0.0,0,0
CGCTATTCTTAGGCTC-1,0.0,0,0,1.0357263105837542,4,10,0.0,0,0
TGGCAGCAGTAATAGT-1,0.1187665404106562,1,1,0.7371094188568845,2,7,0.0,0,0
TCACGTGCCCGATTCA-1,0.22102204490976796,2,2,0.9744168608605142,3,10,0.22102204490976796,1,1
CATACGGCGTCTGGGC-1,0.0,0,0,0.8635732034679894,3,6,0.0,0,0
CACATGATTCAGCAAC-1,0.0,0,0,0.8122070732033333,3,7,0.0,0,0
GCTAGTAGAGCTTGTA-1,0.0,0,0,1.5586795928032582,3,13,0.0,0,0
TGCTGTTGAAGAACTC-1,0.0,0,0,0.7249758818513845,2,8,0.0,0,0
CGGAGCATGGCGATCC-1,0.13914115356076287,1,1,1.170035771999265,3,10,0.0,0,0
TAGCGTTGGGTCTTAC-1,0.23488386850793605,1,1,1.5686148063788812,3,7,0.0,0,0
GTAGCGGCTATACACT-1,0.0,0,0,0.9304640475598556,2,5,0.0,0,0
TAACATACAATGTGGG-1,0.0,0,0,1.3684052374737907,3,13,0.0,0,0
TCTTCGAATAGACGTT-1,0.0,0,0,1.7763881046259877,4,13,0.0,0,0
GATCGTGACTGATATC-1,0.0,0,0,1.3224306183356758,2,17,0.3135658714645612,1,1
GATCCGGGAATTAACA-1,0.0,0,0,1.3567084601064487,3,12,0.0,0,0
TTATATACGCTGTCAC-1,0.0,0,0,0.6239707888418079,2,3,0.0,0,0
GTCGCGTAACCCGTTG-1,0.0,0,0,0.8598648980898946,2,6,0.0,0,0
AGCTCTAGACGTTCCA-1,0.0,0,0,1.2321641093227207,3,6,0.0,0,0
GTCAAGCGGACTCGGG-1,0.16899623384793983,1,1,0.5069887015438195,2,2,0.0,0,0
CGAGGGACTGCGGTCG-1,0.0,0,0,1.470297003877417,3,14,0.3238499597608287,1,1
AATCGCCTCAGCGCCA-1,0.0,0,0,1.7249606642059838,3,19,0.0,0,0
CTTGTTGCTGAGTCAA-1,0.0,0,0,1.3920418355247706,3,11,0.0,0,0
GATATGAGACACTAAC-1,0.32569821795821935,2,2,0.9546147640210583,2,7,0.0,0,0
TTATGATCTTAACGAA-1,0.0,0,0,0.9999864073190105,3,7,0.0,0,0
CGCCGCCCATGCCTGT-1,0.2638479299726036,1,1,1.1755964723641472,2,5,0.0,0,0
CTGGGATAAATAATGG-1,0.0,0,0,0.8355715885738657,3,4,0.0,0,0
GTGCCCGTTCGGATTC-1,0.0,0,0,1.4133788850048346,3,14,0.0,0,0
TTCAATACTCTGAATC-1,0.0,0,0,1.250471977618464,2,9,0.0,0,0
CGCACATGTCCACTAC-1,0.0,0,0,1.1047896119518228,3,6,0.0,0,0
GATAACTCGCACTGTG-1,0.0,0,0,1.7808839693047258,3,7,0.5858643798777684,1,1
AGTCGACGGTCTCAAG-1,0.0,0,0,0.5925450714881054,1,2,0.0,0,0
GTGACCGCACACTACG-1,0.0,0,0,1.5419397362403884,3,6,0.0,0,0
GTATGTGGGTCTAGTT-1,0.0,0,0,1.544288127079068,3,9,0.0,0,0
CTTGAGTTAGGGTAAT-1,0.0,0,0,1.575651743375567,3,10,0.0,0,0
TTAGCTGATTTGCCGT-1,0.0,0,0,2.184241449747905,4,19,0.0,0,0
GCTGTTGCTACCGAAC-1,0.0,0,0,0.870830650483631,3,5,0.0,0,0
TATTACCATCCTGCTT-1,0.0,0,0,1.1345552164203596,3,5,0.0,0,0
TTGAATTCACGTGAGG-1,0.0,0,0,1.0736499941081958,4,4,0.0,0,0
CCATCTCACCAGTGAA-1,0.0,0,0,0.7199552369035211,2,3,0.39233777151517896,1,1
CGCACGTGCGCTATCA-1,0.0,0,0,0.0,0,0,0.0,0,0
ACCCGGATGACGCATC-1,0.0,0,0,1.1219025277367298,3,7,0.0,0,0
CGCTAGAGACCGCTGC-1,0.0,0,0,0.9221745701609385,2,6,0.0,0,0
ATAGTTCCACCCACTC-1,0.26041687218663107,1,1,1.0182733175963201,2,4,0.0,0,0
GCAGACCCAGCACGTA-1,0.0,0,0,0.0,0,0,0.0,0,0
TAGACTACCTAGCGTT-1,0.0,0,0,1.1819908430402921,4,7,0.0,0,0
GGTTCTACTCGTCTGA-1,0.0,0,0,0.615063173917686,2,5,0.0,0,0
GACTCACCCACGTGAG-1,0.20653999661251443,2,2,0.7769986415936297,3,7,0.0,0,0
AGCTCTTCGTAACCTT-1,0.0,0,0,0.6488002324866732,2,6,0.0,0,0
ACTATCCAGGGCATGG-1,0.0,0,0,0.47168726042358033,2,3,0.0,0,0
ATATCGGTAGGGAGAT-1,0.13089171388247636,1,1,0.6098763340380495,2,4,0.0,0,0
TTCCAGACGAGATTTA-1,0.1595643600601414,1,1,1.6326700031512484,3,20,0.3191287201202828,1,1
GACCGACGTGAAAGCA-1,0.17074118092570903,1,2,1.6261667696751732,4,26,0.4253635268981497,2,2
CCTGGAAACGTTCTGC-1,0.12734929565314398,1,1,1.3321541589127217,2,24,0.0,0,0
CCGGTAATGGCTAGTC-1,0.20811182429614375,1,2,1.7314813093961885,4,20,0.0,0,0
GCCGTGGAAGAAATGT-1,0.0,0,0,1.5037458822644132,3,15,0.0,0,0
GTCTTGAGGAGCAGTG-1,0.365113591619388,2,3,1.5443802323820153,3,17,0.28891024080738387,1,1
TCCCAAAGCCCTAAAT-1,0.14543478376976957,1,1,1.3682536595781463,3,13,0.0,0,0
TTGAGCGCCACGTGAT-1,0.14777191132758363,1,1,1.9284738280825278,4,28,0.29554382265516727,1,1
TTGAGTCCCGCTGCTG-1,0.163194272654221,1,1,2.2248257181649644,4,22,0.652777090616884,2,2
ATGGAACCTTTGCACA-1,0.15656111075733384,1,1,3.061843857033045,4,68,0.0,0,0
GCTAGCACCTGGGCCA-1,0.3183070227176871,2,2,1.8537919556287785,4,21,0.0,0,0
CGCCGTCTACCCATCG-1,0.0,0,0,3.299240585756816,4,48,0.0,0,0
GATAGGTGTCCCGGGC-1,0.5309928182805554,3,5,2.358928452883212,4,39,0.27089008497873407,1,1
AGGTATGCGGACATTA-1,0.2535137608547375,1,2,1.838078342894112,3,27,0.0,0,0
TTGGTTCGCTCAAAGG-1,0.0,0,0,1.9888268485854228,4,15,0.0,0,0
TCTGGAGCGTAAGAGT-1,0.0,0,0,0.8828520984881332,2,5,0.0,0,0
TGCCTAAATTTAATAG-1,0.0,0,0,0.7163530923685253,1,7,0.0,0,0
TAATTTCCGTCCAGTA-1,0.0,0,0,2.21744699152698,4,26,0.0,0,0
TCCTTCAATCCCTACG-1,0.0,0,0,1.7156829568621381,3,10,0.968595519102608,2,2
TACCTATCCCTAGAGG-1,0.0,0,0,1.8110501083762145,3,16,0.0,0,0
GCATGGGTACTGACGC-1,0.0,0,0,2.0153137428579297,4,19,0.0,0,0
GTCGGGAACATGGTAG-1,0.0,0,0,1.9681429455053783,3,21,0.0,0,0
GCAAATGAGGACACTT-1,0.18239395711883746,1,1,2.067146556080779,3,26,0.0,0,0
GAATGGGCTTATCGAC-1,0.0,0,0,2.7166439220387053,4,47,0.0,0,0
TGGTCGTGCAAGGCAA-1,0.0,0,0,2.1121881330574666,4,17,0.0,0,0
CACCACGCCACACAGA-1,0.22781462307003353,1,1,1.990639764783403,4,10,0.0,0,0
GAACCTCGACCTACAC-1,0.0,0,0,1.6335490533546193,2,23,0.0,0,0
CAATACGCTCTGAGGC-1,0.0,0,0,1.9749498309218656,4,18,0.3311678979694847,1,1
TGGTAAGCAGGATTGA-1,0.0,0,0,1.4749616170592532,2,11,0.0,0,0
AGTGGCTCCGTCGGCC-1,0.0,0,0,1.3894075454010866,3,12,0.0,0,0
GATCGGATAGAACCAT-1,0.0,0,0,1.9855617705181323,4,14,0.0,0,0
GCTACAGTACGGACCG-1,0.0,0,0,1.6538082749012148,4,17,0.0,0,0
TCTATTACTAGAGGAT-1,0.21596711703252028,1,1,2.268563705027612,3,24,0.0,0,0
TTCAGGCGTCAAAGCC-1,0.0,0,0,2.164119544353194,3,39,0.38623367783635715,1,1
AGACCGGGAAACCCTG-1,0.0,0,0,1.4196819989623397,3,12,0.0,0,0
AGAGATCTCTAAAGCG-1,0.0,0,0,1.8686688290334312,3,26,0.0,0,0
CCCTGCCCAATCCGCT-1,0.0,0,0,1.1915969933774175,2,5,0.0,0,0
GTGGCGGTCCCAGCGT-1,0.0,0,0,1.6104860117771822,2,23,0.0,0,0
GCATTGTAATTCATAT-1,0.0,0,0,2.2065168213009354,4,13,0.0,0,0
CCGTTCCGAATCTCGG-1,0.0,0,0,2.279695953481503,4,13,0.0,0,0
AGCTTGATCTTAACTT-1,0.0,0,0,3.209931643258543,4,45,0.0,0,0
CCTGTACTCACGCCCA-1,0.25570260466214606,1,1,2.6575628354809933,4,17,0.0,0,0
AAGTGACGACCGAATT-1,0.0,0,0,1.0094173869659486,2,4,0.0,0,0
CTCACTTGGCTGGTAA-1,0.0,0,0,0.8263627086081121,2,2,0.0,0,0
CGCCTGGCCTACGTAA-1,0.0,0,0,1.5729246121942961,3,7,0.0,0,0
CCCGTAAGTCTAGGCC-1,0.0,0,0,0.9873677655068647,2,4,0.0,0,0
TTGGACATGTGGCTTA-1,0.0,0,0,0.7502934959182528,2,2,0.0,0,0
ATTACGCGCTGGCAGG-1,0.45465804249805514,4,4,2.9996557172168434,4,118,0.0,0,0
ACGCGCTACACAGGGT-1,0.22655220871479717,1,1,1.768789507301382,3,13,0.0,0,0
TACGTTTACCGGCAAT-1,0.0,0,0,1.2425897250685551,3,4,0.0,0,0
CGAAACGCAATTCATG-1,0.16494405795268813,1,1,1.2105849442202088,3,8,0.0,0,0
TAGTCTAACAACGAGA-1,0.6492591815263844,3,5,2.998948131672136,4,53,0.0,0,0
TTGCATGCTGATCACG-1,0.37557185917225716,2,2,2.7638227326586744,4,37,0.0,0,0
TCTGGGTAGCGCTCAT-1,0.0,0,0,0.7494371295791737,1,5,0.0,0,0
ACATCGGTCAGCCGCG-1,0.20574938953785013,1,1,2.491198658062144,3,44,0.41149877907570026,1,1
AGATACCGGTGTTCAC-1,0.1652100287092047,1,1,1.7192850739965,3,23,0.0,0,0
GATTACTGAATTTGGG-1,0.4843392792279099,2,4,2.7379008434726186,4,43,0.3461086331647831,1,1
TCCAACTTTAAATTCT-1,0.0,0,0,1.4969525064831128,3,16,0.0,0,0
TCCTAGCAAAGAAGCT-1,0.1346363096084009,1,1,1.892823439904452,4,32,0.0,0,0
GTCTATCTGAGTTTCT-1,0.0,0,0,1.0627028447464597,2,10,0.0,0,0
GATGTTCAATCCACGA-1,0.0,0,0,2.085419343776773,3,40,0.0,0,0
AGTTAAACACTTGCGA-1,0.0,0,0,1.6724880468766696,3,27,0.0,0,0
AGCTCTTTACTCAGTT-1,0.0,0,0,1.7460378485655004,3,12,0.0,0,0
ATCCAGGATTCGTGAA-1,0.0,0,0,1.5635862324193188,3,15,0.0,0,0
AGTCAACACCACCATC-1,0.16279747017157947,1,1,1.3240390005864693,3,11,0.32559494034315895,1,1
CGATACCTCGCGGACA-1,0.0,0,0,1.8693913478266175,4,19,0.0,0,0
TACAACGCACAACTCA-1,0.13900591895133077,1,1,2.2566215112929915,4,37,0.0,0,0
AATTAAAGGTCGGCGT-1,0.1586309308735345,1,1,1.5995856011262881,3,19,0.0,0,0
TACGCAGTTCTTTCCT-1,0.45004613174704633,2,2,2.2566498462400606,4,15,0.0,0,0
GACCGTGCTGACGGTG-1,0.0,0,0,1.786650730072721,4,16,0.0,0,0
GGCAAATTACTTTACT-1,0.14695178545465049,1,1,2.035666875929798,4,28,0.0,0,0
GGTACAAACATGCTAT-1,0.1221760049729142,1,1,1.0066903241169565,2,12,0.0,0,0
CGGGCCTTCTTTGTAA-1,0.0,0,0,1.2197637758793045,2,15,0.0,0,0
CGTGAAGTTAATTCAC-1,0.1882334778011063,1,2,0.8166483995826388,3,6,0.0,0,0
ATAGTGAAGCGTTCTC-1,0.14280974291620538,1,1,1.172928285903495,3,10,0.0,0,0
TACGCCATATTCTAAT-1,0.0,0,0,0.6016534938116569,2,5,0.0,0,0
GCCGGGTTAGGGTCGC-1,0.0,0,0,1.2080312399627795,4,8,0.0,0,0
TACATAGGCATACACC-1,0.0,0,0,1.3625204747314674,4,11,0.0,0,0
GCCGATTGGCCAAGCT-1,0.14043362857817712,1,1,1.4361643468837408,4,12,0.28086725715635424,1,1
CTGCCATGCATCACAT-1,0.14838990495106694,1,1,1.7448348179831095,4,17,0.0,0,0
TTATGAATGAAAGGGA-1,0.0,0,0,1.84845061307256,4,40,0.5649814882340359,2,3
GCTGAGGCGTGAGTAT-1,0.1653878581151582,1,1,1.131410015247582,3,7,0.3307757162303164,1,1
GCGCCGTTCCACGATA-1,0.0,0,0,1.955601088158378,3,27,0.34192171901432755,1,1
CGCATGGTGCGATGCT-1,0.0,0,0,0.9673020430339202,2,7,0.0,0,0
AGGTTTCACACACCTT-1,0.0,0,0,1.027993154301335,2,5,0.0,0,0
CAAGGATCGCATGTTC-1,0.0,0,0,1.086676341200962,3,8,0.0,0,0
ACGTTAATGTCGAAGA-1,0.0,0,0,1.6285777316006,4,13,0.325354233658066,1,1
TCCAGAGCACCGGTTC-1,0.0,0,0,0.8549094391993124,2,4,0.0,0,0
GATTCGACGGTTCACG-1,0.0,0,0,1.0414219867708348,2,11,0.0,0,0
GTTTCTGCAGTCTCCC-1,0.0,0,0,1.0712142243930445,2,11,0.0,0,0
GCTGCACGGTTTCTTA-1,0.12661835028804805,1,1,0.5697825762962163,3,3,0.0,0,0
CGTGCAGACTGGGACA-1,0.22806905221754945,1,1,1.0263107349789724,3,3,0.0,0,0
GTGTTACTATGCGTCC-1,0.0,0,0,0.29280548363904346,1,2,0.0,0,0
TCCTCGGGCTGGGCTT-1,0.0,0,0,1.286189007204997,3,9,0.0,0,0
GTGAGGACACTTAAGG-1,0.3332525104252577,2,2,2.518800501307972,4,47,0.0,0,0
ATACGCCGGCGAAACC-1,0.15132870083317737,1,1,1.9982346412190783,4,26,0.0,0,0
TCTGCCAGAAACTGCA-1,0.0,0,0,1.8677372116515405,4,13,0.0,0,0
TTCTGCGGGTTAGCGG-1,0.0,0,0,1.337920039470982,2,11,0.0,0,0
CTCGGTACCACTGCTC-1,0.22094567652874622,1,1,1.005473822043113,2,6,0.44189135305749244,1,1
GTAAGTAACAGTCTGG-1,0.0,0,0,1.3093506783714326,3,11,0.0,0,0
GTGCGTGTATATGAGC-1,0.0,0,0,1.2934126310130853,3,7,0.0,0,0
ATTTGTCTTGGGAGCT-1,0.0,0,0,0.9672046955589683,3,4,0.0,0,0
CCTCGGACCGGGATAG-1,0.0,0,0,1.384273578095479,3,11,0.0,0,0
TAGGTGCTCGCCTAGC-1,0.0,0,0,0.7918279917366103,2,7,0.0,0,0
CTTTAGGAACACTGTT-1,0.19493528054311307,1,1,1.839492839943531,3,20,0.0,0,0
TCGGGCCGTCGTGGTA-1,0.0,0,0,1.2087319617390924,3,5,0.0,0,0
AGTGCTTGCACGAATA-1,0.0,0,0,0.9984211982817068,2,5,0.0,0,0
TGCAGTTTCCTCCCAT-1,0.0,0,0,1.2118730237985273,2,2,0.0,0,0
TGAGAGATTTACCACG-1,0.19414769668485113,1,1,1.0045569296858592,3,4,0.0,0,0
GAAACAGATGACCACC-1,0.2019428810713929,1,1,1.1085793283697196,2,7,0.0,0,0
AGCAACATATCTTATT-1,0.0,0,0,1.0841208764716415,2,5,0.0,0,0
CAAGTGTGGTTGCAAA-1,0.0,0,0,1.6056283411395895,3,14,0.0,0,0
GCCTCATCTGGAAATA-1,0.0,0,0,0.754052726973168,2,3,0.0,0,0
AACCCTACTGTCAATA-1,0.0,0,0,0.6840396252341743,2,5,0.0,0,0
ACGTATTACTCCGATC-1,0.0,0,0,0.9701961473132398,2,3,0.0,0,0
TCTGGGAACCTTTGAA-1,0.20517531865190441,1,1,2.0083637753370507,3,25,0.0,0,0
GCTCGCTCATGTCCAA-1,0.0,0,0,1.042861471151078,2,5,0.0,0,0
GCGCAAGAGCGCGCTG-1,0.0,0,0,0.9457304419226691,2,4,0.8925437386633259,2,2
TTGACGCTCCATGAGC-1,0.19432491973948748,1,1,0.9939378403525343,2,6,0.0,0,0
TATAGATGGTCGCAGT-1,0.0,0,0,0.5292727466821322,2,2,0.0,0,0
TTACATGCCACAACTA-1,0.0,0,0,1.4124701206700205,2,15,0.0,0,0
ACATGGCGCCAAAGTA-1,0.0,0,0,0.43636922526905275,2,4,0.0,0,0
TATGGTTAGTGGGAGA-1,0.0,0,0,1.442924871221343,3,15,0.0,0,0
CATGACTTCGCTGAAT-1,0.13567799431471597,1,1,0.9083659910640338,3,6,0.0,0,0
ACCACCAATGTAACAA-1,0.2129787850754369,1,2,0.39646529546752585,1,3,0.0,0,0
TTCTTGCTAGCATCTC-1,0.0,0,0,1.1130763034753688,2,6,0.0,0,0
ACACCTTACTACTTGC-1,0.2277057819075591,1,1,1.0284213290917894,2,6,0.0,0,0
AGTCGGTTGCGTGAGA-1,0.4280394841132506,3,3,2.471768346980533,4,49,0.28535965607550035,1,1
ACCTACAGTATGTGGT-1,0.0,0,0,1.7324950357534359,4,12,0.3595825158805566,1,1
GAGGATAAACAGTGCT-1,0.12559775932198675,1,1,1.9235439940286392,4,33,0.0,0,0
TTCCGGTATCTGTGTC-1,0.0,0,0,1.7223406578207894,4,10,0.0,0,0
GGAGGCCGAAGTCGTC-1,0.14740930211118305,1,1,1.2617146966966264,4,10,0.0,0,0
TTCGCTAGGAAGTTGT-1,0.6656377702024749,4,4,1.5425255661253852,3,13,0.0,0,0
TAAAGACAACCCTTTA-1,0.11782975308659029,1,1,1.619670296376733,4,21,0.23565950617318057,1,1
GTTGCGCTAACATTAC-1,0.16771955721152018,1,1,1.6664340373728435,3,20,0.6708782288460807,2,2
GCTGAACTCTCCAGGG-1,0.15822522276144618,1,1,1.4781240296390623,3,13,0.9493513365686771,3,3
AGCCCTGTCGCACCGT-1,0.3661152310306724,2,2,2.1461067409780994,4,19,0.3661152310306724,1,1
AGCGCTAGAGCGATGT-1,0.0,0,0,1.9501080449036752,4,26,0.0,0,0
TGCGCCGTTAATAACG-1,0.20526119978840576,1,1,1.7013119509265695,4,9,0.0,0,0
TGACAACGCATGTCGC-1,0.0,0,0,1.1135448954415477,2,7,0.0,0,0
CGTCTTGAGTGTGACG-1,0.0,0,0,1.6839440841854372,3,11,0.0,0,0
GATAGGATTAATTACA-1,0.0,0,0,0.5820451600457524,1,4,0.0,0,0
GATACCGTGTCGGAGT-1,0.0,0,0,1.0981458047574821,3,5,0.0,0,0
TGTGTCGAAGTCGAGG-1,0.19965283851870555,1,1,1.0646177258461984,2,7,0.0,0,0
GGATCAGAGCCATCAG-1,0.0,0,0,2.2509202954816185,4,13,0.0,0,0
GTCCCAATCATCCCGC-1,0.0,0,0,1.4070475459382699,2,12,0.0,0,0
TGCCACACTAGAGGAA-1,0.28743758375165424,1,1,1.4434199224467323,3,4,0.0,0,0
TGAATTTCACTTGCCT-1,0.0,0,0,1.1000370447523742,2,6,0.0,0,0
CTCAGATTGTGATAAG-1,0.0,0,0,1.0344196001251689,2,2,0.0,0,0
CGGACGTTACTTGAAG-1,0.0,0,0,1.3318348065319847,2,8,0.0,0,0
CCGCCTTGCGATGTCG-1,0.0,0,0,1.3615445384153675,3,4,0.0,0,0
CCAGTCAAATCTCTTA-1,0.0,0,0,2.055100294207507,3,16,0.0,0,0
AAACAGCTTTCAGAAG-1,0.0,0,0,1.223278783952774,2,6,0.0,0,0
TAGCTGATGTGAAGCG-1,0.0,0,0,2.2256676580513703,3,19,0.0,0,0
CTTATGCGCTCAGGGC-1,0.0,0,0,0.7038346103523121,2,2,0.0,0,0
TGGCTCTTGTCGCGTA-1,0.0,0,0,1.7246849957397896,2,18,0.0,0,0
TTGTGAGGCATGACGC-1,0.0,0,0,0.9872282818542644,2,10,0.0,0,0
CATAAGCTCTCCGTCT-1,0.0,0,0,2.823216523776336,4,35,0.0,0,0
CCTTCTCAGCGTTCCT-1,0.0,0,0,1.849387417309131,2,25,0.0,0,0
TGCAGCTACGTACTTC-1,0.0,0,0,0.8628815136598573,2,2,0.0,0,0
CTCTACACTGGCGATT-1,0.4867377836476326,2,2,2.276436284101621,4,11,0.0,0,0
TGCAGATCGTCCTAGG-1,0.0,0,0,1.8485641635603296,3,8,0.0,0,0
TGCCAAAGTCAGACTT-1,0.19663598054181752,1,1,0.9217203701449168,2,6,0.0,0,0
ACAATAGTCGTACGTT-1,0.22836063094921155,1,1,1.9176736456632222,3,14,0.0,0,0
CATGCCAACTCGCAAA-1,0.0,0,0,1.6188581791760226,3,11,0.0,0,0
TGCAGAACTATATCGT-1,0.0,0,0,0.9468564647766824,2,4,0.0,0,0
TCGTGTCACGCTGACA-1,0.0,0,0,0.0,0,0,0.0,0,0
TGATCAGGGAACTGCT-1,0.0,0,0,2.843187790962489,4,20,0.0,0,0
CTTGCAACCGCCTCCT-1,0.0,0,0,1.8074596534076628,3,8,0.0,0,0
AGCCCATACATGTAAG-1,0.0,0,0,0.9278065160356854,2,3,0.0,0,0
ATCCAATGGAGGGTCC-1,0.0,0,0,1.023301624339044,2,4,0.0,0,0
AAACCGGGTAGGTACC-1,0.3014727671618289,1,2,0.6337091470138845,2,2,0.0,0,0
GCAACCACGGCCGCGT-1,0.0,0,0,1.458891354406793,3,8,0.0,0,0
CGCTTATTCCCGGTCG-1,0.26797330496545907,1,2,2.8731454304973862,4,54,0.0,0,0
TTACTCTGGTACGTAC-1,0.0,0,0,1.1427011485280634,2,8,0.0,0,0
GTGGTTTCCGCCTTTC-1,0.0,0,0,1.520824110946214,3,6,0.0,0,0
ATAGGCGGCTATAGAA-1,0.0,0,0,0.595668004196506,2,2,0.0,0,0
GTGCCATCACACGGTG-1,0.0,0,0,1.7038303699500064,3,9,0.0,0,0
CCCAACATACGTCGCG-1,0.22037211716110236,1,1,0.7986462715523646,2,3,0.0,0,0
CGGTGCAGATAGAACG-1,0.2164825394894283,1,1,1.6894685740296167,3,10,0.0,0,0
GGGCGGGTTCCCTACG-1,0.25874098751844327,1,1,1.4676774374354125,3,6,0.0,0,0
TGAGCCATACAGTCTC-1,0.0,0,0,1.5082150058241273,3,6,0.0,0,0
CTCCGCCCACATGAGG-1,0.0,0,0,0.28377514548281163,1,1,0.0,0,0
GTTGAACCGGTTCCAT-1,0.0,0,0,1.5184799472478678,3,11,0.5714279469667226,1,2
TTGACTACCATATGGT-1,0.0,0,0,1.4555620324008864,3,10,0.0,0,0
ACCATCGTATATGGTA-1,0.1796632563217807,1,1,2.0464473057570447,4,22,0.0,0,0
TGCGTAAGAACCTGAT-1,0.0,0,0,1.102356167368563,3,6,0.0,0,0
AGAAGGTTGCCGAATT-1,0.0,0,0,2.067233295110056,3,23,0.0,0,0
AGGACGACCCATTAGA-1,0.0,0,0,1.4376859145758514,3,10,0.34880261378324734,1,1
GGTGCTGGTACACATT-1,0.0,0,0,1.1688574000208338,3,8,0.0,0,0
GCGCTATGCCGAGGCA-1,0.0,0,0,0.6005676717357615,2,8,0.0,0,0
ACCCGGTTACACTTCC-1,0.0,0,0,1.737997667129075,3,18,0.0,0,0
TAACTCATCCGCGCGG-1,0.0,0,0,0.9101784435514584,4,11,0.0,0,0
CACAATGAGCTGCTAT-1,0.14656595207987644,1,1,1.4965343326280007,3,14,0.0,0,0
GTTACTTTGGGCCTAG-1,0.12951153066668722,1,1,1.2462838477411067,4,11,0.0,0,0
GGGCCCGTCTTAAACA-1,0.0,0,0,1.7748774477928997,4,25,0.22221428146418964,1,1
GAAATTGTCTCTATAA-1,0.0,0,0,1.182801561194895,3,13,0.0,0,0
GGCGCATGAATTGATG-1,0.13577141184818284,1,1,2.0074960499724925,4,25,0.4191717867854547,1,2
CATATAGGTACAGTCA-1,0.4470695593340679,2,4,1.481444517513044,2,26,0.0,0,0
TCAACGAGGAGACAAA-1,0.0,0,0,2.0361932557096454,4,37,0.0,0,0
TTGCACAATTCAGAAA-1,0.0,0,0,1.5703856166390227,3,32,0.0,0,0
CATCGGACGGGTTAAT-1,0.0,0,0,1.1562241940345643,3,7,0.0,0,0
ATTAAACATGCGGACC-1,0.23393610434405868,2,2,1.7600235379532112,4,22,0.46787220868811735,2,2
TATCTACCACAGCGGG-1,0.0,0,0,1.5114879842112339,4,8,0.0,0,0
CGAGACCCTAGAGTGT-1,0.14331881771198224,1,1,2.175440312242693,4,40,0.0,0,0
ACATCGATCGTTTACC-1,0.0,0,0,1.3319477252339351,3,8,0.3870855799575246,1,1
ATCGACCCAATACAGA-1,0.3490029906112271,2,3,1.9572993869760524,4,29,0.0,0,0
GAATCTGAACATTCTC-1,0.2911401700719044,2,2,2.3733703784415683,4,34,0.0,0,0
AGTTCCTATTTATGTT-1,0.0,0,0,0.3863601125774383,1,2,0.0,0,0
CAGTCTGTATACTGGG-1,0.0,0,0,1.4297554490272844,3,10,0.0,0,0
GGAGACGACACCTTTG-1,0.0,0,0,1.1634779254638274,3,7,0.0,0,0
CCTAAATTAACGGTTC-1,0.0,0,0,1.196891862421559,4,8,0.0,0,0
GCTACGACTTATTGGG-1,0.1538744592813229,1,1,1.208727977579129,3,9,0.0,0,0
CTGTGCAGGGTAGGTC-1,0.0,0,0,0.5575627350620698,1,6,0.0,0,0
ACGCCGCTAGACGACC-1,0.0,0,0,1.075310138820135,3,5,0.0,0,0
ACTTGACTCCCTCTTT-1,0.0,0,0,1.009097603703234,2,3,0.0,0,0
CGCCTCCCTCCTCTAT-1,0.22383062978622673,1,1,0.9635889203793544,2,5,0.0,0,0
CTAGATTTACGACGGC-1,0.0,0,0,1.1168539572837382,2,14,0.0,0,0
GATGCTGTATTTCATC-1,0.0,0,0,1.8244521925741364,3,28,0.0,0,0
TGCGTTTGTTGACACT-1,0.0,0,0,1.6538647768364048,2,26,0.0,0,0
CGTGCCCTCCCGAAGA-1,0.0,0,0,1.0845231597257052,2,6,0.0,0,0
ACTCTCTGACTTAGGT-1,0.0,0,0,1.0256094916116092,2,6,0.0,0,0
CTGGGTAGGCAGTTAA-1,0.0,0,0,1.8033523973737773,4,10,0.0,0,0
GTTTGGCCCAAGTTAT-1,0.0,0,0,0.8241883495206765,2,6,0.0,0,0
GAATGTGGTCCGGATT-1,0.18729399498288393,1,1,1.2484825947090497,3,7,0.0,0,0
CCCAGTTAAGGCGCCG-1,0.0,0,0,1.301678258379971,2,13,0.0,0,0
CGGTACTAGAATCAAA-1,0.0,0,0,1.5238768012150024,3,12,0.0,0,0
GCTTAATGTAACTAAC-1,0.0,0,0,1.106550838269303,2,10,0.0,0,0
AGGACAGTCGAATCCC-1,0.0,0,0,1.6187352444828684,4,10,0.0,0,0
GACAGCCAGACCTGAC-1,0.0,0,0,1.3970550061278018,2,16,0.0,0,0
GGCGAAATCTAACTTG-1,0.0,0,0,1.4589575570572624,3,14,0.3200212933420506,1,1
CTGGTAACACATAGAA-1,0.0,0,0,1.2364724479940181,2,5,0.0,0,0
TAGCCATTTCAAAGTC-1,0.0,0,0,1.000520393913826,2,7,0.0,0,0
GGGATTTACCGCACCT-1,0.0,0,0,1.3043952833941068,2,5,0.6569443381684089,1,1
ATGCCATTTGCGACCA-1,0.0,0,0,0.8139189491922565,2,4,0.0,0,0
GAATAGACGCGACCCA-1,0.0,0,0,0.9900236588540907,2,9,0.0,0,0
TGTATGGCGCAGACAG-1,0.11350360910196639,1,1,0.4408584201998317,2,3,0.0,0,0
GGATGAAGATCGCTGA-1,0.1932419025501667,1,1,0.8410064908134872,2,4,0.0,0,0
CGACAATTTGATCTAA-1,0.0,0,0,0.8772804704855484,2,8,0.26695183215479407,1,1
AAAGTTGACTCCCGTA-1,0.0,0,0,1.2276715931919562,3,8,0.0,0,0
CGCGGCTCAACTTGAA-1,0.0,0,0,2.382064839567787,4,38,0.0,0,0
CACGCGGAACTGTTGC-1,0.0,0,0,0.908336366766828,2,5,0.0,0,0
TCTTAGAGTGAACTCT-1,0.0,0,0,0.8546038957141937,2,5,0.0,0,0
AGTCCATTGGCTGATG-1,0.0,0,0,1.646506256844545,3,11,0.0,0,0
TTAAGATAGGATTGAC-1,0.0,0,0,1.076660090923504,3,5,0.0,0,0
ACATCCTGGTAACTGT-1,0.0,0,0,0.7430667530373599,2,2,0.0,0,0
CACCTTGGCGCCTTTG-1,0.0,0,0,0.9151375706543352,2,4,0.0,0,0
GCTAGACCGTCTACTG-1,0.0,0,0,0.5023172094932391,1,2,0.0,0,0
CGGCCCAGGTATATCC-1,0.0,0,0,1.2763367812229494,3,5,0.0,0,0
GTCCATTACTGCTACG-1,0.0,0,0,2.2174917509572403,4,14,0.0,0,0
GGGTTTAGGATAGGAT-1,0.0,0,0,0.3553951964908304,1,1,0.0,0,0
ATTCGTGCTATCTCTT-1,0.0,0,0,1.280919411712154,2,7,0.0,0,0
GTTAACTATGTTGTCA-1,0.26877426894347833,1,2,2.0848137365084565,4,23,0.0,0,0
GCTCCGCTCGCTTCAG-1,0.1563399578861613,1,1,1.7373885452798956,4,17,0.3126799157723226,1,1
GCAACGGCTAGTTATG-1,0.0,0,0,1.2168577049354772,2,9,0.0,0,0
AATCGCGCAGAGGACT-1,0.0,0,0,1.5699364374186138,4,12,0.0,0,0
AGGTTACACCATGCCG-1,0.30681717545553383,1,2,1.4846119628815235,3,8,0.0,0,0
CGAGATTTCGCTCGGG-1,0.0,0,0,1.7908611302721995,4,19,0.0,0,0
CGATAATACTCAGGTT-1,0.4462277066081148,2,3,1.8087018701291118,4,12,0.0,0,0
AAGGCAGGCTGTCTCC-1,0.15766096050631137,1,1,1.6713960777295256,4,15,0.0,0,0
GTAAGTCCACACTCTA-1,0.20111829069543552,1,1,0.6033548720863066,2,2,0.0,0,0
ATGAGGGCAGCGGCTA-1,0.38247544742573863,2,2,0.7037903899131042,2,3,0.0,0,0
GCCGCACTCCGTTTCA-1,0.0,0,0,0.7347069518452396,2,3,0.0,0,0
GAGCACGGCGCCTCTT-1,0.3841960966233024,2,2,2.131223768082323,4,16,0.0,0,0
ACAATTTGGCCATATT-1,0.21735868926067858,1,1,1.422037819965899,2,13,0.43471737852135717,1,1
CTGGTTCGCGAGCTAC-1,0.0,0,0,0.8859193468057095,2,3,0.0,0,0
GACGGTCCTAGGGTGT-1,0.0,0,0,1.5506270000308795,3,10,0.0,0,0
ACTCGCGATCTGACGC-1,0.0,0,0,1.329561192855763,3,6,0.0,0,0
GTGTACGAACCGTTCC-1,0.2087343233989107,1,1,1.9596576417448668,4,11,0.0,0,0
CTTTGACGTCGCTTCT-1,0.0,0,0,0.930983578922125,2,3,0.0,0,0
CGTTATCATACTTCCA-1,0.0,0,0,1.9446524107988652,3,5,0.0,0,0
GCTATGCCAGCTTATG-1,0.0,0,0,1.5737280651558396,3,5,0.0,0,0
CAGTCGGCCTAGATAT-1,0.26410450499292126,1,1,2.3432992912915336,4,13,0.0,0,0
CCCGTGAGGGCGGTGA-1,0.0,0,0,1.6704521321668406,3,4,0.0,0,0
TCTCGTGTTACGAGGA-1,0.0,0,0,1.2479538346710783,2,10,0.0,0,0
ACGTCTCGTTCCGGGA-1,0.0,0,0,1.2559293948535735,3,3,0.0,0,0
CGAGAGCGCGTAGATA-1,0.0,0,0,0.5072387928034482,2,6,0.0,0,0
GACAGATTTCTGGCTC-1,0.0,0,0,0.8526912368433246,2,4,0.0,0,0
GGGCCTAAATGGGCTA-1,0.0,0,0,1.1309982584284428,3,11,0.0,0,0
ACTTGTAGTCCCTTCA-1,0.0,0,0,1.2337310437277043,3,8,0.0,0,0
CCCGAAGTTTCGCGAA-1,0.0,0,0,1.419584233495237,4,6,0.0,0,0
ACCATCCGCCAACTAG-1,0.0,0,0,0.6210754563844387,2,2,0.0,0,0
TGCGAATATGGGATTT-1,0.0,0,0,0.5954783250621867,1,4,0.0,0,0
TACATCCCTATCCCTG-1,0.18221787273973608,1,1,1.460262130335713,3,11,0.0,0,0
GTGGGAAGACTGAATC-1,0.0,0,0,0.8196196157606164,3,4,0.0,0,0
TCAACATCGACCGAGA-1,0.0,0,0,1.8455015007254532,3,15,0.0,0,0
CTATGTGAGTCACGGC-1,0.0,0,0,1.0847396387700154,2,5,0.0,0,0
CCGAACACTGGGCCTC-1,0.0,0,0,0.9605229439905503,2,9,0.0,0,0
AAACTTGCAAACGTAT-1,0.0,0,0,1.9580065613908535,3,18,0.0,0,0
AGGGCGAGCAGCTGAT-1,0.0,0,0,0.2641457139673313,1,1,0.0,0,0
AACACGAGACGCGGCC-1,0.0,0,0,1.5797490010448851,4,11,0.0,0,0
TGACGAATATTTCCCT-1,0.0,0,0,1.6907771549045507,3,11,0.0,0,0
TCGGAGAGTATCGGGA-1,0.0,0,0,1.3032522637390067,2,7,0.0,0,0
CAAATCTCTCACAAGG-1,0.0,0,0,1.6735544612037734,3,11,0.4429772449279594,1,1
AGGCCCTAGAACGCCA-1,0.0,0,0,1.8424414157258389,3,10,0.0,0,0
TAGAGATCATGCAACT-1,0.0,0,0,0.8832584633548481,2,3,0.0,0,0
TTGTTTCCATACAACT-1,0.0,0,0,1.0449325922345043,2,6,0.0,0,0
GAGAGGTGCATTCTGG-1,0.0,0,0,1.2026797689164406,2,7,0.0,0,0
GTGGACCAACCCGATT-1,0.0,0,0,2.2958439958491845,4,17,0.0,0,0
CTGGGCCTGCTATATC-1,0.0,0,0,2.211842537686481,4,14,0.0,0,0
CATAGTCCACAAGAAC-1,0.0,0,0,2.283614867428623,4,22,0.0,0,0
TTGACATGAACGTGGA-1,0.0,0,0,1.88720513103382,3,19,0.0,0,0
GGTTACCACCCTCGGG-1,0.0,0,0,1.1367399199067139,2,6,0.0,0,0
TACCGGTCGTTTCCAT-1,0.0,0,0,0.7169333418813215,2,2,0.0,0,0
CGAGTACTAAAGAGGA-1,0.0,0,0,1.4373033334422625,3,7,0.0,0,0
GCAAGAATTCCTTGGC-1,0.0,0,0,1.0182206896450587,2,5,0.0,0,0
TCGCCGAAGTTGCGTC-1,0.23391460560655772,1,1,1.5407644500494253,3,8,0.46782921121311544,1,1
TTGAGAGTACTGCTAA-1,0.0,0,0,1.162769450715308,2,7,0.43270684374133445,1,1
GCCACAATTTAAGGAC-1,0.0,0,0,2.120518883833276,4,15,0.0,0,0
ATATTCAGTTAAACCT-1,0.0,0,0,0.88777805515072,2,6,0.0,0,0
TGAGTGCCTCTTAAAT-1,0.5017316745156816,3,3,1.175754756466551,3,10,0.0,0,0
ATCAGACGGCACGCCG-1,0.0,0,0,1.1231064521208172,2,7,0.0,0,0
GTGCGAAATCGAACAC-1,0.16613928339823328,1,1,2.24782308724276,4,24,0.0,0,0
GTGCCGCTTCAAAGGT-1,0.0,0,0,0.7004367297319661,2,3,0.0,0,0
GATACGATGGGAGTCA-1,0.0,0,0,1.10638037673908,2,7,0.0,0,0
GACACTGAGTTCAGTG-1,0.0,0,0,0.8085023525860945,2,5,0.0,0,0
ATCCTGCGTGGAATGG-1,0.0,0,0,1.3941141032709157,3,10,0.0,0,0
ATCCTACCTAAGCTCT-1,0.0,0,0,0.2664942157614929,1,2,0.0,0,0
AGTGATATGAGTAGTT-1,0.0,0,0,0.6753976070501629,2,5,0.0,0,0
ATGATGCAATGGTACA-1,0.1349643478389604,1,2,0.953545987040084,4,13,0.16157195526384863,1,1
GAAACCGAATTACCTT-1,0.0,0,0,0.7626210875879086,3,10,0.0,0,0
AGTGACCTACTTTACG-1,0.0,0,0,0.8125213710473879,2,10,0.0,0,0
CAAATGTCCTTCCGTG-1,0.09389138381126383,1,1,0.2303780901571365,1,2,0.0,0,0
TTACTGGGATATTTCA-1,0.0,0,0,0.7938196637139551,2,8,0.0,0,0
CTTGCCCAGGCTCTAC-1,0.0,0,0,0.7156651646120925,2,6,0.0,0,0
AAATCGTGTACCACAA-1,0.0,0,0,1.0041779133103936,2,11,0.0,0,0
GTGATCATAGATCTGC-1,0.0,0,0,0.7673642171377419,3,8,0.0,0,0
TGGCAGATTACGATCA-1,0.0,0,0,1.9587510006689606,4,24,0.26888287304454433,1,1
TCACCCTCTTAAGATT-1,0.0,0,0,0.40626477999786814,1,4,0.0,0,0
CAGGATATATCGTTGT-1,0.0,0,0,1.4826732216112137,3,14,0.0,0,0
CCTGACCACCGATGGT-1,0.0,0,0,1.733751829462394,4,14,0.3176203030246555,1,1
CTAAAGGGAAATAGGA-1,0.2535398094327563,2,2,1.6920250745593226,4,22,0.2535398094327563,1,1
CCGCTATCAGCACCAG-1,0.0,0,0,1.18430601884424,2,11,0.0,0,0
CTTTAGTGCTATTATT-1,0.0,0,0,1.843751379025933,3,14,0.0,0,0
CGGGAATTTATGTAAA-1,0.0,0,0,1.709629134485608,3,32,0.0,0,0
TACGACTGCCTCTTAG-1,0.0,0,0,1.7874736329851684,3,14,0.0,0,0
AAACTGCTGGCTCCAA-1,0.0,0,0,2.2389779631344466,4,32,0.0,0,0
GTACGTTTGCCCGTCA-1,0.0,0,0,1.4161472315213515,3,12,0.0,0,0
GGCAAGGCGAAATAGC-1,0.11766501410560944,1,1,1.0557437371199068,4,8,0.0,0,0
GATCTTGGAGGGCATA-1,0.13178523132153988,1,1,1.3888879449352451,3,18,0.0,0,0
AGCGTGGTATTCTACT-1,0.0,0,0,0.45052805125610645,2,2,0.0,0,0
CTAAGGGAATGATTGG-1,0.0,0,0,0.8093473322406588,2,7,0.0,0,0
CATGGTAAGTAGCGTT-1,0.0,0,0,0.9386685513676168,2,6,0.0,0,0
CGTTGAGCGACCGTCG-1,0.0,0,0,1.3152613792090346,3,12,0.0,0,0
TGCCCGTACCGTTAAA-1,0.14729811077881724,1,1,1.155436540959157,3,10,0.0,0,0
ACAAGGGCAGGCTCTG-1,0.0,0,0,2.129184181532242,4,31,0.0,0,0
GAGATCTTCCATGACA-1,0.0,0,0,1.8358889623217616,4,20,0.3190298756646129,1,1
AATGACGTAGGATGTC-1,0.0,0,0,1.2269781896115184,2,12,0.0,0,0
GTGGTGGCCAAGTGAA-1,0.0,0,0,1.9137559569417708,3,21,0.0,0,0
TCCCGTGTGCAATTTG-1,0.0,0,0,1.318721410851598,3,9,0.0,0,0
ACATCGTATGCAATGG-1,0.0,0,0,1.1135227012109805,3,10,0.0,0,0
GCGAAACTTAACTGGA-1,0.0,0,0,1.9631636917235522,3,49,0.0,0,0
AATTGAACGCTCTGGT-1,0.0,0,0,1.5961752882271516,3,16,0.0,0,0
ACAAATGGTAGTGTTT-1,0.0,0,0,1.1580455605628908,2,12,0.0,0,0
ATGGTCGCGTGGTTTC-1,0.16295249264706127,1,1,1.6092753402295945,4,12,0.0,0,0
TGTTATTGTATGTGGC-1,0.0,0,0,2.1708644434947906,4,16,0.0,0,0
TTCCGGTTACCCACTT-1,0.0,0,0,1.801053375311196,4,11,0.0,0,0
GAGTGTGCGGTACCCA-1,0.0,0,0,1.2559305602678532,3,7,0.0,0,0
CAAGATATTATAACGT-1,0.13827313960935533,1,1,1.2658993670632994,4,9,0.0,0,0
ACACACCAGGACCAGT-1,0.0,0,0,1.4794358981777092,3,10,0.454615438797714,1,1
ATGGGCCTCGGCCTCT-1,0.0,0,0,0.7453776694293561,2,3,0.0,0,0
AAGGTGATAAACCAGC-1,0.0,0,0,1.1454407138630267,3,9,0.0,0,0
TCTTACTTATGCCTCT-1,0.0,0,0,0.6726455513102303,2,3,0.0,0,0
AAAGTGTGATTTATCT-1,0.0,0,0,0.6100539169784596,2,5,0.0,0,0
TGCTCCACAGTTCTTA-1,0.17669100130671891,1,1,0.6558108957539279,2,3,0.0,0,0
CTGGCTGATTCATCCT-1,0.0,0,0,0.8412379156725805,2,9,0.0,0,0
TAAGGCTGAATCCCTC-1,0.0,0,0,2.33077553065134,4,31,0.0,0,0
TCTAGTGATATCGTGG-1,0.0,0,0,1.653152149093344,3,15,0.0,0,0
TCGAAGAACCGAGCAC-1,0.0,0,0,1.488816351731119,3,14,0.0,0,0
GACAAACATATGCAGG-1,0.0,0,0,0.9873398129945185,2,9,0.0,0,0
AAGTCAATTGTCGTCA-1,0.18797408433016305,1,1,1.0597572138303755,3,5,0.0,0,0
AGTGAACAAACTTCTC-1,0.37226816064725693,2,2,1.0476619807973688,2,7,0.0,0,0
CATGATGGAAGTTAGC-1,0.0,0,0,1.8658536383553241,4,14,0.0,0,0
AAGTGCCTTGACTGTA-1,0.0,0,0,0.999954655948886,2,5,0.0,0,0
ATCGCCAGTCAACATT-1,0.0,0,0,1.6546395329818429,3,17,0.0,0,0
ACCGCGGTGGAAGTCG-1,0.17352713116101445,1,1,0.9357107532470592,2,6,0.0,0,0
TCTTCTATAACCCGCC-1,0.16768286353258025,1,1,1.7196997779959464,3,23,0.3353657270651605,1,1
CAAACTCGCGACGCCG-1,0.18715396396169795,1,1,1.7630366665184132,3,20,0.0,0,0
GTCTTGTAGCTATTCA-1,0.3425109743651075,1,1,0.5137664615476613,1,1,0.0,0,0
TCTCGACGTATCGCCG-1,0.20921143458184532,1,1,1.3853973785334235,3,7,0.0,0,0
TTGCCAAGCAGAACCC-1,0.207142014099319,1,1,1.0664728371472936,3,4,0.0,0,0
AAACCCGAACGAAATC-1,0.7055933019809992,4,5,1.5235506798728888,3,18,0.3131538661413819,1,1
TTGAGCAGCCCACGGT-1,0.0,0,0,1.8337812597282053,3,20,0.6956931913572805,2,2
CGCCTTTAGCATGCTC-1,0.3782410145264439,2,3,2.686190569446476,4,46,0.0,0,0
TGTGGCTCCCACCAAC-1,0.24813945679024743,2,2,1.3077305618763224,3,14,0.38880196509940507,1,2
CCGCCGTTGAGGATAA-1,0.30330017867813125,1,2,0.3192116125579323,1,1,0.0,0,0
CAATACGAGAGTCTGA-1,0.20624019694933826,1,2,0.19975840403276743,1,1,0.0,0,0
CATCTAGTGAAGGGAA-1,0.0,0,0,0.6184372542099794,2,3,0.8245830056133059,2,3
GGTGGAGGTTGATACG-1,0.0,0,0,0.6046278808798239,1,5,0.3712574324902185,1,1
CCGCACACGAACGTGT-1,0.46025663254936505,2,2,1.0355774232360713,3,3,0.0,0,0
AGAACCCAGCGTGACA-1,0.3564527752618667,2,2,0.6608968418380452,2,3,0.0,0,0
GCGCTCGATCACCTGT-1,0.23230692779254558,1,1,1.045381175066455,3,3,0.0,0,0
ATCATGGACTACCGAC-1,0.0,0,0,0.9483196161911212,2,5,0.0,0,0
TACGCCGCCTCAGAAG-1,0.0,0,0,0.776792512755688,2,3,0.0,0,0
CGACCTACTAGACAAT-1,0.2678138028041534,1,1,1.1092723718911737,2,5,0.0,0,0
GAGTCTTGTAAAGGAC-1,0.0,0,0,0.7343245151828924,2,2,0.0,0,0
AATATCCTAGCAAACT-1,0.0,0,0,0.5468326259227552,1,2,0.0,0,0
CCCTAGGCAACAAGAG-1,0.0,0,0,0.7955483601711281,2,5,0.0,0,0
ACAAAGAAGGTAGGCC-1,0.0,0,0,1.1430181391490795,2,8,0.0,0,0
CCCTGGCTGTTCCTTC-1,0.0,0,0,1.2475354173465019,3,8,0.0,0,0
TCGCCGCACCGCGTGA-1,0.0,0,0,0.7327884735847918,3,9,0.0,0,0
TATAGCGCACGTTATC-1,0.0,0,0,0.9813425660632997,3,11,0.2065664248122631,1,1
TTATCTGACATTAGGA-1,0.0,0,0,0.5647004334033189,2,4,0.0,0,0
AGTGGTGTTACCCGTG-1,0.0,0,0,1.2014967707701374,4,8,0.0,0,0
GCCAAGAATACTTCTG-1,0.0,0,0,1.0812875346786752,3,6,0.0,0,0
CCGGCGTGAGACTCTG-1,0.0,0,0,0.7335535283341432,2,3,0.0,0,0
TTCCCGGCGCCAATAG-1,0.0,0,0,0.3082789927778929,1,1,0.0,0,0
AAACAGGGTCTATATT-1,0.0,0,0,2.2345653793002,4,15,0.0,0,0
ACAGTAATACAACTTG-1,0.18533150981098545,1,1,2.545580292841407,4,32,0.0,0,0
CGAACGGCCGGACAAC-1,0.0,0,0,0.29429215600640335,1,1,0.0,0,0
GCAACACACTAGAACT-1,0.0,0,0,0.6463634240179984,2,2,0.0,0,0
ACTCCCATTCCTAAAG-1,0.19361817441427745,1,1,1.9024704255032132,4,12,0.0,0,0
ACCTGCGTGTCATGTT-1,0.22737997526755352,1,1,2.5876612831922823,4,26,0.0,0,0
TACTTTCCGCACGCCA-1,0.32891594951701686,1,2,1.9774788008102775,3,17,0.0,0,0
AGGTCAGGTGAGAGTG-1,0.0,0,0,0.8850768814310785,2,3,0.0,0,0
TCCTCCTAAGACATTC-1,0.0,0,0,0.9599426885576025,2,10,0.33851569216100597,1,1
ATGTGAAAGCCTAATG-1,0.0,0,0,1.3595090678016848,2,13,0.0,0,0
AGTCGGCTCAACTTTA-1,0.19752506524054936,1,1,1.5269284966693466,3,10,0.0,0,0
CGATCTGTTGGAGGAC-1,0.0,0,0,2.1608953249172087,4,9,0.0,0,0
ACGGGAGTGTCGGCCC-1,0.0,0,0,1.9980564533506233,3,14,0.0,0,0
TTAACTTCAGGTAGGA-1,0.0,0,0,0.6171919829327254,1,4,0.0,0,0
CCACGGAGCCATAAGA-1,0.24580938787634374,1,1,0.9707030117705686,2,4,0.0,0,0
CTTCTATGTTGAAGTA-1,0.0,0,0,1.3518428913582818,2,10,0.0,0,0
CACCGTTGCGCGATAT-1,0.0,0,0,1.405447304665922,2,10,0.0,0,0
TCTAGCAATCTCCGCC-1,0.0,0,0,1.4212928953013044,3,5,0.0,0,0
AGTTTGGCCAGACCTA-1,0.0,0,0,1.223526993335461,2,5,0.0,0,0
TTGTAAGGACCTAAGT-1,0.0,0,0,2.623015007176025,4,21,0.0,0,0
AAATTTGCGGGTGTGG-1,0.0,0,0,1.2153253210548927,2,6,0.0,0,0
AAGTTCGGCCAACAGG-1,0.0,0,0,2.161129848601752,4,12,0.0,0,0
CCGCTTACCTCACTCT-1,0.0,0,0,1.1695033663273304,2,3,0.0,0,0
ATCACGTGCTAATTAA-1,0.0,0,0,1.948255489146879,4,7,0.0,0,0
GGTGAAGTACAGGGAT-1,0.0,0,0,2.3470396222800236,4,12,0.0,0,0
GCTGTATTACTGGCCC-1,0.0,0,0,1.4814638329915013,3,5,0.0,0,0
AACGGCCATCTCCGGT-1,0.0,0,0,0.9777111020077425,2,4,0.0,0,0
TAAGTAACATCTTGAC-1,0.0,0,0,2.3003953885171815,4,22,0.41557483909935894,1,1
TTCTTGAGCCGCGCTA-1,0.0,0,0,1.8034375561613607,2,25,0.4607774932175949,1,1
AGTGCGTAGCTCGTAA-1,0.1950118754417091,1,1,1.9102468847006682,4,14,0.0,0,0
GGGATGGTCGTAACCG-1,0.0,0,0,1.0619106706898807,3,4,0.0,0,0
GTCTGGGCGGTCGAGA-1,0.0,0,0,1.017822674442317,2,11,0.0,0,0
CGGAACGTAAACATAG-1,0.0,0,0,0.7272423873782627,2,3,0.0,0,0
TGCGACACCCTAGTGC-1,0.0,0,0,0.8968818679231987,2,5,0.0,0,0
CAAACGAGTATCGCAG-1,0.13036383327799464,1,1,1.3334366040614916,3,16,0.0,0,0
TCAGTAGGGACTATAA-1,0.0,0,0,1.235255081874035,2,12,0.0,0,0
GCGGTTCCCTATCATG-1,0.0,0,0,1.6570103440448833,3,12,0.0,0,0
GTGACTTCAGTAGTGC-1,0.1682720574339396,1,1,1.6891700784505972,3,17,0.0,0,0
CGTCACGTCCATTGGT-1,0.0,0,0,1.8561345271508065,4,10,0.0,0,0
ATAAGTTACCGCGACG-1,0.0,0,0,1.2846709033710786,2,12,0.0,0,0
CTGAATCCGAGACCTC-1,0.1905555815151695,1,1,1.5990094532605352,3,13,0.0,0,0
TACGACGCTTGCTGCG-1,0.0,0,0,1.0157114552903306,2,14,0.0,0,0
GAATTCACCCGGGTGT-1,0.13014965485290894,1,1,1.377811495978584,3,19,0.0,0,0
GGGTGACACCTTAACT-1,0.0,0,0,0.5631010392216305,3,4,0.0,0,0
TGAGTAAATTAGCGTA-1,0.15580565060075113,1,1,1.9290582258746996,3,31,0.0,0,0
GAGTCCGCTTACCGGA-1,0.0,0,0,0.8515415255352331,2,8,0.0,0,0
GGCGCGTTCGAGTTTA-1,0.0,0,0,1.168039273324642,3,10,0.0,0,0
ATTCATATACTGTCCA-1,0.0,0,0,0.33656742143875873,1,3,0.0,0,0
ATAAACGGACCCGTAA-1,0.09167109900932731,1,1,1.1619528765312768,3,18,0.0,0,0
GTCGTACCATCTCGGG-1,0.0,0,0,0.9374685416410617,3,6,0.0,0,0
ATAATAGCTGTTGAAT-1,0.0,0,0,1.4905057096170138,4,12,0.0,0,0
TTCCGCGTGAGGCGAT-1,0.0,0,0,0.8366408237982224,2,6,0.0,0,0
TACCGGCTCACTGCCC-1,0.0,0,0,0.7315913267050531,2,6,0.0,0,0
GTATCTTTCATAACCA-1,0.12663853560706415,1,1,0.8463185909605025,2,8,0.0,0,0
GTTACCTACAACTTGC-1,0.0,0,0,1.1651852371729765,4,8,0.2699171565242495,1,1
TGACTATAATCCTTTC-1,0.1481083176439423,1,1,1.1247811244138877,2,12,0.0,0,0
AAATACCTATAAGCAT-1,0.0,0,0,0.7336307442442709,2,8,0.0,0,0
TTATTAGAGCGTGTTC-1,0.0,0,0,0.931950827259736,2,8,0.28653285556258934,1,1
ATGTGGACATCTTGAT-1,0.09924971264718774,1,1,1.1108560647457966,4,13,0.0,0,0
GTACGCTTCATTGCAC-1,0.0,0,0,0.9703349769031948,2,9,0.0,0,0
CACATATTAGCAGGAT-1,0.0,0,0,1.284132450547034,2,13,0.0,0,0
CAAGAGGGCGGAGTAC-1,0.0,0,0,1.1194685209412631,2,17,0.0,0,0
TCGCAAAGATGCATTT-1,0.15722861507947097,1,1,1.1476726552316134,2,12,0.0,0,0
GTCGTTATTCGCTTAT-1,0.0,0,0,1.17242643522223,2,8,0.0,0,0
TCGTGTACTATGGATG-1,0.0,0,0,0.0,0,0,0.0,0,0
GCGGAGAGGGAGAACG-1,0.0,0,0,1.5911044813830444,3,25,0.0,0,0
TCACAGGGAATCGCAA-1,0.0,0,0,1.7257305754891785,3,24,0.0,0,0
GACTGCACCAGCCCAG-1,0.0,0,0,1.3662920434179984,3,18,0.0,0,0
TCCGCTGTCATCCCGG-1,0.0,0,0,1.5923755819893626,3,22,0.29220065379345217,1,1
AGATACTCAAGATCGA-1,0.0,0,0,2.018949006356471,4,24,0.3140427097772862,1,1
ACTGAATGGCGAAAGT-1,0.0,0,0,2.0760113956816233,4,33,0.0,0,0
TCCTACATCCACGGCC-1,0.0,0,0,1.1268185349548485,2,9,0.0,0,0
TTCAGCCCTGGTCCAC-1,0.0,0,0,1.422854018009812,2,19,0.0,0,0
TTAGAGTTTAGAAGGA-1,0.0,0,0,1.7163241202481792,4,15,0.0,0,0
GGTTAGCTATATGTCT-1,0.0,0,0,1.8083299882771602,3,13,0.0,0,0
CTGGTTTCGAGCAAGA-1,0.17008580723634417,1,1,1.8201008990108862,4,14,0.0,0,0
TGGGCCCATACTAATT-1,0.0,0,0,1.2016062212456478,3,7,0.0,0,0
ACTTATTTATGTGCCA-1,0.20609556873160187,1,2,0.508733617572632,2,3,0.0,0,0
TTAGTTATTCGTGGCA-1,0.22512898124172967,1,1,1.6274844780923043,3,10,0.0,0,0
AACCGCTAAGGGATGC-1,0.0,0,0,2.031642021303761,3,26,0.0,0,0
ATACGTCCACTCCTGT-1,0.0,0,0,1.374878816892243,3,5,0.0,0,0
CGACACGCTCCGACAG-1,0.0,0,0,1.3362395119133674,3,6,0.0,0,0
TCTGAACTCGTACCCG-1,0.24349592272367607,1,1,1.4924015379013296,2,12,0.0,0,0
AGGATATAGGGATTTA-1,0.0,0,0,1.4928192065067483,4,6,0.0,0,0
GTGATCACTAACGCCT-1,0.41410870741366984,2,2,1.287264077075251,3,6,0.0,0,0
ACCGGGCCTTTGTTGA-1,0.16801373403419628,1,1,2.3980289314089593,4,28,0.6720549361367851,2,2
TTGACAGGAGCTCCCG-1,0.0,0,0,1.5498806348969252,3,9,0.0,0,0
CTCTTCTATTGACTGG-1,0.23796890308317994,1,1,1.010905802044381,2,5,0.0,0,0
CGTGGCCGAATATCTA-1,0.0,0,0,1.5140378887040147,3,7,0.0,0,0
GGTTTAGCCTTTCTTG-1,0.26649346576830785,1,1,1.6761654925410967,3,7,0.0,0,0
TCAAGGTTACTACACC-1,0.22217161101760594,1,1,2.4875134948986375,4,22,0.0,0,0
TTGACTATTGTCCGGC-1,0.0,0,0,1.6152452725107789,3,12,0.0,0,0
CGGGAATATAGTATAC-1,0.1679032868196798,1,1,3.020383195051017,4,69,0.3358065736393596,1,1
GCAACAGCAGTATGCG-1,0.33354227383735036,2,2,2.9073202707607293,4,62,0.0,0,0
TGAATGTCAGCCGGCC-1,0.35186817077227833,2,2,2.233974351053398,3,35,0.0,0,0
CGGCTCTAAAGCTGCA-1,0.345168594125923,2,2,1.926823491286266,4,20,0.0,0,0
GGACACAAGTTTACAC-1,0.5451832272406854,2,3,1.735557816320889,3,12,0.0,0,0
CCGAGAAGTCGCATAA-1,0.0,0,0,1.4366591901704555,3,10,0.3709828274226579,1,1
AACTACCCGTTTGTCA-1,0.0,0,0,1.5046649114533406,3,7,0.0,0,0
GCACAAACGAGGCGTG-1,0.3566623662897048,2,2,1.3422084807232602,4,7,0.0,0,0
CACACAGCTTGCGCTC-1,0.4145766011345499,2,2,1.9655681606659012,4,15,0.4145766011345499,1,1
GTGCTTACATCAGCGC-1,0.17679383309158284,1,1,1.8366224428583298,3,17,0.0,0,0
GCAAACGTCGCCAGGT-1,0.4129277067707846,2,3,2.467847144427516,4,30,0.6629790449622485,2,2
GAATAGCATTTAGGGT-1,0.6007619637989084,4,4,1.5342161773232807,4,14,0.3003809818994542,1,1
TACTGTTTCTCTGGTA-1,0.0,0,0,0.725272249123132,1,5,0.0,0,0
TCCTATCATAGGTAAC-1,0.6080904049109047,3,4,0.7950507688800633,2,5,0.0,0,0
TTCGGTGGAGACGCCC-1,0.22534115566755478,1,1,1.6285931903912823,3,10,0.0,0,0
TGTTGCCGTCGTCCCA-1,0.0,0,0,0.38679618658101556,1,1,0.0,0,0
CCAACTTGATAGATCC-1,0.24148187299621662,1,1,1.384808545274074,3,6,0.48296374599243325,1,1
CAAAGGTCATCTGAAA-1,0.0,0,0,0.813996155888352,2,3,0.0,0,0
CTAGCTTAATGGTCCC-1,0.0,0,0,1.750474249591433,3,7,0.0,0,0
AGGCCACATTGGTTAC-1,0.0,0,0,0.9494535716774152,2,4,0.0,0,0
TTAGGATGGGAGGGTA-1,0.0,0,0,1.2953998664998232,2,5,0.0,0,0
TATGACCTTGCGCTGG-1,0.0,0,0,1.245004483824067,3,4,0.0,0,0
ATATACATGTATGGTA-1,0.0,0,0,0.9422812027579808,2,2,0.0,0,0
TGTGTGACCATGAATC-1,0.2906383649500314,1,1,1.0223307195224125,2,3,0.0,0,0
CCCACTCCACGGTATC-1,0.0,0,0,0.6547909555296971,2,3,0.0,0,0
GGGCAGACGTCACTGC-1,0.0,0,0,0.8088125330260614,3,4,0.0,0,0
TCAAAGAGCTATCTGT-1,0.0,0,0,1.5352771610828895,3,7,0.0,0,0
AGATGCATCCTGTGTC-1,0.0,0,0,0.6953752816628793,2,10,0.0,0,0
GTGAAGTCACGACTCG-1,0.0,0,0,0.7678429601260156,2,9,0.0,0,0
TGATTCAGGTCCCGCG-1,0.0,0,0,1.0824035521417734,4,16,0.0,0,0
CGCCACAGGTCGCGAT-1,0.1329371031447217,1,1,0.6894744617666192,2,6,0.0,0,0
TTGAATCGTTGTATAA-1,0.0,0,0,1.314379182580661,4,18,0.0,0,0
TGGCCAATTTGGTACT-1,0.0,0,0,0.7624675492941393,3,8,0.0,0,0
CGACCCTTAACGCCGG-1,0.16335011178275602,1,1,0.7327201383432944,2,4,0.0,0,0
TCGGCGTACTGCACAA-1,0.16361036725074862,2,2,0.409305170749323,2,4,0.0,0,0
GAGTAAGGCCACGGGA-1,0.0,0,0,0.8155956883377069,2,6,0.0,0,0
ATCAGCTCGTCCACTA-1,0.0,0,0,0.907068506906915,2,12,0.0,0,0
AGGATCACGCGATCTG-1,0.1508156959101915,1,1,1.0537576229611954,2,10,0.0,0,0
AAATGGCCCGTGCCCT-1,0.0,0,0,1.1923748751354382,3,22,0.0,0,0
CAGTACCAGTTTACGT-1,0.0,0,0,1.3202129971808405,4,12,0.0,0,0
GGTCGTAAGCTCGCAC-1,0.28220424444214426,2,2,1.979186060794923,4,24,0.0,0,0
CGTTCATGGTGCGCGT-1,0.14074811830430378,1,1,1.6955748433237599,3,24,0.0,0,0
GACTACAAAGCGGTGG-1,0.19573000204003266,1,1,1.1355406841971516,2,8,0.0,0,0
CAGCTGGCGTAACCGT-1,0.0,0,0,1.095005415874994,4,10,0.0,0,0
ACTCGTAACCCGTCCT-1,0.0,0,0,1.417002182690072,2,10,0.0,0,0
CATATGTCAGGCTACG-1,0.0,0,0,1.9869725598069685,3,31,0.0,0,0
GCCCGACTTCTTCCCG-1,0.0,0,0,1.5716251802716092,2,13,0.0,0,0
CTGGCATCCGAATGAG-1,0.0,0,0,1.8502393473722505,3,12,0.0,0,0
AAGTGCGTTAGAATCT-1,0.0,0,0,1.5054435893060292,3,8,0.0,0,0
AGAAGTGATTCGTGAT-1,0.0,0,0,1.0089208766132287,2,5,0.0,0,0
TACCTTAAGATTTCCC-1,0.31440983217785695,1,1,1.4132055689159047,2,6,0.0,0,0
AATGACAGCAATGTCT-1,0.0,0,0,1.7113902418355442,3,8,0.0,0,0
TCAACGCAGGAAATAA-1,0.0,0,0,1.7604123349718865,3,10,0.0,0,0
TATTCCTCCGCCCACT-1,0.0,0,0,1.5001424381555661,3,9,0.0,0,0
ATCAAACGAAGGTTTG-1,0.0,0,0,1.7748176603824493,3,11,0.0,0,0
TTGATTAGCTGTTTCT-1,0.0,0,0,0.49404194783641314,1,1,0.0,0,0
CTGCTGAGGCCACGAA-1,0.0,0,0,1.0004942440039748,2,5,0.0,0,0
CCGTGTTAAATTCCAT-1,0.0,0,0,0.8786303039477928,1,4,0.0,0,0
CACGTCGGCAACCTCT-1,0.0,0,0,1.019311513167056,2,4,0.0,0,0
GTATTCTGAGAAACGA-1,0.0,0,0,0.9193482870382165,2,7,0.0,0,0
CGGTGCGCGTTGGTCC-1,0.0,0,0,1.0397032022792496,2,9,0.0,0,0
GTGATTCGCCGCTCAA-1,0.21154242096902923,1,1,1.882131765841025,4,13,0.0,0,0
GCCCGCGCGTAAACGG-1,0.0,0,0,2.2973318375932434,3,26,0.0,0,0
AACGTACTGTGGGTAC-1,0.0,0,0,2.0482504196451035,3,24,0.0,0,0
GAGTATGCCCGCCTTG-1,0.2553228347524155,1,1,1.3566317201476603,2,8,0.0,0,0
TGATTCTGTCGCCGGT-1,0.23677125513018724,1,1,1.2065770725953862,3,4,0.0,0,0
GGGCGGCAAATGAATT-1,0.0,0,0,1.6534301716252635,3,11,0.0,0,0
TTCCAATCTGGCTATC-1,0.2259092057865925,1,1,0.47764668946475475,1,2,0.0,0,0
GGAACCGTGTAAATTG-1,0.0,0,0,1.1711115744668112,3,8,0.0,0,0
TTGGTCACACTCGTAA-1,0.17803809468586204,1,1,1.6229596338696015,3,16,0.0,0,0
CGAACCCGCATGCGTC-1,0.0,0,0,1.0808601041738943,2,10,0.326077507810005,1,1
GGGCGTCACCACGTAA-1,0.2776365094724622,1,2,1.0744571474473192,3,5,0.0,0,0
TACCAGAAGTAGGTTC-1,0.0,0,0,0.4969952638264396,2,3,0.0,0,0
TTGGATATCGTCTACG-1,0.0,0,0,0.5422615798628526,1,3,0.0,0,0
TAGATATGGACTGGAA-1,0.0,0,0,1.516845322706875,3,18,0.0,0,0
GCGACGATAGTTGTAC-1,0.22414486279528442,1,1,0.8108234113238708,2,3,0.0,0,0
CTGGATTTACACTTGA-1,0.0,0,0,0.9461429453473005,3,6,0.0,0,0
GTTATATTATCTCCCT-1,0.0,0,0,2.013143217396216,4,16,0.0,0,0
TATTCCACTCAGCTCG-1,0.0,0,0,1.4836105794319683,4,11,0.0,0,0
CTGTTACCCAATCTAG-1,0.17642424889404407,1,1,2.3568769864341235,4,30,0.0,0,0
ACGCGAAGTCAGACGA-1,0.1577734670586254,1,1,1.874124452008503,4,22,0.0,0,0
GATAGGTAACGTTGAC-1,0.0,0,0,1.9719785816803699,3,35,0.0,0,0
TGTTCGTATTGCGGTG-1,0.0,0,0,2.236106105035943,4,23,0.0,0,0
GGTCAGTGGGTCCCAC-1,0.26081351570997185,2,2,2.374995608289218,4,44,0.26081351570997185,1,1
AATTCTAGAGTTAGGC-1,0.14426883896995157,1,1,2.3768505829708833,4,35,0.0,0,0
GTTTACGTTCCATCTG-1,0.1612476903648329,1,1,1.3900973932333591,3,12,0.0,0,0
AGACCCACCGCTGATC-1,0.155135487088924,1,1,2.732903316861124,4,44,0.310270974177848,1,1
TCTAGCATGCCCAGAA-1,0.0,0,0,1.3991757854785276,4,9,0.0,0,0
CCCGCAGCGCGAACTA-1,0.23985343000438608,1,2,1.7315264278486397,3,21,0.0,0,0
CTCTATTTGGCTGCAG-1,0.1002149476978309,1,1,0.7051466290676337,3,6,0.2004298953956618,1,1
TTCTGCCGCGCCTAGA-1,0.16702533708009124,1,1,1.6251794697116329,3,18,0.0,0,0
ACTCCCTAGAATAGTA-1,0.0,0,0,0.5816960816540927,2,5,0.0,0,0
CCGAACCTTCCCGGCC-1,0.0,0,0,1.4103143420709978,3,14,0.0,0,0
TCAGACGCTATAGAAG-1,0.0,0,0,0.6848994437721457,2,6,0.0,0,0
CAGGCGCCATGCTAGG-1,0.22764536629738322,1,3,1.6271215835023647,3,29,0.0,0,0
CACTCGAGCTGAACAA-1,0.0,0,0,1.3960676020755467,4,12,0.0,0,0
ACAAGGAAATCCGCCC-1,0.0,0,0,1.5056044885082085,4,16,0.2578646519509867,1,1
ACCACGTGCAGCTATA-1,0.0,0,0,0.7418101980827536,2,3,0.0,0,0
ACGGCGACGATGGGAA-1,0.15468699167291114,1,1,1.5698272974921443,4,13,0.0,0,0
TTACTAAAGGACTTTA-1,0.0,0,0,1.4020320959348522,3,12,0.0,0,0
GGCTGAAATAGCAAAG-1,0.0,0,0,1.393918711402775,3,14,0.0,0,0
TTAGACGAGTCACCTC-1,0.0,0,0,1.7631491626011482,3,23,0.0,0,0
GTAGTCGCGGGAATCA-1,0.0,0,0,1.203962946669976,3,8,0.0,0,0
GCAAACCCTACATTAT-1,0.30052580987943445,2,2,1.1750758935755026,2,13,0.0,0,0
GTTAAAGTAGGACTGG-1,0.0,0,0,1.9421888708202852,3,30,0.0,0,0
ACCCTCCCTTGCTATT-1,0.0,0,0,0.7536780680884442,2,4,0.0,0,0
CATGTCTCATTTATGG-1,0.21151177198967952,1,1,1.0800862910701365,2,6,0.0,0,0
AATAGAATCTGTTTCA-1,0.0,0,0,1.1795012026678042,3,9,0.0,0,0
TCTCATGAGATAGGGT-1,0.0,0,0,0.8190322777727725,2,8,0.0,0,0
ATGACTATGCGACATT-1,0.0,0,0,0.8765422458434817,2,5,0.0,0,0
CCTAACCCAAACAAGT-1,0.0,0,0,1.1135449619221205,3,10,0.0,0,0
AGTCAAGATGACACTT-1,0.18546855169712864,1,1,1.7294061883725982,4,12,0.0,0,0
CGGGAGCTTCAGTGTA-1,0.0,0,0,0.77697382100476,2,5,0.0,0,0
CCACAGTACCCATCCT-1,0.0,0,0,1.065609615435655,2,5,0.0,0,0
GAGCGCGCACGAGTAG-1,0.0,0,0,0.9358830065368143,2,6,0.0,0,0
ACCAGTGCGGGAGACG-1,0.0,0,0,2.238545785500083,4,18,0.3880426568249866,1,1
TCCTTACGACGGTCCG-1,0.0,0,0,0.9305480253977547,2,6,0.0,0,0
TAGTCGATCACGGGTT-1,0.3978046408167506,2,2,2.4324073622357263,4,27,0.3978046408167506,1,1
AGACGAAGTGCCGGTC-1,0.17512371478433578,1,1,1.536930545455892,3,14,0.0,0,0
CGCTGGTGACTACCCT-1,0.0,0,0,2.1638702055501584,4,10,0.0,0,0
AGGCATTGTCGTAGGG-1,0.0,0,0,1.7053860444058584,3,13,0.0,0,0
TGGTAGAATATATGGG-1,0.0,0,0,2.1650420110560655,4,17,0.0,0,0
TTCTTATCCGCTGGGT-1,0.0,0,0,0.3878182720281371,1,1,0.0,0,0
AGTTTGGCACGGGTTG-1,0.0,0,0,1.4308418764670612,3,10,0.0,0,0
GCATCGGCCGTGTAGG-1,0.0,0,0,0.0,0,0,0.0,0,0
ATGCGAGTCCCACCAC-1,0.2745760386588661,1,2,1.819379055954994,3,17,0.5491520773177322,1,2
TCGGCGAACCCAAACC-1,0.15104975100978868,1,1,3.1599282860431974,4,101,0.30209950201957736,1,1
AAGCCGAAGCGGTTTA-1,0.465119227146525,2,4,2.3959509398148686,4,32,0.0,0,0
CCCGAGTTTCTCCGTA-1,0.21748917609575877,1,1,1.8511819243696908,3,16,0.43497835219151754,1,1
AATATCGAATCAATGC-1,0.37291451507767664,2,2,0.9950652791403325,2,9,0.7458290301553533,2,2
GCGCCTCCCACTCCGA-1,0.20606667044985136,1,1,1.927570911032412,4,11,0.4121333408997027,1,1
CGTTAAACTAGTTAGG-1,0.0,0,0,1.5829990001943017,3,10,0.38713582176692607,1,1
TGAGTTAAAGACATTC-1,0.1876685438093707,1,1,1.6611308482173612,3,16,0.0,0,0
AACAGGTAGTATGGAT-1,0.0,0,0,1.2229632604657168,3,8,1.038915529412064,3,3
GAACGCGGGTCACACG-1,0.17991945947201307,1,1,1.0732638999143942,2,8,0.0,0,0
TGTTTGAGATCGTCAG-1,0.858805967636715,4,5,1.6062461221475983,3,13,0.0,0,0
ATCTCGTGAGCGAAAC-1,0.0,0,0,2.014685077208038,4,27,0.29882627280200463,1,1
CTGAGAAAGTTCGGCG-1,0.0,0,0,1.2204126145782401,2,11,0.0,0,0
ATTACCACACTGCCTG-1,0.0,0,0,1.3076430048536416,2,9,0.0,0,0
CTGCTGTCTAACGAGC-1,0.21510363280360933,1,1,1.9710589560099674,4,12,0.0,0,0
CGTGGAAGCCTCGTAC-1,0.0,0,0,1.2476335767977624,3,4,0.0,0,0
GGACTCACAAATTAGG-1,0.44732588844876914,2,3,1.0365126068265362,2,8,0.0,0,0
CTTTGCTGTCATGGAT-1,0.0,0,0,1.230421122481561,2,9,0.0,0,0
GGTGTTGGGCGTCTTA-1,0.19118881996556278,1,1,1.5766952220445012,3,11,0.0,0,0
TACCATGTATTGATTT-1,0.2785680573390506,1,1,1.4384988201178688,2,8,0.0,0,0
GGTCTCCAAGTAGTGC-1,0.22737997526755352,1,1,0.821247655606509,2,3,0.0,0,0
ATCCTTCTGAAAGAAC-1,0.21867163614189042,1,1,1.9439142522640607,4,11,0.0,0,0
CCGGAAGTTATCAGTC-1,0.0,0,0,1.1016798324599348,3,3,0.0,0,0
TTAGAGGGATATACAG-1,0.0,0,0,1.3241183508661312,2,12,0.0,0,0
TTGTACACCTCGAACA-1,0.0,0,0,1.4213555915598253,3,9,0.0,0,0
GTGGGTACTGAGCGTA-1,0.293662453482768,1,1,1.960848437799273,3,8,0.0,0,0
CTTAAGCAGCGAGCCG-1,0.0,0,0,0.7203791095307561,2,3,0.0,0,0
GCATTGACTTGCGGAA-1,0.0,0,0,0.6846654048103789,2,3,0.0,0,0
CCATAACCTGTGCAGT-1,0.0,0,0,1.003022803236233,3,3,0.0,0,0
GGGCTACTATTTCGTG-1,0.0,0,0,0.9479189718111384,2,4,0.0,0,0
GGCGAGCGAAACGGCA-1,0.0,0,0,0.9625832497058471,3,6,0.0,0,0
GGAGACCATCTACATA-1,0.0,0,0,0.46746816669466174,1,3,0.0,0,0
AGACCAAACCACACCT-1,0.0,0,0,0.38552756914890246,1,2,0.0,0,0
CGACGCATCCGTACCT-1,0.0,0,0,0.8307888100084522,3,6,0.0,0,0
CCTAGGTAAAGGTAGC-1,0.0,0,0,0.9387467109118519,2,4,0.0,0,0
AGCGGCGGTTAGCGGT-1,0.0,0,0,1.004966326163,3,5,0.0,0,0
CTGGACGCAGTCCGGC-1,0.0,0,0,0.8932923932076557,2,4,0.0,0,0
AGCCTAATACCCACGT-1,0.0,0,0,1.557385165234044,3,9,0.0,0,0
AATCTGGCTTTCTAGT-1,0.11914739347906356,1,1,1.2208206384671767,3,16,0.0,0,0
CACCCTTGGTGAGACC-1,0.1191562808198035,1,1,1.3182123175424523,2,25,0.0,0,0
GGATCTTGACTCAACC-1,0.11057946677978776,1,1,1.527010438479155,4,18,0.22115893355957553,1,1
ACGAGGATACCACTCT-1,0.0,0,0,1.814106276591535,3,33,0.0,0,0
GAGTTGATGGCAATTT-1,0.0,0,0,2.1615043527938353,3,17,0.0,0,0
GTGGCAAACAGCGGCA-1,0.1627802650819408,1,1,1.3990499767797329,3,12,0.0,0,0
GATGTAACGAACCACC-1,0.0,0,0,1.4460080324870548,2,9,0.0,0,0
AGCCGTGGCTAAATGT-1,0.0,0,0,1.8620815808721338,3,15,0.5115955142292158,1,1
CTCCCTCCTTTCGATC-1,0.0,0,0,1.6565901830672314,3,6,0.0,0,0
TTGGAAGAATACAGTC-1,0.0,0,0,1.7558703850391812,2,21,0.0,0,0
AGTTAAGTCAACCGCT-1,0.0,0,0,0.4664795293776436,2,2,0.0,0,0
CTCATGGTAATTTGCG-1,0.0,0,0,1.4502222790644326,3,10,0.0,0,0
AAAGTAGCATTGCTCA-1,0.0,0,0,1.2920179121274726,3,7,0.0,0,0
TTGTGGTAGGAGGGAT-1,0.0,0,0,0.7579546382219065,2,3,0.0,0,0
AGTCGTGGGCATTACG-1,0.3730114842497929,1,1,1.1190344527493787,2,2,0.0,0,0
ACCTAAGTACCTTTCA-1,0.0,0,0,1.1384492143258051,2,3,0.0,0,0
GTAGAGGGAGACAAGT-1,0.0,0,0,0.0,0,0,0.0,0,0
GATCCTCGACACTGGC-1,0.3077126586720422,1,1,1.2286117665484018,2,4,0.0,0,0
CCTACATTCACAGACG-1,0.0,0,0,1.5099905804937235,2,5,0.0,0,0
TTGACCGTGTTAATGA-1,0.0,0,0,0.45560134531852087,1,1,0.0,0,0
TCTGTTACCCAGCATA-1,0.0,0,0,0.5131738278341281,1,1,0.0,0,0
CTAACTGGTCCGGTTC-1,0.25339733874566317,1,1,1.1398076495623155,2,5,0.0,0,0
AGCGACAGGAACGGTC-1,0.0,0,0,0.740431579724753,2,2,0.0,0,0
TAATAGAACAGAGTTA-1,0.2679201121118716,1,1,0.8037603363356148,2,2,0.0,0,0
ACAGGTGGAGGTGAGG-1,0.0,0,0,0.41837904293895006,1,2,0.0,0,0
TGCGAGAATATTACCC-1,0.46055410067821995,2,2,1.1768524750896177,2,7,0.0,0,0
TTGCGTCGGCCAACCG-1,0.0,0,0,1.6378238162834529,3,8,0.0,0,0
AGGCTTCCCGAAGAAG-1,0.0,0,0,2.670972812267966,4,24,0.0,0,0
GCGGACCGCGTTGTGG-1,0.0,0,0,1.8706892526582493,2,27,0.0,0,0
GTAATCTGATTCTTCG-1,0.0,0,0,1.4066914641315031,3,6,0.0,0,0
CCGCGGAATGCGTCAC-1,0.24135728713870355,1,1,2.0825115703464294,4,10,0.4827145742774071,1,1
TTCCACACAGATTTGA-1,0.0,0,0,1.7893203522861434,3,20,0.37402832735106695,1,1
CTTCTATTAATGCTAG-1,0.0,0,0,1.239924951678495,2,5,0.0,0,0
CATTTGAGTGGTACGT-1,0.0,0,0,0.957754038157193,2,4,0.0,0,0
TCACAGCAAACTCGAA-1,0.0,0,0,2.182229816176416,4,27,0.0,0,0
CAGACGAACCTGATAC-1,0.0,0,0,0.751310366139905,2,4,0.0,0,0
TAGCTAGAAGGCATGA-1,0.0,0,0,0.8813800584616129,2,6,0.0,0,0
ATCCAGAGCAACAACC-1,0.0,0,0,0.7506067205046503,2,8,0.0,0,0
TCCGGTTCGTCCGGTC-1,0.0,0,0,0.9776558164137853,2,8,0.3076270131975181,1,1
CGCGCATGTTTGATTG-1,0.0,0,0,1.7748443354781727,3,16,0.0,0,0
TGGCGATCAAGTTATG-1,0.0,0,0,1.2230598237453565,3,7,0.0,0,0
CCCTTTGACAGGTCTT-1,0.1509765255273899,1,1,0.9923982546282566,3,6,0.0,0,0
CAGAGACGGTCACCCA-1,0.38668011957017595,2,3,1.9505616981404015,4,27,0.3080235840150845,1,1
TAGCTCGCCTGATAAC-1,0.0,0,0,0.8776378302401484,3,6,0.0,0,0
TTGTGTTTCCCGAAAG-1,0.14671727217643882,1,1,1.8579354973653204,4,19,0.0,0,0
TATACACAGACGCCTT-1,0.0,0,0,1.3610051668348602,3,16,0.0,0,0
ACATTAGTTTATATCC-1,0.0,0,0,0.8935254346675836,2,7,0.0,0,0
CCATCGCAGTTAAACT-1,0.0,0,0,1.4267618486558833,3,14,0.2905455492206009,1,1
AATTAGCGCTGCAGCG-1,0.44529672435158635,3,3,1.6013923837633743,3,17,0.0,0,0
TCCGCTTATCCCATTA-1,0.0,0,0,1.398601616712389,2,15,0.3845422878040019,1,1
GTTTGGGCTTGTGAGC-1,0.0,0,0,2.0045807719672757,4,15,0.0,0,0
CTTGTCAACATTCGAG-1,0.2838111401868339,2,2,1.7826199848694828,4,23,0.0,0,0
GGACCAACAGGATAAC-1,0.35929163903886047,3,3,2.0887837819404393,4,38,0.23952775935924028,1,1
AAGCTAGATCGAGTAA-1,0.37073573014323186,3,3,1.7093422002032974,3,28,0.0,0,0
TACCGTGCCTCGGACC-1,0.0,0,0,2.1657716492844963,4,30,0.0,0,0
GTAGCCAAACATGGGA-1,0.4341949545023341,3,4,1.5673839446721045,3,22,0.0,0,0
TGCCAGTACGTGGAGA-1,0.14401684270072088,1,1,1.6200856662951177,4,17,0.0,0,0
ATAAGGTGGAGAACAT-1,0.3739191242040351,2,3,0.9703646416972622,3,7,0.0,0,0
CTTTAATATTGGTCGA-1,0.0,0,0,1.5009600703590178,3,13,0.0,0,0
TGGTTCAACGGGTAAT-1,0.14934159282155976,1,1,1.4201334896177498,3,14,0.2986831856431195,1,1
GCTGCTACTGCGTAGC-1,0.1445484528106202,1,1,1.7352527527647776,4,23,0.0,0,0
CTGCACAACTACATAT-1,0.0,0,0,0.7943239190062709,3,8,0.0,0,0
ATATTCCACATAGTGA-1,0.0,0,0,1.6642678350627769,3,21,0.0,0,0
TGGCAAACTAAATTAC-1,0.0,0,0,1.755629458735691,4,39,0.0,0,0
ACCGCAATAACTGCCT-1,0.0,0,0,0.9134500432030686,2,11,0.22757099601680827,1,1
TCGCACCAGGAGGCAG-1,0.0,0,0,1.8335346832970105,4,14,0.0,0,0
ACTTCAGGCTGATCCC-1,0.15171220952242068,1,1,1.1845027626616353,3,9,0.0,0,0
ACAAATCGCACCGAAT-1,0.15314642042731885,1,1,1.6622332562346824,3,24,0.0,0,0
TCTGATGTATTCTGTC-1,0.0,0,0,1.3561035041449832,3,10,0.0,0,0
CTTTACCGAATAGTAG-1,0.15722861507947097,1,1,1.3591073156184554,4,11,0.0,0,0
GCAGATCCATAAGACT-1,0.0,0,0,1.5602561543801279,3,21,0.0,0,0
TTCCTCGGACTAACCA-1,0.0,0,0,0.9517136794210448,2,6,0.0,0,0
TTATCCGGGATCTATA-1,0.0,0,0,1.4360600679448499,3,13,0.0,0,0
CTGGAAGACACGGTGG-1,0.13941245931077778,1,1,1.5977900604809558,4,15,0.0,0,0
GTTCGTCTAAAGAACT-1,0.0,0,0,1.5292297641926371,3,15,0.0,0,0
GTCTATTGGTTCCGGT-1,0.0,0,0,1.3684488084829494,3,9,0.0,0,0
CTAGGCGCCCTATCAG-1,0.31211320168726026,2,2,2.606724966101017,3,75,0.6242264033745205,2,2
AACGGACGTACGTATA-1,0.14009564603806865,1,1,1.9078848263338406,4,20,0.0,0,0
AACACACGCTCGCCGC-1,0.17766281050766194,1,1,2.0475900648205263,3,30,0.3553256210153239,1,1
GCTACTATAGTAGAGT-1,0.1939960766753528,1,1,0.9927095192513684,2,6,0.0,0,0
AGCATATCAATATGCT-1,0.19900915151826634,1,1,1.528127630991886,3,9,0.6890095755343767,1,3
CGAACAGTATGGGCGT-1,0.19596207974074367,1,1,1.0132213858008097,3,4,0.0,0,0
ACAATTGTGTCTCTTT-1,0.0,0,0,1.3049175746617112,3,8,0.0,0,0
GATCGCTACCCGATTT-1,0.18505809376568902,1,1,2.5560927108180334,4,29,0.37011618753137804,1,1
ATTGCGATCAGTAACT-1,0.0,0,0,2.4540677560612716,4,19,0.0,0,0
CAGCAGTCCAGACTAT-1,0.0,0,0,1.033830903690764,2,5,0.0,0,0
AGAGGCTTCGGAAACC-1,0.45651657831599496,3,3,1.5215757298413017,4,13,0.0,0,0
AAACAAGTATCTCCCA-1,0.0,0,0,1.3104049223402798,2,12,0.0,0,0
GGCAGCAAACCTATGC-1,0.6411199079924719,4,5,2.2109133381619945,4,36,0.0,0,0
ACTAGTTGCGATCGTC-1,0.6449537685258805,3,5,2.558970210020283,4,53,0.32273155049526175,1,1
ATTACATGTCAGTCTT-1,0.35649467191502865,2,2,1.881553442190277,4,14,0.35649467191502865,1,1
TTGGGACGTAAGAGTT-1,0.17530533763281245,1,1,2.012134819680287,4,18,0.5176777125222218,1,2
CTTCGGCCAATTGTTT-1,0.0,0,0,1.1687188562130562,3,7,0.0,0,0
AGACCGCTCCGCGGTT-1,0.14412283240709647,1,1,1.2714997490783806,2,18,0.28824566481419295,1,1
GACCGCGTCTGACGTG-1,0.3974433168949878,2,4,1.594254491474025,4,14,0.4203461602562066,1,2
CCAAATAACAAGATTC-1,0.0,0,0,1.596042267987288,3,22,0.39231189230222574,1,2
TCTTTAGAGTCTAACA-1,0.0,0,0,1.1361913240432013,2,14,0.2764006208456186,1,1
CTCCCAATGAGTCGCG-1,0.0,0,0,1.7582887949335007,3,21,0.32562935836672996,1,1
TAGTCTTTCCGAATTG-1,0.4449937913007839,2,3,1.769446979065543,4,13,0.36043875333913095,1,1
GAGTAAACCGGAAAGT-1,0.46896080100956095,3,4,1.8394267845211327,4,29,0.26414245343813714,1,1
GATCTCGACGCTGTGG-1,0.27228552065309747,1,2,1.4209216893257608,3,10,0.9175318192347711,2,3
CTGACATAGAAATAGA-1,0.15890809176604967,1,1,2.0617276418021078,4,19,0.0,0,0
TATACCGAGTGCCACA-1,0.42394512795725187,2,2,1.7519468274177847,3,11,0.0,0,0
TCCGAACGTTGCCGCT-1,0.2158386967841777,1,1,1.4846119628815235,3,8,0.0,0,0
GCAGAAGGTAATCTCC-1,0.37670329084149756,2,2,1.7442766610224307,3,14,0.0,0,0
GGTACTAAGTGCTTTG-1,0.6297952026359253,3,3,1.1387674950943183,2,7,0.41986346842395017,1,1
CAGAATATTCGTTATC-1,0.0,0,0,1.957122040861082,4,10,0.45657531159088593,1,1
TAATCAACCAAATGGG-1,0.549039619807488,3,3,1.500474218640486,3,12,0.536266073154967,1,2
TCTGCTTAGAACAAGC-1,0.0,0,0,1.274101356674433,3,5,0.0,0,0
AACTGAGTTATACTGA-1,0.2390589218507875,1,1,1.1799925117801007,2,6,0.95623568740315,2,2
CCTCAACGATCGCTGT-1,0.0,0,0,1.7692907057350113,4,13,0.0,0,0
CGGTACGGCAAACCCA-1,0.0,0,0,1.3889786679125165,3,9,0.0,0,0
CAGATGTTTGTCCCAA-1,0.0,0,0,1.0686797118168272,2,5,0.0,0,0
GTTTGTTAGCCAAGTA-1,0.0,0,0,2.2550605359515195,3,25,0.4202253698546874,1,1
ACGTGACAAAGTAAGT-1,0.0,0,0,1.2526037210332084,2,11,0.0,0,0
TTGTCACCGCGGTATC-1,0.0,0,0,0.8285172700491555,2,7,0.0,0,0
GATCTAACCGTATTCA-1,0.0,0,0,1.0004291528033868,2,6,0.0,0,0
ATGGAAATTTAAGGAG-1,0.15485678335131062,1,1,0.7011655929505162,2,4,0.0,0,0
ATTGATCACCACATTT-1,0.0,0,0,0.6147943509555454,1,3,0.0,0,0
ACTGCTCGGAAGGATG-1,0.0,0,0,0.5831974327711912,1,2,0.0,0,0
TCTAAAGAACAGTCTC-1,0.0,0,0,1.70456196531723,3,11,0.0,0,0
CTGGGTTGAGTTAAAG-1,0.0,0,0,1.169094753905076,2,10,0.0,0,0
CCCAGTAAACTTGGGA-1,0.0,0,0,2.0528868451741786,4,9,0.0,0,0
AGATTCACAACCGATA-1,0.0,0,0,1.7404448451676386,4,11,0.0,0,0
AGAAGGTACACTTCAC-1,0.0,0,0,0.7701344492824265,2,6,0.0,0,0
GCAGGAACTTAGATCT-1,0.0,0,0,0.8718718541935708,2,8,0.0,0,0
AATCTAGGTTTACTTG-1,0.10142198147177488,1,1,1.8807011420557382,4,30,0.0,0,0
CCCGGTGTATCGGAAT-1,0.0,0,0,1.1217431441607646,2,14,0.0,0,0
TTATCCTCAAGGAATA-1,0.0,0,0,1.3028842527195523,3,7,0.0,0,0
AGCATCATTTCGAAAG-1,0.0,0,0,1.1576859067313974,2,6,0.0,0,0
CGCGAGTCTGCCGGGT-1,0.0,0,0,2.3374905026716233,4,16,0.0,0,0
TGCGTCATGACTGAGC-1,0.0,0,0,0.9709962373534003,2,6,0.0,0,0
GTATGAAATTTCACTC-1,0.0,0,0,0.6650881420253056,2,3,0.0,0,0
TTGGTTGCGGTGCGCG-1,0.0,0,0,0.793562702181276,2,5,0.0,0,0
ACAGAACTGAGAACAA-1,0.0,0,0,0.8633654781518554,2,9,0.0,0,0
CTACTATCATAGGTTT-1,0.0,0,0,0.9974559780684251,2,3,0.0,0,0
CCTCTATCGATTAGCA-1,0.0,0,0,1.149982785868253,3,6,0.0,0,0
CCGTATCTCGTCGTAG-1,0.0,0,0,1.3308922281547084,3,4,0.0,0,0
TCACGATGTCCGTGGA-1,0.0,0,0,1.9580737590566355,3,8,0.0,0,0
TCAACAAAGATAATTC-1,0.0,0,0,1.1666080748915775,2,5,0.0,0,0
ATGACGCGTTCTATCC-1,0.0,0,0,0.41013742839650996,1,1,0.0,0,0
ATTTGCGCGAGTAGCT-1,0.0,0,0,1.439413889715381,2,6,0.0,0,0
TTCTTGGACGATCTGC-1,0.0,0,0,1.269441107191041,2,4,0.0,0,0
AGACGACGATGCCGCT-1,0.0,0,0,0.8480242483697557,2,2,0.0,0,0
GGTCTCTGAATGGACT-1,0.0,0,0,1.1239271859750029,2,4,0.0,0,0
GCTCAATCCGTTTATT-1,0.0,0,0,1.0448291471401017,2,2,0.0,0,0
CCAGAAAGCAACTCAT-1,0.0,0,0,1.4688848565124024,3,5,0.54618052564945,1,1
CACCGTTAGGGATCAC-1,0.0,0,0,1.0615904371417573,2,4,0.0,0,0
AATAACACTAGAACAA-1,0.0,0,0,1.014955521128252,2,6,0.0,0,0
CACCCGGTTTGTGACT-1,0.0,0,0,0.8215403835692846,1,4,0.0,0,0
CCACCAACTTTACTGT-1,0.0,0,0,1.1480375262715992,2,7,0.0,0,0
AACTCTCAGTGTGCTC-1,0.0,0,0,1.0398248514102983,2,4,0.0,0,0
AAACCGTTCGTCCAGG-1,0.0,0,0,1.5767846930274572,3,7,0.0,0,0
CAGCGATTCCCTTCAA-1,0.0,0,0,1.559268672998624,2,14,0.0,0,0
GCTAGCTTGAATAGCT-1,0.0,0,0,2.4393880696761006,4,17,0.0,0,0
TTGCGGCATCAGAAAG-1,0.0,0,0,1.0527350462773983,2,8,0.0,0,0
AATAGAACAGAGTGGC-1,0.18971043616602223,1,1,2.328579050094434,4,22,0.37942087233204447,1,1
GCCATCGAGCTGCGTG-1,0.0,0,0,1.3923326806490692,2,13,0.0,0,0
ACACTGATCAAGGTGT-1,0.0,0,0,1.7537630475165507,3,15,0.0,0,0
ACCAACGCTTATTTAT-1,0.0,0,0,1.1790886425238303,2,6,0.0,0,0
GACATCGATTTATAAC-1,0.20266367595999923,1,1,1.080841312267502,2,10,0.0,0,0
CAGACACCGATCGCTG-1,0.0,0,0,1.5488675942307586,3,10,0.0,0,0
CCAAGAAAGTGGGCGA-1,0.0,0,0,1.9750102702406753,4,20,0.0,0,0
GGTAGACCGTTGGGCG-1,0.0,0,0,0.5770507363473563,2,3,0.0,0,0
TCGTTAGGAGTCCCTA-1,0.0,0,0,0.856210810098019,3,6,0.0,0,0
ACGGCCAACATGGACT-1,0.21708328581794448,2,2,0.8536305343794159,3,8,0.0,0,0
GTGAGTGGTACAACGC-1,0.0,0,0,1.3150150860838756,4,10,0.0,0,0
GAGACTTCGCGACCGA-1,0.0,0,0,1.2785772861938272,3,9,0.0,0,0
GAAGTCAGTTGCACTA-1,0.3283033314875439,2,2,1.5456418927501605,3,14,0.3283033314875439,1,1
GTTTGGTAGGGTCAAC-1,0.0,0,0,2.337011369649005,4,35,0.3150651846093088,1,1
ACGGCACTTGCTTGGG-1,0.32559494034315895,2,2,1.5400705421971812,3,17,0.0,0,0
CCTCTGTACTATTCTA-1,0.0,0,0,2.5340670425714134,3,63,0.0,0,0
CTATTCATGTGTCCCA-1,0.0,0,0,1.8227673769013064,3,11,0.0,0,0
GCCCGATCTGTGGTCG-1,0.1546561632827529,1,1,3.273446078555507,4,125,0.0,0,0
TTAGAAGAACATGACT-1,0.0,0,0,1.5700443505632031,4,13,0.0,0,0
AGGATAAAGTCGGGAT-1,0.13339705295122897,1,1,2.3682895015049645,3,82,0.0,0,0
CGGCAAACATCGTGCG-1,0.22309400022790152,2,2,2.5321340054638393,4,60,0.3555545941586078,1,2
CTAGTTACAACCCGGT-1,0.0,0,0,1.6346001931775036,3,31,0.0,0,0
TTCGACAGAGCCCGTG-1,0.15799899816321336,1,1,3.3857655417922854,4,93,0.3159979963264267,1,1
AAGCATACTCTCCTGA-1,0.0,0,0,1.2924042360599717,3,11,0.0,0,0
GACGACGATCCGCGTT-1,0.1812560376781505,1,1,1.0786019430748999,2,8,0.0,0,0
GGTAGAAGACCGCCTG-1,0.0,0,0,0.8687467176479786,2,8,0.0,0,0
GAGATGGGAGTCGACA-1,0.0,0,0,1.4766889411333932,4,13,0.0,0,0
AACGATAATGCCGTAG-1,0.11515079130459542,1,1,1.5522827532056296,4,18,0.0,0,0
TGGTCCCACGCTACGG-1,0.15536856248994424,1,1,1.3466733485112097,2,18,0.0,0,0
CTGCTTGGCGATAGCT-1,0.13308257903207663,1,1,1.8172844031160584,3,41,0.26616515806415325,1,1
ATCGGAGACAGACGGC-1,0.0,0,0,1.1024157953670262,3,10,0.0,0,0
TAGCGTCCGGTGTGGT-1,0.0,0,0,1.0812033978066706,4,9,0.0,0,0
GTTGAGTCCCGCCGGT-1,0.11936999235261825,1,1,1.1615710896433862,2,18,0.0,0,0
AAATAGGGTGCTATTG-1,0.0,0,0,1.3783664399365128,4,15,0.2444456924969994,1,1
AAGTGTTTGGAGACGG-1,0.0,0,0,0.954675154920507,2,11,0.0,0,0
AGCACTACCTCACCAG-1,0.0,0,0,0.7952639259263399,2,5,0.0,0,0
TGCCTTGGCCAGGCAA-1,0.0,0,0,1.1070792005555166,3,15,0.20159177361422376,1,1
TCGTCTTAGGCGTTAA-1,0.17747581604155674,1,1,0.9246249750580908,3,4,0.0,0,0
TTCTGACCGGGCTCAA-1,0.0,0,0,1.2132148477163194,3,12,0.0,0,0
CAGAACTTAGCCCTCT-1,0.1710948777990893,1,1,1.7696983892407518,4,12,0.0,0,0
AGCTCCTTCGCACATC-1,0.0,0,0,1.5911060019451546,3,14,0.3352190566225904,1,1
ACAGGCTTGCCCGACT-1,0.0,0,0,1.756586805158486,4,11,0.0,0,0
GCTATACGTCTCGGAC-1,0.0,0,0,1.841027395547681,4,15,0.0,0,0
GAGCCAGCTACCTGTG-1,0.0,0,0,2.4907925000691926,4,71,0.0,0,0
TGCTAAGTGTCTATTT-1,0.0,0,0,1.2256898998706642,2,10,0.0,0,0
GTCCTACGAATAGTCT-1,0.25162029627488697,1,2,1.7314107934256096,3,18,0.0,0,0
CAGTGTCGGCTGGCCC-1,0.14623694861181752,1,1,1.8617917402533752,4,22,0.0,0,0
CTATCGACGAAATACA-1,0.14921299825648923,1,1,2.0252038007951234,4,21,0.0,0,0
CATCATTACCCTGAGG-1,0.35073193983326206,2,2,1.7019565842478106,3,19,0.0,0,0
TAAGTTGCGACGTAGG-1,0.17675268469645644,1,1,1.1229195543786181,2,9,0.0,0,0
AGTGCACGCTTAAGAA-1,0.29879764367902545,2,2,1.544009923215575,4,13,0.0,0,0
TGTGCCGGTGCCGGAA-1,0.19131113130376656,1,1,2.059283405008837,3,23,0.5560862472482523,1,2
AGGAGGCCTTCGCGCG-1,0.15399651986214644,1,1,1.7964618487454427,3,22,0.0,0,0
TCCGCGGCCCAATGAA-1,0.15331261115869207,1,1,1.6488765758867443,4,15,0.463591175157741,1,2
TCCGTTAAGCTAATAT-1,0.18565162176781705,1,1,1.1590668775649293,2,9,0.3713032435356341,1,1
AAATCTAGCCCTGCTA-1,0.5320541755009743,3,3,1.7833723081733543,4,12,0.7094055673346324,2,2
CGCAGGCGATCCAAAC-1,0.1548413312509348,1,1,0.9555453361508905,3,6,0.0,0,0
CCATATGGAAACTATA-1,0.1471455138507892,1,1,2.2545293883157953,4,29,0.2942910277015784,1,1
CACCGTATCCCATCCG-1,0.25704245189549413,1,2,2.078485831616246,4,21,0.6952962863503798,2,2
ACTTGTGGATGGAACG-1,0.0,0,0,2.0508050906385593,4,22,0.0,0,0
GTTCGCTGAGACGTCT-1,0.0,0,0,1.513869927936721,2,30,0.0,0,0
GACACTGGAACCCGAT-1,0.5753324989734078,3,3,1.4712330057662713,3,10,0.0,0,0
CCCAGGTCTGAAGGCT-1,0.20676275439592054,1,1,1.039971688705959,2,6,0.0,0,0
TCTCGAGGAGGTTCGC-1,0.0,0,0,1.3570005006093273,3,8,0.0,0,0
ACTATCTGCCCGCGTA-1,0.0,0,0,1.7100432914775694,4,8,0.0,0,0
CCTAAATTGTATCCTA-1,0.18485361368007638,1,1,1.0426536879097026,2,7,0.36970722736015277,1,1
AGAAATTATGACTCGC-1,0.48461158170193946,2,4,2.0346956149378355,4,17,0.3463445142893651,1,1
TCCAGCGCTATAAGCG-1,0.4374799334116665,2,3,2.219436492606664,4,19,0.35362883027237463,1,1
TCGTGTATTGGTCACG-1,0.0,0,0,0.0,0,0,0.0,0,0
CCACATACTGCACCCA-1,0.5892063720433252,3,3,2.1361861192596296,4,18,0.568153929271022,1,2
GTTGCGGACGGTCAGG-1,0.41541429806676344,2,3,1.8081595683911154,4,17,0.33372365303455176,1,1
GTATTTAATGGCATAA-1,0.4534059697715234,2,3,1.3232935730545647,3,9,0.0,0,0
GTCGATAGGTGACTTT-1,0.569203404387108,3,3,1.6675684676673534,3,13,0.0,0,0
AATAATCTTCGTATCG-1,0.18839895835468098,1,1,2.882199972225952,4,36,0.0,0,0
ATTGTTCAACGATCCG-1,0.19460414051056807,1,1,2.6489229178363765,4,26,0.38920828102113614,1,1
GTGCAGCGTAGAGTAG-1,0.646951618237087,3,4,1.4869477321420712,3,11,0.5458465817720404,1,2
TGTGGTAGGGTGCCTT-1,0.0,0,0,1.5759711310619724,3,12,0.39327196108363505,1,1
TGTGGACTATCTACGT-1,0.5032863715259098,2,2,1.3672122737428993,3,5,0.0,0,0
GGCGGGCTCTAAGAGT-1,0.4686798728604719,2,2,1.6323706586954247,3,9,0.0,0,0
TGTGCCAGAGGCAAAG-1,0.0,0,0,1.964637846298074,4,19,0.0,0,0
TGGCTTATGTATAATG-1,0.0,0,0,0.7587987447654245,2,4,0.0,0,0
GCAAGCTGGAAACCGC-1,0.0,0,0,1.1779262620912765,2,12,0.0,0,0
GATATCAAGCAGGAGC-1,0.0,0,0,1.7113205479431375,3,16,0.35129905305396564,1,1
CACCAATCATCCGTCT-1,0.0,0,0,1.381943097589977,2,12,0.0,0,0
CCACATGGCTCTTTAT-1,0.0,0,0,1.7409357067082576,3,11,0.0,0,0
GTCCTACTCTACGGGC-1,0.0,0,0,0.5047053042229364,2,2,0.0,0,0
CTCGAGACATACGATA-1,0.0,0,0,0.7429948210153801,2,3,0.0,0,0
TATCAGTGGCGTAGTC-1,0.0,0,0,1.4134000731174856,3,11,0.0,0,0
TGACAGGACAAGTCCA-1,0.0,0,0,1.8712029227983318,4,29,0.0,0,0
TATTAACACCAAAGCA-1,0.0,0,0,1.9379430425976727,4,40,0.0,0,0
TAGGCGATGAGGTCTC-1,0.0,0,0,2.399650845622535,4,34,0.0,0,0
CCGCCGGAACTTCTCG-1,0.0,0,0,1.8157417354289556,3,12,0.0,0,0
GCCATTAGCCTCAAAC-1,0.0,0,0,2.291824609031354,4,32,0.0,0,0
GTTAGGCTACCCGTTT-1,0.0,0,0,1.836125399312833,4,6,0.0,0,0
GGGTATTCTAGCAAAC-1,0.0,0,0,1.0834900035619628,4,8,0.0,0,0
GCCCTAGCCGTCGCGA-1,0.0,0,0,0.8222944777116037,3,5,0.0,0,0
CAGATCCTGGTTTGAA-1,0.0,0,0,0.6982488513340197,2,6,0.0,0,0
CTTCAGTGGTCGCCTA-1,0.0,0,0,0.0,0,0,0.0,0,0
GGGCAACCGCACGTGC-1,0.0,0,0,0.4406935748263857,1,2,0.0,0,0
GACCCAATTATGATAC-1,0.26420730289913175,1,1,1.335198348018797,3,4,0.0,0,0
GAAGCTCGGACCCGTC-1,0.0,0,0,0.0,0,0,0.0,0,0
CGTCGGGTCTAAGCGC-1,0.0,0,0,1.4372177226712413,2,8,0.0,0,0
GAGGCCCGACTCCGCA-1,0.0,0,0,0.9213620428823311,3,3,0.0,0,0
TTGCCATAGCCCGCTC-1,0.0,0,0,1.2808046313438757,2,8,0.0,0,0
TAACATACACGCGATC-1,0.0,0,0,2.1977597882202202,4,10,0.0,0,0
CCGACGGGCATGAGGT-1,0.0,0,0,1.202150666935072,2,6,0.0,0,0
AATGTGCCCGAGGTGT-1,0.0,0,0,1.1449461587597762,2,6,0.0,0,0
AGCTGTAACCTCAATC-1,0.0,0,0,1.0200929793940625,2,3,0.0,0,0
CGAGTGAAGGTACCAG-1,0.0,0,0,1.6190877414338485,3,7,0.0,0,0
AGTCTCACAAGACTAC-1,0.0,0,0,0.9164587708607812,2,2,0.0,0,0
AAATTGATAGTCCTTT-1,0.0,0,0,1.9979286136291838,3,12,0.0,0,0
TAAGTCGCCGAGTATC-1,0.0,0,0,1.0825830414104016,2,6,0.0,0,0
GCGGAGAAACTTCGCA-1,0.0,0,0,1.1112381797007562,3,3,0.0,0,0
GGCAAAGGCGCCAATA-1,0.0,0,0,1.7451632671459538,3,9,0.0,0,0
ATTTCCGGGTTCTGCG-1,0.0,0,0,1.4330558460911555,2,7,0.0,0,0
TAAACCCAGGAGGGCA-1,0.2324589376776445,1,1,0.9925260665017548,2,5,0.0,0,0
TTCGGGCGCTAGTCTT-1,0.0,0,0,0.6825098735889704,1,3,0.0,0,0
GTGGAGTCGGCGGTTG-1,0.0,0,0,1.6476229572357517,3,11,0.0,0,0
GCACGCCTACTTAGAT-1,0.31616305529901095,1,1,1.3188854716567204,2,6,0.0,0,0
CAATATTCTTGACCTA-1,0.0,0,0,1.721005255502536,3,8,0.5241370163817329,1,1
CGTTTGTGTAGAGGGT-1,0.0,0,0,1.64145722322545,3,5,0.0,0,0
CATAGCGTTGCCCACC-1,0.0,0,0,0.7016280836385786,2,2,0.0,0,0
TGATACATTTAGCCGT-1,0.0,0,0,1.4096142576243724,2,9,0.0,0,0
TTCCGGCCTTGAGGCT-1,0.0,0,0,1.1478675592164855,3,4,0.4486397483476067,1,1
CCTATACCGTCCTGTC-1,0.0,0,0,0.45922482630513284,1,2,0.0,0,0
TCGTTGCTATCCGGTC-1,0.0,0,0,0.7299797480783129,2,4,0.0,0,0
TGGCGACTGCTCCAAA-1,0.0,0,0,1.5019449615114364,3,9,0.0,0,0
CAGAGGCGATGCATGA-1,0.0,0,0,1.0184561062627888,2,5,0.0,0,0
TCACAGGAGAATAAGA-1,0.2786557820182294,1,2,1.0786614666518812,3,5,0.0,0,0
GGGTTAACATTTGAGT-1,0.0,0,0,1.8794889006829427,3,19,0.0,0,0
GCGGGCGAGCCTTACC-1,0.0,0,0,1.222326945055704,3,4,0.0,0,0
TGCCAATGGGTACTCT-1,0.0,0,0,1.7291221836967265,4,10,0.0,0,0
AGGGACTCTACGCGAC-1,0.48144389526435005,2,3,2.31182220582776,4,21,0.569199042070681,1,2
GACGCCGTAAAGGCTA-1,0.0,0,0,1.5269637190823495,3,15,0.33109651744707197,1,1
AAAGGCTCTCGCGCCG-1,0.0,0,0,1.469177130439535,3,11,0.0,0,0
CTGGCTGGTTGTCAGT-1,0.0,0,0,1.6316360118099578,4,11,0.3474499371101922,1,1
ACATCCCGGCCATACG-1,0.0,0,0,1.9700422680796505,4,20,0.0,0,0
CTCTTGTCCCGCTTGG-1,0.0,0,0,2.425124855669349,3,47,0.0,0,0
TACGCCTCCATTCCGA-1,0.0,0,0,1.389548535933329,3,6,0.0,0,0
CGGAGCAATTTAATCG-1,0.16974603570215538,1,1,1.4617371582588803,2,20,0.0,0,0
AACTAGGCTTGGGTGT-1,0.14656595207987644,1,1,1.0426631182708026,2,10,0.73978487029511,2,3
GCGTCGCCAGGGTGAT-1,0.0,0,0,2.7915138589918076,4,52,0.3594544643469477,1,1
GTTGGTCATGCTATCC-1,0.28608785526790265,1,2,1.9457008950014005,3,24,0.0,0,0
GCTGGCGGCGCATGCT-1,0.21849003523582244,1,2,2.1537944185486424,3,48,0.0,0,0
TGAGCGGAAAGTGTTC-1,0.10070171804886269,1,1,1.1875799831966714,4,13,0.0,0,0
CTTTCTGTGCGGGCTT-1,0.0,0,0,0.9289623451721554,3,7,0.0,0,0
ATCTAATATCCTACGG-1,0.0,0,0,0.5921283523044669,3,6,0.0,0,0
AACCTTTAAATACGGT-1,0.0,0,0,0.891492594270243,3,19,0.0,0,0
TTCACTCGAGCACCTA-1,0.0,0,0,0.7930286373572379,4,6,0.0,0,0
CTGCACTCCAGTACAG-1,0.0,0,0,0.1655161247664292,1,1,0.0,0,0
CCATTTCTACCTATTA-1,0.0,0,0,1.2008460774889331,2,12,0.3304911230485446,1,1
CAAGCGGCACATAATT-1,0.0,0,0,1.145812347235735,4,11,0.0,0,0
GTTAACATCACTTAAA-1,0.0,0,0,0.8791103537571983,3,11,0.0,0,0
ATATAAATGTAGCTGC-1,0.07701687448436839,1,1,1.1550329354262623,4,17,0.0,0,0
GCCTCTATACATAGCA-1,0.11200611403234494,1,1,0.9789261593856751,2,13,0.0,0,0
GTGTCGTATAGCGTTC-1,0.13381501603580584,1,1,0.7120484850671942,3,4,0.0,0,0
ATACGTACTTAGCCAC-1,0.10308536652856075,1,1,0.5587079969722182,3,4,0.0,0,0
GCTATCATACTCATGG-1,0.09845286244270042,1,1,0.4797833955736413,2,4,0.0,0,0
TATCCAATTGGTTATC-1,0.0,0,0,0.7908706774358517,3,10,0.0,0,0
TCTCCCTGGGCAGCGT-1,0.0,0,0,0.7845003651421739,3,9,0.0,0,0
CCTATAATGAGTGCCC-1,0.0,0,0,0.15444070211744723,1,1,0.0,0,0
CAATGCGAGAAGTATC-1,0.0,0,0,0.9903355325505869,2,16,0.0,0,0
TACCAATAAAGTACCA-1,0.1061587274642774,1,1,1.2349029453225147,4,13,0.2123174549285548,1,1
GCTAGGCACCACGGAG-1,0.2506214561393258,2,2,1.7752577154854132,4,25,0.2506214561393258,1,1
GGTGGACTGCTCTGGC-1,0.0,0,0,1.5613074840781433,3,18,0.0,0,0
TATTCCGAGCTGTTAT-1,0.19099348159425392,1,1,1.289682781482833,3,7,0.0,0,0
TTGAGAAGTTTAGCAT-1,0.3050607224505124,2,2,1.8373463074742435,3,33,0.5677453694865352,1,3
GTCCGGACCTGAAATT-1,0.2714026719712312,2,2,1.7481796047767244,4,24,0.0,0,0
CTGTGGTCGGGAGATA-1,0.4054783861591158,2,4,1.9382277950047637,3,40,0.0,0,0
CATGTAAGAGACATTT-1,0.14735368412020922,1,1,2.128445282707893,3,41,0.0,0,0
CACGTTTCGTACACAC-1,0.0,0,0,2.7367590437147036,4,42,0.0,0,0
CATCCTCTCAAAGATC-1,0.1548876974626251,1,1,1.9365846417668198,4,17,0.0,0,0
GATTAACCGAAAGCCC-1,0.2706809782340392,2,2,2.1891047777146992,4,33,0.2706809782340392,1,1
AACGCTGTTGCTGAAA-1,0.16182299592216393,1,1,1.8884770659180004,4,20,0.0,0,0
TTCAGCTGGCGTGCCC-1,0.17638328808180456,1,1,2.2973766444032977,4,27,0.3527665761636091,1,1
TAGAGGTTCTACTTGT-1,0.21221924980785953,1,1,1.4360943732874014,2,13,0.42443849961571906,1,1
GTATCAAACGTTAGCT-1,0.28595270316925314,1,3,2.951470008284744,4,62,0.0,0,0
AATCATGTAAAGACTC-1,0.15116706964099708,1,1,1.8190159114467674,4,17,0.0,0,0
AGTCACTAGCTCTCGA-1,0.40179934052077054,2,2,2.332062975237769,4,22,0.0,0,0
GCGAAACGATCGGGAG-1,0.2961604429910591,2,2,1.5347775517873192,3,19,1.0427909081901032,3,4
CATGGATTGTCTTCCG-1,0.0,0,0,1.8129410141998443,3,19,0.0,0,0
ATTGGATTACAGCGTA-1,0.437889675205057,2,3,2.422862462679024,4,27,0.0,0,0
CACACACGCTAACGAG-1,0.20796422623693597,1,1,1.7629289930067173,3,15,0.0,0,0
CTATGGGAAGCGGAAT-1,0.4317727120491795,3,3,1.8872722516638554,4,28,0.0,0,0
TGCCTAATTGAAGATT-1,0.4136461174370343,2,3,2.3904793946774934,4,26,0.0,0,0
TCATTTAGAAGTGTGA-1,0.30635321651748904,2,2,2.3554159735263225,4,45,0.30635321651748904,1,1
CAGAATAACACACGGA-1,0.29218998925828654,1,4,2.163979375864124,4,49,0.0,0,0
TCTGAGCAATTGACTG-1,0.5212937849928106,3,3,1.3215494160893104,3,9,0.3475291899952071,1,1
CAACGTGGTGGAGTCT-1,0.3044635252880549,2,2,1.924458474057056,3,27,0.4608892833317216,1,2
CACAGTTCGCTTCCCA-1,0.0,0,0,1.683591112964265,3,10,0.0,0,0
TCTCTCGCCGCACATA-1,0.19468044644056026,1,1,1.383313088705303,2,14,0.0,0,0
TGGGCAGGCCACCGCA-1,0.16216348197557137,1,1,1.8268985024099962,4,15,0.0,0,0
CTCCTGTTCAAGGCAG-1,0.3288649234397586,2,2,1.7017303698091402,4,13,0.6577298468795172,2,2
TATTTGATTTGCACAG-1,0.0,0,0,2.220393802214925,4,19,0.0,0,0
GCCACTCCTTACGGTA-1,0.0,0,0,2.1854465621299264,4,22,0.0,0,0
ACCGATATTTAATCAT-1,0.3956820065361521,2,2,2.6374293970870544,4,37,0.0,0,0
TTATTATCTGGAAGGC-1,0.0,0,0,2.5986831504101495,4,28,0.0,0,0
TACATGCCGGAATTGT-1,0.18592697449698048,1,1,2.1705463220271737,4,21,0.0,0,0
GGCACTCAGCCGACCC-1,0.0,0,0,2.0400441456256253,4,12,0.0,0,0
AAACCGGAAATGTTAA-1,0.4431899247013076,3,3,1.787541455852291,4,18,0.0,0,0
AGACAGGCATCTCAGC-1,0.19648000736087637,1,1,2.5089293638613857,4,34,0.0,0,0
GTGGTGATGGTTTGTG-1,0.19172828964956837,1,1,2.2877686835987214,4,22,0.0,0,0
CCGATATGACGTAAGG-1,0.20049118589878523,1,1,2.7769778233034037,4,27,0.40098237179757046,1,1
CATACACAAAGTCAGC-1,0.0,0,0,1.8007473801222986,3,41,0.0,0,0
TGCCGTTCTTAATCGG-1,0.0,0,0,2.354139383084599,4,29,0.0,0,0
TCGAGTCTACGATTCG-1,0.0,0,0,1.142066815895318,2,11,0.0,0,0
ACTTCCAGTGGAAGCT-1,0.14657969473206603,1,1,2.207846719485822,4,33,0.0,0,0
CAATTGGGCCGCACTC-1,0.0,0,0,1.8043195069346267,3,17,0.35590909696054696,1,1
AAATCGCGGAAGGAGT-1,0.1496569322009931,1,2,1.968311019631446,4,64,0.1821812354560233,1,1
ATATCAATTCCAGCCT-1,0.0,0,0,1.593830269300564,3,15,0.0,0,0
CTTTGTCGAATGCTCC-1,0.0,0,0,1.7305532889538222,4,22,0.0,0,0
TGAGGCATGTACTGTG-1,0.0,0,0,1.7558004642760412,4,19,0.0,0,0
TTCGCCGCTCGCGCTA-1,0.0,0,0,0.868875465429068,3,4,0.0,0,0
GACTCCTTCCAATTGA-1,0.0,0,0,0.9369349594693225,2,7,0.0,0,0
ACCGAAGAGTCTGGTT-1,0.19222165274422978,1,1,1.2592639481329597,2,12,0.0,0,0
TGGCATGAAGTTTGGG-1,0.0,0,0,1.123771635119029,2,9,0.0,0,0
ACGAGGTTTACAACGT-1,0.0,0,0,0.5450844081273529,1,2,0.0,0,0
AACCCATCCCATGATC-1,0.0,0,0,1.213134984978674,3,6,0.0,0,0
TCGACAACTGAACCCG-1,0.0,0,0,1.7574097536642894,4,20,0.0,0,0
TATCTTGCAATACAAC-1,0.0,0,0,0.22224681602723,1,1,0.0,0,0
TATTATGTTTGCCTGC-1,0.0,0,0,0.5962204838570244,2,3,0.0,0,0
GTCAAAGAAGTGGTGT-1,0.0,0,0,0.3006145675845141,1,1,0.0,0,0
GGGACAGAGTTACTCC-1,0.0,0,0,0.8532752178861428,2,6,0.0,0,0
AGCAACCGAAAGTAAT-1,0.0,0,0,0.6529646595372162,2,4,0.0,0,0
CTCTCTAACTGCCTAG-1,0.0,0,0,0.7062826924059367,2,5,0.0,0,0
ATACGGAACGTCGTTT-1,0.0,0,0,0.2730961571046539,1,1,0.0,0,0
TCGGTCCCGACAATAG-1,0.0,0,0,1.8986827408621556,3,12,0.5079146489956404,1,1
CGCGCAAATGTCCAGA-1,0.21228102282319197,1,1,1.212224796112235,2,8,0.0,0,0
TCTAATACTGCCTCAG-1,0.0,0,0,0.0,0,0,0.0,0,0
CTCGGTTGTCGGCCCT-1,0.0,0,0,0.9434248924895978,2,4,0.0,0,0
GGTAACCGGGAGGATA-1,0.23046328031025465,1,1,1.4699986637554192,2,12,0.0,0,0
CAGGCGCACGGTGGTC-1,0.0,0,0,0.8905894244915322,2,3,0.0,0,0
TCATCGATGGTCCCAA-1,0.0,0,0,1.6894655287042286,3,9,0.0,0,0
CAAAGATTATTGGGCC-1,0.2567539361910764,1,1,2.0018925873163886,3,12,0.0,0,0
ACAATGAATACGGAGA-1,0.0,0,0,1.2872561268947558,2,13,0.0,0,0
GCTCCTGACATACTGG-1,0.0,0,0,0.6947054041785068,1,4,0.0,0,0
GATGACAAGTAGGGCA-1,0.20327809865157767,1,1,1.3830713400461274,3,8,0.40655619730315534,1,1
TACGCCGAGGGTACCC-1,0.0,0,0,2.1248661097902137,4,12,0.0,0,0
AAGCGTCCCTCATCGA-1,0.0,0,0,2.0850173217726375,4,18,0.0,0,0
CACTCCTATGTAAGAT-1,0.0,0,0,1.3789150538779358,2,8,0.0,0,0
TCGAGCCAGGCAGGCC-1,0.0,0,0,2.312214515973255,4,25,0.0,0,0
TCGTCAAGTACGCGCA-1,0.0,0,0,1.4454789449818364,3,10,0.0,0,0
CCCGTAGCTGGGAAGA-1,0.0,0,0,1.790292396689961,3,14,0.0,0,0
ACCCTATGCCATATCG-1,0.0,0,0,1.999420899336261,3,7,0.0,0,0
GTGGTATAGTCTGCCG-1,0.0,0,0,0.9394508961128759,2,2,0.0,0,0
CCGGTTTGTAATTGTG-1,0.0,0,0,1.2514327180112539,2,3,0.0,0,0
GTCGCCGTTGTGTGTT-1,0.0,0,0,1.8889567507128866,3,13,0.0,0,0
TACTGAACAGATTTAG-1,0.0,0,0,1.4161477557666668,2,8,0.0,0,0
TATTAACCTGACCGCG-1,0.23207934365347724,1,1,2.06133959145246,3,17,0.0,0,0
CTGTAGCCATCTCACT-1,0.2541915196496249,1,1,0.38128727947443736,1,1,0.0,0,0
TACTATGGTTCCTCAG-1,0.0,0,0,1.4792412794681662,3,5,0.0,0,0
GAGTCAGACCAGAATC-1,0.0,0,0,1.7354184334429146,3,12,0.0,0,0
TAAGGCATAACATCAA-1,0.0,0,0,1.9854793986777588,4,13,0.0,0,0
CTTCCGCTCCGTGAAG-1,0.0,0,0,0.3367954529430648,1,1,0.0,0,0
GGGCTATGATCGATGG-1,0.18980660443083663,1,1,1.9651333861285702,3,22,0.0,0,0
GGTCGGTCGTCCACAG-1,0.0,0,0,2.2417335397049722,4,18,0.0,0,0
GGGACCCGTATATCTT-1,0.0,0,0,1.8902721549595407,3,20,0.3713949029909979,1,1
GAAAGCAGTGCACTTT-1,0.0,0,0,0.9686900167082356,2,7,0.0,0,0
AGCGCATAATGAATCG-1,0.0,0,0,1.434630859116308,3,13,0.0,0,0
GCTGCTAAGTAGTCGA-1,0.0,0,0,0.8699022422206654,2,5,0.0,0,0
AATAGTCCGTCCCGAC-1,0.0,0,0,1.045133496178866,2,6,0.0,0,0
AGCAGCCAGATGAATA-1,0.0,0,0,1.9265480667341568,3,22,0.0,0,0
CCTCGCGCTGTGCGAT-1,0.3809171439264653,2,2,1.6443509267492893,3,12,0.0,0,0
TTGTGTATGCCACCAA-1,0.0,0,0,1.285718155211065,3,8,0.0,0,0
TGCTCGGCGAAACCCA-1,0.0,0,0,1.6611390158815227,3,17,0.0,0,0
CGATTAAATATCTCCT-1,0.13467076079322746,1,1,1.286637802878825,4,10,0.0,0,0
TGCCGTGGATCGTCCT-1,0.3393791004998345,2,2,1.7381835504155374,4,15,0.0,0,0
GTGGACGCATTTGTCC-1,0.0,0,0,1.7290110292739036,3,20,0.0,0,0
ACCCGGAAACTCCCAG-1,0.0,0,0,1.879318330258692,3,28,0.0,0,0
CCGCATGTGGTACGAT-1,0.21242941238637833,2,2,1.0053893722722624,3,10,0.0,0,0
GCAAACCTTGGCCATA-1,0.0,0,0,1.2317679536083295,3,15,0.0,0,0
ATTCACTGATGTTGGA-1,0.22641436950970986,2,2,0.8813563850142725,3,7,0.0,0,0
ACTCCCTAATGCTAAA-1,0.0,0,0,1.5618623996141567,3,27,0.0,0,0
TCCTAAATTGGGAAGC-1,0.0,0,0,1.5340745764993087,3,21,0.0,0,0
GAACAGATTACTAAAT-1,0.11542462000940514,1,1,2.281822186614417,4,60,0.0,0,0
ATACAGGCCCTCCAAT-1,0.0,0,0,1.4257854550372495,3,16,0.0,0,0
CGATTCGCCTGGCTGC-1,0.0,0,0,1.5972056325415918,2,27,0.0,0,0
TCCGCCTGTCTACAAG-1,0.31990833964232573,2,3,1.5348788760268715,3,27,0.49876753446488026,2,2
CACATCTCACCGACGA-1,0.15711694053955974,1,1,1.7650424835547565,4,16,0.0,0,0
CGTCGTCCTTCGCGAA-1,0.0,0,0,0.9762696708366108,2,12,0.36792404017580443,1,2
CGTTGAATACCGCGCT-1,0.20670454538087946,1,2,1.28723989663595,3,14,0.5341292280746435,2,2
ACCAATATGCAAGTTA-1,0.0,0,0,1.1715252361858346,3,19,0.0,0,0
ACGGATGGTGCGGATA-1,0.0,0,0,1.680599231045374,4,17,0.0,0,0
CACCCTAACAAGATCT-1,0.15361467434555895,2,2,1.3489306672295416,4,27,0.0,0,0
AAGCTCTTTCATGGTG-1,0.4145645403168677,3,3,1.0579930769829495,3,8,0.0,0,0
CATGGGTATGCCTTAT-1,0.2456514909196159,2,2,1.927460131110917,4,30,0.0,0,0
GCGCGTCATTGGTACA-1,0.1736655657781003,1,1,0.9485772988887622,2,9,0.3473311315562006,1,1
TCTGAAGCACGTGGTC-1,0.22890330713036935,2,2,1.8923599229728765,4,38,0.22890330713036935,1,1
AAGTTCACTCCAAGCT-1,0.0,0,0,1.6764193767972728,3,17,0.0,0,0
TTGGACCTATAACAGT-1,0.5477508863563512,4,5,2.0654862897878568,4,43,0.0,0,0
ATCAGCCTCATGCTGC-1,0.0,0,0,2.019500336398596,4,13,0.389310007486867,1,1
AGTACTCTTATGCCCA-1,0.0,0,0,1.8753080872430055,3,22,0.0,0,0
GCGCTTAAATAATTGG-1,0.0,0,0,2.030686648739246,4,26,0.0,0,0
TTGTGAACCTAATCCG-1,0.4295972940522179,2,4,1.9767958882826928,4,23,0.0,0,0
AGTCGTCGACCACCAA-1,0.22092875845869844,1,2,2.8370089035290573,4,72,0.0,0,0
TCCTTTAAATCCGCTT-1,0.31648281657619365,2,2,2.988184920792541,4,70,0.0,0,0
ACTGAAACGCCGTTAG-1,0.21875429578021466,1,2,2.917445506660106,4,72,0.5718117575209626,2,2
GCACACACTGGTAGCC-1,0.0,0,0,2.9579716598334325,4,62,0.0,0,0
TAAGGGCCTGTCCGAT-1,0.4170775303190035,2,3,2.351922628606923,4,29,0.0,0,0
GCTAGAGTAGAGATGT-1,0.353958520212865,2,2,2.8622035652948252,4,76,0.5217296889025361,1,2
CACAGGGCCATATAGT-1,0.0,0,0,2.6002963963435457,4,21,0.0,0,0
CCATGCCCTAGATTTC-1,0.0,0,0,2.121416291065181,3,20,0.0,0,0
GACGAGGCTAATAAAC-1,0.39827554419351546,3,3,2.527473018396635,4,62,0.2655170294623436,1,1
CTACACTCGCAGATGG-1,0.0,0,0,2.15901740634724,3,36,0.0,0,0
ACGCATACGTTTACTA-1,0.7063855489913169,3,4,2.5523316436153567,4,29,0.41138364006308187,1,1
GGAGCAACATTTCAAG-1,0.3242246213318964,2,2,2.483801720447809,4,36,0.0,0,0
CGAGAGGGTAGCCGCG-1,0.16448522649421926,1,1,1.8804470228435672,3,31,0.0,0,0
TCGTGTTCGACCACAA-1,0.0,0,0,1.1327311751362665,2,2,0.0,0,0
TCTACCCAATAGAGAG-1,0.18325774899904898,1,1,2.15178510956583,4,24,0.0,0,0
ATAAACGTTGCACCAC-1,0.6043084230262726,3,4,1.9658603563729562,4,16,0.34741032542633404,1,1
TCAACTGCAGAGTCAG-1,0.4596204264608175,3,3,2.578809557601203,4,53,0.0,0,0
AGCTCCATATATGTTC-1,0.49643078419982967,3,3,2.941130607990972,4,54,0.0,0,0
CCGACAATAGGCCGCC-1,0.20661930215267546,2,2,2.539013012432213,4,112,0.20661930215267546,1,1
ATGCTTAGGAGTTGAT-1,0.30949737590353155,2,2,2.3644437200493704,4,36,0.30949737590353155,1,1
AACCCGAGCAGAATCG-1,0.0,0,0,1.5725240954543078,3,28,0.405104818963046,1,2
CGGGTTTGTTAGGGCT-1,0.17587302382783446,1,1,2.3204040056455195,3,45,0.0,0,0
AGGCACGTGACTGTCC-1,0.0,0,0,2.080185962419162,4,22,0.3048813005498103,1,1
GACAAGAGATGAGATT-1,0.29149275443399963,2,2,2.259684971212917,4,31,0.0,0,0
AGCCCTTGGACATCCC-1,0.18103898955090192,1,1,2.242448761791761,4,23,0.36207797910180384,1,1
GCAGTTCGATCCGAGC-1,0.7422482305214168,4,6,1.9607316987831758,3,30,0.4620856207639082,1,2
ACTTTGTCGACGCACT-1,0.3778352832525094,1,3,1.4534788914767738,2,12,0.0,0,0
CCAGGCTGGCGTCTGA-1,0.49031048370487845,3,3,2.81944044603538,4,57,0.0,0,0
GGACTCTTCCGGTTGA-1,0.0,0,0,2.594873965036374,4,20,0.48413053650917787,1,1
TCCCAGCACACGACAT-1,0.21160374907059,1,1,2.272848153377812,4,22,0.0,0,0
GCTCCATGAGTGCAGA-1,0.20987149546250802,1,1,2.1430647677659542,4,19,0.41974299092501605,1,1
GCAGTGCGGGCGGATG-1,0.0,0,0,2.2271795358032973,3,23,0.0,0,0
GCGTTCTGACTAAGCG-1,0.0,0,0,2.91171398689136,4,29,0.4970604809555676,1,1
ATTTGGAGATTGCGGT-1,0.42062505763051217,4,5,2.1148777197013127,4,62,0.0,0,0
AAGGGTTTGATTTCAG-1,0.0,0,0,1.9269507701288149,3,54,0.21733253547303652,1,1
CCGGCCGCGAGCATAT-1,0.0,0,0,2.3752634303414384,4,62,0.21521102583393678,1,1
GAGTTCTGTGGGTGCT-1,0.0,0,0,2.4291008431446772,4,32,0.0,0,0
AAACGAAGATGGAGTA-1,0.0,0,0,2.1012221630727246,4,36,0.0,0,0
AATTACGAGACCCATC-1,0.0,0,0,1.7936026065451647,4,22,0.0,0,0
CCTTTGAATTATGGCT-1,0.13919039879469222,1,1,2.0850574472466565,4,32,0.0,0,0
CATGGTATTAGTTTGT-1,0.0,0,0,2.3039538476306514,4,27,0.0,0,0
AACGAAAGTCGTCCCA-1,0.0,0,0,1.5929117155412529,3,16,0.0,0,0
ACATAAGTCGTGGTGA-1,0.0,0,0,1.3664489683003505,3,7,0.0,0,0
GCACAACCTCGGGCGT-1,0.0,0,0,1.0795070857775964,3,5,0.0,0,0
ATGCACGCGCTGTTCA-1,0.1866888568386792,1,1,1.3298615449651474,3,8,0.0,0,0
CGATGTTGTTATCTAC-1,0.0,0,0,1.4512582241500593,3,8,0.0,0,0
GTCTCCTGCCAGTATG-1,0.0,0,0,0.857048613229314,2,4,0.39552382637439804,1,1
GATGCCTTCTGCGGCA-1,0.0,0,0,0.5689838873904756,2,3,0.0,0,0
ACCGGTCAGGTACACC-1,0.16704352633273475,1,1,2.1310054075373546,4,26,0.0,0,0
GTGGAGCGTTTACCGA-1,0.13265828046062064,1,1,1.1799691587431096,3,11,0.0,0,0
AGGCGGTTTGTCCCGC-1,0.15016154619662028,1,1,1.2732484854808808,4,8,0.0,0,0
TCCCTGGCGTATTAAC-1,0.0,0,0,0.631838401427445,3,3,0.28081706730108663,1,1
AAACACCAATAACTGC-1,0.0,0,0,0.5754741559289445,2,4,0.26109293610546885,1,1
TGGACGCAATCCAGCC-1,0.0,0,0,1.0140459009998497,2,8,0.0,0,0
GGAACCTTGACTCTGC-1,0.0,0,0,1.0855869095515336,2,13,0.0,0,0
GTATCTCAGTCTTGAC-1,0.0,0,0,0.7796063725493173,2,7,0.0,0,0
GCTGAATCTTCCAATC-1,0.0,0,0,1.1556700419789703,2,9,0.0,0,0
AGATGCAAGACGTGCA-1,0.0,0,0,1.064926137173622,3,6,0.0,0,0
TTAAGGCCCGTACTTT-1,0.25844791032307796,1,1,1.5578050024248493,2,14,0.0,0,0
AGTATGCTGGAGACCA-1,0.2260160816394636,1,1,1.6321183792564815,3,10,0.0,0,0
GCGGCAAAGTATTGCC-1,0.0,0,0,1.3677991455956309,2,9,0.0,0,0
GCGCAAATATATTCAA-1,0.5757758933118269,3,3,2.234231899181112,4,17,0.0,0,0
GAAGAAACGATATTGT-1,0.14033330579160808,1,1,1.8579080628538551,4,24,0.0,0,0
GGACCTCTAGGCCGCC-1,0.2066754546978392,1,1,1.3206484237049296,2,11,0.0,0,0
AACAGCTGTGTGGCAA-1,0.2930494811265791,2,2,1.6948508351013587,3,27,0.0,0,0
TCGAATATCCCGCAGG-1,0.0,0,0,1.7566068055220856,3,14,0.0,0,0
GCGACCCAACCATCTG-1,0.0,0,0,2.2936056174608193,4,23,0.0,0,0
AGAGAAGGAGTACAAT-1,0.31580451451223635,2,2,1.5249716475075326,3,14,0.0,0,0
GGCTCCTCCACCTGTT-1,0.0,0,0,1.8853834362725093,4,11,0.0,0,0
TCAGTGTATACGTCAT-1,0.0,0,0,1.2781944875562856,2,7,0.0,0,0
ATTATTATGTCCGTCA-1,0.0,0,0,1.736592310694344,3,9,0.5039283136492577,1,1
TTAGGTCATAACCGAC-1,0.21847354310062625,1,1,1.6575579517635677,3,11,0.4369470862012525,1,1
AAGATGGCACCGGACC-1,0.0,0,0,1.1801726155612138,2,7,0.0,0,0
CTACAAGAAATAACCC-1,0.0,0,0,1.1756071990403196,2,9,0.0,0,0
ACTATTTCCGGGCCCA-1,0.0,0,0,1.2851042657253975,2,10,0.0,0,0
TTGTTTCACATCCAGG-1,0.0,0,0,1.6943220276171942,3,7,0.0,0,0
CGCTGTGTGGATGTTG-1,0.0,0,0,1.253602430811388,2,9,0.0,0,0
TCAACATAGCGCCCTA-1,0.0,0,0,1.5787096120469486,3,9,0.0,0,0
GGCCGTTTGGGTTTCA-1,0.24094308377351614,1,1,1.6663320610986454,3,9,0.0,0,0
TACTCTTTCGTCTTCA-1,0.0,0,0,1.8029152633401995,3,13,0.0,0,0
TTCGCGCGCCATACGA-1,0.0,0,0,1.5624023809241256,4,8,0.0,0,0
CGGAAAGAATCAAACG-1,0.0,0,0,1.470645362325685,4,9,0.0,0,0
AGGCAGGGAGCGTACT-1,0.0,0,0,1.5354125751740104,3,9,0.0,0,0
CCTTTAAGGGAGCACT-1,0.0,0,0,2.1423515097717503,3,12,0.0,0,0
CGCCCAGCACGCCTAG-1,0.0,0,0,2.159929220339292,4,12,0.0,0,0
AGTATTTGGCACGACC-1,0.7249446647922005,3,3,2.3704310026398927,3,27,0.0,0,0
TATCCGCACCGTCGGG-1,0.0,0,0,2.8017803254666913,4,43,0.0,0,0
ACCCGTGTCATCAGTA-1,0.0,0,0,2.4315775555330292,3,38,0.0,0,0
CAACTGCTCATCCGAT-1,0.0,0,0,0.6758025702516428,1,5,0.0,0,0
CCGGAGCGTACTTTCT-1,0.20180492411063244,1,1,0.7383731220002742,2,3,0.0,0,0
TACCGTAGGTTAACTA-1,0.0,0,0,1.6938543971565252,3,9,0.0,0,0
TGAGGAGTGCCAGCTT-1,0.19976057211888418,1,1,1.8389656759817097,4,11,0.0,0,0
CCAGTCTTGTCATAGA-1,0.0,0,0,2.2116339231177946,4,16,0.0,0,0
GGGCAGAGCAATCGTT-1,0.0,0,0,1.4809745167489317,4,9,0.3363963259298129,1,1
TACCAAATAGCCCAGA-1,0.1591043622784756,1,1,1.5890060010095635,3,17,0.0,0,0
TACCTACTCCCAGTAT-1,0.2247411830700977,1,1,1.59619221137048,3,9,0.0,0,0
GTCGGGAAGCAGAAAC-1,0.0,0,0,1.9862040320402117,4,15,0.0,0,0
GAACCCTCTGTGTTCT-1,0.0,0,0,1.0844955509445497,2,10,0.0,0,0
CCTGGTCGAATGTGGG-1,0.18923120619480494,1,1,1.5562472629539235,3,14,0.0,0,0
CTAGGTTCGGACGTGA-1,0.0,0,0,1.2120910603165969,2,14,0.0,0,0
TCGGGAGACAGCGTAC-1,0.0,0,0,1.44937276308201,3,12,0.0,0,0
CATAAGAAGCTTGGCT-1,0.0,0,0,1.5381780236493068,2,22,0.0,0,0
AAGCACCCTGCGTATC-1,0.0,0,0,1.0162050917402428,2,7,0.0,0,0
AGTTTGCACCTGCCTC-1,0.0,0,0,1.3006200502027003,2,11,0.0,0,0
GACTGCAAATCGAGCT-1,0.1651567604360078,1,1,2.1609416033871613,4,25,0.0,0,0
GTGTATATCAGCGGGC-1,0.0,0,0,2.404567975509339,4,27,0.0,0,0
CTTCAACTCCACTTGG-1,0.0,0,0,1.0686018565971498,2,6,0.5963520863604659,1,2
ACTTACGCATCCACGC-1,0.0,0,0,1.0975142855502515,2,7,0.0,0,0
CATGAGATGCACTCTC-1,0.14977195343955638,1,1,1.7659285981684376,3,30,0.0,0,0
GAGCACCTGTGTCCAG-1,0.25578606306632595,2,2,0.6730069545215516,2,5,0.0,0,0
CGCGACCGCGACAGAT-1,0.12440916269219605,1,1,1.2267109726699577,2,20,0.3896920086095544,1,2
GTCCCGCGACGTTATG-1,0.1547795558583925,1,1,1.4627372420811593,3,15,0.61911822343357,2,2
GCAGTGTGGCTATAGG-1,0.7271455351962218,5,6,2.4808428940489278,4,52,0.26189166393952046,1,1
ATACTGCCTTACACCG-1,0.33437838974695117,2,2,1.5332944366197867,3,13,0.0,0,0
TACAGAAACGGTGGGC-1,0.138785224417764,1,1,1.0817049713259108,2,12,0.0,0,0
GGCGCGGAGATCTTTC-1,0.0,0,0,1.59778561346543,3,22,0.2654947394386162,1,1
CGTTAATGTCCCGACG-1,0.0,0,0,0.42756292839861687,1,3,0.0,0,0
GCTAACTGAAGTCTGA-1,0.159202693089313,1,1,1.3291751337362938,3,11,0.0,0,0
AGTGATAACCTGCGCG-1,0.0,0,0,1.9009736917161657,4,31,0.23569424395814284,1,1
TATGATCTTCTCTTTA-1,0.5386702219606451,3,3,2.6243621581579566,4,54,0.3591134813070967,1,1
TGTACCTACACGAGGG-1,0.0,0,0,2.525334780739065,4,31,0.0,0,0
ATATCGTTCCTCGAAC-1,0.38718607805499256,2,2,3.321205339169607,4,81,0.0,0,0
CGGCGCCATCAATCCC-1,0.1990626151193288,1,1,2.27351862504546,3,36,0.0,0,0
CCTGTTTGAAGACACG-1,0.0,0,0,2.249754880182232,4,24,0.0,0,0
GCCACTCAGAGCGCGA-1,0.0,0,0,2.497623323878148,4,29,0.0,0,0
TCGGCTTGTATCGACG-1,0.1859729541248486,1,1,2.6048646602405325,3,59,0.3719459082496972,1,1
TAGATGGTTCCTTACT-1,0.0,0,0,1.221389555479318,2,9,0.0,0,0
ATCGTTAGCTAGCGGA-1,0.1893268379951162,1,1,2.0415772231230287,4,16,0.0,0,0
ACAGCGACATTCTCAT-1,0.0,0,0,2.9896770422301833,4,52,0.0,0,0
ATTCAACCATTTAAGG-1,0.0,0,0,1.6847679772897322,3,12,0.0,0,0
CACTCTTCTGCTAGCC-1,0.0,0,0,2.4385972480771283,4,30,0.0,0,0
CTAACTGATAATCGCC-1,0.1645908658295272,1,1,2.449506918110176,4,49,0.0,0,0
TGATGTCAATTAAGTG-1,0.4079627948308835,2,2,2.177518076497244,3,29,0.0,0,0
CGCCGTTCAGCATAGT-1,0.37379567849284273,2,2,1.992200742498071,3,25,0.0,0,0
ATACTACCCGTACCAC-1,0.24090175477078765,1,1,1.7293018977912868,4,6,0.4818035095415753,1,1
CCACTGTTTGGATTAA-1,0.21503998266270521,1,1,2.1764216182653406,3,25,0.0,0,0
CACTACGGGAGCTGCC-1,0.414284028198638,2,2,1.4456499246186778,3,9,0.0,0,0
GACCAAACGTTGACTG-1,0.2985402444821596,2,2,1.733831569884322,3,22,0.0,0,0
AAGAGGCCCTTTGGAA-1,0.17444127024877373,1,1,1.6290385644554228,3,18,0.0,0,0
ACACGTAGGCCACAAG-1,0.15482588245257947,1,1,2.1816650991320836,4,28,0.0,0,0
TACTCTTACTTTACTG-1,0.0,0,0,1.7658939972141778,3,20,0.0,0,0
AGAGCCGCCGAGATTT-1,0.1902044410550021,1,2,1.7989459817115772,3,47,0.24175899500073852,1,1
GGCCTGCTTCTCCCGA-1,0.2408467776989113,2,2,2.2514945206257533,4,45,0.2408467776989113,1,1
TCAAGCGCGGACGGTA-1,0.5818943600654164,4,6,1.9311169472195424,4,36,0.2329484963374561,1,1
ACACTGGGACAGTCGT-1,0.34683240310143804,2,3,2.738292832617068,4,62,0.6936648062028761,2,3
TGTGTAGTAGCACGTG-1,0.5269224569504062,2,3,1.4152917749708314,2,12,0.0,0,0
CTAGCCACAGGCGAGC-1,1.0587422373023176,5,7,1.8328140868950284,3,20,0.6357203821284573,1,3
GTTCCCGTAAACATAT-1,0.0,0,0,2.164047506176323,4,21,0.0,0,0
ATATTGGAGAGGCCTT-1,0.8447011787308237,4,4,1.399408173252476,3,10,0.42235058936541187,1,1
AGGCGATAACTGGCGT-1,0.9277947279928404,4,6,2.122265632380079,4,21,0.5666864896097009,1,2
ACCCGGAGCACCACAA-1,0.5841940620413485,3,3,2.5891603862019243,4,29,0.9536637540125926,2,3
TGAGCTCAACTGTATA-1,0.0,0,0,2.565682568455931,4,20,0.0,0,0
ACGACCCATGAGTTGC-1,0.0,0,0,1.7648937298915157,3,11,0.0,0,0
CGGTCAGTCCATATTT-1,0.28146917409966293,1,1,2.7507715683057583,4,16,0.0,0,0
TCCGGCTGTCGGGTCG-1,0.44482359384811015,2,2,2.3796597813974567,4,16,0.44482359384811015,1,1
ATTCCCGAAGGTACAG-1,0.21812031217845182,2,3,1.7622912298079023,4,56,0.0,0,0
CTAACAGCACAATAAC-1,0.12746174758671483,1,1,1.8024722371648367,3,43,0.0,0,0
TTGTGCGGAAGCGGAT-1,0.1646437404719776,1,1,2.157355746994299,3,38,0.0,0,0
GGGCACTATTGACCAT-1,0.0,0,0,2.892445920254489,4,54,0.0,0,0
CCATAGAGGCTGCCAG-1,0.0,0,0,0.891588078430215,2,6,0.0,0,0
CCGAAGCATTGACCAA-1,0.0,0,0,1.6894052864386766,4,15,0.0,0,0
TACTGAGGGAAGAAAG-1,0.0,0,0,1.2170658983502942,2,14,0.0,0,0
TATGTAGAAACCCGGC-1,0.0,0,0,2.3889492063113495,4,33,0.0,0,0
TGGTTAACTTACATTT-1,0.0,0,0,1.4038256855957627,2,17,0.0,0,0
AGAACCCTCAATTGGG-1,0.0,0,0,1.8265893534872166,4,19,0.0,0,0
CCTATATCGTGTCACG-1,0.0,0,0,2.2249824209872537,4,20,0.0,0,0
ACGGCTGGATGTAGAA-1,0.0,0,0,1.0673203626411905,2,7,0.0,0,0
CTCGCATTGCATAGCC-1,0.21446904893982657,1,1,1.3735312271373024,3,6,0.0,0,0
ACTTTGGTCGTGCTCC-1,0.0,0,0,1.2102423329916698,2,3,0.0,0,0
GCTGGTTTAGGCCATA-1,0.0,0,0,0.8783005531072742,2,4,0.0,0,0
TGTCGTTATCACATAT-1,0.24516159437812168,1,1,1.1775760728883409,2,6,0.0,0,0
ACACATGATCAAATCT-1,0.0,0,0,0.7072632675971665,2,3,0.0,0,0
TATCCATCTCGGTTAG-1,0.0,0,0,0.4096419486107767,2,2,0.0,0,0
CTCGTCGAGGGCTCAT-1,0.0,0,0,1.2351358900228395,3,9,0.0,0,0
ATCAATGCCGTGGCTG-1,0.0,0,0,1.0810191742639892,3,6,0.0,0,0
GAAACATAGGAAACAG-1,0.0,0,0,1.4333011430122837,3,18,0.0,0,0
TAATAGGTCACCAGAA-1,0.0,0,0,0.5816732566900394,2,3,0.0,0,0
CACCAGTCAGCATGCA-1,0.0,0,0,1.694064995354163,3,14,0.0,0,0
GAGCGCTGTTAGGTAA-1,0.0,0,0,0.7571319026031054,2,5,0.2974869945622777,1,1
CCCTATGTAGAGCAGA-1,0.0,0,0,1.9304650532693572,3,18,0.0,0,0
GATCGCTATATCTCAG-1,0.3286938638416425,1,2,1.1413391942077231,2,6,0.0,0,0
AAGGGACTATGCATTC-1,0.0,0,0,1.263481647707066,3,5,0.0,0,0
CTCGGGTTCTCTGGCC-1,0.0,0,0,1.8969917779063676,3,17,0.0,0,0
TATATATCGAGAAATG-1,0.0,0,0,2.064102370371,4,18,0.0,0,0
ACCCGAGCGAAATTAC-1,0.0,0,0,1.809447483643129,3,28,0.0,0,0
TTGTTTCATTAGTCTA-1,0.1813647759274251,1,1,2.2523601773453743,4,26,0.0,0,0
ATGGGACCTGCTGAAC-1,0.25321132680083275,1,2,1.427920508887484,2,19,0.0,0,0
TGCGACGGCCGAACGT-1,0.16782974268058967,1,1,2.133989689538377,4,23,0.0,0,0
AGCTAACAAGCAATGT-1,0.270257840203975,1,2,1.9224766292164448,4,13,0.0,0,0
CGTGTCTCGTTACGAC-1,0.0,0,0,1.5405277355181208,2,10,0.0,0,0
CTAAATCCGGTGTACA-1,0.0,0,0,1.7801931417888812,3,19,0.0,0,0
GAATAGTGCTCGATTA-1,0.0,0,0,1.5418371835881919,3,12,0.0,0,0
AACAATACATTGTCGA-1,0.0,0,0,1.1967996661605804,2,8,0.0,0,0
CACATCGTGCACGCGC-1,0.38910661360561244,2,2,1.8601758282890304,3,21,0.0,0,0
ACCGTGACCACGTGGG-1,0.1942742479191875,1,1,2.2823893925212753,3,31,0.0,0,0
CCCAATGAGATTTGCA-1,0.0,0,0,1.5563651071425588,2,16,0.0,0,0
TCAGCAGTAGGCCCTG-1,0.0,0,0,1.4782824139291615,3,10,0.0,0,0
CTACTCAAGGTATAGT-1,0.21184946418369344,1,1,2.1248388374355422,3,30,0.0,0,0
TAGTAGCTTATACCAG-1,0.21478580901141142,1,1,1.3157368851692421,2,10,0.0,0,0
ACGTTCGTTCAGGAAA-1,0.18971043616602223,1,1,2.735488398457257,4,41,0.0,0,0
TTAGAATAAGGGTCGG-1,0.0,0,0,1.888207313285454,3,20,0.0,0,0
TTCTAGAAAGTCTTAT-1,0.0,0,0,2.118305015837935,4,17,0.0,0,0
CCTTCAGTTAAAGTGA-1,0.3176203030246555,2,2,2.3079457664909526,3,44,0.0,0,0
TAGCTAGTGATGATGG-1,0.0,0,0,1.2786938781188137,3,7,0.0,0,0
AGCCCGGTAGCCTGTA-1,0.0,0,0,1.9944120279061976,3,22,0.0,0,0
TACCTCAGTTGTCTGT-1,0.0,0,0,1.0979078152873574,2,7,0.0,0,0
GACGGGTTGGCCCGTA-1,0.14898496754819276,1,1,2.348042603392232,4,39,0.29796993509638553,1,1
GAAACCTATACAAATG-1,0.0,0,0,1.4536894494126011,3,12,0.0,0,0
TCCACCTCTAGCCTTT-1,0.0,0,0,1.2420806571237266,2,9,0.0,0,0
AAGACCCAACTGAACA-1,0.1457192258074714,1,1,1.6088970097936635,3,23,0.2914384516149428,1,1
CATACACGGTTCCCAC-1,0.0,0,0,0.7187637305397103,2,4,0.31916168290904606,1,1
ACTACGCGTTAGAATT-1,0.0,0,0,1.3501769967765302,3,7,0.0,0,0
CTTGGCCAAGCTGGGA-1,0.0,0,0,1.0392780821916705,3,7,0.3232388852109406,1,1
TTACCCTAGGGATTGG-1,0.0,0,0,2.5577943682498328,4,39,0.0,0,0
TTCGCACTGTACGACA-1,0.20609556873160187,1,1,2.813403500575319,4,42,0.0,0,0
TAGGTGTTCCACAGAT-1,0.0,0,0,1.50335942021242,3,8,0.0,0,0
GAAGCCTGCACATTCC-1,0.0,0,0,1.5836044068729713,2,21,0.0,0,0
GGCTTTCAATAAGGGT-1,0.30072832946999745,1,2,1.3508640036808988,2,11,0.0,0,0
TCCAGGGTATATACGA-1,0.0,0,0,1.9654839397687638,3,33,0.0,0,0
CTCGCCGAATGTAGGG-1,0.0,0,0,1.142126142227878,2,8,0.0,0,0
AGGAAGCTGTCCGCCG-1,0.0,0,0,1.2306459033221528,2,8,0.0,0,0
GTCTCAAGGCCCGGCT-1,0.0,0,0,1.9919881077037336,4,20,0.0,0,0
ACCGACACATCTCCCA-1,0.0,0,0,0.8657393103204408,2,2,0.0,0,0
TATACGCGTCATCACT-1,0.0,0,0,1.6375524508026462,4,8,0.0,0,0
ATCTGGGCTGTTCTTG-1,0.0,0,0,1.712168241095286,3,21,0.0,0,0
TCAAATTTGAGACTCA-1,0.2682663015612275,2,2,0.6468368128443236,2,5,0.0,0,0
GTTAAGGGTGCGATGT-1,0.0,0,0,1.6458239687588139,4,12,0.31811049162714394,1,1
AGCAAAGGCCGCTAGT-1,0.0,0,0,1.0252083626765072,2,9,0.0,0,0
TTATAGGTAATTGTCT-1,0.0,0,0,1.2470402564648437,3,10,0.0,0,0
TTGTGCAGCCACGTCA-1,0.17613795851365144,1,1,1.5249981292316441,3,12,0.0,0,0
ACGGACTCTCAAAGCG-1,0.0,0,0,2.419436437158973,4,29,0.0,0,0
ATGCTCTGGCGCGGTA-1,0.0,0,0,2.018768578670341,3,43,0.0,0,0
ATAATCTTGGAGAACC-1,0.1482489688823376,1,1,1.9223829661190202,3,34,0.0,0,0
CTCATTGCTCTAACAA-1,0.0,0,0,1.3918545926589532,3,14,0.0,0,0
TAGGTGACGATAACCT-1,0.17307396120027616,1,1,1.5235789789225906,4,10,0.0,0,0
CGGATCCTCAAGGACT-1,0.14469537707204938,1,1,1.7811618957616395,3,27,0.0,0,0
GGGCGTGGTTTCCCAG-1,0.0,0,0,1.3059035634194862,3,12,0.0,0,0
TGGCTATGTGACATAC-1,0.310022972428015,2,2,1.1547735989845198,3,8,0.0,0,0
CTTAGTGTAGTAGCAT-1,0.0,0,0,1.5200661575197776,4,9,0.0,0,0
GGATTGCTGTGACTCC-1,0.15605660084363013,1,1,1.3946127181242494,3,13,0.31211320168726026,1,1
ACTTCCATGCGGGACA-1,0.0,0,0,1.3889317614913543,3,11,0.0,0,0
ACTCAAGTGCAAGGCT-1,0.0,0,0,1.7630194301157358,4,18,0.3113297416716681,1,1
ACAAGGATGCTTTAGG-1,0.0,0,0,3.2652881392293764,4,109,0.0,0,0
TTGAACGACGTGCTGA-1,0.0,0,0,2.108059400098596,4,22,0.7003336394444539,2,2
ATTCATCGTTGAGGCA-1,0.0,0,0,2.59466811598224,4,25,0.4155159693639779,1,1
TGCAACCCATCTGCGG-1,0.642974850365014,4,4,2.5959322450810762,4,50,0.321487425182507,1,1
AGTGCTAAACACAGCA-1,0.0,0,0,1.7927982115349967,3,20,0.0,0,0
AACTCCAGAGCGTGTT-1,0.0,0,0,3.1271076256064,4,33,0.0,0,0
TCTCCACAAGTTGAAT-1,0.1540270673949872,1,1,3.33816536027195,4,127,0.0,0,0
CTTTGCATCGCTCTTG-1,0.20454798076670175,1,1,2.356824919256137,4,23,0.0,0,0
TCACAAACCGAGGTAC-1,0.2550152571140673,1,2,1.9034896693868035,3,30,0.0,0,0
CCGTAGGAAATCCCTG-1,0.0,0,0,1.7569506953960015,3,19,0.0,0,0
AAACATTTCCCGGATT-1,0.34540308272974535,2,2,3.059115612227359,4,53,0.34540308272974535,1,1
GCCTCCGACAATTCAC-1,0.0,0,0,2.2291742616211603,3,38,0.7587456437333436,2,2
TCTGCATACCTTGCTT-1,0.5089737208762437,2,3,2.524091802403695,4,30,0.0,0,0
ACCCATTTGTCCCTCT-1,0.0,0,0,1.3487315538607516,2,10,0.0,0,0
CTGCAGAGAATCAGAG-1,0.7665464272560155,5,7,2.730533680936631,4,71,0.3913827637136325,1,2
GGAAACTAAATGGGCC-1,0.3201539833957642,2,2,2.1905152871025995,4,32,0.3201539833957642,1,1
CAACCTACCGAGCAGT-1,0.0,0,0,2.160016597051974,3,25,0.0,0,0
CCGTAGGGTTGTTTAC-1,0.23578386356538492,1,1,1.705619901415145,3,10,0.0,0,0
GGTTTGTGACCTGAGG-1,0.3927004799087828,2,2,1.9465552366053065,3,21,0.3927004799087828,1,1
TAACCTAGGGAGTCCA-1,0.5515158707108982,3,3,2.311481020530299,4,24,0.905923552732456,2,3
TTCCATCGACAGCGTG-1,0.5468515818883347,3,3,2.3976606848897055,4,27,0.0,0,0
ATCTCCCACGGAATAT-1,0.0,0,0,1.4134137694234803,2,14,0.0,0,0
GTTTCAAACGAGTTGT-1,0.3748685147206792,2,2,1.7029261726770035,3,13,0.0,0,0
GGAACTTTGGCGATTA-1,0.1888021807923157,1,1,1.4549079887006482,3,10,0.0,0,0
CTGCAAGCACGTTCCG-1,0.33397794286710974,2,2,2.7692011917495343,4,51,0.0,0,0
CACAGTCCCGCTTCGC-1,0.5965720300755085,4,5,2.101223247939845,4,36,0.0,0,0
TACGCTCGGTATTGGA-1,0.5644369973293345,2,5,2.4450501290960607,4,35,0.3437689010160874,1,1
CTGGTAAAGTGTGGGC-1,0.11245340414902044,1,1,2.37694963662046,4,75,0.22490680829804088,1,1
CAACCAGTGGCCTACC-1,0.47994213381783485,3,4,2.089816734097166,4,29,0.5416406897786618,2,2
TCTTCGCGGTGAGAGG-1,0.4172902760639164,2,4,2.2420659560403506,4,43,0.5401575987383979,2,2
TTCGGGTTGCCACGGG-1,0.404675097325692,2,3,1.9803077786687324,4,22,0.0,0,0
ACCGATAGGCATAACC-1,0.6356239635240645,3,5,2.0889664823009575,3,36,0.31735953222866203,1,1
CTTATAGATGGCTGTT-1,0.6670514104631066,3,5,1.813990728390038,3,21,0.49929514217611765,1,2
AGACGCCCACTTCGCC-1,0.5810054007892721,3,3,2.384344327759185,4,23,0.0,0,0
AGGTCGCCTCCCAACA-1,0.4846326114913307,2,4,2.3162233939069434,4,29,0.6742695721824966,1,4
CCTCACGTCAGCTAAT-1,0.45355425990659687,2,3,2.404545298414928,4,22,0.0,0,0
CCACCTGTATGGAATA-1,0.0,0,0,2.5304024699105434,4,29,0.0,0,0
GGACTCGAAGCTTTCA-1,0.501131355949768,2,3,2.364944552075725,4,19,0.8235738875740157,2,2
AAGCCGGAGAGCAGGA-1,0.21145050414656852,1,1,2.330765999394715,4,20,0.0,0,0
GCCTATCAGGTAAGAT-1,0.464234477042001,2,2,1.478317213040286,2,13,0.0,0,0
TCAGAGTGTGAGCATG-1,0.6017998001828212,3,3,2.915648525087626,4,39,0.40119986678854747,1,1
AAACATGGTGAGAGGA-1,0.12325339419888731,1,1,1.9936542692661468,4,36,0.0,0,0
ATCATTGTACCGCATT-1,0.0,0,0,2.0574209290831504,4,17,0.0,0,0
TCAGCTTGAGCTTTCG-1,0.0,0,0,2.417243643665553,4,25,0.0,0,0
CCGCGCAAGATACCCA-1,0.0,0,0,1.8753451679069872,3,30,0.0,0,0
CTATACTTAAAGCGAG-1,0.0,0,0,1.567481829666248,4,20,0.0,0,0
ACCGTCCACTGGGCCC-1,0.0,0,0,2.124844507587739,4,17,0.0,0,0
AAGACCAAATAACTCA-1,0.0,0,0,1.8714725531011895,3,31,0.0,0,0
TGTTTCTGAAGCGTGC-1,0.0,0,0,1.29977754523562,2,11,0.7906262772763611,2,2
TTCTCTTACAGGTGAT-1,0.0,0,0,1.9650893400382157,3,26,0.0,0,0
AATTCATTGTCATGCA-1,0.0,0,0,1.977858292089871,3,9,0.0,0,0
GCCCGAGAGTCTAAAT-1,0.0,0,0,1.6804883789671616,3,23,0.0,0,0
ATATAGAGTATTGGTC-1,0.0,0,0,1.690183994533493,3,20,0.0,0,0
TTGAAGGATGGGCGCC-1,0.0,0,0,1.5659607859099156,4,12,0.0,0,0
TAGTACCACAACTTTC-1,0.0,0,0,1.1415726990682482,2,10,0.0,0,0
ATCCCATCCACAGCGC-1,0.0,0,0,0.9676799219821735,3,3,0.0,0,0
CTTAGGTATAGACCAG-1,0.0,0,0,1.3998079554295448,3,6,0.0,0,0
TGACTCCGAATCATAC-1,0.13462483000745207,1,1,0.8506204429737079,3,6,0.0,0,0
ACTACATCCCGACAAG-1,0.0,0,0,1.2749828069384437,4,8,0.0,0,0
TTGCCGCAGACCTACA-1,0.0,0,0,0.7836811634393711,3,5,0.0,0,0
TAAGAGGGACAGGGAC-1,0.0,0,0,1.2621685306590111,4,12,0.0,0,0
CGAATGAAGTCATTGC-1,0.0,0,0,0.9694181207352865,3,9,0.0,0,0
AAGGGAACGACTGGCT-1,0.0,0,0,1.4524174072965883,3,15,0.0,0,0
CGAATCTGCTCGACGC-1,0.0,0,0,0.8741698019342145,2,6,0.0,0,0
ATCGTGGAAAGTCTGG-1,0.0,0,0,1.773690263304839,3,16,0.0,0,0
CCTATGGCTCCTAGTG-1,0.0,0,0,1.6220270650802122,2,17,0.0,0,0
CGTCGCTTGGTTATAC-1,0.0,0,0,1.4438994169258834,3,7,0.0,0,0
TGCTTAGAGAGAATGC-1,0.35024742956867155,2,2,1.8507083284309462,3,21,0.0,0,0
GATTGCTCCAGTTGCA-1,0.0,0,0,1.7779578103836648,3,19,0.6874603935641758,2,2
CGTGCTTCTACCTAAA-1,0.0,0,0,1.6161587009328027,3,14,0.0,0,0
ACTCCAATATCATCAT-1,0.46134914888663453,3,3,1.4757039556867504,2,24,0.0,0,0
GCCGACCCACGACTGC-1,0.16497946725417625,1,1,1.7867909944773663,3,26,0.0,0,0
GAGGGTAGTAACAAAG-1,0.13828528569383622,1,1,2.001410610594976,4,31,0.27657057138767244,1,1
GGCCGAGACTCTGGTG-1,0.47351350185149577,3,3,2.1291665005550757,4,36,0.0,0,0
TATATAGGGCTTTACG-1,0.0,0,0,1.1181863488563897,2,8,0.0,0,0
TGCCGGATGTACGAGC-1,0.19314183727458353,1,1,1.2157164400980742,3,6,0.38628367454916707,1,1
AGGTAGATCGAGATAT-1,0.20595116837067573,1,1,1.6221831455199367,3,13,0.0,0,0
GATCAACATAAAGGGA-1,0.0,0,0,1.1673486797294186,3,10,0.0,0,0
TAACAGCGTTTGTGCT-1,0.0,0,0,2.0000255467710004,4,18,0.0,0,0
CTATAGGCGTTGATGT-1,0.0,0,0,1.3392698883011716,3,10,0.0,0,0
GGTTTAATTACCATCG-1,0.0,0,0,1.7127756521479425,3,17,0.0,0,0
CTCTTCTGGAAGTTAG-1,0.6748575574012903,3,3,2.176753213238339,4,13,0.44990503826752687,1,1
ATCTGACATGGAAGGA-1,0.0,0,0,1.8052090170766524,3,24,0.0,0,0
TACGTACTAGTGCTGA-1,0.0,0,0,1.2748441391093737,2,11,0.0,0,0
ATGACTATCAGCTGTG-1,0.0,0,0,1.5404513317119362,2,20,0.0,0,0
CTTTGGGATTGTTGCA-1,0.0,0,0,1.5133095008692128,3,9,0.0,0,0
AGACTGTTACCGGGTC-1,0.0,0,0,2.5366314247702837,4,43,0.0,0,0
TCCTAACCGTCGGGCA-1,0.0,0,0,1.6102009970372033,3,14,0.0,0,0
ACGCAAACTAATAGAT-1,0.0,0,0,2.8694593778757307,4,69,0.0,0,0
AAGTGAGTCGGGTTTA-1,0.0,0,0,1.7666858771626828,3,31,0.5857147045870027,2,2
TAAAGCGGTATTTCCA-1,0.0,0,0,1.2490947436639017,2,12,0.0,0,0
CTCCTCCAGCTCACAC-1,0.0,0,0,1.3975105491616797,3,8,0.0,0,0
CGGTCCGTCGCAAGCC-1,0.0,0,0,2.114789110284306,4,22,0.0,0,0
CCTATATTTGTCCTGG-1,0.0,0,0,1.6155794844060747,3,10,0.0,0,0
TCCAATAAAGGCTACC-1,0.0,0,0,2.254556976056393,4,32,0.0,0,0
AAAGGCTACGGACCAT-1,0.36598202204171554,2,2,2.264759743718938,4,26,0.0,0,0
CGTGACCAGTCCTCTG-1,0.2887238317650791,2,2,1.4810876237752,3,18,0.0,0,0
GATCTGCTATCTAAGG-1,0.16442367114454845,1,2,1.0813501767360094,3,15,0.0,0,0
CGAATGACGCATAATG-1,0.2715194544747222,2,2,1.260311953411438,3,11,0.0,0,0
GCTCAATGTAATACCG-1,0.3150901614455848,2,3,1.7156781361907654,3,39,0.0,0,0
CTATGCCCGAATGCAA-1,0.15135812798316609,1,1,1.8629088752296996,3,29,0.0,0,0
CACAGGGCCGTTGTCA-1,0.4941766446074605,2,3,2.0291646362418057,3,27,0.0,0,0
TCAATACGCCGTCATG-1,0.0,0,0,1.6710435957178809,2,26,0.0,0,0
AGCGGACACTTCGTAG-1,0.0,0,0,1.9818949914586868,3,22,0.38834598456177377,1,1
ATACGTTATGCACGGA-1,0.0,0,0,2.1787363576712426,3,40,0.3486827985006971,1,1
GAGTAGATACTAGTTG-1,0.0,0,0,1.4954397731601368,3,11,0.0,0,0
CCAGCTCGAACGCATT-1,0.0,0,0,1.8111491837906133,4,17,0.0,0,0
TGCTTCCCAAGCAGTA-1,0.0,0,0,1.3034875870599791,3,8,0.0,0,0
GTAGACACGCCTGACT-1,0.1464561094503136,1,1,1.7813916756467594,3,32,0.0,0,0
CTCACATTTACTAAAT-1,0.0,0,0,0.9621581329207389,2,7,0.345755466302446,1,1
GAATGCGAATCGGTTC-1,0.32756937624817156,2,2,2.1292644355188184,4,24,0.0,0,0
TAAGGCCCGTCACCCT-1,0.0,0,0,1.8503197246764147,4,13,0.0,0,0
GAGTATGCGCGTGCAT-1,0.3407401601686468,2,2,2.667161039194502,4,37,0.3407401601686468,1,1
ATCCACATCGACAGAA-1,0.0,0,0,1.960451902638018,4,14,0.36417210830638796,1,1
TAGACGAAACGCCAAT-1,0.0,0,0,2.154210903038613,4,18,0.36714005084217877,1,1
CAGCAGTCTGTGCTGC-1,0.198237514060263,1,1,1.8968109528429913,4,13,0.0,0,0
CTCACTGTGATACTTA-1,0.0,0,0,1.3753335162717675,3,11,0.0,0,0
TTAATTGCTTTGGGTG-1,0.0,0,0,1.2172408370838066,3,8,0.33227856679646656,1,1
GTAGTCTACGATATTG-1,0.0,0,0,1.1920526063538026,3,7,0.0,0,0
TTGCCGCTTTCTAGTA-1,0.1862262906402243,1,1,1.606701064483334,4,9,0.3724525812804486,1,1
GAACCTTTAACGATCC-1,0.16076045721420076,1,1,1.102072863332862,2,11,0.0,0,0
TGGACCAATCTAAGAT-1,0.1368555515564712,1,1,2.004103505170828,4,27,0.0,0,0
CTAGTAGAAAGGGATT-1,0.1225329420775908,1,1,1.658152378775192,4,25,0.0,0,0
AACCTCGCTTTAGCCC-1,0.0,0,0,0.9314625582224678,2,6,0.0,0,0
GAGTGTCAACCAGAAA-1,0.581793893615162,4,5,1.5326324100000241,3,21,0.0,0,0
GTGATCCTTGTCATGA-1,0.0,0,0,1.5953629554470328,3,14,0.0,0,0
CTCAACTAACCCGGAT-1,0.0,0,0,1.213632714460616,3,13,0.0,0,0
AGTGGCGTCTGAAGGT-1,0.14505735797887584,1,1,2.051383727297303,4,26,0.0,0,0
GGGAAGGGCTTTCTCA-1,0.0,0,0,1.4079243488940243,3,15,0.29296710737698667,1,1
AGGCCTGAGAATCTCG-1,0.0,0,0,1.4757965752679452,4,9,0.3443117570493022,1,1
AGCCACAGGTTACCCG-1,0.16691629153005758,1,1,2.333021500588297,4,38,0.0,0,0
TGCAATCTAACACGGT-1,0.17134437551666767,1,1,2.108076281253306,4,21,0.0,0,0
GTTTGGGTTTCGCCCG-1,0.2600944787202896,1,2,1.7772689639011154,4,14,0.7053693921068104,2,2
CCTATGTCCACTCCAC-1,0.36142896746968095,2,2,2.6271781637454334,4,38,0.36142896746968095,1,1
CTGCCTTTCTAGTAAA-1,0.16851270113548697,1,1,2.630202913390476,4,46,0.0,0,0
TTAGTAAACCTGCTCT-1,0.1743813326939487,1,1,2.16524617089574,3,37,0.3487626653878974,1,1
TTGTGGTGGTACTAAG-1,0.0,0,0,1.9551352357651726,3,16,0.0,0,0
CCTCCTGTTGTGTCGT-1,0.21700076720476305,1,1,1.9779482046959518,3,21,0.0,0,0
ACAAAGCATGACCTAG-1,0.21459562570067806,1,1,1.6016952490168435,2,18,0.4291912514013561,1,1
ATAGCAACTAGGGAAG-1,0.0,0,0,2.269818667379382,4,60,0.0,0,0
CCGCTCTTCCGAACTA-1,0.0,0,0,2.0815759670677294,3,27,0.0,0,0
TAGAATAGCCGATGAA-1,0.18206410473643594,1,1,2.2538993258531694,4,22,0.0,0,0
GGTCTCCGTCCAGGTT-1,0.0,0,0,2.099430505990033,4,24,0.0,0,0
TAATTACGTCAGTAGA-1,0.3636460877267191,2,2,0.8840636685320423,2,5,0.3636460877267191,1,1
TACGTAAAGCGGAGTG-1,0.11885488431912739,1,1,2.2928586532248607,4,56,0.23770976863825477,1,1
GCTACAATCGAGGATA-1,0.0,0,0,1.4744086752431251,2,19,0.35792559679347785,1,1
TCAGCCAATCCGTAAA-1,0.44738258899343514,2,4,2.742767063819112,4,56,0.7410928382617105,2,3
ATCATAGCCCTATGTA-1,0.9494171439693307,3,9,2.4750655227100387,4,30,0.6577133767552666,1,3
GAGGCCTGTTGATACA-1,0.3530124657161366,2,2,2.0948441062217444,3,30,0.5205855233666286,1,2
ATATACGCTCGTGACG-1,0.6355313316606008,3,5,2.3735900662052285,4,33,0.0,0,0
CCCTTTAATGGAGTTC-1,0.20089967026038527,1,1,2.4664622065766646,4,22,0.0,0,0
TTACACGATCTGCGAC-1,0.5364793041447001,2,4,2.4042012451043577,3,39,0.0,0,0
TCGCATAAAGGGCGCA-1,0.22691125432351786,1,2,2.305571020488179,4,35,0.0,0,0
TGTAGCCATCCCATTC-1,0.37519638008288925,2,2,1.8683857316949242,3,23,0.0,0,0
GGGTCTATCGCTTTCC-1,0.42790437716875357,2,3,1.7280749496411323,3,23,0.0,0,0
GGAGGGTCAAGTAAGA-1,0.4326028521058958,3,4,2.1483592669082787,4,45,0.48428856028532624,2,2
TACGGCATGGACGCTA-1,0.44428550939003825,2,3,2.1037797471176956,4,25,0.0,0,0
CACGTCAATCAATGGA-1,0.5927870388850683,3,4,1.7243292522921214,3,16,0.0,0,0
CGCTTGGACGGATAGA-1,0.39704251523486894,2,3,2.1739481619074037,4,26,0.317261861747069,1,1
CGCGGTACGGTATACA-1,0.4306909735607409,2,3,1.5043097682999023,2,21,0.3474895586318347,1,1
CCTACTCAACACGATT-1,0.3128377282081113,2,2,2.349146883594493,4,33,0.0,0,0
CGTTTGGTGTTGTGGG-1,1.1459278874994203,5,8,2.0342066591014007,3,24,0.0,0,0
GTTGTTGCAAGATGGC-1,0.937935908573671,4,8,2.0610741501634693,4,30,0.6431088223701388,2,2
CATTCGTCGTAGCGGT-1,0.19731506378890365,1,1,1.6380295375959304,2,23,0.0,0,0
CAGCCTCGATAGCGGT-1,0.19784100326807605,1,1,1.7291789519621195,3,13,0.0,0,0
TCATAAGTCCAAGAAG-1,0.8947093746924789,4,8,2.556509594810139,4,47,0.3199881393123134,1,1
AAAGTGCCATCAATTA-1,0.6662929259722166,3,5,2.175429876107583,4,26,0.3350725250345854,1,1
GTTGCAGTCGACAACA-1,0.17566981885421518,1,1,2.5903916172718797,4,36,0.5185607230430923,1,2
TAAATGGGCTACTGAG-1,0.2008178245529555,1,1,1.8674492736072206,3,20,0.401635649105911,1,1
GGACAAGCCATGATCG-1,0.14473550239486083,1,1,2.6326527411119427,4,57,0.0,0,0
TCCAATGCGTCGCCGC-1,0.3024809852857163,2,2,2.0119390325558104,4,26,0.0,0,0
AAAGAATGACCTTAGA-1,0.0,0,0,1.838937075353467,4,26,0.0,0,0
CCTATTATTCCGGCCG-1,0.0,0,0,1.7222397669286287,3,15,0.37788990051796234,1,1
CAGTAAGGGACGTCTC-1,0.0,0,0,1.7019616677394884,3,10,0.0,0,0
GGGATGGACCCGCGTC-1,0.19224639479234185,1,1,2.572670512183719,4,31,0.0,0,0
GACGCATACCCGTCGG-1,0.0,0,0,1.5364305293749116,2,22,0.0,0,0
GGGCAGGATTTCTGTG-1,0.0,0,0,2.248965511997191,4,19,0.0,0,0
TATCTGAGCCGATATT-1,0.0,0,0,1.3947283855602537,3,10,0.0,0,0
AATGTATGGCACTGTA-1,0.0,0,0,0.9293702549969568,2,4,0.0,0,0
GCCTTTGTCAGTGGAC-1,0.0,0,0,1.6883822252433167,3,12,0.0,0,0
AACCATAGGGTTGAAC-1,0.0,0,0,1.3835106955039902,3,8,0.0,0,0
AAACTTAATTGCACGC-1,0.0,0,0,1.9674001488316368,4,16,0.0,0,0
TAGGCGGCTGCAAAGA-1,0.0,0,0,1.8092168114417546,3,21,0.0,0,0
TCCATCAATACTAATC-1,0.0,0,0,1.3235637028544744,2,12,0.0,0,0
ACCTCGAACTTATGCT-1,0.0,0,0,1.0682828733192542,3,5,0.0,0,0
ACAAACCATGCGTCCT-1,0.0,0,0,1.0162090049223087,2,7,0.0,0,0
ACACCGGTCTGACCGC-1,0.0,0,0,1.0609833569592193,2,8,0.0,0,0
ATGGCAGCATTACGAT-1,0.0,0,0,1.0697016636174599,2,9,0.0,0,0
CTGGTGAATGGGCCTA-1,0.20775798468198894,1,1,0.9091315946568611,2,5,0.0,0,0
CACAGAGACGAGGACG-1,0.0,0,0,1.6665871533256549,4,13,0.0,0,0
GCACAAACCCTAGATG-1,0.18281365902480026,1,1,1.5807966461244745,3,14,0.0,0,0
ACTATGTCCAGCTGCC-1,0.0,0,0,1.0698874738231599,2,8,0.0,0,0
AAGCCGCCGTGAAATC-1,0.0,0,0,1.2593253456976816,3,8,0.0,0,0
ATGGGTGTATACCTCC-1,0.0,0,0,2.134277708150993,4,15,0.0,0,0
TAAGCGCGAATCAAAT-1,0.0,0,0,1.9118512621446113,4,17,0.0,0,0
AGCCCGGCATTAGAGG-1,0.18246008512702158,1,1,1.7897816560681001,3,22,0.0,0,0
GTGATCAAGCGTGCAC-1,0.17583234180822258,1,1,1.9981168040135993,4,23,0.0,0,0
CTGCCTTTAATACCTT-1,0.1769174039157723,1,1,1.9859268933404248,4,21,0.0,0,0
TACCTCCACACCAATG-1,0.0,0,0,2.210515375046921,4,21,0.0,0,0
GAGCATCAACAACTTG-1,0.13421293360981545,1,1,1.980526328818951,4,29,0.0,0,0
CATACGAACTAGCTGG-1,0.2152948401371901,1,1,1.9473724960831706,4,11,0.0,0,0
GGGAACGGTTTCAGAT-1,0.16286632976593723,1,1,2.255323863141512,4,26,0.4872886440217892,1,2
AGGGTGCCGTTCTTTA-1,0.0,0,0,2.1447700437947876,4,17,0.0,0,0
ACGACTGGTCATACTC-1,0.0,0,0,1.6067140635657866,3,9,0.0,0,0
GGATCTTACTGCCCTT-1,0.0,0,0,1.9630709964376725,3,19,0.0,0,0
TACTCCTCTAGTTGAC-1,0.0,0,0,1.140966160507264,3,4,0.0,0,0
GTAGCTCCGGGAGGCT-1,0.0,0,0,1.9242421413663622,4,22,0.0,0,0
GGACTCGTGAGTGGTC-1,0.18000503847290286,1,1,1.6708119561097068,4,9,0.0,0,0
GTAGTTCGAAGGCGAA-1,0.0,0,0,2.1029999888135418,4,29,0.340209453447986,1,1
CTCAAACCACTGCCCG-1,0.0,0,0,1.5008261122125637,3,18,0.0,0,0
GAGGGAGTCAGATCGC-1,0.14150901479440758,1,1,1.2721406178963202,3,12,0.0,0,0
GCGTCCCTAAGACATA-1,0.0,0,0,1.2177083321477595,3,11,0.0,0,0
TCTCTTACCGCGAACC-1,0.0,0,0,1.2166931728362274,2,13,0.0,0,0
GGCTACTATACACTCC-1,0.0,0,0,1.1688219734491383,3,5,0.0,0,0
CGTTGCCCGCGTGGGA-1,0.16487328858672043,1,1,1.5237785926022247,3,17,0.0,0,0
TATAGAGTCGCTTGAA-1,0.0,0,0,1.2878049393948485,3,8,0.0,0,0
ATGTTGTAGTCTGTTT-1,0.20230255951957643,1,1,1.528444217096505,3,10,0.0,0,0
AGTATACACAGCGACA-1,0.1594490927091072,1,1,1.5346706495369205,3,14,0.0,0,0
TGTGGTTGCTAAAGCT-1,0.16834602229107773,1,1,1.7808824639605447,3,20,0.0,0,0
TGATTCCCGGTTACCT-1,0.0,0,0,1.100862491497249,3,7,0.0,0,0
CACTGACGATTGTGGA-1,0.16116345789017505,1,1,1.5318461260515823,3,16,0.0,0,0
AACATTGTGACTCGAG-1,0.0,0,0,2.3422761793241764,4,23,0.0,0,0
GTCCAATATTTAGCCT-1,0.0,0,0,1.6416310502815774,3,16,0.0,0,0
GCTCTTTCCGCTAGTG-1,0.0,0,0,1.604819593545459,3,7,0.0,0,0
GGGTCAGGAGCTAGAT-1,0.0,0,0,0.8242364409122029,2,4,0.0,0,0
AGGTGGTGACCTTCGC-1,0.0,0,0,1.8844091369098355,4,16,0.3369142035812154,1,1
CCCGGGTCGTTCAGGG-1,0.15467157583299268,1,1,1.6274633406621608,4,13,0.0,0,0
AGCCAAGCTTTGTGTC-1,0.0,0,0,1.5429558024414702,3,11,0.0,0,0
TGTGGCGGGCTTCTGG-1,0.0,0,0,2.290040823267808,4,33,0.0,0,0
CGAGGGTATCCAGGTG-1,0.14968566984612205,1,1,1.6833866302902174,3,26,0.2993713396922441,1,1
CGTTCAGACCCGCGAA-1,0.0,0,0,1.9458428417699456,3,23,0.0,0,0
TCATATGAGCTTTGTT-1,0.0,0,0,1.9590995976011134,3,25,0.0,0,0
AGTTGACGGTCCTTGC-1,0.0,0,0,2.3204134661329987,4,23,0.0,0,0
ATAATTAGCTAAGTAG-1,0.0,0,0,2.6833914595693904,4,66,0.0,0,0
GGTCTTGAGCGCTCTT-1,0.0,0,0,2.829915264027475,4,46,0.0,0,0
CGTTGTCGGCAATTGA-1,0.0,0,0,1.356835813980694,3,12,0.0,0,0
TCTTGCTCCCGATACT-1,0.0,0,0,1.1384892460146796,2,7,0.0,0,0
AGCAGAAGGAGAAAGA-1,0.0,0,0,1.3790354395972466,3,14,0.0,0,0
GAAGCCACTGATTATG-1,0.1895424007019544,1,1,2.875744221613331,4,42,0.3790848014039088,1,1
TGCTCTTGAGAGTTTG-1,0.23306928694203924,1,1,1.3441696638616611,3,6,0.4661385738840785,1,1
GACATCCGTCGAACTG-1,0.0,0,0,1.0198929756862476,2,6,0.3907917119035181,1,1
AGATATAATACGACTA-1,0.35404104764152483,2,2,0.6285158991570926,1,6,0.0,0,0
TCGCTACTGGCTTTGA-1,0.0,0,0,1.6148584828614165,3,10,0.4369470862012525,1,1
GTGACAGCTTCCCACT-1,0.0,0,0,1.716662496979776,4,10,0.0,0,0
GTGACGCAGGTTTCAT-1,0.0,0,0,1.643167318400268,3,21,0.0,0,0
GGGAAGACGGTCTGTC-1,0.0,0,0,1.7676856956263045,4,23,0.37848630866064864,1,2
CGTCGCATGTGAGCCA-1,0.0,0,0,0.7886657502277029,2,6,0.0,0,0
AGAAGGTTGTAGGTCG-1,0.0,0,0,1.4027416516846913,4,8,0.0,0,0
GGCCGGCGTCTGCTAT-1,0.0,0,0,0.827665251299112,2,5,0.0,0,0
TTGACCAGGAACAACT-1,0.0,0,0,1.7012916933526663,4,23,0.0,0,0
AGTCGTATAAAGCAGA-1,0.12178401347278657,1,1,2.0691678132206253,3,58,0.0,0,0
GGCGTAGGGAAAGCTG-1,0.0,0,0,2.418631442250568,4,63,0.0,0,0
AAACCTAAGCAGCCGG-1,0.38399858307599494,2,4,1.736444563884179,4,21,0.2444831865279892,1,1
ATTGCCTTTATGTTTG-1,0.354910130853781,2,2,1.4140120534536118,2,17,0.0,0,0
CAGGCAGTCTTACCAG-1,0.2771793448745572,2,2,1.9057391704661213,3,46,0.0,0,0
AGCTAAGTACGCAGGC-1,0.26100689362800994,2,2,2.503838337751101,4,51,0.0,0,0
AAATCCGATACACGCC-1,0.0,0,0,2.0960902353968804,4,23,0.6162916520823433,2,2
CGAGAGCTTTCACTAC-1,0.17274066132111243,1,1,2.649266631685572,4,36,0.0,0,0
CGCCCAGCGTTTCACG-1,0.37651419645315615,2,2,2.568950613092033,4,32,0.0,0,0
TTAAGTATTGTTATCC-1,0.0,0,0,2.8430056526362013,4,62,0.0,0,0
AAACGGGCGTACGGGT-1,0.6430310387258448,4,5,1.9790661397025464,4,32,0.7185424181686483,2,3
GTATCCTTTGGTAACC-1,0.16847563048716419,1,1,3.3204782478742887,4,101,0.0,0,0
CATAGTCAAATACATA-1,0.0,0,0,2.909420560937901,4,86,0.0,0,0
TCTATGCTATAACGAC-1,0.466059956426202,2,3,1.6381515669521647,2,24,0.0,0,0
ACGTTCTGTACAAGTC-1,0.23372186431683872,1,1,2.6417215334902773,4,33,0.46744372863367745,1,1
CGCGAAGTGGCATACT-1,0.0,0,0,1.9029488577077656,3,19,0.0,0,0
ACCAACCGCACTCCAC-1,0.19121326837669164,1,1,1.1701176429249913,2,11,0.0,0,0
GTCATGCGCGAGGGCT-1,0.26565664262236544,1,2,1.488912298435,3,12,0.5313132852447309,1,2
TAGGCTAAAGTGGCAC-1,0.1749827359906753,1,1,1.6131967529438294,3,16,0.3499654719813506,1,1
TGGCTACACTCTACCT-1,0.0,0,0,1.8492385366265884,3,16,0.0,0,0
TGTCCACGGCTCAACT-1,0.3428426063886878,2,2,2.3325715191647385,4,31,0.0,0,0
AATTGCAGCAATCGAC-1,0.3073835122006142,2,2,2.60766613071422,4,39,0.3073835122006142,1,1
GTCAACCAGGCCTATA-1,0.2979414805766868,2,2,2.038792086406855,4,24,0.2979414805766868,1,1
ATCTTATCGCACACCC-1,0.5193486471005394,2,4,2.0563891392796476,3,31,0.35199038645896,1,1
GTCTATTGCATGCTCG-1,0.0,0,0,1.6984476067737293,4,10,0.0,0,0
GCACGTGGTTTACTTA-1,0.0,0,0,2.0229452960289054,3,20,0.0,0,0
ATTCGCGCCTTGAGAG-1,0.4281638594156883,2,3,1.6829961946546823,3,19,0.0,0,0
AGCGATGCGCCTAATA-1,0.24722684651034996,1,2,2.364769626126213,4,33,0.6631221726696719,2,2
TCTATAGGTGGGTAAT-1,0.27099342007160304,1,2,1.7994570749029761,3,18,0.0,0,0
AGATACCAATAGAACC-1,0.5245285606717065,3,4,2.6410902245971264,4,54,0.0,0,0
CGTGTATGGGAGCTGA-1,0.5834938185817901,2,2,3.499714589942112,4,33,0.0,0,0
ATGTACATGCGGTGAG-1,0.13531727814188235,1,1,2.5821939733120045,4,60,0.2706345562837647,1,1
TTGGCTCAATATGTGT-1,0.5411737509970993,3,3,2.455852423951824,4,32,0.0,0,0
GTTCGGAGCACTCAAC-1,0.0,0,0,1.971934220659001,4,29,0.0,0,0
TCCCTCTTCTCAAGGG-1,0.3250059594262083,1,3,2.4019196615004055,4,24,0.0,0,0
TTACGTATCTATGACA-1,0.5281078726009232,3,3,2.2764667362501383,4,22,0.0,0,0
CCCATATAGGTCGATT-1,0.17331007581389127,1,1,1.9438892453584147,3,24,0.34662015162778254,1,1
GTCCACGTCGCATTCG-1,0.7076814258953257,4,5,2.1815054601440025,4,27,0.6610082138735774,1,4
AATTGTGGTTGCCAAA-1,0.30470210406520015,2,2,1.7282715381994405,3,22,0.6094042081304003,2,2
AGGAACGAACGACTTC-1,0.5656354136862358,3,5,2.5172189211143343,4,47,0.2775459706588396,1,1
TAATTCCAATGCTTCA-1,0.20755220326893797,1,1,1.5172885274517678,2,16,0.0,0,0
AGGGCCCTAATGTTCT-1,0.6570972502092046,3,4,1.9731457270243564,4,19,0.3803847165897513,1,1
AGGTGTTGCCGACCAC-1,0.4998834147915341,2,3,2.729516568787872,4,27,0.5891298320585866,1,2
CTGAGAGTAGAAATAC-1,0.7292329760679298,3,6,1.7239790441874325,3,18,0.6795119756210609,2,2
TAGAAGAAGGGTTACA-1,1.0958985777190098,5,9,1.4656681821108077,2,23,0.0,0,0
GGTGACTGATAGAGAG-1,0.20924133573529077,1,1,1.8110758941002743,3,14,0.0,0,0
TACCCTCGGTAACCCT-1,0.23083678569956492,1,1,2.647636474650868,4,25,0.46167357139912985,1,1
TGTAAGACTGATAAGA-1,0.0,0,0,2.2657963529940246,4,47,0.0,0,0
GTCACTCATGAGCGAT-1,0.0,0,0,2.306337347351309,4,33,0.0,0,0
CGGTTTACTGAACATT-1,0.18239395711883746,1,1,1.7165444662252274,3,19,0.0,0,0
GAGATCGATCTTACTC-1,0.19552422342177941,1,1,2.51942765585693,4,35,0.0,0,0
TCTTTCATCCGTCCTT-1,0.0,0,0,2.257147131562817,4,15,0.0,0,0
TCGGATCTGGATGACC-1,0.3006929953564959,1,2,1.9852195026962711,3,17,0.0,0,0
GTCCTAGGATACCTTA-1,0.0,0,0,2.011813841343278,4,14,0.0,0,0
TGTACCCGACCCTAAT-1,0.0,0,0,2.310031610745563,4,16,0.0,0,0
AGGTTCTCCTTTCCGG-1,0.0,0,0,2.002130237176312,3,17,0.0,0,0
AATTGCGTGGATTACA-1,0.0,0,0,1.2719570160858882,3,9,0.0,0,0
CGATAGCGATACAGTG-1,0.0,0,0,2.273946962709108,3,27,0.0,0,0
CGCCCTAATTGTTCAA-1,0.0,0,0,1.8760675525486585,3,21,0.0,0,0
ATTATGAGACCCAATT-1,0.3810626377522714,2,2,1.8165743952426143,3,16,0.0,0,0
CCTCCTAGCTAGAGTC-1,0.0,0,0,1.3821084777170956,2,12,0.0,0,0
CGAAGGGTTTCAGATT-1,0.22477637410893458,1,2,1.9075341990719594,4,27,0.0,0,0
CACAAGCTAAGAAAGG-1,0.0,0,0,1.1008213036931631,2,12,0.28577562468392276,1,1
CACCGGTAGAGACATT-1,0.0,0,0,0.8154493306409052,2,4,0.0,0,0
ACTCATGGCAGCCTTC-1,0.0,0,0,1.9063869234635953,3,21,0.0,0,0
CATCCAATATAGTTTG-1,0.0,0,0,1.402805974965141,2,10,0.0,0,0
CAGATATGAAGATGAC-1,0.17747581604155674,1,1,2.2916071540781453,4,21,0.0,0,0
GCAAAGGGCGTTAGCC-1,0.17444127024877373,1,1,2.151579559023447,4,24,0.0,0,0
CTGTTGTTCAGTCGTA-1,0.0,0,0,1.3561776369635221,2,9,0.0,0,0
AAAGGCCCTATAATAC-1,0.0,0,0,2.2000877811210726,4,26,0.0,0,0
AACATTGAAGTTGATC-1,0.0,0,0,1.5098794601918568,2,23,0.0,0,0
GCTAGCGATAGGTCTT-1,0.19786738230203274,1,1,1.8939469089058327,3,19,0.0,0,0
ATTGCCTATTAGACCG-1,0.194858752488528,1,1,2.266925321594914,4,20,0.389717504977056,1,1
GGGCGTTTACATTCAT-1,0.20172225115066003,1,1,1.4369712679941207,2,15,0.40344450230132006,1,1
CCTCTACAAGGATTGG-1,0.1790473838964783,1,1,1.240836821036532,2,12,0.0,0,0
AGTGACTGTGACACAA-1,0.16542347365729937,1,1,1.7303495206315311,3,23,0.33084694731459874,1,1
AGCCCTCCCTGGTGGC-1,0.16680739995440041,1,1,1.5350824257675009,3,17,0.0,0,0
CGGTTGAGTATCCTTC-1,0.20098159060865328,1,1,2.100151638194134,4,20,0.0,0,0
CATTATCCCATTAACG-1,0.0,0,0,1.4478923179346597,3,14,0.0,0,0
AATGTGCTAATCTGAG-1,0.0,0,0,1.8403710206069759,3,15,0.0,0,0
CTTAGTTGAGGAATCG-1,0.0,0,0,1.292537520491256,2,15,0.0,0,0
CTTCTGGGCGTACCTA-1,0.27562500093003034,1,1,1.134723848446563,2,5,0.0,0,0
AGTCAAATGATGTGAT-1,0.28147102017074005,2,2,0.8720858704423848,2,8,0.0,0,0
TGAACAAGCAGGGACT-1,0.38301438076500055,2,2,1.3530203095689002,2,13,0.0,0,0
AATACCGGAGGGCTGT-1,0.32078588124684493,2,2,2.1862050068098307,4,32,0.0,0,0
GTTTGGTGATCGGTGC-1,0.18618017290126945,1,1,2.1042502795806164,4,20,0.3723603458025389,1,1
GACTGCTGGTGAGAAA-1,0.14133069382653002,1,1,1.9060136169778985,4,25,0.0,0,0
CGATCCTCGCAACATA-1,0.0,0,0,1.3002367580145284,2,15,0.0,0,0
CCAACCTTATGTAACT-1,0.0,0,0,1.2238298686389242,2,14,0.0,0,0
CGTGGTACCCAAAGGC-1,0.33525571120735637,2,2,1.2523692512893896,2,13,0.0,0,0
AACCCGACAACCCGTG-1,0.0,0,0,1.674009981104774,4,17,0.25942578273587424,1,1
TATGTAAAGTGCTTAA-1,0.1234540306464379,1,1,1.6663267221365108,3,26,0.0,0,0
GCAAGTGTAAAGCATG-1,0.0,0,0,1.5468475595025752,3,26,0.0,0,0
GTAACTGCCCAAGGAG-1,0.10447341282200112,1,1,1.2903590597795351,3,18,0.0,0,0
GGTGCATAAATGATTA-1,0.11929866644406494,1,1,1.779986777178204,4,30,0.0,0,0
TAGTCCCGGAGACCAC-1,0.0,0,0,1.0835782575462467,2,9,0.0,0,0
CGGCCAGAGCGACCAT-1,0.34489546140966443,2,2,1.4963244951855132,3,13,0.0,0,0
TGAATGAGTGTTTCCC-1,0.0,0,0,1.3503772915040684,2,12,0.0,0,0
TTCACTTCCTAGAACG-1,0.3547027836673162,2,2,1.4419430796170516,4,7,0.0,0,0
CGCTTAGTATTGATAC-1,0.0,0,0,1.9943988804179722,4,26,0.0,0,0
AACGCGACCTTGGGCG-1,0.19531892539345283,1,1,1.5040886624595646,3,13,0.0,0,0
GTGCACCAGCTTCAAC-1,0.0,0,0,2.017302755796778,4,27,0.0,0,0
TTCTATTAAACGCAGC-1,0.0,0,0,1.3851240399177172,2,6,0.0,0,0
TGGCAAGCACAAGTCG-1,0.0,0,0,1.5412773252611007,3,13,0.0,0,0
ATCTGCTGTTATCGCC-1,0.0,0,0,2.1668916901094457,4,6,0.6202668654254898,1,1
AATTCCAAGCATGTAC-1,0.0,0,0,1.3754708965502491,3,11,0.3437301967820879,1,1
AAACGGTTGCGAACTG-1,0.34965176521369035,3,3,1.7284401460756782,3,38,0.0,0,0
GAAGGAGTCGAGTGCG-1,0.0,0,0,2.006935056732856,4,31,0.0,0,0
GGCAAGCCCATAGTGG-1,0.14934159282155976,1,1,2.293485898509168,4,36,0.0,0,0
TGACCAAATCTTAAAC-1,0.0,0,0,1.6948524620141643,3,28,0.0,0,0
TTCGGTACTGTAGAGG-1,0.15490315947581582,1,1,1.7629930719145375,3,28,0.0,0,0
ATGTACGATGACGTCG-1,0.0,0,0,2.2659308733812438,4,30,0.0,0,0
ATCTAGCTTGTGAGGG-1,0.0,0,0,2.4174474683162783,4,33,0.0,0,0
AGCGGGTCTGACACTC-1,0.4902198767059088,2,3,2.313029465986427,4,28,0.0,0,0
GAGGTACGCGTGTCCC-1,0.0,0,0,0.7833081095639998,2,4,0.0,0,0
GCACTGCCTACCTTTA-1,0.0,0,0,1.6169217502218642,4,7,0.0,0,0
GGAGCGAGGCCTACTT-1,0.0,0,0,1.2138554113747464,3,5,0.0,0,0
AAACTCGGTTCGCAAT-1,0.0,0,0,2.188748147849648,4,25,0.0,0,0
GGCGCTTCATTCCCTG-1,0.0,0,0,2.4945429203182963,4,18,0.0,0,0
TGCTCGGTGGGTCACC-1,0.21453231614039936,1,1,1.6520874614310828,2,20,0.0,0,0
AAGCGCAGGGCTTTGA-1,0.0,0,0,0.8560594728360773,2,5,0.0,0,0
GACCTTCCACGTCTAC-1,0.0,0,0,1.5808158794059213,2,20,0.39400198523839447,1,1
GTTAGCCCATGACATC-1,0.0,0,0,2.5309477362687396,4,23,0.0,0,0
AATTCGATTCGAGGAT-1,0.0,0,0,1.242584313214849,2,10,0.0,0,0
AGTCTTTAAAGTGTCC-1,0.0,0,0,1.3465748652912617,3,11,0.3335060235956615,1,1
GACTAGGCCGTTAGGT-1,0.181451869614233,1,1,2.5906415358258292,4,49,0.0,0,0
TCCAAGCCTAGACACA-1,0.0,0,0,1.235611993202987,2,11,0.0,0,0
GATTGGGAAAGGTTGT-1,0.1389200051762811,1,1,2.0862398998948084,4,37,0.0,0,0
GATGAGGAACCTTCGG-1,0.1314459342788104,1,1,1.1232794299844746,3,10,0.0,0,0
TGAATACCGACGCGTA-1,0.2854895082644759,2,2,1.4586095991794605,3,18,0.0,0,0
AATCGTGAGCCGAGCA-1,0.0,0,0,1.5568966439015968,4,15,0.0,0,0
GCGAAGAATCTGACGG-1,0.3938145924590515,3,3,1.9190536417178854,4,28,0.26254306163936764,1,1
GAACAACTGGGATGAA-1,0.0,0,0,1.0105738334018022,2,17,0.0,0,0
TCGCCGACATATTCGC-1,0.0,0,0,1.6904031321405362,3,18,0.3584336354009892,1,1
CGTAGAGAGTAATTAT-1,0.15838723823775738,1,1,1.850352566204196,3,23,0.0,0,0
CGATAGTCGTACTGCA-1,0.0,0,0,2.2243353123871983,4,31,0.0,0,0
CGCATGCCGAATGCGT-1,0.0,0,0,2.603848845564248,4,53,0.0,0,0
CTCTAGCCCTCGGAAA-1,0.2985402444821596,2,2,2.4693771872266805,4,64,0.0,0,0
TCCAACTCAGCTATCT-1,0.19028906795459966,1,1,2.1143579596202056,4,22,0.3805781359091993,1,1
GTCTAGTGAGCCGCTT-1,0.0,0,0,2.73268163035715,4,39,0.0,0,0
TACCGAATAATTGTAA-1,0.0,0,0,1.7452411887936388,3,17,0.0,0,0
ATATAACACGGGCGCA-1,0.5326904139160652,3,4,2.9427974274928785,4,63,0.0,0,0
GCATGCTAATAACGAT-1,0.14511114848376738,1,1,1.116672121882153,2,12,0.0,0,0
TCCGGGCTTGACGGGA-1,0.0,0,0,2.4704852566826387,4,33,0.0,0,0
ATTATTCAGAGTCACT-1,0.0,0,0,1.1719023030117102,2,10,0.0,0,0
TAGCAGTATGACTAAA-1,0.0,0,0,2.0509633587715523,4,20,0.0,0,0
TATGAAGAATTAAGGT-1,0.0,0,0,1.616524821762181,2,23,0.0,0,0
CAAGGCCAGTGGTGCA-1,0.0,0,0,1.8524583255996363,3,18,0.0,0,0
TGCGTACGGCTAATTG-1,0.22741612302492065,1,1,1.7137575024361904,3,11,0.0,0,0
CAGATAATGGGCGGGT-1,0.0,0,0,1.6932856359148112,4,9,0.0,0,0
GAGAACGGTTCTGACT-1,0.15106440520654055,1,1,1.6683148121025417,4,18,0.0,0,0
CGCTTCGGTCTAAGAC-1,0.0,0,0,1.4192292978783636,3,10,0.0,0,0
AGCATTACGAGGCAAG-1,0.15775738414106003,1,1,2.003759009743752,4,20,0.0,0,0
AAGTTGTGATGTTATA-1,0.0,0,0,2.307618020802836,4,27,0.0,0,0
TTGCTCATAGTACGTG-1,0.18995105916950092,1,1,1.728136190769077,3,15,0.37990211833900184,1,1
TACTTAAACATGTACA-1,0.3047618112083316,2,2,2.123147451552335,4,28,0.0,0,0
AGTGAGTCGAATTAAC-1,0.15499600103145167,1,1,1.4934315936116045,3,17,0.30999200206290334,1,1
TAGGCCTATATAGTCT-1,0.5295186985742049,3,3,2.3777960359843706,4,29,0.7060249314322732,2,2
ACTCGCCGTTCGATAA-1,0.0,0,0,2.4669245581643446,4,35,0.48263158381045845,1,2
GGTACGTTGCGGCCGG-1,0.5285151017251936,3,5,2.8609686669708645,4,75,0.2568001620486344,1,1
TATTGCCGGGCTTGTA-1,0.48389482612743057,3,3,2.2024240516394067,4,24,0.3225965507516204,1,1
GGTAAACTCTGCGCTG-1,0.24345645793872495,2,2,2.344349235977284,4,60,0.0,0,0
TCCCTTGTCTGAAACT-1,0.1236841672294608,1,1,1.3196988367312572,4,11,0.0,0,0
CATGATCGCTTTGAGA-1,0.29247389722363504,2,2,2.430878035612479,4,41,0.0,0,0
GGACGGGCGACCAACC-1,0.2890316772324702,2,4,3.2495253316238717,4,168,0.30470210406520015,1,2
GAGAGGCCTATGTGTA-1,0.6938802272331518,5,6,2.761658080342681,4,70,0.39038171471745214,1,2
TCGTAACTCCCAAGAC-1,0.2148492884825531,1,2,3.435724861712808,4,135,0.2797674478442155,1,1
CGTATCTAGAACTAAG-1,0.2993713396922441,2,2,2.8375001191506413,4,61,0.0,0,0
GCACCTTCCCGAAGGT-1,0.3780805250412944,2,2,2.5701262890091185,4,37,0.3780805250412944,1,1
TACCTCTTTACCATCC-1,0.0,0,0,1.7092851936157392,3,13,0.38880196509940507,1,1
TGACTCTAACTGGTAA-1,0.47274211223292867,3,3,2.496501516226145,4,38,0.0,0,0
GAGAAACTGGATCCCA-1,0.0,0,0,2.0810393541417422,4,30,0.26634453871035657,1,1
ATCCGGACCAGCCTGA-1,0.19524206215969767,1,1,1.7473926398249837,3,18,0.0,0,0
TTATTTAGGTTCCTTA-1,0.7367765397621578,3,4,2.406833380961073,4,22,0.0,0,0
CGAATTCCCGGTTCAA-1,0.39584414580742894,2,3,2.187873865929676,4,29,0.0,0,0
TAGTTTGATCGGTCGC-1,0.0,0,0,1.7186421790368356,3,15,0.0,0,0
AGTCGAAACGATTCAG-1,0.0,0,0,1.5154318320381481,2,19,0.0,0,0
ACGTCGGGCAACTCGG-1,0.0,0,0,2.166051458837648,3,27,0.0,0,0
ACTTGCTCTATCTACC-1,0.0,0,0,1.9178238480559364,3,13,0.0,0,0
ATTACGGGCTACGGTT-1,0.0,0,0,2.1062741560431877,3,18,0.4898931059646601,1,1
GCAAACGTAAGCGACC-1,0.0,0,0,2.194442462047264,3,40,0.0,0,0
TTCGGACTGGGCATGG-1,0.0,0,0,2.344909850180502,4,16,0.0,0,0
GGGCCATTCGTGCTGG-1,0.0,0,0,1.5529557249334034,2,18,0.0,0,0
GAGTTGTCACCAGTCT-1,0.2344174620946633,1,1,1.5106153175380141,2,13,0.0,0,0
AGTAATTTGCAAGCGT-1,0.27121230214878667,1,2,2.388610746614031,4,40,0.0,0,0
GTGGCCGGTTTCTCGG-1,0.0,0,0,2.1195510097217864,3,28,0.0,0,0
ATCTTAGGGCATTAAT-1,0.0,0,0,1.9559039467112451,2,62,0.0,0,0
CTACATATCGCGGGAC-1,0.0,0,0,2.1976298897630833,4,17,0.0,0,0
ATGGTATTTACTGATT-1,0.0,0,0,1.5573107308848977,4,14,0.0,0,0
CCGTCAACCTCTGGCG-1,0.0,0,0,1.171566014457656,3,8,0.0,0,0
GCTTCGACGTTCAATC-1,0.0,0,0,0.8116163605615662,2,6,0.28572355828833285,1,1
GACCGATTAAATATGT-1,0.0,0,0,2.234184498232468,3,52,0.0,0,0
GTCGAATTTGGGCGCT-1,0.0,0,0,0.6637542485830862,2,3,0.0,0,0
TCACGGCCCAAGAGAG-1,0.1675545724627652,1,1,1.8494827794425346,3,21,0.0,0,0
CTACGATCCTATCCTA-1,0.0,0,0,1.865140028071097,3,17,0.0,0,0
TGCAGTGGTAGGGAAC-1,0.0,0,0,1.4218328868953702,2,16,0.0,0,0
TTGCCTAATCCAAAGT-1,0.0,0,0,1.0915549146090844,2,10,0.0,0,0
AGCGAGACGTGAAGGC-1,0.0,0,0,2.2742490472416157,4,25,0.31161130120150227,1,1
TTCTACCTCAATCGGT-1,0.0,0,0,1.3127915589976138,3,13,0.0,0,0
TACGCTGCTGTGTTAA-1,0.18925510413351773,1,1,1.9180787137614899,3,25,0.0,0,0
TAGTCCTGCACTAAGC-1,0.16604944102421168,1,1,2.5088665451739205,4,38,0.0,0,0
AGCACACGTTTAGACT-1,0.0,0,0,1.9139758919859964,4,21,0.0,0,0
GTTCGACAATTGTATA-1,0.0,0,0,1.918976501432118,4,18,0.0,0,0
CCATGTTCATCTATAT-1,0.0,0,0,1.2499802777517337,3,9,0.0,0,0
CCCTCGATAATACACA-1,0.2824834234567842,2,2,2.1463016159707884,4,35,0.0,0,0
ACTGCCCGCCATTCTC-1,0.0,0,0,1.3488791209566817,2,16,0.0,0,0
CTATATCCAGCCTGGC-1,0.3094665178838685,2,2,2.359575358795885,4,32,0.3094665178838685,1,1
CGCACGTCTGTTTATG-1,0.1661572644914621,1,1,1.2666664085514399,3,9,0.3323145289829242,1,1
AATCAGGTTTCATTTA-1,0.34265031063557144,2,2,1.8954603425145677,4,13,0.0,0,0
AGAGAAACACCAGAAA-1,0.0,0,0,1.8060861198572256,4,36,0.0,0,0
ACCCGATTGGTTCCGA-1,0.0,0,0,2.2402810662976895,3,18,0.0,0,0
TACCAGGAATCCCGTC-1,0.0,0,0,1.0693835904829294,2,7,0.0,0,0
AAGTGCTTCTCTATTG-1,0.0,0,0,2.062790220708023,3,17,0.0,0,0
TGCATGTGACCCATAG-1,0.3193266067464608,2,2,0.8607717617135018,2,6,0.3193266067464608,1,1
TAGATTCAAAGTGCGG-1,0.0,0,0,2.158684249804816,4,22,0.0,0,0
AGGGTCAGAGCACTCG-1,0.1438713767357305,1,1,1.3904774162566063,3,12,0.0,0,0
GTGAGATAACCTTATA-1,0.28152145783051435,2,2,1.3700310045545714,3,12,0.0,0,0
GTGTCAGTGTACGTGG-1,0.0,0,0,1.5733419731389788,3,22,0.0,0,0
CTGTAGTGAGGATCGA-1,0.0,0,0,1.6260163069713358,3,17,0.0,0,0
GATAGTGCGAGTAAGT-1,0.0,0,0,1.5734816231267519,4,16,0.0,0,0
AGGGTTCAGACGGTCC-1,0.32635395398264805,2,2,1.248392508262625,2,15,0.0,0,0
GGACTCGACAGCGCAT-1,0.300961189231665,2,2,1.7671727359400424,4,20,0.0,0,0
CACTCTCAAGCATCGA-1,0.0,0,0,1.431893322770136,3,15,0.0,0,0
GAGCGGAATGCGGTGT-1,0.0,0,0,1.2273714148004957,3,11,0.3091275140039041,1,1
CAGTTCGAGGACCCGA-1,0.31089990985942667,1,1,2.2907918557363836,3,12,0.0,0,0
CGTAACTTCGACACTT-1,0.0,0,0,2.2652644306289917,3,12,0.0,0,0
TGATCACCACACTGAC-1,0.0,0,0,1.2576094803481088,2,3,0.0,0,0
CATACTTCTTTCTCCG-1,0.0,0,0,1.88787346001731,3,6,0.0,0,0
CAAGTAAGTGATAGAC-1,0.0,0,0,1.6601141595642441,2,6,0.0,0,0
AGCCCGCAACAAGCAG-1,0.5902733883183371,2,2,2.697344078687804,4,14,0.0,0,0
GCTCCATGCAAAGCAA-1,0.0,0,0,0.0,0,0,0.0,0,0
TCGTACCGACGTCAAG-1,0.0,0,0,0.9123603722246788,1,1,0.0,0,0
ATTATCGGAATGTACG-1,0.0,0,0,1.8135284097413469,2,3,0.0,0,0
ACCTACTATAAATCTA-1,0.316082819043416,1,1,1.6706683154380466,3,5,0.0,0,0
TATCCTATCAACTGGT-1,0.0,0,0,0.0,0,0,0.0,0,0
GCGCGGTCTAGTAACT-1,0.0,0,0,1.586012732447291,2,11,0.0,0,0
CCTTCGTATAGAATCC-1,0.0,0,0,1.737553421262262,3,6,0.0,0,0
TGGGCGATACAATAAG-1,0.0,0,0,2.080677579790322,4,41,0.0,0,0
TGACATGTAACGTGAC-1,0.0,0,0,1.5069065592000725,4,9,0.0,0,0
TTGGGAAGACGAGCCG-1,0.32858386838253584,2,2,1.9365836625396378,3,30,0.0,0,0
GGTGTAAATCGATTGT-1,0.0,0,0,2.2188778604846355,4,31,0.0,0,0
GAACTGTGGAGAGACA-1,0.15585263785802428,1,1,1.9293680793884342,3,31,0.0,0,0
TCCACATCGTATATTG-1,0.0,0,0,2.334024674520443,4,21,0.0,0,0
CCTATGGTCAAAGCTG-1,0.0,0,0,1.6284467534812226,3,15,0.0,0,0
TCCTTGTCCTTTAATT-1,0.0,0,0,2.2548577531520766,3,32,0.0,0,0
AAGTTTATGGGCCCAA-1,0.0,0,0,2.167938488371989,3,26,0.0,0,0
GTCCGGGTTCACATTA-1,0.0,0,0,1.8664196232420442,3,12,0.0,0,0
ATGTAGCGCGCGTAGG-1,0.2631836262815924,1,1,1.889722268555918,3,11,0.0,0,0
TACGGAAGCCAAACCA-1,0.0,0,0,1.6116104853870015,3,11,0.0,0,0
GCCCTGAGGATGGGCT-1,0.2035025619754015,1,1,1.7077393882183243,4,8,0.0,0,0
CGGGCGATGGATCACG-1,0.0,0,0,1.2473941013773755,3,11,0.0,0,0
TGCGGACTTGACTCCG-1,0.0,0,0,1.7737573336752335,4,13,0.0,0,0
TAATACTAGAACAGAC-1,0.11808212503910097,1,1,1.1270202732564174,4,10,0.23616425007820194,1,1
TCAAATTGTTGTGCCG-1,0.0,0,0,1.4353016619362986,3,11,0.0,0,0
GGGCAGTCAACGCCAA-1,0.0,0,0,0.5918606448566639,2,5,0.0,0,0
TCGCTGCCAATGCTGT-1,0.0,0,0,2.286630481501813,4,21,0.0,0,0
TACGTGGGCCCAGGGC-1,0.0,0,0,0.9235492744202273,3,9,0.0,0,0
GCCTACGTTCTGTGCA-1,0.0,0,0,1.757872288994717,3,29,0.0,0,0
TTGCGTGTGTAGGCAT-1,0.0,0,0,1.1648771680728747,3,5,0.0,0,0
TCCTAAAGATTCAGAC-1,0.34299937754859,2,3,1.6341329092983956,4,17,0.0,0,0
TGGGTGCACAAGCCAT-1,0.0,0,0,2.52560005409103,4,58,0.0,0,0
GGGAGCGACCGTAGTG-1,0.14114016309956953,1,1,2.0831492663999707,4,42,0.0,0,0
CATAGAGGAGATACTA-1,0.284660612674221,2,2,2.1380766959955446,3,45,0.284660612674221,1,1
CTTCGATTGCGCAAGC-1,0.1718070704513978,1,1,2.4810708907772794,4,46,0.0,0,0
GTGCCTGAGACCAAAC-1,0.1960912766024047,1,1,1.7536266577869641,2,29,0.0,0,0
TCATCCTCAGCTGCTT-1,0.0,0,0,2.404251074026754,4,31,0.0,0,0
TGCAACTACTGGTTGA-1,0.14833349628536327,1,1,1.801096017072707,3,24,0.0,0,0
ATGTTGATTAGAGACT-1,0.0,0,0,2.3907687651478837,4,30,0.0,0,0
GTTTCTAGAGGCGCGG-1,0.0,0,0,1.0356679608816304,2,8,0.0,0,0
TACAAGGGCTTCTTTA-1,0.0,0,0,1.108968634914373,2,6,0.0,0,0
ACAGGCACGGATCCTT-1,0.0,0,0,1.2643523052501493,2,11,0.0,0,0
CCCAAGTCATTACACT-1,0.0,0,0,1.5786880305113193,4,11,0.0,0,0
ACTCTGACCTAATAGA-1,0.1753861908440377,1,1,0.8599013171356198,2,5,0.0,0,0
GGATGGCTTGAAGTAT-1,0.17964194211922804,1,1,2.111266741645242,3,29,0.0,0,0
ACCCTCCCGTCAGGGC-1,0.0,0,0,1.0869567931762318,2,9,0.0,0,0
AGCTTCTTCTCGAGCA-1,0.0,0,0,2.3314424828120073,4,23,0.3452467185022012,1,1
TTGCGCTTGATCAATA-1,0.0,0,0,1.3199341084298173,3,8,0.36970722736015277,1,1
TGGGTGTAATAGATTT-1,0.0,0,0,2.0841281171503736,4,17,0.0,0,0
CATGGTTTATTAATCA-1,0.39161458660120996,2,2,2.0917830365028673,4,14,0.39161458660120996,1,1
TTGCCTTCTCGCCGGG-1,0.165619655884366,1,1,0.9335326984169714,2,7,0.0,0,0
TTAAAGTAAGTCGCCA-1,0.0,0,0,2.420127697751652,4,21,0.0,0,0
AGTTGGCAAGGCTAGA-1,0.3055230296133353,1,2,2.2199312204980832,4,15,0.0,0,0
CCGCACTTGCAATGAC-1,0.0,0,0,2.145742874549856,4,27,0.0,0,0
AATGTTGTCGTGAGAC-1,0.31123600962483816,2,2,2.1708202330218307,4,27,0.0,0,0
CCAAGGTTGCCCTTTC-1,0.42402327532944223,3,5,2.756734012040406,4,112,0.0,0,0
TGTGACTAGAGTTTGC-1,0.5605705926719616,3,4,2.742406638152562,4,54,0.48056760160039497,1,2
TTGTGATCTGTTCAGT-1,0.26876846794565096,2,2,3.4257240859872153,4,119,0.0,0,0
GGAGTTGATTCTGTGT-1,0.6004620525255304,3,5,2.73933545917507,4,46,0.31192478603223245,1,1
GTAGTGAGCAACCTCA-1,0.7390479972824856,5,6,3.0753466791575206,4,88,0.2663894236472604,1,1
AAGACATACGTGGTTT-1,0.1372847724338168,1,1,1.3868517640380054,3,13,0.2745695448676336,1,1
CATCCCGAGATTCATA-1,0.4486262975394147,3,3,1.922373923914368,3,28,0.0,0,0
GGCCGCAGGAACCGCA-1,0.23298240734569123,2,2,2.1824848092174753,4,50,0.23298240734569123,1,1
CCAGAAACTGATGCGA-1,0.0,0,0,1.1207084614292024,2,12,0.0,0,0
ACCCGTAGTCTAGTTG-1,0.0,0,0,2.2450455255416792,3,44,0.0,0,0
AGGGTCTGGACGCAGT-1,0.0,0,0,1.5651824533354692,3,23,0.0,0,0
TTGAAACCCTCATTCC-1,0.325354233658066,2,2,2.1439111305625973,4,28,0.0,0,0
TCAATCCCGCGCCAAA-1,0.15295050923011594,1,1,2.8100133211669682,4,53,0.7685875031461452,2,3
AGGACATCGGCACACT-1,0.20316607500096084,1,1,2.24883626244515,4,21,0.0,0,0
GACAAGACGCCCGTGC-1,0.4371363688762088,3,4,2.251623556695619,4,41,0.38451753692854407,1,2
GAGTAAATTAAGAACC-1,0.2275427443848876,1,2,1.447266132000666,2,25,0.29983199083198114,1,1
TAAGTCGGTGAGCTAG-1,0.384564803697143,2,3,2.465129343261945,4,35,0.3061420129738284,1,1
CTTACTGACTCCTCTG-1,0.46266394927380444,2,3,1.9358044113283563,4,16,0.37651419645315615,1,1
TTAACTGATCGTTTGG-1,0.4736984935996699,2,4,2.687746394774586,4,42,0.3369142035812154,1,1
GGGCGATCCATAGGCC-1,0.0,0,0,2.0185611176043117,3,18,0.0,0,0
CGTATTGTTTGGCGCC-1,0.0,0,0,2.09718616265209,3,23,0.41663771726820253,1,1
CGCGTGGGCCTGTGTT-1,0.0,0,0,2.2034664083476643,3,27,0.0,0,0
AAATCTGCCCGCGTCC-1,0.0,0,0,1.8759623358263673,3,19,0.0,0,0
GCTGAAGGGTTCTTGG-1,0.27562500093003034,1,1,1.0674144322796701,2,4,0.0,0,0
TAATTGCGCTGATTAC-1,0.0,0,0,2.8742297846874583,4,46,0.0,0,0
TCGCGCGTTTACATGA-1,0.0,0,0,1.898475582456994,2,35,0.0,0,0
TAACTGAAATACGCCT-1,0.2069667767697961,1,1,2.206803316064787,4,17,0.0,0,0
CCTGTCGTGTATGAAG-1,0.0,0,0,1.9835138237975776,2,14,0.0,0,0
CGGGAACGCCCTGCAT-1,0.0,0,0,2.741997279890122,3,100,0.0,0,0
AGTTGCGGTCCTCAAC-1,0.0,0,0,1.7942040755396569,3,24,0.34272720080384356,1,1
GGGTCCTTGGAAGAAG-1,0.0,0,0,1.9665903867260903,3,50,0.5205558613316,2,2
CGGGAAGTACCGTGGC-1,0.0,0,0,1.1430260985848881,3,16,0.0,0,0
ACGGTCACCGAGAACA-1,0.0,0,0,1.1978982787042756,2,17,0.0,0,0
TAGACTCAGTTGGCCT-1,0.0,0,0,1.4326625488395255,2,25,0.0,0,0
CCTTCCGCAACGCTGC-1,0.10926416089428519,1,1,0.9733446427420338,2,13,0.0,0,0
CAGTGTTAATCTCTCA-1,0.0,0,0,2.061551962199844,3,37,0.0,0,0
CAGGCCAGTACCACCT-1,0.0,0,0,2.3362729564288767,4,32,0.0,0,0
GATCGCTGTGGTGCGT-1,0.17605634741461554,1,1,2.1553385683298076,4,29,0.0,0,0
GTATCTCGGGCGCTTT-1,0.0,0,0,1.1360043587022124,2,12,0.0,0,0
CCGGGCTAAGAATTTC-1,0.0,0,0,2.249302326166906,4,22,0.3591986606442848,1,1
CTTCACGCCCTGGTAC-1,0.16432704175459936,1,1,2.863296600315225,4,63,0.0,0,0
CGGATGAATGCTGTGA-1,0.0,0,0,1.7838774480807724,3,30,0.0,0,0
CTCTGCAGGCATTCTT-1,0.0,0,0,2.016829577398429,3,36,0.0,0,0
TCAAAGTCACGGCGTC-1,0.0,0,0,1.918314997529027,3,76,0.0,0,0
TGGGTTTCGGGCGTAC-1,0.2175544864001825,1,2,2.8043001261168334,4,62,0.28401657916758166,1,1
TGCTATGGCAAAGGGA-1,0.28567151200859203,2,2,2.6914133504327875,4,51,0.0,0,0
TTCACGGTCGTCACGT-1,0.27142601999533766,2,2,2.381537514673945,4,46,0.0,0,0
CGTAAAGCAAGAAATC-1,0.0,0,0,1.0493200020292468,3,15,0.0,0,0
CTGATCCCTTTATGCA-1,0.279568460807654,2,2,2.108936143068304,4,31,0.0,0,0
GAGTATACCCTAATCA-1,0.0,0,0,2.3949375179392725,4,40,0.40608042737871114,1,2
CCACGGCAGGTGTAGG-1,0.11934323472107822,1,1,1.974246013822268,4,44,0.23868646944215643,1,1
ACGTACTTTGGCACGG-1,0.19261837474973795,1,1,1.7012836129495899,4,10,0.0,0,0
CCTGAGAATAAATGCA-1,0.11057946677978776,1,1,2.1743504239145004,4,48,0.3529509582500228,1,2
TTGATGCCGCTCGTCG-1,0.9602468043898362,4,5,2.0270066772966002,3,23,0.43452188197408725,1,1
GCCAGGAAAGAACACT-1,0.221250290334548,2,2,2.124629202752363,4,54,0.221250290334548,1,1
TCCGACCGCTAATCAA-1,0.22571356791755634,1,2,2.384457506527661,4,30,0.5938419203323669,2,2
TATATCAAAGTGATCT-1,0.2306165701480998,2,2,2.0450348347537006,4,40,0.2306165701480998,1,1
CCTCGGTTTCCTTGCC-1,0.0,0,0,1.8371205210524075,3,21,0.0,0,0
TAAATTTAGTAACACC-1,0.11854627811926828,1,1,2.2820378198007516,4,44,0.0,0,0
CTCGTTACGGCTACCA-1,0.25932952870359566,1,1,1.5121291639567116,2,12,0.0,0,0
GCCGTCGGTTTCGGGC-1,0.21163442820372316,1,1,1.4229778121719543,2,13,0.0,0,0
GTTCCGTCCGCCTGCA-1,0.0,0,0,1.6437589411353923,3,9,0.0,0,0
CTAGGGATAGGGACAA-1,0.0,0,0,1.905971638885871,3,11,0.0,0,0
GTCCAGGCACGTGTGC-1,0.0,0,0,1.422039955717861,2,15,0.0,0,0
GAGGAATATCTCTTTG-1,0.0,0,0,2.2576444052759186,3,9,0.0,0,0
CGTTCAAGGAAACGGA-1,0.0,0,0,1.511522796270108,3,5,0.0,0,0
GTGGGAACAAACCGGG-1,0.0,0,0,1.5811407659463999,2,2,0.0,0,0
GGGCACGTAGTACTGT-1,0.0,0,0,1.8727213513064442,3,5,0.6926518208231092,1,1
ACTACAAAGAGAGGTG-1,0.0,0,0,1.5662073594528199,2,5,0.0,0,0
GGTGTAGGTAAGTAAA-1,0.3164845238924717,1,1,1.731845559488751,3,5,0.0,0,0
CCTGTTCAACCTCGGG-1,0.0,0,0,1.6614010787484068,2,2,0.0,0,0
TGAGGTGTGTGGCGGA-1,0.0,0,0,1.8224007395139332,2,3,0.0,0,0
ATTGTCTGTTTCATGT-1,0.0,0,0,0.9491045730414261,1,3,0.0,0,0
ATATGGGATAGCAACT-1,0.0,0,0,0.9618527717754136,1,3,0.0,0,0
GATAGAACCCGCTAGG-1,0.0,0,0,1.7088391621031214,2,2,0.0,0,0
ATCCCATTTCCGTGGG-1,0.0,0,0,1.6811442987849115,2,2,0.0,0,0
GATGCTACCTTCGATG-1,0.0,0,0,1.0759916123885687,1,3,0.0,0,0
TGCAAAGTTCGTCTGT-1,0.0,0,0,0.910543386899114,1,2,0.0,0,0
GTTCAGTCGCCAAATG-1,0.0,0,0,0.0,0,0,0.0,0,0
GTCTCCGCCTCAATAC-1,0.0,0,0,1.3645287360165972,2,10,0.0,0,0
AGTAGAAGGCGCCTCA-1,0.0,0,0,0.8458496596680348,2,2,0.0,0,0
GTTGTAGATTTATGAG-1,0.0,0,0,2.098438273871114,4,21,0.0,0,0
CTATTTGCTTGGAGGA-1,0.0,0,0,1.730074035722486,3,25,0.0,0,0
AGCCATATAGTATGTG-1,0.18134301683156992,1,1,1.614621685247381,3,14,0.0,0,0
TGTTCCGGCCTGAGCT-1,0.18544569588744772,1,1,1.4793898176641609,2,18,0.0,0,0
TGCCGTGGGACCCAAT-1,0.0,0,0,1.6700357162531836,3,22,0.0,0,0
TTGCAAGAAGACTCCT-1,0.0,0,0,2.3084386831431445,4,33,0.0,0,0
CCGCTCCAGGGCGATC-1,0.0,0,0,2.8258834210386996,4,41,0.0,0,0
CAAACCCTCCGGCGGG-1,0.15411878786413716,1,1,1.2390298732717488,3,10,0.3082375757282743,1,1
CGGACCTTTACGTCCC-1,0.0,0,0,0.8581015730454618,2,3,0.0,0,0
ACGTAGGAGAGTCGCT-1,0.0,0,0,1.802557985458579,4,10,0.0,0,0
CTGCGACCTCGCCGAA-1,0.0,0,0,1.006630895557832,2,5,0.0,0,0
GGCCCAGCTGGTTTGC-1,0.0,0,0,1.6923825551374545,3,15,0.0,0,0
GGATTAATCATGGACC-1,0.0,0,0,0.8325501924289167,2,5,0.0,0,0
GAGATGGCTTTAATCA-1,0.3273854532466916,2,3,2.090423023491201,4,34,0.0,0,0
AGTACAGAAGCTTATA-1,0.18377139305383328,1,1,2.0766323962257487,4,18,0.0,0,0
GCGGCTTTAGCAAGTT-1,0.0,0,0,0.62895862691755,2,5,0.0,0,0
ACCGAGTCTCCTTATT-1,0.0,0,0,2.084190779466241,3,24,0.0,0,0
GACCACACTTCCCTTT-1,0.0,0,0,1.5661988922475776,4,14,0.0,0,0
TGTAGCCAATTCCGTT-1,0.17101826798306405,1,1,2.443382352539117,4,38,0.0,0,0
CTCGTCTGTGCCTTCG-1,0.0,0,0,1.1474200048937129,2,11,0.0,0,0
GGACTCTTTGACTAAG-1,0.3730996424256105,2,2,1.3291102927289469,3,8,0.0,0,0
TCATCGACGACCGTCG-1,0.0,0,0,1.4292532568296739,2,9,0.0,0,0
TACTACGTGCAATGCG-1,0.0,0,0,1.4460824640009917,3,10,0.0,0,0
CCCTACTTGAACAATG-1,0.3676696039512184,2,3,2.0183147719514007,4,21,0.0,0,0
GCAGCTGTCAACGCAT-1,0.0,0,0,1.877133605154711,4,19,0.0,0,0
ATCTACCATCTGCTCC-1,0.0,0,0,2.3004535971921873,3,38,0.5217795717365817,1,2
TCTCAAATCAATCGGG-1,0.13571300999766883,1,1,2.9418961724834434,4,78,0.4190217613458093,1,2
ACTCCGGCCGACCACT-1,0.0,0,0,2.3135147059629633,4,15,0.0,0,0
TACACCTCTTCGAATC-1,0.0,0,0,1.9797949638022676,3,37,0.3329271769505405,1,1
GTGGCTGTTTCTGTTC-1,0.21265251742766222,1,1,1.7480810998203768,3,15,0.0,0,0
ACGACTCTAGGGCCGA-1,0.14129254410436126,1,1,1.452424529315981,3,16,0.0,0,0
TCGTTTACGCGACCCT-1,0.0,0,0,1.6570761559804956,3,12,0.0,0,0
AGGATATCCGACTGCA-1,0.0,0,0,1.7279157008452184,4,21,0.28299252355014354,1,1
GACACTTCCAATTACC-1,0.0,0,0,1.2446475453327246,2,8,0.0,0,0
ACGGTACAGTTCAATG-1,0.0,0,0,1.7184663609705133,4,14,0.0,0,0
CTTGATGACCATCCAG-1,0.0,0,0,0.7462157704212763,2,6,0.2958237653769794,1,1
CTGGTAAAGACTTACA-1,0.0,0,0,1.3017425098717108,3,18,0.0,0,0
CTTGCCCACCCACGCA-1,0.0,0,0,1.4485899299087828,4,10,0.3102399507184937,1,1
CATTACGCAGGAAGGG-1,0.2858016654290044,2,2,1.5295840600811976,4,14,0.0,0,0
GGACAACCATGAAGCC-1,0.18776243946748997,1,1,1.8745442801022043,4,13,0.0,0,0
GTTATCAAGCTATCGA-1,0.2048611104449832,1,1,1.7459012235247036,3,15,0.8194444417799328,2,2
AGGTGCACGTCCACAT-1,0.0,0,0,2.1811988644516456,3,26,0.0,0,0
AAAGAATGTGGACTAA-1,0.17107571835587568,1,1,2.1862803169359917,4,25,0.34215143671175136,1,1
ACCAAGTCATCGGCAG-1,0.0,0,0,2.1551594288664946,4,17,0.39973687133822905,1,1
AGTAACTATAGCAGCC-1,0.5196348286728772,3,3,2.3962045769937013,4,34,0.0,0,0
GGGAAAGAATGCCAAC-1,0.44726972637347995,3,4,1.987869901058764,3,47,0.0,0,0
AATCGGTATAGCCCTC-1,0.3112047790480869,2,2,2.3159691067436814,4,30,0.4693007929221092,1,2
GGCACTGCGGTGGTTT-1,0.3025909313280879,2,3,2.685718152423346,4,73,0.23445036390696006,1,1
CGTCCTCATCGCGTGC-1,0.13210431022571925,1,1,2.3737727335313745,4,47,0.0,0,0
CTTAACTTACAGTATA-1,0.4671457861091241,3,5,2.250297875463238,4,47,0.23393610434405868,1,1
GTGAGTCGACTAATAG-1,0.2924605526757554,3,3,2.4783587230843764,4,74,0.0,0,0
TGTACTTCCGGGCATG-1,0.15926831957894907,1,1,2.6014722932876473,4,37,0.0,0,0
CACAAACCGCAGAACT-1,0.29007107503681695,2,3,1.3553728148614215,3,19,0.0,0,0
GCTTTACACAACTGGG-1,0.0,0,0,2.198591360834145,4,29,0.2819256491821656,1,1
CACCGATGATGGGTAC-1,0.0,0,0,1.7208767882260863,3,5,0.0,0,0
TCAATATACAGGAGGC-1,0.1482489688823376,1,1,2.9254812045835177,4,80,0.2964979377646752,1,1
AACGACCTCCTAGCCG-1,0.16425684282049055,1,1,1.991057713792383,4,18,0.0,0,0
GTTACCAAGGCGTACG-1,0.42210647819299196,2,4,2.5024179449836303,4,53,0.273829992143777,1,1
TAGCTCACTGTGTTTG-1,0.0,0,0,1.8540875775745906,3,16,0.0,0,0
TCGGCAGGGTTAAGGG-1,0.33437838974695117,2,2,2.439937589885988,4,35,0.49790686853892135,1,2
TGTTAACAAAGTGACT-1,0.2761340011324634,2,2,2.570888691506494,4,52,0.2761340011324634,1,1
CAGAGCGATGGATGCT-1,0.17248672567060405,1,1,1.7978885585627395,3,18,0.0,0,0
CATAGTGGGCACGCCT-1,0.17217530191371064,1,1,2.81823455670529,4,47,0.3443506038274213,1,1
AAACGCTGGGCACGAC-1,0.5318281256866048,3,4,2.6353914180410998,4,46,0.3025691660187793,1,1
TGTTCTCATACTATAG-1,0.1879034775499808,1,1,2.1575278767148434,4,20,0.3758069550999616,1,1
TCCGCTGGGTCGATCG-1,0.0,0,0,1.855347505949184,4,18,0.0,0,0
TTAGCATCCCTCACGT-1,0.0,0,0,0.9973128230862757,3,12,0.0,0,0
AGCCTTGTCACTGATA-1,0.0,0,0,1.7566763656252666,3,23,0.0,0,0
GTTTCTTGTTAGAGCT-1,0.0,0,0,1.1533023152566528,2,17,0.0,0,0
TCGGAGTCCTGGTTGC-1,0.0,0,0,2.818492452936173,4,26,0.0,0,0
ACGGGTTGTGACCTGT-1,0.0,0,0,1.738742733726254,2,37,0.0,0,0
TGACAGAAATCTTGCT-1,0.0,0,0,2.3763201547236483,3,53,0.0,0,0
TAGCCATGATTGCCTA-1,0.1940971274447365,1,1,2.433983084609204,4,27,0.0,0,0
CGAAGCCACAGCATGG-1,0.0,0,0,3.1002598999547444,4,74,0.0,0,0
ACCCGTAGCAGAGAAT-1,0.18696761474755988,1,1,1.5294772825384102,2,20,0.0,0,0
AGCTTGATCAGGGTAG-1,0.0,0,0,2.1835747934645116,4,17,0.3967932303278116,1,1
CTATAAGTAGGGTTTG-1,0.0,0,0,1.9990853566085807,3,25,0.0,0,0
TATAGTTAGGTGTACT-1,0.0,0,0,1.928207541062525,3,23,0.0,0,0
TACGCTGATAGTTGTA-1,0.16199304616784965,1,1,1.4391629331158466,2,21,0.0,0,0
TTCTCAATTGCTACAA-1,0.0,0,0,1.0177371470744145,3,10,0.0,0,0
GTTGCCCTAACGGGTG-1,0.09919496040188068,1,1,2.2196659763188347,4,96,0.0,0,0
GACATTTCGCCCAGCC-1,0.0,0,0,0.9147961965449989,2,11,0.0,0,0
GTAACTACGTAGACCT-1,0.0,0,0,2.175565105825075,4,53,0.0,0,0
CCAGTGTACAGACCGA-1,0.0,0,0,1.4907543594947483,3,17,0.0,0,0
GCCCGATGCCCAGTTC-1,0.0,0,0,1.0661096423704446,2,16,0.0,0,0
CGAACCTCTTTCCTAG-1,0.14409631945778736,1,1,1.768825069077027,3,33,0.28819263891557473,1,1
CATGCACATGAGAGGC-1,0.3148729265881847,2,2,1.3539746353820292,3,12,0.0,0,0
CCAAATCAAAGGGCAA-1,0.0,0,0,1.959516735861722,4,21,0.0,0,0
GTAGTTTAAGCACACG-1,0.0,0,0,1.7131306164199174,3,15,0.0,0,0
TAAGTGAATAGTCTAC-1,0.0,0,0,2.3464922522868,4,54,0.2644736375596635,1,1
GGTCCACGTCTATTTG-1,0.18599595333525784,1,1,1.792288802201622,4,14,0.0,0,0
CCCTCAGATCGAGAAC-1,0.13579478743514853,1,1,1.9640734995560092,4,22,0.0,0,0
ACATTCGCGCGGAATA-1,0.2961885363012074,2,4,2.0365654910559323,4,49,0.0,0,0
CTATGAACACCTTGCC-1,0.0,0,0,2.403687579391763,4,61,0.0,0,0
CGAATGGTAGGTCGTC-1,0.21558568734890496,2,2,1.821413366319418,4,40,0.6467570620467149,3,3
TCGACATAGCGTAGCG-1,0.22106418595193855,1,2,2.253302319437017,4,41,0.0,0,0
GACGTTGCTCGGCGGC-1,0.10594934925305359,1,1,1.9831761649072501,4,53,0.0,0,0
CTCGAGGCAAGTTTCA-1,0.0,0,0,2.2500836455099975,4,41,0.2642086204514385,1,1
GCTGGGAGCGCGTCAA-1,0.20697695615720088,2,2,2.41027757532413,4,66,0.0,0,0
GACGATATCACTGGGT-1,0.16714364392130113,1,2,2.043612212142232,4,47,0.0,0,0
CAGCTCTGGGCTCACT-1,0.15885910541766318,1,1,2.0080764638804385,4,24,0.31771821083532636,1,1
TAGTCTGCGGCACATT-1,0.0,0,0,1.6302773699249493,3,18,0.0,0,0
TGGTCGATATACCTCT-1,0.16315968528227284,1,1,2.1351484519167547,3,34,0.0,0,0
TTCAGTTCAAGAGGAG-1,0.19279251227988492,1,1,2.0393000223875273,4,18,0.0,0,0
GTCTGTAGGTTGAACA-1,0.0,0,0,2.2551236039478955,4,19,0.0,0,0
GAGAGTCTCGGGAGAG-1,0.22605173274391746,1,2,1.8453212370009324,3,29,0.2974586382350651,1,1
TTGTTTGTATTACACG-1,0.0,0,0,1.648450323825391,3,17,0.0,0,0
GCACAGCACGGGCCGA-1,0.2769428235393555,1,1,1.9156034883408715,3,10,0.0,0,0
AAACAGTGTTCCTGGG-1,0.0,0,0,2.041709462690873,4,16,0.0,0,0
TGGAGAATAATCGTCC-1,0.0,0,0,2.4588337406295655,4,15,0.8292305944233287,1,3
CGCCGCGTTCTGAACG-1,0.32802994742141595,1,1,1.8931296330920424,3,8,0.0,0,0
CATGCGTTGAGAGGAG-1,0.0,0,0,2.2964617282613498,3,4,0.9469249389189308,1,1
TACGCTCCTAGAACTG-1,0.0,0,0,1.8473561762394646,2,3,0.0,0,0
CCTTGTGAACGTGGTT-1,0.6799832749547595,1,1,1.1911390765957908,1,2,0.0,0,0
TTAAAGGCGATGCTCG-1,0.0,0,0,0.9254840339856427,1,1,0.0,0,0
TAAAGTGCACGTCTCG-1,0.0,0,0,0.9948897495399196,1,2,0.0,0,0
TGTCCGCAAACAATTC-1,0.0,0,0,0.8332923238963257,1,1,0.0,0,0
AGGCCTATCATACCAA-1,0.0,0,0,1.9988795298677398,2,4,0.0,0,0
ACTGGGATGCCAGTGC-1,0.0,0,0,0.910543386899114,1,1,0.0,0,0
CGATCCACCATTGTTG-1,0.0,0,0,0.0,0,0,0.0,0,0
GGGCATGCATGTCGAG-1,0.0,0,0,0.6987248553086491,1,1,0.0,0,0
TCCAGGCAGGACGATC-1,0.0,0,0,0.9535799301320541,1,2,0.0,0,0
CAATGACCCTTAATTT-1,0.42096627451714935,1,2,2.6981373103226205,4,15,0.0,0,0
ATCAAGATCCCAGGAC-1,0.0,0,0,0.9492819880988204,1,2,0.0,0,0
CTCAGAGCTAATGTCG-1,0.26141487724837836,1,1,3.3452339346973803,4,44,0.0,0,0
CTGCGATTTCGAGATT-1,0.2610145785934144,1,1,2.218376641841885,3,17,0.0,0,0
ATGGTATTGGGAACCG-1,0.3820845494910781,2,2,1.9474319633393375,3,21,0.3820845494910781,1,1
TAGGTTCTGCTGAGAA-1,0.0,0,0,2.290770522172314,4,18,0.0,0,0
GCCTGTCCCGGTGCAT-1,0.19121326837669164,1,1,2.4139408268427127,4,23,0.3824265367533833,1,1
GGCCTGCTCTGATGTT-1,0.0,0,0,2.4373057492187953,4,20,0.4338067693156115,1,1
TAGAGGGAGTTTATCT-1,0.0,0,0,2.4489657960054925,4,35,0.0,0,0
CTCTACATCCTGCGTG-1,0.15641886410405564,1,1,1.7363492218515382,3,22,0.0,0,0
ACACATTTCCGTAGAC-1,0.20043686155686632,1,1,2.175437742974064,4,25,0.0,0,0
TGGGTGTTAAGTAGAA-1,0.0,0,0,2.2184438912111313,4,19,0.0,0,0
GAGCTCAACATGAGCG-1,0.42011833293383455,2,3,2.265607271083222,4,32,0.0,0,0
GCACACAGCTATTACC-1,0.0,0,0,1.4353511207806988,3,7,0.0,0,0
GCGACGGTAGTCTCCT-1,0.21748917609575877,1,1,2.734176981710526,4,28,0.0,0,0
GTATCAAGGTACTTCC-1,0.0,0,0,1.6730498726292384,3,10,0.0,0,0
GGAAAGGGAATTGAGC-1,0.0,0,0,1.5917738468565787,3,12,0.0,0,0
TACACAGCCGTGGTGC-1,0.0,0,0,1.859329658810699,4,10,0.0,0,0
CGGTTGGGCAGGGTCC-1,0.0,0,0,1.1686473310231265,2,7,0.0,0,0
GCACGCCGATTCCCGC-1,0.0,0,0,2.08877220465457,4,14,0.0,0,0
CGCTTTCCGCCAAGGT-1,0.23519600458277123,1,1,1.5849624545313605,2,15,0.0,0,0
TGCCCGATAGTTAGAA-1,0.32767401008616137,2,2,1.896194746914686,3,24,0.0,0,0
TCAGAACGGCGGTAAT-1,0.0,0,0,1.9807521358822187,4,15,0.3532176597514635,1,1
CCACTCAGATCCGCAA-1,0.18123430718508352,1,1,0.7547211255785575,2,4,0.0,0,0
GAAGGGTCATTAAGAC-1,0.0,0,0,1.8763528693527827,4,18,0.0,0,0
GCGGTCTTGCTTTCAC-1,0.0,0,0,1.4763462466481079,3,13,0.0,0,0
GGAAGGACACCGTATA-1,0.15889175937634956,1,1,1.7752758527025356,4,15,0.0,0,0
CGCGGGAATTCCTTTC-1,0.0,0,0,1.5440236056156602,4,12,0.0,0,0
TCTATCCGATTGCACA-1,0.0,0,0,1.2552092748452375,3,10,0.0,0,0
TACTCGTTTGAATCAA-1,0.0,0,0,2.1901136933113197,4,21,0.0,0,0
GTCTGCCGACTCGACG-1,0.0,0,0,1.8271683261851188,4,15,0.0,0,0
TACGGGTAATAACATA-1,0.0,0,0,2.2391479469344784,4,30,0.0,0,0
CCAGTTCGGTAACTCA-1,0.15026290493971722,1,1,2.7055495424648046,4,56,0.0,0,0
CGTGCACACCACTGTA-1,0.1525303612252562,1,1,2.3707109744085053,4,41,0.0,0,0
CTTCAGTTGGACAACG-1,0.1667167743421212,1,1,1.9838661444972787,4,18,0.0,0,0
TGATCTATCACACTCT-1,0.0,0,0,2.6912394255762857,4,57,0.0,0,0
TAGCAGATACTTAGGG-1,0.13866293613196465,1,1,2.286044370758818,4,39,0.0,0,0
CACCGGGCATCACAAG-1,0.12205439295198191,1,1,2.1996191420570166,4,44,0.24410878590396382,1,1
AGTGGCCCGCAAATGG-1,0.11854627811926828,1,1,2.1230044492855,4,39,0.0,0,0
CTCGCTAGGTAAGCGA-1,0.0,0,0,1.9509691544178966,3,26,0.0,0,0
GATAGATAGTACAGTC-1,0.10976388839379418,1,1,1.7706933789631518,3,34,0.35075215948929933,1,2
CGAGACTACTGCTGCT-1,0.0,0,0,1.0090809326257264,3,7,0.0,0,0
ACATTTGAAACCTAAC-1,0.0,0,0,1.4808434075037729,4,20,0.2208094557236793,1,1
GACACAGCCGGGACTG-1,0.10828599171888405,1,1,1.2392759438387995,4,14,0.0,0,0
ACGGAACACGAGTGCC-1,0.11222537327155102,1,1,1.320855373029202,3,20,0.0,0,0
ACGCCAGTGCGTTTGC-1,0.0,0,0,1.158697646171849,2,9,0.0,0,0
GCACCTAGGCGAGTCC-1,0.1561666643034891,1,1,1.603871957612379,4,12,0.0,0,0
TCACTATCCCTTCGGT-1,0.25551255198071543,1,1,1.12150118212519,2,6,0.0,0,0
TGAGTGTAACAACGGG-1,0.0,0,0,1.5670938521380893,3,20,0.0,0,0
ATTGGTTGTGCATTAC-1,0.0,0,0,1.3442382132840545,3,8,0.0,0,0
CTGGCGATTTACATGT-1,0.0,0,0,1.6198545307778296,3,9,0.4312287565481381,1,1
TCCACCAAGACATAGG-1,0.3826222626075331,2,2,2.557189290368911,4,35,0.0,0,0
AACGTCGCTGCACTTC-1,0.23312669752333104,1,2,1.8487821830057016,3,27,0.0,0,0
GTCTCCCGAGTCCCGT-1,0.17558868021792431,1,1,1.9826182697242047,3,34,0.35117736043584863,1,1
AGCCCGCACTACAATG-1,0.0,0,0,1.9752737017351407,3,42,0.0,0,0
GGCACGCTGCTACAGT-1,0.20010753229445535,2,2,2.432088839383971,4,73,0.3242757839395799,1,2
GCTTGAGTGACCTCTG-1,0.31161596964323174,2,3,2.0239130454573364,4,34,0.0,0,0
ATAGCCATAACAGTCA-1,0.26190473363217653,1,4,1.5025149506002236,3,30,0.0,0,0
TAGGAGGCTCGAGAAC-1,0.5244585600619689,4,5,1.6233317428610712,3,36,0.36299090174794646,1,2
GTCGGGTGAAGTACCG-1,0.2749289094642477,2,2,1.4031124591662851,3,17,0.6984434002900394,2,3
CACCCGCGTTTGACAC-1,0.3976079639154105,3,3,1.506589133621222,4,16,0.265071975943607,1,1
TCTCAGGCTACTCGCT-1,0.4441985330334302,3,3,1.0415667448197714,2,10,0.0,0,0
TAGATTCTCTAGCAAA-1,0.14630536141159994,1,1,1.8357913337989353,4,21,0.2926107228231999,1,1
CCCATTATTGTATCCT-1,0.0,0,0,1.6258521027343644,3,13,0.39296001472175274,1,1
GTTAATAGCGTCATTA-1,0.5936065661614471,3,5,2.3319049170213066,4,36,0.0,0,0
TACTCATTGACGCATC-1,0.18501261072793032,1,1,2.123298631572058,4,24,0.0,0,0
TAGTGACAAGCTCTAC-1,0.0,0,0,1.823599720295368,4,21,0.0,0,0
ATCGCCGTGGTTCATG-1,0.17957803272294834,1,1,1.689048062854844,3,15,0.7183121308917934,2,2
CTGCTCTCAACACACC-1,0.2945962215576345,2,2,2.206287736519004,4,31,0.2945962215576345,1,1
GCATGACACAAAGGAA-1,0.4816706965125839,3,5,1.7614454382904132,4,24,0.3810868986818794,1,2
CAACGATCGATCCAAT-1,0.0,0,0,1.9719565006951174,4,26,0.0,0,0
ATACAGCGTCCACTGA-1,0.0,0,0,1.5278788936569643,4,31,0.15053022298064775,1,1
TCACGATTAATACGTT-1,0.0,0,0,2.0364410782354385,4,36,0.0,0,0
CGTGAACTGACCCGAT-1,0.0,0,0,0.7930004329052841,3,8,0.0,0,0
TCGATGTTACGGCCGT-1,0.24508472916645685,2,2,1.3963954553903388,3,20,0.0,0,0
GACCGGTGATACTCTC-1,0.12176541270776281,1,1,1.7000887568911542,4,23,0.0,0,0
TCTGTTTAGATTGTTC-1,0.0,0,0,1.3713624265656303,3,18,0.0,0,0
GCTACTCGGACGCAGA-1,0.0,0,0,1.8623768623706052,3,28,0.33983147430090005,1,1
AAGAAAGTTTGATGGG-1,0.19163100460532714,2,2,1.6153478674012782,4,30,0.3832620092106543,2,2
CGCCAGTAGTACCTTG-1,0.0,0,0,0.39234805272907225,1,2,0.0,0,0
CTCCCTTGTATCAAGG-1,0.1690335533259907,1,1,1.8778590516061175,3,30,0.0,0,0
ACTTTATACACCACTT-1,0.0,0,0,1.733820813024084,3,26,0.0,0,0
AGATCTGGAGAGGATA-1,0.1250545545141277,1,1,1.7573884548949135,3,28,0.0,0,0
TCATCCATCTGATCAC-1,0.0,0,0,1.5906352785459215,3,15,0.0,0,0
AGAACACGGCGATGGT-1,0.2914113082689798,2,2,1.4449833661159572,4,11,0.0,0,0
CCGCTCCGGATAAGCT-1,0.24187738905929002,1,2,2.3360140165400054,4,41,0.0,0,0
TGGTCGGGTACAGGGC-1,0.0,0,0,2.2510222184450113,4,56,0.22946049482897693,1,1
ACGGACGCAGCGACAA-1,0.3180571412558085,3,3,1.6920531135961467,3,40,0.0,0,0
ACATGCTTACGGCAGC-1,0.12667892647975185,1,1,0.9153579641995595,3,7,0.0,0,0
CAGGGAGATAGGCCAG-1,0.110283507492299,1,1,1.7194639809860277,4,29,0.0,0,0
TCGCCACCCGGATTAC-1,0.0,0,0,1.507530092622975,3,22,0.0,0,0
TCTTGGTCAATGATAC-1,0.0,0,0,1.4429368541052732,3,18,0.0,0,0
CATAGGGACACTTGTG-1,0.0,0,0,1.7693720790079195,3,31,0.0,0,0
CACGAGCAAACCAGAC-1,0.0,0,0,1.5167206503587254,3,21,0.0,0,0
GGGATATTGATCGCCA-1,0.0,0,0,2.8319305106786,4,97,0.0,0,0
TAATGTCGGTTCATGG-1,0.21286990328902658,1,2,1.5686130840646877,3,24,0.0,0,0
CGATTTGTCATTAATG-1,0.0,0,0,2.447099379700208,4,48,0.3294638929227031,1,1
TTAAGATACCCAGAGA-1,0.0,0,0,1.8445173117487346,3,63,0.21554238830835082,1,1
CGACCGTTGGTATTCG-1,0.12802714514254368,1,1,1.8641463752226288,3,50,0.0,0,0
ACTACCATCCGAGGGC-1,0.32054609522004746,3,3,2.177238204614529,4,55,0.0,0,0
TCTACGCACGATCTCC-1,0.14442847750307525,1,1,1.3994780030516023,3,15,0.0,0,0
AAGCCACTTGCAGGTA-1,0.20897389358313678,2,2,2.295374228798182,4,65,0.0,0,0
ACGTTGTCGTTGAAAG-1,0.3294220729992732,3,4,2.143269407285757,4,75,0.0,0,0
ACCGCTAGTCATTGGT-1,0.0,0,0,2.0028572332115506,4,27,0.0,0,0
CATGAGTCCATCACGG-1,0.3585821108300833,2,4,2.103406767438999,4,53,0.0,0,0
ATGTCTTGTTTGACTC-1,0.0,0,0,1.591368945911546,4,14,0.0,0,0
TCCCAAACATCCTCTA-1,0.12169106893348546,1,1,2.1395697586275695,4,37,0.0,0,0
CAACGCGATGAGCCAA-1,0.33401009542122856,2,3,2.023932474253858,4,31,0.0,0,0
GACACCCAAAGACGCG-1,0.1166015397646727,1,1,1.9430769794133715,4,36,0.0,0,0
ACGTTCACTATGCCGC-1,0.0,0,0,1.4193186229898016,3,11,0.3594118026931378,1,1
ATGGACTGCTTAGTTG-1,0.212947663123941,1,2,1.881516038731974,4,25,0.0,0,0
CCATGGCAAACGCTCA-1,0.09984379415176335,1,1,1.5357679426762498,3,27,0.0,0,0
TTGTCTCGGCAAGATG-1,0.0,0,0,0.900901125784604,2,9,0.0,0,0
TTCGAACGAAACATGC-1,0.0,0,0,1.2288868620019868,2,8,0.0,0,0
GGAAAGTCTTGATTGT-1,0.17923802160872918,1,1,1.7175761960370202,3,20,0.0,0,0
ATCATAGATCGACGAG-1,0.0,0,0,1.6300509565484695,2,12,0.0,0,0
GATTAGAAACAAGCGT-1,0.20128260562636865,1,1,2.224386588131709,4,21,0.0,0,0
GCTGCGAAGAATTATT-1,0.0,0,0,1.902783927098492,3,5,0.0,0,0
TTCCAGTGGGTTTCGT-1,0.0,0,0,1.654046329345951,2,7,0.0,0,0
GCTCATTGATCATATC-1,0.0,0,0,1.570433223404136,2,2,0.0,0,0
ATACGAGGTTTGTAAG-1,0.0,0,0,2.023618312084011,3,7,0.0,0,0
GTCTATACACGCATGG-1,0.0,0,0,0.747725050499615,1,1,0.0,0,0
GATTTGCGCTAACACC-1,0.0,0,0,1.4355341915020468,2,9,0.0,0,0
TGGTGCCCTGCCTTAC-1,0.0,0,0,0.813923951761641,1,1,0.0,0,0
TCGAATCGCAGGGTAG-1,0.0,0,0,2.6767110351371732,4,24,0.0,0,0
GGTAGGCCAATATCAC-1,0.0,0,0,2.3920106080476233,3,9,0.7785787618039061,1,1
CGTAAATAACAAAGGG-1,0.0,0,0,1.826772494536972,3,14,0.4513205592932084,1,1
GACTCTAGAGTTCCAA-1,0.34241208839177234,1,1,2.2128829226911444,3,10,0.0,0,0
ACTTGTTACCGGATCA-1,0.0,0,0,2.5100318278309244,4,36,0.0,0,0
GGCATTGAACATCTCA-1,0.21246658631931212,1,1,2.460899701785881,4,25,0.0,0,0
AACCCGCTGTATTCCA-1,0.343459532177305,2,2,2.129004007138017,4,30,0.0,0,0
TAACAGGTTCCCTTAG-1,0.2793894581389032,1,2,2.478629129652267,4,34,0.0,0,0
GTTCTTGTAACTCAAT-1,0.40480651545989277,3,3,2.202276615118663,4,50,0.6868940521910586,2,3
GATTCTGTTAATGAGT-1,0.0,0,0,1.735683102265485,3,17,0.0,0,0
GGACACCTCGGTGTTG-1,0.17432144000040672,1,1,2.1947508078494735,4,26,0.0,0,0
CGATCGAGAAGCACCA-1,0.0,0,0,2.4945230341650286,4,64,0.44418277487256597,2,2
CTGCTCTGACGGCAAA-1,0.3198224799340658,2,2,2.495673100547855,4,33,0.0,0,0
CCCAGGAAGAATTCGA-1,0.0,0,0,1.6809327866690127,3,19,0.0,0,0
TGTCGTGGGTATAGGC-1,0.0,0,0,2.4733660607795223,4,27,0.4284958932837071,1,1
ATATGTCTAGAGCGTG-1,0.0,0,0,2.515518161458849,4,36,0.0,0,0
GCGGGCAGACGGGTGA-1,0.0,0,0,2.4015745553406536,4,33,0.0,0,0
CGAAGATCAGTTTCAT-1,0.0,0,0,2.7158010424177146,4,26,0.0,0,0
ACGCCACTCGAAACAG-1,0.0,0,0,1.8444900167915015,4,14,0.0,0,0
CTTAGATGTTTCATCC-1,0.0,0,0,1.5871849443433248,3,6,0.0,0,0
GCGAATGGACTAGCGA-1,0.18480824117278405,1,1,2.3977319317675803,3,54,0.0,0,0
TAAATTGTGGGTAAAG-1,0.0,0,0,1.6201565647574347,3,12,0.0,0,0
ATTTATACTGGTAAAG-1,0.0,0,0,1.0647316838578522,3,7,0.0,0,0
GCGTCGTAACATGGTC-1,0.0,0,0,0.4923099744899232,1,1,0.0,0,0
CGGTATGGGCACTCTG-1,0.0,0,0,0.8746660364685533,2,4,0.0,0,0
CTATCACAACGCTGGA-1,0.0,0,0,0.9018319705008826,2,5,0.3731922821003404,1,1
ACCACACGGTTGATGG-1,0.0,0,0,1.4133375608561303,3,9,0.0,0,0
TCAGCGCACGCCGTTT-1,0.0,0,0,1.6122505097590583,3,11,0.0,0,0
AATGTTAAGACCCTGA-1,0.0,0,0,1.807696427972838,4,15,0.0,0,0
CTTACATAGATTTCTT-1,0.0,0,0,1.1294737769692385,2,7,0.0,0,0
AACATAGCGTGTATCG-1,0.3545370964077468,2,2,1.4408311492989538,3,11,0.0,0,0
AGCAGTCGAAGCATGC-1,0.0,0,0,1.8666199881796457,4,23,0.0,0,0
GTACTACGGCCTCGTT-1,0.0,0,0,1.8970276501778875,4,8,0.0,0,0
TTGGCCAAATTGTATC-1,0.0,0,0,1.7139177137856447,4,17,0.0,0,0
TCAGAGGACGCGTTAG-1,0.42358997118885644,2,3,2.74703625575566,4,44,0.0,0,0
AGTAATCTAAGGGTGG-1,0.2562747855915134,1,3,2.3441674135919675,4,48,0.0,0,0
AATTATACCCAGCAAG-1,0.15881015151232775,1,1,2.5718828617817953,4,45,0.3176203030246555,1,1
CCCTACCCACACCCAG-1,0.0,0,0,1.3607035410809165,2,18,0.0,0,0
CTCTGTCCATGCACCA-1,0.0,0,0,1.8271186943877984,3,26,0.0,0,0
TCGCCTCCTTCGGCTC-1,0.0,0,0,2.6851360087624405,4,40,0.0,0,0
CCTGATTCGCGAAGAA-1,0.4866408469564269,3,5,2.1082094288797295,4,49,0.0,0,0
GACTTCAACGCATCAA-1,0.10210129546025555,1,1,1.7897274831139833,4,30,0.0,0,0
GCTTCCCGTAAGCTCC-1,0.3102089339038529,2,2,2.7620724839135464,4,72,0.0,0,0
AGAACTGTACTTTGTA-1,0.30497098329495176,2,2,2.021975274266936,4,23,0.0,0,0
CCTTAAGTACGCAATT-1,0.4206484796018619,2,2,1.8402871056136931,3,17,0.4206484796018619,1,1
GGCCAATTGTATAGAC-1,0.30377982947498405,2,2,1.671953602254097,3,21,0.0,0,0
AGAATACAGGCTATCC-1,0.24186894585826557,2,2,2.2396804538263417,4,43,0.24186894585826557,1,1
AATACCTGATGTGAAC-1,0.310022972428015,2,2,1.4598298559902925,3,15,0.0,0,0
TAGAGTGTTCCGGGTA-1,0.3934717421723993,2,3,1.9085499789669256,3,36,0.31407455432821163,1,1
GCTTCCATGTAACCGC-1,0.5619353877178132,4,4,2.3008418381172278,4,36,0.0,0,0
GGTTCGCATTTGCCGT-1,0.0,0,0,2.0672946086569315,4,22,0.0,0,0
TCAATCCGGGAAGTTT-1,0.17605634741461554,1,1,1.693302452179345,3,17,0.0,0,0
CCGGAAGTGCAATATG-1,0.24360190058598805,1,2,2.451674635804766,4,31,0.0,0,0
CTCATAAATGTGTATA-1,0.34888254049754747,2,2,2.551269544146627,4,37,0.0,0,0
GACGGGCATCGAATTT-1,0.16565537943486466,1,1,2.1914598745947584,4,22,0.0,0,0
GCTAAGCCCAGTATGC-1,0.2099016099586266,1,1,1.8656101346661211,3,15,0.4198032199172532,1,1
GCTATAAGGGCCAGGA-1,0.0,0,0,1.9048950842437258,4,33,0.389666515949418,1,2
TACAACAGCGCATACA-1,0.0,0,0,2.3907019162734313,4,62,0.0,0,0
TCTAACCTAGCCTGCG-1,0.0,0,0,2.0168320625971656,3,47,0.27536146059639477,1,1
TCTACCCGCATCATTT-1,0.22949866140959618,1,1,1.9757629759800823,3,15,0.0,0,0
GTCTTACCACGCCAAG-1,0.0,0,0,1.6752354311526356,4,15,0.3163533750206388,1,1
AATAACGTCGCGCCCA-1,0.13747645121468358,1,1,1.3107381097334838,2,20,0.0,0,0
CGTTTCGGTTATATGC-1,0.17964194211922804,1,1,2.0959741570158874,4,17,0.3592838842384561,1,1
TACGCTGCACGGTCGT-1,0.0,0,0,1.9985190680012068,3,25,0.0,0,0
CGTTAAATACGACCAG-1,0.0,0,0,1.6858300648621283,4,21,0.0,0,0
TCGACTGACGATGGCT-1,0.0,0,0,1.3351351150737052,2,12,0.0,0,0
ACGCTACTGAATGGGC-1,0.0,0,0,1.054328157932551,2,10,0.3378432969316038,1,1
AAGGGTTAGCCATGCG-1,0.0,0,0,2.3494918711011197,4,24,0.0,0,0
ACGTTTCGGTGCACTT-1,0.18474022834821277,1,1,1.201397916477383,2,11,0.7389609133928511,2,2
TTAACCCGAGGCGTGT-1,0.0,0,0,1.593934509364929,3,16,0.0,0,0
GCCCGTCAAGCCCAAT-1,0.1288171367711816,1,1,1.3632308498808827,3,14,0.2576342735423632,1,1
ATTCGTCCCGAGGTTA-1,0.17033211745062757,1,1,1.7020617981500197,4,11,0.0,0,0
TCAAATTATGTTCGAC-1,0.0,0,0,1.882862025242504,4,34,0.21596170103787612,1,1
AACGTTCTACCATTGT-1,0.1585821279160233,1,1,1.7490080460141646,4,15,0.0,0,0
CTGTCCTGCGCACTAC-1,0.0,0,0,2.328920079977348,4,48,0.0,0,0
GCCCAGCGACACAAAG-1,0.0,0,0,1.646904689472322,4,21,0.0,0,0
TATAGCTATTATCTCT-1,0.0,0,0,0.81465770817237,2,5,0.0,0,0
AAGCTATGGATTGACC-1,0.15586830702815327,1,1,1.4384023579854324,2,22,0.0,0,0
CCGAAACACGACCTCT-1,0.0,0,0,1.338723745803057,3,21,0.0,0,0
ATCAGAAGCTGGTTGC-1,0.0,0,0,2.168524317294844,4,32,0.0,0,0
TGAACCTGAATGTGAG-1,0.0,0,0,0.7042825562740201,3,8,0.0,0,0
TCAGAGCATGTCAACG-1,0.0,0,0,1.7470583423766615,4,24,0.0,0,0
ATACCCTCCCGGCCAA-1,0.0,0,0,0.97519736655368,3,8,0.0,0,0
GCCACCTTATTCGCGA-1,0.0,0,0,1.1467598432764239,3,11,0.0,0,0
CAACGAGCTTATTATG-1,0.11460716482386729,1,1,0.9630895364616026,2,12,0.22921432964773458,1,1
GATCCAACCTTTAAAC-1,0.0,0,0,1.6066095233563358,4,41,0.0,0,0
TTGTGGAGACAGCCGG-1,0.0,0,0,1.1589854300923736,2,20,0.0,0,0
AGATAATCACACCTAT-1,0.0,0,0,2.519890741108411,4,49,0.0,0,0
GGTTAGGGATGCTAAT-1,0.0,0,0,1.3110637594611316,2,19,0.0,0,0
TCATGAAGCGCTGCAT-1,0.13486633569248888,1,1,2.051663634837019,4,37,0.0,0,0
CCAGGCGAGATGGTCT-1,0.10869563429135949,1,1,1.7050213108838002,3,39,0.0,0,0
CGACTTGCCGGGAAAT-1,0.0,0,0,1.171883619800213,3,17,0.0,0,0
GTGCCAAACGTTTCGA-1,0.0,0,0,1.0747905370091149,4,12,0.0,0,0
TGCTCAAAGGATGCAC-1,0.27781893166659355,3,3,2.1841452972270994,4,73,0.0,0,0
GCCTCAGGTACCGGTC-1,0.11269822710612264,1,1,1.8328060312028094,3,42,0.0,0,0
ACAAGTAATTGTAAGG-1,0.0,0,0,1.7877190003710608,4,40,0.0,0,0
TTAGAGTATTGTCGAG-1,0.11921853091817709,1,1,2.1576644335219703,4,52,0.23843706183635419,1,1
GTCATCCCAAACTCAC-1,0.0,0,0,2.225933447515058,4,53,0.0,0,0
CTCCTAGTAATCGTGA-1,0.12483864676811997,1,1,1.8873231335725595,3,53,0.0,0,0
CCCTCATCACAGAGTA-1,0.0,0,0,2.290753946670173,4,40,0.2535600437235926,1,1
GGAAACAGAGCTTGGG-1,0.22343547602647765,2,2,2.2819212224072376,3,94,0.0,0,0
ACATCGCAATATTCGG-1,0.11801239280289362,1,1,1.7403218806960539,3,30,0.0,0,0
TTAGCCATAGGGCTCG-1,0.0,0,0,2.749047900276574,4,68,0.0,0,0
CGGATTCTGCCTTATG-1,0.11657605829220168,1,1,2.5249097002414476,4,83,0.0,0,0
TTGTTGGCAATGACTG-1,0.0,0,0,2.0774236867208384,4,32,0.0,0,0
GGATCTACCGTTCGTC-1,0.0,0,0,1.6598163088755196,3,30,0.0,0,0
GGTGGGATTAGGTCCC-1,0.25003048089862373,2,2,2.282709788762309,4,56,0.25003048089862373,1,1
AATAGGCACGACCCTT-1,0.4283122263531836,3,3,1.7576610957517078,3,32,0.0,0,0
GAGGTCCGTTCGCTGT-1,0.14652474056328954,1,1,1.8793550029978474,3,32,0.2930494811265791,1,1
TGACAACTTAAAGGTG-1,0.1895783805916098,1,2,1.6595972198163031,3,32,0.0,0,0
AGCTAAGCTCCGTCCG-1,0.35598401307554584,2,3,1.849859183003229,3,29,0.0,0,0
CTAGCCCGGGAGACGA-1,0.34791396183648243,2,3,1.8057798876747064,3,27,0.0,0,0
CCCAGATTCCCGTGAC-1,0.0,0,0,1.503813422898471,3,14,0.0,0,0
GCCCGTTCACACAATT-1,0.3949281644266696,3,3,1.5455614555397579,3,24,0.0,0,0
ACAAACTCCATCAGAG-1,0.0,0,0,1.4757507432946044,4,17,0.2283326604150072,1,1
GGTTCCGTACGACTAA-1,0.0,0,0,1.8869458070667073,4,18,0.0,0,0
TTGCGGAAAGCTGCCC-1,0.3712574324902185,2,2,1.5155942727211988,3,10,0.0,0,0
GGAACTCGTGAATACG-1,0.0,0,0,1.5018547865580911,3,18,0.2934620900644784,1,1
GGTTACCGCTCCCTAC-1,0.0,0,0,2.525772026956635,4,17,0.0,0,0
AGCGACTTTGAAGACA-1,0.0,0,0,1.2958869237790247,3,10,0.0,0,0
CCGTTTCCTTTCCGTG-1,0.0,0,0,2.1228336341396656,4,7,0.0,0,0
TGGATGGCATCTTGGA-1,0.0,0,0,1.2252168836718074,2,12,0.0,0,0
CAAGTCGTTGAAATCT-1,0.0,0,0,2.256246409787912,4,18,0.0,0,0
TGCAAACGTACTAGTT-1,0.0,0,0,2.2052583954307994,4,23,0.0,0,0
GGCTGTCCTACTGCGG-1,0.0,0,0,2.229676549487332,4,14,0.0,0,0
TACTGCATGATTAAAT-1,0.0,0,0,2.328377167099609,4,35,0.0,0,0
CGGACCTCTGTAGTTA-1,0.0,0,0,1.4414576139522004,2,10,0.0,0,0
CCCTAGCTCTAAGGTC-1,0.0,0,0,1.0879398201601775,2,8,0.0,0,0
GTAACAGGTTAACGGC-1,0.0,0,0,1.5636077998740756,2,21,0.37491531391994687,1,1
CCCGCAAATAATCATC-1,0.1854228462795459,1,1,2.242726971034601,4,19,0.0,0,0
AATCCCGCTCAGAGCC-1,0.0,0,0,2.4842724073433233,4,39,0.0,0,0
AACGTCATCCGGCTTG-1,0.0,0,0,2.188535050974851,4,29,0.0,0,0
CTCGTGGCACTGAAAG-1,0.6181934697926682,4,4,2.355530684139857,4,42,0.0,0,0
CTTTATCCGACGCATG-1,0.0,0,0,2.44994673211719,4,28,0.0,0,0
AAATGACTGATCAAAC-1,0.2531358329422066,2,2,2.740018934377958,4,73,0.0,0,0
TTCGTGCATGTTATAG-1,0.0,0,0,1.6801471299116084,3,10,0.0,0,0
ATCAAAGAGCCGTGGT-1,0.13262490441919328,1,1,2.4117393988925433,4,50,0.0,0,0
ATGTCATAATAAACGA-1,0.0,0,0,2.097848925955377,4,51,0.2091906980678573,1,1
CTTAATCGACTTAGTA-1,0.1357013359856156,1,1,1.9449517629680448,4,35,0.0,0,0
CTAAAGGATGAGATAC-1,0.22226040308602046,2,2,2.129597070906609,4,54,0.0,0,0
GTGCTATCCAGCTGGA-1,0.12829625931230246,1,1,2.2185881001430836,4,36,0.2565925186246049,1,1
GACAGAGGTCTTCAGT-1,0.0,0,0,2.0183147618860007,4,14,0.0,0,0
TCGATTTACGAAACGA-1,0.0,0,0,2.2756510146091076,4,25,0.0,0,0
AGGCTTAAGTTGCACA-1,0.0,0,0,1.6377820791184385,3,9,0.0,0,0
TAGGATCTTAACCGCA-1,0.1640116556120362,1,1,2.065459996543456,4,20,0.0,0,0
GACTTTCGAGCGGTTC-1,0.0,0,0,1.8198680146567427,4,9,0.0,0,0
CCCTGGGAGGGATCCT-1,0.1795354541116154,1,1,2.614080826188974,4,31,0.0,0,0
TAGTAGTTGCCGGACA-1,0.0,0,0,1.8269333965941805,3,18,0.0,0,0
GCCCTAAGTGCAGGAT-1,0.0,0,0,1.316504449923087,3,8,0.0,0,0
ACTTGGGCTTTCGCCA-1,0.0,0,0,1.6818039637777082,3,14,0.0,0,0
CATGATACGGTGAAAC-1,0.0,0,0,1.64628588834641,4,14,0.0,0,0
TCCTGCAGCCGCCAAT-1,0.2087343233989107,1,1,1.864507373862251,3,19,0.0,0,0
GTCCGTTAGAGGGCCT-1,0.0,0,0,2.2452155581449578,4,24,0.0,0,0
GCTTTATTAAGTTACC-1,0.19284233002105478,1,1,1.9264094498203665,4,15,0.38568466004210955,1,1
AATCGAGGTCTCAAGG-1,0.0,0,0,1.7865896832166293,4,15,0.0,0,0
GTGCTGTTAGAACATA-1,0.0,0,0,1.5126711283546703,4,13,0.0,0,0
GGCTTCTCGTGGGTGG-1,0.0,0,0,1.4959978594794106,3,8,0.0,0,0
CCTACAGTTGAGGGAG-1,0.0,0,0,1.2783214567060155,2,8,0.0,0,0
TATCCCTCGATCTGCA-1,0.0,0,0,1.9491550565096494,3,9,0.0,0,0
CCGGTATCTGGCGACT-1,0.0,0,0,1.0845391559980928,2,5,0.0,0,0
CTCTAACACCGGCAGC-1,0.0,0,0,1.3602179093145703,4,6,0.36808128005215907,1,1
CTTCATCACCAGGGCT-1,0.0,0,0,1.201188332873393,2,5,0.0,0,0
GGCTGGCAATCCCACG-1,0.0,0,0,1.6869034605256856,3,10,0.0,0,0
CAAACCATAAGCGTAT-1,0.0,0,0,1.5955505475616256,3,18,0.0,0,0
CATGTGGGCTCATCAC-1,0.0,0,0,2.2160536484380633,3,13,0.0,0,0
CCCGTGACAGTGCCTT-1,0.6443574270342343,3,3,1.680110900235547,3,10,0.0,0,0
GATTATCTTGCATTAT-1,0.37843715089591057,2,3,2.1073165544746546,4,30,0.3006998002527221,1,1
GAGTCCACCAGGTTTA-1,0.4530766563188999,2,4,2.678108571309617,4,54,0.319227630457483,1,1
TGTACTATCGCTCGTT-1,0.4030592841005445,2,2,2.4539594533688422,4,20,0.4030592841005445,1,1
TTAGCGAATAGATAGG-1,0.18620322862418484,1,1,1.8584450453666796,3,23,0.3724064572483697,1,1
ACATACAATCAAGCGG-1,0.11817814712613806,1,1,2.1918986670010447,4,48,0.2363562942522761,1,1
ATTCGTGTACCCATTC-1,0.0,0,0,1.604907154291928,3,14,0.39621029402416036,1,1
GCTAGCAACGCACCTA-1,0.0,0,0,1.9539198589710267,4,23,0.0,0,0
ACCTCAGCGAGGCGCA-1,0.25321370233562385,2,3,2.2908783254808625,4,66,0.1925756168068514,1,1
TCCGGGCCACTAACGG-1,0.43355901353669646,3,5,2.1597623660738487,4,60,0.0,0,0
TCCCAATATCGACGAC-1,0.4046400278579744,3,4,2.5122139672679706,4,72,0.22534897244293275,1,1
GGATTGAAGTAGCCTC-1,0.36170989244296553,2,4,2.1683740110279994,4,53,0.0,0,0
GGCGCACAGTTTACCT-1,0.7783753945296538,4,6,2.5749838715133184,4,35,0.0,0,0
CCCGGCACGTGTCAGG-1,0.43331891633047204,4,4,2.525842796303253,4,70,0.21665945816523602,1,1
AGTAAGGGACAGAATC-1,0.2825080008859034,2,3,2.1790599477606727,4,41,0.0,0,0
TTGCGCACAACCACGT-1,0.5176373832099794,3,6,1.405384692405222,3,21,0.0,0,0
CCTGCTACAACCATAC-1,0.3471020970163998,2,3,2.019880187050096,4,31,0.0,0,0
CTGGGCTACTGGAGAG-1,0.16310783386371108,1,1,1.8300470500541204,4,13,0.0,0,0
AGCTACGAATGGTGGT-1,0.1659597036589687,1,1,2.291689040687229,4,35,0.0,0,0
ATTCGTTTATCGTATT-1,0.19619477067093558,1,1,1.8573840322096706,4,11,0.0,0,0
GGCATTCCCTCCCTCG-1,0.0,0,0,0.7267222652313264,2,3,0.0,0,0
AGTTATTCAGACTGTG-1,0.19687045803248368,1,1,2.086471636620901,4,16,0.39374091606496736,1,1
CCACTTTCCTTCTAGG-1,0.0,0,0,1.1045277580758406,3,5,0.0,0,0
CGCAGTTCTATCTTTC-1,0.0,0,0,1.252145408083535,2,13,0.0,0,0
AGGAGCGTTTATTATC-1,0.0,0,0,1.7353257448208055,4,21,0.0,0,0
GACAGGTAATCCGTGT-1,0.1471455138507892,1,1,1.936083835243248,3,29,0.2942910277015784,1,1
TTCCCAAAGTACTGAT-1,0.1586309308735345,1,1,2.0430051049108187,4,31,0.0,0,0
CTGCAGGGTGACGCTC-1,0.15334286911160533,1,1,2.1502239648898205,4,24,0.0,0,0
TCATGGAGGCCTTTGT-1,0.1672803774553779,1,1,1.950077988400584,4,18,0.0,0,0
ATGGCCCGAAAGGTTA-1,0.0,0,0,1.6235228852904224,4,20,0.0,0,0
CGTAATATGGCCCTTG-1,0.15827379001330014,1,1,1.7955006027426825,4,16,0.0,0,0
AGAGTCTTAATGAAAG-1,0.0,0,0,2.1283104573740266,4,30,0.5323751334703831,2,2
GAACGTTTGTATCCAC-1,0.0,0,0,2.203623067113175,4,21,0.0,0,0
ATTGAATTCCCTGTAG-1,0.0,0,0,1.763317241364148,4,19,0.3042253453860137,1,1
TACCTCACCAATTGTA-1,0.0,0,0,0.6086727314464259,2,3,0.0,0,0
AGTCGAATTAGCGTAA-1,0.1277592122185612,1,1,1.4169124580388988,3,20,0.0,0,0
TTGAAGTGCATCTACA-1,0.0,0,0,1.5631691386981137,3,15,0.0,0,0
