barcode,nCount_RNA,nFeature_RNA,subtype,patientid,Classification,in_tissue,array_row,array_col,pxl_row_in_fullres,pxl_col_in_fullres,total_counts,detected_genes,mito_pct,outside_tissue,author_artefact,excluded,pathology_eligible
AACATTGGTCAGCCGT-1,995,710,ER,CID4535,Invasive cancer + lymphocytes,1,3,17,1390,2611,995,710,5.527638190954774,False,False,False,True
CATCGAATGGATCTCT-1,998,723,ER,CID4535,Invasive cancer + lymphocytes,1,3,19,1390,2721,998,723,6.4128256513026045,False,False,False,True
GCGTCCAGCTCGTGGC-1,2930,1764,ER,CID4535,Invasive cancer + lymphocytes,1,3,35,1389,3595,2930,1764,4.539249146757679,False,False,False,True
CCAAAGTCCCGCTAAC-1,10883,4172,ER,CID4535,Invasive cancer + lymphocytes,1,3,37,1389,3704,10883,4172,4.925112560874759,False,False,False,True
GTTACGGCCCGACTGC-1,10654,4081,ER,CID4535,Invasive cancer + lymphocytes,1,3,39,1389,3814,10654,4081,5.828796696076591,False,False,False,True
TAGTGAGAAGTGGTTG-1,9490,3953,ER,CID4535,Invasive cancer + lymphocytes,1,3,41,1389,3923,9490,3953,4.478398314014752,False,False,False,True
AAACAATCTACTAGCA-1,11831,4505,ER,CID4535,Invasive cancer + lymphocytes,1,3,43,1389,4032,11831,4505,4.564280280618713,False,False,False,True
ATAAACCATTGGACGG-1,14600,4998,ER,CID4535,Invasive cancer + lymphocytes,1,3,45,1389,4141,14600,4998,5.794520547945205,False,False,False,True
TCTGTGGCTACATTTC-1,12655,4575,ER,CID4535,Invasive cancer + lymphocytes,1,3,47,1389,4251,12655,4575,6.353220071118135,False,False,False,True
CACGACTAAAGTTCTG-1,10699,4326,ER,CID4535,Invasive cancer + lymphocytes,1,3,49,1389,4360,10699,4326,4.2714272361902985,False,False,False,True
AGAGGTATCTCGGTCC-1,5829,3006,ER,CID4535,Invasive cancer + lymphocytes,1,3,51,1389,4469,5829,3006,3.602676273803397,False,False,False,True
GCCGGAAACACATCTT-1,9765,3935,ER,CID4535,Invasive cancer + lymphocytes,1,3,53,1389,4579,9765,3935,4.925755248335893,False,False,False,True
ACCAGGAGTGTGATCT-1,4415,2370,ER,CID4535,Invasive cancer + lymphocytes,1,3,55,1389,4688,4415,2370,4.711211778029445,False,False,False,True
AAGGAGAACTTATAAG-1,806,623,ER,CID4535,Invasive cancer + lymphocytes,1,3,57,1389,4797,806,623,6.9478908188585615,False,False,False,True
GTATCGGGACGAGCTG-1,9445,3717,ER,CID4535,Invasive cancer + lymphocytes,1,5,15,1580,2502,9445,3717,4.944415034409741,False,False,False,True
CCTGTGCATAGGAGAC-1,5616,2702,ER,CID4535,Invasive cancer + lymphocytes,1,4,16,1485,2557,5616,2702,4.433760683760684,False,False,False,True
CATACGGGTGCATGAT-1,7768,3316,ER,CID4535,Invasive cancer + lymphocytes,1,5,17,1580,2611,7768,3316,6.4624098867147275,False,False,False,True
CCACTAAACTGAATCG-1,8414,3416,ER,CID4535,Invasive cancer + lymphocytes,1,4,18,1485,2666,8414,3416,6.46541478488234,False,False,False,True
AAATTGCGGCGGTTCT-1,9391,3640,ER,CID4535,Invasive cancer + lymphocytes,1,5,19,1580,2721,9391,3640,7.8372910233202004,False,False,False,True
AGTCCAGCGGGTACGT-1,9403,3730,ER,CID4535,Invasive cancer + lymphocytes,1,4,20,1485,2775,9403,3730,6.338402637456131,False,False,False,True
CATTCAGGTCAGTGCG-1,6770,2962,ER,CID4535,Invasive cancer + lymphocytes,1,5,21,1580,2830,6770,2962,5.4948301329394384,False,False,False,True
AATCAGACTGCAGGAC-1,1247,846,ER,CID4535,Invasive cancer + lymphocytes,1,5,23,1580,2939,1247,846,6.014434643143544,False,False,False,True
AAGACTAACCCGTTGT-1,734,535,ER,CID4535,Invasive cancer + lymphocytes,1,5,27,1580,3158,734,535,8.310626702997276,False,False,False,True
TCACTATCGTGCAATC-1,8809,3748,ER,CID4535,Invasive cancer + lymphocytes,1,4,34,1485,3540,8809,3748,4.22295379725281,False,False,False,True
TATGATTCTGCTTGGT-1,10153,3956,ER,CID4535,Invasive cancer + lymphocytes,1,5,35,1580,3595,10153,3956,4.914803506352802,False,False,False,True
TAAGATTTAGCGGGAG-1,9365,3917,ER,CID4535,Invasive cancer + lymphocytes,1,4,36,1484,3650,9365,3917,4.16444207154298,False,False,False,True
TTACGGTGTCACCGAG-1,12439,4508,ER,CID4535,Invasive cancer + lymphocytes,1,5,37,1580,3704,12439,4508,5.161186590561942,False,False,False,True
CTACACTAGCTTGTTC-1,9547,3939,ER,CID4535,Invasive cancer + lymphocytes,1,4,38,1484,3759,9547,3939,4.954435948465487,False,False,False,True
TGAGCAGTCGTGAAGT-1,10346,3654,ER,CID4535,Invasive cancer + lymphocytes,1,5,39,1579,3814,10346,3654,13.860429151362846,False,False,False,True
CGCTGAGGACGTCCAA-1,14754,4919,ER,CID4535,Invasive cancer + lymphocytes,1,4,40,1484,3868,14754,4919,6.398264877321404,False,False,False,True
GTGTATGACTTTAAAG-1,16021,4988,ER,CID4535,Invasive cancer + lymphocytes,1,5,41,1579,3923,16021,4988,9.556207477685538,False,False,False,True
CTAAACGGGTGTAATC-1,17865,5470,ER,CID4535,Invasive cancer + lymphocytes,1,4,42,1484,3978,17865,5470,6.627483907080885,False,False,False,True
TGTACTGTGCCAAAGT-1,16972,5130,ER,CID4535,Invasive cancer + lymphocytes,1,5,43,1579,4032,16972,5130,8.089794956398775,False,False,False,True
GGCCACAAGCGATGGC-1,15319,4988,ER,CID4535,Invasive cancer + lymphocytes,1,4,44,1484,4087,15319,4988,6.997845812389842,False,False,False,True
GTCAATTGTACTGAAG-1,20853,5812,ER,CID4535,Invasive cancer + lymphocytes,1,5,45,1579,4142,20853,5812,7.092504675586246,False,False,False,True
AGGGACAGCACGGCGG-1,14672,4826,ER,CID4535,Invasive cancer + lymphocytes,1,4,46,1484,4196,14672,4826,8.839967284623773,False,False,False,True
AGCTTATAGAGACCTG-1,16808,5179,ER,CID4535,Invasive cancer + lymphocytes,1,5,47,1579,4251,16808,5179,7.5678248453117565,False,False,False,True
AACTAGCGTATCGCAC-1,17011,5333,ER,CID4535,Invasive cancer + lymphocytes,1,4,48,1484,4305,17011,5333,6.5839750749515025,False,False,False,True
AACTTTAGCTGCTGAG-1,10878,4141,ER,CID4535,Invasive cancer + lymphocytes,1,5,49,1579,4360,10878,4141,6.894649751792609,False,False,False,True
CCCAAGACAGAGTATG-1,8519,3683,ER,CID4535,Invasive cancer + lymphocytes,1,4,50,1484,4415,8519,3683,4.167155769456509,False,False,False,True
GGCATCAACGAGCACG-1,18274,5356,ER,CID4535,Invasive cancer + lymphocytes,1,5,51,1579,4469,18274,5356,8.859581919667287,False,False,False,True
ATGCATTCCGTGATGG-1,11121,4314,ER,CID4535,Invasive cancer + lymphocytes,1,4,52,1484,4524,11121,4314,5.170398345472529,False,False,False,True
TTATAGATGCACATTA-1,15239,4975,ER,CID4535,Invasive cancer + lymphocytes,1,5,53,1579,4579,15239,4975,7.533302710151585,False,False,False,True
GAACCATCTGGGAGAC-1,16073,5126,ER,CID4535,Invasive cancer + lymphocytes,1,4,54,1484,4633,16073,5126,6.762894294780065,False,False,False,True
TGCTATACAAACGGAC-1,30428,6644,ER,CID4535,Invasive cancer + lymphocytes,1,5,55,1579,4688,30428,6644,12.291310634941501,False,False,False,True
ACTTGCCATATTGTAC-1,18712,5282,ER,CID4535,Invasive cancer + lymphocytes,1,4,56,1484,4743,18712,5282,11.538050448909791,False,False,False,True
CAATTTGACCGGGAAG-1,3430,1930,ER,CID4535,Invasive cancer + lymphocytes,1,7,13,1770,2393,3430,1930,5.685131195335277,False,False,False,True
TCTGACTGTAATGGTT-1,10138,4028,ER,CID4535,Invasive cancer + lymphocytes,1,6,14,1675,2448,10138,4028,6.342473860722037,False,False,False,True
TTCATAGCCTTGTAAC-1,10447,4080,ER,CID4535,Invasive cancer + lymphocytes,1,7,15,1770,2502,10447,4080,6.920647075715516,False,False,False,True
TGGAAACGGAGTGAAC-1,10501,4007,ER,CID4535,Invasive cancer + lymphocytes,1,6,16,1675,2557,10501,4007,6.389867631654128,False,False,False,True
ATCGCACGATTGTTCA-1,8682,3616,ER,CID4535,Invasive cancer + lymphocytes,1,7,17,1770,2612,8682,3616,6.219765031098825,False,False,False,True
CGCCACCCGCATTAAC-1,8553,3491,ER,CID4535,Invasive cancer + lymphocytes,1,6,18,1675,2666,8553,3491,7.412603764760902,False,False,False,True
TGGACCACGGCGTTGA-1,9148,3762,ER,CID4535,Invasive cancer + lymphocytes,1,7,19,1770,2721,9148,3762,5.94665500655881,False,False,False,True
GTATATGTTACGGCGG-1,9414,3645,ER,CID4535,Invasive cancer + lymphocytes,1,6,20,1675,2775,9414,3645,6.309751434034416,False,False,False,True
GTATTCTTACCGTGCT-1,7650,3349,ER,CID4535,Invasive cancer + lymphocytes,1,7,21,1770,2830,7650,3349,5.124183006535947,False,False,False,True
TTCAGAGTAACCTGAC-1,11182,4196,ER,CID4535,Invasive cancer + lymphocytes,1,6,22,1675,2885,11182,4196,6.948667501341442,False,False,False,True
GCGGTAACCCAAATGA-1,9285,3896,ER,CID4535,Invasive cancer + lymphocytes,1,7,23,1770,2939,9285,3896,3.9310716208939147,False,False,False,True
CTACGTGTTGCCACCA-1,10934,4177,ER,CID4535,Invasive cancer + lymphocytes,1,6,24,1675,2994,10934,4177,6.959941466983722,False,False,False,True
CTAGATAAACTCCTCG-1,8605,3755,ER,CID4535,Invasive cancer + lymphocytes,1,7,25,1770,3049,8605,3755,3.602556653108658,False,False,False,True
TCCATTAGTTGGATAG-1,4958,2650,ER,CID4535,Invasive cancer + lymphocytes,1,6,26,1675,3103,4958,2650,4.578459056070996,False,False,False,True
CTGGCTCCTGCGGGAT-1,8485,3491,ER,CID4535,Invasive cancer + lymphocytes,1,7,27,1770,3158,8485,3491,6.234531526222746,False,False,False,True
CGATATTAGCCGCAGG-1,5526,2683,ER,CID4535,Invasive cancer + lymphocytes,1,7,35,1770,3595,5526,2683,5.3022077452044885,False,False,False,True
AGCGTCTGAACCCGCA-1,16363,5077,ER,CID4535,Invasive cancer + lymphocytes,1,6,36,1675,3650,16363,5077,5.781335940842144,False,False,False,True
GATGTCCGGATCACAT-1,16924,5346,ER,CID4535,Invasive cancer + lymphocytes,1,7,37,1770,3704,16924,5346,5.252895296620184,False,False,False,True
GGTCACGTTAGATTCA-1,15840,4997,ER,CID4535,Invasive cancer + lymphocytes,1,6,38,1675,3759,15840,4997,5.467171717171717,False,False,False,True
TTAAGGATACGGAGGT-1,21691,5976,ER,CID4535,Invasive cancer + lymphocytes,1,7,39,1770,3814,21691,5976,5.421603429994007,False,False,False,True
GTGCGGGACCATCGGC-1,18230,5332,ER,CID4535,Invasive cancer + lymphocytes,1,6,40,1675,3868,18230,5332,9.780581459133298,False,False,False,True
CCATCTTGTTCACAAT-1,13528,4738,ER,CID4535,Invasive cancer + lymphocytes,1,7,41,1770,3923,13528,4738,7.0520402128917805,False,False,False,True
TCCGAGAAGGCTAAGC-1,17176,5061,ER,CID4535,Invasive cancer + lymphocytes,1,6,42,1675,3978,17176,5061,9.466697717745692,False,False,False,True
TGGCGGTGTGCGATTG-1,14917,4844,ER,CID4535,Invasive cancer + lymphocytes,1,7,43,1770,4032,14917,4844,9.57297043641483,False,False,False,True
ATCCTGCTGCAGATAG-1,20052,5639,ER,CID4535,Invasive cancer + lymphocytes,1,6,44,1674,4087,20052,5639,8.373229603032115,False,False,False,True
TTATGCGTCCCGGTCC-1,13948,4674,ER,CID4535,Invasive cancer + lymphocytes,1,7,45,1770,4142,13948,4674,7.506452537998279,False,False,False,True
CATAATGAGCGGGCGA-1,18470,5546,ER,CID4535,Invasive cancer + lymphocytes,1,6,46,1674,4196,18470,5546,7.514889009204115,False,False,False,True
AGACATAGATCCTTCC-1,10930,4009,ER,CID4535,Invasive cancer + lymphocytes,1,7,47,1769,4251,10930,4009,12.095150960658737,False,False,False,True
GGTGAAACCGGGAATG-1,19115,5633,ER,CID4535,Invasive cancer + lymphocytes,1,6,48,1674,4306,19115,5633,9.950300810881508,False,False,False,True
AACTGGTGTGGGCCTT-1,16701,4964,ER,CID4535,Invasive cancer + lymphocytes,1,7,49,1769,4360,16701,4964,11.945392491467576,False,False,False,True
GTAGCGCTGTTGTAGT-1,22849,5924,ER,CID4535,Invasive cancer + lymphocytes,1,6,50,1674,4415,22849,5924,9.339577224386188,False,False,False,True
TTGTTTGTGTAAATTC-1,27806,6414,ER,CID4535,Invasive cancer + lymphocytes,1,7,51,1769,4470,27806,6414,14.734230022297346,False,False,False,True
GGATCAAAGGACGAGG-1,24821,6098,ER,CID4535,Invasive cancer + lymphocytes,1,6,52,1674,4524,24821,6098,13.13806857096813,False,False,False,True
CAAGTGAACTTTGGTT-1,34170,6823,ER,CID4535,Invasive cancer + lymphocytes,1,6,54,1674,4633,34170,6823,12.470002926543753,False,False,False,True
ATCGTCCAATCGAGTC-1,2523,1499,ER,CID4535,Invasive cancer + lymphocytes,1,9,13,1960,2393,2523,1499,6.777645659928656,False,False,False,True
ACATGGCTCAATTTAG-1,9659,3872,ER,CID4535,Invasive cancer + lymphocytes,1,8,14,1865,2448,9659,3872,5.8287607412775655,False,False,False,True
AGGCCCAGTGACTGGT-1,7735,3400,ER,CID4535,Invasive cancer + lymphocytes,1,9,15,1960,2502,7735,3400,6.334841628959276,False,False,False,True
GCTTCCAGCTTAGATT-1,5625,2735,ER,CID4535,Invasive cancer + lymphocytes,1,8,16,1865,2557,5625,2735,5.795555555555556,False,False,False,True
TGCTTGAAACCATGCA-1,8457,3562,ER,CID4535,Invasive cancer + lymphocytes,1,9,17,1960,2612,8457,3562,6.775452288045407,False,False,False,True
CAATATTGGACTAGTG-1,6300,2994,ER,CID4535,Invasive cancer + lymphocytes,1,8,18,1865,2666,6300,2994,5.031746031746032,False,False,False,True
CGTGCTGGCCTAGTCG-1,6786,3120,ER,CID4535,Invasive cancer + lymphocytes,1,9,19,1960,2721,6786,3120,5.511346890657236,False,False,False,True
CCTGCGATAGAACTGT-1,7546,3373,ER,CID4535,Invasive cancer + lymphocytes,1,8,20,1865,2776,7546,3373,6.533262655711636,False,False,False,True
GGGTAATGCTGTGTTT-1,5684,2766,ER,CID4535,Invasive cancer + lymphocytes,1,9,21,1960,2830,5684,2766,5.647431386347643,False,False,False,True
AACGCGAACGGCAACA-1,12438,4333,ER,CID4535,Invasive cancer + lymphocytes,1,8,22,1865,2885,12438,4333,7.686123170927801,False,False,False,True
TGTCGGCATGGTGGAA-1,10112,3822,ER,CID4535,Invasive cancer + lymphocytes,1,9,23,1960,2940,10112,3822,9.444224683544304,False,False,False,True
AGCGTACGAGAGCTAG-1,9879,3779,ER,CID4535,Invasive cancer + lymphocytes,1,8,24,1865,2994,9879,3779,6.032999291426258,False,False,False,True
ATACTCTCGCCACTCT-1,5811,2758,ER,CID4535,Invasive cancer + lymphocytes,1,9,25,1960,3049,5811,2758,5.9714334882120115,False,False,False,True
AATCCATGCAAGGGTG-1,8306,3613,ER,CID4535,Invasive cancer + lymphocytes,1,8,26,1865,3103,8306,3613,4.62316397784734,False,False,False,True
TTAAACAGAGTCCCGC-1,10532,3980,ER,CID4535,Invasive cancer + lymphocytes,1,9,27,1960,3158,10532,3980,6.304595518420053,False,False,False,True
CCACAGCTGAAATCAT-1,9952,3900,ER,CID4535,Invasive cancer + lymphocytes,1,8,28,1865,3213,9952,3900,4.883440514469453,False,False,False,True
CGGTTCCGGCTTCTTG-1,5984,2847,ER,CID4535,Invasive cancer + lymphocytes,1,9,29,1960,3267,5984,2847,5.130347593582887,False,False,False,True
GACGTGAGACTCCATG-1,10434,3837,ER,CID4535,Invasive cancer + lymphocytes,1,8,30,1865,3322,10434,3837,3.843204907034694,False,False,False,True
TCGTTGGCTCGTCAAT-1,8841,3533,ER,CID4535,Invasive cancer + lymphocytes,1,9,31,1960,3377,8841,3533,5.5197375862459,False,False,False,True
GGTGAACGGGCTAGCC-1,17841,5376,ER,CID4535,Invasive cancer + lymphocytes,1,8,32,1865,3431,17841,5376,5.756403789025279,False,False,False,True
GCACTGTGCAAATGTA-1,16721,5240,ER,CID4535,Invasive cancer + lymphocytes,1,9,33,1960,3486,16721,5240,5.78314694097243,False,False,False,True
ACGAGAACCCATCACG-1,10905,4027,ER,CID4535,Invasive cancer + lymphocytes,1,8,34,1865,3541,10905,4027,5.2086198991288395,False,False,False,True
CCAGCTACGCCTCATA-1,12697,4544,ER,CID4535,Invasive cancer + lymphocytes,1,9,35,1960,3595,12697,4544,6.678743010159881,False,False,False,True
TCCCGGTCAGGAATTT-1,15437,5001,ER,CID4535,Invasive cancer + lymphocytes,1,8,36,1865,3650,15437,5001,5.80423657446395,False,False,False,True
TCGCATTCAATGACTT-1,12446,4427,ER,CID4535,Invasive cancer + lymphocytes,1,9,37,1960,3705,12446,4427,6.484010927205527,False,False,False,True
CTGGTTCAACGCATCA-1,18379,5470,ER,CID4535,Invasive cancer + lymphocytes,1,8,38,1865,3759,18379,5470,6.991675281571359,False,False,False,True
GGTGATTTCATCTTGT-1,15727,5063,ER,CID4535,Invasive cancer + lymphocytes,1,9,39,1960,3814,15727,5063,7.534812742417499,False,False,False,True
CACCCTTTCCTCGCTC-1,18971,5448,ER,CID4535,Invasive cancer + lymphocytes,1,8,40,1865,3868,18971,5448,9.219334774128933,False,False,False,True
CAACTTGTAGTGGGCA-1,11929,4307,ER,CID4535,Invasive cancer + lymphocytes,1,9,41,1960,3923,11929,4307,7.444043926565512,False,False,False,True
AATATCAAGGTCGGAT-1,17837,5273,ER,CID4535,Invasive cancer + lymphocytes,1,8,42,1865,3978,17837,5273,10.136233671581545,False,False,False,True
ACTCAGACCTGCTTCT-1,12142,4535,ER,CID4535,Invasive cancer + lymphocytes,1,9,43,1960,4032,12142,4535,6.341624114643387,False,False,False,True
TTGGAGTCTCCCTTCT-1,11890,4273,ER,CID4535,Invasive cancer + lymphocytes,1,8,44,1865,4087,11890,4273,9.243061396131203,False,False,False,True
GGATACTCATGAATTG-1,15539,5070,ER,CID4535,Invasive cancer + lymphocytes,1,9,45,1960,4142,15539,5070,6.8215457880172465,False,False,False,True
TGGGCACAAACAGAAC-1,22829,6000,ER,CID4535,Invasive cancer + lymphocytes,1,8,46,1865,4196,22829,6000,8.979806386613518,False,False,False,True
GAGCCACGGTAGTAGG-1,21550,5790,ER,CID4535,Invasive cancer + lymphocytes,1,9,47,1960,4251,21550,5790,9.54060324825986,False,False,False,True
TCGATAGGCTAGTCGC-1,18769,5319,ER,CID4535,Invasive cancer + lymphocytes,1,8,48,1865,4306,18769,5319,10.240289839629176,False,False,False,True
TAACCGCCCGCAGTGC-1,37310,7199,ER,CID4535,Invasive cancer + lymphocytes,1,9,49,1960,4360,37310,7199,10.745108549986599,False,False,False,True
GCCTATTTGCTACACA-1,31950,6849,ER,CID4535,Invasive cancer + lymphocytes,1,8,50,1864,4415,31950,6849,9.233176838810643,False,False,False,True
TGGATAGAGTAACAGA-1,6993,3238,ER,CID4535,Invasive cancer + lymphocytes,1,10,14,2055,2448,6993,3238,6.263406263406264,False,False,False,True
TCACAGATCCTCAAAC-1,7788,3406,ER,CID4535,Invasive cancer + lymphocytes,1,11,15,2151,2502,7788,3406,5.957883923985619,False,False,False,True
AGAGCTACGAAAGCAT-1,6864,3234,ER,CID4535,Invasive cancer + lymphocytes,1,10,16,2055,2557,6864,3234,5.346736596736597,False,False,False,True
TGCGTGATTGGGTGTC-1,5891,2816,ER,CID4535,Invasive cancer + lymphocytes,1,11,17,2151,2612,5891,2816,6.26379222542862,False,False,False,True
CACATGTTTGGACATG-1,5456,2693,ER,CID4535,Invasive cancer + lymphocytes,1,10,18,2055,2666,5456,2693,6.983137829912023,False,False,False,True
TTCGCATCCGGAAGCA-1,8143,3487,ER,CID4535,Invasive cancer + lymphocytes,1,11,19,2150,2721,8143,3487,6.803389414220804,False,False,False,True
CCCTAGTGTCAGGTGT-1,6976,3115,ER,CID4535,Invasive cancer + lymphocytes,1,10,20,2055,2776,6976,3115,6.551032110091744,False,False,False,True
TTACCGCCTTAGGGAA-1,7518,3360,ER,CID4535,Invasive cancer + lymphocytes,1,11,21,2150,2830,7518,3360,6.637403564777866,False,False,False,True
CCAGTCCATTATTCGA-1,6357,3071,ER,CID4535,Invasive cancer + lymphocytes,1,10,22,2055,2885,6357,3071,6.292276230926537,False,False,False,True
CGTAAACGCTTGAGTG-1,10643,4013,ER,CID4535,Invasive cancer + lymphocytes,1,11,23,2150,2940,10643,4013,8.67236681386827,False,False,False,True
ATTCCTTCCAGGCGGT-1,6251,2885,ER,CID4535,Invasive cancer + lymphocytes,1,10,24,2055,2994,6251,2885,6.798912174052152,False,False,False,True
TTCCTTTCTGTGTTGC-1,8309,3480,ER,CID4535,Invasive cancer + lymphocytes,1,11,25,2150,3049,8309,3480,7.257190997713322,False,False,False,True
AGTTGACATCGGCTGG-1,12997,4568,ER,CID4535,Invasive cancer + lymphocytes,1,10,26,2055,3103,12997,4568,6.186042932984535,False,False,False,True
AACTCGATGGCGCAGT-1,11355,4155,ER,CID4535,Invasive cancer + lymphocytes,1,11,27,2150,3158,11355,4155,6.147071774548657,False,False,False,True
GATAAGGCAGATGCAA-1,10595,4098,ER,CID4535,Invasive cancer + lymphocytes,1,10,28,2055,3213,10595,4098,4.955167531854649,False,False,False,True
GGCTGGCTAGCTTAAA-1,10567,4143,ER,CID4535,Invasive cancer + lymphocytes,1,11,29,2150,3267,10567,4143,6.132298665657235,False,False,False,True
CCTCATGCAGCTACGA-1,12122,4326,ER,CID4535,Invasive cancer + lymphocytes,1,10,30,2055,3322,12122,4326,7.1852829566078205,False,False,False,True
GACGCCTGTTGCAGGG-1,11660,4283,ER,CID4535,Invasive cancer + lymphocytes,1,11,31,2150,3377,11660,4283,7.144082332761578,False,False,False,True
TAATTAGATGGATATG-1,14844,5042,ER,CID4535,Invasive cancer + lymphocytes,1,10,32,2055,3431,14844,5042,5.935057935866343,False,False,False,True
GAGGGCATCGCGTATC-1,13950,4808,ER,CID4535,Invasive cancer + lymphocytes,1,11,33,2150,3486,13950,4808,5.440860215053763,False,False,False,True
CTTGTGAGTCTTTGAC-1,12272,4372,ER,CID4535,Invasive cancer + lymphocytes,1,10,34,2055,3541,12272,4372,6.779661016949152,False,False,False,True
TCAACACATTGGGTAA-1,16196,5161,ER,CID4535,Invasive cancer + lymphocytes,1,11,35,2150,3595,16196,5161,7.440108668807113,False,False,False,True
ACTGTATACGCGAGCA-1,13473,4629,ER,CID4535,Invasive cancer + lymphocytes,1,10,36,2055,3650,13473,4629,7.993765308394567,False,False,False,True
GTGAAACGTGCTCCAC-1,15105,4725,ER,CID4535,Invasive cancer + lymphocytes,1,11,37,2150,3705,15105,4725,10.28798411122145,False,False,False,True
CGAGTGCTATAGTTCG-1,12224,4438,ER,CID4535,Invasive cancer + lymphocytes,1,10,38,2055,3759,12224,4438,7.779777486910995,False,False,False,True
GTACTGCATGAAGCGT-1,13867,4622,ER,CID4535,Invasive cancer + lymphocytes,1,11,39,2150,3814,13867,4622,8.24259032234802,False,False,False,True
GTAACTTGCGGCAGTC-1,12158,4406,ER,CID4535,Invasive cancer + lymphocytes,1,10,40,2055,3869,12158,4406,7.254482645171903,False,False,False,True
GAATCGCCGGACACGG-1,13115,4527,ER,CID4535,Invasive cancer + lymphocytes,1,11,41,2150,3923,13115,4527,8.69996187571483,False,False,False,True
GGGAGTAATGGCTGGC-1,14517,4905,ER,CID4535,Invasive cancer + lymphocytes,1,10,42,2055,3978,14517,4905,6.64049045946132,False,False,False,True
CATGAACCGACATTTG-1,24649,6034,ER,CID4535,Invasive cancer + lymphocytes,1,11,43,2150,4033,24649,6034,11.984258996308167,False,False,False,True
TCTGTCATACAAGAGC-1,15329,4854,ER,CID4535,Invasive cancer + lymphocytes,1,10,44,2055,4087,15329,4854,9.074303607541262,False,False,False,True
TAAAGAGCCCGAAACC-1,36475,6913,ER,CID4535,Invasive cancer + lymphocytes,1,10,46,2055,4196,36475,6913,17.263879369431116,False,False,False,True
CATTGTGTGCTAGATC-1,4251,2261,ER,CID4535,Invasive cancer + lymphocytes,1,13,15,2341,2503,4251,2261,7.127734650670431,False,False,False,True
CGCGGCAGTATTACGG-1,6898,3130,ER,CID4535,Invasive cancer + lymphocytes,1,12,16,2246,2557,6898,3130,5.305885763989562,False,False,False,True
GAAATGGGATGTAAAC-1,9078,3661,ER,CID4535,Invasive cancer + lymphocytes,1,13,17,2341,2612,9078,3661,7.688918263934788,False,False,False,True
CATTCCCTAAGTACAA-1,8968,3606,ER,CID4535,Invasive cancer + lymphocytes,1,12,18,2246,2666,8968,3606,8.36306868867083,False,False,False,True
AGTTCTGCGTTGTATC-1,7217,3217,ER,CID4535,Invasive cancer + lymphocytes,1,13,19,2341,2721,7217,3217,7.662463627546072,False,False,False,True
ACCCTATAGGACTGAG-1,7463,3261,ER,CID4535,Invasive cancer + lymphocytes,1,12,20,2246,2776,7463,3261,6.512126490687391,False,False,False,True
TTAGATAGGTCGATAC-1,8320,3506,ER,CID4535,Invasive cancer + lymphocytes,1,13,21,2341,2830,8320,3506,6.706730769230769,False,False,False,True
ATTGATAGCAACGAGA-1,10665,4075,ER,CID4535,Invasive cancer + lymphocytes,1,12,22,2245,2885,10665,4075,6.8166901078293485,False,False,False,True
TCTCGGCTCCAGGACT-1,7261,3193,ER,CID4535,Invasive cancer + lymphocytes,1,13,23,2341,2940,7261,3193,7.381903319102053,False,False,False,True
CTTGAGGTTATCCCGA-1,8976,3597,ER,CID4535,Invasive cancer + lymphocytes,1,12,24,2245,2994,8976,3597,7.531194295900178,False,False,False,True
AAGAAGGATCAGTTAG-1,11660,4193,ER,CID4535,Invasive cancer + lymphocytes,1,13,25,2340,3049,11660,4193,7.221269296740996,False,False,False,True
GTACGACGGCGCTGCG-1,14183,4735,ER,CID4535,Invasive cancer + lymphocytes,1,12,26,2245,3104,14183,4735,8.319819502220968,False,False,False,True
CTTATGTTGACTACCA-1,8891,3623,ER,CID4535,Invasive cancer + lymphocytes,1,13,27,2340,3158,8891,3623,8.019345405466202,False,False,False,True
CGGCACTCAAGAAAGT-1,11715,4258,ER,CID4535,Invasive cancer + lymphocytes,1,12,28,2245,3213,11715,4258,8.169014084507042,False,False,False,True
GTCAAAGTTTACATAG-1,9118,3523,ER,CID4535,Invasive cancer + lymphocytes,1,13,29,2340,3268,9118,3523,10.76990568107041,False,False,False,True
CTCCTAAGTTATGTCT-1,8760,3641,ER,CID4535,Invasive cancer + lymphocytes,1,12,30,2245,3322,8760,3641,7.602739726027398,False,False,False,True
ACTGTGCTAGTAGATC-1,7731,3219,ER,CID4535,Invasive cancer + lymphocytes,1,13,31,2340,3377,7731,3219,10.153925753460095,False,False,False,True
GTTTGGCCGCTCAGCG-1,10497,3952,ER,CID4535,Invasive cancer + lymphocytes,1,12,32,2245,3431,10497,3952,8.08802515004287,False,False,False,True
TTATCCAATCGAACTC-1,8995,3653,ER,CID4535,Invasive cancer + lymphocytes,1,13,33,2340,3486,8995,3653,8.215675375208448,False,False,False,True
CCGTACCCAAGCGCCA-1,11727,4328,ER,CID4535,Invasive cancer + lymphocytes,1,12,34,2245,3541,11727,4328,7.154429947983286,False,False,False,True
CATACAAAGCCGAACC-1,16363,4912,ER,CID4535,Invasive cancer + lymphocytes,1,13,35,2340,3595,16363,4912,12.192140805475768,False,False,False,True
GGTCGGTAATTAGACA-1,14126,4667,ER,CID4535,Invasive cancer + lymphocytes,1,12,36,2245,3650,14126,4667,9.287838029166076,False,False,False,True
GCCCACCAAGGCTGTC-1,15026,4564,ER,CID4535,Invasive cancer + lymphocytes,1,12,38,2245,3759,15026,4564,13.083987754558764,False,False,False,True
GAGCATCATCCCTGGG-1,24552,5917,ER,CID4535,Invasive cancer + lymphocytes,1,12,40,2245,3869,24552,5917,14.984522645812968,False,False,False,True
CATCCGCAGGCCCGAA-1,3596,2034,ER,CID4535,Invasive cancer + lymphocytes,1,15,15,2531,2503,3596,2034,6.173526140155729,False,False,False,True
CCCTGATGTAACTCGT-1,5582,2774,ER,CID4535,Invasive cancer + lymphocytes,1,14,16,2436,2557,5582,2774,7.112146184163383,False,False,False,True
CCATAGTCAGTAACCC-1,8232,3504,ER,CID4535,Invasive cancer + lymphocytes,1,15,17,2531,2612,8232,3504,6.41399416909621,False,False,False,True
CGGGCCATAGCCGCAC-1,7759,3438,ER,CID4535,Invasive cancer + lymphocytes,1,14,18,2436,2666,7759,3438,5.941487305065086,False,False,False,True
CTCCGGCTTGTAGACA-1,8339,3511,ER,CID4535,Invasive cancer + lymphocytes,1,15,19,2531,2721,8339,3511,6.487588439860895,False,False,False,True
AACTTGCGTTCTCGCG-1,6209,2927,ER,CID4535,Invasive cancer + lymphocytes,1,14,20,2436,2776,6209,2927,6.7804799484619105,False,False,False,True
AATGAGTTCGCATATG-1,10575,4047,ER,CID4535,Invasive cancer + lymphocytes,1,15,21,2531,2830,10575,4047,7.8108747044917255,False,False,False,True
CGAGGCCAGGCATTGG-1,8247,3536,ER,CID4535,Invasive cancer + lymphocytes,1,14,22,2436,2885,8247,3536,6.863101733963865,False,False,False,True
TCTGCGTCCGGTTTCT-1,6535,2994,ER,CID4535,Invasive cancer + lymphocytes,1,15,23,2531,2940,6535,2994,7.237949502677889,False,False,False,True
CAATCCTGCCGTGGAG-1,8713,3499,ER,CID4535,Invasive cancer + lymphocytes,1,14,24,2436,2994,8713,3499,10.317915758062664,False,False,False,True
CTGAGCAAGTAACAAG-1,10477,3990,ER,CID4535,Invasive cancer + lymphocytes,1,15,25,2531,3049,10477,3990,7.855302090293023,False,False,False,True
GGGTACCCACGGTCCT-1,9533,3695,ER,CID4535,Invasive cancer + lymphocytes,1,14,26,2436,3104,9533,3695,9.388440155250183,False,False,False,True
ACGGAATTTAGCAAAT-1,9783,3788,ER,CID4535,Invasive cancer + lymphocytes,1,15,27,2531,3158,9783,3788,11.376878258203005,False,False,False,True
GGGCGGTCCTATTGTC-1,7698,3246,ER,CID4535,Invasive cancer + lymphocytes,1,14,28,2436,3213,7698,3246,7.885164977916342,False,False,False,True
ATGTTACGAGCAATAC-1,10976,3942,ER,CID4535,Invasive cancer + lymphocytes,1,15,29,2531,3268,10976,3942,10.614067055393587,False,False,False,True
AACCATGGGATCGCTA-1,9619,3791,ER,CID4535,Invasive cancer + lymphocytes,1,14,30,2435,3322,9619,3791,8.639151678968709,False,False,False,True
ACTTAGTACGACAAGA-1,11807,4031,ER,CID4535,Invasive cancer + lymphocytes,1,14,32,2435,3432,11807,4031,15.2282544253409,False,False,False,True
GCTCAACCTCTTAGAG-1,987,738,ER,CID4535,Invasive cancer + adipose tissue + lymphocytes,1,17,9,2721,2175,987,738,5.775075987841945,False,False,False,True
GCCTTGTATATGCAGT-1,5107,2556,ER,CID4535,Invasive cancer + lymphocytes,1,17,15,2721,2503,5107,2556,7.421186606618367,False,False,False,True
ATAATACCGTTAGCCG-1,7497,3328,ER,CID4535,Invasive cancer + lymphocytes,1,16,16,2626,2557,7497,3328,6.322529011604641,False,False,False,True
ACACTCCAATGTCACT-1,8310,3516,ER,CID4535,Invasive cancer + lymphocytes,1,17,17,2721,2612,8310,3516,6.54632972322503,False,False,False,True
AGTTGCTGACTGATAT-1,8936,3711,ER,CID4535,Invasive cancer + lymphocytes,1,16,18,2626,2667,8936,3711,7.195613249776186,False,False,False,True
GGCGCTCCTCATCAAT-1,9258,3723,ER,CID4535,Invasive cancer + lymphocytes,1,17,19,2721,2721,9258,3723,7.3558003888528845,False,False,False,True
TGCCTGACATCGGTCA-1,7877,3401,ER,CID4535,Invasive cancer + lymphocytes,1,16,20,2626,2776,7877,3401,9.127840548432143,False,False,False,True
TTGGCCATCTTGCGCT-1,8328,3530,ER,CID4535,Invasive cancer + lymphocytes,1,17,21,2721,2831,8328,3530,8.009125840537944,False,False,False,True
CAGTGGTTGCACATGA-1,6363,2978,ER,CID4535,Invasive cancer + lymphocytes,1,16,22,2626,2885,6363,2978,8.832311802608832,False,False,False,True
AGAATTGTTTGACATA-1,9144,3733,ER,CID4535,Invasive cancer + lymphocytes,1,17,23,2721,2940,9144,3733,6.9006999125109365,False,False,False,True
AAATGCTCGTTACGTT-1,8139,3345,ER,CID4535,Invasive cancer + lymphocytes,1,16,24,2626,2994,8139,3345,10.062661260597125,False,False,False,True
CACCTAATAGAGTCGT-1,17826,4288,ER,CID4535,Invasive cancer + lymphocytes,1,17,25,2721,3049,17826,4288,18.72545719735218,False,False,False,True
CATTTCTAGCAGACTA-1,7440,3237,ER,CID4535,Invasive cancer + lymphocytes,1,16,26,2626,3104,7440,3237,7.39247311827957,False,False,False,True
AGCGACATCCCATTCA-1,16398,5373,ER,CID4535,Stroma,1,17,59,2720,4907,16398,5373,6.330040248810831,False,False,False,True
AGTAATGTCTTGCCGC-1,20537,5903,ER,CID4535,Stroma,1,16,60,2625,4962,20537,5903,5.47304864391099,False,False,False,True
TTCTTAGTGGCTCAGA-1,10003,4079,ER,CID4535,Stroma,1,17,61,2720,5016,10003,4079,4.708587423772868,False,False,False,True
CGTCTGGAAGGGCCCG-1,25727,6440,ER,CID4535,Stroma,1,16,62,2625,5071,25727,6440,11.019551444008242,False,False,False,True
ACGTGCGCCTCGTGCA-1,14264,4922,ER,CID4535,Stroma,1,17,63,2720,5126,14264,4922,5.215928210880538,False,False,False,True
AGAGCGGGCTAATCAT-1,21482,5747,ER,CID4535,Stroma,1,16,64,2625,5180,21482,5747,8.644446513360023,False,False,False,True
GCGTCGAAATGTCGGT-1,15290,4774,ER,CID4535,Stroma,1,17,65,2720,5235,15290,4774,12.09941137998692,False,False,False,True
CGAGCTGGGCTTTAGG-1,35845,7142,ER,CID4535,Stroma,1,17,67,2720,5344,35845,7142,14.004742641930534,False,False,False,True
ATAGCCTCAGTACCCA-1,4133,2208,ER,CID4535,Invasive cancer + lymphocytes,1,18,14,2816,2448,4133,2208,5.952092910718607,False,False,False,True
CGGGAGTATACCGCCG-1,9654,3748,ER,CID4535,Invasive cancer + lymphocytes,1,19,15,2911,2503,9654,3748,6.619018023617154,False,False,False,True
GTCCTACAGGCGGCTC-1,8621,3573,ER,CID4535,Invasive cancer + lymphocytes,1,18,16,2816,2557,8621,3573,6.716158218304141,False,False,False,True
CGGATAAGCGGACATG-1,10931,3928,ER,CID4535,Invasive cancer + lymphocytes,1,19,17,2911,2612,10931,3928,6.303174457963589,False,False,False,True
AACTTCTGCGTCTATC-1,7991,3412,ER,CID4535,Invasive cancer + lymphocytes,1,18,18,2816,2667,7991,3412,8.034038293079714,False,False,False,True
GGGTTCAGACGAACAA-1,10178,3735,ER,CID4535,Invasive cancer + lymphocytes,1,19,19,2911,2721,10178,3735,8.420121831401062,False,False,False,True
AGTCTGGACATCCTTG-1,7505,3248,ER,CID4535,Invasive cancer + lymphocytes,1,18,20,2816,2776,7505,3248,8.900732844770154,False,False,False,True
GAAATACTAAACGTTT-1,12463,4323,ER,CID4535,Invasive cancer + lymphocytes,1,18,22,2816,2885,12463,4323,9.740832865281233,False,False,False,True
TTGCTGAAGGAACCAC-1,5139,2525,ER,CID4535,Stroma,1,19,57,2910,4798,5139,2525,7.452811831095543,False,False,False,True
TATTTAGTCTAGATCG-1,12543,4382,ER,CID4535,Stroma,1,18,58,2815,4852,12543,4382,12.37343538228494,False,False,False,True
CTCCGGCCTAATATGC-1,7447,3383,ER,CID4535,Stroma,1,19,59,2910,4907,7447,3383,7.627232442594334,False,False,False,True
TTGTGGCCCTGACAGT-1,16437,5303,ER,CID4535,Stroma,1,18,60,2815,4962,16437,5303,4.8914035407921155,False,False,False,True
TCGCCGGTCGATCCGT-1,18698,5571,ER,CID4535,Stroma,1,19,61,2910,5016,18698,5571,4.102042999251257,False,False,False,True
CCATAGGTTGGCGTGG-1,15390,5162,ER,CID4535,Stroma,1,18,62,2815,5071,15390,5162,5.458089668615984,False,False,False,True
GAACGACCGAATGATA-1,18094,5371,ER,CID4535,Stroma,1,19,63,2910,5126,18094,5371,6.09594340665414,False,False,False,True
TCCGATAATTGCCATA-1,11395,4100,ER,CID4535,Stroma,1,18,64,2815,5180,11395,4100,7.889425186485301,False,False,False,True
CATTACGTCGGCCCGT-1,24901,6553,ER,CID4535,Stroma,1,19,65,2910,5235,24901,6553,6.967591662985423,False,False,False,True
CAAGCACCAAATGCCT-1,21172,5699,ER,CID4535,Stroma,1,18,66,2815,5290,21172,5699,12.818817305875685,False,False,False,True
TGCATGGATCGGATCT-1,19572,5539,ER,CID4535,Stroma,1,19,67,2910,5344,19572,5539,10.433272021254854,False,False,False,True
GAAATCGCGCGCAACT-1,30028,6612,ER,CID4535,Stroma,1,18,68,2815,5399,30028,6612,12.318502730784601,False,False,False,True
CTGAAAGAGATCCGAC-1,21934,5934,ER,CID4535,Invasive cancer,1,19,69,2910,5454,21934,5934,8.324974924774322,False,False,False,True
ATTTGTTCCAGGGCTC-1,23795,6078,ER,CID4535,Invasive cancer,1,19,71,2910,5563,23795,6078,11.876444631225047,False,False,False,True
GATCGGCGATAAGTCG-1,7305,3043,ER,CID4535,Invasive cancer + adipose tissue + lymphocytes,1,20,14,3006,2448,7305,3043,11.540041067761807,False,False,False,True
TCCGTAACCACAATCC-1,10442,3881,ER,CID4535,Invasive cancer + adipose tissue + lymphocytes,1,20,16,3006,2557,10442,3881,6.923960927025474,False,False,False,True
GTACGAGATTGCGACA-1,3615,2097,ER,CID4535,Stroma,1,21,57,3100,4798,3615,2097,5.670816044260028,False,False,False,True
GTATAGGACTCAGTAG-1,5771,2866,ER,CID4535,Stroma,1,20,58,3005,4853,5771,2866,8.681337723098249,False,False,False,True
TTGCACGGAGCAGCAC-1,4796,2618,ER,CID4535,Stroma,1,21,59,3100,4907,4796,2618,4.962468723936614,False,False,False,True
CACAGCTAGGGAGTGA-1,9188,3725,ER,CID4535,Stroma,1,20,60,3005,4962,9188,3725,3.733130169786678,False,False,False,True
ATACTAGCATGACCCT-1,3846,2189,ER,CID4535,Stroma,1,21,61,3100,5017,3846,2189,3.58814352574103,False,False,False,True
CCAAGACTTCTGCGAA-1,9890,3778,ER,CID4535,Stroma,1,20,62,3005,5071,9890,3778,4.196157735085945,False,False,False,True
ACATAATAAGGCGGTG-1,6855,3094,ER,CID4535,Stroma,1,21,63,3100,5126,6855,3094,4.3763676148796495,False,False,False,True
TAATACACAGTAGTAT-1,12287,3961,ER,CID4535,Stroma,1,20,64,3005,5180,12287,3961,3.1740864328151708,False,False,False,True
TCTTGGTAACACCAAA-1,3891,2142,ER,CID4535,Stroma,1,21,65,3100,5235,3891,2142,5.062965818555641,False,False,False,True
AACTGGGTCCCGACGT-1,16355,4902,ER,CID4535,Stroma,1,20,66,3005,5290,16355,4902,5.674105778049526,False,False,False,True
ATCACTTCATCCTCGC-1,9210,3742,ER,CID4535,Stroma,1,21,67,3100,5344,9210,3742,6.221498371335505,False,False,False,True
TGGAAGGATAAAGATG-1,21346,5856,ER,CID4535,Stroma,1,20,68,3005,5399,21346,5856,10.179893188419376,False,False,False,True
CATGATGCACAATTCT-1,13578,4632,ER,CID4535,Stroma,1,21,69,3100,5454,13578,4632,6.024451318309029,False,False,False,True
TGCCTGATCAAACGAT-1,17275,5364,ER,CID4535,Invasive cancer,1,20,70,3005,5508,17275,5364,4.2547033285094065,False,False,False,True
ATAGGGATATCCTTGA-1,16722,5400,ER,CID4535,Invasive cancer,1,21,71,3100,5563,16722,5400,3.803372802296376,False,False,False,True
CACCTAATCAGTTTAC-1,16810,5437,ER,CID4535,Invasive cancer,1,20,72,3005,5618,16810,5437,5.812016656751933,False,False,False,True
TGTGACTACGCCAGTC-1,20069,6040,ER,CID4535,Invasive cancer,1,21,73,3100,5672,20069,6040,5.2219841546664005,False,False,False,True
CCCGACCATAGTCCGC-1,15867,5011,ER,CID4535,Invasive cancer,1,20,74,3005,5727,15867,5011,8.237221907102791,False,False,False,True
CGCGCCCGACTTAATA-1,19966,5880,ER,CID4535,Invasive cancer,1,21,75,3100,5782,19966,5880,7.312431132925974,False,False,False,True
TGCCACCTGGCGAAAC-1,18677,5371,ER,CID4535,Invasive cancer,1,20,76,3005,5836,18677,5371,11.12062965144295,False,False,False,True
CTGCCAAGGTTGGAAG-1,10893,4312,ER,CID4535,Invasive cancer,1,21,77,3100,5891,10893,4312,5.526484898558707,False,False,False,True
TCTCCAACGTAGGTTA-1,23480,6426,ER,CID4535,Invasive cancer,1,20,78,3005,5945,23480,6426,7.406303236797274,False,False,False,True
TTCTTGGAGTAATGAG-1,13521,4715,ER,CID4535,Invasive cancer,1,21,79,3100,6000,13521,4715,6.611936986909252,False,False,False,True
GTCTCGATCTGCTTTC-1,14353,4735,ER,CID4535,Invasive cancer,1,20,80,3005,6055,14353,4735,8.61840730160942,False,False,False,True
TACTCTCCGAACAAAT-1,21658,5921,ER,CID4535,Uncertain,1,21,81,3100,6109,21658,5921,8.781974328192815,False,False,False,False
ATCACATTAGAATATC-1,25065,6219,ER,CID4535,Invasive cancer,1,20,82,3005,6164,25065,6219,9.83443048075005,False,False,False,True
TACGGGATGCTAGCAG-1,16592,5117,ER,CID4535,Uncertain,1,21,83,3100,6219,16592,5117,8.787367405978785,False,False,False,False
AGCTGAAGTAAACCAA-1,32778,7413,ER,CID4535,Invasive cancer,1,20,84,3005,6273,32778,7413,9.680273354078956,False,False,False,True
CATGGGTCGGGTGTGG-1,20942,5589,ER,CID4535,Uncertain,1,21,85,3100,6328,20942,5589,13.274758857797728,False,False,False,False
CACCCACGAGGCAATT-1,35248,7381,ER,CID4535,Invasive cancer,1,20,86,3005,6383,35248,7381,7.8983204720835225,False,False,False,True
TGCCATTACTAAAGAA-1,27815,6763,ER,CID4535,Uncertain,1,21,87,3100,6437,27815,6763,7.014200970699264,False,False,False,False
CCGTTACGTTAGAACA-1,50846,8151,ER,CID4535,Invasive cancer,1,20,88,3005,6492,50846,8151,9.32423396137356,False,False,False,True
GCCAGGAGTAACCGAT-1,36032,7178,ER,CID4535,Invasive cancer,1,21,89,3100,6547,36032,7178,6.752331261101244,False,False,False,True
TCTTACCGGAACTCGT-1,48767,7904,ER,CID4535,Lymphocytes,1,21,91,3100,6656,48767,7904,6.56181434166547,False,False,False,True
CTGTTCACTGCCTGTG-1,6500,2716,ER,CID4535,Stroma,1,22,56,3196,4743,6500,2716,11.446153846153846,False,False,False,True
ATGTGCATCCGACGCA-1,7032,3041,ER,CID4535,Stroma,1,23,57,3291,4798,7032,3041,11.13481228668942,False,False,False,True
TTGTCGTTCAGTTACC-1,2490,1588,ER,CID4535,Stroma,1,22,58,3195,4853,2490,1588,6.4658634538152615,False,False,False,True
CGGGATCAATGTAAGA-1,3858,2277,ER,CID4535,Stroma,1,23,59,3291,4907,3858,2277,5.080352514256091,False,False,False,True
TTATCTGTATCATAAC-1,5065,2835,ER,CID4535,Uncertain,1,22,60,3195,4962,5065,2835,3.297137216189536,False,False,False,False
ATCGACTCTTTCCGTT-1,3811,2207,ER,CID4535,Uncertain,1,23,61,3290,5017,3811,2207,4.067173970086591,False,False,False,False
CTCATTTGATGGGCGG-1,2011,1346,ER,CID4535,Uncertain,1,22,62,3195,5071,2011,1346,4.127299850820487,False,False,False,False
GTAAGCGGGCAGTCAG-1,5434,2597,ER,CID4535,Uncertain,1,23,63,3290,5126,5434,2597,3.8093485461906518,False,False,False,False
TCTATCGGTCGCAACA-1,3145,1853,ER,CID4535,Uncertain,1,22,64,3195,5181,3145,1853,4.133545310015898,False,False,False,False
AACGCGGTCTCCAGCC-1,3865,2095,ER,CID4535,Stroma,1,23,65,3290,5235,3865,2095,4.527813712807244,False,False,False,True
ATTAATACTACGCGGG-1,3602,2059,ER,CID4535,Stroma,1,22,66,3195,5290,3602,2059,4.830649639089395,False,False,False,True
CTTTAACTTTCAAAGG-1,6591,3004,ER,CID4535,Stroma,1,23,67,3290,5344,6591,3004,4.263389470490062,False,False,False,True
CGTACCTGATAGGCCT-1,7133,3086,ER,CID4535,Stroma,1,22,68,3195,5399,7133,3086,10.234123089864013,False,False,False,True
GAATGTTGGGTAATCT-1,7753,3701,ER,CID4535,Lymphocytes,1,23,69,3290,5454,7753,3701,2.3216819295756483,False,False,False,True
TGCGGAGTAAAGGTGC-1,12730,5010,ER,CID4535,Lymphocytes,1,22,70,3195,5508,12730,5010,2.741555380989788,False,False,False,True
CCTGAATATTTACATA-1,16388,5737,ER,CID4535,Lymphocytes,1,23,71,3290,5563,16388,5737,3.1974615572370024,False,False,False,True
TTGCTCCCATACCGGA-1,14318,5334,ER,CID4535,Lymphocytes,1,22,72,3195,5618,14318,5334,2.7867020533594076,False,False,False,True
CCTCTAATCTGCCAAG-1,12434,4874,ER,CID4535,Lymphocytes,1,23,73,3290,5672,12434,4874,3.273282933890944,False,False,False,True
AGGTTGAGGCACGCTT-1,8240,3707,ER,CID4535,Lymphocytes,1,22,74,3195,5727,8240,3707,5.740291262135922,False,False,False,True
TCCCGTCAGTCCCGCA-1,11887,4743,ER,CID4535,Lymphocytes,1,23,75,3290,5782,11887,4743,4.012787078320855,False,False,False,True
TCCGATGACTGAGCTC-1,8573,3767,ER,CID4535,Invasive cancer,1,22,76,3195,5836,8573,3767,4.187565612970955,False,False,False,True
CAGCCTCCTGCAGAGG-1,13613,5036,ER,CID4535,Invasive cancer,1,23,77,3290,5891,13613,5036,2.6886064791008595,False,False,False,True
CTTAGCCTTCCACATG-1,15680,5198,ER,CID4535,Invasive cancer,1,22,78,3195,5946,15680,5198,3.188775510204082,False,False,False,True
ATTAATGAACCAGTCG-1,19638,5716,ER,CID4535,Uncertain,1,23,79,3290,6000,19638,5716,4.812098991750688,False,False,False,False
ACGATACATAGAACTA-1,22500,6071,ER,CID4535,Uncertain,1,22,80,3195,6055,22500,6071,8.613333333333333,False,False,False,False
AGCCACTCCCGTGCTT-1,14727,4805,ER,CID4535,Uncertain,1,23,81,3290,6110,14727,4805,6.2741902627826445,False,False,False,False
ATACGGGTTTCGATTG-1,14064,4593,ER,CID4535,Uncertain,1,22,82,3195,6164,14064,4593,9.677189988623436,False,False,False,False
CTGTCAAATGGCTCGG-1,19070,5476,ER,CID4535,Uncertain,1,23,83,3290,6219,19070,5476,8.264289459884635,False,False,False,False
GCTCGGAATTTAAAGC-1,20859,5620,ER,CID4535,Uncertain,1,22,84,3195,6273,20859,5620,11.031209549834605,False,False,False,False
TAGGCATGTTACGCCA-1,14121,4675,ER,CID4535,Uncertain,1,23,85,3290,6328,14121,4675,9.666454217123434,False,False,False,False
TGGCAACTCGCGCGCC-1,17990,5425,ER,CID4535,Uncertain,1,22,86,3195,6383,17990,5425,7.292940522512508,False,False,False,False
ATCAGTAGGCAGGGAT-1,15339,4937,ER,CID4535,Uncertain,1,23,87,3290,6437,15339,4937,8.136123606493252,False,False,False,False
TATCGATCTATGCATA-1,21303,6016,ER,CID4535,Uncertain,1,22,88,3195,6492,21303,6016,5.750363798526029,False,False,False,False
CGACTCAGGATGTTAT-1,23782,6155,ER,CID4535,Uncertain,1,23,89,3290,6547,23782,6155,9.809940290976368,False,False,False,False
GCCATATTGCACACAG-1,18696,5911,ER,CID4535,Lymphocytes,1,22,90,3195,6601,18696,5911,2.8080872913992296,False,False,False,True
AATTCATAAGGGATCT-1,18232,5851,ER,CID4535,Lymphocytes,1,23,91,3290,6656,18232,5851,2.237823606845107,False,False,False,True
CGGTAGAGGTGCAGGT-1,41945,7766,ER,CID4535,Lymphocytes,1,22,92,3195,6711,41945,7766,3.371081177732745,False,False,False,True
AATGATGATACGCTAT-1,53161,8803,ER,CID4535,Lymphocytes,1,23,93,3290,6765,53161,8803,3.664340399917233,False,False,False,True
ATCGCACGCCGGGAGA-1,4365,2342,ER,CID4535,Lymphocytes,1,25,57,3481,4798,4365,2342,5.567010309278351,False,False,False,True
GCTCTAAACCCTGACG-1,2342,1494,ER,CID4535,Stroma,1,24,58,3386,4853,2342,1494,3.202391118701964,False,False,False,True
AATGCAACCGGGTACC-1,2651,1661,ER,CID4535,Stroma,1,25,59,3481,4907,2651,1661,3.6589966050546963,False,False,False,True
TCAAACAACCGCGTCG-1,1904,1280,ER,CID4535,Stroma,1,24,60,3386,4962,1904,1280,4.30672268907563,False,False,False,True
TATGCTCCCTACTTAC-1,2279,1478,ER,CID4535,Stroma,1,25,61,3481,5017,2279,1478,3.6858271171566472,False,False,False,True
AAAGGGATGTAGCAAG-1,3416,2039,ER,CID4535,Uncertain,1,24,62,3386,5071,3416,2039,3.425058548009368,False,False,False,False
ACGATCATACATAGAG-1,2595,1647,ER,CID4535,Stroma,1,25,63,3481,5126,2595,1647,3.4296724470134876,False,False,False,True
TTGTTCAGTGTGCTAC-1,2756,1680,ER,CID4535,Stroma,1,24,64,3386,5181,2756,1680,4.426705370101597,False,False,False,True
ATGCATGATCCAGGAT-1,5031,2611,ER,CID4535,Stroma,1,25,65,3481,5235,5031,2611,4.174120453190221,False,False,False,True
AGTCTTCTCCTCAAAT-1,3564,2001,ER,CID4535,Stroma,1,24,66,3385,5290,3564,2001,4.62962962962963,False,False,False,True
GATTCCCTTGTCGCAG-1,7682,3686,ER,CID4535,Lymphocytes,1,25,67,3481,5345,7682,3686,2.26503514709711,False,False,False,True
CTCGCACCTATATAGT-1,10582,4375,ER,CID4535,Lymphocytes,1,24,68,3385,5399,10582,4375,3.2319032319032317,False,False,False,True
ACTCAATAAAGGCACG-1,8290,3792,ER,CID4535,Lymphocytes,1,25,69,3480,5454,8290,3792,2.4004825090470447,False,False,False,True
AACCGAGCTTGGTCAT-1,13616,5181,ER,CID4535,Lymphocytes,1,24,70,3385,5508,13616,5181,2.9964747356051706,False,False,False,True
TAAGGCAACATAAGAT-1,13613,5155,ER,CID4535,Lymphocytes,1,25,71,3480,5563,13613,5155,2.791449349886138,False,False,False,True
CACGCACAGCGCAGCT-1,8971,3977,ER,CID4535,Lymphocytes,1,24,72,3385,5618,8971,3977,3.266079589789321,False,False,False,True
GGTTTACAATCTCAAT-1,12816,4961,ER,CID4535,Lymphocytes,1,25,73,3480,5672,12816,4961,2.528089887640449,False,False,False,True
TGCAGGATCGGCAAAG-1,15001,5273,ER,CID4535,Lymphocytes,1,24,74,3385,5727,15001,5273,3.713085794280381,False,False,False,True
ATAACGGAGTCCAACG-1,15113,5490,ER,CID4535,Lymphocytes,1,25,75,3480,5782,15113,5490,2.5342420432740025,False,False,False,True
AACGATATGTCAACTG-1,14666,5421,ER,CID4535,Lymphocytes,1,24,76,3385,5836,14666,5421,2.522841947361244,False,False,False,True
GACAACGACCATTGAA-1,16911,5159,ER,CID4535,Uncertain,1,25,77,3480,5891,16911,5159,4.015138075808646,False,False,False,False
TTGACCATGTTCTCCG-1,16435,5081,ER,CID4535,Uncertain,1,24,78,3385,5946,16435,5081,7.30757529662306,False,False,False,False
AGTACGGGCACCTGGC-1,15248,4858,ER,CID4535,Uncertain,1,25,79,3480,6000,15248,4858,8.374868835257084,False,False,False,False
CGCCATCCGATTATGA-1,12894,4515,ER,CID4535,Uncertain,1,24,80,3385,6055,12894,4515,7.080812781138514,False,False,False,False
AAGGTATCCTAATATA-1,29442,7023,ER,CID4535,Uncertain,1,25,81,3480,6110,29442,7023,5.20005434413423,False,False,False,False
TGTTGTCAAGAAGTCT-1,21057,5851,ER,CID4535,Uncertain,1,24,82,3385,6164,21057,5851,6.1594719095787624,False,False,False,False
CAGTGAATAAATGACT-1,20408,5749,ER,CID4535,Uncertain,1,25,83,3480,6219,20408,5749,8.78577028616229,False,False,False,False
CACCTTGCGAAACTCG-1,22556,5955,ER,CID4535,Uncertain,1,24,84,3385,6273,22556,5955,7.74960099308388,False,False,False,False
CATTTAGCGGACCATG-1,19542,5435,ER,CID4535,Uncertain,1,25,85,3480,6328,19542,5435,10.423702793982192,False,False,False,False
CCAGTCTAGACGGCGC-1,21911,5754,ER,CID4535,Uncertain,1,24,86,3385,6383,21911,5754,10.387476609921958,False,False,False,False
TCGCTTTAAACGTTTG-1,22772,5942,ER,CID4535,Uncertain,1,25,87,3480,6437,22772,5942,8.659757597049007,False,False,False,False
GTGAAACGGCGCCACC-1,22691,5826,ER,CID4535,Uncertain,1,24,88,3385,6492,22691,5826,10.585694768851086,False,False,False,False
GGGCTCATCGAACCCA-1,15873,4979,ER,CID4535,Uncertain,1,25,89,3480,6547,15873,4979,6.545706545706547,False,False,False,False
TTGATGTGTAGTCCCG-1,17264,5346,ER,CID4535,Invasive cancer,1,24,90,3385,6601,17264,5346,6.082020389249305,False,False,False,True
CAGTAGCCCACGCGGT-1,13034,4604,ER,CID4535,Invasive cancer,1,25,91,3480,6656,13034,4604,4.281110940616848,False,False,False,True
AGCGCGGGTGCCAATG-1,33977,7313,ER,CID4535,Lymphocytes,1,24,92,3385,6711,33977,7313,4.182240927686376,False,False,False,True
TAATCGATCCGTACGT-1,27773,6434,ER,CID4535,Lymphocytes,1,25,93,3480,6765,27773,6434,10.196953876066683,False,False,False,True
AGTGGCGGCAATTTGA-1,27491,6355,ER,CID4535,Lymphocytes,1,24,94,3385,6820,27491,6355,6.878614819395438,False,False,False,True
CGCATTAGCTAATAGG-1,14665,4711,ER,CID4535,Lymphocytes,1,27,57,3671,4798,14665,4711,5.434708489601091,False,False,False,True
GCTCTCGGGTACCGAA-1,5146,2571,ER,CID4535,Lymphocytes,1,26,58,3576,4853,5146,2571,3.9836766420520795,False,False,False,True
CACCGCCAGAAGGTTT-1,5526,2734,ER,CID4535,Lymphocytes,1,27,59,3671,4907,5526,2734,3.29352153456388,False,False,False,True
TCCCAAAGACGAAGGA-1,2597,1618,ER,CID4535,Stroma,1,26,60,3576,4962,2597,1618,4.081632653061225,False,False,False,True
ATGGATTGACCAAACG-1,2912,1731,ER,CID4535,Stroma,1,27,61,3671,5017,2912,1731,3.949175824175824,False,False,False,True
GTCATGGACATGACTA-1,2453,1583,ER,CID4535,Stroma,1,26,62,3576,5071,2453,1583,3.7505095801059927,False,False,False,True
CTACTGCCACCTGACC-1,2387,1490,ER,CID4535,Stroma,1,27,63,3671,5126,2387,1490,4.189359028068706,False,False,False,True
TTATATTTGGCAATCC-1,3564,2028,ER,CID4535,Stroma,1,26,64,3576,5181,3564,2028,4.377104377104377,False,False,False,True
AGCACCAGTACTCACG-1,4340,2351,ER,CID4535,Lymphocytes,1,27,65,3671,5235,4340,2351,4.308755760368664,False,False,False,True
CATGGTCTAGATACCG-1,5833,2986,ER,CID4535,Lymphocytes,1,26,66,3576,5290,5833,2986,2.760157723298474,False,False,False,True
TCTACCGTCCACAAGC-1,5440,2879,ER,CID4535,Lymphocytes,1,27,67,3671,5345,5440,2879,2.3529411764705883,False,False,False,True
CTAGTTGGGCCCGGTA-1,6061,3047,ER,CID4535,Lymphocytes,1,26,68,3576,5399,6061,3047,2.2768520046196996,False,False,False,True
TCCCGCGTACTCCTGG-1,5234,2633,ER,CID4535,Invasive cancer,1,27,69,3671,5454,5234,2633,2.5410775697363395,False,False,False,True
CAGAGCATGAGCTTGC-1,6185,3123,ER,CID4535,Lymphocytes,1,26,70,3576,5509,6185,3123,2.263540824575586,False,False,False,True
ACACGGGAACTTAGGG-1,7422,3322,ER,CID4535,Lymphocytes,1,27,71,3671,5563,7422,3322,1.9267043923470764,False,False,False,True
GGCTCTGCTCCAACGC-1,9599,4281,ER,CID4535,Lymphocytes,1,26,72,3575,5618,9599,4281,2.1460568809250966,False,False,False,True
AGAACGTGGTACATTC-1,10417,4241,ER,CID4535,Lymphocytes,1,27,73,3671,5673,10417,4241,2.899107228568686,False,False,False,True
CAATAAACCTTGGCCC-1,5689,2557,ER,CID4535,Stroma,1,26,74,3575,5727,5689,2557,4.288978730884162,False,False,False,True
ACTTCGCCATACGCAC-1,7295,3102,ER,CID4535,Stroma,1,27,75,3671,5782,7295,3102,3.947909527073338,False,False,False,True
ATCTGGTTAAGACTGT-1,7130,3065,ER,CID4535,Stroma,1,26,76,3575,5836,7130,3065,4.488078541374474,False,False,False,True
TCGTAAGACGACATTG-1,9200,3588,ER,CID4535,Invasive cancer,1,27,77,3670,5891,9200,3588,2.4782608695652173,False,False,False,True
GTGTACCTTGGCTACG-1,10641,4054,ER,CID4535,Invasive cancer,1,26,78,3575,5946,10641,4054,4.116154496757823,False,False,False,True
GCCCGTAATACCTTCT-1,9308,3799,ER,CID4535,Invasive cancer,1,27,79,3670,6000,9308,3799,4.222174473571121,False,False,False,True
CGGTCAAGTGGGAACC-1,15130,5125,ER,CID4535,Uncertain,1,26,80,3575,6055,15130,5125,4.88433575677462,False,False,False,False
TTGTAAGGCCAGTTGG-1,14484,4867,ER,CID4535,Uncertain,1,27,81,3670,6110,14484,4867,4.32201049433858,False,False,False,False
GGAGCACCAAGAACTA-1,24886,6389,ER,CID4535,Uncertain,1,26,82,3575,6164,24886,6389,6.4011894237724025,False,False,False,False
TAATAGTGACGACCAG-1,13351,4626,ER,CID4535,Uncertain,1,27,83,3670,6219,13351,4626,5.9171597633136095,False,False,False,False
CTAAATCCTATTCCGG-1,18717,5397,ER,CID4535,Uncertain,1,26,84,3575,6274,18717,5397,5.818240102580542,False,False,False,False
CGAGTTCTGTCCCACC-1,15391,4953,ER,CID4535,Uncertain,1,27,85,3670,6328,15391,4953,7.069066337469949,False,False,False,False
AGGCAGATGCGTAAAC-1,20631,5666,ER,CID4535,Uncertain,1,26,86,3575,6383,20631,5666,8.448451359604478,False,False,False,False
AAGGATGAGGGACCTC-1,19372,5431,ER,CID4535,Uncertain,1,27,87,3670,6438,19372,5431,9.875077431344208,False,False,False,False
AGAGAACCGTCTAGGA-1,21827,5805,ER,CID4535,Uncertain,1,26,88,3575,6492,21827,5805,8.581115132633894,False,False,False,False
GAGGGCGCAGCTCTGC-1,12613,4409,ER,CID4535,Uncertain,1,27,89,3670,6547,12613,4409,11.091730753983985,False,False,False,False
AAGATTGGCGGAACGT-1,15994,4996,ER,CID4535,Uncertain,1,26,90,3575,6601,15994,4996,8.934600475178192,False,False,False,False
CCAGTAGTCTGATCCA-1,8349,3721,ER,CID4535,Uncertain,1,27,91,3670,6656,8349,3721,4.790992933285423,False,False,False,False
AAGGGACAGATTCTGT-1,13516,4846,ER,CID4535,Invasive cancer,1,26,92,3575,6711,13516,4846,4.624149156555194,False,False,False,True
ATAGAGTTATCAACTT-1,5515,2697,ER,CID4535,Invasive cancer,1,27,93,3670,6765,5515,2697,6.727107887579329,False,False,False,True
AAATTACCTATCGATG-1,26673,6480,ER,CID4535,Invasive cancer,1,26,94,3575,6820,26673,6480,12.623251977655306,False,False,False,True
GATCCTAAATCGGGAC-1,40174,7194,ER,CID4535,Invasive cancer,1,27,95,3670,6875,40174,7194,16.97615373126898,False,False,False,True
GGGCGATATGTGTGAA-1,9475,3675,ER,CID4535,Lymphocytes,1,28,58,3766,4853,9475,3675,3.715039577836412,False,False,False,True
CTCGAGGTCGAACAGT-1,13325,4082,ER,CID4535,Lymphocytes,1,29,59,3861,4908,13325,4082,3.6622889305816133,False,False,False,True
GATCCCTTTATACTGC-1,3888,2032,ER,CID4535,Lymphocytes,1,28,60,3766,4962,3888,2032,4.320987654320987,False,False,False,True
GTCATGCACCTCCGTT-1,7045,3134,ER,CID4535,Lymphocytes,1,29,61,3861,5017,7045,3134,2.7821149751596876,False,False,False,True
ACTTTCCTATAGCTTC-1,2596,1628,ER,CID4535,Stroma,1,28,62,3766,5071,2596,1628,4.352850539291217,False,False,False,True
TCGCTCGATATATTCC-1,3881,2166,ER,CID4535,Stroma,1,29,63,3861,5126,3881,2166,4.277248131924762,False,False,False,True
ATAGGTTGGGCAGATG-1,3833,2232,ER,CID4535,Lymphocytes,1,28,64,3766,5181,3833,2232,3.417688494651709,False,False,False,True
CAATTAAGGGTGATGA-1,4292,2244,ER,CID4535,Lymphocytes,1,29,65,3861,5235,4292,2244,3.1919850885368124,False,False,False,True
ACCGACTGAGTCCCAC-1,4223,2392,ER,CID4535,Lymphocytes,1,28,66,3766,5290,4223,2392,2.462704238692872,False,False,False,True
CCTGTCACCCGGGCTC-1,5698,3038,ER,CID4535,Lymphocytes,1,29,67,3861,5345,5698,3038,1.8603018603018602,False,False,False,True
GATCGGTGGCCATAAC-1,3336,1987,ER,CID4535,Lymphocytes,1,28,68,3766,5399,3336,1987,3.567146282973621,False,False,False,True
CCTATGGGTTACCGTC-1,6364,2895,ER,CID4535,Lymphocytes,1,29,69,3861,5454,6364,2895,6.175361407919548,False,False,False,True
TTGGGACACTGCCCGC-1,3367,1969,ER,CID4535,Invasive cancer,1,28,70,3766,5509,3367,1969,3.267003267003267,False,False,False,True
CGAGGCTAAATATGGC-1,16638,4850,ER,CID4535,Invasive cancer,1,29,71,3861,5563,16638,4850,5.367231638418079,False,False,False,True
TCAGGGTGTAACGTAA-1,7614,3354,ER,CID4535,Invasive cancer,1,28,72,3766,5618,7614,3354,2.797478329393223,False,False,False,True
CGAGAGATGTGAACCT-1,13288,4427,ER,CID4535,Invasive cancer,1,29,73,3861,5673,13288,4427,3.822998193859121,False,False,False,True
TCGCTGGGCGGATTGT-1,5542,2415,ER,CID4535,Lymphocytes,1,28,74,3766,5727,5542,2415,3.1035727174305308,False,False,False,True
AGATCTCAGGTGTGAT-1,10284,3716,ER,CID4535,Invasive cancer,1,29,75,3861,5782,10284,3716,3.860365616491637,False,False,False,True
TGGCCAAACTGAAGTA-1,17375,4337,ER,CID4535,Invasive cancer,1,28,76,3766,5836,17375,4337,2.371223021582734,False,False,False,True
GCTTCCGTCCCTAGAC-1,4972,2151,ER,CID4535,Invasive cancer,1,29,77,3861,5891,4972,2151,3.258246178600161,False,False,False,True
CAGCAGCCCGTTCCTT-1,9848,3745,ER,CID4535,Invasive cancer,1,28,78,3766,5946,9848,3745,3.381397238017872,False,False,False,True
TGTATAACAGATCCTG-1,7345,2901,ER,CID4535,Stroma,1,29,79,3861,6000,7345,2901,3.7440435670524166,False,False,False,True
CGCGGGAATTAGGCAG-1,17503,5207,ER,CID4535,Invasive cancer,1,28,80,3765,6055,17503,5207,7.34731188939039,False,False,False,True
TGCATGTGGTAATCTA-1,9513,3576,ER,CID4535,Stroma,1,29,81,3861,6110,9513,3576,5.623883107326816,False,False,False,True
ACAATTTGAGCAGTGG-1,19935,5831,ER,CID4535,Uncertain,1,28,82,3765,6164,19935,5831,5.312264860797592,False,False,False,False
GAGCTAAGGGCATATC-1,16055,5050,ER,CID4535,Invasive cancer,1,29,83,3860,6219,16055,5050,4.285269386483962,False,False,False,True
CCAGATAGTTGAGTGA-1,13469,4782,ER,CID4535,Uncertain,1,28,84,3765,6274,13469,4782,4.870443240032667,False,False,False,False
CCACAATGTACGTCTT-1,11535,4427,ER,CID4535,Invasive cancer,1,29,85,3860,6328,11535,4427,3.8058084091894235,False,False,False,True
CAATGGATCTCTACCA-1,16565,5249,ER,CID4535,Uncertain,1,28,86,3765,6383,16565,5249,6.3567763356474485,False,False,False,False
TGTGGCAAAGCGTATG-1,9462,3897,ER,CID4535,Uncertain,1,29,87,3860,6438,9462,3897,5.220883534136546,False,False,False,False
TAAAGCGTTAGGAGAA-1,15584,5109,ER,CID4535,Uncertain,1,28,88,3765,6492,15584,5109,6.833932238193019,False,False,False,False
TCCGTTTAGCCTTGAA-1,12470,4630,ER,CID4535,Uncertain,1,29,89,3860,6547,12470,4630,5.677626303127506,False,False,False,False
CAGCTCGACAAGTTAA-1,8675,3705,ER,CID4535,Uncertain,1,28,90,3765,6602,8675,3705,4.737752161383285,False,False,False,False
GCCTATAGTGTCAGGG-1,4372,2342,ER,CID4535,Uncertain,1,29,91,3860,6656,4372,2342,7.0905763952424525,False,False,False,False
ATAGACAACGGGACCT-1,6743,3196,ER,CID4535,Invasive cancer,1,28,92,3765,6711,6743,3196,6.30283256710663,False,False,False,True
CTACTATCTTTCAGAG-1,4662,2386,ER,CID4535,Invasive cancer,1,29,93,3860,6766,4662,2386,7.5504075504075505,False,False,False,True
GCGCTGCTTTGCATTT-1,10579,3746,ER,CID4535,Invasive cancer,1,28,94,3765,6820,10579,3746,12.487002552226107,False,False,False,True
GCGCATCCAGTCAGCA-1,18182,5049,ER,CID4535,Invasive cancer,1,29,95,3860,6875,18182,5049,14.624353756462435,False,False,False,True
GACTCGCGGGAATGAC-1,34884,6797,ER,CID4535,Invasive cancer,1,28,96,3765,6929,34884,6797,13.55635821580094,False,False,False,True
ATCTGCACCTCTGCGA-1,12086,3508,ER,CID4535,Artefact,1,29,101,3860,7203,12086,3508,20.966407413536324,False,True,True,False
TGCAAGAATGACGTAA-1,13794,4588,ER,CID4535,Lymphocytes,1,30,60,3956,4962,13794,4588,3.1970421922575034,False,False,False,True
GCGAAGCCATACCCGT-1,17475,4669,ER,CID4535,Lymphocytes,1,31,61,4051,5017,17475,4669,2.7296137339055795,False,False,False,True
TCCTTTCTTACGCTTA-1,6814,3199,ER,CID4535,Lymphocytes,1,30,62,3956,5072,6814,3199,3.228646903434106,False,False,False,True
GCTGCTCTCCGGACAC-1,24677,6207,ER,CID4535,Invasive cancer,1,31,63,4051,5126,24677,6207,7.310451027272359,False,False,False,True
ACTGTCTTCTTTAGAA-1,12457,4308,ER,CID4535,Stroma,1,30,64,3956,5181,12457,4308,9.151481094966684,False,False,False,True
TCAAACTTAGATTGTT-1,8686,3681,ER,CID4535,Invasive cancer,1,31,65,4051,5236,8686,3681,7.840202624913655,False,False,False,True
CTATGTCACTAGCCCA-1,6155,2812,ER,CID4535,Stroma,1,30,66,3956,5290,6155,2812,3.6393176279447603,False,False,False,True
TGCGCAAAGCATTTGG-1,5852,2792,ER,CID4535,Stroma,1,31,67,4051,5345,5852,2792,4.032809295967191,False,False,False,True
TTAATGTAGACCAGGT-1,5326,2622,ER,CID4535,Stroma,1,30,68,3956,5399,5326,2622,3.999248967330079,False,False,False,True
GGCGGTAGGATCATTG-1,6335,2721,ER,CID4535,Stroma,1,31,69,4051,5454,6335,2721,3.172849250197317,False,False,False,True
GGCAATAGTCAATGAG-1,15458,5082,ER,CID4535,Invasive cancer,1,30,70,3956,5509,15458,5082,6.061586233665416,False,False,False,True
ACACGAGACTCCTTCT-1,10727,3683,ER,CID4535,Stroma,1,31,71,4051,5563,10727,3683,3.6636524657406544,False,False,False,True
GACACAAGGGAAGAAA-1,14310,4596,ER,CID4535,Invasive cancer,1,30,72,3956,5618,14310,4596,3.8853948287910547,False,False,False,True
TCAGCAAATGCATCTC-1,13566,4368,ER,CID4535,Invasive cancer,1,31,73,4051,5673,13566,4368,9.855521155830752,False,False,False,True
GAGATCTGTCACTCCG-1,16902,4763,ER,CID4535,Uncertain,1,30,74,3956,5727,16902,4763,7.928055851378534,False,False,False,False
ATGCCGGTCTTGCATA-1,6473,2776,ER,CID4535,Uncertain,1,31,75,4051,5782,6473,2776,4.341109222926001,False,False,False,False
TTGGGCGGCGGTTGCC-1,14825,4346,ER,CID4535,Uncertain,1,30,76,3956,5837,14825,4346,7.615514333895447,False,False,False,False
TTGTTGTGTGTCAAGA-1,19478,5279,ER,CID4535,Uncertain,1,31,77,4051,5891,19478,5279,11.546359995892802,False,False,False,False
ACTGTACGATACACAT-1,10239,3874,ER,CID4535,Uncertain,1,30,78,3956,5946,10239,3874,8.262525637269265,False,False,False,False
TCCACTTTATCTAGGT-1,9917,3816,ER,CID4535,Uncertain,1,31,79,4051,6001,9917,3816,7.290511243319553,False,False,False,False
GGTCTGAGAATCTGGA-1,6773,2727,ER,CID4535,Stroma,1,30,80,3956,6055,6773,2727,3.4106009153993795,False,False,False,True
TAGAAAGGTGGCGCTA-1,7171,3013,ER,CID4535,Stroma,1,31,81,4051,6110,7171,3013,4.560033468135546,False,False,False,True
TATGTCTCATTGTGCC-1,4435,2233,ER,CID4535,Stroma,1,30,82,3956,6164,4435,2233,3.720405862457723,False,False,False,True
GGATTTCACTTCTATA-1,3700,1915,ER,CID4535,Stroma,1,31,83,4051,6219,3700,1915,3.8918918918918917,False,False,False,True
TGAGTGGTCCGTGACG-1,15228,4824,ER,CID4535,Invasive cancer,1,30,84,3956,6274,15228,4824,5.79852902547938,False,False,False,True
CGCTTTCTTGCATTCG-1,5892,2838,ER,CID4535,Lymphocytes,1,31,85,4051,6328,5892,2838,2.4439918533604885,False,False,False,True
ACCCAACGCCCGTGGC-1,13280,4683,ER,CID4535,Invasive cancer,1,30,86,3955,6383,13280,4683,5.338855421686747,False,False,False,True
GAACGTCTCATGGTCG-1,11932,4608,ER,CID4535,Lymphocytes,1,31,87,4051,6438,11932,4608,2.430439155212873,False,False,False,True
AGGGTTCCCTTTGGTT-1,4347,2406,ER,CID4535,Lymphocytes,1,30,88,3955,6492,4347,2406,5.014952841039798,False,False,False,True
GTAGCTTCCTCTTGTT-1,3760,2274,ER,CID4535,Lymphocytes,1,31,89,4051,6547,3760,2274,2.4468085106382977,False,False,False,True
GCATGAGGGACGCGGC-1,4929,2575,ER,CID4535,Invasive cancer,1,30,90,3955,6602,4929,2575,5.153175086224386,False,False,False,True
CTACCCTAAGGTCATA-1,3987,2222,ER,CID4535,Lymphocytes,1,31,91,4050,6656,3987,2222,4.6651617757712565,False,False,False,True
TCACCGCTCGGCACTC-1,3761,2118,ER,CID4535,Invasive cancer,1,30,92,3955,6711,3761,2118,4.99867056633874,False,False,False,True
GGCTCGCGTTGAGGTA-1,4699,2532,ER,CID4535,Invasive cancer,1,31,93,4050,6766,4699,2532,4.70312832517557,False,False,False,True
CTAACGAAACTTGCTG-1,9974,3933,ER,CID4535,Invasive cancer,1,30,94,3955,6820,9974,3933,10.256667335071185,False,False,False,True
TTAAACTCGAATTCAT-1,3135,1878,ER,CID4535,Artefact,1,31,95,4050,6875,3135,1878,4.56140350877193,False,True,True,False
TACTTTACTGAGCCGG-1,13263,4614,ER,CID4535,Artefact,1,30,96,3955,6929,13263,4614,12.651737917514891,False,True,True,False
GCTTGGATCGATTAGG-1,24670,5657,ER,CID4535,Artefact,1,31,97,4050,6984,24670,5657,22.98338062423997,False,True,True,False
CTCTGGACGCCTGGTG-1,12033,4495,ER,CID4535,Invasive cancer,1,32,62,4146,5072,12033,4495,4.121997839275327,False,False,False,True
AGGGTTTAGTTCGGGA-1,16125,4976,ER,CID4535,Stroma,1,33,63,4241,5126,16125,4976,11.708527131782946,False,False,False,True
GGGAGAACTCACAGTA-1,7677,3532,ER,CID4535,Invasive cancer,1,32,64,4146,5181,7677,3532,5.041031652989449,False,False,False,True
ATCAATCTGGGCTGCA-1,11572,4035,ER,CID4535,Stroma,1,33,65,4241,5236,11572,4035,15.312824058071206,False,False,False,True
TCTTCGATACCAATAA-1,4714,2502,ER,CID4535,Stroma,1,32,66,4146,5290,4714,2502,5.176071277047094,False,False,False,True
ACGTAGATTGCTGATG-1,8265,3393,ER,CID4535,Stroma,1,33,67,4241,5345,8265,3393,7.900786448880822,False,False,False,True
TCTTGATGCGTAGCGA-1,3535,1989,ER,CID4535,Stroma,1,32,68,4146,5399,3535,1989,3.7057991513437054,False,False,False,True
GGGCTGCCTAGGGCGA-1,12278,4574,ER,CID4535,Lymphocytes,1,33,69,4241,5454,12278,4574,2.3049356572731714,False,False,False,True
CTCTCACAATCGATGA-1,7183,3054,ER,CID4535,Lymphocytes,1,32,70,4146,5509,7183,3054,2.6590561046916332,False,False,False,True
CCAAGCGTAACTCGTA-1,12250,4259,ER,CID4535,Lymphocytes,1,33,71,4241,5563,12250,4259,1.9183673469387756,False,False,False,True
ACAACAGCATGAGCTA-1,10587,3874,ER,CID4535,Uncertain,1,32,72,4146,5618,10587,3874,11.192972513459903,False,False,False,False
GTCCCAACGTAAAGTA-1,9348,3455,ER,CID4535,Stroma,1,33,73,4241,5673,9348,3455,5.220367993153616,False,False,False,True
TCGGAGTACATGAGTA-1,5147,2338,ER,CID4535,Invasive cancer,1,32,74,4146,5727,5147,2338,4.507480085486691,False,False,False,True
GGGAGTTAATGAGGCG-1,16648,4927,ER,CID4535,Uncertain,1,33,75,4241,5782,16648,4927,12.740269101393562,False,False,False,False
CCGGGCGGTCTCGTCA-1,16799,4872,ER,CID4535,Uncertain,1,32,76,4146,5837,16799,4872,11.161378653491278,False,False,False,False
CCGTAAGTTGGTCCCA-1,17839,5415,ER,CID4535,Uncertain,1,33,77,4241,5891,17839,5415,5.235719491002859,False,False,False,False
GGAGGGCTTGGTTGGC-1,13304,4312,ER,CID4535,Uncertain,1,32,78,4146,5946,13304,4312,13.732711966325917,False,False,False,False
TCGGACGCCCAGCCCA-1,11768,4055,ER,CID4535,Uncertain,1,33,79,4241,6001,11768,4055,6.092794017675051,False,False,False,False
TCTGTGCCATCATAGT-1,9559,3176,ER,CID4535,Uncertain,1,32,80,4146,6055,9559,3176,3.651009519824249,False,False,False,False
GTACTGGAGTTAGACC-1,19398,5315,ER,CID4535,Uncertain,1,33,81,4241,6110,19398,5315,10.165996494483966,False,False,False,False
GGAATGCGCTAGCGTG-1,11311,3877,ER,CID4535,Uncertain,1,32,82,4146,6165,11311,3877,10.441163469189284,False,False,False,False
GTGTGAATAACTTAGG-1,12987,4574,ER,CID4535,Uncertain,1,33,83,4241,6219,12987,4574,5.767305767305767,False,False,False,False
GGTCGGCCAGGAGCTT-1,5222,2477,ER,CID4535,Stroma,1,32,84,4146,6274,5222,2477,4.09804672539257,False,False,False,True
TAGCCGGCGGTCAGCG-1,6057,2836,ER,CID4535,Stroma,1,33,85,4241,6329,6057,2836,4.507181773155027,False,False,False,True
CGGGTGTACCCATTTA-1,7791,3359,ER,CID4535,Stroma,1,32,86,4146,6383,7791,3359,4.22282120395328,False,False,False,True
AGTGATTCAAGCAGGA-1,12895,4395,ER,CID4535,Invasive cancer + lymphocytes,1,33,87,4241,6438,12895,4395,7.5765800697944945,False,False,False,True
GTTGGATTGAGAACAC-1,10191,4052,ER,CID4535,Lymphocytes,1,32,88,4146,6492,10191,4052,4.15072122460995,False,False,False,True
CACACGCGCTGTCTTA-1,13025,4564,ER,CID4535,Invasive cancer + lymphocytes,1,33,89,4241,6547,13025,4564,6.372360844529751,False,False,False,True
TAGACGCCCGTACCGG-1,6857,3115,ER,CID4535,Lymphocytes,1,32,90,4146,6602,6857,3115,4.40425842205046,False,False,False,True
GGTTTCAATCGGTCAG-1,7603,3172,ER,CID4535,Stroma,1,33,91,4241,6656,7603,3172,5.603051427068262,False,False,False,True
AATCTGCGTTGGGACG-1,4762,2522,ER,CID4535,Stroma,1,32,92,4146,6711,4762,2522,5.03989920201596,False,False,False,True
TTACGGATGGTTCGAG-1,5324,2676,ER,CID4535,Artefact,1,33,93,4241,6766,5324,2676,5.822689706987227,False,True,True,False
CGGCAGGGTCGGGTTG-1,4874,2641,ER,CID4535,Stroma,1,32,94,4145,6820,4874,2641,4.80098481739844,False,False,False,True
GCTTTCAGAGGAGGTG-1,3363,2032,ER,CID4535,Artefact,1,33,95,4241,6875,3363,2032,4.430567945286946,False,True,True,False
TCTTCCCATGGGCACA-1,7768,3666,ER,CID4535,Artefact,1,32,96,4145,6930,7768,3666,5.020597322348095,False,True,True,False
CTAGCATAGTATAATG-1,19271,5369,ER,CID4535,Lymphocytes,1,34,66,4336,5290,19271,5369,14.955113901717606,False,False,False,True
GAATTATAGTGAAAGG-1,24956,6338,ER,CID4535,Lymphocytes,1,34,68,4336,5400,24956,6338,8.246513864401345,False,False,False,True
CTATCGGGTCTCAACA-1,20248,5889,ER,CID4535,Lymphocytes,1,35,69,4431,5454,20248,5889,6.42532595811932,False,False,False,True
GCGCTAATTGAATAGA-1,16866,5500,ER,CID4535,Lymphocytes,1,34,70,4336,5509,16866,5500,3.154274872524606,False,False,False,True
ATGCGACAGTCCCATT-1,23684,6190,ER,CID4535,Lymphocytes,1,35,71,4431,5564,23684,6190,8.769633507853403,False,False,False,True
GGTAGTGCTCGCACCA-1,9836,3999,ER,CID4535,Lymphocytes,1,34,72,4336,5618,9836,3999,4.463196421309475,False,False,False,True
AAGCTCGTGCCAAGTC-1,13651,4535,ER,CID4535,Lymphocytes,1,35,73,4431,5673,13651,4535,3.1059995604717603,False,False,False,True
TATTCAATTCTAATCC-1,9598,2595,ER,CID4535,Stroma,1,34,74,4336,5727,9598,2595,1.6878516357574493,False,False,False,True
TTCAAAGTCTCTAGCC-1,11402,3891,ER,CID4535,Stroma,1,35,75,4431,5782,11402,3891,7.621469917558323,False,False,False,True
TTGAATATGGACTTTC-1,5683,2578,ER,CID4535,Stroma,1,34,76,4336,5837,5683,2578,6.281893366179834,False,False,False,True
AAGAGCTCTTTATCGG-1,11295,3865,ER,CID4535,Invasive cancer + lymphocytes,1,35,77,4431,5891,11295,3865,4.940239043824701,False,False,False,True
TTACTCCGGCCGGGAA-1,17870,5364,ER,CID4535,Uncertain,1,34,78,4336,5946,17870,5364,7.783995523223279,False,False,False,False
AAACGAGACGGTTGAT-1,7891,2986,ER,CID4535,Invasive cancer + lymphocytes,1,35,79,4431,6001,7891,2986,3.0794576099353694,False,False,False,True
GCTAAGTAGTTTCTCT-1,6542,3000,ER,CID4535,Uncertain,1,34,80,4336,6055,6542,3000,5.181901559156222,False,False,False,False
ATAACGCCGGAGGGTC-1,6655,3005,ER,CID4535,Invasive cancer + lymphocytes,1,35,81,4431,6110,6655,3005,3.6814425244177307,False,False,False,True
GGATCCGGAATATACT-1,17722,4206,ER,CID4535,Uncertain,1,34,82,4336,6165,17722,4206,2.646428168378287,False,False,False,False
TGAAAGGACCTGACTC-1,7019,2885,ER,CID4535,Invasive cancer + lymphocytes,1,35,83,4431,6219,7019,2885,4.316854252742556,False,False,False,True
TCCGCGGCAGCATCTG-1,10698,4046,ER,CID4535,Invasive cancer + lymphocytes,1,34,84,4336,6274,10698,4046,5.028977378949336,False,False,False,True
TGCATATGTCTGTCAC-1,6186,2759,ER,CID4535,Invasive cancer + lymphocytes,1,35,85,4431,6329,6186,2759,4.1707080504364695,False,False,False,True
TGTAGGAGAAATTTCC-1,11680,3948,ER,CID4535,Stroma,1,34,86,4336,6383,11680,3948,6.481164383561644,False,False,False,True
AGTGAGACTTCCAGTA-1,13840,4751,ER,CID4535,Invasive cancer + lymphocytes,1,35,87,4431,6438,13840,4751,3.670520231213873,False,False,False,True
CCCAAACATGCTGCTC-1,17348,5029,ER,CID4535,Invasive cancer + lymphocytes,1,34,88,4336,6492,17348,5029,5.464606871109061,False,False,False,True
GCTTATGAAGCAGGAA-1,20549,5963,ER,CID4535,Invasive cancer + lymphocytes,1,35,89,4431,6547,20549,5963,6.851914935033335,False,False,False,True
TTCTAACCGAAGCTTA-1,17147,5366,ER,CID4535,Invasive cancer + lymphocytes,1,34,90,4336,6602,17147,5366,4.875488423630956,False,False,False,True
GGATGTCCTTACCGCA-1,18742,5565,ER,CID4535,Invasive cancer + lymphocytes,1,35,91,4431,6656,18742,5565,6.242663536442215,False,False,False,True
AGGGTGCTCTCGAGGG-1,12707,4481,ER,CID4535,Invasive cancer + lymphocytes,1,34,92,4336,6711,12707,4481,7.6257181081293774,False,False,False,True
AACTCTCAATAGAGCG-1,2153,1268,ER,CID4535,Artefact,1,35,93,4431,6766,2153,1268,5.294937296795169,False,True,True,False
TCTGAATTCCGTACAA-1,5084,2543,ER,CID4535,Artefact,1,34,94,4336,6820,5084,2543,4.799370574350905,False,True,True,False
GCGTGGTACTGGGTTA-1,8852,3548,ER,CID4535,Artefact,1,35,95,4431,6875,8852,3548,4.47356529597831,False,True,True,False
CGTCGGATAGTGTTGA-1,21260,5658,ER,CID4535,Artefact,1,34,96,4336,6930,21260,5658,10.19755409219191,False,True,True,False
TTCGGGACTAATCGCG-1,20052,5646,ER,CID4535,Lymphocytes,1,36,72,4526,5618,20052,5646,7.2760821863155805,False,False,False,True
CCACCCAAGGAAAGTG-1,18086,5232,ER,CID4535,Artefact,1,37,75,4621,5782,18086,5232,10.411367908879797,False,True,True,False
CCGCACAAAGACCAAC-1,14900,4911,ER,CID4535,Invasive cancer + lymphocytes,1,36,76,4526,5837,14900,4911,8.120805369127517,False,False,False,True
GCGATTGTTAACGTTA-1,12646,4279,ER,CID4535,Invasive cancer + lymphocytes,1,37,77,4621,5892,12646,4279,5.369286730982129,False,False,False,True
ACTCGTCAGTAATCCC-1,11040,3826,ER,CID4535,Invasive cancer + lymphocytes,1,36,78,4526,5946,11040,3826,4.221014492753623,False,False,False,True
GGTGATAAGGAGCAGT-1,9456,3763,ER,CID4535,Invasive cancer + lymphocytes,1,37,79,4621,6001,9456,3763,2.284263959390863,False,False,False,True
AAGAGGCATGGATCGC-1,8630,3632,ER,CID4535,Invasive cancer + lymphocytes,1,36,80,4526,6055,8630,3632,7.589803012746234,False,False,False,True
CACGTTCGTGCTCTAG-1,7776,3594,ER,CID4535,Invasive cancer + lymphocytes,1,37,81,4621,6110,7776,3594,2.9963991769547325,False,False,False,True
CTATTTGGTTACGGAT-1,3435,1892,ER,CID4535,Invasive cancer + lymphocytes,1,36,82,4526,6165,3435,1892,3.9010189228529843,False,False,False,True
GTACAGAGGCAAGGGT-1,6406,3099,ER,CID4535,Invasive cancer + lymphocytes,1,37,83,4621,6219,6406,3099,3.7777083983765216,False,False,False,True
GGGCCGGCCGAAGTAC-1,5658,2728,ER,CID4535,Invasive cancer + lymphocytes,1,36,84,4526,6274,5658,2728,4.471544715447155,False,False,False,True
CCTGAACGATATATTC-1,4515,2399,ER,CID4535,Invasive cancer + lymphocytes,1,37,85,4621,6329,4515,2399,4.4075304540420825,False,False,False,True
CCGGGCTGCTCCATAC-1,5075,2533,ER,CID4535,Invasive cancer + lymphocytes,1,36,86,4526,6383,5075,2533,4.945812807881773,False,False,False,True
TACTTGTTAGTAGTCC-1,7406,3141,ER,CID4535,Invasive cancer + lymphocytes,1,37,87,4621,6438,7406,3141,3.9832568187955713,False,False,False,True
CCTAGGCGTAGCGATC-1,18462,5505,ER,CID4535,Invasive cancer + lymphocytes,1,36,88,4526,6493,18462,5505,6.543169754089481,False,False,False,True
CTGGCGCACAGGTCTG-1,10466,4158,ER,CID4535,Invasive cancer + lymphocytes,1,37,89,4621,6547,10466,4158,3.535257022740302,False,False,False,True
ACTTATACTTACCCGG-1,26094,6573,ER,CID4535,Invasive cancer + lymphocytes,1,36,90,4526,6602,26094,6573,7.768069287958918,False,False,False,True
GAAGTCTCCCTAGCGA-1,29172,7081,ER,CID4535,Invasive cancer + lymphocytes,1,37,91,4621,6657,29172,7081,5.049362402303579,False,False,False,True
ACCGATGGTAGCATCG-1,6841,3027,ER,CID4535,Artefact,1,36,92,4526,6711,6841,3027,6.197924280076013,False,True,True,False
CGAGTTTATCGGACTG-1,9866,3796,ER,CID4535,Artefact,1,37,93,4621,6766,9866,3796,4.388810054733428,False,True,True,False
CATAACGGACAGTCGT-1,7871,3249,ER,CID4535,Artefact,1,36,94,4526,6820,7871,3249,4.052852242408843,False,True,True,False
TGACGATGCACTAGAA-1,16313,5445,ER,CID4535,Artefact,1,37,95,4621,6875,16313,5445,3.996812358241893,False,True,True,False
TAGGGAGCTTGGGATG-1,26391,6400,ER,CID4535,Artefact,1,36,96,4526,6930,26391,6400,9.745746656056989,False,True,True,False
TGTACGAACAAATCCG-1,6444,2778,ER,CID4535,Artefact,1,38,58,4717,4853,6444,2778,8.535071384233394,False,True,True,False
ATCATCCAATATTTGT-1,20642,6129,ER,CID4535,Invasive cancer,1,39,59,4812,4908,20642,6129,7.470206375351225,False,False,False,True
CGCTATTCTTAGGCTC-1,12913,4383,ER,CID4535,Artefact,1,38,60,4717,4963,12913,4383,11.376132579570974,False,True,True,False
TGGCAGCAGTAATAGT-1,23126,6350,ER,CID4535,Invasive cancer,1,39,61,4812,5017,23126,6350,10.109833088298885,False,False,False,True
TCACGTGCCCGATTCA-1,5833,2639,ER,CID4535,Artefact,1,38,62,4717,5072,5833,2639,8.657637579290245,False,True,True,False
CTTGTTGCTGAGTCAA-1,10244,3557,ER,CID4535,Invasive cancer + lymphocytes,1,38,80,4716,6055,10244,3557,2.7625927372120267,False,False,False,True
TTATGATCTTAACGAA-1,15052,4889,ER,CID4535,Invasive cancer + lymphocytes,1,38,82,4716,6165,15052,4889,10.197980334839224,False,False,False,True
CGCCGCCCATGCCTGT-1,13943,4647,ER,CID4535,Invasive cancer + lymphocytes,1,39,83,4811,6219,13943,4647,8.226350139855125,False,False,False,True
CTGGGATAAATAATGG-1,16536,5029,ER,CID4535,Invasive cancer + lymphocytes,1,38,84,4716,6274,16536,5029,5.835752298016448,False,False,False,True
GTGCCCGTTCGGATTC-1,9549,3902,ER,CID4535,Invasive cancer + lymphocytes,1,39,85,4811,6329,9549,3902,3.089328725520997,False,False,False,True
TTCAATACTCTGAATC-1,6922,3003,ER,CID4535,Invasive cancer + lymphocytes,1,38,86,4716,6383,6922,3003,3.1204854088413754,False,False,False,True
CGCACATGTCCACTAC-1,6965,2856,ER,CID4535,Invasive cancer + lymphocytes,1,39,87,4811,6438,6965,2856,2.8858578607322327,False,False,False,True
GATAACTCGCACTGTG-1,6853,3100,ER,CID4535,Invasive cancer + lymphocytes,1,39,89,4811,6547,6853,3100,2.582810447978987,False,False,False,True
AGTCGACGGTCTCAAG-1,12262,4160,ER,CID4535,Invasive cancer + lymphocytes,1,38,90,4716,6602,12262,4160,2.813570380035883,False,False,False,True
GTGACCGCACACTACG-1,13381,4401,ER,CID4535,Invasive cancer + lymphocytes,1,39,91,4811,6657,13381,4401,2.2419849039683135,False,False,False,True
GTATGTGGGTCTAGTT-1,24392,6302,ER,CID4535,Invasive cancer + lymphocytes,1,38,92,4716,6711,24392,6302,7.6500491964578545,False,False,False,True
CTTGAGTTAGGGTAAT-1,24420,6279,ER,CID4535,Invasive cancer + lymphocytes,1,39,93,4811,6766,24420,6279,3.2596232596232593,False,False,False,True
TTAGCTGATTTGCCGT-1,27450,6524,ER,CID4535,Artefact,1,38,94,4716,6821,27450,6524,6.82695810564663,False,True,True,False
CGGGCCTTCTTTGTAA-1,22764,6209,ER,CID4535,Invasive cancer,1,41,55,5002,4689,22764,6209,6.549815498154982,False,False,False,True
CGTGAAGTTAATTCAC-1,12640,4599,ER,CID4535,Invasive cancer,1,40,56,4907,4744,12640,4599,5.799050632911392,False,False,False,True
ATAGTGAAGCGTTCTC-1,8309,3590,ER,CID4535,Invasive cancer,1,41,57,5002,4799,8309,3590,5.1630761824527625,False,False,False,True
TACGCCATATTCTAAT-1,2176,1359,ER,CID4535,Invasive cancer,1,40,58,4907,4853,2176,1359,3.6764705882352944,False,False,False,True
GCCGGGTTAGGGTCGC-1,1386,973,ER,CID4535,Invasive cancer,1,41,59,5002,4908,1386,973,3.535353535353535,False,False,False,True
TACATAGGCATACACC-1,7681,3504,ER,CID4535,Invasive cancer,1,40,60,4907,4963,7681,3504,3.6844160916547324,False,False,False,True
GCCGATTGGCCAAGCT-1,9877,4043,ER,CID4535,Invasive cancer,1,41,61,5002,5017,9877,4043,5.88235294117647,False,False,False,True
CTGCCATGCATCACAT-1,15107,5192,ER,CID4535,Invasive cancer,1,40,62,4907,5072,15107,5192,6.612828490103925,False,False,False,True
ATTTGTCTTGGGAGCT-1,21602,5951,ER,CID4535,Invasive cancer + lymphocytes,1,40,84,4906,6274,21602,5951,8.147393759837051,False,False,False,True
CCTCGGACCGGGATAG-1,24162,6293,ER,CID4535,Invasive cancer + lymphocytes,1,41,85,5001,6329,24162,6293,6.195679165631985,False,False,False,True
TAGGTGCTCGCCTAGC-1,9960,4046,ER,CID4535,Invasive cancer + lymphocytes,1,40,86,4906,6383,9960,4046,2.9518072289156625,False,False,False,True
CTTTAGGAACACTGTT-1,17272,5338,ER,CID4535,Invasive cancer + lymphocytes,1,41,87,5001,6438,17272,5338,4.68967114404817,False,False,False,True
TCGGGCCGTCGTGGTA-1,6142,2433,ER,CID4535,Invasive cancer + lymphocytes,1,40,88,4906,6493,6142,2433,3.2725496580918265,False,False,False,True
AGTGCTTGCACGAATA-1,15708,5172,ER,CID4535,Invasive cancer + lymphocytes,1,41,89,5001,6547,15708,5172,5.748663101604278,False,False,False,True
TGCAGTTTCCTCCCAT-1,10533,4082,ER,CID4535,Invasive cancer + lymphocytes,1,40,90,4906,6602,10533,4082,4.186841355739106,False,False,False,True
GTTACTTTGGGCCTAG-1,15256,4938,ER,CID4535,Invasive cancer,1,43,51,5192,4471,15256,4938,9.406135291033037,False,False,False,True
GAAATTGTCTCTATAA-1,27200,6910,ER,CID4535,Invasive cancer,1,43,53,5192,4580,27200,6910,6.316176470588235,False,False,False,True
GGCGCATGAATTGATG-1,23353,6359,ER,CID4535,Invasive cancer,1,42,54,5097,4635,23353,6359,6.247591315890892,False,False,False,True
CATATAGGTACAGTCA-1,16738,5336,ER,CID4535,Invasive cancer,1,43,55,5192,4690,16738,5336,5.41880750388338,False,False,False,True
TCAACGAGGAGACAAA-1,16062,5070,ER,CID4535,Invasive cancer,1,42,56,5097,4744,16062,5070,9.152035861038476,False,False,False,True
TTGCACAATTCAGAAA-1,4855,2494,ER,CID4535,Invasive cancer,1,43,57,5192,4799,4855,2494,3.728115345005149,False,False,False,True
CATCGGACGGGTTAAT-1,2133,1368,ER,CID4535,Invasive cancer,1,42,58,5097,4853,2133,1368,3.79746835443038,False,False,False,True
ATTAAACATGCGGACC-1,2288,1365,ER,CID4535,Invasive cancer,1,43,59,5192,4908,2288,1365,4.545454545454546,False,False,False,True
TATCTACCACAGCGGG-1,1885,1293,ER,CID4535,Invasive cancer,1,42,60,5097,4963,1885,1293,3.076923076923077,False,False,False,True
CGAGACCCTAGAGTGT-1,8536,3555,ER,CID4535,Invasive cancer,1,43,61,5192,5017,8536,3555,7.017338331771321,False,False,False,True
GATACGATGGGAGTCA-1,21946,5923,ER,CID4535,Invasive cancer,1,45,45,5383,4143,21946,5923,9.104164768067074,False,False,False,True
ATCCTGCGTGGAATGG-1,14801,4712,ER,CID4535,Invasive cancer,1,45,47,5383,4252,14801,4712,11.931626241470171,False,False,False,True
ATCCTACCTAAGCTCT-1,24128,6251,ER,CID4535,Invasive cancer,1,44,48,5288,4307,24128,6251,8.115053050397877,False,False,False,True
AGTGATATGAGTAGTT-1,17217,5549,ER,CID4535,Invasive cancer,1,45,49,5383,4362,17217,5549,7.109252483010978,False,False,False,True
ATGATGCAATGGTACA-1,15756,5200,ER,CID4535,Invasive cancer,1,44,50,5287,4416,15756,5200,8.644325971058645,False,False,False,True
GAAACCGAATTACCTT-1,15926,5443,ER,CID4535,Invasive cancer,1,45,51,5383,4471,15926,5443,4.809745070953158,False,False,False,True
AGTGACCTACTTTACG-1,14881,5304,ER,CID4535,Invasive cancer,1,44,52,5287,4526,14881,5304,3.541428667428264,False,False,False,True
CAAATGTCCTTCCGTG-1,19534,5595,ER,CID4535,Invasive cancer,1,45,53,5383,4580,19534,5595,4.095423364390294,False,False,False,True
TTACTGGGATATTTCA-1,18618,5464,ER,CID4535,Invasive cancer,1,44,54,5287,4635,18618,5464,6.289612203244173,False,False,False,True
CTTGCCCAGGCTCTAC-1,4793,2531,ER,CID4535,Invasive cancer,1,45,55,5382,4690,4793,2531,3.6094304193615687,False,False,False,True
AAATCGTGTACCACAA-1,7890,3368,ER,CID4535,Invasive cancer,1,44,56,5287,4744,7890,3368,3.878326996197719,False,False,False,True
GTGATCATAGATCTGC-1,10573,3489,ER,CID4535,Invasive cancer,1,45,57,5382,4799,10573,3489,2.165894258961506,False,False,False,True
TGGCAGATTACGATCA-1,6573,2952,ER,CID4535,Invasive cancer,1,44,58,5287,4854,6573,2952,3.3622394644758864,False,False,False,True
TCACCCTCTTAAGATT-1,8105,3566,ER,CID4535,Invasive cancer,1,45,59,5382,4908,8105,3566,3.38062924120913,False,False,False,True
CAGGATATATCGTTGT-1,9032,3594,ER,CID4535,Invasive cancer,1,44,60,5287,4963,9032,3594,3.2993799822852083,False,False,False,True
CTAAAGGGAAATAGGA-1,5782,2595,ER,CID4535,,0,44,62,5287,5072,5782,2595,9.028017986855758,True,False,True,False
TTCTTGAGCCGCGCTA-1,16592,5245,ER,CID4535,Invasive cancer,1,47,41,5573,3925,16592,5245,7.618129218900675,False,False,False,True
GGGATGGTCGTAACCG-1,17499,5699,ER,CID4535,Invasive cancer,1,47,43,5573,4034,17499,5699,4.5431167495285445,False,False,False,True
GTCTGGGCGGTCGAGA-1,19324,6043,ER,CID4535,Invasive cancer,1,46,44,5478,4089,19324,6043,4.465949078865659,False,False,False,True
CGGAACGTAAACATAG-1,18375,5571,ER,CID4535,Invasive cancer,1,47,45,5573,4143,18375,5571,3.0476190476190474,False,False,False,True
TGCGACACCCTAGTGC-1,13863,4712,ER,CID4535,Invasive cancer,1,46,46,5478,4198,13863,4712,7.610185385558682,False,False,False,True
CAAACGAGTATCGCAG-1,19401,5905,ER,CID4535,Invasive cancer,1,47,47,5573,4253,19401,5905,5.906912014844596,False,False,False,True
GCGGTTCCCTATCATG-1,15791,5293,ER,CID4535,Invasive cancer,1,47,49,5573,4362,15791,5293,5.845101640174783,False,False,False,True
GTGACTTCAGTAGTGC-1,17828,5584,ER,CID4535,Invasive cancer,1,46,50,5478,4416,17828,5584,5.5530625981601975,False,False,False,True
CGTCACGTCCATTGGT-1,14252,4952,ER,CID4535,Invasive cancer,1,47,51,5573,4471,14252,4952,2.9118720179623914,False,False,False,True
ATAAGTTACCGCGACG-1,17827,5516,ER,CID4535,Invasive cancer,1,46,52,5478,4526,17827,5516,3.4834801144331626,False,False,False,True
CTGAATCCGAGACCTC-1,11546,4196,ER,CID4535,Invasive cancer,1,47,53,5573,4580,11546,4196,4.1399618915641785,False,False,False,True
TACGACGCTTGCTGCG-1,7278,3274,ER,CID4535,Invasive cancer,1,46,54,5478,4635,7278,3274,3.7647705413575157,False,False,False,True
GAATTCACCCGGGTGT-1,14193,4932,ER,CID4535,Invasive cancer,1,47,55,5573,4690,14193,4932,4.21334460649616,False,False,False,True
GGGTGACACCTTAACT-1,12987,4560,ER,CID4535,Invasive cancer,1,46,56,5478,4744,12987,4560,3.6652036652036655,False,False,False,True
TGAGTAAATTAGCGTA-1,11646,4330,ER,CID4535,Invasive cancer,1,47,57,5573,4799,11646,4330,4.250386398763524,False,False,False,True
GAGTCCGCTTACCGGA-1,11612,4373,ER,CID4535,Invasive cancer,1,46,58,5477,4854,11612,4373,3.074405787116776,False,False,False,True
ATTCATATACTGTCCA-1,9194,3619,ER,CID4535,Invasive cancer,1,46,60,5477,4963,9194,3619,5.275179464868392,False,False,False,True
TACCTTAAGATTTCCC-1,14403,4480,ER,CID4535,Artefact,1,49,29,5763,3269,14403,4480,15.55925848781504,False,True,True,False
AATGACAGCAATGTCT-1,11716,4028,ER,CID4535,Artefact,1,48,30,5668,3324,11716,4028,14.416182997610106,False,True,True,False
TCAACGCAGGAAATAA-1,26745,6531,ER,CID4535,Invasive cancer,1,49,31,5763,3378,26745,6531,12.536922789306413,False,False,False,True
ATCAAACGAAGGTTTG-1,17326,5597,ER,CID4535,Invasive cancer,1,49,33,5763,3488,17326,5597,7.982223248297357,False,False,False,True
CTGCTGAGGCCACGAA-1,14531,4695,ER,CID4535,Invasive cancer,1,49,35,5763,3597,14531,4695,12.607528731677103,False,False,False,True
CCGTGTTAAATTCCAT-1,21192,5582,ER,CID4535,Invasive cancer,1,48,36,5668,3651,21192,5582,17.294261985654963,False,False,False,True
CACGTCGGCAACCTCT-1,14082,4522,ER,CID4535,Invasive cancer,1,49,37,5763,3706,14082,4522,12.789376509018604,False,False,False,True
GTATTCTGAGAAACGA-1,25523,6451,ER,CID4535,Invasive cancer,1,48,38,5668,3761,25523,6451,10.668808525643538,False,False,False,True
CGGTGCGCGTTGGTCC-1,15409,4838,ER,CID4535,Invasive cancer,1,49,39,5763,3815,15409,4838,10.18885067168538,False,False,False,True
GTGATTCGCCGCTCAA-1,13363,4796,ER,CID4535,Invasive cancer,1,48,40,5668,3870,13363,4796,5.70979570455736,False,False,False,True
GCCCGCGCGTAAACGG-1,13622,4618,ER,CID4535,Invasive cancer,1,49,41,5763,3925,13622,4618,11.327264718837176,False,False,False,True
AACGTACTGTGGGTAC-1,14836,4988,ER,CID4535,Invasive cancer,1,48,42,5668,3979,14836,4988,8.526557023456457,False,False,False,True
GAGTATGCCCGCCTTG-1,10757,4312,ER,CID4535,Invasive cancer,1,49,43,5763,4034,10757,4312,2.798177930649809,False,False,False,True
TGATTCTGTCGCCGGT-1,12860,4513,ER,CID4535,Invasive cancer,1,48,44,5668,4089,12860,4513,3.8569206842923793,False,False,False,True
GGGCGGCAAATGAATT-1,22364,6187,ER,CID4535,Invasive cancer,1,49,45,5763,4143,22364,6187,5.81738508316938,False,False,False,True
TTCCAATCTGGCTATC-1,10328,3997,ER,CID4535,Invasive cancer,1,48,46,5668,4198,10328,3997,6.361347792408985,False,False,False,True
GGAACCGTGTAAATTG-1,20619,6069,ER,CID4535,Invasive cancer,1,49,47,5763,4253,20619,6069,6.702555895048256,False,False,False,True
TTGGTCACACTCGTAA-1,14233,4952,ER,CID4535,Invasive cancer,1,48,48,5668,4307,14233,4952,5.740181268882175,False,False,False,True
CGAACCCGCATGCGTC-1,21029,6042,ER,CID4535,Invasive cancer,1,49,49,5763,4362,21029,6042,6.010747063578868,False,False,False,True
GGGCGTCACCACGTAA-1,17112,5434,ER,CID4535,Invasive cancer,1,48,50,5668,4417,17112,5434,4.5114539504441336,False,False,False,True
TACCAGAAGTAGGTTC-1,14372,5037,ER,CID4535,Invasive cancer,1,49,51,5763,4471,14372,5037,6.199554689674367,False,False,False,True
TTGGATATCGTCTACG-1,13458,4648,ER,CID4535,Invasive cancer,1,48,52,5668,4526,13458,4648,4.666369445682865,False,False,False,True
TAGATATGGACTGGAA-1,9308,3977,ER,CID4535,Invasive cancer,1,49,53,5763,4580,9308,3977,4.963472281908036,False,False,False,True
GCGACGATAGTTGTAC-1,7529,3347,ER,CID4535,Invasive cancer,1,48,54,5668,4635,7529,3347,5.219816708726258,False,False,False,True
CTGGATTTACACTTGA-1,10494,4068,ER,CID4535,Invasive cancer,1,49,55,5763,4690,10494,4068,6.213074137602439,False,False,False,True
GTTATATTATCTCCCT-1,9571,3910,ER,CID4535,Invasive cancer,1,48,56,5668,4744,9571,3910,5.673388360672866,False,False,False,True
TATTCCACTCAGCTCG-1,13341,4680,ER,CID4535,Invasive cancer,1,49,57,5763,4799,13341,4680,7.7430477475451625,False,False,False,True
TTGGAAGAATACAGTC-1,10066,3785,ER,CID4535,,1,50,24,5859,2996,10066,3785,10.580170872243196,False,False,False,False
AGTTAAGTCAACCGCT-1,50365,8089,ER,CID4535,Invasive cancer,1,51,25,5954,3050,50365,8089,16.529335848307355,False,False,False,True
AAAGTAGCATTGCTCA-1,22014,6132,ER,CID4535,Invasive cancer,1,51,27,5954,3160,22014,6132,7.013718542745526,False,False,False,True
TTGTGGTAGGAGGGAT-1,25145,6150,ER,CID4535,Invasive cancer,1,50,28,5859,3214,25145,6150,11.222907138596144,False,False,False,True
AGTCGTGGGCATTACG-1,10265,4099,ER,CID4535,Invasive cancer,1,51,29,5954,3269,10265,4099,5.172917681441793,False,False,False,True
ACCTAAGTACCTTTCA-1,15118,4833,ER,CID4535,Invasive cancer,1,50,30,5858,3324,15118,4833,10.940600608546104,False,False,False,True
GTAGAGGGAGACAAGT-1,15770,5077,ER,CID4535,Invasive cancer,1,51,31,5954,3378,15770,5077,8.74445149017121,False,False,False,True
GATCCTCGACACTGGC-1,14389,4754,ER,CID4535,Invasive cancer,1,50,32,5858,3433,14389,4754,12.46090763777886,False,False,False,True
CCTACATTCACAGACG-1,15336,4997,ER,CID4535,Invasive cancer,1,51,33,5953,3488,15336,4997,7.466092853416797,False,False,False,True
TTGACCGTGTTAATGA-1,15387,4971,ER,CID4535,Invasive cancer,1,50,34,5858,3542,15387,4971,9.267563527653214,False,False,False,True
TCTGTTACCCAGCATA-1,16367,4907,ER,CID4535,Invasive cancer,1,51,35,5953,3597,16367,4907,14.38259913240056,False,False,False,True
CTAACTGGTCCGGTTC-1,14845,4749,ER,CID4535,Invasive cancer,1,50,36,5858,3652,14845,4749,9.100707308858201,False,False,False,True
AGCGACAGGAACGGTC-1,16259,5131,ER,CID4535,Invasive cancer,1,51,37,5953,3706,16259,5131,9.89605756811612,False,False,False,True
TAATAGAACAGAGTTA-1,12730,4506,ER,CID4535,Invasive cancer,1,50,38,5858,3761,12730,4506,10.243519245875882,False,False,False,True
ACAGGTGGAGGTGAGG-1,10215,3872,ER,CID4535,Invasive cancer,1,51,39,5953,3816,10215,3872,9.172785119921684,False,False,False,True
TGCGAGAATATTACCC-1,13595,4612,ER,CID4535,Invasive cancer,1,50,40,5858,3870,13595,4612,10.180213313718278,False,False,False,True
TTGCGTCGGCCAACCG-1,7928,3417,ER,CID4535,Invasive cancer,1,51,41,5953,3925,7928,3417,6.344601412714431,False,False,False,True
AGGCTTCCCGAAGAAG-1,11914,4305,ER,CID4535,Invasive cancer,1,50,42,5858,3979,11914,4305,4.289071680376028,False,False,False,True
GCGGACCGCGTTGTGG-1,12242,4425,ER,CID4535,Invasive cancer,1,51,43,5953,4034,12242,4425,6.118281326580624,False,False,False,True
GTAATCTGATTCTTCG-1,19971,5977,ER,CID4535,Invasive cancer,1,50,44,5858,4089,19971,5977,8.522357418256473,False,False,False,True
CCGCGGAATGCGTCAC-1,11138,4137,ER,CID4535,Invasive cancer,1,51,45,5953,4143,11138,4137,7.505835877177231,False,False,False,True
TTCCACACAGATTTGA-1,12273,4547,ER,CID4535,Invasive cancer,1,50,46,5858,4198,12273,4547,6.265786686221787,False,False,False,True
CTTCTATTAATGCTAG-1,17488,5502,ER,CID4535,Invasive cancer,1,51,47,5953,4253,17488,5502,6.701738334858189,False,False,False,True
CATTTGAGTGGTACGT-1,16031,5180,ER,CID4535,Invasive cancer,1,50,48,5858,4307,16031,5180,5.89482876925956,False,False,False,True
TCACAGCAAACTCGAA-1,22138,6279,ER,CID4535,Invasive cancer,1,51,49,5953,4362,22138,6279,4.761044358117265,False,False,False,True
CAGACGAACCTGATAC-1,14153,4987,ER,CID4535,Invasive cancer,1,50,50,5858,4417,14153,4987,7.023245954921219,False,False,False,True
TCCGGTTCGTCCGGTC-1,11658,4458,ER,CID4535,Invasive cancer,1,51,53,5953,4581,11658,4458,6.158860868073425,False,False,False,True
CGCGCATGTTTGATTG-1,13276,4654,ER,CID4535,Invasive cancer,1,50,54,5858,4635,13276,4654,6.048508586923773,False,False,False,True
TGGCGATCAAGTTATG-1,35775,7277,ER,CID4535,Invasive cancer,1,51,55,5953,4690,35775,7277,8.891684136967156,False,False,False,True
CCCTTTGACAGGTCTT-1,11191,4043,ER,CID4535,Invasive cancer,1,50,56,5858,4744,11191,4043,8.551514609954427,False,False,False,True
TTGGTTGCGGTGCGCG-1,24846,6097,ER,CID4535,Invasive cancer,1,53,23,6144,2941,24846,6097,8.661353940272075,False,False,False,True
ACAGAACTGAGAACAA-1,33162,7149,ER,CID4535,Invasive cancer,1,52,24,6049,2996,33162,7149,6.61600627223931,False,False,False,True
CTACTATCATAGGTTT-1,13408,4686,ER,CID4535,Invasive cancer,1,53,25,6144,3051,13408,4686,7.9430190930787585,False,False,False,True
CCTCTATCGATTAGCA-1,17995,5403,ER,CID4535,Invasive cancer,1,52,26,6049,3105,17995,5403,8.118921922756321,False,False,False,True
CCGTATCTCGTCGTAG-1,15950,4967,ER,CID4535,Invasive cancer,1,53,27,6144,3160,15950,4967,11.454545454545455,False,False,False,True
TCACGATGTCCGTGGA-1,12836,4710,ER,CID4535,Invasive cancer,1,52,28,6049,3214,12836,4710,5.258647553755064,False,False,False,True
TCAACAAAGATAATTC-1,18704,5727,ER,CID4535,Invasive cancer,1,53,29,6144,3269,18704,5727,6.693755346449957,False,False,False,True
ATGACGCGTTCTATCC-1,12435,4579,ER,CID4535,Invasive cancer,1,52,30,6049,3324,12435,4579,5.460394049055087,False,False,False,True
ATTTGCGCGAGTAGCT-1,13638,4859,ER,CID4535,Invasive cancer,1,53,31,6144,3378,13638,4859,6.247250329960405,False,False,False,True
TTCTTGGACGATCTGC-1,10330,4290,ER,CID4535,Invasive cancer,1,52,32,6049,3433,10330,4290,5.285575992255566,False,False,False,True
AGACGACGATGCCGCT-1,17553,5509,ER,CID4535,Invasive cancer,1,53,33,6144,3488,17553,5509,6.574374750754856,False,False,False,True
GGTCTCTGAATGGACT-1,17663,5352,ER,CID4535,Invasive cancer,1,52,34,6049,3542,17663,5352,9.82279340995301,False,False,False,True
GCTCAATCCGTTTATT-1,14569,5124,ER,CID4535,Invasive cancer,1,53,35,6144,3597,14569,5124,5.950991831971995,False,False,False,True
CCAGAAAGCAACTCAT-1,24123,6368,ER,CID4535,Invasive cancer,1,52,36,6048,3652,24123,6368,8.25767939311031,False,False,False,True
CACCGTTAGGGATCAC-1,11747,4469,ER,CID4535,Invasive cancer,1,53,37,6144,3706,11747,4469,6.410147271643823,False,False,False,True
AATAACACTAGAACAA-1,25293,6571,ER,CID4535,Invasive cancer,1,52,38,6048,3761,25293,6571,6.9742616534218955,False,False,False,True
CACCCGGTTTGTGACT-1,18257,5602,ER,CID4535,Invasive cancer,1,53,39,6144,3816,18257,5602,6.731664567015391,False,False,False,True
CCACCAACTTTACTGT-1,12974,4509,ER,CID4535,Invasive cancer,1,52,40,6048,3870,12974,4509,9.22614459688608,False,False,False,True
AACTCTCAGTGTGCTC-1,11542,4444,ER,CID4535,Invasive cancer,1,53,41,6143,3925,11542,4444,5.822214520880263,False,False,False,True
AAACCGTTCGTCCAGG-1,13501,4635,ER,CID4535,Invasive cancer,1,52,42,6048,3980,13501,4635,9.40671061402859,False,False,False,True
CAGCGATTCCCTTCAA-1,11622,4385,ER,CID4535,Invasive cancer,1,53,43,6143,4034,11622,4385,6.737222509034589,False,False,False,True
GCTAGCTTGAATAGCT-1,12280,4654,ER,CID4535,Invasive cancer,1,52,44,6048,4089,12280,4654,4.625407166123779,False,False,False,True
TTGCGGCATCAGAAAG-1,14965,5059,ER,CID4535,Invasive cancer,1,53,45,6143,4143,14965,5059,4.10958904109589,False,False,False,True
AATAGAACAGAGTGGC-1,16319,5340,ER,CID4535,Invasive cancer,1,52,46,6048,4198,16319,5340,6.262638642073656,False,False,False,True
GCCATCGAGCTGCGTG-1,14375,4885,ER,CID4535,Invasive cancer,1,53,47,6143,4253,14375,4885,5.530434782608696,False,False,False,True
ACACTGATCAAGGTGT-1,11310,4495,ER,CID4535,Invasive cancer,1,52,48,6048,4307,11310,4495,4.226348364279399,False,False,False,True
ACCAACGCTTATTTAT-1,16182,5236,ER,CID4535,Invasive cancer,1,53,49,6143,4362,16182,5236,7.922382894574219,False,False,False,True
GACATCGATTTATAAC-1,23710,6209,ER,CID4535,Invasive cancer,1,52,50,6048,4417,23710,6209,9.405314213412062,False,False,False,True
CAGACACCGATCGCTG-1,22618,5825,ER,CID4535,Stroma,1,53,51,6143,4471,22618,5825,12.932177911398002,False,False,False,True
GGTAGACCGTTGGGCG-1,17988,5338,ER,CID4535,Stroma,1,53,53,6143,4581,17988,5338,9.851011785634869,False,False,False,True
GAGGCCCGACTCCGCA-1,17997,5402,ER,CID4535,Invasive cancer,1,55,23,6334,2941,17997,5402,6.556648330277269,False,False,False,True
TTGCCATAGCCCGCTC-1,11172,4160,ER,CID4535,Invasive cancer,1,54,24,6239,2996,11172,4160,7.653061224489796,False,False,False,True
TAACATACACGCGATC-1,13066,4619,ER,CID4535,Invasive cancer,1,55,25,6334,3051,13066,4619,7.630491351599572,False,False,False,True
CCGACGGGCATGAGGT-1,12872,4584,ER,CID4535,Invasive cancer,1,54,26,6239,3105,12872,4584,7.2327532628962095,False,False,False,True
AATGTGCCCGAGGTGT-1,13240,4626,ER,CID4535,Invasive cancer,1,55,27,6334,3160,13240,4626,7.862537764350454,False,False,False,True
AGCTGTAACCTCAATC-1,14107,4948,ER,CID4535,Invasive cancer,1,54,28,6239,3215,14107,4948,6.174239739136598,False,False,False,True
CGAGTGAAGGTACCAG-1,16061,5121,ER,CID4535,Invasive cancer,1,55,29,6334,3269,16061,5121,8.523753190959466,False,False,False,True
AGTCTCACAAGACTAC-1,11655,4437,ER,CID4535,Invasive cancer,1,54,30,6239,3324,11655,4437,7.679107679107679,False,False,False,True
AAATTGATAGTCCTTT-1,15826,5118,ER,CID4535,Invasive cancer,1,55,31,6334,3379,15826,5118,8.226968280045496,False,False,False,True
TAAGTCGCCGAGTATC-1,14897,5014,ER,CID4535,Invasive cancer,1,54,32,6239,3433,14897,5014,7.94119621400282,False,False,False,True
GCGGAGAAACTTCGCA-1,13299,4551,ER,CID4535,Invasive cancer,1,55,33,6334,3488,13299,4551,9.63982254304835,False,False,False,True
GGCAAAGGCGCCAATA-1,18476,5311,ER,CID4535,Invasive cancer,1,54,34,6239,3542,18476,5311,16.080320415674386,False,False,False,True
ATTTCCGGGTTCTGCG-1,9808,3928,ER,CID4535,Invasive cancer,1,55,35,6334,3597,9808,3928,5.30179445350734,False,False,False,True
TAAACCCAGGAGGGCA-1,12449,4513,ER,CID4535,Invasive cancer,1,54,36,6239,3652,12449,4513,7.462446782874127,False,False,False,True
TTCGGGCGCTAGTCTT-1,9470,3856,ER,CID4535,Invasive cancer,1,55,37,6334,3706,9470,3856,5.100316789862724,False,False,False,True
GTGGAGTCGGCGGTTG-1,14163,4825,ER,CID4535,Invasive cancer,1,54,38,6239,3761,14163,4825,6.340464590835275,False,False,False,True
GCACGCCTACTTAGAT-1,12219,4407,ER,CID4535,Invasive cancer,1,55,39,6334,3816,12219,4407,7.144610851951878,False,False,False,True
CAATATTCTTGACCTA-1,15083,5043,ER,CID4535,Invasive cancer,1,54,40,6239,3870,15083,5043,6.749320426970762,False,False,False,True
CGTTTGTGTAGAGGGT-1,10653,4065,ER,CID4535,Invasive cancer,1,55,41,6334,3925,10653,4065,7.415751431521637,False,False,False,True
CATAGCGTTGCCCACC-1,13012,4647,ER,CID4535,Invasive cancer,1,54,42,6239,3980,13012,4647,6.401782969566554,False,False,False,True
TGATACATTTAGCCGT-1,11177,4314,ER,CID4535,Invasive cancer,1,55,43,6334,4034,11177,4314,4.428737586114342,False,False,False,True
TTCCGGCCTTGAGGCT-1,9478,3922,ER,CID4535,Invasive cancer,1,54,44,6238,4089,9478,3922,5.560244777379194,False,False,False,True
CCTATACCGTCCTGTC-1,14092,4904,ER,CID4535,Invasive cancer,1,55,45,6334,4144,14092,4904,4.598353675844451,False,False,False,True
TCGTTGCTATCCGGTC-1,13484,4731,ER,CID4535,Invasive cancer,1,54,46,6238,4198,13484,4731,6.274102640166122,False,False,False,True
TGGCGACTGCTCCAAA-1,17755,5092,ER,CID4535,Invasive cancer,1,55,47,6333,4253,17755,5092,13.066741762883694,False,False,False,True
CAGAGGCGATGCATGA-1,18258,5195,ER,CID4535,Invasive cancer,1,54,48,6238,4307,18258,5195,12.580786504545951,False,False,False,True
TCACAGGAGAATAAGA-1,18158,5278,ER,CID4535,Stroma,1,55,49,6333,4362,18158,5278,13.729485626170282,False,False,False,True
GGGTTAACATTTGAGT-1,19900,5507,ER,CID4535,Stroma,1,54,50,6238,4417,19900,5507,14.160804020100503,False,False,False,True
GCGGGCGAGCCTTACC-1,12398,4396,ER,CID4535,Stroma,1,55,51,6333,4471,12398,4396,9.864494273269882,False,False,False,True
TGCCAATGGGTACTCT-1,11856,4203,ER,CID4535,Stroma,1,54,52,6238,4526,11856,4203,9.657557354925776,False,False,False,True
AGGGACTCTACGCGAC-1,28025,6225,ER,CID4535,Stroma,1,55,53,6333,4581,28025,6225,12.774308652988402,False,False,False,True
GACGCCGTAAAGGCTA-1,28271,6237,ER,CID4535,Stroma,1,54,54,6238,4635,28271,6237,14.184146298326908,False,False,False,True
GGGACAGAGTTACTCC-1,43596,8005,ER,CID4535,Invasive cancer,1,57,19,6524,2723,43596,8005,10.533076429030185,False,False,False,True
CTCTCTAACTGCCTAG-1,13224,4653,ER,CID4535,Invasive cancer,1,57,21,6524,2832,13224,4653,8.862673926194798,False,False,False,True
ATACGGAACGTCGTTT-1,14140,4825,ER,CID4535,Invasive cancer,1,56,22,6429,2887,14140,4825,6.44978783592645,False,False,False,True
TCGGTCCCGACAATAG-1,13679,4789,ER,CID4535,Invasive cancer,1,57,23,6524,2941,13679,4789,8.59711967249068,False,False,False,True
CGCGCAAATGTCCAGA-1,16308,5261,ER,CID4535,Invasive cancer,1,56,24,6429,2996,16308,5261,8.584743684081433,False,False,False,True
TCTAATACTGCCTCAG-1,12567,4683,ER,CID4535,Invasive cancer,1,57,25,6524,3051,12567,4683,6.73987427389194,False,False,False,True
CTCGGTTGTCGGCCCT-1,10460,4027,ER,CID4535,Invasive cancer,1,56,26,6429,3105,10460,4027,7.007648183556406,False,False,False,True
GGTAACCGGGAGGATA-1,15846,5195,ER,CID4535,Invasive cancer,1,57,27,6524,3160,15846,5195,7.93260128739114,False,False,False,True
CAGGCGCACGGTGGTC-1,11463,4278,ER,CID4535,Invasive cancer,1,56,28,6429,3215,11463,4278,7.511122742737503,False,False,False,True
TCATCGATGGTCCCAA-1,12735,4551,ER,CID4535,Invasive cancer,1,57,29,6524,3269,12735,4551,6.91009030231645,False,False,False,True
CAAAGATTATTGGGCC-1,11033,4275,ER,CID4535,Invasive cancer,1,56,30,6429,3324,11033,4275,6.1723919151636,False,False,False,True
ACAATGAATACGGAGA-1,18045,5436,ER,CID4535,Invasive cancer,1,57,31,6524,3379,18045,5436,11.4768633970629,False,False,False,True
GCTCCTGACATACTGG-1,9558,3762,ER,CID4535,Invasive cancer,1,56,32,6429,3433,9558,3762,7.166771291065076,False,False,False,True
GATGACAAGTAGGGCA-1,11648,4269,ER,CID4535,Invasive cancer,1,57,33,6524,3488,11648,4269,9.031593406593407,False,False,False,True
TACGCCGAGGGTACCC-1,13189,4488,ER,CID4535,Invasive cancer,1,56,34,6429,3543,13189,4488,8.848282659792252,False,False,False,True
AAGCGTCCCTCATCGA-1,10422,4119,ER,CID4535,Invasive cancer,1,57,35,6524,3597,10422,4119,5.948954135482633,False,False,False,True
CACTCCTATGTAAGAT-1,12243,4612,ER,CID4535,Invasive cancer,1,56,36,6429,3652,12243,4612,5.113125867842849,False,False,False,True
TCGAGCCAGGCAGGCC-1,11115,4301,ER,CID4535,Invasive cancer,1,57,37,6524,3706,11115,4301,5.497076023391813,False,False,False,True
TCGTCAAGTACGCGCA-1,9719,3881,ER,CID4535,Invasive cancer,1,56,38,6429,3761,9719,3881,5.010803580615289,False,False,False,True
CCCGTAGCTGGGAAGA-1,13097,4788,ER,CID4535,Invasive cancer,1,57,39,6524,3816,13097,4788,5.695960907077957,False,False,False,True
ACCCTATGCCATATCG-1,10759,4164,ER,CID4535,Invasive cancer,1,56,40,6429,3870,10759,4164,5.288595594386095,False,False,False,True
GTGGTATAGTCTGCCG-1,10635,4210,ER,CID4535,Invasive cancer,1,57,41,6524,3925,10635,4210,5.613540197461213,False,False,False,True
CCGGTTTGTAATTGTG-1,9222,3881,ER,CID4535,Invasive cancer,1,56,42,6429,3980,9222,3881,5.280850140967252,False,False,False,True
GTCGCCGTTGTGTGTT-1,11387,4243,ER,CID4535,Invasive cancer,1,57,43,6524,4034,11387,4243,5.743391586897339,False,False,False,True
TACTGAACAGATTTAG-1,13591,4940,ER,CID4535,Invasive cancer,1,56,44,6429,4089,13591,4940,5.452137443896697,False,False,False,True
TATTAACCTGACCGCG-1,19990,5566,ER,CID4535,Invasive cancer,1,57,45,6524,4144,19990,5566,13.85192596298149,False,False,False,True
CTGTAGCCATCTCACT-1,12695,4240,ER,CID4535,Invasive cancer,1,56,46,6429,4198,12695,4240,12.831823552579754,False,False,False,True
TACTATGGTTCCTCAG-1,10708,3987,ER,CID4535,Stroma,1,57,47,6524,4253,10708,3987,10.17930519237953,False,False,False,True
GAGTCAGACCAGAATC-1,15246,4769,ER,CID4535,Stroma,1,56,48,6429,4308,15246,4769,12.167125803489439,False,False,False,True
TAAGGCATAACATCAA-1,12111,4526,ER,CID4535,Stroma,1,57,49,6524,4362,12111,4526,5.94500866980431,False,False,False,True
CTTCCGCTCCGTGAAG-1,9806,3869,ER,CID4535,Stroma,1,56,50,6428,4417,9806,3869,7.30165204976545,False,False,False,True
GGGCTATGATCGATGG-1,6667,3047,ER,CID4535,Stroma,1,57,51,6524,4472,6667,3047,7.154642267886606,False,False,False,True
GGTCGGTCGTCCACAG-1,15203,4701,ER,CID4535,Stroma,1,56,52,6428,4526,15203,4701,11.234624745116095,False,False,False,True
TCCCTGGCGTATTAAC-1,30313,6559,ER,CID4535,Invasive cancer,1,58,18,6619,2668,30313,6559,16.441790650875863,False,False,False,True
AAACACCAATAACTGC-1,25008,6379,ER,CID4535,Invasive cancer,1,59,19,6714,2723,25008,6379,10.732565579014715,False,False,False,True
TGGACGCAATCCAGCC-1,19741,5761,ER,CID4535,Invasive cancer,1,58,20,6619,2778,19741,5761,8.231599209766475,False,False,False,True
GGAACCTTGACTCTGC-1,17420,5305,ER,CID4535,Invasive cancer,1,59,21,6714,2832,17420,5305,8.54190585533869,False,False,False,True
GTATCTCAGTCTTGAC-1,13718,4794,ER,CID4535,Invasive cancer,1,58,22,6619,2887,13718,4794,8.237352383729407,False,False,False,True
GCTGAATCTTCCAATC-1,15504,5080,ER,CID4535,Invasive cancer,1,59,23,6714,2942,15504,5080,8.384932920536636,False,False,False,True
AGATGCAAGACGTGCA-1,17395,5350,ER,CID4535,Invasive cancer,1,58,24,6619,2996,17395,5350,9.244035642425985,False,False,False,True
TTAAGGCCCGTACTTT-1,13055,4537,ER,CID4535,Invasive cancer,1,59,25,6714,3051,13055,4537,8.65568747606281,False,False,False,True
AGTATGCTGGAGACCA-1,11865,4391,ER,CID4535,Invasive cancer,1,58,26,6619,3105,11865,4391,7.9814580699536455,False,False,False,True
GCGGCAAAGTATTGCC-1,18379,5411,ER,CID4535,Invasive cancer,1,59,27,6714,3160,18379,5411,8.449861254692856,False,False,False,True
GCGCAAATATATTCAA-1,22543,6195,ER,CID4535,Invasive cancer,1,58,28,6619,3215,22543,6195,6.995519673512843,False,False,False,True
GAAGAAACGATATTGT-1,22692,6336,ER,CID4535,Invasive cancer,1,59,29,6714,3269,22692,6336,6.420765027322404,False,False,False,True
GGACCTCTAGGCCGCC-1,12563,4613,ER,CID4535,Invasive cancer,1,58,30,6619,3324,12563,4613,7.147974209981692,False,False,False,True
AACAGCTGTGTGGCAA-1,16486,5380,ER,CID4535,Invasive cancer,1,59,31,6714,3379,16486,5380,6.375106150673298,False,False,False,True
TCGAATATCCCGCAGG-1,13211,4656,ER,CID4535,Invasive cancer,1,58,32,6619,3433,13211,4656,6.736810233895996,False,False,False,True
GCGACCCAACCATCTG-1,14875,4910,ER,CID4535,Invasive cancer,1,59,33,6714,3488,14875,4910,8.040336134453781,False,False,False,True
AGAGAAGGAGTACAAT-1,15713,5262,ER,CID4535,Invasive cancer,1,58,34,6619,3543,15713,5262,7.108763444281804,False,False,False,True
GGCTCCTCCACCTGTT-1,10420,3929,ER,CID4535,Invasive cancer,1,59,35,6714,3597,10420,3929,9.740882917466411,False,False,False,True
TCAGTGTATACGTCAT-1,9068,3872,ER,CID4535,Invasive cancer,1,58,36,6619,3652,9068,3872,4.929422143802382,False,False,False,True
ATTATTATGTCCGTCA-1,9300,3802,ER,CID4535,Invasive cancer,1,59,37,6714,3707,9300,3802,6.655913978494624,False,False,False,True
TTAGGTCATAACCGAC-1,11903,4460,ER,CID4535,Invasive cancer,1,58,38,6619,3761,11903,4460,5.645635554062001,False,False,False,True
AAGATGGCACCGGACC-1,17497,5273,ER,CID4535,Invasive cancer,1,59,39,6714,3816,17497,5273,9.424472766760015,False,False,False,True
CTACAAGAAATAACCC-1,14881,5120,ER,CID4535,Invasive cancer,1,58,40,6619,3870,14881,5120,5.194543377461192,False,False,False,True
ACTATTTCCGGGCCCA-1,16186,4795,ER,CID4535,Invasive cancer,1,59,41,6714,3925,16186,4795,15.241566786111454,False,False,False,True
TTGTTTCACATCCAGG-1,10842,4140,ER,CID4535,Invasive cancer,1,58,42,6619,3980,10842,4140,6.742298468917173,False,False,False,True
CGCTGTGTGGATGTTG-1,16573,4836,ER,CID4535,Stroma,1,59,43,6714,4034,16573,4836,12.423821878959753,False,False,False,True
TCAACATAGCGCCCTA-1,18688,5246,ER,CID4535,Stroma,1,58,44,6619,4089,18688,5246,14.64576198630137,False,False,False,True
GGCCGTTTGGGTTTCA-1,10929,3845,ER,CID4535,Stroma,1,59,45,6714,4144,10929,3845,11.254460609387868,False,False,False,True
TACTCTTTCGTCTTCA-1,10221,3948,ER,CID4535,Stroma,1,58,46,6619,4198,10221,3948,10.390372761960668,False,False,False,True
TTCGCGCGCCATACGA-1,9124,3779,ER,CID4535,Stroma,1,59,47,6714,4253,9124,3779,6.093818500657607,False,False,False,True
CGGAAAGAATCAAACG-1,12698,4668,ER,CID4535,Stroma,1,58,48,6619,4308,12698,4668,5.906441959363679,False,False,False,True
AGGCAGGGAGCGTACT-1,8563,3526,ER,CID4535,Stroma,1,59,49,6714,4362,8563,3526,6.843396006072639,False,False,False,True
TGTCGTTATCACATAT-1,20737,5674,ER,CID4535,Invasive cancer,1,61,15,6905,2504,20737,5674,13.020205429907893,False,False,False,True
ACACATGATCAAATCT-1,24538,6111,ER,CID4535,Invasive cancer,1,60,16,6810,2559,24538,6111,13.375173200749856,False,False,False,True
TATCCATCTCGGTTAG-1,14565,4750,ER,CID4535,Invasive cancer,1,61,17,6905,2614,14565,4750,11.905252317198764,False,False,False,True
CTCGTCGAGGGCTCAT-1,12924,4458,ER,CID4535,Invasive cancer,1,60,18,6810,2668,12924,4458,8.495821727019498,False,False,False,True
ATCAATGCCGTGGCTG-1,13232,4576,ER,CID4535,Invasive cancer,1,61,19,6905,2723,13232,4576,11.290810157194679,False,False,False,True
GAAACATAGGAAACAG-1,24455,6472,ER,CID4535,Invasive cancer,1,60,20,6810,2778,24455,6472,6.252300143120017,False,False,False,True
TAATAGGTCACCAGAA-1,15606,5171,ER,CID4535,Invasive cancer,1,61,21,6905,2832,15606,5171,6.420607458669743,False,False,False,True
CACCAGTCAGCATGCA-1,21304,5813,ER,CID4535,Invasive cancer,1,60,22,6809,2887,21304,5813,9.25647765677807,False,False,False,True
GAGCGCTGTTAGGTAA-1,19569,5445,ER,CID4535,Invasive cancer,1,61,23,6905,2942,19569,5445,11.906586948745465,False,False,False,True
CCCTATGTAGAGCAGA-1,16126,5220,ER,CID4535,Invasive cancer,1,60,24,6809,2996,16126,5220,7.100334862954235,False,False,False,True
GATCGCTATATCTCAG-1,16926,5040,ER,CID4535,Invasive cancer,1,61,25,6904,3051,16926,5040,12.666902989483637,False,False,False,True
AAGGGACTATGCATTC-1,13609,4735,ER,CID4535,Invasive cancer,1,60,26,6809,3105,13609,4735,6.481005217135719,False,False,False,True
CTCGGGTTCTCTGGCC-1,11605,4267,ER,CID4535,Invasive cancer,1,61,27,6904,3160,11605,4267,7.953468332615252,False,False,False,True
TATATATCGAGAAATG-1,18055,5536,ER,CID4535,Invasive cancer,1,60,28,6809,3215,18055,5536,7.443921351426197,False,False,False,True
ACCCGAGCGAAATTAC-1,17915,5339,ER,CID4535,Invasive cancer,1,61,29,6904,3269,17915,5339,9.338543120290261,False,False,False,True
TTGTTTCATTAGTCTA-1,12008,4510,ER,CID4535,Invasive cancer,1,60,30,6809,3324,12008,4510,5.921052631578947,False,False,False,True
ATGGGACCTGCTGAAC-1,14623,4870,ER,CID4535,Invasive cancer,1,61,31,6904,3379,14623,4870,6.982151405320386,False,False,False,True
TGCGACGGCCGAACGT-1,12794,4651,ER,CID4535,Invasive cancer,1,60,32,6809,3433,12794,4651,6.628106925121151,False,False,False,True
AGCTAACAAGCAATGT-1,17746,5578,ER,CID4535,Invasive cancer,1,61,33,6904,3488,17746,5578,5.449115293587288,False,False,False,True
CGTGTCTCGTTACGAC-1,9934,3723,ER,CID4535,Invasive cancer,1,60,34,6809,3543,9934,3723,10.17716931749547,False,False,False,True
CTAAATCCGGTGTACA-1,18892,5469,ER,CID4535,Invasive cancer,1,61,35,6904,3597,18892,5469,12.089773449078974,False,False,False,True
GAATAGTGCTCGATTA-1,15214,4828,ER,CID4535,Invasive cancer,1,60,36,6809,3652,15214,4828,14.05284606283686,False,False,False,True
AACAATACATTGTCGA-1,19059,5361,ER,CID4535,Stroma,1,61,37,6904,3707,19059,5361,13.809748675166588,False,False,False,True
CACATCGTGCACGCGC-1,17256,4911,ER,CID4535,Invasive cancer,1,60,38,6809,3761,17256,4911,16.342141863699585,False,False,False,True
ACCGTGACCACGTGGG-1,15517,4695,ER,CID4535,Stroma,1,61,39,6904,3816,15517,4695,15.711799961332732,False,False,False,True
CCCAATGAGATTTGCA-1,17650,4989,ER,CID4535,Stroma,1,60,40,6809,3871,17650,4989,16.464589235127477,False,False,False,True
TCAGCAGTAGGCCCTG-1,13973,4426,ER,CID4535,Stroma,1,61,41,6904,3925,13973,4426,17.032849066055967,False,False,False,True
CTACTCAAGGTATAGT-1,12716,4177,ER,CID4535,Stroma,1,60,42,6809,3980,12716,4177,16.14501415539478,False,False,False,True
TAGTAGCTTATACCAG-1,7639,3174,ER,CID4535,Stroma,1,61,43,6904,4035,7639,3174,11.899463280534102,False,False,False,True
ACGTTCGTTCAGGAAA-1,8342,3414,ER,CID4535,Stroma,1,60,44,6809,4089,8342,3414,10.009590026372573,False,False,False,True
TTAGAATAAGGGTCGG-1,7092,3043,ER,CID4535,Stroma,1,61,45,6904,4144,7092,3043,5.795262267343486,False,False,False,True
TTCTAGAAAGTCTTAT-1,10691,4069,ER,CID4535,Stroma,1,60,46,6809,4198,10691,4069,9.325600972780844,False,False,False,True
CCTTCAGTTAAAGTGA-1,10687,3843,ER,CID4535,Stroma,1,61,47,6904,4253,10687,3843,5.651726396556564,False,False,False,True
TAGCTAGTGATGATGG-1,8119,3402,ER,CID4535,Stroma,1,60,48,6809,4308,8119,3402,5.702672742948639,False,False,False,True
AGCCCGGTAGCCTGTA-1,9364,3699,ER,CID4535,Invasive cancer + lymphocytes,1,61,49,6904,4362,9364,3699,5.510465612985904,False,False,False,True
GACGGGTTGGCCCGTA-1,21952,5731,ER,CID4535,Invasive cancer + lymphocytes,1,61,51,6904,4472,21952,5731,11.115160349854229,False,False,False,True
TAGTACCACAACTTTC-1,7347,3380,ER,CID4535,Invasive cancer,1,63,13,7095,2395,7347,3380,7.295494759765892,False,False,False,True
ATCCCATCCACAGCGC-1,22159,5832,ER,CID4535,Invasive cancer,1,62,14,7000,2450,22159,5832,14.567444379258992,False,False,False,True
CTTAGGTATAGACCAG-1,12763,4795,ER,CID4535,Invasive cancer,1,63,15,7095,2505,12763,4795,6.910600955888115,False,False,False,True
TGACTCCGAATCATAC-1,18643,5427,ER,CID4535,Invasive cancer,1,62,16,7000,2559,18643,5427,12.503352464732071,False,False,False,True
ACTACATCCCGACAAG-1,17881,5521,ER,CID4535,Invasive cancer,1,63,17,7095,2614,17881,5521,7.807169621385829,False,False,False,True
TTGCCGCAGACCTACA-1,23220,6079,ER,CID4535,Invasive cancer,1,62,18,7000,2668,23220,6079,11.274763135228252,False,False,False,True
TAAGAGGGACAGGGAC-1,21196,5841,ER,CID4535,Invasive cancer,1,63,19,7095,2723,21196,5841,10.33213813927156,False,False,False,True
CGAATGAAGTCATTGC-1,24941,6212,ER,CID4535,Invasive cancer,1,62,20,7000,2778,24941,6212,12.028386993304197,False,False,False,True
AAGGGAACGACTGGCT-1,21503,6060,ER,CID4535,Invasive cancer,1,63,21,7095,2832,21503,6060,6.231688601590476,False,False,False,True
CGAATCTGCTCGACGC-1,18395,5707,ER,CID4535,Invasive cancer,1,62,22,7000,2887,18395,5707,4.832835009513454,False,False,False,True
ATCGTGGAAAGTCTGG-1,19055,5476,ER,CID4535,Invasive cancer,1,63,23,7095,2942,19055,5476,10.265022303857254,False,False,False,True
CCTATGGCTCCTAGTG-1,13871,4702,ER,CID4535,Invasive cancer,1,62,24,7000,2996,13871,4702,7.288587700958835,False,False,False,True
CGTCGCTTGGTTATAC-1,15696,4885,ER,CID4535,Invasive cancer,1,63,25,7095,3051,15696,4885,11.327726809378186,False,False,False,True
TGCTTAGAGAGAATGC-1,16186,5092,ER,CID4535,Invasive cancer,1,62,26,7000,3106,16186,5092,8.124304954899296,False,False,False,True
GATTGCTCCAGTTGCA-1,16081,5186,ER,CID4535,Invasive cancer,1,63,27,7095,3160,16081,5186,8.482059573409614,False,False,False,True
CGTGCTTCTACCTAAA-1,15927,4920,ER,CID4535,Invasive cancer,1,62,28,7000,3215,15927,4920,10.240472154203554,False,False,False,True
ACTCCAATATCATCAT-1,17673,5540,ER,CID4535,Invasive cancer,1,63,29,7095,3270,17673,5540,6.388275901092061,False,False,False,True
GCCGACCCACGACTGC-1,18984,5379,ER,CID4535,Invasive cancer,1,62,30,6999,3324,18984,5379,13.548251158870627,False,False,False,True
GAGGGTAGTAACAAAG-1,20449,5804,ER,CID4535,Invasive cancer,1,63,31,7095,3379,20449,5804,7.868355420802973,False,False,False,True
GGCCGAGACTCTGGTG-1,21259,5681,ER,CID4535,Invasive cancer,1,62,32,6999,3433,21259,5681,12.216002634178466,False,False,False,True
TATATAGGGCTTTACG-1,18763,5360,ER,CID4535,Invasive cancer,1,63,33,7094,3488,18763,5360,11.559985077013271,False,False,False,True
TGCCGGATGTACGAGC-1,18137,5257,ER,CID4535,Invasive cancer,1,62,34,6999,3543,18137,5257,12.449688482108396,False,False,False,True
AGGTAGATCGAGATAT-1,18306,5277,ER,CID4535,Invasive cancer,1,63,35,7094,3597,18306,5277,13.033977930733093,False,False,False,True
GATCAACATAAAGGGA-1,18520,5601,ER,CID4535,Invasive cancer,1,62,36,6999,3652,18520,5601,10.37257019438445,False,False,False,True
TAACAGCGTTTGTGCT-1,10060,3856,ER,CID4535,Invasive cancer,1,63,37,7094,3707,10060,3856,11.133200795228628,False,False,False,True
CTATAGGCGTTGATGT-1,10149,3760,ER,CID4535,Invasive cancer,1,62,38,6999,3761,10149,3760,13.360922258350577,False,False,False,True
GGTTTAATTACCATCG-1,8809,3389,ER,CID4535,Stroma,1,63,39,7094,3816,8809,3389,12.487228970371211,False,False,False,True
CTCTTCTGGAAGTTAG-1,11589,3954,ER,CID4535,Stroma,1,62,40,6999,3871,11589,3954,14.962464405902148,False,False,False,True
ATCTGACATGGAAGGA-1,8922,3397,ER,CID4535,Stroma,1,63,41,7094,3925,8922,3397,13.091235149069716,False,False,False,True
TACGTACTAGTGCTGA-1,7907,3060,ER,CID4535,Stroma,1,62,42,6999,3980,7907,3060,13.292019729353738,False,False,False,True
ATGACTATCAGCTGTG-1,8510,3279,ER,CID4535,Stroma,1,63,43,7094,4035,8510,3279,6.321974148061105,False,False,False,True
CTTTGGGATTGTTGCA-1,6084,2607,ER,CID4535,Stroma,1,62,44,6999,4089,6084,2607,6.3609467455621305,False,False,False,True
AGACTGTTACCGGGTC-1,12670,3717,ER,CID4535,Invasive cancer + lymphocytes,1,63,45,7094,4144,12670,3717,2.8650355169692188,False,False,False,True
ACGCAAACTAATAGAT-1,13665,4481,ER,CID4535,Invasive cancer + lymphocytes,1,63,47,7094,4253,13665,4481,3.263812660080498,False,False,False,True
AAGTGAGTCGGGTTTA-1,12098,4420,ER,CID4535,Invasive cancer + lymphocytes,1,62,48,6999,4308,12098,4420,2.182178872540916,False,False,False,True
TAAAGCGGTATTTCCA-1,16938,5394,ER,CID4535,Invasive cancer + lymphocytes,1,63,49,7094,4362,16938,5394,4.528279607982053,False,False,False,True
CTCCTCCAGCTCACAC-1,13673,4712,ER,CID4535,Invasive cancer + lymphocytes,1,62,50,6999,4417,13673,4712,4.936736634242668,False,False,False,True
CGGTCCGTCGCAAGCC-1,18723,5874,ER,CID4535,Invasive cancer + lymphocytes,1,63,51,7094,4472,18723,5874,3.1031351813277785,False,False,False,True
CCTATATTTGTCCTGG-1,15916,5247,ER,CID4535,Invasive cancer + lymphocytes,1,62,52,6999,4526,15916,5247,5.491329479768786,False,False,False,True
TCCAATAAAGGCTACC-1,14120,5002,ER,CID4535,Invasive cancer + lymphocytes,1,63,53,7094,4581,14120,5002,2.960339943342776,False,False,False,True
CGTGACCAGTCCTCTG-1,11094,4238,ER,CID4535,Invasive cancer + lymphocytes,1,63,55,7094,4690,11094,4238,5.417342707769966,False,False,False,True
AAACTTAATTGCACGC-1,2324,1475,ER,CID4535,Invasive cancer,1,64,12,7190,2341,2324,1475,11.187607573149743,False,False,False,True
TAGGCGGCTGCAAAGA-1,3595,2013,ER,CID4535,Invasive cancer,1,65,13,7285,2395,3595,2013,11.655076495132127,False,False,False,True
TCCATCAATACTAATC-1,13166,4829,ER,CID4535,Invasive cancer,1,64,14,7190,2450,13166,4829,6.349688591827435,False,False,False,True
ACCTCGAACTTATGCT-1,13196,4887,ER,CID4535,Invasive cancer,1,65,15,7285,2505,13196,4887,7.638678387390119,False,False,False,True
ACAAACCATGCGTCCT-1,14437,5090,ER,CID4535,Invasive cancer,1,64,16,7190,2559,14437,5090,7.19678603588003,False,False,False,True
ACACCGGTCTGACCGC-1,15023,5098,ER,CID4535,Invasive cancer,1,65,17,7285,2614,15023,5098,6.869466817546428,False,False,False,True
ATGGCAGCATTACGAT-1,15248,5135,ER,CID4535,Invasive cancer,1,64,18,7190,2668,15248,5135,8.486358866736621,False,False,False,True
CTGGTGAATGGGCCTA-1,11348,4587,ER,CID4535,Invasive cancer,1,65,19,7285,2723,11348,4587,6.644342615438843,False,False,False,True
CACAGAGACGAGGACG-1,16779,5366,ER,CID4535,Invasive cancer,1,64,20,7190,2778,16779,5366,7.062399427856249,False,False,False,True
GCACAAACCCTAGATG-1,13750,4977,ER,CID4535,Invasive cancer,1,65,21,7285,2832,13750,4977,6.305454545454546,False,False,False,True
ACTATGTCCAGCTGCC-1,15417,5146,ER,CID4535,Invasive cancer,1,64,22,7190,2887,15417,5146,6.0128429655575015,False,False,False,True
AAGCCGCCGTGAAATC-1,14279,5022,ER,CID4535,Invasive cancer,1,65,23,7285,2942,14279,5022,6.022830730443308,False,False,False,True
ATGGGTGTATACCTCC-1,16122,5270,ER,CID4535,Invasive cancer,1,64,24,7190,2996,16122,5270,7.300583054211636,False,False,False,True
TAAGCGCGAATCAAAT-1,14208,5036,ER,CID4535,Invasive cancer,1,65,25,7285,3051,14208,5036,4.652308558558558,False,False,False,True
AGCCCGGCATTAGAGG-1,20005,5503,ER,CID4535,Invasive cancer,1,64,26,7190,3106,20005,5503,11.642089477630591,False,False,False,True
GTGATCAAGCGTGCAC-1,24066,6178,ER,CID4535,Invasive cancer,1,65,27,7285,3160,24066,6178,9.690019114102883,False,False,False,True
CTGCCTTTAATACCTT-1,15209,4910,ER,CID4535,Invasive cancer,1,64,28,7190,3215,15209,4910,7.673088302978499,False,False,False,True
TACCTCCACACCAATG-1,15193,4915,ER,CID4535,Invasive cancer,1,65,29,7285,3270,15193,4915,7.668005002303692,False,False,False,True
GAGCATCAACAACTTG-1,20143,5878,ER,CID4535,Invasive cancer,1,64,30,7190,3324,20143,5878,5.768753413096361,False,False,False,True
CATACGAACTAGCTGG-1,17425,5419,ER,CID4535,Invasive cancer,1,65,31,7285,3379,17425,5419,6.146341463414634,False,False,False,True
GGGAACGGTTTCAGAT-1,18241,5460,ER,CID4535,Invasive cancer,1,64,32,7190,3434,18241,5460,7.351570637574695,False,False,False,True
AGGGTGCCGTTCTTTA-1,15412,4895,ER,CID4535,Invasive cancer,1,65,33,7285,3488,15412,4895,7.351414482221645,False,False,False,True
ACGACTGGTCATACTC-1,15458,5103,ER,CID4535,Invasive cancer,1,64,34,7190,3543,15458,5103,6.313882779143485,False,False,False,True
GGATCTTACTGCCCTT-1,15526,4965,ER,CID4535,Invasive cancer,1,65,35,7285,3598,15526,4965,8.089656060801238,False,False,False,True
TACTCCTCTAGTTGAC-1,13911,4528,ER,CID4535,Invasive cancer,1,64,36,7189,3652,13911,4528,13.147868593199627,False,False,False,True
GTAGCTCCGGGAGGCT-1,17391,5071,ER,CID4535,Invasive cancer,1,65,37,7285,3707,17391,5071,12.529469265712152,False,False,False,True
GGACTCGTGAGTGGTC-1,13308,4385,ER,CID4535,Stroma,1,64,38,7189,3761,13308,4385,13.473098887886986,False,False,False,True
GTAGTTCGAAGGCGAA-1,12070,4097,ER,CID4535,Stroma,1,65,39,7285,3816,12070,4097,13.471416735708369,False,False,False,True
CTCAAACCACTGCCCG-1,10097,3669,ER,CID4535,Stroma,1,64,40,7189,3871,10097,3669,13.934832128354957,False,False,False,True
GAGGGAGTCAGATCGC-1,7003,2934,ER,CID4535,Stroma,1,65,41,7284,3925,7003,2934,11.58075110666857,False,False,False,True
GCGTCCCTAAGACATA-1,8093,3110,ER,CID4535,Stroma,1,64,42,7189,3980,8093,3110,9.15606079327814,False,False,False,True
TCTCTTACCGCGAACC-1,6818,2775,ER,CID4535,Invasive cancer + lymphocytes,1,65,43,7284,4035,6818,2775,5.778820768553828,False,False,False,True
GGCTACTATACACTCC-1,8498,3268,ER,CID4535,Invasive cancer + lymphocytes,1,64,44,7189,4089,8498,3268,2.6947517062838315,False,False,False,True
CGTTGCCCGCGTGGGA-1,9169,3393,ER,CID4535,Invasive cancer + lymphocytes,1,65,45,7284,4144,9169,3393,7.034573017777293,False,False,False,True
TATAGAGTCGCTTGAA-1,11256,2881,ER,CID4535,Invasive cancer + lymphocytes,1,64,46,7189,4199,11256,2881,5.863539445628998,False,False,False,True
ATGTTGTAGTCTGTTT-1,12460,4247,ER,CID4535,Invasive cancer + lymphocytes,1,65,47,7284,4253,12460,4247,8.346709470304976,False,False,False,True
AGTATACACAGCGACA-1,12714,4500,ER,CID4535,Invasive cancer + lymphocytes,1,64,48,7189,4308,12714,4500,5.442818939751455,False,False,False,True
TGTGGTTGCTAAAGCT-1,11929,4266,ER,CID4535,Invasive cancer + lymphocytes,1,65,49,7284,4363,11929,4266,6.4297091122474646,False,False,False,True
TGATTCCCGGTTACCT-1,9145,3990,ER,CID4535,Invasive cancer + lymphocytes,1,64,50,7189,4417,9145,3990,2.91962821213778,False,False,False,True
CACTGACGATTGTGGA-1,11031,4180,ER,CID4535,Invasive cancer + lymphocytes,1,65,51,7284,4472,11031,4180,5.022210135073882,False,False,False,True
AACATTGTGACTCGAG-1,15646,5061,ER,CID4535,Invasive cancer + lymphocytes,1,64,52,7189,4526,15646,5061,5.656397801354979,False,False,False,True
GTCCAATATTTAGCCT-1,8749,3731,ER,CID4535,Invasive cancer + lymphocytes,1,65,53,7284,4581,8749,3731,4.811978511829924,False,False,False,True
GCTCTTTCCGCTAGTG-1,7857,3430,ER,CID4535,Invasive cancer + lymphocytes,1,64,54,7189,4636,7857,3430,3.6527936871579487,False,False,False,True
GGGTCAGGAGCTAGAT-1,10585,4191,ER,CID4535,Invasive cancer + lymphocytes,1,65,55,7284,4690,10585,4191,3.3443552196504487,False,False,False,True
AGGTGGTGACCTTCGC-1,14129,4615,ER,CID4535,Invasive cancer + lymphocytes,1,64,56,7189,4745,14129,4615,8.556868851298747,False,False,False,True
CCCGGGTCGTTCAGGG-1,10361,4292,ER,CID4535,Invasive cancer + lymphocytes,1,65,57,7284,4800,10361,4292,2.9244281440015443,False,False,False,True
ATTATGAGACCCAATT-1,770,560,ER,CID4535,Invasive cancer,1,66,12,7380,2341,770,560,13.636363636363635,False,False,False,True
CCTCCTAGCTAGAGTC-1,814,566,ER,CID4535,Invasive cancer,1,67,13,7475,2395,814,566,13.75921375921376,False,False,False,True
CGAAGGGTTTCAGATT-1,9378,3990,ER,CID4535,Invasive cancer,1,66,14,7380,2450,9378,3990,7.410961825549157,False,False,False,True
CACAAGCTAAGAAAGG-1,10345,4132,ER,CID4535,Invasive cancer,1,67,15,7475,2505,10345,4132,8.032866118898019,False,False,False,True
CACCGGTAGAGACATT-1,16233,5307,ER,CID4535,Invasive cancer,1,66,16,7380,2559,16233,5307,6.9241668206739355,False,False,False,True
ACTCATGGCAGCCTTC-1,15464,4946,ER,CID4535,Invasive cancer,1,67,17,7475,2614,15464,4946,13.010863942058975,False,False,False,True
CATCCAATATAGTTTG-1,15403,5233,ER,CID4535,Invasive cancer,1,66,18,7380,2669,15403,5233,8.134778939167694,False,False,False,True
CAGATATGAAGATGAC-1,17152,5436,ER,CID4535,Invasive cancer,1,67,19,7475,2723,17152,5436,9.695662313432836,False,False,False,True
GCAAAGGGCGTTAGCC-1,15755,5202,ER,CID4535,Invasive cancer,1,66,20,7380,2778,15755,5202,8.24500158679784,False,False,False,True
CTGTTGTTCAGTCGTA-1,14016,4781,ER,CID4535,Invasive cancer,1,67,21,7475,2833,14016,4781,9.246575342465754,False,False,False,True
AAAGGCCCTATAATAC-1,22542,6185,ER,CID4535,Invasive cancer,1,66,22,7380,2887,22542,6185,6.5877029544849615,False,False,False,True
AACATTGAAGTTGATC-1,20360,5812,ER,CID4535,Invasive cancer,1,67,23,7475,2942,20360,5812,9.93614931237721,False,False,False,True
GCTAGCGATAGGTCTT-1,16627,5385,ER,CID4535,Invasive cancer,1,66,24,7380,2996,16627,5385,4.763336741444638,False,False,False,True
ATTGCCTATTAGACCG-1,17908,5544,ER,CID4535,Invasive cancer,1,67,25,7475,3051,17908,5544,6.1480902389993295,False,False,False,True
GGGCGTTTACATTCAT-1,9860,4226,ER,CID4535,Invasive cancer,1,66,26,7380,3106,9860,4226,3.0933062880324544,False,False,False,True
CCTCTACAAGGATTGG-1,15350,5103,ER,CID4535,Invasive cancer,1,67,27,7475,3160,15350,5103,2.8794788273615635,False,False,False,True
AGTGACTGTGACACAA-1,22085,6075,ER,CID4535,Invasive cancer,1,66,28,7380,3215,22085,6075,6.461399139687571,False,False,False,True
AGCCCTCCCTGGTGGC-1,17932,5219,ER,CID4535,Invasive cancer,1,67,29,7475,3270,17932,5219,4.310729422261878,False,False,False,True
CGGTTGAGTATCCTTC-1,17709,5476,ER,CID4535,Invasive cancer,1,66,30,7380,3324,17709,5476,5.799311084759163,False,False,False,True
CATTATCCCATTAACG-1,18462,5580,ER,CID4535,Invasive cancer,1,67,31,7475,3379,18462,5580,6.272343191420214,False,False,False,True
AATGTGCTAATCTGAG-1,16019,5414,ER,CID4535,Invasive cancer,1,66,32,7380,3434,16019,5414,4.469692240464449,False,False,False,True
CTTAGTTGAGGAATCG-1,17007,5435,ER,CID4535,Invasive cancer,1,67,33,7475,3488,17007,5435,6.420885517727995,False,False,False,True
CTTCTGGGCGTACCTA-1,16115,5223,ER,CID4535,Invasive cancer,1,66,34,7380,3543,16115,5223,6.403971455165994,False,False,False,True
AGTCAAATGATGTGAT-1,27018,6642,ER,CID4535,Invasive cancer,1,67,35,7475,3598,27018,6642,6.362425049966689,False,False,False,True
TGAACAAGCAGGGACT-1,29364,6505,ER,CID4535,Invasive cancer,1,66,36,7380,3652,29364,6505,11.391499795668166,False,False,False,True
AATACCGGAGGGCTGT-1,16629,4903,ER,CID4535,Stroma,1,67,37,7475,3707,16629,4903,13.795177100246558,False,False,False,True
GTTTGGTGATCGGTGC-1,13609,4166,ER,CID4535,Stroma,1,66,38,7380,3761,13609,4166,14.725549268866192,False,False,False,True
GACTGCTGGTGAGAAA-1,11337,3875,ER,CID4535,Stroma,1,67,39,7475,3816,11337,3875,12.09314633500926,False,False,False,True
CGATCCTCGCAACATA-1,9194,3425,ER,CID4535,Stroma,1,66,40,7380,3871,9194,3425,13.128127039373505,False,False,False,True
CCAACCTTATGTAACT-1,10632,3702,ER,CID4535,Stroma,1,67,41,7475,3925,10632,3702,8.173438675696012,False,False,False,True
CGTGGTACCCAAAGGC-1,7945,3192,ER,CID4535,Stroma,1,66,42,7380,3980,7945,3192,7.463813719320327,False,False,False,True
AACCCGACAACCCGTG-1,22254,5869,ER,CID4535,Invasive cancer + lymphocytes,1,67,43,7475,4035,22254,5869,9.26125640334322,False,False,False,True
TATGTAAAGTGCTTAA-1,13978,4526,ER,CID4535,Invasive cancer + lymphocytes,1,66,44,7379,4089,13978,4526,10.051509514952068,False,False,False,True
GCAAGTGTAAAGCATG-1,20859,5929,ER,CID4535,Invasive cancer + lymphocytes,1,67,45,7475,4144,20859,5929,5.321443981015389,False,False,False,True
GTAACTGCCCAAGGAG-1,18812,5485,ER,CID4535,Invasive cancer + lymphocytes,1,66,46,7379,4199,18812,5485,6.341696789283437,False,False,False,True
GGTGCATAAATGATTA-1,20276,5622,ER,CID4535,Invasive cancer + lymphocytes,1,67,47,7474,4253,20276,5622,8.714736634444664,False,False,False,True
TAGTCCCGGAGACCAC-1,17218,5071,ER,CID4535,Invasive cancer + lymphocytes,1,66,48,7379,4308,17218,5071,11.27889418050877,False,False,False,True
CGGCCAGAGCGACCAT-1,17155,5209,ER,CID4535,Invasive cancer + lymphocytes,1,67,49,7474,4363,17155,5209,7.1874089186826,False,False,False,True
TGAATGAGTGTTTCCC-1,11687,4363,ER,CID4535,Invasive cancer + lymphocytes,1,66,50,7379,4417,11687,4363,5.527509198254471,False,False,False,True
TTCACTTCCTAGAACG-1,15330,5153,ER,CID4535,Invasive cancer + lymphocytes,1,67,51,7474,4472,15330,5153,5.551206784083496,False,False,False,True
CGCTTAGTATTGATAC-1,14792,4987,ER,CID4535,Invasive cancer + lymphocytes,1,66,52,7379,4527,14792,4987,6.348025959978367,False,False,False,True
AACGCGACCTTGGGCG-1,13023,4491,ER,CID4535,Invasive cancer + lymphocytes,1,67,53,7474,4581,13023,4491,6.749596867081317,False,False,False,True
GTGCACCAGCTTCAAC-1,17660,5217,ER,CID4535,Invasive cancer + lymphocytes,1,66,54,7379,4636,17660,5217,7.293318233295583,False,False,False,True
TTCTATTAAACGCAGC-1,22041,5824,ER,CID4535,Invasive cancer + lymphocytes,1,67,55,7474,4691,22041,5824,9.877047320901955,False,False,False,True
TGGCAAGCACAAGTCG-1,16876,5196,ER,CID4535,Invasive cancer + lymphocytes,1,66,56,7379,4745,16876,5196,7.2232756577388,False,False,False,True
ATCTGCTGTTATCGCC-1,14846,4888,ER,CID4535,Invasive cancer + lymphocytes,1,67,57,7474,4800,14846,4888,5.435807624949481,False,False,False,True
AATTCCAAGCATGTAC-1,13026,4581,ER,CID4535,Invasive cancer + lymphocytes,1,66,58,7379,4854,13026,4581,8.329494856440963,False,False,False,True
AAACGGTTGCGAACTG-1,9347,3892,ER,CID4535,Invasive cancer + lymphocytes,1,67,59,7474,4909,9347,3892,4.546913448165187,False,False,False,True
CTACATATCGCGGGAC-1,696,519,ER,CID4535,Invasive cancer,1,68,12,7570,2341,696,519,13.936781609195403,False,False,False,True
ATGGTATTTACTGATT-1,1693,1069,ER,CID4535,Invasive cancer,1,69,13,7665,2395,1693,1069,14.235085646780862,False,False,False,True
CCGTCAACCTCTGGCG-1,1868,1181,ER,CID4535,Invasive cancer,1,68,14,7570,2450,1868,1181,13.704496788008566,False,False,False,True
GCTTCGACGTTCAATC-1,1723,1163,ER,CID4535,Invasive cancer,1,69,15,7665,2505,1723,1163,12.013929193267558,False,False,False,True
GACCGATTAAATATGT-1,14724,5072,ER,CID4535,Invasive cancer,1,68,16,7570,2559,14724,5072,12.747894593860366,False,False,False,True
GTCGAATTTGGGCGCT-1,8351,3347,ER,CID4535,Invasive cancer,1,69,17,7665,2614,8351,3347,16.405220931624957,False,False,False,True
TCACGGCCCAAGAGAG-1,20162,5840,ER,CID4535,Invasive cancer,1,68,18,7570,2669,20162,5840,9.016962602916378,False,False,False,True
CTACGATCCTATCCTA-1,15148,5029,ER,CID4535,Invasive cancer,1,69,19,7665,2723,15148,5029,12.292051756007394,False,False,False,True
TGCAGTGGTAGGGAAC-1,17108,5409,ER,CID4535,Invasive cancer,1,68,20,7570,2778,17108,5409,8.919803600654665,False,False,False,True
TTGCCTAATCCAAAGT-1,19320,5590,ER,CID4535,Invasive cancer,1,69,21,7665,2833,19320,5590,12.453416149068323,False,False,False,True
AGCGAGACGTGAAGGC-1,22336,6300,ER,CID4535,Invasive cancer,1,68,22,7570,2887,22336,6300,7.037965616045845,False,False,False,True
TTCTACCTCAATCGGT-1,16631,5119,ER,CID4535,Invasive cancer,1,69,23,7665,2942,16631,5119,10.660814142264446,False,False,False,True
TACGCTGCTGTGTTAA-1,17280,5362,ER,CID4535,Invasive cancer,1,68,24,7570,2997,17280,5362,8.836805555555555,False,False,False,True
TAGTCCTGCACTAAGC-1,18293,5547,ER,CID4535,Invasive cancer,1,69,25,7665,3051,18293,5547,11.791395615809327,False,False,False,True
AGCACACGTTTAGACT-1,18522,5572,ER,CID4535,Invasive cancer,1,68,26,7570,3106,18522,5572,6.764928193499623,False,False,False,True
GTTCGACAATTGTATA-1,22757,6190,ER,CID4535,Invasive cancer,1,69,27,7665,3161,22757,6190,6.797908335896648,False,False,False,True
CCATGTTCATCTATAT-1,15256,4975,ER,CID4535,Invasive cancer,1,68,28,7570,3215,15256,4975,4.857105401153645,False,False,False,True
CCCTCGATAATACACA-1,19868,5656,ER,CID4535,Stroma,1,69,29,7665,3270,19868,5656,9.77451177773304,False,False,False,True
ACTGCCCGCCATTCTC-1,13029,4739,ER,CID4535,Stroma,1,68,30,7570,3324,13029,4739,5.134699516463274,False,False,False,True
CTATATCCAGCCTGGC-1,8802,3762,ER,CID4535,Stroma,1,69,31,7665,3379,8802,3762,4.305839581913202,False,False,False,True
CGCACGTCTGTTTATG-1,14876,5017,ER,CID4535,Invasive cancer,1,68,32,7570,3434,14876,5017,4.9946222102715785,False,False,False,True
AATCAGGTTTCATTTA-1,10167,3861,ER,CID4535,Stroma,1,69,33,7665,3488,10167,3861,9.117733844791974,False,False,False,True
AGAGAAACACCAGAAA-1,30242,6903,ER,CID4535,Invasive cancer,1,68,34,7570,3543,30242,6903,9.46696647047153,False,False,False,True
ACCCGATTGGTTCCGA-1,11116,3647,ER,CID4535,Stroma,1,69,35,7665,3598,11116,3647,6.765023389708529,False,False,False,True
TACCAGGAATCCCGTC-1,15530,4714,ER,CID4535,Stroma,1,68,36,7570,3652,15530,4714,10.212491951062459,False,False,False,True
AAGTGCTTCTCTATTG-1,9728,3617,ER,CID4535,Stroma,1,69,37,7665,3707,9728,3617,3.90625,False,False,False,True
TGCATGTGACCCATAG-1,10538,3627,ER,CID4535,Stroma,1,68,38,7570,3762,10538,3627,7.3353577528942875,False,False,False,True
TAGATTCAAAGTGCGG-1,16124,4572,ER,CID4535,Stroma,1,69,39,7665,3816,16124,4572,3.5723145621433887,False,False,False,True
AGGGTCAGAGCACTCG-1,15971,4876,ER,CID4535,Stroma,1,68,40,7570,3871,15971,4876,6.060985536284515,False,False,False,True
GTGAGATAACCTTATA-1,31433,7187,ER,CID4535,Invasive cancer + lymphocytes,1,69,41,7665,3926,31433,7187,4.854770464161868,False,False,False,True
GTGTCAGTGTACGTGG-1,23169,6089,ER,CID4535,Invasive cancer + lymphocytes,1,68,42,7570,3980,23169,6089,8.684017437092667,False,False,False,True
CTGTAGTGAGGATCGA-1,27861,6642,ER,CID4535,Invasive cancer + lymphocytes,1,69,43,7665,4035,27861,6642,8.373712357776103,False,False,False,True
GATAGTGCGAGTAAGT-1,28316,6742,ER,CID4535,Invasive cancer + lymphocytes,1,68,44,7570,4089,28316,6742,6.5581296793332395,False,False,False,True
AGGGTTCAGACGGTCC-1,21930,5992,ER,CID4535,Invasive cancer + lymphocytes,1,69,45,7665,4144,21930,5992,7.291381668946649,False,False,False,True
GGACTCGACAGCGCAT-1,17863,5525,ER,CID4535,Invasive cancer + lymphocytes,1,68,46,7570,4199,17863,5525,5.430218888204669,False,False,False,True
CACTCTCAAGCATCGA-1,21886,6011,ER,CID4535,Invasive cancer + lymphocytes,1,69,47,7665,4253,21886,6011,7.6350178196107095,False,False,False,True
GAGCGGAATGCGGTGT-1,22619,5968,ER,CID4535,Invasive cancer + lymphocytes,1,68,48,7570,4308,22619,5968,9.867810248021575,False,False,False,True
CAGTTCGAGGACCCGA-1,24621,6210,ER,CID4535,Invasive cancer + lymphocytes,1,69,49,7665,4363,24621,6210,8.143454774379595,False,False,False,True
CGTAACTTCGACACTT-1,15624,5096,ER,CID4535,Invasive cancer + lymphocytes,1,68,50,7570,4417,15624,5096,5.2803379416282645,False,False,False,True
TGATCACCACACTGAC-1,19002,5655,ER,CID4535,Invasive cancer + lymphocytes,1,69,51,7665,4472,19002,5655,5.846752973371224,False,False,False,True
CATACTTCTTTCTCCG-1,11554,4365,ER,CID4535,Invasive cancer + lymphocytes,1,68,52,7569,4527,11554,4365,4.691016098320928,False,False,False,True
CAAGTAAGTGATAGAC-1,18194,5481,ER,CID4535,Invasive cancer + lymphocytes,1,69,53,7665,4581,18194,5481,7.321094866439486,False,False,False,True
AGCCCGCAACAAGCAG-1,19134,5624,ER,CID4535,Invasive cancer + lymphocytes,1,68,54,7569,4636,19134,5624,6.914393226716839,False,False,False,True
GCTCCATGCAAAGCAA-1,20608,5840,ER,CID4535,Invasive cancer + lymphocytes,1,69,55,7664,4691,20608,5840,6.313082298136647,False,False,False,True
TCGTACCGACGTCAAG-1,14023,4925,ER,CID4535,Invasive cancer + lymphocytes,1,68,56,7569,4745,14023,4925,4.3856521429080795,False,False,False,True
ATTATCGGAATGTACG-1,8534,3395,ER,CID4535,Invasive cancer + lymphocytes,1,69,57,7664,4800,8534,3395,4.687133817670495,False,False,False,True
ACCTACTATAAATCTA-1,10191,4125,ER,CID4535,Invasive cancer + lymphocytes,1,68,58,7569,4854,10191,4125,4.356785398881366,False,False,False,True
TATCCTATCAACTGGT-1,9985,3880,ER,CID4535,Invasive cancer + lymphocytes,1,69,59,7664,4909,9985,3880,5.56835252879319,False,False,False,True
GCGCGGTCTAGTAACT-1,12867,4644,ER,CID4535,Invasive cancer + lymphocytes,1,68,60,7569,4964,12867,4644,4.406621590114246,False,False,False,True
TGGGCGATACAATAAG-1,19428,5728,ER,CID4535,Invasive cancer + lymphocytes,1,68,62,7569,5073,19428,5728,7.082561251801524,False,False,False,True
TGACATGTAACGTGAC-1,19996,5435,ER,CID4535,Invasive cancer + lymphocytes,1,69,63,7664,5128,19996,5435,4.975995199039808,False,False,False,True
ACGGTCACCGAGAACA-1,1504,1003,ER,CID4535,Invasive cancer,1,71,13,7856,2396,1504,1003,13.231382978723405,False,False,False,True
TAGACTCAGTTGGCCT-1,2222,1336,ER,CID4535,Invasive cancer,1,70,14,7760,2450,2222,1336,13.321332133213321,False,False,False,True
CCTTCCGCAACGCTGC-1,1800,1178,ER,CID4535,Invasive cancer,1,71,15,7856,2505,1800,1178,13.444444444444445,False,False,False,True
CAGTGTTAATCTCTCA-1,1495,1027,ER,CID4535,Invasive cancer,1,70,16,7760,2559,1495,1027,13.91304347826087,False,False,False,True
CAGGCCAGTACCACCT-1,1063,757,ER,CID4535,Invasive cancer,1,71,17,7856,2614,1063,757,13.54656632173095,False,False,False,True
GATCGCTGTGGTGCGT-1,5055,2517,ER,CID4535,Invasive cancer,1,70,18,7760,2669,5055,2517,12.87833827893175,False,False,False,True
GTATCTCGGGCGCTTT-1,9240,3755,ER,CID4535,Invasive cancer,1,71,19,7855,2723,9240,3755,10.119047619047619,False,False,False,True
CCGGGCTAAGAATTTC-1,14159,4932,ER,CID4535,Invasive cancer,1,70,20,7760,2778,14159,4932,8.355109824140122,False,False,False,True
CTTCACGCCCTGGTAC-1,19003,5752,ER,CID4535,Invasive cancer,1,71,21,7855,2833,19003,5752,8.540756722622744,False,False,False,True
CGGATGAATGCTGTGA-1,17589,5461,ER,CID4535,Invasive cancer,1,70,22,7760,2887,17589,5461,8.29495707544488,False,False,False,True
CTCTGCAGGCATTCTT-1,6093,3002,ER,CID4535,Invasive cancer,1,71,23,7855,2942,6093,3002,8.928278352207451,False,False,False,True
TCAAAGTCACGGCGTC-1,23283,6152,ER,CID4535,Invasive cancer,1,70,24,7760,2997,23283,6152,10.02018640209595,False,False,False,True
TGGGTTTCGGGCGTAC-1,6607,3159,ER,CID4535,Invasive cancer,1,71,25,7855,3051,6607,3159,7.0531254729832,False,False,False,True
TGCTATGGCAAAGGGA-1,23892,6224,ER,CID4535,Invasive cancer,1,70,26,7760,3106,23892,6224,9.42574920475473,False,False,False,True
TTCACGGTCGTCACGT-1,18797,5456,ER,CID4535,Invasive cancer,1,71,27,7855,3161,18797,5456,11.416715433313826,False,False,False,True
CGTAAAGCAAGAAATC-1,27322,6639,ER,CID4535,Invasive cancer,1,70,28,7760,3215,27322,6639,9.95534733914062,False,False,False,True
CTGATCCCTTTATGCA-1,10920,3803,ER,CID4535,Stroma,1,71,29,7855,3270,10920,3803,5.952380952380952,False,False,False,True
GAGTATACCCTAATCA-1,10005,3968,ER,CID4535,Stroma,1,70,30,7760,3324,10005,3968,5.857071464267866,False,False,False,True
CCACGGCAGGTGTAGG-1,6648,3010,ER,CID4535,Stroma,1,71,31,7855,3379,6648,3010,4.271961492178098,False,False,False,True
ACGTACTTTGGCACGG-1,8407,3532,ER,CID4535,Stroma,1,70,32,7760,3434,8407,3532,5.174259545616748,False,False,False,True
CCTGAGAATAAATGCA-1,7248,2993,ER,CID4535,Stroma,1,71,33,7855,3488,7248,2993,4.608167770419426,False,False,False,True
TTGATGCCGCTCGTCG-1,7435,3019,ER,CID4535,Stroma,1,70,34,7760,3543,7435,3019,4.734364492266308,False,False,False,True
GCCAGGAAAGAACACT-1,9088,3595,ER,CID4535,Stroma,1,71,35,7855,3598,9088,3595,4.379401408450704,False,False,False,True
TCCGACCGCTAATCAA-1,9402,3591,ER,CID4535,Stroma,1,70,36,7760,3652,9402,3591,4.296958094022548,False,False,False,True
TATATCAAAGTGATCT-1,8113,3330,ER,CID4535,Stroma,1,71,37,7855,3707,8113,3330,4.782447923086405,False,False,False,True
CCTCGGTTTCCTTGCC-1,8416,3406,ER,CID4535,Stroma,1,70,38,7760,3762,8416,3406,4.016159695817491,False,False,False,True
TAAATTTAGTAACACC-1,20461,5236,ER,CID4535,Stroma,1,71,39,7855,3816,20461,5236,4.603880553247642,False,False,False,True
CTCGTTACGGCTACCA-1,17921,5121,ER,CID4535,Stroma,1,70,40,7760,3871,17921,5121,5.753027174822833,False,False,False,True
GCCGTCGGTTTCGGGC-1,22498,6237,ER,CID4535,Invasive cancer + lymphocytes,1,71,41,7855,3926,22498,6237,6.498355409369721,False,False,False,True
GTTCCGTCCGCCTGCA-1,27452,6589,ER,CID4535,Invasive cancer + lymphocytes,1,70,42,7760,3980,27452,6589,9.048521054932246,False,False,False,True
CTAGGGATAGGGACAA-1,25465,6555,ER,CID4535,Invasive cancer + lymphocytes,1,71,43,7855,4035,25465,6555,6.153544080109955,False,False,False,True
GTCCAGGCACGTGTGC-1,21763,5997,ER,CID4535,Invasive cancer + lymphocytes,1,70,44,7760,4090,21763,5997,7.324357855075128,False,False,False,True
GAGGAATATCTCTTTG-1,23276,6248,ER,CID4535,Invasive cancer + lymphocytes,1,71,45,7855,4144,23276,6248,6.560405567967005,False,False,False,True
CGTTCAAGGAAACGGA-1,26779,6648,ER,CID4535,Invasive cancer + lymphocytes,1,70,46,7760,4199,26779,6648,7.72620336831099,False,False,False,True
GTGGGAACAAACCGGG-1,27842,6576,ER,CID4535,Invasive cancer + lymphocytes,1,71,47,7855,4254,27842,6576,8.318367933338122,False,False,False,True
GGGCACGTAGTACTGT-1,25671,6559,ER,CID4535,Invasive cancer + lymphocytes,1,70,48,7760,4308,25671,6559,6.735226520197888,False,False,False,True
ACTACAAAGAGAGGTG-1,25812,6374,ER,CID4535,Invasive cancer + lymphocytes,1,71,49,7855,4363,25812,6374,8.794359212769255,False,False,False,True
GGTGTAGGTAAGTAAA-1,27495,6601,ER,CID4535,Invasive cancer + lymphocytes,1,70,50,7760,4417,27495,6601,7.354064375340971,False,False,False,True
CCTGTTCAACCTCGGG-1,21335,5888,ER,CID4535,Invasive cancer + lymphocytes,1,71,51,7855,4472,21335,5888,7.068197797047106,False,False,False,True
TGAGGTGTGTGGCGGA-1,21982,6185,ER,CID4535,Invasive cancer + lymphocytes,1,70,52,7760,4527,21982,6185,4.3581111818760805,False,False,False,True
ATTGTCTGTTTCATGT-1,13309,4424,ER,CID4535,Stroma,1,71,53,7855,4581,13309,4424,4.012322488541589,False,False,False,True
GCCGGTCGTATCTCTC-1,11737,4416,ER,CID4535,Invasive cancer + lymphocytes,1,70,54,7760,4636,11737,4416,3.1779841526795605,False,False,False,True
ATATGGGATAGCAACT-1,11302,4065,ER,CID4535,Stroma,1,71,55,7855,4691,11302,4065,3.2206689081578483,False,False,False,True
GATAGAACCCGCTAGG-1,13139,4512,ER,CID4535,Invasive cancer + lymphocytes,1,70,56,7760,4745,13139,4512,4.399117132201842,False,False,False,True
ATCCCATTTCCGTGGG-1,9482,3715,ER,CID4535,Invasive cancer + lymphocytes,1,71,57,7855,4800,9482,3715,2.446741193840962,False,False,False,True
GATGCTACCTTCGATG-1,16384,5075,ER,CID4535,Invasive cancer + lymphocytes,1,70,58,7759,4855,16384,5075,5.96923828125,False,False,False,True
TGCAAAGTTCGTCTGT-1,12453,4326,ER,CID4535,Invasive cancer + lymphocytes,1,71,59,7855,4909,12453,4326,5.115233277121979,False,False,False,True
GTTGTAGATTTATGAG-1,4434,2172,ER,CID4535,,0,71,63,7854,5128,4434,2172,7.194406856111862,True,False,True,False
CTATTTGCTTGGAGGA-1,13890,4409,ER,CID4535,Adipose tissue,1,70,64,7759,5182,13890,4409,10.518358531317494,False,False,False,True
AGCCATATAGTATGTG-1,14479,4467,ER,CID4535,Adipose tissue,1,71,65,7854,5237,14479,4467,12.40417155880931,False,False,False,True
TTCTCAATTGCTACAA-1,665,510,ER,CID4535,Invasive cancer,1,72,14,7951,2450,665,510,11.879699248120302,False,False,False,True
GACATTTCGCCCAGCC-1,1637,1077,ER,CID4535,Invasive cancer,1,72,16,7951,2560,1637,1077,14.355528405620035,False,False,False,True
CCAGTGTACAGACCGA-1,2291,1352,ER,CID4535,Invasive cancer,1,72,18,7951,2669,2291,1352,12.789175032736797,False,False,False,True
GCCCGATGCCCAGTTC-1,1521,1003,ER,CID4535,Invasive cancer,1,73,19,8046,2724,1521,1003,13.41222879684418,False,False,False,True
CGAACCTCTTTCCTAG-1,7243,3189,ER,CID4535,Invasive cancer,1,72,20,7951,2778,7243,3189,12.577661190114595,False,False,False,True
CCAAATCAAAGGGCAA-1,675,545,ER,CID4535,Invasive cancer,1,72,22,7950,2887,675,545,9.777777777777779,False,False,False,True
TAAGTGAATAGTCTAC-1,703,521,ER,CID4535,Invasive cancer,1,72,24,7950,2997,703,521,12.51778093883357,False,False,False,True
CCCTCAGATCGAGAAC-1,1052,730,ER,CID4535,Invasive cancer,1,72,26,7950,3106,1052,730,8.26996197718631,False,False,False,True
ACATTCGCGCGGAATA-1,840,631,ER,CID4535,Invasive cancer,1,73,27,8045,3161,840,631,8.214285714285714,False,False,False,True
CTATGAACACCTTGCC-1,1722,1076,ER,CID4535,Invasive cancer,1,72,28,7950,3215,1722,1076,4.5876887340301975,False,False,False,True
TCGACATAGCGTAGCG-1,5514,2338,ER,CID4535,Stroma,1,72,30,7950,3325,5514,2338,4.497642364889373,False,False,False,True
CTCGAGGCAAGTTTCA-1,4389,2140,ER,CID4535,Stroma,1,72,32,7950,3434,4389,2140,5.240373661426293,False,False,False,True
GACGATATCACTGGGT-1,8223,3011,ER,CID4535,Stroma,1,72,34,7950,3543,8223,3011,3.295634196765171,False,False,False,True
CAGCTCTGGGCTCACT-1,843,629,ER,CID4535,Stroma,1,73,35,8045,3598,843,629,7.354685646500593,False,False,False,True
TAGTCTGCGGCACATT-1,7625,3322,ER,CID4535,Stroma,1,72,36,7950,3652,7625,3322,4.695081967213115,False,False,False,True
TGGTCGATATACCTCT-1,1430,917,ER,CID4535,Stroma,1,73,37,8045,3707,1430,917,5.104895104895105,False,False,False,True
TTCAGTTCAAGAGGAG-1,6983,2763,ER,CID4535,Stroma,1,72,38,7950,3762,6983,2763,4.181583846484319,False,False,False,True
GTCTGTAGGTTGAACA-1,3439,1814,ER,CID4535,Invasive cancer + lymphocytes,1,73,39,8045,3816,3439,1814,4.1000290782204125,False,False,False,True
GAGAGTCTCGGGAGAG-1,20562,5834,ER,CID4535,Invasive cancer + lymphocytes,1,72,40,7950,3871,20562,5834,6.8524462600914315,False,False,False,True
TTGTTTGTATTACACG-1,12022,4370,ER,CID4535,Invasive cancer + lymphocytes,1,73,41,8045,3926,12022,4370,6.5879221427383134,False,False,False,True
GCACAGCACGGGCCGA-1,24259,6238,ER,CID4535,Invasive cancer + lymphocytes,1,72,42,7950,3980,24259,6238,8.067109114143205,False,False,False,True
AAACAGTGTTCCTGGG-1,18395,5495,ER,CID4535,Invasive cancer + lymphocytes,1,73,43,8045,4035,18395,5495,5.898341940744768,False,False,False,True
TGGAGAATAATCGTCC-1,25115,6459,ER,CID4535,Invasive cancer + lymphocytes,1,72,44,7950,4090,25115,6459,7.242683655186144,False,False,False,True
CGCCGCGTTCTGAACG-1,13318,4802,ER,CID4535,Invasive cancer + lymphocytes,1,73,45,8045,4144,13318,4802,4.783000450518095,False,False,False,True
CATGCGTTGAGAGGAG-1,24670,6214,ER,CID4535,Invasive cancer + lymphocytes,1,72,46,7950,4199,24670,6214,8.73530603972436,False,False,False,True
TACGCTCCTAGAACTG-1,8415,3686,ER,CID4535,Invasive cancer + lymphocytes,1,73,47,8045,4254,8415,3686,2.6024955436720143,False,False,False,True
CCTTGTGAACGTGGTT-1,19475,5546,ER,CID4535,Invasive cancer + lymphocytes,1,72,48,7950,4308,19475,5546,8.585365853658537,False,False,False,True
TTAAAGGCGATGCTCG-1,14607,5077,ER,CID4535,Invasive cancer + lymphocytes,1,73,49,8045,4363,14607,5077,3.621551311015267,False,False,False,True
TAAAGTGCACGTCTCG-1,21006,5910,ER,CID4535,Invasive cancer + lymphocytes,1,72,50,7950,4417,21006,5910,5.7650195182328865,False,False,False,True
TGTCCGCAAACAATTC-1,19953,5558,ER,CID4535,Invasive cancer + lymphocytes,1,73,51,8045,4472,19953,5558,3.904174810805393,False,False,False,True
AGGCCTATCATACCAA-1,23349,6297,ER,CID4535,Invasive cancer + lymphocytes,1,72,52,7950,4527,23349,6297,6.107327936956615,False,False,False,True
ACTGGGATGCCAGTGC-1,14639,4845,ER,CID4535,Invasive cancer + lymphocytes,1,73,53,8045,4581,14639,4845,6.216271603251588,False,False,False,True
CGATCCACCATTGTTG-1,10364,3985,ER,CID4535,Stroma,1,72,54,7950,4636,10364,3985,4.805094558085681,False,False,False,True
GGGCATGCATGTCGAG-1,6564,2815,ER,CID4535,Stroma,1,73,55,8045,4691,6564,2815,3.3363802559414992,False,False,False,True
TCCAGGCAGGACGATC-1,10173,3931,ER,CID4535,Invasive cancer + lymphocytes,1,72,56,7950,4745,10173,3931,4.285854713457191,False,False,False,True
CAATGACCCTTAATTT-1,8092,3428,ER,CID4535,Invasive cancer + lymphocytes,1,73,57,8045,4800,8092,3428,3.2624814631735046,False,False,False,True
ATCAAGATCCCAGGAC-1,12749,4499,ER,CID4535,Invasive cancer + lymphocytes,1,72,58,7950,4855,12749,4499,6.533845791826811,False,False,False,True
CTCAGAGCTAATGTCG-1,3142,1728,ER,CID4535,Invasive cancer + lymphocytes,1,73,59,8045,4909,3142,1728,3.946530872056015,False,False,False,True
CTGCGATTTCGAGATT-1,4204,2048,ER,CID4535,Adipose tissue,1,72,60,7950,4964,4204,2048,5.708848715509039,False,False,False,True
ATGGTATTGGGAACCG-1,1307,923,ER,CID4535,Adipose tissue,1,73,61,8045,5019,1307,923,4.13159908186687,False,False,False,True
CTCTACATCCTGCGTG-1,37063,6619,ER,CID4535,Adipose tissue,1,72,66,7949,5292,37063,6619,16.1805574292421,False,False,False,True
TGGGTGTTAAGTAGAA-1,11756,3635,ER,CID4535,Adipose tissue,1,72,68,7949,5401,11756,3635,16.62129976182375,False,False,False,True
CGATCGAGAAGCACCA-1,783,590,ER,CID4535,Adipose tissue,1,74,64,8140,5183,783,590,5.747126436781609,False,False,False,True
CTGCTCTGACGGCAAA-1,831,584,ER,CID4535,Adipose tissue,1,75,65,8235,5237,831,584,7.9422382671480145,False,False,False,True
