barcode,orig.ident,subtype,celltype_major,celltype_minor,celltype_subset
CID4535_AAACCTGTCGCGGATC,CID4535,ER+,Endothelial,Endothelial ACKR1,Endothelial ACKR1
CID4535_AAAGCAAGTCCCGACA,CID4535,ER+,Endothelial,Endothelial ACKR1,Endothelial ACKR1
CID4535_AAGGAGCCAAGCCGTC,CID4535,ER+,Endothelial,Endothelial ACKR1,Endothelial ACKR1
CID4535_ACACCAACATCACCCT,CID4535,ER+,Endothelial,Endothelial ACKR1,Endothelial ACKR1
CID4535_ACGGCCATCCAGGGCT,CID4535,ER+,Endothelial,Endothelial ACKR1,Endothelial ACKR1
CID4535_ACGGGCTGTCACACGC,CID4535,ER+,Endothelial,Endothelial ACKR1,Endothelial ACKR1
CID4535_AGCAGCCGTTGGTTTG,CID4535,ER+,Endothelial,Endothelial ACKR1,Endothelial ACKR1
CID4535_ATCATGGGTGATGTCT,CID4535,ER+,Endothelial,Endothelial ACKR1,Endothelial ACKR1
CID4535_CAACTAGGTTCAGCGC,CID4535,ER+,Endothelial,Endothelial ACKR1,Endothelial ACKR1
CID4535_CACACAAAGAAACGAG,CID4535,ER+,Endothelial,Endothelial ACKR1,Endothelial ACKR1
CID4535_CAGATCAGTTACGTCA,CID4535,ER+,Endothelial,Endothelial ACKR1,Endothelial ACKR1
CID4535_CAGTAACTCATCTGTT,CID4535,ER+,Endothelial,Endothelial ACKR1,Endothelial ACKR1
CID4535_CCCTCCTCACGAAACG,CID4535,ER+,Endothelial,Endothelial ACKR1,Endothelial ACKR1
CID4535_CCTCAGTAGGTGCAAC,CID4535,ER+,Endothelial,Endothelial ACKR1,Endothelial ACKR1
CID4535_CGGAGTCTCCTGTAGA,CID4535,ER+,Endothelial,Endothelial ACKR1,Endothelial ACKR1
CID4535_CGGTTAATCAGTGCAT,CID4535,ER+,Endothelial,Endothelial ACKR1,Endothelial ACKR1
CID4535_CTACATTCATAGTAAG,CID4535,ER+,Endothelial,Endothelial ACKR1,Endothelial ACKR1
CID4535_CTAGAGTAGTGGCACA,CID4535,ER+,Endothelial,Endothelial ACKR1,Endothelial ACKR1
CID4535_CTCACACAGACCGGAT,CID4535,ER+,Endothelial,Endothelial ACKR1,Endothelial ACKR1
CID4535_CTCGGAGTCCGTAGGC,CID4535,ER+,Endothelial,Endothelial ACKR1,Endothelial ACKR1
CID4535_CTCTAATGTCGCCATG,CID4535,ER+,Endothelial,Endothelial ACKR1,Endothelial ACKR1
CID4535_CTGGTCTGTGTGCCTG,CID4535,ER+,Endothelial,Endothelial ACKR1,Endothelial ACKR1
CID4535_CTTAACTTCACAAACC,CID4535,ER+,Endothelial,Endothelial ACKR1,Endothelial ACKR1
CID4535_GATCTAGAGCCCTAAT,CID4535,ER+,Endothelial,Endothelial ACKR1,Endothelial ACKR1
CID4535_GCACATAAGGGCATGT,CID4535,ER+,Endothelial,Endothelial ACKR1,Endothelial ACKR1
CID4535_GCAGCCAAGTTGTCGT,CID4535,ER+,Endothelial,Endothelial ACKR1,Endothelial ACKR1
CID4535_GCTTCCACAGCTCGAC,CID4535,ER+,Endothelial,Endothelial ACKR1,Endothelial ACKR1
CID4535_GGTATTGAGTCAAGGC,CID4535,ER+,Endothelial,Endothelial ACKR1,Endothelial ACKR1
CID4535_GTCGTAAGTAGCCTCG,CID4535,ER+,Endothelial,Endothelial ACKR1,Endothelial ACKR1
CID4535_GTCTTCGTCAGGATCT,CID4535,ER+,Endothelial,Endothelial ACKR1,Endothelial ACKR1
CID4535_GTGTTAGGTAGTAGTA,CID4535,ER+,Endothelial,Endothelial ACKR1,Endothelial ACKR1
CID4535_TACTCGCGTCTGATTG,CID4535,ER+,Endothelial,Endothelial ACKR1,Endothelial ACKR1
CID4535_TGCTACCGTCTAAAGA,CID4535,ER+,Endothelial,Endothelial ACKR1,Endothelial ACKR1
CID4535_TGGTTCCCATCGTCGG,CID4535,ER+,Endothelial,Endothelial ACKR1,Endothelial ACKR1
CID4535_TGTGTTTCACTTAAGC,CID4535,ER+,Endothelial,Endothelial ACKR1,Endothelial ACKR1
CID4535_TTGAACGTCACATGCA,CID4535,ER+,Endothelial,Endothelial ACKR1,Endothelial ACKR1
CID4535_TTGCGTCGTAGCGTCC,CID4535,ER+,Endothelial,Endothelial ACKR1,Endothelial ACKR1
CID4535_TTGTAGGGTAGAGGAA,CID4535,ER+,Endothelial,Endothelial ACKR1,Endothelial ACKR1
CID4535_AGGCCACCAACTGGCC,CID4535,ER+,Endothelial,Endothelial ACKR1,Endothelial ACKR1
CID4535_GTCTTCGTCTTATCTG,CID4535,ER+,Endothelial,Endothelial ACKR1,Endothelial ACKR1
CID4535_GTCACGGCATTCACTT,CID4535,ER+,Endothelial,Endothelial ACKR1,Endothelial ACKR1
CID4535_CTTGGCTCAGTGGGAT,CID4535,ER+,Endothelial,Endothelial ACKR1,Endothelial ACKR1
CID4535_ACATGGTTCATGGTCA,CID4535,ER+,Endothelial,Endothelial ACKR1,Endothelial ACKR1
CID4535_TCTCTAAGTGCAGTAG,CID4535,ER+,Endothelial,Endothelial ACKR1,Endothelial ACKR1
CID4535_CGGGTCAGTAGATTAG,CID4535,ER+,Endothelial,Endothelial RGS5,Endothelial RGS5
CID4535_GCATACAAGAATCTCC,CID4535,ER+,Endothelial,Endothelial RGS5,Endothelial RGS5
CID4535_AGCGGTCCACATGTGT,CID4535,ER+,Endothelial,Endothelial RGS5,Endothelial RGS5
CID4535_AGGGTGAAGCAGGCTA,CID4535,ER+,Endothelial,Endothelial RGS5,Endothelial RGS5
CID4535_AGTAGTCGTCTCAACA,CID4535,ER+,Endothelial,Endothelial RGS5,Endothelial RGS5
CID4535_CGTGTAACACAGGAGT,CID4535,ER+,Endothelial,Endothelial RGS5,Endothelial RGS5
CID4535_CTCACACGTTCCCTTG,CID4535,ER+,Endothelial,Endothelial RGS5,Endothelial RGS5
CID4535_GCAATCAAGGGAACGG,CID4535,ER+,Endothelial,Endothelial RGS5,Endothelial RGS5
CID4535_TCGTAGAGTCTGGAGA,CID4535,ER+,Endothelial,Endothelial RGS5,Endothelial RGS5
CID4535_CCCTCCTCACGGTAGA,CID4535,ER+,Endothelial,Endothelial RGS5,Endothelial RGS5
CID4535_CGCCAAGCACTGTGTA,CID4535,ER+,Endothelial,Endothelial RGS5,Endothelial RGS5
CID4535_TACTCATCAGCGTAAG,CID4535,ER+,Endothelial,Endothelial RGS5,Endothelial RGS5
CID4535_TCATTACGTGATGTGG,CID4535,ER+,Endothelial,Endothelial RGS5,Endothelial RGS5
CID4535_TGGGCGTAGCTGCCCA,CID4535,ER+,Endothelial,Endothelial RGS5,Endothelial RGS5
CID4535_AACCATGAGCGATCCC,CID4535,ER+,Endothelial,Endothelial RGS5,Endothelial RGS5
CID4535_AATCGGTTCGTGGGAA,CID4535,ER+,Endothelial,Endothelial RGS5,Endothelial RGS5
CID4535_ACCCACTTCTCTTATG,CID4535,ER+,Endothelial,Endothelial RGS5,Endothelial RGS5
CID4535_ACGAGGAGTCCGCTGA,CID4535,ER+,Endothelial,Endothelial RGS5,Endothelial RGS5
CID4535_ACGATGTTCGACCAGC,CID4535,ER+,Endothelial,Endothelial RGS5,Endothelial RGS5
CID4535_AGTCTTTCAAAGTGCG,CID4535,ER+,Endothelial,Endothelial RGS5,Endothelial RGS5
CID4535_ATTACTCTCCAGAGGA,CID4535,ER+,Endothelial,Endothelial RGS5,Endothelial RGS5
CID4535_CAGCTGGAGAACTCGG,CID4535,ER+,Endothelial,Endothelial RGS5,Endothelial RGS5
CID4535_CATATGGCAGTATCTG,CID4535,ER+,Endothelial,Endothelial RGS5,Endothelial RGS5
CID4535_CCATTCGTCCAGTATG,CID4535,ER+,Endothelial,Endothelial RGS5,Endothelial RGS5
CID4535_CCGGGATGTGCAGTAG,CID4535,ER+,Endothelial,Endothelial RGS5,Endothelial RGS5
CID4535_CCGGTAGTCCGATATG,CID4535,ER+,Endothelial,Endothelial RGS5,Endothelial RGS5
CID4535_CCTCTGAAGAATCTCC,CID4535,ER+,Endothelial,Endothelial RGS5,Endothelial RGS5
CID4535_CCTTCCCAGGACGAAA,CID4535,ER+,Endothelial,Endothelial RGS5,Endothelial RGS5
CID4535_CGGTTAACAGACAAAT,CID4535,ER+,Endothelial,Endothelial RGS5,Endothelial RGS5
CID4535_GAACATCCACAAGTAA,CID4535,ER+,Endothelial,Endothelial RGS5,Endothelial RGS5
CID4535_GAACATCGTAGTAGTA,CID4535,ER+,Endothelial,Endothelial RGS5,Endothelial RGS5
CID4535_GCCAAATGTAGCGTCC,CID4535,ER+,Endothelial,Endothelial RGS5,Endothelial RGS5
CID4535_GCCTCTATCGCAAACT,CID4535,ER+,Endothelial,Endothelial RGS5,Endothelial RGS5
CID4535_GTCATTTCATTGCGGC,CID4535,ER+,Endothelial,Endothelial RGS5,Endothelial RGS5
CID4535_GTCGGGTTCAACCAAC,CID4535,ER+,Endothelial,Endothelial RGS5,Endothelial RGS5
CID4535_TCACAAGTCTTGTATC,CID4535,ER+,Endothelial,Endothelial RGS5,Endothelial RGS5
CID4535_TCAGATGTCCGAATGT,CID4535,ER+,Endothelial,Endothelial RGS5,Endothelial RGS5
CID4535_TCAGGATCAATGGACG,CID4535,ER+,Endothelial,Endothelial RGS5,Endothelial RGS5
CID4535_TTAGGCAAGTGTACGG,CID4535,ER+,Endothelial,Endothelial RGS5,Endothelial RGS5
CID4535_TTAGGCAGTCAGATAA,CID4535,ER+,Endothelial,Endothelial RGS5,Endothelial RGS5
CID4535_TTTGTCACATTCCTCG,CID4535,ER+,Endothelial,Endothelial RGS5,Endothelial RGS5
CID4535_AGCTTGATCCTAGGGC,CID4535,ER+,Endothelial,Endothelial RGS5,Endothelial RGS5
CID4535_GTAGGCCAGGTGCTAG,CID4535,ER+,Endothelial,Endothelial CXCL12,Endothelial CXCL12
CID4535_GTCATTTCAGAGTGTG,CID4535,ER+,Endothelial,Endothelial CXCL12,Endothelial CXCL12
CID4535_GTTCTCGTCGTATCAG,CID4535,ER+,Endothelial,Endothelial CXCL12,Endothelial CXCL12
CID4535_TACTCATGTAGGGACT,CID4535,ER+,Endothelial,Endothelial CXCL12,Endothelial CXCL12
CID4535_CTCCTAGGTGTTTGGT,CID4535,ER+,Endothelial,Endothelial CXCL12,Endothelial CXCL12
CID4535_TGGACGCAGCACCGCT,CID4535,ER+,Endothelial,Endothelial CXCL12,Endothelial CXCL12
CID4535_AACTTTCCAGTAAGCG,CID4535,ER+,Endothelial,Endothelial CXCL12,Endothelial CXCL12
CID4535_ACCAGTATCCAAATGC,CID4535,ER+,Endothelial,Endothelial CXCL12,Endothelial CXCL12
CID4535_ACGAGGAAGTACCGGA,CID4535,ER+,Endothelial,Endothelial CXCL12,Endothelial CXCL12
CID4535_ACGCCGATCTGGAGCC,CID4535,ER+,Endothelial,Endothelial CXCL12,Endothelial CXCL12
CID4535_AGGTCATAGAGATGAG,CID4535,ER+,Endothelial,Endothelial CXCL12,Endothelial CXCL12
CID4535_CATGCCTCACAAGTAA,CID4535,ER+,Endothelial,Endothelial CXCL12,Endothelial CXCL12
CID4535_GAATAAGTCAGGCCCA,CID4535,ER+,Endothelial,Endothelial CXCL12,Endothelial CXCL12
CID4535_GACCTGGGTCGCGTGT,CID4535,ER+,Endothelial,Endothelial CXCL12,Endothelial CXCL12
CID4535_GACGTTAAGTGGACGT,CID4535,ER+,Endothelial,Endothelial CXCL12,Endothelial CXCL12
CID4535_GGCTCGAGTCGAGTTT,CID4535,ER+,Endothelial,Endothelial CXCL12,Endothelial CXCL12
CID4535_GGCTGGTTCTTGAGAC,CID4535,ER+,Endothelial,Endothelial CXCL12,Endothelial CXCL12
CID4535_GTTCGGGGTCTCTCTG,CID4535,ER+,Endothelial,Endothelial CXCL12,Endothelial CXCL12
CID4535_TCACGAACAATGAATG,CID4535,ER+,Endothelial,Endothelial CXCL12,Endothelial CXCL12
CID4535_TCTATTGGTGGTCTCG,CID4535,ER+,Endothelial,Endothelial CXCL12,Endothelial CXCL12
CID4535_TGCACCTCAGCGATCC,CID4535,ER+,Endothelial,Endothelial CXCL12,Endothelial CXCL12
CID4535_TTCTACAGTGGGTATG,CID4535,ER+,Endothelial,Endothelial CXCL12,Endothelial CXCL12
CID4535_TTTATGCGTTTCCACC,CID4535,ER+,Endothelial,Endothelial CXCL12,Endothelial CXCL12
CID4535_GATGAAAGTGCTGTAT,CID4535,ER+,Endothelial,Endothelial CXCL12,Endothelial CXCL12
CID4535_CCGTACTAGACAGACC,CID4535,ER+,Endothelial,Endothelial CXCL12,Endothelial CXCL12
CID4535_GAATAAGGTACCGAGA,CID4535,ER+,Endothelial,Endothelial CXCL12,Endothelial CXCL12
CID4535_GACTACATCTCATTCA,CID4535,ER+,Endothelial,Endothelial CXCL12,Endothelial CXCL12
CID4535_GCGCCAATCGACCAGC,CID4535,ER+,Endothelial,Endothelial CXCL12,Endothelial CXCL12
CID4535_TAGAGCTAGCAGGTCA,CID4535,ER+,Endothelial,Endothelial CXCL12,Endothelial CXCL12
CID4535_TTTACTGTCTCCGGTT,CID4535,ER+,Endothelial,Endothelial CXCL12,Endothelial CXCL12
CID4535_AGCTCTCAGGACACCA,CID4535,ER+,Endothelial,Endothelial CXCL12,Endothelial CXCL12
CID4535_GACTAACAGGTAAACT,CID4535,ER+,Endothelial,Endothelial CXCL12,Endothelial CXCL12
CID4535_TATGCCCAGTGTACGG,CID4535,ER+,Endothelial,Endothelial CXCL12,Endothelial CXCL12
CID4535_AACTTTCAGCGATAGC,CID4535,ER+,Endothelial,Endothelial CXCL12,Endothelial CXCL12
CID4535_TTGTAGGCAGCTGGCT,CID4535,ER+,Endothelial,Endothelial CXCL12,Endothelial CXCL12
CID4535_AAACGGGTCCTTTCGG,CID4535,ER+,Endothelial,Endothelial CXCL12,Endothelial CXCL12
CID4535_AAAGATGCATAGTAAG,CID4535,ER+,Endothelial,Endothelial CXCL12,Endothelial CXCL12
CID4535_AACCATGCACTGCCAG,CID4535,ER+,Endothelial,Endothelial CXCL12,Endothelial CXCL12
CID4535_AACCATGGTCTAGTCA,CID4535,ER+,Endothelial,Endothelial CXCL12,Endothelial CXCL12
CID4535_AACTCAGCACCAACCG,CID4535,ER+,Endothelial,Endothelial CXCL12,Endothelial CXCL12
CID4535_ACATGGTAGCTAGCCC,CID4535,ER+,Endothelial,Endothelial CXCL12,Endothelial CXCL12
CID4535_ACCTTTAAGGACCACA,CID4535,ER+,Endothelial,Endothelial CXCL12,Endothelial CXCL12
CID4535_ACGGCCATCGGAATCT,CID4535,ER+,Endothelial,Endothelial CXCL12,Endothelial CXCL12
CID4535_ACTATCTAGCGTCTAT,CID4535,ER+,Endothelial,Endothelial CXCL12,Endothelial CXCL12
CID4535_ACTGATGAGTGTCCCG,CID4535,ER+,Endothelial,Endothelial CXCL12,Endothelial CXCL12
CID4535_ACTGCTCGTCCATCCT,CID4535,ER+,Endothelial,Endothelial CXCL12,Endothelial CXCL12
CID4535_ACTTTCACACATGTGT,CID4535,ER+,Endothelial,Endothelial CXCL12,Endothelial CXCL12
CID4535_ACTTTCATCTCAAGTG,CID4535,ER+,Endothelial,Endothelial CXCL12,Endothelial CXCL12
CID4535_AGACGTTCATGCCTTC,CID4535,ER+,Endothelial,Endothelial CXCL12,Endothelial CXCL12
CID4535_AGAGCTTAGGGCACTA,CID4535,ER+,Endothelial,Endothelial CXCL12,Endothelial CXCL12
CID4535_AGATCTGTCTGCAGTA,CID4535,ER+,Endothelial,Endothelial CXCL12,Endothelial CXCL12
CID4535_AGATTGCAGAGCTGCA,CID4535,ER+,Endothelial,Endothelial CXCL12,Endothelial CXCL12
CID4535_AGGCCACTCTTCATGT,CID4535,ER+,Endothelial,Endothelial CXCL12,Endothelial CXCL12
CID4535_AGTAGTCTCATTGCGA,CID4535,ER+,Endothelial,Endothelial CXCL12,Endothelial CXCL12
CID4535_ATCACGAAGAGCTGCA,CID4535,ER+,Endothelial,Endothelial CXCL12,Endothelial CXCL12
CID4535_ATCATGGCATGCAACT,CID4535,ER+,Endothelial,Endothelial CXCL12,Endothelial CXCL12
CID4535_ATCCACCCAAGTCATC,CID4535,ER+,Endothelial,Endothelial CXCL12,Endothelial CXCL12
CID4535_ATCCGAACACCATGTA,CID4535,ER+,Endothelial,Endothelial CXCL12,Endothelial CXCL12
CID4535_ATGAGGGGTAACGTTC,CID4535,ER+,Endothelial,Endothelial CXCL12,Endothelial CXCL12
CID4535_ATTACTCTCCAGTATG,CID4535,ER+,Endothelial,Endothelial CXCL12,Endothelial CXCL12
CID4535_CACCAGGAGGATGGAA,CID4535,ER+,Endothelial,Endothelial CXCL12,Endothelial CXCL12
CID4535_CACCAGGCAAGACACG,CID4535,ER+,Endothelial,Endothelial CXCL12,Endothelial CXCL12
CID4535_CAGAGAGTCTTTACGT,CID4535,ER+,Endothelial,Endothelial CXCL12,Endothelial CXCL12
CID4535_CATCAAGCAGGTTTCA,CID4535,ER+,Endothelial,Endothelial CXCL12,Endothelial CXCL12
CID4535_CATCAGAAGTTATCGC,CID4535,ER+,Endothelial,Endothelial CXCL12,Endothelial CXCL12
CID4535_CATTCGCAGCTGATAA,CID4535,ER+,Endothelial,Endothelial CXCL12,Endothelial CXCL12
CID4535_CCACCTATCACTGGGC,CID4535,ER+,Endothelial,Endothelial CXCL12,Endothelial CXCL12
CID4535_CCATGTCGTCATACTG,CID4535,ER+,Endothelial,Endothelial CXCL12,Endothelial CXCL12
CID4535_CCATTCGTCTGTGCAA,CID4535,ER+,Endothelial,Endothelial CXCL12,Endothelial CXCL12
CID4535_CCCAATCCAATGGATA,CID4535,ER+,Endothelial,Endothelial CXCL12,Endothelial CXCL12
CID4535_CCGGGATTCGGATGGA,CID4535,ER+,Endothelial,Endothelial CXCL12,Endothelial CXCL12
CID4535_CCTATTAAGCGTCTAT,CID4535,ER+,Endothelial,Endothelial CXCL12,Endothelial CXCL12
CID4535_CCTTACGAGGTGCTTT,CID4535,ER+,Endothelial,Endothelial CXCL12,Endothelial CXCL12
CID4535_CGAATGTAGCCACCTG,CID4535,ER+,Endothelial,Endothelial CXCL12,Endothelial CXCL12
CID4535_CGAGCCAAGGCTATCT,CID4535,ER+,Endothelial,Endothelial CXCL12,Endothelial CXCL12
CID4535_CGCCAAGGTCTAGTCA,CID4535,ER+,Endothelial,Endothelial CXCL12,Endothelial CXCL12
CID4535_CGCGTTTTCCGGGTGT,CID4535,ER+,Endothelial,Endothelial CXCL12,Endothelial CXCL12
CID4535_CGCTATCCAAAGAATC,CID4535,ER+,Endothelial,Endothelial CXCL12,Endothelial CXCL12
CID4535_CGGACACCAGGTCTCG,CID4535,ER+,Endothelial,Endothelial CXCL12,Endothelial CXCL12
CID4535_CGGACTGAGCGATTCT,CID4535,ER+,Endothelial,Endothelial CXCL12,Endothelial CXCL12
CID4535_CGGACTGCACGGATAG,CID4535,ER+,Endothelial,Endothelial CXCL12,Endothelial CXCL12
CID4535_CGGAGTCGTTGTACAC,CID4535,ER+,Endothelial,Endothelial CXCL12,Endothelial CXCL12
CID4535_CGTAGCGCACGTAAGG,CID4535,ER+,Endothelial,Endothelial CXCL12,Endothelial CXCL12
CID4535_CGTCAGGAGTGCGTGA,CID4535,ER+,Endothelial,Endothelial CXCL12,Endothelial CXCL12
CID4535_CGTCCATGTAAATACG,CID4535,ER+,Endothelial,Endothelial CXCL12,Endothelial CXCL12
CID4535_CTAAGACAGAGGTACC,CID4535,ER+,Endothelial,Endothelial CXCL12,Endothelial CXCL12
CID4535_CTAGAGTAGGGCACTA,CID4535,ER+,Endothelial,Endothelial CXCL12,Endothelial CXCL12
CID4535_CTAGAGTGTCCGAACC,CID4535,ER+,Endothelial,Endothelial CXCL12,Endothelial CXCL12
CID4535_CTAGTGACACCAGATT,CID4535,ER+,Endothelial,Endothelial CXCL12,Endothelial CXCL12
CID4535_CTAGTGACAGCTGTGC,CID4535,ER+,Endothelial,Endothelial CXCL12,Endothelial CXCL12
CID4535_CTCGTACCAAGCTGTT,CID4535,ER+,Endothelial,Endothelial CXCL12,Endothelial CXCL12
CID4535_CTGGTCTAGACGACGT,CID4535,ER+,Endothelial,Endothelial CXCL12,Endothelial CXCL12
CID4535_CTGTTTAGTAGCACGA,CID4535,ER+,Endothelial,Endothelial CXCL12,Endothelial CXCL12
CID4535_CTTAGGAAGTGGCACA,CID4535,ER+,Endothelial,Endothelial CXCL12,Endothelial CXCL12
CID4535_CTTCTCTGTCCGAGTC,CID4535,ER+,Endothelial,Endothelial CXCL12,Endothelial CXCL12
CID4535_GACTACAGTGTTAAGA,CID4535,ER+,Endothelial,Endothelial CXCL12,Endothelial CXCL12
CID4535_GACTGCGAGGCGATAC,CID4535,ER+,Endothelial,Endothelial CXCL12,Endothelial CXCL12
CID4535_GATCAGTAGCGAAGGG,CID4535,ER+,Endothelial,Endothelial CXCL12,Endothelial CXCL12
CID4535_GATCGATGTGAAAGAG,CID4535,ER+,Endothelial,Endothelial CXCL12,Endothelial CXCL12
CID4535_GATTCAGTCCTAGGGC,CID4535,ER+,Endothelial,Endothelial CXCL12,Endothelial CXCL12
CID4535_GCATACATCCCGACTT,CID4535,ER+,Endothelial,Endothelial CXCL12,Endothelial CXCL12
CID4535_GCCTCTATCTCGTATT,CID4535,ER+,Endothelial,Endothelial CXCL12,Endothelial CXCL12
CID4535_GCTCCTATCCCTTGCA,CID4535,ER+,Endothelial,Endothelial CXCL12,Endothelial CXCL12
CID4535_GCTGCGATCAATCTCT,CID4535,ER+,Endothelial,Endothelial CXCL12,Endothelial CXCL12
CID4535_GCTTGAACATCTGGTA,CID4535,ER+,Endothelial,Endothelial CXCL12,Endothelial CXCL12
CID4535_GGATGTTGTTCCGGCA,CID4535,ER+,Endothelial,Endothelial CXCL12,Endothelial CXCL12
CID4535_GGCGACTGTGGCCCTA,CID4535,ER+,Endothelial,Endothelial CXCL12,Endothelial CXCL12
CID4535_GGCGTGTCATAAAGGT,CID4535,ER+,Endothelial,Endothelial CXCL12,Endothelial CXCL12
CID4535_GGCTGGTCACTACAGT,CID4535,ER+,Endothelial,Endothelial CXCL12,Endothelial CXCL12
CID4535_GGGAATGTCGGAAACG,CID4535,ER+,Endothelial,Endothelial CXCL12,Endothelial CXCL12
CID4535_GTAACGTAGTTTCCTT,CID4535,ER+,Endothelial,Endothelial CXCL12,Endothelial CXCL12
CID4535_GTAGGCCAGTGCCATT,CID4535,ER+,Endothelial,Endothelial CXCL12,Endothelial CXCL12
CID4535_GTATCTTAGCCACTAT,CID4535,ER+,Endothelial,Endothelial CXCL12,Endothelial CXCL12
CID4535_GTCACAATCTCGGACG,CID4535,ER+,Endothelial,Endothelial CXCL12,Endothelial CXCL12
CID4535_GTCGTAAGTCTGCCAG,CID4535,ER+,Endothelial,Endothelial CXCL12,Endothelial CXCL12
CID4535_GTCTCGTAGACGCAAC,CID4535,ER+,Endothelial,Endothelial CXCL12,Endothelial CXCL12
CID4535_GTCTTCGAGTGGGCTA,CID4535,ER+,Endothelial,Endothelial CXCL12,Endothelial CXCL12
CID4535_TAGAGCTAGCTAGTTC,CID4535,ER+,Endothelial,Endothelial CXCL12,Endothelial CXCL12
CID4535_TGACAACAGTCGTTTG,CID4535,ER+,Endothelial,Endothelial CXCL12,Endothelial CXCL12
CID4535_TGAGCATGTATATCCG,CID4535,ER+,Endothelial,Endothelial CXCL12,Endothelial CXCL12
CID4535_TGAGGGAAGGAGTACC,CID4535,ER+,Endothelial,Endothelial CXCL12,Endothelial CXCL12
CID4535_TGCCAAAAGACGCAAC,CID4535,ER+,Endothelial,Endothelial CXCL12,Endothelial CXCL12
CID4535_TGCTGCTGTAGGACAC,CID4535,ER+,Endothelial,Endothelial CXCL12,Endothelial CXCL12
CID4535_TGTATTCCATAAAGGT,CID4535,ER+,Endothelial,Endothelial CXCL12,Endothelial CXCL12
CID4535_TGTGTTTCAAACGCGA,CID4535,ER+,Endothelial,Endothelial CXCL12,Endothelial CXCL12
CID4535_TTCTTAGCATGCCTTC,CID4535,ER+,Endothelial,Endothelial CXCL12,Endothelial CXCL12
CID4535_TTGCGTCCAACACCTA,CID4535,ER+,Endothelial,Endothelial CXCL12,Endothelial CXCL12
CID4535_TCTCTAATCACTTCAT,CID4535,ER+,Endothelial,Endothelial CXCL12,Endothelial CXCL12
CID4535_CCGGTAGTCTCCAGGG,CID4535,ER+,CAFs,CAFs MSC iCAF-like,CAFs MSC iCAF-like s1
CID4535_CTACGTCCACGAAACG,CID4535,ER+,CAFs,CAFs MSC iCAF-like,CAFs MSC iCAF-like s1
CID4535_GAACCTACATGTTGAC,CID4535,ER+,CAFs,CAFs MSC iCAF-like,CAFs MSC iCAF-like s1
CID4535_GCTGCAGCAAATCCGT,CID4535,ER+,CAFs,CAFs MSC iCAF-like,CAFs MSC iCAF-like s1
CID4535_GGTGAAGCAATTCCTT,CID4535,ER+,CAFs,CAFs MSC iCAF-like,CAFs MSC iCAF-like s1
CID4535_TGACTTTCAGTAAGAT,CID4535,ER+,CAFs,CAFs MSC iCAF-like,CAFs MSC iCAF-like s1
CID4535_TTAGGACAGTGTACGG,CID4535,ER+,CAFs,CAFs MSC iCAF-like,CAFs MSC iCAF-like s1
CID4535_GCGAGAATCGTGGGAA,CID4535,ER+,CAFs,CAFs MSC iCAF-like,CAFs MSC iCAF-like s1
CID4535_AACACGTGTTTAGCTG,CID4535,ER+,CAFs,CAFs MSC iCAF-like,CAFs MSC iCAF-like s1
CID4535_CTAACTTGTTCTCATT,CID4535,ER+,CAFs,CAFs MSC iCAF-like,CAFs MSC iCAF-like s1
CID4535_TTCGGTCCATGCCTAA,CID4535,ER+,CAFs,CAFs MSC iCAF-like,CAFs MSC iCAF-like s1
CID4535_TCATTACCATTCCTGC,CID4535,ER+,CAFs,CAFs MSC iCAF-like,CAFs MSC iCAF-like s1
CID4535_TCGCGTTCATAGAAAC,CID4535,ER+,CAFs,CAFs MSC iCAF-like,CAFs MSC iCAF-like s2
CID4535_CAACCAAAGACCCACC,CID4535,ER+,CAFs,CAFs MSC iCAF-like,CAFs MSC iCAF-like s2
CID4535_CAGATCATCAGCTTAG,CID4535,ER+,CAFs,CAFs MSC iCAF-like,CAFs MSC iCAF-like s2
CID4535_CCAATCCTCCTTGACC,CID4535,ER+,CAFs,CAFs MSC iCAF-like,CAFs MSC iCAF-like s2
CID4535_GAACCTATCCCACTTG,CID4535,ER+,CAFs,CAFs MSC iCAF-like,CAFs MSC iCAF-like s2
CID4535_GACGTGCCAGAAGCAC,CID4535,ER+,CAFs,CAFs MSC iCAF-like,CAFs MSC iCAF-like s2
CID4535_GGCAATTCATGGATGG,CID4535,ER+,CAFs,CAFs MSC iCAF-like,CAFs MSC iCAF-like s2
CID4535_TAGTGGTGTTATCGGT,CID4535,ER+,CAFs,CAFs MSC iCAF-like,CAFs MSC iCAF-like s2
CID4535_TGAGGGAGTCCAAGTT,CID4535,ER+,CAFs,CAFs MSC iCAF-like,CAFs MSC iCAF-like s2
CID4535_TGCTACCGTCTTGCGG,CID4535,ER+,CAFs,CAFs MSC iCAF-like,CAFs MSC iCAF-like s2
CID4535_AACACGTTCGCTGATA,CID4535,ER+,CAFs,CAFs MSC iCAF-like,CAFs MSC iCAF-like s2
CID4535_AGGGAGTGTGCTCTTC,CID4535,ER+,CAFs,CAFs MSC iCAF-like,CAFs MSC iCAF-like s2
CID4535_CATTCGCTCCAGAAGG,CID4535,ER+,CAFs,CAFs MSC iCAF-like,CAFs MSC iCAF-like s2
CID4535_CCTTCCCGTATAGTAG,CID4535,ER+,CAFs,CAFs MSC iCAF-like,CAFs MSC iCAF-like s2
CID4535_CTCGTACAGAAGCCCA,CID4535,ER+,CAFs,CAFs MSC iCAF-like,CAFs MSC iCAF-like s2
CID4535_CTGTGCTAGCAATCTC,CID4535,ER+,CAFs,CAFs MSC iCAF-like,CAFs MSC iCAF-like s2
CID4535_TAGCCGGAGCTGCCCA,CID4535,ER+,CAFs,CAFs MSC iCAF-like,CAFs MSC iCAF-like s2
CID4535_ATTACTCCAAATCCGT,CID4535,ER+,CAFs,CAFs MSC iCAF-like,CAFs MSC iCAF-like s2
CID4535_ACGCCGACACCGAAAG,CID4535,ER+,CAFs,CAFs MSC iCAF-like,CAFs MSC iCAF-like s2
CID4535_CTCCTAGAGCGTTTAC,CID4535,ER+,CAFs,CAFs MSC iCAF-like,CAFs MSC iCAF-like s2
CID4535_CACTCCAAGAGCTGGT,CID4535,ER+,CAFs,CAFs MSC iCAF-like,CAFs MSC iCAF-like s2
CID4535_CGTCTACAGATGTGTA,CID4535,ER+,CAFs,CAFs MSC iCAF-like,CAFs MSC iCAF-like s2
CID4535_GTACTCCGTAGGCTGA,CID4535,ER+,CAFs,CAFs MSC iCAF-like,CAFs MSC iCAF-like s2
CID4535_CGTAGGCGTTGTGGCC,CID4535,ER+,CAFs,CAFs MSC iCAF-like,CAFs MSC iCAF-like s2
CID4535_GATGAAACAGGAATGC,CID4535,ER+,CAFs,CAFs MSC iCAF-like,CAFs MSC iCAF-like s2
CID4535_GCTGCTTTCAATACCG,CID4535,ER+,CAFs,CAFs MSC iCAF-like,CAFs MSC iCAF-like s2
CID4535_GTACTCCCAAGCCGTC,CID4535,ER+,CAFs,CAFs MSC iCAF-like,CAFs MSC iCAF-like s2
CID4535_GTTCGGGTCCAAAGTC,CID4535,ER+,CAFs,CAFs MSC iCAF-like,CAFs MSC iCAF-like s2
CID4535_TTAGGACAGCGAAGGG,CID4535,ER+,CAFs,CAFs MSC iCAF-like,CAFs MSC iCAF-like s2
CID4535_TTTGGTTTCTGAGGGA,CID4535,ER+,CAFs,CAFs MSC iCAF-like,CAFs MSC iCAF-like s2
CID4535_CCACCTATCAGAGGTG,CID4535,ER+,CAFs,CAFs MSC iCAF-like,CAFs MSC iCAF-like s2
CID4535_TACCTATAGCGATTCT,CID4535,ER+,CAFs,CAFs MSC iCAF-like,CAFs MSC iCAF-like s2
CID4535_CACACCTCACCTGGTG,CID4535,ER+,CAFs,CAFs MSC iCAF-like,CAFs MSC iCAF-like s2
CID4535_TCGAGGCCATACTACG,CID4535,ER+,CAFs,CAFs MSC iCAF-like,CAFs MSC iCAF-like s2
CID4535_TAAGAGATCTCGCATC,CID4535,ER+,CAFs,CAFs MSC iCAF-like,CAFs MSC iCAF-like s2
CID4535_GTCATTTAGTGGGATC,CID4535,ER+,CAFs,CAFs MSC iCAF-like,CAFs MSC iCAF-like s2
CID4535_GATTCAGAGCTAAGAT,CID4535,ER+,CAFs,CAFs MSC iCAF-like,CAFs MSC iCAF-like s2
CID4535_CTCGTACTCATCTGTT,CID4535,ER+,CAFs,CAFs MSC iCAF-like,CAFs MSC iCAF-like s2
CID4535_TGGCTGGAGAATCTCC,CID4535,ER+,CAFs,CAFs MSC iCAF-like,CAFs MSC iCAF-like s2
CID4535_AACTTTCGTTAGAACA,CID4535,ER+,CAFs,CAFs MSC iCAF-like,CAFs MSC iCAF-like s2
CID4535_ACATCAGGTTGGAGGT,CID4535,ER+,CAFs,CAFs MSC iCAF-like,CAFs MSC iCAF-like s2
CID4535_CAGCAGCGTCCATCCT,CID4535,ER+,CAFs,CAFs MSC iCAF-like,CAFs MSC iCAF-like s2
CID4535_GCACTCTGTACACCGC,CID4535,ER+,CAFs,CAFs MSC iCAF-like,CAFs MSC iCAF-like s2
CID4535_AGCGGTCGTTGATTGC,CID4535,ER+,CAFs,CAFs MSC iCAF-like,CAFs MSC iCAF-like s2
CID4535_CTAGAGTAGTGGACGT,CID4535,ER+,CAFs,CAFs MSC iCAF-like,CAFs MSC iCAF-like s2
CID4535_GATGCTAGTTGAGGTG,CID4535,ER+,CAFs,CAFs MSC iCAF-like,CAFs MSC iCAF-like s2
CID4535_AGCGTCGAGCTAGTGG,CID4535,ER+,CAFs,CAFs myCAF-like,CAFs Transitioning s3
CID4535_TCACGAAAGTGAAGAG,CID4535,ER+,CAFs,CAFs myCAF-like,CAFs Transitioning s3
CID4535_TGGCTGGCAGCCACCA,CID4535,ER+,CAFs,CAFs myCAF-like,CAFs Transitioning s3
CID4535_ATTCTACCACGGCGTT,CID4535,ER+,CAFs,CAFs myCAF-like,CAFs Transitioning s3
CID4535_AACTCAGCACTCAGGC,CID4535,ER+,CAFs,CAFs myCAF-like,CAFs myCAF like s4
CID4535_CCGGGATGTACAGCAG,CID4535,ER+,CAFs,CAFs myCAF-like,CAFs myCAF like s4
CID4535_CTCTACGTCACTGGGC,CID4535,ER+,CAFs,CAFs myCAF-like,CAFs myCAF like s4
CID4535_TCAGATGCAGCTGTGC,CID4535,ER+,CAFs,CAFs myCAF-like,CAFs myCAF like s4
CID4535_TCAGATGGTGATAAAC,CID4535,ER+,CAFs,CAFs myCAF-like,CAFs myCAF like s4
CID4535_TCTCATACAGGATCGA,CID4535,ER+,CAFs,CAFs myCAF-like,CAFs myCAF like s4
CID4535_TCTGGAAAGAAGGGTA,CID4535,ER+,CAFs,CAFs myCAF-like,CAFs myCAF like s4
CID4535_GCTCTGTGTAAGTGTA,CID4535,ER+,CAFs,CAFs myCAF-like,CAFs myCAF like s4
CID4535_TCCACACGTGCACCAC,CID4535,ER+,CAFs,CAFs myCAF-like,CAFs myCAF like s4
CID4535_CCCAATCCACCCAGTG,CID4535,ER+,CAFs,CAFs myCAF-like,CAFs myCAF like s4
CID4535_CGGAGCTAGTACTTGC,CID4535,ER+,CAFs,CAFs myCAF-like,CAFs myCAF like s4
CID4535_CGTAGCGTCTTGGGTA,CID4535,ER+,CAFs,CAFs myCAF-like,CAFs myCAF like s4
CID4535_TTTGGTTGTGATAAAC,CID4535,ER+,CAFs,CAFs myCAF-like,CAFs myCAF like s4
CID4535_GACGTTAAGTCCAGGA,CID4535,ER+,CAFs,CAFs myCAF-like,CAFs myCAF like s4
CID4535_CCTACCATCGTAGGAG,CID4535,ER+,CAFs,CAFs myCAF-like,CAFs myCAF like s4
CID4535_CGAATGTTCACAAACC,CID4535,ER+,CAFs,CAFs myCAF-like,CAFs myCAF like s4
CID4535_TTAACTCGTCAGAGGT,CID4535,ER+,CAFs,CAFs myCAF-like,CAFs myCAF like s4
CID4535_AATCGGTTCTGTCTAT,CID4535,ER+,CAFs,CAFs myCAF-like,CAFs myCAF like s4
CID4535_AGCTCTCGTGCGGTAA,CID4535,ER+,CAFs,CAFs myCAF-like,CAFs myCAF like s5
CID4535_GAATGAATCCACGAAT,CID4535,ER+,CAFs,CAFs myCAF-like,CAFs myCAF like s5
CID4535_TTTCCTCGTGTTCGAT,CID4535,ER+,CAFs,CAFs myCAF-like,CAFs myCAF like s5
CID4535_AACTGGTCACCACCAG,CID4535,ER+,CAFs,CAFs myCAF-like,CAFs myCAF like s5
CID4535_AAGGTTCGTAGCGTAG,CID4535,ER+,CAFs,CAFs myCAF-like,CAFs myCAF like s5
CID4535_ACTGAACAGCCCAGCT,CID4535,ER+,CAFs,CAFs myCAF-like,CAFs myCAF like s5
CID4535_AGGTCATAGAAGGCCT,CID4535,ER+,CAFs,CAFs myCAF-like,CAFs myCAF like s5
CID4535_AGGTCCGCACGTAAGG,CID4535,ER+,CAFs,CAFs myCAF-like,CAFs myCAF like s5
CID4535_AGTCTTTTCTTTCCTC,CID4535,ER+,CAFs,CAFs myCAF-like,CAFs myCAF like s5
CID4535_CACACAAAGCAATCTC,CID4535,ER+,CAFs,CAFs myCAF-like,CAFs myCAF like s5
CID4535_CACACCTTCGGACAAG,CID4535,ER+,CAFs,CAFs myCAF-like,CAFs myCAF like s5
CID4535_CAGCAGCTCCGCAGTG,CID4535,ER+,CAFs,CAFs myCAF-like,CAFs myCAF like s5
CID4535_CATCCACCAATGGATA,CID4535,ER+,CAFs,CAFs myCAF-like,CAFs myCAF like s5
CID4535_CTGAAACAGCGTGTCC,CID4535,ER+,CAFs,CAFs myCAF-like,CAFs myCAF like s5
CID4535_GATGCTACAGCTCGCA,CID4535,ER+,CAFs,CAFs myCAF-like,CAFs myCAF like s5
CID4535_GCACTCTTCTCACATT,CID4535,ER+,CAFs,CAFs myCAF-like,CAFs myCAF like s5
CID4535_GCATGATTCAGCATGT,CID4535,ER+,CAFs,CAFs myCAF-like,CAFs myCAF like s5
CID4535_GTACGTAGTGTTCGAT,CID4535,ER+,CAFs,CAFs myCAF-like,CAFs myCAF like s5
CID4535_TCAATCTGTAACGTTC,CID4535,ER+,CAFs,CAFs myCAF-like,CAFs myCAF like s5
CID4535_TGAGAGGGTGCTCTTC,CID4535,ER+,CAFs,CAFs myCAF-like,CAFs myCAF like s5
CID4535_TGTATTCGTCTTGTCC,CID4535,ER+,CAFs,CAFs myCAF-like,CAFs myCAF like s5
CID4535_TCAGCAACATTTCAGG,CID4535,ER+,CAFs,CAFs myCAF-like,CAFs myCAF like s5
CID4535_AGGGAGTCAATCGAAA,CID4535,ER+,PVL,PVL Differentiated,PVL Differentiated s3
CID4535_CACACAACAAGAGTCG,CID4535,ER+,PVL,PVL Differentiated,PVL Differentiated s3
CID4535_GACGTTAGTAAGGGCT,CID4535,ER+,PVL,PVL Differentiated,PVL Differentiated s3
CID4535_TCTCATAGTGGTGTAG,CID4535,ER+,PVL,PVL Differentiated,PVL Differentiated s3
CID4535_TGTGGTAGTATCAGTC,CID4535,ER+,PVL,PVL Differentiated,PVL Differentiated s3
CID4535_AAACCTGGTCGATTGT,CID4535,ER+,PVL,PVL Differentiated,PVL Differentiated s3
CID4535_AAAGCAAGTCGGATCC,CID4535,ER+,PVL,PVL Differentiated,PVL Differentiated s3
CID4535_AAAGTAGAGACATAAC,CID4535,ER+,PVL,PVL Differentiated,PVL Differentiated s3
CID4535_AAAGTAGAGTCGTACT,CID4535,ER+,PVL,PVL Differentiated,PVL Differentiated s3
CID4535_AAATGCCAGCGATTCT,CID4535,ER+,PVL,PVL Differentiated,PVL Differentiated s3
CID4535_AACGTTGCATACCATG,CID4535,ER+,PVL,PVL Differentiated,PVL Differentiated s3
CID4535_AACTCTTTCTTGCAAG,CID4535,ER+,PVL,PVL Differentiated,PVL Differentiated s3
CID4535_AACTTTCTCCGAGCCA,CID4535,ER+,PVL,PVL Differentiated,PVL Differentiated s3
CID4535_AAGACCTAGGTGACCA,CID4535,ER+,PVL,PVL Differentiated,PVL Differentiated s3
CID4535_AAGCCGCAGCGATCCC,CID4535,ER+,PVL,PVL Differentiated,PVL Differentiated s3
CID4535_AAGCCGCAGTAAGTAC,CID4535,ER+,PVL,PVL Differentiated,PVL Differentiated s3
CID4535_AATCCAGAGTATTGGA,CID4535,ER+,PVL,PVL Differentiated,PVL Differentiated s3
CID4535_AATCCAGTCAACGGCC,CID4535,ER+,PVL,PVL Differentiated,PVL Differentiated s3
CID4535_ACACCCTGTCGCGTGT,CID4535,ER+,PVL,PVL Differentiated,PVL Differentiated s3
CID4535_ACAGCTAGTTCCATGA,CID4535,ER+,PVL,PVL Differentiated,PVL Differentiated s3
CID4535_ACAGCTAGTTCCTCCA,CID4535,ER+,PVL,PVL Differentiated,PVL Differentiated s3
CID4535_ACATACGTCAACGCTA,CID4535,ER+,PVL,PVL Differentiated,PVL Differentiated s3
CID4535_ACATCAGCACCTCGTT,CID4535,ER+,PVL,PVL Differentiated,PVL Differentiated s3
CID4535_ACATCAGCAGGACGTA,CID4535,ER+,PVL,PVL Differentiated,PVL Differentiated s3
CID4535_ACATGGTTCCTGCTTG,CID4535,ER+,PVL,PVL Differentiated,PVL Differentiated s3
CID4535_ACCAGTACAAGTCATC,CID4535,ER+,PVL,PVL Differentiated,PVL Differentiated s3
CID4535_ACCCACTTCAATACCG,CID4535,ER+,PVL,PVL Differentiated,PVL Differentiated s3
CID4535_ACCCACTTCCCACTTG,CID4535,ER+,PVL,PVL Differentiated,PVL Differentiated s3
CID4535_ACCGTAAAGAACTGTA,CID4535,ER+,PVL,PVL Differentiated,PVL Differentiated s3
CID4535_ACCGTAAAGCCCGAAA,CID4535,ER+,PVL,PVL Differentiated,PVL Differentiated s3
CID4535_ACCGTAACATGTTCCC,CID4535,ER+,PVL,PVL Differentiated,PVL Differentiated s3
CID4535_ACCGTAATCGTCCGTT,CID4535,ER+,PVL,PVL Differentiated,PVL Differentiated s3
CID4535_ACGAGCCCACACCGCA,CID4535,ER+,PVL,PVL Differentiated,PVL Differentiated s3
CID4535_ACGAGCCCAGCCAGAA,CID4535,ER+,PVL,PVL Differentiated,PVL Differentiated s3
CID4535_ACGAGCCGTAGGCTGA,CID4535,ER+,PVL,PVL Differentiated,PVL Differentiated s3
CID4535_ACGAGGAAGTACACCT,CID4535,ER+,PVL,PVL Differentiated,PVL Differentiated s3
CID4535_ACGATACCACCCTATC,CID4535,ER+,PVL,PVL Differentiated,PVL Differentiated s3
CID4535_ACGATACTCTGGCGAC,CID4535,ER+,PVL,PVL Differentiated,PVL Differentiated s3
CID4535_ACGCAGCTCTGTTTGT,CID4535,ER+,PVL,PVL Differentiated,PVL Differentiated s3
CID4535_ACGGAGACAGCCAATT,CID4535,ER+,PVL,PVL Differentiated,PVL Differentiated s3
CID4535_ACGGAGATCGGTGTCG,CID4535,ER+,PVL,PVL Differentiated,PVL Differentiated s3
CID4535_ACGGCCATCATTCACT,CID4535,ER+,PVL,PVL Differentiated,PVL Differentiated s3
CID4535_ACGGGTCAGGTGTGGT,CID4535,ER+,PVL,PVL Differentiated,PVL Differentiated s3
CID4535_ACGTCAAAGTCCGTAT,CID4535,ER+,PVL,PVL Differentiated,PVL Differentiated s3
CID4535_ACTATCTGTTCGTTGA,CID4535,ER+,PVL,PVL Differentiated,PVL Differentiated s3
CID4535_ACTGAGTTCGGAATCT,CID4535,ER+,PVL,PVL Differentiated,PVL Differentiated s3
CID4535_ACTGATGGTGTGCCTG,CID4535,ER+,PVL,PVL Differentiated,PVL Differentiated s3
CID4535_ACTGCTCAGCCGCCTA,CID4535,ER+,PVL,PVL Differentiated,PVL Differentiated s3
CID4535_ACTGCTCTCGGGAGTA,CID4535,ER+,PVL,PVL Differentiated,PVL Differentiated s3
CID4535_ACTTACTAGTGTACTC,CID4535,ER+,PVL,PVL Differentiated,PVL Differentiated s3
CID4535_ACTTTCAAGCGATGAC,CID4535,ER+,PVL,PVL Differentiated,PVL Differentiated s3
CID4535_ACTTTCAGTAAGAGGA,CID4535,ER+,PVL,PVL Differentiated,PVL Differentiated s3
CID4535_AGACGTTCACCAGGCT,CID4535,ER+,PVL,PVL Differentiated,PVL Differentiated s3
CID4535_AGACGTTGTTCGCGAC,CID4535,ER+,PVL,PVL Differentiated,PVL Differentiated s3
CID4535_AGAGCGATCTGTTGAG,CID4535,ER+,PVL,PVL Differentiated,PVL Differentiated s3
CID4535_AGAGCTTGTCTTGATG,CID4535,ER+,PVL,PVL Differentiated,PVL Differentiated s3
CID4535_AGAGCTTGTCTTGTCC,CID4535,ER+,PVL,PVL Differentiated,PVL Differentiated s3
CID4535_AGAGTGGCACCGATAT,CID4535,ER+,PVL,PVL Differentiated,PVL Differentiated s3
CID4535_AGATCTGAGTTTAGGA,CID4535,ER+,PVL,PVL Differentiated,PVL Differentiated s3
CID4535_AGATCTGCAAGGACAC,CID4535,ER+,PVL,PVL Differentiated,PVL Differentiated s3
CID4535_AGCAGCCGTGATAAGT,CID4535,ER+,PVL,PVL Differentiated,PVL Differentiated s3
CID4535_AGCGGTCAGATCGATA,CID4535,ER+,PVL,PVL Differentiated,PVL Differentiated s3
CID4535_AGCGTCGAGTCTTGCA,CID4535,ER+,PVL,PVL Differentiated,PVL Differentiated s3
CID4535_AGCGTCGGTTTGGGCC,CID4535,ER+,PVL,PVL Differentiated,PVL Differentiated s3
CID4535_AGCTTGAAGTCCGTAT,CID4535,ER+,PVL,PVL Differentiated,PVL Differentiated s3
CID4535_AGGCCGTAGGCTCATT,CID4535,ER+,PVL,PVL Differentiated,PVL Differentiated s3
CID4535_AGGTCATGTCCCGACA,CID4535,ER+,PVL,PVL Differentiated,PVL Differentiated s3
CID4535_AGGTCCGTCATGTCCC,CID4535,ER+,PVL,PVL Differentiated,PVL Differentiated s3
CID4535_AGTGAGGTCAACGCTA,CID4535,ER+,PVL,PVL Differentiated,PVL Differentiated s3
CID4535_ATCATGGAGCTAACAA,CID4535,ER+,PVL,PVL Differentiated,PVL Differentiated s3
CID4535_ATCATGGCAATAGCAA,CID4535,ER+,PVL,PVL Differentiated,PVL Differentiated s3
CID4535_ATCATGGGTAGGAGTC,CID4535,ER+,PVL,PVL Differentiated,PVL Differentiated s3
CID4535_ATCATGGTCCAAATGC,CID4535,ER+,PVL,PVL Differentiated,PVL Differentiated s3
CID4535_ATCCGAAGTCTCTCTG,CID4535,ER+,PVL,PVL Differentiated,PVL Differentiated s3
CID4535_ATCTACTCAGGCAGTA,CID4535,ER+,PVL,PVL Differentiated,PVL Differentiated s3
CID4535_ATCTGCCCACGAAACG,CID4535,ER+,PVL,PVL Differentiated,PVL Differentiated s3
CID4535_ATGAGGGCATCGTCGG,CID4535,ER+,PVL,PVL Differentiated,PVL Differentiated s3
CID4535_ATGAGGGGTCAACATC,CID4535,ER+,PVL,PVL Differentiated,PVL Differentiated s3
CID4535_ATGCGATAGCCCTAAT,CID4535,ER+,PVL,PVL Differentiated,PVL Differentiated s3
CID4535_ATGCGATTCTTGAGAC,CID4535,ER+,PVL,PVL Differentiated,PVL Differentiated s3
CID4535_ATGGGAGCAAGCCTAT,CID4535,ER+,PVL,PVL Differentiated,PVL Differentiated s3
CID4535_ATTACTCGTACGCACC,CID4535,ER+,PVL,PVL Differentiated,PVL Differentiated s3
CID4535_ATTACTCGTTAAGACA,CID4535,ER+,PVL,PVL Differentiated,PVL Differentiated s3
CID4535_ATTCTACTCTGCTGCT,CID4535,ER+,PVL,PVL Differentiated,PVL Differentiated s3
CID4535_ATTGGACAGGTACTCT,CID4535,ER+,PVL,PVL Differentiated,PVL Differentiated s3
CID4535_ATTGGACAGTGGGTTG,CID4535,ER+,PVL,PVL Differentiated,PVL Differentiated s3
CID4535_ATTGGACCACCCAGTG,CID4535,ER+,PVL,PVL Differentiated,PVL Differentiated s3
CID4535_ATTGGTGAGCGTTTAC,CID4535,ER+,PVL,PVL Differentiated,PVL Differentiated s3
CID4535_CAACCTCAGGCTAGCA,CID4535,ER+,PVL,PVL Differentiated,PVL Differentiated s3
CID4535_CAACCTCCAAGGTTTC,CID4535,ER+,PVL,PVL Differentiated,PVL Differentiated s3
CID4535_CAAGAAAGTCGCATCG,CID4535,ER+,PVL,PVL Differentiated,PVL Differentiated s3
CID4535_CAAGAAATCATGCATG,CID4535,ER+,PVL,PVL Differentiated,PVL Differentiated s3
CID4535_CAAGAAATCCGAGCCA,CID4535,ER+,PVL,PVL Differentiated,PVL Differentiated s3
CID4535_CAAGGCCCAATCGAAA,CID4535,ER+,PVL,PVL Differentiated,PVL Differentiated s3
CID4535_CAAGTTGTCTTGAGAC,CID4535,ER+,PVL,PVL Differentiated,PVL Differentiated s3
CID4535_CACAAACAGCAAATCA,CID4535,ER+,PVL,PVL Differentiated,PVL Differentiated s3
CID4535_CACACAATCCTTTCGG,CID4535,ER+,PVL,PVL Differentiated,PVL Differentiated s3
CID4535_CACACAATCTCAAACG,CID4535,ER+,PVL,PVL Differentiated,PVL Differentiated s3
CID4535_CACAGGCTCCTGTACC,CID4535,ER+,PVL,PVL Differentiated,PVL Differentiated s3
CID4535_CACAGTAAGTTCGCAT,CID4535,ER+,PVL,PVL Differentiated,PVL Differentiated s3
CID4535_CACAGTATCGGAAATA,CID4535,ER+,PVL,PVL Differentiated,PVL Differentiated s3
CID4535_CACCAGGAGGAATGGA,CID4535,ER+,PVL,PVL Differentiated,PVL Differentiated s3
CID4535_CACCAGGAGTTGCAGG,CID4535,ER+,PVL,PVL Differentiated,PVL Differentiated s3
CID4535_CACCAGGCATATACGC,CID4535,ER+,PVL,PVL Differentiated,PVL Differentiated s3
CID4535_CACCTTGGTAGCGTCC,CID4535,ER+,PVL,PVL Differentiated,PVL Differentiated s3
CID4535_CACCTTGGTGCGCTTG,CID4535,ER+,PVL,PVL Differentiated,PVL Differentiated s3
CID4535_CAGAATCCACCAGATT,CID4535,ER+,PVL,PVL Differentiated,PVL Differentiated s3
CID4535_CAGAGAGCAGATGGCA,CID4535,ER+,PVL,PVL Differentiated,PVL Differentiated s3
CID4535_CAGAGAGGTGTGCCTG,CID4535,ER+,PVL,PVL Differentiated,PVL Differentiated s3
CID4535_CAGATCAAGCGATCCC,CID4535,ER+,PVL,PVL Differentiated,PVL Differentiated s3
CID4535_CAGCAGCCACCACGTG,CID4535,ER+,PVL,PVL Differentiated,PVL Differentiated s3
CID4535_CAGCGACAGTCTTGCA,CID4535,ER+,PVL,PVL Differentiated,PVL Differentiated s3
CID4535_CAGCGACCACTTGGAT,CID4535,ER+,PVL,PVL Differentiated,PVL Differentiated s3
CID4535_CAGCTAACATCACAAC,CID4535,ER+,PVL,PVL Differentiated,PVL Differentiated s3
CID4535_CAGGTGCAGGGTGTGT,CID4535,ER+,PVL,PVL Differentiated,PVL Differentiated s3
CID4535_CAGGTGCAGGGTTCCC,CID4535,ER+,PVL,PVL Differentiated,PVL Differentiated s3
CID4535_CAGTCCTCACAGATTC,CID4535,ER+,PVL,PVL Differentiated,PVL Differentiated s3
CID4535_CATATGGCAAGCGTAG,CID4535,ER+,PVL,PVL Differentiated,PVL Differentiated s3
CID4535_CATCAAGAGCTCCCAG,CID4535,ER+,PVL,PVL Differentiated,PVL Differentiated s3
CID4535_CATCAAGTCAATAAGG,CID4535,ER+,PVL,PVL Differentiated,PVL Differentiated s3
CID4535_CATCCACCACAGCGTC,CID4535,ER+,PVL,PVL Differentiated,PVL Differentiated s3
CID4535_CATGCCTTCTTGACGA,CID4535,ER+,PVL,PVL Differentiated,PVL Differentiated s3
CID4535_CATTATCAGGAGCGAG,CID4535,ER+,PVL,PVL Differentiated,PVL Differentiated s3
CID4535_CATTCGCAGGTAAACT,CID4535,ER+,PVL,PVL Differentiated,PVL Differentiated s3
CID4535_CATTCGCCATGGGAAC,CID4535,ER+,PVL,PVL Differentiated,PVL Differentiated s3
CID4535_CCACGGAAGGCGACAT,CID4535,ER+,PVL,PVL Differentiated,PVL Differentiated s3
CID4535_CCAGCGAAGACTAAGT,CID4535,ER+,PVL,PVL Differentiated,PVL Differentiated s3
CID4535_CCAGCGACACATCCAA,CID4535,ER+,PVL,PVL Differentiated,PVL Differentiated s3
CID4535_CCAGCGAGTAAATGTG,CID4535,ER+,PVL,PVL Differentiated,PVL Differentiated s3
CID4535_CCAGCGAGTGCAACGA,CID4535,ER+,PVL,PVL Differentiated,PVL Differentiated s3
CID4535_CCAGCGAGTTAAGATG,CID4535,ER+,PVL,PVL Differentiated,PVL Differentiated s3
CID4535_CCAGCGATCGAGAGCA,CID4535,ER+,PVL,PVL Differentiated,PVL Differentiated s3
CID4535_CCATGTCAGAAACCGC,CID4535,ER+,PVL,PVL Differentiated,PVL Differentiated s3
CID4535_CCATTCGGTCAGAGGT,CID4535,ER+,PVL,PVL Differentiated,PVL Differentiated s3
CID4535_CCATTCGGTGTTGGGA,CID4535,ER+,PVL,PVL Differentiated,PVL Differentiated s3
CID4535_CCCAATCAGAATCTCC,CID4535,ER+,PVL,PVL Differentiated,PVL Differentiated s3
CID4535_CCCAGTTGTGCAACGA,CID4535,ER+,PVL,PVL Differentiated,PVL Differentiated s3
CID4535_CCCAGTTTCCACTGGG,CID4535,ER+,PVL,PVL Differentiated,PVL Differentiated s3
CID4535_CCCAGTTTCTGGTATG,CID4535,ER+,PVL,PVL Differentiated,PVL Differentiated s3
CID4535_CCCATACGTTCGTCTC,CID4535,ER+,PVL,PVL Differentiated,PVL Differentiated s3
CID4535_CCGTACTCAGGTCCAC,CID4535,ER+,PVL,PVL Differentiated,PVL Differentiated s3
CID4535_CCTAAAGAGTTAGGTA,CID4535,ER+,PVL,PVL Differentiated,PVL Differentiated s3
CID4535_CCTAAAGCAGTGAGTG,CID4535,ER+,PVL,PVL Differentiated,PVL Differentiated s3
CID4535_CCTAAAGGTTATTCTC,CID4535,ER+,PVL,PVL Differentiated,PVL Differentiated s3
CID4535_CCTAGCTCAATCCGAT,CID4535,ER+,PVL,PVL Differentiated,PVL Differentiated s3
CID4535_CCTAGCTCACGCTTTC,CID4535,ER+,PVL,PVL Differentiated,PVL Differentiated s3
CID4535_CCTTCCCGTCTAAACC,CID4535,ER+,PVL,PVL Differentiated,PVL Differentiated s3
CID4535_CCTTCCCTCCCTTGTG,CID4535,ER+,PVL,PVL Differentiated,PVL Differentiated s3
CID4535_CCTTTCTAGCGAAGGG,CID4535,ER+,PVL,PVL Differentiated,PVL Differentiated s3
CID4535_CGAACATAGTGTTTGC,CID4535,ER+,PVL,PVL Differentiated,PVL Differentiated s3
CID4535_CGAACATTCCAAATGC,CID4535,ER+,PVL,PVL Differentiated,PVL Differentiated s3
CID4535_CGACCTTCATCCCACT,CID4535,ER+,PVL,PVL Differentiated,PVL Differentiated s3
CID4535_CGACTTCAGGCCCGTT,CID4535,ER+,PVL,PVL Differentiated,PVL Differentiated s3
CID4535_CGAGAAGTCGCATGGC,CID4535,ER+,PVL,PVL Differentiated,PVL Differentiated s3
CID4535_CGAGCCAAGGCGCTCT,CID4535,ER+,PVL,PVL Differentiated,PVL Differentiated s3
CID4535_CGATGGCTCATCACCC,CID4535,ER+,PVL,PVL Differentiated,PVL Differentiated s3
CID4535_CGATGTAAGATAGTCA,CID4535,ER+,PVL,PVL Differentiated,PVL Differentiated s3
CID4535_CGATTGAGTGTAAGTA,CID4535,ER+,PVL,PVL Differentiated,PVL Differentiated s3
CID4535_CGCGGTAAGGTGATTA,CID4535,ER+,PVL,PVL Differentiated,PVL Differentiated s3
CID4535_CGCTATCAGACCTTTG,CID4535,ER+,PVL,PVL Differentiated,PVL Differentiated s3
CID4535_CGCTGGAAGTGATCGG,CID4535,ER+,PVL,PVL Differentiated,PVL Differentiated s3
CID4535_CGGAGCTAGCACCGTC,CID4535,ER+,PVL,PVL Differentiated,PVL Differentiated s3
CID4535_CGGAGCTTCGAGCCCA,CID4535,ER+,PVL,PVL Differentiated,PVL Differentiated s3
CID4535_CGGAGTCAGCCCAGCT,CID4535,ER+,PVL,PVL Differentiated,PVL Differentiated s3
CID4535_CGGCTAGGTCTGGAGA,CID4535,ER+,PVL,PVL Differentiated,PVL Differentiated s3
CID4535_CGTAGCGAGATATGGT,CID4535,ER+,PVL,PVL Differentiated,PVL Differentiated s3
CID4535_CGTAGCGCACCGGAAA,CID4535,ER+,PVL,PVL Differentiated,PVL Differentiated s3
CID4535_CGTAGGCTCACGACTA,CID4535,ER+,PVL,PVL Differentiated,PVL Differentiated s3
CID4535_CGTCACTCATTTCACT,CID4535,ER+,PVL,PVL Differentiated,PVL Differentiated s3
CID4535_CGTCAGGGTGGTTTCA,CID4535,ER+,PVL,PVL Differentiated,PVL Differentiated s3
CID4535_CGTCCATTCTCTGCTG,CID4535,ER+,PVL,PVL Differentiated,PVL Differentiated s3
CID4535_CTAATGGCATGACGGA,CID4535,ER+,PVL,PVL Differentiated,PVL Differentiated s3
CID4535_CTACCCAAGGCCCGTT,CID4535,ER+,PVL,PVL Differentiated,PVL Differentiated s3
CID4535_CTACGTCGTACTCAAC,CID4535,ER+,PVL,PVL Differentiated,PVL Differentiated s3
CID4535_CTACGTCGTCGCGTGT,CID4535,ER+,PVL,PVL Differentiated,PVL Differentiated s3
CID4535_CTAGTGATCTGGCGAC,CID4535,ER+,PVL,PVL Differentiated,PVL Differentiated s3
CID4535_CTCGAAACAATGGTCT,CID4535,ER+,PVL,PVL Differentiated,PVL Differentiated s3
CID4535_CTCGAAACAGCTGCTG,CID4535,ER+,PVL,PVL Differentiated,PVL Differentiated s3
CID4535_CTCGGAGCATTGTGCA,CID4535,ER+,PVL,PVL Differentiated,PVL Differentiated s3
CID4535_CTCGGGAGTCGAATCT,CID4535,ER+,PVL,PVL Differentiated,PVL Differentiated s3
CID4535_CTCGTACCAAAGTCAA,CID4535,ER+,PVL,PVL Differentiated,PVL Differentiated s3
CID4535_CTCTAATTCCGTACAA,CID4535,ER+,PVL,PVL Differentiated,PVL Differentiated s3
CID4535_CTCTAATTCTTGAGAC,CID4535,ER+,PVL,PVL Differentiated,PVL Differentiated s3
CID4535_CTCTGGTAGTGAAGAG,CID4535,ER+,PVL,PVL Differentiated,PVL Differentiated s3
CID4535_CTCTGGTTCATAACCG,CID4535,ER+,PVL,PVL Differentiated,PVL Differentiated s3
CID4535_CTGAAACCACAAGCCC,CID4535,ER+,PVL,PVL Differentiated,PVL Differentiated s3
CID4535_CTGAAACGTGTCTGAT,CID4535,ER+,PVL,PVL Differentiated,PVL Differentiated s3
CID4535_CTGAAGTCATGCCCGA,CID4535,ER+,PVL,PVL Differentiated,PVL Differentiated s3
CID4535_CTGATAGGTCAAAGCG,CID4535,ER+,PVL,PVL Differentiated,PVL Differentiated s3
CID4535_CTGATAGTCAGCTCTC,CID4535,ER+,PVL,PVL Differentiated,PVL Differentiated s3
CID4535_CTGCTGTAGCTTATCG,CID4535,ER+,PVL,PVL Differentiated,PVL Differentiated s3
CID4535_CTGCTGTAGTCAATAG,CID4535,ER+,PVL,PVL Differentiated,PVL Differentiated s3
CID4535_CTGGTCTCAAGGGTCA,CID4535,ER+,PVL,PVL Differentiated,PVL Differentiated s3
CID4535_CTGGTCTGTCTGATTG,CID4535,ER+,PVL,PVL Differentiated,PVL Differentiated s3
CID4535_CTGGTCTTCAAACCGT,CID4535,ER+,PVL,PVL Differentiated,PVL Differentiated s3
CID4535_CTTAGGACACACCGAC,CID4535,ER+,PVL,PVL Differentiated,PVL Differentiated s3
CID4535_CTTAGGATCTTTAGGG,CID4535,ER+,PVL,PVL Differentiated,PVL Differentiated s3
CID4535_CTTCTCTCAGGAATCG,CID4535,ER+,PVL,PVL Differentiated,PVL Differentiated s3
CID4535_CTTTGCGCACGACGAA,CID4535,ER+,PVL,PVL Differentiated,PVL Differentiated s3
CID4535_GAAACTCCAATCCAAC,CID4535,ER+,PVL,PVL Differentiated,PVL Differentiated s3
CID4535_GAACCTAAGACTTGAA,CID4535,ER+,PVL,PVL Differentiated,PVL Differentiated s3
CID4535_GAACCTAAGCAACGGT,CID4535,ER+,PVL,PVL Differentiated,PVL Differentiated s3
CID4535_GAACGGAAGTGTCTCA,CID4535,ER+,PVL,PVL Differentiated,PVL Differentiated s3
CID4535_GAACGGATCAGCCTAA,CID4535,ER+,PVL,PVL Differentiated,PVL Differentiated s3
CID4535_GAACGGATCCAAATGC,CID4535,ER+,PVL,PVL Differentiated,PVL Differentiated s3
CID4535_GAAGCAGAGTGAAGAG,CID4535,ER+,PVL,PVL Differentiated,PVL Differentiated s3
CID4535_GAAGCAGGTCCCTACT,CID4535,ER+,PVL,PVL Differentiated,PVL Differentiated s3
CID4535_GAATAAGTCGGCTTGG,CID4535,ER+,PVL,PVL Differentiated,PVL Differentiated s3
CID4535_GAATGAATCGCGTTTC,CID4535,ER+,PVL,PVL Differentiated,PVL Differentiated s3
CID4535_GACAGAGGTCTCCACT,CID4535,ER+,PVL,PVL Differentiated,PVL Differentiated s3
CID4535_GACGCGTGTAAGTAGT,CID4535,ER+,PVL,PVL Differentiated,PVL Differentiated s3
CID4535_GACGTGCGTTTACTCT,CID4535,ER+,PVL,PVL Differentiated,PVL Differentiated s3
CID4535_GACGTTAAGTCGCCGT,CID4535,ER+,PVL,PVL Differentiated,PVL Differentiated s3
CID4535_GACGTTACAAACAACA,CID4535,ER+,PVL,PVL Differentiated,PVL Differentiated s3
CID4535_GACGTTAGTATGAATG,CID4535,ER+,PVL,PVL Differentiated,PVL Differentiated s3
CID4535_GACTACAGTGCAGGTA,CID4535,ER+,PVL,PVL Differentiated,PVL Differentiated s3
CID4535_GACTGCGCAATGGATA,CID4535,ER+,PVL,PVL Differentiated,PVL Differentiated s3
CID4535_GAGGTGACAGGCTCAC,CID4535,ER+,PVL,PVL Differentiated,PVL Differentiated s3
CID4535_GAGTCCGCAATAGAGT,CID4535,ER+,PVL,PVL Differentiated,PVL Differentiated s3
CID4535_GATCAGTGTTTGGCGC,CID4535,ER+,PVL,PVL Differentiated,PVL Differentiated s3
CID4535_GATGAGGCAATGTTGC,CID4535,ER+,PVL,PVL Differentiated,PVL Differentiated s3
CID4535_GATGCTACAGGGATTG,CID4535,ER+,PVL,PVL Differentiated,PVL Differentiated s3
CID4535_GCAAACTCACGAAATA,CID4535,ER+,PVL,PVL Differentiated,PVL Differentiated s3
CID4535_GCACTCTGTGAGGCTA,CID4535,ER+,PVL,PVL Differentiated,PVL Differentiated s3
CID4535_GCACTCTTCCGCAGTG,CID4535,ER+,PVL,PVL Differentiated,PVL Differentiated s3
CID4535_GCAGCCAAGGAGCGTT,CID4535,ER+,PVL,PVL Differentiated,PVL Differentiated s3
CID4535_GCAGCCATCACAAACC,CID4535,ER+,PVL,PVL Differentiated,PVL Differentiated s3
CID4535_GCAGCCATCAGCGATT,CID4535,ER+,PVL,PVL Differentiated,PVL Differentiated s3
CID4535_GCAGTTATCCAGGGCT,CID4535,ER+,PVL,PVL Differentiated,PVL Differentiated s3
CID4535_GCAGTTATCGCGGATC,CID4535,ER+,PVL,PVL Differentiated,PVL Differentiated s3
CID4535_GCATACATCTGTTGAG,CID4535,ER+,PVL,PVL Differentiated,PVL Differentiated s3
CID4535_GCATGATCAATCCAAC,CID4535,ER+,PVL,PVL Differentiated,PVL Differentiated s3
CID4535_GCATGCGCAAGGACAC,CID4535,ER+,PVL,PVL Differentiated,PVL Differentiated s3
CID4535_GCATGCGTCCGCGTTT,CID4535,ER+,PVL,PVL Differentiated,PVL Differentiated s3
CID4535_GCCAAATTCATCATTC,CID4535,ER+,PVL,PVL Differentiated,PVL Differentiated s3
CID4535_GCCTCTAAGATGTGGC,CID4535,ER+,PVL,PVL Differentiated,PVL Differentiated s3
CID4535_GCGAGAAAGTTCCACA,CID4535,ER+,PVL,PVL Differentiated,PVL Differentiated s3
CID4535_GCGCAGTAGCTGGAAC,CID4535,ER+,PVL,PVL Differentiated,PVL Differentiated s3
CID4535_GCGGGTTGTCTAGAGG,CID4535,ER+,PVL,PVL Differentiated,PVL Differentiated s3
CID4535_GCTCCTAAGTGGAGAA,CID4535,ER+,PVL,PVL Differentiated,PVL Differentiated s3
CID4535_GCTCTGTTCGTACGGC,CID4535,ER+,PVL,PVL Differentiated,PVL Differentiated s3
CID4535_GCTGCAGTCTCGCATC,CID4535,ER+,PVL,PVL Differentiated,PVL Differentiated s3
CID4535_GCTGCGACAGTGAGTG,CID4535,ER+,PVL,PVL Differentiated,PVL Differentiated s3
CID4535_GCTGCGAGTGTGAATA,CID4535,ER+,PVL,PVL Differentiated,PVL Differentiated s3
CID4535_GCTGCTTTCTTACCGC,CID4535,ER+,PVL,PVL Differentiated,PVL Differentiated s3
CID4535_GCTTCCATCTTGTACT,CID4535,ER+,PVL,PVL Differentiated,PVL Differentiated s3
CID4535_GCTTGAACAAGCCATT,CID4535,ER+,PVL,PVL Differentiated,PVL Differentiated s3
CID4535_GGAACTTTCAAACCGT,CID4535,ER+,PVL,PVL Differentiated,PVL Differentiated s3
CID4535_GGAATAATCCGCGGTA,CID4535,ER+,PVL,PVL Differentiated,PVL Differentiated s3
CID4535_GGACAAGTCACTATTC,CID4535,ER+,PVL,PVL Differentiated,PVL Differentiated s3
CID4535_GGACAGAAGAAGGTTT,CID4535,ER+,PVL,PVL Differentiated,PVL Differentiated s3
CID4535_GGAGCAACAGTATAAG,CID4535,ER+,PVL,PVL Differentiated,PVL Differentiated s3
CID4535_GGATGTTGTAAGGATT,CID4535,ER+,PVL,PVL Differentiated,PVL Differentiated s3
CID4535_GGATGTTGTAGGCTGA,CID4535,ER+,PVL,PVL Differentiated,PVL Differentiated s3
CID4535_GGATTACGTTTAGCTG,CID4535,ER+,PVL,PVL Differentiated,PVL Differentiated s3
CID4535_GGCAATTGTCAGTGGA,CID4535,ER+,PVL,PVL Differentiated,PVL Differentiated s3
CID4535_GGCAATTTCAACCATG,CID4535,ER+,PVL,PVL Differentiated,PVL Differentiated s3
CID4535_GGCCGATCATCTATGG,CID4535,ER+,PVL,PVL Differentiated,PVL Differentiated s3
CID4535_GGCGTGTAGAGGTTAT,CID4535,ER+,PVL,PVL Differentiated,PVL Differentiated s3
CID4535_GGCGTGTTCGTACCGG,CID4535,ER+,PVL,PVL Differentiated,PVL Differentiated s3
CID4535_GGGAATGGTAGCGTGA,CID4535,ER+,PVL,PVL Differentiated,PVL Differentiated s3
CID4535_GGGAATGTCGGCTTGG,CID4535,ER+,PVL,PVL Differentiated,PVL Differentiated s3
CID4535_GGGAGATAGAGCAATT,CID4535,ER+,PVL,PVL Differentiated,PVL Differentiated s3
CID4535_GGGCATCGTCGCATCG,CID4535,ER+,PVL,PVL Differentiated,PVL Differentiated s3
CID4535_GGGCATCTCTGATACG,CID4535,ER+,PVL,PVL Differentiated,PVL Differentiated s3
CID4535_GGGTCTGCAATCTGCA,CID4535,ER+,PVL,PVL Differentiated,PVL Differentiated s3
CID4535_GGGTCTGTCAACACGT,CID4535,ER+,PVL,PVL Differentiated,PVL Differentiated s3
CID4535_GGGTTGCCAGAAGCAC,CID4535,ER+,PVL,PVL Differentiated,PVL Differentiated s3
CID4535_GGTATTGAGGTGATTA,CID4535,ER+,PVL,PVL Differentiated,PVL Differentiated s3
CID4535_GGTATTGCAAGGGTCA,CID4535,ER+,PVL,PVL Differentiated,PVL Differentiated s3
CID4535_GGTATTGCACCGGAAA,CID4535,ER+,PVL,PVL Differentiated,PVL Differentiated s3
CID4535_GGTGCGTAGGCATTGG,CID4535,ER+,PVL,PVL Differentiated,PVL Differentiated s3
CID4535_GTAACGTTCCGCTGTT,CID4535,ER+,PVL,PVL Differentiated,PVL Differentiated s3
CID4535_GTAACTGCAGACAAAT,CID4535,ER+,PVL,PVL Differentiated,PVL Differentiated s3
CID4535_GTAACTGGTAACGACG,CID4535,ER+,PVL,PVL Differentiated,PVL Differentiated s3
CID4535_GTACGTAAGGACGAAA,CID4535,ER+,PVL,PVL Differentiated,PVL Differentiated s3
CID4535_GTACGTATCGCAAACT,CID4535,ER+,PVL,PVL Differentiated,PVL Differentiated s3
CID4535_GTACTCCCAATGTAAG,CID4535,ER+,PVL,PVL Differentiated,PVL Differentiated s3
CID4535_GTACTCCCATGACGGA,CID4535,ER+,PVL,PVL Differentiated,PVL Differentiated s3
CID4535_GTAGGCCTCGGTGTCG,CID4535,ER+,PVL,PVL Differentiated,PVL Differentiated s3
CID4535_GTCAAGTCAATACGCT,CID4535,ER+,PVL,PVL Differentiated,PVL Differentiated s3
CID4535_GTCAAGTTCTCAAACG,CID4535,ER+,PVL,PVL Differentiated,PVL Differentiated s3
CID4535_GTCACAAAGTGAATTG,CID4535,ER+,PVL,PVL Differentiated,PVL Differentiated s3
CID4535_GTCACAACATGGAATA,CID4535,ER+,PVL,PVL Differentiated,PVL Differentiated s3
CID4535_GTCACAAGTCAACATC,CID4535,ER+,PVL,PVL Differentiated,PVL Differentiated s3
CID4535_GTCACGGCATTTGCCC,CID4535,ER+,PVL,PVL Differentiated,PVL Differentiated s3
CID4535_GTCGGGTGTAGCTTGT,CID4535,ER+,PVL,PVL Differentiated,PVL Differentiated s3
CID4535_GTCGGGTTCTGTGCAA,CID4535,ER+,PVL,PVL Differentiated,PVL Differentiated s3
CID4535_GTCTTCGCATCGGACC,CID4535,ER+,PVL,PVL Differentiated,PVL Differentiated s3
CID4535_GTGCAGCTCACTATTC,CID4535,ER+,PVL,PVL Differentiated,PVL Differentiated s3
CID4535_GTGCAGCTCATTATCC,CID4535,ER+,PVL,PVL Differentiated,PVL Differentiated s3
CID4535_GTGCATATCTTGAGGT,CID4535,ER+,PVL,PVL Differentiated,PVL Differentiated s3
CID4535_GTGCGGTGTGACTCAT,CID4535,ER+,PVL,PVL Differentiated,PVL Differentiated s3
CID4535_GTGGGTCCAATAGCAA,CID4535,ER+,PVL,PVL Differentiated,PVL Differentiated s3
CID4535_GTGTGCGCAGCCAATT,CID4535,ER+,PVL,PVL Differentiated,PVL Differentiated s3
CID4535_GTGTTAGAGACAGAGA,CID4535,ER+,PVL,PVL Differentiated,PVL Differentiated s3
CID4535_GTGTTAGCAACGATCT,CID4535,ER+,PVL,PVL Differentiated,PVL Differentiated s3
CID4535_GTGTTAGCACGGCCAT,CID4535,ER+,PVL,PVL Differentiated,PVL Differentiated s3
CID4535_GTTAAGCAGCGACGTA,CID4535,ER+,PVL,PVL Differentiated,PVL Differentiated s3
CID4535_GTTAAGCGTCAACTGT,CID4535,ER+,PVL,PVL Differentiated,PVL Differentiated s3
CID4535_GTTCATTCAGTCGTGC,CID4535,ER+,PVL,PVL Differentiated,PVL Differentiated s3
CID4535_GTTCATTTCGTTTAGG,CID4535,ER+,PVL,PVL Differentiated,PVL Differentiated s3
CID4535_GTTCTCGAGGCTATCT,CID4535,ER+,PVL,PVL Differentiated,PVL Differentiated s3
CID4535_GTTCTCGGTAGCTCCG,CID4535,ER+,PVL,PVL Differentiated,PVL Differentiated s3
CID4535_GTTTCTATCCGAAGAG,CID4535,ER+,PVL,PVL Differentiated,PVL Differentiated s3
CID4535_TAAGAGAAGAATGTGT,CID4535,ER+,PVL,PVL Differentiated,PVL Differentiated s3
CID4535_TAAGAGACAATAAGCA,CID4535,ER+,PVL,PVL Differentiated,PVL Differentiated s3
CID4535_TAAGAGAGTATAGGGC,CID4535,ER+,PVL,PVL Differentiated,PVL Differentiated s3
CID4535_TAAGCGTGTTTGGGCC,CID4535,ER+,PVL,PVL Differentiated,PVL Differentiated s3
CID4535_TAAGTGCAGGCCGAAT,CID4535,ER+,PVL,PVL Differentiated,PVL Differentiated s3
CID4535_TAAGTGCCAGCGAACA,CID4535,ER+,PVL,PVL Differentiated,PVL Differentiated s3
CID4535_TAAGTGCGTATTACCG,CID4535,ER+,PVL,PVL Differentiated,PVL Differentiated s3
CID4535_TACAGTGCATGTCGAT,CID4535,ER+,PVL,PVL Differentiated,PVL Differentiated s3
CID4535_TACCTTAGTTCACGGC,CID4535,ER+,PVL,PVL Differentiated,PVL Differentiated s3
CID4535_TACGGATCACCAGATT,CID4535,ER+,PVL,PVL Differentiated,PVL Differentiated s3
CID4535_TACTCATGTCTAGAGG,CID4535,ER+,PVL,PVL Differentiated,PVL Differentiated s3
CID4535_TACTCGCTCAGTTTGG,CID4535,ER+,PVL,PVL Differentiated,PVL Differentiated s3
CID4535_TACTTACCAGCCTTTC,CID4535,ER+,PVL,PVL Differentiated,PVL Differentiated s3
CID4535_TACTTACGTGACAAAT,CID4535,ER+,PVL,PVL Differentiated,PVL Differentiated s3
CID4535_TACTTGTTCCTTGGTC,CID4535,ER+,PVL,PVL Differentiated,PVL Differentiated s3
CID4535_TAGACCAAGTTCGCAT,CID4535,ER+,PVL,PVL Differentiated,PVL Differentiated s3
CID4535_TAGAGCTAGGTGATAT,CID4535,ER+,PVL,PVL Differentiated,PVL Differentiated s3
CID4535_TAGAGCTCAGAGCCAA,CID4535,ER+,PVL,PVL Differentiated,PVL Differentiated s3
CID4535_TAGCCGGAGCAGACTG,CID4535,ER+,PVL,PVL Differentiated,PVL Differentiated s3
CID4535_TAGGCATAGCTGTCTA,CID4535,ER+,PVL,PVL Differentiated,PVL Differentiated s3
CID4535_TATCTCAGTATAAACG,CID4535,ER+,PVL,PVL Differentiated,PVL Differentiated s3
CID4535_TATGCCCTCCACTGGG,CID4535,ER+,PVL,PVL Differentiated,PVL Differentiated s3
CID4535_TCAATCTCAATGGATA,CID4535,ER+,PVL,PVL Differentiated,PVL Differentiated s3
CID4535_TCAATCTTCAGTCCCT,CID4535,ER+,PVL,PVL Differentiated,PVL Differentiated s3
CID4535_TCACAAGCAGTCGTGC,CID4535,ER+,PVL,PVL Differentiated,PVL Differentiated s3
CID4535_TCAGATGCATGAGCGA,CID4535,ER+,PVL,PVL Differentiated,PVL Differentiated s3
CID4535_TCAGCAAAGTAGCGGT,CID4535,ER+,PVL,PVL Differentiated,PVL Differentiated s3
CID4535_TCAGCTCCACGGTGTC,CID4535,ER+,PVL,PVL Differentiated,PVL Differentiated s3
CID4535_TCAGGATCATACTCTT,CID4535,ER+,PVL,PVL Differentiated,PVL Differentiated s3
CID4535_TCAGGTATCCCAACGG,CID4535,ER+,PVL,PVL Differentiated,PVL Differentiated s3
CID4535_TCATTACCAAACCTAC,CID4535,ER+,PVL,PVL Differentiated,PVL Differentiated s3
CID4535_TCCACACAGGGAACGG,CID4535,ER+,PVL,PVL Differentiated,PVL Differentiated s3
CID4535_TCCCGATCAATGACCT,CID4535,ER+,PVL,PVL Differentiated,PVL Differentiated s3
CID4535_TCCCGATGTCGCGTGT,CID4535,ER+,PVL,PVL Differentiated,PVL Differentiated s3
CID4535_TCGAGGCCACCGGAAA,CID4535,ER+,PVL,PVL Differentiated,PVL Differentiated s3
CID4535_TCGCGAGTCAACTCTT,CID4535,ER+,PVL,PVL Differentiated,PVL Differentiated s3
CID4535_TCGCGTTGTGCTCTTC,CID4535,ER+,PVL,PVL Differentiated,PVL Differentiated s3
CID4535_TCTCATAGTCTGCAAT,CID4535,ER+,PVL,PVL Differentiated,PVL Differentiated s3
CID4535_TCTGAGATCTGGCGTG,CID4535,ER+,PVL,PVL Differentiated,PVL Differentiated s3
CID4535_TCTTTCCCAGTGAGTG,CID4535,ER+,PVL,PVL Differentiated,PVL Differentiated s3
CID4535_TCTTTCCTCAGTGTTG,CID4535,ER+,PVL,PVL Differentiated,PVL Differentiated s3
CID4535_TGACAACCAGTAAGAT,CID4535,ER+,PVL,PVL Differentiated,PVL Differentiated s3
CID4535_TGAGAGGAGAAGATTC,CID4535,ER+,PVL,PVL Differentiated,PVL Differentiated s3
CID4535_TGAGAGGGTCATATCG,CID4535,ER+,PVL,PVL Differentiated,PVL Differentiated s3
CID4535_TGAGCATCAACGCACC,CID4535,ER+,PVL,PVL Differentiated,PVL Differentiated s3
CID4535_TGCACCTTCGGTCCGA,CID4535,ER+,PVL,PVL Differentiated,PVL Differentiated s3
CID4535_TGCCAAAAGTACACCT,CID4535,ER+,PVL,PVL Differentiated,PVL Differentiated s3
CID4535_TGCCAAAGTACATCCA,CID4535,ER+,PVL,PVL Differentiated,PVL Differentiated s3
CID4535_TGCCAAAGTTTGACAC,CID4535,ER+,PVL,PVL Differentiated,PVL Differentiated s3
CID4535_TGCGCAGGTAGTGAAT,CID4535,ER+,PVL,PVL Differentiated,PVL Differentiated s3
CID4535_TGCGCAGGTTCGCGAC,CID4535,ER+,PVL,PVL Differentiated,PVL Differentiated s3
CID4535_TGCGTGGGTCCTAGCG,CID4535,ER+,PVL,PVL Differentiated,PVL Differentiated s3
CID4535_TGGACGCTCGGAAACG,CID4535,ER+,PVL,PVL Differentiated,PVL Differentiated s3
CID4535_TGGCGCACAAGCGCTC,CID4535,ER+,PVL,PVL Differentiated,PVL Differentiated s3
CID4535_TGGGAAGGTGTCGCTG,CID4535,ER+,PVL,PVL Differentiated,PVL Differentiated s3
CID4535_TGGGCGTGTCGGCATC,CID4535,ER+,PVL,PVL Differentiated,PVL Differentiated s3
CID4535_TGGTTCCAGGAGTTTA,CID4535,ER+,PVL,PVL Differentiated,PVL Differentiated s3
CID4535_TGTATTCAGGGTTTCT,CID4535,ER+,PVL,PVL Differentiated,PVL Differentiated s3
CID4535_TTAACTCAGTAACCCT,CID4535,ER+,PVL,PVL Differentiated,PVL Differentiated s3
CID4535_TTAGGACAGGTACTCT,CID4535,ER+,PVL,PVL Differentiated,PVL Differentiated s3
CID4535_TTATGCTTCTCAACTT,CID4535,ER+,PVL,PVL Differentiated,PVL Differentiated s3
CID4535_TTCCCAGGTAGCGTGA,CID4535,ER+,PVL,PVL Differentiated,PVL Differentiated s3
CID4535_TTCGGTCCACATGGGA,CID4535,ER+,PVL,PVL Differentiated,PVL Differentiated s3
CID4535_TTCTACACAGTAAGAT,CID4535,ER+,PVL,PVL Differentiated,PVL Differentiated s3
CID4535_TTCTCCTGTTTACTCT,CID4535,ER+,PVL,PVL Differentiated,PVL Differentiated s3
CID4535_TTCTTAGCATCGGACC,CID4535,ER+,PVL,PVL Differentiated,PVL Differentiated s3
CID4535_TTCTTAGTCAGGATCT,CID4535,ER+,PVL,PVL Differentiated,PVL Differentiated s3
CID4535_TTCTTAGTCTTGTACT,CID4535,ER+,PVL,PVL Differentiated,PVL Differentiated s3
CID4535_TTGAACGGTATCGCAT,CID4535,ER+,PVL,PVL Differentiated,PVL Differentiated s3
CID4535_TTGCGTCTCTAGAGTC,CID4535,ER+,PVL,PVL Differentiated,PVL Differentiated s3
CID4535_TTGCGTCTCTCTGCTG,CID4535,ER+,PVL,PVL Differentiated,PVL Differentiated s3
CID4535_TTGGCAAAGTCTCCTC,CID4535,ER+,PVL,PVL Differentiated,PVL Differentiated s3
CID4535_TTGGCAACATCAGTAC,CID4535,ER+,PVL,PVL Differentiated,PVL Differentiated s3
CID4535_TTGGCAAGTTACAGAA,CID4535,ER+,PVL,PVL Differentiated,PVL Differentiated s3
CID4535_TTGTAGGTCACTCCTG,CID4535,ER+,PVL,PVL Differentiated,PVL Differentiated s3
CID4535_TTTACTGAGCTAGTCT,CID4535,ER+,PVL,PVL Differentiated,PVL Differentiated s3
CID4535_TTTACTGGTCACCCAG,CID4535,ER+,PVL,PVL Differentiated,PVL Differentiated s3
CID4535_TTTCCTCCACCAGGTC,CID4535,ER+,PVL,PVL Differentiated,PVL Differentiated s3
CID4535_TTTCCTCGTCGGGTCT,CID4535,ER+,PVL,PVL Differentiated,PVL Differentiated s3
CID4535_TTTGCGCAGTACGTTC,CID4535,ER+,PVL,PVL Differentiated,PVL Differentiated s3
CID4535_TTTGGTTGTGCAGTAG,CID4535,ER+,PVL,PVL Differentiated,PVL Differentiated s3
CID4535_TTTGGTTTCCTATTCA,CID4535,ER+,PVL,PVL Differentiated,PVL Differentiated s3
CID4535_GAACGGATCGGATGTT,CID4535,ER+,PVL,PVL Differentiated,PVL Differentiated s3
CID4535_GTGAAGGGTCGATTGT,CID4535,ER+,PVL,PVL Differentiated,PVL Differentiated s3
CID4535_TGTATTCAGAAACGAG,CID4535,ER+,PVL,PVL Differentiated,PVL Differentiated s3
CID4535_AGCAGCCAGATGAGAG,CID4535,ER+,PVL,PVL Differentiated,PVL Differentiated s3
CID4535_TCGCGAGCAGTTAACC,CID4535,ER+,PVL,PVL Differentiated,PVL Differentiated s3
CID4535_AACTCAGTCCCTAACC,CID4535,ER+,PVL,PVL Differentiated,PVL Differentiated s3
CID4535_TGGTTAGTCCTCGCAT,CID4535,ER+,PVL,PVL Differentiated,PVL Differentiated s3
CID4535_TGGTTCCGTTGCTCCT,CID4535,ER+,PVL,PVL Differentiated,PVL Differentiated s3
CID4535_TCAATCTTCTGTCAAG,CID4535,ER+,PVL,PVL Differentiated,PVL Differentiated s3
CID4535_AGCGTCGGTCGACTGC,CID4535,ER+,PVL,PVL Differentiated,PVL Differentiated s3
CID4535_AGGCCGTCAGACAGGT,CID4535,ER+,PVL,PVL Differentiated,PVL Differentiated s3
CID4535_ATCCGAAGTGTGTGCC,CID4535,ER+,PVL,PVL Differentiated,PVL Differentiated s3
CID4535_CACAGTAAGACGCAAC,CID4535,ER+,PVL,PVL Differentiated,PVL Differentiated s3
CID4535_CATCAGAAGGCACATG,CID4535,ER+,PVL,PVL Differentiated,PVL Differentiated s3
CID4535_CGAGCACGTTTGTGTG,CID4535,ER+,PVL,PVL Differentiated,PVL Differentiated s3
CID4535_CGCTGGAAGTACACCT,CID4535,ER+,PVL,PVL Differentiated,PVL Differentiated s3
CID4535_CGTGTCTGTAGGAGTC,CID4535,ER+,PVL,PVL Differentiated,PVL Differentiated s3
CID4535_CTACGTCAGATCACGG,CID4535,ER+,PVL,PVL Differentiated,PVL Differentiated s3
CID4535_CTCGAAATCATTTGGG,CID4535,ER+,PVL,PVL Differentiated,PVL Differentiated s3
CID4535_CTGAAACCAATCTGCA,CID4535,ER+,PVL,PVL Differentiated,PVL Differentiated s3
CID4535_GACACGCTCATAAAGG,CID4535,ER+,PVL,PVL Differentiated,PVL Differentiated s3
CID4535_GCGCAGTAGTTATCGC,CID4535,ER+,PVL,PVL Differentiated,PVL Differentiated s3
CID4535_GCTGCAGGTTCCATGA,CID4535,ER+,PVL,PVL Differentiated,PVL Differentiated s3
CID4535_TACCTATAGCAATATG,CID4535,ER+,PVL,PVL Differentiated,PVL Differentiated s3
CID4535_TACGGATAGGCATGTG,CID4535,ER+,PVL,PVL Differentiated,PVL Differentiated s3
CID4535_TACGGGCAGTGTGAAT,CID4535,ER+,PVL,PVL Differentiated,PVL Differentiated s3
CID4535_TACTCGCGTGAAATCA,CID4535,ER+,PVL,PVL Differentiated,PVL Differentiated s3
CID4535_TAGGCATAGCGTGAAC,CID4535,ER+,PVL,PVL Differentiated,PVL Differentiated s3
CID4535_TGAGCCGCAAAGTCAA,CID4535,ER+,PVL,PVL Differentiated,PVL Differentiated s3
CID4535_TTCCCAGTCAGAGCTT,CID4535,ER+,PVL,PVL Differentiated,PVL Differentiated s3
CID4535_TTCTCCTTCAACACAC,CID4535,ER+,PVL,PVL Differentiated,PVL Differentiated s3
CID4535_TTGGAACGTTGGTGGA,CID4535,ER+,PVL,PVL Differentiated,PVL Differentiated s3
CID4535_TTTATGCCACCGTTGG,CID4535,ER+,PVL,PVL Differentiated,PVL Differentiated s3
CID4535_CTCGGGACACGGCTAC,CID4535,ER+,PVL,PVL Differentiated,PVL Differentiated s3
CID4535_TGGCCAGGTTCCGGCA,CID4535,ER+,PVL,PVL Differentiated,PVL Differentiated s3
CID4535_TCCCGATTCACTCTTA,CID4535,ER+,PVL,PVL Differentiated,PVL Differentiated s3
CID4535_AGTGGGATCGTGACAT,CID4535,ER+,PVL,PVL Differentiated,PVL Differentiated s3
CID4535_CAAGATCAGCTTCGCG,CID4535,ER+,PVL,PVL Differentiated,PVL Differentiated s3
CID4535_CAGATCAGTATATGGA,CID4535,ER+,PVL,PVL Differentiated,PVL Differentiated s3
CID4535_TACAGTGTCCCATTAT,CID4535,ER+,PVL,PVL Differentiated,PVL Differentiated s3
CID4535_TGGCTGGAGAAGGACA,CID4535,ER+,PVL,PVL Differentiated,PVL Differentiated s3
CID4535_CTGTGCTCATTCTCAT,CID4535,ER+,PVL,PVL Differentiated,PVL Differentiated s3
CID4535_GTTACAGGTACGACCC,CID4535,ER+,PVL,PVL Differentiated,PVL Differentiated s3
CID4535_CGGACACGTTCTGGTA,CID4535,ER+,PVL,PVL Immature,PVL_Immature s2
CID4535_AACTCTTCAATAACGA,CID4535,ER+,PVL,PVL Immature,PVL_Immature s2
CID4535_AGAGCTTAGACATAAC,CID4535,ER+,PVL,PVL Immature,PVL_Immature s2
CID4535_AGTAGTCGTTAGGGTG,CID4535,ER+,PVL,PVL Immature,PVL_Immature s2
CID4535_CAGAGAGCATCCCATC,CID4535,ER+,PVL,PVL Immature,PVL_Immature s2
CID4535_CGGACTGGTAAGTGGC,CID4535,ER+,PVL,PVL Immature,PVL_Immature s2
CID4535_CTAACTTAGTAGTGCG,CID4535,ER+,PVL,PVL Immature,PVL_Immature s2
CID4535_GACTAACGTATGAAAC,CID4535,ER+,PVL,PVL Immature,PVL_Immature s2
CID4535_GCTTGAACATACTACG,CID4535,ER+,PVL,PVL Immature,PVL_Immature s2
CID4535_GGAACTTTCGGTGTCG,CID4535,ER+,PVL,PVL Immature,PVL_Immature s2
CID4535_GGATTACGTAGCGTCC,CID4535,ER+,PVL,PVL Immature,PVL_Immature s2
CID4535_GGTGTTAGTTTGTGTG,CID4535,ER+,PVL,PVL Immature,PVL_Immature s2
CID4535_TCTGAGAAGTGTCTCA,CID4535,ER+,PVL,PVL Immature,PVL_Immature s2
CID4535_TTGGCAAGTACGAAAT,CID4535,ER+,PVL,PVL Immature,PVL_Immature s2
CID4535_CAGCAGCCATGTTGAC,CID4535,ER+,PVL,PVL Immature,PVL_Immature s2
CID4535_CACCAGGAGCGTGAGT,CID4535,ER+,PVL,PVL Immature,PVL_Immature s2
CID4535_CAGGTGCGTCAAAGCG,CID4535,ER+,PVL,PVL Immature,PVL_Immature s2
CID4535_GACTACAAGATAGTCA,CID4535,ER+,PVL,PVL Immature,PVL_Immature s2
CID4535_ACACTGAAGATGGCGT,CID4535,ER+,PVL,PVL Immature,PVL_Immature s2
CID4535_ACGGAGACACTTACGA,CID4535,ER+,PVL,PVL Immature,PVL_Immature s2
CID4535_AGAGTGGTCTGCGACG,CID4535,ER+,PVL,PVL Immature,PVL_Immature s2
CID4535_AGGCCACAGAGCCTAG,CID4535,ER+,PVL,PVL Immature,PVL_Immature s2
CID4535_CACTCCAGTCGATTGT,CID4535,ER+,PVL,PVL Immature,PVL_Immature s2
CID4535_CCAATCCGTTACGGAG,CID4535,ER+,PVL,PVL Immature,PVL_Immature s2
CID4535_CGATGGCGTGTATGGG,CID4535,ER+,PVL,PVL Immature,PVL_Immature s2
CID4535_CTAAGACTCATTGCGA,CID4535,ER+,PVL,PVL Immature,PVL_Immature s2
CID4535_GACGGCTAGAGTGACC,CID4535,ER+,PVL,PVL Immature,PVL_Immature s2
CID4535_GATCGATAGATGTGGC,CID4535,ER+,PVL,PVL Immature,PVL_Immature s2
CID4535_GGGCACTTCAGTACGT,CID4535,ER+,PVL,PVL Immature,PVL_Immature s2
CID4535_GTTTCTAAGCAGGCTA,CID4535,ER+,PVL,PVL Immature,PVL_Immature s2
CID4535_TACGGATTCGATCCCT,CID4535,ER+,PVL,PVL Immature,PVL_Immature s2
CID4535_TGAAAGAAGCACGCCT,CID4535,ER+,PVL,PVL Immature,PVL_Immature s2
CID4535_TGCCCATCAAGGTGTG,CID4535,ER+,PVL,PVL Immature,PVL_Immature s2
CID4535_TTTGCGCCAATTGCTG,CID4535,ER+,PVL,PVL Immature,PVL_Immature s2
CID4535_ACACCGGAGAACAACT,CID4535,ER+,PVL,PVL Immature,PVL_Immature s2
CID4535_ACGGAGAGTTCCACAA,CID4535,ER+,PVL,PVL Immature,PVL_Immature s2
CID4535_AAAGATGAGTATCTCG,CID4535,ER+,PVL,PVL Immature,PVL_Immature s2
CID4535_AACCGCGAGAGGTACC,CID4535,ER+,PVL,PVL Immature,PVL_Immature s2
CID4535_AAGACCTTCGAACGGA,CID4535,ER+,PVL,PVL Immature,PVL_Immature s2
CID4535_AAGGTTCTCTTCATGT,CID4535,ER+,PVL,PVL Immature,PVL_Immature s2
CID4535_ACACTGACAACGCACC,CID4535,ER+,PVL,PVL Immature,PVL_Immature s2
CID4535_ACCAGTACATCTACGA,CID4535,ER+,PVL,PVL Immature,PVL_Immature s2
CID4535_ACTGAACTCAACCAAC,CID4535,ER+,PVL,PVL Immature,PVL_Immature s2
CID4535_AGCGTATCAGCCTTGG,CID4535,ER+,PVL,PVL Immature,PVL_Immature s2
CID4535_AGGCCACGTGCTCTTC,CID4535,ER+,PVL,PVL Immature,PVL_Immature s2
CID4535_ATAAGAGAGGTGCAAC,CID4535,ER+,PVL,PVL Immature,PVL_Immature s2
CID4535_ATTATCCTCAGCGATT,CID4535,ER+,PVL,PVL Immature,PVL_Immature s2
CID4535_ATTGGTGCATCGGACC,CID4535,ER+,PVL,PVL Immature,PVL_Immature s2
CID4535_CACATTTAGTGGAGAA,CID4535,ER+,PVL,PVL Immature,PVL_Immature s2
CID4535_CACCACTTCCAGAGGA,CID4535,ER+,PVL,PVL Immature,PVL_Immature s2
CID4535_CACCAGGTCACAGTAC,CID4535,ER+,PVL,PVL Immature,PVL_Immature s2
CID4535_CATATGGCATTGTGCA,CID4535,ER+,PVL,PVL Immature,PVL_Immature s2
CID4535_CGAGCCACATGCGCAC,CID4535,ER+,PVL,PVL Immature,PVL_Immature s2
CID4535_CGATTGATCAAACCAC,CID4535,ER+,PVL,PVL Immature,PVL_Immature s2
CID4535_CGGAGTCCACCCAGTG,CID4535,ER+,PVL,PVL Immature,PVL_Immature s2
CID4535_CGGAGTCTCGGAATCT,CID4535,ER+,PVL,PVL Immature,PVL_Immature s2
CID4535_CGGTTAACACAGGCCT,CID4535,ER+,PVL,PVL Immature,PVL_Immature s2
CID4535_CGTGAGCTCAGTTTGG,CID4535,ER+,PVL,PVL Immature,PVL_Immature s2
CID4535_CTCCTAGTCTGATACG,CID4535,ER+,PVL,PVL Immature,PVL_Immature s2
CID4535_CTGAAGTAGCCGTCGT,CID4535,ER+,PVL,PVL Immature,PVL_Immature s2
CID4535_CTGATCCTCACTTCAT,CID4535,ER+,PVL,PVL Immature,PVL_Immature s2
CID4535_GACCAATTCTTTACGT,CID4535,ER+,PVL,PVL Immature,PVL_Immature s2
CID4535_GACGTGCAGACCTTTG,CID4535,ER+,PVL,PVL Immature,PVL_Immature s2
CID4535_GAGTCCGGTCAACTGT,CID4535,ER+,PVL,PVL Immature,PVL_Immature s2
CID4535_GCGAGAACACATTCGA,CID4535,ER+,PVL,PVL Immature,PVL_Immature s2
CID4535_GCGAGAAGTCGACTAT,CID4535,ER+,PVL,PVL Immature,PVL_Immature s2
CID4535_GGGACCTAGCGTAATA,CID4535,ER+,PVL,PVL Immature,PVL_Immature s2
CID4535_GGTGTTACAACGATCT,CID4535,ER+,PVL,PVL Immature,PVL_Immature s2
CID4535_GTACTTTCACAACGCC,CID4535,ER+,PVL,PVL Immature,PVL_Immature s2
CID4535_GTGAAGGGTACTTCTT,CID4535,ER+,PVL,PVL Immature,PVL_Immature s2
CID4535_GTGCGGTCACTTCGAA,CID4535,ER+,PVL,PVL Immature,PVL_Immature s2
CID4535_GTGCGGTGTAAATGTG,CID4535,ER+,PVL,PVL Immature,PVL_Immature s2
CID4535_GTGCGGTGTAGATTAG,CID4535,ER+,PVL,PVL Immature,PVL_Immature s2
CID4535_TACCTATTCCGAACGC,CID4535,ER+,PVL,PVL Immature,PVL_Immature s2
CID4535_TCAGCTCCAGACTCGC,CID4535,ER+,PVL,PVL Immature,PVL_Immature s2
CID4535_TCAGGTATCAGGCGAA,CID4535,ER+,PVL,PVL Immature,PVL_Immature s2
CID4535_TGGCGCAAGTACGCCC,CID4535,ER+,PVL,PVL Immature,PVL_Immature s2
CID4535_TTCTCAATCTACTTAC,CID4535,ER+,PVL,PVL Immature,PVL_Immature s2
CID4535_TTGAACGAGCTTCGCG,CID4535,ER+,PVL,PVL Immature,PVL_Immature s2
CID4535_ACACTGACATCAGTCA,CID4535,ER+,PVL,PVL Immature,PVL Immature s1
CID4535_CCCAGTTCATCGGTTA,CID4535,ER+,PVL,PVL Immature,PVL Immature s1
CID4535_AGACGTTAGACTCGGA,CID4535,ER+,PVL,PVL Immature,PVL Immature s1
CID4535_CGATGGCTCACAGTAC,CID4535,ER+,PVL,PVL Immature,PVL Immature s1
CID4535_GCATGATTCCATTCTA,CID4535,ER+,PVL,PVL Immature,PVL Immature s1
CID4535_GGTGTTATCTAGAGTC,CID4535,ER+,PVL,PVL Immature,PVL Immature s1
CID4535_CAGCCGACAGCCTTGG,CID4535,ER+,PVL,PVL Immature,PVL Immature s1
CID4535_GGACGTCCACTTGGAT,CID4535,ER+,PVL,PVL Immature,PVL Immature s1
CID4535_CAACTAGCATCTATGG,CID4535,ER+,PVL,PVL Immature,PVL Immature s1
CID4535_GGAATAACAAACGTGG,CID4535,ER+,PVL,PVL Immature,PVL Immature s1
CID4535_GGCTGGTTCTGCAAGT,CID4535,ER+,PVL,PVL Immature,PVL Immature s1
CID4535_TACCTATAGGAGTTGC,CID4535,ER+,PVL,PVL Immature,PVL Immature s1
CID4535_TAGTGGTTCCACGTTC,CID4535,ER+,PVL,PVL Immature,PVL Immature s1
CID4535_TGAGCATCATGAACCT,CID4535,ER+,PVL,PVL Immature,PVL Immature s1
CID4535_TACAGTGGTTGCGTTA,CID4535,ER+,PVL,PVL Immature,PVL Immature s1
CID4535_CCTACACAGCTAACTC,CID4535,ER+,PVL,PVL Immature,PVL Immature s1
CID4535_GTGCAGCGTAAACACA,CID4535,ER+,PVL,PVL Immature,PVL Immature s1
CID4535_GTTTCTACAGGAACGT,CID4535,ER+,PVL,PVL Immature,PVL Immature s1
CID4535_GGACATTGTGTTTGGT,CID4535,ER+,PVL,PVL Immature,PVL Immature s1
CID4535_ACGAGCCCACCCTATC,CID4535,ER+,PVL,PVL Immature,PVL Immature s1
CID4535_ACGCCAGTCCAAACAC,CID4535,ER+,PVL,PVL Immature,PVL Immature s1
CID4535_AGATCTGCAAGGCTCC,CID4535,ER+,PVL,PVL Immature,PVL Immature s1
CID4535_AGCTCCTGTAAGTGGC,CID4535,ER+,PVL,PVL Immature,PVL Immature s1
CID4535_CATATGGCATCACGAT,CID4535,ER+,PVL,PVL Immature,PVL Immature s1
CID4535_GCACATACATACTCTT,CID4535,ER+,PVL,PVL Immature,PVL Immature s1
CID4535_GTGAAGGGTAAGAGGA,CID4535,ER+,PVL,PVL Immature,PVL Immature s1
CID4535_GTGCTTCTCAAACCAC,CID4535,ER+,PVL,PVL Immature,PVL Immature s1
CID4535_ATCGAGTAGTCCATAC,CID4535,ER+,PVL,PVL Immature,PVL Immature s1
CID4535_GTGCAGCCAATCTACG,CID4535,ER+,PVL,PVL Immature,PVL Immature s1
CID4535_AGACGTTCATGCATGT,CID4535,ER+,PVL,PVL Immature,PVL Immature s1
CID4535_CATGCCTCATGGTCTA,CID4535,ER+,PVL,PVL Immature,PVL Immature s1
CID4535_CCTTTCTAGAGCCTAG,CID4535,ER+,PVL,PVL Immature,PVL Immature s1
CID4535_CGACTTCCAAGGCTCC,CID4535,ER+,PVL,PVL Immature,PVL Immature s1
CID4535_TCACAAGTCGGATGTT,CID4535,ER+,PVL,PVL Immature,PVL Immature s1
CID4535_GGCGTGTTCGCAGGCT,CID4535,ER+,PVL,PVL Immature,PVL Immature s1
CID4535_TCTTTCCTCATGTGGT,CID4535,ER+,PVL,PVL Immature,PVL Immature s1
CID4535_CCTACCATCTTCGGTC,CID4535,ER+,PVL,PVL Immature,PVL Immature s1
CID4535_GAATGAATCTTTCCTC,CID4535,ER+,PVL,PVL Immature,PVL Immature s1
CID4535_TGAGCATTCCACTGGG,CID4535,ER+,PVL,PVL Immature,PVL Immature s1
CID4535_AGTTGGTCAGTTAACC,CID4535,ER+,PVL,PVL Immature,PVL Immature s1
CID4535_ATTGGTGAGAGGTACC,CID4535,ER+,PVL,PVL Immature,PVL Immature s1
CID4535_CCTACACAGTAGCGGT,CID4535,ER+,PVL,PVL Immature,PVL Immature s1
CID4535_CCTTCCCGTCTCTCTG,CID4535,ER+,PVL,PVL Immature,PVL Immature s1
CID4535_CTAGAGTGTCGGCATC,CID4535,ER+,PVL,PVL Immature,PVL Immature s1
CID4535_GAACCTACAACGATCT,CID4535,ER+,PVL,PVL Immature,PVL Immature s1
CID4535_GCACTCTGTGCGATAG,CID4535,ER+,PVL,PVL Immature,PVL Immature s1
CID4535_GGTATTGTCACCCGAG,CID4535,ER+,PVL,PVL Immature,PVL Immature s1
CID4535_TACCTATTCAGCTTAG,CID4535,ER+,PVL,PVL Immature,PVL Immature s1
CID4535_TGAAAGACACTTCTGC,CID4535,ER+,PVL,PVL Immature,PVL Immature s1
CID4535_AAATGCCAGAGCCTAG,CID4535,ER+,PVL,PVL Immature,PVL Immature s1
CID4535_AACTCAGGTCAGAAGC,CID4535,ER+,PVL,PVL Immature,PVL Immature s1
CID4535_AACTGGTAGCTATGCT,CID4535,ER+,PVL,PVL Immature,PVL Immature s1
CID4535_AACTGGTAGTGAAGAG,CID4535,ER+,PVL,PVL Immature,PVL Immature s1
CID4535_AAGCCGCTCTAACGGT,CID4535,ER+,PVL,PVL Immature,PVL Immature s1
CID4535_ACTTACTTCACGGTTA,CID4535,ER+,PVL,PVL Immature,PVL Immature s1
CID4535_ATCACGATCGCTTAGA,CID4535,ER+,PVL,PVL Immature,PVL Immature s1
CID4535_ATGCGATAGACGCTTT,CID4535,ER+,PVL,PVL Immature,PVL Immature s1
CID4535_ATGTGTGAGGAGCGTT,CID4535,ER+,PVL,PVL Immature,PVL Immature s1
CID4535_CCACGGACACACAGAG,CID4535,ER+,PVL,PVL Immature,PVL Immature s1
CID4535_CCGTACTAGATGTGGC,CID4535,ER+,PVL,PVL Immature,PVL Immature s1
CID4535_CCTTCGACATGTAGTC,CID4535,ER+,PVL,PVL Immature,PVL Immature s1
CID4535_CGCGTTTAGTTGAGTA,CID4535,ER+,PVL,PVL Immature,PVL Immature s1
CID4535_CGTTGGGCACGAGAGT,CID4535,ER+,PVL,PVL Immature,PVL Immature s1
CID4535_CTACGTCTCAGCATGT,CID4535,ER+,PVL,PVL Immature,PVL Immature s1
CID4535_GAGGTGACACGACGAA,CID4535,ER+,PVL,PVL Immature,PVL Immature s1
CID4535_TCACGAAAGAGGTAGA,CID4535,ER+,PVL,PVL Immature,PVL Immature s1
CID4535_TGAGAGGTCAGTACGT,CID4535,ER+,PVL,PVL Immature,PVL Immature s1
CID4535_TGAGGGAAGGCTAGAC,CID4535,ER+,PVL,PVL Immature,PVL Immature s1
CID4535_TTATGCTTCTGTCTAT,CID4535,ER+,PVL,PVL Immature,PVL Immature s1
CID4535_GACTACAAGTGAACAT,CID4535,ER+,PVL,PVL Immature,PVL Immature s1
CID4535_GCAGTTATCGACAGCC,CID4535,ER+,PVL,PVL Immature,PVL Immature s1
CID4535_CCAGCGAGTCCATGAT,CID4535,ER+,PVL,PVL Immature,PVL Immature s1
CID4535_GTGCATAGTTGGTTTG,CID4535,ER+,PVL,PVL Immature,PVL Immature s1
CID4535_AGTGAGGGTGGGTCAA,CID4535,ER+,Endothelial,Endothelial Lymphatic LYVE1,Endothelial Lymphatic LYVE1
CID4535_CTTCTCTTCACTATTC,CID4535,ER+,Endothelial,Endothelial Lymphatic LYVE1,Endothelial Lymphatic LYVE1
CID4535_TACCTTAGTACCGGCT,CID4535,ER+,Endothelial,Endothelial Lymphatic LYVE1,Endothelial Lymphatic LYVE1
CID4535_TGCGGGTTCCTTGACC,CID4535,ER+,Endothelial,Endothelial Lymphatic LYVE1,Endothelial Lymphatic LYVE1
CID4535_CACAGGCCAGCCTGTG,CID4535,ER+,Endothelial,Endothelial Lymphatic LYVE1,Endothelial Lymphatic LYVE1
CID4535_TAGGCATCATGACATC,CID4535,ER+,PVL,Cycling PVL,Cycling PVL
CID4535_ACATACGTCGCTGATA,CID4535,ER+,PVL,Cycling PVL,Cycling PVL
CID4535_TAAACCGAGTTCGCGC,CID4535,ER+,PVL,Cycling PVL,Cycling PVL
CID4535_AGGTCATTCTTCCTTC,CID4535,ER+,PVL,Cycling PVL,Cycling PVL
CID4535_ATCTGCCGTGCTAGCC,CID4535,ER+,PVL,Cycling PVL,Cycling PVL
CID4535_CTAGAGTGTTGGTTTG,CID4535,ER+,PVL,Cycling PVL,Cycling PVL
CID4535_CTAGCCTCACGGTGTC,CID4535,ER+,PVL,Cycling PVL,Cycling PVL
CID4535_ATCCACCGTTTGTGTG,CID4535,ER+,PVL,Cycling PVL,Cycling PVL
CID4535_ATCATCTTCCGTAGTA,CID4535,ER+,PVL,Cycling PVL,Cycling PVL
CID4535_GTATTCTTCATGTCTT,CID4535,ER+,PVL,Cycling PVL,Cycling PVL
CID4535_ACACCGGCAGGGATTG,CID4535,ER+,B-cells,B cells Memory,B cells Memory
CID4535_ATCACGAAGGACACCA,CID4535,ER+,B-cells,B cells Memory,B cells Memory
CID4535_CAACCTCGTTTAGGAA,CID4535,ER+,B-cells,B cells Memory,B cells Memory
CID4535_CACCACTCAAGCGTAG,CID4535,ER+,B-cells,B cells Memory,B cells Memory
CID4535_CTACCCATCCCGGATG,CID4535,ER+,B-cells,B cells Memory,B cells Memory
CID4535_CTGGTCTGTTCAACCA,CID4535,ER+,B-cells,B cells Memory,B cells Memory
CID4535_GAGGTGACACCCATTC,CID4535,ER+,B-cells,B cells Memory,B cells Memory
CID4535_AACTCAGGTGTTGGGA,CID4535,ER+,B-cells,B cells Memory,B cells Memory
CID4535_ACTGTCCGTCCGAAGA,CID4535,ER+,B-cells,B cells Memory,B cells Memory
CID4535_AGGTCATAGCATCATC,CID4535,ER+,B-cells,B cells Memory,B cells Memory
CID4535_ATGAGGGAGTACGCCC,CID4535,ER+,B-cells,B cells Memory,B cells Memory
CID4535_CGCCAAGCACCATGTA,CID4535,ER+,B-cells,B cells Memory,B cells Memory
CID4535_CTCATTAGTGGACGAT,CID4535,ER+,B-cells,B cells Memory,B cells Memory
CID4535_CTCGGGACAATGACCT,CID4535,ER+,B-cells,B cells Memory,B cells Memory
CID4535_GAGGTGATCCGAAGAG,CID4535,ER+,B-cells,B cells Memory,B cells Memory
CID4535_GATCGCGCAGCTCGAC,CID4535,ER+,B-cells,B cells Memory,B cells Memory
CID4535_GGGACCTTCGAACTGT,CID4535,ER+,B-cells,B cells Memory,B cells Memory
CID4535_AAAGATGGTGTAATGA,CID4535,ER+,B-cells,B cells Memory,B cells Memory
CID4535_ATCATGGAGCTAGCCC,CID4535,ER+,B-cells,B cells Memory,B cells Memory
CID4535_CACACAAAGCGTCAAG,CID4535,ER+,B-cells,B cells Memory,B cells Memory
CID4535_CCCTCCTTCCCTAATT,CID4535,ER+,B-cells,B cells Memory,B cells Memory
CID4535_CTCATTAAGAAACGAG,CID4535,ER+,B-cells,B cells Memory,B cells Memory
CID4535_CTCTGGTTCTCCGGTT,CID4535,ER+,B-cells,B cells Memory,B cells Memory
CID4535_GTCAAGTCACGGTAGA,CID4535,ER+,B-cells,B cells Memory,B cells Memory
CID4535_GTCAAGTGTCGAACAG,CID4535,ER+,B-cells,B cells Memory,B cells Memory
CID4535_TGACTAGCAAACTGTC,CID4535,ER+,B-cells,B cells Memory,B cells Memory
CID4535_AGGCCACAGTGTACCT,CID4535,ER+,B-cells,B cells Memory,B cells Memory
CID4535_ATTCTACAGACAGAGA,CID4535,ER+,B-cells,B cells Memory,B cells Memory
CID4535_CATCGGGTCCTCCTAG,CID4535,ER+,B-cells,B cells Memory,B cells Memory
CID4535_CATTCGCTCGTTTATC,CID4535,ER+,B-cells,B cells Memory,B cells Memory
CID4535_CCTACACAGCCGTCGT,CID4535,ER+,B-cells,B cells Memory,B cells Memory
CID4535_CCTTCCCTCGTGGTCG,CID4535,ER+,B-cells,B cells Memory,B cells Memory
CID4535_CGTCCATTCACTTCAT,CID4535,ER+,B-cells,B cells Memory,B cells Memory
CID4535_CTCGGAGCATCCTAGA,CID4535,ER+,B-cells,B cells Memory,B cells Memory
CID4535_CTGATCCAGTGCTGCC,CID4535,ER+,B-cells,B cells Memory,B cells Memory
CID4535_GGGATGATCATTATCC,CID4535,ER+,B-cells,B cells Memory,B cells Memory
CID4535_GTCATTTCAGGAATCG,CID4535,ER+,B-cells,B cells Memory,B cells Memory
CID4535_TTGGAACTCTTACCGC,CID4535,ER+,B-cells,B cells Memory,B cells Memory
CID4535_AAGGCAGGTTGAACTC,CID4535,ER+,B-cells,B cells Memory,B cells Memory
CID4535_ACTTACTTCCGTCAAA,CID4535,ER+,B-cells,B cells Memory,B cells Memory
CID4535_ATCTGCCCACGACGAA,CID4535,ER+,B-cells,B cells Memory,B cells Memory
CID4535_ATTGGTGCAGCCTTTC,CID4535,ER+,B-cells,B cells Memory,B cells Memory
CID4535_CAGTCCTTCCTGTACC,CID4535,ER+,B-cells,B cells Memory,B cells Memory
CID4535_CATATTCAGCCGGTAA,CID4535,ER+,B-cells,B cells Memory,B cells Memory
CID4535_CCACCTAGTCAGTGGA,CID4535,ER+,B-cells,B cells Memory,B cells Memory
CID4535_CCATGTCGTAGGACAC,CID4535,ER+,B-cells,B cells Memory,B cells Memory
CID4535_CTCATTAGTCCTCCAT,CID4535,ER+,B-cells,B cells Memory,B cells Memory
CID4535_GCACATAGTTCGCTAA,CID4535,ER+,B-cells,B cells Memory,B cells Memory
CID4535_GGTGAAGGTATGAAAC,CID4535,ER+,B-cells,B cells Memory,B cells Memory
CID4535_GTGCAGCAGTGTTGAA,CID4535,ER+,B-cells,B cells Memory,B cells Memory
CID4535_TACAGTGCACGTTGGC,CID4535,ER+,B-cells,B cells Memory,B cells Memory
CID4535_TATCTCATCAGCACAT,CID4535,ER+,B-cells,B cells Memory,B cells Memory
CID4535_TGCACCTGTATATCCG,CID4535,ER+,B-cells,B cells Memory,B cells Memory
CID4535_TGGCCAGCATGTTCCC,CID4535,ER+,B-cells,B cells Memory,B cells Memory
CID4535_TTGAACGTCCTAAGTG,CID4535,ER+,B-cells,B cells Memory,B cells Memory
CID4535_TTGCGTCCAATAGCAA,CID4535,ER+,B-cells,B cells Memory,B cells Memory
CID4535_AAACCTGTCTTGTATC,CID4535,ER+,Plasmablasts,Plasmablasts,Plasmablasts
CID4535_AGATTGCTCATCACCC,CID4535,ER+,Plasmablasts,Plasmablasts,Plasmablasts
CID4535_AGTTGGTCAATGAATG,CID4535,ER+,Plasmablasts,Plasmablasts,Plasmablasts
CID4535_CGGACGTAGCCCAATT,CID4535,ER+,Plasmablasts,Plasmablasts,Plasmablasts
CID4535_CGTTAGAAGAGGACGG,CID4535,ER+,Plasmablasts,Plasmablasts,Plasmablasts
CID4535_GACGTTAAGGCCATAG,CID4535,ER+,Plasmablasts,Plasmablasts,Plasmablasts
CID4535_TAAACCGCATGCCACG,CID4535,ER+,Plasmablasts,Plasmablasts,Plasmablasts
CID4535_TATCAGGGTGCACTTA,CID4535,ER+,Plasmablasts,Plasmablasts,Plasmablasts
CID4535_TGGACGCGTAGCCTAT,CID4535,ER+,Plasmablasts,Plasmablasts,Plasmablasts
CID4535_TGTATTCTCTCGCATC,CID4535,ER+,Plasmablasts,Plasmablasts,Plasmablasts
CID4535_GTGTTAGAGTCGATAA,CID4535,ER+,Plasmablasts,Plasmablasts,Plasmablasts
CID4535_TCAGCTCCAATAGCAA,CID4535,ER+,Plasmablasts,Plasmablasts,Plasmablasts
CID4535_TGTGTTTCACAAGCCC,CID4535,ER+,Plasmablasts,Plasmablasts,Plasmablasts
CID4535_ATCTGCCGTCTACCTC,CID4535,ER+,Plasmablasts,Plasmablasts,Plasmablasts
CID4535_ACTGATGCAAGTTAAG,CID4535,ER+,Plasmablasts,Plasmablasts,Plasmablasts
CID4535_AACTCCCGTAAGTTCC,CID4535,ER+,Plasmablasts,Plasmablasts,Plasmablasts
CID4535_ATGTGTGTCGCCAGCA,CID4535,ER+,Plasmablasts,Plasmablasts,Plasmablasts
CID4535_CATATGGAGATCCGAG,CID4535,ER+,Plasmablasts,Plasmablasts,Plasmablasts
CID4535_GTGCATAGTTCCACTC,CID4535,ER+,Plasmablasts,Plasmablasts,Plasmablasts
CID4535_GTTAAGCTCTCCGGTT,CID4535,ER+,Plasmablasts,Plasmablasts,Plasmablasts
CID4535_TGCGTGGAGAGACTTA,CID4535,ER+,Plasmablasts,Plasmablasts,Plasmablasts
CID4535_TGGGCGTTCGTGGGAA,CID4535,ER+,Plasmablasts,Plasmablasts,Plasmablasts
CID4535_TGTCCCAAGGAGCGTT,CID4535,ER+,Plasmablasts,Plasmablasts,Plasmablasts
CID4535_TTCTACACAATGGATA,CID4535,ER+,Plasmablasts,Plasmablasts,Plasmablasts
CID4535_TTCTCCTCAGATCCAT,CID4535,ER+,Plasmablasts,Plasmablasts,Plasmablasts
CID4535_CAAGGCCAGGACACCA,CID4535,ER+,Plasmablasts,Plasmablasts,Plasmablasts
CID4535_CCGGGATGTATTCTCT,CID4535,ER+,Plasmablasts,Plasmablasts,Plasmablasts
CID4535_CCTCTGATCCTTGCCA,CID4535,ER+,Plasmablasts,Plasmablasts,Plasmablasts
CID4535_CTCCTAGTCCTTCAAT,CID4535,ER+,Plasmablasts,Plasmablasts,Plasmablasts
CID4535_CTTACCGAGACTGGGT,CID4535,ER+,Plasmablasts,Plasmablasts,Plasmablasts
CID4535_GCTTGAATCACAACGT,CID4535,ER+,Plasmablasts,Plasmablasts,Plasmablasts
CID4535_TGTGTTTGTGAAATCA,CID4535,ER+,Plasmablasts,Plasmablasts,Plasmablasts
CID4535_ACAGCTAAGCGGATCA,CID4535,ER+,Plasmablasts,Plasmablasts,Plasmablasts
CID4535_GAACGGACATATGGTC,CID4535,ER+,Plasmablasts,Plasmablasts,Plasmablasts
CID4535_TGACAACAGGGTGTGT,CID4535,ER+,Plasmablasts,Plasmablasts,Plasmablasts
CID4535_CTCATTAAGACAGAGA,CID4535,ER+,Plasmablasts,Plasmablasts,Plasmablasts
CID4535_ATCATGGAGCGTCTAT,CID4535,ER+,Plasmablasts,Plasmablasts,Plasmablasts
CID4535_CAGTCCTAGTACGATA,CID4535,ER+,Plasmablasts,Plasmablasts,Plasmablasts
CID4535_CCCATACGTGGCGAAT,CID4535,ER+,Plasmablasts,Plasmablasts,Plasmablasts
CID4535_TCTTCGGCAGACAGGT,CID4535,ER+,Plasmablasts,Plasmablasts,Plasmablasts
CID4535_TTCTCCTTCAAAGACA,CID4535,ER+,Plasmablasts,Plasmablasts,Plasmablasts
CID4535_AAGTCTGCAAAGGAAG,CID4535,ER+,Plasmablasts,Plasmablasts,Plasmablasts
CID4535_ACATGGTTCATGTCTT,CID4535,ER+,Plasmablasts,Plasmablasts,Plasmablasts
CID4535_ACTGAGTTCTTGAGAC,CID4535,ER+,Plasmablasts,Plasmablasts,Plasmablasts
CID4535_ACTTACTCACGTGAGA,CID4535,ER+,Plasmablasts,Plasmablasts,Plasmablasts
CID4535_ACTTGTTCAAGCTGTT,CID4535,ER+,Plasmablasts,Plasmablasts,Plasmablasts
CID4535_ATCACGATCGGTCTAA,CID4535,ER+,Plasmablasts,Plasmablasts,Plasmablasts
CID4535_ATGCGATGTAAAGGAG,CID4535,ER+,Plasmablasts,Plasmablasts,Plasmablasts
CID4535_ATTTCTGGTCCAGTAT,CID4535,ER+,Plasmablasts,Plasmablasts,Plasmablasts
CID4535_CAGCCGACATACAGCT,CID4535,ER+,Plasmablasts,Plasmablasts,Plasmablasts
CID4535_CAGGTGCCAGTGGGAT,CID4535,ER+,Plasmablasts,Plasmablasts,Plasmablasts
CID4535_CATCCACAGAAACCAT,CID4535,ER+,Plasmablasts,Plasmablasts,Plasmablasts
CID4535_CCTCTGATCATGTAGC,CID4535,ER+,Plasmablasts,Plasmablasts,Plasmablasts
CID4535_CGCTATCCAATCTGCA,CID4535,ER+,Plasmablasts,Plasmablasts,Plasmablasts
CID4535_CGGACTGAGCTCCTTC,CID4535,ER+,Plasmablasts,Plasmablasts,Plasmablasts
CID4535_CGGCTAGTCGGCGGTT,CID4535,ER+,Plasmablasts,Plasmablasts,Plasmablasts
CID4535_CGTCAGGGTTTGCATG,CID4535,ER+,Plasmablasts,Plasmablasts,Plasmablasts
CID4535_CTCGAAAGTTTGTTGG,CID4535,ER+,Plasmablasts,Plasmablasts,Plasmablasts
CID4535_CTTCTCTCAGTGGAGT,CID4535,ER+,Plasmablasts,Plasmablasts,Plasmablasts
CID4535_GACAGAGAGATATGGT,CID4535,ER+,Plasmablasts,Plasmablasts,Plasmablasts
CID4535_GAGGTGATCAATAAGG,CID4535,ER+,Plasmablasts,Plasmablasts,Plasmablasts
CID4535_GATCGCGAGCGGATCA,CID4535,ER+,Plasmablasts,Plasmablasts,Plasmablasts
CID4535_GCAGTTAAGGATCGCA,CID4535,ER+,Plasmablasts,Plasmablasts,Plasmablasts
CID4535_GCTCTGTCAGACGCCT,CID4535,ER+,Plasmablasts,Plasmablasts,Plasmablasts
CID4535_GGAACTTCAGACTCGC,CID4535,ER+,Plasmablasts,Plasmablasts,Plasmablasts
CID4535_GGTGCGTAGCAGCGTA,CID4535,ER+,Plasmablasts,Plasmablasts,Plasmablasts
CID4535_GTCCTCATCAAGCCTA,CID4535,ER+,Plasmablasts,Plasmablasts,Plasmablasts
CID4535_GTTACAGAGCAACGGT,CID4535,ER+,Plasmablasts,Plasmablasts,Plasmablasts
CID4535_GTTCTCGGTGAAGGCT,CID4535,ER+,Plasmablasts,Plasmablasts,Plasmablasts
CID4535_TACAGTGGTTGAGTTC,CID4535,ER+,Plasmablasts,Plasmablasts,Plasmablasts
CID4535_TACGGATGTGAGGCTA,CID4535,ER+,Plasmablasts,Plasmablasts,Plasmablasts
CID4535_TACTCATAGGGAGTAA,CID4535,ER+,Plasmablasts,Plasmablasts,Plasmablasts
CID4535_TACTTGTTCGGTCTAA,CID4535,ER+,Plasmablasts,Plasmablasts,Plasmablasts
CID4535_TAGACCAAGTCTCAAC,CID4535,ER+,Plasmablasts,Plasmablasts,Plasmablasts
CID4535_TAGCCGGGTGTGACGA,CID4535,ER+,Plasmablasts,Plasmablasts,Plasmablasts
CID4535_TAGTTGGCAACTGGCC,CID4535,ER+,Plasmablasts,Plasmablasts,Plasmablasts
CID4535_TCTGGAATCATTATCC,CID4535,ER+,Plasmablasts,Plasmablasts,Plasmablasts
CID4535_TGAGCCGTCACATACG,CID4535,ER+,Plasmablasts,Plasmablasts,Plasmablasts
CID4535_TGCGCAGGTTTCCACC,CID4535,ER+,Plasmablasts,Plasmablasts,Plasmablasts
CID4535_TGCTACCAGAGTACCG,CID4535,ER+,Plasmablasts,Plasmablasts,Plasmablasts
CID4535_TGTGGTAAGGAACTGC,CID4535,ER+,Plasmablasts,Plasmablasts,Plasmablasts
CID4535_TTCTTAGGTCTAGAGG,CID4535,ER+,Plasmablasts,Plasmablasts,Plasmablasts
CID4535_TTTGCGCCAAGAAAGG,CID4535,ER+,Plasmablasts,Plasmablasts,Plasmablasts
CID4535_CATATGGCAATGACCT,CID4535,ER+,Plasmablasts,Plasmablasts,Plasmablasts
CID4535_CTAATGGCAAGTTGTC,CID4535,ER+,Plasmablasts,Plasmablasts,Plasmablasts
CID4535_TGAAAGATCTGCGACG,CID4535,ER+,Plasmablasts,Plasmablasts,Plasmablasts
CID4535_CGCTGGAGTCAGTGGA,CID4535,ER+,Plasmablasts,Plasmablasts,Plasmablasts
CID4535_ACGCCAGCATTGAGCT,CID4535,ER+,Plasmablasts,Plasmablasts,Plasmablasts
CID4535_AGTCTTTTCAAACCAC,CID4535,ER+,Plasmablasts,Plasmablasts,Plasmablasts
CID4535_CGGGTCACAACTGGCC,CID4535,ER+,Plasmablasts,Plasmablasts,Plasmablasts
CID4535_TCAGATGAGATTACCC,CID4535,ER+,Plasmablasts,Plasmablasts,Plasmablasts
CID4535_GCAATCATCACATGCA,CID4535,ER+,Plasmablasts,Plasmablasts,Plasmablasts
CID4535_CGAGAAGTCTTCGAGA,CID4535,ER+,Plasmablasts,Plasmablasts,Plasmablasts
CID4535_TAAGAGATCTGGCGTG,CID4535,ER+,Plasmablasts,Plasmablasts,Plasmablasts
CID4535_TGGACGCCAGGAACGT,CID4535,ER+,Plasmablasts,Plasmablasts,Plasmablasts
CID4535_CCTCAGTCATCCTTGC,CID4535,ER+,Plasmablasts,Plasmablasts,Plasmablasts
CID4535_CGGACACTCAGGCAAG,CID4535,ER+,T-cells,T cells CD8+,T_cells_c4_CD8+_ZFP36
CID4535_CAACCTCGTAAGTGGC,CID4535,ER+,T-cells,T cells CD8+,T_cells_c4_CD8+_ZFP36
CID4535_CCAGCGATCTGTCTCG,CID4535,ER+,T-cells,T cells CD8+,T_cells_c4_CD8+_ZFP36
CID4535_CATGACAGTAATTGGA,CID4535,ER+,T-cells,T cells CD8+,T_cells_c4_CD8+_ZFP36
CID4535_CAGATCAGTGGCAAAC,CID4535,ER+,T-cells,T cells CD8+,T_cells_c4_CD8+_ZFP36
CID4535_TGACTAGCAGGCTCAC,CID4535,ER+,T-cells,T cells CD8+,T_cells_c4_CD8+_ZFP36
CID4535_ACACCGGGTAGAAGGA,CID4535,ER+,T-cells,T cells CD8+,T_cells_c4_CD8+_ZFP36
CID4535_CGGACTGCACTTGGAT,CID4535,ER+,T-cells,T cells CD8+,T_cells_c4_CD8+_ZFP36
CID4535_GCCTCTAGTATAGTAG,CID4535,ER+,T-cells,T cells CD8+,T_cells_c4_CD8+_ZFP36
CID4535_GTGCAGCTCGGCATCG,CID4535,ER+,T-cells,T cells CD8+,T_cells_c4_CD8+_ZFP36
CID4535_TGCGGGTCAACGCACC,CID4535,ER+,T-cells,T cells CD8+,T_cells_c4_CD8+_ZFP36
CID4535_AAAGTAGCAGATGAGC,CID4535,ER+,T-cells,T cells CD8+,T_cells_c4_CD8+_ZFP36
CID4535_AACCGCGCAAAGCGGT,CID4535,ER+,T-cells,T cells CD8+,T_cells_c4_CD8+_ZFP36
CID4535_ACACCCTGTGAAATCA,CID4535,ER+,T-cells,T cells CD8+,T_cells_c4_CD8+_ZFP36
CID4535_ACGATACGTAAGAGAG,CID4535,ER+,T-cells,T cells CD8+,T_cells_c4_CD8+_ZFP36
CID4535_AGCTCTCCAGTTAACC,CID4535,ER+,T-cells,T cells CD8+,T_cells_c4_CD8+_ZFP36
CID4535_AGGTCCGGTCGAATCT,CID4535,ER+,T-cells,T cells CD8+,T_cells_c4_CD8+_ZFP36
CID4535_AGTGTCAGTCTCCACT,CID4535,ER+,T-cells,T cells CD8+,T_cells_c4_CD8+_ZFP36
CID4535_ATCATCTAGTAGGTGC,CID4535,ER+,T-cells,T cells CD8+,T_cells_c4_CD8+_ZFP36
CID4535_ATCATGGGTGAGGGAG,CID4535,ER+,T-cells,T cells CD8+,T_cells_c4_CD8+_ZFP36
CID4535_ATCGAGTTCAACCATG,CID4535,ER+,T-cells,T cells CD8+,T_cells_c4_CD8+_ZFP36
CID4535_ATGTGTGGTGCTAGCC,CID4535,ER+,T-cells,T cells CD8+,T_cells_c4_CD8+_ZFP36
CID4535_ATTCTACTCCGTCATC,CID4535,ER+,T-cells,T cells CD8+,T_cells_c4_CD8+_ZFP36
CID4535_ATTGGACTCTGCAGTA,CID4535,ER+,T-cells,T cells CD8+,T_cells_c4_CD8+_ZFP36
CID4535_ATTTCTGTCCTGCTTG,CID4535,ER+,T-cells,T cells CD8+,T_cells_c4_CD8+_ZFP36
CID4535_CACAAACGTTTAGGAA,CID4535,ER+,T-cells,T cells CD8+,T_cells_c4_CD8+_ZFP36
CID4535_CATCAGAGTCAGTGGA,CID4535,ER+,T-cells,T cells CD8+,T_cells_c4_CD8+_ZFP36
CID4535_CCATGTCAGCTACCGC,CID4535,ER+,T-cells,T cells CD8+,T_cells_c4_CD8+_ZFP36
CID4535_CCCATACGTACATCCA,CID4535,ER+,T-cells,T cells CD8+,T_cells_c4_CD8+_ZFP36
CID4535_CGTAGCGCACAGACAG,CID4535,ER+,T-cells,T cells CD8+,T_cells_c4_CD8+_ZFP36
CID4535_CGTGTCTTCTATGTGG,CID4535,ER+,T-cells,T cells CD8+,T_cells_c4_CD8+_ZFP36
CID4535_CTACCCAGTAAACCTC,CID4535,ER+,T-cells,T cells CD8+,T_cells_c4_CD8+_ZFP36
CID4535_CTCTGGTGTGTTCGAT,CID4535,ER+,T-cells,T cells CD8+,T_cells_c4_CD8+_ZFP36
CID4535_CTGGTCTCACATCTTT,CID4535,ER+,T-cells,T cells CD8+,T_cells_c4_CD8+_ZFP36
CID4535_CTGTGCTAGTATGACA,CID4535,ER+,T-cells,T cells CD8+,T_cells_c4_CD8+_ZFP36
CID4535_GACGTTAAGATATACG,CID4535,ER+,T-cells,T cells CD8+,T_cells_c4_CD8+_ZFP36
CID4535_GACTACACAAGGTTCT,CID4535,ER+,T-cells,T cells CD8+,T_cells_c4_CD8+_ZFP36
CID4535_GCGCAGTAGTGGTCCC,CID4535,ER+,T-cells,T cells CD8+,T_cells_c4_CD8+_ZFP36
CID4535_GGTGAAGCAGCTGCTG,CID4535,ER+,T-cells,T cells CD8+,T_cells_c4_CD8+_ZFP36
CID4535_GTAACTGAGGATGGTC,CID4535,ER+,T-cells,T cells CD8+,T_cells_c4_CD8+_ZFP36
CID4535_GTCATTTCAGCAGTTT,CID4535,ER+,T-cells,T cells CD8+,T_cells_c4_CD8+_ZFP36
CID4535_TAAGTGCTCATGGTCA,CID4535,ER+,T-cells,T cells CD8+,T_cells_c4_CD8+_ZFP36
CID4535_TAGAGCTAGCATGGCA,CID4535,ER+,T-cells,T cells CD8+,T_cells_c4_CD8+_ZFP36
CID4535_TAGCCGGTCGGCCGAT,CID4535,ER+,T-cells,T cells CD8+,T_cells_c4_CD8+_ZFP36
CID4535_TATGCCCGTAGGCTGA,CID4535,ER+,T-cells,T cells CD8+,T_cells_c4_CD8+_ZFP36
CID4535_TCAACGAAGACTAGGC,CID4535,ER+,T-cells,T cells CD8+,T_cells_c4_CD8+_ZFP36
CID4535_TCTCTAATCTAGAGTC,CID4535,ER+,T-cells,T cells CD8+,T_cells_c4_CD8+_ZFP36
CID4535_TCTTTCCCACGAGGTA,CID4535,ER+,T-cells,T cells CD8+,T_cells_c4_CD8+_ZFP36
CID4535_TGACAACAGCATCATC,CID4535,ER+,T-cells,T cells CD8+,T_cells_c4_CD8+_ZFP36
CID4535_TGACTTTAGCTATGCT,CID4535,ER+,T-cells,T cells CD8+,T_cells_c4_CD8+_ZFP36
CID4535_TGATTTCCACAAGACG,CID4535,ER+,T-cells,T cells CD8+,T_cells_c4_CD8+_ZFP36
CID4535_TGGCCAGTCGGGAGTA,CID4535,ER+,T-cells,T cells CD8+,T_cells_c4_CD8+_ZFP36
CID4535_TTGACTTAGGCTCTTA,CID4535,ER+,T-cells,T cells CD8+,T_cells_c4_CD8+_ZFP36
CID4535_TTTATGCGTGGCGAAT,CID4535,ER+,T-cells,T cells CD8+,T_cells_c4_CD8+_ZFP36
CID4535_GCTCTGTGTACTCAAC,CID4535,ER+,T-cells,T cells CD8+,T_cells_c4_CD8+_ZFP36
CID4535_GGGTTGCCATGGTCAT,CID4535,ER+,T-cells,T cells CD8+,T_cells_c4_CD8+_ZFP36
CID4535_CTCTAATCAGATGGGT,CID4535,ER+,T-cells,T cells CD8+,T_cells_c4_CD8+_ZFP36
CID4535_CTGATCCTCTGCAAGT,CID4535,ER+,T-cells,T cells CD8+,T_cells_c6_IFIT1
CID4535_ACGGAGATCATGTCTT,CID4535,ER+,T-cells,T cells CD8+,T_cells_c6_IFIT1
CID4535_ATCTACTTCGTTTAGG,CID4535,ER+,T-cells,T cells CD8+,T_cells_c6_IFIT1
CID4535_CAACCAAGTCCGAATT,CID4535,ER+,T-cells,T cells CD8+,T_cells_c6_IFIT1
CID4535_CGACCTTCACCTCGGA,CID4535,ER+,T-cells,T cells CD8+,T_cells_c6_IFIT1
CID4535_CTCGGGACATCGACGC,CID4535,ER+,T-cells,T cells CD8+,T_cells_c6_IFIT1
CID4535_GACCTGGGTCCGAATT,CID4535,ER+,T-cells,T cells CD8+,T_cells_c6_IFIT1
CID4535_GACTAACAGAGTAATC,CID4535,ER+,T-cells,T cells CD8+,T_cells_c6_IFIT1
CID4535_TCAGGATTCGCCTGAG,CID4535,ER+,T-cells,T cells CD8+,T_cells_c6_IFIT1
CID4535_CCCAGTTAGAGTTGGC,CID4535,ER+,T-cells,T cells CD8+,T_cells_c6_IFIT1
CID4535_TCTCATAAGCTGCAAG,CID4535,ER+,T-cells,T cells CD8+,T_cells_c6_IFIT1
CID4535_ACTATCTCAAACCTAC,CID4535,ER+,T-cells,T cells CD8+,T_cells_c6_IFIT1
CID4535_AAGTCTGCAGGGCATA,CID4535,ER+,T-cells,T cells CD8+,T_cells_c6_IFIT1
CID4535_AAGTCTGGTTACCGAT,CID4535,ER+,T-cells,T cells CD8+,T_cells_c7_CD8+_IFNG
CID4535_AGAGTGGCAAGCCATT,CID4535,ER+,T-cells,T cells CD8+,T_cells_c7_CD8+_IFNG
CID4535_AGATTGCCATATGAGA,CID4535,ER+,T-cells,T cells CD8+,T_cells_c7_CD8+_IFNG
CID4535_AGTCTTTCAGGTTTCA,CID4535,ER+,T-cells,T cells CD8+,T_cells_c7_CD8+_IFNG
CID4535_CAAGATCCAACGCACC,CID4535,ER+,T-cells,T cells CD8+,T_cells_c7_CD8+_IFNG
CID4535_CACCACTGTTGAACTC,CID4535,ER+,T-cells,T cells CD8+,T_cells_c7_CD8+_IFNG
CID4535_CATCAAGCAGCCTTTC,CID4535,ER+,T-cells,T cells CD8+,T_cells_c7_CD8+_IFNG
CID4535_GACGTGCCACGACGAA,CID4535,ER+,T-cells,T cells CD8+,T_cells_c7_CD8+_IFNG
CID4535_GCACTCTGTTACCAGT,CID4535,ER+,T-cells,T cells CD8+,T_cells_c7_CD8+_IFNG
CID4535_GGCCGATGTGCCTGGT,CID4535,ER+,T-cells,T cells CD8+,T_cells_c7_CD8+_IFNG
CID4535_GTACTTTTCTACTTAC,CID4535,ER+,T-cells,T cells CD8+,T_cells_c7_CD8+_IFNG
CID4535_GTCGGGTGTTGACGTT,CID4535,ER+,T-cells,T cells CD8+,T_cells_c7_CD8+_IFNG
CID4535_TGAGCATGTCGGCTCA,CID4535,ER+,T-cells,T cells CD8+,T_cells_c7_CD8+_IFNG
CID4535_TGCCCATCATTGCGGC,CID4535,ER+,T-cells,T cells CD8+,T_cells_c7_CD8+_IFNG
CID4535_TGCCCTACAGTCGTGC,CID4535,ER+,T-cells,T cells CD8+,T_cells_c7_CD8+_IFNG
CID4535_TTATGCTTCGGGAGTA,CID4535,ER+,T-cells,T cells CD8+,T_cells_c7_CD8+_IFNG
CID4535_TTGACTTTCGCTGATA,CID4535,ER+,T-cells,T cells CD8+,T_cells_c7_CD8+_IFNG
CID4535_TCTTTCCGTACTCTCC,CID4535,ER+,T-cells,T cells CD8+,T_cells_c7_CD8+_IFNG
CID4535_ATTGGACAGACGCTTT,CID4535,ER+,T-cells,T cells CD8+,T_cells_c7_CD8+_IFNG
CID4535_CAAGGCCGTAGAGGAA,CID4535,ER+,T-cells,T cells CD8+,T_cells_c7_CD8+_IFNG
CID4535_TGACGGCTCTCAAACG,CID4535,ER+,T-cells,T cells CD8+,T_cells_c7_CD8+_IFNG
CID4535_AATCGGTTCACCCTCA,CID4535,ER+,T-cells,T cells CD8+,T_cells_c8_CD8+_LAG3
CID4535_ACAGCCGCAGCATACT,CID4535,ER+,T-cells,T cells CD8+,T_cells_c8_CD8+_LAG3
CID4535_ACGGGCTAGTTCGCAT,CID4535,ER+,T-cells,T cells CD8+,T_cells_c8_CD8+_LAG3
CID4535_CGATCGGTCCCGGATG,CID4535,ER+,T-cells,T cells CD8+,T_cells_c8_CD8+_LAG3
CID4535_GTACTTTCACATCTTT,CID4535,ER+,T-cells,T cells CD8+,T_cells_c8_CD8+_LAG3
CID4535_TCACAAGAGTGCGTGA,CID4535,ER+,T-cells,T cells CD8+,T_cells_c8_CD8+_LAG3
CID4535_TCTATTGCACATCCAA,CID4535,ER+,T-cells,T cells CD8+,T_cells_c8_CD8+_LAG3
CID4535_CCACTACGTCCGAGTC,CID4535,ER+,T-cells,T cells CD4+,T_cells_c0_CD4+_CCR7
CID4535_CTCGGAGAGTGGTAGC,CID4535,ER+,T-cells,T cells CD4+,T_cells_c0_CD4+_CCR7
CID4535_ACTGAACGTGCAGGTA,CID4535,ER+,T-cells,T cells CD4+,T_cells_c0_CD4+_CCR7
CID4535_CACCAGGCATCCGTGG,CID4535,ER+,T-cells,T cells CD4+,T_cells_c0_CD4+_CCR7
CID4535_CCTAGCTTCAATCTCT,CID4535,ER+,T-cells,T cells CD4+,T_cells_c0_CD4+_CCR7
CID4535_GCAGCCAAGCTAGTCT,CID4535,ER+,T-cells,T cells CD4+,T_cells_c0_CD4+_CCR7
CID4535_TGCACCTGTTGGTTTG,CID4535,ER+,T-cells,T cells CD4+,T_cells_c0_CD4+_CCR7
CID4535_TTTCCTCTCGGCCGAT,CID4535,ER+,T-cells,T cells CD4+,T_cells_c0_CD4+_CCR7
CID4535_GCTTCCAAGATGCCTT,CID4535,ER+,T-cells,T cells CD4+,T_cells_c0_CD4+_CCR7
CID4535_CTAGAGTCAGATCGGA,CID4535,ER+,T-cells,T cells CD4+,T_cells_c0_CD4+_CCR7
CID4535_GCTGCAGCACAGCCCA,CID4535,ER+,T-cells,T cells CD4+,T_cells_c0_CD4+_CCR7
CID4535_TCACAAGGTAAGAGAG,CID4535,ER+,T-cells,T cells CD4+,T_cells_c0_CD4+_CCR7
CID4535_TCGCGTTGTGCCTGCA,CID4535,ER+,T-cells,T cells CD4+,T_cells_c0_CD4+_CCR7
CID4535_AACTGGTAGTAGCGGT,CID4535,ER+,T-cells,T cells CD4+,T_cells_c0_CD4+_CCR7
CID4535_CACCAGGAGTAGCGGT,CID4535,ER+,T-cells,T cells CD4+,T_cells_c0_CD4+_CCR7
CID4535_CATGCCTAGAGTAATC,CID4535,ER+,T-cells,T cells CD4+,T_cells_c0_CD4+_CCR7
CID4535_CATGCCTTCTGCTGCT,CID4535,ER+,T-cells,T cells CD4+,T_cells_c0_CD4+_CCR7
CID4535_CGATGGCTCCTCATTA,CID4535,ER+,T-cells,T cells CD4+,T_cells_c0_CD4+_CCR7
CID4535_CTGCTGTCATGCAACT,CID4535,ER+,T-cells,T cells CD4+,T_cells_c0_CD4+_CCR7
CID4535_CTTGGCTTCCGCATCT,CID4535,ER+,T-cells,T cells CD4+,T_cells_c0_CD4+_CCR7
CID4535_GAAGCAGTCCACGCAG,CID4535,ER+,T-cells,T cells CD4+,T_cells_c0_CD4+_CCR7
CID4535_GCACATAAGACGCAAC,CID4535,ER+,T-cells,T cells CD4+,T_cells_c0_CD4+_CCR7
CID4535_TGCTGCTCACACAGAG,CID4535,ER+,T-cells,T cells CD4+,T_cells_c0_CD4+_CCR7
CID4535_ACGGGTCTCCGCAGTG,CID4535,ER+,T-cells,T cells CD4+,T_cells_c1_CD4+_IL7R
CID4535_CAACTAGTCTTAGCCC,CID4535,ER+,T-cells,T cells CD4+,T_cells_c1_CD4+_IL7R
CID4535_CACAAACAGCGCTCCA,CID4535,ER+,T-cells,T cells CD4+,T_cells_c1_CD4+_IL7R
CID4535_CATCAGACAGATGGGT,CID4535,ER+,T-cells,T cells CD4+,T_cells_c1_CD4+_IL7R
CID4535_CTCGTACAGACGACGT,CID4535,ER+,T-cells,T cells CD4+,T_cells_c1_CD4+_IL7R
CID4535_GCTCCTAGTGCCTGTG,CID4535,ER+,T-cells,T cells CD4+,T_cells_c1_CD4+_IL7R
CID4535_TACAGTGCACTGAAGG,CID4535,ER+,T-cells,T cells CD4+,T_cells_c1_CD4+_IL7R
CID4535_TACCTATAGGCAAAGA,CID4535,ER+,T-cells,T cells CD4+,T_cells_c1_CD4+_IL7R
CID4535_TCAGCTCAGGAGTAGA,CID4535,ER+,T-cells,T cells CD4+,T_cells_c1_CD4+_IL7R
CID4535_TTATGCTGTCATATGC,CID4535,ER+,T-cells,T cells CD4+,T_cells_c1_CD4+_IL7R
CID4535_CCCTCCTGTAAGGATT,CID4535,ER+,T-cells,T cells CD4+,T_cells_c1_CD4+_IL7R
CID4535_CTAACTTAGCTGAACG,CID4535,ER+,T-cells,T cells CD4+,T_cells_c1_CD4+_IL7R
CID4535_CAGATCATCCGGGTGT,CID4535,ER+,T-cells,T cells CD4+,T_cells_c1_CD4+_IL7R
CID4535_CCTATTAAGCCAGGAT,CID4535,ER+,T-cells,T cells CD4+,T_cells_c1_CD4+_IL7R
CID4535_CTGTGCTTCTTTACAC,CID4535,ER+,T-cells,T cells CD4+,T_cells_c1_CD4+_IL7R
CID4535_GACCAATGTAGCAAAT,CID4535,ER+,T-cells,T cells CD4+,T_cells_c1_CD4+_IL7R
CID4535_CGCGTTTAGACAAAGG,CID4535,ER+,T-cells,T cells CD4+,T_cells_c1_CD4+_IL7R
CID4535_GACTACAAGGCCGAAT,CID4535,ER+,T-cells,T cells CD4+,T_cells_c1_CD4+_IL7R
CID4535_TCAGGATGTAAATGAC,CID4535,ER+,T-cells,T cells CD4+,T_cells_c1_CD4+_IL7R
CID4535_AATCGGTCATCTACGA,CID4535,ER+,T-cells,T cells CD4+,T_cells_c1_CD4+_IL7R
CID4535_CATCAAGTCGTTGACA,CID4535,ER+,T-cells,T cells CD4+,T_cells_c1_CD4+_IL7R
CID4535_AAACCTGGTCAGAAGC,CID4535,ER+,T-cells,T cells CD4+,T_cells_c1_CD4+_IL7R
CID4535_GATGAAAGTTCGGGCT,CID4535,ER+,T-cells,T cells CD4+,T_cells_c1_CD4+_IL7R
CID4535_GTTCGGGAGCCGTCGT,CID4535,ER+,T-cells,T cells CD4+,T_cells_c1_CD4+_IL7R
CID4535_AATCCAGCAAGTCTAC,CID4535,ER+,T-cells,T cells CD4+,T_cells_c1_CD4+_IL7R
CID4535_AGATCTGCATTGGGCC,CID4535,ER+,T-cells,T cells CD4+,T_cells_c1_CD4+_IL7R
CID4535_AGATTGCCAATAGCAA,CID4535,ER+,T-cells,T cells CD4+,T_cells_c1_CD4+_IL7R
CID4535_AGCAGCCTCAGGCGAA,CID4535,ER+,T-cells,T cells CD4+,T_cells_c1_CD4+_IL7R
CID4535_ATTCTACGTGTTGAGG,CID4535,ER+,T-cells,T cells CD4+,T_cells_c1_CD4+_IL7R
CID4535_CACATTTCACATGGGA,CID4535,ER+,T-cells,T cells CD4+,T_cells_c1_CD4+_IL7R
CID4535_CATGGCGTCGAATCCA,CID4535,ER+,T-cells,T cells CD4+,T_cells_c1_CD4+_IL7R
CID4535_CCAGCGATCACCGTAA,CID4535,ER+,T-cells,T cells CD4+,T_cells_c1_CD4+_IL7R
CID4535_CGTAGCGCACATCCAA,CID4535,ER+,T-cells,T cells CD4+,T_cells_c1_CD4+_IL7R
CID4535_GGACAGACAGACAGGT,CID4535,ER+,T-cells,T cells CD4+,T_cells_c1_CD4+_IL7R
CID4535_TACTTACGTTTCGCTC,CID4535,ER+,T-cells,T cells CD4+,T_cells_c1_CD4+_IL7R
CID4535_TGTTCCGTCCGAATGT,CID4535,ER+,T-cells,T cells CD4+,T_cells_c1_CD4+_IL7R
CID4535_TGCCCTACACCCTATC,CID4535,ER+,T-cells,T cells CD4+,T_cells_c1_CD4+_IL7R
CID4535_TTCTCCTAGAGCTATA,CID4535,ER+,T-cells,T cells CD4+,T_cells_c1_CD4+_IL7R
CID4535_AGAGCTTCAAGGCTCC,CID4535,ER+,T-cells,T cells CD4+,T_cells_c1_CD4+_IL7R
CID4535_GCGCAGTGTGTAATGA,CID4535,ER+,T-cells,T cells CD4+,T_cells_c1_CD4+_IL7R
CID4535_GGATTACCATCAGTAC,CID4535,ER+,T-cells,T cells CD4+,T_cells_c1_CD4+_IL7R
CID4535_CTAGTGAGTGTTGAGG,CID4535,ER+,T-cells,T cells CD4+,T_cells_c1_CD4+_IL7R
CID4535_CTCACACTCCTTGGTC,CID4535,ER+,T-cells,T cells CD4+,T_cells_c1_CD4+_IL7R
CID4535_GTATTCTAGTCAATAG,CID4535,ER+,T-cells,T cells CD4+,T_cells_c1_CD4+_IL7R
CID4535_TACGGGCAGGCCGAAT,CID4535,ER+,T-cells,T cells CD4+,T_cells_c1_CD4+_IL7R
CID4535_ATGAGGGAGTGAAGAG,CID4535,ER+,T-cells,T cells CD4+,T_cells_c1_CD4+_IL7R
CID4535_CTAATGGCATACGCCG,CID4535,ER+,T-cells,T cells CD4+,T_cells_c1_CD4+_IL7R
CID4535_GGGAGATAGCCAACAG,CID4535,ER+,T-cells,T cells CD4+,T_cells_c1_CD4+_IL7R
CID4535_GTCTTCGGTTCAGTAC,CID4535,ER+,T-cells,T cells CD4+,T_cells_c1_CD4+_IL7R
CID4535_AAACCTGCATCAGTCA,CID4535,ER+,T-cells,T cells CD4+,T_cells_c1_CD4+_IL7R
CID4535_AAGCCGCAGACAGAGA,CID4535,ER+,T-cells,T cells CD4+,T_cells_c1_CD4+_IL7R
CID4535_AAGGCAGTCGGCTTGG,CID4535,ER+,T-cells,T cells CD4+,T_cells_c1_CD4+_IL7R
CID4535_ACGCCAGGTAGTACCT,CID4535,ER+,T-cells,T cells CD4+,T_cells_c1_CD4+_IL7R
CID4535_ACGGAGATCACGAAGG,CID4535,ER+,T-cells,T cells CD4+,T_cells_c1_CD4+_IL7R
CID4535_ACTTACTGTGTCAATC,CID4535,ER+,T-cells,T cells CD4+,T_cells_c1_CD4+_IL7R
CID4535_ACTTGTTAGGAGTCTG,CID4535,ER+,T-cells,T cells CD4+,T_cells_c1_CD4+_IL7R
CID4535_ACTTTCAAGTTAAGTG,CID4535,ER+,T-cells,T cells CD4+,T_cells_c1_CD4+_IL7R
CID4535_AGAATAGCAAGGTTCT,CID4535,ER+,T-cells,T cells CD4+,T_cells_c1_CD4+_IL7R
CID4535_AGATTGCCATTCCTCG,CID4535,ER+,T-cells,T cells CD4+,T_cells_c1_CD4+_IL7R
CID4535_AGCGTATGTGTTGAGG,CID4535,ER+,T-cells,T cells CD4+,T_cells_c1_CD4+_IL7R
CID4535_ATCATCTAGCGATATA,CID4535,ER+,T-cells,T cells CD4+,T_cells_c1_CD4+_IL7R
CID4535_CAACCAATCTGTCTCG,CID4535,ER+,T-cells,T cells CD4+,T_cells_c1_CD4+_IL7R
CID4535_CAAGAAAGTCTCTTAT,CID4535,ER+,T-cells,T cells CD4+,T_cells_c1_CD4+_IL7R
CID4535_CAGCTAAAGTGACATA,CID4535,ER+,T-cells,T cells CD4+,T_cells_c1_CD4+_IL7R
CID4535_CAGCTAATCATTATCC,CID4535,ER+,T-cells,T cells CD4+,T_cells_c1_CD4+_IL7R
CID4535_CCACCTACATGAGCGA,CID4535,ER+,T-cells,T cells CD4+,T_cells_c1_CD4+_IL7R
CID4535_CGAGAAGCAAGGACAC,CID4535,ER+,T-cells,T cells CD4+,T_cells_c1_CD4+_IL7R
CID4535_CGTGTAATCAGAGGTG,CID4535,ER+,T-cells,T cells CD4+,T_cells_c1_CD4+_IL7R
CID4535_CGTTCTGCACAGATTC,CID4535,ER+,T-cells,T cells CD4+,T_cells_c1_CD4+_IL7R
CID4535_CTAGAGTCAATCCAAC,CID4535,ER+,T-cells,T cells CD4+,T_cells_c1_CD4+_IL7R
CID4535_CTCGAAAGTCAATACC,CID4535,ER+,T-cells,T cells CD4+,T_cells_c1_CD4+_IL7R
CID4535_CTCGGGACACAGATTC,CID4535,ER+,T-cells,T cells CD4+,T_cells_c1_CD4+_IL7R
CID4535_CTGGTCTAGGCGACAT,CID4535,ER+,T-cells,T cells CD4+,T_cells_c1_CD4+_IL7R
CID4535_CTTAACTTCCCACTTG,CID4535,ER+,T-cells,T cells CD4+,T_cells_c1_CD4+_IL7R
CID4535_CTTCTCTAGGATTCGG,CID4535,ER+,T-cells,T cells CD4+,T_cells_c1_CD4+_IL7R
CID4535_CTTCTCTGTTGTGGAG,CID4535,ER+,T-cells,T cells CD4+,T_cells_c1_CD4+_IL7R
CID4535_GAAATGATCTGTACGA,CID4535,ER+,T-cells,T cells CD4+,T_cells_c1_CD4+_IL7R
CID4535_GACACGCGTTACGGAG,CID4535,ER+,T-cells,T cells CD4+,T_cells_c1_CD4+_IL7R
CID4535_GATGAAAGTAGCTCCG,CID4535,ER+,T-cells,T cells CD4+,T_cells_c1_CD4+_IL7R
CID4535_GCGCAACTCCTAGGGC,CID4535,ER+,T-cells,T cells CD4+,T_cells_c1_CD4+_IL7R
CID4535_GCGGGTTGTCTGGTCG,CID4535,ER+,T-cells,T cells CD4+,T_cells_c1_CD4+_IL7R
CID4535_GGACAAGAGCTAGTGG,CID4535,ER+,T-cells,T cells CD4+,T_cells_c1_CD4+_IL7R
CID4535_GGATGTTAGTCCAGGA,CID4535,ER+,T-cells,T cells CD4+,T_cells_c1_CD4+_IL7R
CID4535_GGCCGATTCGGAAATA,CID4535,ER+,T-cells,T cells CD4+,T_cells_c1_CD4+_IL7R
CID4535_GTCCTCAAGTCCTCCT,CID4535,ER+,T-cells,T cells CD4+,T_cells_c1_CD4+_IL7R
CID4535_GTCTCGTGTATTCGTG,CID4535,ER+,T-cells,T cells CD4+,T_cells_c1_CD4+_IL7R
CID4535_GTGCGGTAGTTTCCTT,CID4535,ER+,T-cells,T cells CD4+,T_cells_c1_CD4+_IL7R
CID4535_TACAGTGTCTAACCGA,CID4535,ER+,T-cells,T cells CD4+,T_cells_c1_CD4+_IL7R
CID4535_TACTTGTTCTAAGCCA,CID4535,ER+,T-cells,T cells CD4+,T_cells_c1_CD4+_IL7R
CID4535_TCAACGAAGGACATTA,CID4535,ER+,T-cells,T cells CD4+,T_cells_c1_CD4+_IL7R
CID4535_TCAATCTTCTCTGCTG,CID4535,ER+,T-cells,T cells CD4+,T_cells_c1_CD4+_IL7R
CID4535_TCAGGTAGTGCTAGCC,CID4535,ER+,T-cells,T cells CD4+,T_cells_c1_CD4+_IL7R
CID4535_TCATTACGTACAAGTA,CID4535,ER+,T-cells,T cells CD4+,T_cells_c1_CD4+_IL7R
CID4535_TCATTTGGTCGCTTTC,CID4535,ER+,T-cells,T cells CD4+,T_cells_c1_CD4+_IL7R
CID4535_TCGGTAAGTGTTGAGG,CID4535,ER+,T-cells,T cells CD4+,T_cells_c1_CD4+_IL7R
CID4535_TGACAACTCACTGGGC,CID4535,ER+,T-cells,T cells CD4+,T_cells_c1_CD4+_IL7R
CID4535_TGACGGCTCACATGCA,CID4535,ER+,T-cells,T cells CD4+,T_cells_c1_CD4+_IL7R
CID4535_TGAGGGAGTTAGAACA,CID4535,ER+,T-cells,T cells CD4+,T_cells_c1_CD4+_IL7R
CID4535_TGCCCTATCGCATGAT,CID4535,ER+,T-cells,T cells CD4+,T_cells_c1_CD4+_IL7R
CID4535_TGGCTGGGTTCCCTTG,CID4535,ER+,T-cells,T cells CD4+,T_cells_c1_CD4+_IL7R
CID4535_TGTATTCTCGCGTTTC,CID4535,ER+,T-cells,T cells CD4+,T_cells_c1_CD4+_IL7R
CID4535_TGTCCCACAATCTGCA,CID4535,ER+,T-cells,T cells CD4+,T_cells_c1_CD4+_IL7R
CID4535_TTGCGTCTCCACGAAT,CID4535,ER+,T-cells,T cells CD4+,T_cells_c1_CD4+_IL7R
CID4535_TTTGGTTTCACTTATC,CID4535,ER+,T-cells,T cells CD4+,T_cells_c1_CD4+_IL7R
CID4535_CTAGCCTAGCCTTGAT,CID4535,ER+,T-cells,T cells CD4+,T_cells_c1_CD4+_IL7R
CID4535_TGTGTTTGTATATGAG,CID4535,ER+,T-cells,T cells CD4+,T_cells_c1_CD4+_IL7R
CID4535_ACCTTTAGTCTCCCTA,CID4535,ER+,T-cells,T cells CD4+,T_cells_c1_CD4+_IL7R
CID4535_CCCAGTTAGGCAGGTT,CID4535,ER+,T-cells,T cells CD4+,T_cells_c1_CD4+_IL7R
CID4535_CTCGAGGGTAGCGTGA,CID4535,ER+,T-cells,T cells CD4+,T_cells_c1_CD4+_IL7R
CID4535_GTGCGGTGTCTTGCGG,CID4535,ER+,T-cells,T cells CD4+,T_cells_c1_CD4+_IL7R
CID4535_GCTTGAACAATGGACG,CID4535,ER+,T-cells,T cells CD4+,T_cells_c1_CD4+_IL7R
CID4535_AACACGTAGATAGGAG,CID4535,ER+,T-cells,T cells CD4+,T_cells_c1_CD4+_IL7R
CID4535_AACTCAGAGATTACCC,CID4535,ER+,T-cells,T cells CD4+,T_cells_c1_CD4+_IL7R
CID4535_AACTTTCTCCACGCAG,CID4535,ER+,T-cells,T cells CD4+,T_cells_c1_CD4+_IL7R
CID4535_ACAGCCGGTGTTTGGT,CID4535,ER+,T-cells,T cells CD4+,T_cells_c1_CD4+_IL7R
CID4535_ACGTCAATCTGTCCGT,CID4535,ER+,T-cells,T cells CD4+,T_cells_c1_CD4+_IL7R
CID4535_ACTGAACGTTCAGCGC,CID4535,ER+,T-cells,T cells CD4+,T_cells_c1_CD4+_IL7R
CID4535_CAACCAACACAACGCC,CID4535,ER+,T-cells,T cells CD4+,T_cells_c1_CD4+_IL7R
CID4535_CAACCTCGTGTCAATC,CID4535,ER+,T-cells,T cells CD4+,T_cells_c1_CD4+_IL7R
CID4535_CAGATCAGTTCGTTGA,CID4535,ER+,T-cells,T cells CD4+,T_cells_c1_CD4+_IL7R
CID4535_CAGCCGACACAGGTTT,CID4535,ER+,T-cells,T cells CD4+,T_cells_c1_CD4+_IL7R
CID4535_CAGGTGCAGCAAATCA,CID4535,ER+,T-cells,T cells CD4+,T_cells_c1_CD4+_IL7R
CID4535_CCATTCGTCGTGGGAA,CID4535,ER+,T-cells,T cells CD4+,T_cells_c1_CD4+_IL7R
CID4535_CGAGCCATCCGGCACA,CID4535,ER+,T-cells,T cells CD4+,T_cells_c1_CD4+_IL7R
CID4535_CGGACACTCATTATCC,CID4535,ER+,T-cells,T cells CD4+,T_cells_c1_CD4+_IL7R
CID4535_CGGGTCAGTTGCGTTA,CID4535,ER+,T-cells,T cells CD4+,T_cells_c1_CD4+_IL7R
CID4535_CGTAGCGAGCTAGTTC,CID4535,ER+,T-cells,T cells CD4+,T_cells_c1_CD4+_IL7R
CID4535_CTAATGGCATACTACG,CID4535,ER+,T-cells,T cells CD4+,T_cells_c1_CD4+_IL7R
CID4535_CTACATTCAAAGTCAA,CID4535,ER+,T-cells,T cells CD4+,T_cells_c1_CD4+_IL7R
CID4535_CTCGAAATCACGATGT,CID4535,ER+,T-cells,T cells CD4+,T_cells_c1_CD4+_IL7R
CID4535_CTCGTCATCAGCTCTC,CID4535,ER+,T-cells,T cells CD4+,T_cells_c1_CD4+_IL7R
CID4535_CTGAAGTTCCGGCACA,CID4535,ER+,T-cells,T cells CD4+,T_cells_c1_CD4+_IL7R
CID4535_GACCAATCAGCATACT,CID4535,ER+,T-cells,T cells CD4+,T_cells_c1_CD4+_IL7R
CID4535_GATGAAACAGCTTCGG,CID4535,ER+,T-cells,T cells CD4+,T_cells_c1_CD4+_IL7R
CID4535_GCGCGATCATAGGATA,CID4535,ER+,T-cells,T cells CD4+,T_cells_c1_CD4+_IL7R
CID4535_GGACATTGTTAAAGTG,CID4535,ER+,T-cells,T cells CD4+,T_cells_c1_CD4+_IL7R
CID4535_GGAGCAACAGGCAGTA,CID4535,ER+,T-cells,T cells CD4+,T_cells_c1_CD4+_IL7R
CID4535_GGCAATTGTTTACTCT,CID4535,ER+,T-cells,T cells CD4+,T_cells_c1_CD4+_IL7R
CID4535_GGGACCTTCTCAACTT,CID4535,ER+,T-cells,T cells CD4+,T_cells_c1_CD4+_IL7R
CID4535_GGTATTGTCCAGGGCT,CID4535,ER+,T-cells,T cells CD4+,T_cells_c1_CD4+_IL7R
CID4535_GTCTCGTGTAACGACG,CID4535,ER+,T-cells,T cells CD4+,T_cells_c1_CD4+_IL7R
CID4535_GTTACAGCATGTCCTC,CID4535,ER+,T-cells,T cells CD4+,T_cells_c1_CD4+_IL7R
CID4535_TACACGATCCAGTAGT,CID4535,ER+,T-cells,T cells CD4+,T_cells_c1_CD4+_IL7R
CID4535_TCAGGTAAGGGATACC,CID4535,ER+,T-cells,T cells CD4+,T_cells_c1_CD4+_IL7R
CID4535_TGCACCTCATGCATGT,CID4535,ER+,T-cells,T cells CD4+,T_cells_c1_CD4+_IL7R
CID4535_TTAGTTCTCGTTTATC,CID4535,ER+,T-cells,T cells CD4+,T_cells_c1_CD4+_IL7R
CID4535_TTCTTAGAGTTGCAGG,CID4535,ER+,T-cells,T cells CD4+,T_cells_c1_CD4+_IL7R
CID4535_TTGAACGAGCACACAG,CID4535,ER+,T-cells,T cells CD4+,T_cells_c1_CD4+_IL7R
CID4535_AAGGAGCTCATTGCGA,CID4535,ER+,T-cells,T cells CD4+,T_cells_c1_CD4+_IL7R
CID4535_ACGGGTCTCTTGCCGT,CID4535,ER+,T-cells,T cells CD4+,T_cells_c1_CD4+_IL7R
CID4535_ATTACTCCAACAACCT,CID4535,ER+,T-cells,T cells CD4+,T_cells_c1_CD4+_IL7R
CID4535_CTCGGGAAGGCGATAC,CID4535,ER+,T-cells,T cells CD4+,T_cells_c1_CD4+_IL7R
CID4535_GATCGATTCCCAGGTG,CID4535,ER+,T-cells,T cells CD4+,T_cells_c1_CD4+_IL7R
CID4535_TAGGCATCACCATGTA,CID4535,ER+,T-cells,T cells CD4+,T_cells_c1_CD4+_IL7R
CID4535_CACAAACCAGTGGGAT,CID4535,ER+,T-cells,T cells CD4+,T_cells_c1_CD4+_IL7R
CID4535_CTCACACTCCATTCTA,CID4535,ER+,T-cells,T cells CD4+,T_cells_c1_CD4+_IL7R
CID4535_CTGATCCAGCGTGAAC,CID4535,ER+,T-cells,T cells CD4+,T_cells_c1_CD4+_IL7R
CID4535_TGGTTAGAGCTCTCGG,CID4535,ER+,T-cells,T cells CD4+,T_cells_c1_CD4+_IL7R
CID4535_CACACCTCACCCTATC,CID4535,ER+,T-cells,T cells CD4+,T_cells_c1_CD4+_IL7R
CID4535_TAGAGCTAGTGCGTGA,CID4535,ER+,T-cells,T cells CD4+,T_cells_c1_CD4+_IL7R
CID4535_GAAGCAGAGATCTGAA,CID4535,ER+,T-cells,T cells CD4+,T_cells_c1_CD4+_IL7R
CID4535_GGCGTGTTCATATCGG,CID4535,ER+,T-cells,T cells CD4+,T_cells_c1_CD4+_IL7R
CID4535_CGGAGCTGTGTTGAGG,CID4535,ER+,T-cells,T cells CD4+,T_cells_c1_CD4+_IL7R
CID4535_AAATGCCGTGTGCGTC,CID4535,ER+,T-cells,T cells CD4+,T_cells_c1_CD4+_IL7R
CID4535_CTCTAATGTAAGCACG,CID4535,ER+,T-cells,T cells CD4+,T_cells_c1_CD4+_IL7R
CID4535_CACAGTACATCCGTGG,CID4535,ER+,T-cells,T cells CD4+,T_cells_c1_CD4+_IL7R
CID4535_GGCGACTTCAACACTG,CID4535,ER+,T-cells,T cells CD4+,T_cells_c2_CD4+_T-regs_FOXP3
CID4535_CATCAAGTCGAATGCT,CID4535,ER+,T-cells,T cells CD4+,T_cells_c2_CD4+_T-regs_FOXP3
CID4535_AAGCCGCCATCAGTAC,CID4535,ER+,T-cells,T cells CD4+,T_cells_c2_CD4+_T-regs_FOXP3
CID4535_AAGGCAGAGTTATCGC,CID4535,ER+,T-cells,T cells CD4+,T_cells_c2_CD4+_T-regs_FOXP3
CID4535_ACCTTTATCAGCATGT,CID4535,ER+,T-cells,T cells CD4+,T_cells_c2_CD4+_T-regs_FOXP3
CID4535_ACGATGTGTACTTCTT,CID4535,ER+,T-cells,T cells CD4+,T_cells_c2_CD4+_T-regs_FOXP3
CID4535_ACTGAGTCAGGAATCG,CID4535,ER+,T-cells,T cells CD4+,T_cells_c2_CD4+_T-regs_FOXP3
CID4535_AGATCTGTCGTCCAGG,CID4535,ER+,T-cells,T cells CD4+,T_cells_c2_CD4+_T-regs_FOXP3
CID4535_AGGCCACCACCAACCG,CID4535,ER+,T-cells,T cells CD4+,T_cells_c2_CD4+_T-regs_FOXP3
CID4535_CAGCTGGTCAGCTCTC,CID4535,ER+,T-cells,T cells CD4+,T_cells_c2_CD4+_T-regs_FOXP3
CID4535_CCGGGATAGGTGCTTT,CID4535,ER+,T-cells,T cells CD4+,T_cells_c2_CD4+_T-regs_FOXP3
CID4535_CCGTTCATCAGGCGAA,CID4535,ER+,T-cells,T cells CD4+,T_cells_c2_CD4+_T-regs_FOXP3
CID4535_CCTTACGAGACAAGCC,CID4535,ER+,T-cells,T cells CD4+,T_cells_c2_CD4+_T-regs_FOXP3
CID4535_CGCTATCAGAGCTGGT,CID4535,ER+,T-cells,T cells CD4+,T_cells_c2_CD4+_T-regs_FOXP3
CID4535_CGGCTAGGTTCGTTGA,CID4535,ER+,T-cells,T cells CD4+,T_cells_c2_CD4+_T-regs_FOXP3
CID4535_CGTAGGCGTGCTAGCC,CID4535,ER+,T-cells,T cells CD4+,T_cells_c2_CD4+_T-regs_FOXP3
CID4535_CGTGAGCGTCGCATAT,CID4535,ER+,T-cells,T cells CD4+,T_cells_c2_CD4+_T-regs_FOXP3
CID4535_CTGCTGTTCTGCAAGT,CID4535,ER+,T-cells,T cells CD4+,T_cells_c2_CD4+_T-regs_FOXP3
CID4535_GCATGCGTCCTAGAAC,CID4535,ER+,T-cells,T cells CD4+,T_cells_c2_CD4+_T-regs_FOXP3
CID4535_GGCCGATCAGCTATTG,CID4535,ER+,T-cells,T cells CD4+,T_cells_c2_CD4+_T-regs_FOXP3
CID4535_GGCTGGTGTATAGTAG,CID4535,ER+,T-cells,T cells CD4+,T_cells_c2_CD4+_T-regs_FOXP3
CID4535_GTCGGGTTCTTAGAGC,CID4535,ER+,T-cells,T cells CD4+,T_cells_c2_CD4+_T-regs_FOXP3
CID4535_GTTCGGGAGTAGTGCG,CID4535,ER+,T-cells,T cells CD4+,T_cells_c2_CD4+_T-regs_FOXP3
CID4535_TAAGCGTAGACAATAC,CID4535,ER+,T-cells,T cells CD4+,T_cells_c2_CD4+_T-regs_FOXP3
CID4535_TATCTCAGTTGAGGTG,CID4535,ER+,T-cells,T cells CD4+,T_cells_c2_CD4+_T-regs_FOXP3
CID4535_TCAGATGTCTATCGCC,CID4535,ER+,T-cells,T cells CD4+,T_cells_c2_CD4+_T-regs_FOXP3
CID4535_TCTATTGCAGCTGCTG,CID4535,ER+,T-cells,T cells CD4+,T_cells_c2_CD4+_T-regs_FOXP3
CID4535_TGGCTGGTCTCTTATG,CID4535,ER+,T-cells,T cells CD4+,T_cells_c2_CD4+_T-regs_FOXP3
CID4535_TGGGAAGGTTGTTTGG,CID4535,ER+,T-cells,T cells CD4+,T_cells_c2_CD4+_T-regs_FOXP3
CID4535_TTAGGCATCTTGAGGT,CID4535,ER+,T-cells,T cells CD4+,T_cells_c2_CD4+_T-regs_FOXP3
CID4535_TTGGCAACAATCGAAA,CID4535,ER+,T-cells,T cells CD4+,T_cells_c2_CD4+_T-regs_FOXP3
CID4535_AAACCTGAGCACCGCT,CID4535,ER+,T-cells,T cells CD4+,T_cells_c3_CD4+_Tfh_CXCL13
CID4535_AAACGGGCATTACCTT,CID4535,ER+,T-cells,T cells CD4+,T_cells_c3_CD4+_Tfh_CXCL13
CID4535_AAGACCTGTAAATACG,CID4535,ER+,T-cells,T cells CD4+,T_cells_c3_CD4+_Tfh_CXCL13
CID4535_AAGCCGCTCGAACGGA,CID4535,ER+,T-cells,T cells CD4+,T_cells_c3_CD4+_Tfh_CXCL13
CID4535_ATCTGCCCAATACGCT,CID4535,ER+,T-cells,T cells CD4+,T_cells_c3_CD4+_Tfh_CXCL13
CID4535_ATGAGGGAGCTATGCT,CID4535,ER+,T-cells,T cells CD4+,T_cells_c3_CD4+_Tfh_CXCL13
CID4535_CATGGCGAGAGGTTAT,CID4535,ER+,T-cells,T cells CD4+,T_cells_c3_CD4+_Tfh_CXCL13
CID4535_CCATGTCCACCACGTG,CID4535,ER+,T-cells,T cells CD4+,T_cells_c3_CD4+_Tfh_CXCL13
CID4535_CCTATTATCATTATCC,CID4535,ER+,T-cells,T cells CD4+,T_cells_c3_CD4+_Tfh_CXCL13
CID4535_CGAACATGTTCAGCGC,CID4535,ER+,T-cells,T cells CD4+,T_cells_c3_CD4+_Tfh_CXCL13
CID4535_GAACCTATCTCAACTT,CID4535,ER+,T-cells,T cells CD4+,T_cells_c3_CD4+_Tfh_CXCL13
CID4535_GATCAGTAGACTGTAA,CID4535,ER+,T-cells,T cells CD4+,T_cells_c3_CD4+_Tfh_CXCL13
CID4535_GGACAAGTCTTAGCCC,CID4535,ER+,T-cells,T cells CD4+,T_cells_c3_CD4+_Tfh_CXCL13
CID4535_GTGCATAGTGTTTGTG,CID4535,ER+,T-cells,T cells CD4+,T_cells_c3_CD4+_Tfh_CXCL13
CID4535_TCGAGGCCATTACCTT,CID4535,ER+,T-cells,T cells CD4+,T_cells_c3_CD4+_Tfh_CXCL13
CID4535_TTAGGCACAAGCCTAT,CID4535,ER+,T-cells,T cells CD4+,T_cells_c3_CD4+_Tfh_CXCL13
CID4535_TTGAACGTCAGTTCGA,CID4535,ER+,T-cells,T cells CD4+,T_cells_c3_CD4+_Tfh_CXCL13
CID4535_ACTTACTTCCGTAGGC,CID4535,ER+,T-cells,T cells CD4+,T_cells_c3_CD4+_Tfh_CXCL13
CID4535_GAACCTACATGCATGT,CID4535,ER+,T-cells,T cells CD4+,T_cells_c3_CD4+_Tfh_CXCL13
CID4535_AACTTTCGTCTAGCGC,CID4535,ER+,T-cells,NK cells,T_cells_c9_NK_cells_AREG
CID4535_ACATCAGGTCAACATC,CID4535,ER+,T-cells,NK cells,T_cells_c9_NK_cells_AREG
CID4535_AGCATACGTCACAAGG,CID4535,ER+,T-cells,NK cells,T_cells_c9_NK_cells_AREG
CID4535_ATAGACCGTGTGGTTT,CID4535,ER+,T-cells,NK cells,T_cells_c9_NK_cells_AREG
CID4535_ATCTGCCAGACAGACC,CID4535,ER+,T-cells,NK cells,T_cells_c9_NK_cells_AREG
CID4535_ATGTGTGTCTTGAGGT,CID4535,ER+,T-cells,NK cells,T_cells_c9_NK_cells_AREG
CID4535_ATTTCTGTCACCATAG,CID4535,ER+,T-cells,NK cells,T_cells_c9_NK_cells_AREG
CID4535_CAAGATCGTGCAACGA,CID4535,ER+,T-cells,NK cells,T_cells_c9_NK_cells_AREG
CID4535_CACAGTATCGAACTGT,CID4535,ER+,T-cells,NK cells,T_cells_c9_NK_cells_AREG
CID4535_CAGAGAGAGGGATCTG,CID4535,ER+,T-cells,NK cells,T_cells_c9_NK_cells_AREG
CID4535_CGACCTTAGACATAAC,CID4535,ER+,T-cells,NK cells,T_cells_c9_NK_cells_AREG
CID4535_CGATTGATCCATGAAC,CID4535,ER+,T-cells,NK cells,T_cells_c9_NK_cells_AREG
CID4535_CGGACACGTGTGAATA,CID4535,ER+,T-cells,NK cells,T_cells_c9_NK_cells_AREG
CID4535_CGGACTGCATTCACTT,CID4535,ER+,T-cells,NK cells,T_cells_c9_NK_cells_AREG
CID4535_CGGGTCACACGCCAGT,CID4535,ER+,T-cells,NK cells,T_cells_c9_NK_cells_AREG
CID4535_CGTCTACCACGGATAG,CID4535,ER+,T-cells,NK cells,T_cells_c9_NK_cells_AREG
CID4535_CGTGAGCGTCCGACGT,CID4535,ER+,T-cells,NK cells,T_cells_c9_NK_cells_AREG
CID4535_GATCGATGTGTGGTTT,CID4535,ER+,T-cells,NK cells,T_cells_c9_NK_cells_AREG
CID4535_GCACATATCAGGCGAA,CID4535,ER+,T-cells,NK cells,T_cells_c9_NK_cells_AREG
CID4535_GCATGATGTAGCGTCC,CID4535,ER+,T-cells,NK cells,T_cells_c9_NK_cells_AREG
CID4535_GGGTTGCCAATGACCT,CID4535,ER+,T-cells,NK cells,T_cells_c9_NK_cells_AREG
CID4535_TATCTCAAGTGTGAAT,CID4535,ER+,T-cells,NK cells,T_cells_c9_NK_cells_AREG
CID4535_TCGCGTTGTTCGGGCT,CID4535,ER+,T-cells,NK cells,T_cells_c9_NK_cells_AREG
CID4535_TCTTCGGAGACTGGGT,CID4535,ER+,T-cells,NK cells,T_cells_c9_NK_cells_AREG
CID4535_TGAGCCGAGCTCAACT,CID4535,ER+,T-cells,NK cells,T_cells_c9_NK_cells_AREG
CID4535_AGTGGGACATTCCTGC,CID4535,ER+,T-cells,Cycling T-cells,T_cells_c11_MKI67
CID4535_ATAAGAGGTGAAGGCT,CID4535,ER+,T-cells,Cycling T-cells,T_cells_c11_MKI67
CID4535_GGTGCGTAGCGGATCA,CID4535,ER+,T-cells,Cycling T-cells,T_cells_c11_MKI67
CID4535_TCAGGTATCGCGGATC,CID4535,ER+,T-cells,Cycling T-cells,T_cells_c11_MKI67
CID4535_AACTGGTCAAGTCTGT,CID4535,ER+,T-cells,Cycling T-cells,T_cells_c11_MKI67
CID4535_AAGTCTGCACTGCCAG,CID4535,ER+,T-cells,Cycling T-cells,T_cells_c11_MKI67
CID4535_ACAGCCGGTTCGAATC,CID4535,ER+,T-cells,Cycling T-cells,T_cells_c11_MKI67
CID4535_ACCAGTAGTTCCCGAG,CID4535,ER+,T-cells,Cycling T-cells,T_cells_c11_MKI67
CID4535_ACTTACTGTCCAAGTT,CID4535,ER+,T-cells,Cycling T-cells,T_cells_c11_MKI67
CID4535_ACTTACTGTCGCGGTT,CID4535,ER+,T-cells,Cycling T-cells,T_cells_c11_MKI67
CID4535_AGAGTGGAGTCGAGTG,CID4535,ER+,T-cells,Cycling T-cells,T_cells_c11_MKI67
CID4535_CATCCACAGGCATGTG,CID4535,ER+,T-cells,Cycling T-cells,T_cells_c11_MKI67
CID4535_CCTAAAGAGTGGACGT,CID4535,ER+,T-cells,Cycling T-cells,T_cells_c11_MKI67
CID4535_CCTAGCTCACTGAAGG,CID4535,ER+,T-cells,Cycling T-cells,T_cells_c11_MKI67
CID4535_GAACGGATCAAACAAG,CID4535,ER+,T-cells,Cycling T-cells,T_cells_c11_MKI67
CID4535_GGGATGAGTAGGGTAC,CID4535,ER+,T-cells,Cycling T-cells,T_cells_c11_MKI67
CID4535_GGTGCGTTCCTTCAAT,CID4535,ER+,T-cells,Cycling T-cells,T_cells_c11_MKI67
CID4535_TGCGGGTGTAACGACG,CID4535,ER+,T-cells,Cycling T-cells,T_cells_c11_MKI67
CID4535_TTTCCTCGTCAGCTAT,CID4535,ER+,T-cells,Cycling T-cells,T_cells_c11_MKI67
CID4535_ATTCTACAGGACTGGT,CID4535,ER+,T-cells,NKT cells,T_cells_c10_NKT_cells_FCGR3A
CID4535_ACGCCGAGTGAGTATA,CID4535,ER+,T-cells,NKT cells,T_cells_c10_NKT_cells_FCGR3A
CID4535_AGGGTGATCGTTTAGG,CID4535,ER+,T-cells,NKT cells,T_cells_c10_NKT_cells_FCGR3A
CID4535_ATTATCCTCATTGCCC,CID4535,ER+,T-cells,NKT cells,T_cells_c10_NKT_cells_FCGR3A
CID4535_CCTACACAGCAATCTC,CID4535,ER+,T-cells,NKT cells,T_cells_c10_NKT_cells_FCGR3A
CID4535_CCTCTGAAGAGCTGCA,CID4535,ER+,T-cells,NKT cells,T_cells_c10_NKT_cells_FCGR3A
CID4535_CGCTTCATCATGCAAC,CID4535,ER+,T-cells,NKT cells,T_cells_c10_NKT_cells_FCGR3A
CID4535_CTTACCGGTCCAGTTA,CID4535,ER+,T-cells,NKT cells,T_cells_c10_NKT_cells_FCGR3A
CID4535_GACAGAGCAGCTTCGG,CID4535,ER+,T-cells,NKT cells,T_cells_c10_NKT_cells_FCGR3A
CID4535_GGAAAGCTCGGCGGTT,CID4535,ER+,T-cells,NKT cells,T_cells_c10_NKT_cells_FCGR3A
CID4535_GTACTTTGTTTGCATG,CID4535,ER+,T-cells,NKT cells,T_cells_c10_NKT_cells_FCGR3A
CID4535_TAGGCATAGTCAAGGC,CID4535,ER+,T-cells,NKT cells,T_cells_c10_NKT_cells_FCGR3A
CID4535_TGCCCTACATGGTCTA,CID4535,ER+,T-cells,NKT cells,T_cells_c10_NKT_cells_FCGR3A
CID4535_TGGCCAGAGTAGGCCA,CID4535,ER+,T-cells,NKT cells,T_cells_c10_NKT_cells_FCGR3A
CID4535_TTGTAGGGTAAACACA,CID4535,ER+,T-cells,NKT cells,T_cells_c10_NKT_cells_FCGR3A
CID4535_GCGACCATCTTGTTTG,CID4535,ER+,Myeloid,Macrophage,Myeloid_c10_Macrophage_1_EGR1
CID4535_TAGTTGGAGGGCTTGA,CID4535,ER+,Myeloid,Macrophage,Myeloid_c10_Macrophage_1_EGR1
CID4535_CATGACAAGGGCACTA,CID4535,ER+,Myeloid,Macrophage,Myeloid_c10_Macrophage_1_EGR1
CID4535_CATTATCTCGATCCCT,CID4535,ER+,Myeloid,Macrophage,Myeloid_c10_Macrophage_1_EGR1
CID4535_CCTTCCCGTTCGAATC,CID4535,ER+,Myeloid,Macrophage,Myeloid_c10_Macrophage_1_EGR1
CID4535_CGAACATGTAGCAAAT,CID4535,ER+,Myeloid,Macrophage,Myeloid_c10_Macrophage_1_EGR1
CID4535_CGTAGGCAGTATTGGA,CID4535,ER+,Myeloid,Macrophage,Myeloid_c10_Macrophage_1_EGR1
CID4535_CGTTGGGAGCCGTCGT,CID4535,ER+,Myeloid,Macrophage,Myeloid_c10_Macrophage_1_EGR1
CID4535_GGACGTCAGTTCGCGC,CID4535,ER+,Myeloid,Macrophage,Myeloid_c10_Macrophage_1_EGR1
CID4535_GGGTTGCCACAACGTT,CID4535,ER+,Myeloid,Macrophage,Myeloid_c10_Macrophage_1_EGR1
CID4535_GTCCTCACAAAGGCGT,CID4535,ER+,Myeloid,Macrophage,Myeloid_c10_Macrophage_1_EGR1
CID4535_TACGGTATCCTTAATC,CID4535,ER+,Myeloid,Macrophage,Myeloid_c10_Macrophage_1_EGR1
CID4535_TATCAGGTCTCCAACC,CID4535,ER+,Myeloid,Macrophage,Myeloid_c10_Macrophage_1_EGR1
CID4535_TCGGTAAAGATTACCC,CID4535,ER+,Myeloid,Macrophage,Myeloid_c10_Macrophage_1_EGR1
CID4535_TTGCCGTGTCTAGCGC,CID4535,ER+,Myeloid,Macrophage,Myeloid_c10_Macrophage_1_EGR1
CID4535_CACTCCACATCCAACA,CID4535,ER+,Myeloid,Macrophage,Myeloid_c10_Macrophage_1_EGR1
CID4535_CAGCTGGAGAAGGACA,CID4535,ER+,Myeloid,Macrophage,Myeloid_c10_Macrophage_1_EGR1
CID4535_GTCATTTAGACTGTAA,CID4535,ER+,Myeloid,Macrophage,Myeloid_c10_Macrophage_1_EGR1
CID4535_ACTTGTTGTTGTTTGG,CID4535,ER+,Myeloid,Macrophage,Myeloid_c10_Macrophage_1_EGR1
CID4535_CAAGATCCAGCCTTGG,CID4535,ER+,Myeloid,Macrophage,Myeloid_c10_Macrophage_1_EGR1
CID4535_CCCAGTTCAAGAAGAG,CID4535,ER+,Myeloid,Macrophage,Myeloid_c10_Macrophage_1_EGR1
CID4535_CCCTCCTAGTTCGATC,CID4535,ER+,Myeloid,Macrophage,Myeloid_c10_Macrophage_1_EGR1
CID4535_CCGTACTCATCCGCGA,CID4535,ER+,Myeloid,Macrophage,Myeloid_c10_Macrophage_1_EGR1
CID4535_CTGATCCAGGCATTGG,CID4535,ER+,Myeloid,Macrophage,Myeloid_c10_Macrophage_1_EGR1
CID4535_GGACAGAGTCAGTGGA,CID4535,ER+,Myeloid,Macrophage,Myeloid_c10_Macrophage_1_EGR1
CID4535_GGGCATCTCGTCCGTT,CID4535,ER+,Myeloid,Macrophage,Myeloid_c10_Macrophage_1_EGR1
CID4535_GTACTTTGTACAGACG,CID4535,ER+,Myeloid,Macrophage,Myeloid_c10_Macrophage_1_EGR1
CID4535_GTCACAAAGGAACTGC,CID4535,ER+,Myeloid,Macrophage,Myeloid_c10_Macrophage_1_EGR1
CID4535_TGCACCTTCCTTGGTC,CID4535,ER+,Myeloid,Macrophage,Myeloid_c10_Macrophage_1_EGR1
CID4535_AAAGCAACAGCTCGAC,CID4535,ER+,Myeloid,Monocyte,Myeloid_c12_Monocyte_1_IL1B
CID4535_AACCATGGTCACTTCC,CID4535,ER+,Myeloid,Monocyte,Myeloid_c12_Monocyte_1_IL1B
CID4535_AACCGCGAGGAGCGAG,CID4535,ER+,Myeloid,Monocyte,Myeloid_c12_Monocyte_1_IL1B
CID4535_ACACCCTGTACCTACA,CID4535,ER+,Myeloid,Monocyte,Myeloid_c12_Monocyte_1_IL1B
CID4535_ACCAGTATCTCGGACG,CID4535,ER+,Myeloid,Monocyte,Myeloid_c12_Monocyte_1_IL1B
CID4535_ACCCACTTCTTTCCTC,CID4535,ER+,Myeloid,Monocyte,Myeloid_c12_Monocyte_1_IL1B
CID4535_ACGGGTCCACGGATAG,CID4535,ER+,Myeloid,Monocyte,Myeloid_c12_Monocyte_1_IL1B
CID4535_AGCAGCCCAAGCTGTT,CID4535,ER+,Myeloid,Monocyte,Myeloid_c12_Monocyte_1_IL1B
CID4535_AGCTCTCGTGAGGGTT,CID4535,ER+,Myeloid,Monocyte,Myeloid_c12_Monocyte_1_IL1B
CID4535_ATGAGGGTCTCAACTT,CID4535,ER+,Myeloid,Monocyte,Myeloid_c12_Monocyte_1_IL1B
CID4535_ATTCTACCAGGACGTA,CID4535,ER+,Myeloid,Monocyte,Myeloid_c12_Monocyte_1_IL1B
CID4535_CAACCTCAGTCGATAA,CID4535,ER+,Myeloid,Monocyte,Myeloid_c12_Monocyte_1_IL1B
CID4535_CACCACTCAGACGCCT,CID4535,ER+,Myeloid,Monocyte,Myeloid_c12_Monocyte_1_IL1B
CID4535_CAGCGACGTCGGGTCT,CID4535,ER+,Myeloid,Monocyte,Myeloid_c12_Monocyte_1_IL1B
CID4535_CAGTAACGTTACCAGT,CID4535,ER+,Myeloid,Monocyte,Myeloid_c12_Monocyte_1_IL1B
CID4535_CATGACACAGTGACAG,CID4535,ER+,Myeloid,Monocyte,Myeloid_c12_Monocyte_1_IL1B
CID4535_CGATGTAAGTTCCACA,CID4535,ER+,Myeloid,Monocyte,Myeloid_c12_Monocyte_1_IL1B
CID4535_CTACGTCAGGTGACCA,CID4535,ER+,Myeloid,Monocyte,Myeloid_c12_Monocyte_1_IL1B
CID4535_CTCACACAGGCATGGT,CID4535,ER+,Myeloid,Monocyte,Myeloid_c12_Monocyte_1_IL1B
CID4535_CTCGAAAAGTTGTAGA,CID4535,ER+,Myeloid,Monocyte,Myeloid_c12_Monocyte_1_IL1B
CID4535_CTCGAAACAATCCAAC,CID4535,ER+,Myeloid,Monocyte,Myeloid_c12_Monocyte_1_IL1B
CID4535_CTCGAGGCACGGTAGA,CID4535,ER+,Myeloid,Monocyte,Myeloid_c12_Monocyte_1_IL1B
CID4535_CTCGGAGCAGCGATCC,CID4535,ER+,Myeloid,Monocyte,Myeloid_c12_Monocyte_1_IL1B
CID4535_CTGATAGTCTGTACGA,CID4535,ER+,Myeloid,Monocyte,Myeloid_c12_Monocyte_1_IL1B
CID4535_CTGCTGTAGCGTGAAC,CID4535,ER+,Myeloid,Monocyte,Myeloid_c12_Monocyte_1_IL1B
CID4535_CTTAACTGTACCGAGA,CID4535,ER+,Myeloid,Monocyte,Myeloid_c12_Monocyte_1_IL1B
CID4535_GCTGCGACATTCTCAT,CID4535,ER+,Myeloid,Monocyte,Myeloid_c12_Monocyte_1_IL1B
CID4535_GCTGCTTTCATCTGCC,CID4535,ER+,Myeloid,Monocyte,Myeloid_c12_Monocyte_1_IL1B
CID4535_GGGCATCAGTCGCCGT,CID4535,ER+,Myeloid,Monocyte,Myeloid_c12_Monocyte_1_IL1B
CID4535_GTTCGGGTCGCCAAAT,CID4535,ER+,Myeloid,Monocyte,Myeloid_c12_Monocyte_1_IL1B
CID4535_TACGGTAAGGTAGCCA,CID4535,ER+,Myeloid,Monocyte,Myeloid_c12_Monocyte_1_IL1B
CID4535_TACGGTACATTTCACT,CID4535,ER+,Myeloid,Monocyte,Myeloid_c12_Monocyte_1_IL1B
CID4535_TATCTCAGTTGAACTC,CID4535,ER+,Myeloid,Monocyte,Myeloid_c12_Monocyte_1_IL1B
CID4535_TCGAGGCAGTGAACGC,CID4535,ER+,Myeloid,Monocyte,Myeloid_c12_Monocyte_1_IL1B
CID4535_TGAAAGAGTATTAGCC,CID4535,ER+,Myeloid,Monocyte,Myeloid_c12_Monocyte_1_IL1B
CID4535_TGAGGGACAGCTATTG,CID4535,ER+,Myeloid,Monocyte,Myeloid_c12_Monocyte_1_IL1B
CID4535_TGATTTCGTACTCTCC,CID4535,ER+,Myeloid,Monocyte,Myeloid_c12_Monocyte_1_IL1B
CID4535_TGCCAAAAGGACTGGT,CID4535,ER+,Myeloid,Monocyte,Myeloid_c12_Monocyte_1_IL1B
CID4535_TGCCCATAGCTCCTCT,CID4535,ER+,Myeloid,Monocyte,Myeloid_c12_Monocyte_1_IL1B
CID4535_TGGTTAGTCCTAGAAC,CID4535,ER+,Myeloid,Monocyte,Myeloid_c12_Monocyte_1_IL1B
CID4535_TTAACTCCAATGTAAG,CID4535,ER+,Myeloid,Monocyte,Myeloid_c12_Monocyte_1_IL1B
CID4535_TTCTACACACCGAAAG,CID4535,ER+,Myeloid,Monocyte,Myeloid_c12_Monocyte_1_IL1B
CID4535_TTTGCGCCAACTGGCC,CID4535,ER+,Myeloid,Monocyte,Myeloid_c12_Monocyte_1_IL1B
CID4535_AAACCTGGTCATCGGC,CID4535,ER+,Myeloid,Monocyte,Myeloid_c12_Monocyte_1_IL1B
CID4535_CATCAGAGTGCAGACA,CID4535,ER+,Myeloid,Monocyte,Myeloid_c12_Monocyte_1_IL1B
CID4535_CCTTTCTCACATTCGA,CID4535,ER+,Myeloid,Monocyte,Myeloid_c12_Monocyte_1_IL1B
CID4535_GACGTGCTCATAACCG,CID4535,ER+,Myeloid,Monocyte,Myeloid_c12_Monocyte_1_IL1B
CID4535_TCATTACCACGCGAAA,CID4535,ER+,Myeloid,Monocyte,Myeloid_c12_Monocyte_1_IL1B
CID4535_CTCTACGCAAGTCATC,CID4535,ER+,Myeloid,Monocyte,Myeloid_c12_Monocyte_1_IL1B
CID4535_GTCCTCACATCGATGT,CID4535,ER+,Myeloid,Monocyte,Myeloid_c12_Monocyte_1_IL1B
CID4535_AAGGCAGCATTACCTT,CID4535,ER+,Myeloid,Macrophage,Myeloid_c2_LAM2_APOE
CID4535_ACACCGGAGATGAGAG,CID4535,ER+,Myeloid,Macrophage,Myeloid_c2_LAM2_APOE
CID4535_ACTGCTCGTCGGGTCT,CID4535,ER+,Myeloid,Macrophage,Myeloid_c2_LAM2_APOE
CID4535_AGCTCTCTCGAACGGA,CID4535,ER+,Myeloid,Macrophage,Myeloid_c2_LAM2_APOE
CID4535_ATTATCCCAAACTGCT,CID4535,ER+,Myeloid,Macrophage,Myeloid_c2_LAM2_APOE
CID4535_CAAGAAACAGACAAGC,CID4535,ER+,Myeloid,Macrophage,Myeloid_c2_LAM2_APOE
CID4535_CACCACTGTCAACTGT,CID4535,ER+,Myeloid,Macrophage,Myeloid_c2_LAM2_APOE
CID4535_CAGAGAGAGTGAACGC,CID4535,ER+,Myeloid,Macrophage,Myeloid_c2_LAM2_APOE
CID4535_CATATGGTCTTCTGGC,CID4535,ER+,Myeloid,Macrophage,Myeloid_c2_LAM2_APOE
CID4535_CCTAGCTAGGTGATTA,CID4535,ER+,Myeloid,Macrophage,Myeloid_c2_LAM2_APOE
CID4535_CGATTGATCAGTACGT,CID4535,ER+,Myeloid,Macrophage,Myeloid_c2_LAM2_APOE
CID4535_CGCGGTAGTGCCTGGT,CID4535,ER+,Myeloid,Macrophage,Myeloid_c2_LAM2_APOE
CID4535_CTACCCAGTCTAGTCA,CID4535,ER+,Myeloid,Macrophage,Myeloid_c2_LAM2_APOE
CID4535_CTTGGCTGTACATCCA,CID4535,ER+,Myeloid,Macrophage,Myeloid_c2_LAM2_APOE
CID4535_GGCGACTGTTATCCGA,CID4535,ER+,Myeloid,Macrophage,Myeloid_c2_LAM2_APOE
CID4535_GTACGTACAGTCGATT,CID4535,ER+,Myeloid,Macrophage,Myeloid_c2_LAM2_APOE
CID4535_TGCGTGGAGCGATCCC,CID4535,ER+,Myeloid,Macrophage,Myeloid_c2_LAM2_APOE
CID4535_TGCTGCTTCAGTTGAC,CID4535,ER+,Myeloid,Macrophage,Myeloid_c2_LAM2_APOE
CID4535_TGGCCAGTCAGTCCCT,CID4535,ER+,Myeloid,Macrophage,Myeloid_c2_LAM2_APOE
CID4535_GAACCTAAGTGTGAAT,CID4535,ER+,Myeloid,Macrophage,Myeloid_c2_LAM2_APOE
CID4535_CAAGTTGGTAAAGTCA,CID4535,ER+,Myeloid,Macrophage,Myeloid_c2_LAM2_APOE
CID4535_CGTTCTGGTGACTACT,CID4535,ER+,Myeloid,Macrophage,Myeloid_c2_LAM2_APOE
CID4535_CAAGGCCCAACACGCC,CID4535,ER+,Myeloid,Macrophage,Myeloid_c2_LAM2_APOE
CID4535_CAGAGAGAGCCAACAG,CID4535,ER+,Myeloid,Macrophage,Myeloid_c2_LAM2_APOE
CID4535_TGGACGCCATGACGGA,CID4535,ER+,Myeloid,Macrophage,Myeloid_c2_LAM2_APOE
CID4535_ACACCGGCAATCGGTT,CID4535,ER+,Myeloid,Macrophage,Myeloid_c1_LAM1_FABP5
CID4535_ACGGGTCAGACATAAC,CID4535,ER+,Myeloid,Macrophage,Myeloid_c1_LAM1_FABP5
CID4535_CAACTAGGTCGCTTCT,CID4535,ER+,Myeloid,Macrophage,Myeloid_c1_LAM1_FABP5
CID4535_GTCACAACAGATCCAT,CID4535,ER+,Myeloid,Macrophage,Myeloid_c1_LAM1_FABP5
CID4535_GTTAAGCGTCCGTGAC,CID4535,ER+,Myeloid,Macrophage,Myeloid_c1_LAM1_FABP5
CID4535_TAGCCGGAGGCAGTCA,CID4535,ER+,Myeloid,Macrophage,Myeloid_c1_LAM1_FABP5
CID4535_TGACGGCGTTCGTGAT,CID4535,ER+,Myeloid,Macrophage,Myeloid_c1_LAM1_FABP5
CID4535_TTGACTTAGATCGGGT,CID4535,ER+,Myeloid,Macrophage,Myeloid_c1_LAM1_FABP5
CID4535_ACACCAAAGTTGTAGA,CID4535,ER+,Myeloid,Macrophage,Myeloid_c1_LAM1_FABP5
CID4535_AACACGTTCACCATAG,CID4535,ER+,Myeloid,Macrophage,Myeloid_c1_LAM1_FABP5
CID4535_AGAGCTTTCATGCTCC,CID4535,ER+,Myeloid,Macrophage,Myeloid_c1_LAM1_FABP5
CID4535_AGGGATGTCTTGTACT,CID4535,ER+,Myeloid,Macrophage,Myeloid_c1_LAM1_FABP5
CID4535_CCTAAAGCAGAGTGTG,CID4535,ER+,Myeloid,Macrophage,Myeloid_c1_LAM1_FABP5
CID4535_CCTTCCCAGACTAGAT,CID4535,ER+,Myeloid,Macrophage,Myeloid_c1_LAM1_FABP5
CID4535_CGCTATCGTCTTCAAG,CID4535,ER+,Myeloid,Macrophage,Myeloid_c1_LAM1_FABP5
CID4535_CTACGTCTCACTTACT,CID4535,ER+,Myeloid,Macrophage,Myeloid_c1_LAM1_FABP5
CID4535_CTCGTCAAGCGATATA,CID4535,ER+,Myeloid,Macrophage,Myeloid_c1_LAM1_FABP5
CID4535_CTGAAGTGTTCCAACA,CID4535,ER+,Myeloid,Macrophage,Myeloid_c1_LAM1_FABP5
CID4535_GAAATGAGTCTTGCGG,CID4535,ER+,Myeloid,Macrophage,Myeloid_c1_LAM1_FABP5
CID4535_GACAGAGAGAGTACCG,CID4535,ER+,Myeloid,Macrophage,Myeloid_c1_LAM1_FABP5
CID4535_GTGGGTCCACCTCGGA,CID4535,ER+,Myeloid,Macrophage,Myeloid_c1_LAM1_FABP5
CID4535_GTTTCTAAGTGTACCT,CID4535,ER+,Myeloid,Macrophage,Myeloid_c1_LAM1_FABP5
CID4535_TACACGATCGCCAGCA,CID4535,ER+,Myeloid,Macrophage,Myeloid_c1_LAM1_FABP5
CID4535_TCAATCTAGTTAGGTA,CID4535,ER+,Myeloid,Macrophage,Myeloid_c1_LAM1_FABP5
CID4535_TGCGGGTGTTGAACTC,CID4535,ER+,Myeloid,Macrophage,Myeloid_c1_LAM1_FABP5
CID4535_TGTCCCATCAGGCAAG,CID4535,ER+,Myeloid,Macrophage,Myeloid_c1_LAM1_FABP5
CID4535_AAAGTAGAGCGTAATA,CID4535,ER+,Myeloid,Macrophage,Myeloid_c1_LAM1_FABP5
CID4535_ACGCCGAGTGACTCAT,CID4535,ER+,Myeloid,Macrophage,Myeloid_c1_LAM1_FABP5
CID4535_AGATCTGTCGTGGTCG,CID4535,ER+,Myeloid,Macrophage,Myeloid_c1_LAM1_FABP5
CID4535_CCTAAAGGTGAGGCTA,CID4535,ER+,Myeloid,Macrophage,Myeloid_c1_LAM1_FABP5
CID4535_CTCAGAAGTCCGTTAA,CID4535,ER+,Myeloid,Macrophage,Myeloid_c1_LAM1_FABP5
CID4535_GATGCTAAGTCGCCGT,CID4535,ER+,Myeloid,Macrophage,Myeloid_c1_LAM1_FABP5
CID4535_GCTGGGTTCATGCAAC,CID4535,ER+,Myeloid,Macrophage,Myeloid_c1_LAM1_FABP5
CID4535_TCCACACGTAAGGGCT,CID4535,ER+,Myeloid,Macrophage,Myeloid_c1_LAM1_FABP5
CID4535_TGAGCCGCATCGGTTA,CID4535,ER+,Myeloid,Macrophage,Myeloid_c1_LAM1_FABP5
CID4535_CTCTAATAGTGGCACA,CID4535,ER+,Myeloid,Macrophage,Myeloid_c1_LAM1_FABP5
CID4535_TGACAACTCCAAAGTC,CID4535,ER+,Myeloid,Macrophage,Myeloid_c1_LAM1_FABP5
CID4535_AGTGGGACAATGGATA,CID4535,ER+,Myeloid,Macrophage,Myeloid_c1_LAM1_FABP5
CID4535_GGACATTCACGCGAAA,CID4535,ER+,Myeloid,Macrophage,Myeloid_c1_LAM1_FABP5
CID4535_TTAGGACTCCTCCTAG,CID4535,ER+,Myeloid,Macrophage,Myeloid_c1_LAM1_FABP5
CID4535_CGCCAAGTCCGTAGTA,CID4535,ER+,Myeloid,Macrophage,Myeloid_c1_LAM1_FABP5
CID4535_GGTGAAGAGACCCACC,CID4535,ER+,Myeloid,Macrophage,Myeloid_c1_LAM1_FABP5
CID4535_AAACCTGAGTGGGTTG,CID4535,ER+,Myeloid,Macrophage,Myeloid_c1_LAM1_FABP5
CID4535_AACTGGTAGTAGATGT,CID4535,ER+,Myeloid,Macrophage,Myeloid_c1_LAM1_FABP5
CID4535_AGCGTATGTAGGAGTC,CID4535,ER+,Myeloid,Macrophage,Myeloid_c1_LAM1_FABP5
CID4535_CATCGGGCACCTGGTG,CID4535,ER+,Myeloid,Macrophage,Myeloid_c1_LAM1_FABP5
CID4535_CCTACACAGAGTAAGG,CID4535,ER+,Myeloid,Macrophage,Myeloid_c1_LAM1_FABP5
CID4535_CTCTACGCACGGACAA,CID4535,ER+,Myeloid,Macrophage,Myeloid_c1_LAM1_FABP5
CID4535_GATCGATGTACGCTGC,CID4535,ER+,Myeloid,Macrophage,Myeloid_c1_LAM1_FABP5
CID4535_GGACAAGGTGTTTGGT,CID4535,ER+,Myeloid,Macrophage,Myeloid_c1_LAM1_FABP5
CID4535_AACCATGTCTGAGGGA,CID4535,ER+,Myeloid,Macrophage,Myeloid_c1_LAM1_FABP5
CID4535_ACACCCTCAGTTAACC,CID4535,ER+,Myeloid,Monocyte,Myeloid_c8_Monocyte_2_S100A9
CID4535_AGCTCTCGTTAAAGTG,CID4535,ER+,Myeloid,Monocyte,Myeloid_c8_Monocyte_2_S100A9
CID4535_CACCTTGAGGATGTAT,CID4535,ER+,Myeloid,Monocyte,Myeloid_c8_Monocyte_2_S100A9
CID4535_GTATTCTCAGCGTCCA,CID4535,ER+,Myeloid,Monocyte,Myeloid_c8_Monocyte_2_S100A9
CID4535_ACTATCTGTCACACGC,CID4535,ER+,Myeloid,Monocyte,Myeloid_c8_Monocyte_2_S100A9
CID4535_ACTGAACTCTTGCATT,CID4535,ER+,Myeloid,Monocyte,Myeloid_c8_Monocyte_2_S100A9
CID4535_AGGCCGTAGGTGATTA,CID4535,ER+,Myeloid,Monocyte,Myeloid_c8_Monocyte_2_S100A9
CID4535_CATCAGACACGGTGTC,CID4535,ER+,Myeloid,Monocyte,Myeloid_c8_Monocyte_2_S100A9
CID4535_CCATGTCGTTGCGTTA,CID4535,ER+,Myeloid,Monocyte,Myeloid_c8_Monocyte_2_S100A9
CID4535_CCCATACAGCCACCTG,CID4535,ER+,Myeloid,Monocyte,Myeloid_c8_Monocyte_2_S100A9
CID4535_CCTACACTCAGCGACC,CID4535,ER+,Myeloid,Monocyte,Myeloid_c8_Monocyte_2_S100A9
CID4535_CCTCAGTAGTCCTCCT,CID4535,ER+,Myeloid,Monocyte,Myeloid_c8_Monocyte_2_S100A9
CID4535_CCTTACGCACAAGTAA,CID4535,ER+,Myeloid,Monocyte,Myeloid_c8_Monocyte_2_S100A9
CID4535_CGGCTAGAGCTGATAA,CID4535,ER+,Myeloid,Monocyte,Myeloid_c8_Monocyte_2_S100A9
CID4535_GATCGCGTCTATCGCC,CID4535,ER+,Myeloid,Monocyte,Myeloid_c8_Monocyte_2_S100A9
CID4535_GCTGCGAAGGACAGAA,CID4535,ER+,Myeloid,Monocyte,Myeloid_c8_Monocyte_2_S100A9
CID4535_GTTCATTAGACGACGT,CID4535,ER+,Myeloid,Monocyte,Myeloid_c8_Monocyte_2_S100A9
CID4535_TGCACCTTCGCGTTTC,CID4535,ER+,Myeloid,Monocyte,Myeloid_c8_Monocyte_2_S100A9
CID4535_TGGACGCAGTGGACGT,CID4535,ER+,Myeloid,Monocyte,Myeloid_c8_Monocyte_2_S100A9
CID4535_AAATGCCGTGAGGGAG,CID4535,ER+,Myeloid,Monocyte,Myeloid_c7_Monocyte_3_FCGR3A
CID4535_GATCAGTTCCGTAGGC,CID4535,ER+,Myeloid,Monocyte,Myeloid_c7_Monocyte_3_FCGR3A
CID4535_TACTTACTCTCGCATC,CID4535,ER+,Myeloid,Monocyte,Myeloid_c7_Monocyte_3_FCGR3A
CID4535_AAAGATGGTATAGGTA,CID4535,ER+,Myeloid,Macrophage,Myeloid_c9_Macrophage_2_CXCL10
CID4535_AGTGTCAAGGAGCGAG,CID4535,ER+,Myeloid,Macrophage,Myeloid_c9_Macrophage_2_CXCL10
CID4535_AAGGAGCGTAATTGGA,CID4535,ER+,Myeloid,Macrophage,Myeloid_c9_Macrophage_2_CXCL10
CID4535_AAGGAGCTCCCGACTT,CID4535,ER+,Myeloid,Macrophage,Myeloid_c9_Macrophage_2_CXCL10
CID4535_CGACCTTCAGCATGAG,CID4535,ER+,Myeloid,Macrophage,Myeloid_c9_Macrophage_2_CXCL10
CID4535_CGAGAAGGTATGAAAC,CID4535,ER+,Myeloid,Macrophage,Myeloid_c9_Macrophage_2_CXCL10
CID4535_GCATGCGTCAACACTG,CID4535,ER+,Myeloid,Macrophage,Myeloid_c9_Macrophage_2_CXCL10
CID4535_GGAAAGCGTGTGACCC,CID4535,ER+,Myeloid,Macrophage,Myeloid_c9_Macrophage_2_CXCL10
CID4535_GGAGCAACAAACGCGA,CID4535,ER+,Myeloid,Macrophage,Myeloid_c9_Macrophage_2_CXCL10
CID4535_GGGCATCGTCAAACTC,CID4535,ER+,Myeloid,Macrophage,Myeloid_c9_Macrophage_2_CXCL10
CID4535_TACCTATGTGTGAATA,CID4535,ER+,Myeloid,Macrophage,Myeloid_c9_Macrophage_2_CXCL10
CID4535_TCGGGACCACAACGTT,CID4535,ER+,Myeloid,Macrophage,Myeloid_c9_Macrophage_2_CXCL10
CID4535_TGACTTTCACAGCCCA,CID4535,ER+,Myeloid,Macrophage,Myeloid_c9_Macrophage_2_CXCL10
CID4535_TTCTCCTTCCAAGTAC,CID4535,ER+,Myeloid,Macrophage,Myeloid_c9_Macrophage_2_CXCL10
CID4535_ATGTGTGGTTATCACG,CID4535,ER+,Myeloid,Cycling_Myeloid,Cycling_Myeloid
CID4535_AGAGTGGCAGAGTGTG,CID4535,ER+,Myeloid,Cycling_Myeloid,Cycling_Myeloid
CID4535_TTGTAGGAGTCGTACT,CID4535,ER+,Myeloid,Cycling_Myeloid,Cycling_Myeloid
CID4535_CATCGAATCATACGGT,CID4535,ER+,Myeloid,Cycling_Myeloid,Cycling_Myeloid
CID4535_TATCAGGCATGTCTCC,CID4535,ER+,Myeloid,Cycling_Myeloid,Cycling_Myeloid
CID4535_TGAAAGATCATGCATG,CID4535,ER+,Myeloid,Cycling_Myeloid,Cycling_Myeloid
CID4535_AACTCAGGTTAAGACA,CID4535,ER+,Myeloid,Cycling_Myeloid,Cycling_Myeloid
CID4535_CAACCTCAGACTAGAT,CID4535,ER+,Myeloid,Cycling_Myeloid,Cycling_Myeloid
CID4535_AACTCCCTCTCGTTTA,CID4535,ER+,Myeloid,DCs,Myeloid_c11_cDC2_CD1C
CID4535_CAGCTGGAGAATGTGT,CID4535,ER+,Myeloid,DCs,Myeloid_c11_cDC2_CD1C
CID4535_CATTATCGTACCGCTG,CID4535,ER+,Myeloid,DCs,Myeloid_c11_cDC2_CD1C
CID4535_CGTCAGGGTCCGAAGA,CID4535,ER+,Myeloid,DCs,Myeloid_c11_cDC2_CD1C
CID4535_CGTTCTGCAAACAACA,CID4535,ER+,Myeloid,DCs,Myeloid_c11_cDC2_CD1C
CID4535_CTACATTAGTCTTGCA,CID4535,ER+,Myeloid,DCs,Myeloid_c11_cDC2_CD1C
CID4535_CTGATCCTCGCGATCG,CID4535,ER+,Myeloid,DCs,Myeloid_c11_cDC2_CD1C
CID4535_TCTGAGAGTAAATACG,CID4535,ER+,Myeloid,DCs,Myeloid_c11_cDC2_CD1C
CID4535_TGTGGTAAGTCATGCT,CID4535,ER+,Myeloid,DCs,Myeloid_c11_cDC2_CD1C
CID4535_AAAGCAACAGTTAACC,CID4535,ER+,Myeloid,DCs,Myeloid_c4_DCs_pDC_IRF7
CID4535_AACGTTGAGGATGGAA,CID4535,ER+,Myeloid,DCs,Myeloid_c4_DCs_pDC_IRF7
CID4535_AACTGGTCATCGGACC,CID4535,ER+,Myeloid,DCs,Myeloid_c4_DCs_pDC_IRF7
CID4535_AAGGTTCCACATTTCT,CID4535,ER+,Myeloid,DCs,Myeloid_c4_DCs_pDC_IRF7
CID4535_ACATGGTCACCACGTG,CID4535,ER+,Myeloid,DCs,Myeloid_c4_DCs_pDC_IRF7
CID4535_ACGCCGAGTATATGGA,CID4535,ER+,Myeloid,DCs,Myeloid_c4_DCs_pDC_IRF7
CID4535_ACTGAACCATCCTTGC,CID4535,ER+,Myeloid,DCs,Myeloid_c4_DCs_pDC_IRF7
CID4535_ACTTTCATCTGATACG,CID4535,ER+,Myeloid,DCs,Myeloid_c4_DCs_pDC_IRF7
CID4535_AGCTCTCGTTGAGGTG,CID4535,ER+,Myeloid,DCs,Myeloid_c4_DCs_pDC_IRF7
CID4535_AGGGTGATCATAGCAC,CID4535,ER+,Myeloid,DCs,Myeloid_c4_DCs_pDC_IRF7
CID4535_AGGTCATGTGCAGTAG,CID4535,ER+,Myeloid,DCs,Myeloid_c4_DCs_pDC_IRF7
CID4535_ATCACGAGTCCTCCAT,CID4535,ER+,Myeloid,DCs,Myeloid_c4_DCs_pDC_IRF7
CID4535_CAGCCGAAGGTGATAT,CID4535,ER+,Myeloid,DCs,Myeloid_c4_DCs_pDC_IRF7
CID4535_CAGCTGGTCCAGGGCT,CID4535,ER+,Myeloid,DCs,Myeloid_c4_DCs_pDC_IRF7
CID4535_CCGTTCAAGCTCTCGG,CID4535,ER+,Myeloid,DCs,Myeloid_c4_DCs_pDC_IRF7
CID4535_CCTCTGACAGGCTGAA,CID4535,ER+,Myeloid,DCs,Myeloid_c4_DCs_pDC_IRF7
CID4535_CCTTCGATCAGAGCTT,CID4535,ER+,Myeloid,DCs,Myeloid_c4_DCs_pDC_IRF7
CID4535_CGATCGGAGCCCAATT,CID4535,ER+,Myeloid,DCs,Myeloid_c4_DCs_pDC_IRF7
CID4535_CGGACTGAGAGTAAGG,CID4535,ER+,Myeloid,DCs,Myeloid_c4_DCs_pDC_IRF7
CID4535_CGGAGCTTCAGCATGT,CID4535,ER+,Myeloid,DCs,Myeloid_c4_DCs_pDC_IRF7
CID4535_CTCACACGTCAGCTAT,CID4535,ER+,Myeloid,DCs,Myeloid_c4_DCs_pDC_IRF7
CID4535_CTCGTCAAGCTTTGGT,CID4535,ER+,Myeloid,DCs,Myeloid_c4_DCs_pDC_IRF7
CID4535_CTCTACGCATGGTTGT,CID4535,ER+,Myeloid,DCs,Myeloid_c4_DCs_pDC_IRF7
CID4535_GAACGGAGTATATGAG,CID4535,ER+,Myeloid,DCs,Myeloid_c4_DCs_pDC_IRF7
CID4535_GAATAAGAGAGTACAT,CID4535,ER+,Myeloid,DCs,Myeloid_c4_DCs_pDC_IRF7
CID4535_GAATGAATCCGTACAA,CID4535,ER+,Myeloid,DCs,Myeloid_c4_DCs_pDC_IRF7
CID4535_GACGTTAAGCCAGGAT,CID4535,ER+,Myeloid,DCs,Myeloid_c4_DCs_pDC_IRF7
CID4535_GATCGTATCTTGACGA,CID4535,ER+,Myeloid,DCs,Myeloid_c4_DCs_pDC_IRF7
CID4535_GCAGCCAAGTATCGAA,CID4535,ER+,Myeloid,DCs,Myeloid_c4_DCs_pDC_IRF7
CID4535_GCAGCCATCCGTAGTA,CID4535,ER+,Myeloid,DCs,Myeloid_c4_DCs_pDC_IRF7
CID4535_GTCAAGTTCTGCAAGT,CID4535,ER+,Myeloid,DCs,Myeloid_c4_DCs_pDC_IRF7
CID4535_GTTACAGCAGTCACTA,CID4535,ER+,Myeloid,DCs,Myeloid_c4_DCs_pDC_IRF7
CID4535_GTTCATTCAGCCTATA,CID4535,ER+,Myeloid,DCs,Myeloid_c4_DCs_pDC_IRF7
CID4535_GTTTCTAAGTACCGGA,CID4535,ER+,Myeloid,DCs,Myeloid_c4_DCs_pDC_IRF7
CID4535_TCAGGATAGCGGCTTC,CID4535,ER+,Myeloid,DCs,Myeloid_c4_DCs_pDC_IRF7
CID4535_TTATGCTGTCCAGTGC,CID4535,ER+,Myeloid,DCs,Myeloid_c4_DCs_pDC_IRF7
CID4535_TTCTCCTAGGATGTAT,CID4535,ER+,Myeloid,DCs,Myeloid_c4_DCs_pDC_IRF7
CID4535_TTGGCAAAGGTCGGAT,CID4535,ER+,Myeloid,DCs,Myeloid_c4_DCs_pDC_IRF7
CID4535_GGAATAAGTCCAGTTA,CID4535,ER+,Myeloid,DCs,Myeloid_c4_DCs_pDC_IRF7
CID4535_CATTCGCTCATTATCC,CID4535,ER+,Myeloid,DCs,Myeloid_c3_cDC1_CLEC9A
CID4535_GAACCTATCGAATGGG,CID4535,ER+,Myeloid,DCs,Myeloid_c3_cDC1_CLEC9A
CID4535_TGGGCGTGTCTCGTTC,CID4535,ER+,Myeloid,DCs,Myeloid_c3_cDC1_CLEC9A
CID4535_AAACGGGAGGGCATGT,CID4535,ER+,Myeloid,DCs,Myeloid_c0_DC_LAMP3
CID4535_AACTCTTTCTCCAACC,CID4535,ER+,Myeloid,DCs,Myeloid_c0_DC_LAMP3
CID4535_GATCTAGTCCCTTGTG,CID4535,ER+,Myeloid,DCs,Myeloid_c0_DC_LAMP3
CID4535_TCCCGATGTGGAAAGA,CID4535,ER+,Myeloid,DCs,Myeloid_c0_DC_LAMP3
CID4535_TTAGGACGTTACGTCA,CID4535,ER+,Myeloid,DCs,Myeloid_c0_DC_LAMP3
CID4535_AAACCTGCAGCCTGTG,CID4535,ER+,Cancer Epithelial,Cancer LumB SC,Cancer LumB SC
CID4535_AAACCTGTCCAAACTG,CID4535,ER+,Cancer Epithelial,Cancer LumB SC,Cancer LumB SC
CID4535_AAACCTGTCCCAACGG,CID4535,ER+,Cancer Epithelial,Cancer LumB SC,Cancer LumB SC
CID4535_AAACGGGAGCAGATCG,CID4535,ER+,Cancer Epithelial,Cancer LumB SC,Cancer LumB SC
CID4535_AAACGGGCAAAGCGGT,CID4535,ER+,Cancer Epithelial,Cancer LumB SC,Cancer LumB SC
CID4535_AAACGGGCAACAACCT,CID4535,ER+,Cancer Epithelial,Cancer LumB SC,Cancer LumB SC
CID4535_AAACGGGGTCCAAGTT,CID4535,ER+,Cancer Epithelial,Cancer LumB SC,Cancer LumB SC
CID4535_AAACGGGTCACAACGT,CID4535,ER+,Cancer Epithelial,Cancer LumB SC,Cancer LumB SC
CID4535_AAACGGGTCTAACTGG,CID4535,ER+,Cancer Epithelial,Cancer LumB SC,Cancer LumB SC
CID4535_AAAGATGAGAGTACCG,CID4535,ER+,Cancer Epithelial,Cancer LumB SC,Cancer LumB SC
CID4535_AAAGATGAGGCCATAG,CID4535,ER+,Cancer Epithelial,Cancer LumB SC,Cancer LumB SC
CID4535_AAAGATGCAAGCTGAG,CID4535,ER+,Cancer Epithelial,Cancer LumB SC,Cancer LumB SC
CID4535_AAAGCAAGTTACCGAT,CID4535,ER+,Cancer Epithelial,Cancer LumB SC,Cancer LumB SC
CID4535_AAAGCAATCCATGCTC,CID4535,ER+,Cancer Epithelial,Cancer LumB SC,Cancer LumB SC
CID4535_AAAGTAGAGAGATGAG,CID4535,ER+,Cancer Epithelial,Cancer LumB SC,Cancer LumB SC
CID4535_AAAGTAGAGCACACAG,CID4535,ER+,Cancer Epithelial,Cancer LumB SC,Cancer LumB SC
CID4535_AAAGTAGGTTTGTTGG,CID4535,ER+,Cancer Epithelial,Cancer LumB SC,Cancer LumB SC
CID4535_AAAGTAGTCAACACGT,CID4535,ER+,Cancer Epithelial,Cancer LumB SC,Cancer LumB SC
CID4535_AAAGTAGTCACAGGCC,CID4535,ER+,Cancer Epithelial,Cancer LumB SC,Cancer LumB SC
CID4535_AACACGTAGAGTAAGG,CID4535,ER+,Cancer Epithelial,Cancer LumB SC,Cancer LumB SC
CID4535_AACACGTCAATGGATA,CID4535,ER+,Cancer Epithelial,Cancer LumB SC,Cancer LumB SC
CID4535_AACACGTCAGCCTGTG,CID4535,ER+,Cancer Epithelial,Cancer LumB SC,Cancer LumB SC
CID4535_AACACGTCAGTAAGCG,CID4535,ER+,Cancer Epithelial,Cancer LumB SC,Cancer LumB SC
CID4535_AACACGTCAGTGGGAT,CID4535,ER+,Cancer Epithelial,Cancer LumB SC,Cancer LumB SC
CID4535_AACACGTCAGTTAACC,CID4535,ER+,Cancer Epithelial,Cancer LumB SC,Cancer LumB SC
CID4535_AACACGTTCGCAGGCT,CID4535,ER+,Cancer Epithelial,Cancer LumB SC,Cancer LumB SC
CID4535_AACACGTTCGGTGTTA,CID4535,ER+,Cancer Epithelial,Cancer LumB SC,Cancer LumB SC
CID4535_AACCATGGTATTCTCT,CID4535,ER+,Cancer Epithelial,Cancer LumB SC,Cancer LumB SC
CID4535_AACCATGGTGCTAGCC,CID4535,ER+,Cancer Epithelial,Cancer LumB SC,Cancer LumB SC
CID4535_AACCATGGTGTAAGTA,CID4535,ER+,Cancer Epithelial,Cancer LumB SC,Cancer LumB SC
CID4535_AACCGCGAGATGCCAG,CID4535,ER+,Cancer Epithelial,Cancer LumB SC,Cancer LumB SC
CID4535_AACCGCGAGGATGCGT,CID4535,ER+,Cancer Epithelial,Cancer LumB SC,Cancer LumB SC
CID4535_AACCGCGGTGTTCGAT,CID4535,ER+,Cancer Epithelial,Cancer LumB SC,Cancer LumB SC
CID4535_AACCGCGTCTGGCGTG,CID4535,ER+,Cancer Epithelial,Cancer LumB SC,Cancer LumB SC
CID4535_AACCGCGTCTTCTGGC,CID4535,ER+,Cancer Epithelial,Cancer LumB SC,Cancer LumB SC
CID4535_AACGTTGCATGAGCGA,CID4535,ER+,Cancer Epithelial,Cancer LumB SC,Cancer LumB SC
CID4535_AACGTTGTCAAACGGG,CID4535,ER+,Cancer Epithelial,Cancer LumB SC,Cancer LumB SC
CID4535_AACTCAGAGAGGTACC,CID4535,ER+,Cancer Epithelial,Cancer LumB SC,Cancer LumB SC
CID4535_AACTCAGAGTTTAGGA,CID4535,ER+,Cancer Epithelial,Cancer LumB SC,Cancer LumB SC
CID4535_AACTCAGGTCTCCATC,CID4535,ER+,Cancer Epithelial,Cancer LumB SC,Cancer LumB SC
CID4535_AACTCAGGTCTTGTCC,CID4535,ER+,Cancer Epithelial,Cancer LumB SC,Cancer LumB SC
CID4535_AACTCCCAGGTGACCA,CID4535,ER+,Cancer Epithelial,Cancer LumB SC,Cancer LumB SC
CID4535_AACTCCCCAGCTATTG,CID4535,ER+,Cancer Epithelial,Cancer LumB SC,Cancer LumB SC
CID4535_AACTCCCCATTCGACA,CID4535,ER+,Cancer Epithelial,Cancer LumB SC,Cancer LumB SC
CID4535_AACTCCCGTCTTGTCC,CID4535,ER+,Cancer Epithelial,Cancer LumB SC,Cancer LumB SC
CID4535_AACTCCCTCCTTTCTC,CID4535,ER+,Cancer Epithelial,Cancer LumB SC,Cancer LumB SC
CID4535_AACTCTTAGCTACCTA,CID4535,ER+,Cancer Epithelial,Cancer LumB SC,Cancer LumB SC
CID4535_AACTCTTCACTGTTAG,CID4535,ER+,Cancer Epithelial,Cancer LumB SC,Cancer LumB SC
CID4535_AACTGGTCATCACGAT,CID4535,ER+,Cancer Epithelial,Cancer LumB SC,Cancer LumB SC
CID4535_AACTGGTGTCTACCTC,CID4535,ER+,Cancer Epithelial,Cancer LumB SC,Cancer LumB SC
CID4535_AACTGGTTCAAGAAGT,CID4535,ER+,Cancer Epithelial,Cancer LumB SC,Cancer LumB SC
CID4535_AACTGGTTCAGCTGGC,CID4535,ER+,Cancer Epithelial,Cancer LumB SC,Cancer LumB SC
CID4535_AACTGGTTCCGTCATC,CID4535,ER+,Cancer Epithelial,Cancer LumB SC,Cancer LumB SC
CID4535_AACTGGTTCGGTTAAC,CID4535,ER+,Cancer Epithelial,Cancer LumB SC,Cancer LumB SC
CID4535_AACTTTCCAAAGGAAG,CID4535,ER+,Cancer Epithelial,Cancer LumB SC,Cancer LumB SC
CID4535_AACTTTCCACGGCGTT,CID4535,ER+,Cancer Epithelial,Cancer LumB SC,Cancer LumB SC
CID4535_AACTTTCCATTCGACA,CID4535,ER+,Cancer Epithelial,Cancer LumB SC,Cancer LumB SC
CID4535_AACTTTCTCCCTCTTT,CID4535,ER+,Cancer Epithelial,Cancer LumB SC,Cancer LumB SC
CID4535_AACTTTCTCTACCAGA,CID4535,ER+,Cancer Epithelial,Cancer LumB SC,Cancer LumB SC
CID4535_AAGACCTCATTGGCGC,CID4535,ER+,Cancer Epithelial,Cancer LumB SC,Cancer LumB SC
CID4535_AAGACCTTCTAACTTC,CID4535,ER+,Cancer Epithelial,Cancer LumB SC,Cancer LumB SC
CID4535_AAGCCGCAGGTAAACT,CID4535,ER+,Cancer Epithelial,Cancer LumB SC,Cancer LumB SC
CID4535_AAGCCGCTCATCTGCC,CID4535,ER+,Cancer Epithelial,Cancer LumB SC,Cancer LumB SC
CID4535_AAGGAGCAGAGTACAT,CID4535,ER+,Cancer Epithelial,Cancer LumB SC,Cancer LumB SC
CID4535_AAGGAGCCAACTGCGC,CID4535,ER+,Cancer Epithelial,Cancer LumB SC,Cancer LumB SC
CID4535_AAGGAGCCATACAGCT,CID4535,ER+,Cancer Epithelial,Cancer LumB SC,Cancer LumB SC
CID4535_AAGGAGCCATGAAGTA,CID4535,ER+,Cancer Epithelial,Cancer LumB SC,Cancer LumB SC
CID4535_AAGGAGCTCTGAGTGT,CID4535,ER+,Cancer Epithelial,Cancer LumB SC,Cancer LumB SC
CID4535_AAGGCAGGTGATGCCC,CID4535,ER+,Cancer Epithelial,Cancer LumB SC,Cancer LumB SC
CID4535_AAGGTTCGTAGCCTAT,CID4535,ER+,Cancer Epithelial,Cancer LumB SC,Cancer LumB SC
CID4535_AAGGTTCGTTGTGGCC,CID4535,ER+,Cancer Epithelial,Cancer LumB SC,Cancer LumB SC
CID4535_AAGGTTCTCGCCTGTT,CID4535,ER+,Cancer Epithelial,Cancer LumB SC,Cancer LumB SC
CID4535_AAGGTTCTCTCTTATG,CID4535,ER+,Cancer Epithelial,Cancer LumB SC,Cancer LumB SC
CID4535_AAGTCTGAGGACACCA,CID4535,ER+,Cancer Epithelial,Cancer LumB SC,Cancer LumB SC
CID4535_AAGTCTGCAGCATGAG,CID4535,ER+,Cancer Epithelial,Cancer LumB SC,Cancer LumB SC
CID4535_AAGTCTGGTAAGGATT,CID4535,ER+,Cancer Epithelial,Cancer LumB SC,Cancer LumB SC
CID4535_AAGTCTGGTACAAGTA,CID4535,ER+,Cancer Epithelial,Cancer LumB SC,Cancer LumB SC
CID4535_AAGTCTGTCAACCAAC,CID4535,ER+,Cancer Epithelial,Cancer LumB SC,Cancer LumB SC
CID4535_AAGTCTGTCACTCCTG,CID4535,ER+,Cancer Epithelial,Cancer LumB SC,Cancer LumB SC
CID4535_AAGTCTGTCGAATCCA,CID4535,ER+,Cancer Epithelial,Cancer LumB SC,Cancer LumB SC
CID4535_AAGTCTGTCGGTGTCG,CID4535,ER+,Cancer Epithelial,Cancer LumB SC,Cancer LumB SC
CID4535_AAGTCTGTCGTCTGAA,CID4535,ER+,Cancer Epithelial,Cancer LumB SC,Cancer LumB SC
CID4535_AAGTCTGTCTCAAGTG,CID4535,ER+,Cancer Epithelial,Cancer LumB SC,Cancer LumB SC
CID4535_AATCCAGAGTGGGCTA,CID4535,ER+,Cancer Epithelial,Cancer LumB SC,Cancer LumB SC
CID4535_AATCCAGCAAGCGTAG,CID4535,ER+,Cancer Epithelial,Cancer LumB SC,Cancer LumB SC
CID4535_AATCCAGCAGTCTTCC,CID4535,ER+,Cancer Epithelial,Cancer LumB SC,Cancer LumB SC
CID4535_AATCCAGTCACGATGT,CID4535,ER+,Cancer Epithelial,Cancer LumB SC,Cancer LumB SC
CID4535_AATCCAGTCGTAGGAG,CID4535,ER+,Cancer Epithelial,Cancer LumB SC,Cancer LumB SC
CID4535_AATCGGTAGTAAGTAC,CID4535,ER+,Cancer Epithelial,Cancer LumB SC,Cancer LumB SC
CID4535_ACACCAAAGTATGACA,CID4535,ER+,Cancer Epithelial,Cancer LumB SC,Cancer LumB SC
CID4535_ACACCAACAACGATGG,CID4535,ER+,Cancer Epithelial,Cancer LumB SC,Cancer LumB SC
CID4535_ACACCAACACGTGAGA,CID4535,ER+,Cancer Epithelial,Cancer LumB SC,Cancer LumB SC
CID4535_ACACCAACAGCGTTCG,CID4535,ER+,Cancer Epithelial,Cancer LumB SC,Cancer LumB SC
CID4535_ACACCAAGTAAGGGCT,CID4535,ER+,Cancer Epithelial,Cancer LumB SC,Cancer LumB SC
CID4535_ACACCAAGTTCACCTC,CID4535,ER+,Cancer Epithelial,Cancer LumB SC,Cancer LumB SC
CID4535_ACACCCTCAAGGGTCA,CID4535,ER+,Cancer Epithelial,Cancer LumB SC,Cancer LumB SC
CID4535_ACACCCTCATCTACGA,CID4535,ER+,Cancer Epithelial,Cancer LumB SC,Cancer LumB SC
CID4535_ACACCCTGTATAGTAG,CID4535,ER+,Cancer Epithelial,Cancer LumB SC,Cancer LumB SC
CID4535_ACACCCTGTGGTGTAG,CID4535,ER+,Cancer Epithelial,Cancer LumB SC,Cancer LumB SC
CID4535_ACACCGGAGTCCGTAT,CID4535,ER+,Cancer Epithelial,Cancer LumB SC,Cancer LumB SC
CID4535_ACACCGGCAAGGGTCA,CID4535,ER+,Cancer Epithelial,Cancer LumB SC,Cancer LumB SC
CID4535_ACACCGGGTCTTGTCC,CID4535,ER+,Cancer Epithelial,Cancer LumB SC,Cancer LumB SC
CID4535_ACACCGGTCAATCACG,CID4535,ER+,Cancer Epithelial,Cancer LumB SC,Cancer LumB SC
CID4535_ACACCGGTCCTTTCTC,CID4535,ER+,Cancer Epithelial,Cancer LumB SC,Cancer LumB SC
CID4535_ACACCGGTCGCAGGCT,CID4535,ER+,Cancer Epithelial,Cancer LumB SC,Cancer LumB SC
CID4535_ACACTGAAGGTGTGGT,CID4535,ER+,Cancer Epithelial,Cancer LumB SC,Cancer LumB SC
CID4535_ACACTGACACAGAGGT,CID4535,ER+,Cancer Epithelial,Cancer LumB SC,Cancer LumB SC
CID4535_ACACTGACACTTCGAA,CID4535,ER+,Cancer Epithelial,Cancer LumB SC,Cancer LumB SC
CID4535_ACACTGATCACAGGCC,CID4535,ER+,Cancer Epithelial,Cancer LumB SC,Cancer LumB SC
CID4535_ACAGCCGAGCTATGCT,CID4535,ER+,Cancer Epithelial,Cancer LumB SC,Cancer LumB SC
CID4535_ACAGCCGAGTGAACAT,CID4535,ER+,Cancer Epithelial,Cancer LumB SC,Cancer LumB SC
CID4535_ACAGCCGAGTGTGGCA,CID4535,ER+,Cancer Epithelial,Cancer LumB SC,Cancer LumB SC
CID4535_ACAGCCGCATCTCGCT,CID4535,ER+,Cancer Epithelial,Cancer LumB SC,Cancer LumB SC
CID4535_ACAGCCGGTCTCGTTC,CID4535,ER+,Cancer Epithelial,Cancer LumB SC,Cancer LumB SC
CID4535_ACAGCCGTCTGGTTCC,CID4535,ER+,Cancer Epithelial,Cancer LumB SC,Cancer LumB SC
CID4535_ACAGCCGTCTGTCCGT,CID4535,ER+,Cancer Epithelial,Cancer LumB SC,Cancer LumB SC
CID4535_ACAGCTAAGCGCCTCA,CID4535,ER+,Cancer Epithelial,Cancer LumB SC,Cancer LumB SC
CID4535_ACAGCTAAGCGTTGCC,CID4535,ER+,Cancer Epithelial,Cancer LumB SC,Cancer LumB SC
CID4535_ACAGCTAAGTCTTGCA,CID4535,ER+,Cancer Epithelial,Cancer LumB SC,Cancer LumB SC
CID4535_ACAGCTACACGGATAG,CID4535,ER+,Cancer Epithelial,Cancer LumB SC,Cancer LumB SC
CID4535_ACAGCTATCATGGTCA,CID4535,ER+,Cancer Epithelial,Cancer LumB SC,Cancer LumB SC
CID4535_ACAGCTATCCAAACTG,CID4535,ER+,Cancer Epithelial,Cancer LumB SC,Cancer LumB SC
CID4535_ACATACGAGAGACTTA,CID4535,ER+,Cancer Epithelial,Cancer LumB SC,Cancer LumB SC
CID4535_ACATACGGTGAAATCA,CID4535,ER+,Cancer Epithelial,Cancer LumB SC,Cancer LumB SC
CID4535_ACATACGTCATAGCAC,CID4535,ER+,Cancer Epithelial,Cancer LumB SC,Cancer LumB SC
CID4535_ACATACGTCCTTAATC,CID4535,ER+,Cancer Epithelial,Cancer LumB SC,Cancer LumB SC
CID4535_ACATCAGAGACAGAGA,CID4535,ER+,Cancer Epithelial,Cancer LumB SC,Cancer LumB SC
CID4535_ACATCAGCAATGCCAT,CID4535,ER+,Cancer Epithelial,Cancer LumB SC,Cancer LumB SC
CID4535_ACATGGTAGCCAACAG,CID4535,ER+,Cancer Epithelial,Cancer LumB SC,Cancer LumB SC
CID4535_ACATGGTAGTGAACGC,CID4535,ER+,Cancer Epithelial,Cancer LumB SC,Cancer LumB SC
CID4535_ACATGGTCAGACGCAA,CID4535,ER+,Cancer Epithelial,Cancer LumB SC,Cancer LumB SC
CID4535_ACATGGTGTCCGTTAA,CID4535,ER+,Cancer Epithelial,Cancer LumB SC,Cancer LumB SC
CID4535_ACATGGTGTTGAACTC,CID4535,ER+,Cancer Epithelial,Cancer LumB SC,Cancer LumB SC
CID4535_ACATGGTTCATCGCTC,CID4535,ER+,Cancer Epithelial,Cancer LumB SC,Cancer LumB SC
CID4535_ACCAGTAGTGAGGGAG,CID4535,ER+,Cancer Epithelial,Cancer LumB SC,Cancer LumB SC
CID4535_ACCAGTATCATGCAAC,CID4535,ER+,Cancer Epithelial,Cancer LumB SC,Cancer LumB SC
CID4535_ACCCACTAGCGATGAC,CID4535,ER+,Cancer Epithelial,Cancer LumB SC,Cancer LumB SC
CID4535_ACCCACTAGGAGTTGC,CID4535,ER+,Cancer Epithelial,Cancer LumB SC,Cancer LumB SC
CID4535_ACCCACTCACCGATAT,CID4535,ER+,Cancer Epithelial,Cancer LumB SC,Cancer LumB SC
CID4535_ACCCACTGTGCCTGCA,CID4535,ER+,Cancer Epithelial,Cancer LumB SC,Cancer LumB SC
CID4535_ACCGTAAAGGATCGCA,CID4535,ER+,Cancer Epithelial,Cancer LumB SC,Cancer LumB SC
CID4535_ACCGTAACAGCTCGAC,CID4535,ER+,Cancer Epithelial,Cancer LumB SC,Cancer LumB SC
CID4535_ACCGTAAGTACTCTCC,CID4535,ER+,Cancer Epithelial,Cancer LumB SC,Cancer LumB SC
CID4535_ACCTTTAAGAAGCCCA,CID4535,ER+,Cancer Epithelial,Cancer LumB SC,Cancer LumB SC
CID4535_ACCTTTACACGAAATA,CID4535,ER+,Cancer Epithelial,Cancer LumB SC,Cancer LumB SC
CID4535_ACCTTTACAGGACCCT,CID4535,ER+,Cancer Epithelial,Cancer LumB SC,Cancer LumB SC
CID4535_ACCTTTATCGGATGGA,CID4535,ER+,Cancer Epithelial,Cancer LumB SC,Cancer LumB SC
CID4535_ACGAGCCAGTGGAGAA,CID4535,ER+,Cancer Epithelial,Cancer LumB SC,Cancer LumB SC
CID4535_ACGAGCCAGTGGGATC,CID4535,ER+,Cancer Epithelial,Cancer LumB SC,Cancer LumB SC
CID4535_ACGAGCCCACACAGAG,CID4535,ER+,Cancer Epithelial,Cancer LumB SC,Cancer LumB SC
CID4535_ACGAGCCGTTCTGGTA,CID4535,ER+,Cancer Epithelial,Cancer LumB SC,Cancer LumB SC
CID4535_ACGAGGAAGCTTCGCG,CID4535,ER+,Cancer Epithelial,Cancer LumB SC,Cancer LumB SC
CID4535_ACGAGGATCCAGGGCT,CID4535,ER+,Cancer Epithelial,Cancer LumB SC,Cancer LumB SC
CID4535_ACGATACAGTATTGGA,CID4535,ER+,Cancer Epithelial,Cancer LumB SC,Cancer LumB SC
CID4535_ACGATACCATGTAGTC,CID4535,ER+,Cancer Epithelial,Cancer LumB SC,Cancer LumB SC
CID4535_ACGATACGTCTGCGGT,CID4535,ER+,Cancer Epithelial,Cancer LumB SC,Cancer LumB SC
CID4535_ACGATACGTGATAAGT,CID4535,ER+,Cancer Epithelial,Cancer LumB SC,Cancer LumB SC
CID4535_ACGATACTCCCTCTTT,CID4535,ER+,Cancer Epithelial,Cancer LumB SC,Cancer LumB SC
CID4535_ACGATACTCGAACGGA,CID4535,ER+,Cancer Epithelial,Cancer LumB SC,Cancer LumB SC
CID4535_ACGATGTAGAAGGTTT,CID4535,ER+,Cancer Epithelial,Cancer LumB SC,Cancer LumB SC
CID4535_ACGATGTAGATATGGT,CID4535,ER+,Cancer Epithelial,Cancer LumB SC,Cancer LumB SC
CID4535_ACGATGTGTTTCCACC,CID4535,ER+,Cancer Epithelial,Cancer LumB SC,Cancer LumB SC
CID4535_ACGCAGCAGAGCCCAA,CID4535,ER+,Cancer Epithelial,Cancer LumB SC,Cancer LumB SC
CID4535_ACGCAGCAGATGAGAG,CID4535,ER+,Cancer Epithelial,Cancer LumB SC,Cancer LumB SC
CID4535_ACGCAGCAGCGCTTAT,CID4535,ER+,Cancer Epithelial,Cancer LumB SC,Cancer LumB SC
CID4535_ACGCAGCAGCGTAATA,CID4535,ER+,Cancer Epithelial,Cancer LumB SC,Cancer LumB SC
CID4535_ACGCAGCAGTAACCCT,CID4535,ER+,Cancer Epithelial,Cancer LumB SC,Cancer LumB SC
CID4535_ACGCAGCGTACAGTTC,CID4535,ER+,Cancer Epithelial,Cancer LumB SC,Cancer LumB SC
CID4535_ACGCAGCGTGATGATA,CID4535,ER+,Cancer Epithelial,Cancer LumB SC,Cancer LumB SC
CID4535_ACGCAGCTCTTGCCGT,CID4535,ER+,Cancer Epithelial,Cancer LumB SC,Cancer LumB SC
CID4535_ACGCCAGAGGGCTTCC,CID4535,ER+,Cancer Epithelial,Cancer LumB SC,Cancer LumB SC
CID4535_ACGCCAGAGGGTTTCT,CID4535,ER+,Cancer Epithelial,Cancer LumB SC,Cancer LumB SC
CID4535_ACGCCAGGTAGAAGGA,CID4535,ER+,Cancer Epithelial,Cancer LumB SC,Cancer LumB SC
CID4535_ACGCCAGGTCGAGTTT,CID4535,ER+,Cancer Epithelial,Cancer LumB SC,Cancer LumB SC
CID4535_ACGGAGAAGAATCTCC,CID4535,ER+,Cancer Epithelial,Cancer LumB SC,Cancer LumB SC
CID4535_ACGGAGAGTCGTGGCT,CID4535,ER+,Cancer Epithelial,Cancer LumB SC,Cancer LumB SC
CID4535_ACGGAGATCGTTGACA,CID4535,ER+,Cancer Epithelial,Cancer LumB SC,Cancer LumB SC
CID4535_ACGGCCACAGATCTGT,CID4535,ER+,Cancer Epithelial,Cancer LumB SC,Cancer LumB SC
CID4535_ACGGCCAGTAAGTTCC,CID4535,ER+,Cancer Epithelial,Cancer LumB SC,Cancer LumB SC
CID4535_ACGGCCATCCGCGCAA,CID4535,ER+,Cancer Epithelial,Cancer LumB SC,Cancer LumB SC
CID4535_ACGGGCTAGCTGCCCA,CID4535,ER+,Cancer Epithelial,Cancer LumB SC,Cancer LumB SC
CID4535_ACGGGCTCAATACGCT,CID4535,ER+,Cancer Epithelial,Cancer LumB SC,Cancer LumB SC
CID4535_ACGGGCTCACAGGCCT,CID4535,ER+,Cancer Epithelial,Cancer LumB SC,Cancer LumB SC
CID4535_ACGGGCTCAGGTCTCG,CID4535,ER+,Cancer Epithelial,Cancer LumB SC,Cancer LumB SC
CID4535_ACGGGTCAGGGTGTTG,CID4535,ER+,Cancer Epithelial,Cancer LumB SC,Cancer LumB SC
CID4535_ACGGGTCGTTTAAGCC,CID4535,ER+,Cancer Epithelial,Cancer LumB SC,Cancer LumB SC
CID4535_ACGGGTCTCGCATGGC,CID4535,ER+,Cancer Epithelial,Cancer LumB SC,Cancer LumB SC
CID4535_ACGTCAAGTAAAGGAG,CID4535,ER+,Cancer Epithelial,Cancer LumB SC,Cancer LumB SC
CID4535_ACGTCAAGTCGAAAGC,CID4535,ER+,Cancer Epithelial,Cancer LumB SC,Cancer LumB SC
CID4535_ACGTCAAGTGCACTTA,CID4535,ER+,Cancer Epithelial,Cancer LumB SC,Cancer LumB SC
CID4535_ACGTCAAGTGTCGCTG,CID4535,ER+,Cancer Epithelial,Cancer LumB SC,Cancer LumB SC
CID4535_ACTATCTAGCTGCGAA,CID4535,ER+,Cancer Epithelial,Cancer LumB SC,Cancer LumB SC
CID4535_ACTATCTCAAACGCGA,CID4535,ER+,Cancer Epithelial,Cancer LumB SC,Cancer LumB SC
CID4535_ACTATCTCAGTAACGG,CID4535,ER+,Cancer Epithelial,Cancer LumB SC,Cancer LumB SC
CID4535_ACTGAACAGATCCCGC,CID4535,ER+,Cancer Epithelial,Cancer LumB SC,Cancer LumB SC
CID4535_ACTGAACGTACCCAAT,CID4535,ER+,Cancer Epithelial,Cancer LumB SC,Cancer LumB SC
CID4535_ACTGAACTCTCAAGTG,CID4535,ER+,Cancer Epithelial,Cancer LumB SC,Cancer LumB SC
CID4535_ACTGAGTAGCCACTAT,CID4535,ER+,Cancer Epithelial,Cancer LumB SC,Cancer LumB SC
CID4535_ACTGAGTGTAGAAGGA,CID4535,ER+,Cancer Epithelial,Cancer LumB SC,Cancer LumB SC
CID4535_ACTGAGTGTGTGTGCC,CID4535,ER+,Cancer Epithelial,Cancer LumB SC,Cancer LumB SC
CID4535_ACTGATGCAAGAAGAG,CID4535,ER+,Cancer Epithelial,Cancer LumB SC,Cancer LumB SC
CID4535_ACTGATGCAAGCGCTC,CID4535,ER+,Cancer Epithelial,Cancer LumB SC,Cancer LumB SC
CID4535_ACTGATGCAGATGGCA,CID4535,ER+,Cancer Epithelial,Cancer LumB SC,Cancer LumB SC
CID4535_ACTGATGGTCATCCCT,CID4535,ER+,Cancer Epithelial,Cancer LumB SC,Cancer LumB SC
CID4535_ACTGCTCAGAAACCTA,CID4535,ER+,Cancer Epithelial,Cancer LumB SC,Cancer LumB SC
CID4535_ACTGCTCAGACTGGGT,CID4535,ER+,Cancer Epithelial,Cancer LumB SC,Cancer LumB SC
CID4535_ACTGCTCCATTCGACA,CID4535,ER+,Cancer Epithelial,Cancer LumB SC,Cancer LumB SC
CID4535_ACTGCTCGTCAGGACA,CID4535,ER+,Cancer Epithelial,Cancer LumB SC,Cancer LumB SC
CID4535_ACTGCTCGTTCCCGAG,CID4535,ER+,Cancer Epithelial,Cancer LumB SC,Cancer LumB SC
CID4535_ACTGCTCTCGCCATAA,CID4535,ER+,Cancer Epithelial,Cancer LumB SC,Cancer LumB SC
CID4535_ACTGTCCAGCACGCCT,CID4535,ER+,Cancer Epithelial,Cancer LumB SC,Cancer LumB SC
CID4535_ACTGTCCCACAGACTT,CID4535,ER+,Cancer Epithelial,Cancer LumB SC,Cancer LumB SC
CID4535_ACTGTCCCAGTAGAGC,CID4535,ER+,Cancer Epithelial,Cancer LumB SC,Cancer LumB SC
CID4535_ACTGTCCGTAAACGCG,CID4535,ER+,Cancer Epithelial,Cancer LumB SC,Cancer LumB SC
CID4535_ACTGTCCGTAAAGGAG,CID4535,ER+,Cancer Epithelial,Cancer LumB SC,Cancer LumB SC
CID4535_ACTGTCCGTTTAGGAA,CID4535,ER+,Cancer Epithelial,Cancer LumB SC,Cancer LumB SC
CID4535_ACTGTCCTCTTTACAC,CID4535,ER+,Cancer Epithelial,Cancer LumB SC,Cancer LumB SC
CID4535_ACTTACTAGCAGGCTA,CID4535,ER+,Cancer Epithelial,Cancer LumB SC,Cancer LumB SC
CID4535_ACTTACTCAAGAAGAG,CID4535,ER+,Cancer Epithelial,Cancer LumB SC,Cancer LumB SC
CID4535_ACTTACTCAGCATACT,CID4535,ER+,Cancer Epithelial,Cancer LumB SC,Cancer LumB SC
CID4535_ACTTACTCAGGGAGAG,CID4535,ER+,Cancer Epithelial,Cancer LumB SC,Cancer LumB SC
CID4535_ACTTACTGTCATGCAT,CID4535,ER+,Cancer Epithelial,Cancer LumB SC,Cancer LumB SC
CID4535_ACTTACTTCACCAGGC,CID4535,ER+,Cancer Epithelial,Cancer LumB SC,Cancer LumB SC
CID4535_ACTTACTTCATTTGGG,CID4535,ER+,Cancer Epithelial,Cancer LumB SC,Cancer LumB SC
CID4535_ACTTGTTAGACTAAGT,CID4535,ER+,Cancer Epithelial,Cancer LumB SC,Cancer LumB SC
CID4535_ACTTGTTAGAGGTTGC,CID4535,ER+,Cancer Epithelial,Cancer LumB SC,Cancer LumB SC
CID4535_ACTTTCAAGCAAATCA,CID4535,ER+,Cancer Epithelial,Cancer LumB SC,Cancer LumB SC
CID4535_ACTTTCACAAAGCGGT,CID4535,ER+,Cancer Epithelial,Cancer LumB SC,Cancer LumB SC
CID4535_ACTTTCATCGGCCGAT,CID4535,ER+,Cancer Epithelial,Cancer LumB SC,Cancer LumB SC
CID4535_AGAATAGCACCCAGTG,CID4535,ER+,Cancer Epithelial,Cancer LumB SC,Cancer LumB SC
CID4535_AGAATAGGTATAAACG,CID4535,ER+,Cancer Epithelial,Cancer LumB SC,Cancer LumB SC
CID4535_AGACGTTAGCAAATCA,CID4535,ER+,Cancer Epithelial,Cancer LumB SC,Cancer LumB SC
CID4535_AGACGTTAGCGAAGGG,CID4535,ER+,Cancer Epithelial,Cancer LumB SC,Cancer LumB SC
CID4535_AGACGTTCAAACAACA,CID4535,ER+,Cancer Epithelial,Cancer LumB SC,Cancer LumB SC
CID4535_AGACGTTCAGTAAGAT,CID4535,ER+,Cancer Epithelial,Cancer LumB SC,Cancer LumB SC
CID4535_AGACGTTCAGTGACAG,CID4535,ER+,Cancer Epithelial,Cancer LumB SC,Cancer LumB SC
CID4535_AGACGTTGTCACCCAG,CID4535,ER+,Cancer Epithelial,Cancer LumB SC,Cancer LumB SC
CID4535_AGACGTTGTGTAATGA,CID4535,ER+,Cancer Epithelial,Cancer LumB SC,Cancer LumB SC
CID4535_AGAGCGAAGTAACCCT,CID4535,ER+,Cancer Epithelial,Cancer LumB SC,Cancer LumB SC
CID4535_AGAGCGAAGTGATCGG,CID4535,ER+,Cancer Epithelial,Cancer LumB SC,Cancer LumB SC
CID4535_AGAGCGACAATCTGCA,CID4535,ER+,Cancer Epithelial,Cancer LumB SC,Cancer LumB SC
CID4535_AGAGCGAGTCGAATCT,CID4535,ER+,Cancer Epithelial,Cancer LumB SC,Cancer LumB SC
CID4535_AGAGCGATCGAATGGG,CID4535,ER+,Cancer Epithelial,Cancer LumB SC,Cancer LumB SC
CID4535_AGAGCTTGTTACCAGT,CID4535,ER+,Cancer Epithelial,Cancer LumB SC,Cancer LumB SC
CID4535_AGAGCTTGTTCGAATC,CID4535,ER+,Cancer Epithelial,Cancer LumB SC,Cancer LumB SC
CID4535_AGAGCTTGTTTGGGCC,CID4535,ER+,Cancer Epithelial,Cancer LumB SC,Cancer LumB SC
CID4535_AGAGCTTTCACCATAG,CID4535,ER+,Cancer Epithelial,Cancer LumB SC,Cancer LumB SC
CID4535_AGAGCTTTCGGCATCG,CID4535,ER+,Cancer Epithelial,Cancer LumB SC,Cancer LumB SC
CID4535_AGAGTGGAGCGACGTA,CID4535,ER+,Cancer Epithelial,Cancer LumB SC,Cancer LumB SC
CID4535_AGAGTGGCACGTTGGC,CID4535,ER+,Cancer Epithelial,Cancer LumB SC,Cancer LumB SC
CID4535_AGAGTGGGTAGGAGTC,CID4535,ER+,Cancer Epithelial,Cancer LumB SC,Cancer LumB SC
CID4535_AGAGTGGTCGGAGCAA,CID4535,ER+,Cancer Epithelial,Cancer LumB SC,Cancer LumB SC
CID4535_AGATCTGCAAAGAATC,CID4535,ER+,Cancer Epithelial,Cancer LumB SC,Cancer LumB SC
CID4535_AGATCTGCAACTGCGC,CID4535,ER+,Cancer Epithelial,Cancer LumB SC,Cancer LumB SC
CID4535_AGATCTGCACGGCTAC,CID4535,ER+,Cancer Epithelial,Cancer LumB SC,Cancer LumB SC
CID4535_AGATTGCTCCATGAAC,CID4535,ER+,Cancer Epithelial,Cancer LumB SC,Cancer LumB SC
CID4535_AGCAGCCAGGCTAGCA,CID4535,ER+,Cancer Epithelial,Cancer LumB SC,Cancer LumB SC
CID4535_AGCAGCCCAATGTAAG,CID4535,ER+,Cancer Epithelial,Cancer LumB SC,Cancer LumB SC
CID4535_AGCAGCCGTCTGATTG,CID4535,ER+,Cancer Epithelial,Cancer LumB SC,Cancer LumB SC
CID4535_AGCAGCCTCACTTACT,CID4535,ER+,Cancer Epithelial,Cancer LumB SC,Cancer LumB SC
CID4535_AGCATACAGCAATCTC,CID4535,ER+,Cancer Epithelial,Cancer LumB SC,Cancer LumB SC
CID4535_AGCATACAGGCCGAAT,CID4535,ER+,Cancer Epithelial,Cancer LumB SC,Cancer LumB SC
CID4535_AGCATACCAATGACCT,CID4535,ER+,Cancer Epithelial,Cancer LumB SC,Cancer LumB SC
CID4535_AGCATACGTGCCTGGT,CID4535,ER+,Cancer Epithelial,Cancer LumB SC,Cancer LumB SC
CID4535_AGCATACGTGGCGAAT,CID4535,ER+,Cancer Epithelial,Cancer LumB SC,Cancer LumB SC
CID4535_AGCATACTCCGAGCCA,CID4535,ER+,Cancer Epithelial,Cancer LumB SC,Cancer LumB SC
CID4535_AGCCTAAGTGACGGTA,CID4535,ER+,Cancer Epithelial,Cancer LumB SC,Cancer LumB SC
CID4535_AGCCTAATCAGCTGGC,CID4535,ER+,Cancer Epithelial,Cancer LumB SC,Cancer LumB SC
CID4535_AGCCTAATCTGCGGCA,CID4535,ER+,Cancer Epithelial,Cancer LumB SC,Cancer LumB SC
CID4535_AGCCTAATCTTGACGA,CID4535,ER+,Cancer Epithelial,Cancer LumB SC,Cancer LumB SC
CID4535_AGCGGTCAGCTGATAA,CID4535,ER+,Cancer Epithelial,Cancer LumB SC,Cancer LumB SC
CID4535_AGCGGTCAGCTGCGAA,CID4535,ER+,Cancer Epithelial,Cancer LumB SC,Cancer LumB SC
CID4535_AGCGGTCAGGACCACA,CID4535,ER+,Cancer Epithelial,Cancer LumB SC,Cancer LumB SC
CID4535_AGCGGTCCAGACGCTC,CID4535,ER+,Cancer Epithelial,Cancer LumB SC,Cancer LumB SC
CID4535_AGCGGTCGTATGAAAC,CID4535,ER+,Cancer Epithelial,Cancer LumB SC,Cancer LumB SC
CID4535_AGCGGTCTCATGCAAC,CID4535,ER+,Cancer Epithelial,Cancer LumB SC,Cancer LumB SC
CID4535_AGCGTATCAGCGTTCG,CID4535,ER+,Cancer Epithelial,Cancer LumB SC,Cancer LumB SC
CID4535_AGCGTATCATCCCATC,CID4535,ER+,Cancer Epithelial,Cancer LumB SC,Cancer LumB SC
CID4535_AGCGTATGTAGCTGCC,CID4535,ER+,Cancer Epithelial,Cancer LumB SC,Cancer LumB SC
CID4535_AGCGTCGCAGTATAAG,CID4535,ER+,Cancer Epithelial,Cancer LumB SC,Cancer LumB SC
CID4535_AGCGTCGGTCGCCATG,CID4535,ER+,Cancer Epithelial,Cancer LumB SC,Cancer LumB SC
CID4535_AGCTCCTAGAGCTATA,CID4535,ER+,Cancer Epithelial,Cancer LumB SC,Cancer LumB SC
CID4535_AGCTCCTAGGATATAC,CID4535,ER+,Cancer Epithelial,Cancer LumB SC,Cancer LumB SC
CID4535_AGCTCCTCAAGCCGCT,CID4535,ER+,Cancer Epithelial,Cancer LumB SC,Cancer LumB SC
CID4535_AGCTCCTCAGGTCTCG,CID4535,ER+,Cancer Epithelial,Cancer LumB SC,Cancer LumB SC
CID4535_AGCTCCTGTACCAGTT,CID4535,ER+,Cancer Epithelial,Cancer LumB SC,Cancer LumB SC
CID4535_AGCTCCTGTCGAATCT,CID4535,ER+,Cancer Epithelial,Cancer LumB SC,Cancer LumB SC
CID4535_AGCTCTCAGCCACGCT,CID4535,ER+,Cancer Epithelial,Cancer LumB SC,Cancer LumB SC
CID4535_AGCTCTCCAGGTCCAC,CID4535,ER+,Cancer Epithelial,Cancer LumB SC,Cancer LumB SC
CID4535_AGCTCTCGTACTTCTT,CID4535,ER+,Cancer Epithelial,Cancer LumB SC,Cancer LumB SC
CID4535_AGCTTGAAGCGTTGCC,CID4535,ER+,Cancer Epithelial,Cancer LumB SC,Cancer LumB SC
CID4535_AGCTTGACACCAGGTC,CID4535,ER+,Cancer Epithelial,Cancer LumB SC,Cancer LumB SC
CID4535_AGCTTGACATCCCATC,CID4535,ER+,Cancer Epithelial,Cancer LumB SC,Cancer LumB SC
CID4535_AGGCCACTCGAGCCCA,CID4535,ER+,Cancer Epithelial,Cancer LumB SC,Cancer LumB SC
CID4535_AGGCCGTAGTCGATAA,CID4535,ER+,Cancer Epithelial,Cancer LumB SC,Cancer LumB SC
CID4535_AGGCCGTAGTCTCCTC,CID4535,ER+,Cancer Epithelial,Cancer LumB SC,Cancer LumB SC
CID4535_AGGCCGTCAAGTAGTA,CID4535,ER+,Cancer Epithelial,Cancer LumB SC,Cancer LumB SC
CID4535_AGGCCGTCAGATAATG,CID4535,ER+,Cancer Epithelial,Cancer LumB SC,Cancer LumB SC
CID4535_AGGCCGTCAGTATCTG,CID4535,ER+,Cancer Epithelial,Cancer LumB SC,Cancer LumB SC
CID4535_AGGCCGTCATAGAAAC,CID4535,ER+,Cancer Epithelial,Cancer LumB SC,Cancer LumB SC
CID4535_AGGCCGTGTCTGCCAG,CID4535,ER+,Cancer Epithelial,Cancer LumB SC,Cancer LumB SC
CID4535_AGGCCGTTCGGCCGAT,CID4535,ER+,Cancer Epithelial,Cancer LumB SC,Cancer LumB SC
CID4535_AGGGAGTAGAAGGCCT,CID4535,ER+,Cancer Epithelial,Cancer LumB SC,Cancer LumB SC
CID4535_AGGGAGTAGGCTCAGA,CID4535,ER+,Cancer Epithelial,Cancer LumB SC,Cancer LumB SC
CID4535_AGGGAGTCACCCATGG,CID4535,ER+,Cancer Epithelial,Cancer LumB SC,Cancer LumB SC
CID4535_AGGGAGTCATATACGC,CID4535,ER+,Cancer Epithelial,Cancer LumB SC,Cancer LumB SC
CID4535_AGGGAGTGTAAGCACG,CID4535,ER+,Cancer Epithelial,Cancer LumB SC,Cancer LumB SC
CID4535_AGGGAGTGTGCACCAC,CID4535,ER+,Cancer Epithelial,Cancer LumB SC,Cancer LumB SC
CID4535_AGGGAGTGTGCCTGCA,CID4535,ER+,Cancer Epithelial,Cancer LumB SC,Cancer LumB SC
CID4535_AGGGATGAGTTAAGTG,CID4535,ER+,Cancer Epithelial,Cancer LumB SC,Cancer LumB SC
CID4535_AGGGATGGTCAAGCGA,CID4535,ER+,Cancer Epithelial,Cancer LumB SC,Cancer LumB SC
CID4535_AGGGATGGTGATGATA,CID4535,ER+,Cancer Epithelial,Cancer LumB SC,Cancer LumB SC
CID4535_AGGGATGTCCACGTGG,CID4535,ER+,Cancer Epithelial,Cancer LumB SC,Cancer LumB SC
CID4535_AGGGTGACACAGGAGT,CID4535,ER+,Cancer Epithelial,Cancer LumB SC,Cancer LumB SC
CID4535_AGGGTGAGTCCGTTAA,CID4535,ER+,Cancer Epithelial,Cancer LumB SC,Cancer LumB SC
CID4535_AGGGTGAGTGACGGTA,CID4535,ER+,Cancer Epithelial,Cancer LumB SC,Cancer LumB SC
CID4535_AGGGTGATCTGCCAGG,CID4535,ER+,Cancer Epithelial,Cancer LumB SC,Cancer LumB SC
CID4535_AGGTCATAGCCCAACC,CID4535,ER+,Cancer Epithelial,Cancer LumB SC,Cancer LumB SC
CID4535_AGGTCATCAATCAGAA,CID4535,ER+,Cancer Epithelial,Cancer LumB SC,Cancer LumB SC
CID4535_AGGTCATTCATAACCG,CID4535,ER+,Cancer Epithelial,Cancer LumB SC,Cancer LumB SC
CID4535_AGGTCATTCGCCAAAT,CID4535,ER+,Cancer Epithelial,Cancer LumB SC,Cancer LumB SC
CID4535_AGGTCCGAGAGTGACC,CID4535,ER+,Cancer Epithelial,Cancer LumB SC,Cancer LumB SC
CID4535_AGGTCCGCAAGAAAGG,CID4535,ER+,Cancer Epithelial,Cancer LumB SC,Cancer LumB SC
CID4535_AGGTCCGCACATGGGA,CID4535,ER+,Cancer Epithelial,Cancer LumB SC,Cancer LumB SC
CID4535_AGGTCCGGTAGAAGGA,CID4535,ER+,Cancer Epithelial,Cancer LumB SC,Cancer LumB SC
CID4535_AGGTCCGGTCTAAACC,CID4535,ER+,Cancer Epithelial,Cancer LumB SC,Cancer LumB SC
CID4535_AGGTCCGTCAGTTTGG,CID4535,ER+,Cancer Epithelial,Cancer LumB SC,Cancer LumB SC
CID4535_AGGTCCGTCCCAAGAT,CID4535,ER+,Cancer Epithelial,Cancer LumB SC,Cancer LumB SC
CID4535_AGGTCCGTCTTATCTG,CID4535,ER+,Cancer Epithelial,Cancer LumB SC,Cancer LumB SC
CID4535_AGGTCCGTCTTTACAC,CID4535,ER+,Cancer Epithelial,Cancer LumB SC,Cancer LumB SC
CID4535_AGTAGTCGTCAACATC,CID4535,ER+,Cancer Epithelial,Cancer LumB SC,Cancer LumB SC
CID4535_AGTAGTCTCCACGCAG,CID4535,ER+,Cancer Epithelial,Cancer LumB SC,Cancer LumB SC
CID4535_AGTCTTTCAAGTAATG,CID4535,ER+,Cancer Epithelial,Cancer LumB SC,Cancer LumB SC
CID4535_AGTCTTTCACAAGACG,CID4535,ER+,Cancer Epithelial,Cancer LumB SC,Cancer LumB SC
CID4535_AGTGAGGCAGTCACTA,CID4535,ER+,Cancer Epithelial,Cancer LumB SC,Cancer LumB SC
CID4535_AGTGAGGGTACGCACC,CID4535,ER+,Cancer Epithelial,Cancer LumB SC,Cancer LumB SC
CID4535_AGTGAGGTCATTTGGG,CID4535,ER+,Cancer Epithelial,Cancer LumB SC,Cancer LumB SC
CID4535_AGTGGGAGTCTTCAAG,CID4535,ER+,Cancer Epithelial,Cancer LumB SC,Cancer LumB SC
CID4535_AGTGGGATCCGCATAA,CID4535,ER+,Cancer Epithelial,Cancer LumB SC,Cancer LumB SC
CID4535_AGTGGGATCGCCATAA,CID4535,ER+,Cancer Epithelial,Cancer LumB SC,Cancer LumB SC
CID4535_AGTGGGATCGTTACAG,CID4535,ER+,Cancer Epithelial,Cancer LumB SC,Cancer LumB SC
CID4535_AGTGTCAAGACGCACA,CID4535,ER+,Cancer Epithelial,Cancer LumB SC,Cancer LumB SC
CID4535_AGTGTCAGTCCAGTAT,CID4535,ER+,Cancer Epithelial,Cancer LumB SC,Cancer LumB SC
CID4535_AGTGTCATCGGAGCAA,CID4535,ER+,Cancer Epithelial,Cancer LumB SC,Cancer LumB SC
CID4535_AGTTGGTGTTTGTGTG,CID4535,ER+,Cancer Epithelial,Cancer LumB SC,Cancer LumB SC
CID4535_ATAACGCAGGTCATCT,CID4535,ER+,Cancer Epithelial,Cancer LumB SC,Cancer LumB SC
CID4535_ATAACGCAGTGTGAAT,CID4535,ER+,Cancer Epithelial,Cancer LumB SC,Cancer LumB SC
CID4535_ATAACGCCAATAGAGT,CID4535,ER+,Cancer Epithelial,Cancer LumB SC,Cancer LumB SC
CID4535_ATAACGCCACTAAGTC,CID4535,ER+,Cancer Epithelial,Cancer LumB SC,Cancer LumB SC
CID4535_ATAACGCCAGCTGTGC,CID4535,ER+,Cancer Epithelial,Cancer LumB SC,Cancer LumB SC
CID4535_ATAACGCGTACACCGC,CID4535,ER+,Cancer Epithelial,Cancer LumB SC,Cancer LumB SC
CID4535_ATAACGCGTACAGTTC,CID4535,ER+,Cancer Epithelial,Cancer LumB SC,Cancer LumB SC
CID4535_ATAAGAGCAATTGCTG,CID4535,ER+,Cancer Epithelial,Cancer LumB SC,Cancer LumB SC
CID4535_ATAAGAGGTGTGAAAT,CID4535,ER+,Cancer Epithelial,Cancer LumB SC,Cancer LumB SC
CID4535_ATAAGAGTCAGAGCTT,CID4535,ER+,Cancer Epithelial,Cancer LumB SC,Cancer LumB SC
CID4535_ATAGACCAGGACAGAA,CID4535,ER+,Cancer Epithelial,Cancer LumB SC,Cancer LumB SC
CID4535_ATAGACCCAGATGGGT,CID4535,ER+,Cancer Epithelial,Cancer LumB SC,Cancer LumB SC
CID4535_ATAGACCCATGCTGGC,CID4535,ER+,Cancer Epithelial,Cancer LumB SC,Cancer LumB SC
CID4535_ATCACGAGTATAGGGC,CID4535,ER+,Cancer Epithelial,Cancer LumB SC,Cancer LumB SC
CID4535_ATCATCTAGGATGGAA,CID4535,ER+,Cancer Epithelial,Cancer LumB SC,Cancer LumB SC
CID4535_ATCATCTAGGGTCGAT,CID4535,ER+,Cancer Epithelial,Cancer LumB SC,Cancer LumB SC
CID4535_ATCATCTGTCGTCTTC,CID4535,ER+,Cancer Epithelial,Cancer LumB SC,Cancer LumB SC
CID4535_ATCATGGAGTTGTAGA,CID4535,ER+,Cancer Epithelial,Cancer LumB SC,Cancer LumB SC
CID4535_ATCATGGCAAACCCAT,CID4535,ER+,Cancer Epithelial,Cancer LumB SC,Cancer LumB SC
CID4535_ATCATGGTCTACCTGC,CID4535,ER+,Cancer Epithelial,Cancer LumB SC,Cancer LumB SC
CID4535_ATCCACCCAAGGACAC,CID4535,ER+,Cancer Epithelial,Cancer LumB SC,Cancer LumB SC
CID4535_ATCCACCCACGGTGTC,CID4535,ER+,Cancer Epithelial,Cancer LumB SC,Cancer LumB SC
CID4535_ATCCACCGTAAGTGGC,CID4535,ER+,Cancer Epithelial,Cancer LumB SC,Cancer LumB SC
CID4535_ATCCACCTCGAATGCT,CID4535,ER+,Cancer Epithelial,Cancer LumB SC,Cancer LumB SC
CID4535_ATCCGAACAAGAGGCT,CID4535,ER+,Cancer Epithelial,Cancer LumB SC,Cancer LumB SC
CID4535_ATCCGAACATATGGTC,CID4535,ER+,Cancer Epithelial,Cancer LumB SC,Cancer LumB SC
CID4535_ATCCGAATCACTTATC,CID4535,ER+,Cancer Epithelial,Cancer LumB SC,Cancer LumB SC
CID4535_ATCCGAATCGTTTAGG,CID4535,ER+,Cancer Epithelial,Cancer LumB SC,Cancer LumB SC
CID4535_ATCGAGTCACCCTATC,CID4535,ER+,Cancer Epithelial,Cancer LumB SC,Cancer LumB SC
CID4535_ATCGAGTCAGGATCGA,CID4535,ER+,Cancer Epithelial,Cancer LumB SC,Cancer LumB SC
CID4535_ATCGAGTGTTCGCTAA,CID4535,ER+,Cancer Epithelial,Cancer LumB SC,Cancer LumB SC
CID4535_ATCGAGTTCCCAAGTA,CID4535,ER+,Cancer Epithelial,Cancer LumB SC,Cancer LumB SC
CID4535_ATCTACTAGGGAAACA,CID4535,ER+,Cancer Epithelial,Cancer LumB SC,Cancer LumB SC
CID4535_ATCTACTCAATACGCT,CID4535,ER+,Cancer Epithelial,Cancer LumB SC,Cancer LumB SC
CID4535_ATCTACTGTAAGAGGA,CID4535,ER+,Cancer Epithelial,Cancer LumB SC,Cancer LumB SC
CID4535_ATCTACTTCTTGCAAG,CID4535,ER+,Cancer Epithelial,Cancer LumB SC,Cancer LumB SC
CID4535_ATCTGCCAGCCAACAG,CID4535,ER+,Cancer Epithelial,Cancer LumB SC,Cancer LumB SC
CID4535_ATCTGCCAGCGAGAAA,CID4535,ER+,Cancer Epithelial,Cancer LumB SC,Cancer LumB SC
CID4535_ATCTGCCAGGCAATTA,CID4535,ER+,Cancer Epithelial,Cancer LumB SC,Cancer LumB SC
CID4535_ATCTGCCCACAGGTTT,CID4535,ER+,Cancer Epithelial,Cancer LumB SC,Cancer LumB SC
CID4535_ATGAGGGCATCACGTA,CID4535,ER+,Cancer Epithelial,Cancer LumB SC,Cancer LumB SC
CID4535_ATGAGGGCATTCGACA,CID4535,ER+,Cancer Epithelial,Cancer LumB SC,Cancer LumB SC
CID4535_ATGAGGGGTACATGTC,CID4535,ER+,Cancer Epithelial,Cancer LumB SC,Cancer LumB SC
CID4535_ATGAGGGGTATCAGTC,CID4535,ER+,Cancer Epithelial,Cancer LumB SC,Cancer LumB SC
CID4535_ATGAGGGGTGTCAATC,CID4535,ER+,Cancer Epithelial,Cancer LumB SC,Cancer LumB SC
CID4535_ATGAGGGTCACCTTAT,CID4535,ER+,Cancer Epithelial,Cancer LumB SC,Cancer LumB SC
CID4535_ATGAGGGTCCAGTAGT,CID4535,ER+,Cancer Epithelial,Cancer LumB SC,Cancer LumB SC
CID4535_ATGAGGGTCCTCATTA,CID4535,ER+,Cancer Epithelial,Cancer LumB SC,Cancer LumB SC
CID4535_ATGAGGGTCCTCGCAT,CID4535,ER+,Cancer Epithelial,Cancer LumB SC,Cancer LumB SC
CID4535_ATGCGATCAGCCAATT,CID4535,ER+,Cancer Epithelial,Cancer LumB SC,Cancer LumB SC
CID4535_ATGCGATGTAGGGTAC,CID4535,ER+,Cancer Epithelial,Cancer LumB SC,Cancer LumB SC
CID4535_ATGCGATGTATCTGCA,CID4535,ER+,Cancer Epithelial,Cancer LumB SC,Cancer LumB SC
CID4535_ATGCGATGTCTAAACC,CID4535,ER+,Cancer Epithelial,Cancer LumB SC,Cancer LumB SC
CID4535_ATGTGTGAGGAATTAC,CID4535,ER+,Cancer Epithelial,Cancer LumB SC,Cancer LumB SC
CID4535_ATGTGTGCAAGGTTCT,CID4535,ER+,Cancer Epithelial,Cancer LumB SC,Cancer LumB SC
CID4535_ATGTGTGCAGCCTATA,CID4535,ER+,Cancer Epithelial,Cancer LumB SC,Cancer LumB SC
CID4535_ATGTGTGCAGCTTCGG,CID4535,ER+,Cancer Epithelial,Cancer LumB SC,Cancer LumB SC
CID4535_ATGTGTGTCAGCAACT,CID4535,ER+,Cancer Epithelial,Cancer LumB SC,Cancer LumB SC
CID4535_ATGTGTGTCGGTTCGG,CID4535,ER+,Cancer Epithelial,Cancer LumB SC,Cancer LumB SC
CID4535_ATTACTCCAGGCGATA,CID4535,ER+,Cancer Epithelial,Cancer LumB SC,Cancer LumB SC
CID4535_ATTACTCCATTCCTGC,CID4535,ER+,Cancer Epithelial,Cancer LumB SC,Cancer LumB SC
CID4535_ATTACTCGTAAGTGGC,CID4535,ER+,Cancer Epithelial,Cancer LumB SC,Cancer LumB SC
CID4535_ATTACTCGTCTCTTTA,CID4535,ER+,Cancer Epithelial,Cancer LumB SC,Cancer LumB SC
CID4535_ATTACTCTCGCGTAGC,CID4535,ER+,Cancer Epithelial,Cancer LumB SC,Cancer LumB SC
CID4535_ATTACTCTCTCAAGTG,CID4535,ER+,Cancer Epithelial,Cancer LumB SC,Cancer LumB SC
CID4535_ATTACTCTCTTTACAC,CID4535,ER+,Cancer Epithelial,Cancer LumB SC,Cancer LumB SC
CID4535_ATTATCCCAGGCAGTA,CID4535,ER+,Cancer Epithelial,Cancer LumB SC,Cancer LumB SC
CID4535_ATTATCCTCCATGCTC,CID4535,ER+,Cancer Epithelial,Cancer LumB SC,Cancer LumB SC
CID4535_ATTATCCTCCGAGCCA,CID4535,ER+,Cancer Epithelial,Cancer LumB SC,Cancer LumB SC
CID4535_ATTCTACCACCAGTTA,CID4535,ER+,Cancer Epithelial,Cancer LumB SC,Cancer LumB SC
CID4535_ATTCTACGTATAAACG,CID4535,ER+,Cancer Epithelial,Cancer LumB SC,Cancer LumB SC
CID4535_ATTCTACTCACCTTAT,CID4535,ER+,Cancer Epithelial,Cancer LumB SC,Cancer LumB SC
CID4535_ATTCTACTCATCTGTT,CID4535,ER+,Cancer Epithelial,Cancer LumB SC,Cancer LumB SC
CID4535_ATTCTACTCCAAAGTC,CID4535,ER+,Cancer Epithelial,Cancer LumB SC,Cancer LumB SC
CID4535_ATTGGACCAATGGACG,CID4535,ER+,Cancer Epithelial,Cancer LumB SC,Cancer LumB SC
CID4535_ATTGGACCACCAGGTC,CID4535,ER+,Cancer Epithelial,Cancer LumB SC,Cancer LumB SC
CID4535_ATTGGACTCATGCAAC,CID4535,ER+,Cancer Epithelial,Cancer LumB SC,Cancer LumB SC
CID4535_ATTGGACTCCTTTACA,CID4535,ER+,Cancer Epithelial,Cancer LumB SC,Cancer LumB SC
CID4535_ATTGGTGAGAGTAATC,CID4535,ER+,Cancer Epithelial,Cancer LumB SC,Cancer LumB SC
CID4535_ATTGGTGAGCGACGTA,CID4535,ER+,Cancer Epithelial,Cancer LumB SC,Cancer LumB SC
CID4535_ATTGGTGCAGTACACT,CID4535,ER+,Cancer Epithelial,Cancer LumB SC,Cancer LumB SC
CID4535_ATTGGTGGTTACCAGT,CID4535,ER+,Cancer Epithelial,Cancer LumB SC,Cancer LumB SC
CID4535_ATTTCTGAGCGCCTTG,CID4535,ER+,Cancer Epithelial,Cancer LumB SC,Cancer LumB SC
CID4535_ATTTCTGAGCTCAACT,CID4535,ER+,Cancer Epithelial,Cancer LumB SC,Cancer LumB SC
CID4535_ATTTCTGAGTGTACTC,CID4535,ER+,Cancer Epithelial,Cancer LumB SC,Cancer LumB SC
CID4535_ATTTCTGCAAGTTAAG,CID4535,ER+,Cancer Epithelial,Cancer LumB SC,Cancer LumB SC
CID4535_ATTTCTGGTCTGCCAG,CID4535,ER+,Cancer Epithelial,Cancer LumB SC,Cancer LumB SC
CID4535_ATTTCTGTCCCTCTTT,CID4535,ER+,Cancer Epithelial,Cancer LumB SC,Cancer LumB SC
CID4535_CAACCAAAGTAGGTGC,CID4535,ER+,Cancer Epithelial,Cancer LumB SC,Cancer LumB SC
CID4535_CAACCAACATTAGCCA,CID4535,ER+,Cancer Epithelial,Cancer LumB SC,Cancer LumB SC
CID4535_CAACCAAGTTCCGTCT,CID4535,ER+,Cancer Epithelial,Cancer LumB SC,Cancer LumB SC
CID4535_CAACCTCCAACTGCGC,CID4535,ER+,Cancer Epithelial,Cancer LumB SC,Cancer LumB SC
CID4535_CAACCTCTCACCACCT,CID4535,ER+,Cancer Epithelial,Cancer LumB SC,Cancer LumB SC
CID4535_CAACTAGGTCTACCTC,CID4535,ER+,Cancer Epithelial,Cancer LumB SC,Cancer LumB SC
CID4535_CAAGAAAAGCGATATA,CID4535,ER+,Cancer Epithelial,Cancer LumB SC,Cancer LumB SC
CID4535_CAAGAAAAGCTTCGCG,CID4535,ER+,Cancer Epithelial,Cancer LumB SC,Cancer LumB SC
CID4535_CAAGAAACACATCCGG,CID4535,ER+,Cancer Epithelial,Cancer LumB SC,Cancer LumB SC
CID4535_CAAGAAAGTTAAGATG,CID4535,ER+,Cancer Epithelial,Cancer LumB SC,Cancer LumB SC
CID4535_CAAGATCGTAACGCGA,CID4535,ER+,Cancer Epithelial,Cancer LumB SC,Cancer LumB SC
CID4535_CAAGATCGTTACCAGT,CID4535,ER+,Cancer Epithelial,Cancer LumB SC,Cancer LumB SC
CID4535_CAAGATCTCACAGGCC,CID4535,ER+,Cancer Epithelial,Cancer LumB SC,Cancer LumB SC
CID4535_CAAGGCCAGGAGTTTA,CID4535,ER+,Cancer Epithelial,Cancer LumB SC,Cancer LumB SC
CID4535_CAAGGCCAGGATATAC,CID4535,ER+,Cancer Epithelial,Cancer LumB SC,Cancer LumB SC
CID4535_CAAGGCCCAGCCACCA,CID4535,ER+,Cancer Epithelial,Cancer LumB SC,Cancer LumB SC
CID4535_CAAGGCCCATCGGAAG,CID4535,ER+,Cancer Epithelial,Cancer LumB SC,Cancer LumB SC
CID4535_CAAGGCCGTAAGCACG,CID4535,ER+,Cancer Epithelial,Cancer LumB SC,Cancer LumB SC
CID4535_CAAGGCCGTTCCGGCA,CID4535,ER+,Cancer Epithelial,Cancer LumB SC,Cancer LumB SC
CID4535_CAAGGCCTCTGGTTCC,CID4535,ER+,Cancer Epithelial,Cancer LumB SC,Cancer LumB SC
CID4535_CAAGGCCTCTGTTTGT,CID4535,ER+,Cancer Epithelial,Cancer LumB SC,Cancer LumB SC
CID4535_CAAGTTGAGAGACTAT,CID4535,ER+,Cancer Epithelial,Cancer LumB SC,Cancer LumB SC
CID4535_CAAGTTGAGTACCGGA,CID4535,ER+,Cancer Epithelial,Cancer LumB SC,Cancer LumB SC
CID4535_CAAGTTGCAGACGTAG,CID4535,ER+,Cancer Epithelial,Cancer LumB SC,Cancer LumB SC
CID4535_CAAGTTGCAGTACACT,CID4535,ER+,Cancer Epithelial,Cancer LumB SC,Cancer LumB SC
CID4535_CAAGTTGGTATCACCA,CID4535,ER+,Cancer Epithelial,Cancer LumB SC,Cancer LumB SC
CID4535_CAAGTTGGTCATCCCT,CID4535,ER+,Cancer Epithelial,Cancer LumB SC,Cancer LumB SC
CID4535_CAAGTTGGTGCAACGA,CID4535,ER+,Cancer Epithelial,Cancer LumB SC,Cancer LumB SC
CID4535_CAAGTTGTCCAAGCCG,CID4535,ER+,Cancer Epithelial,Cancer LumB SC,Cancer LumB SC
CID4535_CAAGTTGTCCATGCTC,CID4535,ER+,Cancer Epithelial,Cancer LumB SC,Cancer LumB SC
CID4535_CAAGTTGTCTCGCATC,CID4535,ER+,Cancer Epithelial,Cancer LumB SC,Cancer LumB SC
CID4535_CACAAACCACGCATCG,CID4535,ER+,Cancer Epithelial,Cancer LumB SC,Cancer LumB SC
CID4535_CACAAACCAGATTGCT,CID4535,ER+,Cancer Epithelial,Cancer LumB SC,Cancer LumB SC
CID4535_CACAAACGTTGGAGGT,CID4535,ER+,Cancer Epithelial,Cancer LumB SC,Cancer LumB SC
CID4535_CACAAACGTTGTACAC,CID4535,ER+,Cancer Epithelial,Cancer LumB SC,Cancer LumB SC
CID4535_CACAAACTCGAGAACG,CID4535,ER+,Cancer Epithelial,Cancer LumB SC,Cancer LumB SC
CID4535_CACACAAAGCGCCTCA,CID4535,ER+,Cancer Epithelial,Cancer LumB SC,Cancer LumB SC
CID4535_CACACAACACGAAGCA,CID4535,ER+,Cancer Epithelial,Cancer LumB SC,Cancer LumB SC
CID4535_CACACAACATCCAACA,CID4535,ER+,Cancer Epithelial,Cancer LumB SC,Cancer LumB SC
CID4535_CACACAAGTACCGCTG,CID4535,ER+,Cancer Epithelial,Cancer LumB SC,Cancer LumB SC
CID4535_CACACAATCACGACTA,CID4535,ER+,Cancer Epithelial,Cancer LumB SC,Cancer LumB SC
CID4535_CACACCTCAATCTGCA,CID4535,ER+,Cancer Epithelial,Cancer LumB SC,Cancer LumB SC
CID4535_CACACCTCAGGAACGT,CID4535,ER+,Cancer Epithelial,Cancer LumB SC,Cancer LumB SC
CID4535_CACACCTGTAAATACG,CID4535,ER+,Cancer Epithelial,Cancer LumB SC,Cancer LumB SC
CID4535_CACACCTGTAAGTTCC,CID4535,ER+,Cancer Epithelial,Cancer LumB SC,Cancer LumB SC
CID4535_CACACCTTCATAACCG,CID4535,ER+,Cancer Epithelial,Cancer LumB SC,Cancer LumB SC
CID4535_CACACCTTCGAACGGA,CID4535,ER+,Cancer Epithelial,Cancer LumB SC,Cancer LumB SC
CID4535_CACACTCAGCAATATG,CID4535,ER+,Cancer Epithelial,Cancer LumB SC,Cancer LumB SC
CID4535_CACACTCAGCAATCTC,CID4535,ER+,Cancer Epithelial,Cancer LumB SC,Cancer LumB SC
CID4535_CACACTCAGTATTGGA,CID4535,ER+,Cancer Epithelial,Cancer LumB SC,Cancer LumB SC
CID4535_CACACTCCACGCCAGT,CID4535,ER+,Cancer Epithelial,Cancer LumB SC,Cancer LumB SC
CID4535_CACACTCGTATTCTCT,CID4535,ER+,Cancer Epithelial,Cancer LumB SC,Cancer LumB SC
CID4535_CACACTCGTGCGAAAC,CID4535,ER+,Cancer Epithelial,Cancer LumB SC,Cancer LumB SC
CID4535_CACACTCTCGCAAGCC,CID4535,ER+,Cancer Epithelial,Cancer LumB SC,Cancer LumB SC
CID4535_CACACTCTCGCCATAA,CID4535,ER+,Cancer Epithelial,Cancer LumB SC,Cancer LumB SC
CID4535_CACAGGCCACAGTCGC,CID4535,ER+,Cancer Epithelial,Cancer LumB SC,Cancer LumB SC
CID4535_CACAGGCCAGCATGAG,CID4535,ER+,Cancer Epithelial,Cancer LumB SC,Cancer LumB SC
CID4535_CACAGGCGTCTGGTCG,CID4535,ER+,Cancer Epithelial,Cancer LumB SC,Cancer LumB SC
CID4535_CACAGGCGTGCAGTAG,CID4535,ER+,Cancer Epithelial,Cancer LumB SC,Cancer LumB SC
CID4535_CACAGGCGTTCACGGC,CID4535,ER+,Cancer Epithelial,Cancer LumB SC,Cancer LumB SC
CID4535_CACAGGCTCAACACGT,CID4535,ER+,Cancer Epithelial,Cancer LumB SC,Cancer LumB SC
CID4535_CACAGGCTCCGGGTGT,CID4535,ER+,Cancer Epithelial,Cancer LumB SC,Cancer LumB SC
CID4535_CACAGTACACAAGCCC,CID4535,ER+,Cancer Epithelial,Cancer LumB SC,Cancer LumB SC
CID4535_CACAGTATCCGTACAA,CID4535,ER+,Cancer Epithelial,Cancer LumB SC,Cancer LumB SC
CID4535_CACATAGAGTCCAGGA,CID4535,ER+,Cancer Epithelial,Cancer LumB SC,Cancer LumB SC
CID4535_CACATAGAGTCTCGGC,CID4535,ER+,Cancer Epithelial,Cancer LumB SC,Cancer LumB SC
CID4535_CACATAGCAGTCACTA,CID4535,ER+,Cancer Epithelial,Cancer LumB SC,Cancer LumB SC
CID4535_CACATAGGTCAAAGCG,CID4535,ER+,Cancer Epithelial,Cancer LumB SC,Cancer LumB SC
CID4535_CACATAGGTGAGTATA,CID4535,ER+,Cancer Epithelial,Cancer LumB SC,Cancer LumB SC
CID4535_CACATAGTCAAAGTAG,CID4535,ER+,Cancer Epithelial,Cancer LumB SC,Cancer LumB SC
CID4535_CACATAGTCGGCGCAT,CID4535,ER+,Cancer Epithelial,Cancer LumB SC,Cancer LumB SC
CID4535_CACATTTAGAAGGGTA,CID4535,ER+,Cancer Epithelial,Cancer LumB SC,Cancer LumB SC
CID4535_CACATTTAGAGCCCAA,CID4535,ER+,Cancer Epithelial,Cancer LumB SC,Cancer LumB SC
CID4535_CACATTTAGTCATGCT,CID4535,ER+,Cancer Epithelial,Cancer LumB SC,Cancer LumB SC
CID4535_CACATTTGTCAACTGT,CID4535,ER+,Cancer Epithelial,Cancer LumB SC,Cancer LumB SC
CID4535_CACATTTGTCGAATCT,CID4535,ER+,Cancer Epithelial,Cancer LumB SC,Cancer LumB SC
CID4535_CACCACTAGCGTAGTG,CID4535,ER+,Cancer Epithelial,Cancer LumB SC,Cancer LumB SC
CID4535_CACCACTAGTCCGTAT,CID4535,ER+,Cancer Epithelial,Cancer LumB SC,Cancer LumB SC
CID4535_CACCACTTCATGCAAC,CID4535,ER+,Cancer Epithelial,Cancer LumB SC,Cancer LumB SC
CID4535_CACCACTTCCCTTGTG,CID4535,ER+,Cancer Epithelial,Cancer LumB SC,Cancer LumB SC
CID4535_CACCAGGAGAATTCCC,CID4535,ER+,Cancer Epithelial,Cancer LumB SC,Cancer LumB SC
CID4535_CACCAGGAGACAATAC,CID4535,ER+,Cancer Epithelial,Cancer LumB SC,Cancer LumB SC
CID4535_CACCAGGAGCCCTAAT,CID4535,ER+,Cancer Epithelial,Cancer LumB SC,Cancer LumB SC
CID4535_CACCTTGAGCGTTTAC,CID4535,ER+,Cancer Epithelial,Cancer LumB SC,Cancer LumB SC
CID4535_CACCTTGCAACACCCG,CID4535,ER+,Cancer Epithelial,Cancer LumB SC,Cancer LumB SC
CID4535_CACCTTGCATGCTGGC,CID4535,ER+,Cancer Epithelial,Cancer LumB SC,Cancer LumB SC
CID4535_CACCTTGGTATAAACG,CID4535,ER+,Cancer Epithelial,Cancer LumB SC,Cancer LumB SC
CID4535_CACCTTGGTCCCTACT,CID4535,ER+,Cancer Epithelial,Cancer LumB SC,Cancer LumB SC
CID4535_CACTCCACACCCATGG,CID4535,ER+,Cancer Epithelial,Cancer LumB SC,Cancer LumB SC
CID4535_CACTCCACATTTGCCC,CID4535,ER+,Cancer Epithelial,Cancer LumB SC,Cancer LumB SC
CID4535_CACTCCAGTAGTACCT,CID4535,ER+,Cancer Epithelial,Cancer LumB SC,Cancer LumB SC
CID4535_CAGAATCAGGTGATAT,CID4535,ER+,Cancer Epithelial,Cancer LumB SC,Cancer LumB SC
CID4535_CAGAATCCATGGGACA,CID4535,ER+,Cancer Epithelial,Cancer LumB SC,Cancer LumB SC
CID4535_CAGAATCCATTGAGCT,CID4535,ER+,Cancer Epithelial,Cancer LumB SC,Cancer LumB SC
CID4535_CAGAATCGTAGGGACT,CID4535,ER+,Cancer Epithelial,Cancer LumB SC,Cancer LumB SC
CID4535_CAGAGAGCACATCCAA,CID4535,ER+,Cancer Epithelial,Cancer LumB SC,Cancer LumB SC
CID4535_CAGAGAGGTAGAGGAA,CID4535,ER+,Cancer Epithelial,Cancer LumB SC,Cancer LumB SC
CID4535_CAGATCAAGATGTTAG,CID4535,ER+,Cancer Epithelial,Cancer LumB SC,Cancer LumB SC
CID4535_CAGATCAGTCAAACTC,CID4535,ER+,Cancer Epithelial,Cancer LumB SC,Cancer LumB SC
CID4535_CAGATCAGTCTTTCAT,CID4535,ER+,Cancer Epithelial,Cancer LumB SC,Cancer LumB SC
CID4535_CAGATCATCAACGGCC,CID4535,ER+,Cancer Epithelial,Cancer LumB SC,Cancer LumB SC
CID4535_CAGATCATCCCAAGTA,CID4535,ER+,Cancer Epithelial,Cancer LumB SC,Cancer LumB SC
CID4535_CAGCAGCAGCTCCTTC,CID4535,ER+,Cancer Epithelial,Cancer LumB SC,Cancer LumB SC
CID4535_CAGCAGCCAGCCAGAA,CID4535,ER+,Cancer Epithelial,Cancer LumB SC,Cancer LumB SC
CID4535_CAGCAGCCAGGGAGAG,CID4535,ER+,Cancer Epithelial,Cancer LumB SC,Cancer LumB SC
CID4535_CAGCAGCCATCATCCC,CID4535,ER+,Cancer Epithelial,Cancer LumB SC,Cancer LumB SC
CID4535_CAGCAGCGTCAGATAA,CID4535,ER+,Cancer Epithelial,Cancer LumB SC,Cancer LumB SC
CID4535_CAGCAGCGTCTAACGT,CID4535,ER+,Cancer Epithelial,Cancer LumB SC,Cancer LumB SC
CID4535_CAGCAGCTCAGGATCT,CID4535,ER+,Cancer Epithelial,Cancer LumB SC,Cancer LumB SC
CID4535_CAGCAGCTCATTATCC,CID4535,ER+,Cancer Epithelial,Cancer LumB SC,Cancer LumB SC
CID4535_CAGCAGCTCTTACCTA,CID4535,ER+,Cancer Epithelial,Cancer LumB SC,Cancer LumB SC
CID4535_CAGCATAAGAAGGCCT,CID4535,ER+,Cancer Epithelial,Cancer LumB SC,Cancer LumB SC
CID4535_CAGCATAAGACGCAAC,CID4535,ER+,Cancer Epithelial,Cancer LumB SC,Cancer LumB SC
CID4535_CAGCATAAGAGGACGG,CID4535,ER+,Cancer Epithelial,Cancer LumB SC,Cancer LumB SC
CID4535_CAGCATACACCACCAG,CID4535,ER+,Cancer Epithelial,Cancer LumB SC,Cancer LumB SC
CID4535_CAGCATACAGCCTATA,CID4535,ER+,Cancer Epithelial,Cancer LumB SC,Cancer LumB SC
CID4535_CAGCATAGTCAGTGGA,CID4535,ER+,Cancer Epithelial,Cancer LumB SC,Cancer LumB SC
CID4535_CAGCATAGTGCGCTTG,CID4535,ER+,Cancer Epithelial,Cancer LumB SC,Cancer LumB SC
CID4535_CAGCCGAAGATATACG,CID4535,ER+,Cancer Epithelial,Cancer LumB SC,Cancer LumB SC
CID4535_CAGCCGACAGCTGGCT,CID4535,ER+,Cancer Epithelial,Cancer LumB SC,Cancer LumB SC
CID4535_CAGCCGACATGATCCA,CID4535,ER+,Cancer Epithelial,Cancer LumB SC,Cancer LumB SC
CID4535_CAGCCGACATGCTAGT,CID4535,ER+,Cancer Epithelial,Cancer LumB SC,Cancer LumB SC
CID4535_CAGCCGAGTAGTGAAT,CID4535,ER+,Cancer Epithelial,Cancer LumB SC,Cancer LumB SC
CID4535_CAGCCGAGTCAGAATA,CID4535,ER+,Cancer Epithelial,Cancer LumB SC,Cancer LumB SC
CID4535_CAGCGACAGATTACCC,CID4535,ER+,Cancer Epithelial,Cancer LumB SC,Cancer LumB SC
CID4535_CAGCGACAGCCAGTAG,CID4535,ER+,Cancer Epithelial,Cancer LumB SC,Cancer LumB SC
CID4535_CAGCGACAGTCCTCCT,CID4535,ER+,Cancer Epithelial,Cancer LumB SC,Cancer LumB SC
CID4535_CAGCGACTCCACTGGG,CID4535,ER+,Cancer Epithelial,Cancer LumB SC,Cancer LumB SC
CID4535_CAGCGACTCGGTGTCG,CID4535,ER+,Cancer Epithelial,Cancer LumB SC,Cancer LumB SC
CID4535_CAGCTAAAGCACAGGT,CID4535,ER+,Cancer Epithelial,Cancer LumB SC,Cancer LumB SC
CID4535_CAGCTAAAGGGATCTG,CID4535,ER+,Cancer Epithelial,Cancer LumB SC,Cancer LumB SC
CID4535_CAGCTAAAGTTAGCGG,CID4535,ER+,Cancer Epithelial,Cancer LumB SC,Cancer LumB SC
CID4535_CAGCTAACAAAGCGGT,CID4535,ER+,Cancer Epithelial,Cancer LumB SC,Cancer LumB SC
CID4535_CAGCTAACAAGAGGCT,CID4535,ER+,Cancer Epithelial,Cancer LumB SC,Cancer LumB SC
CID4535_CAGCTAACACATTCGA,CID4535,ER+,Cancer Epithelial,Cancer LumB SC,Cancer LumB SC
CID4535_CAGCTAAGTGACGCCT,CID4535,ER+,Cancer Epithelial,Cancer LumB SC,Cancer LumB SC
CID4535_CAGCTAATCTTGAGAC,CID4535,ER+,Cancer Epithelial,Cancer LumB SC,Cancer LumB SC
CID4535_CAGCTGGAGGGTTTCT,CID4535,ER+,Cancer Epithelial,Cancer LumB SC,Cancer LumB SC
CID4535_CAGCTGGCATGACGGA,CID4535,ER+,Cancer Epithelial,Cancer LumB SC,Cancer LumB SC
CID4535_CAGCTGGGTGGACGAT,CID4535,ER+,Cancer Epithelial,Cancer LumB SC,Cancer LumB SC
CID4535_CAGGTGCAGACACGAC,CID4535,ER+,Cancer Epithelial,Cancer LumB SC,Cancer LumB SC
CID4535_CAGGTGCAGGTAGCCA,CID4535,ER+,Cancer Epithelial,Cancer LumB SC,Cancer LumB SC
CID4535_CAGGTGCAGTCGATAA,CID4535,ER+,Cancer Epithelial,Cancer LumB SC,Cancer LumB SC
CID4535_CAGGTGCAGTCTTGCA,CID4535,ER+,Cancer Epithelial,Cancer LumB SC,Cancer LumB SC
CID4535_CAGGTGCCAATGACCT,CID4535,ER+,Cancer Epithelial,Cancer LumB SC,Cancer LumB SC
CID4535_CAGGTGCGTGCGCTTG,CID4535,ER+,Cancer Epithelial,Cancer LumB SC,Cancer LumB SC
CID4535_CAGTAACAGACACGAC,CID4535,ER+,Cancer Epithelial,Cancer LumB SC,Cancer LumB SC
CID4535_CAGTAACAGACGCTTT,CID4535,ER+,Cancer Epithelial,Cancer LumB SC,Cancer LumB SC
CID4535_CAGTAACAGTGGCACA,CID4535,ER+,Cancer Epithelial,Cancer LumB SC,Cancer LumB SC
CID4535_CAGTAACAGTTACCCA,CID4535,ER+,Cancer Epithelial,Cancer LumB SC,Cancer LumB SC
CID4535_CAGTAACAGTTGTAGA,CID4535,ER+,Cancer Epithelial,Cancer LumB SC,Cancer LumB SC
CID4535_CAGTAACCACGAAACG,CID4535,ER+,Cancer Epithelial,Cancer LumB SC,Cancer LumB SC
CID4535_CAGTAACGTCGCATCG,CID4535,ER+,Cancer Epithelial,Cancer LumB SC,Cancer LumB SC
CID4535_CAGTCCTAGATATGCA,CID4535,ER+,Cancer Epithelial,Cancer LumB SC,Cancer LumB SC
CID4535_CAGTCCTAGCACAGGT,CID4535,ER+,Cancer Epithelial,Cancer LumB SC,Cancer LumB SC
CID4535_CAGTCCTAGGTCATCT,CID4535,ER+,Cancer Epithelial,Cancer LumB SC,Cancer LumB SC
CID4535_CAGTCCTCATACCATG,CID4535,ER+,Cancer Epithelial,Cancer LumB SC,Cancer LumB SC
CID4535_CAGTCCTGTAAATGTG,CID4535,ER+,Cancer Epithelial,Cancer LumB SC,Cancer LumB SC
CID4535_CAGTCCTGTGCAACTT,CID4535,ER+,Cancer Epithelial,Cancer LumB SC,Cancer LumB SC
CID4535_CAGTCCTGTTAAGATG,CID4535,ER+,Cancer Epithelial,Cancer LumB SC,Cancer LumB SC
CID4535_CAGTCCTTCACGCATA,CID4535,ER+,Cancer Epithelial,Cancer LumB SC,Cancer LumB SC
CID4535_CATATGGAGGGTTCCC,CID4535,ER+,Cancer Epithelial,Cancer LumB SC,Cancer LumB SC
CID4535_CATATGGCATCAGTCA,CID4535,ER+,Cancer Epithelial,Cancer LumB SC,Cancer LumB SC
CID4535_CATATGGGTAGAAAGG,CID4535,ER+,Cancer Epithelial,Cancer LumB SC,Cancer LumB SC
CID4535_CATATGGGTATTACCG,CID4535,ER+,Cancer Epithelial,Cancer LumB SC,Cancer LumB SC
CID4535_CATATGGGTCCTCTTG,CID4535,ER+,Cancer Epithelial,Cancer LumB SC,Cancer LumB SC
CID4535_CATATGGTCGAATGCT,CID4535,ER+,Cancer Epithelial,Cancer LumB SC,Cancer LumB SC
CID4535_CATATTCAGATGCCAG,CID4535,ER+,Cancer Epithelial,Cancer LumB SC,Cancer LumB SC
CID4535_CATATTCAGCCCGAAA,CID4535,ER+,Cancer Epithelial,Cancer LumB SC,Cancer LumB SC
CID4535_CATATTCAGGATGCGT,CID4535,ER+,Cancer Epithelial,Cancer LumB SC,Cancer LumB SC
CID4535_CATATTCAGTACCGGA,CID4535,ER+,Cancer Epithelial,Cancer LumB SC,Cancer LumB SC
CID4535_CATATTCGTGTTTGTG,CID4535,ER+,Cancer Epithelial,Cancer LumB SC,Cancer LumB SC
CID4535_CATATTCTCAGCATGT,CID4535,ER+,Cancer Epithelial,Cancer LumB SC,Cancer LumB SC
CID4535_CATCAAGAGGGATGGG,CID4535,ER+,Cancer Epithelial,Cancer LumB SC,Cancer LumB SC
CID4535_CATCAAGAGGGCATGT,CID4535,ER+,Cancer Epithelial,Cancer LumB SC,Cancer LumB SC
CID4535_CATCAAGCACCAACCG,CID4535,ER+,Cancer Epithelial,Cancer LumB SC,Cancer LumB SC
CID4535_CATCAAGGTCGCATAT,CID4535,ER+,Cancer Epithelial,Cancer LumB SC,Cancer LumB SC
CID4535_CATCAGAAGCGAGAAA,CID4535,ER+,Cancer Epithelial,Cancer LumB SC,Cancer LumB SC
CID4535_CATCAGACAATCGGTT,CID4535,ER+,Cancer Epithelial,Cancer LumB SC,Cancer LumB SC
CID4535_CATCAGAGTACAAGTA,CID4535,ER+,Cancer Epithelial,Cancer LumB SC,Cancer LumB SC
CID4535_CATCAGAGTCAAACTC,CID4535,ER+,Cancer Epithelial,Cancer LumB SC,Cancer LumB SC
CID4535_CATCAGAGTGAAAGAG,CID4535,ER+,Cancer Epithelial,Cancer LumB SC,Cancer LumB SC
CID4535_CATCAGAGTTGATTCG,CID4535,ER+,Cancer Epithelial,Cancer LumB SC,Cancer LumB SC
CID4535_CATCCACCATCGGTTA,CID4535,ER+,Cancer Epithelial,Cancer LumB SC,Cancer LumB SC
CID4535_CATCCACTCACCAGGC,CID4535,ER+,Cancer Epithelial,Cancer LumB SC,Cancer LumB SC
CID4535_CATCCACTCTGCCCTA,CID4535,ER+,Cancer Epithelial,Cancer LumB SC,Cancer LumB SC
CID4535_CATCGAAAGCCACCTG,CID4535,ER+,Cancer Epithelial,Cancer LumB SC,Cancer LumB SC
CID4535_CATCGAAAGGTGCAAC,CID4535,ER+,Cancer Epithelial,Cancer LumB SC,Cancer LumB SC
CID4535_CATCGAATCCGGGTGT,CID4535,ER+,Cancer Epithelial,Cancer LumB SC,Cancer LumB SC
CID4535_CATCGGGAGGAGTACC,CID4535,ER+,Cancer Epithelial,Cancer LumB SC,Cancer LumB SC
CID4535_CATCGGGAGGAGTTTA,CID4535,ER+,Cancer Epithelial,Cancer LumB SC,Cancer LumB SC
CID4535_CATCGGGGTCTGCGGT,CID4535,ER+,Cancer Epithelial,Cancer LumB SC,Cancer LumB SC
CID4535_CATCGGGGTTCGTTGA,CID4535,ER+,Cancer Epithelial,Cancer LumB SC,Cancer LumB SC
CID4535_CATGACACAATCTACG,CID4535,ER+,Cancer Epithelial,Cancer LumB SC,Cancer LumB SC
CID4535_CATGACATCTTACCGC,CID4535,ER+,Cancer Epithelial,Cancer LumB SC,Cancer LumB SC
CID4535_CATGCCTCAGTCAGAG,CID4535,ER+,Cancer Epithelial,Cancer LumB SC,Cancer LumB SC
CID4535_CATGCCTCATCGGACC,CID4535,ER+,Cancer Epithelial,Cancer LumB SC,Cancer LumB SC
CID4535_CATGCCTCATCTGGTA,CID4535,ER+,Cancer Epithelial,Cancer LumB SC,Cancer LumB SC
CID4535_CATGCCTTCATCTGTT,CID4535,ER+,Cancer Epithelial,Cancer LumB SC,Cancer LumB SC
CID4535_CATGGCGCATCTATGG,CID4535,ER+,Cancer Epithelial,Cancer LumB SC,Cancer LumB SC
CID4535_CATTATCAGATGTTAG,CID4535,ER+,Cancer Epithelial,Cancer LumB SC,Cancer LumB SC
CID4535_CATTATCCACTGTCGG,CID4535,ER+,Cancer Epithelial,Cancer LumB SC,Cancer LumB SC
CID4535_CATTATCGTCATACTG,CID4535,ER+,Cancer Epithelial,Cancer LumB SC,Cancer LumB SC
CID4535_CATTATCTCATAAAGG,CID4535,ER+,Cancer Epithelial,Cancer LumB SC,Cancer LumB SC
CID4535_CATTCGCAGGTGTTAA,CID4535,ER+,Cancer Epithelial,Cancer LumB SC,Cancer LumB SC
CID4535_CATTCGCCACATTAGC,CID4535,ER+,Cancer Epithelial,Cancer LumB SC,Cancer LumB SC
CID4535_CATTCGCTCGTCCAGG,CID4535,ER+,Cancer Epithelial,Cancer LumB SC,Cancer LumB SC
CID4535_CCAATCCAGACAGGCT,CID4535,ER+,Cancer Epithelial,Cancer LumB SC,Cancer LumB SC
CID4535_CCAATCCAGAGCTATA,CID4535,ER+,Cancer Epithelial,Cancer LumB SC,Cancer LumB SC
CID4535_CCAATCCAGGGAACGG,CID4535,ER+,Cancer Epithelial,Cancer LumB SC,Cancer LumB SC
CID4535_CCAATCCAGTACGATA,CID4535,ER+,Cancer Epithelial,Cancer LumB SC,Cancer LumB SC
CID4535_CCAATCCCACCGCTAG,CID4535,ER+,Cancer Epithelial,Cancer LumB SC,Cancer LumB SC
CID4535_CCAATCCGTCTCTCGT,CID4535,ER+,Cancer Epithelial,Cancer LumB SC,Cancer LumB SC
CID4535_CCACCTAAGTCGATAA,CID4535,ER+,Cancer Epithelial,Cancer LumB SC,Cancer LumB SC
CID4535_CCACCTACATAAAGGT,CID4535,ER+,Cancer Epithelial,Cancer LumB SC,Cancer LumB SC
CID4535_CCACCTACATAGACTC,CID4535,ER+,Cancer Epithelial,Cancer LumB SC,Cancer LumB SC
CID4535_CCACCTAGTGACAAAT,CID4535,ER+,Cancer Epithelial,Cancer LumB SC,Cancer LumB SC
CID4535_CCACCTATCGTTGACA,CID4535,ER+,Cancer Epithelial,Cancer LumB SC,Cancer LumB SC
CID4535_CCACGGAAGTCCGGTC,CID4535,ER+,Cancer Epithelial,Cancer LumB SC,Cancer LumB SC
CID4535_CCACTACCAAAGCAAT,CID4535,ER+,Cancer Epithelial,Cancer LumB SC,Cancer LumB SC
CID4535_CCACTACCAAGCTGTT,CID4535,ER+,Cancer Epithelial,Cancer LumB SC,Cancer LumB SC
CID4535_CCACTACCAATGCCAT,CID4535,ER+,Cancer Epithelial,Cancer LumB SC,Cancer LumB SC
CID4535_CCACTACGTACAGCAG,CID4535,ER+,Cancer Epithelial,Cancer LumB SC,Cancer LumB SC
CID4535_CCAGCGAAGGAACTGC,CID4535,ER+,Cancer Epithelial,Cancer LumB SC,Cancer LumB SC
CID4535_CCAGCGAGTATATGAG,CID4535,ER+,Cancer Epithelial,Cancer LumB SC,Cancer LumB SC
CID4535_CCATGTCCATTCCTGC,CID4535,ER+,Cancer Epithelial,Cancer LumB SC,Cancer LumB SC
CID4535_CCATGTCTCCGTAGGC,CID4535,ER+,Cancer Epithelial,Cancer LumB SC,Cancer LumB SC
CID4535_CCATTCGAGACCCACC,CID4535,ER+,Cancer Epithelial,Cancer LumB SC,Cancer LumB SC
CID4535_CCATTCGAGGTAGCTG,CID4535,ER+,Cancer Epithelial,Cancer LumB SC,Cancer LumB SC
CID4535_CCATTCGAGTGGCACA,CID4535,ER+,Cancer Epithelial,Cancer LumB SC,Cancer LumB SC
CID4535_CCATTCGAGTTGTAGA,CID4535,ER+,Cancer Epithelial,Cancer LumB SC,Cancer LumB SC
CID4535_CCATTCGGTATGAATG,CID4535,ER+,Cancer Epithelial,Cancer LumB SC,Cancer LumB SC
CID4535_CCATTCGGTCCGAATT,CID4535,ER+,Cancer Epithelial,Cancer LumB SC,Cancer LumB SC
CID4535_CCATTCGGTGAGGGTT,CID4535,ER+,Cancer Epithelial,Cancer LumB SC,Cancer LumB SC
CID4535_CCATTCGTCACAGTAC,CID4535,ER+,Cancer Epithelial,Cancer LumB SC,Cancer LumB SC
CID4535_CCCAATCAGACTTGAA,CID4535,ER+,Cancer Epithelial,Cancer LumB SC,Cancer LumB SC
CID4535_CCCAATCGTTAAGATG,CID4535,ER+,Cancer Epithelial,Cancer LumB SC,Cancer LumB SC
CID4535_CCCAATCTCAGTTGAC,CID4535,ER+,Cancer Epithelial,Cancer LumB SC,Cancer LumB SC
CID4535_CCCAGTTAGTTAGGTA,CID4535,ER+,Cancer Epithelial,Cancer LumB SC,Cancer LumB SC
CID4535_CCCAGTTCAGACTCGC,CID4535,ER+,Cancer Epithelial,Cancer LumB SC,Cancer LumB SC
CID4535_CCCAGTTCAGCCAGAA,CID4535,ER+,Cancer Epithelial,Cancer LumB SC,Cancer LumB SC
CID4535_CCCAGTTCATAACCTG,CID4535,ER+,Cancer Epithelial,Cancer LumB SC,Cancer LumB SC
CID4535_CCCAGTTGTTCGAATC,CID4535,ER+,Cancer Epithelial,Cancer LumB SC,Cancer LumB SC
CID4535_CCCATACCAGGTCGTC,CID4535,ER+,Cancer Epithelial,Cancer LumB SC,Cancer LumB SC
CID4535_CCCATACGTAGCGTAG,CID4535,ER+,Cancer Epithelial,Cancer LumB SC,Cancer LumB SC
CID4535_CCCTCCTGTGCTGTAT,CID4535,ER+,Cancer Epithelial,Cancer LumB SC,Cancer LumB SC
CID4535_CCGGGATGTATTAGCC,CID4535,ER+,Cancer Epithelial,Cancer LumB SC,Cancer LumB SC
CID4535_CCGGGATGTCATCCCT,CID4535,ER+,Cancer Epithelial,Cancer LumB SC,Cancer LumB SC
CID4535_CCGGTAGCACATGACT,CID4535,ER+,Cancer Epithelial,Cancer LumB SC,Cancer LumB SC
CID4535_CCGGTAGCACTCGACG,CID4535,ER+,Cancer Epithelial,Cancer LumB SC,Cancer LumB SC
CID4535_CCGGTAGGTTAAAGTG,CID4535,ER+,Cancer Epithelial,Cancer LumB SC,Cancer LumB SC
CID4535_CCGGTAGTCACCAGGC,CID4535,ER+,Cancer Epithelial,Cancer LumB SC,Cancer LumB SC
CID4535_CCGTACTAGCCTCGTG,CID4535,ER+,Cancer Epithelial,Cancer LumB SC,Cancer LumB SC
CID4535_CCGTACTCATGAAGTA,CID4535,ER+,Cancer Epithelial,Cancer LumB SC,Cancer LumB SC
CID4535_CCGTGGAAGAAGGGTA,CID4535,ER+,Cancer Epithelial,Cancer LumB SC,Cancer LumB SC
CID4535_CCGTGGAAGCAATATG,CID4535,ER+,Cancer Epithelial,Cancer LumB SC,Cancer LumB SC
CID4535_CCGTGGAAGCATGGCA,CID4535,ER+,Cancer Epithelial,Cancer LumB SC,Cancer LumB SC
CID4535_CCGTGGACAAAGTGCG,CID4535,ER+,Cancer Epithelial,Cancer LumB SC,Cancer LumB SC
CID4535_CCGTGGATCACCGTAA,CID4535,ER+,Cancer Epithelial,Cancer LumB SC,Cancer LumB SC
CID4535_CCGTGGATCTCGCTTG,CID4535,ER+,Cancer Epithelial,Cancer LumB SC,Cancer LumB SC
CID4535_CCGTTCAAGAGTGAGA,CID4535,ER+,Cancer Epithelial,Cancer LumB SC,Cancer LumB SC
CID4535_CCGTTCACACGACTCG,CID4535,ER+,Cancer Epithelial,Cancer LumB SC,Cancer LumB SC
CID4535_CCGTTCATCGCCGTGA,CID4535,ER+,Cancer Epithelial,Cancer LumB SC,Cancer LumB SC
CID4535_CCTACACCAAGCCTAT,CID4535,ER+,Cancer Epithelial,Cancer LumB SC,Cancer LumB SC
CID4535_CCTACACCACCGGAAA,CID4535,ER+,Cancer Epithelial,Cancer LumB SC,Cancer LumB SC
CID4535_CCTACACCACTGTTAG,CID4535,ER+,Cancer Epithelial,Cancer LumB SC,Cancer LumB SC
CID4535_CCTACCAAGTCGCCGT,CID4535,ER+,Cancer Epithelial,Cancer LumB SC,Cancer LumB SC
CID4535_CCTACCACAAGCTGTT,CID4535,ER+,Cancer Epithelial,Cancer LumB SC,Cancer LumB SC
CID4535_CCTACCACACCACCAG,CID4535,ER+,Cancer Epithelial,Cancer LumB SC,Cancer LumB SC
CID4535_CCTACCACAGCAGTTT,CID4535,ER+,Cancer Epithelial,Cancer LumB SC,Cancer LumB SC
CID4535_CCTACCACAGTGACAG,CID4535,ER+,Cancer Epithelial,Cancer LumB SC,Cancer LumB SC
CID4535_CCTAGCTAGATATGGT,CID4535,ER+,Cancer Epithelial,Cancer LumB SC,Cancer LumB SC
CID4535_CCTAGCTAGCACCGCT,CID4535,ER+,Cancer Epithelial,Cancer LumB SC,Cancer LumB SC
CID4535_CCTAGCTAGGTCGGAT,CID4535,ER+,Cancer Epithelial,Cancer LumB SC,Cancer LumB SC
CID4535_CCTAGCTCAAGAAAGG,CID4535,ER+,Cancer Epithelial,Cancer LumB SC,Cancer LumB SC
CID4535_CCTAGCTGTCTCCACT,CID4535,ER+,Cancer Epithelial,Cancer LumB SC,Cancer LumB SC
CID4535_CCTAGCTGTGTTAAGA,CID4535,ER+,Cancer Epithelial,Cancer LumB SC,Cancer LumB SC
CID4535_CCTAGCTTCTCGTATT,CID4535,ER+,Cancer Epithelial,Cancer LumB SC,Cancer LumB SC
CID4535_CCTATTACACACAGAG,CID4535,ER+,Cancer Epithelial,Cancer LumB SC,Cancer LumB SC
CID4535_CCTATTACACTTAACG,CID4535,ER+,Cancer Epithelial,Cancer LumB SC,Cancer LumB SC
CID4535_CCTCAGTCACCAGTTA,CID4535,ER+,Cancer Epithelial,Cancer LumB SC,Cancer LumB SC
CID4535_CCTCAGTCAGATGGGT,CID4535,ER+,Cancer Epithelial,Cancer LumB SC,Cancer LumB SC
CID4535_CCTCAGTTCGATAGAA,CID4535,ER+,Cancer Epithelial,Cancer LumB SC,Cancer LumB SC
CID4535_CCTCTGAAGAGGTTAT,CID4535,ER+,Cancer Epithelial,Cancer LumB SC,Cancer LumB SC
CID4535_CCTCTGAAGCAAATCA,CID4535,ER+,Cancer Epithelial,Cancer LumB SC,Cancer LumB SC
CID4535_CCTCTGAAGGCAGTCA,CID4535,ER+,Cancer Epithelial,Cancer LumB SC,Cancer LumB SC
CID4535_CCTTACGAGTGGCACA,CID4535,ER+,Cancer Epithelial,Cancer LumB SC,Cancer LumB SC
CID4535_CCTTACGCAAGCGCTC,CID4535,ER+,Cancer Epithelial,Cancer LumB SC,Cancer LumB SC
CID4535_CCTTACGCATCCCACT,CID4535,ER+,Cancer Epithelial,Cancer LumB SC,Cancer LumB SC
CID4535_CCTTACGTCACGCATA,CID4535,ER+,Cancer Epithelial,Cancer LumB SC,Cancer LumB SC
CID4535_CCTTACGTCTGCCAGG,CID4535,ER+,Cancer Epithelial,Cancer LumB SC,Cancer LumB SC
CID4535_CCTTACGTCTTGCAAG,CID4535,ER+,Cancer Epithelial,Cancer LumB SC,Cancer LumB SC
CID4535_CCTTCCCAGTGATCGG,CID4535,ER+,Cancer Epithelial,Cancer LumB SC,Cancer LumB SC
CID4535_CCTTCCCCACATTCGA,CID4535,ER+,Cancer Epithelial,Cancer LumB SC,Cancer LumB SC
CID4535_CCTTCCCCATGACGGA,CID4535,ER+,Cancer Epithelial,Cancer LumB SC,Cancer LumB SC
CID4535_CCTTCCCTCCTTGGTC,CID4535,ER+,Cancer Epithelial,Cancer LumB SC,Cancer LumB SC
CID4535_CCTTCGACAAGCCATT,CID4535,ER+,Cancer Epithelial,Cancer LumB SC,Cancer LumB SC
CID4535_CCTTCGACACGAAACG,CID4535,ER+,Cancer Epithelial,Cancer LumB SC,Cancer LumB SC
CID4535_CCTTCGACATGGTAGG,CID4535,ER+,Cancer Epithelial,Cancer LumB SC,Cancer LumB SC
CID4535_CCTTTCTAGGATTCGG,CID4535,ER+,Cancer Epithelial,Cancer LumB SC,Cancer LumB SC
CID4535_CCTTTCTAGTCAATAG,CID4535,ER+,Cancer Epithelial,Cancer LumB SC,Cancer LumB SC
CID4535_CCTTTCTCAGACTCGC,CID4535,ER+,Cancer Epithelial,Cancer LumB SC,Cancer LumB SC
CID4535_CCTTTCTGTAGCCTCG,CID4535,ER+,Cancer Epithelial,Cancer LumB SC,Cancer LumB SC
CID4535_CCTTTCTTCATGCAAC,CID4535,ER+,Cancer Epithelial,Cancer LumB SC,Cancer LumB SC
CID4535_CCTTTCTTCCAAACAC,CID4535,ER+,Cancer Epithelial,Cancer LumB SC,Cancer LumB SC
CID4535_CCTTTCTTCTTCCTTC,CID4535,ER+,Cancer Epithelial,Cancer LumB SC,Cancer LumB SC
CID4535_CGAACATCACACCGAC,CID4535,ER+,Cancer Epithelial,Cancer LumB SC,Cancer LumB SC
CID4535_CGAACATCATCCTAGA,CID4535,ER+,Cancer Epithelial,Cancer LumB SC,Cancer LumB SC
CID4535_CGAACATGTGCTTCTC,CID4535,ER+,Cancer Epithelial,Cancer LumB SC,Cancer LumB SC
CID4535_CGAACATGTGTTGGGA,CID4535,ER+,Cancer Epithelial,Cancer LumB SC,Cancer LumB SC
CID4535_CGAACATTCATAGCAC,CID4535,ER+,Cancer Epithelial,Cancer LumB SC,Cancer LumB SC
CID4535_CGAACATTCGCTTGTC,CID4535,ER+,Cancer Epithelial,Cancer LumB SC,Cancer LumB SC
CID4535_CGAACATTCGGTTAAC,CID4535,ER+,Cancer Epithelial,Cancer LumB SC,Cancer LumB SC
CID4535_CGAATGTAGTGCGTGA,CID4535,ER+,Cancer Epithelial,Cancer LumB SC,Cancer LumB SC
CID4535_CGAATGTTCACTCTTA,CID4535,ER+,Cancer Epithelial,Cancer LumB SC,Cancer LumB SC
CID4535_CGAATGTTCTTGACGA,CID4535,ER+,Cancer Epithelial,Cancer LumB SC,Cancer LumB SC
CID4535_CGACCTTGTGCAGTAG,CID4535,ER+,Cancer Epithelial,Cancer LumB SC,Cancer LumB SC
CID4535_CGACCTTGTTCCACTC,CID4535,ER+,Cancer Epithelial,Cancer LumB SC,Cancer LumB SC
CID4535_CGACTTCCATTCGACA,CID4535,ER+,Cancer Epithelial,Cancer LumB SC,Cancer LumB SC
CID4535_CGACTTCGTCTCTCTG,CID4535,ER+,Cancer Epithelial,Cancer LumB SC,Cancer LumB SC
CID4535_CGACTTCTCAAACCAC,CID4535,ER+,Cancer Epithelial,Cancer LumB SC,Cancer LumB SC
CID4535_CGACTTCTCCCAACGG,CID4535,ER+,Cancer Epithelial,Cancer LumB SC,Cancer LumB SC
CID4535_CGAGAAGAGACGCAAC,CID4535,ER+,Cancer Epithelial,Cancer LumB SC,Cancer LumB SC
CID4535_CGAGAAGAGGGCTTCC,CID4535,ER+,Cancer Epithelial,Cancer LumB SC,Cancer LumB SC
CID4535_CGAGAAGCATTATCTC,CID4535,ER+,Cancer Epithelial,Cancer LumB SC,Cancer LumB SC
CID4535_CGAGCACGTACTTCTT,CID4535,ER+,Cancer Epithelial,Cancer LumB SC,Cancer LumB SC
CID4535_CGAGCACGTCCTGCTT,CID4535,ER+,Cancer Epithelial,Cancer LumB SC,Cancer LumB SC
CID4535_CGAGCACGTGCACCAC,CID4535,ER+,Cancer Epithelial,Cancer LumB SC,Cancer LumB SC
CID4535_CGAGCCACAGGCTGAA,CID4535,ER+,Cancer Epithelial,Cancer LumB SC,Cancer LumB SC
CID4535_CGAGCCATCTGATTCT,CID4535,ER+,Cancer Epithelial,Cancer LumB SC,Cancer LumB SC
CID4535_CGATCGGAGACAAGCC,CID4535,ER+,Cancer Epithelial,Cancer LumB SC,Cancer LumB SC
CID4535_CGATCGGGTGTGTGCC,CID4535,ER+,Cancer Epithelial,Cancer LumB SC,Cancer LumB SC
CID4535_CGATCGGTCCCTCAGT,CID4535,ER+,Cancer Epithelial,Cancer LumB SC,Cancer LumB SC
CID4535_CGATGGCAGCACAGGT,CID4535,ER+,Cancer Epithelial,Cancer LumB SC,Cancer LumB SC
CID4535_CGATGGCCATCACCCT,CID4535,ER+,Cancer Epithelial,Cancer LumB SC,Cancer LumB SC
CID4535_CGATGGCGTAGCCTCG,CID4535,ER+,Cancer Epithelial,Cancer LumB SC,Cancer LumB SC
CID4535_CGATGGCGTTGTGGAG,CID4535,ER+,Cancer Epithelial,Cancer LumB SC,Cancer LumB SC
CID4535_CGATGTAAGTGGAGTC,CID4535,ER+,Cancer Epithelial,Cancer LumB SC,Cancer LumB SC
CID4535_CGATGTACACGTTGGC,CID4535,ER+,Cancer Epithelial,Cancer LumB SC,Cancer LumB SC
CID4535_CGATGTACATTCTTAC,CID4535,ER+,Cancer Epithelial,Cancer LumB SC,Cancer LumB SC
CID4535_CGATGTAGTAGGAGTC,CID4535,ER+,Cancer Epithelial,Cancer LumB SC,Cancer LumB SC
CID4535_CGATGTAGTGAGCGAT,CID4535,ER+,Cancer Epithelial,Cancer LumB SC,Cancer LumB SC
CID4535_CGATGTATCTGCTTGC,CID4535,ER+,Cancer Epithelial,Cancer LumB SC,Cancer LumB SC
CID4535_CGATTGAAGAATCTCC,CID4535,ER+,Cancer Epithelial,Cancer LumB SC,Cancer LumB SC
CID4535_CGATTGACAATGAATG,CID4535,ER+,Cancer Epithelial,Cancer LumB SC,Cancer LumB SC
CID4535_CGATTGACACGGTTTA,CID4535,ER+,Cancer Epithelial,Cancer LumB SC,Cancer LumB SC
CID4535_CGATTGATCAGAGGTG,CID4535,ER+,Cancer Epithelial,Cancer LumB SC,Cancer LumB SC
CID4535_CGCCAAGAGAATCTCC,CID4535,ER+,Cancer Epithelial,Cancer LumB SC,Cancer LumB SC
CID4535_CGCCAAGAGTCATGCT,CID4535,ER+,Cancer Epithelial,Cancer LumB SC,Cancer LumB SC
CID4535_CGCCAAGCACTGAAGG,CID4535,ER+,Cancer Epithelial,Cancer LumB SC,Cancer LumB SC
CID4535_CGCCAAGCATGACATC,CID4535,ER+,Cancer Epithelial,Cancer LumB SC,Cancer LumB SC
CID4535_CGCCAAGGTGCCTTGG,CID4535,ER+,Cancer Epithelial,Cancer LumB SC,Cancer LumB SC
CID4535_CGCCAAGTCGCAAGCC,CID4535,ER+,Cancer Epithelial,Cancer LumB SC,Cancer LumB SC
CID4535_CGCGGTAAGTTAGGTA,CID4535,ER+,Cancer Epithelial,Cancer LumB SC,Cancer LumB SC
CID4535_CGCGGTACAAACCCAT,CID4535,ER+,Cancer Epithelial,Cancer LumB SC,Cancer LumB SC
CID4535_CGCGGTACAGCTGTGC,CID4535,ER+,Cancer Epithelial,Cancer LumB SC,Cancer LumB SC
CID4535_CGCGGTAGTTCCCTTG,CID4535,ER+,Cancer Epithelial,Cancer LumB SC,Cancer LumB SC
CID4535_CGCGGTATCACCACCT,CID4535,ER+,Cancer Epithelial,Cancer LumB SC,Cancer LumB SC
CID4535_CGCGGTATCAGTTAGC,CID4535,ER+,Cancer Epithelial,Cancer LumB SC,Cancer LumB SC
CID4535_CGCGGTATCCTCATTA,CID4535,ER+,Cancer Epithelial,Cancer LumB SC,Cancer LumB SC
CID4535_CGCGTTTAGCTAGTTC,CID4535,ER+,Cancer Epithelial,Cancer LumB SC,Cancer LumB SC
CID4535_CGCGTTTCAATAAGCA,CID4535,ER+,Cancer Epithelial,Cancer LumB SC,Cancer LumB SC
CID4535_CGCGTTTGTCGGGTCT,CID4535,ER+,Cancer Epithelial,Cancer LumB SC,Cancer LumB SC
CID4535_CGCGTTTTCAACCATG,CID4535,ER+,Cancer Epithelial,Cancer LumB SC,Cancer LumB SC
CID4535_CGCGTTTTCAGCCTAA,CID4535,ER+,Cancer Epithelial,Cancer LumB SC,Cancer LumB SC
CID4535_CGCGTTTTCTGAGTGT,CID4535,ER+,Cancer Epithelial,Cancer LumB SC,Cancer LumB SC
CID4535_CGCTATCGTCGACTAT,CID4535,ER+,Cancer Epithelial,Cancer LumB SC,Cancer LumB SC
CID4535_CGCTATCTCAAACCGT,CID4535,ER+,Cancer Epithelial,Cancer LumB SC,Cancer LumB SC
CID4535_CGCTATCTCCACTGGG,CID4535,ER+,Cancer Epithelial,Cancer LumB SC,Cancer LumB SC
CID4535_CGCTATCTCGTCGTTC,CID4535,ER+,Cancer Epithelial,Cancer LumB SC,Cancer LumB SC
CID4535_CGCTGGAAGGCTCAGA,CID4535,ER+,Cancer Epithelial,Cancer LumB SC,Cancer LumB SC
CID4535_CGCTGGACAACACGCC,CID4535,ER+,Cancer Epithelial,Cancer LumB SC,Cancer LumB SC
CID4535_CGCTGGAGTCTGATTG,CID4535,ER+,Cancer Epithelial,Cancer LumB SC,Cancer LumB SC
CID4535_CGCTGGATCCGCAAGC,CID4535,ER+,Cancer Epithelial,Cancer LumB SC,Cancer LumB SC
CID4535_CGCTGGATCCTATTCA,CID4535,ER+,Cancer Epithelial,Cancer LumB SC,Cancer LumB SC
CID4535_CGCTTCAAGGCTCATT,CID4535,ER+,Cancer Epithelial,Cancer LumB SC,Cancer LumB SC
CID4535_CGCTTCACACCGAATT,CID4535,ER+,Cancer Epithelial,Cancer LumB SC,Cancer LumB SC
CID4535_CGCTTCAGTACAGTGG,CID4535,ER+,Cancer Epithelial,Cancer LumB SC,Cancer LumB SC
CID4535_CGCTTCAGTCGAACAG,CID4535,ER+,Cancer Epithelial,Cancer LumB SC,Cancer LumB SC
CID4535_CGCTTCAGTCTCTTTA,CID4535,ER+,Cancer Epithelial,Cancer LumB SC,Cancer LumB SC
CID4535_CGCTTCATCCAGAAGG,CID4535,ER+,Cancer Epithelial,Cancer LumB SC,Cancer LumB SC
CID4535_CGCTTCATCCGCATCT,CID4535,ER+,Cancer Epithelial,Cancer LumB SC,Cancer LumB SC
CID4535_CGCTTCATCGGTCTAA,CID4535,ER+,Cancer Epithelial,Cancer LumB SC,Cancer LumB SC
CID4535_CGGACACAGCAATCTC,CID4535,ER+,Cancer Epithelial,Cancer LumB SC,Cancer LumB SC
CID4535_CGGACACTCTTTACGT,CID4535,ER+,Cancer Epithelial,Cancer LumB SC,Cancer LumB SC
CID4535_CGGACGTAGCGGCTTC,CID4535,ER+,Cancer Epithelial,Cancer LumB SC,Cancer LumB SC
CID4535_CGGACGTAGCGTTGCC,CID4535,ER+,Cancer Epithelial,Cancer LumB SC,Cancer LumB SC
CID4535_CGGACGTAGTGTCCCG,CID4535,ER+,Cancer Epithelial,Cancer LumB SC,Cancer LumB SC
CID4535_CGGACGTCACACATGT,CID4535,ER+,Cancer Epithelial,Cancer LumB SC,Cancer LumB SC
CID4535_CGGACGTCATATACCG,CID4535,ER+,Cancer Epithelial,Cancer LumB SC,Cancer LumB SC
CID4535_CGGACGTCATGCGCAC,CID4535,ER+,Cancer Epithelial,Cancer LumB SC,Cancer LumB SC
CID4535_CGGACGTTCAGCTCGG,CID4535,ER+,Cancer Epithelial,Cancer LumB SC,Cancer LumB SC
CID4535_CGGACTGGTGCGATAG,CID4535,ER+,Cancer Epithelial,Cancer LumB SC,Cancer LumB SC
CID4535_CGGAGCTAGCGCCTCA,CID4535,ER+,Cancer Epithelial,Cancer LumB SC,Cancer LumB SC
CID4535_CGGAGCTAGCTAACAA,CID4535,ER+,Cancer Epithelial,Cancer LumB SC,Cancer LumB SC
CID4535_CGGAGCTGTCATATGC,CID4535,ER+,Cancer Epithelial,Cancer LumB SC,Cancer LumB SC
CID4535_CGGAGCTTCGGTTCGG,CID4535,ER+,Cancer Epithelial,Cancer LumB SC,Cancer LumB SC
CID4535_CGGAGCTTCTTTCCTC,CID4535,ER+,Cancer Epithelial,Cancer LumB SC,Cancer LumB SC
CID4535_CGGAGTCAGATGTGTA,CID4535,ER+,Cancer Epithelial,Cancer LumB SC,Cancer LumB SC
CID4535_CGGAGTCAGGTAGCCA,CID4535,ER+,Cancer Epithelial,Cancer LumB SC,Cancer LumB SC
CID4535_CGGAGTCAGTACGATA,CID4535,ER+,Cancer Epithelial,Cancer LumB SC,Cancer LumB SC
CID4535_CGGAGTCCAGTCAGAG,CID4535,ER+,Cancer Epithelial,Cancer LumB SC,Cancer LumB SC
CID4535_CGGAGTCTCGTCTGCT,CID4535,ER+,Cancer Epithelial,Cancer LumB SC,Cancer LumB SC
CID4535_CGGCTAGCAGTTTACG,CID4535,ER+,Cancer Epithelial,Cancer LumB SC,Cancer LumB SC
CID4535_CGGCTAGCATAGGATA,CID4535,ER+,Cancer Epithelial,Cancer LumB SC,Cancer LumB SC
CID4535_CGGCTAGTCGGACAAG,CID4535,ER+,Cancer Epithelial,Cancer LumB SC,Cancer LumB SC
CID4535_CGGCTAGTCTATCGCC,CID4535,ER+,Cancer Epithelial,Cancer LumB SC,Cancer LumB SC
CID4535_CGGGTCAAGACTCGGA,CID4535,ER+,Cancer Epithelial,Cancer LumB SC,Cancer LumB SC
CID4535_CGGGTCAAGCACACAG,CID4535,ER+,Cancer Epithelial,Cancer LumB SC,Cancer LumB SC
CID4535_CGGGTCAAGTCTCAAC,CID4535,ER+,Cancer Epithelial,Cancer LumB SC,Cancer LumB SC
CID4535_CGGGTCAGTATAATGG,CID4535,ER+,Cancer Epithelial,Cancer LumB SC,Cancer LumB SC
CID4535_CGGGTCAGTATTACCG,CID4535,ER+,Cancer Epithelial,Cancer LumB SC,Cancer LumB SC
CID4535_CGGGTCATCAGGTAAA,CID4535,ER+,Cancer Epithelial,Cancer LumB SC,Cancer LumB SC
CID4535_CGGTTAAAGTGCAAGC,CID4535,ER+,Cancer Epithelial,Cancer LumB SC,Cancer LumB SC
CID4535_CGGTTAAAGTGCGTGA,CID4535,ER+,Cancer Epithelial,Cancer LumB SC,Cancer LumB SC
CID4535_CGGTTAACACGGCTAC,CID4535,ER+,Cancer Epithelial,Cancer LumB SC,Cancer LumB SC
CID4535_CGGTTAAGTCCCTACT,CID4535,ER+,Cancer Epithelial,Cancer LumB SC,Cancer LumB SC
CID4535_CGGTTAAGTTCAGCGC,CID4535,ER+,Cancer Epithelial,Cancer LumB SC,Cancer LumB SC
CID4535_CGGTTAATCCTCCTAG,CID4535,ER+,Cancer Epithelial,Cancer LumB SC,Cancer LumB SC
CID4535_CGTAGCGCACTATCTT,CID4535,ER+,Cancer Epithelial,Cancer LumB SC,Cancer LumB SC
CID4535_CGTAGCGGTGTAATGA,CID4535,ER+,Cancer Epithelial,Cancer LumB SC,Cancer LumB SC
CID4535_CGTAGGCCAACGATCT,CID4535,ER+,Cancer Epithelial,Cancer LumB SC,Cancer LumB SC
CID4535_CGTAGGCCATGTCGAT,CID4535,ER+,Cancer Epithelial,Cancer LumB SC,Cancer LumB SC
CID4535_CGTAGGCTCACCTTAT,CID4535,ER+,Cancer Epithelial,Cancer LumB SC,Cancer LumB SC
CID4535_CGTAGGCTCAGGTAAA,CID4535,ER+,Cancer Epithelial,Cancer LumB SC,Cancer LumB SC
CID4535_CGTAGGCTCCAGATCA,CID4535,ER+,Cancer Epithelial,Cancer LumB SC,Cancer LumB SC
CID4535_CGTCACTCATTGCGGC,CID4535,ER+,Cancer Epithelial,Cancer LumB SC,Cancer LumB SC
CID4535_CGTCACTGTCTCCCTA,CID4535,ER+,Cancer Epithelial,Cancer LumB SC,Cancer LumB SC
CID4535_CGTCACTGTTGATTGC,CID4535,ER+,Cancer Epithelial,Cancer LumB SC,Cancer LumB SC
CID4535_CGTCAGGCATATGAGA,CID4535,ER+,Cancer Epithelial,Cancer LumB SC,Cancer LumB SC
CID4535_CGTCCATGTGAACCTT,CID4535,ER+,Cancer Epithelial,Cancer LumB SC,Cancer LumB SC
CID4535_CGTCCATGTGTTTGGT,CID4535,ER+,Cancer Epithelial,Cancer LumB SC,Cancer LumB SC
CID4535_CGTCCATGTTATCGGT,CID4535,ER+,Cancer Epithelial,Cancer LumB SC,Cancer LumB SC
CID4535_CGTCTACAGAGTGAGA,CID4535,ER+,Cancer Epithelial,Cancer LumB SC,Cancer LumB SC
CID4535_CGTCTACCACCACGTG,CID4535,ER+,Cancer Epithelial,Cancer LumB SC,Cancer LumB SC
CID4535_CGTCTACCACCTTGTC,CID4535,ER+,Cancer Epithelial,Cancer LumB SC,Cancer LumB SC
CID4535_CGTCTACCAGTAAGCG,CID4535,ER+,Cancer Epithelial,Cancer LumB SC,Cancer LumB SC
CID4535_CGTCTACTCCATGCTC,CID4535,ER+,Cancer Epithelial,Cancer LumB SC,Cancer LumB SC
CID4535_CGTGAGCAGAAGGTGA,CID4535,ER+,Cancer Epithelial,Cancer LumB SC,Cancer LumB SC
CID4535_CGTGAGCAGGTAAACT,CID4535,ER+,Cancer Epithelial,Cancer LumB SC,Cancer LumB SC
CID4535_CGTGAGCCAATGGATA,CID4535,ER+,Cancer Epithelial,Cancer LumB SC,Cancer LumB SC
CID4535_CGTGAGCTCATTGCGA,CID4535,ER+,Cancer Epithelial,Cancer LumB SC,Cancer LumB SC
CID4535_CGTGTAAAGAATAGGG,CID4535,ER+,Cancer Epithelial,Cancer LumB SC,Cancer LumB SC
CID4535_CGTGTAAAGGAGTACC,CID4535,ER+,Cancer Epithelial,Cancer LumB SC,Cancer LumB SC
CID4535_CGTGTAAAGTCGAGTG,CID4535,ER+,Cancer Epithelial,Cancer LumB SC,Cancer LumB SC
CID4535_CGTGTAACAAGGCTCC,CID4535,ER+,Cancer Epithelial,Cancer LumB SC,Cancer LumB SC
CID4535_CGTGTAAGTGACTACT,CID4535,ER+,Cancer Epithelial,Cancer LumB SC,Cancer LumB SC
CID4535_CGTGTCTAGCAGGCTA,CID4535,ER+,Cancer Epithelial,Cancer LumB SC,Cancer LumB SC
CID4535_CGTGTCTAGTGTACCT,CID4535,ER+,Cancer Epithelial,Cancer LumB SC,Cancer LumB SC
CID4535_CGTGTCTCAGCGAACA,CID4535,ER+,Cancer Epithelial,Cancer LumB SC,Cancer LumB SC
CID4535_CGTGTCTGTCCATGAT,CID4535,ER+,Cancer Epithelial,Cancer LumB SC,Cancer LumB SC
CID4535_CGTTAGATCTAACCGA,CID4535,ER+,Cancer Epithelial,Cancer LumB SC,Cancer LumB SC
CID4535_CGTTAGATCTGCAGTA,CID4535,ER+,Cancer Epithelial,Cancer LumB SC,Cancer LumB SC
CID4535_CGTTCTGAGACCTTTG,CID4535,ER+,Cancer Epithelial,Cancer LumB SC,Cancer LumB SC
CID4535_CGTTCTGAGGCAAAGA,CID4535,ER+,Cancer Epithelial,Cancer LumB SC,Cancer LumB SC
CID4535_CGTTCTGCAATAGCAA,CID4535,ER+,Cancer Epithelial,Cancer LumB SC,Cancer LumB SC
CID4535_CGTTCTGCAGCATACT,CID4535,ER+,Cancer Epithelial,Cancer LumB SC,Cancer LumB SC
CID4535_CGTTCTGGTAGCTTGT,CID4535,ER+,Cancer Epithelial,Cancer LumB SC,Cancer LumB SC
CID4535_CGTTCTGGTGGTCCGT,CID4535,ER+,Cancer Epithelial,Cancer LumB SC,Cancer LumB SC
CID4535_CGTTGGGAGGCATGTG,CID4535,ER+,Cancer Epithelial,Cancer LumB SC,Cancer LumB SC
CID4535_CGTTGGGTCAGTTGAC,CID4535,ER+,Cancer Epithelial,Cancer LumB SC,Cancer LumB SC
CID4535_CGTTGGGTCCGAACGC,CID4535,ER+,Cancer Epithelial,Cancer LumB SC,Cancer LumB SC
CID4535_CGTTGGGTCCGAATGT,CID4535,ER+,Cancer Epithelial,Cancer LumB SC,Cancer LumB SC
CID4535_CGTTGGGTCGCCAAAT,CID4535,ER+,Cancer Epithelial,Cancer LumB SC,Cancer LumB SC
CID4535_CTAACTTAGTCAAGCG,CID4535,ER+,Cancer Epithelial,Cancer LumB SC,Cancer LumB SC
CID4535_CTAACTTGTCCCGACA,CID4535,ER+,Cancer Epithelial,Cancer LumB SC,Cancer LumB SC
CID4535_CTAACTTTCCACGACG,CID4535,ER+,Cancer Epithelial,Cancer LumB SC,Cancer LumB SC
CID4535_CTAAGACAGTGGGTTG,CID4535,ER+,Cancer Epithelial,Cancer LumB SC,Cancer LumB SC
CID4535_CTAAGACCAGGCAGTA,CID4535,ER+,Cancer Epithelial,Cancer LumB SC,Cancer LumB SC
CID4535_CTAAGACGTGCACCAC,CID4535,ER+,Cancer Epithelial,Cancer LumB SC,Cancer LumB SC
CID4535_CTAAGACTCATAAAGG,CID4535,ER+,Cancer Epithelial,Cancer LumB SC,Cancer LumB SC
CID4535_CTAATGGAGGGCACTA,CID4535,ER+,Cancer Epithelial,Cancer LumB SC,Cancer LumB SC
CID4535_CTAATGGGTTCGCTAA,CID4535,ER+,Cancer Epithelial,Cancer LumB SC,Cancer LumB SC
CID4535_CTAATGGTCGGCGGTT,CID4535,ER+,Cancer Epithelial,Cancer LumB SC,Cancer LumB SC
CID4535_CTACACCCAAGTCTAC,CID4535,ER+,Cancer Epithelial,Cancer LumB SC,Cancer LumB SC
CID4535_CTACACCCAGACGCTC,CID4535,ER+,Cancer Epithelial,Cancer LumB SC,Cancer LumB SC
CID4535_CTACACCCAGTAAGCG,CID4535,ER+,Cancer Epithelial,Cancer LumB SC,Cancer LumB SC
CID4535_CTACACCTCAGGCAAG,CID4535,ER+,Cancer Epithelial,Cancer LumB SC,Cancer LumB SC
CID4535_CTACACCTCCAAATGC,CID4535,ER+,Cancer Epithelial,Cancer LumB SC,Cancer LumB SC
CID4535_CTACACCTCCTTTCGG,CID4535,ER+,Cancer Epithelial,Cancer LumB SC,Cancer LumB SC
CID4535_CTACACCTCGTAGGTT,CID4535,ER+,Cancer Epithelial,Cancer LumB SC,Cancer LumB SC
CID4535_CTACATTAGGCCATAG,CID4535,ER+,Cancer Epithelial,Cancer LumB SC,Cancer LumB SC
CID4535_CTACATTGTCTGGTCG,CID4535,ER+,Cancer Epithelial,Cancer LumB SC,Cancer LumB SC
CID4535_CTACATTTCAAGAAGT,CID4535,ER+,Cancer Epithelial,Cancer LumB SC,Cancer LumB SC
CID4535_CTACCCACAGTGGAGT,CID4535,ER+,Cancer Epithelial,Cancer LumB SC,Cancer LumB SC
CID4535_CTACCCACATGGAATA,CID4535,ER+,Cancer Epithelial,Cancer LumB SC,Cancer LumB SC
CID4535_CTACCCAGTGTCAATC,CID4535,ER+,Cancer Epithelial,Cancer LumB SC,Cancer LumB SC
CID4535_CTACCCATCGTTGACA,CID4535,ER+,Cancer Epithelial,Cancer LumB SC,Cancer LumB SC
CID4535_CTACGTCCAAACGCGA,CID4535,ER+,Cancer Epithelial,Cancer LumB SC,Cancer LumB SC
CID4535_CTACGTCTCACAGGCC,CID4535,ER+,Cancer Epithelial,Cancer LumB SC,Cancer LumB SC
CID4535_CTACGTCTCGGTCTAA,CID4535,ER+,Cancer Epithelial,Cancer LumB SC,Cancer LumB SC
CID4535_CTAGAGTAGAGACGAA,CID4535,ER+,Cancer Epithelial,Cancer LumB SC,Cancer LumB SC
CID4535_CTAGAGTAGTAACCCT,CID4535,ER+,Cancer Epithelial,Cancer LumB SC,Cancer LumB SC
CID4535_CTAGAGTTCACAACGT,CID4535,ER+,Cancer Epithelial,Cancer LumB SC,Cancer LumB SC
CID4535_CTAGCCTCAGTAACGG,CID4535,ER+,Cancer Epithelial,Cancer LumB SC,Cancer LumB SC
CID4535_CTAGCCTGTACATCCA,CID4535,ER+,Cancer Epithelial,Cancer LumB SC,Cancer LumB SC
CID4535_CTAGTGAAGAGTACCG,CID4535,ER+,Cancer Epithelial,Cancer LumB SC,Cancer LumB SC
CID4535_CTAGTGAAGCAACGGT,CID4535,ER+,Cancer Epithelial,Cancer LumB SC,Cancer LumB SC
CID4535_CTAGTGAAGCGACGTA,CID4535,ER+,Cancer Epithelial,Cancer LumB SC,Cancer LumB SC
CID4535_CTAGTGAAGCTAGGCA,CID4535,ER+,Cancer Epithelial,Cancer LumB SC,Cancer LumB SC
CID4535_CTAGTGAAGGTAGCTG,CID4535,ER+,Cancer Epithelial,Cancer LumB SC,Cancer LumB SC
CID4535_CTAGTGACACACCGCA,CID4535,ER+,Cancer Epithelial,Cancer LumB SC,Cancer LumB SC
CID4535_CTAGTGAGTAAGAGAG,CID4535,ER+,Cancer Epithelial,Cancer LumB SC,Cancer LumB SC
CID4535_CTCACACTCAAACAAG,CID4535,ER+,Cancer Epithelial,Cancer LumB SC,Cancer LumB SC
CID4535_CTCACACTCCCTTGTG,CID4535,ER+,Cancer Epithelial,Cancer LumB SC,Cancer LumB SC
CID4535_CTCAGAAGTTCAGGCC,CID4535,ER+,Cancer Epithelial,Cancer LumB SC,Cancer LumB SC
CID4535_CTCAGAATCCCGGATG,CID4535,ER+,Cancer Epithelial,Cancer LumB SC,Cancer LumB SC
CID4535_CTCATTAAGCAGATCG,CID4535,ER+,Cancer Epithelial,Cancer LumB SC,Cancer LumB SC
CID4535_CTCATTACACAGCGTC,CID4535,ER+,Cancer Epithelial,Cancer LumB SC,Cancer LumB SC
CID4535_CTCATTACAGCTGTTA,CID4535,ER+,Cancer Epithelial,Cancer LumB SC,Cancer LumB SC
CID4535_CTCATTACATGTTGAC,CID4535,ER+,Cancer Epithelial,Cancer LumB SC,Cancer LumB SC
CID4535_CTCATTATCCGCAGTG,CID4535,ER+,Cancer Epithelial,Cancer LumB SC,Cancer LumB SC
CID4535_CTCATTATCCGCGTTT,CID4535,ER+,Cancer Epithelial,Cancer LumB SC,Cancer LumB SC
CID4535_CTCATTATCTGGGCCA,CID4535,ER+,Cancer Epithelial,Cancer LumB SC,Cancer LumB SC
CID4535_CTCCTAGAGATGCGAC,CID4535,ER+,Cancer Epithelial,Cancer LumB SC,Cancer LumB SC
CID4535_CTCCTAGAGCTACCGC,CID4535,ER+,Cancer Epithelial,Cancer LumB SC,Cancer LumB SC
CID4535_CTCCTAGCAAGACGTG,CID4535,ER+,Cancer Epithelial,Cancer LumB SC,Cancer LumB SC
CID4535_CTCCTAGCACAACGTT,CID4535,ER+,Cancer Epithelial,Cancer LumB SC,Cancer LumB SC
CID4535_CTCCTAGCAGGGTTAG,CID4535,ER+,Cancer Epithelial,Cancer LumB SC,Cancer LumB SC
CID4535_CTCCTAGTCATGCATG,CID4535,ER+,Cancer Epithelial,Cancer LumB SC,Cancer LumB SC
CID4535_CTCCTAGTCTATGTGG,CID4535,ER+,Cancer Epithelial,Cancer LumB SC,Cancer LumB SC
CID4535_CTCGAAATCGTGTAGT,CID4535,ER+,Cancer Epithelial,Cancer LumB SC,Cancer LumB SC
CID4535_CTCGAAATCTCAAACG,CID4535,ER+,Cancer Epithelial,Cancer LumB SC,Cancer LumB SC
CID4535_CTCGAGGAGTCGAGTG,CID4535,ER+,Cancer Epithelial,Cancer LumB SC,Cancer LumB SC
CID4535_CTCGAGGGTGATAAGT,CID4535,ER+,Cancer Epithelial,Cancer LumB SC,Cancer LumB SC
CID4535_CTCGGAGCAAGTCATC,CID4535,ER+,Cancer Epithelial,Cancer LumB SC,Cancer LumB SC
CID4535_CTCGGAGCATTGGTAC,CID4535,ER+,Cancer Epithelial,Cancer LumB SC,Cancer LumB SC
CID4535_CTCGGAGGTCAGTGGA,CID4535,ER+,Cancer Epithelial,Cancer LumB SC,Cancer LumB SC
CID4535_CTCGGGACATCAGTAC,CID4535,ER+,Cancer Epithelial,Cancer LumB SC,Cancer LumB SC
CID4535_CTCGGGAGTAAGTTCC,CID4535,ER+,Cancer Epithelial,Cancer LumB SC,Cancer LumB SC
CID4535_CTCGGGAGTGCGCTTG,CID4535,ER+,Cancer Epithelial,Cancer LumB SC,Cancer LumB SC
CID4535_CTCGGGATCTGGTATG,CID4535,ER+,Cancer Epithelial,Cancer LumB SC,Cancer LumB SC
CID4535_CTCGTACAGGGATCTG,CID4535,ER+,Cancer Epithelial,Cancer LumB SC,Cancer LumB SC
CID4535_CTCGTACAGGTAAACT,CID4535,ER+,Cancer Epithelial,Cancer LumB SC,Cancer LumB SC
CID4535_CTCGTACGTTGGACCC,CID4535,ER+,Cancer Epithelial,Cancer LumB SC,Cancer LumB SC
CID4535_CTCGTACTCAATCTCT,CID4535,ER+,Cancer Epithelial,Cancer LumB SC,Cancer LumB SC
CID4535_CTCGTCAAGAGTTGGC,CID4535,ER+,Cancer Epithelial,Cancer LumB SC,Cancer LumB SC
CID4535_CTCGTCACATGATCCA,CID4535,ER+,Cancer Epithelial,Cancer LumB SC,Cancer LumB SC
CID4535_CTCGTCAGTCTCGTTC,CID4535,ER+,Cancer Epithelial,Cancer LumB SC,Cancer LumB SC
CID4535_CTCGTCATCGCCATAA,CID4535,ER+,Cancer Epithelial,Cancer LumB SC,Cancer LumB SC
CID4535_CTCTAATAGGAGTACC,CID4535,ER+,Cancer Epithelial,Cancer LumB SC,Cancer LumB SC
CID4535_CTCTAATCAATTCCTT,CID4535,ER+,Cancer Epithelial,Cancer LumB SC,Cancer LumB SC
CID4535_CTCTAATCACGACTCG,CID4535,ER+,Cancer Epithelial,Cancer LumB SC,Cancer LumB SC
CID4535_CTCTAATCAGCCAATT,CID4535,ER+,Cancer Epithelial,Cancer LumB SC,Cancer LumB SC
CID4535_CTCTAATCAGTGACAG,CID4535,ER+,Cancer Epithelial,Cancer LumB SC,Cancer LumB SC
CID4535_CTCTAATGTTCTGGTA,CID4535,ER+,Cancer Epithelial,Cancer LumB SC,Cancer LumB SC
CID4535_CTCTAATTCTACTCAT,CID4535,ER+,Cancer Epithelial,Cancer LumB SC,Cancer LumB SC
CID4535_CTCTACGAGTGAAGTT,CID4535,ER+,Cancer Epithelial,Cancer LumB SC,Cancer LumB SC
CID4535_CTCTACGGTCGAGTTT,CID4535,ER+,Cancer Epithelial,Cancer LumB SC,Cancer LumB SC
CID4535_CTCTACGGTTAAGAAC,CID4535,ER+,Cancer Epithelial,Cancer LumB SC,Cancer LumB SC
CID4535_CTCTACGGTTCGCGAC,CID4535,ER+,Cancer Epithelial,Cancer LumB SC,Cancer LumB SC
CID4535_CTCTACGGTTGTGGAG,CID4535,ER+,Cancer Epithelial,Cancer LumB SC,Cancer LumB SC
CID4535_CTCTGGTAGAGCTTCT,CID4535,ER+,Cancer Epithelial,Cancer LumB SC,Cancer LumB SC
CID4535_CTCTGGTAGCCGATTT,CID4535,ER+,Cancer Epithelial,Cancer LumB SC,Cancer LumB SC
CID4535_CTCTGGTAGTACGATA,CID4535,ER+,Cancer Epithelial,Cancer LumB SC,Cancer LumB SC
CID4535_CTCTGGTCATCCCACT,CID4535,ER+,Cancer Epithelial,Cancer LumB SC,Cancer LumB SC
CID4535_CTGAAACAGGCTAGCA,CID4535,ER+,Cancer Epithelial,Cancer LumB SC,Cancer LumB SC
CID4535_CTGAAACAGTCCGTAT,CID4535,ER+,Cancer Epithelial,Cancer LumB SC,Cancer LumB SC
CID4535_CTGAAACCATCAGTAC,CID4535,ER+,Cancer Epithelial,Cancer LumB SC,Cancer LumB SC
CID4535_CTGAAACTCTTAGAGC,CID4535,ER+,Cancer Epithelial,Cancer LumB SC,Cancer LumB SC
CID4535_CTGAAGTAGGACACCA,CID4535,ER+,Cancer Epithelial,Cancer LumB SC,Cancer LumB SC
CID4535_CTGAAGTAGTCCGTAT,CID4535,ER+,Cancer Epithelial,Cancer LumB SC,Cancer LumB SC
CID4535_CTGAAGTCAGTACACT,CID4535,ER+,Cancer Epithelial,Cancer LumB SC,Cancer LumB SC
CID4535_CTGAAGTGTACTTCTT,CID4535,ER+,Cancer Epithelial,Cancer LumB SC,Cancer LumB SC
CID4535_CTGAAGTGTCGCATAT,CID4535,ER+,Cancer Epithelial,Cancer LumB SC,Cancer LumB SC
CID4535_CTGAAGTGTTTGTTTC,CID4535,ER+,Cancer Epithelial,Cancer LumB SC,Cancer LumB SC
CID4535_CTGATAGAGCGTTGCC,CID4535,ER+,Cancer Epithelial,Cancer LumB SC,Cancer LumB SC
CID4535_CTGATAGCACAAGTAA,CID4535,ER+,Cancer Epithelial,Cancer LumB SC,Cancer LumB SC
CID4535_CTGATAGCACCTATCC,CID4535,ER+,Cancer Epithelial,Cancer LumB SC,Cancer LumB SC
CID4535_CTGATAGCATAGTAAG,CID4535,ER+,Cancer Epithelial,Cancer LumB SC,Cancer LumB SC
CID4535_CTGATAGTCATTTGGG,CID4535,ER+,Cancer Epithelial,Cancer LumB SC,Cancer LumB SC
CID4535_CTGATCCAGACACTAA,CID4535,ER+,Cancer Epithelial,Cancer LumB SC,Cancer LumB SC
CID4535_CTGCCTAAGGATCGCA,CID4535,ER+,Cancer Epithelial,Cancer LumB SC,Cancer LumB SC
CID4535_CTGCCTACAAGCTGAG,CID4535,ER+,Cancer Epithelial,Cancer LumB SC,Cancer LumB SC
CID4535_CTGCCTACACGTGAGA,CID4535,ER+,Cancer Epithelial,Cancer LumB SC,Cancer LumB SC
CID4535_CTGCCTACAGGGTACA,CID4535,ER+,Cancer Epithelial,Cancer LumB SC,Cancer LumB SC
CID4535_CTGCCTAGTTAAAGAC,CID4535,ER+,Cancer Epithelial,Cancer LumB SC,Cancer LumB SC
CID4535_CTGCGGAAGTAATCCC,CID4535,ER+,Cancer Epithelial,Cancer LumB SC,Cancer LumB SC
CID4535_CTGCGGACAAGTTGTC,CID4535,ER+,Cancer Epithelial,Cancer LumB SC,Cancer LumB SC
CID4535_CTGCGGATCCTGCAGG,CID4535,ER+,Cancer Epithelial,Cancer LumB SC,Cancer LumB SC
CID4535_CTGCTGTCATCATCCC,CID4535,ER+,Cancer Epithelial,Cancer LumB SC,Cancer LumB SC
CID4535_CTGCTGTCATGGAATA,CID4535,ER+,Cancer Epithelial,Cancer LumB SC,Cancer LumB SC
CID4535_CTGCTGTGTATGCTTG,CID4535,ER+,Cancer Epithelial,Cancer LumB SC,Cancer LumB SC
CID4535_CTGCTGTGTGCCTGCA,CID4535,ER+,Cancer Epithelial,Cancer LumB SC,Cancer LumB SC
CID4535_CTGCTGTGTGCTGTAT,CID4535,ER+,Cancer Epithelial,Cancer LumB SC,Cancer LumB SC
CID4535_CTGCTGTGTTCTGAAC,CID4535,ER+,Cancer Epithelial,Cancer LumB SC,Cancer LumB SC
CID4535_CTGCTGTTCTAACTTC,CID4535,ER+,Cancer Epithelial,Cancer LumB SC,Cancer LumB SC
CID4535_CTGGTCTAGTCATGCT,CID4535,ER+,Cancer Epithelial,Cancer LumB SC,Cancer LumB SC
CID4535_CTGGTCTCACTATCTT,CID4535,ER+,Cancer Epithelial,Cancer LumB SC,Cancer LumB SC
CID4535_CTGGTCTGTAAATGAC,CID4535,ER+,Cancer Epithelial,Cancer LumB SC,Cancer LumB SC
CID4535_CTGGTCTGTCGAGATG,CID4535,ER+,Cancer Epithelial,Cancer LumB SC,Cancer LumB SC
CID4535_CTGGTCTGTTCACCTC,CID4535,ER+,Cancer Epithelial,Cancer LumB SC,Cancer LumB SC
CID4535_CTGTGCTAGAGAGCTC,CID4535,ER+,Cancer Epithelial,Cancer LumB SC,Cancer LumB SC
CID4535_CTGTGCTAGAGGACGG,CID4535,ER+,Cancer Epithelial,Cancer LumB SC,Cancer LumB SC
CID4535_CTGTGCTCAGCATGAG,CID4535,ER+,Cancer Epithelial,Cancer LumB SC,Cancer LumB SC
CID4535_CTGTGCTCATACGCTA,CID4535,ER+,Cancer Epithelial,Cancer LumB SC,Cancer LumB SC
CID4535_CTGTGCTGTGATGTGG,CID4535,ER+,Cancer Epithelial,Cancer LumB SC,Cancer LumB SC
CID4535_CTGTGCTTCCAAAGTC,CID4535,ER+,Cancer Epithelial,Cancer LumB SC,Cancer LumB SC
CID4535_CTGTGCTTCCTTAATC,CID4535,ER+,Cancer Epithelial,Cancer LumB SC,Cancer LumB SC
CID4535_CTGTGCTTCGTAGGTT,CID4535,ER+,Cancer Epithelial,Cancer LumB SC,Cancer LumB SC
CID4535_CTGTTTAAGATCCCAT,CID4535,ER+,Cancer Epithelial,Cancer LumB SC,Cancer LumB SC
CID4535_CTGTTTAAGTGCGATG,CID4535,ER+,Cancer Epithelial,Cancer LumB SC,Cancer LumB SC
CID4535_CTGTTTAAGTGTCCCG,CID4535,ER+,Cancer Epithelial,Cancer LumB SC,Cancer LumB SC
CID4535_CTGTTTAAGTTTGCGT,CID4535,ER+,Cancer Epithelial,Cancer LumB SC,Cancer LumB SC
CID4535_CTGTTTACAAAGGCGT,CID4535,ER+,Cancer Epithelial,Cancer LumB SC,Cancer LumB SC
CID4535_CTGTTTACATACAGCT,CID4535,ER+,Cancer Epithelial,Cancer LumB SC,Cancer LumB SC
CID4535_CTGTTTATCTTCATGT,CID4535,ER+,Cancer Epithelial,Cancer LumB SC,Cancer LumB SC
CID4535_CTTAACTAGCAGCCTC,CID4535,ER+,Cancer Epithelial,Cancer LumB SC,Cancer LumB SC
CID4535_CTTAACTAGTATCGAA,CID4535,ER+,Cancer Epithelial,Cancer LumB SC,Cancer LumB SC
CID4535_CTTAACTCAAGTAATG,CID4535,ER+,Cancer Epithelial,Cancer LumB SC,Cancer LumB SC
CID4535_CTTAACTCACACATGT,CID4535,ER+,Cancer Epithelial,Cancer LumB SC,Cancer LumB SC
CID4535_CTTAACTCAGCTCGAC,CID4535,ER+,Cancer Epithelial,Cancer LumB SC,Cancer LumB SC
CID4535_CTTAACTGTAAACCTC,CID4535,ER+,Cancer Epithelial,Cancer LumB SC,Cancer LumB SC
CID4535_CTTAACTGTTGCTCCT,CID4535,ER+,Cancer Epithelial,Cancer LumB SC,Cancer LumB SC
CID4535_CTTACCGCAGCTTCGG,CID4535,ER+,Cancer Epithelial,Cancer LumB SC,Cancer LumB SC
CID4535_CTTACCGGTAAACGCG,CID4535,ER+,Cancer Epithelial,Cancer LumB SC,Cancer LumB SC
CID4535_CTTACCGGTCTCTTAT,CID4535,ER+,Cancer Epithelial,Cancer LumB SC,Cancer LumB SC
CID4535_CTTACCGGTTCCATGA,CID4535,ER+,Cancer Epithelial,Cancer LumB SC,Cancer LumB SC
CID4535_CTTACCGTCCGAGCCA,CID4535,ER+,Cancer Epithelial,Cancer LumB SC,Cancer LumB SC
CID4535_CTTACCGTCTGCGTAA,CID4535,ER+,Cancer Epithelial,Cancer LumB SC,Cancer LumB SC
CID4535_CTTAGGACAGCTGTGC,CID4535,ER+,Cancer Epithelial,Cancer LumB SC,Cancer LumB SC
CID4535_CTTAGGAGTCAGATAA,CID4535,ER+,Cancer Epithelial,Cancer LumB SC,Cancer LumB SC
CID4535_CTTAGGAGTGGTTTCA,CID4535,ER+,Cancer Epithelial,Cancer LumB SC,Cancer LumB SC
CID4535_CTTCTCTCAACACCTA,CID4535,ER+,Cancer Epithelial,Cancer LumB SC,Cancer LumB SC
CID4535_CTTCTCTCACGTTGGC,CID4535,ER+,Cancer Epithelial,Cancer LumB SC,Cancer LumB SC
CID4535_CTTCTCTGTCAGAATA,CID4535,ER+,Cancer Epithelial,Cancer LumB SC,Cancer LumB SC
CID4535_CTTCTCTGTTCAGTAC,CID4535,ER+,Cancer Epithelial,Cancer LumB SC,Cancer LumB SC
CID4535_CTTCTCTTCGGAGGTA,CID4535,ER+,Cancer Epithelial,Cancer LumB SC,Cancer LumB SC
CID4535_CTTCTCTTCTTGTACT,CID4535,ER+,Cancer Epithelial,Cancer LumB SC,Cancer LumB SC
CID4535_CTTGGCTAGCCTATGT,CID4535,ER+,Cancer Epithelial,Cancer LumB SC,Cancer LumB SC
CID4535_CTTGGCTCACCGATAT,CID4535,ER+,Cancer Epithelial,Cancer LumB SC,Cancer LumB SC
CID4535_CTTGGCTCACTATCTT,CID4535,ER+,Cancer Epithelial,Cancer LumB SC,Cancer LumB SC
CID4535_CTTGGCTGTGCAGGTA,CID4535,ER+,Cancer Epithelial,Cancer LumB SC,Cancer LumB SC
CID4535_CTTGGCTGTTGCGTTA,CID4535,ER+,Cancer Epithelial,Cancer LumB SC,Cancer LumB SC
CID4535_CTTTGCGCAATCCAAC,CID4535,ER+,Cancer Epithelial,Cancer LumB SC,Cancer LumB SC
CID4535_CTTTGCGGTGGCCCTA,CID4535,ER+,Cancer Epithelial,Cancer LumB SC,Cancer LumB SC
CID4535_GAAACTCAGTGCCAGA,CID4535,ER+,Cancer Epithelial,Cancer LumB SC,Cancer LumB SC
CID4535_GAAACTCGTCCTCTTG,CID4535,ER+,Cancer Epithelial,Cancer LumB SC,Cancer LumB SC
CID4535_GAAATGAAGGAACTGC,CID4535,ER+,Cancer Epithelial,Cancer LumB SC,Cancer LumB SC
CID4535_GAAATGAGTGATGCCC,CID4535,ER+,Cancer Epithelial,Cancer LumB SC,Cancer LumB SC
CID4535_GAAATGATCGTCACGG,CID4535,ER+,Cancer Epithelial,Cancer LumB SC,Cancer LumB SC
CID4535_GAACATCCACATGGGA,CID4535,ER+,Cancer Epithelial,Cancer LumB SC,Cancer LumB SC
CID4535_GAACATCCAGATCCAT,CID4535,ER+,Cancer Epithelial,Cancer LumB SC,Cancer LumB SC
CID4535_GAACATCGTGACCAAG,CID4535,ER+,Cancer Epithelial,Cancer LumB SC,Cancer LumB SC
CID4535_GAACATCGTGCAGTAG,CID4535,ER+,Cancer Epithelial,Cancer LumB SC,Cancer LumB SC
CID4535_GAACATCTCGTTTAGG,CID4535,ER+,Cancer Epithelial,Cancer LumB SC,Cancer LumB SC
CID4535_GAACCTACACCCTATC,CID4535,ER+,Cancer Epithelial,Cancer LumB SC,Cancer LumB SC
CID4535_GAACCTACACTTGGAT,CID4535,ER+,Cancer Epithelial,Cancer LumB SC,Cancer LumB SC
CID4535_GAACCTACAGTACACT,CID4535,ER+,Cancer Epithelial,Cancer LumB SC,Cancer LumB SC
CID4535_GAACCTAGTAAATACG,CID4535,ER+,Cancer Epithelial,Cancer LumB SC,Cancer LumB SC
CID4535_GAACCTAGTTCAGCGC,CID4535,ER+,Cancer Epithelial,Cancer LumB SC,Cancer LumB SC
CID4535_GAACCTATCTTGAGGT,CID4535,ER+,Cancer Epithelial,Cancer LumB SC,Cancer LumB SC
CID4535_GAACGGAAGTGAATTG,CID4535,ER+,Cancer Epithelial,Cancer LumB SC,Cancer LumB SC
CID4535_GAACGGATCCACGTTC,CID4535,ER+,Cancer Epithelial,Cancer LumB SC,Cancer LumB SC
CID4535_GAACGGATCTCCTATA,CID4535,ER+,Cancer Epithelial,Cancer LumB SC,Cancer LumB SC
CID4535_GAAGCAGCACGTGAGA,CID4535,ER+,Cancer Epithelial,Cancer LumB SC,Cancer LumB SC
CID4535_GAAGCAGGTGAGCGAT,CID4535,ER+,Cancer Epithelial,Cancer LumB SC,Cancer LumB SC
CID4535_GAAGCAGTCAGTCAGT,CID4535,ER+,Cancer Epithelial,Cancer LumB SC,Cancer LumB SC
CID4535_GAAGCAGTCTGCCCTA,CID4535,ER+,Cancer Epithelial,Cancer LumB SC,Cancer LumB SC
CID4535_GAATAAGAGGATGTAT,CID4535,ER+,Cancer Epithelial,Cancer LumB SC,Cancer LumB SC
CID4535_GAATAAGAGTACACCT,CID4535,ER+,Cancer Epithelial,Cancer LumB SC,Cancer LumB SC
CID4535_GAATAAGCAAGAGTCG,CID4535,ER+,Cancer Epithelial,Cancer LumB SC,Cancer LumB SC
CID4535_GAATAAGCAGGATCGA,CID4535,ER+,Cancer Epithelial,Cancer LumB SC,Cancer LumB SC
CID4535_GAATGAACATGAACCT,CID4535,ER+,Cancer Epithelial,Cancer LumB SC,Cancer LumB SC
CID4535_GAATGAATCAGCACAT,CID4535,ER+,Cancer Epithelial,Cancer LumB SC,Cancer LumB SC
CID4535_GAATGAATCGGCATCG,CID4535,ER+,Cancer Epithelial,Cancer LumB SC,Cancer LumB SC
CID4535_GAATGAATCTCCCTGA,CID4535,ER+,Cancer Epithelial,Cancer LumB SC,Cancer LumB SC
CID4535_GAATGAATCTTCAACT,CID4535,ER+,Cancer Epithelial,Cancer LumB SC,Cancer LumB SC
CID4535_GACACGCCACATGACT,CID4535,ER+,Cancer Epithelial,Cancer LumB SC,Cancer LumB SC
CID4535_GACACGCCAGTACACT,CID4535,ER+,Cancer Epithelial,Cancer LumB SC,Cancer LumB SC
CID4535_GACACGCTCGGATGTT,CID4535,ER+,Cancer Epithelial,Cancer LumB SC,Cancer LumB SC
CID4535_GACAGAGCAGACTCGC,CID4535,ER+,Cancer Epithelial,Cancer LumB SC,Cancer LumB SC
CID4535_GACAGAGTCACATACG,CID4535,ER+,Cancer Epithelial,Cancer LumB SC,Cancer LumB SC
CID4535_GACAGAGTCCACGTTC,CID4535,ER+,Cancer Epithelial,Cancer LumB SC,Cancer LumB SC
CID4535_GACCAATAGAAACGAG,CID4535,ER+,Cancer Epithelial,Cancer LumB SC,Cancer LumB SC
CID4535_GACCAATAGTGTGGCA,CID4535,ER+,Cancer Epithelial,Cancer LumB SC,Cancer LumB SC
CID4535_GACCAATCAGAAGCAC,CID4535,ER+,Cancer Epithelial,Cancer LumB SC,Cancer LumB SC
CID4535_GACCAATTCCGTACAA,CID4535,ER+,Cancer Epithelial,Cancer LumB SC,Cancer LumB SC
CID4535_GACCAATTCTCGTATT,CID4535,ER+,Cancer Epithelial,Cancer LumB SC,Cancer LumB SC
CID4535_GACCTGGAGGGAACGG,CID4535,ER+,Cancer Epithelial,Cancer LumB SC,Cancer LumB SC
CID4535_GACCTGGCAGCCTGTG,CID4535,ER+,Cancer Epithelial,Cancer LumB SC,Cancer LumB SC
CID4535_GACCTGGCATCGGAAG,CID4535,ER+,Cancer Epithelial,Cancer LumB SC,Cancer LumB SC
CID4535_GACCTGGGTACGAAAT,CID4535,ER+,Cancer Epithelial,Cancer LumB SC,Cancer LumB SC
CID4535_GACCTGGTCTCTGTCG,CID4535,ER+,Cancer Epithelial,Cancer LumB SC,Cancer LumB SC
CID4535_GACGCGTCATCCTTGC,CID4535,ER+,Cancer Epithelial,Cancer LumB SC,Cancer LumB SC
CID4535_GACGCGTCATGTCCTC,CID4535,ER+,Cancer Epithelial,Cancer LumB SC,Cancer LumB SC
CID4535_GACGCGTTCTCACATT,CID4535,ER+,Cancer Epithelial,Cancer LumB SC,Cancer LumB SC
CID4535_GACGGCTCACAGGTTT,CID4535,ER+,Cancer Epithelial,Cancer LumB SC,Cancer LumB SC
CID4535_GACGGCTGTGTATGGG,CID4535,ER+,Cancer Epithelial,Cancer LumB SC,Cancer LumB SC
CID4535_GACGGCTTCCCGACTT,CID4535,ER+,Cancer Epithelial,Cancer LumB SC,Cancer LumB SC
CID4535_GACGGCTTCCCGGATG,CID4535,ER+,Cancer Epithelial,Cancer LumB SC,Cancer LumB SC
CID4535_GACGTGCAGCGTAGTG,CID4535,ER+,Cancer Epithelial,Cancer LumB SC,Cancer LumB SC
CID4535_GACGTGCAGGCTAGAC,CID4535,ER+,Cancer Epithelial,Cancer LumB SC,Cancer LumB SC
CID4535_GACGTGCCATCACGTA,CID4535,ER+,Cancer Epithelial,Cancer LumB SC,Cancer LumB SC
CID4535_GACGTGCCATTCTCAT,CID4535,ER+,Cancer Epithelial,Cancer LumB SC,Cancer LumB SC
CID4535_GACGTGCGTCTTGTCC,CID4535,ER+,Cancer Epithelial,Cancer LumB SC,Cancer LumB SC
CID4535_GACGTTACAGGGCATA,CID4535,ER+,Cancer Epithelial,Cancer LumB SC,Cancer LumB SC
CID4535_GACGTTAGTCCTGCTT,CID4535,ER+,Cancer Epithelial,Cancer LumB SC,Cancer LumB SC
CID4535_GACTAACAGCAGATCG,CID4535,ER+,Cancer Epithelial,Cancer LumB SC,Cancer LumB SC
CID4535_GACTAACCAGGGTATG,CID4535,ER+,Cancer Epithelial,Cancer LumB SC,Cancer LumB SC
CID4535_GACTAACGTACCAGTT,CID4535,ER+,Cancer Epithelial,Cancer LumB SC,Cancer LumB SC
CID4535_GACTACAAGAAGATTC,CID4535,ER+,Cancer Epithelial,Cancer LumB SC,Cancer LumB SC
CID4535_GACTACAAGCCACGTC,CID4535,ER+,Cancer Epithelial,Cancer LumB SC,Cancer LumB SC
CID4535_GACTACAAGTGGAGTC,CID4535,ER+,Cancer Epithelial,Cancer LumB SC,Cancer LumB SC
CID4535_GACTACACAATTGCTG,CID4535,ER+,Cancer Epithelial,Cancer LumB SC,Cancer LumB SC
CID4535_GACTACACACGAAAGC,CID4535,ER+,Cancer Epithelial,Cancer LumB SC,Cancer LumB SC
CID4535_GACTACACAGAAGCAC,CID4535,ER+,Cancer Epithelial,Cancer LumB SC,Cancer LumB SC
CID4535_GACTACAGTCAAACTC,CID4535,ER+,Cancer Epithelial,Cancer LumB SC,Cancer LumB SC
CID4535_GACTACATCTGCGTAA,CID4535,ER+,Cancer Epithelial,Cancer LumB SC,Cancer LumB SC
CID4535_GACTGCGCAAGTTCTG,CID4535,ER+,Cancer Epithelial,Cancer LumB SC,Cancer LumB SC
CID4535_GACTGCGTCACGAAGG,CID4535,ER+,Cancer Epithelial,Cancer LumB SC,Cancer LumB SC
CID4535_GACTGCGTCACTTACT,CID4535,ER+,Cancer Epithelial,Cancer LumB SC,Cancer LumB SC
CID4535_GACTGCGTCCGGCACA,CID4535,ER+,Cancer Epithelial,Cancer LumB SC,Cancer LumB SC
CID4535_GAGCAGAAGTTGCAGG,CID4535,ER+,Cancer Epithelial,Cancer LumB SC,Cancer LumB SC
CID4535_GAGCAGACAAGTTCTG,CID4535,ER+,Cancer Epithelial,Cancer LumB SC,Cancer LumB SC
CID4535_GAGCAGACACTAGTAC,CID4535,ER+,Cancer Epithelial,Cancer LumB SC,Cancer LumB SC
CID4535_GAGCAGATCATTGCGA,CID4535,ER+,Cancer Epithelial,Cancer LumB SC,Cancer LumB SC
CID4535_GAGCAGATCCAAGCCG,CID4535,ER+,Cancer Epithelial,Cancer LumB SC,Cancer LumB SC
CID4535_GAGGTGACACCGATAT,CID4535,ER+,Cancer Epithelial,Cancer LumB SC,Cancer LumB SC
CID4535_GAGGTGACAGATGGGT,CID4535,ER+,Cancer Epithelial,Cancer LumB SC,Cancer LumB SC
CID4535_GAGGTGATCACCCTCA,CID4535,ER+,Cancer Epithelial,Cancer LumB SC,Cancer LumB SC
CID4535_GAGGTGATCGCATGGC,CID4535,ER+,Cancer Epithelial,Cancer LumB SC,Cancer LumB SC
CID4535_GAGGTGATCGCCATAA,CID4535,ER+,Cancer Epithelial,Cancer LumB SC,Cancer LumB SC
CID4535_GAGGTGATCTGTCCGT,CID4535,ER+,Cancer Epithelial,Cancer LumB SC,Cancer LumB SC
CID4535_GAGTCCGAGGGTCTCC,CID4535,ER+,Cancer Epithelial,Cancer LumB SC,Cancer LumB SC
CID4535_GAGTCCGAGTCTCCTC,CID4535,ER+,Cancer Epithelial,Cancer LumB SC,Cancer LumB SC
CID4535_GAGTCCGCAATAACGA,CID4535,ER+,Cancer Epithelial,Cancer LumB SC,Cancer LumB SC
CID4535_GAGTCCGCAGACGTAG,CID4535,ER+,Cancer Epithelial,Cancer LumB SC,Cancer LumB SC
CID4535_GAGTCCGGTAAGAGGA,CID4535,ER+,Cancer Epithelial,Cancer LumB SC,Cancer LumB SC
CID4535_GAGTCCGGTTTCGCTC,CID4535,ER+,Cancer Epithelial,Cancer LumB SC,Cancer LumB SC
CID4535_GAGTCCGTCCTAAGTG,CID4535,ER+,Cancer Epithelial,Cancer LumB SC,Cancer LumB SC
CID4535_GATCAGTCACAAGTAA,CID4535,ER+,Cancer Epithelial,Cancer LumB SC,Cancer LumB SC
CID4535_GATCGATAGGGAGTAA,CID4535,ER+,Cancer Epithelial,Cancer LumB SC,Cancer LumB SC
CID4535_GATCGATAGTCATGCT,CID4535,ER+,Cancer Epithelial,Cancer LumB SC,Cancer LumB SC
CID4535_GATCGATCATATGGTC,CID4535,ER+,Cancer Epithelial,Cancer LumB SC,Cancer LumB SC
CID4535_GATCGATGTCTAAAGA,CID4535,ER+,Cancer Epithelial,Cancer LumB SC,Cancer LumB SC
CID4535_GATCGATGTTATGCGT,CID4535,ER+,Cancer Epithelial,Cancer LumB SC,Cancer LumB SC
CID4535_GATCGATTCCTTGGTC,CID4535,ER+,Cancer Epithelial,Cancer LumB SC,Cancer LumB SC
CID4535_GATCGCGAGCTAGCCC,CID4535,ER+,Cancer Epithelial,Cancer LumB SC,Cancer LumB SC
CID4535_GATCGCGCAGACAAGC,CID4535,ER+,Cancer Epithelial,Cancer LumB SC,Cancer LumB SC
CID4535_GATCGCGGTCTAGCCG,CID4535,ER+,Cancer Epithelial,Cancer LumB SC,Cancer LumB SC
CID4535_GATCGCGTCGAGAACG,CID4535,ER+,Cancer Epithelial,Cancer LumB SC,Cancer LumB SC
CID4535_GATCGTAAGGTTCCTA,CID4535,ER+,Cancer Epithelial,Cancer LumB SC,Cancer LumB SC
CID4535_GATCGTACAACTGCGC,CID4535,ER+,Cancer Epithelial,Cancer LumB SC,Cancer LumB SC
CID4535_GATCGTACACCGATAT,CID4535,ER+,Cancer Epithelial,Cancer LumB SC,Cancer LumB SC
CID4535_GATCGTACAGATCTGT,CID4535,ER+,Cancer Epithelial,Cancer LumB SC,Cancer LumB SC
CID4535_GATCGTACAGTCTTCC,CID4535,ER+,Cancer Epithelial,Cancer LumB SC,Cancer LumB SC
CID4535_GATCGTAGTATCACCA,CID4535,ER+,Cancer Epithelial,Cancer LumB SC,Cancer LumB SC
CID4535_GATCGTAGTCGCTTTC,CID4535,ER+,Cancer Epithelial,Cancer LumB SC,Cancer LumB SC
CID4535_GATCTAGAGATATGCA,CID4535,ER+,Cancer Epithelial,Cancer LumB SC,Cancer LumB SC
CID4535_GATCTAGGTCATATGC,CID4535,ER+,Cancer Epithelial,Cancer LumB SC,Cancer LumB SC
CID4535_GATGAAAAGCTCCTTC,CID4535,ER+,Cancer Epithelial,Cancer LumB SC,Cancer LumB SC
CID4535_GATGAAAGTAGCTGCC,CID4535,ER+,Cancer Epithelial,Cancer LumB SC,Cancer LumB SC
CID4535_GATGAGGGTAGAAAGG,CID4535,ER+,Cancer Epithelial,Cancer LumB SC,Cancer LumB SC
CID4535_GATGAGGGTATTACCG,CID4535,ER+,Cancer Epithelial,Cancer LumB SC,Cancer LumB SC
CID4535_GATGAGGGTTACCAGT,CID4535,ER+,Cancer Epithelial,Cancer LumB SC,Cancer LumB SC
CID4535_GATGCTAGTGCATCTA,CID4535,ER+,Cancer Epithelial,Cancer LumB SC,Cancer LumB SC
CID4535_GATGCTATCTCTGCTG,CID4535,ER+,Cancer Epithelial,Cancer LumB SC,Cancer LumB SC
CID4535_GATTCAGGTTCGTTGA,CID4535,ER+,Cancer Epithelial,Cancer LumB SC,Cancer LumB SC
CID4535_GATTCAGTCCTAGTGA,CID4535,ER+,Cancer Epithelial,Cancer LumB SC,Cancer LumB SC
CID4535_GCAAACTAGATCACGG,CID4535,ER+,Cancer Epithelial,Cancer LumB SC,Cancer LumB SC
CID4535_GCAAACTCATCAGTCA,CID4535,ER+,Cancer Epithelial,Cancer LumB SC,Cancer LumB SC
CID4535_GCAAACTGTATTACCG,CID4535,ER+,Cancer Epithelial,Cancer LumB SC,Cancer LumB SC
CID4535_GCAAACTGTTAGGGTG,CID4535,ER+,Cancer Epithelial,Cancer LumB SC,Cancer LumB SC
CID4535_GCAAACTTCGCACTCT,CID4535,ER+,Cancer Epithelial,Cancer LumB SC,Cancer LumB SC
CID4535_GCAAACTTCGGTCCGA,CID4535,ER+,Cancer Epithelial,Cancer LumB SC,Cancer LumB SC
CID4535_GCAATCAAGCACGCCT,CID4535,ER+,Cancer Epithelial,Cancer LumB SC,Cancer LumB SC
CID4535_GCAATCAAGCCGATTT,CID4535,ER+,Cancer Epithelial,Cancer LumB SC,Cancer LumB SC
CID4535_GCAATCAAGTTGTAGA,CID4535,ER+,Cancer Epithelial,Cancer LumB SC,Cancer LumB SC
CID4535_GCAATCACACCGCTAG,CID4535,ER+,Cancer Epithelial,Cancer LumB SC,Cancer LumB SC
CID4535_GCAATCACACGACGAA,CID4535,ER+,Cancer Epithelial,Cancer LumB SC,Cancer LumB SC
CID4535_GCAATCAGTGCATCTA,CID4535,ER+,Cancer Epithelial,Cancer LumB SC,Cancer LumB SC
CID4535_GCAATCAGTGCTAGCC,CID4535,ER+,Cancer Epithelial,Cancer LumB SC,Cancer LumB SC
CID4535_GCAATCAGTTGGTGGA,CID4535,ER+,Cancer Epithelial,Cancer LumB SC,Cancer LumB SC
CID4535_GCAATCATCTGCGTAA,CID4535,ER+,Cancer Epithelial,Cancer LumB SC,Cancer LumB SC
CID4535_GCACATACAGGGTACA,CID4535,ER+,Cancer Epithelial,Cancer LumB SC,Cancer LumB SC
CID4535_GCACATAGTACGAAAT,CID4535,ER+,Cancer Epithelial,Cancer LumB SC,Cancer LumB SC
CID4535_GCACATAGTCTAGCGC,CID4535,ER+,Cancer Epithelial,Cancer LumB SC,Cancer LumB SC
CID4535_GCACATAGTGACTCAT,CID4535,ER+,Cancer Epithelial,Cancer LumB SC,Cancer LumB SC
CID4535_GCACATATCGTCACGG,CID4535,ER+,Cancer Epithelial,Cancer LumB SC,Cancer LumB SC
CID4535_GCACATATCGTGGTCG,CID4535,ER+,Cancer Epithelial,Cancer LumB SC,Cancer LumB SC
CID4535_GCACTCTCAGTCACTA,CID4535,ER+,Cancer Epithelial,Cancer LumB SC,Cancer LumB SC
CID4535_GCACTCTGTAATTGGA,CID4535,ER+,Cancer Epithelial,Cancer LumB SC,Cancer LumB SC
CID4535_GCACTCTTCAGTGCAT,CID4535,ER+,Cancer Epithelial,Cancer LumB SC,Cancer LumB SC
CID4535_GCAGCCACACGCATCG,CID4535,ER+,Cancer Epithelial,Cancer LumB SC,Cancer LumB SC
CID4535_GCAGCCACAGGGTATG,CID4535,ER+,Cancer Epithelial,Cancer LumB SC,Cancer LumB SC
CID4535_GCAGCCACATGCGCAC,CID4535,ER+,Cancer Epithelial,Cancer LumB SC,Cancer LumB SC
CID4535_GCAGCCAGTTAAGACA,CID4535,ER+,Cancer Epithelial,Cancer LumB SC,Cancer LumB SC
CID4535_GCAGCCAGTTTAGCTG,CID4535,ER+,Cancer Epithelial,Cancer LumB SC,Cancer LumB SC
CID4535_GCAGCCATCTACCTGC,CID4535,ER+,Cancer Epithelial,Cancer LumB SC,Cancer LumB SC
CID4535_GCAGTTAAGAAGGACA,CID4535,ER+,Cancer Epithelial,Cancer LumB SC,Cancer LumB SC
CID4535_GCAGTTAGTATGCTTG,CID4535,ER+,Cancer Epithelial,Cancer LumB SC,Cancer LumB SC
CID4535_GCAGTTAGTCAGGACA,CID4535,ER+,Cancer Epithelial,Cancer LumB SC,Cancer LumB SC
CID4535_GCAGTTAGTGCCTTGG,CID4535,ER+,Cancer Epithelial,Cancer LumB SC,Cancer LumB SC
CID4535_GCAGTTATCATCGATG,CID4535,ER+,Cancer Epithelial,Cancer LumB SC,Cancer LumB SC
CID4535_GCATACAGTACAGTTC,CID4535,ER+,Cancer Epithelial,Cancer LumB SC,Cancer LumB SC
CID4535_GCATACAGTGCTGTAT,CID4535,ER+,Cancer Epithelial,Cancer LumB SC,Cancer LumB SC
CID4535_GCATACATCCCTAACC,CID4535,ER+,Cancer Epithelial,Cancer LumB SC,Cancer LumB SC
CID4535_GCATACATCCGTACAA,CID4535,ER+,Cancer Epithelial,Cancer LumB SC,Cancer LumB SC
CID4535_GCATGATAGACACGAC,CID4535,ER+,Cancer Epithelial,Cancer LumB SC,Cancer LumB SC
CID4535_GCATGATAGCAGATCG,CID4535,ER+,Cancer Epithelial,Cancer LumB SC,Cancer LumB SC
CID4535_GCATGATCACCGCTAG,CID4535,ER+,Cancer Epithelial,Cancer LumB SC,Cancer LumB SC
CID4535_GCATGATGTCCGTTAA,CID4535,ER+,Cancer Epithelial,Cancer LumB SC,Cancer LumB SC
CID4535_GCATGCGCAAACAACA,CID4535,ER+,Cancer Epithelial,Cancer LumB SC,Cancer LumB SC
CID4535_GCATGCGCAATCCGAT,CID4535,ER+,Cancer Epithelial,Cancer LumB SC,Cancer LumB SC
CID4535_GCATGCGTCACTCTTA,CID4535,ER+,Cancer Epithelial,Cancer LumB SC,Cancer LumB SC
CID4535_GCATGCGTCTATCGCC,CID4535,ER+,Cancer Epithelial,Cancer LumB SC,Cancer LumB SC
CID4535_GCATGTATCACCGGGT,CID4535,ER+,Cancer Epithelial,Cancer LumB SC,Cancer LumB SC
CID4535_GCCAAATAGCCAGTTT,CID4535,ER+,Cancer Epithelial,Cancer LumB SC,Cancer LumB SC
CID4535_GCCAAATCATCGACGC,CID4535,ER+,Cancer Epithelial,Cancer LumB SC,Cancer LumB SC
CID4535_GCCAAATGTACCGTTA,CID4535,ER+,Cancer Epithelial,Cancer LumB SC,Cancer LumB SC
CID4535_GCCAAATGTGAGTATA,CID4535,ER+,Cancer Epithelial,Cancer LumB SC,Cancer LumB SC
CID4535_GCCAAATTCACATAGC,CID4535,ER+,Cancer Epithelial,Cancer LumB SC,Cancer LumB SC
CID4535_GCCTCTAAGACTAGAT,CID4535,ER+,Cancer Epithelial,Cancer LumB SC,Cancer LumB SC
CID4535_GCCTCTAAGGCGACAT,CID4535,ER+,Cancer Epithelial,Cancer LumB SC,Cancer LumB SC
CID4535_GCCTCTAGTACTTCTT,CID4535,ER+,Cancer Epithelial,Cancer LumB SC,Cancer LumB SC
CID4535_GCCTCTAGTAGTACCT,CID4535,ER+,Cancer Epithelial,Cancer LumB SC,Cancer LumB SC
CID4535_GCCTCTAGTCGCATCG,CID4535,ER+,Cancer Epithelial,Cancer LumB SC,Cancer LumB SC
CID4535_GCCTCTAGTGGTCCGT,CID4535,ER+,Cancer Epithelial,Cancer LumB SC,Cancer LumB SC
CID4535_GCCTCTATCCCATTAT,CID4535,ER+,Cancer Epithelial,Cancer LumB SC,Cancer LumB SC
CID4535_GCCTCTATCGCTGATA,CID4535,ER+,Cancer Epithelial,Cancer LumB SC,Cancer LumB SC
CID4535_GCGACCAAGCAATATG,CID4535,ER+,Cancer Epithelial,Cancer LumB SC,Cancer LumB SC
CID4535_GCGACCAAGCGGCTTC,CID4535,ER+,Cancer Epithelial,Cancer LumB SC,Cancer LumB SC
CID4535_GCGACCACAGGATTGG,CID4535,ER+,Cancer Epithelial,Cancer LumB SC,Cancer LumB SC
CID4535_GCGACCACATCACCCT,CID4535,ER+,Cancer Epithelial,Cancer LumB SC,Cancer LumB SC
CID4535_GCGACCAGTAGGCATG,CID4535,ER+,Cancer Epithelial,Cancer LumB SC,Cancer LumB SC
CID4535_GCGACCAGTCAGAGGT,CID4535,ER+,Cancer Epithelial,Cancer LumB SC,Cancer LumB SC
CID4535_GCGACCATCCGTCATC,CID4535,ER+,Cancer Epithelial,Cancer LumB SC,Cancer LumB SC
CID4535_GCGACCATCCGTTGTC,CID4535,ER+,Cancer Epithelial,Cancer LumB SC,Cancer LumB SC
CID4535_GCGACCATCGCCAGCA,CID4535,ER+,Cancer Epithelial,Cancer LumB SC,Cancer LumB SC
CID4535_GCGAGAAAGGTGGGTT,CID4535,ER+,Cancer Epithelial,Cancer LumB SC,Cancer LumB SC
CID4535_GCGAGAACACTATCTT,CID4535,ER+,Cancer Epithelial,Cancer LumB SC,Cancer LumB SC
CID4535_GCGAGAACAGATCCAT,CID4535,ER+,Cancer Epithelial,Cancer LumB SC,Cancer LumB SC
CID4535_GCGAGAACAGGTGGAT,CID4535,ER+,Cancer Epithelial,Cancer LumB SC,Cancer LumB SC
CID4535_GCGAGAATCAGAGCTT,CID4535,ER+,Cancer Epithelial,Cancer LumB SC,Cancer LumB SC
CID4535_GCGAGAATCCTTTCTC,CID4535,ER+,Cancer Epithelial,Cancer LumB SC,Cancer LumB SC
CID4535_GCGCAACCATCTCCCA,CID4535,ER+,Cancer Epithelial,Cancer LumB SC,Cancer LumB SC
CID4535_GCGCAACCATGTAGTC,CID4535,ER+,Cancer Epithelial,Cancer LumB SC,Cancer LumB SC
CID4535_GCGCAACTCGCATGAT,CID4535,ER+,Cancer Epithelial,Cancer LumB SC,Cancer LumB SC
CID4535_GCGCAGTAGAAGAAGC,CID4535,ER+,Cancer Epithelial,Cancer LumB SC,Cancer LumB SC
CID4535_GCGCAGTAGTCACGCC,CID4535,ER+,Cancer Epithelial,Cancer LumB SC,Cancer LumB SC
CID4535_GCGCAGTCAAAGTCAA,CID4535,ER+,Cancer Epithelial,Cancer LumB SC,Cancer LumB SC
CID4535_GCGCAGTCATCCTAGA,CID4535,ER+,Cancer Epithelial,Cancer LumB SC,Cancer LumB SC
CID4535_GCGCAGTGTGCACGAA,CID4535,ER+,Cancer Epithelial,Cancer LumB SC,Cancer LumB SC
CID4535_GCGCAGTTCGGCGCAT,CID4535,ER+,Cancer Epithelial,Cancer LumB SC,Cancer LumB SC
CID4535_GCGCAGTTCGTCCGTT,CID4535,ER+,Cancer Epithelial,Cancer LumB SC,Cancer LumB SC
CID4535_GCGCCAACATGCAATC,CID4535,ER+,Cancer Epithelial,Cancer LumB SC,Cancer LumB SC
CID4535_GCGCCAATCTCGTATT,CID4535,ER+,Cancer Epithelial,Cancer LumB SC,Cancer LumB SC
CID4535_GCGCGATAGCTAGCCC,CID4535,ER+,Cancer Epithelial,Cancer LumB SC,Cancer LumB SC
CID4535_GCGCGATAGCTCCCAG,CID4535,ER+,Cancer Epithelial,Cancer LumB SC,Cancer LumB SC
CID4535_GCGCGATAGTGGGATC,CID4535,ER+,Cancer Epithelial,Cancer LumB SC,Cancer LumB SC
CID4535_GCGCGATCATAAAGGT,CID4535,ER+,Cancer Epithelial,Cancer LumB SC,Cancer LumB SC
CID4535_GCGCGATTCTCTTGAT,CID4535,ER+,Cancer Epithelial,Cancer LumB SC,Cancer LumB SC
CID4535_GCGGGTTAGTCCATAC,CID4535,ER+,Cancer Epithelial,Cancer LumB SC,Cancer LumB SC
CID4535_GCGGGTTCAGAAGCAC,CID4535,ER+,Cancer Epithelial,Cancer LumB SC,Cancer LumB SC
CID4535_GCGGGTTCATGAACCT,CID4535,ER+,Cancer Epithelial,Cancer LumB SC,Cancer LumB SC
CID4535_GCGGGTTTCATACGGT,CID4535,ER+,Cancer Epithelial,Cancer LumB SC,Cancer LumB SC
CID4535_GCTCCTACACAGGCCT,CID4535,ER+,Cancer Epithelial,Cancer LumB SC,Cancer LumB SC
CID4535_GCTCCTAGTGGCGAAT,CID4535,ER+,Cancer Epithelial,Cancer LumB SC,Cancer LumB SC
CID4535_GCTCCTAGTTCCGTCT,CID4535,ER+,Cancer Epithelial,Cancer LumB SC,Cancer LumB SC
CID4535_GCTCCTATCCTCCTAG,CID4535,ER+,Cancer Epithelial,Cancer LumB SC,Cancer LumB SC
CID4535_GCTCCTATCTCGATGA,CID4535,ER+,Cancer Epithelial,Cancer LumB SC,Cancer LumB SC
CID4535_GCTCCTATCTGCCAGG,CID4535,ER+,Cancer Epithelial,Cancer LumB SC,Cancer LumB SC
CID4535_GCTCTGTAGGGTATCG,CID4535,ER+,Cancer Epithelial,Cancer LumB SC,Cancer LumB SC
CID4535_GCTCTGTCAGGACGTA,CID4535,ER+,Cancer Epithelial,Cancer LumB SC,Cancer LumB SC
CID4535_GCTCTGTTCAACGGGA,CID4535,ER+,Cancer Epithelial,Cancer LumB SC,Cancer LumB SC
CID4535_GCTCTGTTCCCGGATG,CID4535,ER+,Cancer Epithelial,Cancer LumB SC,Cancer LumB SC
CID4535_GCTCTGTTCGTTTGCC,CID4535,ER+,Cancer Epithelial,Cancer LumB SC,Cancer LumB SC
CID4535_GCTCTGTTCTAACTTC,CID4535,ER+,Cancer Epithelial,Cancer LumB SC,Cancer LumB SC
CID4535_GCTGCAGAGGCAGTCA,CID4535,ER+,Cancer Epithelial,Cancer LumB SC,Cancer LumB SC
CID4535_GCTGCAGCAAGTTCTG,CID4535,ER+,Cancer Epithelial,Cancer LumB SC,Cancer LumB SC
CID4535_GCTGCAGCAATTCCTT,CID4535,ER+,Cancer Epithelial,Cancer LumB SC,Cancer LumB SC
CID4535_GCTGCAGCACGGTAGA,CID4535,ER+,Cancer Epithelial,Cancer LumB SC,Cancer LumB SC
CID4535_GCTGCAGGTATGCTTG,CID4535,ER+,Cancer Epithelial,Cancer LumB SC,Cancer LumB SC
CID4535_GCTGCAGTCTCCAACC,CID4535,ER+,Cancer Epithelial,Cancer LumB SC,Cancer LumB SC
CID4535_GCTGCGAAGATCTGAA,CID4535,ER+,Cancer Epithelial,Cancer LumB SC,Cancer LumB SC
CID4535_GCTGCGACATGCCTTC,CID4535,ER+,Cancer Epithelial,Cancer LumB SC,Cancer LumB SC
CID4535_GCTGCGAGTAGTAGTA,CID4535,ER+,Cancer Epithelial,Cancer LumB SC,Cancer LumB SC
CID4535_GCTGCGAGTATTCTCT,CID4535,ER+,Cancer Epithelial,Cancer LumB SC,Cancer LumB SC
CID4535_GCTGCTTCACATTCGA,CID4535,ER+,Cancer Epithelial,Cancer LumB SC,Cancer LumB SC
CID4535_GCTGCTTGTCAAAGAT,CID4535,ER+,Cancer Epithelial,Cancer LumB SC,Cancer LumB SC
CID4535_GCTGCTTTCTCTTATG,CID4535,ER+,Cancer Epithelial,Cancer LumB SC,Cancer LumB SC
CID4535_GCTGGGTAGACACGAC,CID4535,ER+,Cancer Epithelial,Cancer LumB SC,Cancer LumB SC
CID4535_GCTGGGTCAGAGTGTG,CID4535,ER+,Cancer Epithelial,Cancer LumB SC,Cancer LumB SC
CID4535_GCTGGGTTCAAACCGT,CID4535,ER+,Cancer Epithelial,Cancer LumB SC,Cancer LumB SC
CID4535_GCTTCCAAGATCTGCT,CID4535,ER+,Cancer Epithelial,Cancer LumB SC,Cancer LumB SC
CID4535_GCTTCCAAGTGAATTG,CID4535,ER+,Cancer Epithelial,Cancer LumB SC,Cancer LumB SC
CID4535_GCTTCCAGTGTTGGGA,CID4535,ER+,Cancer Epithelial,Cancer LumB SC,Cancer LumB SC
CID4535_GCTTCCATCCCTAACC,CID4535,ER+,Cancer Epithelial,Cancer LumB SC,Cancer LumB SC
CID4535_GCTTCCATCTCAACTT,CID4535,ER+,Cancer Epithelial,Cancer LumB SC,Cancer LumB SC
CID4535_GCTTGAACACGTTGGC,CID4535,ER+,Cancer Epithelial,Cancer LumB SC,Cancer LumB SC
CID4535_GCTTGAATCCTACAGA,CID4535,ER+,Cancer Epithelial,Cancer LumB SC,Cancer LumB SC
CID4535_GGAAAGCAGGTGATTA,CID4535,ER+,Cancer Epithelial,Cancer LumB SC,Cancer LumB SC
CID4535_GGAACTTGTCTCATCC,CID4535,ER+,Cancer Epithelial,Cancer LumB SC,Cancer LumB SC
CID4535_GGAATAACAATGGACG,CID4535,ER+,Cancer Epithelial,Cancer LumB SC,Cancer LumB SC
CID4535_GGAATAAGTCTAAAGA,CID4535,ER+,Cancer Epithelial,Cancer LumB SC,Cancer LumB SC
CID4535_GGAATAATCACCTTAT,CID4535,ER+,Cancer Epithelial,Cancer LumB SC,Cancer LumB SC
CID4535_GGACAAGCATCACAAC,CID4535,ER+,Cancer Epithelial,Cancer LumB SC,Cancer LumB SC
CID4535_GGACAAGCATTAGCCA,CID4535,ER+,Cancer Epithelial,Cancer LumB SC,Cancer LumB SC
CID4535_GGACAGACATGAGCGA,CID4535,ER+,Cancer Epithelial,Cancer LumB SC,Cancer LumB SC
CID4535_GGACAGAGTGGACGAT,CID4535,ER+,Cancer Epithelial,Cancer LumB SC,Cancer LumB SC
CID4535_GGACAGATCGAGGTAG,CID4535,ER+,Cancer Epithelial,Cancer LumB SC,Cancer LumB SC
CID4535_GGACATTAGACACTAA,CID4535,ER+,Cancer Epithelial,Cancer LumB SC,Cancer LumB SC
CID4535_GGACATTAGCCGCCTA,CID4535,ER+,Cancer Epithelial,Cancer LumB SC,Cancer LumB SC
CID4535_GGACATTAGTGAATTG,CID4535,ER+,Cancer Epithelial,Cancer LumB SC,Cancer LumB SC
CID4535_GGACATTCAATGGAGC,CID4535,ER+,Cancer Epithelial,Cancer LumB SC,Cancer LumB SC
CID4535_GGACATTCAGGCTGAA,CID4535,ER+,Cancer Epithelial,Cancer LumB SC,Cancer LumB SC
CID4535_GGACATTCATGCCACG,CID4535,ER+,Cancer Epithelial,Cancer LumB SC,Cancer LumB SC
CID4535_GGACATTGTAAAGGAG,CID4535,ER+,Cancer Epithelial,Cancer LumB SC,Cancer LumB SC
CID4535_GGACATTTCAACCAAC,CID4535,ER+,Cancer Epithelial,Cancer LumB SC,Cancer LumB SC
CID4535_GGACATTTCCGCAAGC,CID4535,ER+,Cancer Epithelial,Cancer LumB SC,Cancer LumB SC
CID4535_GGACGTCAGACTGGGT,CID4535,ER+,Cancer Epithelial,Cancer LumB SC,Cancer LumB SC
CID4535_GGACGTCAGCAGCGTA,CID4535,ER+,Cancer Epithelial,Cancer LumB SC,Cancer LumB SC
CID4535_GGACGTCAGCTACCGC,CID4535,ER+,Cancer Epithelial,Cancer LumB SC,Cancer LumB SC
CID4535_GGACGTCGTAGCGTGA,CID4535,ER+,Cancer Epithelial,Cancer LumB SC,Cancer LumB SC
CID4535_GGACGTCTCCTTGGTC,CID4535,ER+,Cancer Epithelial,Cancer LumB SC,Cancer LumB SC
CID4535_GGAGCAAAGCGTTGCC,CID4535,ER+,Cancer Epithelial,Cancer LumB SC,Cancer LumB SC
CID4535_GGAGCAACAAAGTGCG,CID4535,ER+,Cancer Epithelial,Cancer LumB SC,Cancer LumB SC
CID4535_GGAGCAACACCTGGTG,CID4535,ER+,Cancer Epithelial,Cancer LumB SC,Cancer LumB SC
CID4535_GGAGCAACAGTTTACG,CID4535,ER+,Cancer Epithelial,Cancer LumB SC,Cancer LumB SC
CID4535_GGAGCAACATCGTCGG,CID4535,ER+,Cancer Epithelial,Cancer LumB SC,Cancer LumB SC
CID4535_GGAGCAATCAAGATCC,CID4535,ER+,Cancer Epithelial,Cancer LumB SC,Cancer LumB SC
CID4535_GGAGCAATCAGATAAG,CID4535,ER+,Cancer Epithelial,Cancer LumB SC,Cancer LumB SC
CID4535_GGATGTTAGACAAAGG,CID4535,ER+,Cancer Epithelial,Cancer LumB SC,Cancer LumB SC
CID4535_GGATGTTAGGAGTACC,CID4535,ER+,Cancer Epithelial,Cancer LumB SC,Cancer LumB SC
CID4535_GGATGTTCAAATACAG,CID4535,ER+,Cancer Epithelial,Cancer LumB SC,Cancer LumB SC
CID4535_GGATGTTTCAAACCGT,CID4535,ER+,Cancer Epithelial,Cancer LumB SC,Cancer LumB SC
CID4535_GGATGTTTCTGCAAGT,CID4535,ER+,Cancer Epithelial,Cancer LumB SC,Cancer LumB SC
CID4535_GGATTACTCGGTCCGA,CID4535,ER+,Cancer Epithelial,Cancer LumB SC,Cancer LumB SC
CID4535_GGCAATTAGTGTCTCA,CID4535,ER+,Cancer Epithelial,Cancer LumB SC,Cancer LumB SC
CID4535_GGCAATTCAAGACGTG,CID4535,ER+,Cancer Epithelial,Cancer LumB SC,Cancer LumB SC
CID4535_GGCAATTCACTTAAGC,CID4535,ER+,Cancer Epithelial,Cancer LumB SC,Cancer LumB SC
CID4535_GGCAATTCATATGAGA,CID4535,ER+,Cancer Epithelial,Cancer LumB SC,Cancer LumB SC
CID4535_GGCAATTCATTCACTT,CID4535,ER+,Cancer Epithelial,Cancer LumB SC,Cancer LumB SC
CID4535_GGCAATTGTCGAGATG,CID4535,ER+,Cancer Epithelial,Cancer LumB SC,Cancer LumB SC
CID4535_GGCAATTTCGCCAGCA,CID4535,ER+,Cancer Epithelial,Cancer LumB SC,Cancer LumB SC
CID4535_GGCCGATAGATCGGGT,CID4535,ER+,Cancer Epithelial,Cancer LumB SC,Cancer LumB SC
CID4535_GGCCGATCAGATCCAT,CID4535,ER+,Cancer Epithelial,Cancer LumB SC,Cancer LumB SC
CID4535_GGCCGATCAGTTCCCT,CID4535,ER+,Cancer Epithelial,Cancer LumB SC,Cancer LumB SC
CID4535_GGCCGATGTCCGAATT,CID4535,ER+,Cancer Epithelial,Cancer LumB SC,Cancer LumB SC
CID4535_GGCCGATGTGCACTTA,CID4535,ER+,Cancer Epithelial,Cancer LumB SC,Cancer LumB SC
CID4535_GGCCGATTCAACCAAC,CID4535,ER+,Cancer Epithelial,Cancer LumB SC,Cancer LumB SC
CID4535_GGCCGATTCGTAGATC,CID4535,ER+,Cancer Epithelial,Cancer LumB SC,Cancer LumB SC
CID4535_GGCGACTAGATGTCGG,CID4535,ER+,Cancer Epithelial,Cancer LumB SC,Cancer LumB SC
CID4535_GGCGACTCACCGAATT,CID4535,ER+,Cancer Epithelial,Cancer LumB SC,Cancer LumB SC
CID4535_GGCGACTCATCGGTTA,CID4535,ER+,Cancer Epithelial,Cancer LumB SC,Cancer LumB SC
CID4535_GGCGACTGTAATCGTC,CID4535,ER+,Cancer Epithelial,Cancer LumB SC,Cancer LumB SC
CID4535_GGCGACTGTTGGTAAA,CID4535,ER+,Cancer Epithelial,Cancer LumB SC,Cancer LumB SC
CID4535_GGCGACTTCCTAGAAC,CID4535,ER+,Cancer Epithelial,Cancer LumB SC,Cancer LumB SC
CID4535_GGCGACTTCTTGCATT,CID4535,ER+,Cancer Epithelial,Cancer LumB SC,Cancer LumB SC
CID4535_GGCGTGTCAGCGTTCG,CID4535,ER+,Cancer Epithelial,Cancer LumB SC,Cancer LumB SC
CID4535_GGCGTGTGTAAGAGGA,CID4535,ER+,Cancer Epithelial,Cancer LumB SC,Cancer LumB SC
CID4535_GGCGTGTTCATGCATG,CID4535,ER+,Cancer Epithelial,Cancer LumB SC,Cancer LumB SC
CID4535_GGCTCGACATACGCCG,CID4535,ER+,Cancer Epithelial,Cancer LumB SC,Cancer LumB SC
CID4535_GGCTCGAGTTGAGGTG,CID4535,ER+,Cancer Epithelial,Cancer LumB SC,Cancer LumB SC
CID4535_GGCTCGATCTACCAGA,CID4535,ER+,Cancer Epithelial,Cancer LumB SC,Cancer LumB SC
CID4535_GGCTGGTAGACTAAGT,CID4535,ER+,Cancer Epithelial,Cancer LumB SC,Cancer LumB SC
CID4535_GGCTGGTAGCTGGAAC,CID4535,ER+,Cancer Epithelial,Cancer LumB SC,Cancer LumB SC
CID4535_GGCTGGTAGGTGGGTT,CID4535,ER+,Cancer Epithelial,Cancer LumB SC,Cancer LumB SC
CID4535_GGCTGGTCAAACGTGG,CID4535,ER+,Cancer Epithelial,Cancer LumB SC,Cancer LumB SC
CID4535_GGCTGGTCAGGCTCAC,CID4535,ER+,Cancer Epithelial,Cancer LumB SC,Cancer LumB SC
CID4535_GGCTGGTGTACCCAAT,CID4535,ER+,Cancer Epithelial,Cancer LumB SC,Cancer LumB SC
CID4535_GGCTGGTGTAGCTGCC,CID4535,ER+,Cancer Epithelial,Cancer LumB SC,Cancer LumB SC
CID4535_GGGAATGCAGCTGTGC,CID4535,ER+,Cancer Epithelial,Cancer LumB SC,Cancer LumB SC
CID4535_GGGAATGGTCAAAGCG,CID4535,ER+,Cancer Epithelial,Cancer LumB SC,Cancer LumB SC
CID4535_GGGACCTCACCCATGG,CID4535,ER+,Cancer Epithelial,Cancer LumB SC,Cancer LumB SC
CID4535_GGGACCTGTTGTTTGG,CID4535,ER+,Cancer Epithelial,Cancer LumB SC,Cancer LumB SC
CID4535_GGGACCTTCATTGCCC,CID4535,ER+,Cancer Epithelial,Cancer LumB SC,Cancer LumB SC
CID4535_GGGAGATCAGAGCCAA,CID4535,ER+,Cancer Epithelial,Cancer LumB SC,Cancer LumB SC
CID4535_GGGAGATGTACCGAGA,CID4535,ER+,Cancer Epithelial,Cancer LumB SC,Cancer LumB SC
CID4535_GGGAGATTCACAGTAC,CID4535,ER+,Cancer Epithelial,Cancer LumB SC,Cancer LumB SC
CID4535_GGGAGATTCACTTACT,CID4535,ER+,Cancer Epithelial,Cancer LumB SC,Cancer LumB SC
CID4535_GGGAGATTCTACCTGC,CID4535,ER+,Cancer Epithelial,Cancer LumB SC,Cancer LumB SC
CID4535_GGGATGAAGTCGCCGT,CID4535,ER+,Cancer Epithelial,Cancer LumB SC,Cancer LumB SC
CID4535_GGGATGACAGACAGGT,CID4535,ER+,Cancer Epithelial,Cancer LumB SC,Cancer LumB SC
CID4535_GGGATGATCTTGTATC,CID4535,ER+,Cancer Epithelial,Cancer LumB SC,Cancer LumB SC
CID4535_GGGCACTAGATCTGCT,CID4535,ER+,Cancer Epithelial,Cancer LumB SC,Cancer LumB SC
CID4535_GGGCACTCAACGATCT,CID4535,ER+,Cancer Epithelial,Cancer LumB SC,Cancer LumB SC
CID4535_GGGCACTGTAGCGTGA,CID4535,ER+,Cancer Epithelial,Cancer LumB SC,Cancer LumB SC
CID4535_GGGCACTGTCTGGTCG,CID4535,ER+,Cancer Epithelial,Cancer LumB SC,Cancer LumB SC
CID4535_GGGCATCCAACACCTA,CID4535,ER+,Cancer Epithelial,Cancer LumB SC,Cancer LumB SC
CID4535_GGGCATCCAGCGTAAG,CID4535,ER+,Cancer Epithelial,Cancer LumB SC,Cancer LumB SC
CID4535_GGGCATCTCGGCGCTA,CID4535,ER+,Cancer Epithelial,Cancer LumB SC,Cancer LumB SC
CID4535_GGGTCTGCACACTGCG,CID4535,ER+,Cancer Epithelial,Cancer LumB SC,Cancer LumB SC
CID4535_GGGTCTGCACGAAATA,CID4535,ER+,Cancer Epithelial,Cancer LumB SC,Cancer LumB SC
CID4535_GGGTCTGTCAAGCCTA,CID4535,ER+,Cancer Epithelial,Cancer LumB SC,Cancer LumB SC
CID4535_GGGTTGCAGAGGTACC,CID4535,ER+,Cancer Epithelial,Cancer LumB SC,Cancer LumB SC
CID4535_GGGTTGCAGGCAGTCA,CID4535,ER+,Cancer Epithelial,Cancer LumB SC,Cancer LumB SC
CID4535_GGGTTGCAGTTAGGTA,CID4535,ER+,Cancer Epithelial,Cancer LumB SC,Cancer LumB SC
CID4535_GGGTTGCCACAGAGGT,CID4535,ER+,Cancer Epithelial,Cancer LumB SC,Cancer LumB SC
CID4535_GGGTTGCCACGTGAGA,CID4535,ER+,Cancer Epithelial,Cancer LumB SC,Cancer LumB SC
CID4535_GGGTTGCGTGCTCTTC,CID4535,ER+,Cancer Epithelial,Cancer LumB SC,Cancer LumB SC
CID4535_GGGTTGCTCCGATATG,CID4535,ER+,Cancer Epithelial,Cancer LumB SC,Cancer LumB SC
CID4535_GGTATTGAGCAAATCA,CID4535,ER+,Cancer Epithelial,Cancer LumB SC,Cancer LumB SC
CID4535_GGTATTGTCTTCATGT,CID4535,ER+,Cancer Epithelial,Cancer LumB SC,Cancer LumB SC
CID4535_GGTGAAGCAGACGCCT,CID4535,ER+,Cancer Epithelial,Cancer LumB SC,Cancer LumB SC
CID4535_GGTGAAGGTCTCTTTA,CID4535,ER+,Cancer Epithelial,Cancer LumB SC,Cancer LumB SC
CID4535_GGTGAAGGTTAGATGA,CID4535,ER+,Cancer Epithelial,Cancer LumB SC,Cancer LumB SC
CID4535_GGTGAAGTCAAGATCC,CID4535,ER+,Cancer Epithelial,Cancer LumB SC,Cancer LumB SC
CID4535_GGTGCGTCACCGATAT,CID4535,ER+,Cancer Epithelial,Cancer LumB SC,Cancer LumB SC
CID4535_GGTGCGTTCTTAGAGC,CID4535,ER+,Cancer Epithelial,Cancer LumB SC,Cancer LumB SC
CID4535_GGTGTTACATGTTCCC,CID4535,ER+,Cancer Epithelial,Cancer LumB SC,Cancer LumB SC
CID4535_GGTGTTAGTTCGGCAC,CID4535,ER+,Cancer Epithelial,Cancer LumB SC,Cancer LumB SC
CID4535_GGTGTTAGTTGTGGCC,CID4535,ER+,Cancer Epithelial,Cancer LumB SC,Cancer LumB SC
CID4535_GGTGTTATCCGCAAGC,CID4535,ER+,Cancer Epithelial,Cancer LumB SC,Cancer LumB SC
CID4535_GGTGTTATCCTTTCTC,CID4535,ER+,Cancer Epithelial,Cancer LumB SC,Cancer LumB SC
CID4535_GTAACGTGTGCAACTT,CID4535,ER+,Cancer Epithelial,Cancer LumB SC,Cancer LumB SC
CID4535_GTAACGTGTGGTTTCA,CID4535,ER+,Cancer Epithelial,Cancer LumB SC,Cancer LumB SC
CID4535_GTAACGTTCGTTTGCC,CID4535,ER+,Cancer Epithelial,Cancer LumB SC,Cancer LumB SC
CID4535_GTAACTGCAATCGGTT,CID4535,ER+,Cancer Epithelial,Cancer LumB SC,Cancer LumB SC
CID4535_GTAACTGTCTGGTGTA,CID4535,ER+,Cancer Epithelial,Cancer LumB SC,Cancer LumB SC
CID4535_GTACGTAAGAAACGAG,CID4535,ER+,Cancer Epithelial,Cancer LumB SC,Cancer LumB SC
CID4535_GTACGTAAGATATGCA,CID4535,ER+,Cancer Epithelial,Cancer LumB SC,Cancer LumB SC
CID4535_GTACGTACACATTAGC,CID4535,ER+,Cancer Epithelial,Cancer LumB SC,Cancer LumB SC
CID4535_GTACGTACAGCGTTCG,CID4535,ER+,Cancer Epithelial,Cancer LumB SC,Cancer LumB SC
CID4535_GTACTCCAGTTGTCGT,CID4535,ER+,Cancer Epithelial,Cancer LumB SC,Cancer LumB SC
CID4535_GTACTCCCAGCGTTCG,CID4535,ER+,Cancer Epithelial,Cancer LumB SC,Cancer LumB SC
CID4535_GTACTCCCATGTCCTC,CID4535,ER+,Cancer Epithelial,Cancer LumB SC,Cancer LumB SC
CID4535_GTACTCCCATGTCTCC,CID4535,ER+,Cancer Epithelial,Cancer LumB SC,Cancer LumB SC
CID4535_GTACTCCTCCCTCTTT,CID4535,ER+,Cancer Epithelial,Cancer LumB SC,Cancer LumB SC
CID4535_GTACTTTAGCTGTTCA,CID4535,ER+,Cancer Epithelial,Cancer LumB SC,Cancer LumB SC
CID4535_GTACTTTCACTCTGTC,CID4535,ER+,Cancer Epithelial,Cancer LumB SC,Cancer LumB SC
CID4535_GTACTTTCATTCACTT,CID4535,ER+,Cancer Epithelial,Cancer LumB SC,Cancer LumB SC
CID4535_GTACTTTTCCAGATCA,CID4535,ER+,Cancer Epithelial,Cancer LumB SC,Cancer LumB SC
CID4535_GTACTTTTCTTAGCCC,CID4535,ER+,Cancer Epithelial,Cancer LumB SC,Cancer LumB SC
CID4535_GTAGGCCCACCCAGTG,CID4535,ER+,Cancer Epithelial,Cancer LumB SC,Cancer LumB SC
CID4535_GTAGGCCGTATTAGCC,CID4535,ER+,Cancer Epithelial,Cancer LumB SC,Cancer LumB SC
CID4535_GTAGGCCTCTGTCTCG,CID4535,ER+,Cancer Epithelial,Cancer LumB SC,Cancer LumB SC
CID4535_GTAGTCAAGCCCAATT,CID4535,ER+,Cancer Epithelial,Cancer LumB SC,Cancer LumB SC
CID4535_GTAGTCACAGCGTTCG,CID4535,ER+,Cancer Epithelial,Cancer LumB SC,Cancer LumB SC
CID4535_GTAGTCACATAGAAAC,CID4535,ER+,Cancer Epithelial,Cancer LumB SC,Cancer LumB SC
CID4535_GTAGTCAGTACACCGC,CID4535,ER+,Cancer Epithelial,Cancer LumB SC,Cancer LumB SC
CID4535_GTATCTTAGCACGCCT,CID4535,ER+,Cancer Epithelial,Cancer LumB SC,Cancer LumB SC
CID4535_GTATCTTAGCGATTCT,CID4535,ER+,Cancer Epithelial,Cancer LumB SC,Cancer LumB SC
CID4535_GTATCTTCACTTAAGC,CID4535,ER+,Cancer Epithelial,Cancer LumB SC,Cancer LumB SC
CID4535_GTATTCTAGCCGATTT,CID4535,ER+,Cancer Epithelial,Cancer LumB SC,Cancer LumB SC
CID4535_GTATTCTGTTCCACAA,CID4535,ER+,Cancer Epithelial,Cancer LumB SC,Cancer LumB SC
CID4535_GTATTCTTCGAACGGA,CID4535,ER+,Cancer Epithelial,Cancer LumB SC,Cancer LumB SC
CID4535_GTATTCTTCTAAGCCA,CID4535,ER+,Cancer Epithelial,Cancer LumB SC,Cancer LumB SC
CID4535_GTATTCTTCTCACATT,CID4535,ER+,Cancer Epithelial,Cancer LumB SC,Cancer LumB SC
CID4535_GTCAAGTAGCACGCCT,CID4535,ER+,Cancer Epithelial,Cancer LumB SC,Cancer LumB SC
CID4535_GTCAAGTCAATCCAAC,CID4535,ER+,Cancer Epithelial,Cancer LumB SC,Cancer LumB SC
CID4535_GTCAAGTGTGATGCCC,CID4535,ER+,Cancer Epithelial,Cancer LumB SC,Cancer LumB SC
CID4535_GTCAAGTTCGCAAGCC,CID4535,ER+,Cancer Epithelial,Cancer LumB SC,Cancer LumB SC
CID4535_GTCACAAAGCTCCTTC,CID4535,ER+,Cancer Epithelial,Cancer LumB SC,Cancer LumB SC
CID4535_GTCACAAAGGAGTACC,CID4535,ER+,Cancer Epithelial,Cancer LumB SC,Cancer LumB SC
CID4535_GTCACAACACCGAAAG,CID4535,ER+,Cancer Epithelial,Cancer LumB SC,Cancer LumB SC
CID4535_GTCACAAGTGTAATGA,CID4535,ER+,Cancer Epithelial,Cancer LumB SC,Cancer LumB SC
CID4535_GTCACAATCAGTCAGT,CID4535,ER+,Cancer Epithelial,Cancer LumB SC,Cancer LumB SC
CID4535_GTCACGGAGTAAGTAC,CID4535,ER+,Cancer Epithelial,Cancer LumB SC,Cancer LumB SC
CID4535_GTCACGGCAAGCCCAC,CID4535,ER+,Cancer Epithelial,Cancer LumB SC,Cancer LumB SC
CID4535_GTCACGGGTAGTAGTA,CID4535,ER+,Cancer Epithelial,Cancer LumB SC,Cancer LumB SC
CID4535_GTCATTTCAATACGCT,CID4535,ER+,Cancer Epithelial,Cancer LumB SC,Cancer LumB SC
CID4535_GTCATTTCATCCGCGA,CID4535,ER+,Cancer Epithelial,Cancer LumB SC,Cancer LumB SC
CID4535_GTCATTTGTCGAACAG,CID4535,ER+,Cancer Epithelial,Cancer LumB SC,Cancer LumB SC
CID4535_GTCATTTGTGAGGCTA,CID4535,ER+,Cancer Epithelial,Cancer LumB SC,Cancer LumB SC
CID4535_GTCATTTTCCGATATG,CID4535,ER+,Cancer Epithelial,Cancer LumB SC,Cancer LumB SC
CID4535_GTCCTCAAGGCCGAAT,CID4535,ER+,Cancer Epithelial,Cancer LumB SC,Cancer LumB SC
CID4535_GTCCTCAAGTAGCGGT,CID4535,ER+,Cancer Epithelial,Cancer LumB SC,Cancer LumB SC
CID4535_GTCCTCACACATAACC,CID4535,ER+,Cancer Epithelial,Cancer LumB SC,Cancer LumB SC
CID4535_GTCCTCACAGTATAAG,CID4535,ER+,Cancer Epithelial,Cancer LumB SC,Cancer LumB SC
CID4535_GTCCTCACATTTCACT,CID4535,ER+,Cancer Epithelial,Cancer LumB SC,Cancer LumB SC
CID4535_GTCGGGTAGCTAACTC,CID4535,ER+,Cancer Epithelial,Cancer LumB SC,Cancer LumB SC
CID4535_GTCGGGTAGTGGCACA,CID4535,ER+,Cancer Epithelial,Cancer LumB SC,Cancer LumB SC
CID4535_GTCGGGTCACGTCTCT,CID4535,ER+,Cancer Epithelial,Cancer LumB SC,Cancer LumB SC
CID4535_GTCGGGTGTAGAAAGG,CID4535,ER+,Cancer Epithelial,Cancer LumB SC,Cancer LumB SC
CID4535_GTCGGGTTCAAGGTAA,CID4535,ER+,Cancer Epithelial,Cancer LumB SC,Cancer LumB SC
CID4535_GTCGGGTTCTCGTATT,CID4535,ER+,Cancer Epithelial,Cancer LumB SC,Cancer LumB SC
CID4535_GTCGTAAAGTGATCGG,CID4535,ER+,Cancer Epithelial,Cancer LumB SC,Cancer LumB SC
CID4535_GTCGTAACAAAGGCGT,CID4535,ER+,Cancer Epithelial,Cancer LumB SC,Cancer LumB SC
CID4535_GTCGTAACACTGCCAG,CID4535,ER+,Cancer Epithelial,Cancer LumB SC,Cancer LumB SC
CID4535_GTCGTAAGTACAGCAG,CID4535,ER+,Cancer Epithelial,Cancer LumB SC,Cancer LumB SC
CID4535_GTCGTAAGTACCGGCT,CID4535,ER+,Cancer Epithelial,Cancer LumB SC,Cancer LumB SC
CID4535_GTCGTAATCAGTTCGA,CID4535,ER+,Cancer Epithelial,Cancer LumB SC,Cancer LumB SC
CID4535_GTCTCGTCACCCATGG,CID4535,ER+,Cancer Epithelial,Cancer LumB SC,Cancer LumB SC
CID4535_GTCTCGTCAGTGAGTG,CID4535,ER+,Cancer Epithelial,Cancer LumB SC,Cancer LumB SC
CID4535_GTCTCGTTCCCGGATG,CID4535,ER+,Cancer Epithelial,Cancer LumB SC,Cancer LumB SC
CID4535_GTCTTCGGTCCAACTA,CID4535,ER+,Cancer Epithelial,Cancer LumB SC,Cancer LumB SC
CID4535_GTCTTCGTCCTACAGA,CID4535,ER+,Cancer Epithelial,Cancer LumB SC,Cancer LumB SC
CID4535_GTCTTCGTCGAATCCA,CID4535,ER+,Cancer Epithelial,Cancer LumB SC,Cancer LumB SC
CID4535_GTGAAGGAGGCATGTG,CID4535,ER+,Cancer Epithelial,Cancer LumB SC,Cancer LumB SC
CID4535_GTGAAGGAGGCCGAAT,CID4535,ER+,Cancer Epithelial,Cancer LumB SC,Cancer LumB SC
CID4535_GTGAAGGCACTACAGT,CID4535,ER+,Cancer Epithelial,Cancer LumB SC,Cancer LumB SC
CID4535_GTGAAGGGTGCGCTTG,CID4535,ER+,Cancer Epithelial,Cancer LumB SC,Cancer LumB SC
CID4535_GTGAAGGTCTTAGAGC,CID4535,ER+,Cancer Epithelial,Cancer LumB SC,Cancer LumB SC
CID4535_GTGCAGCAGTGGGATC,CID4535,ER+,Cancer Epithelial,Cancer LumB SC,Cancer LumB SC
CID4535_GTGCATATCATGCTCC,CID4535,ER+,Cancer Epithelial,Cancer LumB SC,Cancer LumB SC
CID4535_GTGCATATCCCAACGG,CID4535,ER+,Cancer Epithelial,Cancer LumB SC,Cancer LumB SC
CID4535_GTGCATATCGCGGATC,CID4535,ER+,Cancer Epithelial,Cancer LumB SC,Cancer LumB SC
CID4535_GTGCATATCGGTCTAA,CID4535,ER+,Cancer Epithelial,Cancer LumB SC,Cancer LumB SC
CID4535_GTGCATATCTATCCCG,CID4535,ER+,Cancer Epithelial,Cancer LumB SC,Cancer LumB SC
CID4535_GTGCGGTAGTCCGGTC,CID4535,ER+,Cancer Epithelial,Cancer LumB SC,Cancer LumB SC
CID4535_GTGCGGTCAAGGTGTG,CID4535,ER+,Cancer Epithelial,Cancer LumB SC,Cancer LumB SC
CID4535_GTGCGGTCACATGGGA,CID4535,ER+,Cancer Epithelial,Cancer LumB SC,Cancer LumB SC
CID4535_GTGCGGTCACGGCCAT,CID4535,ER+,Cancer Epithelial,Cancer LumB SC,Cancer LumB SC
CID4535_GTGCGGTCATCTATGG,CID4535,ER+,Cancer Epithelial,Cancer LumB SC,Cancer LumB SC
CID4535_GTGCGGTCATGCGCAC,CID4535,ER+,Cancer Epithelial,Cancer LumB SC,Cancer LumB SC
CID4535_GTGCGGTTCAAGCCTA,CID4535,ER+,Cancer Epithelial,Cancer LumB SC,Cancer LumB SC
CID4535_GTGCTTCAGTCTCAAC,CID4535,ER+,Cancer Epithelial,Cancer LumB SC,Cancer LumB SC
CID4535_GTGCTTCCATCACGAT,CID4535,ER+,Cancer Epithelial,Cancer LumB SC,Cancer LumB SC
CID4535_GTGCTTCGTCTAGCGC,CID4535,ER+,Cancer Epithelial,Cancer LumB SC,Cancer LumB SC
CID4535_GTGGGTCAGATGAGAG,CID4535,ER+,Cancer Epithelial,Cancer LumB SC,Cancer LumB SC
CID4535_GTGGGTCCAGCGTTCG,CID4535,ER+,Cancer Epithelial,Cancer LumB SC,Cancer LumB SC
CID4535_GTGGGTCCATAAGACA,CID4535,ER+,Cancer Epithelial,Cancer LumB SC,Cancer LumB SC
CID4535_GTGGGTCGTAGGCTGA,CID4535,ER+,Cancer Epithelial,Cancer LumB SC,Cancer LumB SC
CID4535_GTGGGTCTCAAGGTAA,CID4535,ER+,Cancer Epithelial,Cancer LumB SC,Cancer LumB SC
CID4535_GTGGGTCTCAGCGATT,CID4535,ER+,Cancer Epithelial,Cancer LumB SC,Cancer LumB SC
CID4535_GTGTGCGCAAGTCTGT,CID4535,ER+,Cancer Epithelial,Cancer LumB SC,Cancer LumB SC
CID4535_GTGTTAGAGCGTGAGT,CID4535,ER+,Cancer Epithelial,Cancer LumB SC,Cancer LumB SC
CID4535_GTGTTAGCAATGGAGC,CID4535,ER+,Cancer Epithelial,Cancer LumB SC,Cancer LumB SC
CID4535_GTGTTAGGTGGTCCGT,CID4535,ER+,Cancer Epithelial,Cancer LumB SC,Cancer LumB SC
CID4535_GTGTTAGGTGTATGGG,CID4535,ER+,Cancer Epithelial,Cancer LumB SC,Cancer LumB SC
CID4535_GTTAAGCAGTGCCATT,CID4535,ER+,Cancer Epithelial,Cancer LumB SC,Cancer LumB SC
CID4535_GTTAAGCGTCGGCATC,CID4535,ER+,Cancer Epithelial,Cancer LumB SC,Cancer LumB SC
CID4535_GTTAAGCTCGGACAAG,CID4535,ER+,Cancer Epithelial,Cancer LumB SC,Cancer LumB SC
CID4535_GTTAAGCTCGTTACAG,CID4535,ER+,Cancer Epithelial,Cancer LumB SC,Cancer LumB SC
CID4535_GTTACAGCAGCTGTGC,CID4535,ER+,Cancer Epithelial,Cancer LumB SC,Cancer LumB SC
CID4535_GTTACAGGTCATGCCG,CID4535,ER+,Cancer Epithelial,Cancer LumB SC,Cancer LumB SC
CID4535_GTTCATTTCACCTTAT,CID4535,ER+,Cancer Epithelial,Cancer LumB SC,Cancer LumB SC
CID4535_GTTCATTTCCGTAGGC,CID4535,ER+,Cancer Epithelial,Cancer LumB SC,Cancer LumB SC
CID4535_GTTCATTTCTAAGCCA,CID4535,ER+,Cancer Epithelial,Cancer LumB SC,Cancer LumB SC
CID4535_GTTCGGGAGGTTACCT,CID4535,ER+,Cancer Epithelial,Cancer LumB SC,Cancer LumB SC
CID4535_GTTCGGGCACATGGGA,CID4535,ER+,Cancer Epithelial,Cancer LumB SC,Cancer LumB SC
CID4535_GTTCGGGTCTACTCAT,CID4535,ER+,Cancer Epithelial,Cancer LumB SC,Cancer LumB SC
CID4535_GTTCGGGTCTGGTTCC,CID4535,ER+,Cancer Epithelial,Cancer LumB SC,Cancer LumB SC
CID4535_GTTCGGGTCTTAACCT,CID4535,ER+,Cancer Epithelial,Cancer LumB SC,Cancer LumB SC
CID4535_GTTCTCGAGTACCGGA,CID4535,ER+,Cancer Epithelial,Cancer LumB SC,Cancer LumB SC
CID4535_GTTCTCGGTCTCCATC,CID4535,ER+,Cancer Epithelial,Cancer LumB SC,Cancer LumB SC
CID4535_GTTCTCGGTGACCAAG,CID4535,ER+,Cancer Epithelial,Cancer LumB SC,Cancer LumB SC
CID4535_GTTTCTAGTCATACTG,CID4535,ER+,Cancer Epithelial,Cancer LumB SC,Cancer LumB SC
CID4535_GTTTCTAGTTAAGATG,CID4535,ER+,Cancer Epithelial,Cancer LumB SC,Cancer LumB SC
CID4535_GTTTCTATCCGTAGTA,CID4535,ER+,Cancer Epithelial,Cancer LumB SC,Cancer LumB SC
CID4535_TAAACCGAGGATTCGG,CID4535,ER+,Cancer Epithelial,Cancer LumB SC,Cancer LumB SC
CID4535_TAAACCGCACCTCGGA,CID4535,ER+,Cancer Epithelial,Cancer LumB SC,Cancer LumB SC
CID4535_TAAACCGCACGAAATA,CID4535,ER+,Cancer Epithelial,Cancer LumB SC,Cancer LumB SC
CID4535_TAAACCGGTCAATACC,CID4535,ER+,Cancer Epithelial,Cancer LumB SC,Cancer LumB SC
CID4535_TAAACCGGTTATTCTC,CID4535,ER+,Cancer Epithelial,Cancer LumB SC,Cancer LumB SC
CID4535_TAAGAGAAGAATTGTG,CID4535,ER+,Cancer Epithelial,Cancer LumB SC,Cancer LumB SC
CID4535_TAAGAGAAGACAAAGG,CID4535,ER+,Cancer Epithelial,Cancer LumB SC,Cancer LumB SC
CID4535_TAAGAGAAGAGGGATA,CID4535,ER+,Cancer Epithelial,Cancer LumB SC,Cancer LumB SC
CID4535_TAAGAGAAGGCATGGT,CID4535,ER+,Cancer Epithelial,Cancer LumB SC,Cancer LumB SC
CID4535_TAAGAGACACCATCCT,CID4535,ER+,Cancer Epithelial,Cancer LumB SC,Cancer LumB SC
CID4535_TAAGAGACAGCCTTTC,CID4535,ER+,Cancer Epithelial,Cancer LumB SC,Cancer LumB SC
CID4535_TAAGAGACATCGATTG,CID4535,ER+,Cancer Epithelial,Cancer LumB SC,Cancer LumB SC
CID4535_TAAGCGTAGAAACGCC,CID4535,ER+,Cancer Epithelial,Cancer LumB SC,Cancer LumB SC
CID4535_TAAGCGTAGAGCCCAA,CID4535,ER+,Cancer Epithelial,Cancer LumB SC,Cancer LumB SC
CID4535_TAAGCGTGTCACCCAG,CID4535,ER+,Cancer Epithelial,Cancer LumB SC,Cancer LumB SC
CID4535_TAAGCGTTCAGTTCGA,CID4535,ER+,Cancer Epithelial,Cancer LumB SC,Cancer LumB SC
CID4535_TAAGTGCCATCGACGC,CID4535,ER+,Cancer Epithelial,Cancer LumB SC,Cancer LumB SC
CID4535_TAAGTGCGTAGGCATG,CID4535,ER+,Cancer Epithelial,Cancer LumB SC,Cancer LumB SC
CID4535_TAAGTGCTCGTTGACA,CID4535,ER+,Cancer Epithelial,Cancer LumB SC,Cancer LumB SC
CID4535_TAAGTGCTCTCAACTT,CID4535,ER+,Cancer Epithelial,Cancer LumB SC,Cancer LumB SC
CID4535_TACACGAGTCATATGC,CID4535,ER+,Cancer Epithelial,Cancer LumB SC,Cancer LumB SC
CID4535_TACACGAGTGTTGAGG,CID4535,ER+,Cancer Epithelial,Cancer LumB SC,Cancer LumB SC
CID4535_TACAGTGAGTACGTTC,CID4535,ER+,Cancer Epithelial,Cancer LumB SC,Cancer LumB SC
CID4535_TACAGTGAGTGTACGG,CID4535,ER+,Cancer Epithelial,Cancer LumB SC,Cancer LumB SC
CID4535_TACAGTGCAAGAGTCG,CID4535,ER+,Cancer Epithelial,Cancer LumB SC,Cancer LumB SC
CID4535_TACCTATCACATTAGC,CID4535,ER+,Cancer Epithelial,Cancer LumB SC,Cancer LumB SC
CID4535_TACCTATCAGCAGTTT,CID4535,ER+,Cancer Epithelial,Cancer LumB SC,Cancer LumB SC
CID4535_TACCTATGTACATCCA,CID4535,ER+,Cancer Epithelial,Cancer LumB SC,Cancer LumB SC
CID4535_TACCTATTCAACACGT,CID4535,ER+,Cancer Epithelial,Cancer LumB SC,Cancer LumB SC
CID4535_TACCTATTCCAGAAGG,CID4535,ER+,Cancer Epithelial,Cancer LumB SC,Cancer LumB SC
CID4535_TACCTATTCTTAGCCC,CID4535,ER+,Cancer Epithelial,Cancer LumB SC,Cancer LumB SC
CID4535_TACGGATAGATTACCC,CID4535,ER+,Cancer Epithelial,Cancer LumB SC,Cancer LumB SC
CID4535_TACGGATAGCTTATCG,CID4535,ER+,Cancer Epithelial,Cancer LumB SC,Cancer LumB SC
CID4535_TACGGATCACCAGGCT,CID4535,ER+,Cancer Epithelial,Cancer LumB SC,Cancer LumB SC
CID4535_TACGGATCAGACAAGC,CID4535,ER+,Cancer Epithelial,Cancer LumB SC,Cancer LumB SC
CID4535_TACGGATGTAGCGTCC,CID4535,ER+,Cancer Epithelial,Cancer LumB SC,Cancer LumB SC
CID4535_TACGGATGTCAGATAA,CID4535,ER+,Cancer Epithelial,Cancer LumB SC,Cancer LumB SC
CID4535_TACGGGCAGAAACCTA,CID4535,ER+,Cancer Epithelial,Cancer LumB SC,Cancer LumB SC
CID4535_TACGGGCAGAGTCTGG,CID4535,ER+,Cancer Epithelial,Cancer LumB SC,Cancer LumB SC
CID4535_TACGGGCAGATATGGT,CID4535,ER+,Cancer Epithelial,Cancer LumB SC,Cancer LumB SC
CID4535_TACGGGCTCTGCGGCA,CID4535,ER+,Cancer Epithelial,Cancer LumB SC,Cancer LumB SC
CID4535_TACGGTACACTTAACG,CID4535,ER+,Cancer Epithelial,Cancer LumB SC,Cancer LumB SC
CID4535_TACGGTAGTAAACACA,CID4535,ER+,Cancer Epithelial,Cancer LumB SC,Cancer LumB SC
CID4535_TACGGTAGTGAACCTT,CID4535,ER+,Cancer Epithelial,Cancer LumB SC,Cancer LumB SC
CID4535_TACGGTAGTTAGTGGG,CID4535,ER+,Cancer Epithelial,Cancer LumB SC,Cancer LumB SC
CID4535_TACGGTATCAACGGGA,CID4535,ER+,Cancer Epithelial,Cancer LumB SC,Cancer LumB SC
CID4535_TACGGTATCAGCATGT,CID4535,ER+,Cancer Epithelial,Cancer LumB SC,Cancer LumB SC
CID4535_TACTCATAGGTACTCT,CID4535,ER+,Cancer Epithelial,Cancer LumB SC,Cancer LumB SC
CID4535_TACTCATCAGCTTCGG,CID4535,ER+,Cancer Epithelial,Cancer LumB SC,Cancer LumB SC
CID4535_TACTCATGTCGCATAT,CID4535,ER+,Cancer Epithelial,Cancer LumB SC,Cancer LumB SC
CID4535_TACTCATTCATGTAGC,CID4535,ER+,Cancer Epithelial,Cancer LumB SC,Cancer LumB SC
CID4535_TACTCGCCACCGCTAG,CID4535,ER+,Cancer Epithelial,Cancer LumB SC,Cancer LumB SC
CID4535_TACTTACAGATATGCA,CID4535,ER+,Cancer Epithelial,Cancer LumB SC,Cancer LumB SC
CID4535_TACTTACCAAGTCTAC,CID4535,ER+,Cancer Epithelial,Cancer LumB SC,Cancer LumB SC
CID4535_TACTTACCATTGGGCC,CID4535,ER+,Cancer Epithelial,Cancer LumB SC,Cancer LumB SC
CID4535_TACTTACGTCAGAATA,CID4535,ER+,Cancer Epithelial,Cancer LumB SC,Cancer LumB SC
CID4535_TACTTACGTCTGATCA,CID4535,ER+,Cancer Epithelial,Cancer LumB SC,Cancer LumB SC
CID4535_TACTTACGTGACTCAT,CID4535,ER+,Cancer Epithelial,Cancer LumB SC,Cancer LumB SC
CID4535_TACTTACTCTCACATT,CID4535,ER+,Cancer Epithelial,Cancer LumB SC,Cancer LumB SC
CID4535_TACTTGTAGACAGGCT,CID4535,ER+,Cancer Epithelial,Cancer LumB SC,Cancer LumB SC
CID4535_TACTTGTAGTATCGAA,CID4535,ER+,Cancer Epithelial,Cancer LumB SC,Cancer LumB SC
CID4535_TACTTGTAGTGCGATG,CID4535,ER+,Cancer Epithelial,Cancer LumB SC,Cancer LumB SC
CID4535_TACTTGTCAATGGAGC,CID4535,ER+,Cancer Epithelial,Cancer LumB SC,Cancer LumB SC
CID4535_TACTTGTGTGTGAAAT,CID4535,ER+,Cancer Epithelial,Cancer LumB SC,Cancer LumB SC
CID4535_TACTTGTTCCAAATGC,CID4535,ER+,Cancer Epithelial,Cancer LumB SC,Cancer LumB SC
CID4535_TAGACCAAGGACTGGT,CID4535,ER+,Cancer Epithelial,Cancer LumB SC,Cancer LumB SC
CID4535_TAGACCAAGTTAACGA,CID4535,ER+,Cancer Epithelial,Cancer LumB SC,Cancer LumB SC
CID4535_TAGACCATCCCACTTG,CID4535,ER+,Cancer Epithelial,Cancer LumB SC,Cancer LumB SC
CID4535_TAGGCATAGTTACGGG,CID4535,ER+,Cancer Epithelial,Cancer LumB SC,Cancer LumB SC
CID4535_TAGGCATCACTTGGAT,CID4535,ER+,Cancer Epithelial,Cancer LumB SC,Cancer LumB SC
CID4535_TAGGCATCAGCCAGAA,CID4535,ER+,Cancer Epithelial,Cancer LumB SC,Cancer LumB SC
CID4535_TAGGCATCAGCTGCTG,CID4535,ER+,Cancer Epithelial,Cancer LumB SC,Cancer LumB SC
CID4535_TAGGCATGTTTAGCTG,CID4535,ER+,Cancer Epithelial,Cancer LumB SC,Cancer LumB SC
CID4535_TAGGCATTCAGAGCTT,CID4535,ER+,Cancer Epithelial,Cancer LumB SC,Cancer LumB SC
CID4535_TAGTGGTGTCATGCAT,CID4535,ER+,Cancer Epithelial,Cancer LumB SC,Cancer LumB SC
CID4535_TAGTGGTGTGACTCAT,CID4535,ER+,Cancer Epithelial,Cancer LumB SC,Cancer LumB SC
CID4535_TAGTTGGAGTGGGTTG,CID4535,ER+,Cancer Epithelial,Cancer LumB SC,Cancer LumB SC
CID4535_TAGTTGGTCCTTGACC,CID4535,ER+,Cancer Epithelial,Cancer LumB SC,Cancer LumB SC
CID4535_TAGTTGGTCTACTCAT,CID4535,ER+,Cancer Epithelial,Cancer LumB SC,Cancer LumB SC
CID4535_TATCAGGAGCCCAACC,CID4535,ER+,Cancer Epithelial,Cancer LumB SC,Cancer LumB SC
CID4535_TATCAGGCAATGAATG,CID4535,ER+,Cancer Epithelial,Cancer LumB SC,Cancer LumB SC
CID4535_TATCAGGCACACTGCG,CID4535,ER+,Cancer Epithelial,Cancer LumB SC,Cancer LumB SC
CID4535_TATCAGGCAGCCACCA,CID4535,ER+,Cancer Epithelial,Cancer LumB SC,Cancer LumB SC
CID4535_TATCAGGCAGCTGTGC,CID4535,ER+,Cancer Epithelial,Cancer LumB SC,Cancer LumB SC
CID4535_TATCAGGGTAAAGTCA,CID4535,ER+,Cancer Epithelial,Cancer LumB SC,Cancer LumB SC
CID4535_TATCAGGGTCGCTTCT,CID4535,ER+,Cancer Epithelial,Cancer LumB SC,Cancer LumB SC
CID4535_TATCTCACAGTCACTA,CID4535,ER+,Cancer Epithelial,Cancer LumB SC,Cancer LumB SC
CID4535_TATCTCATCGCTTAGA,CID4535,ER+,Cancer Epithelial,Cancer LumB SC,Cancer LumB SC
CID4535_TATGCCCAGACTACAA,CID4535,ER+,Cancer Epithelial,Cancer LumB SC,Cancer LumB SC
CID4535_TATGCCCGTACTCTCC,CID4535,ER+,Cancer Epithelial,Cancer LumB SC,Cancer LumB SC
CID4535_TATTACCAGCGATCCC,CID4535,ER+,Cancer Epithelial,Cancer LumB SC,Cancer LumB SC
CID4535_TATTACCAGGGAGTAA,CID4535,ER+,Cancer Epithelial,Cancer LumB SC,Cancer LumB SC
CID4535_TATTACCCATCGTCGG,CID4535,ER+,Cancer Epithelial,Cancer LumB SC,Cancer LumB SC
CID4535_TATTACCGTAACGCGA,CID4535,ER+,Cancer Epithelial,Cancer LumB SC,Cancer LumB SC
CID4535_TATTACCGTCACACGC,CID4535,ER+,Cancer Epithelial,Cancer LumB SC,Cancer LumB SC
CID4535_TATTACCTCTTGACGA,CID4535,ER+,Cancer Epithelial,Cancer LumB SC,Cancer LumB SC
CID4535_TCAACGACACCCATGG,CID4535,ER+,Cancer Epithelial,Cancer LumB SC,Cancer LumB SC
CID4535_TCAACGATCAAACCAC,CID4535,ER+,Cancer Epithelial,Cancer LumB SC,Cancer LumB SC
CID4535_TCAACGATCAGCGATT,CID4535,ER+,Cancer Epithelial,Cancer LumB SC,Cancer LumB SC
CID4535_TCAACGATCAGCTGGC,CID4535,ER+,Cancer Epithelial,Cancer LumB SC,Cancer LumB SC
CID4535_TCAACGATCGTTTATC,CID4535,ER+,Cancer Epithelial,Cancer LumB SC,Cancer LumB SC
CID4535_TCAATCTAGTAATCCC,CID4535,ER+,Cancer Epithelial,Cancer LumB SC,Cancer LumB SC
CID4535_TCAATCTCACCTCGGA,CID4535,ER+,Cancer Epithelial,Cancer LumB SC,Cancer LumB SC
CID4535_TCAATCTCAGATGGGT,CID4535,ER+,Cancer Epithelial,Cancer LumB SC,Cancer LumB SC
CID4535_TCAATCTTCATCGGAT,CID4535,ER+,Cancer Epithelial,Cancer LumB SC,Cancer LumB SC
CID4535_TCACAAGAGTGGGTTG,CID4535,ER+,Cancer Epithelial,Cancer LumB SC,Cancer LumB SC
CID4535_TCACAAGGTTCCATGA,CID4535,ER+,Cancer Epithelial,Cancer LumB SC,Cancer LumB SC
CID4535_TCACAAGTCAGAGACG,CID4535,ER+,Cancer Epithelial,Cancer LumB SC,Cancer LumB SC
CID4535_TCACGAAAGAGTTGGC,CID4535,ER+,Cancer Epithelial,Cancer LumB SC,Cancer LumB SC
CID4535_TCACGAAAGGTACTCT,CID4535,ER+,Cancer Epithelial,Cancer LumB SC,Cancer LumB SC
CID4535_TCACGAACAGACTCGC,CID4535,ER+,Cancer Epithelial,Cancer LumB SC,Cancer LumB SC
CID4535_TCACGAAGTTCTGGTA,CID4535,ER+,Cancer Epithelial,Cancer LumB SC,Cancer LumB SC
CID4535_TCACGAATCTGCGTAA,CID4535,ER+,Cancer Epithelial,Cancer LumB SC,Cancer LumB SC
CID4535_TCAGATGAGACCTTTG,CID4535,ER+,Cancer Epithelial,Cancer LumB SC,Cancer LumB SC
CID4535_TCAGATGAGCGCCTTG,CID4535,ER+,Cancer Epithelial,Cancer LumB SC,Cancer LumB SC
CID4535_TCAGATGAGGACAGAA,CID4535,ER+,Cancer Epithelial,Cancer LumB SC,Cancer LumB SC
CID4535_TCAGCAAAGAAACCGC,CID4535,ER+,Cancer Epithelial,Cancer LumB SC,Cancer LumB SC
CID4535_TCAGCAAAGTGCCAGA,CID4535,ER+,Cancer Epithelial,Cancer LumB SC,Cancer LumB SC
CID4535_TCAGCAAAGTTCGATC,CID4535,ER+,Cancer Epithelial,Cancer LumB SC,Cancer LumB SC
CID4535_TCAGCAAGTAACGACG,CID4535,ER+,Cancer Epithelial,Cancer LumB SC,Cancer LumB SC
CID4535_TCAGCAATCAGGCGAA,CID4535,ER+,Cancer Epithelial,Cancer LumB SC,Cancer LumB SC
CID4535_TCAGCTCAGGGTATCG,CID4535,ER+,Cancer Epithelial,Cancer LumB SC,Cancer LumB SC
CID4535_TCAGCTCGTCTCCACT,CID4535,ER+,Cancer Epithelial,Cancer LumB SC,Cancer LumB SC
CID4535_TCAGCTCGTTACCGAT,CID4535,ER+,Cancer Epithelial,Cancer LumB SC,Cancer LumB SC
CID4535_TCAGGATAGGTGATAT,CID4535,ER+,Cancer Epithelial,Cancer LumB SC,Cancer LumB SC
CID4535_TCAGGATAGTGCCATT,CID4535,ER+,Cancer Epithelial,Cancer LumB SC,Cancer LumB SC
CID4535_TCAGGATCAACGCACC,CID4535,ER+,Cancer Epithelial,Cancer LumB SC,Cancer LumB SC
CID4535_TCAGGATCAGGCGATA,CID4535,ER+,Cancer Epithelial,Cancer LumB SC,Cancer LumB SC
CID4535_TCAGGATGTCGATTGT,CID4535,ER+,Cancer Epithelial,Cancer LumB SC,Cancer LumB SC
CID4535_TCAGGATTCCACTGGG,CID4535,ER+,Cancer Epithelial,Cancer LumB SC,Cancer LumB SC
CID4535_TCAGGATTCTGGTGTA,CID4535,ER+,Cancer Epithelial,Cancer LumB SC,Cancer LumB SC
CID4535_TCAGGTACAGTGGAGT,CID4535,ER+,Cancer Epithelial,Cancer LumB SC,Cancer LumB SC
CID4535_TCAGGTACATATGAGA,CID4535,ER+,Cancer Epithelial,Cancer LumB SC,Cancer LumB SC
CID4535_TCAGGTATCGGTTAAC,CID4535,ER+,Cancer Epithelial,Cancer LumB SC,Cancer LumB SC
CID4535_TCATTACGTACCCAAT,CID4535,ER+,Cancer Epithelial,Cancer LumB SC,Cancer LumB SC
CID4535_TCATTACGTTATCGGT,CID4535,ER+,Cancer Epithelial,Cancer LumB SC,Cancer LumB SC
CID4535_TCATTTGAGAACTGTA,CID4535,ER+,Cancer Epithelial,Cancer LumB SC,Cancer LumB SC
CID4535_TCATTTGCAGGACGTA,CID4535,ER+,Cancer Epithelial,Cancer LumB SC,Cancer LumB SC
CID4535_TCATTTGGTACCATCA,CID4535,ER+,Cancer Epithelial,Cancer LumB SC,Cancer LumB SC
CID4535_TCATTTGGTGTGGCTC,CID4535,ER+,Cancer Epithelial,Cancer LumB SC,Cancer LumB SC
CID4535_TCATTTGTCCACGTGG,CID4535,ER+,Cancer Epithelial,Cancer LumB SC,Cancer LumB SC
CID4535_TCATTTGTCCTATTCA,CID4535,ER+,Cancer Epithelial,Cancer LumB SC,Cancer LumB SC
CID4535_TCATTTGTCGTTACGA,CID4535,ER+,Cancer Epithelial,Cancer LumB SC,Cancer LumB SC
CID4535_TCCACACAGAGAACAG,CID4535,ER+,Cancer Epithelial,Cancer LumB SC,Cancer LumB SC
CID4535_TCCACACAGGCAATTA,CID4535,ER+,Cancer Epithelial,Cancer LumB SC,Cancer LumB SC
CID4535_TCCACACTCTACCTGC,CID4535,ER+,Cancer Epithelial,Cancer LumB SC,Cancer LumB SC
CID4535_TCCCGATCATACTCTT,CID4535,ER+,Cancer Epithelial,Cancer LumB SC,Cancer LumB SC
CID4535_TCCCGATGTGGCTCCA,CID4535,ER+,Cancer Epithelial,Cancer LumB SC,Cancer LumB SC
CID4535_TCGAGGCAGAGTACCG,CID4535,ER+,Cancer Epithelial,Cancer LumB SC,Cancer LumB SC
CID4535_TCGAGGCAGTGTCCCG,CID4535,ER+,Cancer Epithelial,Cancer LumB SC,Cancer LumB SC
CID4535_TCGAGGCCACGAAATA,CID4535,ER+,Cancer Epithelial,Cancer LumB SC,Cancer LumB SC
CID4535_TCGAGGCGTATATGAG,CID4535,ER+,Cancer Epithelial,Cancer LumB SC,Cancer LumB SC
CID4535_TCGAGGCGTCCATCCT,CID4535,ER+,Cancer Epithelial,Cancer LumB SC,Cancer LumB SC
CID4535_TCGAGGCGTCTCTCTG,CID4535,ER+,Cancer Epithelial,Cancer LumB SC,Cancer LumB SC
CID4535_TCGAGGCTCAAGGTAA,CID4535,ER+,Cancer Epithelial,Cancer LumB SC,Cancer LumB SC
CID4535_TCGAGGCTCGCCGTGA,CID4535,ER+,Cancer Epithelial,Cancer LumB SC,Cancer LumB SC
CID4535_TCGAGGCTCGGTGTTA,CID4535,ER+,Cancer Epithelial,Cancer LumB SC,Cancer LumB SC
CID4535_TCGAGGCTCGTTTATC,CID4535,ER+,Cancer Epithelial,Cancer LumB SC,Cancer LumB SC
CID4535_TCGAGGCTCTAACGGT,CID4535,ER+,Cancer Epithelial,Cancer LumB SC,Cancer LumB SC
CID4535_TCGAGGCTCTGGCGAC,CID4535,ER+,Cancer Epithelial,Cancer LumB SC,Cancer LumB SC
CID4535_TCGCGAGCACAAGTAA,CID4535,ER+,Cancer Epithelial,Cancer LumB SC,Cancer LumB SC
CID4535_TCGCGAGGTAGGACAC,CID4535,ER+,Cancer Epithelial,Cancer LumB SC,Cancer LumB SC
CID4535_TCGCGAGGTCGCATAT,CID4535,ER+,Cancer Epithelial,Cancer LumB SC,Cancer LumB SC
CID4535_TCGCGAGGTCGCTTTC,CID4535,ER+,Cancer Epithelial,Cancer LumB SC,Cancer LumB SC
CID4535_TCGCGAGGTTGTACAC,CID4535,ER+,Cancer Epithelial,Cancer LumB SC,Cancer LumB SC
CID4535_TCGCGAGGTTTAGGAA,CID4535,ER+,Cancer Epithelial,Cancer LumB SC,Cancer LumB SC
CID4535_TCGCGAGTCCGCATAA,CID4535,ER+,Cancer Epithelial,Cancer LumB SC,Cancer LumB SC
CID4535_TCGCGTTAGCGTGTCC,CID4535,ER+,Cancer Epithelial,Cancer LumB SC,Cancer LumB SC
CID4535_TCGCGTTAGGATATAC,CID4535,ER+,Cancer Epithelial,Cancer LumB SC,Cancer LumB SC
CID4535_TCGCGTTAGTTATCGC,CID4535,ER+,Cancer Epithelial,Cancer LumB SC,Cancer LumB SC
CID4535_TCGCGTTCATCGGACC,CID4535,ER+,Cancer Epithelial,Cancer LumB SC,Cancer LumB SC
CID4535_TCGCGTTGTTAGAACA,CID4535,ER+,Cancer Epithelial,Cancer LumB SC,Cancer LumB SC
CID4535_TCGCGTTGTTATGTGC,CID4535,ER+,Cancer Epithelial,Cancer LumB SC,Cancer LumB SC
CID4535_TCGCGTTTCAGAGCTT,CID4535,ER+,Cancer Epithelial,Cancer LumB SC,Cancer LumB SC
CID4535_TCGCGTTTCCGCATAA,CID4535,ER+,Cancer Epithelial,Cancer LumB SC,Cancer LumB SC
CID4535_TCGCGTTTCGACAGCC,CID4535,ER+,Cancer Epithelial,Cancer LumB SC,Cancer LumB SC
CID4535_TCGGGACAGCTGAAAT,CID4535,ER+,Cancer Epithelial,Cancer LumB SC,Cancer LumB SC
CID4535_TCGGGACAGGATTCGG,CID4535,ER+,Cancer Epithelial,Cancer LumB SC,Cancer LumB SC
CID4535_TCGGGACCAATGGATA,CID4535,ER+,Cancer Epithelial,Cancer LumB SC,Cancer LumB SC
CID4535_TCGGGACCAGATAATG,CID4535,ER+,Cancer Epithelial,Cancer LumB SC,Cancer LumB SC
CID4535_TCGGGACGTTGGTGGA,CID4535,ER+,Cancer Epithelial,Cancer LumB SC,Cancer LumB SC
CID4535_TCGGGACTCACTGGGC,CID4535,ER+,Cancer Epithelial,Cancer LumB SC,Cancer LumB SC
CID4535_TCGGGACTCCTATTCA,CID4535,ER+,Cancer Epithelial,Cancer LumB SC,Cancer LumB SC
CID4535_TCGGGACTCGCGCCAA,CID4535,ER+,Cancer Epithelial,Cancer LumB SC,Cancer LumB SC
CID4535_TCGGGACTCTGCGGCA,CID4535,ER+,Cancer Epithelial,Cancer LumB SC,Cancer LumB SC
CID4535_TCGGTAAAGGGCTTCC,CID4535,ER+,Cancer Epithelial,Cancer LumB SC,Cancer LumB SC
CID4535_TCGGTAAAGTTCGCAT,CID4535,ER+,Cancer Epithelial,Cancer LumB SC,Cancer LumB SC
CID4535_TCGGTAACAGACGCCT,CID4535,ER+,Cancer Epithelial,Cancer LumB SC,Cancer LumB SC
CID4535_TCGGTAAGTCAATGTC,CID4535,ER+,Cancer Epithelial,Cancer LumB SC,Cancer LumB SC
CID4535_TCGGTAAGTCGGCACT,CID4535,ER+,Cancer Epithelial,Cancer LumB SC,Cancer LumB SC
CID4535_TCGGTAAGTTGGGACA,CID4535,ER+,Cancer Epithelial,Cancer LumB SC,Cancer LumB SC
CID4535_TCGGTAATCTACTCAT,CID4535,ER+,Cancer Epithelial,Cancer LumB SC,Cancer LumB SC
CID4535_TCGGTAATCTGCAGTA,CID4535,ER+,Cancer Epithelial,Cancer LumB SC,Cancer LumB SC
CID4535_TCGTACCAGTCACGCC,CID4535,ER+,Cancer Epithelial,Cancer LumB SC,Cancer LumB SC
CID4535_TCGTACCCACGGCGTT,CID4535,ER+,Cancer Epithelial,Cancer LumB SC,Cancer LumB SC
CID4535_TCGTACCCATGACGGA,CID4535,ER+,Cancer Epithelial,Cancer LumB SC,Cancer LumB SC
CID4535_TCGTAGAGTGGTCCGT,CID4535,ER+,Cancer Epithelial,Cancer LumB SC,Cancer LumB SC
CID4535_TCTATTGAGCGAAGGG,CID4535,ER+,Cancer Epithelial,Cancer LumB SC,Cancer LumB SC
CID4535_TCTATTGCAAGCCATT,CID4535,ER+,Cancer Epithelial,Cancer LumB SC,Cancer LumB SC
CID4535_TCTATTGCATTAACCG,CID4535,ER+,Cancer Epithelial,Cancer LumB SC,Cancer LumB SC
CID4535_TCTATTGTCAGGCGAA,CID4535,ER+,Cancer Epithelial,Cancer LumB SC,Cancer LumB SC
CID4535_TCTATTGTCGTACGGC,CID4535,ER+,Cancer Epithelial,Cancer LumB SC,Cancer LumB SC
CID4535_TCTATTGTCTGTTTGT,CID4535,ER+,Cancer Epithelial,Cancer LumB SC,Cancer LumB SC
CID4535_TCTATTGTCTTCATGT,CID4535,ER+,Cancer Epithelial,Cancer LumB SC,Cancer LumB SC
CID4535_TCTCATAAGTCCAGGA,CID4535,ER+,Cancer Epithelial,Cancer LumB SC,Cancer LumB SC
CID4535_TCTCATACACGAGAGT,CID4535,ER+,Cancer Epithelial,Cancer LumB SC,Cancer LumB SC
CID4535_TCTCATACATCAGTCA,CID4535,ER+,Cancer Epithelial,Cancer LumB SC,Cancer LumB SC
CID4535_TCTCATAGTAGTAGTA,CID4535,ER+,Cancer Epithelial,Cancer LumB SC,Cancer LumB SC
CID4535_TCTCATAGTTACGGAG,CID4535,ER+,Cancer Epithelial,Cancer LumB SC,Cancer LumB SC
CID4535_TCTCATATCCTACAGA,CID4535,ER+,Cancer Epithelial,Cancer LumB SC,Cancer LumB SC
CID4535_TCTCATATCTCCAGGG,CID4535,ER+,Cancer Epithelial,Cancer LumB SC,Cancer LumB SC
CID4535_TCTCTAAAGATCGATA,CID4535,ER+,Cancer Epithelial,Cancer LumB SC,Cancer LumB SC
CID4535_TCTCTAAAGTCAATAG,CID4535,ER+,Cancer Epithelial,Cancer LumB SC,Cancer LumB SC
CID4535_TCTCTAACATGGTCAT,CID4535,ER+,Cancer Epithelial,Cancer LumB SC,Cancer LumB SC
CID4535_TCTCTAAGTAGGCATG,CID4535,ER+,Cancer Epithelial,Cancer LumB SC,Cancer LumB SC
CID4535_TCTGAGAAGTGCCATT,CID4535,ER+,Cancer Epithelial,Cancer LumB SC,Cancer LumB SC
CID4535_TCTGAGAAGTTCGCGC,CID4535,ER+,Cancer Epithelial,Cancer LumB SC,Cancer LumB SC
CID4535_TCTGAGAGTCAGAAGC,CID4535,ER+,Cancer Epithelial,Cancer LumB SC,Cancer LumB SC
CID4535_TCTGAGAGTTCCTCCA,CID4535,ER+,Cancer Epithelial,Cancer LumB SC,Cancer LumB SC
CID4535_TCTGAGAGTTTGCATG,CID4535,ER+,Cancer Epithelial,Cancer LumB SC,Cancer LumB SC
CID4535_TCTGGAAAGTATCTCG,CID4535,ER+,Cancer Epithelial,Cancer LumB SC,Cancer LumB SC
CID4535_TCTGGAAGTGTTCGAT,CID4535,ER+,Cancer Epithelial,Cancer LumB SC,Cancer LumB SC
CID4535_TCTGGAAGTTACGGAG,CID4535,ER+,Cancer Epithelial,Cancer LumB SC,Cancer LumB SC
CID4535_TCTTCGGAGGCATGTG,CID4535,ER+,Cancer Epithelial,Cancer LumB SC,Cancer LumB SC
CID4535_TCTTCGGAGGTGCAAC,CID4535,ER+,Cancer Epithelial,Cancer LumB SC,Cancer LumB SC
CID4535_TCTTCGGAGTGTGAAT,CID4535,ER+,Cancer Epithelial,Cancer LumB SC,Cancer LumB SC
CID4535_TCTTCGGGTAAGTGTA,CID4535,ER+,Cancer Epithelial,Cancer LumB SC,Cancer LumB SC
CID4535_TCTTTCCAGGTGTTAA,CID4535,ER+,Cancer Epithelial,Cancer LumB SC,Cancer LumB SC
CID4535_TCTTTCCCACTATCTT,CID4535,ER+,Cancer Epithelial,Cancer LumB SC,Cancer LumB SC
CID4535_TCTTTCCCAGTGACAG,CID4535,ER+,Cancer Epithelial,Cancer LumB SC,Cancer LumB SC
CID4535_TCTTTCCGTACTCAAC,CID4535,ER+,Cancer Epithelial,Cancer LumB SC,Cancer LumB SC
CID4535_TCTTTCCTCCTTTCTC,CID4535,ER+,Cancer Epithelial,Cancer LumB SC,Cancer LumB SC
CID4535_TGAAAGACAGCTGTTA,CID4535,ER+,Cancer Epithelial,Cancer LumB SC,Cancer LumB SC
CID4535_TGAAAGACATTCTCAT,CID4535,ER+,Cancer Epithelial,Cancer LumB SC,Cancer LumB SC
CID4535_TGAAAGACATTGCGGC,CID4535,ER+,Cancer Epithelial,Cancer LumB SC,Cancer LumB SC
CID4535_TGAAAGAGTTGTCGCG,CID4535,ER+,Cancer Epithelial,Cancer LumB SC,Cancer LumB SC
CID4535_TGAAAGATCCACGACG,CID4535,ER+,Cancer Epithelial,Cancer LumB SC,Cancer LumB SC
CID4535_TGAAAGATCGGCATCG,CID4535,ER+,Cancer Epithelial,Cancer LumB SC,Cancer LumB SC
CID4535_TGAAAGATCTAAGCCA,CID4535,ER+,Cancer Epithelial,Cancer LumB SC,Cancer LumB SC
CID4535_TGACAACAGCTACCGC,CID4535,ER+,Cancer Epithelial,Cancer LumB SC,Cancer LumB SC
CID4535_TGACAACCATCCCATC,CID4535,ER+,Cancer Epithelial,Cancer LumB SC,Cancer LumB SC
CID4535_TGACAACGTAGCGTAG,CID4535,ER+,Cancer Epithelial,Cancer LumB SC,Cancer LumB SC
CID4535_TGACAACGTATAATGG,CID4535,ER+,Cancer Epithelial,Cancer LumB SC,Cancer LumB SC
CID4535_TGACAACTCCTTGGTC,CID4535,ER+,Cancer Epithelial,Cancer LumB SC,Cancer LumB SC
CID4535_TGACGGCAGCTCCCAG,CID4535,ER+,Cancer Epithelial,Cancer LumB SC,Cancer LumB SC
CID4535_TGACGGCCAGGTGGAT,CID4535,ER+,Cancer Epithelial,Cancer LumB SC,Cancer LumB SC
CID4535_TGACGGCTCGGCGCAT,CID4535,ER+,Cancer Epithelial,Cancer LumB SC,Cancer LumB SC
CID4535_TGACGGCTCTCGTTTA,CID4535,ER+,Cancer Epithelial,Cancer LumB SC,Cancer LumB SC
CID4535_TGACTAGAGTCCATAC,CID4535,ER+,Cancer Epithelial,Cancer LumB SC,Cancer LumB SC
CID4535_TGACTAGGTTCTCATT,CID4535,ER+,Cancer Epithelial,Cancer LumB SC,Cancer LumB SC
CID4535_TGACTAGGTTGGACCC,CID4535,ER+,Cancer Epithelial,Cancer LumB SC,Cancer LumB SC
CID4535_TGACTAGGTTTAGCTG,CID4535,ER+,Cancer Epithelial,Cancer LumB SC,Cancer LumB SC
CID4535_TGACTTTCAAGCCATT,CID4535,ER+,Cancer Epithelial,Cancer LumB SC,Cancer LumB SC
CID4535_TGACTTTGTCCTAGCG,CID4535,ER+,Cancer Epithelial,Cancer LumB SC,Cancer LumB SC
CID4535_TGACTTTGTCCTCTTG,CID4535,ER+,Cancer Epithelial,Cancer LumB SC,Cancer LumB SC
CID4535_TGACTTTTCCAAGTAC,CID4535,ER+,Cancer Epithelial,Cancer LumB SC,Cancer LumB SC
CID4535_TGAGAGGTCCCTAACC,CID4535,ER+,Cancer Epithelial,Cancer LumB SC,Cancer LumB SC
CID4535_TGAGAGGTCGGCTTGG,CID4535,ER+,Cancer Epithelial,Cancer LumB SC,Cancer LumB SC
CID4535_TGAGCATCATGCCACG,CID4535,ER+,Cancer Epithelial,Cancer LumB SC,Cancer LumB SC
CID4535_TGAGCATGTCCGCTGA,CID4535,ER+,Cancer Epithelial,Cancer LumB SC,Cancer LumB SC
CID4535_TGAGCATTCTTGACGA,CID4535,ER+,Cancer Epithelial,Cancer LumB SC,Cancer LumB SC
CID4535_TGAGCCGCACGGCTAC,CID4535,ER+,Cancer Epithelial,Cancer LumB SC,Cancer LumB SC
CID4535_TGAGCCGCATCGACGC,CID4535,ER+,Cancer Epithelial,Cancer LumB SC,Cancer LumB SC
CID4535_TGAGGGAAGCGATATA,CID4535,ER+,Cancer Epithelial,Cancer LumB SC,Cancer LumB SC
CID4535_TGAGGGAAGGATGTAT,CID4535,ER+,Cancer Epithelial,Cancer LumB SC,Cancer LumB SC
CID4535_TGAGGGAAGTGACATA,CID4535,ER+,Cancer Epithelial,Cancer LumB SC,Cancer LumB SC
CID4535_TGAGGGAAGTTTGCGT,CID4535,ER+,Cancer Epithelial,Cancer LumB SC,Cancer LumB SC
CID4535_TGAGGGATCCAAGTAC,CID4535,ER+,Cancer Epithelial,Cancer LumB SC,Cancer LumB SC
CID4535_TGATTTCAGGGAGTAA,CID4535,ER+,Cancer Epithelial,Cancer LumB SC,Cancer LumB SC
CID4535_TGCACCTAGCAACGGT,CID4535,ER+,Cancer Epithelial,Cancer LumB SC,Cancer LumB SC
CID4535_TGCCAAAAGGGTTTCT,CID4535,ER+,Cancer Epithelial,Cancer LumB SC,Cancer LumB SC
CID4535_TGCCAAAAGTTCGCAT,CID4535,ER+,Cancer Epithelial,Cancer LumB SC,Cancer LumB SC
CID4535_TGCCAAAGTACCGGCT,CID4535,ER+,Cancer Epithelial,Cancer LumB SC,Cancer LumB SC
CID4535_TGCCAAAGTACCTACA,CID4535,ER+,Cancer Epithelial,Cancer LumB SC,Cancer LumB SC
CID4535_TGCCAAATCCTGCTTG,CID4535,ER+,Cancer Epithelial,Cancer LumB SC,Cancer LumB SC
CID4535_TGCCAAATCCTTTCGG,CID4535,ER+,Cancer Epithelial,Cancer LumB SC,Cancer LumB SC
CID4535_TGCCAAATCTGCTTGC,CID4535,ER+,Cancer Epithelial,Cancer LumB SC,Cancer LumB SC
CID4535_TGCCAAATCTTGAGAC,CID4535,ER+,Cancer Epithelial,Cancer LumB SC,Cancer LumB SC
CID4535_TGCCCTAAGTAGGTGC,CID4535,ER+,Cancer Epithelial,Cancer LumB SC,Cancer LumB SC
CID4535_TGCCCTAAGTGGGCTA,CID4535,ER+,Cancer Epithelial,Cancer LumB SC,Cancer LumB SC
CID4535_TGCCCTACAAGAAAGG,CID4535,ER+,Cancer Epithelial,Cancer LumB SC,Cancer LumB SC
CID4535_TGCCCTATCCTAGGGC,CID4535,ER+,Cancer Epithelial,Cancer LumB SC,Cancer LumB SC
CID4535_TGCCCTATCCTTTCTC,CID4535,ER+,Cancer Epithelial,Cancer LumB SC,Cancer LumB SC
CID4535_TGCCCTATCGCCATAA,CID4535,ER+,Cancer Epithelial,Cancer LumB SC,Cancer LumB SC
CID4535_TGCGCAGAGCTTATCG,CID4535,ER+,Cancer Epithelial,Cancer LumB SC,Cancer LumB SC
CID4535_TGCGCAGGTCGAAAGC,CID4535,ER+,Cancer Epithelial,Cancer LumB SC,Cancer LumB SC
CID4535_TGCGCAGTCTAACTCT,CID4535,ER+,Cancer Epithelial,Cancer LumB SC,Cancer LumB SC
CID4535_TGCGGGTCAACTTGAC,CID4535,ER+,Cancer Epithelial,Cancer LumB SC,Cancer LumB SC
CID4535_TGCGGGTCAAGACACG,CID4535,ER+,Cancer Epithelial,Cancer LumB SC,Cancer LumB SC
CID4535_TGCGGGTGTAGGCTGA,CID4535,ER+,Cancer Epithelial,Cancer LumB SC,Cancer LumB SC
CID4535_TGCGGGTTCTGGCGAC,CID4535,ER+,Cancer Epithelial,Cancer LumB SC,Cancer LumB SC
CID4535_TGCGTGGCAGCAGTTT,CID4535,ER+,Cancer Epithelial,Cancer LumB SC,Cancer LumB SC
CID4535_TGCGTGGTCACCCGAG,CID4535,ER+,Cancer Epithelial,Cancer LumB SC,Cancer LumB SC
CID4535_TGCTACCCACATTAGC,CID4535,ER+,Cancer Epithelial,Cancer LumB SC,Cancer LumB SC
CID4535_TGCTACCCACTTAACG,CID4535,ER+,Cancer Epithelial,Cancer LumB SC,Cancer LumB SC
CID4535_TGCTGCTAGAAAGTGG,CID4535,ER+,Cancer Epithelial,Cancer LumB SC,Cancer LumB SC
CID4535_TGCTGCTAGTGCCATT,CID4535,ER+,Cancer Epithelial,Cancer LumB SC,Cancer LumB SC
CID4535_TGCTGCTCATTGGTAC,CID4535,ER+,Cancer Epithelial,Cancer LumB SC,Cancer LumB SC
CID4535_TGCTGCTTCTGTGCAA,CID4535,ER+,Cancer Epithelial,Cancer LumB SC,Cancer LumB SC
CID4535_TGGACGCCACATTAGC,CID4535,ER+,Cancer Epithelial,Cancer LumB SC,Cancer LumB SC
CID4535_TGGACGCCACGGATAG,CID4535,ER+,Cancer Epithelial,Cancer LumB SC,Cancer LumB SC
CID4535_TGGACGCGTCGGGTCT,CID4535,ER+,Cancer Epithelial,Cancer LumB SC,Cancer LumB SC
CID4535_TGGACGCGTTACAGAA,CID4535,ER+,Cancer Epithelial,Cancer LumB SC,Cancer LumB SC
CID4535_TGGACGCTCAAACGGG,CID4535,ER+,Cancer Epithelial,Cancer LumB SC,Cancer LumB SC
CID4535_TGGACGCTCCGCGGTA,CID4535,ER+,Cancer Epithelial,Cancer LumB SC,Cancer LumB SC
CID4535_TGGACGCTCTGGGCCA,CID4535,ER+,Cancer Epithelial,Cancer LumB SC,Cancer LumB SC
CID4535_TGGCCAGGTATAAACG,CID4535,ER+,Cancer Epithelial,Cancer LumB SC,Cancer LumB SC
CID4535_TGGCCAGTCCAGAGGA,CID4535,ER+,Cancer Epithelial,Cancer LumB SC,Cancer LumB SC
CID4535_TGGCGCAAGAAGAAGC,CID4535,ER+,Cancer Epithelial,Cancer LumB SC,Cancer LumB SC
CID4535_TGGCGCAAGACAAGCC,CID4535,ER+,Cancer Epithelial,Cancer LumB SC,Cancer LumB SC
CID4535_TGGCGCAAGCGTTTAC,CID4535,ER+,Cancer Epithelial,Cancer LumB SC,Cancer LumB SC
CID4535_TGGCGCACAAAGCGGT,CID4535,ER+,Cancer Epithelial,Cancer LumB SC,Cancer LumB SC
CID4535_TGGCGCATCATGTCCC,CID4535,ER+,Cancer Epithelial,Cancer LumB SC,Cancer LumB SC
CID4535_TGGCGCATCGCCTGTT,CID4535,ER+,Cancer Epithelial,Cancer LumB SC,Cancer LumB SC
CID4535_TGGCTGGGTCCTCTTG,CID4535,ER+,Cancer Epithelial,Cancer LumB SC,Cancer LumB SC
CID4535_TGGGAAGCAGACACTT,CID4535,ER+,Cancer Epithelial,Cancer LumB SC,Cancer LumB SC
CID4535_TGGGAAGCAGCTGCAC,CID4535,ER+,Cancer Epithelial,Cancer LumB SC,Cancer LumB SC
CID4535_TGGGAAGCAGTACACT,CID4535,ER+,Cancer Epithelial,Cancer LumB SC,Cancer LumB SC
CID4535_TGGGAAGGTAGGAGTC,CID4535,ER+,Cancer Epithelial,Cancer LumB SC,Cancer LumB SC
CID4535_TGGGCGTCAATAAGCA,CID4535,ER+,Cancer Epithelial,Cancer LumB SC,Cancer LumB SC
CID4535_TGGGCGTCATCCAACA,CID4535,ER+,Cancer Epithelial,Cancer LumB SC,Cancer LumB SC
CID4535_TGGGCGTTCGTAGATC,CID4535,ER+,Cancer Epithelial,Cancer LumB SC,Cancer LumB SC
CID4535_TGGGCGTTCGTCCAGG,CID4535,ER+,Cancer Epithelial,Cancer LumB SC,Cancer LumB SC
CID4535_TGGGCGTTCTGCGGCA,CID4535,ER+,Cancer Epithelial,Cancer LumB SC,Cancer LumB SC
CID4535_TGGTTCCGTACCCAAT,CID4535,ER+,Cancer Epithelial,Cancer LumB SC,Cancer LumB SC
CID4535_TGTATTCAGGCAGTCA,CID4535,ER+,Cancer Epithelial,Cancer LumB SC,Cancer LumB SC
CID4535_TGTATTCAGTCTCAAC,CID4535,ER+,Cancer Epithelial,Cancer LumB SC,Cancer LumB SC
CID4535_TGTATTCCAGGGTTAG,CID4535,ER+,Cancer Epithelial,Cancer LumB SC,Cancer LumB SC
CID4535_TGTATTCCATCACGAT,CID4535,ER+,Cancer Epithelial,Cancer LumB SC,Cancer LumB SC
CID4535_TGTATTCGTAACGACG,CID4535,ER+,Cancer Epithelial,Cancer LumB SC,Cancer LumB SC
CID4535_TGTATTCTCAAACGGG,CID4535,ER+,Cancer Epithelial,Cancer LumB SC,Cancer LumB SC
CID4535_TGTATTCTCCAACCAA,CID4535,ER+,Cancer Epithelial,Cancer LumB SC,Cancer LumB SC
CID4535_TGTATTCTCGAATGCT,CID4535,ER+,Cancer Epithelial,Cancer LumB SC,Cancer LumB SC
CID4535_TGTATTCTCTCAACTT,CID4535,ER+,Cancer Epithelial,Cancer LumB SC,Cancer LumB SC
CID4535_TGTATTCTCTGAGTGT,CID4535,ER+,Cancer Epithelial,Cancer LumB SC,Cancer LumB SC
CID4535_TGTCCCACATACGCTA,CID4535,ER+,Cancer Epithelial,Cancer LumB SC,Cancer LumB SC
CID4535_TGTCCCACATGTCTCC,CID4535,ER+,Cancer Epithelial,Cancer LumB SC,Cancer LumB SC
CID4535_TGTCCCAGTCCTCCAT,CID4535,ER+,Cancer Epithelial,Cancer LumB SC,Cancer LumB SC
CID4535_TGTCCCATCACATAGC,CID4535,ER+,Cancer Epithelial,Cancer LumB SC,Cancer LumB SC
CID4535_TGTGGTAAGACATAAC,CID4535,ER+,Cancer Epithelial,Cancer LumB SC,Cancer LumB SC
CID4535_TGTGGTAAGCAGCCTC,CID4535,ER+,Cancer Epithelial,Cancer LumB SC,Cancer LumB SC
CID4535_TGTGGTATCTTTCCTC,CID4535,ER+,Cancer Epithelial,Cancer LumB SC,Cancer LumB SC
CID4535_TGTGTTTCATCGGAAG,CID4535,ER+,Cancer Epithelial,Cancer LumB SC,Cancer LumB SC
CID4535_TGTGTTTGTAGAGCTG,CID4535,ER+,Cancer Epithelial,Cancer LumB SC,Cancer LumB SC
CID4535_TGTGTTTGTCGCTTTC,CID4535,ER+,Cancer Epithelial,Cancer LumB SC,Cancer LumB SC
CID4535_TGTTCCGCACAGATTC,CID4535,ER+,Cancer Epithelial,Cancer LumB SC,Cancer LumB SC
CID4535_TGTTCCGGTTAGGGTG,CID4535,ER+,Cancer Epithelial,Cancer LumB SC,Cancer LumB SC
CID4535_TGTTCCGTCAACGGCC,CID4535,ER+,Cancer Epithelial,Cancer LumB SC,Cancer LumB SC
CID4535_TGTTCCGTCGATCCCT,CID4535,ER+,Cancer Epithelial,Cancer LumB SC,Cancer LumB SC
CID4535_TTAACTCAGTCCTCCT,CID4535,ER+,Cancer Epithelial,Cancer LumB SC,Cancer LumB SC
CID4535_TTAACTCCATCCTTGC,CID4535,ER+,Cancer Epithelial,Cancer LumB SC,Cancer LumB SC
CID4535_TTAACTCGTACAGACG,CID4535,ER+,Cancer Epithelial,Cancer LumB SC,Cancer LumB SC
CID4535_TTAACTCGTCGTTGTA,CID4535,ER+,Cancer Epithelial,Cancer LumB SC,Cancer LumB SC
CID4535_TTAACTCTCAGTACGT,CID4535,ER+,Cancer Epithelial,Cancer LumB SC,Cancer LumB SC
CID4535_TTAGGACCACATGGGA,CID4535,ER+,Cancer Epithelial,Cancer LumB SC,Cancer LumB SC
CID4535_TTAGGACGTGTTTGGT,CID4535,ER+,Cancer Epithelial,Cancer LumB SC,Cancer LumB SC
CID4535_TTAGGACGTTTAAGCC,CID4535,ER+,Cancer Epithelial,Cancer LumB SC,Cancer LumB SC
CID4535_TTAGGCAAGGACAGCT,CID4535,ER+,Cancer Epithelial,Cancer LumB SC,Cancer LumB SC
CID4535_TTAGGCATCCGCGCAA,CID4535,ER+,Cancer Epithelial,Cancer LumB SC,Cancer LumB SC
CID4535_TTAGTTCAGTCCGTAT,CID4535,ER+,Cancer Epithelial,Cancer LumB SC,Cancer LumB SC
CID4535_TTAGTTCGTAAATGAC,CID4535,ER+,Cancer Epithelial,Cancer LumB SC,Cancer LumB SC
CID4535_TTAGTTCGTTCGCTAA,CID4535,ER+,Cancer Epithelial,Cancer LumB SC,Cancer LumB SC
CID4535_TTAGTTCTCGTTGACA,CID4535,ER+,Cancer Epithelial,Cancer LumB SC,Cancer LumB SC
CID4535_TTATGCTCACCTTGTC,CID4535,ER+,Cancer Epithelial,Cancer LumB SC,Cancer LumB SC
CID4535_TTATGCTTCCCGACTT,CID4535,ER+,Cancer Epithelial,Cancer LumB SC,Cancer LumB SC
CID4535_TTCCCAGAGCACACAG,CID4535,ER+,Cancer Epithelial,Cancer LumB SC,Cancer LumB SC
CID4535_TTCCCAGAGCCCAGCT,CID4535,ER+,Cancer Epithelial,Cancer LumB SC,Cancer LumB SC
CID4535_TTCCCAGAGCTGTTCA,CID4535,ER+,Cancer Epithelial,Cancer LumB SC,Cancer LumB SC
CID4535_TTCCCAGAGTTTCCTT,CID4535,ER+,Cancer Epithelial,Cancer LumB SC,Cancer LumB SC
CID4535_TTCCCAGGTATAAACG,CID4535,ER+,Cancer Epithelial,Cancer LumB SC,Cancer LumB SC
CID4535_TTCCCAGGTTACGACT,CID4535,ER+,Cancer Epithelial,Cancer LumB SC,Cancer LumB SC
CID4535_TTCCCAGGTTGCGTTA,CID4535,ER+,Cancer Epithelial,Cancer LumB SC,Cancer LumB SC
CID4535_TTCCCAGTCTGTCCGT,CID4535,ER+,Cancer Epithelial,Cancer LumB SC,Cancer LumB SC
CID4535_TTCGAAGAGACAGACC,CID4535,ER+,Cancer Epithelial,Cancer LumB SC,Cancer LumB SC
CID4535_TTCGAAGCAGAGTGTG,CID4535,ER+,Cancer Epithelial,Cancer LumB SC,Cancer LumB SC
CID4535_TTCGAAGCATGTCCTC,CID4535,ER+,Cancer Epithelial,Cancer LumB SC,Cancer LumB SC
CID4535_TTCGAAGGTGTGCCTG,CID4535,ER+,Cancer Epithelial,Cancer LumB SC,Cancer LumB SC
CID4535_TTCGAAGTCTGGTATG,CID4535,ER+,Cancer Epithelial,Cancer LumB SC,Cancer LumB SC
CID4535_TTCGGTCAGTAAGTAC,CID4535,ER+,Cancer Epithelial,Cancer LumB SC,Cancer LumB SC
CID4535_TTCGGTCGTTGACGTT,CID4535,ER+,Cancer Epithelial,Cancer LumB SC,Cancer LumB SC
CID4535_TTCGGTCTCACCACCT,CID4535,ER+,Cancer Epithelial,Cancer LumB SC,Cancer LumB SC
CID4535_TTCGGTCTCGCGCCAA,CID4535,ER+,Cancer Epithelial,Cancer LumB SC,Cancer LumB SC
CID4535_TTCTACAAGCCGTCGT,CID4535,ER+,Cancer Epithelial,Cancer LumB SC,Cancer LumB SC
CID4535_TTCTCAACACGGTAGA,CID4535,ER+,Cancer Epithelial,Cancer LumB SC,Cancer LumB SC
CID4535_TTCTCAACAGGAATCG,CID4535,ER+,Cancer Epithelial,Cancer LumB SC,Cancer LumB SC
CID4535_TTCTCAATCATCATTC,CID4535,ER+,Cancer Epithelial,Cancer LumB SC,Cancer LumB SC
CID4535_TTCTCAATCCCAACGG,CID4535,ER+,Cancer Epithelial,Cancer LumB SC,Cancer LumB SC
CID4535_TTCTCAATCGGTGTCG,CID4535,ER+,Cancer Epithelial,Cancer LumB SC,Cancer LumB SC
CID4535_TTCTCCTAGTGGAGAA,CID4535,ER+,Cancer Epithelial,Cancer LumB SC,Cancer LumB SC
CID4535_TTCTCCTCAATGTTGC,CID4535,ER+,Cancer Epithelial,Cancer LumB SC,Cancer LumB SC
CID4535_TTCTCCTCAATTGCTG,CID4535,ER+,Cancer Epithelial,Cancer LumB SC,Cancer LumB SC
CID4535_TTCTCCTTCAGCTTAG,CID4535,ER+,Cancer Epithelial,Cancer LumB SC,Cancer LumB SC
CID4535_TTCTCCTTCGCGATCG,CID4535,ER+,Cancer Epithelial,Cancer LumB SC,Cancer LumB SC
CID4535_TTCTTAGCACGGCGTT,CID4535,ER+,Cancer Epithelial,Cancer LumB SC,Cancer LumB SC
CID4535_TTCTTAGGTCTTGTCC,CID4535,ER+,Cancer Epithelial,Cancer LumB SC,Cancer LumB SC
CID4535_TTGAACGAGCATGGCA,CID4535,ER+,Cancer Epithelial,Cancer LumB SC,Cancer LumB SC
CID4535_TTGAACGAGTTGCAGG,CID4535,ER+,Cancer Epithelial,Cancer LumB SC,Cancer LumB SC
CID4535_TTGAACGCACGGTTTA,CID4535,ER+,Cancer Epithelial,Cancer LumB SC,Cancer LumB SC
CID4535_TTGAACGGTCAAAGCG,CID4535,ER+,Cancer Epithelial,Cancer LumB SC,Cancer LumB SC
CID4535_TTGAACGTCATCACCC,CID4535,ER+,Cancer Epithelial,Cancer LumB SC,Cancer LumB SC
CID4535_TTGAACGTCGTTTATC,CID4535,ER+,Cancer Epithelial,Cancer LumB SC,Cancer LumB SC
CID4535_TTGAACGTCTGCAAGT,CID4535,ER+,Cancer Epithelial,Cancer LumB SC,Cancer LumB SC
CID4535_TTGACTTAGATAGGAG,CID4535,ER+,Cancer Epithelial,Cancer LumB SC,Cancer LumB SC
CID4535_TTGACTTAGCTGATAA,CID4535,ER+,Cancer Epithelial,Cancer LumB SC,Cancer LumB SC
CID4535_TTGACTTCATCGGACC,CID4535,ER+,Cancer Epithelial,Cancer LumB SC,Cancer LumB SC
CID4535_TTGACTTGTTCCGTCT,CID4535,ER+,Cancer Epithelial,Cancer LumB SC,Cancer LumB SC
CID4535_TTGCCGTTCTGCTGCT,CID4535,ER+,Cancer Epithelial,Cancer LumB SC,Cancer LumB SC
CID4535_TTGCGTCAGAAACCGC,CID4535,ER+,Cancer Epithelial,Cancer LumB SC,Cancer LumB SC
CID4535_TTGCGTCAGGGAGTAA,CID4535,ER+,Cancer Epithelial,Cancer LumB SC,Cancer LumB SC
CID4535_TTGCGTCAGTCCCACG,CID4535,ER+,Cancer Epithelial,Cancer LumB SC,Cancer LumB SC
CID4535_TTGCGTCCACCGAATT,CID4535,ER+,Cancer Epithelial,Cancer LumB SC,Cancer LumB SC
CID4535_TTGCGTCCATTTCAGG,CID4535,ER+,Cancer Epithelial,Cancer LumB SC,Cancer LumB SC
CID4535_TTGCGTCGTACACCGC,CID4535,ER+,Cancer Epithelial,Cancer LumB SC,Cancer LumB SC
CID4535_TTGCGTCTCGATGAGG,CID4535,ER+,Cancer Epithelial,Cancer LumB SC,Cancer LumB SC
CID4535_TTGCGTCTCTCCTATA,CID4535,ER+,Cancer Epithelial,Cancer LumB SC,Cancer LumB SC
CID4535_TTGGAACCACCAGATT,CID4535,ER+,Cancer Epithelial,Cancer LumB SC,Cancer LumB SC
CID4535_TTGGAACCAGCTGTGC,CID4535,ER+,Cancer Epithelial,Cancer LumB SC,Cancer LumB SC
CID4535_TTGGAACGTGCCTGCA,CID4535,ER+,Cancer Epithelial,Cancer LumB SC,Cancer LumB SC
CID4535_TTGGCAAAGCTAGGCA,CID4535,ER+,Cancer Epithelial,Cancer LumB SC,Cancer LumB SC
CID4535_TTGGCAACAAACGCGA,CID4535,ER+,Cancer Epithelial,Cancer LumB SC,Cancer LumB SC
CID4535_TTGGCAACAAGGACTG,CID4535,ER+,Cancer Epithelial,Cancer LumB SC,Cancer LumB SC
CID4535_TTGGCAACACCGAATT,CID4535,ER+,Cancer Epithelial,Cancer LumB SC,Cancer LumB SC
CID4535_TTGGCAAGTCCGTTAA,CID4535,ER+,Cancer Epithelial,Cancer LumB SC,Cancer LumB SC
CID4535_TTGGCAATCCTTCAAT,CID4535,ER+,Cancer Epithelial,Cancer LumB SC,Cancer LumB SC
CID4535_TTGTAGGAGAGTAATC,CID4535,ER+,Cancer Epithelial,Cancer LumB SC,Cancer LumB SC
CID4535_TTGTAGGAGCAGATCG,CID4535,ER+,Cancer Epithelial,Cancer LumB SC,Cancer LumB SC
CID4535_TTGTAGGCACATGACT,CID4535,ER+,Cancer Epithelial,Cancer LumB SC,Cancer LumB SC
CID4535_TTGTAGGCATAGTAAG,CID4535,ER+,Cancer Epithelial,Cancer LumB SC,Cancer LumB SC
CID4535_TTGTAGGGTCATATCG,CID4535,ER+,Cancer Epithelial,Cancer LumB SC,Cancer LumB SC
CID4535_TTGTAGGTCTTGCATT,CID4535,ER+,Cancer Epithelial,Cancer LumB SC,Cancer LumB SC
CID4535_TTTACTGCAACACCTA,CID4535,ER+,Cancer Epithelial,Cancer LumB SC,Cancer LumB SC
CID4535_TTTACTGCAACCGCCA,CID4535,ER+,Cancer Epithelial,Cancer LumB SC,Cancer LumB SC
CID4535_TTTACTGCACGCTTTC,CID4535,ER+,Cancer Epithelial,Cancer LumB SC,Cancer LumB SC
CID4535_TTTACTGCAGCTGTGC,CID4535,ER+,Cancer Epithelial,Cancer LumB SC,Cancer LumB SC
CID4535_TTTACTGCATCCCATC,CID4535,ER+,Cancer Epithelial,Cancer LumB SC,Cancer LumB SC
CID4535_TTTACTGGTGACGCCT,CID4535,ER+,Cancer Epithelial,Cancer LumB SC,Cancer LumB SC
CID4535_TTTACTGTCAAGCCTA,CID4535,ER+,Cancer Epithelial,Cancer LumB SC,Cancer LumB SC
CID4535_TTTACTGTCCTGTACC,CID4535,ER+,Cancer Epithelial,Cancer LumB SC,Cancer LumB SC
CID4535_TTTATGCCATTAACCG,CID4535,ER+,Cancer Epithelial,Cancer LumB SC,Cancer LumB SC
CID4535_TTTATGCGTTGGTAAA,CID4535,ER+,Cancer Epithelial,Cancer LumB SC,Cancer LumB SC
CID4535_TTTATGCTCACAACGT,CID4535,ER+,Cancer Epithelial,Cancer LumB SC,Cancer LumB SC
CID4535_TTTCCTCAGACAGAGA,CID4535,ER+,Cancer Epithelial,Cancer LumB SC,Cancer LumB SC
CID4535_TTTCCTCAGGCAGTCA,CID4535,ER+,Cancer Epithelial,Cancer LumB SC,Cancer LumB SC
CID4535_TTTCCTCAGGTGCTAG,CID4535,ER+,Cancer Epithelial,Cancer LumB SC,Cancer LumB SC
CID4535_TTTCCTCCAAGGGTCA,CID4535,ER+,Cancer Epithelial,Cancer LumB SC,Cancer LumB SC
CID4535_TTTCCTCCAATCCAAC,CID4535,ER+,Cancer Epithelial,Cancer LumB SC,Cancer LumB SC
CID4535_TTTCCTCCACCGGAAA,CID4535,ER+,Cancer Epithelial,Cancer LumB SC,Cancer LumB SC
CID4535_TTTCCTCCAGGACGTA,CID4535,ER+,Cancer Epithelial,Cancer LumB SC,Cancer LumB SC
CID4535_TTTCCTCCATTCTTAC,CID4535,ER+,Cancer Epithelial,Cancer LumB SC,Cancer LumB SC
CID4535_TTTCCTCCATTGGTAC,CID4535,ER+,Cancer Epithelial,Cancer LumB SC,Cancer LumB SC
CID4535_TTTCCTCTCCCGACTT,CID4535,ER+,Cancer Epithelial,Cancer LumB SC,Cancer LumB SC
CID4535_TTTCCTCTCTCAACTT,CID4535,ER+,Cancer Epithelial,Cancer LumB SC,Cancer LumB SC
CID4535_TTTCCTCTCTGGTATG,CID4535,ER+,Cancer Epithelial,Cancer LumB SC,Cancer LumB SC
CID4535_TTTGCGCAGCCGTCGT,CID4535,ER+,Cancer Epithelial,Cancer LumB SC,Cancer LumB SC
CID4535_TTTGCGCAGTAGGCCA,CID4535,ER+,Cancer Epithelial,Cancer LumB SC,Cancer LumB SC
CID4535_TTTGCGCCAGGAACGT,CID4535,ER+,Cancer Epithelial,Cancer LumB SC,Cancer LumB SC
CID4535_TTTGCGCGTCAGCTAT,CID4535,ER+,Cancer Epithelial,Cancer LumB SC,Cancer LumB SC
CID4535_TTTGCGCGTTTAGGAA,CID4535,ER+,Cancer Epithelial,Cancer LumB SC,Cancer LumB SC
CID4535_TTTGTCAAGATCCCAT,CID4535,ER+,Cancer Epithelial,Cancer LumB SC,Cancer LumB SC
CID4535_TTTGTCAGTAAGCACG,CID4535,ER+,Cancer Epithelial,Cancer LumB SC,Cancer LumB SC
CID4535_AAACCTGTCCGTTGTC,CID4535,ER+,Cancer Epithelial,Cancer Cycling,Cancer Cycling
CID4535_AAAGATGCACGGTAAG,CID4535,ER+,Cancer Epithelial,Cancer Cycling,Cancer Cycling
CID4535_AAAGCAAAGTTCCACA,CID4535,ER+,Cancer Epithelial,Cancer Cycling,Cancer Cycling
CID4535_AAAGCAAGTACAGTGG,CID4535,ER+,Cancer Epithelial,Cancer Cycling,Cancer Cycling
CID4535_AACGTTGCATTCGACA,CID4535,ER+,Cancer Epithelial,Cancer Cycling,Cancer Cycling
CID4535_AACGTTGCATTTGCCC,CID4535,ER+,Cancer Epithelial,Cancer Cycling,Cancer Cycling
CID4535_AACTCAGGTGCTTCTC,CID4535,ER+,Cancer Epithelial,Cancer Cycling,Cancer Cycling
CID4535_AAGTCTGAGATGCCAG,CID4535,ER+,Cancer Epithelial,Cancer Cycling,Cancer Cycling
CID4535_AAGTCTGGTCTCTCTG,CID4535,ER+,Cancer Epithelial,Cancer Cycling,Cancer Cycling
CID4535_ACACCCTCATACTACG,CID4535,ER+,Cancer Epithelial,Cancer Cycling,Cancer Cycling
CID4535_ACACCGGCAAGTTCTG,CID4535,ER+,Cancer Epithelial,Cancer Cycling,Cancer Cycling
CID4535_ACACTGACATGCCACG,CID4535,ER+,Cancer Epithelial,Cancer Cycling,Cancer Cycling
CID4535_ACACTGAGTCGACTAT,CID4535,ER+,Cancer Epithelial,Cancer Cycling,Cancer Cycling
CID4535_ACAGCCGCAGGGTATG,CID4535,ER+,Cancer Epithelial,Cancer Cycling,Cancer Cycling
CID4535_ACAGCCGGTGAAGGCT,CID4535,ER+,Cancer Epithelial,Cancer Cycling,Cancer Cycling
CID4535_ACATACGTCCTAGGGC,CID4535,ER+,Cancer Epithelial,Cancer Cycling,Cancer Cycling
CID4535_ACCCACTAGAATTGTG,CID4535,ER+,Cancer Epithelial,Cancer Cycling,Cancer Cycling
CID4535_ACCCACTAGCCTCGTG,CID4535,ER+,Cancer Epithelial,Cancer Cycling,Cancer Cycling
CID4535_ACCCACTTCGGAAATA,CID4535,ER+,Cancer Epithelial,Cancer Cycling,Cancer Cycling
CID4535_ACCGTAACATGTTGAC,CID4535,ER+,Cancer Epithelial,Cancer Cycling,Cancer Cycling
CID4535_ACCTTTAAGGGTTTCT,CID4535,ER+,Cancer Epithelial,Cancer Cycling,Cancer Cycling
CID4535_ACGAGCCGTGAGGGAG,CID4535,ER+,Cancer Epithelial,Cancer Cycling,Cancer Cycling
CID4535_ACGAGGACATACCATG,CID4535,ER+,Cancer Epithelial,Cancer Cycling,Cancer Cycling
CID4535_ACGATGTGTCCAGTGC,CID4535,ER+,Cancer Epithelial,Cancer Cycling,Cancer Cycling
CID4535_ACGCCAGCACGTAAGG,CID4535,ER+,Cancer Epithelial,Cancer Cycling,Cancer Cycling
CID4535_ACGCCAGTCACTTACT,CID4535,ER+,Cancer Epithelial,Cancer Cycling,Cancer Cycling
CID4535_ACGGCCAAGTGAATTG,CID4535,ER+,Cancer Epithelial,Cancer Cycling,Cancer Cycling
CID4535_ACGGGCTGTGAACCTT,CID4535,ER+,Cancer Epithelial,Cancer Cycling,Cancer Cycling
CID4535_ACGGGCTGTTAAGACA,CID4535,ER+,Cancer Epithelial,Cancer Cycling,Cancer Cycling
CID4535_ACGGGTCCAGGACCCT,CID4535,ER+,Cancer Epithelial,Cancer Cycling,Cancer Cycling
CID4535_ACTATCTCACGACGAA,CID4535,ER+,Cancer Epithelial,Cancer Cycling,Cancer Cycling
CID4535_ACTGAGTGTCTCCCTA,CID4535,ER+,Cancer Epithelial,Cancer Cycling,Cancer Cycling
CID4535_ACTTGTTCATTCTCAT,CID4535,ER+,Cancer Epithelial,Cancer Cycling,Cancer Cycling
CID4535_AGAATAGTCTTCGAGA,CID4535,ER+,Cancer Epithelial,Cancer Cycling,Cancer Cycling
CID4535_AGAGCGAGTGTTTGTG,CID4535,ER+,Cancer Epithelial,Cancer Cycling,Cancer Cycling
CID4535_AGCGTCGGTCAGATAA,CID4535,ER+,Cancer Epithelial,Cancer Cycling,Cancer Cycling
CID4535_AGCTCTCAGGACATTA,CID4535,ER+,Cancer Epithelial,Cancer Cycling,Cancer Cycling
CID4535_AGTAGTCTCAACCAAC,CID4535,ER+,Cancer Epithelial,Cancer Cycling,Cancer Cycling
CID4535_AGTGAGGAGAGTGACC,CID4535,ER+,Cancer Epithelial,Cancer Cycling,Cancer Cycling
CID4535_AGTGGGAGTCCAGTTA,CID4535,ER+,Cancer Epithelial,Cancer Cycling,Cancer Cycling
CID4535_AGTGGGAGTGTCCTCT,CID4535,ER+,Cancer Epithelial,Cancer Cycling,Cancer Cycling
CID4535_AGTGTCAAGCTAGTTC,CID4535,ER+,Cancer Epithelial,Cancer Cycling,Cancer Cycling
CID4535_ATAAGAGCAGGGTTAG,CID4535,ER+,Cancer Epithelial,Cancer Cycling,Cancer Cycling
CID4535_ATCATGGAGCTCCTCT,CID4535,ER+,Cancer Epithelial,Cancer Cycling,Cancer Cycling
CID4535_ATCCACCCAGATGGCA,CID4535,ER+,Cancer Epithelial,Cancer Cycling,Cancer Cycling
CID4535_ATCTACTGTGCCTGTG,CID4535,ER+,Cancer Epithelial,Cancer Cycling,Cancer Cycling
CID4535_ATGAGGGGTACAAGTA,CID4535,ER+,Cancer Epithelial,Cancer Cycling,Cancer Cycling
CID4535_ATGGGAGGTGCACGAA,CID4535,ER+,Cancer Epithelial,Cancer Cycling,Cancer Cycling
CID4535_ATTCTACGTACAGCAG,CID4535,ER+,Cancer Epithelial,Cancer Cycling,Cancer Cycling
CID4535_CAACCAACACGAAAGC,CID4535,ER+,Cancer Epithelial,Cancer Cycling,Cancer Cycling
CID4535_CAAGGCCCACGTTGGC,CID4535,ER+,Cancer Epithelial,Cancer Cycling,Cancer Cycling
CID4535_CACACCTGTAGCGTCC,CID4535,ER+,Cancer Epithelial,Cancer Cycling,Cancer Cycling
CID4535_CACAGGCCAGACAAAT,CID4535,ER+,Cancer Epithelial,Cancer Cycling,Cancer Cycling
CID4535_CACATTTAGCTAGCCC,CID4535,ER+,Cancer Epithelial,Cancer Cycling,Cancer Cycling
CID4535_CACATTTTCACAGTAC,CID4535,ER+,Cancer Epithelial,Cancer Cycling,Cancer Cycling
CID4535_CACCACTCACACCGCA,CID4535,ER+,Cancer Epithelial,Cancer Cycling,Cancer Cycling
CID4535_CACTCCATCATGGTCA,CID4535,ER+,Cancer Epithelial,Cancer Cycling,Cancer Cycling
CID4535_CAGCATATCAGGCAAG,CID4535,ER+,Cancer Epithelial,Cancer Cycling,Cancer Cycling
CID4535_CAGTAACTCGTGGACC,CID4535,ER+,Cancer Epithelial,Cancer Cycling,Cancer Cycling
CID4535_CATCGAATCTCGCATC,CID4535,ER+,Cancer Epithelial,Cancer Cycling,Cancer Cycling
CID4535_CATGACACAATCGGTT,CID4535,ER+,Cancer Epithelial,Cancer Cycling,Cancer Cycling
CID4535_CATGACAGTGCGCTTG,CID4535,ER+,Cancer Epithelial,Cancer Cycling,Cancer Cycling
CID4535_CCCAATCGTTCGTTGA,CID4535,ER+,Cancer Epithelial,Cancer Cycling,Cancer Cycling
CID4535_CCCATACAGGACCACA,CID4535,ER+,Cancer Epithelial,Cancer Cycling,Cancer Cycling
CID4535_CCCTCCTAGATGTTAG,CID4535,ER+,Cancer Epithelial,Cancer Cycling,Cancer Cycling
CID4535_CCGGTAGTCACTATTC,CID4535,ER+,Cancer Epithelial,Cancer Cycling,Cancer Cycling
CID4535_CCGGTAGTCTGCCCTA,CID4535,ER+,Cancer Epithelial,Cancer Cycling,Cancer Cycling
CID4535_CCTACCATCAGCGACC,CID4535,ER+,Cancer Epithelial,Cancer Cycling,Cancer Cycling
CID4535_CCTCTGAGTAATCGTC,CID4535,ER+,Cancer Epithelial,Cancer Cycling,Cancer Cycling
CID4535_CCTTCGAAGGCCCGTT,CID4535,ER+,Cancer Epithelial,Cancer Cycling,Cancer Cycling
CID4535_CGAACATCACGGCTAC,CID4535,ER+,Cancer Epithelial,Cancer Cycling,Cancer Cycling
CID4535_CGCCAAGAGGTAGCCA,CID4535,ER+,Cancer Epithelial,Cancer Cycling,Cancer Cycling
CID4535_CGCCAAGGTTTGTGTG,CID4535,ER+,Cancer Epithelial,Cancer Cycling,Cancer Cycling
CID4535_CGCGTTTGTACGCTGC,CID4535,ER+,Cancer Epithelial,Cancer Cycling,Cancer Cycling
CID4535_CGCGTTTTCCTATGTT,CID4535,ER+,Cancer Epithelial,Cancer Cycling,Cancer Cycling
CID4535_CGCTATCCAGGTGGAT,CID4535,ER+,Cancer Epithelial,Cancer Cycling,Cancer Cycling
CID4535_CGCTATCGTCCAGTAT,CID4535,ER+,Cancer Epithelial,Cancer Cycling,Cancer Cycling
CID4535_CGCTATCGTGAAGGCT,CID4535,ER+,Cancer Epithelial,Cancer Cycling,Cancer Cycling
CID4535_CGGACGTAGATGTTAG,CID4535,ER+,Cancer Epithelial,Cancer Cycling,Cancer Cycling
CID4535_CGGAGCTTCCGAGCCA,CID4535,ER+,Cancer Epithelial,Cancer Cycling,Cancer Cycling
CID4535_CGTAGGCAGGACAGCT,CID4535,ER+,Cancer Epithelial,Cancer Cycling,Cancer Cycling
CID4535_CGTCCATTCACTCTTA,CID4535,ER+,Cancer Epithelial,Cancer Cycling,Cancer Cycling
CID4535_CGTGAGCGTAAGTGTA,CID4535,ER+,Cancer Epithelial,Cancer Cycling,Cancer Cycling
CID4535_CTAAGACAGAACTGTA,CID4535,ER+,Cancer Epithelial,Cancer Cycling,Cancer Cycling
CID4535_CTAAGACAGAGGACGG,CID4535,ER+,Cancer Epithelial,Cancer Cycling,Cancer Cycling
CID4535_CTCATTAAGGTTACCT,CID4535,ER+,Cancer Epithelial,Cancer Cycling,Cancer Cycling
CID4535_CTCGAAAGTCTCATCC,CID4535,ER+,Cancer Epithelial,Cancer Cycling,Cancer Cycling
CID4535_CTCGAGGTCAAGAAGT,CID4535,ER+,Cancer Epithelial,Cancer Cycling,Cancer Cycling
CID4535_CTCGGAGGTCTAACGT,CID4535,ER+,Cancer Epithelial,Cancer Cycling,Cancer Cycling
CID4535_CTCGGGATCGGCTTGG,CID4535,ER+,Cancer Epithelial,Cancer Cycling,Cancer Cycling
CID4535_CTCGTACGTACATGTC,CID4535,ER+,Cancer Epithelial,Cancer Cycling,Cancer Cycling
CID4535_CTCGTACTCGTTGCCT,CID4535,ER+,Cancer Epithelial,Cancer Cycling,Cancer Cycling
CID4535_CTCGTCAGTCGCGTGT,CID4535,ER+,Cancer Epithelial,Cancer Cycling,Cancer Cycling
CID4535_CTCGTCATCCAGTATG,CID4535,ER+,Cancer Epithelial,Cancer Cycling,Cancer Cycling
CID4535_CTCTAATTCAGCTCGG,CID4535,ER+,Cancer Epithelial,Cancer Cycling,Cancer Cycling
CID4535_CTGAAACAGATCTGAA,CID4535,ER+,Cancer Epithelial,Cancer Cycling,Cancer Cycling
CID4535_CTGATAGAGTAGTGCG,CID4535,ER+,Cancer Epithelial,Cancer Cycling,Cancer Cycling
CID4535_CTGCGGACATGACGGA,CID4535,ER+,Cancer Epithelial,Cancer Cycling,Cancer Cycling
CID4535_CTTCTCTGTCGAAAGC,CID4535,ER+,Cancer Epithelial,Cancer Cycling,Cancer Cycling
CID4535_CTTTGCGCAGTATGCT,CID4535,ER+,Cancer Epithelial,Cancer Cycling,Cancer Cycling
CID4535_CTTTGCGCATGTCGAT,CID4535,ER+,Cancer Epithelial,Cancer Cycling,Cancer Cycling
CID4535_GAAACTCAGGTAGCCA,CID4535,ER+,Cancer Epithelial,Cancer Cycling,Cancer Cycling
CID4535_GAAACTCCAATGGATA,CID4535,ER+,Cancer Epithelial,Cancer Cycling,Cancer Cycling
CID4535_GAACCTATCCTCGCAT,CID4535,ER+,Cancer Epithelial,Cancer Cycling,Cancer Cycling
CID4535_GAATGAAGTAAGTGGC,CID4535,ER+,Cancer Epithelial,Cancer Cycling,Cancer Cycling
CID4535_GACGCGTCATGGTAGG,CID4535,ER+,Cancer Epithelial,Cancer Cycling,Cancer Cycling
CID4535_GACGGCTGTCCATCCT,CID4535,ER+,Cancer Epithelial,Cancer Cycling,Cancer Cycling
CID4535_GACTACAGTTACGTCA,CID4535,ER+,Cancer Epithelial,Cancer Cycling,Cancer Cycling
CID4535_GACTGCGCATGGTCTA,CID4535,ER+,Cancer Epithelial,Cancer Cycling,Cancer Cycling
CID4535_GAGGTGAAGTAGCGGT,CID4535,ER+,Cancer Epithelial,Cancer Cycling,Cancer Cycling
CID4535_GCAAACTAGAGCCTAG,CID4535,ER+,Cancer Epithelial,Cancer Cycling,Cancer Cycling
CID4535_GCGAGAACAGGGTACA,CID4535,ER+,Cancer Epithelial,Cancer Cycling,Cancer Cycling
CID4535_GCGAGAAGTTGGTGGA,CID4535,ER+,Cancer Epithelial,Cancer Cycling,Cancer Cycling
CID4535_GCGCCAATCAGTGTTG,CID4535,ER+,Cancer Epithelial,Cancer Cycling,Cancer Cycling
CID4535_GCGCGATAGTCGAGTG,CID4535,ER+,Cancer Epithelial,Cancer Cycling,Cancer Cycling
CID4535_GCGCGATAGTTCCACA,CID4535,ER+,Cancer Epithelial,Cancer Cycling,Cancer Cycling
CID4535_GCTCCTAAGTTTCCTT,CID4535,ER+,Cancer Epithelial,Cancer Cycling,Cancer Cycling
CID4535_GCTCCTATCGGCGCAT,CID4535,ER+,Cancer Epithelial,Cancer Cycling,Cancer Cycling
CID4535_GCTGCGACACGAAGCA,CID4535,ER+,Cancer Epithelial,Cancer Cycling,Cancer Cycling
CID4535_GCTGCGACATCAGTCA,CID4535,ER+,Cancer Epithelial,Cancer Cycling,Cancer Cycling
CID4535_GCTTCCACAAGCTGTT,CID4535,ER+,Cancer Epithelial,Cancer Cycling,Cancer Cycling
CID4535_GCTTCCAGTTCGTTGA,CID4535,ER+,Cancer Epithelial,Cancer Cycling,Cancer Cycling
CID4535_GGAATAAGTAGCGTCC,CID4535,ER+,Cancer Epithelial,Cancer Cycling,Cancer Cycling
CID4535_GGACGTCCAAGTAGTA,CID4535,ER+,Cancer Epithelial,Cancer Cycling,Cancer Cycling
CID4535_GGACGTCTCGTATCAG,CID4535,ER+,Cancer Epithelial,Cancer Cycling,Cancer Cycling
CID4535_GGAGCAATCCGCAAGC,CID4535,ER+,Cancer Epithelial,Cancer Cycling,Cancer Cycling
CID4535_GGCAATTAGCGCCTCA,CID4535,ER+,Cancer Epithelial,Cancer Cycling,Cancer Cycling
CID4535_GGCTGGTCACTCAGGC,CID4535,ER+,Cancer Epithelial,Cancer Cycling,Cancer Cycling
CID4535_GGGAGATAGTATTGGA,CID4535,ER+,Cancer Epithelial,Cancer Cycling,Cancer Cycling
CID4535_GGGCACTCAATAGCAA,CID4535,ER+,Cancer Epithelial,Cancer Cycling,Cancer Cycling
CID4535_GGTGTTAGTCTGCGGT,CID4535,ER+,Cancer Epithelial,Cancer Cycling,Cancer Cycling
CID4535_GGTGTTATCCTCCTAG,CID4535,ER+,Cancer Epithelial,Cancer Cycling,Cancer Cycling
CID4535_GTAACGTAGAATAGGG,CID4535,ER+,Cancer Epithelial,Cancer Cycling,Cancer Cycling
CID4535_GTAACGTCAATGAAAC,CID4535,ER+,Cancer Epithelial,Cancer Cycling,Cancer Cycling
CID4535_GTAACGTCAGCTTAAC,CID4535,ER+,Cancer Epithelial,Cancer Cycling,Cancer Cycling
CID4535_GTAACTGCAGTATGCT,CID4535,ER+,Cancer Epithelial,Cancer Cycling,Cancer Cycling
CID4535_GTAACTGTCCTATGTT,CID4535,ER+,Cancer Epithelial,Cancer Cycling,Cancer Cycling
CID4535_GTACGTAAGTCAAGCG,CID4535,ER+,Cancer Epithelial,Cancer Cycling,Cancer Cycling
CID4535_GTAGGCCAGGTAGCTG,CID4535,ER+,Cancer Epithelial,Cancer Cycling,Cancer Cycling
CID4535_GTGCAGCCAACGCACC,CID4535,ER+,Cancer Epithelial,Cancer Cycling,Cancer Cycling
CID4535_GTGCATAAGGACACCA,CID4535,ER+,Cancer Epithelial,Cancer Cycling,Cancer Cycling
CID4535_GTGTGCGGTACCTACA,CID4535,ER+,Cancer Epithelial,Cancer Cycling,Cancer Cycling
CID4535_GTGTTAGAGTATCTCG,CID4535,ER+,Cancer Epithelial,Cancer Cycling,Cancer Cycling
CID4535_GTTAAGCAGGGATCTG,CID4535,ER+,Cancer Epithelial,Cancer Cycling,Cancer Cycling
CID4535_GTTACAGAGCCGTCGT,CID4535,ER+,Cancer Epithelial,Cancer Cycling,Cancer Cycling
CID4535_GTTACAGAGGAGCGTT,CID4535,ER+,Cancer Epithelial,Cancer Cycling,Cancer Cycling
CID4535_GTTCTCGAGCGGCTTC,CID4535,ER+,Cancer Epithelial,Cancer Cycling,Cancer Cycling
CID4535_TAAACCGAGGGTGTTG,CID4535,ER+,Cancer Epithelial,Cancer Cycling,Cancer Cycling
CID4535_TACAGTGGTTCTGGTA,CID4535,ER+,Cancer Epithelial,Cancer Cycling,Cancer Cycling
CID4535_TACCTATAGGACATTA,CID4535,ER+,Cancer Epithelial,Cancer Cycling,Cancer Cycling
CID4535_TACCTATAGGGAGTAA,CID4535,ER+,Cancer Epithelial,Cancer Cycling,Cancer Cycling
CID4535_TACCTATTCACCACCT,CID4535,ER+,Cancer Epithelial,Cancer Cycling,Cancer Cycling
CID4535_TACTCATTCCTCATTA,CID4535,ER+,Cancer Epithelial,Cancer Cycling,Cancer Cycling
CID4535_TACTCGCTCACGGTTA,CID4535,ER+,Cancer Epithelial,Cancer Cycling,Cancer Cycling
CID4535_TAGCCGGAGAGCCCAA,CID4535,ER+,Cancer Epithelial,Cancer Cycling,Cancer Cycling
CID4535_TAGTTGGCATCATCCC,CID4535,ER+,Cancer Epithelial,Cancer Cycling,Cancer Cycling
CID4535_TATGCCCCATGGAATA,CID4535,ER+,Cancer Epithelial,Cancer Cycling,Cancer Cycling
CID4535_TATGCCCTCGGTTAAC,CID4535,ER+,Cancer Epithelial,Cancer Cycling,Cancer Cycling
CID4535_TCACGAACAAGTTCTG,CID4535,ER+,Cancer Epithelial,Cancer Cycling,Cancer Cycling
CID4535_TCAGGTACACTTGGAT,CID4535,ER+,Cancer Epithelial,Cancer Cycling,Cancer Cycling
CID4535_TCATTTGTCGGTCTAA,CID4535,ER+,Cancer Epithelial,Cancer Cycling,Cancer Cycling
CID4535_TCGAGGCAGAACAATC,CID4535,ER+,Cancer Epithelial,Cancer Cycling,Cancer Cycling
CID4535_TCGTAGAGTAGCTCCG,CID4535,ER+,Cancer Epithelial,Cancer Cycling,Cancer Cycling
CID4535_TCTATTGAGATGTTAG,CID4535,ER+,Cancer Epithelial,Cancer Cycling,Cancer Cycling
CID4535_TCTATTGTCTGTCCGT,CID4535,ER+,Cancer Epithelial,Cancer Cycling,Cancer Cycling
CID4535_TCTGGAATCGCCGTGA,CID4535,ER+,Cancer Epithelial,Cancer Cycling,Cancer Cycling
CID4535_TCTTTCCCACTTACGA,CID4535,ER+,Cancer Epithelial,Cancer Cycling,Cancer Cycling
CID4535_TGAAAGAAGGTGATTA,CID4535,ER+,Cancer Epithelial,Cancer Cycling,Cancer Cycling
CID4535_TGACTAGAGAATTGTG,CID4535,ER+,Cancer Epithelial,Cancer Cycling,Cancer Cycling
CID4535_TGAGCCGCAGCCTATA,CID4535,ER+,Cancer Epithelial,Cancer Cycling,Cancer Cycling
CID4535_TGATTTCAGCATGGCA,CID4535,ER+,Cancer Epithelial,Cancer Cycling,Cancer Cycling
CID4535_TGCACCTAGTCCATAC,CID4535,ER+,Cancer Epithelial,Cancer Cycling,Cancer Cycling
CID4535_TGCCAAACAGGGCATA,CID4535,ER+,Cancer Epithelial,Cancer Cycling,Cancer Cycling
CID4535_TGCCAAACATATGAGA,CID4535,ER+,Cancer Epithelial,Cancer Cycling,Cancer Cycling
CID4535_TGCCCATGTACATCCA,CID4535,ER+,Cancer Epithelial,Cancer Cycling,Cancer Cycling
CID4535_TGCTACCCACCAGATT,CID4535,ER+,Cancer Epithelial,Cancer Cycling,Cancer Cycling
CID4535_TGCTGCTCACCCATGG,CID4535,ER+,Cancer Epithelial,Cancer Cycling,Cancer Cycling
CID4535_TGCTGCTTCGGCGGTT,CID4535,ER+,Cancer Epithelial,Cancer Cycling,Cancer Cycling
CID4535_TGGACGCGTACCGAGA,CID4535,ER+,Cancer Epithelial,Cancer Cycling,Cancer Cycling
CID4535_TGGACGCTCGGAATCT,CID4535,ER+,Cancer Epithelial,Cancer Cycling,Cancer Cycling
CID4535_TGGCCAGAGTGGTCCC,CID4535,ER+,Cancer Epithelial,Cancer Cycling,Cancer Cycling
CID4535_TGGCTGGTCTCCTATA,CID4535,ER+,Cancer Epithelial,Cancer Cycling,Cancer Cycling
CID4535_TGGGAAGAGATCACGG,CID4535,ER+,Cancer Epithelial,Cancer Cycling,Cancer Cycling
CID4535_TGTATTCAGTGAAGTT,CID4535,ER+,Cancer Epithelial,Cancer Cycling,Cancer Cycling
CID4535_TGTGTTTGTATCAGTC,CID4535,ER+,Cancer Epithelial,Cancer Cycling,Cancer Cycling
CID4535_TGTTCCGCATTCCTCG,CID4535,ER+,Cancer Epithelial,Cancer Cycling,Cancer Cycling
CID4535_TTAACTCAGCTCCTCT,CID4535,ER+,Cancer Epithelial,Cancer Cycling,Cancer Cycling
CID4535_TTAACTCAGTGTACCT,CID4535,ER+,Cancer Epithelial,Cancer Cycling,Cancer Cycling
CID4535_TTAGTTCGTTCACCTC,CID4535,ER+,Cancer Epithelial,Cancer Cycling,Cancer Cycling
CID4535_TTAGTTCTCGAACTGT,CID4535,ER+,Cancer Epithelial,Cancer Cycling,Cancer Cycling
CID4535_TTGACTTTCCGCATAA,CID4535,ER+,Cancer Epithelial,Cancer Cycling,Cancer Cycling
CID4535_TTGCGTCCAGATCCAT,CID4535,ER+,Cancer Epithelial,Cancer Cycling,Cancer Cycling
CID4535_TTGGAACAGTGAACGC,CID4535,ER+,Cancer Epithelial,Cancer Cycling,Cancer Cycling
CID4535_TTTGTCATCTTTAGTC,CID4535,ER+,Cancer Epithelial,Cancer Cycling,Cancer Cycling
CID4535_CCGTTCAGTCCATCCT,CID4535,ER+,Cancer Epithelial,Cancer Cycling,Cancer Cycling
CID4535_GGCAATTTCGTTTAGG,CID4535,ER+,Cancer Epithelial,Cancer Basal SC,Cancer Basal SC
CID4535_ACACCGGAGTCTCCTC,CID4535,ER+,Cancer Epithelial,Cancer Her2 SC,Cancer Her2 SC
CID4535_ATTATCCGTACGAAAT,CID4535,ER+,Cancer Epithelial,Cancer Her2 SC,Cancer Her2 SC
CID4535_CCCATACCAGCCAATT,CID4535,ER+,Normal Epithelial,Myoepithelial,Myoepithelial
CID4535_GTCTCGTAGAATTGTG,CID4535,ER+,Normal Epithelial,Myoepithelial,Myoepithelial
CID4535_AACTCAGGTCTTCTCG,CID4535,ER+,Normal Epithelial,Luminal Progenitors,Luminal Progenitors
CID4535_AGCTTGATCGCCTGAG,CID4535,ER+,Normal Epithelial,Luminal Progenitors,Luminal Progenitors
CID4535_AGTTGGTTCTTTACGT,CID4535,ER+,Normal Epithelial,Luminal Progenitors,Luminal Progenitors
CID4535_CCTAAAGCAGGCAGTA,CID4535,ER+,Normal Epithelial,Luminal Progenitors,Luminal Progenitors
CID4535_CGATGTAGTACGACCC,CID4535,ER+,Normal Epithelial,Luminal Progenitors,Luminal Progenitors
CID4535_GATCGTAAGCCGCCTA,CID4535,ER+,Normal Epithelial,Luminal Progenitors,Luminal Progenitors
CID4535_GTTCGGGGTCAAACTC,CID4535,ER+,Normal Epithelial,Luminal Progenitors,Luminal Progenitors
CID4535_AACTCAGTCTAACTCT,CID4535,ER+,Normal Epithelial,Mature Luminal,Mature Luminal
CID4535_ACACCAATCCAAAGTC,CID4535,ER+,Normal Epithelial,Mature Luminal,Mature Luminal
CID4535_AGACGTTTCGATCCCT,CID4535,ER+,Normal Epithelial,Mature Luminal,Mature Luminal
CID4535_CATCCACCACCTATCC,CID4535,ER+,Normal Epithelial,Mature Luminal,Mature Luminal
CID4535_CGAACATGTAGCCTCG,CID4535,ER+,Normal Epithelial,Mature Luminal,Mature Luminal
CID4535_CGTGTAAAGTACTTGC,CID4535,ER+,Normal Epithelial,Mature Luminal,Mature Luminal
CID4535_CTCTACGCAGTCTTCC,CID4535,ER+,Normal Epithelial,Mature Luminal,Mature Luminal
CID4535_CTTCTCTCACCCAGTG,CID4535,ER+,Normal Epithelial,Mature Luminal,Mature Luminal
CID4535_TAGTGGTCATTGGCGC,CID4535,ER+,Normal Epithelial,Mature Luminal,Mature Luminal
CID4535_TCTATTGAGCTAGGCA,CID4535,ER+,Normal Epithelial,Mature Luminal,Mature Luminal
CID4535_TGCTACCAGGTGTGGT,CID4535,ER+,Normal Epithelial,Mature Luminal,Mature Luminal
CID4535_TGGCCAGAGCCCAACC,CID4535,ER+,Normal Epithelial,Mature Luminal,Mature Luminal
CID4535_TTGGAACTCGGTCCGA,CID4535,ER+,Normal Epithelial,Mature Luminal,Mature Luminal
