barcode,nCount_RNA,nFeature_RNA,subtype,patientid,Classification,in_tissue,array_row,array_col,pxl_row_in_fullres,pxl_col_in_fullres,total_counts,detected_genes,mito_pct,outside_tissue,author_artefact,excluded,pathology_eligible
AACATTGGTCAGCCGT-1,751,553,TNBC,CID44971,Normal + stroma + lymphocytes,1,3,17,1361,2511,751,553,5.326231691078561,False,False,False,True
CATCGAATGGATCTCT-1,2831,1351,TNBC,CID44971,Normal + stroma + lymphocytes,1,3,19,1361,2620,2831,1351,8.018368067820559,False,False,False,True
CGGGTTGTAGCTTTGG-1,15428,4496,TNBC,CID44971,Normal + stroma + lymphocytes,1,3,21,1361,2730,15428,4496,8.18641431164117,False,False,False,True
CCTAAGTGTCTAACCG-1,889,621,TNBC,CID44971,Normal + stroma + lymphocytes,1,2,22,1266,2784,889,621,5.174353205849269,False,False,False,True
TCTGTGACTGACCGTT-1,7637,3009,TNBC,CID44971,Normal + stroma + lymphocytes,1,3,23,1361,2839,7637,3009,7.188686657064293,False,False,False,True
TTATCATACTCGCAAA-1,1237,830,TNBC,CID44971,Normal + stroma + lymphocytes,1,2,24,1265,2893,1237,830,3.4761519805982215,False,False,False,True
AGCGTAGCGCTAGACC-1,7862,3377,TNBC,CID44971,Normal + stroma + lymphocytes,1,3,25,1361,2948,7862,3377,5.265835665225134,False,False,False,True
AGGTCGCCACTTCGGT-1,5764,2772,TNBC,CID44971,Normal + stroma + lymphocytes,1,3,27,1361,3057,5764,2772,4.9271339347675225,False,False,False,True
TTGCTAGCTACCAATC-1,3401,1909,TNBC,CID44971,Normal + stroma + lymphocytes,1,3,29,1360,3167,3401,1909,5.85122022934431,False,False,False,True
GCCGGTTTGGGCGGAT-1,765,583,TNBC,CID44971,Normal + stroma + lymphocytes,1,2,30,1265,3221,765,583,4.183006535947712,False,False,False,True
TGTAACTTGTCAACCT-1,12453,4530,TNBC,CID44971,Normal + stroma + lymphocytes,1,3,31,1360,3276,12453,4530,4.874327471292058,False,False,False,True
CGAGATGTTGCCTATA-1,2578,1569,TNBC,CID44971,Normal + stroma + lymphocytes,1,2,32,1265,3331,2578,1569,3.801396431342126,False,False,False,True
GTTACGAAATCCACGC-1,14735,4961,TNBC,CID44971,Normal + stroma + lymphocytes,1,3,33,1360,3385,14735,4961,4.390906006107906,False,False,False,True
CTTGTCGTACGTGTCA-1,3047,1600,TNBC,CID44971,Normal + stroma + lymphocytes,1,2,34,1265,3440,3047,1600,4.364949130292091,False,False,False,True
GCGTCCAGCTCGTGGC-1,16701,5429,TNBC,CID44971,Normal + stroma + lymphocytes,1,3,35,1360,3495,16701,5429,3.945871504700317,False,False,False,True
CCCTTCTCGTACGCGA-1,1470,930,TNBC,CID44971,Normal + stroma + lymphocytes,1,2,36,1265,3549,1470,930,4.421768707482993,False,False,False,True
CCAAAGTCCCGCTAAC-1,4207,2123,TNBC,CID44971,Normal + stroma + lymphocytes,1,3,37,1360,3604,4207,2123,4.920370810553839,False,False,False,True
CCGCTTCGCGGTTAAC-1,3793,1805,TNBC,CID44971,Normal + stroma + lymphocytes,1,2,38,1265,3658,3793,1805,4.640126548905879,False,False,False,True
GTTACGGCCCGACTGC-1,5411,2297,TNBC,CID44971,Normal + stroma + lymphocytes,1,3,39,1360,3713,5411,2297,5.5627425614489,False,False,False,True
CCCGCTTGCCCTCGTC-1,1889,1178,TNBC,CID44971,Normal + stroma + lymphocytes,1,2,40,1265,3768,1889,1178,4.71148755955532,False,False,False,True
TAGTGAGAAGTGGTTG-1,9579,3708,TNBC,CID44971,Normal + stroma + lymphocytes,1,3,41,1360,3822,9579,3708,5.428541601419772,False,False,False,True
AAACAATCTACTAGCA-1,3516,1871,TNBC,CID44971,Normal + stroma + lymphocytes,1,3,43,1360,3932,3516,1871,5.602957906712173,False,False,False,True
ATAAACCATTGGACGG-1,727,564,TNBC,CID44971,,0,3,45,1360,4041,727,564,4.264099037138927,True,False,True,False
CACGACTAAAGTTCTG-1,890,668,TNBC,CID44971,Stroma + adipose tissue,1,3,49,1360,4260,890,668,3.932584269662921,False,False,False,True
GAAGACTTCAATGCCG-1,627,515,TNBC,CID44971,Stroma + adipose tissue,1,3,65,1360,5134,627,515,5.901116427432217,False,False,False,True
ACCAAACTAGAAATCC-1,1006,673,TNBC,CID44971,Stroma + adipose tissue,1,3,67,1360,5243,1006,673,5.964214711729622,False,False,False,True
GACCAGGTCATTCATA-1,1307,881,TNBC,CID44971,Stroma + adipose tissue,1,3,69,1360,5352,1307,881,11.400153022188217,False,False,False,True
GTATCGGGACGAGCTG-1,2503,1347,TNBC,CID44971,Normal + stroma + lymphocytes,1,5,15,1551,2402,2503,1347,8.909308829404715,False,False,False,True
CCTGTGCATAGGAGAC-1,1416,884,TNBC,CID44971,Normal + stroma + lymphocytes,1,4,16,1456,2456,1416,884,5.932203389830509,False,False,False,True
CATACGGGTGCATGAT-1,4535,2037,TNBC,CID44971,Normal + stroma + lymphocytes,1,5,17,1551,2511,4535,2037,8.754134509371553,False,False,False,True
CCACTAAACTGAATCG-1,5965,2278,TNBC,CID44971,Normal + stroma + lymphocytes,1,4,18,1456,2566,5965,2278,9.237217099748534,False,False,False,True
AAATTGCGGCGGTTCT-1,15517,4263,TNBC,CID44971,Normal + stroma + lymphocytes,1,5,19,1551,2620,15517,4263,8.274795385706,False,False,False,True
AGTCCAGCGGGTACGT-1,16045,4448,TNBC,CID44971,Normal + stroma + lymphocytes,1,4,20,1456,2675,16045,4448,7.647242131505141,False,False,False,True
CATTCAGGTCAGTGCG-1,19469,4926,TNBC,CID44971,Normal + stroma + lymphocytes,1,5,21,1551,2730,19469,4926,7.642919513072063,False,False,False,True
CTAAAGTCCGAAGCTA-1,23298,5906,TNBC,CID44971,Normal + stroma + lymphocytes,1,4,22,1456,2784,23298,5906,6.996308696025409,False,False,False,True
AATCAGACTGCAGGAC-1,22465,5644,TNBC,CID44971,Normal + stroma + lymphocytes,1,5,23,1551,2839,22465,5644,5.93367460494102,False,False,False,True
AGTATCCATAATAACG-1,18346,5142,TNBC,CID44971,Normal + stroma + lymphocytes,1,4,24,1456,2893,18346,5142,7.29314291943748,False,False,False,True
CTGGCTGCTAACGTAA-1,25652,6088,TNBC,CID44971,Normal + stroma + lymphocytes,1,5,25,1551,2948,25652,6088,6.7090285357866835,False,False,False,True
GTTCCAAGACAGCGAC-1,15267,5134,TNBC,CID44971,Normal + stroma + lymphocytes,1,4,26,1456,3003,15267,5134,5.626514704919106,False,False,False,True
AAGACTAACCCGTTGT-1,15243,4383,TNBC,CID44971,Normal + stroma + lymphocytes,1,5,27,1551,3057,15243,4383,7.229547989240963,False,False,False,True
GATTAATCCTGGCTCA-1,15283,4896,TNBC,CID44971,Normal + stroma + lymphocytes,1,4,28,1456,3112,15283,4896,6.5301315186808875,False,False,False,True
CGCGCAAGGAACTACA-1,14195,4599,TNBC,CID44971,Normal + stroma + lymphocytes,1,5,29,1551,3167,14195,4599,7.699894328989081,False,False,False,True
CAGTAGCGAGGTAGTA-1,9959,3777,TNBC,CID44971,Normal + stroma + lymphocytes,1,4,30,1456,3221,9959,3777,7.490711918867356,False,False,False,True
ACGGCGGGTTGCCCTG-1,15762,4867,TNBC,CID44971,Normal + stroma + lymphocytes,1,5,31,1551,3276,15762,4867,7.594213932242101,False,False,False,True
CTAGGCGGCAGAGAAT-1,10263,3827,TNBC,CID44971,Normal + stroma + lymphocytes,1,4,32,1456,3331,10263,3827,6.0606060606060606,False,False,False,True
GTGCGCAGCTTGCTCC-1,11999,4212,TNBC,CID44971,Normal + stroma + lymphocytes,1,5,33,1551,3385,11999,4212,6.733894491207601,False,False,False,True
TCACTATCGTGCAATC-1,18145,5388,TNBC,CID44971,Normal + stroma + lymphocytes,1,4,34,1456,3440,18145,5388,5.268669054836042,False,False,False,True
TATGATTCTGCTTGGT-1,13245,4544,TNBC,CID44971,Normal + stroma + lymphocytes,1,5,35,1551,3495,13245,4544,6.409966024915062,False,False,False,True
TAAGATTTAGCGGGAG-1,18364,5504,TNBC,CID44971,Normal + stroma + lymphocytes,1,4,36,1455,3549,18364,5504,4.677630145937704,False,False,False,True
TTACGGTGTCACCGAG-1,22824,6271,TNBC,CID44971,Normal + stroma + lymphocytes,1,5,37,1551,3604,22824,6271,5.44602173151069,False,False,False,True
CTACACTAGCTTGTTC-1,8385,3261,TNBC,CID44971,Normal + stroma + lymphocytes,1,4,38,1455,3658,8385,3261,6.129994036970781,False,False,False,True
TGAGCAGTCGTGAAGT-1,13595,4722,TNBC,CID44971,Normal + stroma + lymphocytes,1,5,39,1551,3713,13595,4722,5.126884884148584,False,False,False,True
CGCTGAGGACGTCCAA-1,11227,4144,TNBC,CID44971,Normal + stroma + lymphocytes,1,4,40,1455,3768,11227,4144,5.148303197648526,False,False,False,True
GTGTATGACTTTAAAG-1,39890,8083,TNBC,CID44971,Normal + stroma + lymphocytes,1,5,41,1550,3822,39890,8083,4.344447229882176,False,False,False,True
CTAAACGGGTGTAATC-1,28358,6385,TNBC,CID44971,Normal + stroma + lymphocytes,1,4,42,1455,3877,28358,6385,5.973622963537626,False,False,False,True
TGTACTGTGCCAAAGT-1,57645,8864,TNBC,CID44971,Normal + stroma + lymphocytes,1,5,43,1550,3932,57645,8864,4.541590771098967,False,False,False,True
GGCCACAAGCGATGGC-1,24396,5665,TNBC,CID44971,Normal + stroma + lymphocytes,1,4,44,1455,3986,24396,5665,5.668962124938515,False,False,False,True
GTCAATTGTACTGAAG-1,46152,7846,TNBC,CID44971,Normal + stroma + lymphocytes,1,5,45,1550,4041,46152,7846,7.921650199341307,False,False,False,True
AGGGACAGCACGGCGG-1,3582,1772,TNBC,CID44971,Stroma + adipose tissue,1,4,46,1455,4096,3582,1772,5.415968732551647,False,False,False,True
AGCTTATAGAGACCTG-1,4793,2159,TNBC,CID44971,Stroma + adipose tissue,1,5,47,1550,4150,4793,2159,7.323179636970583,False,False,False,True
AACTTTAGCTGCTGAG-1,2502,1384,TNBC,CID44971,Stroma + adipose tissue,1,5,49,1550,4260,2502,1384,5.075939248601119,False,False,False,True
CCCAAGACAGAGTATG-1,1616,1020,TNBC,CID44971,Stroma + adipose tissue,1,4,50,1455,4314,1616,1020,4.146039603960396,False,False,False,True
GGCATCAACGAGCACG-1,2114,1240,TNBC,CID44971,Stroma + adipose tissue,1,5,51,1550,4369,2114,1240,5.723746452223273,False,False,False,True
ATGCATTCCGTGATGG-1,1391,935,TNBC,CID44971,Stroma + adipose tissue,1,4,52,1455,4423,1391,935,5.319913731128684,False,False,False,True
TTATAGATGCACATTA-1,1869,1100,TNBC,CID44971,Stroma + adipose tissue,1,5,53,1550,4478,1869,1100,3.8523274478330656,False,False,False,True
GAACCATCTGGGAGAC-1,1180,845,TNBC,CID44971,Stroma + adipose tissue,1,4,54,1455,4533,1180,845,4.576271186440678,False,False,False,True
TGCTATACAAACGGAC-1,1800,1083,TNBC,CID44971,Stroma + adipose tissue,1,5,55,1550,4587,1800,1083,8.166666666666666,False,False,False,True
ACTTGCCATATTGTAC-1,769,581,TNBC,CID44971,Stroma + adipose tissue,1,4,56,1455,4642,769,581,6.631989596879063,False,False,False,True
TATTCCGGCAGTCCTA-1,897,653,TNBC,CID44971,Stroma + adipose tissue,1,5,57,1550,4697,897,653,4.570791527313267,False,False,False,True
GACGGACCGCGTTCCT-1,646,504,TNBC,CID44971,Stroma + adipose tissue,1,4,58,1455,4751,646,504,7.120743034055728,False,False,False,True
AAGTTTACTAATGGCA-1,912,663,TNBC,CID44971,Stroma + adipose tissue,1,5,61,1550,4915,912,663,9.978070175438598,False,False,False,True
GATTGACACTCTGCTC-1,734,577,TNBC,CID44971,Stroma + adipose tissue,1,5,63,1550,5025,734,577,7.3569482288828345,False,False,False,True
TATCACAGCACGGGCA-1,925,717,TNBC,CID44971,Stroma + adipose tissue,1,4,64,1455,5079,925,717,4.54054054054054,False,False,False,True
ACCGTTCCCGCTCTGA-1,980,730,TNBC,CID44971,Stroma + adipose tissue,1,5,65,1550,5134,980,730,6.428571428571428,False,False,False,True
CCGCCACCACAATCCA-1,890,669,TNBC,CID44971,Stroma + adipose tissue,1,4,66,1455,5189,890,669,6.96629213483146,False,False,False,True
CATTCACTGACAGCTA-1,965,719,TNBC,CID44971,Stroma + adipose tissue,1,5,67,1550,5243,965,719,7.1502590673575135,False,False,False,True
CGGCTGCAAGATTAAG-1,1283,891,TNBC,CID44971,Stroma + adipose tissue,1,4,68,1455,5298,1283,891,4.832424006235385,False,False,False,True
TTAATGCGAGGTAACT-1,1236,814,TNBC,CID44971,Stroma + adipose tissue,1,4,70,1455,5407,1236,814,8.818770226537216,False,False,False,True
AATAAGTCCTCGAGAC-1,1179,744,TNBC,CID44971,Stroma + adipose tissue,1,5,71,1550,5462,1179,744,12.128922815945717,False,False,False,True
TGGAAACGGAGTGAAC-1,5616,2430,TNBC,CID44971,Normal + stroma + lymphocytes,1,6,16,1646,2456,5616,2430,17.574786324786324,False,False,False,True
ATCGCACGATTGTTCA-1,6265,2686,TNBC,CID44971,Normal + stroma + lymphocytes,1,7,17,1741,2511,6265,2686,8.555466879489227,False,False,False,True
CGCCACCCGCATTAAC-1,8500,3261,TNBC,CID44971,Normal + stroma + lymphocytes,1,6,18,1646,2566,8500,3261,7.976470588235294,False,False,False,True
TGGACCACGGCGTTGA-1,15352,4780,TNBC,CID44971,Normal + stroma + lymphocytes,1,7,19,1741,2620,15352,4780,6.8264721208963,False,False,False,True
GTATATGTTACGGCGG-1,28746,5931,TNBC,CID44971,Normal + stroma + lymphocytes,1,6,20,1646,2675,28746,5931,7.430599039866416,False,False,False,True
GTATTCTTACCGTGCT-1,23441,5432,TNBC,CID44971,Normal + stroma + lymphocytes,1,7,21,1741,2730,23441,5432,7.324772833923468,False,False,False,True
TTCAGAGTAACCTGAC-1,16923,4830,TNBC,CID44971,Normal + stroma + lymphocytes,1,6,22,1646,2784,16923,4830,6.641848372038055,False,False,False,True
GCGGTAACCCAAATGA-1,13528,4484,TNBC,CID44971,Normal + stroma + lymphocytes,1,7,23,1741,2839,13528,4484,6.800709639266706,False,False,False,True
CTACGTGTTGCCACCA-1,12376,4292,TNBC,CID44971,Normal + stroma + lymphocytes,1,6,24,1646,2894,12376,4292,6.5368455074337435,False,False,False,True
CTAGATAAACTCCTCG-1,13757,4467,TNBC,CID44971,Normal + stroma + lymphocytes,1,7,25,1741,2948,13757,4467,7.1890673838772985,False,False,False,True
TCCATTAGTTGGATAG-1,15115,4656,TNBC,CID44971,Normal + stroma + lymphocytes,1,6,26,1646,3003,15115,4656,6.7945749255706245,False,False,False,True
CTGGCTCCTGCGGGAT-1,9871,3570,TNBC,CID44971,Normal + stroma + lymphocytes,1,7,27,1741,3057,9871,3570,7.09148009320231,False,False,False,True
CAGTCTCTCGGCTAAT-1,10152,3736,TNBC,CID44971,Normal + stroma + lymphocytes,1,6,28,1646,3112,10152,3736,6.865642237982664,False,False,False,True
GTATGACGTGGGAAAC-1,12714,4319,TNBC,CID44971,Normal + stroma + lymphocytes,1,7,29,1741,3167,12714,4319,6.866446436998584,False,False,False,True
AGTCACTCCGCCTCAT-1,17893,5116,TNBC,CID44971,Normal + stroma + lymphocytes,1,6,30,1646,3221,17893,5116,7.298943721008215,False,False,False,True
GCAGCGGTGGGCATTA-1,10539,3662,TNBC,CID44971,Normal + stroma + lymphocytes,1,7,31,1741,3276,10539,3662,6.850744852452795,False,False,False,True
TATGGAGTTTCTCGTT-1,14227,4508,TNBC,CID44971,Normal + stroma + lymphocytes,1,6,32,1646,3331,14227,4508,7.260842060870177,False,False,False,True
ACTCAACGAATGTATT-1,17136,4748,TNBC,CID44971,Normal + stroma + lymphocytes,1,7,33,1741,3385,17136,4748,7.889822595704948,False,False,False,True
AACACGCGGCCGCGAA-1,20981,5603,TNBC,CID44971,Normal + stroma + lymphocytes,1,6,34,1646,3440,20981,5603,6.462990324579382,False,False,False,True
CGATATTAGCCGCAGG-1,22891,5273,TNBC,CID44971,Normal + stroma + lymphocytes,1,7,35,1741,3495,22891,5273,7.216810100039317,False,False,False,True
AGCGTCTGAACCCGCA-1,14200,4719,TNBC,CID44971,Normal + stroma + lymphocytes,1,6,36,1646,3549,14200,4719,6.612676056338028,False,False,False,True
GATGTCCGGATCACAT-1,10409,3948,TNBC,CID44971,Normal + stroma + lymphocytes,1,7,37,1741,3604,10409,3948,5.73542127005476,False,False,False,True
GGTCACGTTAGATTCA-1,8504,3592,TNBC,CID44971,Normal + stroma + lymphocytes,1,6,38,1646,3659,8504,3592,5.726716839134525,False,False,False,True
TTAAGGATACGGAGGT-1,8100,3309,TNBC,CID44971,Normal + stroma + lymphocytes,1,7,39,1741,3713,8100,3309,6.049382716049383,False,False,False,True
GTGCGGGACCATCGGC-1,13354,4789,TNBC,CID44971,Normal + stroma + lymphocytes,1,6,40,1646,3768,13354,4789,5.30927063052269,False,False,False,True
CCATCTTGTTCACAAT-1,10490,3978,TNBC,CID44971,Normal + stroma + lymphocytes,1,7,41,1741,3822,10490,3978,5.65300285986654,False,False,False,True
TCCGAGAAGGCTAAGC-1,39699,7817,TNBC,CID44971,Normal + stroma + lymphocytes,1,6,42,1646,3877,39699,7817,8.272248671251164,False,False,False,True
TGGCGGTGTGCGATTG-1,14632,4979,TNBC,CID44971,Normal + stroma + lymphocytes,1,7,43,1741,3932,14632,4979,5.781848004373975,False,False,False,True
ATCCTGCTGCAGATAG-1,46927,7572,TNBC,CID44971,Normal + stroma + lymphocytes,1,6,44,1646,3986,46927,7572,8.101945575042087,False,False,False,True
TTATGCGTCCCGGTCC-1,9176,3529,TNBC,CID44971,Normal + stroma + lymphocytes,1,7,45,1741,4041,9176,3529,6.9311246730601574,False,False,False,True
CATAATGAGCGGGCGA-1,15127,4874,TNBC,CID44971,Normal + stroma + lymphocytes,1,6,46,1646,4096,15127,4874,7.172605275335493,False,False,False,True
AGACATAGATCCTTCC-1,4340,2022,TNBC,CID44971,Stroma + adipose tissue,1,7,47,1741,4150,4340,2022,7.0046082949308754,False,False,False,True
AACTGGTGTGGGCCTT-1,3182,1541,TNBC,CID44971,Stroma + adipose tissue,1,7,49,1741,4260,3182,1541,6.882463859208045,False,False,False,True
GTAGCGCTGTTGTAGT-1,2610,1361,TNBC,CID44971,Stroma + adipose tissue,1,6,50,1645,4314,2610,1361,6.781609195402299,False,False,False,True
TTGTTTGTGTAAATTC-1,1830,1015,TNBC,CID44971,Stroma + adipose tissue,1,7,51,1741,4369,1830,1015,10.491803278688524,False,False,False,True
GGATCAAAGGACGAGG-1,2948,1581,TNBC,CID44971,Stroma + adipose tissue,1,6,52,1645,4424,2948,1581,7.3948439620081405,False,False,False,True
CGTAGCGCCGACGTTG-1,2121,1112,TNBC,CID44971,Stroma + adipose tissue,1,7,53,1741,4478,2121,1112,6.9306930693069315,False,False,False,True
CAAGTGAACTTTGGTT-1,2315,1229,TNBC,CID44971,Stroma + adipose tissue,1,6,54,1645,4533,2315,1229,7.991360691144708,False,False,False,True
CAATGGTCGGCCTGGG-1,1433,918,TNBC,CID44971,Stroma + adipose tissue,1,6,56,1645,4642,1433,918,7.466852756454989,False,False,False,True
ACAGATTAGGTTAGTG-1,944,654,TNBC,CID44971,Stroma + adipose tissue,1,7,57,1740,4697,944,654,3.4957627118644066,False,False,False,True
GTTATCACCTTCTGAA-1,3626,1631,TNBC,CID44971,Stroma + adipose tissue,1,6,58,1645,4751,3626,1631,6.3430777716492,False,False,False,True
TGGTATCGGTCTGTAT-1,758,559,TNBC,CID44971,Stroma + adipose tissue,1,7,59,1740,4806,758,559,5.936675461741425,False,False,False,True
GGAATAACCTCAAGAA-1,1030,758,TNBC,CID44971,Stroma + adipose tissue,1,6,60,1645,4861,1030,758,5.533980582524272,False,False,False,True
CCGAGGGATGTTAGGC-1,737,538,TNBC,CID44971,Stroma + adipose tissue,1,6,62,1645,4970,737,538,5.4274084124830395,False,False,False,True
TGAGATCAAATACTCA-1,839,634,TNBC,CID44971,Stroma + adipose tissue,1,7,63,1740,5025,839,634,5.125148986889154,False,False,False,True
AAACGAAGAACATACC-1,803,610,TNBC,CID44971,Stroma + adipose tissue,1,6,64,1645,5079,803,610,7.347447073474471,False,False,False,True
TGGAGCTAAAGTTCCC-1,965,669,TNBC,CID44971,Stroma + adipose tissue,1,6,68,1645,5298,965,669,8.911917098445596,False,False,False,True
GGGTGGTCCAGCCTGT-1,885,621,TNBC,CID44971,Stroma + adipose tissue,1,7,69,1740,5353,885,621,8.022598870056497,False,False,False,True
CATGCATGGAGACCCT-1,1284,859,TNBC,CID44971,Stroma + adipose tissue,1,6,70,1645,5407,1284,859,7.009345794392523,False,False,False,True
ACACGGCACTATGCAT-1,1036,703,TNBC,CID44971,Stroma + adipose tissue,1,7,71,1740,5462,1036,703,12.258687258687258,False,False,False,True
CAATATTGGACTAGTG-1,14148,4576,TNBC,CID44971,Normal + stroma + lymphocytes,1,8,18,1836,2566,14148,4576,7.746677975685609,False,False,False,True
CGTGCTGGCCTAGTCG-1,16734,4710,TNBC,CID44971,Normal + stroma + lymphocytes,1,9,19,1931,2620,16734,4710,7.141149754989841,False,False,False,True
CCTGCGATAGAACTGT-1,15836,4896,TNBC,CID44971,Normal + stroma + lymphocytes,1,8,20,1836,2675,15836,4896,7.173528668855772,False,False,False,True
GGGTAATGCTGTGTTT-1,14297,4499,TNBC,CID44971,Normal + stroma + lymphocytes,1,9,21,1931,2730,14297,4499,7.6729383786808425,False,False,False,True
AACGCGAACGGCAACA-1,14152,4556,TNBC,CID44971,Normal + stroma + lymphocytes,1,8,22,1836,2784,14152,4556,7.497173544375353,False,False,False,True
TGTCGGCATGGTGGAA-1,13654,4373,TNBC,CID44971,Normal + stroma + lymphocytes,1,9,23,1931,2839,13654,4373,7.5875201406181345,False,False,False,True
AGCGTACGAGAGCTAG-1,25609,5932,TNBC,CID44971,Normal + stroma + lymphocytes,1,8,24,1836,2894,25609,5932,5.724549962903667,False,False,False,True
ATACTCTCGCCACTCT-1,15917,4862,TNBC,CID44971,Normal + stroma + lymphocytes,1,9,25,1931,2948,15917,4862,6.63441603317208,False,False,False,True
AATCCATGCAAGGGTG-1,13465,4259,TNBC,CID44971,Normal + stroma + lymphocytes,1,8,26,1836,3003,13465,4259,7.411808392127739,False,False,False,True
TTAAACAGAGTCCCGC-1,15539,4643,TNBC,CID44971,Normal + stroma + lymphocytes,1,9,27,1931,3058,15539,4643,8.224467468949095,False,False,False,True
CCACAGCTGAAATCAT-1,10727,3817,TNBC,CID44971,Normal + stroma + lymphocytes,1,8,28,1836,3112,10727,3817,6.861191386221684,False,False,False,True
CGGTTCCGGCTTCTTG-1,8391,3236,TNBC,CID44971,Normal + stroma + lymphocytes,1,9,29,1931,3167,8391,3236,6.852580145393874,False,False,False,True
GACGTGAGACTCCATG-1,16945,4823,TNBC,CID44971,Normal + stroma + lymphocytes,1,8,30,1836,3221,16945,4823,7.630569489524934,False,False,False,True
TCGTTGGCTCGTCAAT-1,12160,4009,TNBC,CID44971,Normal + stroma + lymphocytes,1,9,31,1931,3276,12160,4009,7.845394736842105,False,False,False,True
GGTGAACGGGCTAGCC-1,17094,4678,TNBC,CID44971,Normal + stroma + lymphocytes,1,8,32,1836,3331,17094,4678,8.342108342108343,False,False,False,True
GCACTGTGCAAATGTA-1,19912,5082,TNBC,CID44971,Normal + stroma + lymphocytes,1,9,33,1931,3385,19912,5082,8.497388509441544,False,False,False,True
ACGAGAACCCATCACG-1,22514,5321,TNBC,CID44971,Normal + stroma + lymphocytes,1,8,34,1836,3440,22514,5321,8.541352047614817,False,False,False,True
CCAGCTACGCCTCATA-1,29340,6203,TNBC,CID44971,Normal + stroma + lymphocytes,1,9,35,1931,3495,29340,6203,7.893660531697341,False,False,False,True
TCCCGGTCAGGAATTT-1,20920,5047,TNBC,CID44971,Normal + stroma + lymphocytes,1,8,36,1836,3549,20920,5047,8.360420650095604,False,False,False,True
TCGCATTCAATGACTT-1,17765,4741,TNBC,CID44971,Normal + stroma + lymphocytes,1,9,37,1931,3604,17765,4741,7.23895299746693,False,False,False,True
CTGGTTCAACGCATCA-1,8839,3256,TNBC,CID44971,Normal + stroma + lymphocytes,1,8,38,1836,3659,8839,3256,7.195384093223216,False,False,False,True
GGTGATTTCATCTTGT-1,7527,2894,TNBC,CID44971,Normal + stroma + lymphocytes,1,9,39,1931,3713,7527,2894,6.749036800850272,False,False,False,True
CACCCTTTCCTCGCTC-1,8603,3361,TNBC,CID44971,Normal + stroma + lymphocytes,1,8,40,1836,3768,8603,3361,6.102522375915378,False,False,False,True
CAACTTGTAGTGGGCA-1,10041,3706,TNBC,CID44971,Normal + stroma + lymphocytes,1,9,41,1931,3823,10041,3706,5.208644557315009,False,False,False,True
AATATCAAGGTCGGAT-1,11345,4082,TNBC,CID44971,Normal + stroma + lymphocytes,1,8,42,1836,3877,11345,4082,6.522697223446452,False,False,False,True
ACTCAGACCTGCTTCT-1,20767,5378,TNBC,CID44971,Normal + stroma + lymphocytes,1,9,43,1931,3932,20767,5378,5.402802523233977,False,False,False,True
TTGGAGTCTCCCTTCT-1,11870,3924,TNBC,CID44971,Normal + stroma + lymphocytes,1,8,44,1836,3986,11870,3924,7.3209772535804545,False,False,False,True
GGATACTCATGAATTG-1,16625,4890,TNBC,CID44971,Normal + stroma + lymphocytes,1,9,45,1931,4041,16625,4890,6.724812030075188,False,False,False,True
TGGGCACAAACAGAAC-1,7528,2915,TNBC,CID44971,Stroma + adipose tissue,1,8,46,1836,4096,7528,2915,8.196068012752391,False,False,False,True
GAGCCACGGTAGTAGG-1,5212,2015,TNBC,CID44971,Stroma + adipose tissue,1,9,47,1931,4150,5212,2015,9.881043745203378,False,False,False,True
TAACCGCCCGCAGTGC-1,3968,1721,TNBC,CID44971,Stroma + adipose tissue,1,9,49,1931,4260,3968,1721,9.702620967741936,False,False,False,True
GCCTATTTGCTACACA-1,3072,1504,TNBC,CID44971,Stroma + adipose tissue,1,8,50,1836,4314,3072,1504,8.30078125,False,False,False,True
TTGACGATTCAGCACG-1,2731,1343,TNBC,CID44971,Stroma + adipose tissue,1,9,51,1931,4369,2731,1343,7.909190772610765,False,False,False,True
TTAAACCGGTAGCGAC-1,2489,1301,TNBC,CID44971,Stroma + adipose tissue,1,8,52,1836,4424,2489,1301,7.914825231016473,False,False,False,True
ACCGAAAGGGCCCTGC-1,2343,1231,TNBC,CID44971,Stroma + adipose tissue,1,9,53,1931,4478,2343,1231,6.828851899274435,False,False,False,True
ACGTTCCGCGCTCCGT-1,1937,1104,TNBC,CID44971,Stroma + adipose tissue,1,8,54,1836,4533,1937,1104,6.401652039235932,False,False,False,True
CGGCTTTGTATGATAA-1,1164,756,TNBC,CID44971,Stroma + adipose tissue,1,8,56,1836,4642,1164,756,4.896907216494846,False,False,False,True
CTTGACCCGAAAGATA-1,1338,875,TNBC,CID44971,Stroma + adipose tissue,1,9,57,1931,4697,1338,875,4.857997010463378,False,False,False,True
CGCAGAAACATTTGCG-1,1014,700,TNBC,CID44971,Stroma + adipose tissue,1,8,58,1836,4751,1014,700,4.6351084812623276,False,False,False,True
GACCCGTCGCCGGCTA-1,814,544,TNBC,CID44971,Stroma + adipose tissue,1,9,59,1931,4806,814,544,6.388206388206388,False,False,False,True
CCCAACCACACTAACA-1,804,598,TNBC,CID44971,Stroma + adipose tissue,1,8,66,1835,5189,804,598,6.965174129353234,False,False,False,True
CACCGCCGACCAGCGA-1,712,524,TNBC,CID44971,Stroma + adipose tissue,1,9,67,1930,5243,712,524,6.601123595505618,False,False,False,True
TGGTATCGCATCCCAA-1,923,639,TNBC,CID44971,Stroma + adipose tissue,1,8,68,1835,5298,923,639,6.067172264355363,False,False,False,True
CAGAGTGATTTAACGT-1,869,606,TNBC,CID44971,Stroma + adipose tissue,1,9,69,1930,5353,869,606,6.67433831990794,False,False,False,True
AACCCTGGTGGAACCA-1,1195,785,TNBC,CID44971,Stroma + adipose tissue,1,8,70,1835,5407,1195,785,9.288702928870293,False,False,False,True
GTCAGTTGTGCTCGTT-1,1225,777,TNBC,CID44971,Stroma + adipose tissue,1,9,71,1930,5462,1225,777,11.10204081632653,False,False,False,True
GCCAGGCGTTCGCATG-1,21813,5501,TNBC,CID44971,Stroma,1,9,89,1930,6445,21813,5501,22.156512171640767,False,False,False,True
CAATGGAATCTACATA-1,37649,7100,TNBC,CID44971,Stroma,1,9,91,1930,6555,37649,7100,15.514356291003745,False,False,False,True
ATGGCTGGAAATGGCC-1,39596,7155,TNBC,CID44971,DCIS,1,9,93,1930,6664,39596,7155,14.754015557126982,False,False,False,True
CACATGTTTGGACATG-1,9769,3679,TNBC,CID44971,Normal + stroma + lymphocytes,1,10,18,2026,2566,9769,3679,8.547446002661479,False,False,False,True
TTCGCATCCGGAAGCA-1,11564,4016,TNBC,CID44971,Normal + stroma + lymphocytes,1,11,19,2121,2620,11564,4016,7.246627464545139,False,False,False,True
CCCTAGTGTCAGGTGT-1,15490,4908,TNBC,CID44971,Normal + stroma + lymphocytes,1,10,20,2026,2675,15490,4908,6.823757262750162,False,False,False,True
TTACCGCCTTAGGGAA-1,14844,4732,TNBC,CID44971,Normal + stroma + lymphocytes,1,11,21,2121,2730,14844,4732,7.295877122069523,False,False,False,True
CCAGTCCATTATTCGA-1,17112,4900,TNBC,CID44971,Normal + stroma + lymphocytes,1,10,22,2026,2784,17112,4900,7.918419822346891,False,False,False,True
CGTAAACGCTTGAGTG-1,39257,7451,TNBC,CID44971,Normal + stroma + lymphocytes,1,11,23,2121,2839,39257,7451,7.170695672109432,False,False,False,True
ATTCCTTCCAGGCGGT-1,14276,4503,TNBC,CID44971,Normal + stroma + lymphocytes,1,10,24,2026,2894,14276,4503,7.214906136172597,False,False,False,True
TTCCTTTCTGTGTTGC-1,26537,6417,TNBC,CID44971,Normal + stroma + lymphocytes,1,11,25,2121,2948,26537,6417,6.289331876248257,False,False,False,True
AGTTGACATCGGCTGG-1,25188,6237,TNBC,CID44971,Normal + stroma + lymphocytes,1,10,26,2026,3003,25188,6237,7.392409083690646,False,False,False,True
AACTCGATGGCGCAGT-1,34782,6905,TNBC,CID44971,Normal + stroma + lymphocytes,1,11,27,2121,3058,34782,6905,5.34471853257432,False,False,False,True
GATAAGGCAGATGCAA-1,18878,5153,TNBC,CID44971,Normal + stroma + lymphocytes,1,10,28,2026,3112,18878,5153,7.511388918317619,False,False,False,True
GGCTGGCTAGCTTAAA-1,12902,4181,TNBC,CID44971,Normal + stroma + lymphocytes,1,11,29,2121,3167,12902,4181,8.587815842505037,False,False,False,True
CCTCATGCAGCTACGA-1,9283,3585,TNBC,CID44971,Normal + stroma + lymphocytes,1,10,30,2026,3221,9283,3585,6.646558224711839,False,False,False,True
GACGCCTGTTGCAGGG-1,18163,5089,TNBC,CID44971,Normal + stroma + lymphocytes,1,11,31,2121,3276,18163,5089,7.102350933215878,False,False,False,True
TAATTAGATGGATATG-1,22697,5707,TNBC,CID44971,Normal + stroma + lymphocytes,1,10,32,2026,3331,22697,5707,7.525223597832313,False,False,False,True
GAGGGCATCGCGTATC-1,31939,6825,TNBC,CID44971,Normal + stroma + lymphocytes,1,11,33,2121,3385,31939,6825,6.152352922759009,False,False,False,True
CTTGTGAGTCTTTGAC-1,25094,6047,TNBC,CID44971,Normal + stroma + lymphocytes,1,10,34,2026,3440,25094,6047,8.233043755479398,False,False,False,True
TCAACACATTGGGTAA-1,30873,7106,TNBC,CID44971,Normal + stroma + lymphocytes,1,11,35,2121,3495,30873,7106,3.9322385255725067,False,False,False,True
ACTGTATACGCGAGCA-1,23950,5623,TNBC,CID44971,Normal + stroma + lymphocytes,1,10,36,2026,3549,23950,5623,8.22964509394572,False,False,False,True
GTGAAACGTGCTCCAC-1,28800,6153,TNBC,CID44971,Normal + stroma + lymphocytes,1,11,37,2121,3604,28800,6153,7.3125,False,False,False,True
CGAGTGCTATAGTTCG-1,17300,4815,TNBC,CID44971,Normal + stroma + lymphocytes,1,10,38,2026,3659,17300,4815,8.040462427745664,False,False,False,True
GTACTGCATGAAGCGT-1,17410,4628,TNBC,CID44971,Normal + stroma + lymphocytes,1,11,39,2121,3713,17410,4628,7.736932797242964,False,False,False,True
GTAACTTGCGGCAGTC-1,9927,3403,TNBC,CID44971,Normal + stroma + lymphocytes,1,10,40,2026,3768,9927,3403,6.648534300392868,False,False,False,True
GAATCGCCGGACACGG-1,7798,2998,TNBC,CID44971,Normal + stroma + lymphocytes,1,11,41,2121,3823,7798,2998,6.052834060015389,False,False,False,True
GGGAGTAATGGCTGGC-1,7085,2878,TNBC,CID44971,Normal + stroma + lymphocytes,1,10,42,2026,3877,7085,2878,6.351446718419195,False,False,False,True
CATGAACCGACATTTG-1,6128,2460,TNBC,CID44971,Normal + stroma + lymphocytes,1,11,43,2121,3932,6128,2460,8.028720626631854,False,False,False,True
TCTGTCATACAAGAGC-1,9568,3516,TNBC,CID44971,Normal + stroma + lymphocytes,1,10,44,2026,3986,9568,3516,6.7934782608695645,False,False,False,True
GTCGTCAATTATAAGG-1,8909,2802,TNBC,CID44971,Normal + stroma + lymphocytes,1,11,45,2121,4041,8909,2802,10.89909080704905,False,False,False,True
TAAAGAGCCCGAAACC-1,7539,2737,TNBC,CID44971,Normal + stroma + lymphocytes,1,10,46,2026,4096,7539,2737,9.895211566520759,False,False,False,True
GTACTGAGGTCGTAAC-1,15112,3978,TNBC,CID44971,Normal + stroma + lymphocytes,1,11,47,2121,4150,15112,3978,9.700899947061938,False,False,False,True
AAAGACCCAAGTCGCG-1,8666,2760,TNBC,CID44971,Stroma + adipose tissue,1,10,48,2026,4205,8666,2760,11.308562197092083,False,False,False,True
CGTCAGTGCGCACAAG-1,7287,2613,TNBC,CID44971,Normal + stroma + lymphocytes,1,11,49,2121,4260,7287,2613,9.908055441196652,False,False,False,True
TGTATCCTTATTCCAT-1,2763,1327,TNBC,CID44971,Stroma + adipose tissue,1,10,50,2026,4314,2763,1327,9.08432862830257,False,False,False,True
ATTCTCGTCTCTTTAG-1,1922,1045,TNBC,CID44971,Stroma + adipose tissue,1,11,51,2121,4369,1922,1045,7.3361082206035375,False,False,False,True
AAAGTCACTGATGTAA-1,2355,1275,TNBC,CID44971,Stroma + adipose tissue,1,10,52,2026,4424,2355,1275,6.8789808917197455,False,False,False,True
TGTCTACAGTTTCTGT-1,1406,848,TNBC,CID44971,Stroma + adipose tissue,1,11,53,2121,4478,1406,848,7.254623044096728,False,False,False,True
TTAACGTCGCAAGACC-1,1664,1016,TNBC,CID44971,Stroma + adipose tissue,1,10,54,2026,4533,1664,1016,6.25,False,False,False,True
CTATGTCTATTGAAAC-1,1612,1001,TNBC,CID44971,Stroma + adipose tissue,1,11,55,2121,4588,1612,1001,6.513647642679901,False,False,False,True
ACAGCATAGAGCCAGT-1,901,650,TNBC,CID44971,Stroma + adipose tissue,1,10,58,2026,4751,901,650,7.880133185349611,False,False,False,True
ATATTCCCACAGGTCA-1,997,721,TNBC,CID44971,Stroma + adipose tissue,1,11,59,2121,4806,997,721,5.516549648946841,False,False,False,True
CACCATCGGAGGAGAC-1,698,553,TNBC,CID44971,Stroma + adipose tissue,1,11,61,2121,4915,698,553,7.163323782234957,False,False,False,True
GCACAAGTGTCGGAAG-1,734,547,TNBC,CID44971,Stroma + adipose tissue,1,10,64,2026,5079,734,547,6.4032697547683926,False,False,False,True
TACCAGCTAGGTTTAA-1,740,581,TNBC,CID44971,Stroma + adipose tissue,1,11,65,2121,5134,740,581,5.9459459459459465,False,False,False,True
ACGTACAGATTTCTCT-1,711,537,TNBC,CID44971,Stroma + adipose tissue,1,10,66,2026,5189,711,537,6.188466947960619,False,False,False,True
AATTTGGTTCCAAAGA-1,1256,848,TNBC,CID44971,Stroma + adipose tissue,1,11,67,2121,5243,1256,848,8.04140127388535,False,False,False,True
GTAAGGATTTGTCGGA-1,931,669,TNBC,CID44971,Stroma + adipose tissue,1,10,68,2026,5298,931,669,5.155746509129968,False,False,False,True
CATCATCTACCCGGAC-1,1261,811,TNBC,CID44971,Stroma + adipose tissue,1,11,69,2121,5353,1261,811,7.53370340999207,False,False,False,True
ACGATGGATCCGATGC-1,1142,789,TNBC,CID44971,Stroma + adipose tissue,1,10,70,2026,5407,1142,789,7.705779334500876,False,False,False,True
CACTCAGCTCTTGAGG-1,1701,1027,TNBC,CID44971,Stroma + adipose tissue,1,11,71,2121,5462,1701,1027,11.228689006466784,False,False,False,True
GGTAAATGTGCGTTAC-1,2791,1563,TNBC,CID44971,Stroma,1,11,81,2120,6008,2791,1563,8.27660336796847,False,False,False,True
GGAAGCTCGCTTACAG-1,2546,1423,TNBC,CID44971,Stroma,1,11,83,2120,6118,2546,1423,13.157894736842104,False,False,False,True
CACCGATACACCGAGC-1,5283,2318,TNBC,CID44971,Stroma,1,10,84,2025,6172,5283,2318,19.458640923717585,False,False,False,True
CAGCCGGGCCCTCTAT-1,5847,2482,TNBC,CID44971,Stroma,1,11,85,2120,6227,5847,2482,13.169146570891055,False,False,False,True
CGGAGCTTATAACACC-1,11885,4025,TNBC,CID44971,Stroma,1,10,86,2025,6282,11885,4025,18.350862431636518,False,False,False,True
ATTACAACTACCGGCC-1,7519,3013,TNBC,CID44971,Stroma,1,11,87,2120,6336,7519,3013,13.76512834153478,False,False,False,True
TCCTCTGGCCCATTAG-1,13422,4225,TNBC,CID44971,Stroma,1,10,88,2025,6391,13422,4225,17.359558933094917,False,False,False,True
CGGCACCGTTAGCGCC-1,18261,5156,TNBC,CID44971,Stroma,1,11,89,2120,6445,18261,5156,13.816329883357975,False,False,False,True
TCGGTCCCTGACTCCA-1,29677,6353,TNBC,CID44971,Stroma,1,10,90,2025,6500,29677,6353,18.654176635104626,False,False,False,True
TGGTTGGAGGATCCTG-1,17730,5244,TNBC,CID44971,DCIS,1,11,91,2120,6555,17730,5244,10.344049633389735,False,False,False,True
CTGCGGTAGTCACGTG-1,23552,5820,TNBC,CID44971,DCIS,1,10,92,2025,6609,23552,5820,15.416949728260871,False,False,False,True
GTGCCTCAGTGTACGG-1,25606,6956,TNBC,CID44971,DCIS,1,11,93,2120,6664,25606,6956,5.283917831758181,False,False,False,True
ATCGTTCACTTTCGCC-1,28330,6505,TNBC,CID44971,DCIS,1,10,94,2025,6719,28330,6505,13.35333568655136,False,False,False,True
ACTTACCGGGCGCGCA-1,43280,7908,TNBC,CID44971,DCIS,1,11,95,2120,6773,43280,7908,8.036044362292053,False,False,False,True
AGTTCTGCGTTGTATC-1,13608,4516,TNBC,CID44971,Normal + stroma + lymphocytes,1,13,19,2311,2620,13608,4516,9.611992945326278,False,False,False,True
ACCCTATAGGACTGAG-1,13402,4456,TNBC,CID44971,Normal + stroma + lymphocytes,1,12,20,2216,2675,13402,4456,8.685270855096254,False,False,False,True
TTAGATAGGTCGATAC-1,24497,6442,TNBC,CID44971,Normal + stroma + lymphocytes,1,13,21,2311,2730,24497,6442,5.5598644732008,False,False,False,True
ATTGATAGCAACGAGA-1,21951,5805,TNBC,CID44971,Normal + stroma + lymphocytes,1,12,22,2216,2784,21951,5805,8.013302355245774,False,False,False,True
TCTCGGCTCCAGGACT-1,29012,6638,TNBC,CID44971,Normal + stroma + lymphocytes,1,13,23,2311,2839,29012,6638,6.45594926237419,False,False,False,True
CTTGAGGTTATCCCGA-1,23298,5926,TNBC,CID44971,Normal + stroma + lymphocytes,1,12,24,2216,2894,23298,5926,6.983432054253584,False,False,False,True
AAGAAGGATCAGTTAG-1,41401,7742,TNBC,CID44971,Normal + stroma + lymphocytes,1,13,25,2311,2948,41401,7742,6.999830921958407,False,False,False,True
GTACGACGGCGCTGCG-1,22920,5904,TNBC,CID44971,Normal + stroma + lymphocytes,1,12,26,2216,3003,22920,5904,6.605584642233857,False,False,False,True
CTTATGTTGACTACCA-1,16059,4929,TNBC,CID44971,Normal + stroma + lymphocytes,1,13,27,2311,3058,16059,4929,7.298088299395977,False,False,False,True
CGGCACTCAAGAAAGT-1,14357,4728,TNBC,CID44971,Normal + stroma + lymphocytes,1,12,28,2216,3112,14357,4728,6.93738246151703,False,False,False,True
GTCAAAGTTTACATAG-1,9988,3744,TNBC,CID44971,Normal + stroma + lymphocytes,1,13,29,2311,3167,9988,3744,8.039647577092511,False,False,False,True
CTCCTAAGTTATGTCT-1,18193,5333,TNBC,CID44971,Normal + stroma + lymphocytes,1,12,30,2216,3222,18193,5333,6.425548287803001,False,False,False,True
ACTGTGCTAGTAGATC-1,15613,4803,TNBC,CID44971,Normal + stroma + lymphocytes,1,13,31,2311,3276,15613,4803,6.699545250752578,False,False,False,True
GTTTGGCCGCTCAGCG-1,20907,5962,TNBC,CID44971,Normal + stroma + lymphocytes,1,12,32,2216,3331,20907,5962,6.241928540680155,False,False,False,True
TTATCCAATCGAACTC-1,8699,3666,TNBC,CID44971,Normal + stroma + lymphocytes,1,13,33,2311,3385,8699,3666,5.529371192091045,False,False,False,True
CCGTACCCAAGCGCCA-1,25146,6306,TNBC,CID44971,Normal + stroma + lymphocytes,1,12,34,2216,3440,25146,6306,5.770301439592778,False,False,False,True
CATACAAAGCCGAACC-1,14561,4832,TNBC,CID44971,Normal + stroma + lymphocytes,1,13,35,2311,3495,14561,4832,6.366320994437196,False,False,False,True
GGTCGGTAATTAGACA-1,28746,6409,TNBC,CID44971,Normal + stroma + lymphocytes,1,12,36,2216,3549,28746,6409,7.301885479718917,False,False,False,True
AGCGGGAAGGGTCCAT-1,24893,5572,TNBC,CID44971,Normal + stroma + lymphocytes,1,13,37,2311,3604,24893,5572,6.985899650504159,False,False,False,True
GCCCACCAAGGCTGTC-1,27500,5787,TNBC,CID44971,Normal + stroma + lymphocytes,1,12,38,2216,3659,27500,5787,6.418181818181819,False,False,False,True
GTAGACGTCGTTACAT-1,18475,4636,TNBC,CID44971,Normal + stroma + lymphocytes,1,13,39,2311,3713,18475,4636,7.2422192151556155,False,False,False,True
GAGCATCATCCCTGGG-1,19322,5312,TNBC,CID44971,Normal + stroma + lymphocytes,1,12,40,2216,3768,19322,5312,6.583169444156919,False,False,False,True
AGGTAACCTCCTATTC-1,9494,3599,TNBC,CID44971,Normal + stroma + lymphocytes,1,13,41,2311,3823,9494,3599,6.18285232778597,False,False,False,True
GGTTTGAGTGCTGGAA-1,6030,2596,TNBC,CID44971,Normal + stroma + lymphocytes,1,12,42,2216,3877,6030,2596,7.529021558872305,False,False,False,True
GCACTAGTCGCGCTAT-1,5729,2570,TNBC,CID44971,Normal + stroma + lymphocytes,1,13,43,2311,3932,5729,2570,6.650375283644615,False,False,False,True
GGTAACTATGTATCTG-1,7514,2824,TNBC,CID44971,Normal + stroma + lymphocytes,1,12,44,2216,3987,7514,2824,9.236092627096088,False,False,False,True
GCGGTCCCTAGACGCA-1,11097,3657,TNBC,CID44971,Normal + stroma + lymphocytes,1,13,45,2311,4041,11097,3657,8.083265747499324,False,False,False,True
CGAGCGTTGATCAGCC-1,13694,3794,TNBC,CID44971,Normal + stroma + lymphocytes,1,12,46,2216,4096,13694,3794,9.909449393895137,False,False,False,True
AATCCAAGGGCCTGAG-1,9008,3361,TNBC,CID44971,Normal + stroma + lymphocytes,1,13,47,2311,4150,9008,3361,8.103907637655418,False,False,False,True
CCGTGCCCATGACGGC-1,6916,2651,TNBC,CID44971,Normal + stroma + lymphocytes,1,12,48,2216,4205,6916,2651,9.268363215731638,False,False,False,True
GAAATTCACATCGCTG-1,9785,3469,TNBC,CID44971,Normal + stroma + lymphocytes,1,13,49,2311,4260,9785,3469,8.513030148186,False,False,False,True
CTCTGCGAAGCAAGCA-1,3437,1689,TNBC,CID44971,Normal + stroma + lymphocytes,1,12,50,2216,4314,3437,1689,8.350305498981669,False,False,False,True
AGTAGGTAACATACAT-1,3433,1663,TNBC,CID44971,Normal + stroma + lymphocytes,1,13,51,2311,4369,3433,1663,7.952228371686572,False,False,False,True
ATTGGGAATATCTTGG-1,1807,1022,TNBC,CID44971,Stroma + adipose tissue,1,12,52,2216,4424,1807,1022,6.751521859435529,False,False,False,True
TAGAGCTACGAAGAAC-1,2610,1349,TNBC,CID44971,Stroma + adipose tissue,1,13,53,2311,4478,2610,1349,6.781609195402299,False,False,False,True
TGCGGCATAGTTCAAC-1,1630,966,TNBC,CID44971,Stroma + adipose tissue,1,12,54,2216,4533,1630,966,5.337423312883435,False,False,False,True
TAGTTTATTCTTGCTT-1,1446,816,TNBC,CID44971,Stroma + adipose tissue,1,13,57,2311,4697,1446,816,6.431535269709543,False,False,False,True
GATATCTCATGCAATA-1,1550,1040,TNBC,CID44971,Stroma + adipose tissue,1,12,58,2216,4752,1550,1040,5.67741935483871,False,False,False,True
CGTTTAAGCGGAGCAC-1,1209,832,TNBC,CID44971,Stroma + adipose tissue,1,13,59,2311,4806,1209,832,4.714640198511166,False,False,False,True
CATGCTGGCTCCAATT-1,1167,845,TNBC,CID44971,Stroma + adipose tissue,1,12,60,2216,4861,1167,845,4.7986289631533845,False,False,False,True
GAAACAGCCATGCAGT-1,1341,903,TNBC,CID44971,Stroma + adipose tissue,1,13,61,2311,4915,1341,903,7.233407904548844,False,False,False,True
AGTTTCGCAGGTCGGA-1,857,612,TNBC,CID44971,Stroma + adipose tissue,1,12,62,2216,4970,857,612,6.0676779463243875,False,False,False,True
CTCATGGCTCACAATC-1,1026,714,TNBC,CID44971,Stroma + adipose tissue,1,13,63,2311,5025,1026,714,9.161793372319687,False,False,False,True
AACCGTTGTGTTTGCT-1,1008,707,TNBC,CID44971,Stroma + adipose tissue,1,12,64,2216,5079,1008,707,8.333333333333332,False,False,False,True
ACCCTTCATCTGCGAA-1,1499,998,TNBC,CID44971,Stroma + adipose tissue,1,13,65,2311,5134,1499,998,7.605070046697798,False,False,False,True
TGCGGTGAAATTTCAT-1,1602,1024,TNBC,CID44971,Stroma + adipose tissue,1,12,66,2216,5189,1602,1024,6.866416978776529,False,False,False,True
CAAATTGTCAGCAAGC-1,4717,2121,TNBC,CID44971,Stroma + adipose tissue,1,13,67,2311,5243,4717,2121,8.925164299342804,False,False,False,True
GAGGTACATCCATCTT-1,2215,1241,TNBC,CID44971,Stroma + adipose tissue,1,12,68,2216,5298,2215,1241,8.17155756207675,False,False,False,True
TCATCCCAGAGGGTGG-1,2801,1519,TNBC,CID44971,Stroma + adipose tissue,1,12,70,2216,5407,2801,1519,13.03106033559443,False,False,False,True
GAAACTCTAATGAAGG-1,3300,1828,TNBC,CID44971,Stroma,1,13,73,2311,5571,3300,1828,9.090909090909092,False,False,False,True
TTCAAGCCGAGCTGAG-1,4089,2133,TNBC,CID44971,Stroma,1,13,75,2311,5681,4089,2133,7.238933724627048,False,False,False,True
AGGTACGATATTGCCA-1,5101,2424,TNBC,CID44971,Stroma,1,12,76,2216,5735,5101,2424,8.782591648696334,False,False,False,True
TTAAGCCGACAACTTC-1,3288,1826,TNBC,CID44971,Stroma,1,13,77,2311,5790,3288,1826,6.326034063260341,False,False,False,True
GTCTTAGTACAGCCGG-1,4236,2055,TNBC,CID44971,Stroma,1,12,78,2216,5844,4236,2055,8.356940509915015,False,False,False,True
TGGGTAAGGTTCCCGC-1,3009,1729,TNBC,CID44971,Stroma,1,13,79,2311,5899,3009,1729,7.4443336656696575,False,False,False,True
CTACGCCATTTCCGAT-1,3585,1760,TNBC,CID44971,Stroma,1,12,80,2216,5954,3585,1760,8.005578800557881,False,False,False,True
GACCGTCAGGTCGTGA-1,2970,1605,TNBC,CID44971,Stroma,1,13,81,2311,6008,2970,1605,9.090909090909092,False,False,False,True
TAGTTAAGATAGGATA-1,3038,1659,TNBC,CID44971,Stroma,1,12,82,2216,6063,3038,1659,8.525345622119817,False,False,False,True
GAATATTCGGAGTCCC-1,3561,1877,TNBC,CID44971,Stroma,1,13,83,2311,6118,3561,1877,10.530749789385004,False,False,False,True
CAAACTACGATAGAGA-1,5742,2600,TNBC,CID44971,Stroma,1,12,84,2216,6172,5742,2600,12.121212121212121,False,False,False,True
CAGGAAGACTTTATAT-1,3884,1957,TNBC,CID44971,Stroma,1,13,85,2311,6227,3884,1957,15.061791967044282,False,False,False,True
TTCGTAATCCCAGCGG-1,7107,2973,TNBC,CID44971,Stroma,1,12,86,2215,6282,7107,2973,12.466582242859154,False,False,False,True
GTGAGGAGCGGTTGAG-1,5423,2537,TNBC,CID44971,Stroma,1,13,87,2311,6336,5423,2537,10.787387055135532,False,False,False,True
CAATCCCTATACCAGC-1,16069,4852,TNBC,CID44971,Stroma,1,12,88,2215,6391,16069,4852,12.01692700230257,False,False,False,True
AGGGAAACGAGGTACT-1,21575,5781,TNBC,CID44971,DCIS,1,13,89,2311,6446,21575,5781,9.524913093858633,False,False,False,True
TCCTGCCAACTGGAGA-1,23193,5951,TNBC,CID44971,DCIS,1,12,90,2215,6500,23193,5951,10.757556159185961,False,False,False,True
AATTTGGGACATAGTA-1,18761,5434,TNBC,CID44971,DCIS,1,13,91,2311,6555,18761,5434,7.361014871275519,False,False,False,True
AACTCCTAATCCCATG-1,24903,6359,TNBC,CID44971,DCIS,1,12,92,2215,6609,24903,6359,8.74191864434004,False,False,False,True
GCTCATTACTGCATGT-1,21803,5825,TNBC,CID44971,DCIS,1,13,93,2310,6664,21803,5825,8.095216254643857,False,False,False,True
TCTCGAACGAGGTCAC-1,15127,5255,TNBC,CID44971,DCIS,1,12,94,2215,6719,15127,5255,3.906921398823296,False,False,False,True
TCACTACGACCAATGC-1,32062,7067,TNBC,CID44971,DCIS,1,13,95,2310,6773,32062,7067,6.998939554612937,False,False,False,True
AACTTGCGTTCTCGCG-1,23106,6271,TNBC,CID44971,Normal + stroma + lymphocytes,1,14,20,2406,2675,23106,6271,8.365792434865403,False,False,False,True
AATGAGTTCGCATATG-1,8994,3712,TNBC,CID44971,Normal + stroma + lymphocytes,1,15,21,2502,2730,8994,3712,8.69468534578608,False,False,False,True
CGAGGCCAGGCATTGG-1,29573,7006,TNBC,CID44971,Normal + stroma + lymphocytes,1,14,22,2406,2784,29573,7006,6.668244682649714,False,False,False,True
TCTGCGTCCGGTTTCT-1,3360,1898,TNBC,CID44971,Normal + stroma + lymphocytes,1,15,23,2502,2839,3360,1898,7.202380952380952,False,False,False,True
CAATCCTGCCGTGGAG-1,11896,4284,TNBC,CID44971,Normal + stroma + lymphocytes,1,14,24,2406,2894,11896,4284,7.195696032279758,False,False,False,True
CTGAGCAAGTAACAAG-1,6056,2736,TNBC,CID44971,Normal + stroma + lymphocytes,1,15,25,2502,2948,6056,2736,9.577278731836197,False,False,False,True
GGGTACCCACGGTCCT-1,30799,6654,TNBC,CID44971,Normal + stroma + lymphocytes,1,14,26,2406,3003,30799,6654,6.4547550245137835,False,False,False,True
ACGGAATTTAGCAAAT-1,15533,4534,TNBC,CID44971,Normal + stroma + lymphocytes,1,15,27,2501,3058,15533,4534,9.309212644048156,False,False,False,True
GGGCGGTCCTATTGTC-1,18817,5093,TNBC,CID44971,Normal + stroma + lymphocytes,1,14,28,2406,3112,18817,5093,8.237232289950576,False,False,False,True
ATGTTACGAGCAATAC-1,18157,5121,TNBC,CID44971,Normal + stroma + lymphocytes,1,15,29,2501,3167,18157,5121,8.734923170127223,False,False,False,True
AACCATGGGATCGCTA-1,13884,4279,TNBC,CID44971,Normal + stroma + lymphocytes,1,14,30,2406,3222,13884,4279,7.757130509939499,False,False,False,True
TCGCATCCCTAAGTGT-1,11209,3735,TNBC,CID44971,Normal + stroma + lymphocytes,1,15,31,2501,3276,11209,3735,8.305825675796235,False,False,False,True
ACTTAGTACGACAAGA-1,8014,3318,TNBC,CID44971,Normal + stroma + lymphocytes,1,14,32,2406,3331,8014,3318,7.898677314699276,False,False,False,True
GAGCTCTCGGACCTAA-1,4170,2077,TNBC,CID44971,Normal + stroma + lymphocytes,1,15,33,2501,3386,4170,2077,8.872901678657074,False,False,False,True
TCTATTACGCTGGCGA-1,5129,2449,TNBC,CID44971,Normal + stroma + lymphocytes,1,14,34,2406,3440,5129,2449,7.350360694092416,False,False,False,True
AGATACGACTTCATAT-1,5157,2209,TNBC,CID44971,Normal + stroma + lymphocytes,1,15,35,2501,3495,5157,2209,8.822959084739189,False,False,False,True
CGCTATACCGCCCACT-1,10836,3980,TNBC,CID44971,Normal + stroma + lymphocytes,1,14,36,2406,3549,10836,3980,6.50609080841639,False,False,False,True
CAGTGTCCGCAGAATG-1,4597,2211,TNBC,CID44971,Normal + stroma + lymphocytes,1,15,37,2501,3604,4597,2211,6.874048292364586,False,False,False,True
CCATCCATACCAAGTC-1,10875,4033,TNBC,CID44971,Normal + stroma + lymphocytes,1,14,38,2406,3659,10875,4033,5.6643678160919535,False,False,False,True
AACCCAGAGACGGAGA-1,5276,2478,TNBC,CID44971,Normal + stroma + lymphocytes,1,15,39,2501,3713,5276,2478,6.709628506444276,False,False,False,True
GAAGAACGGTGCAGGT-1,5409,2471,TNBC,CID44971,Normal + stroma + lymphocytes,1,14,40,2406,3768,5409,2471,6.544647809206877,False,False,False,True
GATAAATCGGTGGATG-1,7689,3254,TNBC,CID44971,Normal + stroma + lymphocytes,1,15,41,2501,3823,7689,3254,6.3987514631291456,False,False,False,True
CAGCTCGTGCTTGTGT-1,11485,3797,TNBC,CID44971,Normal + stroma + lymphocytes,1,14,42,2406,3877,11485,3797,5.9033521985198085,False,False,False,True
GAGTACGGGTATACAA-1,13420,3976,TNBC,CID44971,Normal + stroma + lymphocytes,1,15,43,2501,3932,13420,3976,8.75558867362146,False,False,False,True
CATCGCCCGCGGCCAA-1,6899,2961,TNBC,CID44971,Normal + stroma + lymphocytes,1,14,44,2406,3987,6899,2961,7.928685316712566,False,False,False,True
TCTTACAGAGGTACCG-1,11780,3678,TNBC,CID44971,Normal + stroma + lymphocytes,1,15,45,2501,4041,11780,3678,9.363327674023768,False,False,False,True
TGGAAGACGAACACCA-1,10720,3882,TNBC,CID44971,Normal + stroma + lymphocytes,1,14,46,2406,4096,10720,3882,8.348880597014926,False,False,False,True
GTTGTCGTGTTAGTTG-1,5916,2500,TNBC,CID44971,Normal + stroma + lymphocytes,1,15,47,2501,4151,5916,2500,9.347532116294794,False,False,False,True
CCAAGGAACAGAGAGG-1,8718,3296,TNBC,CID44971,Normal + stroma + lymphocytes,1,14,48,2406,4205,8718,3296,9.497591190640055,False,False,False,True
CTGCACCTGGAACCGC-1,8137,3092,TNBC,CID44971,Normal + stroma + lymphocytes,1,15,49,2501,4260,8137,3092,7.312277252058498,False,False,False,True
CGCTTTCATACCGGTG-1,11605,3303,TNBC,CID44971,Normal + stroma + lymphocytes,1,14,50,2406,4314,11605,3303,9.51314088754847,False,False,False,True
GTTCTTCCCTCGATGT-1,18579,4358,TNBC,CID44971,Normal + stroma + lymphocytes,1,15,51,2501,4369,18579,4358,9.004790354701544,False,False,False,True
ATTTAACTCGTATTAC-1,4437,1876,TNBC,CID44971,Stroma + adipose tissue,1,14,52,2406,4424,4437,1876,8.767185034933513,False,False,False,True
AACGATAGAAGGGCCG-1,7109,2389,TNBC,CID44971,Stroma + adipose tissue,1,15,53,2501,4478,7109,2389,9.255872837248557,False,False,False,True
TATCCTGCATGGGAAT-1,3609,1654,TNBC,CID44971,Stroma + adipose tissue,1,14,54,2406,4533,3609,1654,7.315045719035744,False,False,False,True
AGGCCCATTGTACAGG-1,4202,1672,TNBC,CID44971,Stroma + adipose tissue,1,15,55,2501,4588,4202,1672,9.019514516896717,False,False,False,True
ATCTGTAATTGTACCC-1,1876,1098,TNBC,CID44971,Stroma + adipose tissue,1,15,57,2501,4697,1876,1098,7.036247334754798,False,False,False,True
GAGCGAGGGAGTACCG-1,1407,879,TNBC,CID44971,Stroma + adipose tissue,1,14,58,2406,4752,1407,879,5.330490405117271,False,False,False,True
TTATTAGGGAAGCATC-1,1309,850,TNBC,CID44971,Stroma + adipose tissue,1,15,59,2501,4806,1309,850,10.771581359816654,False,False,False,True
CTTCTTACGTCGTATA-1,801,563,TNBC,CID44971,Stroma + adipose tissue,1,14,60,2406,4861,801,563,9.737827715355806,False,False,False,True
GAAGTGCTGGATAGCT-1,1695,996,TNBC,CID44971,Stroma + adipose tissue,1,15,61,2501,4916,1695,996,15.811209439528023,False,False,False,True
GTGCAACAAATGTGGC-1,1580,1027,TNBC,CID44971,Stroma + adipose tissue,1,14,62,2406,4970,1580,1027,10.253164556962027,False,False,False,True
CATGCGTTAGACAGAA-1,1580,943,TNBC,CID44971,Stroma + adipose tissue,1,15,63,2501,5025,1580,943,15.443037974683543,False,False,False,True
ACACACTTTCTACACG-1,1240,812,TNBC,CID44971,Stroma + adipose tissue,1,14,64,2406,5079,1240,812,9.274193548387096,False,False,False,True
ATTAATTCGGTCACTC-1,1846,1150,TNBC,CID44971,Stroma + adipose tissue,1,14,66,2406,5189,1846,1150,8.234019501625136,False,False,False,True
ACGTTTAGTTGTGATC-1,9960,3599,TNBC,CID44971,Artefact,1,14,68,2406,5298,9960,3599,13.042168674698795,False,True,True,False
CTCTGTTTGAGGATTC-1,3990,2200,TNBC,CID44971,Stroma,1,14,72,2406,5517,3990,2200,6.265664160401002,False,False,False,True
TGGGCACGTTCTATGG-1,2083,1351,TNBC,CID44971,Stroma,1,15,73,2501,5571,2083,1351,5.616898703792607,False,False,False,True
ACTATTCGTCCGTGGT-1,5736,2811,TNBC,CID44971,Stroma,1,14,74,2406,5626,5736,2811,7.165271966527197,False,False,False,True
CCTCTGGCCTAGACGG-1,4388,2369,TNBC,CID44971,Stroma,1,15,75,2501,5681,4388,2369,10.36918869644485,False,False,False,True
CCATAAACAACCCGAC-1,4967,2518,TNBC,CID44971,Stroma,1,14,76,2406,5735,4967,2518,8.938997382725992,False,False,False,True
CATAGTACATTGAGAG-1,2435,1499,TNBC,CID44971,Stroma,1,15,77,2501,5790,2435,1499,7.638603696098563,False,False,False,True
ATTTCATTATTTCGCG-1,2328,1384,TNBC,CID44971,Stroma,1,14,78,2406,5844,2328,1384,7.517182130584192,False,False,False,True
CAACTATATCGAATGC-1,3087,1693,TNBC,CID44971,Stroma,1,15,79,2501,5899,3087,1693,12.277291869128604,False,False,False,True
CTAGTATTCGGAATTA-1,3052,1669,TNBC,CID44971,Stroma,1,14,80,2406,5954,3052,1669,9.01048492791612,False,False,False,True
GTGGAACCTACATGCG-1,1762,1058,TNBC,CID44971,Stroma,1,15,81,2501,6008,1762,1058,13.734392735527809,False,False,False,True
CCTAAAGGCTGACGCT-1,3857,2017,TNBC,CID44971,Stroma,1,14,82,2406,6063,3857,2017,11.148561057816957,False,False,False,True
CGTGACATTGGGTCGT-1,5211,2567,TNBC,CID44971,Stroma,1,15,83,2501,6118,5211,2567,11.725196699289963,False,False,False,True
CCAATCGGTAGATCGA-1,3120,1705,TNBC,CID44971,Stroma,1,14,84,2406,6172,3120,1705,13.717948717948719,False,False,False,True
ATTGTCGCAATACCTT-1,4633,2280,TNBC,CID44971,Stroma,1,15,85,2501,6227,4633,2280,8.698467515648607,False,False,False,True
AAATTACACGACTCTG-1,5027,2417,TNBC,CID44971,Stroma,1,14,86,2406,6282,5027,2417,9.906504873682117,False,False,False,True
CACTCCTCTCGGTCGG-1,6431,2845,TNBC,CID44971,Stroma,1,15,87,2501,6336,6431,2845,8.241331052713418,False,False,False,True
AAATAACCATACGGGA-1,12872,4422,TNBC,CID44971,Stroma,1,14,88,2406,6391,12872,4422,9.18272218769422,False,False,False,True
AGTTACTCTATCGTGG-1,7893,3349,TNBC,CID44971,DCIS,1,15,89,2501,6446,7893,3349,7.36095274293678,False,False,False,True
CGTTAGCTCACAACTG-1,12585,4411,TNBC,CID44971,DCIS,1,14,90,2406,6500,12585,4411,7.922129519268971,False,False,False,True
GAATGTATGGCAGGTC-1,23148,5951,TNBC,CID44971,DCIS,1,15,91,2501,6555,23148,5951,8.199412476239848,False,False,False,True
GCAACCACCAGACCGG-1,20327,5473,TNBC,CID44971,DCIS,1,14,92,2406,6609,20327,5473,8.122201997343435,False,False,False,True
TCACTCGTGCAACGGC-1,14262,5020,TNBC,CID44971,DCIS,1,15,93,2501,6664,14262,5020,3.6530640863833965,False,False,False,True
AAACAGAGCGACTCCT-1,18188,5335,TNBC,CID44971,DCIS,1,14,94,2406,6719,18188,5335,7.026610952276226,False,False,False,True
CAGCCTCTCCTCAAGA-1,5033,2642,TNBC,CID44971,DCIS,1,15,95,2501,6773,5033,2642,4.013510828531691,False,False,False,True
TTGCGTGAACGCTTAG-1,19418,5682,TNBC,CID44971,DCIS,1,14,96,2406,6828,19418,5682,3.028118240807498,False,False,False,True
CCGCCTGCGAATTGGT-1,17633,5469,TNBC,CID44971,DCIS,1,15,97,2501,6883,17633,5469,5.767594850564283,False,False,False,True
AGATGAGGGTTGCGAT-1,12049,3853,TNBC,CID44971,DCIS,1,14,98,2405,6937,12049,3853,6.025396298448004,False,False,False,True
AAATGCTCGTTACGTT-1,2448,1449,TNBC,CID44971,Normal + stroma + lymphocytes,1,16,24,2597,2894,2448,1449,10.498366013071896,False,False,False,True
CATTTCTAGCAGACTA-1,3651,1956,TNBC,CID44971,Normal + stroma + lymphocytes,1,16,26,2597,3003,3651,1956,12.59928786633799,False,False,False,True
CCGAAAGTGGTGAGCA-1,5596,2545,TNBC,CID44971,Normal + stroma + lymphocytes,1,17,27,2692,3058,5596,2545,15.028591851322373,False,False,False,True
AGTCAGCCACCGCCTG-1,7929,3061,TNBC,CID44971,Normal + stroma + lymphocytes,1,16,28,2597,3112,7929,3061,9.774246437129525,False,False,False,True
TCATCACTCGAGCTCG-1,8251,3000,TNBC,CID44971,Normal + stroma + lymphocytes,1,17,29,2692,3167,8251,3000,25.924130408435342,False,False,False,True
CTCAGGACTCACCTGT-1,5396,2478,TNBC,CID44971,Normal + stroma + lymphocytes,1,16,30,2597,3222,5396,2478,11.11934766493699,False,False,False,True
CGGTGTACTTGATCCC-1,8000,3197,TNBC,CID44971,Normal + stroma + lymphocytes,1,17,31,2692,3276,8000,3197,19.3,False,False,False,True
CCTACGGCTCAGTCGA-1,5248,2341,TNBC,CID44971,Normal + stroma + lymphocytes,1,16,32,2597,3331,5248,2341,14.310213414634147,False,False,False,True
GTACTTGGGCACTTCT-1,11348,3643,TNBC,CID44971,Normal + stroma + lymphocytes,1,17,33,2692,3386,11348,3643,13.508988367994359,False,False,False,True
TGATTTCCTCCTGACG-1,4183,2043,TNBC,CID44971,Normal + stroma + lymphocytes,1,16,34,2596,3440,4183,2043,12.479081998565624,False,False,False,True
CCTCACCAATCTTGAC-1,7528,3175,TNBC,CID44971,Normal + stroma + lymphocytes,1,17,35,2692,3495,7528,3175,13.257173219978746,False,False,False,True
GGTGAGATGCAGATAA-1,16327,3903,TNBC,CID44971,Normal + stroma + lymphocytes,1,16,36,2596,3549,16327,3903,8.954492558338947,False,False,False,True
GCTAGTTTCATTGAGG-1,10844,3738,TNBC,CID44971,Normal + stroma + lymphocytes,1,17,37,2692,3604,10844,3738,8.115086683880488,False,False,False,True
AGGACATCGCACGTCG-1,6970,3031,TNBC,CID44971,Normal + stroma + lymphocytes,1,16,38,2596,3659,6970,3031,7.489239598278336,False,False,False,True
GTGGACGTGCTGAGAC-1,5091,2525,TNBC,CID44971,Normal + stroma + lymphocytes,1,17,39,2691,3713,5091,2525,9.428403064230997,False,False,False,True
TAAGGAACTTGTGGGA-1,8775,3453,TNBC,CID44971,Normal + stroma + lymphocytes,1,16,40,2596,3768,8775,3453,7.965811965811966,False,False,False,True
TCGCTGTGCGTAAATC-1,4241,2162,TNBC,CID44971,Normal + stroma + lymphocytes,1,17,41,2691,3823,4241,2162,8.700778118368309,False,False,False,True
GCATCCCTAACTTTGA-1,8185,3330,TNBC,CID44971,Normal + stroma + lymphocytes,1,16,42,2596,3877,8185,3330,7.660354306658522,False,False,False,True
CACCCACACGTCACCC-1,9312,3692,TNBC,CID44971,Normal + stroma + lymphocytes,1,17,43,2691,3932,9312,3692,6.7117697594501715,False,False,False,True
CCCTCATTCTGGAATT-1,9786,3675,TNBC,CID44971,Normal + stroma + lymphocytes,1,16,44,2596,3987,9786,3675,9.237686490905375,False,False,False,True
AGGGCGTGATCGGCTA-1,8883,3301,TNBC,CID44971,Normal + stroma + lymphocytes,1,17,45,2691,4041,8883,3301,8.623212878532026,False,False,False,True
GGTGCGGATAAGTGGC-1,18649,4806,TNBC,CID44971,Normal + stroma + lymphocytes,1,16,46,2596,4096,18649,4806,9.281999034800794,False,False,False,True
TAATATTGAAATTCGC-1,11155,3765,TNBC,CID44971,Normal + stroma + lymphocytes,1,17,47,2691,4151,11155,3765,8.516360376512774,False,False,False,True
CTTACACTGGGAAATA-1,7401,2852,TNBC,CID44971,Normal + stroma + lymphocytes,1,16,48,2596,4205,7401,2852,8.512363194162951,False,False,False,True
ACCAAGAACGCGTGTC-1,5169,2306,TNBC,CID44971,Normal + stroma + lymphocytes,1,17,49,2691,4260,5169,2306,10.466241052427936,False,False,False,True
GCCTTCAGCCCTACCG-1,15520,4124,TNBC,CID44971,Normal + stroma + lymphocytes,1,16,50,2596,4314,15520,4124,8.002577319587628,False,False,False,True
GATGCTACAAGCGCCT-1,6610,2625,TNBC,CID44971,Normal + stroma + lymphocytes,1,17,51,2691,4369,6610,2625,8.290468986384267,False,False,False,True
CCGGGACCCGCAGAGA-1,33245,5515,TNBC,CID44971,Normal + stroma + lymphocytes,1,16,52,2596,4424,33245,5515,9.920288765227854,False,False,False,True
GTTCCAGTCTGACCAT-1,4857,2191,TNBC,CID44971,Normal + stroma + lymphocytes,1,17,53,2691,4478,4857,2191,9.635577516985794,False,False,False,True
ATGATCGGGAATAGAC-1,6000,2173,TNBC,CID44971,Stroma + adipose tissue,1,16,54,2596,4533,6000,2173,9.583333333333334,False,False,False,True
TTGGATTGGGTACCAC-1,2098,1331,TNBC,CID44971,Stroma + adipose tissue,1,17,55,2691,4588,2098,1331,5.338417540514776,False,False,False,True
TACCTCACGCTTGTAC-1,1871,1029,TNBC,CID44971,Stroma + adipose tissue,1,16,56,2596,4642,1871,1029,7.375734901122394,False,False,False,True
ATGACGCCGGCTCTAA-1,1506,966,TNBC,CID44971,Stroma + adipose tissue,1,16,58,2596,4752,1506,966,10.424966799468791,False,False,False,True
AGTAATGTCTTGCCGC-1,1804,1037,TNBC,CID44971,Stroma + adipose tissue,1,16,60,2596,4861,1804,1037,20.121951219512198,False,False,False,True
ACGCCAGATGATTTCT-1,1829,1235,TNBC,CID44971,Stroma,1,17,73,2691,5571,1829,1235,4.702022963367961,False,False,False,True
AGCTATTTAATCCAAC-1,2027,1341,TNBC,CID44971,Stroma,1,16,74,2596,5626,2027,1341,5.278737049827331,False,False,False,True
CCACGAGAAGAGAATC-1,2107,1410,TNBC,CID44971,Stroma,1,17,75,2691,5681,2107,1410,5.790223065970574,False,False,False,True
GATTCCGCGTTTCCGT-1,1676,1089,TNBC,CID44971,Stroma,1,16,76,2596,5735,1676,1089,9.725536992840096,False,False,False,True
GTCGGATGTAGCGCGC-1,2725,1607,TNBC,CID44971,Stroma,1,17,77,2691,5790,2725,1607,11.082568807339449,False,False,False,True
TATTTATACCGAGTAG-1,2142,1271,TNBC,CID44971,Stroma,1,16,78,2596,5845,2142,1271,13.818860877684408,False,False,False,True
GTAGGTGATCCGTGTA-1,1827,1106,TNBC,CID44971,Stroma,1,17,79,2691,5899,1827,1106,16.037219485495346,False,False,False,True
AGTTAAGCGGTCCCGG-1,1364,880,TNBC,CID44971,Stroma,1,16,80,2596,5954,1364,880,14.736070381231672,False,False,False,True
CTGGCGACATAAGTCC-1,5405,2601,TNBC,CID44971,Stroma,1,17,81,2691,6008,5405,2601,7.992599444958372,False,False,False,True
TTGGCCTAGAATTTCG-1,6888,2938,TNBC,CID44971,Stroma,1,16,82,2596,6063,6888,2938,9.915795586527294,False,False,False,True
GGCATATCGGTTCTGC-1,6991,2880,TNBC,CID44971,Stroma,1,17,83,2691,6118,6991,2880,8.08181948219139,False,False,False,True
GGGCGTCCACTGGCTC-1,6134,2676,TNBC,CID44971,Stroma,1,16,84,2596,6172,6134,2676,8.461036843821324,False,False,False,True
TTACCCATTGCCGGGT-1,16228,4729,TNBC,CID44971,Stroma,1,17,85,2691,6227,16228,4729,7.530194725166379,False,False,False,True
TTAGACACGATCGTTG-1,8162,3210,TNBC,CID44971,Stroma,1,16,86,2596,6282,8162,3210,7.167360940945847,False,False,False,True
GCGCTGATCCAGACTC-1,13885,4244,TNBC,CID44971,DCIS,1,17,87,2691,6336,13885,4244,7.245228664025927,False,False,False,True
TTCGGCAACCCGCTGA-1,7831,3105,TNBC,CID44971,DCIS,1,16,88,2596,6391,7831,3105,7.151066275060656,False,False,False,True
GATATTTCCTACATGG-1,14662,4442,TNBC,CID44971,DCIS,1,17,89,2691,6446,14662,4442,7.052243895785022,False,False,False,True
CTGCGTTACGATATAA-1,21158,5614,TNBC,CID44971,DCIS,1,16,90,2596,6500,21158,5614,6.50817657623594,False,False,False,True
TAATAAACAAGGAGAT-1,29090,6851,TNBC,CID44971,DCIS,1,17,91,2691,6555,29090,6851,3.7194912341010653,False,False,False,True
AACCTTTACGACGTCT-1,16138,5160,TNBC,CID44971,DCIS,1,16,92,2596,6610,16138,5160,4.882885115875573,False,False,False,True
AGTCCCGCCTTTAATT-1,14064,4685,TNBC,CID44971,DCIS,1,17,93,2691,6664,14064,4685,5.055460750853243,False,False,False,True
TGAGATTAGGCCCTAA-1,19464,5765,TNBC,CID44971,DCIS,1,16,94,2596,6719,19464,5765,4.202630497328401,False,False,False,True
AGTGTATTGCGCATTG-1,15694,5358,TNBC,CID44971,DCIS,1,17,95,2691,6773,15694,5358,3.198674652733529,False,False,False,True
GTTGGATTCAGTGGCT-1,7034,3480,TNBC,CID44971,DCIS,1,16,96,2596,6828,7034,3480,4.791015069661643,False,False,False,True
TAAAGCTGCAATAGGG-1,28565,7165,TNBC,CID44971,DCIS,1,17,97,2691,6883,28565,7165,4.2499562401540345,False,False,False,True
AGTAGGAAGGAAGTTG-1,17439,5168,TNBC,CID44971,DCIS,1,16,98,2596,6937,17439,5168,8.446585239979356,False,False,False,True
TATCACTTCGAGTAAC-1,9465,3717,TNBC,CID44971,DCIS,1,17,99,2691,6992,9465,3717,7.321711568938194,False,False,False,True
ATAATAGTGTAGGGAC-1,10956,3774,TNBC,CID44971,Normal + stroma + lymphocytes,1,18,30,2787,3222,10956,3774,24.005111354508944,False,False,False,True
ATATTGCTGTCAAAGT-1,13010,4331,TNBC,CID44971,Normal + stroma + lymphocytes,1,18,32,2787,3331,13010,4331,17.079169869331285,False,False,False,True
TATACACGCAAAGTAT-1,13022,4351,TNBC,CID44971,Normal + stroma + lymphocytes,1,18,36,2787,3550,13022,4351,22.04730456151129,False,False,False,True
CCTTCTTGATCCAGTG-1,2469,1565,TNBC,CID44971,Stroma,1,19,73,2881,5571,2469,1565,5.5893074119076545,False,False,False,True
CCTCGCCAGCAAATTA-1,1882,1275,TNBC,CID44971,Stroma,1,18,74,2786,5626,1882,1275,3.7194473963868226,False,False,False,True
TTCATGGCGCAACAGG-1,1549,1071,TNBC,CID44971,Stroma,1,19,75,2881,5681,1549,1071,6.5848934796643,False,False,False,True
TTAATCAGTACGTCAG-1,1688,1094,TNBC,CID44971,Stroma,1,18,76,2786,5735,1688,1094,8.175355450236967,False,False,False,True
CCTATCTATATCGGAA-1,1567,1001,TNBC,CID44971,Stroma,1,19,77,2881,5790,1567,1001,13.33758774728781,False,False,False,True
ATTATACTTTGCTCGT-1,5501,2554,TNBC,CID44971,Stroma,1,18,78,2786,5845,5501,2554,8.362115978912925,False,False,False,True
ATGGATCCGGCGTCCG-1,2524,1469,TNBC,CID44971,Stroma,1,19,79,2881,5899,2524,1469,6.458003169572107,False,False,False,True
CGCCCGCTTCCGTACA-1,4086,1988,TNBC,CID44971,Stroma,1,18,80,2786,5954,4086,1988,11.45374449339207,False,False,False,True
GGATTCCGCTATACCC-1,3021,1723,TNBC,CID44971,Stroma,1,19,81,2881,6009,3021,1723,6.3224097980801055,False,False,False,True
CGGTCTATCAACCCGT-1,5109,2354,TNBC,CID44971,Stroma,1,18,82,2786,6063,5109,2354,6.831082403601488,False,False,False,True
ATGCCGGTTGATGGGA-1,4565,2305,TNBC,CID44971,Stroma,1,19,83,2881,6118,4565,2305,5.717415115005477,False,False,False,True
TCATGCAGGTTCTCAT-1,9313,3378,TNBC,CID44971,Stroma,1,18,84,2786,6172,9313,3378,8.117684956512402,False,False,False,True
TGAGCTTTAATGACGC-1,11360,3755,TNBC,CID44971,DCIS,1,19,85,2881,6227,11360,3755,6.760563380281689,False,False,False,True
TCCCTTAGATTACTCG-1,13620,4447,TNBC,CID44971,DCIS,1,18,86,2786,6282,13620,4447,3.81791483113069,False,False,False,True
ATATCTCCCTCGTTAA-1,24105,5904,TNBC,CID44971,DCIS,1,19,87,2881,6336,24105,5904,4.42231902095001,False,False,False,True
AGCTCTTCCCAGTGCA-1,15546,4717,TNBC,CID44971,DCIS,1,18,88,2786,6391,15546,4717,4.116814614691882,False,False,False,True
TCGCTAAACCGCTATC-1,30463,6515,TNBC,CID44971,DCIS,1,19,89,2881,6446,30463,6515,3.958900961822539,False,False,False,True
CACATTCTTTCGATGG-1,23846,6108,TNBC,CID44971,DCIS,1,18,90,2786,6500,23846,6108,4.0216388492828985,False,False,False,True
GATATGCGGTAGCCAA-1,23035,5783,TNBC,CID44971,DCIS,1,19,91,2881,6555,23035,5783,3.855003255914912,False,False,False,True
CGTTTCACTTCGGGCG-1,18216,5076,TNBC,CID44971,DCIS,1,18,92,2786,6610,18216,5076,6.477821695213,False,False,False,True
CCAATTACGGGTCGAG-1,14152,4592,TNBC,CID44971,DCIS,1,19,93,2881,6664,14152,4592,5.716506500847936,False,False,False,True
GCAGGTAGAGTATGGT-1,16404,5132,TNBC,CID44971,DCIS,1,18,94,2786,6719,16404,5132,5.955864423311388,False,False,False,True
GTCGTATTGGCGTACA-1,13617,4806,TNBC,CID44971,DCIS,1,19,95,2881,6774,13617,4806,3.495630461922597,False,False,False,True
GAAATTAGCACGGATA-1,18292,5884,TNBC,CID44971,DCIS,1,18,96,2786,6828,18292,5884,2.5967636125082003,False,False,False,True
AATGCACCAAGCAATG-1,18276,5495,TNBC,CID44971,DCIS,1,19,97,2881,6883,18276,5495,4.541475158678048,False,False,False,True
AGGACGCTCGATGTTG-1,10782,4053,TNBC,CID44971,DCIS,1,18,98,2786,6937,10782,4053,4.3683917640511964,False,False,False,True
GGCTAAAGGGCGGGTC-1,16749,5003,TNBC,CID44971,DCIS,1,19,99,2881,6992,16749,5003,6.525762732103408,False,False,False,True
CATCTATCCCGTGTCT-1,11102,4009,TNBC,CID44971,DCIS,1,18,100,2786,7047,11102,4009,8.178706539362276,False,False,False,True
CCCGACCATAGTCCGC-1,1897,1270,TNBC,CID44971,Stroma,1,20,74,2976,5626,1897,1270,4.902477596204533,False,False,False,True
CGCGCCCGACTTAATA-1,2922,1777,TNBC,CID44971,Stroma,1,21,75,3071,5681,2922,1777,7.597535934291582,False,False,False,True
TGCCACCTGGCGAAAC-1,1661,1084,TNBC,CID44971,Stroma,1,20,76,2976,5735,1661,1084,12.161348585189645,False,False,False,True
CTGCCAAGGTTGGAAG-1,4085,2004,TNBC,CID44971,Stroma,1,21,77,3071,5790,4085,2004,4.822521419828641,False,False,False,True
TCTCCAACGTAGGTTA-1,1812,1167,TNBC,CID44971,Stroma,1,20,78,2976,5845,1812,1167,5.4635761589403975,False,False,False,True
TTCTTGGAGTAATGAG-1,4080,2030,TNBC,CID44971,Stroma,1,21,79,3071,5899,4080,2030,4.215686274509804,False,False,False,True
GTCTCGATCTGCTTTC-1,2141,1310,TNBC,CID44971,Stroma,1,20,80,2976,5954,2141,1310,6.212050443717889,False,False,False,True
TACTCTCCGAACAAAT-1,4116,2113,TNBC,CID44971,Stroma,1,21,81,3071,6009,4116,2113,4.56754130223518,False,False,False,True
ATCACATTAGAATATC-1,3562,1978,TNBC,CID44971,Stroma,1,20,82,2976,6063,3562,1978,4.856822010106682,False,False,False,True
TACGGGATGCTAGCAG-1,5975,2728,TNBC,CID44971,Stroma,1,21,83,3071,6118,5975,2728,5.489539748953975,False,False,False,True
AGCTGAAGTAAACCAA-1,18162,5090,TNBC,CID44971,Stroma,1,20,84,2976,6172,18162,5090,6.018059685056712,False,False,False,True
CATGGGTCGGGTGTGG-1,25529,5998,TNBC,CID44971,DCIS,1,21,85,3071,6227,25529,5998,4.367581965607741,False,False,False,True
CACCCACGAGGCAATT-1,21401,5408,TNBC,CID44971,DCIS,1,20,86,2976,6282,21401,5408,6.065137143124153,False,False,False,True
TGCCATTACTAAAGAA-1,24642,6200,TNBC,CID44971,DCIS,1,21,87,3071,6336,24642,6200,3.7983929875821767,False,False,False,True
CCGTTACGTTAGAACA-1,27235,6321,TNBC,CID44971,DCIS,1,20,88,2976,6391,27235,6321,4.376721130897742,False,False,False,True
GCCAGGAGTAACCGAT-1,32829,6675,TNBC,CID44971,DCIS,1,21,89,3071,6446,32829,6675,2.427731578787048,False,False,False,True
GGAAAGTGCCCATGCC-1,28973,6535,TNBC,CID44971,DCIS,1,20,90,2976,6500,28973,6535,2.9441203879473994,False,False,False,True
TCTTACCGGAACTCGT-1,12747,4262,TNBC,CID44971,DCIS,1,21,91,3071,6555,12747,4262,3.993096414842708,False,False,False,True
TATGTCAAGACCGACT-1,23248,6023,TNBC,CID44971,DCIS,1,20,92,2976,6610,23248,6023,4.292842395044735,False,False,False,True
CCTAACTAAGGCTCTA-1,23259,5822,TNBC,CID44971,DCIS,1,21,93,3071,6664,23259,5822,5.4559525345027735,False,False,False,True
GCGGTGAACTGCGCTC-1,28439,6394,TNBC,CID44971,DCIS,1,20,94,2976,6719,28439,6394,6.986884208305496,False,False,False,True
CCTCGCGCGATATAGG-1,27037,6275,TNBC,CID44971,DCIS,1,21,95,3071,6774,27037,6275,9.035765802418908,False,False,False,True
ATCGGCAAGCAGTCCA-1,14461,4753,TNBC,CID44971,DCIS,1,20,96,2976,6828,14461,4753,4.681557292026831,False,False,False,True
AGATCGTGCATAAGAT-1,20538,5902,TNBC,CID44971,DCIS,1,21,97,3071,6883,20538,5902,3.968253968253968,False,False,False,True
ATTCAGGACCTATTTC-1,16891,5167,TNBC,CID44971,DCIS,1,20,98,2976,6937,16891,5167,7.986501687289089,False,False,False,True
AGCTAGAAGCAGAAGT-1,24762,6338,TNBC,CID44971,DCIS,1,21,99,3071,6992,24762,6338,8.763427832969874,False,False,False,True
TTCGCTATCTGACGTG-1,13125,4496,TNBC,CID44971,DCIS,1,20,100,2976,7047,13125,4496,7.268571428571429,False,False,False,True
TTCCGCAGAGAAATAT-1,22886,5977,TNBC,CID44971,Lymphocytes,1,21,101,3071,7101,22886,5977,6.654723411692738,False,False,False,True
CAGTACATTCTCTAAA-1,10175,3735,TNBC,CID44971,Lymphocytes,1,20,102,2976,7156,10175,3735,8.54054054054054,False,False,False,True
GTGAAGATTTCAAGTG-1,21331,5646,TNBC,CID44971,Lymphocytes,1,21,103,3071,7211,21331,5646,9.807322675917678,False,False,False,True
AGGTTGAGGCACGCTT-1,2550,1575,TNBC,CID44971,Stroma,1,22,74,3166,5626,2550,1575,6.549019607843137,False,False,False,True
TCCCGTCAGTCCCGCA-1,2845,1684,TNBC,CID44971,Stroma,1,23,75,3262,5681,2845,1684,6.32688927943761,False,False,False,True
TCCGATGACTGAGCTC-1,2372,1464,TNBC,CID44971,Stroma,1,22,76,3166,5735,2372,1464,5.691399662731872,False,False,False,True
CAGCCTCCTGCAGAGG-1,4013,2137,TNBC,CID44971,Stroma,1,23,77,3261,5790,4013,2137,7.0271617243957145,False,False,False,True
CTTAGCCTTCCACATG-1,2773,1571,TNBC,CID44971,Stroma,1,22,78,3166,5845,2773,1571,4.183195095564371,False,False,False,True
ATTAATGAACCAGTCG-1,3838,2028,TNBC,CID44971,Stroma,1,23,79,3261,5899,3838,2028,5.575820739968734,False,False,False,True
ACGATACATAGAACTA-1,4141,2161,TNBC,CID44971,Stroma,1,22,80,3166,5954,4141,2161,5.481767688964019,False,False,False,True
AGCCACTCCCGTGCTT-1,2671,1673,TNBC,CID44971,Lymphocytes,1,23,81,3261,6009,2671,1673,4.792212654436541,False,False,False,True
ATACGGGTTTCGATTG-1,2887,1628,TNBC,CID44971,Stroma,1,22,82,3166,6063,2887,1628,6.8236924142708695,False,False,False,True
CTGTCAAATGGCTCGG-1,3940,2228,TNBC,CID44971,Lymphocytes,1,23,83,3261,6118,3940,2228,3.3248730964467,False,False,False,True
GCTCGGAATTTAAAGC-1,4515,2274,TNBC,CID44971,DCIS,1,22,84,3166,6173,4515,2274,6.157253599114064,False,False,False,True
TAGGCATGTTACGCCA-1,3221,1782,TNBC,CID44971,Lymphocytes,1,23,85,3261,6227,3221,1782,4.781123874573114,False,False,False,True
TGGCAACTCGCGCGCC-1,3695,2070,TNBC,CID44971,Lymphocytes,1,22,86,3166,6282,3695,2070,3.7077131258457374,False,False,False,True
ATCAGTAGGCAGGGAT-1,4743,2381,TNBC,CID44971,Lymphocytes,1,23,87,3261,6336,4743,2381,5.207674467636517,False,False,False,True
TATCGATCTATGCATA-1,7422,3280,TNBC,CID44971,Lymphocytes,1,22,88,3166,6391,7422,3280,3.0180544327674483,False,False,False,True
CGACTCAGGATGTTAT-1,6710,2945,TNBC,CID44971,Stroma,1,23,89,3261,6446,6710,2945,6.154992548435172,False,False,False,True
GCCATATTGCACACAG-1,6086,2894,TNBC,CID44971,Stroma,1,22,90,3166,6500,6086,2894,3.8120276043378247,False,False,False,True
AATTCATAAGGGATCT-1,3482,1963,TNBC,CID44971,Stroma,1,23,91,3261,6555,3482,1963,4.135554279149914,False,False,False,True
CGGTAGAGGTGCAGGT-1,8437,3373,TNBC,CID44971,Stroma,1,22,92,3166,6610,8437,3373,5.938129666943226,False,False,False,True
AATGATGATACGCTAT-1,3234,1848,TNBC,CID44971,Stroma,1,23,93,3261,6664,3234,1848,3.370439084724799,False,False,False,True
CTTGTGCTCACCGATT-1,7046,3257,TNBC,CID44971,Stroma,1,22,94,3166,6719,7046,3257,3.2926483110984957,False,False,False,True
TTCCAATCAGAGCTAG-1,3220,1651,TNBC,CID44971,Stroma,1,23,95,3261,6774,3220,1651,4.068322981366459,False,False,False,True
CGATGGACCCTACGCC-1,9688,3901,TNBC,CID44971,Stroma,1,22,96,3166,6828,9688,3901,5.563583815028902,False,False,False,True
GGTCGGATAAACGGCG-1,8615,3631,TNBC,CID44971,Stroma,1,23,97,3261,6883,8615,3631,4.306442251886245,False,False,False,True
TTAGCTAATACGATCT-1,10205,4092,TNBC,CID44971,Stroma,1,22,98,3166,6938,10205,4092,4.693777560019599,False,False,False,True
CTCGATATTTGCGAGC-1,5454,2755,TNBC,CID44971,Stroma,1,23,99,3261,6992,5454,2755,3.777044371103777,False,False,False,True
ATTACTTACTGGGCAT-1,18963,5393,TNBC,CID44971,DCIS,1,22,100,3166,7047,18963,5393,8.885724832568688,False,False,False,True
CTAGCCGATGTTATGA-1,8786,3794,TNBC,CID44971,DCIS,1,23,101,3261,7101,8786,3794,4.734805372183018,False,False,False,True
TACTGCAATCAATTAC-1,22381,5954,TNBC,CID44971,Lymphocytes,1,22,102,3166,7156,22381,5954,5.93807247218623,False,False,False,True
TAGTCTGTGACGTTGC-1,12043,4532,TNBC,CID44971,DCIS,1,23,103,3261,7211,12043,4532,4.7911649921116,False,False,False,True
CTCGTTTCTAATGTTT-1,20296,5569,TNBC,CID44971,Lymphocytes,1,22,104,3166,7265,20296,5569,9.79996058336618,False,False,False,True
TTCGTTCAACGAAGTT-1,11487,4273,TNBC,CID44971,DCIS,1,23,105,3261,7320,11487,4273,8.026464699225212,False,False,False,True
TGCAGGATCGGCAAAG-1,9173,3545,TNBC,CID44971,Stroma,1,24,74,3357,5626,9173,3545,15.251280933173444,False,False,False,True
ATAACGGAGTCCAACG-1,25371,6397,TNBC,CID44971,DCIS,1,25,75,3452,5681,25371,6397,5.947735603641954,False,False,False,True
AACGATATGTCAACTG-1,17164,5124,TNBC,CID44971,DCIS,1,24,76,3357,5735,17164,5124,7.725471917967839,False,False,False,True
GACAACGACCATTGAA-1,22132,5683,TNBC,CID44971,DCIS,1,25,77,3452,5790,22132,5683,6.388939092716428,False,False,False,True
TTGACCATGTTCTCCG-1,13656,4516,TNBC,CID44971,Stroma,1,24,78,3357,5845,13656,4516,5.660515524311658,False,False,False,True
AGTACGGGCACCTGGC-1,29984,6502,TNBC,CID44971,DCIS,1,25,79,3452,5899,29984,6502,4.465715048025614,False,False,False,True
CGCCATCCGATTATGA-1,3554,2009,TNBC,CID44971,Lymphocytes,1,24,80,3357,5954,3554,2009,5.8525604952166566,False,False,False,True
AAGGTATCCTAATATA-1,5376,2537,TNBC,CID44971,Stroma,1,25,81,3452,6009,5376,2537,5.766369047619048,False,False,False,True
TGTTGTCAAGAAGTCT-1,2199,1441,TNBC,CID44971,Lymphocytes,1,24,82,3357,6063,2199,1441,5.275125056844019,False,False,False,True
CAGTGAATAAATGACT-1,3502,1860,TNBC,CID44971,Stroma,1,25,83,3452,6118,3502,1860,6.510565391205025,False,False,False,True
CACCTTGCGAAACTCG-1,3181,1737,TNBC,CID44971,Lymphocytes,1,24,84,3356,6173,3181,1737,6.25589437283873,False,False,False,True
CATTTAGCGGACCATG-1,7108,2886,TNBC,CID44971,Stroma,1,25,85,3452,6227,7108,2886,8.652222847495779,False,False,False,True
CCAGTCTAGACGGCGC-1,9485,3490,TNBC,CID44971,Stroma,1,24,86,3356,6282,9485,3490,9.425408539799683,False,False,False,True
TCGCTTTAAACGTTTG-1,15598,4896,TNBC,CID44971,Stroma,1,25,87,3452,6337,15598,4896,7.821515578920374,False,False,False,True
GTGAAACGGCGCCACC-1,15229,4326,TNBC,CID44971,Stroma,1,24,88,3356,6391,15229,4326,9.731433449340075,False,False,False,True
GGGCTCATCGAACCCA-1,3172,1780,TNBC,CID44971,Stroma,1,25,89,3451,6446,3172,1780,4.2559899117276165,False,False,False,True
TTGATGTGTAGTCCCG-1,4353,2038,TNBC,CID44971,Stroma,1,24,90,3356,6500,4353,2038,9.372846312887665,False,False,False,True
CAGTAGCCCACGCGGT-1,2545,1488,TNBC,CID44971,Stroma,1,25,91,3451,6555,2545,1488,6.522593320235756,False,False,False,True
AGCGCGGGTGCCAATG-1,2999,1691,TNBC,CID44971,Stroma,1,24,92,3356,6610,2999,1691,5.535178392797599,False,False,False,True
TAATCGATCCGTACGT-1,4322,2203,TNBC,CID44971,Stroma,1,25,93,3451,6664,4322,2203,6.432207311429893,False,False,False,True
AGTGGCGGCAATTTGA-1,3268,1816,TNBC,CID44971,Stroma,1,24,94,3356,6719,3268,1816,5.507955936352509,False,False,False,True
CCTTTCAATGAAGAAA-1,5948,2750,TNBC,CID44971,Stroma,1,25,95,3451,6774,5948,2750,5.497646267652993,False,False,False,True
CTCAGTCACGACAAAT-1,5980,2657,TNBC,CID44971,Lymphocytes,1,24,96,3356,6828,5980,2657,6.137123745819398,False,False,False,True
ATAGGCTAGCTTCGCA-1,4855,2537,TNBC,CID44971,Lymphocytes,1,25,97,3451,6883,4855,2537,3.6457260556127706,False,False,False,True
CGGTTCAAGTAGGTGT-1,6523,2868,TNBC,CID44971,Lymphocytes,1,24,98,3356,6938,6523,2868,5.013030814042619,False,False,False,True
CAGTCGAGGATGCAAT-1,7971,3325,TNBC,CID44971,Lymphocytes,1,25,99,3451,6992,7971,3325,6.962739932254422,False,False,False,True
TATCACCCAACCGACC-1,6602,3124,TNBC,CID44971,Stroma,1,24,100,3356,7047,6602,3124,4.847016055740685,False,False,False,True
AATGATGCGACTCCTG-1,9447,3896,TNBC,CID44971,Stroma,1,25,101,3451,7102,9447,3896,5.059807346247486,False,False,False,True
TGGAACCACTGACACA-1,10595,4247,TNBC,CID44971,DCIS,1,24,102,3356,7156,10595,4247,5.8329400660689,False,False,False,True
GCCAATAGGGCATCTC-1,13532,4811,TNBC,CID44971,DCIS,1,25,103,3451,7211,13532,4811,5.557197753473249,False,False,False,True
TTCTTTGGTCGCGACG-1,13022,4377,TNBC,CID44971,DCIS,1,24,104,3356,7265,13022,4377,9.806481339272,False,False,False,True
ATTAGATTCCTCAGCA-1,10638,4016,TNBC,CID44971,DCIS,1,25,105,3451,7320,10638,4016,9.014852415867644,False,False,False,True
GGGTCGTGGCAAGTGT-1,18065,5018,TNBC,CID44971,DCIS,1,25,107,3451,7429,18065,5018,13.113755881538887,False,False,False,True
CAATAAACCTTGGCCC-1,20199,5527,TNBC,CID44971,DCIS,1,26,74,3547,5626,20199,5527,10.470815386900341,False,False,False,True
ACTTCGCCATACGCAC-1,14977,4806,TNBC,CID44971,DCIS,1,27,75,3642,5681,14977,4806,7.271149095279428,False,False,False,True
ATCTGGTTAAGACTGT-1,26804,6700,TNBC,CID44971,DCIS,1,26,76,3547,5735,26804,6700,3.745709595582749,False,False,False,True
TCGTAAGACGACATTG-1,17409,5137,TNBC,CID44971,DCIS,1,27,77,3642,5790,17409,5137,6.1347578838531795,False,False,False,True
GTGTACCTTGGCTACG-1,27516,6238,TNBC,CID44971,DCIS,1,26,78,3547,5845,27516,6238,4.226631777874691,False,False,False,True
GCCCGTAATACCTTCT-1,18073,5056,TNBC,CID44971,DCIS,1,27,79,3642,5899,18073,5056,4.47629059923643,False,False,False,True
CGGTCAAGTGGGAACC-1,17563,5027,TNBC,CID44971,DCIS,1,26,80,3547,5954,17563,5027,4.782781984854523,False,False,False,True
TTGTAAGGCCAGTTGG-1,15214,4533,TNBC,CID44971,DCIS,1,27,81,3642,6009,15214,4533,4.620744051531484,False,False,False,True
GGAGCACCAAGAACTA-1,6619,2804,TNBC,CID44971,Stroma,1,26,82,3547,6063,6619,2804,6.133857078108475,False,False,False,True
TAATAGTGACGACCAG-1,10641,3604,TNBC,CID44971,Stroma,1,27,83,3642,6118,10641,3604,7.057607367728597,False,False,False,True
CTAAATCCTATTCCGG-1,5265,2456,TNBC,CID44971,Stroma,1,26,84,3547,6173,5265,2456,6.0588793922127255,False,False,False,True
CGAGTTCTGTCCCACC-1,2878,1657,TNBC,CID44971,Stroma,1,27,85,3642,6227,2878,1657,6.219596942321056,False,False,False,True
AGGCAGATGCGTAAAC-1,14494,4654,TNBC,CID44971,Stroma,1,26,86,3547,6282,14494,4654,10.300814129984822,False,False,False,True
AAGGATGAGGGACCTC-1,3323,1799,TNBC,CID44971,Stroma,1,27,87,3642,6337,3323,1799,8.696960577791153,False,False,False,True
AGAGAACCGTCTAGGA-1,3571,1894,TNBC,CID44971,Stroma,1,26,88,3547,6391,3571,1894,4.9005880705684675,False,False,False,True
GAGGGCGCAGCTCTGC-1,1917,1161,TNBC,CID44971,Stroma,1,27,89,3642,6446,1917,1161,8.502869066249348,False,False,False,True
AAGATTGGCGGAACGT-1,3579,1815,TNBC,CID44971,Stroma,1,26,90,3547,6500,3579,1815,6.454316848281643,False,False,False,True
CCAGTAGTCTGATCCA-1,4964,2214,TNBC,CID44971,Stroma,1,27,91,3642,6555,4964,2214,9.226430298146655,False,False,False,True
AAGGGACAGATTCTGT-1,9084,3305,TNBC,CID44971,Stroma,1,26,92,3547,6610,9084,3305,9.23601937472479,False,False,False,True
ATAGAGTTATCAACTT-1,20096,5322,TNBC,CID44971,DCIS,1,27,93,3642,6664,20096,5322,5.677746815286625,False,False,False,True
AAATTACCTATCGATG-1,12795,4163,TNBC,CID44971,DCIS,1,26,94,3547,6719,12795,4163,7.479484173505275,False,False,False,True
GATCCTAAATCGGGAC-1,17244,4934,TNBC,CID44971,DCIS,1,27,95,3642,6774,17244,4934,7.828810020876826,False,False,False,True
TTACAGACCTAAATGA-1,14218,4582,TNBC,CID44971,DCIS,1,26,96,3546,6828,14218,4582,7.174004782669856,False,False,False,True
CCTCACCTTAGCATCG-1,13486,4188,TNBC,CID44971,DCIS,1,27,97,3642,6883,13486,4188,5.976568293044639,False,False,False,True
CATGCGACCAGTTTAA-1,13043,4397,TNBC,CID44971,DCIS,1,26,98,3546,6938,13043,4397,6.7545810013033805,False,False,False,True
AACATATCAACTGGTG-1,19238,5524,TNBC,CID44971,DCIS,1,27,99,3642,6992,19238,5524,4.766607755483938,False,False,False,True
CTATAAGAGCCAATCG-1,10766,4068,TNBC,CID44971,DCIS,1,26,100,3546,7047,10766,4068,7.105703139513282,False,False,False,True
AATATCGAGGGTTCTC-1,10430,4020,TNBC,CID44971,DCIS,1,27,101,3642,7102,10430,4020,5.867689357622244,False,False,False,True
GTACTCCTGGGTATGC-1,11050,4309,TNBC,CID44971,Stroma,1,26,102,3546,7156,11050,4309,4.48868778280543,False,False,False,True
ATAAGTAGGATTCAGA-1,16783,5446,TNBC,CID44971,Stroma,1,27,103,3641,7211,16783,5446,5.142108085562771,False,False,False,True
AGGTCGCGGAGTTACT-1,14705,5042,TNBC,CID44971,DCIS,1,26,104,3546,7265,14705,5042,4.474668480108806,False,False,False,True
CTAATTCTCAGATATT-1,21467,5979,TNBC,CID44971,DCIS,1,27,105,3641,7320,21467,5979,6.526296175525224,False,False,False,True
GCCAACCATTTCCGGA-1,12595,4425,TNBC,CID44971,DCIS,1,26,106,3546,7375,12595,4425,7.78086542278682,False,False,False,True
TGATCCCAGCATTAGT-1,13219,4445,TNBC,CID44971,DCIS,1,27,107,3641,7429,13219,4445,8.858461305696347,False,False,False,True
GAAACCATGGTGCGCT-1,27088,6319,TNBC,CID44971,DCIS,1,27,109,3641,7539,27088,6319,13.688718251624335,False,False,False,True
TGGCCAAACTGAAGTA-1,28752,6557,TNBC,CID44971,DCIS,1,28,76,3737,5735,28752,6557,6.528241513633834,False,False,False,True
GCTTCCGTCCCTAGAC-1,12294,4436,TNBC,CID44971,DCIS,1,29,77,3832,5790,12294,4436,3.6765902066048484,False,False,False,True
CAGCAGCCCGTTCCTT-1,16681,4923,TNBC,CID44971,DCIS,1,28,78,3737,5845,16681,4923,4.436184881002338,False,False,False,True
TGTATAACAGATCCTG-1,21205,6080,TNBC,CID44971,DCIS,1,29,79,3832,5899,21205,6080,2.4286724829049753,False,False,False,True
CGCGGGAATTAGGCAG-1,20767,5487,TNBC,CID44971,DCIS,1,28,80,3737,5954,20767,5487,3.235903115519815,False,False,False,True
TGCATGTGGTAATCTA-1,15258,4587,TNBC,CID44971,DCIS,1,29,81,3832,6009,15258,4587,3.932363350373574,False,False,False,True
ACAATTTGAGCAGTGG-1,32263,6649,TNBC,CID44971,DCIS,1,28,82,3737,6063,32263,6649,4.113070700182872,False,False,False,True
GAGCTAAGGGCATATC-1,5483,2488,TNBC,CID44971,DCIS,1,29,83,3832,6118,5483,2488,5.1978843698705095,False,False,False,True
CCAGATAGTTGAGTGA-1,2523,1473,TNBC,CID44971,DCIS,1,28,84,3737,6173,2523,1473,4.954419342053112,False,False,False,True
CCACAATGTACGTCTT-1,2848,1497,TNBC,CID44971,DCIS,1,29,85,3832,6227,2848,1497,4.10814606741573,False,False,False,True
CAATGGATCTCTACCA-1,2666,1547,TNBC,CID44971,DCIS,1,28,86,3737,6282,2666,1547,5.176294073518379,False,False,False,True
TGTGGCAAAGCGTATG-1,1813,1191,TNBC,CID44971,Lymphocytes,1,29,87,3832,6337,1813,1191,2.592388306674021,False,False,False,True
TAAAGCGTTAGGAGAA-1,4274,2075,TNBC,CID44971,Lymphocytes,1,28,88,3737,6391,4274,2075,6.106691623771642,False,False,False,True
TCCGTTTAGCCTTGAA-1,4367,2271,TNBC,CID44971,Lymphocytes,1,29,89,3832,6446,4367,2271,2.1754064575223264,False,False,False,True
CAGCTCGACAAGTTAA-1,2483,1471,TNBC,CID44971,Lymphocytes,1,28,90,3737,6501,2483,1471,6.7660088602496975,False,False,False,True
GCCTATAGTGTCAGGG-1,4028,2109,TNBC,CID44971,Lymphocytes,1,29,91,3832,6555,4028,2109,3.599801390268123,False,False,False,True
ATAGACAACGGGACCT-1,4896,2385,TNBC,CID44971,DCIS,1,28,92,3737,6610,4896,2385,6.6380718954248366,False,False,False,True
CTACTATCTTTCAGAG-1,6937,2811,TNBC,CID44971,DCIS,1,29,93,3832,6664,6937,2811,5.895920426697419,False,False,False,True
GCGCTGCTTTGCATTT-1,9023,3103,TNBC,CID44971,DCIS,1,28,94,3737,6719,9023,3103,10.473235065942593,False,False,False,True
GCGCATCCAGTCAGCA-1,8591,3103,TNBC,CID44971,DCIS,1,29,95,3832,6774,8591,3103,8.567105109998836,False,False,False,True
GACTCGCGGGAATGAC-1,10659,3640,TNBC,CID44971,DCIS,1,28,96,3737,6828,10659,3640,7.54292147481002,False,False,False,True
CTGGTAACGAGCTCTT-1,9490,3462,TNBC,CID44971,DCIS,1,29,97,3832,6883,9490,3462,6.1749209694415175,False,False,False,True
TCCGGCCTAGCGTACA-1,14983,4439,TNBC,CID44971,DCIS,1,28,98,3737,6938,14983,4439,6.567443102182473,False,False,False,True
TCTAGGTGGCGACGCT-1,12255,4168,TNBC,CID44971,DCIS,1,29,99,3832,6992,12255,4168,4.039167686658507,False,False,False,True
ACGCTAGTGATACACT-1,11213,4202,TNBC,CID44971,DCIS,1,28,100,3737,7047,11213,4202,4.601801480424507,False,False,False,True
ATCTGCACCTCTGCGA-1,10732,4001,TNBC,CID44971,DCIS,1,29,101,3832,7102,10732,4001,4.426015654118523,False,False,False,True
CCTCACCTGAGGGAGC-1,13631,4703,TNBC,CID44971,DCIS,1,28,102,3737,7156,13631,4703,4.922602890470252,False,False,False,True
AGTGAGCCTCGCCGCC-1,14416,4623,TNBC,CID44971,DCIS,1,29,103,3832,7211,14416,4623,8.32408435072142,False,False,False,True
ACGAGTACGGATGCCC-1,16522,5131,TNBC,CID44971,Stroma,1,28,104,3737,7266,16522,5131,7.825929064277933,False,False,False,True
GGTACCATTAAGACGG-1,7928,3489,TNBC,CID44971,Stroma,1,29,105,3832,7320,7928,3489,5.739152371342079,False,False,False,True
TTCTGCTAGACTCCAA-1,8740,3552,TNBC,CID44971,DCIS,1,28,106,3737,7375,8740,3552,6.88787185354691,False,False,False,True
TAACTATTACGCCAAA-1,15206,5124,TNBC,CID44971,Stroma,1,29,107,3832,7429,15206,5124,6.411942654215441,False,False,False,True
GCATTCAAGGCAACGC-1,16782,5188,TNBC,CID44971,DCIS,1,28,108,3736,7484,16782,5188,10.862829221785246,False,False,False,True
AGTACATCATTTATCA-1,20592,5830,TNBC,CID44971,DCIS,1,29,109,3832,7539,20592,5830,6.866744366744366,False,False,False,True
TTGTTGTGTGTCAAGA-1,12859,4475,TNBC,CID44971,DCIS,1,31,77,4022,5790,12859,4475,9.635274904735983,False,False,False,True
ACTGTACGATACACAT-1,17493,5442,TNBC,CID44971,DCIS,1,30,78,3927,5845,17493,5442,4.979134510947237,False,False,False,True
TCCACTTTATCTAGGT-1,12179,4358,TNBC,CID44971,DCIS,1,31,79,4022,5899,12179,4358,6.248460464734379,False,False,False,True
GGTCTGAGAATCTGGA-1,16246,5211,TNBC,CID44971,DCIS,1,30,80,3927,5954,16246,5211,4.653453157700357,False,False,False,True
TAGAAAGGTGGCGCTA-1,20413,5394,TNBC,CID44971,DCIS,1,31,81,4022,6009,20413,5394,6.9416548278058094,False,False,False,True
TATGTCTCATTGTGCC-1,21812,5418,TNBC,CID44971,DCIS,1,30,82,3927,6063,21812,5418,5.593251421236016,False,False,False,True
GGATTTCACTTCTATA-1,15218,4780,TNBC,CID44971,DCIS,1,31,83,4022,6118,15218,4780,6.222893941385202,False,False,False,True
TGAGTGGTCCGTGACG-1,6040,2688,TNBC,CID44971,DCIS,1,30,84,3927,6173,6040,2688,5.347682119205298,False,False,False,True
CGCTTTCTTGCATTCG-1,13870,4445,TNBC,CID44971,DCIS,1,31,85,4022,6227,13870,4445,3.00648882480173,False,False,False,True
ACCCAACGCCCGTGGC-1,5840,2472,TNBC,CID44971,Lymphocytes,1,30,86,3927,6282,5840,2472,3.0821917808219177,False,False,False,True
GAACGTCTCATGGTCG-1,7720,3296,TNBC,CID44971,Lymphocytes,1,31,87,4022,6337,7720,3296,1.8264248704663213,False,False,False,True
AGGGTTCCCTTTGGTT-1,3338,1847,TNBC,CID44971,Lymphocytes,1,30,88,3927,6391,3338,1847,1.7375674056321149,False,False,False,True
GTAGCTTCCTCTTGTT-1,11879,3948,TNBC,CID44971,DCIS,1,31,89,4022,6446,11879,3948,4.992002693829447,False,False,False,True
GCATGAGGGACGCGGC-1,16832,4899,TNBC,CID44971,Lymphocytes,1,30,90,3927,6501,16832,4899,3.5586977186311786,False,False,False,True
CTACCCTAAGGTCATA-1,18428,5081,TNBC,CID44971,DCIS,1,31,91,4022,6555,18428,5081,3.6683308009550686,False,False,False,True
TCACCGCTCGGCACTC-1,12376,3909,TNBC,CID44971,DCIS,1,30,92,3927,6610,12376,3909,5.946994182288299,False,False,False,True
GGCTCGCGTTGAGGTA-1,7321,2999,TNBC,CID44971,DCIS,1,31,93,4022,6665,7321,2999,4.152438191503893,False,False,False,True
CTAACGAAACTTGCTG-1,23401,5464,TNBC,CID44971,DCIS,1,30,94,3927,6719,23401,5464,8.516730054271186,False,False,False,True
TTAAACTCGAATTCAT-1,6450,2936,TNBC,CID44971,DCIS,1,31,95,4022,6774,6450,2936,4.496124031007752,False,False,False,True
TACTTTACTGAGCCGG-1,12243,3933,TNBC,CID44971,DCIS,1,30,96,3927,6828,12243,3933,7.596177407498163,False,False,False,True
GCTTGGATCGATTAGG-1,7066,2906,TNBC,CID44971,DCIS,1,31,97,4022,6883,7066,2906,9.722615341069913,False,False,False,True
CGGTTATCCAACAGTG-1,16250,5058,TNBC,CID44971,DCIS,1,30,98,3927,6938,16250,5058,4.375384615384616,False,False,False,True
CAGACCTGTAAGTGTT-1,17110,5003,TNBC,CID44971,DCIS,1,31,99,4022,6992,17110,5003,5.710111046171829,False,False,False,True
GACGGTCAATAGAAGC-1,19062,5280,TNBC,CID44971,DCIS,1,30,100,3927,7047,19062,5280,6.038191165669919,False,False,False,True
CTGACTGCGCAGCTCG-1,24062,5995,TNBC,CID44971,DCIS,1,31,101,4022,7102,24062,5995,5.909733189261075,False,False,False,True
CCATACCTTTACTTGT-1,14345,4612,TNBC,CID44971,DCIS,1,30,102,3927,7156,14345,4612,9.25758103868944,False,False,False,True
GTAATAAAGGGCTCCC-1,11453,4405,TNBC,CID44971,DCIS,1,31,103,4022,7211,11453,4405,5.31738409150441,False,False,False,True
GTGAACTCCCATTCGA-1,9966,3903,TNBC,CID44971,DCIS,1,30,104,3927,7266,9966,3903,5.649207304836444,False,False,False,True
GTGGTTACTTCTTTCG-1,8770,3693,TNBC,CID44971,DCIS,1,31,105,4022,7320,8770,3693,4.0820980615735465,False,False,False,True
TCAGAACCTCCACAGG-1,10091,4053,TNBC,CID44971,Stroma,1,30,106,3927,7375,10091,4053,5.123377266871469,False,False,False,True
TCCCACTCTCTTCCGG-1,10770,4012,TNBC,CID44971,Stroma,1,31,107,4022,7430,10770,4012,5.394614670380688,False,False,False,True
ATCTTGACTTGTCCAA-1,9431,3860,TNBC,CID44971,DCIS,1,30,108,3927,7484,9431,3860,6.022691125013254,False,False,False,True
TCGGGAACGTGCCTAG-1,12125,4403,TNBC,CID44971,DCIS,1,31,109,4022,7539,12125,4403,8.387628865979382,False,False,False,True
GTTAGCCGTAAATCAA-1,22525,6230,TNBC,CID44971,DCIS,1,30,110,3927,7593,22525,6230,7.5826859045505,False,False,False,True
ATTTACTAAGTCCATT-1,15804,4932,TNBC,CID44971,DCIS,1,31,111,4022,7648,15804,4932,13.96481903315616,False,False,False,True
GGAGGGCTTGGTTGGC-1,13081,4658,TNBC,CID44971,DCIS,1,32,78,4117,5845,13081,4658,6.54384221389802,False,False,False,True
TCGGACGCCCAGCCCA-1,12012,4255,TNBC,CID44971,DCIS,1,33,79,4212,5900,12012,4255,7.326007326007327,False,False,False,True
TCTGTGCCATCATAGT-1,7779,3287,TNBC,CID44971,DCIS,1,32,80,4117,5954,7779,3287,4.383596863350045,False,False,False,True
GTACTGGAGTTAGACC-1,21754,5727,TNBC,CID44971,DCIS,1,33,81,4212,6009,21754,5727,6.127608715638503,False,False,False,True
GGAATGCGCTAGCGTG-1,21594,5561,TNBC,CID44971,DCIS,1,32,82,4117,6063,21594,5561,7.4187274242845245,False,False,False,True
GTGTGAATAACTTAGG-1,18577,5734,TNBC,CID44971,DCIS,1,33,83,4212,6118,18577,5734,4.058782365290413,False,False,False,True
GGTCGGCCAGGAGCTT-1,30882,6268,TNBC,CID44971,DCIS,1,32,84,4117,6173,30882,6268,4.2225244478984525,False,False,False,True
TAGCCGGCGGTCAGCG-1,18836,5256,TNBC,CID44971,DCIS,1,33,85,4212,6227,18836,5256,3.2703334041197705,False,False,False,True
CGGGTGTACCCATTTA-1,5647,2607,TNBC,CID44971,DCIS,1,32,86,4117,6282,5647,2607,1.8593943686913406,False,False,False,True
AGTGATTCAAGCAGGA-1,16999,5063,TNBC,CID44971,DCIS,1,33,87,4212,6337,16999,5063,4.276722160127067,False,False,False,True
GTTGGATTGAGAACAC-1,17085,4836,TNBC,CID44971,DCIS,1,32,88,4117,6391,17085,4836,3.0436055019022534,False,False,False,True
CACACGCGCTGTCTTA-1,10313,3736,TNBC,CID44971,DCIS,1,33,89,4212,6446,10313,3736,4.479782798409774,False,False,False,True
TAGACGCCCGTACCGG-1,13093,3969,TNBC,CID44971,DCIS,1,32,90,4117,6501,13093,3969,5.43038264721607,False,False,False,True
GGTTTCAATCGGTCAG-1,15983,4415,TNBC,CID44971,DCIS,1,33,91,4212,6555,15983,4415,7.633110179565788,False,False,False,True
AATCTGCGTTGGGACG-1,10708,3651,TNBC,CID44971,DCIS,1,32,92,4117,6610,10708,3651,6.583862532685843,False,False,False,True
TTACGGATGGTTCGAG-1,17277,4795,TNBC,CID44971,DCIS,1,33,93,4212,6665,17277,4795,3.9821728309312956,False,False,False,True
CGGCAGGGTCGGGTTG-1,5393,2330,TNBC,CID44971,DCIS,1,32,94,4117,6719,5393,2330,6.489894307435565,False,False,False,True
GCTTTCAGAGGAGGTG-1,11759,3943,TNBC,CID44971,DCIS,1,33,95,4212,6774,11759,3943,4.405136491198231,False,False,False,True
TCTTCCCATGGGCACA-1,4643,2375,TNBC,CID44971,DCIS,1,32,96,4117,6828,4643,2375,4.113719577859143,False,False,False,True
TACCGCGGACTTGCAG-1,18773,5191,TNBC,CID44971,DCIS,1,33,97,4212,6883,18773,5191,3.73941298673627,False,False,False,True
AGAATTATGGATTCGA-1,5018,2555,TNBC,CID44971,DCIS,1,32,98,4117,6938,5018,2555,3.8660821044240734,False,False,False,True
ATTGATGAGTCCTAAC-1,12942,4614,TNBC,CID44971,Lymphocytes,1,33,99,4212,6992,12942,4614,2.7043733580590326,False,False,False,True
TAGGTCGCCGGAACTG-1,10740,4175,TNBC,CID44971,DCIS,1,32,100,4117,7047,10740,4175,4.62756052141527,False,False,False,True
TAACCTACCGTCCGAG-1,7350,3092,TNBC,CID44971,Lymphocytes,1,33,101,4212,7102,7350,3092,3.6054421768707483,False,False,False,True
CTTAGTAGGCCTACAG-1,12449,4659,TNBC,CID44971,DCIS,1,32,102,4117,7156,12449,4659,4.458189412804241,False,False,False,True
CTAGATGTGAGTGTAA-1,10757,4148,TNBC,CID44971,DCIS,1,33,103,4212,7211,10757,4148,4.852654085711629,False,False,False,True
ACTCCCGAATTCGTTT-1,10176,3818,TNBC,CID44971,DCIS,1,32,104,4117,7266,10176,3818,7.5078616352201255,False,False,False,True
GTTCATCGTTTGGCTG-1,14042,4543,TNBC,CID44971,DCIS,1,33,105,4212,7320,14042,4543,7.4704458054408205,False,False,False,True
ACTTTACCCTCATGAA-1,13048,4385,TNBC,CID44971,DCIS,1,32,106,4117,7375,13048,4385,4.276517473942366,False,False,False,True
GCGAGAGTTGCGTCCA-1,11635,4441,TNBC,CID44971,DCIS,1,33,107,4212,7430,11635,4441,3.712935109583154,False,False,False,True
GTTCGGGCGTACCATT-1,7543,3062,TNBC,CID44971,DCIS,1,32,108,4117,7484,7543,3062,4.679835609174068,False,False,False,True
CGACTTTGTATAGCCT-1,16808,5331,TNBC,CID44971,DCIS,1,33,109,4212,7539,16808,5331,4.099238457877202,False,False,False,True
GCCATCGATGCTGCAT-1,16238,5260,TNBC,CID44971,DCIS,1,32,110,4117,7593,16238,5260,7.408547850720532,False,False,False,True
GCATTTCCAAGGCTCC-1,39437,7695,TNBC,CID44971,DCIS,1,33,111,4212,7648,39437,7695,9.526586707913888,False,False,False,True
ATGTAAGGCTGCTCTT-1,33107,6611,TNBC,CID44971,DCIS,1,32,112,4117,7703,33107,6611,16.969221010662398,False,False,False,True
GCTAAGTAGTTTCTCT-1,8508,3764,TNBC,CID44971,DCIS,1,34,80,4307,5954,8508,3764,5.300893276915844,False,False,False,True
ATAACGCCGGAGGGTC-1,15247,4843,TNBC,CID44971,DCIS,1,35,81,4402,6009,15247,4843,7.660523381648848,False,False,False,True
GGATCCGGAATATACT-1,27094,6476,TNBC,CID44971,DCIS,1,34,82,4307,6063,27094,6476,5.739278068945154,False,False,False,True
TGAAAGGACCTGACTC-1,15165,4904,TNBC,CID44971,DCIS,1,35,83,4402,6118,15165,4904,6.4094955489614245,False,False,False,True
TCCGCGGCAGCATCTG-1,17141,5303,TNBC,CID44971,DCIS,1,34,84,4307,6173,17141,5303,3.1620092176652475,False,False,False,True
TGCATATGTCTGTCAC-1,14063,4946,TNBC,CID44971,DCIS,1,35,85,4402,6227,14063,4946,2.5101329730498474,False,False,False,True
TGTAGGAGAAATTTCC-1,21270,5779,TNBC,CID44971,DCIS,1,34,86,4307,6282,21270,5779,5.32204983544899,False,False,False,True
AGTGAGACTTCCAGTA-1,16741,5149,TNBC,CID44971,DCIS,1,35,87,4402,6337,16741,5149,4.999701332059017,False,False,False,True
CCCAAACATGCTGCTC-1,19841,5153,TNBC,CID44971,DCIS,1,34,88,4307,6391,19841,5153,5.523915125245703,False,False,False,True
GCTTATGAAGCAGGAA-1,9596,3614,TNBC,CID44971,DCIS,1,35,89,4402,6446,9596,3614,5.51271363067945,False,False,False,True
TTCTAACCGAAGCTTA-1,11909,4015,TNBC,CID44971,DCIS,1,34,90,4307,6501,11909,4015,5.726761272986817,False,False,False,True
GGATGTCCTTACCGCA-1,19786,5352,TNBC,CID44971,DCIS,1,35,91,4402,6555,19786,5352,5.5493783483270995,False,False,False,True
AGGGTGCTCTCGAGGG-1,13952,4120,TNBC,CID44971,DCIS,1,34,92,4307,6610,13952,4120,6.672878440366972,False,False,False,True
AACTCTCAATAGAGCG-1,6975,2964,TNBC,CID44971,DCIS,1,35,93,4402,6665,6975,2964,5.648745519713262,False,False,False,True
TCTGAATTCCGTACAA-1,21697,5513,TNBC,CID44971,DCIS,1,34,94,4307,6719,21697,5513,5.180439692123335,False,False,False,True
GCGTGGTACTGGGTTA-1,2732,1574,TNBC,CID44971,DCIS,1,35,95,4402,6774,2732,1574,5.636896046852123,False,False,False,True
CGTCGGATAGTGTTGA-1,8356,3347,TNBC,CID44971,DCIS,1,34,96,4307,6829,8356,3347,4.571565342269028,False,False,False,True
ATATGTCTCCCTAGCC-1,4122,2014,TNBC,CID44971,Lymphocytes,1,35,97,4402,6883,4122,2014,4.682193110140708,False,False,False,True
TCTTTAAGACTATGAA-1,20032,5591,TNBC,CID44971,Lymphocytes,1,34,98,4307,6938,20032,5591,3.4544728434504792,False,False,False,True
TCATTTAAGTCTCCGA-1,4467,2349,TNBC,CID44971,Lymphocytes,1,35,99,4402,6992,4467,2349,2.3281844638459814,False,False,False,True
GATATTGAGATTGGCG-1,12794,4496,TNBC,CID44971,Lymphocytes,1,34,100,4307,7047,12794,4496,3.032671564795998,False,False,False,True
TGACATCGAGCGGACC-1,7877,3611,TNBC,CID44971,Lymphocytes,1,35,101,4402,7102,7877,3611,2.005839786720833,False,False,False,True
GCGTAAATGGCCATAA-1,8323,3440,TNBC,CID44971,Lymphocytes,1,34,102,4307,7156,8323,3440,3.1959629941127,False,False,False,True
ATTGTACAACTCGGCT-1,13538,4861,TNBC,CID44971,Lymphocytes,1,35,103,4402,7211,13538,4861,3.848426650908553,False,False,False,True
TACGCTATAGAAACCT-1,13789,4605,TNBC,CID44971,DCIS,1,34,104,4307,7266,13789,4605,8.231198781637538,False,False,False,True
CACCCAAATCTTATGT-1,12226,4383,TNBC,CID44971,Lymphocytes,1,35,105,4402,7320,12226,4383,6.32259119908392,False,False,False,True
AGATGATGGAGTCTGG-1,16683,5168,TNBC,CID44971,DCIS,1,34,106,4307,7375,16683,5168,7.636516214110172,False,False,False,True
CCACGGTGCCCGGTAG-1,18675,5559,TNBC,CID44971,DCIS,1,35,107,4402,7430,18675,5559,6.265060240963856,False,False,False,True
TCAAGAAATACTAGCT-1,16359,5410,TNBC,CID44971,DCIS,1,34,108,4307,7484,16359,5410,5.556574362736109,False,False,False,True
AGGTATAATTGATAGT-1,14258,4898,TNBC,CID44971,DCIS,1,35,109,4402,7539,14258,4898,7.5466404825361195,False,False,False,True
CAAGGTCCTATAGGCT-1,9142,3998,TNBC,CID44971,DCIS,1,34,110,4307,7594,9142,3998,5.0864143513454385,False,False,False,True
CCGGCACGACCGTTTC-1,23837,6504,TNBC,CID44971,DCIS,1,35,111,4402,7648,23837,6504,6.812937869698368,False,False,False,True
ACCTCCGTTATTCACC-1,41724,7867,TNBC,CID44971,DCIS,1,34,112,4307,7703,41724,7867,9.375898763301697,False,False,False,True
AAGAGGCATGGATCGC-1,27870,6494,TNBC,CID44971,DCIS,1,36,80,4497,5954,27870,6494,10.767850735557948,False,False,False,True
CTATTTGGTTACGGAT-1,7815,3461,TNBC,CID44971,DCIS,1,36,82,4497,6064,7815,3461,4.747280870121561,False,False,False,True
GTACAGAGGCAAGGGT-1,13346,4944,TNBC,CID44971,Invasive cancer + lymphocytes,1,37,83,4593,6118,13346,4944,2.719916079724262,False,False,False,True
GGGCCGGCCGAAGTAC-1,24018,6419,TNBC,CID44971,DCIS,1,36,84,4497,6173,24018,6419,5.10866849862603,False,False,False,True
CCTGAACGATATATTC-1,17161,5266,TNBC,CID44971,Invasive cancer + lymphocytes,1,37,85,4593,6227,17161,5266,8.85729269856069,False,False,False,True
CCGGGCTGCTCCATAC-1,19235,5683,TNBC,CID44971,DCIS,1,36,86,4497,6282,19235,5683,4.3982323888744475,False,False,False,True
TACTTGTTAGTAGTCC-1,18467,5424,TNBC,CID44971,Invasive cancer + lymphocytes,1,37,87,4592,6337,18467,5424,8.436670818216278,False,False,False,True
CCTAGGCGTAGCGATC-1,6281,2899,TNBC,CID44971,DCIS,1,36,88,4497,6391,6281,2899,5.078809106830122,False,False,False,True
CTGGCGCACAGGTCTG-1,11031,4287,TNBC,CID44971,DCIS,1,37,89,4592,6446,11031,4287,3.3995104704922494,False,False,False,True
ACTTATACTTACCCGG-1,11787,4340,TNBC,CID44971,DCIS,1,36,90,4497,6501,11787,4340,4.123186561466022,False,False,False,True
GAAGTCTCCCTAGCGA-1,12931,4436,TNBC,CID44971,DCIS,1,37,91,4592,6555,12931,4436,6.697084525558735,False,False,False,True
ACCGATGGTAGCATCG-1,16748,4819,TNBC,CID44971,DCIS,1,36,92,4497,6610,16748,4819,8.10843085741581,False,False,False,True
CGAGTTTATCGGACTG-1,17275,4886,TNBC,CID44971,DCIS,1,37,93,4592,6665,17275,4886,7.259044862518089,False,False,False,True
CATAACGGACAGTCGT-1,15817,4588,TNBC,CID44971,DCIS,1,36,94,4497,6719,15817,4588,10.267433773787698,False,False,False,True
TGACGATGCACTAGAA-1,13465,4411,TNBC,CID44971,DCIS,1,37,95,4592,6774,13465,4411,6.825102116598589,False,False,False,True
TAGGGAGCTTGGGATG-1,4408,2306,TNBC,CID44971,Lymphocytes,1,36,96,4497,6829,4408,2306,4.854809437386569,False,False,False,True
AGGGTCGATGCGAACT-1,8208,3308,TNBC,CID44971,DCIS,1,37,97,4592,6883,8208,3308,6.38401559454191,False,False,False,True
TATATCCCTGGGAGGA-1,5781,2838,TNBC,CID44971,Lymphocytes,1,36,98,4497,6938,5781,2838,2.2833419823559935,False,False,False,True
CATCTTACACCACCTC-1,6457,3052,TNBC,CID44971,Lymphocytes,1,37,99,4592,6992,6457,3052,2.72572402044293,False,False,False,True
GTGCGACAGGGAGTGT-1,8447,3528,TNBC,CID44971,Lymphocytes,1,36,100,4497,7047,8447,3528,2.94779211554398,False,False,False,True
CCGATCTCAACCTTAT-1,15524,5078,TNBC,CID44971,Lymphocytes,1,37,101,4592,7102,15524,5078,4.760371038392167,False,False,False,True
ACGATCATCTTGTAAA-1,29703,6970,TNBC,CID44971,DCIS,1,36,102,4497,7156,29703,6970,4.373295626704373,False,False,False,True
GAAAGAACAGCGTTAT-1,23708,6219,TNBC,CID44971,DCIS,1,37,103,4592,7211,23708,6219,5.116416399527585,False,False,False,True
CTAGGTCTGAAGGAAT-1,23967,6340,TNBC,CID44971,DCIS,1,36,104,4497,7266,23967,6340,4.894229565652773,False,False,False,True
ATATCAACCTACAGAG-1,16098,5365,TNBC,CID44971,DCIS,1,37,105,4592,7320,16098,5365,6.230587650639831,False,False,False,True
AAATAGCTTAGACTTT-1,13271,4700,TNBC,CID44971,DCIS,1,36,106,4497,7375,13271,4700,4.234797679150026,False,False,False,True
GCGACATGTAAACATC-1,18388,5626,TNBC,CID44971,DCIS,1,37,107,4592,7430,18388,5626,5.557972590820101,False,False,False,True
ATAAGTAGGGCGACTC-1,13135,4838,TNBC,CID44971,DCIS,1,36,108,4497,7484,13135,4838,3.9360487247811196,False,False,False,True
GCGAGCGCATGCTCCC-1,22858,6308,TNBC,CID44971,DCIS,1,37,109,4592,7539,22858,6308,5.892904016099396,False,False,False,True
AGGGACCGGCTGCGTT-1,17056,5436,TNBC,CID44971,DCIS,1,36,110,4497,7594,17056,5436,5.417448405253284,False,False,False,True
CCTATGAAGTGGTGCC-1,17733,5681,TNBC,CID44971,DCIS,1,37,111,4592,7648,17733,5681,3.9925562510573505,False,False,False,True
GCTTACGTAGTTAGTA-1,31712,7581,TNBC,CID44971,DCIS,1,36,112,4497,7703,31712,7581,4.143541876892028,False,False,False,True
TTATGATCTTAACGAA-1,11512,4446,TNBC,CID44971,Invasive cancer + lymphocytes,1,38,82,4688,6064,11512,4446,6.488881167477414,False,False,False,True
CGCCGCCCATGCCTGT-1,12923,4638,TNBC,CID44971,Invasive cancer + lymphocytes,1,39,83,4783,6118,12923,4638,5.888725528128144,False,False,False,True
CTGGGATAAATAATGG-1,15869,5480,TNBC,CID44971,Invasive cancer + lymphocytes,1,38,84,4688,6173,15869,5480,5.721847627449745,False,False,False,True
GTGCCCGTTCGGATTC-1,14551,4813,TNBC,CID44971,Invasive cancer + lymphocytes,1,39,85,4783,6228,14551,4813,7.635214074634046,False,False,False,True
TTCAATACTCTGAATC-1,26543,6689,TNBC,CID44971,Invasive cancer + lymphocytes,1,38,86,4688,6282,26543,6689,5.930000376747166,False,False,False,True
CGCACATGTCCACTAC-1,18684,5352,TNBC,CID44971,Invasive cancer + lymphocytes,1,39,87,4783,6337,18684,5352,5.753585955898095,False,False,False,True
AGAAGAGCGCCGTTCC-1,1198,709,TNBC,CID44971,Invasive cancer + lymphocytes,1,38,88,4688,6391,1198,709,9.599332220367279,False,False,False,True
GATAACTCGCACTGTG-1,16211,4864,TNBC,CID44971,Invasive cancer + lymphocytes,1,39,89,4783,6446,16211,4864,5.588797729936463,False,False,False,True
AGTCGACGGTCTCAAG-1,14977,4673,TNBC,CID44971,DCIS,1,38,90,4688,6501,14977,4673,3.5788208586499297,False,False,False,True
GTGACCGCACACTACG-1,10812,3989,TNBC,CID44971,DCIS,1,39,91,4783,6555,10812,3989,4.54125046244913,False,False,False,True
GTATGTGGGTCTAGTT-1,16854,4955,TNBC,CID44971,DCIS,1,38,92,4688,6610,16854,4955,9.024563901744392,False,False,False,True
CTTGAGTTAGGGTAAT-1,8429,3547,TNBC,CID44971,DCIS,1,39,93,4783,6665,8429,3547,6.631866176296121,False,False,False,True
TTAGCTGATTTGCCGT-1,14553,4504,TNBC,CID44971,DCIS,1,38,94,4687,6719,14553,4504,7.682264825121968,False,False,False,True
GCTGTTGCTACCGAAC-1,11079,3970,TNBC,CID44971,DCIS,1,39,95,4783,6774,11079,3970,7.040346601678851,False,False,False,True
TATTACCATCCTGCTT-1,17659,5248,TNBC,CID44971,DCIS,1,38,96,4687,6829,17659,5248,5.74777733733507,False,False,False,True
TTGAATTCACGTGAGG-1,10842,3923,TNBC,CID44971,DCIS,1,39,97,4783,6883,10842,3923,6.456373362848184,False,False,False,True
CCATCTCACCAGTGAA-1,12172,4335,TNBC,CID44971,DCIS,1,38,98,4687,6938,12172,4335,3.9681235622740716,False,False,False,True
CGCACGTGCGCTATCA-1,18968,5395,TNBC,CID44971,DCIS,1,39,99,4782,6993,18968,5395,8.398355124420076,False,False,False,True
ACCCGGATGACGCATC-1,8844,3719,TNBC,CID44971,Lymphocytes,1,38,100,4687,7047,8844,3719,2.4423337856173677,False,False,False,True
CGCTAGAGACCGCTGC-1,11350,4363,TNBC,CID44971,DCIS,1,39,101,4782,7102,11350,4363,4.5198237885462555,False,False,False,True
ATAGTTCCACCCACTC-1,18432,5643,TNBC,CID44971,Lymphocytes,1,38,102,4687,7156,18432,5643,3.9171006944444446,False,False,False,True
GCAGACCCAGCACGTA-1,15732,5212,TNBC,CID44971,DCIS,1,39,103,4782,7211,15732,5212,4.938977879481312,False,False,False,True
TAGACTACCTAGCGTT-1,17695,5498,TNBC,CID44971,Lymphocytes,1,38,104,4687,7266,17695,5498,4.221531506075162,False,False,False,True
GGTTCTACTCGTCTGA-1,19285,5743,TNBC,CID44971,DCIS,1,39,105,4782,7320,19285,5743,5.382421571169303,False,False,False,True
GACTCACCCACGTGAG-1,11883,4432,TNBC,CID44971,DCIS,1,38,106,4687,7375,11883,4432,4.8893377093326595,False,False,False,True
AGCTCTTCGTAACCTT-1,26912,6683,TNBC,CID44971,DCIS,1,39,107,4782,7430,26912,6683,8.620689655172415,False,False,False,True
ACTATCCAGGGCATGG-1,17083,5434,TNBC,CID44971,DCIS,1,38,108,4687,7484,17083,5434,4.150324884387988,False,False,False,True
AAGGATCGATCGCTTG-1,23736,6012,TNBC,CID44971,DCIS,1,39,109,4782,7539,23736,6012,13.102460397708123,False,False,False,True
ATATCGGTAGGGAGAT-1,25604,6550,TNBC,CID44971,DCIS,1,38,110,4687,7594,25604,6550,8.650992032494923,False,False,False,True
ATTTGTCTTGGGAGCT-1,7713,3291,TNBC,CID44971,Invasive cancer + lymphocytes,1,40,84,4878,6173,7713,3291,9.088551795669648,False,False,False,True
CCTCGGACCGGGATAG-1,7902,3494,TNBC,CID44971,Invasive cancer + lymphocytes,1,41,85,4973,6228,7902,3494,7.4158440901037705,False,False,False,True
TAGGTGCTCGCCTAGC-1,9787,4044,TNBC,CID44971,Invasive cancer + lymphocytes,1,40,86,4878,6282,9787,4044,4.7614182078267095,False,False,False,True
CTTTAGGAACACTGTT-1,4899,2502,TNBC,CID44971,Invasive cancer + lymphocytes,1,41,87,4973,6337,4899,2502,5.817513778322106,False,False,False,True
TCGGGCCGTCGTGGTA-1,11358,4176,TNBC,CID44971,Invasive cancer + lymphocytes,1,40,88,4878,6391,11358,4176,6.920232435287903,False,False,False,True
AGTGCTTGCACGAATA-1,4819,2392,TNBC,CID44971,Invasive cancer + lymphocytes,1,41,89,4973,6446,4819,2392,6.9724009130525015,False,False,False,True
TGCAGTTTCCTCCCAT-1,11237,3857,TNBC,CID44971,Invasive cancer + lymphocytes,1,40,90,4878,6501,11237,3857,9.735694580404022,False,False,False,True
TGAGAGATTTACCACG-1,5485,2309,TNBC,CID44971,Invasive cancer + lymphocytes,1,41,91,4973,6555,5485,2309,3.646308113035551,False,False,False,True
GAAACAGATGACCACC-1,16286,4908,TNBC,CID44971,DCIS,1,40,92,4878,6610,16286,4908,5.575340783495027,False,False,False,True
AGCAACATATCTTATT-1,11102,3979,TNBC,CID44971,Invasive cancer + lymphocytes,1,41,93,4973,6665,11102,3979,7.953521887948117,False,False,False,True
CAAGTGTGGTTGCAAA-1,12920,4338,TNBC,CID44971,DCIS,1,40,94,4878,6719,12920,4338,9.953560371517028,False,False,False,True
GCCTCATCTGGAAATA-1,16207,4819,TNBC,CID44971,DCIS,1,41,95,4973,6774,16207,4819,12.105880175232924,False,False,False,True
AACCCTACTGTCAATA-1,14401,4690,TNBC,CID44971,DCIS,1,40,96,4878,6829,14401,4690,8.673008818832026,False,False,False,True
ACGTATTACTCCGATC-1,8322,3557,TNBC,CID44971,DCIS,1,41,97,4973,6883,8322,3557,7.714491708723864,False,False,False,True
TCTGGGAACCTTTGAA-1,17158,5294,TNBC,CID44971,DCIS,1,40,98,4878,6938,17158,5294,7.920503555192913,False,False,False,True
GCTCGCTCATGTCCAA-1,6965,3135,TNBC,CID44971,DCIS,1,41,99,4973,6993,6965,3135,7.925340990667625,False,False,False,True
GCGCAAGAGCGCGCTG-1,9804,3812,TNBC,CID44971,DCIS,1,40,100,4878,7047,9804,3812,6.935944512443901,False,False,False,True
TTGACGCTCCATGAGC-1,8767,3675,TNBC,CID44971,DCIS,1,41,101,4973,7102,8767,3675,8.372305235542376,False,False,False,True
TATAGATGGTCGCAGT-1,15589,5164,TNBC,CID44971,DCIS,1,40,102,4878,7156,15589,5164,5.6899095516069025,False,False,False,True
TTACATGCCACAACTA-1,21952,5921,TNBC,CID44971,DCIS,1,41,103,4973,7211,21952,5921,7.457179300291545,False,False,False,True
ACATGGCGCCAAAGTA-1,25607,6826,TNBC,CID44971,DCIS,1,40,104,4878,7266,25607,6826,5.221228570312805,False,False,False,True
CATGACTTCGCTGAAT-1,22859,6099,TNBC,CID44971,DCIS,1,40,106,4877,7375,22859,6099,14.379456669145632,False,False,False,True
GACAGCCAGACCTGAC-1,11452,4337,TNBC,CID44971,Invasive cancer + lymphocytes,1,42,86,5068,6282,11452,4337,7.500873209919664,False,False,False,True
GGCGAAATCTAACTTG-1,10507,4115,TNBC,CID44971,Invasive cancer + lymphocytes,1,43,87,5163,6337,10507,4115,4.711144950985058,False,False,False,True
CTGGTAACACATAGAA-1,6305,2917,TNBC,CID44971,Invasive cancer + lymphocytes,1,42,88,5068,6392,6305,2917,5.582870737509913,False,False,False,True
TAGCCATTTCAAAGTC-1,10547,4074,TNBC,CID44971,Invasive cancer + lymphocytes,1,43,89,5163,6446,10547,4074,6.039632122878544,False,False,False,True
GGGATTTACCGCACCT-1,3418,1821,TNBC,CID44971,Invasive cancer + lymphocytes,1,42,90,5068,6501,3418,1821,5.5002925687536575,False,False,False,True
ATGCCATTTGCGACCA-1,4248,2232,TNBC,CID44971,Invasive cancer + lymphocytes,1,43,91,5163,6555,4248,2232,4.378531073446328,False,False,False,True
GAATAGACGCGACCCA-1,5702,2717,TNBC,CID44971,Invasive cancer + lymphocytes,1,42,92,5068,6610,5702,2717,6.418800420904945,False,False,False,True
TGTATGGCGCAGACAG-1,2975,1738,TNBC,CID44971,Invasive cancer + lymphocytes,1,43,93,5163,6665,2975,1738,5.344537815126051,False,False,False,True
GGATGAAGATCGCTGA-1,7971,3586,TNBC,CID44971,Invasive cancer + lymphocytes,1,42,94,5068,6719,7971,3586,5.419646217538578,False,False,False,True
CGACAATTTGATCTAA-1,5004,2556,TNBC,CID44971,Invasive cancer + lymphocytes,1,43,95,5163,6774,5004,2556,6.874500399680255,False,False,False,True
AAAGTTGACTCCCGTA-1,5527,2706,TNBC,CID44971,Invasive cancer + lymphocytes,1,42,96,5068,6829,5527,2706,5.301248416862674,False,False,False,True
CACGCGGAACTGTTGC-1,7603,3405,TNBC,CID44971,DCIS,1,42,98,5068,6938,7603,3405,9.33841904511377,False,False,False,True
GGTTACCACCCTCGGG-1,17319,5468,TNBC,CID44971,Invasive cancer + lymphocytes,1,45,33,5354,3386,17319,5468,10.889774236387781,False,False,False,True
CGAGTACTAAAGAGGA-1,24218,6546,TNBC,CID44971,Invasive cancer + lymphocytes,1,45,35,5354,3495,24218,6546,4.215872491535222,False,False,False,True
GCAAGAATTCCTTGGC-1,13506,4748,TNBC,CID44971,Invasive cancer + lymphocytes,1,44,36,5259,3550,13506,4748,8.988597660299126,False,False,False,True
TCGCCGAAGTTGCGTC-1,6093,2829,TNBC,CID44971,Invasive cancer + lymphocytes,1,45,37,5354,3605,6093,2829,6.663384211390119,False,False,False,True
GCCACAATTTAAGGAC-1,10004,3890,TNBC,CID44971,Invasive cancer + lymphocytes,1,45,39,5354,3714,10004,3890,5.257896841263494,False,False,False,True
TGAGTGCCTCTTAAAT-1,12118,4313,TNBC,CID44971,Invasive cancer + lymphocytes,1,45,41,5354,3823,12118,4313,16.289816801452382,False,False,False,True
GAGTGTGCGGTACCCA-1,18658,5469,TNBC,CID44971,Invasive cancer + lymphocytes,1,44,88,5258,6392,18658,5469,3.3497695358559327,False,False,False,True
CAAGATATTATAACGT-1,19321,5338,TNBC,CID44971,Invasive cancer + lymphocytes,1,45,89,5353,6446,19321,5338,4.632265410693028,False,False,False,True
ACACACCAGGACCAGT-1,5496,2864,TNBC,CID44971,Invasive cancer + lymphocytes,1,44,90,5258,6501,5496,2864,1.8740902474526928,False,False,False,True
ATGGGCCTCGGCCTCT-1,21611,6099,TNBC,CID44971,Invasive cancer + lymphocytes,1,45,91,5353,6556,21611,6099,11.202628291148027,False,False,False,True
AAGGTGATAAACCAGC-1,8168,3658,TNBC,CID44971,Invasive cancer + lymphocytes,1,44,92,5258,6610,8168,3658,3.4769833496571985,False,False,False,True
TCTTACTTATGCCTCT-1,19096,5758,TNBC,CID44971,Invasive cancer + lymphocytes,1,45,93,5353,6665,19096,5758,5.5770842061164645,False,False,False,True
AAAGTGTGATTTATCT-1,6871,3183,TNBC,CID44971,Invasive cancer + lymphocytes,1,44,94,5258,6719,6871,3183,4.9774414204628155,False,False,False,True
CCACGGAGCCATAAGA-1,25394,6106,TNBC,CID44971,Invasive cancer + lymphocytes,1,47,27,5544,3058,25394,6106,26.604709773962355,False,False,False,True
CTTCTATGTTGAAGTA-1,20725,5762,TNBC,CID44971,Invasive cancer + lymphocytes,1,46,28,5449,3113,20725,5762,12.062726176115802,False,False,False,True
CACCGTTGCGCGATAT-1,11032,4418,TNBC,CID44971,Invasive cancer + lymphocytes,1,47,29,5544,3168,11032,4418,7.1065989847715745,False,False,False,True
TCTAGCAATCTCCGCC-1,19550,5747,TNBC,CID44971,Invasive cancer + lymphocytes,1,46,30,5449,3222,19550,5747,8.70076726342711,False,False,False,True
AGTTTGGCCAGACCTA-1,14497,5096,TNBC,CID44971,Invasive cancer + lymphocytes,1,47,31,5544,3277,14497,5096,6.242670897427054,False,False,False,True
TTGTAAGGACCTAAGT-1,4729,2586,TNBC,CID44971,Invasive cancer + lymphocytes,1,46,32,5449,3332,4729,2586,3.764009304292662,False,False,False,True
AAATTTGCGGGTGTGG-1,11074,4340,TNBC,CID44971,Invasive cancer + lymphocytes,1,47,33,5544,3386,11074,4340,5.372945638432364,False,False,False,True
AAGTTCGGCCAACAGG-1,22816,6272,TNBC,CID44971,Invasive cancer + lymphocytes,1,46,34,5449,3441,22816,6272,7.3194249649368865,False,False,False,True
CCGCTTACCTCACTCT-1,12961,4623,TNBC,CID44971,Invasive cancer + lymphocytes,1,47,35,5544,3496,12961,4623,7.183087724712599,False,False,False,True
ATCACGTGCTAATTAA-1,14472,4930,TNBC,CID44971,Invasive cancer + lymphocytes,1,46,36,5449,3550,14472,4930,4.332504145936982,False,False,False,True
GGTGAAGTACAGGGAT-1,8487,3561,TNBC,CID44971,Invasive cancer + lymphocytes,1,47,37,5544,3605,8487,3561,4.017909744314834,False,False,False,True
GCTGTATTACTGGCCC-1,6059,2855,TNBC,CID44971,Invasive cancer + lymphocytes,1,46,38,5449,3659,6059,2855,4.522198382571382,False,False,False,True
AACGGCCATCTCCGGT-1,7230,2847,TNBC,CID44971,Invasive cancer + lymphocytes,1,47,39,5544,3714,7230,2847,3.0567081604426,False,False,False,True
TAAGTAACATCTTGAC-1,10594,3813,TNBC,CID44971,Invasive cancer + lymphocytes,1,46,40,5449,3769,10594,3813,2.6618840853313195,False,False,False,True
TTCTTGAGCCGCGCTA-1,7251,2732,TNBC,CID44971,Invasive cancer + lymphocytes,1,47,41,5544,3823,7251,2732,2.261756999034616,False,False,False,True
AGTGCGTAGCTCGTAA-1,7287,3021,TNBC,CID44971,Invasive cancer + lymphocytes,1,46,42,5449,3878,7287,3021,4.665843282557979,False,False,False,True
GGGATGGTCGTAACCG-1,3402,1938,TNBC,CID44971,Invasive cancer + lymphocytes,1,47,43,5544,3933,3402,1938,4.732510288065844,False,False,False,True
GTCTGGGCGGTCGAGA-1,10931,4201,TNBC,CID44971,Invasive cancer + lymphocytes,1,46,44,5449,3987,10931,4201,9.203183606257433,False,False,False,True
CGGAACGTAAACATAG-1,13471,4855,TNBC,CID44971,Invasive cancer + lymphocytes,1,47,45,5544,4042,13471,4855,6.881449038675673,False,False,False,True
CAAACGAGTATCGCAG-1,19669,5656,TNBC,CID44971,Invasive cancer + lymphocytes,1,47,47,5544,4151,19669,5656,12.059586150795669,False,False,False,True
ACTTATTTATGTGCCA-1,40681,7688,TNBC,CID44971,Invasive cancer + lymphocytes,1,46,90,5448,6501,40681,7688,22.52648656621027,False,False,False,True
GCCCGACTTCTTCCCG-1,10697,4264,TNBC,CID44971,Invasive cancer + lymphocytes,1,49,25,5734,2949,10697,4264,4.206786949612041,False,False,False,True
CTGGCATCCGAATGAG-1,22580,6060,TNBC,CID44971,Invasive cancer + lymphocytes,1,48,26,5639,3004,22580,6060,16.527900797165636,False,False,False,True
AAGTGCGTTAGAATCT-1,7412,3553,TNBC,CID44971,Invasive cancer + lymphocytes,1,49,27,5734,3058,7412,3553,4.263356718834323,False,False,False,True
AGAAGTGATTCGTGAT-1,10219,4326,TNBC,CID44971,Invasive cancer + lymphocytes,1,48,28,5639,3113,10219,4326,5.264703004207848,False,False,False,True
TACCTTAAGATTTCCC-1,18470,5735,TNBC,CID44971,Invasive cancer + lymphocytes,1,49,29,5734,3168,18470,5735,4.926908500270709,False,False,False,True
AATGACAGCAATGTCT-1,17471,5565,TNBC,CID44971,Invasive cancer + lymphocytes,1,48,30,5639,3222,17471,5565,6.370556922900807,False,False,False,True
TCAACGCAGGAAATAA-1,30539,6844,TNBC,CID44971,Invasive cancer + lymphocytes,1,49,31,5734,3277,30539,6844,7.672156914109826,False,False,False,True
TATTCCTCCGCCCACT-1,18999,5440,TNBC,CID44971,Invasive cancer + lymphocytes,1,48,32,5639,3332,18999,5440,8.68993104900258,False,False,False,True
ATCAAACGAAGGTTTG-1,22568,6099,TNBC,CID44971,Invasive cancer + lymphocytes,1,49,33,5734,3386,22568,6099,5.817972350230415,False,False,False,True
TTGATTAGCTGTTTCT-1,16911,5383,TNBC,CID44971,Invasive cancer + lymphocytes,1,48,34,5639,3441,16911,5383,8.674827035657264,False,False,False,True
CTGCTGAGGCCACGAA-1,13268,4529,TNBC,CID44971,Invasive cancer + lymphocytes,1,49,35,5734,3496,13268,4529,4.145312028941815,False,False,False,True
CCGTGTTAAATTCCAT-1,11080,4012,TNBC,CID44971,Invasive cancer + lymphocytes,1,48,36,5639,3550,11080,4012,3.772563176895307,False,False,False,True
CACGTCGGCAACCTCT-1,6422,2501,TNBC,CID44971,Invasive cancer + lymphocytes,1,49,37,5734,3605,6422,2501,3.643724696356275,False,False,False,True
GTATTCTGAGAAACGA-1,8436,3055,TNBC,CID44971,Invasive cancer + lymphocytes,1,48,38,5639,3659,8436,3055,3.2005689900426746,False,False,False,True
CGGTGCGCGTTGGTCC-1,5202,2178,TNBC,CID44971,Invasive cancer + lymphocytes,1,49,39,5734,3714,5202,2178,3.2487504805843908,False,False,False,True
GTGATTCGCCGCTCAA-1,9207,2803,TNBC,CID44971,Invasive cancer + lymphocytes,1,48,40,5639,3769,9207,2803,2.3894862604540026,False,False,False,True
GCCCGCGCGTAAACGG-1,14163,4823,TNBC,CID44971,Invasive cancer + lymphocytes,1,49,41,5734,3823,14163,4823,4.58236249382193,False,False,False,True
AACGTACTGTGGGTAC-1,5728,2742,TNBC,CID44971,Invasive cancer + lymphocytes,1,48,42,5639,3878,5728,2742,5.778631284916201,False,False,False,True
GAGTATGCCCGCCTTG-1,8351,3398,TNBC,CID44971,Invasive cancer + lymphocytes,1,49,43,5734,3933,8351,3398,5.31672853550473,False,False,False,True
TGATTCTGTCGCCGGT-1,7614,3297,TNBC,CID44971,Invasive cancer + lymphocytes,1,48,44,5639,3987,7614,3297,2.4034672970843185,False,False,False,True
GGGCGGCAAATGAATT-1,8298,3520,TNBC,CID44971,Invasive cancer + lymphocytes,1,49,45,5734,4042,8298,3520,2.6030368763557483,False,False,False,True
TTCCAATCTGGCTATC-1,6144,3032,TNBC,CID44971,Invasive cancer + lymphocytes,1,48,46,5639,4097,6144,3032,2.587890625,False,False,False,True
GGAACCGTGTAAATTG-1,11301,4486,TNBC,CID44971,Invasive cancer + lymphocytes,1,49,47,5734,4151,11301,4486,2.920095566764003,False,False,False,True
TTGGTCACACTCGTAA-1,11750,4410,TNBC,CID44971,Invasive cancer + lymphocytes,1,48,48,5639,4206,11750,4410,6.425531914893617,False,False,False,True
CGAACCCGCATGCGTC-1,12482,4610,TNBC,CID44971,Invasive cancer + lymphocytes,1,49,49,5734,4261,12482,4610,5.9605832398654055,False,False,False,True
TACCAGAAGTAGGTTC-1,18168,5263,TNBC,CID44971,Lymphocytes,1,49,51,5734,4370,18168,5263,9.318582122413034,False,False,False,True
GATGTAACGAACCACC-1,29794,6781,TNBC,CID44971,Invasive cancer + lymphocytes,1,51,21,5924,2731,29794,6781,9.115929381754716,False,False,False,True
CTCCCTCCTTTCGATC-1,7382,3274,TNBC,CID44971,Invasive cancer + lymphocytes,1,51,23,5924,2840,7382,3274,3.8742888106204276,False,False,False,True
TTGGAAGAATACAGTC-1,17728,5573,TNBC,CID44971,Invasive cancer + lymphocytes,1,50,24,5829,2894,17728,5573,5.984882671480144,False,False,False,True
AGTTAAGTCAACCGCT-1,9493,3961,TNBC,CID44971,Invasive cancer + lymphocytes,1,51,25,5924,2949,9493,3961,4.561255662066786,False,False,False,True
CTCATGGTAATTTGCG-1,5877,2993,TNBC,CID44971,Invasive cancer + lymphocytes,1,50,26,5829,3004,5877,2993,4.662242640803131,False,False,False,True
AAAGTAGCATTGCTCA-1,18010,5485,TNBC,CID44971,Invasive cancer + lymphocytes,1,51,27,5924,3058,18010,5485,3.5480288728484175,False,False,False,True
TTGTGGTAGGAGGGAT-1,20224,5821,TNBC,CID44971,Invasive cancer + lymphocytes,1,50,28,5829,3113,20224,5821,4.994066455696203,False,False,False,True
AGTCGTGGGCATTACG-1,12089,4263,TNBC,CID44971,Invasive cancer + lymphocytes,1,51,29,5924,3168,12089,4263,3.854743982132517,False,False,False,True
ACCTAAGTACCTTTCA-1,19971,5846,TNBC,CID44971,Invasive cancer + lymphocytes,1,50,30,5829,3222,19971,5846,3.9507285564067898,False,False,False,True
GTAGAGGGAGACAAGT-1,16294,5267,TNBC,CID44971,Invasive cancer + lymphocytes,1,51,31,5924,3277,16294,5267,4.805449858843746,False,False,False,True
GATCCTCGACACTGGC-1,20662,5789,TNBC,CID44971,Invasive cancer + lymphocytes,1,50,32,5829,3332,20662,5789,5.531894298712612,False,False,False,True
CCTACATTCACAGACG-1,3171,1879,TNBC,CID44971,Invasive cancer + lymphocytes,1,51,33,5924,3386,3171,1879,3.878902554399243,False,False,False,True
TTGACCGTGTTAATGA-1,8039,3475,TNBC,CID44971,Invasive cancer + lymphocytes,1,50,34,5829,3441,8039,3475,3.4457022017663888,False,False,False,True
TCTGTTACCCAGCATA-1,3338,1927,TNBC,CID44971,Invasive cancer + lymphocytes,1,51,35,5924,3496,3338,1927,2.9059316956261236,False,False,False,True
CTAACTGGTCCGGTTC-1,2288,1428,TNBC,CID44971,Invasive cancer + lymphocytes,1,50,36,5829,3550,2288,1428,5.201048951048951,False,False,False,True
AGCGACAGGAACGGTC-1,3737,1945,TNBC,CID44971,Invasive cancer + lymphocytes,1,51,37,5924,3605,3737,1945,4.495584693604496,False,False,False,True
TAATAGAACAGAGTTA-1,2424,1406,TNBC,CID44971,Invasive cancer + lymphocytes,1,50,38,5829,3660,2424,1406,5.528052805280528,False,False,False,True
ACAGGTGGAGGTGAGG-1,3985,1698,TNBC,CID44971,Invasive cancer + lymphocytes,1,51,39,5924,3714,3985,1698,3.4378920953575913,False,False,False,True
TGCGAGAATATTACCC-1,4116,2045,TNBC,CID44971,Invasive cancer + lymphocytes,1,50,40,5829,3769,4116,2045,5.00485908649174,False,False,False,True
TTGCGTCGGCCAACCG-1,2861,1494,TNBC,CID44971,Invasive cancer + lymphocytes,1,51,41,5924,3823,2861,1494,5.662355819643481,False,False,False,True
AGGCTTCCCGAAGAAG-1,13759,4623,TNBC,CID44971,Invasive cancer + lymphocytes,1,50,42,5829,3878,13759,4623,5.036703248782615,False,False,False,True
GCGGACCGCGTTGTGG-1,7718,2976,TNBC,CID44971,Invasive cancer + lymphocytes,1,51,43,5924,3933,7718,2976,7.242809017880279,False,False,False,True
GTAATCTGATTCTTCG-1,8622,3343,TNBC,CID44971,Invasive cancer + lymphocytes,1,50,44,5829,3987,8622,3343,2.563210392020413,False,False,False,True
CCGCGGAATGCGTCAC-1,10361,3412,TNBC,CID44971,Invasive cancer + lymphocytes,1,51,45,5924,4042,10361,3412,4.709970080108097,False,False,False,True
TTCCACACAGATTTGA-1,10440,3818,TNBC,CID44971,Invasive cancer + lymphocytes,1,50,46,5829,4097,10440,3818,2.5191570881226055,False,False,False,True
CTTCTATTAATGCTAG-1,5677,2563,TNBC,CID44971,Invasive cancer + lymphocytes,1,51,47,5924,4151,5677,2563,3.2763783688567907,False,False,False,True
CATTTGAGTGGTACGT-1,6313,3109,TNBC,CID44971,Invasive cancer + lymphocytes,1,50,48,5829,4206,6313,3109,3.453191826389989,False,False,False,True
TCACAGCAAACTCGAA-1,5616,2733,TNBC,CID44971,Lymphocytes,1,51,49,5924,4261,5616,2733,2.475071225071225,False,False,False,True
CAGACGAACCTGATAC-1,6283,3174,TNBC,CID44971,Lymphocytes,1,50,50,5829,4315,6283,3174,2.196402992201178,False,False,False,True
TAGCTAGAAGGCATGA-1,8036,3473,TNBC,CID44971,Lymphocytes,1,51,51,5924,4370,8036,3473,2.0905923344947737,False,False,False,True
CGCGAGTCTGCCGGGT-1,28840,6593,TNBC,CID44971,Invasive cancer + lymphocytes,1,52,20,6020,2676,28840,6593,10.436893203883495,False,False,False,True
TGCGTCATGACTGAGC-1,14917,4758,TNBC,CID44971,Invasive cancer + lymphocytes,1,53,21,6115,2731,14917,4758,10.484681906549573,False,False,False,True
GTATGAAATTTCACTC-1,11087,4541,TNBC,CID44971,Invasive cancer + lymphocytes,1,52,22,6020,2785,11087,4541,3.2560656624875977,False,False,False,True
TTGGTTGCGGTGCGCG-1,10625,4168,TNBC,CID44971,Invasive cancer + lymphocytes,1,53,23,6115,2840,10625,4168,5.289411764705882,False,False,False,True
ACAGAACTGAGAACAA-1,16774,5442,TNBC,CID44971,Invasive cancer + lymphocytes,1,52,24,6020,2895,16774,5442,4.6023607964707285,False,False,False,True
CTACTATCATAGGTTT-1,5054,2519,TNBC,CID44971,Invasive cancer + lymphocytes,1,53,25,6115,2949,5054,2519,2.0577760189948555,False,False,False,True
CCTCTATCGATTAGCA-1,9049,3840,TNBC,CID44971,Invasive cancer + lymphocytes,1,52,26,6019,3004,9049,3840,3.138468339042988,False,False,False,True
CCGTATCTCGTCGTAG-1,10237,4057,TNBC,CID44971,Invasive cancer + lymphocytes,1,53,27,6115,3058,10237,4057,3.3310540197323437,False,False,False,True
TCACGATGTCCGTGGA-1,12703,4565,TNBC,CID44971,Invasive cancer + lymphocytes,1,52,28,6019,3113,12703,4565,2.936314256474849,False,False,False,True
TCAACAAAGATAATTC-1,18971,5614,TNBC,CID44971,Invasive cancer + lymphocytes,1,53,29,6115,3168,18971,5614,4.064097833535396,False,False,False,True
ATGACGCGTTCTATCC-1,17245,5230,TNBC,CID44971,Invasive cancer + lymphocytes,1,52,30,6019,3222,17245,5230,3.9431719338938827,False,False,False,True
ATTTGCGCGAGTAGCT-1,12055,4209,TNBC,CID44971,Invasive cancer + lymphocytes,1,53,31,6114,3277,12055,4209,4.52094566569888,False,False,False,True
TTCTTGGACGATCTGC-1,5854,2773,TNBC,CID44971,Invasive cancer + lymphocytes,1,52,32,6019,3332,5854,2773,3.4506320464639564,False,False,False,True
AGACGACGATGCCGCT-1,5449,2495,TNBC,CID44971,Invasive cancer + lymphocytes,1,53,33,6114,3386,5449,2495,4.331069921086438,False,False,False,True
GGTCTCTGAATGGACT-1,4306,1942,TNBC,CID44971,Invasive cancer + lymphocytes,1,52,34,6019,3441,4306,1942,2.5777984208081746,False,False,False,True
GCTCAATCCGTTTATT-1,3509,1733,TNBC,CID44971,Invasive cancer + lymphocytes,1,53,35,6114,3496,3509,1733,2.1373610715303504,False,False,False,True
CCAGAAAGCAACTCAT-1,3464,1888,TNBC,CID44971,Invasive cancer + lymphocytes,1,52,36,6019,3550,3464,1888,3.6085450346420322,False,False,False,True
CACCGTTAGGGATCAC-1,1688,1108,TNBC,CID44971,Invasive cancer + lymphocytes,1,53,37,6114,3605,1688,1108,3.850710900473934,False,False,False,True
AATAACACTAGAACAA-1,4636,2476,TNBC,CID44971,Invasive cancer + lymphocytes,1,52,38,6019,3660,4636,2476,4.5297670405522,False,False,False,True
CACCCGGTTTGTGACT-1,1902,1182,TNBC,CID44971,Invasive cancer + lymphocytes,1,53,39,6114,3714,1902,1182,3.838065194532071,False,False,False,True
CCACCAACTTTACTGT-1,2141,1347,TNBC,CID44971,Invasive cancer + lymphocytes,1,52,40,6019,3769,2141,1347,4.156936011209715,False,False,False,True
AACTCTCAGTGTGCTC-1,2375,1429,TNBC,CID44971,Invasive cancer + lymphocytes,1,53,41,6114,3824,2375,1429,4.968421052631579,False,False,False,True
AAACCGTTCGTCCAGG-1,9106,3582,TNBC,CID44971,Invasive cancer + lymphocytes,1,52,42,6019,3878,9106,3582,5.545793981989896,False,False,False,True
CAGCGATTCCCTTCAA-1,7238,2949,TNBC,CID44971,Invasive cancer + lymphocytes,1,53,43,6114,3933,7238,2949,4.9184857695496,False,False,False,True
GCTAGCTTGAATAGCT-1,8263,3327,TNBC,CID44971,Invasive cancer + lymphocytes,1,52,44,6019,3987,8263,3327,6.474646012344184,False,False,False,True
TTGCGGCATCAGAAAG-1,10716,3850,TNBC,CID44971,Invasive cancer + lymphocytes,1,53,45,6114,4042,10716,3850,4.292646509891751,False,False,False,True
AATAGAACAGAGTGGC-1,6212,2652,TNBC,CID44971,Invasive cancer + lymphocytes,1,52,46,6019,4097,6212,2652,3.396651641983258,False,False,False,True
GCCATCGAGCTGCGTG-1,10441,3584,TNBC,CID44971,Invasive cancer + lymphocytes,1,53,47,6114,4151,10441,3584,3.936404558950292,False,False,False,True
ACACTGATCAAGGTGT-1,6048,2684,TNBC,CID44971,Invasive cancer + lymphocytes,1,52,48,6019,4206,6048,2684,3.1084656084656084,False,False,False,True
ACCAACGCTTATTTAT-1,10961,4069,TNBC,CID44971,Invasive cancer + lymphocytes,1,53,49,6114,4261,10961,4069,3.439467201897637,False,False,False,True
GACATCGATTTATAAC-1,6271,2954,TNBC,CID44971,Lymphocytes,1,52,50,6019,4315,6271,2954,2.663052144793494,False,False,False,True
CAGACACCGATCGCTG-1,7273,3276,TNBC,CID44971,Lymphocytes,1,53,51,6114,4370,7273,3276,3.574865942527155,False,False,False,True
CCAAGAAAGTGGGCGA-1,18357,5605,TNBC,CID44971,Lymphocytes,1,52,52,6019,4425,18357,5605,7.512120716892738,False,False,False,True
GGTAGACCGTTGGGCG-1,14915,5050,TNBC,CID44971,Lymphocytes,1,53,53,6114,4479,14915,5050,9.668119342943346,False,False,False,True
CAGATCCTGGTTTGAA-1,10838,4062,TNBC,CID44971,Invasive cancer + lymphocytes,1,55,17,6305,2512,10838,4062,7.565971581472597,False,False,False,True
CTTCAGTGGTCGCCTA-1,9440,3713,TNBC,CID44971,Invasive cancer + lymphocytes,1,54,18,6210,2567,9440,3713,9.798728813559322,False,False,False,True
GGGCAACCGCACGTGC-1,6606,3105,TNBC,CID44971,Invasive cancer + lymphocytes,1,55,19,6305,2621,6606,3105,6.721162579473205,False,False,False,True
GACCCAATTATGATAC-1,5735,2727,TNBC,CID44971,Invasive cancer + lymphocytes,1,54,20,6210,2676,5735,2727,6.817785527462947,False,False,False,True
GAAGCTCGGACCCGTC-1,4575,2444,TNBC,CID44971,Invasive cancer + lymphocytes,1,55,21,6305,2731,4575,2444,6.841530054644809,False,False,False,True
CGTCGGGTCTAAGCGC-1,6249,2917,TNBC,CID44971,Invasive cancer + lymphocytes,1,54,22,6210,2785,6249,2917,7.217154744759162,False,False,False,True
GAGGCCCGACTCCGCA-1,5852,2849,TNBC,CID44971,Invasive cancer + lymphocytes,1,55,23,6305,2840,5852,2849,4.750512645249487,False,False,False,True
TTGCCATAGCCCGCTC-1,10931,4111,TNBC,CID44971,Invasive cancer + lymphocytes,1,54,24,6210,2895,10931,4111,6.001280761138047,False,False,False,True
TAACATACACGCGATC-1,17617,5248,TNBC,CID44971,Invasive cancer + lymphocytes,1,55,25,6305,2949,17617,5248,8.037690866776408,False,False,False,True
CCGACGGGCATGAGGT-1,19300,5683,TNBC,CID44971,Invasive cancer + lymphocytes,1,54,26,6210,3004,19300,5683,5.015544041450777,False,False,False,True
AATGTGCCCGAGGTGT-1,12115,4416,TNBC,CID44971,Invasive cancer + lymphocytes,1,55,27,6305,3059,12115,4416,3.400742880726372,False,False,False,True
AGCTGTAACCTCAATC-1,8482,3578,TNBC,CID44971,Invasive cancer + lymphocytes,1,54,28,6210,3113,8482,3578,3.890591841546805,False,False,False,True
CGAGTGAAGGTACCAG-1,3430,2009,TNBC,CID44971,Invasive cancer + lymphocytes,1,55,29,6305,3168,3430,2009,3.2944606413994166,False,False,False,True
AGTCTCACAAGACTAC-1,3766,2048,TNBC,CID44971,Invasive cancer + lymphocytes,1,54,30,6210,3222,3766,2048,1.6994158258098777,False,False,False,True
AAATTGATAGTCCTTT-1,3166,1844,TNBC,CID44971,Invasive cancer + lymphocytes,1,55,31,6305,3277,3166,1844,3.3480732785849656,False,False,False,True
TAAGTCGCCGAGTATC-1,6958,2919,TNBC,CID44971,Invasive cancer + lymphocytes,1,54,32,6210,3332,6958,2919,4.340327680367921,False,False,False,True
GCGGAGAAACTTCGCA-1,3674,1838,TNBC,CID44971,Invasive cancer + lymphocytes,1,55,33,6305,3386,3674,1838,3.26619488296135,False,False,False,True
GGCAAAGGCGCCAATA-1,4147,1882,TNBC,CID44971,Invasive cancer + lymphocytes,1,54,34,6210,3441,4147,1882,3.568844948155293,False,False,False,True
ATTTCCGGGTTCTGCG-1,1798,1036,TNBC,CID44971,Lymphocytes,1,55,35,6305,3496,1798,1036,2.5583982202447166,False,False,False,True
TAAACCCAGGAGGGCA-1,3909,1877,TNBC,CID44971,Lymphocytes,1,54,36,6210,3550,3909,1877,2.276797134817089,False,False,False,True
TTCGGGCGCTAGTCTT-1,2011,1324,TNBC,CID44971,Lymphocytes,1,55,37,6305,3605,2011,1324,2.138239681750373,False,False,False,True
GTGGAGTCGGCGGTTG-1,5627,2675,TNBC,CID44971,Lymphocytes,1,54,38,6209,3660,5627,2675,3.1455482495112848,False,False,False,True
GCACGCCTACTTAGAT-1,1969,1186,TNBC,CID44971,Lymphocytes,1,55,39,6305,3714,1969,1186,2.5393600812595225,False,False,False,True
CAATATTCTTGACCTA-1,1970,1242,TNBC,CID44971,Invasive cancer + lymphocytes,1,54,40,6209,3769,1970,1242,4.873096446700507,False,False,False,True
CGTTTGTGTAGAGGGT-1,3189,1756,TNBC,CID44971,Invasive cancer + lymphocytes,1,55,41,6305,3824,3189,1756,4.201944183129508,False,False,False,True
CATAGCGTTGCCCACC-1,5913,2588,TNBC,CID44971,Invasive cancer + lymphocytes,1,54,42,6209,3878,5913,2588,3.450025367833587,False,False,False,True
TGATACATTTAGCCGT-1,7496,3162,TNBC,CID44971,Invasive cancer + lymphocytes,1,55,43,6305,3933,7496,3162,5.349519743863394,False,False,False,True
TTCCGGCCTTGAGGCT-1,9392,3491,TNBC,CID44971,Invasive cancer + lymphocytes,1,54,44,6209,3987,9392,3491,5.078790459965928,False,False,False,True
CCTATACCGTCCTGTC-1,4964,2136,TNBC,CID44971,Invasive cancer + lymphocytes,1,55,45,6304,4042,4964,2136,2.800161160354553,False,False,False,True
TCGTTGCTATCCGGTC-1,4368,2011,TNBC,CID44971,Invasive cancer + lymphocytes,1,54,46,6209,4097,4368,2011,4.006410256410256,False,False,False,True
TGGCGACTGCTCCAAA-1,8170,3210,TNBC,CID44971,Invasive cancer + lymphocytes,1,55,47,6304,4151,8170,3210,3.3782129742962055,False,False,False,True
CAGAGGCGATGCATGA-1,10512,3960,TNBC,CID44971,Invasive cancer + lymphocytes,1,54,48,6209,4206,10512,3960,7.638888888888889,False,False,False,True
TCACAGGAGAATAAGA-1,10136,4020,TNBC,CID44971,Invasive cancer + lymphocytes,1,55,49,6304,4261,10136,4020,6.550907655880031,False,False,False,True
GGGTTAACATTTGAGT-1,5830,2806,TNBC,CID44971,Lymphocytes,1,54,50,6209,4315,5830,2806,3.224699828473413,False,False,False,True
GCGGGCGAGCCTTACC-1,3221,1946,TNBC,CID44971,Lymphocytes,1,55,51,6304,4370,3221,1946,2.887302080099348,False,False,False,True
TGCCAATGGGTACTCT-1,1980,1401,TNBC,CID44971,Lymphocytes,1,54,52,6209,4425,1980,1401,3.4848484848484853,False,False,False,True
AGGGACTCTACGCGAC-1,7624,3460,TNBC,CID44971,Lymphocytes,1,55,53,6304,4479,7624,3460,5.272822665267577,False,False,False,True
GACGCCGTAAAGGCTA-1,26751,6750,TNBC,CID44971,Lymphocytes,1,54,54,6209,4534,26751,6750,13.644349743934805,False,False,False,True
AAAGGCTCTCGCGCCG-1,39828,8027,TNBC,CID44971,Lymphocytes,1,55,55,6304,4589,39828,8027,12.581600883800343,False,False,False,True
TATTATGTTTGCCTGC-1,5942,2894,TNBC,CID44971,Invasive cancer + lymphocytes,1,57,17,6495,2512,5942,2894,6.3614944463143726,False,False,False,True
GTCAAAGAAGTGGTGT-1,3720,2256,TNBC,CID44971,Invasive cancer + lymphocytes,1,56,18,6400,2567,3720,2256,4.623655913978494,False,False,False,True
GGGACAGAGTTACTCC-1,6038,2839,TNBC,CID44971,Invasive cancer + lymphocytes,1,57,19,6495,2621,6038,2839,6.724080821464061,False,False,False,True
AGCAACCGAAAGTAAT-1,6606,3050,TNBC,CID44971,Invasive cancer + lymphocytes,1,56,20,6400,2676,6606,3050,8.462004238570996,False,False,False,True
CTCTCTAACTGCCTAG-1,5042,2582,TNBC,CID44971,Invasive cancer + lymphocytes,1,57,21,6495,2731,5042,2582,4.502181673938913,False,False,False,True
ATACGGAACGTCGTTT-1,3933,2208,TNBC,CID44971,Invasive cancer + lymphocytes,1,56,22,6400,2785,3933,2208,4.017289600813628,False,False,False,True
TCGGTCCCGACAATAG-1,7366,3395,TNBC,CID44971,Invasive cancer + lymphocytes,1,57,23,6495,2840,7366,3395,4.262829215313603,False,False,False,True
CGCGCAAATGTCCAGA-1,14398,4790,TNBC,CID44971,Invasive cancer + lymphocytes,1,56,24,6400,2895,14398,4790,6.000833449090152,False,False,False,True
TCTAATACTGCCTCAG-1,11933,4393,TNBC,CID44971,Invasive cancer + lymphocytes,1,57,25,6495,2949,11933,4393,4.525266068884606,False,False,False,True
CTCGGTTGTCGGCCCT-1,17428,5166,TNBC,CID44971,Invasive cancer + lymphocytes,1,56,26,6400,3004,17428,5166,6.983015836584807,False,False,False,True
GGTAACCGGGAGGATA-1,14178,4443,TNBC,CID44971,Invasive cancer + lymphocytes,1,57,27,6495,3059,14178,4443,2.271124277048949,False,False,False,True
CAGGCGCACGGTGGTC-1,8775,3622,TNBC,CID44971,Invasive cancer + lymphocytes,1,56,28,6400,3113,8775,3622,3.5327635327635325,False,False,False,True
TCATCGATGGTCCCAA-1,6439,3028,TNBC,CID44971,Invasive cancer + lymphocytes,1,57,29,6495,3168,6439,3028,2.779934772480199,False,False,False,True
CAAAGATTATTGGGCC-1,11044,4117,TNBC,CID44971,Invasive cancer + lymphocytes,1,56,30,6400,3222,11044,4117,4.092720028975009,False,False,False,True
ACAATGAATACGGAGA-1,14025,4831,TNBC,CID44971,Invasive cancer + lymphocytes,1,57,31,6495,3277,14025,4831,3.358288770053476,False,False,False,True
GCTCCTGACATACTGG-1,7794,3189,TNBC,CID44971,Invasive cancer + lymphocytes,1,56,32,6400,3332,7794,3189,4.708750320759559,False,False,False,True
GATGACAAGTAGGGCA-1,9314,3451,TNBC,CID44971,Invasive cancer + lymphocytes,1,57,33,6495,3386,9314,3451,3.6074726218595665,False,False,False,True
TACGCCGAGGGTACCC-1,4980,2136,TNBC,CID44971,Lymphocytes,1,56,34,6400,3441,4980,2136,3.4337349397590358,False,False,False,True
AAGCGTCCCTCATCGA-1,4665,2178,TNBC,CID44971,Lymphocytes,1,57,35,6495,3496,4665,2178,2.786709539121115,False,False,False,True
CACTCCTATGTAAGAT-1,1558,1102,TNBC,CID44971,Lymphocytes,1,56,36,6400,3550,1558,1102,2.631578947368421,False,False,False,True
TCGAGCCAGGCAGGCC-1,1677,1132,TNBC,CID44971,Lymphocytes,1,57,37,6495,3605,1677,1132,2.265951103160406,False,False,False,True
TCGTCAAGTACGCGCA-1,2378,1444,TNBC,CID44971,Lymphocytes,1,56,38,6400,3660,2378,1444,1.9764507989907487,False,False,False,True
CCCGTAGCTGGGAAGA-1,4146,2210,TNBC,CID44971,Lymphocytes,1,57,39,6495,3714,4146,2210,2.532561505065123,False,False,False,True
ACCCTATGCCATATCG-1,5897,2560,TNBC,CID44971,Lymphocytes,1,56,40,6400,3769,5897,2560,3.4085128031202303,False,False,False,True
GTGGTATAGTCTGCCG-1,6629,2992,TNBC,CID44971,Invasive cancer + lymphocytes,1,57,41,6495,3824,6629,2992,3.4243475637351035,False,False,False,True
CCGGTTTGTAATTGTG-1,10485,3970,TNBC,CID44971,Invasive cancer + lymphocytes,1,56,42,6400,3878,10485,3970,4.253695755841679,False,False,False,True
GTCGCCGTTGTGTGTT-1,6484,2625,TNBC,CID44971,Invasive cancer + lymphocytes,1,57,43,6495,3933,6484,2625,3.8402220851326345,False,False,False,True
TACTGAACAGATTTAG-1,4697,2268,TNBC,CID44971,Invasive cancer + lymphocytes,1,56,44,6400,3988,4697,2268,4.258037044922291,False,False,False,True
TATTAACCTGACCGCG-1,5066,2531,TNBC,CID44971,Invasive cancer + lymphocytes,1,57,45,6495,4042,5066,2531,5.309909198578761,False,False,False,True
CTGTAGCCATCTCACT-1,6037,2732,TNBC,CID44971,Invasive cancer + lymphocytes,1,56,46,6400,4097,6037,2732,3.693887692562531,False,False,False,True
TACTATGGTTCCTCAG-1,6625,3160,TNBC,CID44971,Invasive cancer + lymphocytes,1,57,47,6495,4151,6625,3160,5.343396226415095,False,False,False,True
GAGTCAGACCAGAATC-1,8523,3641,TNBC,CID44971,Invasive cancer + lymphocytes,1,56,48,6400,4206,8523,3641,4.083069341781063,False,False,False,True
TAAGGCATAACATCAA-1,17145,5614,TNBC,CID44971,Invasive cancer + lymphocytes,1,57,49,6495,4261,17145,5614,3.8728492271799357,False,False,False,True
CTTCCGCTCCGTGAAG-1,6256,3033,TNBC,CID44971,Invasive cancer + lymphocytes,1,56,50,6399,4315,6256,3033,3.804347826086957,False,False,False,True
GGGCTATGATCGATGG-1,18278,5715,TNBC,CID44971,Invasive cancer + lymphocytes,1,57,51,6495,4370,18278,5715,6.882591093117409,False,False,False,True
GGTCGGTCGTCCACAG-1,7770,3519,TNBC,CID44971,Lymphocytes,1,56,52,6399,4425,7770,3519,2.87001287001287,False,False,False,True
GGGACCCGTATATCTT-1,12918,4963,TNBC,CID44971,Lymphocytes,1,57,53,6495,4479,12918,4963,3.6615575166434433,False,False,False,True
GAAAGCAGTGCACTTT-1,11644,4696,TNBC,CID44971,Lymphocytes,1,56,54,6399,4534,11644,4696,3.2119546547578155,False,False,False,True
AGCGCATAATGAATCG-1,13979,5069,TNBC,CID44971,Lymphocytes,1,57,55,6495,4589,13979,5069,6.352385721439302,False,False,False,True
GCTGCTAAGTAGTCGA-1,41914,7928,TNBC,CID44971,Lymphocytes,1,56,56,6399,4643,41914,7928,13.114949658825214,False,False,False,True
AATAGTCCGTCCCGAC-1,15269,4972,TNBC,CID44971,Lymphocytes,1,57,57,6494,4698,15269,4972,15.829458379723624,False,False,False,True
ACCGGTCAGGTACACC-1,9691,4175,TNBC,CID44971,Invasive cancer + lymphocytes,1,59,15,6685,2403,9691,4175,5.902383654937571,False,False,False,True
GTGGAGCGTTTACCGA-1,2851,1831,TNBC,CID44971,Invasive cancer + lymphocytes,1,58,16,6590,2458,2851,1831,4.45457734128376,False,False,False,True
AGGCGGTTTGTCCCGC-1,5576,2769,TNBC,CID44971,Invasive cancer + lymphocytes,1,59,17,6685,2512,5576,2769,7.173601147776183,False,False,False,True
TCCCTGGCGTATTAAC-1,5318,2629,TNBC,CID44971,Invasive cancer + lymphocytes,1,58,18,6590,2567,5318,2629,8.706280556600225,False,False,False,True
AAACACCAATAACTGC-1,4496,2515,TNBC,CID44971,Invasive cancer + lymphocytes,1,59,19,6685,2621,4496,2515,4.4261565836298935,False,False,False,True
TGGACGCAATCCAGCC-1,4114,2304,TNBC,CID44971,Invasive cancer + lymphocytes,1,58,20,6590,2676,4114,2304,4.691298006806028,False,False,False,True
GGAACCTTGACTCTGC-1,8830,3719,TNBC,CID44971,Invasive cancer + lymphocytes,1,59,21,6685,2731,8830,3719,4.597961494903737,False,False,False,True
GTATCTCAGTCTTGAC-1,7015,3173,TNBC,CID44971,Invasive cancer + lymphocytes,1,58,22,6590,2785,7015,3173,4.20527441197434,False,False,False,True
GCTGAATCTTCCAATC-1,16553,5232,TNBC,CID44971,Invasive cancer + lymphocytes,1,59,23,6685,2840,16553,5232,5.539781308524135,False,False,False,True
AGATGCAAGACGTGCA-1,18711,5549,TNBC,CID44971,Invasive cancer + lymphocytes,1,58,24,6590,2895,18711,5549,4.858104858104858,False,False,False,True
TTAAGGCCCGTACTTT-1,17770,5330,TNBC,CID44971,Invasive cancer + lymphocytes,1,59,25,6685,2949,17770,5330,3.9167135621834555,False,False,False,True
AGTATGCTGGAGACCA-1,9192,3666,TNBC,CID44971,Invasive cancer + lymphocytes,1,58,26,6590,3004,9192,3666,3.1440382941688423,False,False,False,True
GCGGCAAAGTATTGCC-1,17041,5358,TNBC,CID44971,Invasive cancer + lymphocytes,1,59,27,6685,3059,17041,5358,3.4094243295581244,False,False,False,True
GCGCAAATATATTCAA-1,13037,4671,TNBC,CID44971,Invasive cancer + lymphocytes,1,58,28,6590,3113,13037,4671,3.7968857866073487,False,False,False,True
GAAGAAACGATATTGT-1,16447,5333,TNBC,CID44971,Invasive cancer + lymphocytes,1,59,29,6685,3168,16447,5333,2.657019517237186,False,False,False,True
GGACCTCTAGGCCGCC-1,3905,2159,TNBC,CID44971,Invasive cancer + lymphocytes,1,58,30,6590,3223,3905,2159,2.5096030729833547,False,False,False,True
AACAGCTGTGTGGCAA-1,15879,5065,TNBC,CID44971,Invasive cancer + lymphocytes,1,59,31,6685,3277,15879,5065,3.375527426160337,False,False,False,True
TCGAATATCCCGCAGG-1,8707,3596,TNBC,CID44971,Invasive cancer + lymphocytes,1,58,32,6590,3332,8707,3596,2.1706672792006434,False,False,False,True
GCGACCCAACCATCTG-1,25497,6837,TNBC,CID44971,Invasive cancer + lymphocytes,1,59,33,6685,3386,25497,6837,2.9532886221908456,False,False,False,True
AGAGAAGGAGTACAAT-1,7870,3343,TNBC,CID44971,Invasive cancer + lymphocytes,1,58,34,6590,3441,7870,3343,2.363405336721728,False,False,False,True
GGCTCCTCCACCTGTT-1,7577,3329,TNBC,CID44971,Invasive cancer + lymphocytes,1,59,35,6685,3496,7577,3329,2.3360168932295102,False,False,False,True
TCAGTGTATACGTCAT-1,4556,2269,TNBC,CID44971,Invasive cancer + lymphocytes,1,58,36,6590,3550,4556,2269,2.326602282704126,False,False,False,True
ATTATTATGTCCGTCA-1,7651,3214,TNBC,CID44971,Invasive cancer + lymphocytes,1,59,37,6685,3605,7651,3214,2.4179845771794537,False,False,False,True
TTAGGTCATAACCGAC-1,3953,2134,TNBC,CID44971,Lymphocytes,1,58,38,6590,3660,3953,2134,2.302049076650645,False,False,False,True
AAGATGGCACCGGACC-1,12157,4311,TNBC,CID44971,Invasive cancer + lymphocytes,1,59,39,6685,3714,12157,4311,2.961256889035124,False,False,False,True
CTACAAGAAATAACCC-1,3424,1901,TNBC,CID44971,Lymphocytes,1,58,40,6590,3769,3424,1901,2.453271028037383,False,False,False,True
ACTATTTCCGGGCCCA-1,9007,3495,TNBC,CID44971,Invasive cancer + lymphocytes,1,59,41,6685,3824,9007,3495,4.263350727212168,False,False,False,True
TTGTTTCACATCCAGG-1,4771,2303,TNBC,CID44971,Invasive cancer + lymphocytes,1,58,42,6590,3878,4771,2303,4.695032487948019,False,False,False,True
CGCTGTGTGGATGTTG-1,6865,3082,TNBC,CID44971,Invasive cancer + lymphocytes,1,59,43,6685,3933,6865,3082,5.302257829570284,False,False,False,True
TCAACATAGCGCCCTA-1,6714,3013,TNBC,CID44971,Invasive cancer + lymphocytes,1,58,44,6590,3988,6714,3013,4.989574024426571,False,False,False,True
TACTCTTTCGTCTTCA-1,5383,2555,TNBC,CID44971,Invasive cancer + lymphocytes,1,58,46,6590,4097,5383,2555,7.783763700538733,False,False,False,True
ACCCGTGTCATCAGTA-1,17000,5614,TNBC,CID44971,Lymphocytes,1,58,54,6590,4534,17000,5614,4.7,False,False,False,True
CCGGAGCGTACTTTCT-1,17242,5544,TNBC,CID44971,Lymphocytes,1,58,56,6590,4643,17242,5544,6.547964273286162,False,False,False,True
GCTGGTTTAGGCCATA-1,19032,5611,TNBC,CID44971,Invasive cancer + lymphocytes,1,60,14,6780,2348,19032,5611,11.170659941151746,False,False,False,True
TGTCGTTATCACATAT-1,11810,4524,TNBC,CID44971,Invasive cancer + lymphocytes,1,61,15,6875,2403,11810,4524,7.20575783234547,False,False,False,True
ACACATGATCAAATCT-1,17449,5307,TNBC,CID44971,Invasive cancer + lymphocytes,1,60,16,6780,2458,17449,5307,12.619634363000745,False,False,False,True
TATCCATCTCGGTTAG-1,14496,4700,TNBC,CID44971,Invasive cancer + lymphocytes,1,61,17,6875,2512,14496,4700,10.733995584988962,False,False,False,True
CTCGTCGAGGGCTCAT-1,6281,3160,TNBC,CID44971,Invasive cancer + lymphocytes,1,60,18,6780,2567,6281,3160,4.266836491004617,False,False,False,True
ATCAATGCCGTGGCTG-1,13539,4841,TNBC,CID44971,Invasive cancer + lymphocytes,1,61,19,6875,2622,13539,4841,4.6606100893714455,False,False,False,True
GAAACATAGGAAACAG-1,17391,5670,TNBC,CID44971,Invasive cancer + lymphocytes,1,60,20,6780,2676,17391,5670,5.370593985394744,False,False,False,True
TAATAGGTCACCAGAA-1,25318,6537,TNBC,CID44971,Invasive cancer + lymphocytes,1,61,21,6875,2731,25318,6537,5.288727387629354,False,False,False,True
CACCAGTCAGCATGCA-1,22295,6068,TNBC,CID44971,Invasive cancer + lymphocytes,1,60,22,6780,2785,22295,6068,5.754653509755551,False,False,False,True
GAGCGCTGTTAGGTAA-1,25914,6488,TNBC,CID44971,Invasive cancer + lymphocytes,1,61,23,6875,2840,25914,6488,5.3291657019371765,False,False,False,True
CCCTATGTAGAGCAGA-1,17854,5316,TNBC,CID44971,Invasive cancer + lymphocytes,1,60,24,6780,2895,17854,5316,4.688025092416265,False,False,False,True
GATCGCTATATCTCAG-1,15420,4031,TNBC,CID44971,Invasive cancer + lymphocytes,1,61,25,6875,2949,15420,4031,1.9390402075226978,False,False,False,True
AAGGGACTATGCATTC-1,16769,5161,TNBC,CID44971,Invasive cancer + lymphocytes,1,60,26,6780,3004,16769,5161,4.067028445345578,False,False,False,True
CTCGGGTTCTCTGGCC-1,11156,4093,TNBC,CID44971,Invasive cancer + lymphocytes,1,61,27,6875,3059,11156,4093,5.593402653280745,False,False,False,True
TATATATCGAGAAATG-1,22743,6055,TNBC,CID44971,Invasive cancer + lymphocytes,1,60,28,6780,3113,22743,6055,4.304621202128128,False,False,False,True
ACCCGAGCGAAATTAC-1,23142,6130,TNBC,CID44971,Invasive cancer + lymphocytes,1,61,29,6875,3168,23142,6130,4.848327715841327,False,False,False,True
TTGTTTCATTAGTCTA-1,12424,4278,TNBC,CID44971,Invasive cancer + lymphocytes,1,60,30,6780,3223,12424,4278,3.750804893754024,False,False,False,True
ATGGGACCTGCTGAAC-1,18343,5428,TNBC,CID44971,Invasive cancer + lymphocytes,1,61,31,6875,3277,18343,5428,3.9906231259881153,False,False,False,True
TGCGACGGCCGAACGT-1,21785,5809,TNBC,CID44971,Invasive cancer + lymphocytes,1,60,32,6780,3332,21785,5809,7.670415423456507,False,False,False,True
AGCTAACAAGCAATGT-1,12725,4667,TNBC,CID44971,Invasive cancer + lymphocytes,1,61,33,6875,3387,12725,4667,5.31237721021611,False,False,False,True
CGTGTCTCGTTACGAC-1,9419,3754,TNBC,CID44971,Invasive cancer + lymphocytes,1,60,34,6780,3441,9419,3754,3.8114449516933857,False,False,False,True
CTAAATCCGGTGTACA-1,15119,5093,TNBC,CID44971,Invasive cancer + lymphocytes,1,61,35,6875,3496,15119,5093,3.9288312719095178,False,False,False,True
GAATAGTGCTCGATTA-1,16000,5149,TNBC,CID44971,Invasive cancer + lymphocytes,1,60,36,6780,3550,16000,5149,5.21875,False,False,False,True
AACAATACATTGTCGA-1,13426,4645,TNBC,CID44971,Invasive cancer + lymphocytes,1,61,37,6875,3605,13426,4645,7.351407716371219,False,False,False,True
CACATCGTGCACGCGC-1,8166,3456,TNBC,CID44971,Invasive cancer + lymphocytes,1,60,38,6780,3660,8166,3456,5.11878520695567,False,False,False,True
CCCAATGAGATTTGCA-1,12332,4490,TNBC,CID44971,Invasive cancer + lymphocytes,1,60,40,6780,3769,12332,4490,4.727538112228348,False,False,False,True
ATCCCATCCACAGCGC-1,11313,4553,TNBC,CID44971,,0,62,14,6970,2348,11313,4553,6.408556527888271,True,False,True,False
CTTAGGTATAGACCAG-1,17048,5605,TNBC,CID44971,Invasive cancer + lymphocytes,1,63,15,7066,2403,17048,5605,6.223603941811357,False,False,False,True
TGACTCCGAATCATAC-1,14141,4943,TNBC,CID44971,Invasive cancer + lymphocytes,1,62,16,6970,2458,14141,4943,7.672724701223394,False,False,False,True
ACTACATCCCGACAAG-1,13762,4586,TNBC,CID44971,Invasive cancer + lymphocytes,1,63,17,7065,2512,13762,4586,13.319284987647146,False,False,False,True
TTGCCGCAGACCTACA-1,9674,3817,TNBC,CID44971,Invasive cancer + lymphocytes,1,62,18,6970,2567,9674,3817,9.230928261318999,False,False,False,True
TAAGAGGGACAGGGAC-1,11456,4378,TNBC,CID44971,Invasive cancer + lymphocytes,1,63,19,7065,2622,11456,4378,6.67772346368715,False,False,False,True
CGAATGAAGTCATTGC-1,17447,5143,TNBC,CID44971,Invasive cancer + lymphocytes,1,62,20,6970,2676,17447,5143,10.935977531953919,False,False,False,True
AAGGGAACGACTGGCT-1,12915,4358,TNBC,CID44971,Invasive cancer + lymphocytes,1,63,21,7065,2731,12915,4358,13.116531165311654,False,False,False,True
CGAATCTGCTCGACGC-1,26815,6518,TNBC,CID44971,Invasive cancer + lymphocytes,1,62,22,6970,2785,26815,6518,10.550065261980235,False,False,False,True
ATCGTGGAAAGTCTGG-1,15380,4859,TNBC,CID44971,Invasive cancer + lymphocytes,1,63,23,7065,2840,15380,4859,10.734720416124837,False,False,False,True
CCTATGGCTCCTAGTG-1,15054,4777,TNBC,CID44971,Invasive cancer + lymphocytes,1,62,24,6970,2895,15054,4777,7.04796067490368,False,False,False,True
CGTCGCTTGGTTATAC-1,17398,5027,TNBC,CID44971,Invasive cancer + lymphocytes,1,63,25,7065,2949,17398,5027,4.310840326474307,False,False,False,True
TGCTTAGAGAGAATGC-1,18277,5277,TNBC,CID44971,Invasive cancer + lymphocytes,1,62,26,6970,3004,18277,5277,4.847622695190677,False,False,False,True
GATTGCTCCAGTTGCA-1,14204,4625,TNBC,CID44971,Invasive cancer + lymphocytes,1,63,27,7065,3059,14204,4625,4.942269783159673,False,False,False,True
CGTGCTTCTACCTAAA-1,20774,5688,TNBC,CID44971,Invasive cancer + lymphocytes,1,62,28,6970,3113,20774,5688,4.264946567825166,False,False,False,True
ACTCCAATATCATCAT-1,13300,4610,TNBC,CID44971,Invasive cancer + lymphocytes,1,63,29,7065,3168,13300,4610,5.533834586466165,False,False,False,True
GCCGACCCACGACTGC-1,20762,5641,TNBC,CID44971,Invasive cancer + lymphocytes,1,62,30,6970,3223,20762,5641,2.8850785088141797,False,False,False,True
GAGGGTAGTAACAAAG-1,18150,5633,TNBC,CID44971,Invasive cancer + lymphocytes,1,63,31,7065,3277,18150,5633,2.6997245179063363,False,False,False,True
GGCCGAGACTCTGGTG-1,16674,5139,TNBC,CID44971,Invasive cancer + lymphocytes,1,62,32,6970,3332,16674,5139,4.689936427971692,False,False,False,True
TATATAGGGCTTTACG-1,13841,4688,TNBC,CID44971,Invasive cancer + lymphocytes,1,63,33,7065,3387,13841,4688,4.096524817570985,False,False,False,True
TGCCGGATGTACGAGC-1,15077,4919,TNBC,CID44971,Invasive cancer + lymphocytes,1,62,34,6970,3441,15077,4919,3.5285534257478277,False,False,False,True
TCCATCAATACTAATC-1,2833,1641,TNBC,CID44971,Invasive cancer + lymphocytes,1,64,14,7161,2348,2833,1641,4.941757853865161,False,False,False,True
ACCTCGAACTTATGCT-1,3115,1824,TNBC,CID44971,Invasive cancer + lymphocytes,1,65,15,7256,2403,3115,1824,6.324237560192617,False,False,False,True
ACAAACCATGCGTCCT-1,15439,5107,TNBC,CID44971,Invasive cancer + lymphocytes,1,64,16,7161,2458,15439,5107,8.627501781203446,False,False,False,True
ACACCGGTCTGACCGC-1,6950,3188,TNBC,CID44971,Invasive cancer + lymphocytes,1,65,17,7256,2512,6950,3188,6.417266187050359,False,False,False,True
ATGGCAGCATTACGAT-1,12817,4653,TNBC,CID44971,Invasive cancer + lymphocytes,1,64,18,7161,2567,12817,4653,7.255988140750566,False,False,False,True
CTGGTGAATGGGCCTA-1,8988,3812,TNBC,CID44971,Invasive cancer + lymphocytes,1,65,19,7256,2622,8988,3812,4.6283934134401425,False,False,False,True
CACAGAGACGAGGACG-1,16565,5005,TNBC,CID44971,Invasive cancer + lymphocytes,1,64,20,7161,2676,16565,5005,12.58074252942952,False,False,False,True
GCACAAACCCTAGATG-1,24769,6063,TNBC,CID44971,Invasive cancer + lymphocytes,1,65,21,7256,2731,24769,6063,14.998586943356615,False,False,False,True
ACTATGTCCAGCTGCC-1,15717,4821,TNBC,CID44971,Invasive cancer + lymphocytes,1,64,22,7160,2786,15717,4821,10.110071896672393,False,False,False,True
AAGCCGCCGTGAAATC-1,14423,4648,TNBC,CID44971,Invasive cancer + lymphocytes,1,65,23,7256,2840,14423,4648,9.138182070304374,False,False,False,True
ATGGGTGTATACCTCC-1,22408,6025,TNBC,CID44971,Invasive cancer + lymphocytes,1,64,24,7160,2895,22408,6025,6.827918600499822,False,False,False,True
TAAGCGCGAATCAAAT-1,10798,4139,TNBC,CID44971,Invasive cancer + lymphocytes,1,65,25,7256,2949,10798,4139,7.12168920170402,False,False,False,True
AGCCCGGCATTAGAGG-1,12495,4350,TNBC,CID44971,Invasive cancer + lymphocytes,1,64,26,7160,3004,12495,4350,7.154861944777911,False,False,False,True
GTGATCAAGCGTGCAC-1,11304,4304,TNBC,CID44971,Invasive cancer + lymphocytes,1,65,27,7256,3059,11304,4304,5.139773531493277,False,False,False,True
CTGCCTTTAATACCTT-1,10078,3886,TNBC,CID44971,Invasive cancer + lymphocytes,1,64,28,7160,3113,10078,3886,7.203810279817424,False,False,False,True
TACCTCCACACCAATG-1,15790,5102,TNBC,CID44971,Invasive cancer + lymphocytes,1,65,29,7255,3168,15790,5102,5.820139328689044,False,False,False,True
GAGCATCAACAACTTG-1,14661,4962,TNBC,CID44971,Invasive cancer + lymphocytes,1,64,30,7160,3223,14661,4962,3.4854375554191392,False,False,False,True
GGGAACGGTTTCAGAT-1,17789,5341,TNBC,CID44971,Invasive cancer + lymphocytes,1,64,32,7160,3332,17789,5341,11.479003878801507,False,False,False,True
CACCGGTAGAGACATT-1,2817,1710,TNBC,CID44971,Invasive cancer + lymphocytes,1,66,16,7351,2458,2817,1710,5.502307419240326,False,False,False,True
ACTCATGGCAGCCTTC-1,3056,1841,TNBC,CID44971,Invasive cancer + lymphocytes,1,67,17,7446,2512,3056,1841,6.119109947643979,False,False,False,True
CATCCAATATAGTTTG-1,4408,2354,TNBC,CID44971,Invasive cancer + lymphocytes,1,66,18,7351,2567,4408,2354,6.669691470054446,False,False,False,True
CAGATATGAAGATGAC-1,4328,2370,TNBC,CID44971,Invasive cancer + lymphocytes,1,67,19,7446,2622,4328,2370,6.423290203327172,False,False,False,True
GCAAAGGGCGTTAGCC-1,9780,3896,TNBC,CID44971,Invasive cancer + lymphocytes,1,66,20,7351,2676,9780,3896,8.773006134969325,False,False,False,True
CTGTTGTTCAGTCGTA-1,5871,2788,TNBC,CID44971,Invasive cancer + lymphocytes,1,67,21,7446,2731,5871,2788,8.192812127405894,False,False,False,True
AAAGGCCCTATAATAC-1,11666,4207,TNBC,CID44971,Invasive cancer + lymphocytes,1,66,22,7351,2786,11666,4207,11.22064117949597,False,False,False,True
AACATTGAAGTTGATC-1,3970,2148,TNBC,CID44971,Invasive cancer + lymphocytes,1,67,23,7446,2840,3970,2148,8.992443324937028,False,False,False,True
GCTAGCGATAGGTCTT-1,5813,2767,TNBC,CID44971,Invasive cancer + lymphocytes,1,66,24,7351,2895,5813,2767,6.881128505074832,False,False,False,True
ATTGCCTATTAGACCG-1,6891,3092,TNBC,CID44971,Invasive cancer + lymphocytes,1,67,25,7446,2950,6891,3092,8.039471774778697,False,False,False,True
GGGCGTTTACATTCAT-1,6607,3085,TNBC,CID44971,Invasive cancer + lymphocytes,1,66,26,7351,3004,6607,3085,3.935220220977751,False,False,False,True
AGTGACTGTGACACAA-1,14097,4683,TNBC,CID44971,Invasive cancer + lymphocytes,1,66,28,7351,3113,14097,4683,8.22160743420586,False,False,False,True
GACCGATTAAATATGT-1,3900,2237,TNBC,CID44971,Invasive cancer + lymphocytes,1,68,16,7541,2458,3900,2237,7.307692307692308,False,False,False,True
GTCGAATTTGGGCGCT-1,4281,2275,TNBC,CID44971,Invasive cancer + lymphocytes,1,69,17,7636,2512,4281,2275,8.94650782527447,False,False,False,True
TCACGGCCCAAGAGAG-1,5422,2846,TNBC,CID44971,Invasive cancer + lymphocytes,1,68,18,7541,2567,5422,2846,6.1047583917373665,False,False,False,True
CTACGATCCTATCCTA-1,5724,2692,TNBC,CID44971,Invasive cancer + lymphocytes,1,69,19,7636,2622,5724,2692,10.69182389937107,False,False,False,True
TGCAGTGGTAGGGAAC-1,4513,2364,TNBC,CID44971,Invasive cancer + lymphocytes,1,68,20,7541,2676,4513,2364,8.619543540881896,False,False,False,True
AGCGAGACGTGAAGGC-1,8749,3583,TNBC,CID44971,Invasive cancer + lymphocytes,1,68,22,7541,2786,8749,3583,13.978740427477426,False,False,False,True
CAGTGTTAATCTCTCA-1,2634,1680,TNBC,CID44971,Invasive cancer + lymphocytes,1,70,16,7731,2458,2634,1680,6.643887623386484,False,False,False,True
GATCGCTGTGGTGCGT-1,4655,2386,TNBC,CID44971,Invasive cancer + lymphocytes,1,70,18,7731,2567,4655,2386,10.053705692803437,False,False,False,True
CTCTGCAGGCATTCTT-1,3009,1675,TNBC,CID44971,Invasive cancer + lymphocytes,1,71,23,7826,2840,3009,1675,10.202725157859755,False,False,False,True
