,nCount_RNA,nFeature_RNA,subtype,patientid,Classification,in_tissue,array_row,array_col,pxl_row_in_fullres,pxl_col_in_fullres,total_counts,detected_genes,mito_pct,outside_tissue,author_artefact,excluded,pathology_eligible,pathology_display,CAFs,T cells,NK cells,T_score,T_genes_detected,T_panel_umi,CAF_score,CAF_genes_detected,CAF_panel_umi,NK_score,NK_genes_detected,NK_panel_umi,T cells CD4+_component_pct,T cells CD8+_component_pct,NKT cells_component_pct,Cycling T-cells_component_pct,high_T,high_CAF,high_T_low_T_expression,high_CAF_low_CAF_expression
AACATTGGTCAGCCGT-1,751,553,TNBC,CID44971,Normal + stroma + lymphocytes,1,3,17,1361,2511,751,553,5.326231691078561,False,False,False,True,Normal + stroma + lymphocytes,0.09915813976840629,0.06109483284467961,8.713059033305467e-05,0.4435580667868489,1,1,1.4950731165564133,2,3,0.0,0,0,0.008713059033303012,0.008713059033287849,3.116080903574718,2.9759762628266526,False,False,False,False
CATCGAATGGATCTCT-1,2831,1351,TNBC,CID44971,Normal + stroma + lymphocytes,1,3,19,1361,2620,2831,1351,8.018368067820559,False,False,False,True,Normal + stroma + lymphocytes,0.05372595918975187,0.04545570489678273,7.628379095030895e-05,0.2518723519638531,1,1,0.0,0,0,0.0,0,0,3.163053739379763,0.2444547110613236,1.130433660142155,0.007628379095031318,False,False,False,False
CGGGTTGTAGCTTTGG-1,15428,4496,TNBC,CID44971,Normal + stroma + lymphocytes,1,3,21,1361,2730,15428,4496,8.18641431164117,False,False,False,True,Normal + stroma + lymphocytes,0.035678617418555235,0.08022205942192105,7.651977996064032e-05,0.5459030776846692,4,9,0.6447363202169903,4,6,0.16655562957606032,1,1,6.466905230271546,0.3824935067345628,0.2934818991306827,0.8793253060553126,False,False,False,False
CCTAAGTGTCTAACCG-1,889,621,TNBC,CID44971,Normal + stroma + lymphocytes,1,2,22,1266,2784,889,621,5.174353205849269,False,False,False,True,Normal + stroma + lymphocytes,0.09957793837285536,0.00012595394791296914,3.148848668319516e-05,0.0,0,0,1.2527055744160782,2,2,0.0,0,0,0.003148848665983579,0.003148848727059831,0.0031488487322863324,0.003148848665967173,False,False,False,False
TCTGTGACTGACCGTT-1,7637,3009,TNBC,CID44971,Normal + stroma + lymphocytes,1,3,23,1361,2839,7637,3009,7.188686657064293,False,False,False,True,Normal + stroma + lymphocytes,0.0748852680493535,0.024942381117976857,4.902877160114398e-05,0.13949901869699674,1,1,1.2255733046559318,3,10,0.0,0,0,0.004902877160114478,1.8067828160393402,0.4734504433351084,0.209101975263123,False,False,False,False
TTATCATACTCGCAAA-1,1237,830,TNBC,CID44971,Normal + stroma + lymphocytes,1,2,24,1265,2893,1237,830,3.4761519805982215,False,False,False,True,Normal + stroma + lymphocytes,0.08781385055719039,0.00018919469588493063,4.729867535233938e-05,0.0,0,0,0.5516307028788536,1,1,0.0,0,0,0.0047298673768715405,0.004729867497842163,0.004729867336907466,0.004729867376871893,False,False,False,False
AGCGTAGCGCTAGACC-1,7862,3377,TNBC,CID44971,Normal + stroma + lymphocytes,1,3,25,1361,2948,7862,3377,5.265835665225134,False,False,False,True,Normal + stroma + lymphocytes,0.10501389394103582,0.035088058934401305,3.108798292769001e-05,0.5585133294717924,3,5,1.4479785403804188,3,15,0.0,0,0,0.0031087982927693104,3.499479498561822,0.0031087982927704787,0.0031087982927684534,False,False,False,False
AGGTCGCCACTTCGGT-1,5764,2772,TNBC,CID44971,Normal + stroma + lymphocytes,1,3,27,1361,3057,5764,2772,4.9271339347675225,False,False,False,True,Normal + stroma + lymphocytes,0.11526397998663872,0.03282498213637676,4.4350610883792194e-05,0.16768286353258025,1,1,1.89606755865242,4,15,0.0,0,0,0.7185058090092546,2.555122282451663,0.004435061088379281,0.0044350610883792715,False,False,False,False
TTGCTAGCTACCAATC-1,3401,1909,TNBC,CID44971,Normal + stroma + lymphocytes,1,3,29,1360,3167,3401,1909,5.85122022934431,False,False,False,True,Normal + stroma + lymphocytes,0.1902093784240947,0.06435650645710163,9.214483808463131e-05,0.2285433041688388,1,1,2.1955645628389244,4,11,0.0,0,0,6.408007194284779,0.009214483808465644,0.009214483808458853,0.009214483808459463,False,False,False,False
GCCGGTTTGGGCGGAT-1,765,583,TNBC,CID44971,Normal + stroma + lymphocytes,1,2,30,1265,3221,765,583,4.183006535947712,False,False,False,True,Normal + stroma + lymphocytes,0.19056310760858275,0.007791558021416716,0.010836887839009103,0.0,0,0,1.3220897879859639,2,2,0.0,0,0,0.004605513437600394,0.004605513437593716,0.004605513437592848,0.7653392618288847,False,False,False,False
TGTAACTTGTCAACCT-1,12453,4530,TNBC,CID44971,Normal + stroma + lymphocytes,1,3,31,1360,3276,12453,4530,4.874327471292058,False,False,False,True,Normal + stroma + lymphocytes,0.07999868053021691,0.047928535772300995,4.469592495800188e-05,0.2578823348119779,2,3,1.0137093253047167,4,10,0.0,0,0,2.9769796623499745,0.609961136828004,0.004469592496191595,1.2014431855559298,False,False,False,False
CGAGATGTTGCCTATA-1,2578,1569,TNBC,CID44971,Normal + stroma + lymphocytes,1,2,32,1265,3331,2578,1569,3.801396431342126,False,False,False,True,Normal + stroma + lymphocytes,0.051572132215179575,0.021601234910937246,2.993816577399938e-05,0.0,0,0,0.792467675802158,2,2,0.0,0,0,0.004313538167323634,1.1072162488508888,1.045599887498112,0.002993816577399948,False,False,False,False
GTTACGAAATCCACGC-1,14735,4961,TNBC,CID44971,Normal + stroma + lymphocytes,1,3,33,1360,3385,14735,4961,4.390906006107906,False,False,False,True,Normal + stroma + lymphocytes,0.12104683804072217,0.0575359002045538,6.464284468930207e-05,0.3577529722983215,3,5,1.6414545603307087,4,28,0.17266454283000462,1,1,2.796858900709001,2.9438025508086603,0.006464284468859214,0.006464284468859256,False,False,False,False
CTTGTCGTACGTGTCA-1,3047,1600,TNBC,CID44971,Normal + stroma + lymphocytes,1,2,34,1265,3440,3047,1600,4.364949130292091,False,False,False,True,Normal + stroma + lymphocytes,0.14586888405326687,0.03768613326690475,5.004535698892245e-05,0.0,0,0,1.7388894157024102,4,6,0.0,0,0,0.4745249745817794,3.2840792807109103,0.005004535698892875,0.005004535698892828,False,False,False,False
GCGTCCAGCTCGTGGC-1,16701,5429,TNBC,CID44971,Normal + stroma + lymphocytes,1,3,35,1360,3495,16701,5429,3.945871504700317,False,False,False,True,Normal + stroma + lymphocytes,0.09272767139220461,0.039658080031000194,0.004956753683445007,0.20942797079918662,2,3,1.1406004455624905,4,15,0.0,0,0,3.355915302058611,0.006424121608731861,0.006424121609335625,0.5970444578233404,False,False,False,False
CCCTTCTCGTACGCGA-1,1470,930,TNBC,CID44971,Normal + stroma + lymphocytes,1,2,36,1265,3549,1470,930,4.421768707482993,False,False,False,True,Normal + stroma + lymphocytes,0.12430273950949797,0.027505292490632598,4.572874939959249e-05,0.0,0,0,1.8621632335422285,3,6,0.0,0,0,2.7368106242434997,0.004572874939805624,0.004572874940112468,0.004572874939842322,False,False,False,False
CCAAAGTCCCGCTAAC-1,4207,2123,TNBC,CID44971,Normal + stroma + lymphocytes,1,3,37,1360,3604,4207,2123,4.920370810553839,False,False,False,True,Normal + stroma + lymphocytes,0.12677346167802966,0.07133916299918018,5.0074377029414805e-05,0.0,0,0,1.5494264706954275,3,9,0.0,0,0,6.0057849598987865,0.005007437702946142,0.00500743770297507,1.1181164646133102,False,False,False,False
CCGCTTCGCGGTTAAC-1,3793,1805,TNBC,CID44971,Normal + stroma + lymphocytes,1,2,38,1265,3658,3793,1805,4.640126548905879,False,False,False,True,Normal + stroma + lymphocytes,0.16712767878847584,0.03208905671743326,7.576025723518575e-05,0.0,0,0,1.7339940904747544,3,13,0.0,0,0,3.1861775945703594,0.007576025723609741,0.0075760257258386445,0.007576025723518982,False,False,False,False
GTTACGGCCCGACTGC-1,5411,2297,TNBC,CID44971,Normal + stroma + lymphocytes,1,3,39,1360,3713,5411,2297,5.5627425614489,False,False,False,True,Normal + stroma + lymphocytes,0.13488540266255028,0.02417544079048137,7.548526948206213e-05,0.0,0,0,1.4711244057842114,3,10,0.0,0,0,0.007548526948206459,0.007548526948339613,0.0075485269481619394,2.394898498203429,False,False,False,False
CCCGCTTGCCCTCGTC-1,1889,1178,TNBC,CID44971,Normal + stroma + lymphocytes,1,2,40,1265,3768,1889,1178,4.71148755955532,False,False,False,True,Normal + stroma + lymphocytes,0.3483945437328737,0.10164961099330709,7.351747544547555e-05,0.47103558903641946,1,3,2.732144310416799,4,11,0.613188671452345,1,1,0.008117310614371969,0.00735174754454117,0.7253221884622578,9.424169852709538,False,True,False,False
TAGTGAGAAGTGGTTG-1,9579,3708,TNBC,CID44971,Normal + stroma + lymphocytes,1,3,41,1360,3822,9579,3708,5.428541601419772,False,False,False,True,Normal + stroma + lymphocytes,0.3167337410783675,0.013919119087391922,4.7499013404396205e-05,0.11914739347906356,1,1,2.406123762415694,4,42,0.0,0,0,1.3776622047284546,0.004749901336510701,0.004749901336844151,0.004749901337382929,False,True,False,False
AAACAATCTACTAGCA-1,3516,1871,TNBC,CID44971,Normal + stroma + lymphocytes,1,3,43,1360,3932,3516,1871,5.602957906712173,False,False,False,True,Normal + stroma + lymphocytes,0.32077177311515104,0.02303717919604107,4.885693958029119e-05,0.22442503150485216,1,1,2.741819756205931,4,27,0.0,0,0,1.8910504090595497,0.0048856939580491435,0.004885693959000741,0.4028961226275077,False,True,False,False
CACGACTAAAGTTCTG-1,890,668,TNBC,CID44971,Stroma + adipose tissue,1,3,49,1360,4260,890,668,3.932584269662921,False,False,False,True,Stroma + adipose tissue,0.22340361901582848,0.047433108694829376,9.393347847130146e-05,0.4173964588668035,1,1,1.5829495259583308,2,5,0.0,0,0,4.7151308259114435,0.0093933478554608,0.009393347859946614,0.00939334785608636,False,False,False,False
GAAGACTTCAATGCCG-1,627,515,TNBC,CID44971,Stroma + adipose tissue,1,3,65,1360,5134,627,515,5.901116427432217,False,False,False,True,Stroma + adipose tissue,0.27795205954168917,0.048992092073048096,0.00010149964339723338,0.0,0,0,1.580904076576362,2,3,0.0,0,0,0.010149964335198292,0.010149964335198549,0.010149964335198165,4.868759314299215,False,True,False,False
ACCAAACTAGAAATCC-1,1006,673,TNBC,CID44971,Stroma + adipose tissue,1,3,67,1360,5243,1006,673,5.964214711729622,False,False,False,True,Stroma + adipose tissue,0.47816792390735546,0.236322816171106,7.738603053779246e-05,0.9052140910805092,2,3,2.5814001340395807,3,13,0.0,0,0,11.406007749497107,0.007738603053798976,0.0077386030537963295,12.2107966615059,False,True,False,False
GACCAGGTCATTCATA-1,1307,881,TNBC,CID44971,Stroma + adipose tissue,1,3,69,1360,5352,1307,881,11.400153022188217,False,False,False,True,Stroma + adipose tissue,0.5138712655767781,0.05570987136645104,6.961451978097454e-05,0.0,0,0,2.913495097690076,3,21,0.0,0,0,4.06682288793541,0.006961451976009052,0.006961451976009086,1.4902413447576752,False,True,False,False
GTATCGGGACGAGCTG-1,2503,1347,TNBC,CID44971,Normal + stroma + lymphocytes,1,5,15,1551,2402,2503,1347,8.909308829404715,False,False,False,True,Normal + stroma + lymphocytes,0.10008067010023691,0.020879356911741805,0.012078794250564448,0.0,0,0,0.5490396553014929,1,2,0.0,0,0,0.007045959393693504,0.007045959393693539,2.0667978129931,0.007045959393693504,False,False,False,False
CCTGTGCATAGGAGAC-1,1416,884,TNBC,CID44971,Normal + stroma + lymphocytes,1,4,16,1456,2456,1416,884,5.932203389830509,False,False,False,True,Normal + stroma + lymphocytes,0.07050690875594626,0.006850272519436988,6.972645039382918e-05,0.0,0,0,1.2008705489623828,2,3,0.0,0,0,0.006972645039382986,0.006972645038455017,0.006972645036525617,0.6641093168293353,False,False,False,False
CATACGGGTGCATGAT-1,4535,2037,TNBC,CID44971,Normal + stroma + lymphocytes,1,5,17,1551,2511,4535,2037,8.754134509371553,False,False,False,True,Normal + stroma + lymphocytes,0.09711553240043662,0.02650479544313915,7.149357411093462e-05,0.0,0,0,0.8735508378328045,3,3,0.0,0,0,1.1972064208046092,0.007149357408193074,1.4389744086900202,0.007149357411092529,False,False,False,False
CCACTAAACTGAATCG-1,5965,2278,TNBC,CID44971,Normal + stroma + lymphocytes,1,4,18,1456,2566,5965,2278,9.237217099748534,False,False,False,True,Normal + stroma + lymphocytes,0.07010482876651823,0.04489822196695929,8.153372413669247e-05,0.0,0,0,1.1444410365389366,3,7,0.0,0,0,0.00815337241324001,2.898330228893427,0.008153372413447756,1.575185222975814,False,False,False,False
AAATTGCGGCGGTTCT-1,15517,4263,TNBC,CID44971,Normal + stroma + lymphocytes,1,5,19,1551,2620,15517,4263,8.274795385706,False,False,False,True,Normal + stroma + lymphocytes,0.08615743487447948,0.04267561863520996,7.85296231835649e-05,0.08290144993436567,1,1,0.9938069253330595,3,14,0.0,0,0,4.24400297656728,0.00785296231833671,0.007852962317021943,0.00785296231835645,False,False,False,False
AGTCCAGCGGGTACGT-1,16045,4448,TNBC,CID44971,Normal + stroma + lymphocytes,1,4,20,1456,2675,16045,4448,7.647242131505141,False,False,False,True,Normal + stroma + lymphocytes,0.059703863020751265,0.005358469502074913,0.004497731266333581,0.0,0,0,0.3537347633285016,1,5,0.0,0,0,0.4753741004566669,0.00753966654523127,0.04539351665983229,0.007539666545760949,False,False,False,False
CATTCAGGTCAGTGCG-1,19469,4926,TNBC,CID44971,Normal + stroma + lymphocytes,1,5,21,1551,2730,19469,4926,7.642919513072063,False,False,False,True,Normal + stroma + lymphocytes,0.04831089609945954,0.04556730421427313,0.00011278920496762597,0.06908590106067816,1,1,0.6889616404514243,3,9,0.13817180212135632,1,1,2.7745164712881616,1.295336186124666,0.47866179094610206,0.008215973068383236,False,False,False,False
CTAAAGTCCGAAGCTA-1,23298,5906,TNBC,CID44971,Normal + stroma + lymphocytes,1,4,22,1456,2784,23298,5906,6.996308696025409,False,False,False,True,Normal + stroma + lymphocytes,0.053647927438775285,0.056973014616306654,7.346407555926231e-05,0.11904327171502505,2,2,1.0636603589934894,4,19,0.11904327171502505,1,1,4.586419343854955,0.0073464075562179754,0.5427514969707631,0.5607842132487292,False,False,False,False
AATCAGACTGCAGGAC-1,22465,5644,TNBC,CID44971,Normal + stroma + lymphocytes,1,5,23,1551,2839,22465,5644,5.93367460494102,False,False,False,True,Normal + stroma + lymphocytes,0.06058739622916636,0.06012029412850266,5.059101885379665e-05,0.30885224103932124,3,6,0.5128983291811415,2,9,0.0,0,0,5.0246515834312495,0.005059101884919265,0.005059101883111839,0.9772596256509848,False,False,False,False
AGTATCCATAATAACG-1,18346,5142,TNBC,CID44971,Normal + stroma + lymphocytes,1,4,24,1456,2893,18346,5142,7.29314291943748,False,False,False,True,Normal + stroma + lymphocytes,0.07106910759900838,0.05421190417591999,0.0050273919644395395,0.2678978953538726,3,4,1.005042262252788,4,13,0.0,0,0,3.7472856819127083,1.6598150411459813,0.0070448472663960935,0.007044847266913484,False,False,False,False
CTGGCTGCTAACGTAA-1,25652,6088,TNBC,CID44971,Normal + stroma + lymphocytes,1,5,25,1551,2948,25652,6088,6.7090285357866835,False,False,False,True,Normal + stroma + lymphocytes,0.04522492233067348,0.023817848670902805,0.005112872781525323,0.20579888106140765,3,4,0.9698908786218831,4,19,0.10972790166061813,1,1,0.007116735263840547,1.2942448791307444,0.0071167352639007935,1.0733065174317946,False,False,False,False
GTTCCAAGACAGCGAC-1,15267,5134,TNBC,CID44971,Normal + stroma + lymphocytes,1,4,26,1456,3003,15267,5134,5.626514704919106,False,False,False,True,Normal + stroma + lymphocytes,0.07078337463165191,0.07230675355016869,4.340614850775419e-05,0.47952876054308735,3,8,1.0728484680877124,4,15,0.0,0,0,3.8492178713998113,3.3727762539155046,0.00434061485077551,0.004340614850776631,False,False,False,False
AAGACTAACCCGTTGT-1,15243,4383,TNBC,CID44971,Normal + stroma + lymphocytes,1,5,27,1551,3057,15243,4383,7.229547989240963,False,False,False,True,Normal + stroma + lymphocytes,0.04860302796495189,0.015808622415246394,0.009883128907775885,0.13969109111639347,1,2,0.4815185318663284,2,5,0.0,0,0,1.157786007581263,0.011068216653837008,0.4009398006350198,0.011068216654519753,False,False,False,False
GATTAATCCTGGCTCA-1,15283,4896,TNBC,CID44971,Normal + stroma + lymphocytes,1,4,28,1456,3112,15283,4896,6.5301315186808875,False,False,False,True,Normal + stroma + lymphocytes,0.030737053759878407,0.055689434561478235,0.0225979800043712,0.0,0,0,0.6065604705352432,3,6,0.27888672066376996,1,2,5.559700069887723,0.003081128753374194,0.0030811287533889153,0.0030811287533377744,False,False,False,False
CGCGCAAGGAACTACA-1,14195,4599,TNBC,CID44971,Normal + stroma + lymphocytes,1,5,29,1551,3167,14195,4599,7.699894328989081,False,False,False,True,Normal + stroma + lymphocytes,0.04883058976054893,0.06390647638740792,3.344026235046834e-05,0.5135706559756327,4,7,0.7703559839634491,4,7,0.0,0,0,5.165380047207837,1.2185795390640464,0.003344026233860919,0.003344026235047201,False,False,False,False
CAGTAGCGAGGTAGTA-1,9959,3777,TNBC,CID44971,Normal + stroma + lymphocytes,1,4,30,1456,3221,9959,3777,7.490711918867356,False,False,False,True,Normal + stroma + lymphocytes,0.07013111662078629,0.03685746522631463,0.0005859616088375793,0.29942610329728425,2,3,0.7963978348293359,3,7,0.23173450149278588,1,1,2.563143166596129,0.004747202121462895,0.5046520337704135,0.6132041201434578,False,False,False,False
ACGGCGGGTTGCCCTG-1,15762,4867,TNBC,CID44971,Normal + stroma + lymphocytes,1,5,31,1551,3276,15762,4867,7.594213932242101,False,False,False,True,Normal + stroma + lymphocytes,0.058920234646794654,0.04203489439473967,4.748376128434365e-05,0.40941546503536524,5,5,1.0948570565395592,4,13,0.0,0,0,3.759800797084476,0.1289959948939268,0.3099442713671298,0.004748376128434188,False,False,False,False
CTAGGCGGCAGAGAAT-1,10263,3827,TNBC,CID44971,Normal + stroma + lymphocytes,1,4,32,1456,3331,10263,3827,6.0606060606060606,False,False,False,True,Normal + stroma + lymphocytes,0.08795847872002868,0.05808906676103015,6.740266983219691e-05,0.3401256841098074,3,3,0.9089657829810844,3,8,0.0,0,0,3.5891619091855684,0.5841108080800744,0.00674026698239471,1.6288936918549775,False,False,False,False
GTGCGCAGCTTGCTCC-1,11999,4212,TNBC,CID44971,Normal + stroma + lymphocytes,1,5,33,1551,3385,11999,4212,6.733894491207601,False,False,False,True,Normal + stroma + lymphocytes,0.06469745219251323,0.03721717616652842,6.81492003238264e-05,0.20205789493250678,2,2,1.1277631467968376,3,13,0.20205789493250678,1,1,0.6894818810055711,1.917512212109302,0.006814920032622546,1.107908603505346,False,False,False,False
TCACTATCGTGCAATC-1,18145,5388,TNBC,CID44971,Normal + stroma + lymphocytes,1,4,34,1456,3440,18145,5388,5.268669054836042,False,False,False,True,Normal + stroma + lymphocytes,0.05867131578797044,0.035410613423205506,0.008851246081006065,0.2194873391254781,3,3,0.7488462683377107,3,11,0.24766654895905296,1,2,3.31230380709343,0.006607686821035774,0.2155421615852071,0.006607686820878168,False,False,False,False
TATGATTCTGCTTGGT-1,13245,4544,TNBC,CID44971,Normal + stroma + lymphocytes,1,5,35,1551,3495,13245,4544,6.409966024915062,False,False,False,True,Normal + stroma + lymphocytes,0.08203233762604258,0.03684405001510787,4.3165898725270464e-05,0.400506407779881,3,5,1.5447079820796419,4,21,0.0,0,0,3.090200224524808,0.020672455778900523,0.0043165898717102665,0.5692157313353682,False,False,False,False
TAAGATTTAGCGGGAG-1,18364,5504,TNBC,CID44971,Normal + stroma + lymphocytes,1,4,36,1455,3549,18364,5504,4.677630145937704,False,False,False,True,Normal + stroma + lymphocytes,0.058736250564075686,0.058320771467287834,6.379997279175513e-05,0.501546054928013,5,8,1.0796037498943345,4,16,0.0,0,0,5.81293715488649,0.006379997283288122,0.006379997279829876,0.0063799972791757,False,False,False,False
TTACGGTGTCACCGAG-1,22824,6271,TNBC,CID44971,Normal + stroma + lymphocytes,1,5,37,1551,3604,22824,6271,5.44602173151069,False,False,False,True,Normal + stroma + lymphocytes,0.08860879982973723,0.012678494778147443,6.266618880783716e-05,0.22599679360620892,3,4,1.2796482793285557,4,29,0.20976202639329378,1,2,0.006266618880783725,1.0554401114758365,0.19987612857734044,0.006266618880783707,False,False,False,False
CTACACTAGCTTGTTC-1,8385,3261,TNBC,CID44971,Normal + stroma + lymphocytes,1,4,38,1455,3658,8385,3261,6.129994036970781,False,False,False,True,Normal + stroma + lymphocytes,0.11394718593858358,0.028361360710439706,4.6312410591038674e-05,0.26169690649268773,2,2,1.7179333667098653,4,18,0.0,0,0,2.8222423478668315,0.004631241058926907,0.0046312410591060555,0.004631241059105754,False,False,False,False
TGAGCAGTCGTGAAGT-1,13595,4722,TNBC,CID44971,Normal + stroma + lymphocytes,1,5,39,1551,3713,13595,4722,5.126884884148584,False,False,False,True,Normal + stroma + lymphocytes,0.17525831642996464,0.05530671477175657,0.002508389346119148,0.3779843134971963,3,5,1.9488483732055186,4,36,0.0,0,0,4.88179196488908,0.6403224031348356,0.004278554575927086,0.004278554575813781,False,False,False,False
CGCTGAGGACGTCCAA-1,11227,4144,TNBC,CID44971,Normal + stroma + lymphocytes,1,4,40,1455,3768,11227,4144,5.148303197648526,False,False,False,True,Normal + stroma + lymphocytes,0.18014966482391595,0.08750824932122753,6.44551892124263e-05,0.4471458987058769,3,5,1.7565137304593923,4,26,0.0,0,0,7.514000105303803,1.0755634102446419,0.006445518921243301,0.15481589765306483,False,False,False,False
GTGTATGACTTTAAAG-1,39890,8083,TNBC,CID44971,Normal + stroma + lymphocytes,1,5,41,1550,3822,39890,8083,4.344447229882176,False,False,False,True,Normal + stroma + lymphocytes,0.04191618628787934,0.019529271582475673,6.137142151820262e-05,0.10501313271911443,2,3,0.7580517542759879,4,19,0.0,0,0,1.5747547645903113,0.36589810935185646,0.006137142153254255,0.006137142152145345,False,False,False,False
CTAAACGGGTGTAATC-1,28358,6385,TNBC,CID44971,Normal + stroma + lymphocytes,1,4,42,1455,3877,28358,6385,5.973622963537626,False,False,False,True,Normal + stroma + lymphocytes,0.08605992145589593,0.07234851993342187,0.000449755499108732,0.4951726025326768,5,12,1.5573046379252944,4,48,0.0,0,0,4.857397362261455,2.1748615652059176,0.19908610003683985,0.003506965837973535,False,False,False,False
TGTACTGTGCCAAAGT-1,57645,8864,TNBC,CID44971,Normal + stroma + lymphocytes,1,5,43,1550,3932,57645,8864,4.541590771098967,False,False,False,True,Normal + stroma + lymphocytes,0.01502093282638082,0.07189727798147992,7.014926789293086e-05,0.43322578480029444,6,21,0.6610260242185932,4,26,0.0,0,0,6.285000588387718,0.7634726025898566,0.007014926788169906,0.13423968038224668,False,False,False,False
GGCCACAAGCGATGGC-1,24396,5665,TNBC,CID44971,Normal + stroma + lymphocytes,1,4,44,1455,3986,24396,5665,5.668962124938515,False,False,False,True,Normal + stroma + lymphocytes,0.10975276981316995,0.03324324389264062,0.007516126372094223,0.11450703137148006,2,2,1.8101421458174591,4,52,0.0,0,0,1.345799129289301,1.5963957137912952,0.005727907897249088,0.37640163828621664,False,False,False,False
GTCAATTGTACTGAAG-1,46152,7846,TNBC,CID44971,Normal + stroma + lymphocytes,1,5,45,1550,4041,46152,7846,7.921650199341307,False,False,False,True,Normal + stroma + lymphocytes,0.07474866475312163,0.020548371828856986,0.00011538088397186646,0.06537400082451068,2,2,1.0334913339209195,3,44,0.0,0,0,0.12204084789630566,1.909720158190489,0.011538088401170746,0.011538088397733313,False,False,False,False
AGGGACAGCACGGCGG-1,3582,1772,TNBC,CID44971,Stroma + adipose tissue,1,4,46,1455,4096,3582,1772,5.415968732551647,False,False,False,True,Stroma + adipose tissue,0.12588710251427182,0.04435744221759972,4.641235251937082e-05,0.22213734717551326,1,1,1.13755264290553,3,4,0.0,0,0,4.42182051600416,0.004641235251937827,0.004641235251937568,0.004641235251937449,False,False,False,False
AGCTTATAGAGACCTG-1,4793,2159,TNBC,CID44971,Stroma + adipose tissue,1,5,47,1550,4150,4793,2159,7.323179636970583,False,False,False,True,Stroma + adipose tissue,0.06645953219924791,0.044791541502631343,0.002242313454202624,0.1878329292887674,1,1,0.9743499966379575,3,4,0.0,0,0,0.007249708971058276,3.8230281513288262,0.4031041306472399,0.24577215931600987,False,False,False,False
AACTTTAGCTGCTGAG-1,2502,1384,TNBC,CID44971,Stroma + adipose tissue,1,5,49,1550,4260,2502,1384,5.075939248601119,False,False,False,True,Stroma + adipose tissue,0.11106028219014955,0.07671095261735875,4.362212279738943e-05,0.536266073154967,2,2,1.5923808038570397,3,6,0.0,0,0,6.358391687917371,0.004362212279737958,0.0043622122797388726,1.3039791492590274,False,False,False,False
CCCAAGACAGAGTATG-1,1616,1020,TNBC,CID44971,Stroma + adipose tissue,1,4,50,1455,4314,1616,1020,4.146039603960396,False,False,False,True,Stroma + adipose tissue,0.14720844442387523,0.06323646200610084,6.51613124380961e-05,0.0,0,0,1.6345847042715032,3,4,0.0,0,0,0.006516131243809716,0.006516131243810087,4.258802510548483,2.051811427573981,False,False,False,False
GGCATCAACGAGCACG-1,2114,1240,TNBC,CID44971,Stroma + adipose tissue,1,5,51,1550,4369,2114,1240,5.723746452223273,False,False,False,True,Stroma + adipose tissue,0.19601443590107331,0.055226188355097634,6.092864837223661e-05,0.0,0,0,1.2376579150840894,2,6,0.0,0,0,0.016606262329545554,2.230672645120472,0.006092864837224903,3.269247063222521,False,False,False,False
ATGCATTCCGTGATGG-1,1391,935,TNBC,CID44971,Stroma + adipose tissue,1,4,52,1455,4423,1391,935,5.319913731128684,False,False,False,True,Stroma + adipose tissue,0.1936696186663012,0.08036273835295202,0.00010215202061576613,0.35046677616274485,1,1,2.513761747128953,4,7,0.0,0,0,0.9078272344621033,0.010215202063136168,0.010215202063138336,7.108016196706823,False,False,False,False
TTATAGATGCACATTA-1,1869,1100,TNBC,CID44971,Stroma + adipose tissue,1,5,53,1550,4478,1869,1100,3.8523274478330656,False,False,False,True,Stroma + adipose tissue,0.20357788580170727,0.06854669535250767,6.655578923828662e-05,0.0,0,0,2.263628639409961,3,11,0.0,0,0,0.006655578923830515,2.356997091883479,0.006655578923830884,4.484361285519626,False,False,False,False
GAACCATCTGGGAGAC-1,1180,845,TNBC,CID44971,Stroma + adipose tissue,1,4,54,1455,4533,1180,845,4.576271186440678,False,False,False,True,Stroma + adipose tissue,0.20491824229138425,0.10063721995675104,0.003104769865930873,0.3747686715415633,1,1,1.686459021937035,3,3,0.0,0,0,1.3218292075849507,0.00966781404301982,0.009667814043022884,8.72255716000411,False,False,False,False
TGCTATACAAACGGAC-1,1800,1083,TNBC,CID44971,Stroma + adipose tissue,1,5,55,1550,4587,1800,1083,8.166666666666666,False,False,False,True,Stroma + adipose tissue,0.2007847118944219,0.0387589963748707,0.023215012441800867,0.3133854777615834,1,1,1.7800573043755796,3,7,0.6267709555231668,1,1,0.006319642767287777,3.8569407091852073,0.006319642767287427,0.0063196427672875515,False,False,False,False
ACTTGCCATATTGTAC-1,769,581,TNBC,CID44971,Stroma + adipose tissue,1,4,56,1455,4642,769,581,6.631989596879063,False,False,False,True,Stroma + adipose tissue,0.20931275362210916,0.0004109083218000625,0.00010272708037419659,0.0,0,0,0.8240314499601228,1,2,0.0,0,0,0.010272708037519653,0.010272708044625205,0.010272708060341832,0.010272708037519559,False,False,False,False
TATTCCGGCAGTCCTA-1,897,653,TNBC,CID44971,Stroma + adipose tissue,1,5,57,1550,4697,897,653,4.570791527313267,False,False,False,True,Stroma + adipose tissue,0.2219366434366811,0.032508932259242986,6.570898644012213e-05,0.0,0,0,1.411372990959848,2,3,0.0,0,0,0.006570898642377375,0.006570898642376989,0.0065708986423766045,3.2311805299971676,False,False,False,False
GACGGACCGCGTTCCT-1,646,504,TNBC,CID44971,Stroma + adipose tissue,1,4,58,1455,4751,646,504,7.120743034055728,False,False,False,True,Stroma + adipose tissue,0.20922142672083377,0.0698291902799207,0.00010087757074532598,0.0,0,0,0.0,0,0,0.0,0,0,0.0100877570745333,0.010087757074557622,0.010087757074538985,6.95265575676844,False,False,False,False
AAGTTTACTAATGGCA-1,912,663,TNBC,CID44971,Stroma + adipose tissue,1,5,61,1550,4915,912,663,9.978070175438598,False,False,False,True,Stroma + adipose tissue,0.22836590216144925,0.13456803172230153,0.00014946834017995486,0.0,0,0,1.6260480827680235,2,6,0.0,0,0,2.183548192297284,0.014946834017804571,0.014946834017804571,11.24336131189726,False,False,False,False
GATTGACACTCTGCTC-1,734,577,TNBC,CID44971,Stroma + adipose tissue,1,5,63,1550,5025,734,577,7.3569482288828345,False,False,False,True,Stroma + adipose tissue,0.3306294188687452,0.028210704066737882,6.421309599000736e-05,0.0,0,0,1.5059209098477,2,3,0.0,0,0,0.006421309622992109,0.006421309622482337,0.006421309613538759,2.801806477814775,False,True,False,False
TATCACAGCACGGGCA-1,925,717,TNBC,CID44971,Stroma + adipose tissue,1,4,64,1455,5079,925,717,4.54054054054054,False,False,False,True,Stroma + adipose tissue,0.4893841634961913,0.06586650158382605,4.707880854400404e-05,0.0,0,0,2.7021888960558593,3,10,0.0,0,0,0.00773737945805405,0.004707880851782677,0.004707880874535442,6.569497017198232,False,True,False,False
ACCGTTCCCGCTCTGA-1,980,730,TNBC,CID44971,Stroma + adipose tissue,1,5,65,1550,5134,980,730,6.428571428571428,False,False,False,True,Stroma + adipose tissue,0.33112105739038766,0.02576375208044705,9.155695189134604e-05,0.0,0,0,2.233398748997704,3,6,0.0,0,0,2.548908122469084,0.00915569519245435,0.009155695191583343,0.009155695191583237,False,True,False,False
CCGCCACCACAATCCA-1,890,669,TNBC,CID44971,Stroma + adipose tissue,1,4,66,1455,5189,890,669,6.96629213483146,False,False,False,True,Stroma + adipose tissue,0.4547339288079838,0.00020173941820461304,0.0033318235068384027,0.0,0,0,3.160851721870544,4,9,0.0,0,0,0.005043485456251773,0.005043485457632429,0.005043485450324967,0.005043485456252136,False,True,False,False
CATTCACTGACAGCTA-1,965,719,TNBC,CID44971,Stroma + adipose tissue,1,5,67,1550,5243,965,719,7.1502590673575135,False,False,False,True,Stroma + adipose tissue,0.44960560142370565,0.19412026269989188,7.466798805419191e-05,0.0,0,0,1.544670195187483,2,5,0.8101118531710009,1,1,10.843574718267236,0.007466798805417779,1.8684177436648468,6.692567009251689,False,True,False,False
CGGCTGCAAGATTAAG-1,1283,891,TNBC,CID44971,Stroma + adipose tissue,1,4,68,1455,5298,1283,891,4.832424006235385,False,False,False,True,Stroma + adipose tissue,0.4218550674838592,0.003998580068085372,4.1539937729199077e-05,0.0,0,0,2.6013010627329356,3,13,0.0,0,0,0.004153993774294595,0.004153993775480432,0.0041539937729544426,0.38739602548580776,False,True,False,False
TTAATGCGAGGTAACT-1,1236,814,TNBC,CID44971,Stroma + adipose tissue,1,4,70,1455,5407,1236,814,8.818770226537216,False,False,False,True,Stroma + adipose tissue,0.5003118955040721,0.00017988691012393342,4.497172753687424e-05,0.0,0,0,2.9910395350367533,3,20,0.0,0,0,0.004497172753679321,0.004497172751001757,0.004497172754025698,0.004497172753686565,False,True,False,False
AATAAGTCCTCGAGAC-1,1179,744,TNBC,CID44971,Stroma + adipose tissue,1,5,71,1550,5462,1179,744,12.128922815945717,False,False,False,True,Stroma + adipose tissue,0.3765424547069038,0.007551331667401737,4.40301153619281e-05,0.3748950661221591,1,1,3.160028266955749,4,13,0.0,0,0,0.004403011534774205,0.004403011535125401,0.004403011535336958,0.7419241321349371,False,True,False,False
TGGAAACGGAGTGAAC-1,5616,2430,TNBC,CID44971,Normal + stroma + lymphocytes,1,6,16,1646,2456,5616,2430,17.574786324786324,False,False,False,True,Normal + stroma + lymphocytes,0.05810335195462965,0.021078474967018403,0.0001060329443095245,0.17044606049120445,1,1,0.5113381814736133,2,2,0.0,0,0,2.0760376134091265,0.010603294430807497,0.010603294430952415,0.010603294430953685,False,False,False,False
ATCGCACGATTGTTCA-1,6265,2686,TNBC,CID44971,Normal + stroma + lymphocytes,1,7,17,1741,2511,6265,2686,8.555466879489227,False,False,False,True,Normal + stroma + lymphocytes,0.04837041391292665,0.03737563801774555,6.366092193784502e-05,0.47701848578864164,3,3,1.03579253452563,3,6,0.0,0,0,0.006366092193784429,1.3558358288658472,1.2329226477512583,1.1424392329636652,False,False,False,False
CGCCACCCGCATTAAC-1,8500,3261,TNBC,CID44971,Normal + stroma + lymphocytes,1,6,18,1646,2566,8500,3261,7.976470588235294,False,False,False,True,Normal + stroma + lymphocytes,0.06257074570122992,0.022439205391131034,0.010039884825902016,0.1296174280980014,1,1,0.9497221810457359,3,7,0.0,0,0,0.8799101225080593,1.2272274262436336,0.010477158906309184,0.1263058314551013,False,False,False,False
TGGACCACGGCGTTGA-1,15352,4780,TNBC,CID44971,Normal + stroma + lymphocytes,1,7,19,1741,2620,15352,4780,6.8264721208963,False,False,False,True,Normal + stroma + lymphocytes,0.039623540225950694,0.048525222775757396,7.113378296561167e-05,0.22262017880104348,2,3,1.1916674499075146,4,16,0.0,0,0,2.749073623031336,1.6819418652132951,0.007113378297143367,0.4143934110339653,False,False,False,False
GTATATGTTACGGCGG-1,28746,5931,TNBC,CID44971,Normal + stroma + lymphocytes,1,6,20,1646,2675,28746,5931,7.430599039866416,False,False,False,True,Normal + stroma + lymphocytes,0.020943865223902354,0.0005057269146933594,0.017585788806050467,0.0,0,0,0.5798777722945612,4,10,0.0995096325119047,1,1,0.012643172871181342,0.012643172865979092,0.01264317286099372,0.012643172871181788,False,False,False,False
GTATTCTTACCGTGCT-1,23441,5432,TNBC,CID44971,Normal + stroma + lymphocytes,1,7,21,1741,2730,23441,5432,7.324772833923468,False,False,False,True,Normal + stroma + lymphocytes,0.04084921509821928,0.04176880148315592,8.214029902078835e-05,0.0,0,0,0.49152183814393147,2,8,0.0,0,0,2.798311225907956,1.0024981838749756,0.00821402990255781,0.36785670863010256,False,False,False,False
TTCAGAGTAACCTGAC-1,16923,4830,TNBC,CID44971,Normal + stroma + lymphocytes,1,6,22,1646,2784,16923,4830,6.641848372038055,False,False,False,True,Normal + stroma + lymphocytes,0.029898927574974633,0.00845477867442398,5.211826523269754e-05,0.0,0,0,0.6548343443657947,3,8,0.0,0,0,0.012814405755251028,0.0745571279006303,0.7313271325546252,0.026779201231891415,False,False,False,False
GCGGTAACCCAAATGA-1,13528,4484,TNBC,CID44971,Normal + stroma + lymphocytes,1,7,23,1741,2839,13528,4484,6.800709639266706,False,False,False,True,Normal + stroma + lymphocytes,0.04264251309840245,0.034101487025277745,7.064475830080297e-05,0.2767147948277074,3,3,0.570765642227682,2,6,0.0,0,0,3.348802332515144,0.04721741835094903,0.007064475831601344,0.007064475830080215,False,False,False,False
CTACGTGTTGCCACCA-1,12376,4292,TNBC,CID44971,Normal + stroma + lymphocytes,1,6,24,1646,2894,12376,4292,6.5368455074337435,False,False,False,True,Normal + stroma + lymphocytes,0.06503231566421441,0.025874366629970186,4.640643695402566e-05,0.0,0,0,1.0038835597186535,4,9,0.19740994754296456,1,1,0.8865467213991023,0.49419091490255235,0.6217447009367789,0.5849543257585852,False,False,False,False
CTAGATAAACTCCTCG-1,13757,4467,TNBC,CID44971,Normal + stroma + lymphocytes,1,7,25,1741,2948,13757,4467,7.1890673838772985,False,False,False,True,Normal + stroma + lymphocytes,0.058196918618796015,0.03797054933728513,6.537816320195219e-05,0.33171648242936635,3,4,0.8809575227573587,4,9,0.0,0,0,3.7774414847720426,0.006537816320786448,0.006537816315488561,0.006537816320195485,False,False,False,False
TCCATTAGTTGGATAG-1,15115,4656,TNBC,CID44971,Normal + stroma + lymphocytes,1,6,26,1646,3003,15115,4656,6.7945749255706245,False,False,False,True,Normal + stroma + lymphocytes,0.04405559609315591,0.03108643345995997,0.0003617357949296832,0.08462960816176444,1,1,0.9492479540031693,4,11,0.0,0,0,2.585085698157552,0.5091542676323372,0.007201690102799754,0.007201690103307814,False,False,False,False
CTGGCTCCTGCGGGAT-1,9871,3570,TNBC,CID44971,Normal + stroma + lymphocytes,1,7,27,1741,3057,9871,3570,7.09148009320231,False,False,False,True,Normal + stroma + lymphocytes,0.045973926331860746,0.06721855922825513,4.937091870533203e-05,0.3498301084939641,3,3,0.7285585265661351,3,5,0.0,0,0,2.7373205595589165,0.004937091870585062,0.004937091870378684,3.974661179525633,False,False,False,False
CAGTCTCTCGGCTAAT-1,10152,3736,TNBC,CID44971,Normal + stroma + lymphocytes,1,6,28,1646,3112,10152,3736,6.865642237982664,False,False,False,True,Normal + stroma + lymphocytes,0.04896384594884274,0.060627816031317144,4.905719068305952e-05,0.18143008759212464,1,2,0.8429002494376379,3,7,0.0,0,0,5.667039284653817,0.17262122746047615,0.0049057190681147484,0.21821537194930624,False,False,False,False
GTATGACGTGGGAAAC-1,12714,4319,TNBC,CID44971,Normal + stroma + lymphocytes,1,7,29,1741,3167,12714,4319,6.866446436998584,False,False,False,True,Normal + stroma + lymphocytes,0.07987074092967597,0.026102120709731808,0.004490826905248694,0.19342590865174583,2,2,1.2162720619160377,4,14,0.0,0,0,1.7559737089997762,0.8400646662600377,0.00708684785662877,0.007086847856738087,False,False,False,False
AGTCACTCCGCCTCAT-1,17893,5116,TNBC,CID44971,Normal + stroma + lymphocytes,1,6,30,1646,3221,17893,5116,7.298943721008215,False,False,False,True,Normal + stroma + lymphocytes,0.05227720411229803,0.051335324994991396,0.0012686103972996444,0.07399436439676103,1,1,0.5396866713253023,2,7,0.0,0,0,4.358685170330435,0.6563877180597982,0.11141981512887596,0.007039795980030563,False,False,False,False
GCAGCGGTGGGCATTA-1,10539,3662,TNBC,CID44971,Normal + stroma + lymphocytes,1,7,31,1741,3276,10539,3662,6.850744852452795,False,False,False,True,Normal + stroma + lymphocytes,0.05083109311843933,0.038478508129968274,4.901989753112577e-05,0.0,0,0,0.8955218302871484,3,8,0.0,0,0,3.466938353005463,0.0049019897532220835,0.3711084804850299,0.0049019897531124975,False,False,False,False
TATGGAGTTTCTCGTT-1,14227,4508,TNBC,CID44971,Normal + stroma + lymphocytes,1,6,32,1646,3331,14227,4508,7.260842060870177,False,False,False,True,Normal + stroma + lymphocytes,0.08766467301941053,0.03413490458554772,4.919241589499409e-05,0.08872102433991509,1,1,1.049094919253554,4,12,0.0,0,0,3.1004374077883594,0.30321456758784665,0.0049192415890197475,0.004919241589546569,False,False,False,False
ACTCAACGAATGTATT-1,17136,4748,TNBC,CID44971,Normal + stroma + lymphocytes,1,7,33,1741,3385,17136,4748,7.889822595704948,False,False,False,True,Normal + stroma + lymphocytes,0.07371393542192492,0.04860340054418747,0.011022190001674656,0.2298398729520498,3,3,1.460260007402628,4,27,0.0,0,0,4.837031439178554,0.0077695384149071,0.007769538411441465,0.007769538413844684,False,False,False,False
AACACGCGGCCGCGAA-1,20981,5603,TNBC,CID44971,Normal + stroma + lymphocytes,1,6,34,1646,3440,20981,5603,6.462990324579382,False,False,False,True,Normal + stroma + lymphocytes,0.055087470642459085,0.06782872849951865,7.050104106372095e-05,0.27789157369702555,3,5,1.0764571536644203,4,17,0.0,0,0,6.4307713177010255,0.3380013240365452,0.007050104106729638,0.00705010410756539,False,False,False,False
CGATATTAGCCGCAGG-1,22891,5273,TNBC,CID44971,Normal + stroma + lymphocytes,1,7,35,1741,3495,22891,5273,7.216810100039317,False,False,False,True,Normal + stroma + lymphocytes,0.05512306481285625,0.036154206070889545,0.0001198745348438187,0.1650622395687322,2,3,0.6883779059681497,4,11,0.0,0,0,1.6603361722673282,1.9311095278583525,0.011987453479481965,0.01198745348379167,False,False,False,False
AGCGTCTGAACCCGCA-1,14200,4719,TNBC,CID44971,Normal + stroma + lymphocytes,1,6,36,1646,3549,14200,4719,6.612676056338028,False,False,False,True,Normal + stroma + lymphocytes,0.049755116534865515,0.043749481475783544,0.015757541970379013,0.32420083609536593,3,4,0.13327766713885641,1,1,0.0,0,0,4.186783274796732,0.004282575061287671,0.17959972265907043,0.004282575061264726,False,False,False,False
GATGTCCGGATCACAT-1,10409,3948,TNBC,CID44971,Normal + stroma + lymphocytes,1,7,37,1741,3604,10409,3948,5.73542127005476,False,False,False,True,Normal + stroma + lymphocytes,0.12879678613991932,0.010065575653963925,4.8513779939422604e-05,0.0,0,0,1.2408918773325421,4,11,0.0,0,0,0.9920034314157994,0.004851377993538083,0.004851377993527538,0.004851377993527538,False,False,False,False
GGTCACGTTAGATTCA-1,8504,3592,TNBC,CID44971,Normal + stroma + lymphocytes,1,6,38,1646,3659,8504,3592,5.726716839134525,False,False,False,True,Normal + stroma + lymphocytes,0.10843198698843727,0.054880967413501715,4.385340814557389e-05,0.25915009462983046,2,2,1.4141565464530415,4,12,0.25915009462983046,1,1,4.039673112225986,0.004385340814524972,1.4396529474951025,0.004385340814557664,False,False,False,False
TTAAGGATACGGAGGT-1,8100,3309,TNBC,CID44971,Normal + stroma + lymphocytes,1,7,39,1741,3713,8100,3309,6.049382716049383,False,False,False,True,Normal + stroma + lymphocytes,0.10391990259877931,0.006898074273997219,0.013607693642551731,0.0,0,0,1.8572957723860326,4,18,0.0,0,0,0.006668868557005584,0.6698008217285718,0.006668868557139051,0.00666886855700542,False,False,False,False
GTGCGGGACCATCGGC-1,13354,4789,TNBC,CID44971,Normal + stroma + lymphocytes,1,6,40,1646,3768,13354,4789,5.30927063052269,False,False,False,True,Normal + stroma + lymphocytes,0.10687992328672158,0.04163571154568739,4.1811677761373666e-05,0.18631743673928203,2,2,1.8034113504991662,4,30,0.0,0,0,3.044390893997713,0.8407728288968229,0.27422626389806565,0.004181167776137337,False,False,False,False
CCATCTTGTTCACAAT-1,10490,3978,TNBC,CID44971,Normal + stroma + lymphocytes,1,7,41,1741,3822,10490,3978,5.65300285986654,False,False,False,True,Normal + stroma + lymphocytes,0.06433559984024305,0.06294747767764196,6.539544655294805e-05,0.3347572699213013,3,3,1.3358889154129252,4,13,0.0,0,0,5.314703450117808,0.006539544655358892,0.6234550998534092,0.35004967313761964,False,False,False,False
TCCGAGAAGGCTAAGC-1,39699,7817,TNBC,CID44971,Normal + stroma + lymphocytes,1,6,42,1646,3877,39699,7817,8.272248671251164,False,False,False,True,Normal + stroma + lymphocytes,0.03389197904315546,0.04942651437943522,6.829008217144612e-05,0.21088269503242482,4,6,0.6424729966189509,4,16,0.0,0,0,4.824021896503996,0.006829008216372375,0.10497152500682028,0.006829008216333413,False,False,False,False
TGGCGGTGTGCGATTG-1,14632,4979,TNBC,CID44971,Normal + stroma + lymphocytes,1,7,43,1741,3932,14632,4979,5.781848004373975,False,False,False,True,Normal + stroma + lymphocytes,0.12211697233672103,0.05171134946990849,6.212531779497352e-05,0.2604177497668173,3,3,1.8931255221758954,4,36,0.0,0,0,2.341534662472239,2.8171752209595056,0.006212531779552666,0.0062125317795522625,False,False,False,False
ATCCTGCTGCAGATAG-1,46927,7572,TNBC,CID44971,Normal + stroma + lymphocytes,1,6,44,1646,3986,46927,7572,8.101945575042087,False,False,False,True,Normal + stroma + lymphocytes,0.008147680883520855,0.05725802932696694,8.113216106850187e-05,0.06439218083747807,2,2,0.2336347244818903,4,5,0.0,0,0,4.3091206152196575,1.4004558852616362,0.008113216109264906,0.008113216106135222,False,False,False,False
TTATGCGTCCCGGTCC-1,9176,3529,TNBC,CID44971,Normal + stroma + lymphocytes,1,7,45,1741,4041,9176,3529,6.9311246730601574,False,False,False,True,Normal + stroma + lymphocytes,0.06475636961610463,0.07378230948018522,6.802306306179734e-05,0.12284468621750227,1,1,1.162738477530099,4,10,0.0,0,0,5.263923529019384,2.100702806386664,0.006802306306293795,0.006802306306179634,False,False,False,False
CATAATGAGCGGGCGA-1,15127,4874,TNBC,CID44971,Normal + stroma + lymphocytes,1,6,46,1646,4096,15127,4874,7.172605275335493,False,False,False,True,Normal + stroma + lymphocytes,0.12438223351774007,0.016418785647371856,0.009646399468257953,0.0,0,0,1.7686665405281676,3,44,0.0,0,0,0.9303532954552876,0.5626594299852649,0.14207770752044593,0.006788131776187199,False,False,False,False
AGACATAGATCCTTCC-1,4340,2022,TNBC,CID44971,Stroma + adipose tissue,1,7,47,1741,4150,4340,2022,7.0046082949308754,False,False,False,True,Stroma + adipose tissue,0.09620518797822765,0.07742907620959767,6.505260784885811e-05,0.0,0,0,1.3330128754432984,3,7,0.3983928290197203,1,1,6.7681860616269605,0.006505260784886723,0.961711037763035,0.006505260784885758,False,False,False,False
AACTGGTGTGGGCCTT-1,3182,1541,TNBC,CID44971,Stroma + adipose tissue,1,7,49,1741,4260,3182,1541,6.882463859208045,False,False,False,True,Stroma + adipose tissue,0.10863902487309539,0.08092761686467102,6.854506280823527e-05,0.0,0,0,1.437926537142865,3,6,0.0,0,0,6.7967774465094815,0.006854506280822992,0.9696822364403681,0.3194474972364289,False,False,False,False
GTAGCGCTGTTGTAGT-1,2610,1361,TNBC,CID44971,Stroma + adipose tissue,1,6,50,1645,4314,2610,1361,6.781609195402299,False,False,False,True,Stroma + adipose tissue,0.1555785409226895,0.04584821780005047,6.831520356663425e-05,0.3598403441592128,1,2,2.0255151671042366,4,8,0.0,0,0,4.56432721893297,0.006831520358749487,0.0068315203566635795,0.006831520356663291,False,False,False,False
TTGTTTGTGTAAATTC-1,1830,1015,TNBC,CID44971,Stroma + adipose tissue,1,7,51,1741,4369,1830,1015,10.491803278688524,False,False,False,True,Stroma + adipose tissue,0.1569894332684871,0.05820433632821636,6.639406441406869e-05,0.0,0,0,0.46658067778424145,1,1,0.0,0,0,5.800515413497422,0.006639406441400118,0.006639406441406749,0.006639406441406695,False,False,False,False
GGATCAAAGGACGAGG-1,2948,1581,TNBC,CID44971,Stroma + adipose tissue,1,6,52,1645,4424,2948,1581,7.3948439620081405,False,False,False,True,Stroma + adipose tissue,0.145558371152084,0.039509462262610054,9.661920308516201e-05,0.0,0,0,0.7399071808684539,2,2,0.0,0,0,0.009661920308516335,0.3217219059785795,3.276205213467951,0.34335718650595826,False,False,False,False
CGTAGCGCCGACGTTG-1,2121,1112,TNBC,CID44971,Stroma + adipose tissue,1,7,53,1741,4478,2121,1112,6.9306930693069315,False,False,False,True,Stroma + adipose tissue,0.13772797862156386,0.05759355569043809,9.492456245344088e-05,0.0,0,0,2.355247494752579,4,9,0.0,0,0,5.730878200304011,0.009492456246600257,0.009492456246599152,0.009492456246598535,False,False,False,False
CAAGTGAACTTTGGTT-1,2315,1229,TNBC,CID44971,Stroma + adipose tissue,1,6,54,1645,4533,2315,1229,7.991360691144708,False,False,False,True,Stroma + adipose tissue,0.16314689860066459,0.03186114705993772,9.385844202975845e-05,0.0,0,0,2.0611969824470764,4,7,0.0,0,0,1.669230681201932,0.00938584420509402,0.009385844205092126,1.4981123363816535,False,False,False,False
CAATGGTCGGCCTGGG-1,1433,918,TNBC,CID44971,Stroma + adipose tissue,1,6,56,1645,4642,1433,918,7.466852756454989,False,False,False,True,Stroma + adipose tissue,0.15585885961230453,0.03800420308934755,0.04144723361045311,0.34612229361896635,1,1,1.8717642611829297,3,5,0.0,0,0,1.265351142052595,0.00657615091642472,2.521916865049311,0.006576150916424272,False,False,False,False
ACAGATTAGGTTAGTG-1,944,654,TNBC,CID44971,Stroma + adipose tissue,1,7,57,1740,4697,944,654,3.4957627118644066,False,False,False,True,Stroma + adipose tissue,0.21672672812055216,0.03451102767492057,0.10168759905227012,0.0,0,0,2.162345779431298,3,5,0.0,0,0,0.01537488038072673,0.01537488038072673,0.01537488038072673,3.4049781263498766,False,False,False,False
GTTATCACCTTCTGAA-1,3626,1631,TNBC,CID44971,Stroma + adipose tissue,1,6,58,1645,4751,3626,1631,6.3430777716492,False,False,False,True,Stroma + adipose tissue,0.07905486234010972,0.039861156012326385,7.45822054133704e-05,0.3123696146989448,1,2,1.0904352196892462,2,6,0.0,0,0,3.2090244621417665,0.007458220540532159,0.00745822054133687,0.7621746980090028,False,False,False,False
TGGTATCGGTCTGTAT-1,758,559,TNBC,CID44971,Stroma + adipose tissue,1,7,59,1740,4806,758,559,5.936675461741425,False,False,False,True,Stroma + adipose tissue,0.3186968322349327,0.044969488988922515,6.511757018781066e-05,0.44212025953180273,1,1,2.153861680566124,3,4,0.0,0,0,4.477413627832459,0.006511757019253119,0.006511757021272541,0.006511757019267018,False,True,False,False
GGAATAACCTCAAGAA-1,1030,758,TNBC,CID44971,Stroma + adipose tissue,1,6,60,1645,4861,1030,758,5.533980582524272,False,False,False,True,Stroma + adipose tissue,0.21407220126702242,0.14764012668781,9.675758301367822e-05,0.3951766718373111,1,1,2.1009606014924986,3,5,0.0,0,0,14.734985393877365,0.009675758301054797,0.009675758301290291,0.009675758301290215,False,False,False,False
CCGAGGGATGTTAGGC-1,737,538,TNBC,CID44971,Stroma + adipose tissue,1,6,62,1645,4970,737,538,5.4274084124830395,False,False,False,True,Stroma + adipose tissue,0.1844297021300116,0.1021614741707352,9.530206770233079e-05,0.0,0,0,2.436646141445249,3,6,0.0,0,0,0.009530206770209992,0.00953020677021008,0.009530206770317224,10.187556796762784,False,False,False,False
TGAGATCAAATACTCA-1,839,634,TNBC,CID44971,Stroma + adipose tissue,1,7,63,1740,5025,839,634,5.125148986889154,False,False,False,True,Stroma + adipose tissue,0.35429696519363363,0.032041295362654355,0.00010143350505433973,0.0,0,0,2.1804288304899755,3,5,0.0,0,0,0.010143350508776423,0.010143350510902085,0.010143350511511922,3.1736994847342452,False,True,False,False
AAACGAAGAACATACC-1,803,610,TNBC,CID44971,Stroma + adipose tissue,1,6,64,1645,5079,803,610,7.347447073474471,False,False,False,True,Stroma + adipose tissue,0.3453555775405159,0.06966006239673464,0.051195689840743915,0.0,0,0,1.6318451528810811,2,5,0.0,0,0,0.6290014584544013,0.006484944768322623,0.006484944768329427,6.324034891682411,False,True,False,False
TGGAGCTAAAGTTCCC-1,965,669,TNBC,CID44971,Stroma + adipose tissue,1,6,68,1645,5298,965,669,8.911917098445596,False,False,False,True,Stroma + adipose tissue,0.5257328214301209,0.0536699797645084,4.971897821264438e-05,0.0,0,0,3.648281366732588,4,16,0.0,0,0,0.004971897867504752,0.0049718978680310805,0.004971897865378233,5.352082282849926,False,True,False,False
GGGTGGTCCAGCCTGT-1,885,621,TNBC,CID44971,Stroma + adipose tissue,1,7,69,1740,5353,885,621,8.022598870056497,False,False,False,True,Stroma + adipose tissue,0.34438898543445046,0.056908935586851526,0.00014460793407885131,0.0,0,0,2.6442969046346634,3,12,0.0,0,0,0.014460793407885131,5.647511178461497,0.014460793407885131,0.014460793407885131,False,True,False,False
CATGCATGGAGACCCT-1,1284,859,TNBC,CID44971,Stroma + adipose tissue,1,6,70,1645,5407,1284,859,7.009345794392523,False,False,False,True,Stroma + adipose tissue,0.5365261961703532,0.11058694419298903,2.9392557884746513e-05,0.0,0,0,3.5681921264449965,4,23,0.0,0,0,4.926066690999004,0.002939255788424516,0.0029392557884236857,6.126749216723051,False,True,False,False
ACACGGCACTATGCAT-1,1036,703,TNBC,CID44971,Stroma + adipose tissue,1,7,71,1740,5462,1036,703,12.258687258687258,False,False,False,True,Stroma + adipose tissue,0.372219358957846,0.1316608837837752,0.00010067826288507567,0.39429925208629135,1,1,3.232442114472906,4,11,0.0,0,0,5.168228819433478,0.010067826294330602,0.010067826294327226,7.977723906355385,False,True,False,False
CAATATTGGACTAGTG-1,14148,4576,TNBC,CID44971,Normal + stroma + lymphocytes,1,8,18,1836,2566,14148,4576,7.746677975685609,False,False,False,True,Normal + stroma + lymphocytes,0.06653085367513714,0.08251917050073612,4.799228366462149e-05,0.08910471493182426,1,1,0.9807559971163813,4,11,0.0,0,0,7.155072718327821,0.4963678540848302,0.004799228366732979,0.5956772492942296,False,False,False,False
CGTGCTGGCCTAGTCG-1,16734,4710,TNBC,CID44971,Normal + stroma + lymphocytes,1,9,19,1931,2620,16734,4710,7.141149754989841,False,False,False,True,Normal + stroma + lymphocytes,0.02038519754734275,0.048296750021296485,7.160736040623718e-05,0.23424679283793717,3,3,0.1171233964189686,1,1,0.0,0,0,3.7846680554281096,1.0306854746202747,0.00716073604064732,0.007160736040616742,False,False,False,False
CCTGCGATAGAACTGT-1,15836,4896,TNBC,CID44971,Normal + stroma + lymphocytes,1,8,20,1836,2675,15836,4896,7.173528668855772,False,False,False,True,Normal + stroma + lymphocytes,0.05533338485363538,0.05356083455746135,6.721458819190761e-05,0.16316101297544738,2,2,0.636313340637148,3,8,0.0,0,0,3.476040318522586,0.87555643114531,0.006721458817850797,0.9977652472603888,False,False,False,False
GGGTAATGCTGTGTTT-1,14297,4499,TNBC,CID44971,Normal + stroma + lymphocytes,1,9,21,1931,2730,14297,4499,7.6729383786808425,False,False,False,True,Normal + stroma + lymphocytes,0.03734438944439382,0.04525604348397368,0.0004970061623432838,0.08838386014798925,1,1,0.35132783065769785,2,3,0.0,0,0,3.968081921388173,0.0049108742027033775,0.004910874203393437,0.5477006786030983,False,False,False,False
AACGCGAACGGCAACA-1,14152,4556,TNBC,CID44971,Normal + stroma + lymphocytes,1,8,22,1836,2784,14152,4556,7.497173544375353,False,False,False,True,Normal + stroma + lymphocytes,0.05221272179469938,0.03475988491790514,0.006348712232137752,0.08908520592450891,1,1,0.771942483243,4,7,0.0,0,0,0.38510104546738816,1.5485450924043949,0.0048254108699881705,1.5375169430487428,False,False,False,False
TGTCGGCATGGTGGAA-1,13654,4373,TNBC,CID44971,Normal + stroma + lymphocytes,1,9,23,1931,2839,13654,4373,7.5875201406181345,False,False,False,True,Normal + stroma + lymphocytes,0.05412587190664797,0.04165023301635336,6.561039148550969e-05,0.09158328580547276,1,1,0.5653154566966176,3,5,0.0,0,0,4.145340184190236,0.006561039148637929,0.006561039147911026,0.006561039148551098,False,False,False,False
AGCGTACGAGAGCTAG-1,25609,5932,TNBC,CID44971,Normal + stroma + lymphocytes,1,8,24,1836,2894,25609,5932,5.724549962903667,False,False,False,True,Normal + stroma + lymphocytes,0.03133753596446163,0.056747451021426976,7.431546606189976e-05,0.1098848542313467,2,2,0.6557465029693167,4,10,0.0,0,0,2.9233470942639164,1.295820694637881,0.007431546608214808,1.4481457666326853,False,False,False,False
ATACTCTCGCCACTCT-1,15917,4862,TNBC,CID44971,Normal + stroma + lymphocytes,1,9,25,1931,2948,15917,4862,6.63441603317208,False,False,False,True,Normal + stroma + lymphocytes,0.05902352405818109,0.027581086012132418,6.398613654817291e-05,0.24375570179856973,3,3,0.8638697900056047,4,10,0.0,0,0,0.006398613654817958,2.7389127602500154,0.006398613653590665,0.00639861365481776,False,False,False,False
AATCCATGCAAGGGTG-1,13465,4259,TNBC,CID44971,Normal + stroma + lymphocytes,1,8,26,1836,3003,13465,4259,7.411808392127739,False,False,False,True,Normal + stroma + lymphocytes,0.07445650916281187,0.038280577618002666,7.027604276405575e-05,0.0,0,0,0.5723349745585253,2,6,0.0,0,0,2.7199822198661816,0.007027604276539031,0.302440389232668,0.7986075484248779,False,False,False,False
TTAAACAGAGTCCCGC-1,15539,4643,TNBC,CID44971,Normal + stroma + lymphocytes,1,9,27,1931,3058,15539,4643,8.224467468949095,False,False,False,True,Normal + stroma + lymphocytes,0.06657420459720471,0.044777744816982996,4.8061916896774576e-05,0.16561790092181086,2,2,1.0092890678359576,4,12,0.0,0,0,4.459418842482977,0.004806191689014548,0.008743255836631192,0.004806191689677312,False,False,False,False
CCACAGCTGAAATCAT-1,10727,3817,TNBC,CID44971,Normal + stroma + lymphocytes,1,8,28,1836,3112,10727,3817,6.861191386221684,False,False,False,True,Normal + stroma + lymphocytes,0.05327117466746176,0.020076522646273333,0.018289171047783066,0.2851751816416328,2,3,0.6628684691673201,3,5,0.0,0,0,1.3850624034572134,0.6090054441925454,0.00679220848868362,0.00679220848889069,False,False,False,False
CGGTTCCGGCTTCTTG-1,8391,3236,TNBC,CID44971,Normal + stroma + lymphocytes,1,9,29,1931,3167,8391,3236,6.852580145393874,False,False,False,True,Normal + stroma + lymphocytes,0.06088199053957199,0.051261230710181765,6.733096763824698e-05,0.0,0,0,1.0018071011379135,4,6,0.0,0,0,3.5496906048306043,0.006733096764004568,0.0067330967639703965,1.562966272659597,False,False,False,False
GACGTGAGACTCCATG-1,16945,4823,TNBC,CID44971,Normal + stroma + lymphocytes,1,8,30,1836,3221,16945,4823,7.630569489524934,False,False,False,True,Normal + stroma + lymphocytes,0.04482503222291572,0.01967395068923332,0.0006426855785906982,0.15460831544214845,2,2,0.4866634478260967,3,5,0.0,0,0,1.9453654946066847,0.007343191437560784,0.007343191439003123,0.007343191440083269,False,False,False,False
TCGTTGGCTCGTCAAT-1,12160,4009,TNBC,CID44971,Normal + stroma + lymphocytes,1,9,31,1931,3276,12160,4009,7.845394736842105,False,False,False,True,Normal + stroma + lymphocytes,0.06993678359907086,0.049012804909739714,4.7065377895470725e-05,0.10002283089017701,1,1,0.7971157908101438,3,7,0.0,0,0,4.09610336580567,0.34660969266673997,0.4538608947120152,0.0047065377895472256,False,False,False,False
GGTGAACGGGCTAGCC-1,17094,4678,TNBC,CID44971,Normal + stroma + lymphocytes,1,8,32,1836,3331,17094,4678,8.342108342108343,False,False,False,True,Normal + stroma + lymphocytes,0.08394514597831118,0.037848396749933705,7.278832353577756e-05,0.15352825880490614,2,2,1.1346289806645715,4,16,0.0,0,0,1.6249980091989924,1.702641093760461,0.007278832353968649,0.4499217396799482,False,False,False,False
GCACTGTGCAAATGTA-1,19912,5082,TNBC,CID44971,Normal + stroma + lymphocytes,1,9,33,1931,3385,19912,5082,8.497388509441544,False,False,False,True,Normal + stroma + lymphocytes,0.042156751036934094,0.04601953183725456,7.180904705688372e-05,0.13564572420317392,2,2,0.9756346043766988,4,14,0.0,0,0,2.9988367069152932,1.5887546673988215,0.007180904705677469,0.007180904705663863,False,False,False,False
ACGAGAACCCATCACG-1,22514,5321,TNBC,CID44971,Normal + stroma + lymphocytes,1,8,34,1836,3440,22514,5321,8.541352047614817,False,False,False,True,Normal + stroma + lymphocytes,0.05677181916247097,0.024227302098517298,0.00840427610666562,0.06125557131323665,1,1,0.8077651655446088,4,12,0.0,0,0,0.476635378594671,1.6166185859376279,0.31840038761334144,0.011075857706089376,False,False,False,False
CCAGCTACGCCTCATA-1,29340,6203,TNBC,CID44971,Normal + stroma + lymphocytes,1,9,35,1931,3495,29340,6203,7.893660531697341,False,False,False,True,Normal + stroma + lymphocytes,0.03638492919884409,0.04487952280840075,7.538621416676241e-05,0.09776334674869247,2,2,0.39534268071587586,3,7,0.0,0,0,4.465336416592222,0.007538621415390582,0.007538621415786692,0.007538621416676142,False,False,False,False
TCCCGGTCAGGAATTT-1,20920,5047,TNBC,CID44971,Normal + stroma + lymphocytes,1,8,36,1836,3549,20920,5047,8.360420650095604,False,False,False,True,Normal + stroma + lymphocytes,0.07986755395765482,0.0275978903055535,8.245287682626478e-05,0.06511626408708317,1,1,1.241991682847895,4,24,0.0,0,0,2.410250202109577,0.3330482530854515,0.008245287677940628,0.008245287682380873,False,False,False,False
TCGCATTCAATGACTT-1,17765,4741,TNBC,CID44971,Normal + stroma + lymphocytes,1,9,37,1931,3604,17765,4741,7.23895299746693,False,False,False,True,Normal + stroma + lymphocytes,0.0678956987187249,0.031196347261650312,7.32004939938663e-05,0.07442433420343002,1,1,0.7117801611449577,3,9,0.14884866840686004,1,1,1.5915944483270144,0.7886604175907934,0.06995792212908565,0.6694219381181374,False,False,False,False
CTGGTTCAACGCATCA-1,8839,3256,TNBC,CID44971,Normal + stroma + lymphocytes,1,8,38,1836,3659,8839,3256,7.195384093223216,False,False,False,True,Normal + stroma + lymphocytes,0.08703020741783368,0.013504187428953093,0.014633866798172801,0.0,0,0,1.2822292262677333,4,10,0.0,0,0,0.9855018138652903,0.006885986938615114,0.3511449551527887,0.00688598693861517,False,False,False,False
GGTGATTTCATCTTGT-1,7527,2894,TNBC,CID44971,Normal + stroma + lymphocytes,1,9,39,1931,3713,7527,2894,6.749036800850272,False,False,False,True,Normal + stroma + lymphocytes,0.07742096154362682,0.08972252966724859,7.189944605466901e-05,0.0,0,0,0.9371202240051723,3,6,0.0,0,0,8.591721653608833,0.36615142390533806,0.007189944605220027,0.007189944605467628,False,False,False,False
CACCCTTTCCTCGCTC-1,8603,3361,TNBC,CID44971,Normal + stroma + lymphocytes,1,8,40,1836,3768,8603,3361,6.102522375915378,False,False,False,True,Normal + stroma + lymphocytes,0.06350970213666088,0.0424019921096499,6.920933226570381e-05,0.25707062613221315,2,2,0.9260466959860508,3,7,0.0,0,0,3.535034154714915,0.006920933226412734,0.006920933226858917,0.6913231897968031,False,False,False,False
CAACTTGTAGTGGGCA-1,10041,3706,TNBC,CID44971,Normal + stroma + lymphocytes,1,9,41,1931,3823,10041,3706,5.208644557315009,False,False,False,True,Normal + stroma + lymphocytes,0.06210300633132524,0.00028573377114811545,0.03159136282194588,0.0,0,0,1.311477213022965,4,12,0.23036782142466403,1,1,0.007143344278654497,0.007143344278775523,0.007143344278726888,0.007143344278654638,False,False,False,False
AATATCAAGGTCGGAT-1,11345,4082,TNBC,CID44971,Normal + stroma + lymphocytes,1,8,42,1836,3877,11345,4082,6.522697223446452,False,False,False,True,Normal + stroma + lymphocytes,0.07028732831174037,0.04706689163439319,4.891001573234356e-05,0.1053400669963534,1,1,0.7379543384918955,3,7,0.0,0,0,4.2150020114650175,0.0048910015733837665,0.004891001571781526,0.4819051488291366,False,False,False,False
ACTCAGACCTGCTTCT-1,20767,5378,TNBC,CID44971,Normal + stroma + lymphocytes,1,9,43,1931,3932,20767,5378,5.402802523233977,False,False,False,True,Normal + stroma + lymphocytes,0.05228523144702729,0.018785200278556746,0.0013147387627993514,0.11241795704093803,1,2,0.860623408501769,3,14,0.0,0,0,1.1666348256881593,0.6911108579061646,0.010387172130953205,0.010387172130397691,False,False,False,False
TTGGAGTCTCCCTTCT-1,11870,3924,TNBC,CID44971,Normal + stroma + lymphocytes,1,8,44,1836,3986,11870,3924,7.3209772535804545,False,False,False,True,Normal + stroma + lymphocytes,0.05765268551138054,0.026825374298323885,0.010774480289382058,0.2100925619015792,1,3,0.8824677401603871,3,10,0.0,0,0,2.6196661853546255,0.004755607827329751,0.004755607827821482,0.05336002882261183,False,False,False,False
GGATACTCATGAATTG-1,16625,4890,TNBC,CID44971,Normal + stroma + lymphocytes,1,9,45,1931,4041,16625,4890,6.724812030075188,False,False,False,True,Normal + stroma + lymphocytes,0.1160667984218768,0.021565356786148945,7.050518972182133e-05,0.13163724679921893,1,2,1.789881737153984,4,36,0.15698101249589044,1,1,1.6926556752964173,0.23933098182488113,0.2174985025214435,0.00705051897215267,False,False,False,False
TGGGCACAAACAGAAC-1,7528,2915,TNBC,CID44971,Stroma + adipose tissue,1,8,46,1836,4096,7528,2915,8.196068012752391,False,False,False,True,Stroma + adipose tissue,0.08459145914115714,0.0374632240152,7.338410678675876e-05,0.14086170000168113,1,1,1.6669167874424247,4,16,0.0,0,0,1.6242835827088193,2.107361997453925,0.007338410678579416,0.007338410678675828,False,False,False,False
GAGCCACGGTAGTAGG-1,5212,2015,TNBC,CID44971,Stroma + adipose tissue,1,9,47,1931,4150,5212,2015,9.881043745203378,False,False,False,True,Stroma + adipose tissue,0.05302464118297848,0.036181812459277825,5.522871650133295e-05,0.1785201551339024,1,1,0.2677802327008536,1,1,0.0,0,0,0.8170061501164813,2.019973847519608,0.005522871649973644,0.7756783766417197,False,False,False,False
TAACCGCCCGCAGTGC-1,3968,1721,TNBC,CID44971,Stroma + adipose tissue,1,9,49,1931,4260,3968,1721,9.702620967741936,False,False,False,True,Stroma + adipose tissue,0.1318201209899664,0.06538031340527099,0.00010868933009897492,0.5094940379311338,2,3,1.717746127818425,3,12,0.0,0,0,6.50542454149749,0.010868933009899226,0.010868933009811652,0.010868933009897417,False,False,False,False
GCCTATTTGCTACACA-1,3072,1504,TNBC,CID44971,Stroma + adipose tissue,1,8,50,1836,4314,3072,1504,8.30078125,False,False,False,True,Stroma + adipose tissue,0.09793500127032038,0.07754641034317845,5.067324677278785e-05,0.0,0,0,2.030317483300821,4,9,0.0,0,0,7.739439060289801,0.005067324676014627,0.005067324676015842,0.005067324676015641,False,False,False,False
TTGACGATTCAGCACG-1,2731,1343,TNBC,CID44971,Stroma + adipose tissue,1,9,51,1931,4369,2731,1343,7.909190772610765,False,False,False,True,Stroma + adipose tissue,0.13360246047572574,0.04953611232602069,0.00010850478136267013,0.0,0,0,1.1249769492488109,2,6,0.0,0,0,0.010850478136266913,0.010850478136265775,0.9686175920122353,3.963292684317301,False,False,False,False
TTAAACCGGTAGCGAC-1,2489,1301,TNBC,CID44971,Stroma + adipose tissue,1,8,52,1836,4424,2489,1301,7.914825231016473,False,False,False,True,Stroma + adipose tissue,0.0999928352148148,0.05912415103249097,7.101465703563538e-05,0.0,0,0,1.5957832645017818,3,6,0.0,0,0,0.007101465703480408,0.007101465703562832,2.023007469917507,3.8752047019245466,False,False,False,False
ACCGAAAGGGCCCTGC-1,2343,1231,TNBC,CID44971,Stroma + adipose tissue,1,9,53,1931,4478,2343,1231,6.828851899274435,False,False,False,True,Stroma + adipose tissue,0.22734955670919874,0.030761111655532924,0.01547327648154974,0.2769428235393555,1,1,1.6074249839862969,3,7,0.553885647078711,1,1,3.0460669655482517,0.010014733335298513,0.010014733334871032,0.010014733334871066,False,False,False,False
ACGTTCCGCGCTCCGT-1,1937,1104,TNBC,CID44971,Stroma + adipose tissue,1,8,54,1836,4533,1937,1104,6.401652039235932,False,False,False,True,Stroma + adipose tissue,0.155167301029208,0.0025170743734668453,7.76588814818832e-05,0.0,0,0,1.2233826358550712,2,5,0.0,0,0,0.007765888156104851,0.007765888156939139,0.00776588816572369,0.22840977286791683,False,False,False,False
CGGCTTTGTATGATAA-1,1164,756,TNBC,CID44971,Stroma + adipose tissue,1,8,56,1836,4642,1164,756,4.896907216494846,False,False,False,True,Stroma + adipose tissue,0.21175916500396938,0.16223262623754384,6.149123016327474e-05,0.0,0,0,1.9522662914722562,3,5,0.0,0,0,16.20481525471228,0.006149123016320311,0.006149123009463999,0.006149123016320781,False,False,False,False
CTTGACCCGAAAGATA-1,1338,875,TNBC,CID44971,Stroma + adipose tissue,1,9,57,1931,4697,1338,875,4.857997010463378,False,False,False,True,Stroma + adipose tissue,0.1508276500601588,0.002475240988660644,0.03760902938641028,0.0,0,0,1.856905841342083,3,5,0.0,0,0,0.013786866566618275,0.0044316278122204155,0.00443162781222156,0.22487397667500414,False,False,False,False
CGCAGAAACATTTGCG-1,1014,700,TNBC,CID44971,Stroma + adipose tissue,1,8,58,1836,4751,1014,700,4.6351084812623276,False,False,False,True,Stroma + adipose tissue,0.1750381902525189,0.052282746074164256,8.318782218138358e-05,0.39754404761188306,1,1,1.451450023986066,2,4,0.0,0,0,0.008318782218138197,5.203318260762011,0.008318782218138405,0.008318782218138216,False,False,False,False
GACCCGTCGCCGGCTA-1,814,544,TNBC,CID44971,Stroma + adipose tissue,1,9,59,1931,4806,814,544,6.388206388206388,False,False,False,True,Stroma + adipose tissue,0.23629220678096463,0.0004111996551660292,0.00010279991377785806,0.0,0,0,1.5551001372696476,2,4,0.0,0,0,0.010279991379940102,0.010279991359052332,0.010279991397670347,0.010279991379940137,False,False,False,False
CCCAACCACACTAACA-1,804,598,TNBC,CID44971,Stroma + adipose tissue,1,8,66,1835,5189,804,598,6.965174129353234,False,False,False,True,Stroma + adipose tissue,0.32755169374360815,0.019909744302164134,9.433164087160015e-05,0.0,0,0,2.538100783227042,3,7,0.0,0,0,0.009433164087169052,0.009433164083525262,0.009433164090018006,1.962674937955701,False,True,False,False
CACCGCCGACCAGCGA-1,712,524,TNBC,CID44971,Stroma + adipose tissue,1,9,67,1930,5243,712,524,6.601123595505618,False,False,False,True,Stroma + adipose tissue,0.32244319833609775,0.014395058236585292,6.080997630604042e-05,0.0,0,0,1.6188432003069226,2,4,0.0,0,0,0.006080997630604269,0.006080997628050908,1.4212628307692698,0.00608099763060425,False,True,False,False
TGGTATCGCATCCCAA-1,923,639,TNBC,CID44971,Stroma + adipose tissue,1,8,68,1835,5298,923,639,6.067172264355363,False,False,False,True,Stroma + adipose tissue,0.4310215422568166,0.0781037895819692,7.167258544834613e-05,0.0,0,0,2.4006031278891715,3,8,0.0,0,0,0.007167258544939101,0.007167258544938751,0.007167258544938506,7.7888771825621035,False,True,False,False
CAGAGTGATTTAACGT-1,869,606,TNBC,CID44971,Stroma + adipose tissue,1,9,69,1930,5353,869,606,6.67433831990794,False,False,False,True,Stroma + adipose tissue,0.40638707867007007,0.103159115963832,6.95485495474051e-05,0.0,0,0,2.5520344747869137,3,8,0.0,0,0,3.020536713774846,0.006954854956756137,0.006954854956756601,7.281465172694841,False,True,False,False
AACCCTGGTGGAACCA-1,1195,785,TNBC,CID44971,Stroma + adipose tissue,1,8,70,1835,5407,1195,785,9.288702928870293,False,False,False,True,Stroma + adipose tissue,0.35828327483226946,0.005345996626309223,0.005915000207782325,0.0,0,0,3.323120785084484,4,15,0.0,0,0,0.006412884346286213,0.006412884347197943,0.006412884346285982,0.5153610095911522,False,True,False,False
GTCAGTTGTGCTCGTT-1,1225,777,TNBC,CID44971,Stroma + adipose tissue,1,9,71,1930,5462,1225,777,11.10204081632653,False,False,False,True,Stroma + adipose tissue,0.383753571219286,0.0004335973126808967,0.06539312302560829,0.0,0,0,1.742891265535806,2,8,0.0,0,0,0.010839932817023605,0.010839932817020254,0.01083993281702274,0.010839932817023073,False,True,False,False
GCCAGGCGTTCGCATG-1,21813,5501,TNBC,CID44971,Stroma,1,9,89,1930,6445,21813,5501,22.156512171640767,False,False,False,True,Stroma,0.03899125184454215,0.1438360218733464,0.00018875674874057556,0.1713450104284908,2,3,0.2830266667076533,3,3,0.0,0,0,1.421859629823694,0.018875674870727333,0.018875674873123284,12.923991207767097,False,False,False,False
CAATGGAATCTACATA-1,37649,7100,TNBC,CID44971,Stroma,1,9,91,1930,6555,37649,7100,15.514356291003745,False,False,False,True,Stroma,0.035572422945663,0.14842403154673517,0.0001311367819669553,0.03925920834215437,1,1,0.4831805182397658,4,10,0.0,0,0,0.013113678195179074,0.013113678189413046,0.013113678208180268,14.803062120080746,False,False,False,False
ATGGCTGGAAATGGCC-1,39596,7155,TNBC,CID44971,DCIS,1,9,93,1930,6664,39596,7155,14.754015557126982,False,False,False,True,DCIS,0.021455332511193765,0.12068554626839444,0.00018995342668858,0.10567373948792776,2,3,0.42814472329020914,4,9,0.0,0,0,0.018995342679245627,0.018995342661730724,0.01899534267960957,12.011568598818858,False,False,False,False
CACATGTTTGGACATG-1,9769,3679,TNBC,CID44971,Normal + stroma + lymphocytes,1,10,18,2026,2566,9769,3679,8.547446002661479,False,False,False,True,Normal + stroma + lymphocytes,0.03200042204779447,0.08640805516516689,4.762605478105155e-05,0.30319240407873393,2,3,0.35245047377149746,2,2,0.0,0,0,7.037176474130464,0.004762605478169104,0.004762605478130583,1.5941038314299247,False,False,False,False
TTCGCATCCGGAAGCA-1,11564,4016,TNBC,CID44971,Normal + stroma + lymphocytes,1,11,19,2121,2620,11564,4016,7.246627464545139,False,False,False,True,Normal + stroma + lymphocytes,0.02816927903907402,0.06744684857292728,6.97451205618433e-05,0.27120813999000193,2,3,0.3115642167176614,2,2,0.0,0,0,6.723761321126101,0.006974512056209919,0.0069745120542328105,0.006974512056184216,False,False,False,False
CCCTAGTGTCAGGTGT-1,15490,4908,TNBC,CID44971,Normal + stroma + lymphocytes,1,10,20,2026,2675,15490,4908,6.823757262750162,False,False,False,True,Normal + stroma + lymphocytes,0.04146568232424864,0.030299657181605794,4.590927692332961e-05,0.24904578197962343,3,3,0.8373722912451655,4,9,0.16603052131974896,1,1,0.004590927692332074,2.528260810226189,0.004590927692055166,0.492523052550003,False,False,False,False
TTACCGCCTTAGGGAA-1,14844,4732,TNBC,CID44971,Normal + stroma + lymphocytes,1,11,21,2121,2730,14844,4732,7.295877122069523,False,False,False,True,Normal + stroma + lymphocytes,0.06621628181977651,0.01877871288243846,6.697611279151261e-05,0.0,0,0,1.0287650122399896,3,15,0.0,0,0,1.4207415809145363,0.44373448477141647,0.006697611278742009,0.006697611279151086,False,False,False,False
CCAGTCCATTATTCGA-1,17112,4900,TNBC,CID44971,Normal + stroma + lymphocytes,1,10,22,2026,2784,17112,4900,7.918419822346891,False,False,False,True,Normal + stroma + lymphocytes,0.06219640995762121,0.011003222911237964,0.005926006470482698,0.0,0,0,0.6402671413002102,3,7,0.0,0,0,0.007163758050094508,1.0788310169744706,0.007163758049136576,0.00716375805009467,False,False,False,False
CGTAAACGCTTGAGTG-1,39257,7451,TNBC,CID44971,Normal + stroma + lymphocytes,1,11,23,2121,2839,39257,7451,7.170695672109432,False,False,False,True,Normal + stroma + lymphocytes,0.0354630683892393,0.030908515395111923,4.7522510095289924e-05,0.2270517697754293,3,7,0.5494607722857725,3,13,0.0,0,0,3.0765947864830534,0.004752251007900443,0.004752251008995455,0.0047522510112428746,False,False,False,False
ATTCCTTCCAGGCGGT-1,14276,4503,TNBC,CID44971,Normal + stroma + lymphocytes,1,10,24,2026,2894,14276,4503,7.214906136172597,False,False,False,True,Normal + stroma + lymphocytes,0.055929906400148215,0.044502688681766836,6.463788176338742e-05,0.23446233292077556,2,3,0.853625639149769,4,8,0.0,0,0,4.430877503646188,0.006463788176727767,0.006463788177429458,0.006463788176338741,False,False,False,False
TTCCTTTCTGTGTTGC-1,26537,6417,TNBC,CID44971,Normal + stroma + lymphocytes,1,11,25,2121,2948,26537,6417,6.289331876248257,False,False,False,True,Normal + stroma + lymphocytes,0.045883031862568036,0.04728136925682114,6.44910013490628e-05,0.452331540145028,5,10,0.9442059461717086,4,17,0.0,0,0,4.708789625278496,0.006449100134670858,0.006449100134040235,0.006449100134906124,False,False,False,False
AGTTGACATCGGCTGG-1,25188,6237,TNBC,CID44971,Normal + stroma + lymphocytes,1,10,26,2026,3003,25188,6237,7.392409083690646,False,False,False,True,Normal + stroma + lymphocytes,0.06852113781019735,0.03574964752046407,0.007219190430794253,0.2796813045610064,2,7,0.7241451788961979,3,13,0.2228916165092879,2,2,3.5554669792496925,0.0064992575994833905,0.006499257598826037,0.006499257598405079,False,False,False,False
AACTCGATGGCGCAGT-1,34782,6905,TNBC,CID44971,Normal + stroma + lymphocytes,1,11,27,2121,3058,34782,6905,5.34471853257432,False,False,False,True,Normal + stroma + lymphocytes,0.019381766414317846,0.07612837164373204,6.826196604569261e-05,0.5635283687477554,4,19,0.2399185460062188,3,4,0.0,0,0,5.1339308440835305,2.4652539270864264,0.006826196597465301,0.006826196605782832,False,False,False,False
GATAAGGCAGATGCAA-1,18878,5153,TNBC,CID44971,Normal + stroma + lymphocytes,1,10,28,2026,3112,18878,5153,7.511388918317619,False,False,False,True,Normal + stroma + lymphocytes,0.04243935443812429,0.012468790303909393,6.962689710992657e-05,0.14169427888209155,2,2,0.39314924708242943,3,4,0.0,0,0,0.006962689710992431,1.2259909612592668,0.006962689709687335,0.00696268971099259,False,False,False,False
GGCTGGCTAGCTTAAA-1,12902,4181,TNBC,CID44971,Normal + stroma + lymphocytes,1,11,29,2121,3167,12902,4181,8.587815842505037,False,False,False,True,Normal + stroma + lymphocytes,0.05448568407171734,0.05868058509295022,6.756612605793995e-05,0.3473058196415624,3,4,0.7302629550477928,3,7,0.0,0,0,5.501140091350748,0.35340519273337356,0.006756612605106484,0.006756612605793917,False,False,False,False
CCTCATGCAGCTACGA-1,9283,3585,TNBC,CID44971,Normal + stroma + lymphocytes,1,10,30,2026,3221,9283,3585,6.646558224711839,False,False,False,True,Normal + stroma + lymphocytes,0.06248174808374237,0.019691396472331344,0.0032554237336038824,0.0,0,0,0.4699653701907037,2,3,0.0,0,0,0.0046717399354349815,0.004671739935513922,0.004671739932768446,1.955124427429417,False,False,False,False
GACGCCTGTTGCAGGG-1,18163,5089,TNBC,CID44971,Normal + stroma + lymphocytes,1,11,31,2121,3276,18163,5089,7.102350933215878,False,False,False,True,Normal + stroma + lymphocytes,0.04483676210737668,0.05778245929088036,0.003856745028520008,0.4132883936313541,4,7,0.6487323599012585,4,7,0.2474933006916257,1,2,2.2556319411738377,2.6918897080647413,0.39138093345621877,0.4393433463932385,False,False,False,False
TAATTAGATGGATATG-1,22697,5707,TNBC,CID44971,Normal + stroma + lymphocytes,1,10,32,2026,3331,22697,5707,7.525223597832313,False,False,False,True,Normal + stroma + lymphocytes,0.0360092907605877,0.02156934598371018,4.719702172744302e-05,0.16615774606729583,2,3,0.459818061792802,3,6,0.0,0,0,2.1427754918525714,0.004719702173322969,0.004719702171623263,0.004719702173500321,False,False,False,False
GAGGGCATCGCGTATC-1,31939,6825,TNBC,CID44971,Normal + stroma + lymphocytes,1,11,33,2121,3385,31939,6825,6.152352922759009,False,False,False,True,Normal + stroma + lymphocytes,0.020953444282991143,0.03185830931169946,6.786429058095865e-05,0.17183646924886053,3,4,0.42333525291471397,4,7,0.0,0,0,2.473633800280221,0.6635909505958566,0.006786429058569357,0.04181975123529844,False,False,False,False
CTTGTGAGTCTTTGAC-1,25094,6047,TNBC,CID44971,Normal + stroma + lymphocytes,1,10,34,2026,3440,25094,6047,8.233043755479398,False,False,False,True,Normal + stroma + lymphocytes,0.06762231935806766,0.06327823797341722,6.9896520057778e-05,0.33627228609063486,3,8,1.0500242262049309,4,21,0.0,0,0,5.183440484681511,1.1304040086503364,0.006989652004097435,0.006989652005777721,False,False,False,False
TCAACACATTGGGTAA-1,30873,7106,TNBC,CID44971,Normal + stroma + lymphocytes,1,11,35,2121,3495,30873,7106,3.9322385255725067,False,False,False,True,Normal + stroma + lymphocytes,0.01316489839879274,0.06655085586168587,0.0008509301665727119,0.38403522856749134,5,10,0.2651564202744859,3,4,0.18705845522309972,2,2,4.225106965936764,2.4213729666504484,0.00430282679099036,0.00430282679038484,False,False,False,False
ACTGTATACGCGAGCA-1,23950,5623,TNBC,CID44971,Normal + stroma + lymphocytes,1,10,36,2026,3549,23950,5623,8.22964509394572,False,False,False,True,Normal + stroma + lymphocytes,0.03900336908318439,0.08503863700294588,0.01283182704280846,0.3870032993316668,4,8,0.9706476660648404,4,19,0.11630684338259363,1,1,7.538366746372367,0.014819493071864892,0.005209279481281765,0.945468181369075,False,False,False,False
GTGAAACGTGCTCCAC-1,28800,6153,TNBC,CID44971,Normal + stroma + lymphocytes,1,11,37,2121,3604,28800,6153,7.3125,False,False,False,True,Normal + stroma + lymphocytes,0.07139658365860745,0.039285459193063026,5.300265090980396e-05,0.08789248761953354,1,2,1.0229500640828384,4,21,0.0,0,0,3.3526565264544526,0.5652888626697806,0.005300265091795178,0.005300265090274394,False,False,False,False
CGAGTGCTATAGTTCG-1,17300,4815,TNBC,CID44971,Normal + stroma + lymphocytes,1,10,38,2026,3659,17300,4815,8.040462427745664,False,False,False,True,Normal + stroma + lymphocytes,0.07805220984838436,0.05305712461088521,7.330870947513104e-05,0.280107871086733,3,4,0.7975869932990537,4,9,0.0,0,0,5.045984563253713,0.13829777565123058,0.11409925123606432,0.007330870947513295,False,False,False,False
GTACTGCATGAAGCGT-1,17410,4628,TNBC,CID44971,Normal + stroma + lymphocytes,1,11,39,2121,3713,17410,4628,7.736932797242964,False,False,False,True,Normal + stroma + lymphocytes,0.15705906843468315,0.011479701031341204,0.020965991499146814,0.07564385942243279,1,1,1.9064294023924289,4,44,0.2549644315266523,1,2,0.8196195873883632,0.31209326795085635,0.008128623897966402,0.00812862389693445,False,False,False,False
GTAACTTGCGGCAGTC-1,9927,3403,TNBC,CID44971,Normal + stroma + lymphocytes,1,10,40,2026,3768,9927,3403,6.648534300392868,False,False,False,True,Normal + stroma + lymphocytes,0.10686980606337859,0.024619015548001423,0.005651088459207065,0.34810195793463433,2,4,1.6505869183820012,4,19,0.0,0,0,2.4399021193335138,0.00733314515547207,0.007333145155403338,0.007333145155753492,False,False,False,False
GAATCGCCGGACACGG-1,7798,2998,TNBC,CID44971,Normal + stroma + lymphocytes,1,11,41,2121,3823,7798,2998,6.052834060015389,False,False,False,True,Normal + stroma + lymphocytes,0.15254744700560088,0.034861224982920234,7.396301430604975e-05,0.3493859309960709,2,3,1.9542923690065492,4,23,0.0,0,0,0.007396301430680652,2.877671991326498,0.007396301430680617,0.593657904104164,False,False,False,False
GGGAGTAATGGCTGGC-1,7085,2878,TNBC,CID44971,Normal + stroma + lymphocytes,1,10,42,2026,3877,7085,2878,6.351446718419195,False,False,False,True,Normal + stroma + lymphocytes,0.1222008876942201,0.04296378255393537,7.167134254244473e-05,0.5169070368027402,3,4,1.2633360090989765,3,11,0.0,0,0,4.153555981972391,0.007167134254244098,0.00716713425396049,0.12848800491294085,False,False,False,False
CATGAACCGACATTTG-1,6128,2460,TNBC,CID44971,Normal + stroma + lymphocytes,1,11,43,2121,3932,6128,2460,8.028720626631854,False,False,False,True,Normal + stroma + lymphocytes,0.08445356694383901,0.016455282700330805,7.413340918791865e-05,0.0,0,0,1.1686194907771499,3,7,0.0,0,0,0.007413340918791841,1.6232882472767047,0.0074133409187919245,0.0074133409187919375,False,False,False,False
TCTGTCATACAAGAGC-1,9568,3516,TNBC,CID44971,Normal + stroma + lymphocytes,1,10,44,2026,3986,9568,3516,6.7934782608695645,False,False,False,True,Normal + stroma + lymphocytes,0.15789202567354288,0.051971879741182635,0.00907944856059681,0.2384904605788469,2,2,1.9694607625648513,4,24,0.2384904605788469,1,1,3.62539531935573,1.1616061635443773,0.007115227060907321,0.4030712641572492,False,False,False,False
GTCGTCAATTATAAGG-1,8909,2802,TNBC,CID44971,Normal + stroma + lymphocytes,1,11,45,2121,4041,8909,2802,10.89909080704905,False,False,False,True,Normal + stroma + lymphocytes,0.06789050994910707,0.0616376290239254,8.40751459171825e-05,0.250858665820192,2,2,1.0289178651646245,3,9,0.0,0,0,6.138540358618503,0.008407514591741824,0.008407514590577047,0.008407514591718294,False,False,False,False
TAAAGAGCCCGAAACC-1,7539,2737,TNBC,CID44971,Normal + stroma + lymphocytes,1,10,46,2026,4096,7539,2737,9.895211566520759,False,False,False,True,Normal + stroma + lymphocytes,0.05701517743346899,0.016966994941122766,0.00011143084806188529,0.0,0,0,1.2248141354339492,4,8,0.0,0,0,0.011143084806188466,0.6474180318974385,0.011143084803621715,1.0269952926050279,False,False,False,False
GTACTGAGGTCGTAAC-1,15112,3978,TNBC,CID44971,Normal + stroma + lymphocytes,1,11,47,2121,4150,15112,3978,9.700899947061938,False,False,False,True,Normal + stroma + lymphocytes,0.0903745741366743,0.02048021569885425,0.00012509933690825158,0.08464278155674067,1,1,1.4888956061923126,4,22,0.16928556311348134,1,1,0.012509933690825615,1.6351492787397508,0.38785242376402285,0.012509933690825658,False,False,False,False
AAAGACCCAAGTCGCG-1,8666,2760,TNBC,CID44971,Stroma + adipose tissue,1,10,48,2026,4205,8666,2760,11.308562197092083,False,False,False,True,Stroma + adipose tissue,0.0631314041786938,0.029070364741516752,0.00012028400420990765,0.0,0,0,1.417714014590604,4,12,0.0,0,0,2.1609863829635247,0.012028400420110033,0.7219932903470495,0.012028400420991025,False,False,False,False
CGTCAGTGCGCACAAG-1,7287,2613,TNBC,CID44971,Normal + stroma + lymphocytes,1,11,49,2121,4260,7287,2613,9.908055441196652,False,False,False,True,Normal + stroma + lymphocytes,0.10739427682359935,0.05739237008268974,0.009980768006796549,0.14397713920875074,1,1,1.4505671845985213,3,13,0.0,0,0,5.722816898675983,0.005473369864340099,0.005473369864310277,0.005473369864340175,False,False,False,False
TGTATCCTTATTCCAT-1,2763,1327,TNBC,CID44971,Stroma + adipose tissue,1,10,50,2026,4314,2763,1327,9.08432862830257,False,False,False,True,Stroma + adipose tissue,0.09929400080630343,0.0340527338727057,0.054967893927390626,0.0,0,0,0.9097631697208115,2,3,0.0,0,0,0.01139512478612864,0.011395124786131836,0.011395124786128523,3.371088012912181,False,False,False,False
ATTCTCGTCTCTTTAG-1,1922,1045,TNBC,CID44971,Stroma + adipose tissue,1,11,51,2121,4369,1922,1045,7.3361082206035375,False,False,False,True,Stroma + adipose tissue,0.1778287794757436,0.008080549690581218,7.236860188873043e-05,0.0,0,0,1.7672681568018327,3,6,0.0,0,0,0.7863443884839635,0.007236860188598194,0.007236860197074325,0.007236860188485855,False,False,False,False
AAAGTCACTGATGTAA-1,2355,1275,TNBC,CID44971,Stroma + adipose tissue,1,10,52,2026,4424,2355,1275,6.8789808917197455,False,False,False,True,Stroma + adipose tissue,0.15017146500523035,0.0901728120143844,9.16437436079188e-05,0.5525067039907308,2,2,2.354450746411434,4,10,0.0,0,0,3.0604180217826444,5.2193643922800605,0.1799553778401192,0.5575434095356159,False,False,False,False
TGTCTACAGTTTCTGT-1,1406,848,TNBC,CID44971,Stroma + adipose tissue,1,11,53,2121,4478,1406,848,7.254623044096728,False,False,False,True,Stroma + adipose tissue,0.1802112364455374,0.08797790895031105,0.0001468217988649951,0.0,0,0,1.6222317921380838,2,7,0.0,0,0,0.01468217988649951,5.473907432674285,1.7133139530971488,1.5958873293731717,False,False,False,False
TTAACGTCGCAAGACC-1,1664,1016,TNBC,CID44971,Stroma + adipose tissue,1,10,54,2026,4533,1664,1016,6.25,False,False,False,True,Stroma + adipose tissue,0.15633692943671176,0.07028091076448321,9.762297688300039e-05,0.3245471388112143,1,1,1.6152483050163549,3,4,0.0,0,0,6.490769035254659,0.009762297676154367,0.009762297675119819,0.517797445842389,False,False,False,False
CTATGTCTATTGAAAC-1,1612,1001,TNBC,CID44971,Stroma + adipose tissue,1,11,55,2121,4588,1612,1001,6.513647642679901,False,False,False,True,Stroma + adipose tissue,0.16747154425538383,0.10415609491454106,9.340742322517013e-05,0.4326288453162305,1,2,2.448953204794372,4,8,0.0,0,0,8.292221007955751,0.00934074232251482,0.6470483557225601,1.4669993854532792,False,False,False,False
ACAGCATAGAGCCAGT-1,901,650,TNBC,CID44971,Stroma + adipose tissue,1,10,58,2026,4751,901,650,7.880133185349611,False,False,False,True,Stroma + adipose tissue,0.1583498215781612,0.09107612689476008,0.08717111525987507,0.0,0,0,1.4092878939024778,2,3,0.831034849840007,1,1,0.010016996223794433,0.01001699622379377,0.01001699622379384,9.077561700804626,False,False,False,False
ATATTCCCACAGGTCA-1,997,721,TNBC,CID44971,Stroma + adipose tissue,1,11,59,2121,4806,997,721,5.516549648946841,False,False,False,True,Stroma + adipose tissue,0.1846703140177209,0.02318314162821942,0.02484889867931868,0.0,0,0,2.2212265078434696,3,6,0.0,0,0,0.009771215361931582,0.009771215361933679,1.0662400795399682,1.2325316525581083,False,False,False,False
CACCATCGGAGGAGAC-1,698,553,TNBC,CID44971,Stroma + adipose tissue,1,11,61,2121,4915,698,553,7.163323782234957,False,False,False,True,Stroma + adipose tissue,0.17354147844448373,0.13497180548534202,6.368668017525188e-05,0.45493216405480386,1,1,0.6823982460822058,1,1,0.0,0,0,13.473632966660926,0.006368668017522108,0.006368668016512168,0.01081024583924145,False,False,False,False
GCACAAGTGTCGGAAG-1,734,547,TNBC,CID44971,Stroma + adipose tissue,1,10,64,2026,5079,734,547,6.4032697547683926,False,False,False,True,Stroma + adipose tissue,0.28409301814664084,0.02914260716169203,9.965243439337968e-05,0.0,0,0,2.1765865408782648,3,4,0.0,0,0,0.00996524344505197,0.009965243449231475,0.009965243447785132,2.8843649858271343,False,True,False,False
TACCAGCTAGGTTTAA-1,740,581,TNBC,CID44971,Stroma + adipose tissue,1,11,65,2121,5134,740,581,5.9459459459459465,False,False,False,True,Stroma + adipose tissue,0.1296377411967246,0.07093374880911961,0.07123034084989738,0.0,0,0,1.5020623693624857,2,3,0.0,0,0,0.014699736265790488,0.013021000405668007,0.013021000405668007,7.052633143834834,False,False,False,False
ACGTACAGATTTCTCT-1,711,537,TNBC,CID44971,Stroma + adipose tissue,1,10,66,2026,5189,711,537,6.188466947960619,False,False,False,True,Stroma + adipose tissue,0.2794358543922743,0.0003674447368384918,9.186118417771714e-05,0.0,0,0,2.9756915114172013,4,6,0.0,0,0,0.009186118416964463,0.009186118418065188,0.009186118431855156,0.009186118416964368,False,True,False,False
AATTTGGTTCCAAAGA-1,1256,848,TNBC,CID44971,Stroma + adipose tissue,1,11,67,2121,5243,1256,848,8.04140127388535,False,False,False,True,Stroma + adipose tissue,0.15965353818055958,0.11991166306250439,9.636170811221342e-05,0.0,0,0,1.421208435117183,2,5,0.0,0,0,0.009636170811219133,7.638478803065489,0.009636170811219045,4.333415161562511,False,False,False,False
GTAAGGATTTGTCGGA-1,931,669,TNBC,CID44971,Stroma + adipose tissue,1,10,68,2026,5298,931,669,5.155746509129968,False,False,False,True,Stroma + adipose tissue,0.22705384785023142,0.1754318610904054,0.00013971039210495414,0.0,0,0,0.615774697754192,1,1,0.0,0,0,17.501272991416236,0.013971039208097433,0.013971039208108584,0.013971039208097433,False,False,False,False
CATCATCTACCCGGAC-1,1261,811,TNBC,CID44971,Stroma + adipose tissue,1,11,69,2121,5353,1261,811,7.53370340999207,False,False,False,True,Stroma + adipose tissue,0.2833574181682399,0.0005781965178803078,0.030346877481110306,0.0,0,0,2.2151012400722636,3,7,0.0,0,0,0.014454912947007695,0.014454912947007695,0.014454912947007695,0.014454912947007695,False,True,False,False
ACGATGGATCCGATGC-1,1142,789,TNBC,CID44971,Stroma + adipose tissue,1,10,70,2026,5407,1142,789,7.705779334500876,False,False,False,True,Stroma + adipose tissue,0.3147225543483058,0.22884556223901883,6.153238735968703e-05,0.37965677339413423,1,1,3.3861381881389616,4,16,0.0,0,0,14.254593347902029,0.006153238735972182,0.006153238735968924,8.617656398527913,False,True,False,False
CACTCAGCTCTTGAGG-1,1701,1027,TNBC,CID44971,Stroma + adipose tissue,1,11,71,2121,5462,1701,1027,11.228689006466784,False,False,False,True,Stroma + adipose tissue,0.16120228655782323,0.04677391708513048,0.0001539690040136556,0.0,0,0,1.6955119755898678,3,5,0.0,0,0,0.015396900401488478,0.015396900401488478,0.015396900401488478,4.631201007308582,False,False,False,False
GGTAAATGTGCGTTAC-1,2791,1563,TNBC,CID44971,Stroma,1,11,81,2120,6008,2791,1563,8.27660336796847,False,False,False,True,Stroma,0.22333120224675967,0.14006906481427228,9.125381033084945e-05,0.34999429443916813,1,2,2.2089212934702465,4,11,0.0,0,0,6.334607927465247,0.009125381033088442,0.009125381033087172,7.654047791895806,False,False,False,False
GGAAGCTCGCTTACAG-1,2546,1423,TNBC,CID44971,Stroma,1,11,83,2120,6118,2546,1423,13.157894736842104,False,False,False,True,Stroma,0.21379637499794535,0.10783920300615238,0.00013656119144075758,0.0,0,0,1.4892366806283968,3,5,0.0,0,0,0.5846286995312472,0.01365611914724824,0.01365611914724824,10.171979362789495,False,False,False,False
CACCGATACACCGAGC-1,5283,2318,TNBC,CID44971,Stroma,1,10,84,2025,6172,5283,2318,19.458640923717585,False,False,False,True,Stroma,0.08972948319494878,0.08673739723385832,0.00016267903153107394,0.0,0,0,0.8026711373246258,2,5,0.0,0,0,0.19907403801649498,0.01626790315461389,0.016267903154276227,8.442129879060447,False,False,False,False
CAGCCGGGCCCTCTAT-1,5847,2482,TNBC,CID44971,Stroma,1,11,85,2120,6227,5847,2482,13.169146570891055,False,False,False,True,Stroma,0.12925375480960932,0.14247039447421744,0.00011109123138872635,0.16617524979452297,1,1,1.6497985016048429,4,10,0.0,0,0,1.6545728440601921,0.011109123138872242,0.011109123138872154,12.570248357083807,False,False,False,False
CGGAGCTTATAACACC-1,11885,4025,TNBC,CID44971,Stroma,1,10,86,2025,6282,11885,4025,18.350862431636518,False,False,False,True,Stroma,0.06786155288990171,0.1572645393098808,0.006210588873510269,0.10175406163845023,1,1,0.6201748516137546,3,5,0.0,0,0,0.34610121233999547,0.017345529461248347,0.01734552945940665,15.34566165972743,False,False,False,False
ATTACAACTACCGGCC-1,7519,3013,TNBC,CID44971,Stroma,1,11,87,2120,6336,7519,3013,13.76512834153478,False,False,False,True,Stroma,0.1114603631284008,0.15650601639677753,0.00010671082552603891,0.1409754759762992,1,1,0.9315969723310161,3,7,0.2819509519525984,1,1,1.08926434862013,1.196862767563678,0.010671082552604474,13.35380344094134,False,False,False,False
TCCTCTGGCCCATTAG-1,13422,4225,TNBC,CID44971,Stroma,1,10,88,2025,6391,13422,4225,17.359558933094917,False,False,False,True,Stroma,0.0494704290930973,0.18305119780106668,0.0001842137049486642,0.18559353329463268,2,2,0.8518019770548103,4,8,0.0,0,0,0.16272452864015374,0.018421370494851708,0.018421370493792864,18.10555251047787,False,False,False,False
CGGCACCGTTAGCGCC-1,18261,5156,TNBC,CID44971,Stroma,1,11,89,2120,6445,18261,5156,13.816329883357975,False,False,False,True,Stroma,0.041448344239009866,0.14954991280776608,0.00011897534044940062,0.07278585402576676,1,1,0.8843903356011045,4,11,0.0,0,0,0.011897534045317855,0.011897534044492392,0.011897534044427751,14.91929867864237,False,False,False,False
TCGGTCCCTGACTCCA-1,29677,6353,TNBC,CID44971,Stroma,1,10,90,2025,6500,29677,6353,18.654176635104626,False,False,False,True,Stroma,0.027808275515077335,0.13912965497922994,0.0001316694045501547,0.04839988994940848,1,1,0.5328764773178434,3,10,0.0,0,0,0.013166940455158366,0.01316694046211062,0.013166940463787922,13.873464676541936,False,False,False,False
TGGTTGGAGGATCCTG-1,17730,5244,TNBC,CID44971,DCIS,1,11,91,2120,6555,17730,5244,10.344049633389735,False,False,False,True,DCIS,0.03445961513423595,0.16719666825858434,0.0001658069814593138,0.14908557984719004,2,2,0.5242419081287032,4,5,0.0,0,0,0.016580698145600464,0.016580698140821998,0.01658069813875706,16.669924731433255,False,False,False,False
CTGCGGTAGTCACGTG-1,23552,5820,TNBC,CID44971,DCIS,1,10,92,2025,6609,23552,5820,15.416949728260871,False,False,False,True,DCIS,0.024558421937100297,0.14276267242410312,0.00012551629910313491,0.0,0,0,0.4610586629419424,3,6,0.0,0,0,0.012551629909336016,0.012551629909917606,0.012551629908711653,14.238612352682347,False,False,False,False
GTGCCTCAGTGTACGG-1,25606,6956,TNBC,CID44971,DCIS,1,11,93,2120,6664,25606,6956,5.283917831758181,False,False,False,True,DCIS,0.018540443492759986,0.1229895893065119,0.00010718256984562595,0.18419197900633943,2,4,0.30914687892633463,3,4,0.0,0,0,0.010718256988962902,0.0107182569900123,0.010718256990767434,12.266804159681447,False,False,False,False
ATCGTTCACTTTCGCC-1,28330,6505,TNBC,CID44971,DCIS,1,10,94,2025,6719,28330,6505,13.35333568655136,False,False,False,True,DCIS,0.027765296344551302,0.10189653839721916,0.00018335913980445059,0.10077052185001284,2,2,0.40059837901092565,3,6,0.0,0,0,0.018335913983533673,0.018335913986329524,0.018335913998420498,10.134646097753631,False,False,False,False
ACTTACCGGGCGCGCA-1,43280,7908,TNBC,CID44971,DCIS,1,11,95,2120,6773,43280,7908,8.036044362292053,False,False,False,True,DCIS,0.031677496616854144,0.12920167562096627,0.0016472194182080326,0.15107929579147017,2,5,0.5502469871601064,4,13,0.0,0,0,0.1789773123956925,0.011051059751791123,0.01105105975216239,12.719088130196981,False,False,False,False
AGTTCTGCGTTGTATC-1,13608,4516,TNBC,CID44971,Normal + stroma + lymphocytes,1,13,19,2311,2620,13608,4516,9.611992945326278,False,False,False,True,Normal + stroma + lymphocytes,0.026676804534534172,0.07446596469604591,0.006722381643862975,0.34478150724032325,2,5,0.5897850850235296,3,5,0.0,0,0,7.4263383076494,0.006752720651912035,0.006752720651453756,0.006752720651826518,False,False,False,False
ACCCTATAGGACTGAG-1,13402,4456,TNBC,CID44971,Normal + stroma + lymphocytes,1,12,20,2216,2675,13402,4456,8.685270855096254,False,False,False,True,Normal + stroma + lymphocytes,0.03290948963594193,0.04626950213215997,3.3067879489625753e-05,0.24510489468737232,2,3,0.5959602992506702,3,5,0.1858058464152624,1,1,2.508414780115174,0.0033067879490493476,0.4691673840644646,1.6460612610873087,False,False,False,False
TTAGATAGGTCGATAC-1,24497,6442,TNBC,CID44971,Normal + stroma + lymphocytes,1,13,21,2311,2730,24497,6442,5.5598644732008,False,False,False,True,Normal + stroma + lymphocytes,0.03459635147783837,0.014072005036926842,6.332410954478689e-05,0.17116085133051814,3,3,0.6651017948924973,3,12,0.0,0,0,0.7910845571793316,0.006332410954730671,0.006332410953850304,0.6034511246047716,False,False,False,False
ATTGATAGCAACGAGA-1,21951,5805,TNBC,CID44971,Normal + stroma + lymphocytes,1,12,22,2216,2784,21951,5805,8.013302355245774,False,False,False,True,Normal + stroma + lymphocytes,0.045798483452243986,0.010190581178092482,4.503883356134656e-05,0.12513026088942633,2,2,0.8146640373170919,3,14,0.0,0,0,0.7984758735444261,0.2115744775492716,0.004503883359437345,0.004503883356113166,False,False,False,False
TCTCGGCTCCAGGACT-1,29012,6638,TNBC,CID44971,Normal + stroma + lymphocytes,1,13,23,2311,2839,29012,6638,6.45594926237419,False,False,False,True,Normal + stroma + lymphocytes,0.017994861687298327,0.029079537744350827,4.395422743100615e-05,0.09871991786953421,2,2,0.3941505351431515,2,7,0.0,0,0,0.004395422743100165,0.3490167863550037,0.004395422742419005,2.55014614259456,False,False,False,False
CTTGAGGTTATCCCGA-1,23298,5926,TNBC,CID44971,Normal + stroma + lymphocytes,1,12,24,2216,2894,23298,5926,6.983432054253584,False,False,False,True,Normal + stroma + lymphocytes,0.0639156169929941,0.03230922533178076,6.261834313097093e-05,0.1628114566221214,2,3,1.26679847741595,4,24,0.0,0,0,3.1335523362180573,0.006261834313787154,0.08484652833298885,0.0062618343132423895,False,False,False,False
AAGAAGGATCAGTTAG-1,41401,7742,TNBC,CID44971,Normal + stroma + lymphocytes,1,13,25,2311,2948,41401,7742,6.999830921958407,False,False,False,True,Normal + stroma + lymphocytes,0.02318108713382997,0.014163448906861558,4.8200466570576885e-05,0.0,0,0,0.40380261226841846,3,9,0.0,0,0,1.1902037491993218,0.05400240108149612,0.09219258369554491,0.07994615670979294,False,False,False,False
GTACGACGGCGCTGCG-1,22920,5904,TNBC,CID44971,Normal + stroma + lymphocytes,1,12,26,2216,3003,22920,5904,6.605584642233857,False,False,False,True,Normal + stroma + lymphocytes,0.06600858968961519,0.05287371046174513,0.002508271972189341,0.22524483230676992,3,4,1.2990574541012523,4,29,0.0,0,0,4.514954468840268,0.0046593583287941115,0.004659358330255087,0.7630978606751954,False,False,False,False
CTTATGTTGACTACCA-1,16059,4929,TNBC,CID44971,Normal + stroma + lymphocytes,1,13,27,2311,3058,16059,4929,7.298088299395977,False,False,False,True,Normal + stroma + lymphocytes,0.04856244463830736,0.023127118150600076,4.694506760475661e-05,0.0,0,0,0.8544451759593763,3,11,0.0,0,0,1.4182579096331744,0.6353566516553065,0.004694506759174641,0.25440274701235194,False,False,False,False
CGGCACTCAAGAAAGT-1,14357,4728,TNBC,CID44971,Normal + stroma + lymphocytes,1,12,28,2216,3112,14357,4728,6.93738246151703,False,False,False,True,Normal + stroma + lymphocytes,0.11345395368052565,0.09984062307291115,4.508936940792541e-05,0.2335249681225009,2,3,1.671288746321153,4,28,0.0,0,0,8.385069801917325,0.004508936940801009,0.004508936940852233,1.589974631492137,False,False,False,False
GTCAAAGTTTACATAG-1,9988,3744,TNBC,CID44971,Normal + stroma + lymphocytes,1,13,29,2311,3167,9988,3744,8.039647577092511,False,False,False,True,Normal + stroma + lymphocytes,0.0681268034998527,0.08644762609900714,6.51334613192533e-05,0.3468738605322159,3,3,0.7493984102233544,2,7,0.46249848070962124,2,2,7.247250264658302,0.2513122566092728,1.139686742501214,0.006513346131925427,False,False,False,False
CTCCTAAGTTATGTCT-1,18193,5333,TNBC,CID44971,Normal + stroma + lymphocytes,1,12,30,2216,3222,18193,5333,6.425548287803001,False,False,False,True,Normal + stroma + lymphocytes,0.15267811272653353,0.031501741849342554,0.002669032986717248,0.14601227182187934,2,2,1.7235806574521049,4,39,0.0,0,0,1.6435522875871453,0.9569237434368385,0.009927608456869522,0.5397705454534023,False,False,False,False
ACTGTGCTAGTAGATC-1,15613,4803,TNBC,CID44971,Normal + stroma + lymphocytes,1,13,31,2311,3276,15613,4803,6.699545250752578,False,False,False,True,Normal + stroma + lymphocytes,0.05037899421563732,0.039818530858615364,4.9171709050066295e-05,0.16499871151099996,2,2,1.0063965016297678,4,12,0.16499871151099996,1,1,3.556259604229116,0.004917170904966402,0.4157591398224473,0.004917170905006447,False,False,False,False
GTTTGGCCGCTCAGCG-1,20907,5962,TNBC,CID44971,Normal + stroma + lymphocytes,1,12,32,2216,3331,20907,5962,6.241928540680155,False,False,False,True,Normal + stroma + lymphocytes,0.11036984645247777,0.0447090810888315,6.44225854667502e-05,0.1770193051274218,2,3,1.7483862502943033,4,42,0.13029955478011868,1,1,4.188095094214742,0.09632732334449542,0.18004343277723744,0.006442258546675073,False,False,False,False
TTATCCAATCGAACTC-1,8699,3666,TNBC,CID44971,Normal + stroma + lymphocytes,1,13,33,2311,3385,8699,3666,5.529371192091045,False,False,False,True,Normal + stroma + lymphocytes,0.11800074507895772,0.011885592445640051,2.8469760724105065e-05,0.0,0,0,1.4836643383353976,4,14,0.0,0,0,0.7138350623200596,0.46903023009912265,0.0028469760724116997,0.0028469760724113015,False,False,False,False
CCGTACCCAAGCGCCA-1,25146,6306,TNBC,CID44971,Normal + stroma + lymphocytes,1,12,34,2216,3440,25146,6306,5.770301439592778,False,False,False,True,Normal + stroma + lymphocytes,0.05746153866991104,0.03669296608970403,6.189964777542297e-05,0.16740598780083246,3,3,1.0262157188055343,4,20,0.11160399186722164,1,1,1.376377127803676,2.280539551613401,0.006189964775784753,0.006189964777541359,False,False,False,False
CATACAAAGCCGAACC-1,14561,4832,TNBC,CID44971,Normal + stroma + lymphocytes,1,13,35,2311,3495,14561,4832,6.366320994437196,False,False,False,True,Normal + stroma + lymphocytes,0.06668227883761688,0.04403434380010285,4.612117128488602e-05,0.08713551622227556,1,1,1.0853589337418326,4,13,0.0,0,0,2.8907679146676717,0.004612117128376373,0.14477714783178022,1.3632772003824565,False,False,False,False
GGTCGGTAATTAGACA-1,28746,6409,TNBC,CID44971,Normal + stroma + lymphocytes,1,12,36,2216,3549,28746,6409,7.301885479718917,False,False,False,True,Normal + stroma + lymphocytes,0.044366450322788534,0.0676321893226362,0.0018335981018225702,0.4142829847124412,4,10,0.6350775056685638,3,13,0.0,0,0,4.674282693479481,2.0022894068228525,0.009986641363062706,0.07666019059822533,False,False,False,False
AGCGGGAAGGGTCCAT-1,24893,5572,TNBC,CID44971,Normal + stroma + lymphocytes,1,13,37,2311,3604,24893,5572,6.985899650504159,False,False,False,True,Normal + stroma + lymphocytes,0.020680020647481808,0.07688216643277815,0.00011726467506545831,0.09828254019000045,1,2,0.31627360857262093,3,4,0.0,0,0,3.8055473607303854,3.8592163475294523,0.011726467511432269,0.011726467506545655,False,False,False,False
GCCCACCAAGGCTGTC-1,27500,5787,TNBC,CID44971,Normal + stroma + lymphocytes,1,12,38,2216,3659,27500,5787,6.418181818181819,False,False,False,True,Normal + stroma + lymphocytes,0.042975691749058895,0.06437535634344206,0.005300185855731641,0.2725900893894563,2,7,1.0036268977966898,4,21,0.0,0,0,4.933470643874355,0.0059520996631993416,0.005952099663916599,1.492160791142735,False,False,False,False
GTAGACGTCGTTACAT-1,18475,4636,TNBC,CID44971,Normal + stroma + lymphocytes,1,13,39,2311,3713,18475,4636,7.2422192151556155,False,False,False,True,Normal + stroma + lymphocytes,0.05244869004183892,0.04518906566175082,0.015621905013941832,0.2884053616659869,4,4,0.5078535850969047,4,5,0.0,0,0,4.0142542668899175,0.4929767632614119,0.0058377680110125695,0.005837768012740445,False,False,False,False
GAGCATCATCCCTGGG-1,19322,5312,TNBC,CID44971,Normal + stroma + lymphocytes,1,12,40,2216,3768,19322,5312,6.583169444156919,False,False,False,True,Normal + stroma + lymphocytes,0.15055892557553302,0.024396390048287683,7.270575246324943e-05,0.18793892666845602,2,3,1.931641686729315,4,52,0.0,0,0,2.1331296576971766,0.2919681966374445,0.007270575247822172,0.007270575246324907,False,False,False,False
AGGTAACCTCCTATTC-1,9494,3599,TNBC,CID44971,Normal + stroma + lymphocytes,1,13,41,2311,3823,9494,3599,6.18285232778597,False,False,False,True,Normal + stroma + lymphocytes,0.21200832720008564,0.09549298307599435,0.00010526840800113722,0.0,0,0,2.1941866138156016,4,32,0.0,0,0,7.575634455635266,1.9526101703639185,0.010526840800136713,0.01052684080011424,False,False,False,False
GGTTTGAGTGCTGGAA-1,6030,2596,TNBC,CID44971,Normal + stroma + lymphocytes,1,12,42,2216,3877,6030,2596,7.529021558872305,False,False,False,True,Normal + stroma + lymphocytes,0.14448233243876113,0.04663504989738866,6.95181300812029e-05,0.0,0,0,1.1781525826389168,3,7,0.0,0,0,1.0093799213418386,1.1637964627999977,0.006951813007997254,2.4833767925890324,False,False,False,False
GCACTAGTCGCGCTAT-1,5729,2570,TNBC,CID44971,Normal + stroma + lymphocytes,1,13,43,2311,3932,5729,2570,6.650375283644615,False,False,False,True,Normal + stroma + lymphocytes,0.236466275006269,0.08424468473204971,7.434955864728451e-05,0.0,0,0,2.3712873367700342,4,27,0.0,0,0,2.839237429239551,3.2362204609707423,0.007434955864729469,2.341575627129949,False,False,False,False
GGTAACTATGTATCTG-1,7514,2824,TNBC,CID44971,Normal + stroma + lymphocytes,1,12,44,2216,3987,7514,2824,9.236092627096088,False,False,False,True,Normal + stroma + lymphocytes,0.10681678961901715,0.02461640456523759,7.794711983535704e-05,0.0,0,0,1.0448550205279146,3,8,0.0,0,0,2.3150022524892524,0.007794711983933627,0.13104878006703785,0.00779471198353545,False,False,False,False
GCGGTCCCTAGACGCA-1,11097,3657,TNBC,CID44971,Normal + stroma + lymphocytes,1,13,45,2311,4041,11097,3657,8.083265747499324,False,False,False,True,Normal + stroma + lymphocytes,0.1196036189135236,0.06621870794645468,0.00011446495597579933,0.3212280243801298,3,3,1.5316917606726885,4,21,0.0,0,0,1.69445854316303,4.904519260288056,0.011446495596802966,0.011446495597579891,False,False,False,False
CGAGCGTTGATCAGCC-1,13694,3794,TNBC,CID44971,Normal + stroma + lymphocytes,1,12,46,2216,4096,13694,3794,9.909449393895137,False,False,False,True,Normal + stroma + lymphocytes,0.0674823126583056,0.03713974368612633,0.00012158651088829469,0.0,0,0,0.7258690171625222,2,9,0.0,0,0,3.677498415343265,0.01215865108787256,0.012158651092666017,0.012158651088829095,False,False,False,False
AATCCAAGGGCCTGAG-1,9008,3361,TNBC,CID44971,Normal + stroma + lymphocytes,1,13,47,2311,4150,9008,3361,8.103907637655418,False,False,False,True,Normal + stroma + lymphocytes,0.1742904797356055,0.021117007991659744,0.013264066966738677,0.0,0,0,2.0519993556521254,4,33,0.0,0,0,0.00736030894346136,2.0896198723355095,0.007360308943542149,0.007360308943461338,False,False,False,False
CCGTGCCCATGACGGC-1,6916,2651,TNBC,CID44971,Normal + stroma + lymphocytes,1,12,48,2216,4205,6916,2651,9.268363215731638,False,False,False,True,Normal + stroma + lymphocytes,0.08368469927571728,0.05574650767916668,5.0576841002202e-05,0.14907039196486635,1,1,1.3452858668014107,3,11,0.0,0,0,5.559477715616172,0.005057684100279565,0.005057684100063837,0.005057684100152172,False,False,False,False
GAAATTCACATCGCTG-1,9785,3469,TNBC,CID44971,Normal + stroma + lymphocytes,1,13,49,2311,4260,9785,3469,8.513030148186,False,False,False,True,Normal + stroma + lymphocytes,0.2405960136127681,0.055308955865053855,0.0006670681882281172,0.0,0,0,2.4092533458106318,4,46,0.0,0,0,3.0714637272938075,0.7492851638473913,0.010360107831620634,1.6997865875325664,False,False,False,False
CTCTGCGAAGCAAGCA-1,3437,1689,TNBC,CID44971,Normal + stroma + lymphocytes,1,12,50,2216,4314,3437,1689,8.350305498981669,False,False,False,True,Normal + stroma + lymphocytes,0.13058216955010787,0.05017030490421212,7.083496558671525e-05,0.22723551633759598,1,1,1.4397877292265304,3,6,0.0,0,0,2.5200738331147163,0.007083496558671826,0.007083496558671732,2.482789664189152,False,False,False,False
AGTAGGTAACATACAT-1,3433,1663,TNBC,CID44971,Normal + stroma + lymphocytes,1,13,51,2311,4369,3433,1663,7.952228371686572,False,False,False,True,Normal + stroma + lymphocytes,0.141566852528931,0.15578856583413592,0.00010734051299567944,0.7748784123385596,3,4,1.6836511747165273,3,9,0.0,0,0,10.549474469558136,2.5064548234110915,0.010734051299567343,2.5121932391447985,False,False,False,False
ATTGGGAATATCTTGG-1,1807,1022,TNBC,CID44971,Stroma + adipose tissue,1,12,52,2216,4424,1807,1022,6.751521859435529,False,False,False,True,Stroma + adipose tissue,0.1335492092560591,0.057961025249205295,0.000105126252846654,0.0,0,0,1.2546050855824458,2,5,0.0,0,0,2.086184693606499,3.5053641374003144,0.010512625284657006,0.1940410686290588,False,False,False,False
TAGAGCTACGAAGAAC-1,2610,1349,TNBC,CID44971,Stroma + adipose tissue,1,13,53,2311,4478,2610,1349,6.781609195402299,False,False,False,True,Stroma + adipose tissue,0.15147617775231692,0.03296118712348082,0.00010390466250665613,0.0,0,0,1.72793919550503,3,9,0.0,0,0,0.01039046625066598,0.01039046625066815,0.01039046625066309,3.2649473135960845,False,False,False,False
TGCGGCATAGTTCAAC-1,1630,966,TNBC,CID44971,Stroma + adipose tissue,1,12,54,2216,4533,1630,966,5.337423312883435,False,False,False,True,Stroma + adipose tissue,0.17631186674879348,0.058456981689080444,0.00014701940147566881,0.327501325285317,1,1,1.1376272942145498,2,3,0.0,0,0,0.6783897953095728,3.3281855559772997,0.01470194014756688,1.8244208774736048,False,False,False,False
TAGTTTATTCTTGCTT-1,1446,816,TNBC,CID44971,Stroma + adipose tissue,1,13,57,2311,4697,1446,816,6.431535269709543,False,False,False,True,Stroma + adipose tissue,0.13556436078909517,0.05561443983460275,0.03999079905650668,0.3448065333750563,1,1,1.5516294001877533,3,3,0.6896130667501126,1,1,0.02307835404001123,1.564119461597154,0.02307835404001123,3.9511678137830986,False,False,False,False
GATATCTCATGCAATA-1,1550,1040,TNBC,CID44971,Stroma + adipose tissue,1,12,58,2216,4752,1550,1040,5.67741935483871,False,False,False,True,Stroma + adipose tissue,0.1755221929523923,0.07633445893009524,0.011318239107114277,0.0,0,0,1.1601378479138122,2,3,0.0,0,0,0.009714726377595826,0.009714726377595838,0.009714726377595871,7.604301713876736,False,False,False,False
CGTTTAAGCGGAGCAC-1,1209,832,TNBC,CID44971,Stroma + adipose tissue,1,13,59,2311,4806,1209,832,4.714640198511166,False,False,False,True,Stroma + adipose tissue,0.17456694461531905,0.0260536241493359,9.965480583898742e-05,0.0,0,0,1.1134617277031513,2,2,0.0,0,0,0.6494650232340072,0.009965480583671847,0.009965480583898628,1.9359664305320121,False,False,False,False
CATGCTGGCTCCAATT-1,1167,845,TNBC,CID44971,Stroma + adipose tissue,1,12,60,2216,4861,1167,845,4.7986289631533845,False,False,False,True,Stroma + adipose tissue,0.19563574591334512,0.05428480410140257,4.374723094835545e-05,0.0,0,0,0.5646316617898091,1,1,0.0,0,0,5.096736162025231,0.0043747230937945325,0.004374723111808773,0.32299480190942254,False,False,False,False
GAAACAGCCATGCAGT-1,1341,903,TNBC,CID44971,Stroma + adipose tissue,1,13,61,2311,4915,1341,903,7.233407904548844,False,False,False,True,Stroma + adipose tissue,0.2070593154271266,0.13134814611239531,0.05800966069081922,0.0,0,0,1.3908620032104997,2,5,0.0,0,0,0.019731555212549046,8.725526419617493,0.013821304800241104,4.375735331609246,False,False,False,False
AGTTTCGCAGGTCGGA-1,857,612,TNBC,CID44971,Stroma + adipose tissue,1,12,62,2216,4970,857,612,6.0676779463243875,False,False,False,True,Stroma + adipose tissue,0.21710368873316252,0.053938559815567215,4.471496655051372e-05,0.0,0,0,2.165483944160252,3,5,0.0,0,0,0.0044714966519012215,0.004471496651901201,0.004471496639779047,5.38044149161314,False,False,False,False
CTCATGGCTCACAATC-1,1026,714,TNBC,CID44971,Stroma + adipose tissue,1,13,63,2311,5025,1026,714,9.161793372319687,False,False,False,True,Stroma + adipose tissue,0.19337587564215247,0.12192011072511823,0.00010355316163990254,0.0,0,0,1.187294186709457,2,2,0.0,0,0,3.4693916963673024,0.010355316164140534,0.01035531616413874,8.701908743816242,False,False,False,False
AACCGTTGTGTTTGCT-1,1008,707,TNBC,CID44971,Stroma + adipose tissue,1,12,64,2216,5079,1008,707,8.333333333333332,False,False,False,True,Stroma + adipose tissue,0.13506731079638415,0.10541801061368997,9.71041909336512e-05,0.0,0,0,0.5976635278854527,1,1,0.0,0,0,10.512669804088992,0.009710419093291065,0.009710419093356305,0.009710419093356891,False,False,False,False
ACCCTTCATCTGCGAA-1,1499,998,TNBC,CID44971,Stroma + adipose tissue,1,13,65,2311,5134,1499,998,7.605070046697798,False,False,False,True,Stroma + adipose tissue,0.1156434077032272,0.07173469723445619,6.497330031187673e-05,0.0,0,0,1.4270914458697537,2,5,0.0,0,0,5.107823415538538,0.006497330031188021,0.006497330031187715,2.0526516478447063,False,False,False,False
TGCGGTGAAATTTCAT-1,1602,1024,TNBC,CID44971,Stroma + adipose tissue,1,12,66,2216,5189,1602,1024,6.866416978776529,False,False,False,True,Stroma + adipose tissue,0.19049211252371412,0.11577250636216606,0.00010012392461337125,0.659974882799235,2,2,2.6638245849695177,4,10,0.0,0,0,8.190542989236583,0.010012392461341934,0.010012392461341316,3.366682862057338,False,False,False,False
CAAATTGTCAGCAAGC-1,4717,2121,TNBC,CID44971,Stroma + adipose tissue,1,13,67,2311,5243,4717,2121,8.925164299342804,False,False,False,True,Stroma + adipose tissue,0.04948628961022732,0.07364117901593703,0.00010464833192386738,0.0,0,0,0.6985371363948223,2,3,0.0,0,0,7.3327234020165655,0.010464833192364492,0.010464833192386749,0.010464833192386785,False,False,False,False
GAGGTACATCCATCTT-1,2215,1241,TNBC,CID44971,Stroma + adipose tissue,1,12,68,2216,5298,2215,1241,8.17155756207675,False,False,False,True,Stroma + adipose tissue,0.18847813367052318,0.01003316679150805,0.00010497871089698663,0.0,0,0,2.050140435534875,3,10,0.0,0,0,0.010497871084887358,0.010497871088702631,0.010497871084887667,0.9718230658923274,False,False,False,False
TCATCCCAGAGGGTGG-1,2801,1519,TNBC,CID44971,Stroma + adipose tissue,1,12,70,2216,5407,2801,1519,13.03106033559443,False,False,False,True,Stroma + adipose tissue,0.13846058261959127,0.12057913217880564,0.021236257809860888,0.0,0,0,1.6766535683927697,3,8,0.0,0,0,5.746985120969082,0.022545641647960954,0.022545641647960954,6.265836813615561,False,False,False,False
GAAACTCTAATGAAGG-1,3300,1828,TNBC,CID44971,Stroma,1,13,73,2311,5571,3300,1828,9.090909090909092,False,False,False,True,Stroma,0.15537356336712269,0.04956332201163923,0.0001904214295988625,0.0,0,0,1.1839348015340343,2,10,0.0,0,0,0.9819828141700411,0.019042142959960737,0.019042142959960737,3.9362651010739604,False,False,False,False
TTCAAGCCGAGCTGAG-1,4089,2133,TNBC,CID44971,Stroma,1,13,75,2311,5681,4089,2133,7.238933724627048,False,False,False,True,Stroma,0.1691388610357027,0.06334220622487627,5.7619939459970956e-05,0.20618231828143907,1,1,1.7294261234937167,3,13,0.0,0,0,0.005761993946440886,0.0057619939466583775,0.005761993946440754,6.316934640648086,False,False,False,False
AGGTACGATATTGCCA-1,5101,2424,TNBC,CID44971,Stroma,1,12,76,2216,5735,5101,2424,8.782591648696334,False,False,False,True,Stroma,0.12953769670437285,0.028598120292907862,3.987214089328784e-05,0.0,0,0,0.9079569197479302,2,7,0.0,0,0,2.8478503870271057,0.003987214087891998,0.003987214087894169,0.003987214087894169,False,False,False,False
TTAAGCCGACAACTTC-1,3288,1826,TNBC,CID44971,Stroma,1,13,77,2311,5790,3288,1826,6.326034063260341,False,False,False,True,Stroma,0.1753380390642989,0.10277146710293131,6.0496440189737605e-05,0.23276364918617673,1,1,1.7003705875112334,3,13,0.0,0,0,9.366534345770244,0.006049644019414011,0.006049644019414158,0.898513076484059,False,False,False,False
GTCTTAGTACAGCCGG-1,4236,2055,TNBC,CID44971,Stroma,1,12,78,2216,5844,4236,2055,8.356940509915015,False,False,False,True,Stroma,0.2099828803149981,0.021398402714839695,4.1289069750349814e-05,0.20202575665146438,1,1,1.9412442277481643,4,12,0.0,0,0,0.004128906975034135,0.004128906975042966,0.004128906975034549,2.1274535505588577,False,False,False,False
TGGGTAAGGTTCCCGC-1,3009,1729,TNBC,CID44971,Stroma,1,13,79,2311,5899,3009,1729,7.4443336656696575,False,False,False,True,Stroma,0.18627339598322215,0.11465607697542944,5.7282447344402655e-05,0.24400560466191898,1,1,2.246474023081025,4,14,0.0,0,0,11.448332838120978,0.005728244734440528,0.005728244734440051,0.005818369953085652,False,False,False,False
CTACGCCATTTCCGAT-1,3585,1760,TNBC,CID44971,Stroma,1,12,80,2216,5954,3585,1760,8.005578800557881,False,False,False,True,Stroma,0.13772635668015668,0.01773576873329094,4.351014177117661e-05,0.0,0,0,1.696397261251335,4,7,0.0,0,0,1.7605238307952737,0.004351014178851299,0.004351014176454786,0.004351014178514216,False,False,False,False
GACCGTCAGGTCGTGA-1,2970,1605,TNBC,CID44971,Stroma,1,13,81,2311,6008,2970,1605,9.090909090909092,False,False,False,True,Stroma,0.24804620961887958,0.06533794874781225,0.026363571037880666,0.0,0,0,2.118166639370569,3,17,0.0,0,0,0.5109925423641047,0.5323572533903052,0.008966516480973928,5.481478562545841,False,False,False,False
TAGTTAAGATAGGATA-1,3038,1659,TNBC,CID44971,Stroma,1,12,82,2216,6063,3038,1659,8.525345622119817,False,False,False,True,Stroma,0.22851241982235765,0.043790930353732174,0.007047755748302482,0.2427781277214611,1,1,2.02651936929106,3,13,0.0,0,0,2.9445735263785338,0.009081881058040326,0.009081881058038534,1.416355746878605,False,False,False,False
GAATATTCGGAGTCCC-1,3561,1877,TNBC,CID44971,Stroma,1,13,83,2311,6118,3561,1877,10.530749789385004,False,False,False,True,Stroma,0.23852793838399491,0.11331093220783889,6.286091797095728e-05,0.22285943696836127,1,1,2.2651904633470474,3,27,0.0,0,0,0.006286091797095626,0.9628144126951896,0.006286091797095595,10.355706624494507,False,False,False,False
CAAACTACGATAGAGA-1,5742,2600,TNBC,CID44971,Stroma,1,12,84,2216,6172,5742,2600,12.121212121212121,False,False,False,True,Stroma,0.2820754051653394,0.12261878611542823,6.711299638715309e-05,0.1680874530035644,1,1,2.0242428629470375,3,32,0.0,0,0,3.663026857585358,2.683748139604731,0.0067112996387150145,5.90839231471402,False,True,False,False
CAGGAAGACTTTATAT-1,3884,1957,TNBC,CID44971,Stroma,1,13,85,2311,6227,3884,1957,15.061791967044282,False,False,False,True,Stroma,0.17185374096535955,0.15437281465146313,0.00014030095958472428,0.6054477427518892,2,4,1.7846261774518288,4,9,0.0,0,0,5.525666524504608,0.01403009595847243,0.01403009595847243,9.88355474872476,False,False,False,False
TTCGTAATCCCAGCGG-1,7107,2973,TNBC,CID44971,Stroma,1,12,86,2215,6282,7107,2973,12.466582242859154,False,False,False,True,Stroma,0.1499182313639837,0.14599344091801125,0.00015427083791386034,0.0,0,0,1.8515243374955905,3,25,0.2928025075417989,1,1,0.015427083791386034,0.4342829242656981,0.11821309947270901,14.031420984271332,False,False,False,False
GTGAGGAGCGGTTGAG-1,5423,2537,TNBC,CID44971,Stroma,1,13,87,2311,6336,5423,2537,10.787387055135532,False,False,False,True,Stroma,0.12379391947317732,0.1699253494773255,6.60833167954767e-05,0.17420178898042563,1,1,1.7392881779215856,4,12,0.0,0,0,5.152842070042293,0.0066083316795474654,0.055101239642364394,11.777983306368343,False,False,False,False
CAATCCCTATACCAGC-1,16069,4852,TNBC,CID44971,Stroma,1,12,88,2215,6391,16069,4852,12.01692700230257,False,False,False,True,Stroma,0.06592974702398048,0.20809144627958945,0.00011518311993963589,0.2419274594419454,3,3,1.1772871729229881,4,16,0.0,0,0,4.499619451624917,0.011518311994241866,0.011518311991197802,16.286488552348587,False,False,False,False
AGGGAAACGAGGTACT-1,21575,5781,TNBC,CID44971,DCIS,1,13,89,2311,6446,21575,5781,9.524913093858633,False,False,False,True,DCIS,0.0524315378982788,0.180913219400669,7.783569812644408e-05,0.29974251365178156,4,5,0.9625787912990739,4,16,0.0,0,0,1.1107320653043182,0.0077835698137125355,0.007783569814351036,16.965022735134518,False,False,False,False
TCCTGCCAACTGGAGA-1,23193,5951,TNBC,CID44971,DCIS,1,12,90,2215,6500,23193,5951,10.757556159185961,False,False,False,True,DCIS,0.04474020197169413,0.17728063756234277,0.00010731002720956795,0.2670240622443725,3,5,0.6066404949096613,2,11,0.0,0,0,1.6506130342444512,0.01073100272046528,0.010731002722455618,16.055988716546906,False,False,False,False
AATTTGGGACATAGTA-1,18761,5434,TNBC,CID44971,DCIS,1,13,91,2311,6555,18761,5434,7.361014871275519,False,False,False,True,DCIS,0.04131775094979836,0.14515189280493626,0.00010680146286668836,0.3628171697109422,3,6,0.708414825125045,4,8,0.0,0,0,0.01068014628672282,0.010680146288713638,0.010680146283854384,14.483148841634335,False,False,False,False
AACTCCTAATCCCATG-1,24903,6359,TNBC,CID44971,DCIS,1,12,92,2215,6609,24903,6359,8.74191864434004,False,False,False,True,DCIS,0.03403364091879301,0.13729741619226338,7.050518268452359e-05,0.056264084543070136,1,1,0.6941643028604052,3,13,0.0,0,0,0.007050518268668852,0.007050518269049297,0.007050518269003662,13.708590064419615,False,False,False,False
GCTCATTACTGCATGT-1,21803,5825,TNBC,CID44971,DCIS,1,13,93,2310,6664,21803,5825,8.095216254643857,False,False,False,True,DCIS,0.03882240102470881,0.15871036303168687,0.00010384970386311699,0.12583768331771975,2,2,0.6086980551246968,3,9,0.0,0,0,0.8472721936585617,0.010384970386189022,0.01038497038619993,15.002994168737734,False,False,False,False
TCTCGAACGAGGTCAC-1,15127,5255,TNBC,CID44971,DCIS,1,12,94,2215,6719,15127,5255,3.906921398823296,False,False,False,True,DCIS,0.015613535511279685,0.14372795692530732,0.0001029746639143937,0.22499176292929865,2,3,0.2537308693105785,2,2,0.0,0,0,0.010297466391926927,0.010297466392079504,0.01029746638986608,14.341903293356859,False,False,False,False
TCACTACGACCAATGC-1,32062,7067,TNBC,CID44971,DCIS,1,13,95,2310,6773,32062,7067,6.998939554612937,False,False,False,True,DCIS,0.06296968987247292,0.16571848582326276,0.00010681446685044212,0.20683346125630941,3,5,1.0577277691637663,4,26,0.1615879292573086,1,2,0.010681446685473828,0.01068144668584258,0.01068144668834076,16.53980424226662,False,False,False,False
AACTTGCGTTCTCGCG-1,23106,6271,TNBC,CID44971,Normal + stroma + lymphocytes,1,14,20,2406,2675,23106,6271,8.365792434865403,False,False,False,True,Normal + stroma + lymphocytes,0.022107649531062343,0.058033947149506965,6.305963877923698e-05,0.2238023826751815,3,4,0.5437529720512643,4,7,0.0,0,0,4.218945566890389,1.5718372203051354,0.006305963876903389,0.006305963878269218,False,False,False,False
AATGAGTTCGCATATG-1,8994,3712,TNBC,CID44971,Normal + stroma + lymphocytes,1,15,21,2502,2730,8994,3712,8.69468534578608,False,False,False,True,Normal + stroma + lymphocytes,0.05189261032444014,0.04384391904984527,4.5943959100346205e-05,0.2444750166319585,1,3,0.9888896327746255,3,9,0.0,0,0,0.0045943959100344595,3.242382053847739,0.00459439591010031,1.1328210593166534,False,False,False,False
CGAGGCCAGGCATTGG-1,29573,7006,TNBC,CID44971,Normal + stroma + lymphocytes,1,14,22,2406,2784,29573,7006,6.668244682649714,False,False,False,True,Normal + stroma + lymphocytes,0.02125036538723377,0.016954061937751137,4.3354486243723114e-05,0.04854754744001721,1,1,0.4333774409906649,3,7,0.09709509488003441,1,1,0.904159536272927,0.004335448625235797,0.6621767350545205,0.1247344738224306,False,False,False,False
TCTGCGTCCGGTTTCT-1,3360,1898,TNBC,CID44971,Normal + stroma + lymphocytes,1,15,23,2502,2839,3360,1898,7.202380952380952,False,False,False,True,Normal + stroma + lymphocytes,0.06318776424606906,0.034703007940136546,2.873117776866243e-05,0.32318069733081894,1,2,0.6901620970666934,2,2,0.0,0,0,0.4888094669936355,1.939181188425301,0.0028731177768661284,1.0394370208178523,False,False,False,False
CAATCCTGCCGTGGAG-1,11896,4284,TNBC,CID44971,Normal + stroma + lymphocytes,1,14,24,2406,2894,11896,4284,7.195696032279758,False,False,False,True,Normal + stroma + lymphocytes,0.07916089276739773,0.027526947946424896,0.011359030518940305,0.0,0,0,1.2406244405049247,3,18,0.203367254193508,1,1,1.774183313285309,0.006277638922286349,0.006277638922268839,0.9659562035126255,False,False,False,False
CTGAGCAAGTAACAAG-1,6056,2736,TNBC,CID44971,Normal + stroma + lymphocytes,1,15,25,2502,2948,6056,2736,9.577278731836197,False,False,False,True,Normal + stroma + lymphocytes,0.0756816349759305,0.03332242624255859,6.638962587427942e-05,0.16250551589314824,1,1,0.8523161856391409,3,4,0.0,0,0,1.1392759462738498,1.370778202364632,0.006638962587428537,0.8155495130299487,False,False,False,False
GGGTACCCACGGTCCT-1,30799,6654,TNBC,CID44971,Normal + stroma + lymphocytes,1,14,26,2406,3003,30799,6654,6.4547550245137835,False,False,False,True,Normal + stroma + lymphocytes,0.019177413674758385,0.03453662667667101,3.265382314699669e-05,0.2239867492648114,4,5,0.560375499004006,3,12,0.09372511646194827,1,1,0.23979214273867644,3.207339760299043,0.00326538231468233,0.0032653823146991806,False,False,False,False
ACGGAATTTAGCAAAT-1,15533,4534,TNBC,CID44971,Normal + stroma + lymphocytes,1,15,27,2501,3058,15533,4534,9.309212644048156,False,False,False,True,Normal + stroma + lymphocytes,0.06462907185035624,0.019738777358590205,0.010019737971074765,0.22074999821799798,2,3,1.5431438863488742,4,25,0.0,0,0,0.006969824558565565,0.006969824558795003,0.41078763958364606,1.5491504471580138,False,False,False,False
GGGCGGTCCTATTGTC-1,18817,5093,TNBC,CID44971,Normal + stroma + lymphocytes,1,14,28,2406,3112,18817,5093,8.237232289950576,False,False,False,True,Normal + stroma + lymphocytes,0.05523873165913089,0.04036608394821231,6.788896709713676e-05,0.12068292973990301,1,2,0.9619737410362199,3,16,0.0,0,0,2.9815496927156246,1.0414809086894259,0.006788896706643465,0.006788896709537124,False,False,False,False
ATGTTACGAGCAATAC-1,18157,5121,TNBC,CID44971,Normal + stroma + lymphocytes,1,15,29,2501,3167,18157,5121,8.734923170127223,False,False,False,True,Normal + stroma + lymphocytes,0.05268657328238365,0.0692044370755705,7.054727807034e-05,0.14624661007841447,2,2,0.8773932684026196,4,11,0.0,0,0,6.62035004129142,0.28598421065106344,0.007054727807532071,0.007054727807034011,False,False,False,False
AACCATGGGATCGCTA-1,13884,4279,TNBC,CID44971,Normal + stroma + lymphocytes,1,14,30,2406,3222,13884,4279,7.757130509939499,False,False,False,True,Normal + stroma + lymphocytes,0.03933806902476739,0.01478748078323134,0.005004673342880777,0.0,0,0,0.4942872974850442,3,4,0.0,0,0,1.4577378032186277,0.007003425036197036,0.007003425033484306,0.007003425034824845,False,False,False,False
TCGCATCCCTAAGTGT-1,11209,3735,TNBC,CID44971,Normal + stroma + lymphocytes,1,15,31,2501,3276,11209,3735,8.305825675796235,False,False,False,True,Normal + stroma + lymphocytes,0.042459498761857506,0.014651490183473332,4.8238300016455575e-05,0.0,0,0,1.2031349801299047,4,12,0.0,0,0,0.00482383000164512,0.004823830001497548,0.4569160137533114,0.998585344590879,False,False,False,False
ACTTAGTACGACAAGA-1,8014,3318,TNBC,CID44971,Normal + stroma + lymphocytes,1,14,32,2406,3331,8014,3318,7.898677314699276,False,False,False,True,Normal + stroma + lymphocytes,0.09985880280498695,0.04589891471999695,0.008792574004366428,0.3435789323584168,2,3,1.0149483116801243,3,7,0.0,0,0,3.0658105663850694,0.30737518226420096,0.0048086968498805656,1.211897026500544,False,False,False,False
GAGCTCTCGGACCTAA-1,4170,2077,TNBC,CID44971,Normal + stroma + lymphocytes,1,15,33,2501,3386,4170,2077,8.872901678657074,False,False,False,True,Normal + stroma + lymphocytes,0.1004739862281479,0.0758997991812935,6.798915761277245e-05,0.20386850298197987,1,1,1.4044560870314635,3,7,0.0,0,0,0.33962744033256703,3.0646716144640216,0.006798915761277644,4.178881947571484,False,False,False,False
TCTATTACGCTGGCGA-1,5129,2449,TNBC,CID44971,Normal + stroma + lymphocytes,1,14,34,2406,3440,5129,2449,7.350360694092416,False,False,False,True,Normal + stroma + lymphocytes,0.11718105779975903,0.06288058620953516,0.0011362156161805238,0.0,0,0,1.5029095075610912,4,8,0.0,0,0,3.223886864522236,0.006663028856877799,0.0066630288568781245,3.0508456987175245,False,False,False,False
AGATACGACTTCATAT-1,5157,2209,TNBC,CID44971,Normal + stroma + lymphocytes,1,15,35,2501,3495,5157,2209,8.822959084739189,False,False,False,True,Normal + stroma + lymphocytes,0.09206263294269346,0.043896232195828666,0.008799088395507087,0.17968457606344967,1,1,1.061917450480271,3,5,0.0,0,0,0.010505567142704514,2.17053047775815,0.4305693163994777,1.7780178582825348,False,False,False,False
CGCTATACCGCCCACT-1,10836,3980,TNBC,CID44971,Normal + stroma + lymphocytes,1,14,36,2406,3549,10836,3980,6.50609080841639,False,False,False,True,Normal + stroma + lymphocytes,0.1878669660297159,0.028676920269507217,0.010601805657270823,0.1089680559433494,1,1,2.028537669180337,4,33,0.0,0,0,2.693127591723461,0.017343727061027794,0.006752594054996696,0.15046811411123634,False,False,False,False
CAGTGTCCGCAGAATG-1,4597,2211,TNBC,CID44971,Normal + stroma + lymphocytes,1,15,37,2501,3604,4597,2211,6.874048292364586,False,False,False,True,Normal + stroma + lymphocytes,0.1444143372577885,0.04206336927799369,0.00501083957368384,0.192568685220725,1,1,1.693685291301637,4,11,0.0,0,0,0.007283015037191451,0.8797912336539679,0.007283015037191785,3.3119796640710173,False,False,False,False
CCATCCATACCAAGTC-1,10875,4033,TNBC,CID44971,Normal + stroma + lymphocytes,1,14,38,2406,3659,10875,4033,5.6643678160919535,False,False,False,True,Normal + stroma + lymphocytes,0.20116943062903123,0.06584152306941585,7.196077474187042e-05,0.1086809489603619,1,1,2.0399759126718324,4,31,0.0,0,0,3.835327372141844,2.7344327798511836,0.0071960774743697505,0.0071960774741872185,False,False,False,False
AACCCAGAGACGGAGA-1,5276,2478,TNBC,CID44971,Normal + stroma + lymphocytes,1,15,39,2501,3713,5276,2478,6.709628506444276,False,False,False,True,Normal + stroma + lymphocytes,0.16710349875191027,0.06296515676804276,6.954088856489931e-05,0.17718578908470026,1,1,1.4122075968814753,3,10,0.0,0,0,3.099549143032634,2.7250267838476403,0.46498566106751144,0.006954088856490101,False,False,False,False
GAAGAACGGTGCAGGT-1,5409,2471,TNBC,CID44971,Normal + stroma + lymphocytes,1,14,40,2406,3768,5409,2471,6.544647809206877,False,False,False,True,Normal + stroma + lymphocytes,0.14679810437136598,0.05348166279053423,6.854361641395616e-05,0.2578398681805936,1,2,1.8581222209830017,4,12,0.0,0,0,5.3276031941247455,0.006854361641395547,0.006854361645886122,0.0068543616413953125,False,False,False,False
GATAAATCGGTGGATG-1,7689,3254,TNBC,CID44971,Normal + stroma + lymphocytes,1,15,41,2501,3823,7689,3254,6.3987514631291456,False,False,False,True,Normal + stroma + lymphocytes,0.21379012088823693,0.02501971019962304,0.007745511950731835,0.2777174138037756,2,2,2.285697093916654,4,28,0.0,0,0,2.4866646327022757,0.00477813689614758,0.005750113468015446,0.004778136895865395,False,False,False,False
CAGCTCGTGCTTGTGT-1,11485,3797,TNBC,CID44971,Normal + stroma + lymphocytes,1,14,42,2406,3877,11485,3797,5.9033521985198085,False,False,False,True,Normal + stroma + lymphocytes,0.09291890470810432,0.04188292313507619,7.456822454860895e-05,0.2724637644809235,2,3,1.56064547546323,4,20,0.0,0,0,4.0082692717636945,0.007456822453165773,0.007456822454924118,0.16510939683583406,False,False,False,False
GAGTACGGGTATACAA-1,13420,3976,TNBC,CID44971,Normal + stroma + lymphocytes,1,15,43,2501,3932,13420,3976,8.75558867362146,False,False,False,True,Normal + stroma + lymphocytes,0.13097581275646902,0.02734340125945358,0.00011242677942131817,0.15206806527061864,1,2,1.7497966526344924,4,27,0.0,0,0,2.247447931873178,0.25570232485265126,0.21994719128054424,0.011242677938984364,False,False,False,False
CATCGCCCGCGGCCAA-1,6899,2961,TNBC,CID44971,Normal + stroma + lymphocytes,1,14,44,2406,3987,6899,2961,7.928685316712566,False,False,False,True,Normal + stroma + lymphocytes,0.10547576902498759,0.050238589354279724,6.720114818507408e-05,0.14931299583611915,1,1,1.500483494509755,4,13,0.0,0,0,4.720872358796905,0.006720114818336664,0.28954634699422355,0.00672011481850743,False,False,False,False
TCTTACAGAGGTACCG-1,11780,3678,TNBC,CID44971,Normal + stroma + lymphocytes,1,15,45,2501,4041,11780,3678,9.363327674023768,False,False,False,True,Normal + stroma + lymphocytes,0.09015468925222353,0.014905425984002699,7.64070598729484e-05,0.10243148988022897,1,1,1.4844839250751214,4,20,0.20486297976045795,1,1,1.1334293664554322,0.007640705987378818,0.34183181997016415,0.007640705987294666,False,False,False,False
TGGAAGACGAACACCA-1,10720,3882,TNBC,CID44971,Normal + stroma + lymphocytes,1,14,46,2406,4096,10720,3882,8.348880597014926,False,False,False,True,Normal + stroma + lymphocytes,0.15840916404766206,0.06623330896363357,6.916493514578931e-05,0.2196627539162088,2,2,1.987639751879782,4,30,0.0,0,0,5.730606442522552,0.006916493514617696,0.0069164935143804914,0.8788914668118072,False,False,False,False
GTTGTCGTGTTAGTTG-1,5916,2500,TNBC,CID44971,Normal + stroma + lymphocytes,1,15,47,2501,4151,5916,2500,9.347532116294794,False,False,False,True,Normal + stroma + lymphocytes,0.1174888804407757,0.03393684095285442,4.919232735904618e-05,0.0,0,0,1.0563796787981465,3,7,0.0,0,0,1.1233451912050447,0.004919232735904585,2.2605004386085885,0.004919232735904687,False,False,False,False
CCAAGGAACAGAGAGG-1,8718,3296,TNBC,CID44971,Normal + stroma + lymphocytes,1,14,48,2406,4205,8718,3296,9.497591190640055,False,False,False,True,Normal + stroma + lymphocytes,0.08406593307804337,0.022187802628027855,0.013055352878992201,0.25469859130628797,2,2,1.1598197570990973,4,8,0.0,0,0,1.3403201374928686,0.007308263498040571,0.007308263497925469,0.8638435983139507,False,False,False,False
CTGCACCTGGAACCGC-1,8137,3092,TNBC,CID44971,Normal + stroma + lymphocytes,1,15,49,2501,4260,8137,3092,7.312277252058498,False,False,False,True,Normal + stroma + lymphocytes,0.08133748565577485,0.06126548371947645,0.01083392042173161,0.0,0,0,0.5865739666768757,2,4,0.26717749630692195,1,1,6.104532811182518,0.0073385202549468235,0.007338520255233426,0.007338520254946608,False,False,False,False
CGCTTTCATACCGGTG-1,11605,3303,TNBC,CID44971,Normal + stroma + lymphocytes,1,14,50,2406,4314,11605,3303,9.51314088754847,False,False,False,True,Normal + stroma + lymphocytes,0.10253029302372861,0.04833917539612611,0.002305378796681628,0.10358145494291603,1,1,0.9342598207010876,4,8,0.0,0,0,4.369779257343745,0.012915488439181484,0.012915488439111195,0.4383073053905731,False,False,False,False
GTTCTTCCCTCGATGT-1,18579,4358,TNBC,CID44971,Normal + stroma + lymphocytes,1,15,51,2501,4369,18579,4358,9.004790354701544,False,False,False,True,Normal + stroma + lymphocytes,0.06600873897337857,0.06976417938456805,9.036060568306346e-05,0.19355274135235315,2,3,1.1739427701513034,4,18,0.0,0,0,4.351891017129235,0.00903606056712081,0.00903606056861256,2.606454800191838,False,False,False,False
ATTTAACTCGTATTAC-1,4437,1876,TNBC,CID44971,Stroma + adipose tissue,1,14,52,2406,4424,4437,1876,8.767185034933513,False,False,False,True,Stroma + adipose tissue,0.07944755903425124,0.059838384478159645,7.446425143461863e-05,0.0,0,0,1.4290834482270447,3,8,0.0,0,0,1.672822462803916,2.273426546785736,0.007446425143462179,2.03014301308285,False,False,False,False
AACGATAGAAGGGCCG-1,7109,2389,TNBC,CID44971,Stroma + adipose tissue,1,15,53,2501,4478,7109,2389,9.255872837248557,False,False,False,True,Stroma + adipose tissue,0.09391225449239912,0.06066120151821523,0.00011867885114889987,0.5158317161525953,3,4,1.4500520020871186,4,11,0.0,0,0,4.616245327048714,1.4261390545428405,0.01186788511498476,0.01186788511498442,False,False,False,False
TATCCTGCATGGGAAT-1,3609,1654,TNBC,CID44971,Stroma + adipose tissue,1,14,54,2406,4533,3609,1654,7.315045719035744,False,False,False,True,Stroma + adipose tissue,0.1710389315999092,0.11733223891143382,0.00011055615730882568,0.22121676881958818,1,1,1.1331996238601207,3,4,0.0,0,0,7.444150556052651,0.011055615730881131,0.01105561573088137,4.266962103628968,False,False,False,False
AGGCCCATTGTACAGG-1,4202,1672,TNBC,CID44971,Stroma + adipose tissue,1,15,55,2501,4588,4202,1672,9.019514516896717,False,False,False,True,Stroma + adipose tissue,0.10251024212418501,0.07021238185991814,0.00011716849145555345,0.0,0,0,1.0260210266147438,2,6,0.0,0,0,6.986087638554568,0.011716849145555892,0.011716849146134975,0.011716849145555545,False,False,False,False
ATCTGTAATTGTACCC-1,1876,1098,TNBC,CID44971,Stroma + adipose tissue,1,15,57,2501,4697,1876,1098,7.036247334754798,False,False,False,True,Stroma + adipose tissue,0.13654459201551072,0.10312818014154924,7.066519293635078e-05,0.0,0,0,1.5367509268838635,3,4,0.0,0,0,2.1204581025323006,3.7350019379670334,0.0070665192936360775,4.450291454361953,False,False,False,False
GAGCGAGGGAGTACCG-1,1407,879,TNBC,CID44971,Stroma + adipose tissue,1,14,58,2406,4752,1407,879,5.330490405117271,False,False,False,True,Stroma + adipose tissue,0.09330833972309698,0.021930730924398106,0.022717506020931765,0.0,0,0,1.0463837119567545,2,2,0.0,0,0,0.34613046600711067,0.0065604255068991025,1.8338217754189015,0.006560425506899273,False,False,False,False
TTATTAGGGAAGCATC-1,1309,850,TNBC,CID44971,Stroma + adipose tissue,1,15,59,2501,4806,1309,850,10.771581359816654,False,False,False,True,Stroma + adipose tissue,0.13538114164437284,0.16231249514276688,0.00014896584447749085,0.35938923032690445,1,1,1.3949330158780098,2,4,0.0,0,0,0.7304982678358922,0.014896584447749085,0.014896584447749085,15.470958077545296,False,False,False,False
CTTCTTACGTCGTATA-1,801,563,TNBC,CID44971,Stroma + adipose tissue,1,14,60,2406,4861,801,563,9.737827715355806,False,False,False,True,Stroma + adipose tissue,0.22092959963057848,0.0010049228011419341,0.09302160602778531,0.0,0,0,2.2131268993997364,3,5,0.8671776847833716,1,1,0.025123070028548355,0.025123070028548355,0.025123070028548355,0.025123070028548355,False,False,False,False
GAAGTGCTGGATAGCT-1,1695,996,TNBC,CID44971,Stroma + adipose tissue,1,15,61,2501,4916,1695,996,15.811209439528023,False,False,False,True,Stroma + adipose tissue,0.21681129621688508,0.08804234299344994,0.0001653701349945179,0.3219131098672881,1,1,1.2149887145268612,2,4,0.0,0,0,0.8060041724550947,0.016537013496851022,0.016537013496851022,7.965156099896198,False,False,False,False
GTGCAACAAATGTGGC-1,1580,1027,TNBC,CID44971,Stroma + adipose tissue,1,14,62,2406,4970,1580,1027,10.253164556962027,False,False,False,True,Stroma + adipose tissue,0.16842431407731043,0.12114889179204934,0.042088044855501695,0.0,0,0,1.649512840750765,3,4,0.0,0,0,8.682151598936178,0.010101161684906134,0.010101161684905605,3.412535256898943,False,False,False,False
CATGCGTTAGACAGAA-1,1580,943,TNBC,CID44971,Stroma + adipose tissue,1,15,63,2501,5025,1580,943,15.443037974683543,False,False,False,True,Stroma + adipose tissue,0.13816473268298554,0.07143330125267709,0.02345203174863921,0.3319757708509956,1,1,0.6535855281977783,1,2,0.0,0,0,0.024484878658073115,0.024484878658073115,0.0244848786584836,7.069875489293079,False,False,False,False
ACACACTTTCTACACG-1,1240,812,TNBC,CID44971,Stroma + adipose tissue,1,14,64,2406,5079,1240,812,9.274193548387096,False,False,False,True,Stroma + adipose tissue,0.14519196361731573,0.16002332633683927,0.00015743968446688011,0.0,0,0,0.5510918662121499,1,1,0.0,0,0,0.01574396844668801,0.015743968446285807,0.01574396844668801,15.955100728344265,False,False,False,False
ATTAATTCGGTCACTC-1,1846,1150,TNBC,CID44971,Stroma + adipose tissue,1,14,66,2406,5189,1846,1150,8.234019501625136,False,False,False,True,Stroma + adipose tissue,0.13756714924342264,0.12349830041724466,0.00010052605968708452,0.3098281869623522,1,1,1.3979929447942725,2,6,0.0,0,0,1.6299204213213712,2.8854942639810788,0.010052605968708899,7.824362750453308,False,False,False,False
CTCTGTTTGAGGATTC-1,3990,2200,TNBC,CID44971,Stroma,1,14,72,2406,5517,3990,2200,6.265664160401002,False,False,False,True,Stroma,0.07199602380046814,0.06613706214584116,0.016063149889335694,0.0,0,0,0.6272757788878088,2,2,0.4181838525918726,1,1,0.01344072725752448,0.469916045255833,0.01344072725752448,6.116908714813233,False,False,False,False
TGGGCACGTTCTATGG-1,2083,1351,TNBC,CID44971,Stroma,1,15,73,2501,5571,2083,1351,5.616898703792607,False,False,False,True,Stroma,0.1865983234924628,0.08017818462343454,8.383710222209517e-05,0.0,0,0,1.878413075100743,3,9,0.0,0,0,2.3021371546149547,0.00838371022221057,1.342649811689127,4.364647785817161,False,False,False,False
ACTATTCGTCCGTGGT-1,5736,2811,TNBC,CID44971,Stroma,1,14,74,2406,5626,5736,2811,7.165271966527197,False,False,False,True,Stroma,0.07375515563248299,0.08958871417853276,0.00013568767274277366,0.0,0,0,0.7096463646354843,2,4,0.0,0,0,0.013568767274277365,0.013568767274288197,0.013568767274288197,8.918165116030421,False,False,False,False
CCTCTGGCCTAGACGG-1,4388,2369,TNBC,CID44971,Stroma,1,15,75,2501,5681,4388,2369,10.36918869644485,False,False,False,True,Stroma,0.11289689151808076,0.17843409384273254,0.0001402590264151932,0.4837897748421633,2,3,1.7330129837277244,4,9,0.0,0,0,6.517671712926676,0.01402590264151932,0.01402590264151932,11.297685866063539,False,False,False,False
CCATAAACAACCCGAC-1,4967,2518,TNBC,CID44971,Stroma,1,14,76,2406,5735,4967,2518,8.938997382725992,False,False,False,True,Stroma,0.14515643846564166,0.09514980126401214,0.0038806079902137377,0.36767724714059885,2,2,1.7145256988747373,3,15,0.0,0,0,4.893580738036673,0.013446882837547927,0.490777709494085,4.117174796032908,False,False,False,False
CATAGTACATTGAGAG-1,2435,1499,TNBC,CID44971,Stroma,1,15,77,2501,5790,2435,1499,7.638603696098563,False,False,False,True,Stroma,0.21939664069253847,0.14461627568690513,8.699059855497271e-05,0.0,0,0,2.5784035514562715,4,15,0.5435227735736049,1,1,0.008699059855497113,2.9990185405142697,0.8740958059807475,10.57981416234,False,False,False,False
ATTTCATTATTTCGCG-1,2328,1384,TNBC,CID44971,Stroma,1,14,78,2406,5844,2328,1384,7.517182130584192,False,False,False,True,Stroma,0.3089319701420231,0.08634615374061375,6.438221595812979e-05,0.2778105946914372,1,1,2.4786260840696994,4,15,0.0,0,0,1.4703986526817527,0.006438221595814174,1.8556049311722937,5.302173568611514,False,True,False,False
CAACTATATCGAATGC-1,3087,1693,TNBC,CID44971,Stroma,1,15,79,2501,5899,3087,1693,12.277291869128604,False,False,False,True,Stroma,0.23839150547247348,0.10827741379855002,9.115989550380246e-05,0.0,0,0,2.029310984693925,3,18,0.48147320851777375,1,1,7.832747744489234,0.009115989550379257,1.4683799968461348,1.5174976489692542,False,False,False,False
CTAGTATTCGGAATTA-1,3052,1669,TNBC,CID44971,Stroma,1,14,80,2406,5954,3052,1669,9.01048492791612,False,False,False,True,Stroma,0.2608286813186614,0.1282167490999635,8.684788270553839e-05,0.48438142176962123,2,2,1.9047981102672427,3,15,0.0,0,0,12.078396906975488,0.008684788270562575,0.008684788270560634,0.7259084264797403,False,False,False,False
GTGGAACCTACATGCG-1,1762,1058,TNBC,CID44971,Stroma,1,15,81,2501,6008,1762,1058,13.734392735527809,False,False,False,True,Stroma,0.13539657320687498,0.11417256061897949,6.46721229814451e-05,0.3164040780872961,1,1,1.568006960245744,2,8,0.0,0,0,0.006467212297700245,0.006467212298207856,0.006467212297699528,11.39785442500434,False,False,False,False
CCTAAAGGCTGACGCT-1,3857,2017,TNBC,CID44971,Stroma,1,14,82,2406,6063,3857,2017,11.148561057816957,False,False,False,True,Stroma,0.25698241133022415,0.12731026926466907,8.996821279673025e-05,0.0,0,0,2.631722605577653,4,43,0.0,0,0,6.925127590729973,1.9022152086487436,0.06826046875364472,3.8354236583345456,False,False,False,False
CGTGACATTGGGTCGT-1,5211,2567,TNBC,CID44971,Stroma,1,15,83,2501,6118,5211,2567,11.725196699289963,False,False,False,True,Stroma,0.1473213623295903,0.13037524806363235,8.48934994550361e-05,0.17854117906708802,1,1,1.760098277441928,3,17,0.0,0,0,4.109479027791632,0.008489349945503493,0.6412771279975746,8.278279300628522,False,False,False,False
CCAATCGGTAGATCGA-1,3120,1705,TNBC,CID44971,Stroma,1,14,84,2406,6172,3120,1705,13.717948717948719,False,False,False,True,Stroma,0.15473311028230197,0.08836759409444031,8.726083557877206e-05,0.33381084033046426,1,2,1.2188686513429725,3,4,0.0,0,0,0.008726083557877663,4.117544184923369,0.008726083557876846,4.701763057404909,False,False,False,False
ATTGTCGCAATACCTT-1,4633,2280,TNBC,CID44971,Stroma,1,15,85,2501,6227,4633,2280,8.698467515648607,False,False,False,True,Stroma,0.22464232229135575,0.02450049054655868,0.04182869547064447,0.1916791076126297,1,1,2.472858490551269,4,34,0.5569608003200833,1,2,0.6795872212350698,0.008958686452903203,1.0323907252645896,0.7291124217033053,False,False,False,False
AAATTACACGACTCTG-1,5027,2417,TNBC,CID44971,Stroma,1,14,86,2406,6282,5027,2417,9.906504873682117,False,False,False,True,Stroma,0.10979512832275282,0.19040019414205633,0.00014853817361428604,0.1825041997221919,1,1,1.990790225826044,4,16,0.3650083994443838,1,1,0.014853817361428604,0.014853817361428604,1.4095760864484301,17.60073569303435,False,False,False,False
CACTCCTCTCGGTCGG-1,6431,2845,TNBC,CID44971,Stroma,1,15,87,2501,6336,6431,2845,8.241331052713418,False,False,False,True,Stroma,0.1561189666329875,0.16250249830248964,0.00022137876441091496,0.3919078773095573,2,3,1.6217205507565056,3,17,0.0,0,0,0.024302877165666443,3.8848248746458807,0.022137876441091497,12.318984201996326,False,False,False,False
AAATAACCATACGGGA-1,12872,4422,TNBC,CID44971,Stroma,1,14,88,2406,6391,12872,4422,9.18272218769422,False,False,False,True,Stroma,0.09235964975465025,0.17924149316395777,0.00010625180506142353,0.09580984088832144,1,1,1.7597105343187724,4,27,0.0,0,0,1.7910404136306761,0.01062518050637301,0.010625180506253822,16.111858541752476,False,False,False,False
AGTTACTCTATCGTGG-1,7893,3349,TNBC,CID44971,DCIS,1,15,89,2501,6446,7893,3349,7.36095274293678,False,False,False,True,DCIS,0.0967931122714055,0.13756925166477058,0.00014584988357770374,0.0,0,0,1.6965348223156356,4,15,0.27281109472781984,1,1,0.014584988357770374,0.014584988357770374,0.03525985627336919,13.692495333488147,False,False,False,False
CGTTAGCTCACAACTG-1,12585,4411,TNBC,CID44971,DCIS,1,14,90,2406,6500,12585,4411,7.922129519268971,False,False,False,True,DCIS,0.06626243357286785,0.1852175544752833,0.00010661118429496373,0.29239017025964414,3,3,0.8890073627127913,3,10,0.0,0,0,0.010661118429496262,0.0106611184294963,0.010661118429590116,18.489772092239747,False,False,False,False
GAATGTATGGCAGGTC-1,23148,5951,TNBC,CID44971,DCIS,1,15,91,2501,6555,23148,5951,8.199412476239848,False,False,False,True,DCIS,0.04351664074794893,0.19076773029000904,0.00010964875850385111,0.1636336136794657,2,3,0.8207386216695955,4,13,0.0,0,0,1.64286494386372,0.01096487584778428,0.01096487584793489,17.411978333441468,False,False,False,False
GCAACCACCAGACCGG-1,20327,5473,TNBC,CID44971,DCIS,1,14,92,2406,6609,20327,5473,8.122201997343435,False,False,False,True,DCIS,0.0285925635182751,0.19554386641042493,0.00016018522499035694,0.27354901584107705,2,6,0.4432252203409874,2,6,0.0,0,0,0.5943920747087367,0.016018522499240306,0.016018522497449988,18.927957521337067,False,False,False,False
TCACTCGTGCAACGGC-1,14262,5020,TNBC,CID44971,DCIS,1,15,93,2501,6664,14262,5020,3.6530640863833965,False,False,False,True,DCIS,0.054783171235951084,0.17014481174169277,0.00010362028260063463,0.5429630990824287,5,7,0.9426063865515061,3,11,0.0,0,0,0.010362028260063664,0.0103620282599321,0.010362028260704018,16.98339508938858,False,False,False,False
AAACAGAGCGACTCCT-1,18188,5335,TNBC,CID44971,DCIS,1,14,94,2406,6719,18188,5335,7.026610952276226,False,False,False,True,DCIS,0.049368426445293656,0.1927179760706008,0.007818970344337636,0.2668419052417439,2,5,0.5385604012792191,3,6,0.0,0,0,0.015400578545448013,0.015400578545411126,0.015400578543173506,19.225595871426044,False,False,False,False
CAGCCTCTCCTCAAGA-1,5033,2642,TNBC,CID44971,DCIS,1,15,95,2501,6773,5033,2642,4.013510828531691,False,False,False,True,DCIS,0.08375822526640167,0.18823588642051856,9.519583390209123e-05,0.3647438522838247,2,2,1.433229021742568,4,7,0.0,0,0,3.6251526994616254,0.009519583390135807,0.009519583390208666,15.179396775809886,False,False,False,False
TTGCGTGAACGCTTAG-1,19418,5682,TNBC,CID44971,DCIS,1,14,96,2406,6828,19418,5682,3.028118240807498,False,False,False,True,DCIS,0.08313268174802894,0.3554954107775278,0.00020013574769091905,1.0493137996379207,5,28,0.8646414563968917,3,15,0.44984017343241006,2,4,15.406214417882202,7.973746812099625,0.020013574769091904,12.149566273001861,True,False,False,False
CCGCCTGCGAATTGGT-1,17633,5469,TNBC,CID44971,DCIS,1,15,97,2501,6883,17633,5469,5.767594850564283,False,False,False,True,DCIS,0.056474427790397325,0.21396167282189713,0.00016463935734150974,0.22461928212421087,3,3,0.6189935250039283,2,9,0.2527030595421892,1,2,0.016463935735228745,0.016463935735320748,0.016463935735228745,21.346775474983932,False,False,False,False
AGATGAGGGTTGCGAT-1,12049,3853,TNBC,CID44971,DCIS,1,14,98,2405,6937,12049,3853,6.025396298448004,False,False,False,True,DCIS,0.05935016457703131,0.28817415064897633,0.04230116005818771,1.062435243029349,5,17,0.9125148468072246,4,8,0.20142852681646117,1,1,7.892401519310731,13.273641488210588,0.020788247008181104,7.630583810368136,True,False,False,False
AAATGCTCGTTACGTT-1,2448,1449,TNBC,CID44971,Normal + stroma + lymphocytes,1,16,24,2597,2894,2448,1449,10.498366013071896,False,False,False,True,Normal + stroma + lymphocytes,0.09877783289723856,0.010072613412190788,0.020796424824807876,0.0,0,0,0.9605546903739953,2,3,0.0,0,0,0.009808899229063278,0.009808899229065393,0.009808899229063233,0.9778346435318868,False,False,False,False
CATTTCTAGCAGACTA-1,3651,1956,TNBC,CID44971,Normal + stroma + lymphocytes,1,16,26,2597,3003,3651,1956,12.59928786633799,False,False,False,True,Normal + stroma + lymphocytes,0.12673124549459994,0.05036362070230668,4.948797865965441e-05,0.0,0,0,1.819165484085572,4,8,0.0,0,0,1.1999680869938052,0.004948797865133828,0.004948797865965798,3.8264963875057636,False,False,False,False
CCGAAAGTGGTGAGCA-1,5596,2545,TNBC,CID44971,Normal + stroma + lymphocytes,1,17,27,2692,3058,5596,2545,15.028591851322373,False,False,False,True,Normal + stroma + lymphocytes,0.19252051124751693,0.06153053328203193,0.00010819891976785453,0.0,0,0,1.5903921763758944,4,11,0.0,0,0,2.517124265377972,0.01081989197680384,0.01081989197605872,3.614289278872359,False,False,False,False
AGTCAGCCACCGCCTG-1,7929,3061,TNBC,CID44971,Normal + stroma + lymphocytes,1,16,28,2597,3112,7929,3061,9.774246437129525,False,False,False,True,Normal + stroma + lymphocytes,0.04695388426975048,0.08193115757570393,0.020029082207165247,0.13598209822050472,1,1,1.1140282241460788,4,7,0.0,0,0,5.793888063023533,0.006948891667541883,0.006948891667453771,2.3853299112118656,False,False,False,False
TCATCACTCGAGCTCG-1,8251,3000,TNBC,CID44971,Normal + stroma + lymphocytes,1,17,29,2692,3167,8251,3000,25.924130408435342,False,False,False,True,Normal + stroma + lymphocytes,0.062375168231257834,0.17195617317313275,9.849594166059848e-05,0.0,0,0,0.9476905164590322,3,7,0.0,0,0,3.898704702609813,0.009849594165693311,0.009849594164442395,13.277213426373327,False,False,False,False
CTCAGGACTCACCTGT-1,5396,2478,TNBC,CID44971,Normal + stroma + lymphocytes,1,16,30,2597,3222,5396,2478,11.11934766493699,False,False,False,True,Normal + stroma + lymphocytes,0.1194179867691892,0.027603005030721144,0.02881132686417062,0.0,0,0,1.1817873992830168,3,7,0.0,0,0,0.005083888869249423,0.005083888869264095,0.005083888869248714,2.745048836464352,False,False,False,False
CGGTGTACTTGATCCC-1,8000,3197,TNBC,CID44971,Normal + stroma + lymphocytes,1,17,31,2692,3276,8000,3197,19.3,False,False,False,True,Normal + stroma + lymphocytes,0.06680080635146007,0.09963257120609342,7.598268307691433e-05,0.1351550360360548,1,1,0.9213884042860886,4,5,0.0,0,0,0.007598268307690802,0.0075982683074749926,0.007598268308087609,9.940462315686089,False,False,False,False
CCTACGGCTCAGTCGA-1,5248,2341,TNBC,CID44971,Normal + stroma + lymphocytes,1,16,32,2597,3331,5248,2341,14.310213414634147,False,False,False,True,Normal + stroma + lymphocytes,0.08271505829622937,0.12242251605779626,0.0001140377757290543,0.43958353138195566,2,3,0.4761404346045498,1,3,0.0,0,0,4.201020356400709,0.11444894010599249,0.011403777572927331,7.915378531699998,False,False,False,False
GTACTTGGGCACTTCT-1,11348,3643,TNBC,CID44971,Normal + stroma + lymphocytes,1,17,33,2692,3386,11348,3643,13.508988367994359,False,False,False,True,Normal + stroma + lymphocytes,0.0448317764133787,0.08976724847031001,0.00012287575746977163,0.16935149204066888,1,2,0.8932311427634585,4,7,0.0,0,0,5.3910233240279535,0.012287575746790881,0.012287575750006626,3.5611263715062504,False,False,False,False
TGATTTCCTCCTGACG-1,4183,2043,TNBC,CID44971,Normal + stroma + lymphocytes,1,16,34,2596,3440,4183,2043,12.479081998565624,False,False,False,True,Normal + stroma + lymphocytes,0.08033904943619703,0.041578185547209524,3.522699531777591e-05,0.0,0,0,0.9157615288893068,3,3,0.0,0,0,0.722949123051498,0.0035226995317762084,0.00352269953171946,3.427824032605959,False,False,False,False
CCTCACCAATCTTGAC-1,7528,3175,TNBC,CID44971,Normal + stroma + lymphocytes,1,17,35,2692,3495,7528,3175,13.257173219978746,False,False,False,True,Normal + stroma + lymphocytes,0.13805534921892654,0.031457450524771544,7.134380085662125e-05,0.14086170000168113,1,1,1.3332941998452008,3,12,0.0,0,0,0.007134380085660987,1.4119792246963923,0.007134380085778616,1.7194970676093224,False,False,False,False
GGTGAGATGCAGATAA-1,16327,3903,TNBC,CID44971,Normal + stroma + lymphocytes,1,16,36,2596,3549,16327,3903,8.954492558338947,False,False,False,True,Normal + stroma + lymphocytes,0.05798727029599889,0.05660396186530193,0.00010334155579084679,0.15925828313316173,2,2,1.0292190310895941,3,16,0.0,0,0,3.6510745297310256,0.010334155582099446,0.10479466349856209,1.8941928377185058,False,False,False,False
GCTAGTTTCATTGAGG-1,10844,3738,TNBC,CID44971,Normal + stroma + lymphocytes,1,17,37,2692,3604,10844,3738,8.115086683880488,False,False,False,True,Normal + stroma + lymphocytes,0.07325135260780823,0.07949461348350431,7.642633657798356e-05,0.3920397868592322,3,4,1.1890777426118133,4,12,0.0,0,0,4.45046678172123,1.8837533388181307,0.00764263365752122,1.6075985941535489,False,False,False,False
AGGACATCGCACGTCG-1,6970,3031,TNBC,CID44971,Normal + stroma + lymphocytes,1,16,38,2596,3659,6970,3031,7.489239598278336,False,False,False,True,Normal + stroma + lymphocytes,0.31290405321956544,0.08390018547189197,0.024988885233897785,0.1483053090789504,1,1,2.8143878312369437,4,46,0.2966106181579008,1,1,4.256040642594846,0.0070229623551330035,0.007022962355132795,4.119931979884084,False,True,False,False
GTGGACGTGCTGAGAC-1,5091,2525,TNBC,CID44971,Normal + stroma + lymphocytes,1,17,39,2691,3713,5091,2525,9.428403064230997,False,False,False,True,Normal + stroma + lymphocytes,0.14141149300594072,0.07242249480966827,6.61169270790225e-05,0.1811040441193691,1,1,1.4540361689346795,3,11,0.0,0,0,1.549025010782489,0.006611692707900862,0.0066116927079008835,5.680001084768536,False,False,False,False
TAAGGAACTTGTGGGA-1,8775,3453,TNBC,CID44971,Normal + stroma + lymphocytes,1,16,40,2596,3768,8775,3453,7.965811965811966,False,False,False,True,Normal + stroma + lymphocytes,0.23214956692965416,0.010603014300615363,4.607803532567801e-05,0.12676990471637814,1,1,2.5284749465179934,4,46,0.0,0,0,1.0464780194624148,0.0046078035327276395,0.0046078035338249414,0.004607803532569045,False,False,False,False
TCGCTGTGCGTAAATC-1,4241,2162,TNBC,CID44971,Normal + stroma + lymphocytes,1,17,41,2691,3823,4241,2162,8.700778118368309,False,False,False,True,Normal + stroma + lymphocytes,0.1570473534589722,0.08065042950202542,0.01830500238099713,0.20188767295747287,1,1,2.220077679269834,4,17,0.0,0,0,7.068307021163697,0.9685229777208428,0.014106475659000696,0.014106475659000696,False,False,False,False
GCATCCCTAACTTTGA-1,8185,3330,TNBC,CID44971,Normal + stroma + lymphocytes,1,16,42,2596,3877,8185,3330,7.660354306658522,False,False,False,True,Normal + stroma + lymphocytes,0.21928313580987402,0.050272092621756526,4.405410422946488e-05,0.26609795587195134,2,2,2.5004034191938995,4,40,0.0,0,0,4.861041481175799,0.15735696015507658,0.004405410422431631,0.004405410422345214,False,False,False,False
CACCCACACGTCACCC-1,9312,3692,TNBC,CID44971,Normal + stroma + lymphocytes,1,17,43,2691,3932,9312,3692,6.7117697594501715,False,False,False,True,Normal + stroma + lymphocytes,0.13057753223653176,0.08316027687248542,6.625368449062316e-05,0.4342564407058041,3,4,1.7738633184074428,4,24,0.0,0,0,8.29615158190143,0.006625368449118273,0.0066253684489693135,0.006625368449024461,False,False,False,False
CCCTCATTCTGGAATT-1,9786,3675,TNBC,CID44971,Normal + stroma + lymphocytes,1,16,44,2596,3987,9786,3675,9.237686490905375,False,False,False,True,Normal + stroma + lymphocytes,0.12439003009439122,0.037349770944900655,6.862390978231053e-05,0.11733697067234983,1,1,1.7572295927142954,4,25,0.0,0,0,3.231776021185303,0.006862390978181223,0.48947629134840126,0.006862390978180718,False,False,False,False
AGGGCGTGATCGGCTA-1,8883,3301,TNBC,CID44971,Normal + stroma + lymphocytes,1,17,45,2691,4041,8883,3301,8.623212878532026,False,False,False,True,Normal + stroma + lymphocytes,0.11220509692087643,0.008065577171138335,7.060965642411002e-05,0.1256871181019795,1,1,1.5299143155398651,4,15,0.0,0,0,0.24892534312711737,0.007060965642722183,0.5435104427015826,0.007060965642411498,False,False,False,False
GGTGCGGATAAGTGGC-1,18649,4806,TNBC,CID44971,Normal + stroma + lymphocytes,1,16,46,2596,4096,18649,4806,9.281999034800794,False,False,False,True,Normal + stroma + lymphocytes,0.05692416698137112,0.045255158624412054,8.060528789947213e-05,0.24290945870939604,2,4,1.1142012773948249,3,20,0.0,0,0,4.151991409956683,0.3063780648819844,0.0590858588118891,0.00806052879064884,False,False,False,False
TAATATTGAAATTCGC-1,11155,3765,TNBC,CID44971,Normal + stroma + lymphocytes,1,17,47,2691,4151,11155,3765,8.516360376512774,False,False,False,True,Normal + stroma + lymphocytes,0.05948630841784123,0.09718401125291606,5.173835439629797e-05,0.4911753811623824,4,5,1.0021469069353977,4,9,0.0,0,0,6.737076342865608,1.2911440920225736,0.005173835439344342,1.6850068549640798,False,False,False,False
CTTACACTGGGAAATA-1,7401,2852,TNBC,CID44971,Normal + stroma + lymphocytes,1,16,48,2596,4205,7401,2852,8.512363194162951,False,False,False,True,Normal + stroma + lymphocytes,0.06845717433897817,0.03731170911029906,0.0361059655199182,0.142485424936352,1,1,1.5574874650447228,4,13,0.284970849872704,1,1,0.9078667038787673,2.59775794658615,0.007261926010649838,0.21828433455433924,False,False,False,False
ACCAAGAACGCGTGTC-1,5169,2306,TNBC,CID44971,Normal + stroma + lymphocytes,1,17,49,2691,4260,5169,2306,10.466241052427936,False,False,False,True,Normal + stroma + lymphocytes,0.07895531496003654,0.106210327303593,7.26581224023798e-05,0.1794291042326055,1,1,1.2278865396208576,3,7,0.0,0,0,8.591565935828614,0.0072658122402477565,0.0072658122402475805,2.0149351700501907,False,False,False,False
GCCTTCAGCCCTACCG-1,15520,4124,TNBC,CID44971,Normal + stroma + lymphocytes,1,16,50,2596,4314,15520,4124,8.002577319587628,False,False,False,True,Normal + stroma + lymphocytes,0.09216321177025448,0.02780375044452318,0.005802511689192765,0.0,0,0,1.2043549827613977,4,15,0.0,0,0,2.2619413820991245,0.23216663940226925,0.008114534714798676,0.2781524882361256,False,False,False,False
GATGCTACAAGCGCCT-1,6610,2625,TNBC,CID44971,Normal + stroma + lymphocytes,1,17,51,2691,4369,6610,2625,8.290468986384267,False,False,False,True,Normal + stroma + lymphocytes,0.08362711749284349,0.0668789723586701,7.258013017389041e-05,0.0,0,0,1.086224204074677,3,7,0.0,0,0,3.525247520661405,0.007258013017510271,0.007258013017389076,3.148133689170706,False,False,False,False
CCGGGACCCGCAGAGA-1,33245,5515,TNBC,CID44971,Normal + stroma + lymphocytes,1,16,52,2596,4424,33245,5515,9.920288765227854,False,False,False,True,Normal + stroma + lymphocytes,0.027364433397774963,0.030736055127070696,0.003861326262806024,0.043829539984009486,1,1,0.7887460782897414,4,17,0.0,0,0,1.1881266858924084,1.4095356541805582,0.013661399046026434,0.46228177358807654,False,False,False,False
GTTCCAGTCTGACCAT-1,4857,2191,TNBC,CID44971,Normal + stroma + lymphocytes,1,17,53,2691,4478,4857,2191,9.635577516985794,False,False,False,True,Normal + stroma + lymphocytes,0.08785136615703643,0.014414127911936709,7.665495731292826e-05,0.18634169521526803,1,1,1.1147897578385253,3,6,0.0,0,0,0.1268042035354524,0.0076654957305400725,0.6157907455869587,0.6911523463407198,False,False,False,False
ATGATCGGGAATAGAC-1,6000,2173,TNBC,CID44971,Stroma + adipose tissue,1,16,54,2596,4533,6000,2173,9.583333333333334,False,False,False,True,Stroma + adipose tissue,0.09214750124907384,0.004987900790025324,0.00012275319442772058,0.0,0,0,1.1835618070658085,4,6,0.0,0,0,0.4619641206739055,0.012275319442671165,0.012275319443183786,0.012275319442771947,False,False,False,False
TTGGATTGGGTACCAC-1,2098,1331,TNBC,CID44971,Stroma + adipose tissue,1,17,55,2691,4588,2098,1331,5.338417540514776,False,False,False,True,Stroma + adipose tissue,0.13368922240109501,0.1840438456625772,0.00010763200571834735,0.29200927328510284,1,1,1.464653469034528,3,4,0.0,0,0,0.010763200571834955,4.942414252859924,0.010763200571835605,13.440443912254125,False,False,False,False
TACCTCACGCTTGTAC-1,1871,1029,TNBC,CID44971,Stroma + adipose tissue,1,16,56,2596,4642,1871,1029,7.375734901122394,False,False,False,True,Stroma + adipose tissue,0.15422098593281808,0.06388472130376824,0.00011710604648955091,0.0,0,0,1.0765784787169768,2,3,0.0,0,0,0.011710604649161833,0.011710604649162142,0.011710604649042234,6.353340316429458,False,False,False,False
ATGACGCCGGCTCTAA-1,1506,966,TNBC,CID44971,Stroma + adipose tissue,1,16,58,2596,4752,1506,966,10.424966799468791,False,False,False,True,Stroma + adipose tissue,0.12744445380995034,0.1669815090134229,0.00010321564386432127,0.0,0,0,1.6814244636793583,3,4,0.0,0,0,10.218071069157938,0.010321564386432091,2.6636499611532676,3.806108306644652,False,False,False,False
AGTAATGTCTTGCCGC-1,1804,1037,TNBC,CID44971,Stroma + adipose tissue,1,16,60,2596,4861,1804,1037,20.121951219512198,False,False,False,True,Stroma + adipose tissue,0.11756150170380998,0.20941976216659766,0.00016056532997556753,0.9392160177201306,3,3,2.126220438179897,4,6,0.0,0,0,16.773504113582423,0.016056532997556754,0.016056532997556754,4.13635903708223,False,False,False,False
ACGCCAGATGATTTCT-1,1829,1235,TNBC,CID44971,Stroma,1,17,73,2691,5571,1829,1235,4.702022963367961,False,False,False,True,Stroma,0.14112187282607255,0.11815086495125193,0.00013459576596276204,0.31113079569247853,1,1,1.7694375042678092,3,7,0.0,0,0,3.9600570125065278,0.013459576596276205,0.013459576596276205,7.828110329426114,False,False,False,False
AGCTATTTAATCCAAC-1,2027,1341,TNBC,CID44971,Stroma,1,16,74,2596,5626,2027,1341,5.278737049827331,False,False,False,True,Stroma,0.22789419467228983,0.1430838693110134,8.997613494294699e-05,0.29676620914310275,1,1,1.9318759676770019,4,5,0.0,0,0,7.158258399445962,0.008997613494294966,0.008997613494294678,7.132133304666791,False,False,False,False
CCACGAGAAGAGAATC-1,2107,1410,TNBC,CID44971,Stroma,1,17,75,2691,5681,2107,1410,5.790223065970574,False,False,False,True,Stroma,0.23310281989346315,0.1714694309174738,0.0005961849948771624,0.0,0,0,2.4384330645045442,4,12,0.0,0,0,4.402901315536559,0.00905378699748769,3.096006581031483,9.63898140818185,False,False,False,False
GATTCCGCGTTTCCGT-1,1676,1089,TNBC,CID44971,Stroma,1,16,76,2596,5735,1676,1089,9.725536992840096,False,False,False,True,Stroma,0.24445534562349527,0.05085698309188407,0.041221894566151475,0.0,0,0,2.4975574326548524,3,16,0.6470418169773257,1,1,0.006093264189171458,0.006093264189171716,0.062338694309874196,5.0111730865001896,False,False,False,False
GTCGGATGTAGCGCGC-1,2725,1607,TNBC,CID44971,Stroma,1,17,77,2691,5790,2725,1607,11.082568807339449,False,False,False,True,Stroma,0.2897028341450726,0.07083610754939261,6.370014717275786e-05,0.2568500223868965,1,1,2.3700172934227646,3,31,0.0,0,0,2.766763058784898,0.006370014717263395,0.006370014717263571,4.304107666719837,False,True,False,False
TATTTATACCGAGTAG-1,2142,1271,TNBC,CID44971,Stroma,1,16,78,2596,5845,2142,1271,13.818860877684408,False,False,False,True,Stroma,0.34644523625799634,0.08732904880311765,9.293932553846165e-05,0.5783101815608951,2,2,3.181032968762125,4,35,0.0,0,0,0.009293932553847183,3.2454559036653543,0.0092939325538475,5.468861111538715,False,True,False,False
GTAGGTGATCCGTGTA-1,1827,1106,TNBC,CID44971,Stroma,1,17,79,2691,5899,1827,1106,16.037219485495346,False,False,False,True,Stroma,0.2327723704040601,0.14835272257104176,0.003184747408350767,0.6225699252910367,2,2,1.7701638808352438,3,7,0.0,0,0,12.49572085705392,0.006153147676378204,0.006153147676378484,2.3272451046975,False,False,False,False
AGTTAAGCGGTCCCGG-1,1364,880,TNBC,CID44971,Stroma,1,16,80,2596,5954,1364,880,14.736070381231672,False,False,False,True,Stroma,0.1360106292708689,0.0004097320948989343,0.06427588313757203,0.0,0,0,1.747835878049399,3,4,0.0,0,0,0.010243302372475057,0.010243302372473433,0.010243302372472242,0.010243302372472698,False,False,False,False
CTGGCGACATAAGTCC-1,5405,2601,TNBC,CID44971,Stroma,1,17,81,2691,6008,5405,2601,7.992599444958372,False,False,False,True,Stroma,0.19846005286868548,0.10801546119172992,0.010588699208708596,0.4324982058186639,2,3,2.0937595564150513,3,34,0.8649964116373278,2,3,0.00900583721110567,4.507393605766303,0.00900583721110567,6.2761408389844755,False,False,False,False
TTGGCCTAGAATTTCG-1,6888,2938,TNBC,CID44971,Stroma,1,16,82,2596,6063,6888,2938,9.915795586527294,False,False,False,True,Stroma,0.12834265356638974,0.17668707411254012,0.004469116293881451,0.5259240683564257,3,4,1.868819989404462,3,25,0.45396644109912493,1,2,1.7942279381411648,2.475665290825794,0.013088660262039236,13.385725522025012,False,False,False,False
GGCATATCGGTTCTGC-1,6991,2880,TNBC,CID44971,Stroma,1,17,83,2691,6118,6991,2880,8.08181948219139,False,False,False,True,Stroma,0.1757387825276119,0.16760222849336753,0.00014263034475191932,0.0,0,0,2.4201880620929703,4,35,0.0,0,0,5.545073939962748,0.014263034475419658,0.014263034475191932,11.186622840423393,False,False,False,False
GGGCGTCCACTGGCTC-1,6134,2676,TNBC,CID44971,Stroma,1,16,84,2596,6172,6134,2676,8.461036843821324,False,False,False,True,Stroma,0.20835363759977787,0.17491360197859215,9.648659569814077e-05,0.16118029680378712,1,1,2.097838548503909,4,32,0.32236059360757424,1,1,4.8628652315216225,0.009648659569814266,0.009648659569814231,12.609197647197965,False,False,False,False
TTACCCATTGCCGGGT-1,16228,4729,TNBC,CID44971,Stroma,1,17,85,2691,6227,16228,4729,7.530194725166379,False,False,False,True,Stroma,0.09009057850936483,0.15977726054177507,0.00014938928928573752,0.08001489950952868,1,1,1.2736881473766655,4,23,0.0,0,0,0.4474500973230543,0.014938928930792007,0.014938928928442565,15.50039809899522,False,False,False,False
TTAGACACGATCGTTG-1,8162,3210,TNBC,CID44971,Stroma,1,16,86,2596,6282,8162,3210,7.167360940945847,False,False,False,True,Stroma,0.10516187511971149,0.110034386470233,0.00010615341579553406,0.0,0,0,1.5225587172336845,3,18,0.0,0,0,0.8208288622885409,0.010615341579450903,0.010615341579554,10.161379101575754,False,False,False,False
GCGCTGATCCAGACTC-1,13885,4244,TNBC,CID44971,DCIS,1,17,87,2691,6336,13885,4244,7.245228664025927,False,False,False,True,DCIS,0.07361955509558661,0.1605591862694045,0.00011214410426567686,0.09040692101386039,1,1,1.542130775206431,4,25,0.18081384202772077,1,1,0.011214410426567905,0.011214410426881212,0.01121441042545759,16.02227539566154,False,False,False,False
TTCGGCAACCCGCTGA-1,7831,3105,TNBC,CID44971,DCIS,1,16,88,2596,6391,7831,3105,7.151066275060656,False,False,False,True,DCIS,0.1274370938542716,0.14888456939932604,0.00014916770279779434,0.3484847652255921,2,3,1.708865475611205,4,16,0.0,0,0,1.2047707136825747,3.5928589844987577,0.014916770279779435,10.075910471471493,False,False,False,False
GATATTTCCTACATGG-1,14662,4442,TNBC,CID44971,DCIS,1,17,89,2691,6446,14662,4442,7.052243895785022,False,False,False,True,DCIS,0.060777840919944044,0.13404354340569619,0.00011053223486004996,0.0,0,0,1.25688801943028,4,15,0.0,0,0,1.0498040371642343,0.011053223486252688,0.01105322348624714,12.332443856432885,False,False,False,False
CTGCGTTACGATATAA-1,21158,5614,TNBC,CID44971,DCIS,1,16,90,2596,6500,21158,5614,6.50817657623594,False,False,False,True,DCIS,0.047617139922893056,0.1822401093888086,0.00010826748887504648,0.38706782195792505,4,7,0.5828490856789674,3,8,0.0,0,0,1.6677885156173202,0.010826748887554138,0.010826748887123863,16.534568925488863,False,False,False,False
TAATAAACAAGGAGAT-1,29090,6851,TNBC,CID44971,DCIS,1,17,91,2691,6555,29090,6851,3.7194912341010653,False,False,False,True,DCIS,0.029209963894148174,0.19037107739629655,0.00010353571241361653,0.1477361036488766,3,3,0.7404897921001277,4,13,0.19698147153183546,2,2,2.040856359909026,0.010353571241687655,0.01035357124008767,16.975544237238854,False,False,False,False
AACCTTTACGACGTCT-1,16138,5160,TNBC,CID44971,DCIS,1,16,92,2596,6610,16138,5160,4.882885115875573,False,False,False,True,DCIS,0.03270793478629075,0.16088269480036524,0.00408476833519194,0.21473027643530893,2,3,0.4641570924764757,2,5,0.0,0,0,0.007599768528207343,0.007599768528327175,0.2911760851783191,15.781893857801672,False,False,False,False
AGTCCCGCCTTTAATT-1,14064,4685,TNBC,CID44971,DCIS,1,17,93,2691,6664,14064,4685,5.055460750853243,False,False,False,True,DCIS,0.0480046184168325,0.21780534703901036,0.00010596047594025056,0.36937033254210655,3,5,1.1288056298610654,4,12,0.17903286894153603,1,1,0.010596047592587084,0.010596047592587012,0.010596047592587001,21.748746561123276,False,False,False,False
TGAGATTAGGCCCTAA-1,19464,5765,TNBC,CID44971,DCIS,1,16,94,2596,6719,19464,5765,4.202630497328401,False,False,False,True,DCIS,0.04371592039056001,0.23443963282274238,0.00010576617467807622,0.1382008578871809,2,2,0.44047091852453285,3,5,0.0,0,0,0.010576617467807598,0.010576617467807333,0.010576617468299484,23.412233429870323,False,False,False,False
AGTGTATTGCGCATTG-1,15694,5358,TNBC,CID44971,DCIS,1,17,95,2691,6773,15694,5358,3.198674652733529,False,False,False,True,DCIS,0.018780316910688176,0.21831898281170173,0.00011225202952167025,0.30127703158946917,3,4,0.4398932438504246,2,5,0.0,0,0,0.011225202952033936,0.01122520295144497,0.01122520295187523,21.798222672314818,False,False,False,False
GTTGGATTCAGTGGCT-1,7034,3480,TNBC,CID44971,DCIS,1,16,96,2596,6828,7034,3480,4.791015069661643,False,False,False,True,DCIS,0.0611889690390889,0.1779036757261789,0.0018043922926940393,0.14740930211118305,1,1,0.8942838526716973,3,5,0.0,0,0,1.7914546680635988,0.014893732573433991,0.014893732573433991,15.969125439407424,False,False,False,False
TAAAGCTGCAATAGGG-1,28565,7165,TNBC,CID44971,DCIS,1,17,97,2691,6883,28565,7165,4.2499562401540345,False,False,False,True,DCIS,0.05187781324603112,0.2544391364751322,0.0001524863144927776,0.30816697424039224,4,7,0.7105577589110208,4,12,0.0,0,0,3.3869732339634466,0.015248631449594265,0.015248631447938692,22.02644315065224,True,False,False,False
AGTAGGAAGGAAGTTG-1,17439,5168,TNBC,CID44971,DCIS,1,16,98,2596,6937,17439,5168,8.446585239979356,False,False,False,True,DCIS,0.04561370974815395,0.23288969608821214,0.0001596784449851297,0.27841940462981124,3,4,0.6678130064002084,4,7,0.15108542721920185,1,1,3.6457067380222403,0.01596784449983871,0.01596784449804131,19.611327181801094,False,False,False,False
TATCACTTCGAGTAAC-1,9465,3717,TNBC,CID44971,DCIS,1,17,99,2691,6992,9465,3717,7.321711568938194,False,False,False,True,DCIS,0.10197039668979882,0.3914793176975764,0.03424476045913953,0.6927123055238229,4,9,0.5372076537250532,2,4,0.4806781309340886,2,2,22.894771305846813,5.615093507644619,0.2661377558100882,10.37192920045612,True,False,False,False
ATAATAGTGTAGGGAC-1,10956,3774,TNBC,CID44971,Normal + stroma + lymphocytes,1,18,30,2787,3222,10956,3774,24.005111354508944,False,False,False,True,Normal + stroma + lymphocytes,0.05180187122161544,0.14070778046692556,0.0001403881862378269,0.0,0,0,0.32965276707793467,1,3,0.0,0,0,0.014038818623782291,0.014038818623999107,0.014038818623144565,14.028661590821631,False,False,False,False
ATATTGCTGTCAAAGT-1,13010,4331,TNBC,CID44971,Normal + stroma + lymphocytes,1,18,32,2787,3331,13010,4331,17.079169869331285,False,False,False,True,Normal + stroma + lymphocytes,0.030468486192077107,0.1603890682306888,4.0714346153852174e-05,0.38935592955282533,3,5,0.23277306333517195,1,2,0.0,0,0,1.5851664048956593,0.004071434615261594,0.004071434614654945,14.445597548943304,False,False,False,False
TATACACGCAAAGTAT-1,13022,4351,TNBC,CID44971,Normal + stroma + lymphocytes,1,18,36,2787,3550,13022,4351,22.04730456151129,False,False,False,True,Normal + stroma + lymphocytes,0.026393596013139193,0.055806446651118384,0.00011776047260518324,0.0,0,0,0.3750859542182926,2,3,0.0,0,0,1.442774655203795,0.011776047264933613,0.011776047251051441,4.114317915392058,False,False,False,False
CCTTCTTGATCCAGTG-1,2469,1565,TNBC,CID44971,Stroma,1,19,73,2881,5571,2469,1565,5.5893074119076545,False,False,False,True,Stroma,0.11768323068652181,0.10019244824563824,8.742346064471327e-05,0.26990539227523447,1,1,1.361797019590966,3,4,0.0,0,0,0.008742346064473529,0.00874234606447317,0.008742346064472674,9.993017786370405,False,False,False,False
CCTCGCCAGCAAATTA-1,1882,1275,TNBC,CID44971,Stroma,1,18,74,2786,5626,1882,1275,3.7194473963868226,False,False,False,True,Stroma,0.3015873733200793,0.04827319436757878,5.987980969954713e-05,0.3071149347950603,1,1,2.3361980774093145,4,8,0.0,0,0,0.005987980969955143,2.7962887031580794,0.005987980969955143,2.019054771659888,False,True,False,False
TTCATGGCGCAACAGG-1,1549,1071,TNBC,CID44971,Stroma,1,19,75,2881,5681,1549,1071,6.5848934796643,False,False,False,True,Stroma,0.18486791983547204,0.04121220400776773,8.570527677632988e-05,0.0,0,0,2.176286416784341,3,10,0.0,0,0,0.008570527677633038,1.3953865947772977,0.008570527677632743,2.7086927506442096,False,False,False,False
TTAATCAGTACGTCAG-1,1688,1094,TNBC,CID44971,Stroma,1,18,76,2786,5735,1688,1094,8.175355450236967,False,False,False,True,Stroma,0.18039375637369418,0.16589998011083462,0.000131087348608879,0.9675091391373165,3,3,2.0722732981256455,3,9,0.0,0,0,5.36719524403838,0.0131087348608879,0.0131087348608879,11.196585297323306,False,False,False,False
CCTATCTATATCGGAA-1,1567,1001,TNBC,CID44971,Stroma,1,19,77,2881,5790,1567,1001,13.33758774728781,False,False,False,True,Stroma,0.22837625308484502,0.1574674958147721,9.016455295312086e-05,0.33316554215656347,1,1,3.0167438582276414,4,16,0.0,0,0,9.189868412087316,0.009016455295307315,0.00901645529530897,6.538848258799279,False,False,False,False
ATTATACTTTGCTCGT-1,5501,2554,TNBC,CID44971,Stroma,1,18,78,2786,5845,5501,2554,8.362115978912925,False,False,False,True,Stroma,0.42127216079671714,0.031235495787457865,3.746512510123338e-05,0.0,0,0,3.146644216070838,4,113,0.0,0,0,0.012873084787900026,0.6620939795559858,0.0037465125101234266,2.4448360018917774,False,True,False,False
ATGGATCCGGCGTCCG-1,2524,1469,TNBC,CID44971,Stroma,1,19,79,2881,5899,2524,1469,6.458003169572107,False,False,False,True,Stroma,0.3296194960579205,0.08021101813902098,5.552046238340476e-05,0.0,0,0,2.57397246493664,3,31,0.0,0,0,6.383210850535526,1.3879658023962398,0.005552046238340694,0.24437311473199125,False,True,False,False
CGCCCGCTTCCGTACA-1,4086,1988,TNBC,CID44971,Stroma,1,18,80,2786,5954,4086,1988,11.45374449339207,False,False,False,True,Stroma,0.22081922295280199,0.0709457440215362,6.063373452659278e-05,0.0,0,0,2.0406598088416326,3,22,0.0,0,0,6.17963352409648,0.9028141311518224,0.006063373452659011,0.006063373452658942,False,False,False,False
GGATTCCGCTATACCC-1,3021,1723,TNBC,CID44971,Stroma,1,19,81,2881,6009,3021,1723,6.3224097980801055,False,False,False,True,Stroma,0.20628172718532206,0.038641578521232574,8.867349833293123e-05,0.0,0,0,1.921003701681618,3,14,0.0,0,0,1.6242741215102705,0.00886734983329826,0.008867349833293183,2.2221490309463956,False,False,False,False
CGGTCTATCAACCCGT-1,5109,2354,TNBC,CID44971,Stroma,1,18,82,2786,6063,5109,2354,6.831082403601488,False,False,False,True,Stroma,0.18328175427090646,0.16310577727178163,9.285672760364177e-05,0.0,0,0,1.9008333554524621,3,22,0.0,0,0,3.0486526658745015,1.4802269937043693,0.009285672760364029,11.772412394838929,False,False,False,False
ATGCCGGTTGATGGGA-1,4565,2305,TNBC,CID44971,Stroma,1,19,83,2881,6118,4565,2305,5.717415115005477,False,False,False,True,Stroma,0.27336964566401123,0.12862926761196847,6.235102957529587e-05,0.3867342921214887,2,2,2.522130344204789,4,24,0.0,0,0,3.602177630923725,0.0062351029575297996,0.006235102957529769,9.248278924358063,False,True,False,False
TCATGCAGGTTCTCAT-1,9313,3378,TNBC,CID44971,Stroma,1,18,84,2786,6172,9313,3378,8.117684956512402,False,False,False,True,Stroma,0.09868810791073523,0.16212734844873358,0.00015595063272207273,0.12156119512515694,1,1,1.249331039114357,3,15,0.24312239025031387,1,1,0.015595063272207273,0.015595063272443819,0.015595063272070322,16.165949655056636,False,False,False,False
TGAGCTTTAATGACGC-1,11360,3755,TNBC,CID44971,DCIS,1,19,85,2881,6227,11360,3755,6.760563380281689,False,False,False,True,DCIS,0.04440302129771644,0.1769111564760959,0.00010688593553526986,0.10523693346649814,1,1,0.48090935442653926,2,4,0.0,0,0,0.010688593553290635,0.010688593553318073,0.010688593556259823,17.65904986694672,False,False,False,False
TCCCTTAGATTACTCG-1,13620,4447,TNBC,CID44971,DCIS,1,18,86,2786,6282,13620,4447,3.81791483113069,False,False,False,True,DCIS,0.03262663138926984,0.229316055398166,0.00011450083447709814,0.09175908500797499,1,1,0.9971239073613791,4,10,0.18351817001594997,1,1,0.01145008344829436,0.011450083448345732,0.011450083448294334,22.897255289471666,False,False,False,False
ATATCTCCCTCGTTAA-1,24105,5904,TNBC,CID44971,DCIS,1,19,87,2881,6336,24105,5904,4.42231902095001,False,False,False,True,DCIS,0.06325469519482728,0.18224141015792086,0.0001501625928430997,0.3170595267007472,4,6,1.1233608935559354,4,23,0.0,0,0,0.015016259284669604,0.015016259283279015,0.015016259280569766,18.179092237943568,False,False,False,False
AGCTCTTCCCAGTGCA-1,15546,4717,TNBC,CID44971,DCIS,1,18,88,2786,6391,15546,4717,4.116814614691882,False,False,False,True,DCIS,0.03622877173088661,0.1807595035370276,0.00011084771141714837,0.13783737692162867,1,2,1.0033104856209856,4,13,0.0,0,0,0.011084771143107845,0.011084771143142345,0.011084771143108149,18.042696040273402,False,False,False,False
TCGCTAAACCGCTATC-1,30463,6515,TNBC,CID44971,DCIS,1,19,89,2881,6446,30463,6515,3.958900961822539,False,False,False,True,DCIS,0.025833914891158542,0.17686668481878817,0.00015784435514236314,0.0946250479522917,2,2,0.44951445749258756,4,7,0.0,0,0,0.015784435514677352,0.01578443551360626,0.01578443550786017,17.639315175342674,False,False,False,False
CACATTCTTTCGATGG-1,23846,6108,TNBC,CID44971,DCIS,1,18,90,2786,6500,23846,6108,4.0216388492828985,False,False,False,True,DCIS,0.02651891379948747,0.14573925534563048,0.00015464286440744534,0.05836738926699231,1,1,0.3787300758137242,3,5,0.0,0,0,0.015464286439263076,0.0154642864328928,0.015464286437102612,14.52753267525379,False,False,False,False
GATATGCGGTAGCCAA-1,23035,5783,TNBC,CID44971,DCIS,1,19,91,2881,6555,23035,5783,3.855003255914912,False,False,False,True,DCIS,0.04751876382520854,0.18748890444817745,0.00015319431376453527,0.12018426903132291,2,2,0.9555811867096623,4,16,0.12018426903132291,1,1,0.01531943137737077,0.015319431377382996,0.01531943137639238,18.7029321506866,False,False,False,False
CGTTTCACTTCGGGCG-1,18216,5076,TNBC,CID44971,DCIS,1,18,92,2786,6610,18216,5076,6.477821695213,False,False,False,True,DCIS,0.10973287149398005,0.1453545428025216,0.00010479081726582642,0.34228675664052655,4,5,1.327850940995334,4,23,0.14586295472410413,1,1,0.010479081726915382,0.010479081726651395,0.010479081726915739,14.504017035071678,False,False,False,False
CCAATTACGGGTCGAG-1,14152,4592,TNBC,CID44971,DCIS,1,19,93,2881,6664,14152,4592,5.716506500847936,False,False,False,True,DCIS,0.03797320941231947,0.19331726124615028,0.00014864232119458367,0.324997943948714,3,4,0.9554150424943402,3,11,0.0,0,0,0.014864232120953542,0.014864232120953542,0.014864232120953542,19.28713342825217,False,False,False,False
GCAGGTAGAGTATGGT-1,16404,5132,TNBC,CID44971,DCIS,1,18,94,2786,6719,16404,5132,5.955864423311388,False,False,False,True,DCIS,0.09575029726058283,0.2736880305310926,0.00014329088862259057,0.8097285547704366,6,14,1.5103686911240801,4,24,0.5052835870600197,2,4,6.055070827503226,1.2826599186847203,0.014329088862259056,20.01674321805905,True,False,False,False
GTCGTATTGGCGTACA-1,13617,4806,TNBC,CID44971,DCIS,1,19,95,2881,6774,13617,4806,3.495630461922597,False,False,False,True,DCIS,0.043413521545053575,0.2533706768400907,0.00015376295789199087,0.2857959583379227,2,4,0.4518564396284615,2,4,0.0,0,0,0.015376295784706348,0.015376295784706348,0.015376295784706348,25.29093879665495,True,False,False,False
GAAATTAGCACGGATA-1,18292,5884,TNBC,CID44971,DCIS,1,18,96,2786,6828,18292,5884,2.5967636125082003,False,False,False,True,DCIS,0.07857940368441409,0.2647354818043686,0.01387433262071074,0.5472941664076312,3,12,0.9312298742008875,4,12,0.1453717577926449,1,1,5.9159285696181625,0.32323129770918857,0.014100259020109859,20.2202880540894,True,False,False,False
AATGCACCAAGCAATG-1,18276,5495,TNBC,CID44971,DCIS,1,19,97,2881,6883,18276,5495,4.541475158678048,False,False,False,True,DCIS,0.02452758274343554,0.2116780414290186,0.0001631502089670912,0.16189096984243773,1,3,0.3273184984557619,3,3,0.0,0,0,0.016315020894729373,0.01631502089551085,0.016315020890691725,21.11885908022093,False,False,False,False
AGGACGCTCGATGTTG-1,10782,4053,TNBC,CID44971,DCIS,1,18,98,2786,6937,10782,4053,4.3683917640511964,False,False,False,True,DCIS,0.015609770974545138,0.21136638145363507,0.0001163032872344819,0.10936819173349632,1,1,0.49215686280073345,3,3,0.0,0,0,0.01163032872344786,0.011630328725064934,0.011630328723770997,21.101747159191223,False,False,False,False
GGCTAAAGGGCGGGTC-1,16749,5003,TNBC,CID44971,DCIS,1,19,99,2881,6992,16749,5003,6.525762732103408,False,False,False,True,DCIS,0.02858453264348504,0.17534044635078083,0.00017120684477947505,0.0,0,0,0.6591329386939193,3,8,0.0,0,0,0.017120684479409967,0.017120684478070518,0.0171206844794373,17.482682581641164,False,False,False,False
CATCTATCCCGTGTCT-1,11102,4009,TNBC,CID44971,DCIS,1,18,100,2786,7047,11102,4009,8.178706539362276,False,False,False,True,DCIS,0.04729012726138045,0.15727521443763287,0.00016261685179432448,0.10704042507532181,1,1,0.6483541526886551,3,5,0.0,0,0,0.016261685179432446,0.016261685179860857,0.016261685177822668,15.678736388226172,False,False,False,False
CCCGACCATAGTCCGC-1,1897,1270,TNBC,CID44971,Stroma,1,20,74,2976,5626,1897,1270,4.902477596204533,False,False,False,True,Stroma,0.17687161131802887,0.02096483154036675,9.009085713402409e-05,0.0,0,0,1.5295252758169378,3,4,0.0,0,0,2.069455896889275,0.009009085719423675,0.009009085712770988,0.009009085715205369,False,False,False,False
CGCGCCCGACTTAATA-1,2922,1777,TNBC,CID44971,Stroma,1,21,75,3071,5681,2922,1777,7.597535934291582,False,False,False,True,Stroma,0.1302016509370784,0.12743557601706723,0.03661210038613134,0.0,0,0,1.954267892891926,4,8,0.0,0,0,0.013296398524742648,4.0723097979027525,0.013296398524742648,8.644655006754483,False,False,False,False
TGCCACCTGGCGAAAC-1,1661,1084,TNBC,CID44971,Stroma,1,20,76,2976,5735,1661,1084,12.161348585189645,False,False,False,True,Stroma,0.15881982730930086,0.15541218932146916,0.00014207775428725535,0.0,0,0,1.6164384494354398,3,4,0.0,0,0,0.014207775428725535,0.8561770663128659,0.014207775428725535,14.656626314976599,False,False,False,False
CTGCCAAGGTTGGAAG-1,4085,2004,TNBC,CID44971,Stroma,1,21,77,3071,5790,4085,2004,4.822521419828641,False,False,False,True,Stroma,0.3156446647495289,0.2037285406563415,5.9181677990619757e-05,0.9992307322450698,3,9,2.126151736314729,3,24,0.0,0,0,16.047085469164244,1.9266209602951694,0.005918167799061311,2.393229468375673,False,True,False,False
TCTCCAACGTAGGTTA-1,1812,1167,TNBC,CID44971,Stroma,1,20,78,2976,5845,1812,1167,5.4635761589403975,False,False,False,True,Stroma,0.3948653262310184,0.15034847139925306,4.022392435242168e-05,0.3124474593768148,1,1,2.655347133707365,3,23,0.0,0,0,7.366893615826404,6.580529306768273,0.0040223924352435735,1.0834018248953854,False,True,False,False
TTCTTGGAGTAATGAG-1,4080,2030,TNBC,CID44971,Stroma,1,21,79,3071,5899,4080,2030,4.215686274509804,False,False,False,True,Stroma,0.4308440830382426,0.1162315327844891,4.1825257853940125e-05,0.5023238323897293,2,3,2.776625149515212,4,27,0.0,0,0,9.03423483417717,0.004182525785394158,2.580553392700952,0.004182525785393711,False,True,False,False
GTCTCGATCTGCTTTC-1,2141,1310,TNBC,CID44971,Stroma,1,20,80,2976,5954,2141,1310,6.212050443717889,False,False,False,True,Stroma,0.28893261947226234,0.09673401758849419,5.518229602978767e-05,0.2892191908257154,1,1,1.6402028911921955,2,11,0.0,0,0,4.242372486661694,3.0260285542922016,0.5833708317890574,1.8216298861064664,False,True,False,False
TACTCTCCGAACAAAT-1,4116,2113,TNBC,CID44971,Stroma,1,21,81,3071,6009,4116,2113,4.56754130223518,False,False,False,True,Stroma,0.36939812680340195,0.08958973662313835,3.74380262331601e-05,0.2054045146402034,1,1,2.6732229785671633,4,27,0.0,0,0,4.827559678114919,0.0037438026233168197,0.003743802623316079,4.123926378952284,False,True,False,False
ATCACATTAGAATATC-1,3562,1978,TNBC,CID44971,Stroma,1,20,82,2976,6063,3562,1978,4.856822010106682,False,False,False,True,Stroma,0.2015795507103112,0.06424786655758886,8.081633043718309e-05,0.2228249298990301,1,1,1.5200914897157634,2,15,0.0,0,0,0.008081633043718244,0.008081633043937254,0.00808163304371803,6.400541756627513,False,False,False,False
TACGGGATGCTAGCAG-1,5975,2728,TNBC,CID44971,Stroma,1,21,83,3071,6118,5975,2728,5.489539748953975,False,False,False,True,Stroma,0.04990096443563979,0.1350502929125175,9.996379208087301e-05,0.0,0,0,0.6132478354034352,2,3,0.0,0,0,0.009996379211695954,0.009996379211688795,0.009996379211695827,13.475040153616668,False,False,False,False
AGCTGAAGTAAACCAA-1,18162,5090,TNBC,CID44971,Stroma,1,20,84,2976,6172,18162,5090,6.018059685056712,False,False,False,True,Stroma,0.0870820383521577,0.14091353150204985,9.719124669083634e-05,0.38186083096538465,4,6,1.0489721758897814,4,15,0.0,0,0,0.00971912466936075,0.009719124669641825,0.009719124668268773,14.062195776197713,False,False,False,False
CATGGGTCGGGTGTGG-1,25529,5998,TNBC,CID44971,DCIS,1,21,85,3071,6227,25529,5998,4.367581965607741,False,False,False,True,DCIS,0.035185648245104686,0.09688833821797556,0.00010976536634166518,0.0,0,0,0.6191709136989132,3,11,0.0,0,0,0.01097653663398266,0.010976536633854598,0.010976536636896423,9.655904211892823,False,False,False,False
CACCCACGAGGCAATT-1,21401,5408,TNBC,CID44971,DCIS,1,20,86,2976,6282,21401,5408,6.065137143124153,False,False,False,True,DCIS,0.041259285655197264,0.09919837711764823,0.00010553253815468872,0.12780069654428414,2,2,0.8583019636621263,4,13,0.0,0,0,0.01055325381795683,0.010553253816958551,0.010553253816649512,9.888177950313258,False,False,False,False
TGCCATTACTAAAGAA-1,24642,6200,TNBC,CID44971,DCIS,1,21,87,3071,6336,24642,6200,3.7983929875821767,False,False,False,True,DCIS,0.049824075580601965,0.134214650683171,9.843976554786566e-05,0.0,0,0,0.8383667806700453,4,14,0.11353817151520394,1,1,0.009843976554547346,0.00984397655454691,0.009843976555670519,13.391933138652337,False,False,False,False
CCGTTACGTTAGAACA-1,27235,6321,TNBC,CID44971,DCIS,1,20,88,2976,6391,27235,6321,4.376721130897742,False,False,False,True,DCIS,0.023503359008955144,0.12654425963561383,0.00010707443936093031,0.05212437805449518,1,1,0.6620977501444523,4,11,0.0,0,0,0.010707443936473673,0.010707443938802954,0.010707443936380965,12.622303631749727,False,False,False,False
GCCAGGAGTAACCGAT-1,32829,6675,TNBC,CID44971,DCIS,1,21,89,3071,6446,32829,6675,2.427731578787048,False,False,False,True,DCIS,0.02377426811076195,0.1808503530916966,0.00010855822079034072,0.1771175214259065,2,5,0.7724413202139802,4,16,0.0,0,0,0.010855822079394856,0.010855822076414525,0.010855822076979146,18.05246784293687,False,False,False,False
GGAAAGTGCCCATGCC-1,28973,6535,TNBC,CID44971,DCIS,1,20,90,2976,6500,28973,6535,2.9441203879473994,False,False,False,True,DCIS,0.04574521821440922,0.17538323476428994,0.00015670133173518243,0.13690158347880263,2,3,0.7472519005227666,4,14,0.0,0,0,0.01567013317708355,0.015670133177008484,0.01567013317800927,17.49131307689689,False,False,False,False
TCTTACCGGAACTCGT-1,12747,4262,TNBC,CID44971,DCIS,1,21,91,3071,6555,12747,4262,3.993096414842708,False,False,False,True,DCIS,0.08166177857155375,0.12914544771718117,0.00014518896262160797,0.1930457729229802,2,2,0.8268104397406633,3,8,0.0,0,0,0.8499432772557951,0.014518896262624424,0.014518896262485334,12.035563701937212,False,False,False,False
TATGTCAAGACCGACT-1,23248,6023,TNBC,CID44971,DCIS,1,20,92,2976,6610,23248,6023,4.292842395044735,False,False,False,True,DCIS,0.052291327316884746,0.17725775207346792,0.0001495845308510089,0.1192585026962966,2,2,0.5468402615465271,3,8,0.0,0,0,0.14100258138559885,0.014958453083703714,0.014958453080539166,17.55485571979695,False,False,False,False
CCTAACTAAGGCTCTA-1,23259,5822,TNBC,CID44971,DCIS,1,21,93,3071,6664,23259,5822,5.4559525345027735,False,False,False,True,DCIS,0.03772936876061774,0.14430493389746155,0.00016509633703575143,0.05960554221038903,1,1,0.7440822149742408,3,12,0.0,0,0,0.01650963370821451,0.016509633700201056,0.016509633712392578,14.380964488625347,False,False,False,False
GCGGTGAACTGCGCTC-1,28439,6394,TNBC,CID44971,DCIS,1,20,94,2976,6719,28439,6394,6.986884208305496,False,False,False,True,DCIS,0.04500182976684471,0.19595390365060272,0.0001588948313247681,0.27795165280863376,4,6,0.8431557209578271,4,16,0.0,0,0,0.01588948313292079,0.015889483134722045,0.015889483130536015,19.547721915662095,False,False,False,False
CCTCGCGCGATATAGG-1,27037,6275,TNBC,CID44971,DCIS,1,21,95,3071,6774,27037,6275,9.035765802418908,False,False,False,True,DCIS,0.09647936998029284,0.14493796222111413,0.00015477694326234133,0.15133973458250768,1,4,1.28856386813115,4,32,0.0,0,0,2.4286890182580856,0.01547769432628356,0.015477694332671713,12.034151815194372,False,False,False,False
ATCGGCAAGCAGTCCA-1,14461,4753,TNBC,CID44971,DCIS,1,20,96,2976,6828,14461,4753,4.681557292026831,False,False,False,True,DCIS,0.03550300147557664,0.19166144012924066,0.00015095507624273967,0.5217905465768756,4,7,0.3484993802659525,2,3,0.0,0,0,0.015095507623888333,0.015095507624707802,0.015095507623888333,19.12085749005158,False,False,False,False
AGATCGTGCATAAGAT-1,20538,5902,TNBC,CID44971,DCIS,1,21,97,3071,6883,20538,5902,3.968253968253968,False,False,False,True,DCIS,0.06302274927578087,0.23127709648967268,0.0001537632764210548,0.33998148851983473,3,6,0.7476239194966823,4,10,0.13223166032840553,1,1,0.015376327643652167,0.015376327643541686,0.015376327641859975,23.081580666038214,False,False,False,False
ATTCAGGACCTATTTC-1,16891,5167,TNBC,CID44971,DCIS,1,20,98,2976,6937,16891,5167,7.986501687289089,False,False,False,True,DCIS,0.05347277398615033,0.21998898974146938,0.00011373857679090829,0.1550035741456721,2,2,0.8082153114374371,3,12,0.0,0,0,0.011373857679417917,0.011373857679416153,0.011373857677337661,21.964777401110766,False,False,False,False
AGCTAGAAGCAGAAGT-1,24762,6338,TNBC,CID44971,DCIS,1,21,99,3071,6992,24762,6338,8.763427832969874,False,False,False,True,DCIS,0.07194845706383449,0.21896763817368883,0.00015813442084965465,0.38616660155099325,4,8,1.062799771918695,4,22,0.1130715387142628,1,1,2.3173392711455607,0.015813442085116956,0.015813442084750853,19.547797662053455,False,False,False,False
TTCGCTATCTGACGTG-1,13125,4496,TNBC,CID44971,DCIS,1,20,100,2976,7047,13125,4496,7.268571428571429,False,False,False,True,DCIS,0.1896222631391119,0.1777973485111422,0.00015574870190623242,0.0,0,0,1.4037264564590208,3,26,0.0,0,0,0.7638883337189198,0.015574870190884353,0.015574870188385164,16.98469677701603,False,False,False,False
TTCCGCAGAGAAATAT-1,22886,5977,TNBC,CID44971,Lymphocytes,1,21,101,3071,7101,22886,5977,6.654723411692738,False,False,False,True,Lymphocytes,0.024795714355972477,0.1463268006357652,0.00011559749021564645,0.12084055513217046,2,2,0.3000337372639055,2,4,0.0,0,0,0.011559749019724511,0.011559749016498616,0.01155974902229435,14.598000816518002,False,False,False,False
CAGTACATTCTCTAAA-1,10175,3735,TNBC,CID44971,Lymphocytes,1,20,102,2976,7156,10175,3735,8.54054054054054,False,False,False,True,Lymphocytes,0.054718428005996946,0.1628415227254726,0.00010845104313169428,0.11408508047122563,1,1,1.052788009275096,3,11,0.0,0,0,0.010845104312737547,0.010845104312736966,0.010845104313113708,16.25161695960867,False,False,False,False
GTGAAGATTTCAAGTG-1,21331,5646,TNBC,CID44971,Lymphocytes,1,21,103,3071,7211,21331,5646,9.807322675917678,False,False,False,True,Lymphocytes,0.01970396203257808,0.23791834504940287,0.00012244524800401045,0.2845582381793339,3,5,0.33072570501044546,2,4,0.0,0,0,3.289204371069342,0.012244524800053901,0.012244524796628476,20.478141084274263,False,False,False,False
AGGTTGAGGCACGCTT-1,2550,1575,TNBC,CID44971,Stroma,1,22,74,3166,5626,2550,1575,6.549019607843137,False,False,False,True,Stroma,0.11669208712696039,0.06874274527285475,0.027775617559334942,0.26560455106790964,1,1,0.796813653203729,2,2,0.5312091021358193,1,1,0.7226538441931101,1.4351151736753034,0.26583903875575016,4.450666470661311,False,False,False,False
TCCCGTCAGTCCCGCA-1,2845,1684,TNBC,CID44971,Stroma,1,23,75,3262,5681,2845,1684,6.32688927943761,False,False,False,True,Stroma,0.0715171139486098,0.1711988906071304,9.547351558787385e-05,0.25123192716392545,1,1,1.0548543618815853,2,5,0.0,0,0,6.8964005496030785,0.009547351558786799,0.009547351558787364,10.204393807992385,False,False,False,False
TCCGATGACTGAGCTC-1,2372,1464,TNBC,CID44971,Stroma,1,22,76,3166,5735,2372,1464,5.691399662731872,False,False,False,True,Stroma,0.13359645063880565,0.11930599014366418,0.04508128675882209,0.2752837289478907,1,1,1.5349639413337672,3,5,0.5505674578957814,1,1,0.008686828009190808,0.008686828009190533,0.00868682800919083,11.904538530338845,False,False,False,False
CAGCCTCCTGCAGAGG-1,4013,2137,TNBC,CID44971,Stroma,1,23,77,3261,5790,4013,2137,7.0271617243957145,False,False,False,True,Stroma,0.0736062897569387,0.14331428629109547,9.645557728787374e-05,0.2084077298172168,1,1,0.7598756594961746,2,3,0.0,0,0,0.009645557727537092,0.009645557727536079,0.058882438192016134,14.253255075462457,False,False,False,False
CTTAGCCTTCCACATG-1,2773,1571,TNBC,CID44971,Stroma,1,22,78,3166,5845,2773,1571,4.183195095564371,False,False,False,True,Stroma,0.17703760065649812,0.22232067829625535,0.010850462414785683,0.5091346004756663,2,2,1.05282292853455,2,4,0.0,0,0,15.236141789203469,0.01763968125529147,0.01763968125529147,6.960646677911485,False,False,False,False
ATTAATGAACCAGTCG-1,3838,2028,TNBC,CID44971,Stroma,1,23,79,3261,5899,3838,2028,5.575820739968734,False,False,False,True,Stroma,0.12336722914397999,0.1425319654332662,9.630037542841557e-05,0.21374450558185187,1,1,1.0916005003079923,2,9,0.0,0,0,0.009630037542841535,1.5828130381986338,0.009630037542841951,12.651123430042304,False,False,False,False
ACGATACATAGAACTA-1,4141,2161,TNBC,CID44971,Stroma,1,22,80,3166,5954,4141,2161,5.481767688964019,False,False,False,True,Stroma,0.29722103534198613,0.21652518612844196,9.064595972881116e-05,0.9078995932592172,4,5,2.147296477637655,4,15,0.0,0,0,14.690462230502405,0.009064595972881053,0.009064595972880712,6.943927190396031,False,True,False,False
AGCCACTCCCGTGCTT-1,2671,1673,TNBC,CID44971,Lymphocytes,1,23,81,3261,6009,2671,1673,4.792212654436541,False,False,False,True,Lymphocytes,0.10953966970979478,0.22780824369311115,0.015624223601578831,0.3564389400964781,1,2,1.8477483121339082,4,6,0.5189543278963158,1,1,13.512622718927675,0.027265648341961653,1.9535797152152197,7.287356286826259,False,False,False,False
ATACGGGTTTCGATTG-1,2887,1628,TNBC,CID44971,Stroma,1,22,82,3166,6063,2887,1628,6.8236924142708695,False,False,False,True,Stroma,0.1421747134677745,0.11486208697260689,0.014379674785544251,0.0,0,0,0.891588078430215,2,3,0.0,0,0,1.6939716426842402,0.013540183708063626,0.013540183708063626,9.76515668716032,False,False,False,False
CTGTCAAATGGCTCGG-1,3940,2228,TNBC,CID44971,Lymphocytes,1,23,83,3261,6118,3940,2228,3.3248730964467,False,False,False,True,Lymphocytes,0.10665059147366346,0.3351514306878186,0.0001222562765052002,1.0808244795602155,4,7,1.8436946829587488,4,9,0.0,0,0,31.90234637901998,0.012225627650520019,0.012225627650520019,1.588345434460841,True,False,False,False
GCTCGGAATTTAAAGC-1,4515,2274,TNBC,CID44971,DCIS,1,22,84,3166,6173,4515,2274,6.157253599114064,False,False,False,True,DCIS,0.08759634569271858,0.13097147052795932,0.032640370178869345,0.671239134908256,3,4,1.2988030550142953,4,5,0.3892591368692148,1,1,0.009580814358582887,0.00958081435858125,0.009580814358582932,13.068404609720186,False,False,False,False
TAGGCATGTTACGCCA-1,3221,1782,TNBC,CID44971,Lymphocytes,1,23,85,3261,6227,3221,1782,4.781123874573114,False,False,False,True,Lymphocytes,0.16570390146598069,0.3153439387863376,0.013337832964827974,1.057039926301381,3,8,1.591106107396721,3,9,0.47070486805963263,1,1,23.875991879137977,0.017808894346214667,0.017808894346214667,7.622784210803353,True,False,False,False
TGGCAACTCGCGCGCC-1,3695,2070,TNBC,CID44971,Lymphocytes,1,22,86,3166,6282,3695,2070,3.7077131258457374,False,False,False,True,Lymphocytes,0.12617384909343543,0.19909882400449513,0.008963049662604241,0.2183417080524794,1,1,0.7920834373335657,2,3,0.0,0,0,7.1418629710398776,0.008702306534749798,0.00870230653474969,12.750614816340136,False,False,False,False
ATCAGTAGGCAGGGAT-1,4743,2381,TNBC,CID44971,Lymphocytes,1,23,87,3261,6336,4743,2381,5.207674467636517,False,False,False,True,Lymphocytes,0.25039986784506857,0.08517809270238036,0.04798224815286179,0.189016424495373,1,1,2.204710370859224,4,19,0.0,0,0,1.4113974117628663,0.008625739026013138,1.4047969473161654,5.692989172132991,False,False,False,False
TATCGATCTATGCATA-1,7422,3280,TNBC,CID44971,Lymphocytes,1,22,88,3166,6391,7422,3280,3.0180544327674483,False,False,False,True,Lymphocytes,0.20772690263942992,0.22721292754849215,0.00013485887849465188,0.8474815855806739,4,8,1.3909782700547848,3,12,0.2844284042527648,1,1,3.3469290159576164,8.665702045609915,0.013485887849465188,10.69517580543222,False,False,False,False
CGACTCAGGATGTTAT-1,6710,2945,TNBC,CID44971,Stroma,1,23,89,3261,6446,6710,2945,6.154992548435172,False,False,False,True,Stroma,0.1475938801268954,0.12629623760677514,8.409325299503979e-05,0.5343759765642838,3,4,2.273356372762633,4,30,0.0,0,0,9.531679660456742,0.00840932529950393,0.008409325299504026,3.081125449621763,False,False,False,False
GCCATATTGCACACAG-1,6086,2894,TNBC,CID44971,Stroma,1,22,90,3166,6500,6086,2894,3.8120276043378247,False,False,False,True,Stroma,0.10498822404568263,0.16571776358451004,0.008671652175629473,0.48513590682443736,2,4,1.6987873753768237,4,11,0.0,0,0,0.013433164091431483,0.013433164091431483,0.013433164091431483,16.53147686617671,False,False,False,False
AATTCATAAGGGATCT-1,3482,1963,TNBC,CID44971,Stroma,1,23,91,3261,6555,3482,1963,4.135554279149914,False,False,False,True,Stroma,0.08771182765660818,0.14489253990951398,6.508404266802897e-05,0.45124954036174997,2,2,1.1540311427581305,3,4,0.0,0,0,7.474531404278595,0.0065084042668026735,0.006508404266802303,7.001705778139197,False,False,False,False
CGGTAGAGGTGCAGGT-1,8437,3373,TNBC,CID44971,Stroma,1,22,92,3166,6610,8437,3373,5.938129666943226,False,False,False,True,Stroma,0.0715021179180532,0.13483632023969247,0.00014094962967390784,0.0,0,0,0.7699647954945218,3,5,0.260577573301588,1,1,0.7766758069995364,0.014094962967390785,0.5315260586493813,12.161335195352937,False,False,False,False
AATGATGATACGCTAT-1,3234,1848,TNBC,CID44971,Stroma,1,23,93,3261,6664,3234,1848,3.370439084724799,False,False,False,True,Stroma,0.10487490112989722,0.10408790078090527,0.00011789082603753839,0.4696898381449843,2,2,0.985948480968184,2,4,0.0,0,0,7.190859592980446,0.01178908260375384,0.22414678304361768,2.981994619462708,False,False,False,False
CTTGTGCTCACCGATT-1,7046,3257,TNBC,CID44971,Stroma,1,22,94,3166,6719,7046,3257,3.2926483110984957,False,False,False,True,Stroma,0.19039107817254108,0.14440698805163177,8.669989917984692e-05,0.14724258203017665,1,1,1.3722075017032866,3,14,0.2944851640603533,1,1,2.7359153588029685,1.174158019041054,0.9168721581835962,9.613753269135557,False,False,False,False
TTCCAATCAGAGCTAG-1,3220,1651,TNBC,CID44971,Stroma,1,23,95,3261,6774,3220,1651,4.068322981366459,False,False,False,True,Stroma,0.30745431919520777,0.060936007508689244,0.010998249794090233,0.0,0,0,2.330070389562408,4,14,0.9415663165781489,2,2,0.0038248793736673863,0.0038248793736643865,0.44177782748148436,5.644173164640108,False,True,False,False
CGATGGACCCTACGCC-1,9688,3901,TNBC,CID44971,Stroma,1,22,96,3166,6828,9688,3901,5.563583815028902,False,False,False,True,Stroma,0.14753249869621718,0.15397502368687088,9.952854834134966e-05,0.5412031396702327,4,5,1.4091685119814876,4,14,0.0,0,0,0.009952854834135114,0.009952854835069403,0.009952854834734485,15.367643804183148,False,False,False,False
GGTCGGATAAACGGCG-1,8615,3631,TNBC,CID44971,Stroma,1,23,97,3261,6883,8615,3631,4.306442251886245,False,False,False,True,Stroma,0.1754349554811138,0.12236571302741835,5.965165797191991e-05,0.25682094578159576,2,2,1.9037345861582442,4,24,0.25682094578159576,1,1,4.476632989477925,0.5683684044210328,0.005965165797191894,7.185604743045684,False,False,False,False
TTAGCTAATACGATCT-1,10205,4092,TNBC,CID44971,Stroma,1,22,98,3166,6938,10205,4092,4.693777560019599,False,False,False,True,Stroma,0.08620253676568376,0.16853899927175367,0.0025125867804526307,0.4562030290459271,3,5,0.913736221969147,2,11,0.0,0,0,0.31711500715357444,0.01433083367044085,0.01433083367044085,16.50812325268091,False,False,False,False
CTCGATATTTGCGAGC-1,5454,2755,TNBC,CID44971,Stroma,1,23,99,3261,6992,5454,2755,3.777044371103777,False,False,False,True,Stroma,0.21869867614810226,0.15403888351399297,0.005687975565019186,0.4303403670390756,2,3,1.443925138470988,3,13,0.3471728616959984,1,1,0.01385355477834666,0.1024698050855901,0.5686797030832443,14.718885288452116,False,False,False,False
ATTACTTACTGGGCAT-1,18963,5393,TNBC,CID44971,DCIS,1,22,100,3166,7047,18963,5393,8.885724832568688,False,False,False,True,DCIS,0.045080414564615166,0.16897378694504034,0.003124588667649021,0.0,0,0,0.8818025348719382,4,13,0.2823529607695144,2,2,0.02856022059270442,0.3298894871349133,0.01649228463328982,16.522436702143125,False,False,False,False
CTAGCCGATGTTATGA-1,8786,3794,TNBC,CID44971,DCIS,1,23,101,3261,7101,8786,3794,4.734805372183018,False,False,False,True,DCIS,0.1410422461695574,0.22645497938031772,0.00020153907641496798,0.5777644517238498,4,5,1.7320961246279247,4,17,0.2533174553395786,1,1,10.842538368645668,0.0201539076414968,1.2985646558156398,10.484241005928967,False,False,False,False
TACTGCAATCAATTAC-1,22381,5954,TNBC,CID44971,Lymphocytes,1,22,102,3166,7156,22381,5954,5.93807247218623,False,False,False,True,Lymphocytes,0.023968452840611915,0.16405664152438496,0.00011393833720233175,0.061559907732648515,1,1,0.4158840302879785,2,6,0.12311981546529703,1,1,0.011393833716159263,0.011393833714318123,0.011393833715769372,16.37148265129225,False,False,False,False
TAGTCTGTGACGTTGC-1,12043,4532,TNBC,CID44971,DCIS,1,23,103,3261,7211,12043,4532,4.7911649921116,False,False,False,True,DCIS,0.2677898034249767,0.12353081582836398,9.692827021732373e-05,0.20150383763195268,2,2,2.525976273585565,4,85,0.0,0,0,1.1046938399363806,0.009692827021838836,0.009692827021732008,11.229002088856447,False,False,False,False
CTCGTTTCTAATGTTT-1,20296,5569,TNBC,CID44971,Lymphocytes,1,22,104,3166,7265,20296,5569,9.79996058336618,False,False,False,True,Lymphocytes,0.019868488217074147,0.1465872820760703,0.00012198041691971102,0.1335306227675043,2,2,0.32702339927157303,2,4,0.0,0,0,0.012198041692999444,0.012198041692095844,0.012198041691704992,14.62213408253023,False,False,False,False
TTCGTTCAACGAAGTT-1,11487,4273,TNBC,CID44971,DCIS,1,23,105,3261,7320,11487,4273,8.026464699225212,False,False,False,True,DCIS,0.22993246938675174,0.14711513875625906,0.00010144818431328293,0.5271434306307227,4,6,2.6904537784886164,4,80,0.0,0,0,0.9018237987499493,0.01014481843130182,0.010144818431327831,13.789400440013328,False,False,False,False
TGCAGGATCGGCAAAG-1,9173,3545,TNBC,CID44971,Stroma,1,24,74,3357,5626,9173,3545,15.251280933173444,False,False,False,True,Stroma,0.0741661810466148,0.16569636066877694,0.00016695203537275363,0.24574621760291196,2,2,0.4735544725654304,2,3,0.24574621760291196,1,1,0.016695203536995475,0.016695203536888848,0.016695203536995475,16.519550456266813,False,False,False,False
ATAACGGAGTCCAACG-1,25371,6397,TNBC,CID44971,DCIS,1,25,75,3452,5681,25371,6397,5.947735603641954,False,False,False,True,DCIS,0.031804155464214744,0.1542757077730963,0.00015831966968295406,0.055380914316148326,1,1,0.3737045439547382,3,5,0.11076182863229665,1,1,0.01583196696206437,0.015831966956654862,0.11864515870923255,15.277261684681678,False,False,False,False
AACGATATGTCAACTG-1,17164,5124,TNBC,CID44971,DCIS,1,24,76,3357,5735,17164,5124,7.725471917967839,False,False,False,True,DCIS,0.06936211793317366,0.1742752329645877,0.00010455928388554115,0.2052674639620091,2,3,1.0042636105944696,3,15,0.1530261333740889,1,1,1.370430567600819,0.010455928387413924,0.010455928390059642,16.03618087208048,False,False,False,False
GACAACGACCATTGAA-1,22132,5683,TNBC,CID44971,DCIS,1,25,77,3452,5790,22132,5683,6.388939092716428,False,False,False,True,DCIS,0.02164769057576954,0.09763471442209343,0.00015762165870745166,0.1864139466378514,3,3,0.5215841926352307,3,7,0.0,0,0,0.9767032084638902,0.015762165870820664,0.015762165874973155,8.755243901999659,False,False,False,False
TTGACCATGTTCTCCG-1,13656,4516,TNBC,CID44971,Stroma,1,24,78,3357,5845,13656,4516,5.660515524311658,False,False,False,True,Stroma,0.02691346822128048,0.14561561926750055,0.00010465782667039639,0.0,0,0,0.5652593346269661,3,5,0.0,0,0,0.010465782665819963,0.010465782665448058,0.010465782665819975,14.530164578752967,False,False,False,False
AGTACGGGCACCTGGC-1,29984,6502,TNBC,CID44971,DCIS,1,25,79,3452,5899,29984,6502,4.465715048025614,False,False,False,True,DCIS,0.011712155066398056,0.16341368614344193,5.2609343098594976e-05,0.0959384893455283,2,2,0.1997136290494485,2,3,0.0,0,0,0.005260934315867937,0.005260934317110099,0.005260934314402335,16.325585811396813,False,False,False,False
CGCCATCCGATTATGA-1,3554,2009,TNBC,CID44971,Lymphocytes,1,24,80,3357,5954,3554,2009,5.8525604952166566,False,False,False,True,Lymphocytes,0.12572656553758277,0.17855724926969704,0.004237976126376143,0.44620265899382056,2,2,1.8570565308442428,4,9,0.0,0,0,0.02147826180965863,0.02147826180965863,0.44569955273095097,17.367068850619436,False,False,False,False
AAGGTATCCTAATATA-1,5376,2537,TNBC,CID44971,Stroma,1,25,81,3452,6009,5376,2537,5.766369047619048,False,False,False,True,Stroma,0.09716417928520273,0.18117007433762292,9.770810958434195e-05,0.17514387483451468,1,1,1.3300093210050181,3,8,0.0,0,0,0.00977081095845052,0.009770810958450431,0.009770810958450418,18.087695000886942,False,False,False,False
TGTTGTCAAGAAGTCT-1,2199,1441,TNBC,CID44971,Lymphocytes,1,24,82,3357,6063,2199,1441,5.275125056844019,False,False,False,True,Lymphocytes,0.14529717218957208,0.18655755206045008,0.00013450170522252226,0.856675634796988,3,3,1.7449474033365222,3,7,0.0,0,0,13.774727136111975,4.047859079294675,0.013450170522252225,0.819718820116107,False,False,False,False
CAGTGAATAAATGACT-1,3502,1860,TNBC,CID44971,Stroma,1,25,83,3452,6118,3502,1860,6.510565391205025,False,False,False,True,Stroma,0.20590797887642687,0.1749562754367604,8.822594317457913e-05,0.31729188167468153,1,2,1.8546942765400294,3,15,0.4498345295853396,1,1,4.958993442946492,0.00882259431745909,0.318161602115426,12.209649904296663,False,False,False,False
CACCTTGCGAAACTCG-1,3181,1737,TNBC,CID44971,Lymphocytes,1,24,84,3356,6173,3181,1737,6.25589437283873,False,False,False,True,Lymphocytes,0.2379409190890526,0.1432173213297303,0.027602499305692942,0.23693013099388693,1,1,2.0276713966985733,3,15,0.0,0,0,12.120174249612226,0.008320934931108113,0.008320934931108095,2.1849160134985874,False,False,False,False
CATTTAGCGGACCATG-1,7108,2886,TNBC,CID44971,Stroma,1,25,85,3452,6227,7108,2886,8.652222847495779,False,False,False,True,Stroma,0.20718597718889767,0.10184225206516406,6.28038809703252e-05,0.2927750933574191,2,2,2.472029221785295,4,49,0.2927750933574191,1,1,0.006280388097032501,0.006280388097024683,0.042613364886431,10.129051065435918,False,False,False,False
CCAGTCTAGACGGCGC-1,9485,3490,TNBC,CID44971,Stroma,1,24,86,3356,6282,9485,3490,9.425408539799683,False,False,False,True,Stroma,0.23646491599040503,0.12182443381576512,9.454933960886438e-05,0.35996666770184754,3,3,2.225689775002046,4,38,0.0,0,0,3.912804808686981,0.009454933960886501,0.00945493396104775,8.250728704967598,False,False,False,False
TCGCTTTAAACGTTTG-1,15598,4896,TNBC,CID44971,Stroma,1,25,87,3452,6337,15598,4896,7.821515578920374,False,False,False,True,Stroma,0.16570123225146657,0.08583726899008377,6.185108442180912e-05,0.0825619204208823,1,1,2.227973678036097,4,74,0.0,0,0,0.006185108442142408,0.006185108442381393,0.08117923222562509,8.490177449898228,False,False,False,False
GTGAAACGGCGCCACC-1,15229,4326,TNBC,CID44971,Stroma,1,24,88,3356,6391,15229,4326,9.731433449340075,False,False,False,True,Stroma,0.051669290779024046,0.0631376316970209,6.843351616488748e-05,0.0,0,0,1.066344966561415,3,15,0.0,0,0,0.006843351616713944,0.006843351616605928,0.006843351616583719,6.293233114852187,False,False,False,False
GGGCTCATCGAACCCA-1,3172,1780,TNBC,CID44971,Stroma,1,25,89,3451,6446,3172,1780,4.2559899117276165,False,False,False,True,Stroma,0.2524281489357659,0.07930850525781101,5.583147095944162e-05,0.0,0,0,2.507777251090019,3,33,0.0,0,0,0.005583147095944617,0.005583147095944599,1.9190244412423798,6.000659790346832,False,False,False,False
TTGATGTGTAGTCCCG-1,4353,2038,TNBC,CID44971,Stroma,1,24,90,3356,6500,4353,2038,9.372846312887665,False,False,False,True,Stroma,0.17615996439960763,0.008340799810201513,6.163577784296138e-05,0.0,0,0,2.3016269808584267,4,19,0.0,0,0,0.006163577784296027,0.8155892476672628,0.006163577784296197,0.006163577784296319,False,False,False,False
CAGTAGCCCACGCGGT-1,2545,1488,TNBC,CID44971,Stroma,1,25,91,3451,6555,2545,1488,6.522593320235756,False,False,False,True,Stroma,0.20290700422632346,0.15175642552680899,8.968042254484844e-05,0.6294290319477436,2,3,1.7010283717503838,3,8,0.0,0,0,9.80442829076804,0.008968042254485735,0.008968042254484733,5.353278177403887,False,False,False,False
AGCGCGGGTGCCAATG-1,2999,1691,TNBC,CID44971,Stroma,1,24,92,3356,6610,2999,1691,5.535178392797599,False,False,False,True,Stroma,0.10903981652416182,0.09826676761003308,8.371074250648349e-05,0.24443225527650167,1,1,1.3328463553820447,3,5,0.48886451055300334,1,1,4.532953425741828,4.8032905418479235,0.48169646277612127,0.008736330637436961,False,False,False,False
TAATCGATCCGTACGT-1,4322,2203,TNBC,CID44971,Stroma,1,25,93,3451,6664,4322,2203,6.432207311429893,False,False,False,True,Stroma,0.09844326602742193,0.11502302417266089,0.00012626242201022733,0.7987190390000358,4,4,0.9323224004598136,2,6,0.0,0,0,4.570817384665429,1.2884075275776037,0.012626242201022733,5.630451262822033,False,False,False,False
AGTGGCGGCAATTTGA-1,3268,1816,TNBC,CID44971,Stroma,1,24,94,3356,6719,3268,1816,5.507955936352509,False,False,False,True,Stroma,0.1392612042219326,0.20277190329785133,0.00019640606381917113,0.2335294906811749,1,1,0.841019448284452,2,3,0.0,0,0,6.392182209285474,6.081539138310118,0.019640606381917114,7.783828375807624,False,False,False,False
CCTTTCAATGAAGAAA-1,5948,2750,TNBC,CID44971,Stroma,1,25,95,3451,6774,5948,2750,5.497646267652993,False,False,False,True,Stroma,0.20251015484389112,0.2715237103437006,0.00013025948586437936,0.6285958705067697,3,5,2.107387473343718,4,19,0.0,0,0,22.88233539191866,0.013025948586437935,0.013025948586437935,4.243983745278526,True,False,False,False
CTCAGTCACGACAAAT-1,5980,2657,TNBC,CID44971,Lymphocytes,1,24,96,3356,6828,5980,2657,6.137123745819398,False,False,False,True,Lymphocytes,0.16852055631048501,0.22929369867049387,0.0389482465927354,0.48963548109330435,2,4,1.8487011233225839,4,16,0.0,0,0,15.132388356354392,0.875712438229638,0.01300313256919225,6.908265939896163,False,False,False,False
ATAGGCTAGCTTCGCA-1,4855,2537,TNBC,CID44971,Lymphocytes,1,25,97,3451,6883,4855,2537,3.6457260556127706,False,False,False,True,Lymphocytes,0.1393309088001561,0.3407892952573463,0.00026772908606168975,0.6449507753576522,3,4,1.7579724746891259,4,10,0.37277580239042757,1,1,24.506056569427567,0.026772908606168974,4.707417343826333,4.838682703874562,True,False,False,False
CGGTTCAAGTAGGTGT-1,6523,2868,TNBC,CID44971,Lymphocytes,1,24,98,3356,6938,6523,2868,5.013030814042619,False,False,False,True,Lymphocytes,0.1906674426896236,0.4814912534575073,0.00018815369914699275,0.9498978590933064,4,9,1.909605125471946,4,18,0.0,0,0,40.92186291675019,2.9371534017429988,0.018815369914699277,4.271293657342839,True,False,False,False
CAGTCGAGGATGCAAT-1,7971,3325,TNBC,CID44971,Lymphocytes,1,25,99,3451,6992,7971,3325,6.962739932254422,False,False,False,True,Lymphocytes,0.1457977679498919,0.2644404487814735,0.00020248565611883054,0.9817597869177185,4,14,1.4797769580570799,4,12,0.2709831307013663,1,1,11.696967067619557,4.600748789043994,0.020248565611883054,10.126080455871914,True,False,False,False
TATCACCCAACCGACC-1,6602,3124,TNBC,CID44971,Stroma,1,24,100,3356,7047,6602,3124,4.847016055740685,False,False,False,True,Stroma,0.1691663690151574,0.2740041679338388,0.00019373660742703493,0.38596071735032433,2,3,1.8511606159074754,4,17,0.4645379225000344,1,2,14.587134581397066,0.019373660742703493,1.251287924476621,11.54262062676749,True,False,False,False
AATGATGCGACTCCTG-1,9447,3896,TNBC,CID44971,Stroma,1,25,101,3451,7102,9447,3896,5.059807346247486,False,False,False,True,Stroma,0.13105432637055942,0.2422675769232662,0.07279428529359708,0.9442251506846028,5,11,1.6621801207643394,4,19,0.4764202559952981,1,3,16.01245128414466,1.8544163251933639,0.026888796176870795,6.333001286811724,False,False,False,False
TGGAACCACTGACACA-1,10595,4247,TNBC,CID44971,DCIS,1,24,102,3356,7156,10595,4247,5.8329400660689,False,False,False,True,DCIS,0.15515563257703843,0.24883530171535084,0.017784801474057185,0.614063229308324,3,8,1.5676826656345693,4,19,0.0,0,0,11.10798383985133,0.9948300656733584,1.6683249637162616,11.112391302294133,True,False,False,False
GCCAATAGGGCATCTC-1,13532,4811,TNBC,CID44971,DCIS,1,25,103,3451,7211,13532,4811,5.557197753473249,False,False,False,True,DCIS,0.07951304656369049,0.1931419037641661,0.0002065858380718541,0.2766519730418738,3,3,1.217698187425397,4,16,0.1844346486945825,1,1,6.423750885441364,0.02065858380712769,0.41666476742945047,12.453116139738668,False,False,False,False
TTCTTTGGTCGCGACG-1,13022,4377,TNBC,CID44971,DCIS,1,24,104,3356,7265,13022,4377,9.806481339272,False,False,False,True,DCIS,0.019192855751682177,0.1923900779211406,0.0001131834716890942,0.0,0,0,0.14245251141955,1,1,0.0,0,0,0.17181859159779908,0.011318347167923615,0.01131834716808982,19.04455250618025,False,False,False,False
ATTAGATTCCTCAGCA-1,10638,4016,TNBC,CID44971,DCIS,1,25,105,3451,7320,10638,4016,9.014852415867644,False,False,False,True,DCIS,0.02847041189044131,0.19508206014472457,0.00016535087674253814,0.11045025672889947,1,1,0.6701355465703479,2,6,0.0,0,0,0.016535087674253813,0.01653508767408221,0.016535087673646597,19.458600751450476,False,False,False,False
GGGTCGTGGCAAGTGT-1,18065,5018,TNBC,CID44971,DCIS,1,25,107,3451,7429,18065,5018,13.113755881538887,False,False,False,True,DCIS,0.015971915040533923,0.18311850634041746,0.00016628922139405426,0.14684896126485303,2,2,0.4066031569369226,3,4,0.0,0,0,0.016628922137347762,0.016628922137440685,0.01662892213429445,18.261963867632662,False,False,False,False
CAATAAACCTTGGCCC-1,20199,5527,TNBC,CID44971,DCIS,1,26,74,3547,5626,20199,5527,10.470815386900341,False,False,False,True,DCIS,0.041193832315883645,0.16558797938991487,0.00010953609432013542,0.1340585710061851,2,2,0.500186685607569,3,6,0.0,0,0,0.010953609432013492,0.010953609432236402,0.01095360942722537,16.525937110700013,False,False,False,False
ACTTCGCCATACGCAC-1,14977,4806,TNBC,CID44971,DCIS,1,27,75,3642,5681,14977,4806,7.271149095279428,False,False,False,True,DCIS,0.023509077308252586,0.15115491887592955,0.00010382146479577445,0.17047990346606678,2,2,0.3399036805018015,2,3,0.0,0,0,0.5743018336142611,0.010382146478503315,0.0103821464767773,14.520425761023414,False,False,False,False
ATCTGGTTAAGACTGT-1,26804,6700,TNBC,CID44971,DCIS,1,26,76,3547,5735,26804,6700,3.745709595582749,False,False,False,True,DCIS,0.024708685115104722,0.18488473975537478,0.00010750707370284917,0.10568513493639685,2,2,0.7100975912382925,4,12,0.0,0,0,0.010750707370644647,0.010750707372727323,0.010750707373624921,18.45622185342048,False,False,False,False
TCGTAAGACGACATTG-1,17409,5137,TNBC,CID44971,DCIS,1,27,77,3642,5790,17409,5137,6.1347578838531795,False,False,False,True,DCIS,0.019271787456996838,0.09124039836285115,0.00010476003976161939,0.07564735212286715,1,1,0.5316440853792929,4,5,0.0,0,0,0.010476003976943447,0.010476003975431327,0.010476003977677404,9.092611824355062,False,False,False,False
GTGTACCTTGGCTACG-1,27516,6238,TNBC,CID44971,DCIS,1,26,78,3547,5845,27516,6238,4.226631777874691,False,False,False,True,DCIS,0.017768996300236168,0.15328115125319763,0.00010967860492885517,0.1427164496244083,2,3,0.49142906948725207,4,8,0.0,0,0,0.010967860493301609,0.01096786050112734,0.010967860490563267,15.295211543834771,False,False,False,False
GCCCGTAATACCTTCT-1,18073,5056,TNBC,CID44971,DCIS,1,27,79,3642,5899,18073,5056,4.47629059923643,False,False,False,True,DCIS,0.09666552155349216,0.1933111781274412,0.0001545975173816608,0.27097742576626094,3,4,1.6576070327881243,4,40,0.0,0,0,0.01545975173815374,0.015459751738252474,0.015459751737487279,19.284738557530225,False,False,False,False
CGGTCAAGTGGGAACC-1,17563,5027,TNBC,CID44971,DCIS,1,26,80,3547,5954,17563,5027,4.782781984854523,False,False,False,True,DCIS,0.11592586696567375,0.14598363865219732,9.988227375183677e-05,0.15022662573083229,2,2,1.744085877278051,4,38,0.15022662573083229,1,1,0.009988227376277472,0.009988227376781395,0.009988227376894886,14.568399183089777,False,False,False,False
TTGTAAGGCCAGTTGG-1,15214,4533,TNBC,CID44971,DCIS,1,27,81,3642,6009,15214,4533,4.620744051531484,False,False,False,True,DCIS,0.17138565249155088,0.1411379871620465,0.0001492417406539736,0.16839444641132273,2,2,2.1509647880354024,4,66,0.0,0,0,0.014924174065397361,0.014924174065564157,0.014924174060810348,14.06902619401288,False,False,False,False
GGAGCACCAAGAACTA-1,6619,2804,TNBC,CID44971,Stroma,1,26,82,3547,6063,6619,2804,6.133857078108475,False,False,False,True,Stroma,0.21901030033457958,0.15546304070052694,0.00013497333529737448,0.15343371966810007,1,1,2.3517782069323068,4,33,0.30686743933620014,1,1,0.013497333529737449,0.0134973335298452,1.100482447758057,14.418826955235053,False,False,False,False
TAATAGTGACGACCAG-1,10641,3604,TNBC,CID44971,Stroma,1,27,83,3642,6118,10641,3604,7.057607367728597,False,False,False,True,Stroma,0.08835342371022999,0.12716128190536266,9.874715869494543e-05,0.0,0,0,1.4268228684755875,4,17,0.0,0,0,1.6056558451200083,0.009874715870308238,0.009874715869529139,11.09072291367642,False,False,False,False
CTAAATCCTATTCCGG-1,5265,2456,TNBC,CID44971,Stroma,1,26,84,3547,6173,5265,2456,6.0588793922127255,False,False,False,True,Stroma,0.33963675164169393,0.08176087056775538,5.799816521037559e-05,0.3548271602003008,2,2,3.042393561129148,4,77,0.0,0,0,0.005799816521037304,0.00579981652103721,0.005799816521037192,8.158687607212427,False,True,False,False
CGAGTTCTGTCCCACC-1,2878,1657,TNBC,CID44971,Stroma,1,27,85,3642,6227,2878,1657,6.219596942321056,False,False,False,True,Stroma,0.2521099075733191,0.14894772591479064,9.116199871316775e-05,0.0,0,0,2.745072244888119,4,26,0.0,0,0,3.510066451295462,0.009116199871326443,0.009116199871325946,11.366473740440949,False,False,False,False
AGGCAGATGCGTAAAC-1,14494,4654,TNBC,CID44971,Stroma,1,26,86,3547,6282,14494,4654,10.300814129984822,False,False,False,True,Stroma,0.08729193887951195,0.09368940282076907,0.0027766275342226117,0.08744890315200098,1,1,1.49539494847675,4,22,0.17489780630400195,1,1,0.004495306362414153,0.004495306362311388,0.004495306362156812,9.355454362990026,False,False,False,False
AAGGATGAGGGACCTC-1,3323,1799,TNBC,CID44971,Stroma,1,27,87,3642,6337,3323,1799,8.696960577791153,False,False,False,True,Stroma,0.17595631438092654,0.0969266570465143,8.68189178445734e-05,0.23143731260093628,1,1,1.8145324983297972,3,13,0.46287462520187256,1,1,0.008681891782400383,0.008681891782404146,0.09042145787057418,9.584880463216052,False,False,False,False
AGAGAACCGTCTAGGA-1,3571,1894,TNBC,CID44971,Stroma,1,26,88,3547,6391,3571,1894,4.9005880705684675,False,False,False,True,Stroma,0.49800414980373187,0.0935435685504042,2.6546664911480854e-05,0.5959844041540873,2,4,3.7002806091874874,4,126,0.0,0,0,5.141509506600744,1.5657681787767133,0.002654666491148491,2.644424503171815,False,True,False,False
GAGGGCGCAGCTCTGC-1,1917,1161,TNBC,CID44971,Stroma,1,27,89,3642,6446,1917,1161,8.502869066249348,False,False,False,True,Stroma,0.14857948169604754,0.23354629849164132,0.00013018113766452086,1.3196857652452598,4,5,0.9136022440225808,2,2,0.0,0,0,8.651169583919106,2.2500632398091795,0.013018113766452085,12.440378911669393,False,False,False,False
AAGATTGGCGGAACGT-1,3579,1815,TNBC,CID44971,Stroma,1,26,90,3547,6500,3579,1815,6.454316848281643,False,False,False,True,Stroma,0.2326447924072098,0.13207127035028432,0.05776578238707619,0.6388221668494065,2,5,1.8160114293378413,4,12,0.4444803499775896,1,1,6.642653946658279,2.3164924682649564,0.008449395034383692,4.239531225070814,False,False,False,False
CCAGTAGTCTGATCCA-1,4964,2214,TNBC,CID44971,Stroma,1,27,91,3642,6555,4964,2214,9.226430298146655,False,False,False,True,Stroma,0.11567943539171167,0.15136703255496445,0.00023306904359692173,0.5517177245717695,3,3,1.571497095494573,4,8,0.0,0,0,0.02330690435969217,0.023306904359627054,0.02330690435969217,15.066782542417434,False,False,False,False
AAGGGACAGATTCTGT-1,9084,3305,TNBC,CID44971,Stroma,1,26,92,3547,6610,9084,3305,9.23601937472479,False,False,False,True,Stroma,0.08662468805997285,0.1708808374676986,0.00015945504932960734,0.3176682056591745,2,3,1.0035914082399964,3,8,0.0,0,0,2.534323936647739,0.015945504932960736,0.015945504933228057,14.521868800255932,False,False,False,False
ATAGAGTTATCAACTT-1,20096,5322,TNBC,CID44971,DCIS,1,27,93,3642,6664,20096,5322,5.677746815286625,False,False,False,True,DCIS,0.02363746394091549,0.10785783279404106,0.00016905250446777142,0.0,0,0,0.4302908347110086,3,5,0.0,0,0,0.016905250446615193,0.016905250453916446,0.016905250451865077,10.735067528051708,False,False,False,False
AAATTACCTATCGATG-1,12795,4163,TNBC,CID44971,DCIS,1,26,94,3547,6719,12795,4163,7.479484173505275,False,False,False,True,DCIS,0.04100327166769178,0.17173265853208958,0.00012170216818323118,0.15687026585565778,1,2,0.524048770810313,3,4,0.19249558135121755,1,1,0.012170216817921329,0.012170216816884061,0.012170216813333934,17.136755202760817,False,False,False,False
GATCCTAAATCGGGAC-1,17244,4934,TNBC,CID44971,DCIS,1,27,95,3642,6774,17244,4934,7.828810020876826,False,False,False,True,DCIS,0.03825271814132898,0.11999987764625618,0.00023177200835150204,0.0,0,0,0.7326152306794481,4,8,0.15245635216472792,1,1,1.0987664269519046,0.023177200835033634,0.17128561185339544,10.706758524985284,False,False,False,False
TTACAGACCTAAATGA-1,14218,4582,TNBC,CID44971,DCIS,1,26,96,3546,6828,14218,4582,7.174004782669856,False,False,False,True,DCIS,0.06452622819754641,0.18661118590111345,0.00015124003082923898,0.2662936954124416,3,3,0.765832096391889,3,9,0.0,0,0,2.9013512330753115,0.015124003082742792,0.015124003081813105,15.729519350871476,False,False,False,False
CCTCACCTTAGCATCG-1,13486,4188,TNBC,CID44971,DCIS,1,27,97,3642,6883,13486,4188,5.976568293044639,False,False,False,True,DCIS,0.016257621968838305,0.13308054599420882,0.00016887278129886787,0.0,0,0,0.27737619431524957,2,2,0.0,0,0,0.016887278129846344,0.016887278130021603,0.016887278128835226,13.257392765032177,False,False,False,False
CATGCGACCAGTTTAA-1,13043,4397,TNBC,CID44971,DCIS,1,26,98,3546,6938,13043,4397,6.7545810013033805,False,False,False,True,DCIS,0.05216856094461679,0.19096642080817425,8.228722854051844e-05,0.15492635869568763,1,2,1.0238669837712626,4,10,0.18970348143216953,1,1,2.7584789659794513,0.00822872285403589,0.00822872285443035,16.321705669129507,False,False,False,False
AACATATCAACTGGTG-1,19238,5524,TNBC,CID44971,DCIS,1,27,99,3642,6992,19238,5524,4.766607755483938,False,False,False,True,DCIS,0.023357399953211677,0.14804169426800648,0.00011661664351306828,0.13952724778633344,2,2,0.33958998418392017,2,4,0.0,0,0,0.011661664355402597,0.011661664352081826,0.011661664356431858,14.769184433736731,False,False,False,False
CTATAAGAGCCAATCG-1,10766,4068,TNBC,CID44971,DCIS,1,26,100,3546,7047,10766,4068,7.105703139513282,False,False,False,True,DCIS,0.05411771244046939,0.22019644736018198,0.00015283342009143392,0.2189746712474989,2,2,0.7595991395650159,3,6,0.0,0,0,8.376274848856898,0.015283342008923777,0.015283342008923777,13.612803203143454,False,False,False,False
AATATCGAGGGTTCTC-1,10430,4020,TNBC,CID44971,DCIS,1,27,101,3642,7102,10430,4020,5.867689357622244,False,False,False,True,DCIS,0.11859488523134448,0.19452528712753211,0.000152178055844704,0.33615906990842487,3,3,1.2136865126784582,4,11,0.22410604660561653,1,1,0.015217805584470398,0.015217805584470398,1.7660883503053095,17.65600475127896,False,False,False,False
GTACTCCTGGGTATGC-1,11050,4309,TNBC,CID44971,Stroma,1,26,102,3546,7156,11050,4309,4.48868778280543,False,False,False,True,Stroma,0.15042394613780757,0.3063440789816219,0.00018486738610358898,1.0098255450360059,5,15,1.6645384794740712,4,25,0.42964675477641906,2,2,18.29559441942823,0.028544759409242466,1.6164485026585789,10.69382021666614,True,False,False,False
ATAAGTAGGATTCAGA-1,16783,5446,TNBC,CID44971,Stroma,1,27,103,3641,7211,16783,5446,5.142108085562771,False,False,False,True,Stroma,0.05624335684302103,0.16201348977899033,9.857617313111773e-05,0.1558002961870692,2,2,0.954705779866813,3,13,0.0,0,0,0.009857617313006332,0.00985761731373828,0.009857617312459724,16.171776125959827,False,False,False,False
AGGTCGCGGAGTTACT-1,14705,5042,TNBC,CID44971,DCIS,1,26,104,3546,7265,14705,5042,4.474668480108806,False,False,False,True,DCIS,0.07505924874305696,0.18009858524349645,0.00010344860394670554,0.4149020095431111,3,6,0.865825370421907,4,9,0.0,0,0,0.01034486039467066,0.010344860395061701,0.010344860394473588,17.97882394316544,False,False,False,False
CTAATTCTCAGATATT-1,21467,5979,TNBC,CID44971,DCIS,1,27,105,3641,7320,21467,5979,6.526296175525224,False,False,False,True,DCIS,0.03703654264235552,0.1602770721883042,0.0001538550371139725,0.1274741684585417,2,2,1.1523218473797332,4,20,0.0,0,0,0.015385503714517034,0.015385503719073877,0.015385503710537467,15.981550707686292,False,False,False,False
GCCAACCATTTCCGGA-1,12595,4425,TNBC,CID44971,DCIS,1,26,106,3546,7375,12595,4425,7.78086542278682,False,False,False,True,DCIS,0.07596518567990591,0.15594908132924395,0.00010929475678403504,0.0,0,0,1.2834021133117615,4,16,0.0,0,0,0.01092947567948399,0.010929475675559285,0.010929475679755059,15.562119705889597,False,False,False,False
TGATCCCAGCATTAGT-1,13219,4445,TNBC,CID44971,DCIS,1,27,107,3641,7429,13219,4445,8.858461305696347,False,False,False,True,DCIS,0.0901021048008398,0.19014283611881375,0.00014616626250184742,0.09388595340382766,1,1,1.2688786027409737,4,15,0.0,0,0,0.2667682336022847,0.014616626249274576,0.014616626249367928,18.718282125780448,False,False,False,False
GAAACCATGGTGCGCT-1,27088,6319,TNBC,CID44971,DCIS,1,27,109,3641,7539,27088,6319,13.688718251624335,False,False,False,True,DCIS,0.019012518678936108,0.14433786440826019,0.00011911712661888675,0.05236710696109361,1,1,0.649215238833551,4,10,0.0,0,0,0.011911712666055448,0.011911712665874933,0.011911712657880739,14.398051302836206,False,False,False,False
TGGCCAAACTGAAGTA-1,28752,6557,TNBC,CID44971,DCIS,1,28,76,3737,5735,28752,6557,6.528241513633834,False,False,False,True,DCIS,0.03519136451609352,0.1254026290282961,0.0002609106298634969,0.049745839554913095,1,1,0.481969070348934,3,8,0.0,0,0,0.29712959003916517,0.016026552799201794,0.016026552798191037,12.211080207193053,False,False,False,False
GCTTCCGTCCCTAGAC-1,12294,4436,TNBC,CID44971,DCIS,1,29,77,3832,5790,12294,4436,3.6765902066048484,False,False,False,True,DCIS,0.036522421936043846,0.16045460672964973,0.00010432071136877552,0.19840208182753805,2,2,0.9405700927417032,4,8,0.0,0,0,0.010432071136871496,0.010432071137137271,0.010432071133305104,16.01416445955766,False,False,False,False
CAGCAGCCCGTTCCTT-1,16681,4923,TNBC,CID44971,DCIS,1,28,78,3737,5845,16681,4923,4.436184881002338,False,False,False,True,DCIS,0.02745288219933563,0.16779060401420196,0.0001547833787237122,0.078280225738745,1,1,0.45426386128148805,2,5,0.0,0,0,2.4393601021169395,0.015478337872222936,0.015478337870320004,14.308743623560712,False,False,False,False
TGTATAACAGATCCTG-1,21205,6080,TNBC,CID44971,DCIS,1,29,79,3832,5899,21205,6080,2.4286724829049753,False,False,False,True,DCIS,0.1396794188611152,0.11923762668115373,0.00013589783950779117,0.06439022257657538,1,1,2.086011371943083,4,84,0.0,0,0,0.013589783945441395,0.01358978394521356,0.013589783945441395,11.882993316279276,False,False,False,False
CGCGGGAATTAGGCAG-1,20767,5487,TNBC,CID44971,DCIS,1,28,80,3737,5954,20767,5487,3.235903115519815,False,False,False,True,DCIS,0.015160925504372254,0.1324626117039281,0.0001509262843305153,0.13102583288578376,2,2,0.5607242083325115,3,7,0.13102583288578376,1,1,0.015092628438774708,0.015092628439883196,0.015092628439328952,13.200983285074821,False,False,False,False
TGCATGTGGTAATCTA-1,15258,4587,TNBC,CID44971,DCIS,1,29,81,3832,6009,15258,4587,3.932363350373574,False,False,False,True,DCIS,0.1874225157408285,0.07204222398517883,0.00014264462429547319,0.08400649692599012,1,1,2.2104256186327005,4,57,0.0,0,0,0.01426446246547535,0.014264462485779525,0.01426446246508817,7.16142901110154,False,False,False,False
ACAATTTGAGCAGTGG-1,32263,6649,TNBC,CID44971,DCIS,1,28,82,3737,6063,32263,6649,4.113070700182872,False,False,False,True,DCIS,0.021128194835973422,0.15705165464277182,0.000160779798751982,0.12539308948701136,2,3,0.683315135546257,4,13,0.0,0,0,0.016077979880999814,0.0160779798799088,0.016077979857125932,15.656931524659148,False,False,False,False
GAGCTAAGGGCATATC-1,5483,2488,TNBC,CID44971,DCIS,1,29,83,3832,6118,5483,2488,5.1978843698705095,False,False,False,True,DCIS,0.15172283946482348,0.22347446105638744,0.0002641826481438642,0.9133234969506594,4,7,1.722144777251415,4,11,0.0,0,0,12.070570983610839,3.480299007652749,0.026418264814386423,6.77015784956077,False,False,False,False
CCAGATAGTTGAGTGA-1,2523,1473,TNBC,CID44971,DCIS,1,28,84,3737,6173,2523,1473,4.954419342053112,False,False,False,True,DCIS,0.12860860666887158,0.1823357128007788,0.00012594102481067643,0.26701971398716245,1,1,1.4401838573835732,3,5,0.5340394279743249,1,1,10.591371889145059,0.012594102481067643,0.946625098669278,6.682980189782474,False,False,False,False
CCACAATGTACGTCTT-1,2848,1497,TNBC,CID44971,DCIS,1,29,85,3832,6227,2848,1497,4.10814606741573,False,False,False,True,DCIS,0.14736800075215878,0.17094795574652877,0.010142031107771413,0.8492314866527996,3,4,2.2527254270450463,4,11,0.6940821975358148,1,2,3.420218014480277,7.109016767855227,0.0132343890259033,6.5523264032914685,False,False,False,False
CAATGGATCTCTACCA-1,2666,1547,TNBC,CID44971,DCIS,1,28,86,3737,6282,2666,1547,5.176294073518379,False,False,False,True,DCIS,0.08507206843271191,0.3387692100402896,0.023022958169294904,0.6164381331486602,2,3,0.38958550408443043,1,1,0.0,0,0,20.757926065952887,8.115000300287479,0.21296998506228534,4.791024652726309,True,False,False,False
TGTGGCAAAGCGTATG-1,1813,1191,TNBC,CID44971,Lymphocytes,1,29,87,3832,6337,1813,1191,2.592388306674021,False,False,False,True,Lymphocytes,0.05996774278365544,0.5087457451995739,0.04595633231867875,1.6819208396284486,4,9,0.9371088440968345,2,2,0.6247392293978896,1,1,39.84135328745468,5.283895527531289,2.290950167893495,3.458375537077936,True,False,False,False
TAAAGCGTTAGGAGAA-1,4274,2075,TNBC,CID44971,Lymphocytes,1,28,88,3737,6391,4274,2075,6.106691623771642,False,False,False,True,Lymphocytes,0.12642454896799674,0.3313194108763506,0.00937161509546243,0.7705553377250469,2,8,1.690359439892012,4,8,0.8039263624346131,2,2,19.516642548535003,7.841410106896498,0.029171998540511793,5.744716433663048,True,False,False,False
TCCGTTTAGCCTTGAA-1,4367,2271,TNBC,CID44971,Lymphocytes,1,29,89,3832,6446,4367,2271,2.1754064575223264,False,False,False,True,Lymphocytes,0.10575655513160344,0.4288733760691859,5.830893456021136e-05,1.2578084116008308,4,11,0.9455435026266454,2,5,0.0,0,0,29.61790133333675,12.43245959418398,0.00583089345602108,0.8311457859418382,True,False,False,False
CAGCTCGACAAGTTAA-1,2483,1471,TNBC,CID44971,Lymphocytes,1,28,90,3737,6501,2483,1471,6.7660088602496975,False,False,False,True,Lymphocytes,0.14834098588103306,0.25038032775505226,0.00020558476225411804,0.5383000707142948,2,2,1.5973603856824616,3,6,0.0,0,0,14.132095451099488,0.020558476225411803,0.020558476225411803,10.864820371954915,True,False,False,False
GCCTATAGTGTCAGGG-1,4028,2109,TNBC,CID44971,Lymphocytes,1,29,91,3832,6555,4028,2109,3.599801390268123,False,False,False,True,Lymphocytes,0.18781789127681886,0.5239749248849014,0.00012910867230407408,1.864142143563604,5,17,1.8898011900288418,4,10,1.543161485033518,3,5,27.396511061963597,17.14621960188784,5.543229570860004,2.311532253778698,True,False,False,False
ATAGACAACGGGACCT-1,4896,2385,TNBC,CID44971,DCIS,1,28,92,3737,6610,4896,2385,6.6380718954248366,False,False,False,True,DCIS,0.15358996862301186,0.11565091679582924,0.00021076921585668723,0.0,0,0,1.5168917780363385,4,8,0.37089139177489544,1,1,0.021076921585668724,0.021076921585456716,0.7150732340573577,10.807864602354442,False,False,False,False
CTACTATCTTTCAGAG-1,6937,2811,TNBC,CID44971,DCIS,1,29,93,3832,6664,6937,2811,5.895920426697419,False,False,False,True,DCIS,0.0635271952614567,0.1093815488031132,0.00010705879344043201,0.0,0,0,1.3141563952965254,3,10,0.0,0,0,0.01070587934404331,0.010705879344111942,0.010705879344046057,10.906037242279117,False,False,False,False
GCGCTGCTTTGCATTT-1,9023,3103,TNBC,CID44971,DCIS,1,28,94,3737,6719,9023,3103,10.473235065942593,False,False,False,True,DCIS,0.03259918733547307,0.08910130076665068,0.00017217646186577359,0.0,0,0,0.18646797509341015,1,1,0.0,0,0,0.017217646187525783,0.01721764618718215,0.01721764619043977,8.858477138099921,False,False,False,False
GCGCATCCAGTCAGCA-1,8591,3103,TNBC,CID44971,DCIS,1,29,95,3832,6774,8591,3103,8.567105109998836,False,False,False,True,DCIS,0.03365013836943862,0.08958791933981966,0.00019075796733000196,0.0,0,0,0.7805606992113793,2,7,0.0,0,0,0.01907579673464489,0.019075796734583976,0.019075796734949458,8.901564543777788,False,False,False,False
GACTCGCGGGAATGAC-1,10659,3640,TNBC,CID44971,DCIS,1,28,96,3737,6828,10659,3640,7.54292147481002,False,False,False,True,DCIS,0.049098900488831004,0.0750351933354789,0.0001679045928294662,0.0,0,0,0.165436613525623,1,1,0.0,0,0,0.016790459283321933,0.01679045928222279,0.016790459282450664,7.453147955699895,False,False,False,False
CTGGTAACGAGCTCTT-1,9490,3462,TNBC,CID44971,DCIS,1,29,97,3832,6883,9490,3462,6.1749209694415175,False,False,False,True,DCIS,0.0612879925092918,0.16890954416252088,0.00016745510481716935,0.2398876336325443,2,2,0.8762518818612348,3,7,0.0,0,0,1.3981835870187616,0.016745510481716935,0.016745510481810513,15.459279808269798,False,False,False,False
TCCGGCCTAGCGTACA-1,14983,4439,TNBC,CID44971,DCIS,1,28,98,3737,6938,14983,4439,6.567443102182473,False,False,False,True,DCIS,0.023653804193650988,0.1419268936739735,0.00017052383889837094,0.08521322808372157,1,1,0.46762618528748934,3,4,0.0,0,0,0.01705238389156599,0.017052383891320945,0.01705238388941508,14.141532215725046,False,False,False,False
TCTAGGTGGCGACGCT-1,12255,4168,TNBC,CID44971,DCIS,1,29,99,3832,6992,12255,4168,4.039167686658507,False,False,False,True,DCIS,0.07418954579570344,0.20519997761077222,0.00015673952240778918,0.19887756182924723,2,2,1.0352514580071892,4,9,0.19887756182924723,1,1,0.01567395224077892,0.01567395224140456,0.01567395224077892,20.47297590435426,False,False,False,False
ACGCTAGTGATACACT-1,11213,4202,TNBC,CID44971,DCIS,1,28,100,3737,7047,11213,4202,4.601801480424507,False,False,False,True,DCIS,0.07370831206030815,0.18833640821076222,0.00014680073653238618,0.21251346060382326,2,2,0.9001303849829478,4,7,0.0,0,0,0.5474672219958111,0.014680073653367532,0.014680073653226895,18.25681345177382,False,False,False,False
ATCTGCACCTCTGCGA-1,10732,4001,TNBC,CID44971,DCIS,1,29,101,3832,7102,10732,4001,4.426015654118523,False,False,False,True,DCIS,0.07472290685166515,0.1691066367999742,0.00010720805723978666,0.21948282258802745,2,2,0.9256888879290541,4,7,0.0,0,0,0.010720805723978592,0.010720805724465604,0.010720805724239595,16.878501262824734,False,False,False,False
CCTCACCTGAGGGAGC-1,13631,4703,TNBC,CID44971,DCIS,1,28,102,3737,7156,13631,4703,4.922602890470252,False,False,False,True,DCIS,0.04690269051551735,0.1668916521896676,0.00010330823089611411,0.27510639940029546,3,3,0.8343394796305206,4,9,0.18340426626686365,1,1,0.010330823089611448,0.010330823089186425,0.010330823089484568,16.658172749698476,False,False,False,False
AGTGAGCCTCGCCGCC-1,14416,4623,TNBC,CID44971,DCIS,1,29,103,3832,7211,14416,4623,8.32408435072142,False,False,False,True,DCIS,0.12124547450426283,0.2234672596251797,0.00020942850304156096,0.703737616980952,4,12,1.2014583384350208,4,16,0.0,0,0,9.966577270579757,0.020942850304495494,0.020942850304156095,12.33826299132956,False,False,False,False
ACGAGTACGGATGCCC-1,16522,5131,TNBC,CID44971,Stroma,1,28,104,3737,7266,16522,5131,7.825929064277933,False,False,False,True,Stroma,0.10442251237486556,0.14344298474268047,9.965318971642739e-05,0.0,0,0,1.2152842243107729,4,18,0.0,0,0,0.009965318958374915,0.009965318958742598,0.009965318958328863,14.3144025173926,False,False,False,False
GGTACCATTAAGACGG-1,7928,3489,TNBC,CID44971,Stroma,1,29,105,3832,7320,7928,3489,5.739152371342079,False,False,False,True,Stroma,0.1866202779883078,0.1875682562859698,9.653263857615333e-05,0.7656083096326806,4,7,1.909693126456467,4,19,0.271987646490313,1,1,3.2609711017639196,0.009653263857615111,0.5446118452438079,14.941589417731638,False,False,False,False
TTCTGCTAGACTCCAA-1,8740,3552,TNBC,CID44971,DCIS,1,28,106,3737,7375,8740,3552,6.88787185354691,False,False,False,True,DCIS,0.08570863371345658,0.09564228622511488,0.00010427538693752304,0.12712501452380534,1,1,1.2873251922295776,4,11,0.0,0,0,0.01042753869374876,0.010427538690348636,0.010427538694080684,9.53294600643331,False,False,False,False
TAACTATTACGCCAAA-1,15206,5124,TNBC,CID44971,Stroma,1,29,107,3832,7429,15206,5124,6.411942654215441,False,False,False,True,Stroma,0.21436704218958855,0.10635304985113728,0.00013382004101427302,0.33692798307270344,4,4,2.1528115586448826,4,49,0.0,0,0,2.0702585580059782,0.013382004104215608,0.01338200410183326,8.538282418901701,False,False,False,False
GCATTCAAGGCAACGC-1,16782,5188,TNBC,CID44971,DCIS,1,28,108,3736,7484,16782,5188,10.862829221785246,False,False,False,True,DCIS,0.09167697577998837,0.14195973163594922,0.0001087751584074609,0.07790385610424946,1,1,1.197489776274458,4,16,0.0,0,0,0.22545246818285697,0.01087751584137632,0.010877515841038373,13.94876566372965,False,False,False,False
AGTACATCATTTATCA-1,20592,5830,TNBC,CID44971,DCIS,1,29,109,3832,7539,20592,5830,6.866744366744366,False,False,False,True,DCIS,0.03885582294128997,0.17059540429848824,0.00010964625532573183,0.06597264766920333,1,1,0.733723966545689,4,9,0.13194529533840665,1,1,0.01096462553314495,0.010964625533760859,0.010964625532683975,17.026646553249233,False,False,False,False
TTGTTGTGTGTCAAGA-1,12859,4475,TNBC,CID44971,DCIS,1,31,77,4022,5790,12859,4475,9.635274904735983,False,False,False,True,DCIS,0.04515117073922073,0.16542494513677303,0.00010873997774067171,0.09588349293160155,1,1,0.8231638356519233,4,7,0.1917669858632031,1,1,0.010873997774268892,0.010873997774269626,0.010873997773709097,16.509872520355053,False,False,False,False
ACTGTACGATACACAT-1,17493,5442,TNBC,CID44971,DCIS,1,30,78,3927,5845,17493,5442,4.979134510947237,False,False,False,True,DCIS,0.17255894621344017,0.1225615603473747,0.002760192022392845,0.07535510431794311,1,1,2.100484052462775,4,54,0.15071020863588622,1,1,0.013552117722355518,0.013552117722506982,0.16901275229704446,12.060039046995563,False,False,False,False
TCCACTTTATCTAGGT-1,12179,4358,TNBC,CID44971,DCIS,1,31,79,4022,5899,12179,4358,6.248460464734379,False,False,False,True,DCIS,0.03968323445114173,0.135970942863069,7.264639760595937e-05,0.09990545635634988,1,1,0.513599924031813,2,5,0.0,0,0,0.007264639760262855,0.0072646397603435865,0.007264639759818907,13.575300367026474,False,False,False,False
GGTCTGAGAATCTGGA-1,16246,5211,TNBC,CID44971,DCIS,1,30,80,3927,5954,16246,5211,4.653453157700357,False,False,False,True,DCIS,0.12167439647195151,0.09180139721613666,9.349823684622814e-05,0.0,0,0,1.599213223944825,4,32,0.15988895728177763,1,1,0.00934982368464107,0.009349823684761978,0.009349823683809528,9.152090250560454,False,False,False,False
TAGAAAGGTGGCGCTA-1,20413,5394,TNBC,CID44971,DCIS,1,31,81,4022,6009,20413,5394,6.9416548278058094,False,False,False,True,DCIS,0.0352794600341442,0.1563983953370184,0.00015783040365056263,0.06644969929855853,1,1,0.6413520787385398,4,8,0.0,0,0,0.01578304036649266,0.01578304036547206,0.01578304036595086,15.592490412603926,False,False,False,False
TATGTCTCATTGTGCC-1,21812,5418,TNBC,CID44971,DCIS,1,30,82,3927,6063,21812,5418,5.593251421236016,False,False,False,True,DCIS,0.03861906603208012,0.1529167722616264,0.00010718441716000181,0.0,0,0,0.4230900864785697,2,6,0.12579443334369123,1,1,0.010718441723017558,0.010718441722479325,0.010718441723445054,15.259521900993697,False,False,False,False
GGATTTCACTTCTATA-1,15218,4780,TNBC,CID44971,DCIS,1,31,83,4022,6118,15218,4780,6.222893941385202,False,False,False,True,DCIS,0.09795903436019852,0.11950747414728556,0.00010088317687943516,0.16835969583223453,2,2,1.3375782350001397,4,20,0.0,0,0,0.010088317687943124,0.010088317687988166,0.010088317687871641,11.920482461664752,False,False,False,False
TGAGTGGTCCGTGACG-1,6040,2688,TNBC,CID44971,DCIS,1,30,84,3927,6173,6040,2688,5.347682119205298,False,False,False,True,DCIS,0.10728911988338855,0.15658190131402253,0.00013981363511539736,0.3255605301638816,2,2,1.3088624679801715,3,10,0.0,0,0,2.9106841892041566,0.013981363511539736,0.013981363511539736,12.719543215175017,False,False,False,False
CGCTTTCTTGCATTCG-1,13870,4445,TNBC,CID44971,DCIS,1,31,85,4022,6227,13870,4445,3.00648882480173,False,False,False,True,DCIS,0.07258149319019493,0.20068689112367913,9.904670291063444e-05,0.3619294706826657,4,4,0.8645453555549466,3,10,0.0,0,0,0.009904670291234647,0.009904670291234917,0.009904670291234872,20.03897510149421,False,False,False,False
ACCCAACGCCCGTGGC-1,5840,2472,TNBC,CID44971,Lymphocytes,1,30,86,3927,6282,5840,2472,3.0821917808219177,False,False,False,True,Lymphocytes,0.07771438003157784,0.4484369591832765,0.001113923849471184,1.433578033640899,6,13,0.9524872425897206,3,5,0.3326025298487147,1,1,41.16267656613209,0.8435993982073966,1.0039655546735506,1.833454399314609,True,False,False,False
GAACGTCTCATGGTCG-1,7720,3296,TNBC,CID44971,Lymphocytes,1,31,87,4022,6337,7720,3296,1.8264248704663213,False,False,False,True,Lymphocytes,0.05020297336885578,0.4801781416323144,0.00013413043625507085,0.9369123661235862,3,14,0.6231596858551876,3,3,0.4261132700950059,1,2,33.92768375673668,0.034429054279146484,2.5499965892969376,11.50570476291868,True,False,False,False
AGGGTTCCCTTTGGTT-1,3338,1847,TNBC,CID44971,Lymphocytes,1,30,88,3927,6391,3338,1847,1.7375674056321149,False,False,False,True,Lymphocytes,0.05237118559166093,0.6307285784325484,6.217885589456133e-05,1.4095454055381644,4,11,0.48617777703606807,1,2,0.0,0,0,55.96856472044816,2.5529647819634627,0.07099970820183955,4.480328632641374,True,False,False,False
GTAGCTTCCTCTTGTT-1,11879,3948,TNBC,CID44971,DCIS,1,31,89,4022,6446,11879,3948,4.992002693829447,False,False,False,True,DCIS,0.016342794490213197,0.12550217833083807,0.00011052078388785523,0.10179252289380053,1,1,0.5521714063049091,3,4,0.0,0,0,0.011052078388734966,0.011052078389807303,0.011052078388734878,12.517061597916529,False,False,False,False
GCATGAGGGACGCGGC-1,16832,4899,TNBC,CID44971,Lymphocytes,1,30,90,3927,6501,16832,4899,3.5586977186311786,False,False,False,True,Lymphocytes,0.06209696264595106,0.3594622235871617,0.00015004108765457065,0.7789563376395745,4,15,0.5600256510521591,2,7,0.4164661881699088,2,3,15.896280372069585,0.015004108765457064,0.8901663092876211,19.144771568593505,True,False,False,False
CTACCCTAAGGTCATA-1,18428,5081,TNBC,CID44971,DCIS,1,31,91,4022,6555,18428,5081,3.6683308009550686,False,False,False,True,DCIS,0.011753109203660976,0.11917448678408661,0.0001177951132694704,0.0,0,0,0.2921046103411999,2,3,0.0,0,0,0.011779511326658988,0.011779511321805136,0.011779511332581469,11.882110144427616,False,False,False,False
TCACCGCTCGGCACTC-1,12376,3909,TNBC,CID44971,DCIS,1,30,92,3927,6610,12376,3909,5.946994182288299,False,False,False,True,DCIS,0.07837568859310924,0.14846827697342513,0.00016106955156726087,0.09870497377148228,1,1,0.8972018343571531,4,8,0.0,0,0,0.01610695515707327,0.01610695515707327,0.01610695515412866,14.798506831874237,False,False,False,False
GGCTCGCGTTGAGGTA-1,7321,2999,TNBC,CID44971,DCIS,1,31,93,4022,6665,7321,2999,4.152438191503893,False,False,False,True,DCIS,0.0478992779463731,0.1604629178925896,0.00014935329917451255,0.1435287845872729,1,1,0.6458795306427281,3,3,0.0,0,0,0.014935329917451255,0.014935329917308175,0.014935329917451255,16.00148579950675,False,False,False,False
CTAACGAAACTTGCTG-1,23401,5464,TNBC,CID44971,DCIS,1,30,94,3927,6719,23401,5464,8.516730054271186,False,False,False,True,DCIS,0.04438725615754529,0.1162052849702743,0.00018621900706773827,0.10295062097038132,1,2,0.6098638298519399,3,9,0.0,0,0,0.018621900701927412,0.0186219006947024,0.018621900694226676,11.564662794936572,False,False,False,False
TTAAACTCGAATTCAT-1,6450,2936,TNBC,CID44971,DCIS,1,31,95,4022,6774,6450,2936,4.496124031007752,False,False,False,True,DCIS,0.1022227511635094,0.12109403756661395,0.006049981862333376,0.39123689565005454,2,3,1.394662088726638,4,9,0.3120817821345666,1,1,0.009790163741692186,0.00979016374169213,0.009790163741692143,12.080033265436319,False,False,False,False
TACTTTACTGAGCCGG-1,12243,3933,TNBC,CID44971,DCIS,1,30,96,3927,6828,12243,3933,7.596177407498163,False,False,False,True,DCIS,0.05794621276767355,0.09936513171572504,0.00016261234519022284,0.0,0,0,0.9961794533549098,4,9,0.0,0,0,0.016261234517049063,0.016261234517062042,0.016261234518736685,9.887729468019657,False,False,False,False
GCTTGGATCGATTAGG-1,7066,2906,TNBC,CID44971,DCIS,1,31,97,4022,6883,7066,2906,9.722615341069913,False,False,False,True,DCIS,0.07754360425816068,0.1741341246649066,0.00015945321988625606,0.14696560519623994,1,1,0.4408968155887198,2,2,0.0,0,0,0.015945321988625607,0.015945321988625607,0.015945321988625607,17.365576500524785,False,False,False,False
CGGTTATCCAACAGTG-1,16250,5058,TNBC,CID44971,DCIS,1,30,98,3927,6938,16250,5058,4.375384615384616,False,False,False,True,DCIS,0.018730718203744095,0.10873498406419313,0.00016415832459842902,0.07992884671031437,1,1,0.2397865401309431,2,2,0.0,0,0,0.01641583246041953,0.016415832462123196,0.016415832456501092,10.824250909040268,False,False,False,False
CAGACCTGTAAGTGTT-1,17110,5003,TNBC,CID44971,DCIS,1,31,99,4022,6992,17110,5003,5.710111046171829,False,False,False,True,DCIS,0.03859701879207112,0.1374250544251175,0.0001076210292998607,0.07670659593441201,1,1,0.6999669491960249,3,8,0.0,0,0,0.010762102931470447,0.010762102931437086,0.010762102929821946,13.71021913371902,False,False,False,False
GACGGTCAATAGAAGC-1,19062,5280,TNBC,CID44971,DCIS,1,30,100,3927,7047,19062,5280,6.038191165669919,False,False,False,True,DCIS,0.1404524725094677,0.12765386728092967,0.00014325505951716136,0.2391511009664218,2,4,1.9065583127025176,4,48,0.14057821812769,1,1,0.014325505952002045,0.014325505951990608,0.014325505952265082,12.72241021023671,False,False,False,False
CTGACTGCGCAGCTCG-1,24062,5995,TNBC,CID44971,DCIS,1,31,101,4022,7102,24062,5995,5.909733189261075,False,False,False,True,DCIS,0.022066659631943722,0.12981334782158402,0.00011723591963418908,0.0,0,0,0.6346825878756504,3,10,0.0,0,0,0.0117235919585641,0.011723591941846526,0.011723591956653522,12.94616400630134,False,False,False,False
CCATACCTTTACTTGT-1,14345,4612,TNBC,CID44971,DCIS,1,30,102,3927,7156,14345,4612,9.25758103868944,False,False,False,True,DCIS,0.053984034075433396,0.13611300596862635,0.00010308790471569934,0.1763083467337787,2,2,1.416404472547061,4,18,0.0,0,0,0.010308790472092311,0.010308790472092334,0.010308790472347257,13.580374225446104,False,False,False,False
GTAATAAAGGGCTCCC-1,11453,4405,TNBC,CID44971,DCIS,1,31,103,4022,7211,11453,4405,5.31738409150441,False,False,False,True,DCIS,0.019413093608321847,0.14873146907265955,0.00011288102017690005,0.1046021318864649,1,1,0.3138063956593947,2,2,0.0,0,0,0.01128810201769052,0.011288102017748953,0.01128810201597991,14.839282601214535,False,False,False,False
GTGAACTCCCATTCGA-1,9966,3903,TNBC,CID44971,DCIS,1,30,104,3927,7266,9966,3903,5.649207304836444,False,False,False,True,DCIS,0.17449101378726178,0.18957953533483377,9.283072904759208e-05,0.6836495621376155,3,9,1.8145199994516452,4,25,0.23161717568500687,1,1,9.540106240951504,0.009283072904759208,0.348493786490666,9.060070433136449,False,False,False,False
GTGGTTACTTCTTTCG-1,8770,3693,TNBC,CID44971,DCIS,1,31,105,4022,7320,8770,3693,4.0820980615735465,False,False,False,True,DCIS,0.1913503060008876,0.13365115571876485,9.753440435331775e-05,0.4516404099346694,3,4,1.8833620008036969,4,24,0.25364101473810857,1,1,0.08889725272754104,0.009753440435316646,1.1152808764565196,12.151184002257107,False,False,False,False
TCAGAACCTCCACAGG-1,10091,4053,TNBC,CID44971,Stroma,1,30,106,3927,7375,10091,4053,5.123377266871469,False,False,False,True,Stroma,0.2352496759585915,0.19950535979870573,9.438628141679445e-05,0.5639012693509904,3,7,1.9241917825451658,4,30,0.0,0,0,10.653343535004694,0.009438628141679466,0.009438628141679478,9.278315188582518,False,False,False,False
TCCCACTCTCTTCCGG-1,10770,4012,TNBC,CID44971,Stroma,1,31,107,4022,7430,10770,4012,5.394614670380688,False,False,False,True,Stroma,0.16843741572929372,0.17964869434885342,0.0001915250032706283,0.3499252327218844,2,4,1.7247135862970078,4,22,0.21891504890657457,1,1,10.520384941944156,0.01915250032706283,0.7272786851512756,6.698053307462848,False,False,False,False
ATCTTGACTTGTCCAA-1,9431,3860,TNBC,CID44971,DCIS,1,30,108,3927,7484,9431,3860,6.022691125013254,False,False,False,True,DCIS,0.1331805177971321,0.13722740523581936,0.0001381924435304983,0.12047793221785698,1,1,1.6579417963776166,4,17,0.24095586443571396,1,1,1.1431362270043994,0.08992253388510507,0.16046966953629033,12.329212093156142,False,False,False,False
TCGGGAACGTGCCTAG-1,12125,4403,TNBC,CID44971,DCIS,1,31,109,4022,7539,12125,4403,8.387628865979382,False,False,False,True,DCIS,0.058231010945809625,0.14298212217439804,0.00010231181205520315,0.2004795846901488,2,2,0.8556536415954272,4,7,0.0,0,0,0.010231181205545215,0.010231181205736366,0.010231181205233976,14.267518673823288,False,False,False,False
GTTAGCCGTAAATCAA-1,22525,6230,TNBC,CID44971,DCIS,1,30,110,3927,7593,22525,6230,7.5826859045505,False,False,False,True,DCIS,0.12833802721339002,0.12542248173152007,0.00010072643767394563,0.2283721294326431,3,4,1.4409180145308491,4,36,0.12246107363472246,1,1,0.0923648221212778,0.010072643768864785,0.010072643766579273,12.429738063495284,False,False,False,False
ATTTACTAAGTCCATT-1,15804,4932,TNBC,CID44971,DCIS,1,31,111,4022,7648,15804,4932,13.96481903315616,False,False,False,True,DCIS,0.053289400265639976,0.15627162918877452,0.00015640092048832714,0.24513322306042548,3,3,0.8468605044741663,4,9,0.0,0,0,3.873066940653364,0.01564009204842068,0.015640092048857683,11.72281579412681,False,False,False,False
GGAGGGCTTGGTTGGC-1,13081,4658,TNBC,CID44971,DCIS,1,32,78,4117,5845,13081,4658,6.54384221389802,False,False,False,True,DCIS,0.04139746264349904,0.11552358943635274,9.977019708542471e-05,0.1892829908505077,2,2,0.7238670466487319,4,6,0.0,0,0,0.009977019708542471,0.009977019708546237,0.009977019709078234,11.522427884509106,False,False,False,False
TCGGACGCCCAGCCCA-1,12012,4255,TNBC,CID44971,DCIS,1,33,79,4212,5900,12012,4255,7.326007326007327,False,False,False,True,DCIS,0.07602745805253695,0.15113573179070633,0.00015172992167570263,0.20189386969214285,2,2,1.3889997300189076,4,18,0.20189386969214285,1,1,1.9042099072607774,0.015172992167800412,0.015172992167800412,13.179017287474254,False,False,False,False
TCTGTGCCATCATAGT-1,7779,3287,TNBC,CID44971,DCIS,1,32,80,4117,5954,7779,3287,4.383596863350045,False,False,False,True,DCIS,0.08722897956399253,0.14799223660266683,6.579158049506584e-05,0.2755300634365992,2,2,1.2328076293975112,4,9,0.0,0,0,1.7180467399266868,0.006579158049594791,0.006579158049506864,13.068018604240894,False,False,False,False
GTACTGGAGTTAGACC-1,21754,5727,TNBC,CID44971,DCIS,1,33,81,4212,6009,21754,5727,6.127608715638503,False,False,False,True,DCIS,0.02196284590071872,0.1893468366172649,0.0033619337108086993,0.17170310990046178,2,3,0.5559161532364594,3,8,0.2521473686557742,2,2,0.37492243377052037,0.01637012376662386,0.01637012375494049,18.527020980434404,False,False,False,False
GGAATGCGCTAGCGTG-1,21594,5561,TNBC,CID44971,DCIS,1,32,82,4117,6063,21594,5561,7.4187274242845245,False,False,False,True,DCIS,0.03535164410069767,0.12788245188845954,0.00010602840716460526,0.25370115388130454,4,4,0.599380051108628,3,8,0.0,0,0,0.010602840718897272,0.010602840718430795,0.010602840716061632,12.756436666692563,False,False,False,False
GTGTGAATAACTTAGG-1,18577,5734,TNBC,CID44971,DCIS,1,33,83,4212,6118,18577,5734,4.058782365290413,False,False,False,True,DCIS,0.09792727472563766,0.14033087538129055,0.0009683938061636395,0.3371276356279045,4,5,1.184691760261335,4,20,0.43067794207342763,3,3,0.962502824659091,0.014451618167887322,0.3776252896654083,12.678507805636668,False,False,False,False
GGTCGGCCAGGAGCTT-1,30882,6268,TNBC,CID44971,DCIS,1,32,84,4117,6173,30882,6268,4.2225244478984525,False,False,False,True,DCIS,0.014474858073886075,0.16122579463844405,8.255290757382179e-05,0.0,0,0,0.2103872838593348,3,3,0.0,0,0,0.30925525644997465,0.008255290753041456,0.008255290765930061,15.796813625875458,False,False,False,False
TAGCCGGCGGTCAGCG-1,18836,5256,TNBC,CID44971,DCIS,1,33,85,4212,6227,18836,5256,3.2703334041197705,False,False,False,True,DCIS,0.01088963038732889,0.13057738959671145,0.00010377634891872565,0.0,0,0,0.18089442978164758,1,2,0.0,0,0,0.010377634893312376,0.010377634893356982,0.01037763489624361,13.026606054988232,False,False,False,False
CGGGTGTACCCATTTA-1,5647,2607,TNBC,CID44971,DCIS,1,32,86,4117,6282,5647,2607,1.8593943686913406,False,False,False,True,DCIS,0.15951238149906996,0.19360284502979536,0.00012484022984314615,0.8166674808406137,4,6,1.2873997682517981,3,9,0.0,0,0,9.401337222622248,2.0475783803376086,0.012484022984314615,7.898884877035367,False,False,False,False
AGTGATTCAAGCAGGA-1,16999,5063,TNBC,CID44971,DCIS,1,33,87,4212,6337,16999,5063,4.276722160127067,False,False,False,True,DCIS,0.043475794653357755,0.19159998152739827,0.00010371561165029532,0.2067302793233499,2,3,0.8668081717639511,4,10,0.0,0,0,3.9564609859156716,0.010371561164465921,0.01037156116446598,15.182794044495223,False,False,False,False
GTTGGATTGAGAACAC-1,17085,4836,TNBC,CID44971,DCIS,1,32,88,4117,6391,17085,4836,3.0436055019022534,False,False,False,True,DCIS,0.015514788542272248,0.1806023456583735,0.00011693377499143972,0.15359306118086902,2,2,0.5723294883900985,3,7,0.0,0,0,0.011693377497414446,0.011693377495657995,0.011693377492111062,18.025154433352167,False,False,False,False
CACACGCGCTGTCTTA-1,10313,3736,TNBC,CID44971,DCIS,1,33,89,4212,6446,10313,3736,4.479782798409774,False,False,False,True,DCIS,0.02213743905114943,0.12040212027965541,0.00010975023530053598,0.338927919918843,3,3,0.338927919918843,2,2,0.0,0,0,0.010975023529700744,0.01097502353077414,0.010975023527803416,12.007286957377262,False,False,False,False
TAGACGCCCGTACCGG-1,13093,3969,TNBC,CID44971,DCIS,1,32,90,4117,6501,13093,3969,5.43038264721607,False,False,False,True,DCIS,0.053923909846671045,0.11328252564893516,0.0001053267834578231,0.0,0,0,0.9554768121114975,4,9,0.0,0,0,0.010532678345776028,0.0105326783457946,0.010532678348246787,11.296654529853699,False,False,False,False
GGTTTCAATCGGTCAG-1,15983,4415,TNBC,CID44971,DCIS,1,33,91,4212,6555,15983,4415,7.633110179565788,False,False,False,True,DCIS,0.003751996084089445,0.08010822345314345,0.00012341358062361546,0.0,0,0,0.0,0,0,0.0,0,0,0.012341358060020968,0.012341358058529036,0.01234135805751303,7.973798271138281,False,False,False,False
AATCTGCGTTGGGACG-1,10708,3651,TNBC,CID44971,DCIS,1,32,92,4117,6610,10708,3651,6.583862532685843,False,False,False,True,DCIS,0.042218293779267085,0.12717472600203544,0.00016362489874991053,0.0,0,0,0.9325117101232052,3,9,0.0,0,0,0.016362489874834303,0.016362489874847362,0.01636248987391992,12.668385130579942,False,False,False,False
TTACGGATGGTTCGAG-1,17277,4795,TNBC,CID44971,DCIS,1,33,93,4212,6665,17277,4795,3.9821728309312956,False,False,False,True,DCIS,0.011999446884443005,0.11440101447281632,0.00011245310497573926,0.07611128651015193,1,1,0.3658288752940776,2,4,0.0,0,0,0.011245310496029955,0.011245310493764664,0.011245310502896556,11.406365515788941,False,False,False,False
CGGCAGGGTCGGGTTG-1,5393,2330,TNBC,CID44971,DCIS,1,32,94,4117,6719,5393,2330,6.489894307435565,False,False,False,True,DCIS,0.06104975609655346,0.16793080503592572,0.0001063197284573283,0.6078323029469768,3,4,1.0368886256362946,3,5,0.0,0,0,1.7271122056111117,0.010631972845732852,0.010631972845732793,15.044704352289994,False,False,False,False
GCTTTCAGAGGAGGTG-1,11759,3943,TNBC,CID44971,DCIS,1,33,95,4212,6774,11759,3943,4.405136491198231,False,False,False,True,DCIS,0.028754284881900814,0.19025226710909016,0.0001603572449981258,0.0,0,0,0.8044829025519837,4,6,0.0,0,0,0.016035724499812578,0.01603572449877564,0.01603572449439746,18.97711953741603,False,False,False,False
TCTTCCCATGGGCACA-1,4643,2375,TNBC,CID44971,DCIS,1,32,96,4117,6828,4643,2375,4.113719577859143,False,False,False,True,DCIS,0.08901099139634608,0.19409131312894,9.980837084737031e-05,0.5263894454204355,2,4,1.2787343162672422,4,5,0.0,0,0,0.009980837091690373,0.009980837091690703,0.009980837091691534,19.37918880161893,False,False,False,False
TACCGCGGACTTGCAG-1,18773,5191,TNBC,CID44971,DCIS,1,33,97,4212,6883,18773,5191,3.73941298673627,False,False,False,True,DCIS,0.06179549039842702,0.18488700825155077,0.00010477709753008624,0.07116963001194977,1,1,0.8979941744946703,4,12,0.0,0,0,0.010477709752881828,0.010477709752821841,0.010477709751237862,18.457267695898135,False,False,False,False
AGAATTATGGATTCGA-1,5018,2555,TNBC,CID44971,DCIS,1,32,98,4117,6938,5018,2555,3.8660821044240734,False,False,False,True,DCIS,0.11622945895789738,0.23566496200724935,0.00013849262991625077,0.6331666975525404,3,4,1.8035803275046083,4,11,0.36540601124448724,1,1,8.045935562332547,0.013849262991625077,1.4054366893952595,14.101274686005501,False,False,False,False
ATTGATGAGTCCTAAC-1,12942,4614,TNBC,CID44971,Lymphocytes,1,33,99,4212,6992,12942,4614,2.7043733580590326,False,False,False,True,Lymphocytes,0.07038635710650008,0.44026811979998814,0.0001977609034459012,1.061326477002823,4,21,1.3040458347085155,4,14,0.19083048507466724,1,1,27.519961746596806,2.352090780950627,0.05241104782189271,14.102348404629492,True,False,False,False
TAGGTCGCCGGAACTG-1,10740,4175,TNBC,CID44971,DCIS,1,32,100,4117,7047,10740,4175,4.62756052141527,False,False,False,True,DCIS,0.2227078062127966,0.11452045808424718,9.022102972714321e-05,0.5071523474113891,3,6,2.168788019643455,4,44,0.0,0,0,2.796203371937408,0.04297498170701358,0.00902210297271499,8.603845351807582,False,False,False,False
TAACCTACCGTCCGAG-1,7350,3092,TNBC,CID44971,Lymphocytes,1,33,101,4212,7102,7350,3092,3.6054421768707483,False,False,False,True,Lymphocytes,0.1779967488546598,0.420040832025576,0.00018066602577977857,1.6397607061138366,5,25,1.777066946458811,4,21,0.5725947954454152,2,2,24.687854247341672,14.650528194414921,0.9017074737932503,1.763993287007756,True,False,False,False
CTTAGTAGGCCTACAG-1,12449,4659,TNBC,CID44971,DCIS,1,32,102,4117,7156,12449,4659,4.458189412804241,False,False,False,True,DCIS,0.08708711694227293,0.12489631799266226,9.968987205502032e-05,0.1965352571222274,2,2,1.6165739293887698,4,22,0.0,0,0,0.009968987205502123,0.009968987206665765,0.00996898720550218,12.459724837648556,False,False,False,False
CTAGATGTGAGTGTAA-1,10757,4148,TNBC,CID44971,DCIS,1,33,103,4212,7211,10757,4148,4.852654085711629,False,False,False,True,DCIS,0.22296828046513711,0.23371803536153382,0.00018589781694907696,0.7026057718744035,3,10,1.7745633234677112,4,24,0.0,0,0,12.813616012206108,1.4369502221849064,1.627718097705175,7.493519204057192,False,False,False,False
ACTCCCGAATTCGTTT-1,10176,3818,TNBC,CID44971,DCIS,1,32,104,4117,7266,10176,3818,7.5078616352201255,False,False,False,True,DCIS,0.11118581587791934,0.14016023339335612,0.00014620309410600966,0.11407696210413291,1,1,1.5089946327454962,4,16,0.0,0,0,0.014620309410600966,0.2767864501663398,0.5242208489635131,13.200395730795158,False,False,False,False
GTTCATCGTTTGGCTG-1,14042,4543,TNBC,CID44971,DCIS,1,33,105,4212,7320,14042,4543,7.4704458054408205,False,False,False,True,DCIS,0.09120244721238634,0.20055755083658494,0.00022941302807580157,0.4856958868450653,3,7,1.2239366225818347,4,15,0.17924982076233512,1,1,0.022941302807105806,2.683644710528601,0.022941302807105806,17.326227767515682,False,False,False,False
ACTTTACCCTCATGAA-1,13048,4385,TNBC,CID44971,DCIS,1,32,106,4117,7375,13048,4385,4.276517473942366,False,False,False,True,DCIS,0.2394452528614923,0.11647174962391581,0.00013984415792643712,0.4045994170025026,3,5,1.7444958965292663,4,27,0.0,0,0,0.021167885499508196,1.495168842627249,0.013984415792643711,10.11685381847218,False,False,False,False
GCGAGAGTTGCGTCCA-1,11635,4441,TNBC,CID44971,DCIS,1,33,107,4212,7430,11635,4441,3.712935109583154,False,False,False,True,DCIS,0.04435970972041806,0.16483911287802483,0.00010802270354004228,0.2067648589741977,2,2,0.7269503120236035,3,7,0.0,0,0,0.010802270353845834,0.010802270354073057,0.01080227035384602,16.45150447674072,False,False,False,False
GTTCGGGCGTACCATT-1,7543,3062,TNBC,CID44971,DCIS,1,32,108,4117,7484,7543,3062,4.679835609174068,False,False,False,True,DCIS,0.1744477240513021,0.27621012781777865,0.00019387301845269538,0.7130544893445775,4,6,1.8901051703681062,4,19,0.0,0,0,15.338522214062417,3.294053204336385,0.019387301845269538,8.969050061533796,True,False,False,False
CGACTTTGTATAGCCT-1,16808,5331,TNBC,CID44971,DCIS,1,33,109,4212,7539,16808,5331,4.099238457877202,False,False,False,True,DCIS,0.12363530191466278,0.22020879525120984,0.00018857148758237867,0.9427591863503006,6,17,1.3388937407056487,4,23,0.15561512896410332,1,1,9.625022599099811,1.4843231684275449,0.6012496022083728,10.310284155385256,False,False,False,False
GCCATCGATGCTGCAT-1,16238,5260,TNBC,CID44971,DCIS,1,32,110,4117,7593,16238,5260,7.408547850720532,False,False,False,True,DCIS,0.14627710313306985,0.1673867705980529,0.00020576611891539405,0.2137681141320408,2,3,1.5055811083332944,4,24,0.267584705857887,1,2,4.941136255173493,0.020576611891539406,0.29735575095242844,11.47960844178783,False,False,False,False
GCATTTCCAAGGCTCC-1,39437,7695,TNBC,CID44971,DCIS,1,33,111,4212,7648,39437,7695,9.526586707913888,False,False,False,True,DCIS,0.05672023950905055,0.1732540477921567,0.00016571273750047385,0.34827489154544256,4,12,0.5941118640856535,4,13,0.07533155658802403,1,1,0.4225947568517224,0.016571273751714268,0.016571273746951748,16.86966747486528,False,False,False,False
ATGTAAGGCTGCTCTT-1,33107,6611,TNBC,CID44971,DCIS,1,32,112,4117,7703,33107,6611,16.969221010662398,False,False,False,True,DCIS,0.050184527515366055,0.1317332504637614,0.00017834107826027423,0.0,0,0,0.4253017488945285,3,8,0.08798021884281464,1,1,0.017834107833146116,0.01783410784120447,0.07380668015529704,13.063850150546491,False,False,False,False
GCTAAGTAGTTTCTCT-1,8508,3764,TNBC,CID44971,DCIS,1,34,80,4307,5954,8508,3764,5.300893276915844,False,False,False,True,DCIS,0.09376988990591735,0.15669703854013148,0.00010309858217859894,0.12953269561779374,1,1,1.1149397005839794,3,9,0.0,0,0,0.010309858217859824,0.010309858218220619,0.01030985821794634,15.638774279359122,False,False,False,False
ATAACGCCGGAGGGTC-1,15247,4843,TNBC,CID44971,DCIS,1,35,81,4402,6009,15247,4843,7.660523381648848,False,False,False,True,DCIS,0.06702844401793069,0.20492117568608295,0.00014632578524550707,0.3625845357385971,2,6,0.7625476447698574,2,11,0.16810819146390668,1,1,3.219185547899397,0.014632578524550707,0.014632578524655838,17.243666863659694,False,False,False,False
GGATCCGGAATATACT-1,27094,6476,TNBC,CID44971,DCIS,1,34,82,4307,6063,27094,6476,5.739278068945154,False,False,False,True,DCIS,0.018328682397794838,0.15012787834195726,0.00016392042999286728,0.21637000573122256,2,5,0.5412990669775182,4,8,0.0,0,0,0.01639204299935216,0.016392042993620428,0.016392042994484116,14.963611705208269,False,False,False,False
TGAAAGGACCTGACTC-1,15165,4904,TNBC,CID44971,DCIS,1,35,83,4402,6118,15165,4904,6.4094955489614245,False,False,False,True,DCIS,0.023026065408853654,0.11429077817232285,0.00015614792344725416,0.0,0,0,0.4830983595201749,2,5,0.0,0,0,0.015614792347031564,0.015614792346869508,0.01561479234832799,11.382233440190054,False,False,False,False
TCCGCGGCAGCATCTG-1,17141,5303,TNBC,CID44971,DCIS,1,34,84,4307,6173,17141,5303,3.1620092176652475,False,False,False,True,DCIS,0.028567764539636116,0.14291002742056705,0.00010230620133761984,0.07659537419779905,1,1,0.11489306129669857,1,1,0.0,0,0,0.010230620133658153,0.010230620133602115,0.5125925031424614,13.757948998646983,False,False,False,False
TGCATATGTCTGTCAC-1,14063,4946,TNBC,CID44971,DCIS,1,35,85,4402,6227,14063,4946,2.5101329730498474,False,False,False,True,DCIS,0.08697138074069659,0.22451676679877777,9.177356220681591e-05,0.6244900185836705,4,11,1.0048216493721456,3,13,0.17904271872159552,1,1,11.233014903985241,0.009177356220681528,0.5121570504089541,10.697327369262899,False,False,False,False
TGTAGGAGAAATTTCC-1,21270,5779,TNBC,CID44971,DCIS,1,34,86,4307,6282,21270,5779,5.32204983544899,False,False,False,True,DCIS,0.05196671960423491,0.16579444927719966,0.00010010769313857549,0.3493999189366496,4,6,0.8158693208033925,4,11,0.0,0,0,1.466486780549881,0.01001076931375642,0.01001076931003612,15.092936608546292,False,False,False,False
AGTGAGACTTCCAGTA-1,16741,5149,TNBC,CID44971,DCIS,1,35,87,4402,6337,16741,5149,4.999701332059017,False,False,False,True,DCIS,0.035227896927107476,0.11389568813164355,0.00014339926329451846,0.32723920979940085,3,5,0.570282647092827,3,6,0.0,0,0,0.8216419226946449,0.014339926330070028,0.014339926328478775,10.539247037811162,False,False,False,False
CCCAAACATGCTGCTC-1,19841,5153,TNBC,CID44971,DCIS,1,34,88,4307,6391,19841,5153,5.523915125245703,False,False,False,True,DCIS,0.014387103262649413,0.13476178198671646,0.00015611296267559858,0.06802213050434222,1,1,0.4045583659154248,2,5,0.0,0,0,0.015611296266263721,0.015611296265254227,0.015611296265353932,13.429344309874775,False,False,False,False
GCTTATGAAGCAGGAA-1,9596,3614,TNBC,CID44971,DCIS,1,35,89,4402,6446,9596,3614,5.51271363067945,False,False,False,True,DCIS,0.17456660549284325,0.1710320004603009,9.454628526141994e-05,0.23799303959962678,2,2,2.1975216820580807,4,39,0.0,0,0,4.809638989898891,0.009454628526141757,0.017224566644086156,12.266881860960972,False,False,False,False
TTCTAACCGAAGCTTA-1,11909,4015,TNBC,CID44971,DCIS,1,34,90,4307,6501,11909,4015,5.726761272986817,False,False,False,True,DCIS,0.04580078701211749,0.09722561469074727,0.0001533745428055793,0.0,0,0,0.46695231968322326,2,4,0.0,0,0,0.015337454276456112,0.015337454277019347,0.015337454275109243,9.676549106246142,False,False,False,False
GGATGTCCTTACCGCA-1,19786,5352,TNBC,CID44971,DCIS,1,35,91,4402,6555,19786,5352,5.5493783483270995,False,False,False,True,DCIS,0.025547270872755847,0.13857316028948766,0.00011043586316219283,0.11642341245229244,1,2,0.3791670524597612,3,4,0.0,0,0,0.011043586316047894,0.011043586317842094,0.01104358631680232,13.824185269998074,False,False,False,False
AGGGTGCTCTCGAGGG-1,13952,4120,TNBC,CID44971,DCIS,1,34,92,4307,6610,13952,4120,6.672878440366972,False,False,False,True,DCIS,0.03419903452655425,0.1250646105443125,0.00011811730946622052,0.0,0,0,0.6276529441992238,4,5,0.1801429868368829,1,1,0.011811730948243332,0.011811730943071534,0.011811730943272883,12.471025861596662,False,False,False,False
AACTCTCAATAGAGCG-1,6975,2964,TNBC,CID44971,DCIS,1,35,93,4402,6665,6975,2964,5.648745519713262,False,False,False,True,DCIS,0.10439605617408472,0.22474212764762883,0.0001948008541630063,0.6701343701081267,4,5,1.380462122188028,3,12,0.0,0,0,2.12426494262307,0.01948008541649658,0.01948008541630063,20.310987651307016,False,False,False,False
TCTGAATTCCGTACAA-1,21697,5513,TNBC,CID44971,DCIS,1,34,94,4307,6719,21697,5513,5.180439692123335,False,False,False,True,DCIS,0.021715038263498545,0.1729342254544748,0.00010257382432042291,0.12634934567988024,2,2,0.5974266707124785,3,8,0.0,0,0,0.010257382432051054,0.010257382435167404,0.010257382434652617,17.262650398145606,False,False,False,False
GCGTGGTACTGGGTTA-1,2732,1574,TNBC,CID44971,DCIS,1,35,95,4402,6774,2732,1574,5.636896046852123,False,False,False,True,DCIS,0.10208025702712432,0.11792887930119987,9.353939440177652e-05,0.35312328028772194,1,2,1.1505147331707308,2,5,0.0,0,0,2.2854328266605197,2.129636046128723,0.009353939440177534,7.368465117890567,False,False,False,False
CGTCGGATAGTGTTGA-1,8356,3347,TNBC,CID44971,DCIS,1,34,96,4307,6829,8356,3347,4.571565342269028,False,False,False,True,DCIS,0.011446791440200716,0.1532016879476238,0.00010859538528746804,0.1311627754730446,1,1,0.19674416320956692,1,1,0.0,0,0,0.010859538528748774,0.010859538528700039,0.010859538525312936,15.287590179179617,False,False,False,False
ATATGTCTCCCTAGCC-1,4122,2014,TNBC,CID44971,Lymphocytes,1,35,97,4402,6883,4122,2014,4.682193110140708,False,False,False,True,Lymphocytes,0.07310025776530088,0.4843436656526701,0.00026283200924239993,1.2938580298883544,5,8,0.6156976913129439,2,2,0.0,0,0,33.75206672194043,5.48751100372178,4.627561580347341,4.567227259257459,True,False,False,False
TCTTTAAGACTATGAA-1,20032,5591,TNBC,CID44971,Lymphocytes,1,34,98,4307,6938,20032,5591,3.4544728434504792,False,False,False,True,Lymphocytes,0.05549085646847479,0.30133793952995436,0.00015185099629397197,0.7094299620526541,5,15,0.9668346492443043,4,14,0.1349774949754883,1,1,9.151208292782815,0.015185099629372952,0.015185099630003326,20.952215460953244,True,False,False,False
TCATTTAAGTCTCCGA-1,4467,2349,TNBC,CID44971,Lymphocytes,1,35,99,4402,6992,4467,2349,2.3281844638459814,False,False,False,True,Lymphocytes,0.06123703979654136,0.7143024056068925,0.041517239364240933,1.7321306836698722,5,22,0.2937882878193679,1,1,0.39171771709249054,1,1,57.20730674156209,9.959002943034982,1.904859340609146,2.3590715354830314,True,False,False,False
GATATTGAGATTGGCG-1,12794,4496,TNBC,CID44971,Lymphocytes,1,34,100,4307,7047,12794,4496,3.032671564795998,False,False,False,True,Lymphocytes,0.07323274479789232,0.49844959512397313,0.00026339990607311084,1.4371510171987332,5,37,0.9449712241228854,4,9,0.3850140216037317,2,2,40.7262582661997,1.9547184052092148,1.4258210560201874,5.7381617849682085,True,False,False,False
TGACATCGAGCGGACC-1,7877,3611,TNBC,CID44971,Lymphocytes,1,35,101,4402,7102,7877,3611,2.005839786720833,False,False,False,True,Lymphocytes,0.1060229916574831,0.5265709217691539,0.002016326620976766,1.48800877746089,6,19,0.9134549130176701,3,6,0.6944742350253187,2,3,35.49557064655687,10.537710865767647,1.505122349662025,5.118688314928847,True,False,False,False
GCGTAAATGGCCATAA-1,8323,3440,TNBC,CID44971,Lymphocytes,1,34,102,4307,7156,8323,3440,3.1959629941127,False,False,False,True,Lymphocytes,0.1389431138376613,0.5120456342372204,0.0001272871435304712,1.4922794366556482,5,26,1.5450675924240034,4,14,0.40821714288484373,1,2,31.057477586281422,14.490106363613489,0.06477976389910683,5.5921997099280185,True,False,False,False
ATTGTACAACTCGGCT-1,13538,4861,TNBC,CID44971,Lymphocytes,1,35,103,4402,7211,13538,4861,3.848426650908553,False,False,False,True,Lymphocytes,0.11818374738384865,0.2570179232789551,0.000189480029611682,0.8211222568987786,6,12,1.6651773221371984,4,25,0.38937785796410956,1,3,10.982330309730898,2.2198607620924493,1.4565467512744987,11.043054504797665,True,False,False,False
TACGCTATAGAAACCT-1,13789,4605,TNBC,CID44971,DCIS,1,34,104,4307,7266,13789,4605,8.231198781637538,False,False,False,True,DCIS,0.12098908584166267,0.26178095784069394,0.00015310939671343943,0.5390240857876201,4,7,1.5595790626121102,4,22,0.0,0,0,14.233126618339226,0.015310939670891692,0.015310939670891692,11.914347286388384,True,False,False,False
CACCCAAATCTTATGT-1,12226,4383,TNBC,CID44971,Lymphocytes,1,35,105,4402,7320,12226,4383,6.32259119908392,False,False,False,True,Lymphocytes,0.17739732828750482,0.26994499960590673,0.0002010736747852089,0.8385473392578602,5,12,1.5903120838739508,3,27,0.0,0,0,12.4680099713827,2.0231660347444165,0.02010736747852089,12.483216586985034,True,False,False,False
AGATGATGGAGTCTGG-1,16683,5168,TNBC,CID44971,DCIS,1,34,106,4307,7375,16683,5168,7.636516214110172,False,False,False,True,DCIS,0.07474791660922231,0.20923189391862326,0.00015302662238066419,0.2878660064786902,3,4,1.141321735220735,4,15,0.0,0,0,3.6081366385676557,0.015302662237418947,0.015302662237418947,17.28444742881983,False,False,False,False
CCACGGTGCCCGGTAG-1,18675,5559,TNBC,CID44971,DCIS,1,35,107,4402,7430,18675,5559,6.265060240963856,False,False,False,True,DCIS,0.15127300645448152,0.15482939645402874,0.000609741002497581,0.2144199659982767,3,3,1.772146948456284,4,42,0.0,0,0,3.1581454078294864,0.013900526503967107,0.013900526504066982,12.296993184565354,False,False,False,False
TCAAGAAATACTAGCT-1,16359,5410,TNBC,CID44971,DCIS,1,34,108,4307,7484,16359,5410,5.556574362736109,False,False,False,True,DCIS,0.10796372635625684,0.20040816883525422,0.00013831248204310582,0.3067168008127324,2,5,1.2704338197860157,4,19,0.0,0,0,3.766513034285019,0.013831248203648075,0.013831248204023495,16.246641352832732,False,False,False,False
AGGTATAATTGATAGT-1,14258,4898,TNBC,CID44971,DCIS,1,35,109,4402,7539,14258,4898,7.5466404825361195,False,False,False,True,DCIS,0.06890346558553916,0.14891867148824334,0.00010201781874027586,0.3113101002470356,2,5,1.2634146623357467,4,16,0.0,0,0,0.010201781874026842,0.010201781874092765,0.010201781872328484,14.861261803203885,False,False,False,False
CAAGGTCCTATAGGCT-1,9142,3998,TNBC,CID44971,DCIS,1,34,110,4307,7594,9142,3998,5.0864143513454385,False,False,False,True,DCIS,0.053145711138103235,0.20451619434401977,0.00010305850565660121,0.24633523128805404,2,2,0.7330820667753872,3,5,0.0,0,0,0.010305850567426392,0.010305850567019912,0.01030585056742644,20.420701882700104,False,False,False,False
CCGGCACGACCGTTTC-1,23837,6504,TNBC,CID44971,DCIS,1,35,111,4402,7648,23837,6504,6.812937869698368,False,False,False,True,DCIS,0.15878702024356905,0.16304719914645419,0.0001365369572449549,0.5182811520360928,5,11,1.484998165693189,4,39,0.11677196099109897,1,1,3.9143642066215887,0.07814276674312474,0.1249540594012135,12.18725888187949,False,False,False,False
ACCTCCGTTATTCACC-1,41724,7867,TNBC,CID44971,DCIS,1,34,112,4307,7703,41724,7867,9.375898763301697,False,False,False,True,DCIS,0.05072728649015294,0.15513251940130143,0.0001662592184565082,0.2566311612044568,4,8,0.48876357638990464,3,12,0.07161512920662684,1,1,0.06930820031696966,0.016625921846287917,0.0166259218309445,15.410691896135942,False,False,False,False
AAGAGGCATGGATCGC-1,27870,6494,TNBC,CID44971,DCIS,1,36,80,4497,5954,27870,6494,10.767850735557948,False,False,False,True,DCIS,0.03689668135979167,0.1884192779313474,0.00016429799651460715,0.2825155207768025,4,6,0.7154907155661856,4,12,0.18031272063685364,1,2,1.2555384594939953,0.016429799654910298,0.016429799649034207,17.553529734336802,False,False,False,False
CTATTTGGTTACGGAT-1,7815,3461,TNBC,CID44971,DCIS,1,36,82,4497,6064,7815,3461,4.747280870121561,False,False,False,True,DCIS,0.12052007264083546,0.22404175040868982,0.00013357678299403264,0.7609189700652091,5,6,1.4933090432941973,3,15,0.0,0,0,11.935565409659995,0.013357678299403264,0.013357678299403264,10.44189427461018,False,False,False,False
GTACAGAGGCAAGGGT-1,13346,4944,TNBC,CID44971,Invasive cancer + lymphocytes,1,37,83,4593,6118,13346,4944,2.719916079724262,False,False,False,True,Invasive cancer + lymphocytes,0.18403918308611109,0.24499201500851317,8.601088263200436e-05,0.7414652356697423,5,11,2.0684461964310055,4,43,0.0,0,0,13.063218260083625,1.2964051661022291,0.008601088263198171,10.130976986402263,True,False,False,False
GGGCCGGCCGAAGTAC-1,24018,6419,TNBC,CID44971,DCIS,1,36,84,4497,6173,24018,6419,5.10866849862603,False,False,False,True,DCIS,0.032294606859693514,0.14122600561187743,0.00010302647356098097,0.058014374508901394,1,1,0.5479877321114477,3,8,0.0,0,0,0.010302647357901287,0.010302647357788077,0.010302647358162742,14.091692619113891,False,False,False,False
CCTGAACGATATATTC-1,17161,5266,TNBC,CID44971,Invasive cancer + lymphocytes,1,37,85,4593,6227,17161,5266,8.85729269856069,False,False,False,True,Invasive cancer + lymphocytes,0.024649968370608292,0.14019795259237733,0.0001046601872449648,0.0,0,0,0.6754584690355714,4,7,0.0,0,0,0.01046601872395963,0.010466018722521356,0.010466018720675152,13.988397203070576,False,False,False,False
CCGGGCTGCTCCATAC-1,19235,5683,TNBC,CID44971,DCIS,1,36,86,4497,6282,19235,5683,4.3982323888744475,False,False,False,True,DCIS,0.09363109661567548,0.14379098055585585,9.200268095585428e-05,0.41499684278623933,4,7,0.7375570968235583,2,13,0.0,0,0,1.1040405787155734,0.009200268095567433,0.009200268095585365,13.25665694067886,False,False,False,False
TACTTGTTAGTAGTCC-1,18467,5424,TNBC,CID44971,Invasive cancer + lymphocytes,1,37,87,4592,6337,18467,5424,8.436670818216278,False,False,False,True,Invasive cancer + lymphocytes,0.03506691837509445,0.16114867687588189,0.00010059486835487206,0.23294299411983518,2,4,0.6028976493241709,2,9,0.0,0,0,1.1759799944738123,0.010059486835465202,0.010059486835091957,14.91876871944382,False,False,False,False
CCTAGGCGTAGCGATC-1,6281,2899,TNBC,CID44971,DCIS,1,36,88,4497,6391,6281,2899,5.078809106830122,False,False,False,True,DCIS,0.08835345864870425,0.23589901776292918,0.00012440147178850803,0.6349797201847558,4,4,1.1758592178233602,3,8,0.477105680390199,1,2,9.97144710146014,0.012440147178850803,1.2906059206125005,12.315408607041427,False,False,False,False
CTGGCGCACAGGTCTG-1,11031,4287,TNBC,CID44971,DCIS,1,37,89,4592,6446,11031,4287,3.3995104704922494,False,False,False,True,DCIS,0.1919799545569833,0.3425153566902205,0.00012017241159154467,0.8702562392620484,5,12,1.4520993137687972,4,15,0.21509601623809885,1,1,24.201069408009626,1.0644547851539181,0.8187683248128174,8.167243151045687,True,False,False,False
ACTTATACTTACCCGG-1,11787,4340,TNBC,CID44971,DCIS,1,36,90,4497,6501,11787,4340,4.123186561466022,False,False,False,True,DCIS,0.06242572488613814,0.15430997085349316,9.814588863996724e-05,0.10238603873329406,1,1,0.8124271002457404,3,7,0.0,0,0,0.009814588863996556,0.009814588863996533,0.10468220808647756,15.306685699534844,False,False,False,False
GAAGTCTCCCTAGCGA-1,12931,4436,TNBC,CID44971,DCIS,1,37,91,4592,6555,12931,4436,6.697084525558735,False,False,False,True,DCIS,0.03460853417068347,0.33611597388631204,0.00021521318491624707,0.8453807162126656,5,13,0.6106090114285714,3,5,0.0,0,0,11.856604430042054,0.021521318491624707,0.021521318491624707,21.7119503216059,True,False,False,False
ACCGATGGTAGCATCG-1,16748,4819,TNBC,CID44971,DCIS,1,36,92,4497,6610,16748,4819,8.10843085741581,False,False,False,True,DCIS,0.05443051757922343,0.17600584604568065,0.0001557759200826381,0.3650579203928048,4,5,0.9828466478451822,3,14,0.0,0,0,0.01557759200826381,0.015577592008686629,0.015577592003886354,17.55385182854723,False,False,False,False
CGAGTTTATCGGACTG-1,17275,4886,TNBC,CID44971,DCIS,1,37,93,4592,6665,17275,4886,7.259044862518089,False,False,False,True,DCIS,0.0097529993002358,0.12318282370181129,0.00011575603995168737,0.152236720688467,2,2,0.19226562274926715,1,2,0.0,0,0,0.011575603999391258,0.011575603998720804,0.01157560399162934,12.283555558191388,False,False,False,False
CATAACGGACAGTCGT-1,15817,4588,TNBC,CID44971,DCIS,1,36,94,4497,6719,15817,4588,10.267433773787698,False,False,False,True,DCIS,0.04405702426385789,0.13092390256065692,0.005287694199129805,0.38119682768462076,4,5,0.7448276554094444,3,9,0.0,0,0,0.015936529443340043,0.01593652944458685,0.015936529444523236,13.044580667733241,False,False,False,False
TGACGATGCACTAGAA-1,13465,4411,TNBC,CID44971,DCIS,1,37,95,4592,6774,13465,4411,6.825102116598589,False,False,False,True,DCIS,0.04676381249656614,0.1630414911422982,0.0001046115871760439,0.15173439838150724,1,2,1.158266119692258,4,12,0.0,0,0,0.010461158717546134,0.010461158717936642,0.010461158717546205,16.27276563807679,False,False,False,False
TAGGGAGCTTGGGATG-1,4408,2306,TNBC,CID44971,Lymphocytes,1,36,96,4497,6829,4408,2306,4.854809437386569,False,False,False,True,Lymphocytes,0.08074334875928486,0.4491698045260987,0.0001959245055824535,0.5704966251879183,2,4,1.3235246458211711,3,7,1.5357807623835171,3,5,28.505179327411785,2.8744565892369156,4.168721459431349,9.36862307652982,True,False,False,False
AGGGTCGATGCGAACT-1,8208,3308,TNBC,CID44971,DCIS,1,37,97,4592,6883,8208,3308,6.38401559454191,False,False,False,True,DCIS,0.11669102915233293,0.3899878114626094,0.0002975151612000046,0.9628906662925761,4,11,1.6369658921112975,4,16,0.5311678463436711,2,2,19.494257458925663,1.9490690118654415,3.5066152932202934,14.048839382249541,True,False,False,False
TATATCCCTGGGAGGA-1,5781,2838,TNBC,CID44971,Lymphocytes,1,36,98,4497,6938,5781,2838,2.2833419823559935,False,False,False,True,Lymphocytes,0.034976764849374606,0.7359582481269006,0.003978256419518125,1.8400717468729217,5,28,1.0805328658119655,3,6,0.6694866711104378,2,2,53.36714695295367,16.05508708623011,0.24058483629692673,3.933005937209349,True,False,False,False
CATCTTACACCACCTC-1,6457,3052,TNBC,CID44971,Lymphocytes,1,37,99,4592,6992,6457,3052,2.72572402044293,False,False,False,True,Lymphocytes,0.06131964230405579,0.6619864195431701,0.06261278001745453,1.431100471722634,4,20,0.9611336374690915,3,6,0.7819806882995798,2,3,53.96396055482974,9.132390042647724,1.8573233761950771,1.244967980644474,True,False,False,False
GTGCGACAGGGAGTGT-1,8447,3528,TNBC,CID44971,Lymphocytes,1,36,100,4497,7047,8447,3528,2.94779211554398,False,False,False,True,Lymphocytes,0.07644331841556957,0.5838263784028868,0.06195190164818019,1.6120423847100238,6,23,1.3107872234734386,4,11,0.5207269379293885,2,2,45.76049367934683,5.398469833709816,0.012292426428197507,7.211381900803837,True,False,False,False
CCGATCTCAACCTTAT-1,15524,5078,TNBC,CID44971,Lymphocytes,1,37,101,4592,7102,15524,5078,4.760371038392167,False,False,False,True,Lymphocytes,0.05971381658384534,0.4870501466655049,0.005050945648287169,1.0732540014859155,4,27,0.7267791391046661,3,9,0.16574399083314686,1,1,30.2873345431369,7.7793560760286775,0.028518631812814783,10.609805415572099,True,False,False,False
ACGATCATCTTGTAAA-1,29703,6970,TNBC,CID44971,DCIS,1,36,102,4497,7156,29703,6970,4.373295626704373,False,False,False,True,DCIS,0.024604282516991444,0.17552634914395726,0.00016246094996557543,0.1825291073676566,3,4,0.5961453398829148,4,10,0.19345246718684272,2,2,0.016246094995429186,0.016246094992212717,0.14829451544912994,17.371848208958955,False,False,False,False
GAAAGAACAGCGTTAT-1,23708,6219,TNBC,CID44971,DCIS,1,37,103,4592,7211,23708,6219,5.116416399527585,False,False,False,True,DCIS,0.10146629499031724,0.2763716082142426,0.0002037756935101399,0.8159097330221372,5,22,1.351264327307048,4,31,0.2039062025943024,1,2,12.091001601652728,2.4763118809895253,0.02037756935102538,13.049469769430985,True,False,False,False
CTAGGTCTGAAGGAAT-1,23967,6340,TNBC,CID44971,DCIS,1,36,104,4497,7266,23967,6340,4.894229565652773,False,False,False,True,DCIS,0.08719678171083493,0.2631676846072223,0.00020497778497319692,0.6554991550398408,5,16,0.8601057244806812,3,17,0.23247438725806088,2,2,11.678390419888112,1.8477172842864236,0.02049777849731969,12.770162978050372,True,False,False,False
ATATCAACCTACAGAG-1,16098,5365,TNBC,CID44971,DCIS,1,37,105,4592,7320,16098,5365,6.230587650639831,False,False,False,True,DCIS,0.14738317345937044,0.1758278326006418,0.0002235918664260779,0.2956449510345901,3,4,1.5744953393372412,3,41,0.0,0,0,3.9264504647721834,0.02235918664228292,0.02235918664228292,13.611614422007431,False,False,False,False
AAATAGCTTAGACTTT-1,13271,4700,TNBC,CID44971,DCIS,1,36,106,4497,7375,13271,4700,4.234797679150026,False,False,False,True,DCIS,0.1619320329367329,0.16637535383666882,0.00013963520116891422,0.5969563490667945,4,8,1.646726992171117,4,28,0.1872089155739107,1,1,0.013963520116891422,0.013963520117459938,0.013963520116891422,16.595644823315638,False,False,False,False
GCGACATGTAAACATC-1,18388,5626,TNBC,CID44971,DCIS,1,37,107,4592,7430,18388,5626,5.557972590820101,False,False,False,True,DCIS,0.14663237367663667,0.16997025184034142,0.00010103198007245783,0.4097028065801025,4,7,1.771840607142354,4,39,0.0,0,0,0.010103198007571968,0.01010319800782644,0.010103198006317189,16.966715590012427,False,False,False,False
ATAAGTAGGGCGACTC-1,13135,4838,TNBC,CID44971,DCIS,1,36,108,4497,7484,13135,4838,3.9360487247811196,False,False,False,True,DCIS,0.21033325809630035,0.20962304501602141,0.00012782727980421718,0.683280447980536,4,11,1.6318408327678062,4,27,0.0,0,0,8.340752543111321,4.230781605271871,0.012782727980421718,8.377987625238527,False,False,False,False
GCGAGCGCATGCTCCC-1,22858,6308,TNBC,CID44971,DCIS,1,37,109,4592,7539,22858,6308,5.892904016099396,False,False,False,True,DCIS,0.10791141796575707,0.1839435733778725,0.00010236996587294026,0.32116502503641703,4,6,1.1395027343119783,4,24,0.12096469366957963,1,1,2.3861380862517607,0.010008542932068308,0.010008542932045776,15.988202165671375,False,False,False,False
AGGGACCGGCTGCGTT-1,17056,5436,TNBC,CID44971,DCIS,1,36,110,4497,7594,17056,5436,5.417448405253284,False,False,False,True,DCIS,0.11791935989379737,0.14915814802396496,0.00014410892119059011,0.23070337208639521,3,3,1.125676910420386,3,19,0.30760449611519364,2,2,0.7658897285940005,1.2266837870414902,0.8519898050249861,12.071251481736018,False,False,False,False
CCTATGAAGTGGTGCC-1,17733,5681,TNBC,CID44971,DCIS,1,37,111,4592,7648,17733,5681,3.9925562510573505,False,False,False,True,DCIS,0.046598361086086275,0.1957866537064456,0.00010786142954869669,0.20038391032917668,2,3,0.24754891802087178,1,3,0.14906524311523675,1,1,0.01078614295702438,0.010786142957025745,0.010786142953694684,19.546306941776812,False,False,False,False
GCTTACGTAGTTAGTA-1,31712,7581,TNBC,CID44971,DCIS,1,36,112,4497,7703,31712,7581,4.143541876892028,False,False,False,True,DCIS,0.18000518299626167,0.11509180963071705,0.00014396365762852728,0.4394206884764302,4,12,1.803438479196136,4,76,0.0,0,0,1.8037087211194465,0.014396365761933292,0.01439636576200225,9.676679510428324,False,False,False,False
TTATGATCTTAACGAA-1,11512,4446,TNBC,CID44971,Invasive cancer + lymphocytes,1,38,82,4688,6064,11512,4446,6.488881167477414,False,False,False,True,Invasive cancer + lymphocytes,0.10755604720727995,0.21913772145456722,0.00018763990142596577,0.7097372561022045,3,13,0.8312250297128252,2,10,0.0,0,0,9.234742240231977,0.5947786987743574,0.018763990142596578,12.06548721630779,False,False,False,False
CGCCGCCCATGCCTGT-1,12923,4638,TNBC,CID44971,Invasive cancer + lymphocytes,1,39,83,4783,6118,12923,4638,5.888725528128144,False,False,False,True,Invasive cancer + lymphocytes,0.07044829803386424,0.1710736483861391,0.0001965568001972701,0.2513824893193939,2,3,0.8914661370833326,3,10,0.0,0,0,2.307413228851913,0.01965568002013342,0.01965568001972701,14.760640249722135,False,False,False,False
CTGGGATAAATAATGG-1,15869,5480,TNBC,CID44971,Invasive cancer + lymphocytes,1,38,84,4688,6173,15869,5480,5.721847627449745,False,False,False,True,Invasive cancer + lymphocytes,0.029587551444127436,0.1493006627283115,0.00010646684367641205,0.31282131319573786,2,5,0.702185487785969,3,8,0.0,0,0,0.01064668436659119,0.010646684366040205,0.010646684365483841,14.898126219733035,False,False,False,False
GTGCCCGTTCGGATTC-1,14551,4813,TNBC,CID44971,Invasive cancer + lymphocytes,1,39,85,4783,6228,14551,4813,7.635214074634046,False,False,False,True,Invasive cancer + lymphocytes,0.03696050048721116,0.12885602246363542,0.00015012732729578044,0.1743642889434566,2,2,0.5631616034959617,3,5,0.1743642889434566,1,1,0.015012732730524862,0.01501273272899078,0.015012732730764559,12.840564048173261,False,False,False,False
TTCAATACTCTGAATC-1,26543,6689,TNBC,CID44971,Invasive cancer + lymphocytes,1,38,86,4688,6282,26543,6689,5.930000376747166,False,False,False,True,Invasive cancer + lymphocytes,0.012021489189053196,0.2246712469781566,0.00010871000296591092,0.3586529803806371,4,8,0.5592320510067769,3,9,0.0,0,0,3.8888267107794743,0.010871000297626074,0.010871000297020013,18.556555986441538,False,False,False,False
CGCACATGTCCACTAC-1,18684,5352,TNBC,CID44971,Invasive cancer + lymphocytes,1,39,87,4783,6337,18684,5352,5.753585955898095,False,False,False,True,Invasive cancer + lymphocytes,0.022866195263267646,0.20231416276737324,0.00010669834213313512,0.12129308920247588,1,2,0.5285283399919427,3,6,0.0,0,0,0.010669834214851128,0.010669834216145216,0.010669834214354712,20.199406774091972,False,False,False,False
AGAAGAGCGCCGTTCC-1,1198,709,TNBC,CID44971,Invasive cancer + lymphocytes,1,38,88,4688,6391,1198,709,9.599332220367279,False,False,False,True,Invasive cancer + lymphocytes,0.00011975446532716613,0.30239295672680905,0.00011975446532721217,0.0,0,0,0.0,0,0,0.0,0,0,0.011975446532716845,2.128188426774342,0.06850958683071551,28.030622212543133,True,False,True,False
GATAACTCGCACTGTG-1,16211,4864,TNBC,CID44971,Invasive cancer + lymphocytes,1,39,89,4783,6446,16211,4864,5.588797729936463,False,False,False,True,Invasive cancer + lymphocytes,0.15202231068373856,0.1387104669490146,0.00014543311713351758,0.5632029572323741,4,9,1.3103612135423803,4,21,0.0,0,0,0.014543311713015062,0.20136150131210884,0.014543311713015062,13.64059857016332,False,False,False,False
AGTCGACGGTCTCAAG-1,14977,4673,TNBC,CID44971,DCIS,1,38,90,4688,6501,14977,4673,3.5788208586499297,False,False,False,True,DCIS,0.19928689166047273,0.32937473604620177,0.0001960110516714454,1.0654505406160242,6,22,1.7330491569715412,4,30,0.28272500386966853,1,2,20.768196449918378,2.5029851222532606,0.37587780905099005,9.29041422339755,True,False,False,False
GTGACCGCACACTACG-1,10812,3989,TNBC,CID44971,DCIS,1,39,91,4783,6555,10812,3989,4.54125046244913,False,False,False,True,DCIS,0.01924399285167426,0.22583757816193523,0.0016585036578778065,0.0,0,0,0.4255301777725935,2,3,0.0,0,0,0.016031906147197062,0.016031906146531532,0.016031906147197062,22.535662097752596,False,False,False,False
GTATGTGGGTCTAGTT-1,16854,4955,TNBC,CID44971,DCIS,1,38,92,4688,6610,16854,4955,9.024563901744392,False,False,False,True,DCIS,0.03426022360972967,0.18994987631739255,0.00011344434700616471,0.2856716133605362,3,4,0.9507748036631762,4,11,0.0,0,0,0.01134443470001165,0.011344434700390704,0.011344434696572694,18.96095432764228,False,False,False,False
CTTGAGTTAGGGTAAT-1,8429,3547,TNBC,CID44971,DCIS,1,39,93,4783,6665,8429,3547,6.631866176296121,False,False,False,True,DCIS,0.04453895399644695,0.11077901248619172,0.00015587995570427873,0.0,0,0,0.6326670091656779,2,5,0.0,0,0,0.01558799557106253,0.015587995571274079,0.01558799557106253,11.031137261905773,False,False,False,False
TTAGCTGATTTGCCGT-1,14553,4504,TNBC,CID44971,DCIS,1,38,94,4687,6719,14553,4504,7.682264825121968,False,False,False,True,DCIS,0.04221646070429135,0.19646334625437306,0.00015779048914231993,0.0871728147393744,1,1,0.4611031091722483,2,5,0.0,0,0,0.12198120482329496,0.015779048923918917,0.01577904892393151,19.49279532276616,False,False,False,False
GCTGTTGCTACCGAAC-1,11079,3970,TNBC,CID44971,DCIS,1,39,95,4783,6774,11079,3970,7.040346601678851,False,False,False,True,DCIS,0.06181041568647088,0.13063875033558786,0.0001036267674065101,0.10720430994653697,1,1,0.9675621430477599,3,9,0.0,0,0,0.010362676740527602,0.010362676741060157,0.010362676740527935,13.03278700333667,False,False,False,False
TATTACCATCCTGCTT-1,17659,5248,TNBC,CID44971,DCIS,1,38,96,4687,6829,17659,5248,5.74777733733507,False,False,False,True,DCIS,0.03086938826922394,0.1651990686390903,0.00010362331511681339,0.07478426731035492,1,1,0.3015080012338308,2,3,0.0,0,0,0.010362331510904385,0.010362331510904517,0.010362331510668314,16.488819869376552,False,False,False,False
TTGAATTCACGTGAGG-1,10842,3923,TNBC,CID44971,DCIS,1,39,97,4783,6883,10842,3923,6.456373362848184,False,False,False,True,DCIS,0.054273002400922477,0.13968257849637686,6.88987631558012e-05,0.3484833055324394,2,4,0.9744576554684774,4,8,0.0,0,0,0.006889876317635657,0.006889876317907318,0.006889876319141281,13.947588220683002,False,False,False,False
CCATCTCACCAGTGAA-1,12172,4335,TNBC,CID44971,DCIS,1,38,98,4687,6938,12172,4335,3.9681235622740716,False,False,False,True,DCIS,0.11463126413702442,0.4247898866277356,0.00018054063019599603,1.5208595201572186,6,29,1.1809862294013624,4,13,0.6479721846713986,2,4,27.15865158293438,2.7551610200329426,2.949643436447616,9.61553262335862,True,False,False,False
CGCACGTGCGCTATCA-1,18968,5395,TNBC,CID44971,DCIS,1,39,99,4782,6993,18968,5395,8.398355124420076,False,False,False,True,DCIS,0.06594040934508881,0.25747239772771024,0.00014889383257382668,0.5257170998878383,4,10,1.023382994448801,4,14,0.1411461412334119,1,1,4.892382991238026,0.01488938325721626,0.3366509657044492,20.50331643257133,True,False,False,False
ACCCGGATGACGCATC-1,8844,3719,TNBC,CID44971,Lymphocytes,1,38,100,4687,7047,8844,3719,2.4423337856173677,False,False,False,True,Lymphocytes,0.06466717889030876,0.5201356103295086,0.017475953292578526,1.3934905662330959,5,20,0.911877579219371,3,7,0.2521517659475316,1,1,38.85621376893917,6.514451306087955,0.01262766887118013,6.630268289052546,True,False,False,False
CGCTAGAGACCGCTGC-1,11350,4363,TNBC,CID44971,DCIS,1,39,101,4782,7102,11350,4363,4.5198237885462555,False,False,False,True,DCIS,0.10430302989147401,0.1657443983987427,9.743692434578399e-05,0.379944085774327,3,4,1.138813111205553,3,13,0.0,0,0,1.4200222124882997,0.009743692434578354,0.009743692434539939,15.13493024251685,False,False,False,False
ATAGTTCCACCCACTC-1,18432,5643,TNBC,CID44971,Lymphocytes,1,38,102,4687,7156,18432,5643,3.9171006944444446,False,False,False,True,Lymphocytes,0.1376182146467179,0.3040839346457602,0.00018980443482734892,1.1376447698980134,6,27,1.4895715295896639,4,27,0.3220241559219607,1,3,19.62489098009788,0.018980443482734893,1.3779397440720793,9.386582296923326,True,False,False,False
GCAGACCCAGCACGTA-1,15732,5212,TNBC,CID44971,DCIS,1,39,103,4782,7211,15732,5212,4.938977879481312,False,False,False,True,DCIS,0.05236327754378238,0.17671058248424396,0.0001505228048634242,0.1640128329930636,2,2,1.022213795863229,4,12,0.0,0,0,0.015052280486318388,0.015052280486318388,0.015052280488337172,17.625901406963422,False,False,False,False
TAGACTACCTAGCGTT-1,17695,5498,TNBC,CID44971,Lymphocytes,1,38,104,4687,7266,17695,5498,4.221531506075162,False,False,False,True,Lymphocytes,0.1349053487910911,0.2381513281136489,9.198355247411958e-05,0.9393384271149516,5,19,1.3843546600079277,4,25,0.298646518458427,2,2,5.937892283403231,6.388305024987844,0.009198355247411928,11.479737147726404,False,False,False,False
GGTTCTACTCGTCTGA-1,19285,5743,TNBC,CID44971,DCIS,1,39,105,4782,7320,19285,5743,5.382421571169303,False,False,False,True,DCIS,0.12455674699969528,0.12183428252069696,0.002517171697570393,0.2578351451217838,3,4,1.4205140230460909,4,27,0.0,0,0,0.013582695145884744,0.013582695145884744,0.05090094920759845,12.105361912570329,False,False,False,False
GACTCACCCACGTGAG-1,11883,4432,TNBC,CID44971,DCIS,1,38,106,4687,7375,11883,4432,4.8893377093326595,False,False,False,True,DCIS,0.028811658891356152,0.17558535031875136,0.00016244234879055932,0.10176687872738895,1,1,0.6461323906273575,3,5,0.0,0,0,0.016244234879055932,0.016244234879081866,0.016244234881857052,17.509802327235143,False,False,False,False
AGCTCTTCGTAACCTT-1,26912,6683,TNBC,CID44971,DCIS,1,39,107,4782,7430,26912,6683,8.620689655172415,False,False,False,True,DCIS,0.04732765625890148,0.19135819627908673,0.00016403470150476454,0.05266073627347672,1,1,0.6676722997227845,4,11,0.0,0,0,0.016403470151995506,0.016403470150201455,0.016403470148171687,19.086609217458307,False,False,False,False
ACTATCCAGGGCATGG-1,17083,5434,TNBC,CID44971,DCIS,1,38,108,4687,7484,17083,5434,4.150324884387988,False,False,False,True,DCIS,0.02776432264529663,0.2383185883986533,0.00011223686403096403,0.0,0,0,0.5393855125087953,4,5,0.0,0,0,0.011223686402376507,0.011223686403408536,0.011223686403164257,23.79818778065638,False,False,False,False
AAGGATCGATCGCTTG-1,23736,6012,TNBC,CID44971,DCIS,1,39,109,4782,7539,23736,6012,13.102460397708123,False,False,False,True,DCIS,0.09833141217137287,0.21028567119236027,0.00023460178085652237,0.5067451839625062,6,10,0.9191754355584566,4,15,0.23438175563715868,2,2,5.172936394377752,1.1521348281195167,0.18085382201450806,14.522642074724251,False,False,False,False
ATATCGGTAGGGAGAT-1,25604,6550,TNBC,CID44971,DCIS,1,38,110,4687,7594,25604,6550,8.650992032494923,False,False,False,True,DCIS,0.15300198750598396,0.2662453490220589,0.0002907279463990815,0.899300406755778,5,30,1.5840197943242558,4,44,0.21980626787795207,2,2,10.191263748549984,1.3531855686129979,0.5292910055058468,14.55079457953706,True,False,False,False
ATTTGTCTTGGGAGCT-1,7713,3291,TNBC,CID44971,Invasive cancer + lymphocytes,1,40,84,4878,6173,7713,3291,9.088551795669648,False,False,False,True,Invasive cancer + lymphocytes,0.06413102564100329,0.1391227297852673,0.00014597057455185722,0.0,0,0,0.73544440821616,3,4,0.0,0,0,2.567767861594828,0.014597057455209027,0.014597057455185723,11.315311002021506,False,False,False,False
CCTCGGACCGGGATAG-1,7902,3494,TNBC,CID44971,Invasive cancer + lymphocytes,1,41,85,4973,6228,7902,3494,7.4158440901037705,False,False,False,True,Invasive cancer + lymphocytes,0.12258699074569962,0.21961339495151191,0.009971471948033342,0.7092385007646834,4,7,0.9287430295588406,4,5,0.0,0,0,7.749757823471685,0.14363682410900835,0.030154020464802433,14.037790827105695,False,False,False,False
TAGGTGCTCGCCTAGC-1,9787,4044,TNBC,CID44971,Invasive cancer + lymphocytes,1,40,86,4878,6282,9787,4044,4.7614182078267095,False,False,False,True,Invasive cancer + lymphocytes,0.07022857071423232,0.18414615785093258,0.0001396914942874347,0.35198509098331027,3,3,1.2871961296008234,4,11,0.0,0,0,1.7640356184727812,0.013969149428743468,0.013969149429066872,16.622641867762667,False,False,False,False
CTTTAGGAACACTGTT-1,4899,2502,TNBC,CID44971,Invasive cancer + lymphocytes,1,41,87,4973,6337,4899,2502,5.817513778322106,False,False,False,True,Invasive cancer + lymphocytes,0.23550850162263814,0.1270387241475576,0.00013853511004400707,0.37075433131625485,2,2,1.5141413449057137,3,10,0.0,0,0,0.013853511004400708,0.11690504585710015,0.013853511004400708,12.55926034688986,False,False,False,False
TCGGGCCGTCGTGGTA-1,11358,4176,TNBC,CID44971,Invasive cancer + lymphocytes,1,40,88,4878,6391,11358,4176,6.920232435287903,False,False,False,True,Invasive cancer + lymphocytes,0.030981862061042625,0.15495213428662738,0.00010630076334634635,0.10525067254901878,1,1,0.4117627779442826,2,3,0.0,0,0,0.1268448230229708,0.010630076337284168,0.010630076337232792,15.34710845296525,False,False,False,False
AGTGCTTGCACGAATA-1,4819,2392,TNBC,CID44971,Invasive cancer + lymphocytes,1,41,89,4973,6446,4819,2392,6.9724009130525015,False,False,False,True,Invasive cancer + lymphocytes,0.10714342733830548,0.11946586262707133,9.185919513562213e-05,0.0,0,0,0.775235120173088,2,4,0.0,0,0,0.009185919513561491,0.009185919513561647,0.009185919513561333,11.919028504166448,False,False,False,False
TGCAGTTTCCTCCCAT-1,11237,3857,TNBC,CID44971,Invasive cancer + lymphocytes,1,40,90,4878,6501,11237,3857,9.735694580404022,False,False,False,True,Invasive cancer + lymphocytes,0.038240607016568035,0.18705383199459547,0.00016207958884552478,0.21217767951146552,2,2,0.8294622116195186,4,6,0.0,0,0,0.016207958884552478,0.016207958882857445,0.016207958881705856,18.65675932281043,False,False,False,False
TGAGAGATTTACCACG-1,5485,2309,TNBC,CID44971,Invasive cancer + lymphocytes,1,41,91,4973,6555,5485,2309,3.646308113035551,False,False,False,True,Invasive cancer + lymphocytes,0.19240449368750562,0.23055837227016537,0.00014076740242955778,1.0309516765372568,5,7,1.5145419812981322,4,9,0.3459515732326575,1,1,10.804606482530355,2.577997238562534,0.014076740242955778,9.659156765680692,False,False,False,False
GAAACAGATGACCACC-1,16286,4908,TNBC,CID44971,DCIS,1,40,92,4878,6610,16286,4908,5.575340783495027,False,False,False,True,DCIS,0.01574175624690036,0.18453650088250667,0.0020664470735116073,0.07978843916914614,1,1,0.5810976201076099,3,6,0.1595768783382923,1,1,0.01635781543845891,0.01635781543943832,0.016357815437962674,18.40457664193481,False,False,False,False
AGCAACATATCTTATT-1,11102,3979,TNBC,CID44971,Invasive cancer + lymphocytes,1,41,93,4973,6665,11102,3979,7.953521887948117,False,False,False,True,Invasive cancer + lymphocytes,0.0803451924021776,0.14496068668210457,0.0001491680796510506,0.0,0,0,1.1716850601079873,4,11,0.34338228451039216,1,2,0.014916807965259871,0.014916807965259871,0.43107859560006356,14.035156456679873,False,False,False,False
CAAGTGTGGTTGCAAA-1,12920,4338,TNBC,CID44971,DCIS,1,40,94,4878,6719,12920,4338,9.953560371517028,False,False,False,True,DCIS,0.06254662417645597,0.14537342696229882,0.0001068699238750582,0.19107779783069434,2,2,1.248429400224471,4,16,0.0,0,0,0.010686992388317487,0.01068699238772657,0.010686992387657147,14.505281719066183,False,False,False,False
GCCTCATCTGGAAATA-1,16207,4819,TNBC,CID44971,DCIS,1,41,95,4973,6774,16207,4819,12.105880175232924,False,False,False,True,DCIS,0.04728935726783381,0.14376850084565446,0.00010744243580432681,0.0,0,0,0.8449421584445919,4,9,0.0,0,0,0.010744243582818553,0.010744243583903126,0.010744243580922658,14.344617353817801,False,False,False,False
AACCCTACTGTCAATA-1,14401,4690,TNBC,CID44971,DCIS,1,40,96,4878,6829,14401,4690,8.673008818832026,False,False,False,True,DCIS,0.021906495167640913,0.17671062473356292,0.0001106770319429582,0.0,0,0,0.6530909888317735,3,6,0.17577548881688762,1,1,0.011067703194175379,0.011067703195277544,0.011067703193498282,17.63785936377334,False,False,False,False
ACGTATTACTCCGATC-1,8322,3557,TNBC,CID44971,DCIS,1,41,97,4973,6883,8322,3557,7.714491708723864,False,False,False,True,DCIS,0.06440931212746588,0.2257290923408515,0.00014958159535103928,0.26306663767742244,2,2,0.8852644308797857,3,6,0.0,0,0,0.7758021130827133,0.014958159535032281,0.014958159535091985,21.767190801932312,False,False,False,False
TCTGGGAACCTTTGAA-1,17158,5294,TNBC,CID44971,DCIS,1,40,98,4878,6938,17158,5294,7.920503555192913,False,False,False,True,DCIS,0.07208911491755986,0.2211238956305737,0.004342523855160727,0.5832317419041241,6,9,0.8813672469952744,3,12,0.15306904170860983,1,1,0.8510524700407727,0.015503842543814459,0.01550384254194552,21.23032940793084,False,False,False,False
GCTCGCTCATGTCCAA-1,6965,3135,TNBC,CID44971,DCIS,1,41,99,4973,6993,6965,3135,7.925340990667625,False,False,False,True,DCIS,0.2036676132627355,0.12958564236964948,0.02797819604111725,0.37398281876030764,2,3,2.2785113200255065,4,28,0.29675159700147485,1,1,5.2135301294735985,1.6598544011950365,0.013347243333994955,6.07183246296232,False,False,False,False
GCGCAAGAGCGCGCTG-1,9804,3812,TNBC,CID44971,DCIS,1,40,100,4878,7047,9804,3812,6.935944512443901,False,False,False,True,DCIS,0.08687150374764757,0.18283180150966544,0.005939343922368867,0.4678939812922784,3,5,1.4859113746383563,4,17,0.6049818729529751,2,3,8.377636031246897,0.018986624604495426,1.2971165458251646,8.589440949289985,False,False,False,False
TTGACGCTCCATGAGC-1,8767,3675,TNBC,CID44971,DCIS,1,41,101,4973,7102,8767,3675,8.372305235542376,False,False,False,True,DCIS,0.16949070087745416,0.15458503860453454,0.010712077999565254,0.5014642280117911,3,5,1.8093224911305388,4,18,0.2537017785675623,1,1,3.6266799193123562,0.013918216565057633,0.013918216564902079,11.80398750801114,False,False,False,False
TATAGATGGTCGCAGT-1,15589,5164,TNBC,CID44971,DCIS,1,40,102,4878,7156,15589,5164,5.6899095516069025,False,False,False,True,DCIS,0.060071684272800435,0.1972566565170643,0.00010705651624043091,0.0,0,0,1.408267695941776,4,24,0.0,0,0,0.010705651624100915,0.010705651623436663,0.010705651622369857,19.693548696836523,False,False,False,False
TTACATGCCACAACTA-1,21952,5921,TNBC,CID44971,DCIS,1,41,103,4973,7211,21952,5921,7.457179300291545,False,False,False,True,DCIS,0.11391654524970066,0.20848078786415644,0.00010203684326889232,0.18768826256499235,3,3,1.1939593220794789,4,23,0.0,0,0,2.952238271650769,0.010203684327635007,0.010203684327492002,17.87543314610975,False,False,False,False
ACATGGCGCCAAAGTA-1,25607,6826,TNBC,CID44971,DCIS,1,40,104,4878,7266,25607,6826,5.221228570312805,False,False,False,True,DCIS,0.08246237536119075,0.21398560800180916,0.0009515397012616604,0.10989216537806029,2,2,1.2854342815535291,4,30,0.19239848730090248,1,2,0.014865318294958102,0.014865318294613947,0.032052384132604944,21.33677777945874,False,False,False,False
CATGACTTCGCTGAAT-1,22859,6099,TNBC,CID44971,DCIS,1,40,106,4877,7375,22859,6099,14.379456669145632,False,False,False,True,DCIS,0.06656621542320322,0.16230232734616015,0.00015710936859341323,0.20019397422579407,2,4,0.9875957859278036,4,18,0.0,0,0,0.01571093685937895,0.01571093685978031,0.01571093685388538,16.18309992404297,False,False,False,False
GACAGCCAGACCTGAC-1,11452,4337,TNBC,CID44971,Invasive cancer + lymphocytes,1,42,86,5068,6282,11452,4337,7.500873209919664,False,False,False,True,Invasive cancer + lymphocytes,0.13633199073505795,0.21369562204197437,0.00014552391676950753,0.44137497794526864,3,5,1.7283703148870206,4,22,0.0,0,0,1.6606057603673656,1.0217032709430065,0.014552391676950752,18.672700781210114,False,False,False,False
GGCGAAATCTAACTTG-1,10507,4115,TNBC,CID44971,Invasive cancer + lymphocytes,1,43,87,5163,6337,10507,4115,4.711144950985058,False,False,False,True,Invasive cancer + lymphocytes,0.2533522804679453,0.15455396941788885,8.56557578675537e-05,0.8513984446550958,5,12,2.238199469607471,4,42,0.0,0,0,8.649573311137448,0.008565575786755828,0.008565575786755625,6.788692479077925,False,False,False,False
CTGGTAACACATAGAA-1,6305,2917,TNBC,CID44971,Invasive cancer + lymphocytes,1,42,88,5068,6392,6305,2917,5.582870737509913,False,False,False,True,Invasive cancer + lymphocytes,0.2632072331600266,0.10878934879942927,9.168000150456446e-05,0.0,0,0,2.190472296597439,4,25,0.3167096132747999,1,1,0.009168000150456216,0.009168000150456228,0.3493695401409853,10.511229339501028,False,False,False,False
TAGCCATTTCAAAGTC-1,10547,4074,TNBC,CID44971,Invasive cancer + lymphocytes,1,43,89,5163,6446,10547,4074,6.039632122878544,False,False,False,True,Invasive cancer + lymphocytes,0.16070324028765484,0.12836372008293226,9.154893750085199e-05,0.28838308456965944,2,3,1.6960423744610085,4,25,0.22229116186313358,1,1,2.905077647498438,0.009154893750085052,0.14466854117702962,9.777470925867675,False,False,False,False
GGGATTTACCGCACCT-1,3418,1821,TNBC,CID44971,Invasive cancer + lymphocytes,1,42,90,5068,6501,3418,1821,5.5002925687536575,False,False,False,True,Invasive cancer + lymphocytes,0.17884543085023974,0.12990160918279725,0.0001345128513024831,0.22792358407454952,1,1,1.3930074923647457,3,6,0.0,0,0,0.01345128513024831,0.0134512851291852,0.01345128513024831,12.949807062890043,False,False,False,False
ATGCCATTTGCGACCA-1,4248,2232,TNBC,CID44971,Invasive cancer + lymphocytes,1,43,91,5163,6555,4248,2232,4.378531073446328,False,False,False,True,Invasive cancer + lymphocytes,0.23119664787869046,0.14894104457091592,0.00012641004776284292,0.20169471034128714,1,1,1.7953538919467036,3,13,0.4033894206825743,1,1,7.557685663081738,0.012641004776284291,2.174688739222041,5.149089050011527,False,False,False,False
GAATAGACGCGACCCA-1,5702,2717,TNBC,CID44971,Invasive cancer + lymphocytes,1,42,92,5068,6610,5702,2717,6.418800420904945,False,False,False,True,Invasive cancer + lymphocytes,0.14084372733603448,0.12581034522842827,0.00013076938636208998,0.33765703409519454,2,2,1.843006942839506,4,13,0.0,0,0,0.7792256047457641,1.855830254515792,0.013076938636208998,9.93290172494506,False,False,False,False
TGTATGGCGCAGACAG-1,2975,1738,TNBC,CID44971,Invasive cancer + lymphocytes,1,43,93,5163,6665,2975,1738,5.344537815126051,False,False,False,True,Invasive cancer + lymphocytes,0.1550607966984019,0.24071663987482209,0.0001224045878539696,0.7363901950271797,3,3,1.3902764121356688,3,5,0.0,0,0,15.37778716672731,1.57415998569481,2.241289889404246,4.878426945655844,False,False,False,False
GGATGAAGATCGCTGA-1,7971,3586,TNBC,CID44971,Invasive cancer + lymphocytes,1,42,94,5068,6719,7971,3586,5.419646217538578,False,False,False,True,Invasive cancer + lymphocytes,0.07798608057377933,0.15815163828808598,9.895723850471368e-05,0.34471794930418925,2,3,1.2454245613635118,4,9,0.0,0,0,2.6734636738317183,0.009895723850563132,0.009895723850471301,13.121908707275844,False,False,False,False
CGACAATTTGATCTAA-1,5004,2556,TNBC,CID44971,Invasive cancer + lymphocytes,1,43,95,5163,6774,5004,2556,6.874500399680255,False,False,False,True,Invasive cancer + lymphocytes,0.1864109162223327,0.2732991866491421,0.0001240112663281911,0.9583635744606288,4,7,1.7476237784355049,4,12,0.0,0,0,24.072036340195805,0.01240112663281911,0.01240112663281911,3.233080071452765,True,False,False,False
AAAGTTGACTCCCGTA-1,5527,2706,TNBC,CID44971,Invasive cancer + lymphocytes,1,42,96,5068,6829,5527,2706,5.301248416862674,False,False,False,True,Invasive cancer + lymphocytes,0.25355482724125233,0.17958621106724576,8.579353526486319e-05,0.8607793926232556,5,5,1.631136245874448,3,13,0.0,0,0,6.0360745468694255,2.788685041046046,0.4183545681643564,8.715506950644746,False,False,False,False
CACGCGGAACTGTTGC-1,7603,3405,TNBC,CID44971,DCIS,1,42,98,5068,6938,7603,3405,9.33841904511377,False,False,False,True,DCIS,0.1370091535959784,0.11142572908517762,0.027937953305474453,0.5462656333059718,3,5,1.7344964928219933,4,15,0.5596842905450238,2,2,3.0887988831184243,2.4821805536027317,0.06583690626414035,5.505756565532466,False,False,False,False
GGTTACCACCCTCGGG-1,17319,5468,TNBC,CID44971,Invasive cancer + lymphocytes,1,45,33,5354,3386,17319,5468,10.889774236387781,False,False,False,True,Invasive cancer + lymphocytes,0.140119412601079,0.1554040384313559,8.835036021591808e-05,0.6149117384286097,5,10,2.003609749622141,4,65,0.25589947186306894,1,2,10.337548088828823,0.008835036021592304,0.79419742654278,4.3998232917423925,False,False,False,False
CGAGTACTAAAGAGGA-1,24218,6546,TNBC,CID44971,Invasive cancer + lymphocytes,1,45,35,5354,3495,24218,6546,4.215872491535222,False,False,False,True,Invasive cancer + lymphocytes,0.3544639958675141,0.16664181770871642,5.654388942246354e-05,0.8338900438552382,6,21,3.3594930917775225,4,409,0.3158971502470452,2,3,7.9148965001581155,4.427014258827231,0.456831038068012,3.865439973818283,False,True,False,False
GCAAGAATTCCTTGGC-1,13506,4748,TNBC,CID44971,Invasive cancer + lymphocytes,1,44,36,5259,3550,13506,4748,8.988597660299126,False,False,False,True,Invasive cancer + lymphocytes,0.27403277195526254,0.14137440298235676,8.87617875781345e-05,0.3463925540972585,2,5,2.9187594111358806,4,109,0.3694144510386748,2,2,2.99815701699429,1.5269862660512679,0.8646787969806455,8.747618218209475,False,True,False,False
TCGCCGAAGTTGCGTC-1,6093,2829,TNBC,CID44971,Invasive cancer + lymphocytes,1,45,37,5354,3605,6093,2829,6.663384211390119,False,False,False,True,Invasive cancer + lymphocytes,0.2994415897624979,0.13544954808777632,5.8084780869323536e-05,0.40429505523778797,2,3,3.1929604540092353,4,73,0.32374794119000017,1,1,7.052086284604303,2.406939360683715,0.5373169201574203,3.5486122433321916,False,True,False,False
GCCACAATTTAAGGAC-1,10004,3890,TNBC,CID44971,Invasive cancer + lymphocytes,1,45,39,5354,3714,10004,3890,5.257896841263494,False,False,False,True,Invasive cancer + lymphocytes,0.36730297350969426,0.1590858321346895,5.67932515622913e-05,0.7801552600597702,5,8,2.93878319012637,4,90,0.0,0,0,11.848502739239022,0.005679325156228186,1.2349521846153975,2.8194489644583025,False,True,False,False
TGAGTGCCTCTTAAAT-1,12118,4313,TNBC,CID44971,Invasive cancer + lymphocytes,1,45,41,5354,3823,12118,4313,16.289816801452382,False,False,False,True,Invasive cancer + lymphocytes,0.1705931842351742,0.1651850055292268,0.019964298706987446,0.6424752956400875,3,10,1.7737361849802225,4,29,0.6868394113808459,2,5,7.734750274685408,5.218255378756157,0.6297701938429127,2.9357247056382025,False,False,False,False
GAGTGTGCGGTACCCA-1,18658,5469,TNBC,CID44971,Invasive cancer + lymphocytes,1,44,88,5258,6392,18658,5469,3.3497695358559327,False,False,False,True,Invasive cancer + lymphocytes,0.3087669172504816,0.15337591177503446,6.0328804587990094e-05,0.45997001861940756,3,9,2.50053103830545,4,97,0.3858787862004776,2,3,6.112055142305236,2.332353034550945,2.23165568727029,4.661527313376975,False,True,False,False
CAAGATATTATAACGT-1,19321,5338,TNBC,CID44971,Invasive cancer + lymphocytes,1,45,89,5353,6446,19321,5338,4.632265410693028,False,False,False,True,Invasive cancer + lymphocytes,0.2007797039698763,0.13918229878244537,0.000132497379034117,0.44541107779355693,5,7,1.9540813555542849,4,48,0.451422920710383,2,4,7.381209759320499,0.5900311079377963,1.3648525104798626,4.58213650050638,False,False,False,False
ACACACCAGGACCAGT-1,5496,2864,TNBC,CID44971,Invasive cancer + lymphocytes,1,44,90,5258,6501,5496,2864,1.8740902474526928,False,False,False,True,Invasive cancer + lymphocytes,0.15143732010579414,0.42106253529869225,0.006390103465156604,1.1247920406165244,4,11,1.3453231088882316,3,9,0.5115003407316624,1,2,26.26695603223436,10.641405088805866,3.0284531978360967,2.169439210992897,True,False,False,False
ATGGGCCTCGGCCTCT-1,21611,6099,TNBC,CID44971,Invasive cancer + lymphocytes,1,45,91,5353,6556,21611,6099,11.202628291148027,False,False,False,True,Invasive cancer + lymphocytes,0.10250660898015818,0.209249346309396,0.0002059194873681997,0.6503490148337087,4,15,0.9992076756291494,4,17,0.349212660568392,1,4,7.412046997427725,0.020591948736624347,0.5248145568551058,12.967481127920145,False,False,False,False
AAGGTGATAAACCAGC-1,8168,3658,TNBC,CID44971,Invasive cancer + lymphocytes,1,44,92,5258,6610,8168,3658,3.4769833496571985,False,False,False,True,Invasive cancer + lymphocytes,0.17772513676059007,0.330630064744377,8.378456882821277e-05,0.9429092196572597,4,11,1.704352718641814,4,17,0.266479241313631,1,1,19.021679856436275,7.896200350190667,0.008378456882821326,6.136747810927939,True,False,False,False
TCTTACTTATGCCTCT-1,19096,5758,TNBC,CID44971,Invasive cancer + lymphocytes,1,45,93,5353,6665,19096,5758,5.5770842061164645,False,False,False,True,Invasive cancer + lymphocytes,0.13864955407910068,0.186773778701144,8.568258217389022e-05,0.4950842045890152,5,9,1.6141248155155394,4,34,0.23884709031044157,1,2,11.17860268122643,4.693483488844239,0.008568258217389003,2.7967234418263427,False,False,False,False
AAAGTGTGATTTATCT-1,6871,3183,TNBC,CID44971,Invasive cancer + lymphocytes,1,44,94,5258,6719,6871,3183,4.9774414204628155,False,False,False,True,Invasive cancer + lymphocytes,0.12797348549416152,0.437358266705381,0.00017784576305344466,1.107343138280233,4,12,1.9586847354919819,4,18,0.0,0,0,28.167189116449727,7.30397833312095,4.4806200710181665,3.7840391499492636,True,False,False,False
CCACGGAGCCATAAGA-1,25394,6106,TNBC,CID44971,Invasive cancer + lymphocytes,1,47,27,5544,3058,25394,6106,26.604709773962355,False,False,False,True,Invasive cancer + lymphocytes,0.04505201995087928,0.2361325207118524,0.00017698333300001756,0.35963703165925626,5,7,0.4854230957856693,3,7,0.0,0,0,6.566725547563696,0.017698333300326725,0.1396838406603253,16.889144349660892,False,False,False,False
CTTCTATGTTGAAGTA-1,20725,5762,TNBC,CID44971,Invasive cancer + lymphocytes,1,46,28,5449,3113,20725,5762,12.062726176115802,False,False,False,True,Invasive cancer + lymphocytes,0.04638167963464777,0.1808734259590297,0.003174806859849782,0.2907898102273734,3,5,1.2401263629417125,4,22,0.0,0,0,3.236673197728284,0.015233344485405503,0.015233344488652524,14.820202709200627,False,False,False,False
CACCGTTGCGCGATAT-1,11032,4418,TNBC,CID44971,Invasive cancer + lymphocytes,1,47,29,5544,3168,11032,4418,7.1065989847715745,False,False,False,True,Invasive cancer + lymphocytes,0.059344836958838146,0.2524481875591608,6.891474146824367e-05,0.27991062276387413,2,3,0.8668468968145979,4,7,0.4301632979577196,2,2,1.1693679200974116,0.09433394328279375,0.2299947901464739,23.751122102389406,True,False,False,False
TCTAGCAATCTCCGCC-1,19550,5747,TNBC,CID44971,Invasive cancer + lymphocytes,1,46,30,5449,3222,19550,5747,8.70076726342711,False,False,False,True,Invasive cancer + lymphocytes,0.08534921798335844,0.2615882073058091,0.00014440815324049528,0.6929365345102368,5,13,1.2810774791776167,4,21,0.0,0,0,11.917467178781362,0.3239534498985719,0.014440815323749787,13.902959286577229,True,False,False,False
AGTTTGGCCAGACCTA-1,14497,5096,TNBC,CID44971,Invasive cancer + lymphocytes,1,47,31,5544,3277,14497,5096,6.242670897427054,False,False,False,True,Invasive cancer + lymphocytes,0.11306794841201354,0.256727046364692,8.741832483003452e-05,0.5521024324633718,3,9,1.6699474632835325,4,36,0.288976877421959,1,2,12.266389606630687,0.2616437800977807,0.7344373971463645,12.410233852594367,True,False,False,False
TTGTAAGGACCTAAGT-1,4729,2586,TNBC,CID44971,Invasive cancer + lymphocytes,1,46,32,5449,3332,4729,2586,3.764009304292662,False,False,False,True,Invasive cancer + lymphocytes,0.17344330349775214,0.13604315379975865,0.0001315856934359588,0.46506124269718807,2,3,2.205737887248408,4,22,0.37870152528188905,1,1,5.390271372790166,0.013158569343595881,2.1603845196366733,6.040500918205429,False,False,False,False
AAATTTGCGGGTGTGG-1,11074,4340,TNBC,CID44971,Invasive cancer + lymphocytes,1,47,33,5544,3386,11074,4340,5.372945638432364,False,False,False,True,Invasive cancer + lymphocytes,0.170072043329353,0.2173449802081609,8.663354236753921e-05,0.8736365446226074,4,14,1.7048700842432538,4,26,0.0,0,0,12.372142277560485,1.1712588725513773,1.577392109051436,6.61370476165279,False,False,False,False
AAGTTCGGCCAACAGG-1,22816,6272,TNBC,CID44971,Invasive cancer + lymphocytes,1,46,34,5449,3441,22816,6272,7.3194249649368865,False,False,False,True,Invasive cancer + lymphocytes,0.15668952371347658,0.15815543878701624,6.0250847198629644e-05,0.5048025538774898,4,12,1.8599928327824378,4,67,0.2098166067579593,1,2,5.67056456970109,0.7358983257945023,0.20065968754575877,9.208421295660274,False,False,False,False
CCGCTTACCTCACTCT-1,12961,4623,TNBC,CID44971,Invasive cancer + lymphocytes,1,47,35,5544,3496,12961,4623,7.183087724712599,False,False,False,True,Invasive cancer + lymphocytes,0.19763456337375943,0.07819035264561983,5.817386992638922e-05,0.597052870016196,5,7,2.46836139337934,4,67,0.19061742535621604,1,1,1.1718127673681085,2.1233576568574475,0.061851000451485456,4.46201383988494,False,False,False,False
ATCACGTGCTAATTAA-1,14472,4930,TNBC,CID44971,Invasive cancer + lymphocytes,1,46,36,5449,3550,14472,4930,4.332504145936982,False,False,False,True,Invasive cancer + lymphocytes,0.38661891603500004,0.07668022222756309,0.0015217110833893085,0.46441517032538376,4,6,3.4438788747779028,4,235,0.5786211014803618,2,4,0.01054946582813564,4.801557348905921,0.11943632671091121,2.7364790813113404,False,True,False,False
GGTGAAGTACAGGGAT-1,8487,3561,TNBC,CID44971,Invasive cancer + lymphocytes,1,47,37,5544,3605,8487,3561,4.017909744314834,False,False,False,True,Invasive cancer + lymphocytes,0.33511762375505705,0.12114878370114965,0.00284651048754523,0.5812222215164282,3,7,3.2518325351415,4,102,0.5190214675885124,2,2,9.40976748653522,0.003907901061896465,0.9480416935096013,1.753161289008247,False,True,False,False
GCTGTATTACTGGCCC-1,6059,2855,TNBC,CID44971,Invasive cancer + lymphocytes,1,46,38,5449,3659,6059,2855,4.522198382571382,False,False,False,True,Invasive cancer + lymphocytes,0.27755777656234876,0.07695424093226369,5.889631134321334e-05,0.32490822337216735,2,2,2.851476894717798,4,49,0.0,0,0,6.245272978723163,0.37770124228671864,0.005889631134333568,1.0665602410821542,False,True,False,False
AACGGCCATCTCCGGT-1,7230,2847,TNBC,CID44971,Invasive cancer + lymphocytes,1,47,39,5544,3714,7230,2847,3.0567081604426,False,False,False,True,Invasive cancer + lymphocytes,0.27535700927121576,0.1733589517896064,0.027812946518976794,1.2489844851660483,5,13,2.7927999612460574,4,48,0.7314977616280532,2,3,4.422467939238502,9.606379398734306,0.21192894638144147,3.095118894606389,False,True,False,False
TAAGTAACATCTTGAC-1,10594,3813,TNBC,CID44971,Invasive cancer + lymphocytes,1,46,40,5449,3769,10594,3813,2.6618840853313195,False,False,False,True,Invasive cancer + lymphocytes,0.28029387000802314,0.13687636142675697,9.098465556809774e-05,0.5781893585735172,3,8,2.6042975470437932,4,65,0.0,0,0,4.7344852809705245,7.601714620549273,0.028160459792041292,1.3232757813638585,False,True,False,False
TTCTTGAGCCGCGCTA-1,7251,2732,TNBC,CID44971,Invasive cancer + lymphocytes,1,47,41,5544,3823,7251,2732,2.261756999034616,False,False,False,True,Invasive cancer + lymphocytes,0.15058061511229992,0.18108958708360284,0.00010763516459460685,0.6012993120319681,3,6,1.7201492322835736,4,16,0.28891024080738387,1,1,6.501651070218474,8.391685713492816,0.010763516459461752,3.2048584081895335,False,False,False,False
AGTGCGTAGCTCGTAA-1,7287,3021,TNBC,CID44971,Invasive cancer + lymphocytes,1,46,42,5449,3878,7287,3021,4.665843282557979,False,False,False,True,Invasive cancer + lymphocytes,0.2667342472524239,0.3149778475760999,9.367865287784878e-05,0.8321385456652811,4,8,2.547152979006073,4,39,0.4401061532039625,1,2,20.663016137153015,5.250933662360759,0.3198799515403168,5.263955006555901,True,False,False,False
GGGATGGTCGTAACCG-1,3402,1938,TNBC,CID44971,Invasive cancer + lymphocytes,1,47,43,5544,3933,3402,1938,4.732510288065844,False,False,False,True,Invasive cancer + lymphocytes,0.2128310169965941,0.14409204600840095,0.015007323687266694,0.45701348519243634,2,2,1.689713077074766,3,9,0.0,0,0,3.9274681564899834,4.9988762499091965,0.2505525713184408,5.232307623122475,False,False,False,False
GTCTGGGCGGTCGAGA-1,10931,4201,TNBC,CID44971,Invasive cancer + lymphocytes,1,46,44,5449,3987,10931,4201,9.203183606257433,False,False,False,True,Invasive cancer + lymphocytes,0.17687057720146404,0.2883082711168698,0.000193978250242567,0.7737606693632056,3,13,1.6566670728104418,4,19,0.5129563287283025,1,4,13.632863522413146,8.132538277049301,0.6343379422119086,6.431087370012623,True,False,False,False
CGGAACGTAAACATAG-1,13471,4855,TNBC,CID44971,Invasive cancer + lymphocytes,1,47,45,5544,4042,13471,4855,6.881449038675673,False,False,False,True,Invasive cancer + lymphocytes,0.14154840394202972,0.19317698247810403,9.606854247690918e-05,0.6692536003202428,4,10,1.5727512642585688,4,25,0.5552263898229739,3,3,9.562271170447197,0.009606854247719688,1.1125532547382675,8.63326696837722,False,False,False,False
CAAACGAGTATCGCAG-1,19669,5656,TNBC,CID44971,Invasive cancer + lymphocytes,1,47,47,5544,4151,19669,5656,12.059586150795669,False,False,False,True,Invasive cancer + lymphocytes,0.095902136228856,0.2065063103808922,0.0001424271007267159,0.5357245887017726,4,10,0.9239592385094355,3,18,0.13701964579626205,1,1,11.061897664158495,3.836711922735774,0.11652386424430743,5.635497586950644,False,False,False,False
ACTTATTTATGTGCCA-1,40681,7688,TNBC,CID44971,Invasive cancer + lymphocytes,1,46,90,5448,6501,40681,7688,22.52648656621027,False,False,False,True,Invasive cancer + lymphocytes,0.06418224857843285,0.19661323816393153,0.00017106522347002528,0.4902380747376672,6,16,0.8647905882298812,4,25,0.0,0,0,4.668290389312184,0.0645713760734215,0.01710652234754879,14.91135552866,False,False,False,False
GCCCGACTTCTTCCCG-1,10697,4264,TNBC,CID44971,Invasive cancer + lymphocytes,1,49,25,5734,2949,10697,4264,4.206786949612041,False,False,False,True,Invasive cancer + lymphocytes,0.04467420366245569,0.17127541949587372,0.007512074237900304,0.0,0,0,0.7906512012184149,3,6,0.0,0,0,0.00978390144997319,0.009783901449859633,0.009783901449973055,17.098190245237564,False,False,False,False
CTGGCATCCGAATGAG-1,22580,6060,TNBC,CID44971,Invasive cancer + lymphocytes,1,48,26,5639,3004,22580,6060,16.527900797165636,False,False,False,True,Invasive cancer + lymphocytes,0.054091830311140884,0.24295682415238012,0.00015719757648064144,0.3688099083714671,4,7,0.8355079098404635,3,15,0.12221134815079437,1,1,10.863791959898283,0.015719757648804563,0.015719757648478275,13.400450940042447,True,False,False,False
AAGTGCGTTAGAATCT-1,7412,3553,TNBC,CID44971,Invasive cancer + lymphocytes,1,49,27,5734,3058,7412,3553,4.263356718834323,False,False,False,True,Invasive cancer + lymphocytes,0.062896891746309,0.23065737841860476,0.012718102004450236,0.36032331342790025,2,3,0.5404849701418504,2,3,0.0,0,0,9.985729810989657,0.010056623427265965,0.010056623427185935,13.059894784016368,False,False,False,False
AGAAGTGATTCGTGAT-1,10219,4326,TNBC,CID44971,Invasive cancer + lymphocytes,1,48,28,5639,3113,10219,4326,5.264703004207848,False,False,False,True,Invasive cancer + lymphocytes,0.14292577979991716,0.20960235892203172,0.00013978691290671738,0.5888653855845579,4,6,1.813869238903608,4,33,0.22745800791836393,1,1,9.79588067526963,0.013978691290671738,0.013978691290671738,11.136397834352199,False,False,False,False
TACCTTAAGATTTCCC-1,18470,5735,TNBC,CID44971,Invasive cancer + lymphocytes,1,49,29,5734,3168,18470,5735,4.926908500270709,False,False,False,True,Invasive cancer + lymphocytes,0.0315640207754671,0.17743119969866344,0.00010204782361280538,0.38881134321061755,4,6,0.6878757861717703,4,8,0.0,0,0,2.552933579572737,0.010204782362352796,0.010204782362131999,15.169776825569123,False,False,False,False
AATGACAGCAATGTCT-1,17471,5565,TNBC,CID44971,Invasive cancer + lymphocytes,1,48,30,5639,3222,17471,5565,6.370556922900807,False,False,False,True,Invasive cancer + lymphocytes,0.045593925211171255,0.22006534599415428,9.53738493066133e-05,0.5875338572532222,4,10,0.7445537620088284,4,8,0.0,0,0,5.017701262305557,2.651393528141414,0.009537384930661285,14.327902424037797,False,False,False,False
TCAACGCAGGAAATAA-1,30539,6844,TNBC,CID44971,Invasive cancer + lymphocytes,1,49,31,5734,3277,30539,6844,7.672156914109826,False,False,False,True,Invasive cancer + lymphocytes,0.022176832556581226,0.1268809118291389,9.94531683214793e-05,0.32251438285084677,4,8,0.7035949242934629,4,13,0.0,0,0,0.009945316831761114,0.009945316831560786,0.009945316830335189,12.658255232420235,False,False,False,False
TATTCCTCCGCCCACT-1,18999,5440,TNBC,CID44971,Invasive cancer + lymphocytes,1,48,32,5639,3332,18999,5440,8.68993104900258,False,False,False,True,Invasive cancer + lymphocytes,0.05188702880785309,0.16868025647940535,9.18443148438083e-05,0.6942709893153142,5,14,1.3454986244214964,4,23,0.2819166669539376,2,2,6.267498528465154,0.7885179270087672,1.1070841191138054,8.704925073352808,False,False,False,False
ATCAAACGAAGGTTTG-1,22568,6099,TNBC,CID44971,Invasive cancer + lymphocytes,1,49,33,5734,3386,22568,6099,5.817972350230415,False,False,False,True,Invasive cancer + lymphocytes,0.11664227064635536,0.12122845448128,5.9167733347520694e-05,0.4166442351816433,3,9,1.7000131430757557,4,48,0.12226574583366084,1,1,4.371270728559354,0.10377031595757209,0.005916773334751809,7.6418876302763215,False,False,False,False
TTGATTAGCTGTTTCT-1,16911,5383,TNBC,CID44971,Invasive cancer + lymphocytes,1,48,34,5639,3441,16911,5383,8.674827035657264,False,False,False,True,Invasive cancer + lymphocytes,0.0880530069133993,0.07610892705372398,5.778238643037888e-05,0.23228541359377175,3,3,1.418336763928634,4,24,0.2601817706120328,1,2,1.6533522882593767,1.5042644251880897,0.9486629053217762,3.5046130866031553,False,False,False,False
CTGCTGAGGCCACGAA-1,13268,4529,TNBC,CID44971,Invasive cancer + lymphocytes,1,49,35,5734,3496,13268,4529,4.145312028941815,False,False,False,True,Invasive cancer + lymphocytes,0.16617739518806163,0.09434703152409532,4.025413266448702e-05,0.44383716142809687,3,6,2.074243351540078,4,41,0.18724130165456968,1,1,0.009073372888262302,3.540678914944791,0.5083123111657698,5.376638553410708,False,False,False,False
CCGTGTTAAATTCCAT-1,11080,4012,TNBC,CID44971,Invasive cancer + lymphocytes,1,48,36,5639,3550,11080,4012,3.772563176895307,False,False,False,True,Invasive cancer + lymphocytes,0.3187587873884466,0.06546796852559744,0.01127393407387344,0.4974975983792587,3,6,3.11499020784784,4,118,0.21439434745134126,1,1,2.522102135163911,3.1280953604319732,0.003872311717968495,0.8927270452458913,False,True,False,False
CACGTCGGCAACCTCT-1,6422,2501,TNBC,CID44971,Invasive cancer + lymphocytes,1,49,37,5734,3605,6422,2501,3.643724696356275,False,False,False,True,Invasive cancer + lymphocytes,0.23308749575490764,0.08551670153684693,6.400334995269211e-05,0.548708668004565,3,4,2.7410476570278677,4,43,0.0,0,0,7.1993712908518885,1.3394981928422665,0.006400334995269305,0.006400334995268971,False,False,False,False
GTATTCTGAGAAACGA-1,8436,3055,TNBC,CID44971,Invasive cancer + lymphocytes,1,48,38,5639,3659,8436,3055,3.2005689900426746,False,False,False,True,Invasive cancer + lymphocytes,0.3967725347111895,0.11184187895352973,6.17906981378046e-05,0.5133467137136601,3,5,3.5276976409390386,4,123,0.0,0,0,0.006179069813780189,8.310263964668815,0.35489872479679985,2.5128461360735774,False,True,False,False
CGGTGCGCGTTGGTCC-1,5202,2178,TNBC,CID44971,Invasive cancer + lymphocytes,1,49,39,5734,3714,5202,2178,3.2487504805843908,False,False,False,True,Invasive cancer + lymphocytes,0.2130419758959277,0.1467769148964077,0.00013704039368435609,0.6204413086093034,3,4,2.7316790899280208,4,31,0.0,0,0,6.353386358186761,3.9907508706118913,0.9383462261501399,3.395208034691978,False,False,False,False
GTGATTCGCCGCTCAA-1,9207,2803,TNBC,CID44971,Invasive cancer + lymphocytes,1,48,40,5639,3769,9207,2803,2.3894862604540026,False,False,False,True,Invasive cancer + lymphocytes,0.27858892412713737,0.14338336593141157,7.204482410928108e-05,0.7524701465639136,5,7,2.718025492554697,4,57,0.2451035772056687,1,1,5.307637040511668,4.771910206553312,0.01910786021077133,4.239681485865405,False,True,False,False
GCCCGCGCGTAAACGG-1,14163,4823,TNBC,CID44971,Invasive cancer + lymphocytes,1,49,41,5734,3823,14163,4823,4.58236249382193,False,False,False,True,Invasive cancer + lymphocytes,0.20770840302672489,0.18972234554602713,8.769240337495104e-05,0.5483757599564419,4,8,2.169517224006995,4,63,0.0,0,0,8.31362946965843,2.4080235607324734,0.008769240337493902,8.241812283874314,False,False,False,False
AACGTACTGTGGGTAC-1,5728,2742,TNBC,CID44971,Invasive cancer + lymphocytes,1,48,42,5639,3878,5728,2742,5.778631284916201,False,False,False,True,Invasive cancer + lymphocytes,0.14414648815584674,0.2639232715280331,8.551242072269914e-05,1.0289043546605987,4,9,1.6664441375873267,3,16,0.8374298656948925,2,3,18.6400086715938,0.008551242072270022,2.9391707330482233,4.804596506089011,True,False,False,False
GAGTATGCCCGCCTTG-1,8351,3398,TNBC,CID44971,Invasive cancer + lymphocytes,1,49,43,5734,3933,8351,3398,5.31672853550473,False,False,False,True,Invasive cancer + lymphocytes,0.14433347525968335,0.12951837621191695,6.560033186448156e-05,0.39365138837872254,3,3,1.6336522573346373,3,22,0.2624342589191484,1,1,1.6169354229469393,3.8731579307422175,0.0065600331864481215,7.455184234316089,False,False,False,False
TGATTCTGTCGCCGGT-1,7614,3297,TNBC,CID44971,Invasive cancer + lymphocytes,1,48,44,5639,3987,7614,3297,2.4034672970843185,False,False,False,True,Invasive cancer + lymphocytes,0.1874791425473114,0.2903184054027087,0.00012751571230462213,0.926260909366035,4,10,2.5337916073625304,4,39,0.5324625545198604,1,3,2.075988492197381,17.70937579163734,0.12939290522694902,9.117083351209205,True,False,False,False
GGGCGGCAAATGAATT-1,8298,3520,TNBC,CID44971,Invasive cancer + lymphocytes,1,49,45,5734,4042,8298,3520,2.6030368763557483,False,False,False,True,Invasive cancer + lymphocytes,0.2362544061010494,0.36333216906092414,0.00012141199437693963,1.1056148163884478,5,13,2.283766167478557,4,31,0.0,0,0,16.06658962330949,18.731866621092134,0.41552773310589536,1.1192329285848963,True,False,False,False
TTCCAATCTGGCTATC-1,6144,3032,TNBC,CID44971,Invasive cancer + lymphocytes,1,48,46,5639,4097,6144,3032,2.587890625,False,False,False,True,Invasive cancer + lymphocytes,0.2103807215960233,0.3701375585816753,0.0001265304186177146,1.3687320562175451,5,13,2.0532042169570346,4,20,0.3220241559219607,1,1,18.298403850794664,18.690045923649325,0.01265304186177146,0.01265304186177146,True,False,False,False
GGAACCGTGTAAATTG-1,11301,4486,TNBC,CID44971,Invasive cancer + lymphocytes,1,49,47,5734,4151,11301,4486,2.920095566764003,False,False,False,True,Invasive cancer + lymphocytes,0.2416648821357115,0.3308616127057341,0.02444234018937159,1.1662916594204167,6,20,2.1882513215275163,4,39,1.111171050816653,3,7,14.288258586358046,16.241698683944037,1.888130649762602,0.668073350508728,True,False,False,False
TTGGTCACACTCGTAA-1,11750,4410,TNBC,CID44971,Invasive cancer + lymphocytes,1,48,48,5639,4206,11750,4410,6.425531914893617,False,False,False,True,Invasive cancer + lymphocytes,0.10326913268509649,0.35919696953728164,8.444897324228432e-05,1.3723882606902489,5,27,1.7969023293613204,4,25,0.6994439028332785,2,5,17.419862998475,13.898060731997772,0.008444897324227903,4.593328325931166,True,False,False,False
CGAACCCGCATGCGTC-1,12482,4610,TNBC,CID44971,Invasive cancer + lymphocytes,1,49,49,5734,4261,12482,4610,5.9605832398654055,False,False,False,True,Invasive cancer + lymphocytes,0.19440985999587435,0.4064285481583093,0.00012303394028581323,1.6047205876380548,6,36,1.9401732470998736,4,32,0.1961424608425847,1,1,15.378150195194229,21.089990504771936,0.012303394028581324,4.162410721836189,True,False,False,False
TACCAGAAGTAGGTTC-1,18168,5263,TNBC,CID44971,Lymphocytes,1,49,51,5734,4370,18168,5263,9.318582122413034,False,False,False,True,Lymphocytes,0.04647740692063848,0.577079536480666,0.0001334050114031534,1.5355418483620842,5,52,0.666382941820285,4,7,0.24744522113684952,1,2,38.06326015469843,13.689156493199672,0.3902913947788642,5.565245605389633,True,False,False,False
GATGTAACGAACCACC-1,29794,6781,TNBC,CID44971,Invasive cancer + lymphocytes,1,51,21,5924,2731,29794,6781,9.115929381754716,False,False,False,True,Invasive cancer + lymphocytes,0.04616747745554315,0.2089672479465141,0.00015046289975714287,0.13383276334776997,2,3,0.9927949269341877,4,21,0.09646970539988502,1,1,4.649497505222917,0.015046289975978547,0.015046289971894534,16.21713470948062,False,False,False,False
CTCCCTCCTTTCGATC-1,7382,3274,TNBC,CID44971,Invasive cancer + lymphocytes,1,51,23,5924,2840,7382,3274,3.8742888106204276,False,False,False,True,Invasive cancer + lymphocytes,0.10500612533507706,0.16722385740770634,0.00013450152629069853,0.1427317639012436,1,1,0.840381829823008,2,7,0.0,0,0,5.758625298555914,0.013450152629069853,0.013450152629069853,10.936860136956582,False,False,False,False
TTGGAAGAATACAGTC-1,17728,5573,TNBC,CID44971,Invasive cancer + lymphocytes,1,50,24,5829,2894,17728,5573,5.984882671480144,False,False,False,True,Invasive cancer + lymphocytes,0.04773642120517073,0.16424964721463906,0.00010088111713825161,0.2749753431011402,3,4,0.6012773180992321,4,6,0.0,0,0,0.010088111715233373,0.01008811171523327,0.010088111715739782,16.394700386317698,False,False,False,False
AGTTAAGTCAACCGCT-1,9493,3961,TNBC,CID44971,Invasive cancer + lymphocytes,1,51,25,5924,2949,9493,3961,4.561255662066786,False,False,False,True,Invasive cancer + lymphocytes,0.05244856749346852,0.1447931316276879,9.904240080446772e-05,0.11991679031072443,1,1,0.6387011788841219,2,6,0.0,0,0,1.0351981082390826,2.3284625348250985,0.009904240080446726,11.105748279624162,False,False,False,False
CTCATGGTAATTTGCG-1,5877,2993,TNBC,CID44971,Invasive cancer + lymphocytes,1,50,26,5829,3004,5877,2993,4.662242640803131,False,False,False,True,Invasive cancer + lymphocytes,0.08523016627314045,0.1365227418753829,9.678257836257742e-05,0.0,0,0,1.263745376583799,3,9,0.0,0,0,0.009678257836259474,0.009678257836259098,1.3483318392355066,12.284585832630265,False,False,False,False
AAAGTAGCATTGCTCA-1,18010,5485,TNBC,CID44971,Invasive cancer + lymphocytes,1,51,27,5924,3058,18010,5485,3.5480288728484175,False,False,False,True,Invasive cancer + lymphocytes,0.04238745307253539,0.13622123842625664,0.0001022241782385809,0.19494804171501803,1,4,0.4659377558808223,3,5,0.0,0,0,0.010222417824072476,0.0102224178242378,0.01022241782422584,13.591456589153129,False,False,False,False
TTGTGGTAGGAGGGAT-1,20224,5821,TNBC,CID44971,Invasive cancer + lymphocytes,1,50,28,5829,3113,20224,5821,4.994066455696203,False,False,False,True,Invasive cancer + lymphocytes,0.022363348520548085,0.14468027047690288,0.00010312922151098224,0.18156001787301612,2,3,0.2008831463973534,2,2,0.0,0,0,1.6156968530658817,0.010312922150731124,0.010312922147156537,12.83170435032652,False,False,False,False
AGTCGTGGGCATTACG-1,12089,4263,TNBC,CID44971,Invasive cancer + lymphocytes,1,51,29,5924,3168,12089,4263,3.854743982132517,False,False,False,True,Invasive cancer + lymphocytes,0.03782696991623315,0.16916731578468147,6.757097155564785e-05,0.10046396647247245,1,1,0.6388046217389488,3,5,0.0,0,0,0.006757097155519747,0.006757097155519771,0.006757097155519747,16.896460287001588,False,False,False,False
ACCTAAGTACCTTTCA-1,19971,5846,TNBC,CID44971,Invasive cancer + lymphocytes,1,50,30,5829,3222,19971,5846,3.9507285564067898,False,False,False,True,Invasive cancer + lymphocytes,0.0247179851388768,0.1524828182284197,7.036880913803855e-05,0.1833036660121563,2,3,0.5762268889129335,3,7,0.13531634206175766,1,1,0.007036880914142133,0.007036880914182523,0.007036880913195126,15.227171180100449,False,False,False,False
GTAGAGGGAGACAAGT-1,16294,5267,TNBC,CID44971,Invasive cancer + lymphocytes,1,51,31,5924,3277,16294,5267,4.805449858843746,False,False,False,True,Invasive cancer + lymphocytes,0.14447367351224605,0.12065733802871939,9.17580538957827e-05,0.0,0,0,2.175319856974091,4,61,0.26695183215479407,1,2,0.009175805389310667,0.3952233836280128,0.009175805389310595,11.652158808465304,False,False,False,False
GATCCTCGACACTGGC-1,20662,5789,TNBC,CID44971,Invasive cancer + lymphocytes,1,50,32,5829,3332,20662,5789,5.531894298712612,False,False,False,True,Invasive cancer + lymphocytes,0.08553443789587352,0.13444402310313322,9.281100519166359e-05,0.3759848474664687,5,6,0.9068972046623264,4,14,0.0,0,0,2.2384014750737724,0.009281100519166644,0.009281100520574681,11.18743863419981,False,False,False,False
CCTACATTCACAGACG-1,3171,1879,TNBC,CID44971,Invasive cancer + lymphocytes,1,51,33,5924,3386,3171,1879,3.878902554399243,False,False,False,True,Invasive cancer + lymphocytes,0.11118522242804592,0.13631303447472198,8.719038990669673e-05,0.23732840791011653,1,1,0.9944272506072007,2,4,0.47465681582023306,1,1,0.008719038990668728,0.008719038990669812,2.1503390869404653,11.463526282550395,False,False,False,False
TTGACCGTGTTAATGA-1,8039,3475,TNBC,CID44971,Invasive cancer + lymphocytes,1,50,34,5829,3441,8039,3475,3.4457022017663888,False,False,False,True,Invasive cancer + lymphocytes,0.1741534781897011,0.11640618556778598,5.8398925998690465e-05,0.6019717226823832,3,6,1.7390234450718052,4,18,0.2694104611265725,1,1,3.0546531055513575,3.180395154090588,0.6772778191208089,4.728292478015844,False,False,False,False
TCTGTTACCCAGCATA-1,3338,1927,TNBC,CID44971,Invasive cancer + lymphocytes,1,51,35,5924,3496,3338,1927,2.9059316956261236,False,False,False,True,Invasive cancer + lymphocytes,0.13358832681780602,0.3512384775396785,0.0001677277331419118,1.444017494685468,5,9,2.0487351181132794,4,10,0.0,0,0,23.64677722643767,10.240489128528049,0.016772773314191178,1.2198086256879368,True,False,False,False
CTAACTGGTCCGGTTC-1,2288,1428,TNBC,CID44971,Invasive cancer + lymphocytes,1,50,36,5829,3550,2288,1428,5.201048951048951,False,False,False,True,Invasive cancer + lymphocytes,0.19634622760805284,0.2657145804444428,8.568907169427037e-05,0.6595525744012772,2,3,0.9893288616019158,2,3,0.0,0,0,19.310090416638882,4.340451023962385,0.008568907169426694,2.9123476966735855,True,False,False,False
AGCGACAGGAACGGTC-1,3737,1945,TNBC,CID44971,Invasive cancer + lymphocytes,1,51,37,5924,3605,3737,1945,4.495584693604496,False,False,False,True,Invasive cancer + lymphocytes,0.2780770159912596,0.08612721749243749,5.813837682329207e-05,0.2169682953066202,1,1,2.3524403079765173,4,17,0.0,0,0,5.44033816206047,3.1607559118186197,0.005813837682329302,0.005813837682329246,False,True,False,False
TAATAGAACAGAGTTA-1,2424,1406,TNBC,CID44971,Invasive cancer + lymphocytes,1,50,38,5829,3660,2424,1406,5.528052805280528,False,False,False,True,Invasive cancer + lymphocytes,0.21734255203872152,0.14235742709387958,5.9761488910842054e-05,0.9155224634890092,3,4,2.384108352148505,4,10,0.0,0,0,11.494963154939349,0.005976148891087915,0.005976148891084595,2.728827256666437,False,False,False,False
ACAGGTGGAGGTGAGG-1,3985,1698,TNBC,CID44971,Invasive cancer + lymphocytes,1,51,39,5924,3714,3985,1698,3.4378920953575913,False,False,False,True,Invasive cancer + lymphocytes,0.4296335350325968,0.10085862397762836,0.00010662708227493171,0.29914855378530814,1,2,2.434670577353226,4,21,0.41848267147058155,1,1,0.010662708227492735,0.010662708227493134,3.22879933983586,6.835737641471991,False,True,False,False
TGCGAGAATATTACCC-1,4116,2045,TNBC,CID44971,Invasive cancer + lymphocytes,1,50,40,5829,3769,4116,2045,5.00485908649174,False,False,False,True,Invasive cancer + lymphocytes,0.3109617065553356,0.09702889891016703,8.594538629761341e-05,0.2054045146402034,1,1,3.07853742611882,4,41,0.790646903490699,1,4,0.008594538629760616,4.065420003362615,3.7513351959609156,1.8775401530634117,False,True,False,False
TTGCGTCGGCCAACCG-1,2861,1494,TNBC,CID44971,Invasive cancer + lymphocytes,1,51,41,5924,3823,2861,1494,5.662355819643481,False,False,False,True,Invasive cancer + lymphocytes,0.38277375793056706,0.06416801900023206,5.9039270632389296e-05,0.3463768646456435,1,2,3.0608826176618615,4,28,0.0,0,0,0.005903927063239266,4.525701714560676,0.005903927063239574,1.8792923313360514,False,True,False,False
AGGCTTCCCGAAGAAG-1,13759,4623,TNBC,CID44971,Invasive cancer + lymphocytes,1,50,42,5829,3878,13759,4623,5.036703248782615,False,False,False,True,Invasive cancer + lymphocytes,0.18467498878263824,0.1245860269047348,9.384353500523585e-05,0.33168173237203896,3,4,2.296512315316693,4,60,0.0,0,0,3.7402416911532983,3.7394298993261583,0.009384353500523477,4.9695467464935,False,False,False,False
GCGGACCGCGTTGTGG-1,7718,2976,TNBC,CID44971,Invasive cancer + lymphocytes,1,51,43,5924,3933,7718,2976,7.242809017880279,False,False,False,True,Invasive cancer + lymphocytes,0.22227020971936892,0.1441678118301499,0.0001311422439337364,0.40293466330819333,2,4,2.5739718423891,4,39,0.0,0,0,0.7342041341893649,9.048038101366359,1.4509776658537057,3.1835612816055616,False,False,False,False
GTAATCTGATTCTTCG-1,8622,3343,TNBC,CID44971,Invasive cancer + lymphocytes,1,50,44,5829,3987,8622,3343,2.563210392020413,False,False,False,True,Invasive cancer + lymphocytes,0.27691801778461794,0.19936389519316117,9.210617933724223e-05,0.8260585274467709,4,10,2.601606286378473,4,55,0.0,0,0,17.56483966195659,1.2180916643011233,0.00921061793372394,1.1442475751246775,False,True,False,False
CCGCGGAATGCGTCAC-1,10361,3412,TNBC,CID44971,Invasive cancer + lymphocytes,1,51,45,5924,4042,10361,3412,4.709970080108097,False,False,False,True,Invasive cancer + lymphocytes,0.2195352711013056,0.14693014571676805,0.00014042713189194473,0.669348942741057,3,9,1.8523294450994967,4,28,0.45038169941341083,2,2,0.014042713189194473,12.27450848952718,0.014042713189194473,2.3904206557712344,False,False,False,False
TTCCACACAGATTTGA-1,10440,3818,TNBC,CID44971,Invasive cancer + lymphocytes,1,50,46,5829,4097,10440,3818,2.5191570881226055,False,False,False,True,Invasive cancer + lymphocytes,0.32412083451742846,0.16245926972577696,0.003708765483314638,0.7855701210171387,6,8,2.560274556017846,4,58,0.4478994552540074,2,2,11.792764413600098,2.4057981863134192,1.3806191961233194,0.6667451765408587,False,True,False,False
CTTCTATTAATGCTAG-1,5677,2563,TNBC,CID44971,Invasive cancer + lymphocytes,1,51,47,5924,4151,5677,2563,3.2763783688567907,False,False,False,True,Invasive cancer + lymphocytes,0.34749711811298173,0.21889085743697623,0.003026293097474579,0.8964665860742254,4,7,3.1242146293367625,4,60,1.1157520082165808,2,5,9.083542650617158,10.668837763670906,1.7880107479490037,0.3486945814605532,False,True,False,False
CATTTGAGTGGTACGT-1,6313,3109,TNBC,CID44971,Invasive cancer + lymphocytes,1,50,48,5829,4206,6313,3109,3.453191826389989,False,False,False,True,Invasive cancer + lymphocytes,0.28949698504360033,0.3078365307962193,8.267447945554744e-05,1.7392129015615705,5,26,2.4600390891625303,4,32,0.31645044552289237,1,1,15.996516390718371,14.027114493794816,0.5329762112171736,0.22704598389157227,True,True,False,False
TCACAGCAAACTCGAA-1,5616,2733,TNBC,CID44971,Lymphocytes,1,51,49,5924,4261,5616,2733,2.475071225071225,False,False,False,True,Lymphocytes,0.20662342573652795,0.2718933197136232,0.00012166427400314555,0.5938250359042171,3,4,2.052106780766762,4,18,0.3408921209824089,1,1,12.689289836595696,9.005484842250253,1.2686080559592086,4.225949236557163,True,False,False,False
CAGACGAACCTGATAC-1,6283,3174,TNBC,CID44971,Lymphocytes,1,50,50,5829,4315,6283,3174,2.196402992201178,False,False,False,True,Lymphocytes,0.12973985512118952,0.47767530349507714,8.532342589604305e-05,1.6005542238527444,5,20,1.1916744071464,4,6,0.4770249229771755,1,2,22.276859182936896,25.470989368251555,0.010172935009293255,0.009508863309972141,True,False,False,False
TAGCTAGAAGGCATGA-1,8036,3473,TNBC,CID44971,Lymphocytes,1,51,51,5924,4370,8036,3473,2.0905923344947737,False,False,False,True,Lymphocytes,0.16779317281646083,0.34682550293106157,0.00012541427191041605,0.9815146145017689,4,14,1.0087820814980728,3,8,0.5389588757374332,2,2,21.727369957606754,7.705071211130926,2.08024352654381,3.169865597824667,True,False,False,False
CGCGAGTCTGCCGGGT-1,28840,6593,TNBC,CID44971,Invasive cancer + lymphocytes,1,52,20,6020,2676,28840,6593,10.436893203883495,False,False,False,True,Invasive cancer + lymphocytes,0.06699805734490498,0.19438884110422183,0.00022199128965824156,0.4388508851453847,5,11,0.98411937133214,4,22,0.2748245559440438,2,3,2.7003675288692013,0.022199128966394806,0.5038138844896981,16.21250356809689,False,False,False,False
TGCGTCATGACTGAGC-1,14917,4758,TNBC,CID44971,Invasive cancer + lymphocytes,1,53,21,6115,2731,14917,4758,10.484681906549573,False,False,False,True,Invasive cancer + lymphocytes,0.07590811816730679,0.23982157243427865,0.00014895203400195034,0.6141002428110173,4,10,1.0199288214215172,4,12,0.0,0,0,6.508220866253375,0.014895203400195034,0.01489520340068257,17.44414597037361,False,False,False,False
GTATGAAATTTCACTC-1,11087,4541,TNBC,CID44971,Invasive cancer + lymphocytes,1,52,22,6020,2785,11087,4541,3.2560656624875977,False,False,False,True,Invasive cancer + lymphocytes,0.1445960663085148,0.29275096578838417,0.0001870244851446801,0.5634042979064546,3,8,1.6334876395601694,4,19,0.7803116645166469,2,5,20.63229367248926,0.01870244851446801,1.58196776759782,7.042132690236869,True,False,False,False
TTGGTTGCGGTGCGCG-1,10625,4168,TNBC,CID44971,Invasive cancer + lymphocytes,1,53,23,6115,2840,10625,4168,5.289411764705882,False,False,False,True,Invasive cancer + lymphocytes,0.05459230069273917,0.18811448561563826,9.543708050080509e-05,0.39753256481248983,3,4,0.6951270313797713,3,5,0.22109807247008806,1,1,0.009543708050080509,0.8584460253254812,0.6891230289352368,17.254335799253028,False,False,False,False
ACAGAACTGAGAACAA-1,16774,5442,TNBC,CID44971,Invasive cancer + lymphocytes,1,52,24,6020,2895,16774,5442,4.6023607964707285,False,False,False,True,Invasive cancer + lymphocytes,0.0404275884280685,0.1780020167208047,9.628723669038472e-05,0.28669390046206705,3,4,0.85811964087811,3,11,0.15586706626716204,1,1,0.01037196741183569,0.16591070551443984,0.009628723668861444,17.614290275485335,False,False,False,False
CTACTATCATAGGTTT-1,5054,2519,TNBC,CID44971,Invasive cancer + lymphocytes,1,53,25,6115,2949,5054,2519,2.0577760189948555,False,False,False,True,Invasive cancer + lymphocytes,0.21491030328202412,0.20165833106361894,0.00012772240117106453,0.8974390713674452,4,6,2.767469149676195,4,34,0.36382124254877923,1,1,15.132736689733747,0.012772240117106454,1.29401676567617,3.726307410834869,False,False,False,False
CCTCTATCGATTAGCA-1,9049,3840,TNBC,CID44971,Invasive cancer + lymphocytes,1,52,26,6019,3004,9049,3840,3.138468339042988,False,False,False,True,Invasive cancer + lymphocytes,0.0888510725749334,0.19502735769206078,9.19535183358941e-05,0.3721801761937824,3,3,1.385066707423836,4,13,0.38877660164283584,1,2,4.851987753830358,0.009195351833589547,0.11652907879894372,14.525023584743185,False,False,False,False
CCGTATCTCGTCGTAG-1,10237,4057,TNBC,CID44971,Invasive cancer + lymphocytes,1,53,27,6115,3058,10237,4057,3.3310540197323437,False,False,False,True,Invasive cancer + lymphocytes,0.08934900289473885,0.2539138079569347,0.00014509786482203659,0.47460324472638704,3,5,0.5111280031139165,3,3,0.22716800138396287,1,1,4.165640965230529,1.36634836258401,0.01450978648220366,19.84488168139673,True,False,False,False
TCACGATGTCCGTGGA-1,12703,4565,TNBC,CID44971,Invasive cancer + lymphocytes,1,52,28,6019,3113,12703,4565,2.936314256474849,False,False,False,True,Invasive cancer + lymphocytes,0.03808934076358095,0.15658604300350779,9.765574396905054e-05,0.0967764813840274,1,1,0.5395149050273884,2,5,0.1935529627680548,1,1,0.009765574396904996,0.009765574396864948,0.009765574397133277,15.629307577159876,False,False,False,False
TCAACAAAGATAATTC-1,18971,5614,TNBC,CID44971,Invasive cancer + lymphocytes,1,53,29,6115,3168,18971,5614,4.064097833535396,False,False,False,True,Invasive cancer + lymphocytes,0.09045118968135818,0.18113063630154239,6.257528262920879e-05,0.2780371785361168,2,5,1.6969032021005177,4,40,0.1411279440941607,1,1,2.4233770450028604,0.5048476690751926,0.28000145376404306,14.904837462312143,False,False,False,False
ATGACGCGTTCTATCC-1,17245,5230,TNBC,CID44971,Invasive cancer + lymphocytes,1,52,30,6019,3222,17245,5230,3.9431719338938827,False,False,False,True,Invasive cancer + lymphocytes,0.04522815701853672,0.16038790312409043,9.391721749077066e-05,0.43323109130407755,5,6,0.6369538760811639,3,7,0.15244925721541916,1,1,0.009391721749077464,0.00939172174923729,0.2895514835038979,15.730455385406831,False,False,False,False
ATTTGCGCGAGTAGCT-1,12055,4209,TNBC,CID44971,Invasive cancer + lymphocytes,1,53,31,6114,3277,12055,4209,4.52094566569888,False,False,False,True,Invasive cancer + lymphocytes,0.08898614474282865,0.11526219353591785,0.007919242168038179,0.16299561096768103,1,2,1.1226312826262097,4,13,0.20135327397458955,1,1,0.009406046758840828,0.009406046758840679,0.12314151149654592,11.384265748577556,False,False,False,False
TTCTTGGACGATCTGC-1,5854,2773,TNBC,CID44971,Invasive cancer + lymphocytes,1,52,32,6019,3332,5854,2773,3.4506320464639564,False,False,False,True,Invasive cancer + lymphocytes,0.26329703939511667,0.11537222633207415,5.871137359765168e-05,0.49814832307263507,3,3,2.684192808094804,4,37,0.0,0,0,5.838239042668984,0.005871137359765234,0.005871137359765895,5.687241315818901,False,False,False,False
AGACGACGATGCCGCT-1,5449,2495,TNBC,CID44971,Invasive cancer + lymphocytes,1,53,33,6114,3386,5449,2495,4.331069921086438,False,False,False,True,Invasive cancer + lymphocytes,0.28999663717415397,0.09552081126054651,5.8475321662967805e-05,0.17368536178815855,1,1,3.1357421151376235,4,52,0.0,0,0,6.053487858685392,0.005847532166294743,1.1609911703956537,2.3317545648073112,False,True,False,False
GGTCTCTGAATGGACT-1,4306,1942,TNBC,CID44971,Invasive cancer + lymphocytes,1,52,34,6019,3441,4306,1942,2.5777984208081746,False,False,False,True,Invasive cancer + lymphocytes,0.14542519240325077,0.2835260878261206,0.00012788750759238696,0.6769707572707916,2,6,1.5518409907599853,4,7,0.0,0,0,26.4440644408453,0.012788750759238696,0.012788750759238696,1.8829668402482818,True,False,False,False
GCTCAATCCGTTTATT-1,3509,1733,TNBC,CID44971,Invasive cancer + lymphocytes,1,53,35,6114,3496,3509,1733,2.1373610715303504,False,False,False,True,Invasive cancer + lymphocytes,0.3596664299812001,0.1604058493335433,6.480220861279248e-05,0.7663503827879566,3,4,2.5982916289898754,4,19,0.0,0,0,14.254856272760607,0.006480220861279806,1.7727682188711624,0.006480220861280251,False,True,False,False
CCAGAAAGCAACTCAT-1,3464,1888,TNBC,CID44971,Invasive cancer + lymphocytes,1,52,36,6019,3550,3464,1888,3.6085450346420322,False,False,False,True,Invasive cancer + lymphocytes,0.3438737459122751,0.12984401442092475,4.207897836521453e-05,0.45253182206277204,2,2,2.5159122050115883,4,16,0.45253182206277204,1,1,3.955649535560673,3.8940582902221723,2.032391358901132,3.1023022574084984,False,True,False,False
CACCGTTAGGGATCAC-1,1688,1108,TNBC,CID44971,Invasive cancer + lymphocytes,1,53,37,6114,3605,1688,1108,3.850710900473934,False,False,False,True,Invasive cancer + lymphocytes,0.14990184302307027,0.21952465944032645,8.731742753730854e-05,0.0,0,0,1.122058248574308,2,3,0.0,0,0,19.292543717904564,0.008731742753729649,1.9405737039578237,0.7106167794165291,False,False,False,False
AATAACACTAGAACAA-1,4636,2476,TNBC,CID44971,Invasive cancer + lymphocytes,1,52,38,6019,3660,4636,2476,4.5297670405522,False,False,False,True,Invasive cancer + lymphocytes,0.1905300631732105,0.12661899436649865,5.942865644818404e-05,0.2783928103912153,1,2,1.8836319985277354,3,16,0.0,0,0,10.406155275782455,0.00594286564482707,0.00594286564482672,2.2438584295777586,False,False,False,False
CACCCGGTTTGTGACT-1,1902,1182,TNBC,CID44971,Invasive cancer + lymphocytes,1,53,39,6114,3714,1902,1182,3.838065194532071,False,False,False,True,Invasive cancer + lymphocytes,0.2578769745856988,0.08417841811121855,0.034015372899666024,0.6112668296998206,2,2,1.74351308478764,3,7,1.2225336593996412,2,2,2.4939780185591838,5.913002588852126,0.005430601855272915,0.005430601855272692,False,False,False,False
CCACCAACTTTACTGT-1,2141,1347,TNBC,CID44971,Invasive cancer + lymphocytes,1,52,40,6019,3769,2141,1347,4.156936011209715,False,False,False,True,Invasive cancer + lymphocytes,0.21305861282725255,0.07461636149683902,0.038312136894779684,0.2892191908257154,1,1,2.2498667378817148,4,9,0.7787193612570932,1,2,0.005474285620145968,0.005436753627543527,0.9577655386895395,6.492959571746673,False,False,False,False
AACTCTCAGTGTGCTC-1,2375,1429,TNBC,CID44971,Invasive cancer + lymphocytes,1,53,41,6114,3824,2375,1429,4.968421052631579,False,False,False,True,Invasive cancer + lymphocytes,0.18559831684672512,0.22343920266959155,0.00012208452359789744,0.5502269569893832,2,2,1.7904487035568857,3,9,0.5502269569893832,1,1,9.617368674162384,0.012208452359789745,0.8428083958991133,11.871534744537867,False,False,False,False
AAACCGTTCGTCCAGG-1,9106,3582,TNBC,CID44971,Invasive cancer + lymphocytes,1,52,42,6019,3878,9106,3582,5.545793981989896,False,False,False,True,Invasive cancer + lymphocytes,0.30838992533104465,0.11365940204034788,5.852038427500799e-05,0.2428903951652488,1,3,2.8500338616169394,4,72,0.0,0,0,0.0058520384275009794,7.95630805686481,0.0058520384275014565,3.3979280703149763,False,True,False,False
CAGCGATTCCCTTCAA-1,7238,2949,TNBC,CID44971,Invasive cancer + lymphocytes,1,53,43,6114,3933,7238,2949,4.9184857695496,False,False,False,True,Invasive cancer + lymphocytes,0.12517231329636117,0.1471387006308097,0.0033790408033053934,0.36550657601481196,2,3,2.0320586244671253,4,21,0.5785142160557712,2,2,0.01064543464174408,7.3975888288433005,0.009140653133016815,7.296495146462909,False,False,False,False
GCTAGCTTGAATAGCT-1,8263,3327,TNBC,CID44971,Invasive cancer + lymphocytes,1,52,44,6019,3987,8263,3327,6.474646012344184,False,False,False,True,Invasive cancer + lymphocytes,0.19976165838986223,0.10890183911103171,0.005235012435632304,0.5421035099203406,3,5,2.156866875473402,4,27,0.2643631458302858,1,1,0.007434708178682064,7.965711206570012,0.08136325604999867,2.8356747403044773,False,False,False,False
TTGCGGCATCAGAAAG-1,10716,3850,TNBC,CID44971,Invasive cancer + lymphocytes,1,53,45,6114,4042,10716,3850,4.292646509891751,False,False,False,True,Invasive cancer + lymphocytes,0.258201399854396,0.11719701427317851,0.009267955235286724,0.4394455979195218,4,4,2.454433423329068,4,64,1.1828516905901176,3,8,0.009956660757473992,9.410150559365501,2.2933502589327235,0.006243948262151562,False,False,False,False
AATAGAACAGAGTGGC-1,6212,2652,TNBC,CID44971,Invasive cancer + lymphocytes,1,52,46,6019,4097,6212,2652,3.396651641983258,False,False,False,True,Invasive cancer + lymphocytes,0.24518242184810474,0.27343228699130917,0.00012866615354920026,0.49433756713565874,2,5,2.4554030504789752,4,31,0.0,0,0,21.74569224459911,2.836629013452838,0.012866615354920025,2.7480408257240527,True,False,False,False
GCCATCGAGCTGCGTG-1,10441,3584,TNBC,CID44971,Invasive cancer + lymphocytes,1,53,47,6114,4151,10441,3584,3.936404558950292,False,False,False,True,Invasive cancer + lymphocytes,0.2812650280444149,0.16991092918546855,9.292327219034743e-05,0.8542396752256938,5,11,2.6454983923828705,4,63,0.44786821633991125,2,2,1.9262588040527169,9.12583037700558,0.0092923272190347,5.9297114102695225,False,True,False,False
ACACTGATCAAGGTGT-1,6048,2684,TNBC,CID44971,Invasive cancer + lymphocytes,1,52,48,6019,4206,6048,2684,3.1084656084656084,False,False,False,True,Invasive cancer + lymphocytes,0.3323136358702185,0.34003373343934207,5.8188575196599524e-05,1.1868673793870324,4,15,2.8074302071836827,4,42,0.4867377836476326,1,2,17.204818400185946,12.002364614106762,0.8102099129703466,3.9859804166711554,True,True,False,False
ACCAACGCTTATTTAT-1,10961,4069,TNBC,CID44971,Invasive cancer + lymphocytes,1,53,49,6114,4261,10961,4069,3.439467201897637,False,False,False,True,Invasive cancer + lymphocytes,0.3429323872575364,0.13019265360948556,0.0016189293466454758,0.7832059628220266,5,10,3.054779986755879,4,111,0.21610668333494565,1,1,3.9074769745566638,3.888729626524523,1.891714335927706,3.3313444239396652,False,True,False,False
GACATCGATTTATAAC-1,6271,2954,TNBC,CID44971,Lymphocytes,1,52,50,6019,4315,6271,2954,2.663052144793494,False,False,False,True,Lymphocytes,0.19949174915331735,0.23074472343378277,8.742869700007764e-05,0.47672427529814904,3,3,1.9828505927954014,4,19,0.31781618353209934,1,1,8.29269668379609,10.824173917430748,1.1084643758653143,2.8491373662861252,False,False,False,False
CAGACACCGATCGCTG-1,7273,3276,TNBC,CID44971,Lymphocytes,1,53,51,6114,4370,7273,3276,3.574865942527155,False,False,False,True,Lymphocytes,0.2302216197626279,0.3042086009673025,0.0001268994886324687,1.2370877188074108,6,12,2.0866063895634377,4,23,0.0,0,0,24.495283117929194,1.5256411580516624,0.928652441462721,3.4712833792866777,True,False,False,False
CCAAGAAAGTGGGCGA-1,18357,5605,TNBC,CID44971,Lymphocytes,1,52,52,6019,4425,18357,5605,7.512120716892738,False,False,False,True,Lymphocytes,0.1261076262944046,0.17788854326797748,9.445635660351643e-05,0.5296710667351022,4,11,1.568151495877953,4,28,0.3855227813709395,1,4,0.009445635660350081,8.364998947281133,0.009445635660351233,9.404964108195912,False,False,False,False
GGTAGACCGTTGGGCG-1,14915,5050,TNBC,CID44971,Lymphocytes,1,53,53,6114,4479,14915,5050,9.668119342943346,False,False,False,True,Lymphocytes,0.16957126334583797,0.24487855589302351,0.0001357379892212591,0.5143697190544365,3,9,1.72152386004741,4,28,0.0,0,0,14.220710582154245,3.2058982831184384,2.2062874038736715,4.854959320155995,True,False,False,False
CAGATCCTGGTTTGAA-1,10838,4062,TNBC,CID44971,Invasive cancer + lymphocytes,1,55,17,6305,2512,10838,4062,7.565971581472597,False,False,False,True,Invasive cancer + lymphocytes,0.11585744192583222,0.12689279506226675,0.00013802006354823336,0.6317979036102974,4,7,1.9686238292017868,4,30,0.3485630728684128,1,2,1.8297140518591652,0.013802006353280752,0.6213761952771325,10.224387252737095,False,False,False,False
CTTCAGTGGTCGCCTA-1,9440,3713,TNBC,CID44971,Invasive cancer + lymphocytes,1,54,18,6210,2567,9440,3713,9.798728813559322,False,False,False,True,Invasive cancer + lymphocytes,0.08230328387700779,0.2424584858862413,0.00021236444855694125,0.3963634419778183,2,5,1.2314099507052865,3,12,0.24079227295829456,1,1,6.977724000512131,0.021236444855694127,0.6544771424931278,16.592411000763178,True,False,False,False
GGGCAACCGCACGTGC-1,6606,3105,TNBC,CID44971,Invasive cancer + lymphocytes,1,55,19,6305,2621,6606,3105,6.721162579473205,False,False,False,True,Invasive cancer + lymphocytes,0.12416882499468562,0.09692717154222374,6.573943251849364e-05,0.0,0,0,1.9725182194217745,4,21,0.0,0,0,1.352757604852955,0.0065739432539393084,0.006573943251971871,8.326811662863507,False,False,False,False
GACCCAATTATGATAC-1,5735,2727,TNBC,CID44971,Invasive cancer + lymphocytes,1,54,20,6210,2676,5735,2727,6.817785527462947,False,False,False,True,Invasive cancer + lymphocytes,0.1432856950474113,0.22012583940607097,0.00013700542429897914,0.6686380241636339,3,5,1.8228783685087238,4,15,0.33643325997834544,1,1,5.334330945166222,0.9958449086598299,1.3049319770858219,14.377476109695223,False,False,False,False
GAAGCTCGGACCCGTC-1,4575,2444,TNBC,CID44971,Invasive cancer + lymphocytes,1,55,21,6305,2731,4575,2444,6.841530054644809,False,False,False,True,Invasive cancer + lymphocytes,0.06396235886845943,0.12576441676670252,6.281783003297945e-05,0.0,0,0,0.9996312585809721,3,4,0.0,0,0,0.006281783003298129,0.006281783003298406,0.5166141118637795,12.047263998799878,False,False,False,False
CGTCGGGTCTAAGCGC-1,6249,2917,TNBC,CID44971,Invasive cancer + lymphocytes,1,54,22,6210,2785,6249,2917,7.217154744759162,False,False,False,True,Invasive cancer + lymphocytes,0.06543366373487204,0.1121834564080225,9.338869386254497e-05,0.15926831957894907,1,1,0.6784000653100076,2,4,0.0,0,0,4.990902719933778,0.00933886938625784,0.009338869386257458,6.2087651820959575,False,False,False,False
GAGGCCCGACTCCGCA-1,5852,2849,TNBC,CID44971,Invasive cancer + lymphocytes,1,55,23,6305,2840,5852,2849,4.750512645249487,False,False,False,True,Invasive cancer + lymphocytes,0.09041602404482023,0.12112684254307785,0.000127062885424594,0.41368611273551364,2,3,0.7022820156268871,2,4,0.0,0,0,4.409901830707808,0.0127062885424594,0.5523261016075641,7.137750033449953,False,False,False,False
TTGCCATAGCCCGCTC-1,10931,4111,TNBC,CID44971,Invasive cancer + lymphocytes,1,54,24,6210,2895,10931,4111,6.001280761138047,False,False,False,True,Invasive cancer + lymphocytes,0.08782257759869794,0.151550059647381,0.004205903764678269,0.2816307753743852,2,3,1.3993678202232804,4,15,0.21654284143783695,1,1,1.3750112724422587,0.014223616912083016,0.5037181558979041,13.262052919485853,False,False,False,False
TAACATACACGCGATC-1,17617,5248,TNBC,CID44971,Invasive cancer + lymphocytes,1,55,25,6305,2949,17617,5248,8.037690866776408,False,False,False,True,Invasive cancer + lymphocytes,0.059018561417835264,0.13301491294041115,0.0001009120885662685,0.2013598185206932,2,3,1.0356746710146802,4,17,0.0,0,0,0.010091208859204543,0.010091208859394895,0.010091208859204635,13.271217667463311,False,False,False,False
CCGACGGGCATGAGGT-1,19300,5683,TNBC,CID44971,Invasive cancer + lymphocytes,1,54,26,6210,3004,19300,5683,5.015544041450777,False,False,False,True,Invasive cancer + lymphocytes,0.07142041041106638,0.14970767926840856,0.0001421601018129567,0.2087412100560909,3,3,1.1489901095133617,4,17,0.0,0,0,2.3065974098263173,0.014216010181375116,0.014216010181170833,12.635738496651994,False,False,False,False
AATGTGCCCGAGGTGT-1,12115,4416,TNBC,CID44971,Invasive cancer + lymphocytes,1,55,27,6305,3059,12115,4416,3.400742880726372,False,False,False,True,Invasive cancer + lymphocytes,0.15935196872450083,0.1848069469514623,0.010921082483058193,0.6781016414151239,4,9,1.6454542067036604,3,29,0.7261674568482895,3,4,7.651530405104756,0.01229816583442681,1.0251134796049561,9.791752644602091,False,False,False,False
AGCTGTAACCTCAATC-1,8482,3578,TNBC,CID44971,Invasive cancer + lymphocytes,1,54,28,6210,3113,8482,3578,3.890591841546805,False,False,False,True,Invasive cancer + lymphocytes,0.18717114604481674,0.19770974867750662,8.818959968508468e-05,0.33169617535971446,2,3,2.1562903002995806,4,29,0.0,0,0,5.394880220678662,0.00881895996850918,0.00881895996850897,14.358456727134982,False,False,False,False
CGAGTGAAGGTACCAG-1,3430,2009,TNBC,CID44971,Invasive cancer + lymphocytes,1,55,29,6305,3168,3430,2009,3.2944606413994166,False,False,False,True,Invasive cancer + lymphocytes,0.17643346603303514,0.09147574461909644,8.47579133676759e-05,0.4549769164524325,2,2,2.1886822189223616,4,14,0.4549769164524325,1,1,0.0114713941862892,6.105515668120381,1.4282705840507943,1.6023168155521799,False,False,False,False
AGTCTCACAAGACTAC-1,3766,2048,TNBC,CID44971,Invasive cancer + lymphocytes,1,54,30,6210,3222,3766,2048,1.6994158258098777,False,False,False,True,Invasive cancer + lymphocytes,0.21788992317795758,0.22236018631028956,8.85753896816208e-05,0.8641255691608078,4,4,2.088254585344301,4,15,0.4320627845804039,1,1,8.203026064936294,6.043536146161159,3.040738827790002,4.948717592141499,False,False,False,False
AAATTGATAGTCCTTT-1,3166,1844,TNBC,CID44971,Invasive cancer + lymphocytes,1,55,31,6305,3277,3166,1844,3.3480732785849656,False,False,False,True,Invasive cancer + lymphocytes,0.2180929579466355,0.14542821338019032,0.0038727541149849976,1.0442871813019878,4,5,2.324084837129152,4,15,0.4750562625289548,1,1,0.012164468007185989,9.162495647645274,0.008778634609316003,5.359382587757257,False,False,False,False
TAAGTCGCCGAGTATC-1,6958,2919,TNBC,CID44971,Invasive cancer + lymphocytes,1,54,32,6210,3332,6958,2919,4.340327680367921,False,False,False,True,Invasive cancer + lymphocytes,0.2321906508773452,0.15408235330018905,4.016178416187947e-05,0.42678961302959073,2,4,2.374548810578085,4,37,0.0,0,0,8.100926804010507,1.7249943557105352,0.004016178416188807,5.5782979918816755,False,False,False,False
GCGGAGAAACTTCGCA-1,3674,1838,TNBC,CID44971,Invasive cancer + lymphocytes,1,55,33,6305,3386,3674,1838,3.26619488296135,False,False,False,True,Invasive cancer + lymphocytes,0.23264232890325365,0.16155621169237208,9.044408502859017e-05,0.9421306030014464,3,7,1.902050431080696,4,9,0.0,0,0,8.948921443949267,2.5054255954396485,0.00904440850286205,4.692229721345432,False,False,False,False
GGCAAAGGCGCCAATA-1,4147,1882,TNBC,CID44971,Invasive cancer + lymphocytes,1,54,34,6210,3441,4147,1882,3.568844948155293,False,False,False,True,Invasive cancer + lymphocytes,0.28260727900716115,0.21695732259807204,0.00013419001979989595,0.7026682966567613,3,4,2.749522654597518,4,26,0.0,0,0,13.958170737270414,2.903327825930744,1.875739546937644,2.958494149668402,False,True,False,False
ATTTCCGGGTTCTGCG-1,1798,1036,TNBC,CID44971,Lymphocytes,1,55,35,6305,3496,1798,1036,2.5583982202447166,False,False,False,True,Lymphocytes,0.20541231748162997,0.3247890076386983,0.00018665291237675532,0.9406275447657274,3,3,1.906678001721408,3,7,0.6270850298438183,1,1,17.17636286546293,10.683532142983452,1.7554238914562328,2.863581863967212,True,False,False,False
TAAACCCAGGAGGGCA-1,3909,1877,TNBC,CID44971,Lymphocytes,1,54,36,6210,3550,3909,1877,2.276797134817089,False,False,False,True,Lymphocytes,0.2474871132222594,0.29385023485680134,0.00012337064061734311,1.3978333633593796,5,10,2.20348988143627,4,16,0.42308484193805845,1,1,24.455586190982505,2.22358964512775,2.693510585508146,0.012337064061734312,True,False,False,False
TTCGGGCGCTAGTCTT-1,2011,1324,TNBC,CID44971,Lymphocytes,1,55,37,6305,3605,2011,1324,2.138239681750373,False,False,False,True,Lymphocytes,0.16613199305583526,0.4483499700329659,0.000182491114678275,0.8935953928909189,3,3,1.0450252508478224,2,3,0.0,0,0,31.209450448594193,4.803054922722917,6.08926235837093,2.7332292736085457,True,False,False,False
GTGGAGTCGGCGGTTG-1,5627,2675,TNBC,CID44971,Lymphocytes,1,54,38,6209,3660,5627,2675,3.1455482495112848,False,False,False,True,Lymphocytes,0.20648277242353083,0.2169827115518611,0.043916778828086915,0.9831818615628838,4,8,1.8225939409895324,3,19,0.6809491646533482,2,2,17.214948574811814,4.466573309112475,0.008374635630910812,0.008374635630910916,False,False,False,False
GCACGCCTACTTAGAT-1,1969,1186,TNBC,CID44971,Lymphocytes,1,55,39,6305,3714,1969,1186,2.5393600812595225,False,False,False,True,Lymphocytes,0.1469274003674418,0.3516794221862385,0.00019472750778213883,1.4056335811080996,4,6,0.9023970871171224,2,2,0.0,0,0,19.389375095345287,9.235597332725856,0.019472750778213883,6.5234970397744965,True,False,False,False
CAATATTCTTGACCTA-1,1970,1242,TNBC,CID44971,Invasive cancer + lymphocytes,1,54,40,6209,3769,1970,1242,4.873096446700507,False,False,False,True,Invasive cancer + lymphocytes,0.14705574640718766,0.17445058534207905,0.006200957627026403,0.30072832946999745,1,1,1.996293296072582,3,8,0.6014566589399949,1,1,4.847296463686605,5.9562330826688585,1.4962375988275705,5.14529138902487,False,False,False,False
CGTTTGTGTAGAGGGT-1,3189,1756,TNBC,CID44971,Invasive cancer + lymphocytes,1,55,41,6305,3824,3189,1756,4.201944183129508,False,False,False,True,Invasive cancer + lymphocytes,0.1865256337495111,0.19905659524999064,8.855404893980801e-05,0.47322525360527573,2,2,1.8509983263666057,3,11,0.0,0,0,8.327133930023459,5.955524269223958,0.008855404893979459,5.61414592085767,False,False,False,False
CATAGCGTTGCCCACC-1,5913,2588,TNBC,CID44971,Invasive cancer + lymphocytes,1,54,42,6209,3878,5913,2588,3.450025367833587,False,False,False,True,Invasive cancer + lymphocytes,0.128430161222623,0.18589817058339786,0.00012628524722594681,0.7857030198762579,3,8,1.9162612780932753,4,18,0.0,0,0,7.5745211615357295,5.56051574621101,0.01262852472259468,5.442151625870452,False,False,False,False
TGATACATTTAGCCGT-1,7496,3162,TNBC,CID44971,Invasive cancer + lymphocytes,1,55,43,6305,3933,7496,3162,5.349519743863394,False,False,False,True,Invasive cancer + lymphocytes,0.16969644034837897,0.2163973114218064,8.951417860650152e-05,0.8570250340896434,5,7,2.1570633499271943,4,26,0.2825342461461152,1,1,10.072024894766171,6.825714707082693,0.008951417860649947,4.733040122471126,False,False,False,False
TTCCGGCCTTGAGGCT-1,9392,3491,TNBC,CID44971,Invasive cancer + lymphocytes,1,54,44,6209,3987,9392,3491,5.078790459965928,False,False,False,True,Invasive cancer + lymphocytes,0.12882682952069255,0.17118818207131212,8.825535458041202e-05,0.8516413703806099,4,12,1.7681188275230024,4,19,0.24166744893372114,1,1,6.633006057882894,5.2162817727941695,0.16845082440629938,5.10107955204785,False,False,False,False
CCTATACCGTCCTGTC-1,4964,2136,TNBC,CID44971,Invasive cancer + lymphocytes,1,55,45,6304,4042,4964,2136,2.800161160354553,False,False,False,True,Invasive cancer + lymphocytes,0.29794626712907496,0.18347617436635313,8.716655953347101e-05,0.8209215445266755,4,5,2.819894439573401,4,45,0.0,0,0,11.849742363531535,3.414086597417456,3.075071819732976,0.008716655953347013,False,True,False,False
TCGTTGCTATCCGGTC-1,4368,2011,TNBC,CID44971,Invasive cancer + lymphocytes,1,54,46,6209,4097,4368,2011,4.006410256410256,False,False,False,True,Invasive cancer + lymphocytes,0.3118955332866748,0.12537898610699735,6.104244689708851e-05,0.7937988487448265,4,4,2.9275385255828894,4,38,0.0,0,0,1.3900416125464994,8.001825704875515,3.139927048588012,0.006104244689708722,False,True,False,False
TGGCGACTGCTCCAAA-1,8170,3210,TNBC,CID44971,Invasive cancer + lymphocytes,1,55,47,6304,4151,8170,3210,3.3782129742962055,False,False,False,True,Invasive cancer + lymphocytes,0.5668536051688703,0.14000746699709843,2.679115954980468e-05,0.7903784133253925,3,10,3.816458011085075,4,185,0.4125962243387899,1,2,9.733900095582515,3.378269789333886,0.3705220347011618,0.5180547800922785,False,True,False,False
CAGAGGCGATGCATGA-1,10512,3960,TNBC,CID44971,Invasive cancer + lymphocytes,1,54,48,6209,4206,10512,3960,7.638888888888889,False,False,False,True,Invasive cancer + lymphocytes,0.13777703484216616,0.11543214375643283,9.745005610389987e-05,0.1776004311859681,1,2,1.7506735507763964,4,21,0.2228308729986683,1,1,0.013767806496582909,4.129053092678124,0.009745005610390056,7.390648470858187,False,False,False,False
TCACAGGAGAATAAGA-1,10136,4020,TNBC,CID44971,Invasive cancer + lymphocytes,1,55,49,6304,4261,10136,4020,6.550907655880031,False,False,False,True,Invasive cancer + lymphocytes,0.2794234852458352,0.1566506389765356,0.008914722325608391,0.4104097761665426,3,4,2.5061918014557962,4,70,0.4576105432094512,2,2,10.96077824425938,0.009248163198492887,1.3319383104460876,3.3630991797495993,False,True,False,False
GGGTTAACATTTGAGT-1,5830,2806,TNBC,CID44971,Lymphocytes,1,54,50,6209,4315,5830,2806,3.224699828473413,False,False,False,True,Lymphocytes,0.2736097915543224,0.14636693740688295,0.021162319711538213,0.7717378225732404,3,7,2.2960537298142762,4,27,0.0,0,0,11.478938551100324,2.057521037249525,0.6640823840383259,0.4361517683001208,False,True,False,False
GCGGGCGAGCCTTACC-1,3221,1946,TNBC,CID44971,Lymphocytes,1,55,51,6304,4370,3221,1946,2.887302080099348,False,False,False,True,Lymphocytes,0.24495233256583415,0.2452998887277007,0.00012433276520981137,1.1767621701490816,5,5,1.4072475983275867,3,7,0.0,0,0,10.4696484522588,10.318004368573867,0.012433276520981137,3.7299027754164222,True,False,False,False
TGCCAATGGGTACTCT-1,1980,1401,TNBC,CID44971,Lymphocytes,1,54,52,6209,4425,1980,1401,3.4848484848484853,False,False,False,True,Lymphocytes,0.1132653153269069,0.35153996316309866,0.00019010095631437417,1.7024162420801068,5,7,1.9518653370529024,4,5,0.0,0,0,29.82692445592451,0.019010095631437417,1.2440986520485082,4.063963112705412,True,False,False,False
AGGGACTCTACGCGAC-1,7624,3460,TNBC,CID44971,Lymphocytes,1,55,53,6304,4479,7624,3460,5.272822665267577,False,False,False,True,Lymphocytes,0.16252710239757948,0.2560468302816832,0.00012997175213272063,0.35422403948065523,2,3,1.8363232793629944,4,17,0.0,0,0,16.859721883183727,2.9210490992600175,0.012997175213272063,5.8109148705113,True,False,False,False
GACGCCGTAAAGGCTA-1,26751,6750,TNBC,CID44971,Lymphocytes,1,54,54,6209,4534,26751,6750,13.644349743934805,False,False,False,True,Lymphocytes,0.13098277799511235,0.201853452569355,0.0001488633706908997,0.6224445822093835,4,17,1.421773187889977,4,37,0.1860879300198016,1,2,8.452681792850377,4.098530985647733,0.165245938961165,7.468886539476224,False,False,False,False
AAAGGCTCTCGCGCCG-1,39828,8027,TNBC,CID44971,Lymphocytes,1,55,55,6304,4589,39828,8027,12.581600883800343,False,False,False,True,Lymphocytes,0.1653963766029573,0.16837862730880238,0.00015834856229834783,0.37015755949509455,5,15,1.555656094802446,4,61,0.07466896416600279,1,1,0.015834856230315154,1.9270873087823788,0.7759780149338649,14.118962550933677,False,False,False,False
TATTATGTTTGCCTGC-1,5942,2894,TNBC,CID44971,Invasive cancer + lymphocytes,1,57,17,6495,2512,5942,2894,6.3614944463143726,False,False,False,True,Invasive cancer + lymphocytes,0.21550607478374914,0.16835227657225615,8.809793820440443e-05,0.4101214764738968,2,3,2.7381027438929992,4,39,0.0,0,0,2.4431014629718373,0.008809793820602334,0.3141090474287449,14.069207353004431,False,False,False,False
GTCAAAGAAGTGGTGT-1,3720,2256,TNBC,CID44971,Invasive cancer + lymphocytes,1,56,18,6400,2567,3720,2256,4.623655913978494,False,False,False,True,Invasive cancer + lymphocytes,0.19231013105797348,0.16723968172109258,6.81111106009001e-05,0.0,0,0,1.8208875790119023,3,14,0.0,0,0,0.006811111060092318,0.006811111060092263,0.26118386036812336,16.44916208962095,False,False,False,False
GGGACAGAGTTACTCC-1,6038,2839,TNBC,CID44971,Invasive cancer + lymphocytes,1,57,19,6495,2621,6038,2839,6.724080821464061,False,False,False,True,Invasive cancer + lymphocytes,0.2211670677218653,0.1644724775521413,8.514289814502848e-05,0.32562935836672996,2,2,2.7001058696912397,4,43,0.0,0,0,8.421622405386323,0.6940445864543967,0.4613017976653365,6.870278965708075,False,False,False,False
AGCAACCGAAAGTAAT-1,6606,3050,TNBC,CID44971,Invasive cancer + lymphocytes,1,56,20,6400,2676,6606,3050,8.462004238570996,False,False,False,True,Invasive cancer + lymphocytes,0.15452876382457195,0.13268450921670774,9.326584711506788e-05,0.5394549875059329,3,4,1.7749061980322915,4,19,0.3072619162904136,1,1,1.844662742433945,0.009326584711506693,1.6196254194042896,9.794836175121032,False,False,False,False
CTCTCTAACTGCCTAG-1,5042,2582,TNBC,CID44971,Invasive cancer + lymphocytes,1,57,21,6495,2731,5042,2582,4.502181673938913,False,False,False,True,Invasive cancer + lymphocytes,0.1113283192851673,0.1725857542671383,6.607044280486986e-05,0.18217390993974722,1,1,1.0312078581440336,3,5,0.36434781987949444,1,1,3.338208551967697,0.006607044280488008,1.2543671591243775,12.659392671341266,False,False,False,False
ATACGGAACGTCGTTT-1,3933,2208,TNBC,CID44971,Invasive cancer + lymphocytes,1,56,22,6400,2785,3933,2208,4.017289600813628,False,False,False,True,Invasive cancer + lymphocytes,0.11992088201181691,0.16087788002508932,0.008550440426024415,0.0,0,0,0.8549607831123659,2,4,0.42161921122726076,1,1,7.072378895966288,0.008944293830498681,0.5052964132166424,8.501168399495503,False,False,False,False
TCGGTCCCGACAATAG-1,7366,3395,TNBC,CID44971,Invasive cancer + lymphocytes,1,57,23,6495,2840,7366,3395,4.262829215313603,False,False,False,True,Invasive cancer + lymphocytes,0.11860907904876701,0.12940430302508998,0.002381430494004886,0.0,0,0,1.550896385766422,4,12,0.5717596357437199,2,2,0.009369171556396168,1.2443432896193154,1.4421653106633567,10.244552530669928,False,False,False,False
CGCGCAAATGTCCAGA-1,14398,4790,TNBC,CID44971,Invasive cancer + lymphocytes,1,56,24,6400,2895,14398,4790,6.000833449090152,False,False,False,True,Invasive cancer + lymphocytes,0.06331275124758255,0.13143838015601408,9.615808443085888e-05,0.2330534947977707,2,3,0.9634160411377884,4,10,0.3516079024529564,2,2,0.009615808443085832,0.009615808443085998,0.009615808443086009,13.11499059027215,False,False,False,False
TCTAATACTGCCTCAG-1,11933,4393,TNBC,CID44971,Invasive cancer + lymphocytes,1,57,25,6495,2949,11933,4393,4.525266068884606,False,False,False,True,Invasive cancer + lymphocytes,0.10680278035372151,0.11574437367577085,9.224681773411019e-05,0.32811076215111495,2,4,1.7119246408420865,4,29,0.0,0,0,2.434759788895837,0.009224681773410777,0.00922468177341086,9.121228215134426,False,False,False,False
CTCGGTTGTCGGCCCT-1,17428,5166,TNBC,CID44971,Invasive cancer + lymphocytes,1,56,26,6400,3004,17428,5166,6.983015836584807,False,False,False,True,Invasive cancer + lymphocytes,0.10822112148035949,0.138447045014179,0.0001364041664813376,0.44540803413882396,4,7,1.5752177644197873,4,30,0.15116209372230746,1,1,0.01379828618415128,0.013640416648275321,0.44578836281558754,13.371477435769888,False,False,False,False
GGTAACCGGGAGGATA-1,14178,4443,TNBC,CID44971,Invasive cancer + lymphocytes,1,57,27,6495,3059,14178,4443,2.271124277048949,False,False,False,True,Invasive cancer + lymphocytes,0.20911386510583402,0.2300489692104769,6.129652426562652e-05,0.887260608723078,5,16,2.4778685032523535,4,64,0.17791722044899147,1,1,11.9883142603437,7.659087605854683,0.006129652426562502,3.3513654024227444,False,False,False,False
CAGGCGCACGGTGGTC-1,8775,3622,TNBC,CID44971,Invasive cancer + lymphocytes,1,56,28,6400,3113,8775,3622,3.5327635327635325,False,False,False,True,Invasive cancer + lymphocytes,0.20322395602272575,0.20903194813714665,0.026375203211253827,0.7104029871719181,3,11,2.2547092335000505,4,35,0.2535398094327563,1,1,13.578242233778843,2.0498566428186376,0.0058927820113264615,5.269203155105858,False,False,False,False
TCATCGATGGTCCCAA-1,6439,3028,TNBC,CID44971,Invasive cancer + lymphocytes,1,57,29,6495,3168,6439,3028,2.779934772480199,False,False,False,True,Invasive cancer + lymphocytes,0.17486421268644378,0.2065398982785535,6.026296401182703e-05,0.2354111573715978,1,2,2.3181377549703583,4,24,0.31242777065710897,1,1,7.202240369669862,7.216499146530335,1.0221947990669025,5.213055512588253,False,False,False,False
CAAAGATTATTGGGCC-1,11044,4117,TNBC,CID44971,Invasive cancer + lymphocytes,1,56,30,6400,3222,11044,4117,4.092720028975009,False,False,False,True,Invasive cancer + lymphocytes,0.09964511684604602,0.1631633241777486,0.01836987687227992,0.3910459378093399,2,5,1.8864660316562984,4,28,0.2149093966002176,1,1,6.703879311326307,1.4522846297941525,0.00595628487125078,8.154212191783152,False,False,False,False
ACAATGAATACGGAGA-1,14025,4831,TNBC,CID44971,Invasive cancer + lymphocytes,1,57,31,6495,3277,14025,4831,3.358288770053476,False,False,False,True,Invasive cancer + lymphocytes,0.16544900213532177,0.19464366971958358,5.6860847888446826e-05,0.8318124682167239,4,16,2.4589508314482273,4,71,0.3588356689650641,2,2,10.609006472689725,3.903680155809826,1.4139751856983624,3.5377051577604464,False,False,False,False
GCTCCTGACATACTGG-1,7794,3189,TNBC,CID44971,Invasive cancer + lymphocytes,1,56,32,6400,3332,7794,3189,4.708750320759559,False,False,False,True,Invasive cancer + lymphocytes,0.21126053080712226,0.11869989469962229,3.898083285821742e-05,0.5774266885836307,3,6,2.792087687993119,4,52,0.42382198771595764,1,2,4.172761743006995,1.2989549044912203,1.4691694489038691,4.929103373560144,False,False,False,False
GATGACAAGTAGGGCA-1,9314,3451,TNBC,CID44971,Invasive cancer + lymphocytes,1,57,33,6495,3386,9314,3451,3.6074726218595665,False,False,False,True,Invasive cancer + lymphocytes,0.2215507442164192,0.19528353774100854,0.011883004970488482,1.0316789941981364,5,13,2.720491372721064,4,63,0.4800206816584738,1,3,5.646682746952454,12.885190309917435,0.00589812583230788,0.9905825913986567,False,False,False,False
TACGCCGAGGGTACCC-1,4980,2136,TNBC,CID44971,Lymphocytes,1,56,34,6400,3441,4980,2136,3.4337349397590358,False,False,False,True,Lymphocytes,0.21487755373500836,0.2873790134505434,0.00013246262737274663,0.9604633746182287,3,9,2.4078318324325076,4,21,0.3670953623508373,1,1,14.953503446742406,9.96465475477346,1.3560814697345345,2.4636616738039416,True,False,False,False
AAGCGTCCCTCATCGA-1,4665,2178,TNBC,CID44971,Lymphocytes,1,57,35,6495,3496,4665,2178,2.786709539121115,False,False,False,True,Lymphocytes,0.14180926632028504,0.4445936751210472,9.585058258715307e-05,1.0975302332024182,4,10,1.7022391154923011,4,10,0.5550991334621315,1,2,18.77975363607666,23.256730242319367,0.00882351869618704,2.414060115012505,True,False,False,False
CACTCCTATGTAAGAT-1,1558,1102,TNBC,CID44971,Lymphocytes,1,56,36,6400,3550,1558,1102,2.631578947368421,False,False,False,True,Lymphocytes,0.14266622497444026,0.4773175172135771,0.000187279475696007,1.2097771583781316,3,5,1.6588234527012347,3,4,0.0,0,0,44.06296015262836,1.6475001979434953,0.018727947569600698,2.0025634232162592,True,False,False,False
TCGAGCCAGGCAGGCC-1,1677,1132,TNBC,CID44971,Lymphocytes,1,57,37,6495,3605,1677,1132,2.265951103160406,False,False,False,True,Lymphocytes,0.061452748779474334,0.43561005143995646,0.00012817242149465425,1.073412422046121,3,4,0.6398113269429286,1,2,0.0,0,0,26.768054506915632,10.811349986840076,0.4318072206432476,5.549793429596687,True,False,False,False
TCGTCAAGTACGCGCA-1,2378,1444,TNBC,CID44971,Lymphocytes,1,56,38,6400,3660,2378,1444,1.9764507989907487,False,False,False,True,Lymphocytes,0.08017351025326491,0.47595361751942467,0.00011978572334606744,1.1639510496225192,3,8,0.8248304525242899,2,2,0.5498869683495266,1,1,41.57974831326262,0.011978572334606745,5.519928228143376,0.48370663820186055,True,False,False,False
CCCGTAGCTGGGAAGA-1,4146,2210,TNBC,CID44971,Lymphocytes,1,57,39,6495,3714,4146,2210,2.532561505065123,False,False,False,True,Lymphocytes,0.1786020128610556,0.2670126098564772,4.075081450371516e-05,0.7605128673393123,3,5,1.5812629812331205,4,7,0.0,0,0,11.013945603601115,10.112117301069011,0.004075081450371526,5.571122999527221,True,False,False,False
ACCCTATGCCATATCG-1,5897,2560,TNBC,CID44971,Lymphocytes,1,56,40,6400,3769,5897,2560,3.4085128031202303,False,False,False,True,Lymphocytes,0.3059447448753347,0.2552931962440395,6.028195766790705e-05,1.0473993838658828,4,11,2.663462923114597,4,33,0.33056222172012256,1,1,10.95299829945982,8.999820908255838,1.7675936572990034,3.8089067593892896,True,True,False,False
GTGGTATAGTCTGCCG-1,6629,2992,TNBC,CID44971,Invasive cancer + lymphocytes,1,57,41,6495,3824,6629,2992,3.4243475637351035,False,False,False,True,Invasive cancer + lymphocytes,0.27254185753242205,0.1635539456904148,0.026535832265435367,0.801553251748507,3,8,2.7465588956510762,4,45,0.6131294638976819,2,2,10.582254865778786,4.298798527615032,0.005679968692393822,1.4686612069552647,False,True,False,False
CCGGTTTGTAATTGTG-1,10485,3970,TNBC,CID44971,Invasive cancer + lymphocytes,1,56,42,6400,3878,10485,3970,4.253695755841679,False,False,False,True,Invasive cancer + lymphocytes,0.3160515102390829,0.11871701438544935,5.64437345382648e-05,0.6932055540589545,4,9,2.967271739403425,4,104,0.0,0,0,1.7840531415312852,6.777391417608275,0.005644373453826094,3.3046125059515488,False,True,False,False
GTCGCCGTTGTGTGTT-1,6484,2625,TNBC,CID44971,Invasive cancer + lymphocytes,1,57,43,6495,3933,6484,2625,3.8402220851326345,False,False,False,True,Invasive cancer + lymphocytes,0.22045680921866165,0.11843830818959969,9.031951891417029e-05,0.5455513987325754,3,4,2.3881112694356714,4,31,0.3110175365343804,1,1,7.025428142793529,0.009031951891417039,2.9579691664730254,1.851401557801998,False,False,False,False
TACTGAACAGATTTAG-1,4697,2268,TNBC,CID44971,Invasive cancer + lymphocytes,1,56,44,6400,3988,4697,2268,4.258037044922291,False,False,False,True,Invasive cancer + lymphocytes,0.21718239433372086,0.09064711510684026,2.7778864406792605e-05,0.5234081008531258,2,4,2.5191321033001497,4,25,0.0,0,0,4.3458161237324235,4.713339614070245,0.0027778864406784757,0.0027778864406792147,False,False,False,False
TATTAACCTGACCGCG-1,5066,2531,TNBC,CID44971,Invasive cancer + lymphocytes,1,57,45,6495,4042,5066,2531,5.309909198578761,False,False,False,True,Invasive cancer + lymphocytes,0.31009677194019597,0.13137826393212895,5.820119622223246e-05,0.26649346576830785,1,2,3.068798748642631,4,48,0.3632963326080065,1,1,0.0058201196222234354,9.316624075850054,0.4847082218937678,3.3306739758468513,False,True,False,False
CTGTAGCCATCTCACT-1,6037,2732,TNBC,CID44971,Invasive cancer + lymphocytes,1,56,46,6400,4097,6037,2732,3.693887692562531,False,False,False,True,Invasive cancer + lymphocytes,0.4527892875124304,0.18939605394451475,5.9831552291292015e-05,0.9947877801788968,4,10,3.1204034697654266,4,82,0.3256637842374609,1,1,4.808807592323227,8.510650552373122,1.3434530283586483,4.276694221396477,False,True,False,False
TACTATGGTTCCTCAG-1,6625,3160,TNBC,CID44971,Invasive cancer + lymphocytes,1,57,47,6495,4151,6625,3160,5.343396226415095,False,False,False,True,Invasive cancer + lymphocytes,0.252269273696558,0.14762079152737956,8.708708890054127e-05,0.8766459700448591,4,8,2.4721558446848473,4,36,0.0,0,0,1.3318904802021783,7.244204145526729,0.857966009349155,5.328018517659892,False,False,False,False
GAGTCAGACCAGAATC-1,8523,3641,TNBC,CID44971,Invasive cancer + lymphocytes,1,56,48,6400,4206,8523,3641,4.083069341781063,False,False,False,True,Invasive cancer + lymphocytes,0.3651965777482196,0.19142531299233664,5.666698475364929e-05,0.6488306061525743,3,10,3.043212188119641,4,90,0.4026474626049124,1,2,13.262524935766034,0.019073458225785676,1.7804456900489614,4.0804872151928855,False,True,False,False
TAAGGCATAACATCAA-1,17145,5614,TNBC,CID44971,Invasive cancer + lymphocytes,1,57,49,6495,4261,17145,5614,3.8728492271799357,False,False,False,True,Invasive cancer + lymphocytes,0.428485678631743,0.09564052495216335,5.4492689422606405e-05,0.7432561542619346,5,13,3.5350634996988735,4,312,0.0,0,0,4.476829960611991,2.0842644250931652,1.1466687544540848,1.8562893550570934,False,True,False,False
CTTCCGCTCCGTGAAG-1,6256,3033,TNBC,CID44971,Invasive cancer + lymphocytes,1,56,50,6399,4315,6256,3033,3.804347826086957,False,False,False,True,Invasive cancer + lymphocytes,0.3613869831387796,0.13127468058606967,5.983184955975604e-05,0.15915351135884356,1,1,3.06237747031812,4,61,0.0,0,0,4.826239140328912,5.4687646726693,0.3077974647595697,2.5246667808491856,False,True,False,False
GGGCTATGATCGATGG-1,18278,5715,TNBC,CID44971,Invasive cancer + lymphocytes,1,57,51,6495,4370,18278,5715,6.882591093117409,False,False,False,True,Invasive cancer + lymphocytes,0.2738923633918418,0.1804567408789588,8.614270520900778e-05,0.6015264446384251,4,11,2.5759603743872153,4,99,0.38650883759941285,1,4,11.339201228668477,5.991412422714505,0.7063615615061453,0.008698875006752316,False,True,False,False
GGTCGGTCGTCCACAG-1,7770,3519,TNBC,CID44971,Lymphocytes,1,56,52,6399,4425,7770,3519,2.87001287001287,False,False,False,True,Lymphocytes,0.3133081057017511,0.29758815621055795,0.01395407202711058,1.2046462450553117,5,18,2.322763334505142,4,38,0.5514943185246692,2,2,23.067175662211103,4.678351203200112,0.014935956678958058,1.9983527989656236,True,True,False,False
GGGACCCGTATATCTT-1,12918,4963,TNBC,CID44971,Lymphocytes,1,57,53,6495,4479,12918,4963,3.6615575166434433,False,False,False,True,Lymphocytes,0.2613679597333951,0.302275240795829,8.460410502674771e-05,1.1602500261942492,5,25,2.362087960586429,4,50,0.1911003134646585,1,1,14.695373369168221,15.51522988940933,0.00846041050267505,0.008460410502674858,True,False,False,False
GAAAGCAGTGCACTTT-1,11644,4696,TNBC,CID44971,Lymphocytes,1,56,54,6399,4534,11644,4696,3.2119546547578155,False,False,False,True,Lymphocytes,0.17165551463589898,0.45893446629627255,0.00012265748370663234,1.66010774153869,6,40,1.7103479668081387,4,23,0.4965276654763651,1,4,14.717623829815981,26.276246068357466,0.018083806940270387,4.881492924513532,True,False,False,False
AGCGCATAATGAATCG-1,13979,5069,TNBC,CID44971,Lymphocytes,1,57,55,6495,4589,13979,5069,6.352385721439302,False,False,False,True,Lymphocytes,0.2280420586486625,0.34658770504269976,8.448092437261004e-05,1.2955815945322857,5,29,2.2162280449259044,4,47,0.17987408127433338,1,1,26.894779042614065,3.92649228241769,0.02959885698827949,3.807900322249945,True,False,False,False
GCTGCTAAGTAGTCGA-1,41914,7928,TNBC,CID44971,Lymphocytes,1,56,56,6399,4643,41914,7928,13.114949658825214,False,False,False,True,Lymphocytes,0.14277498959474885,0.1863992753985793,0.00023313627773477165,0.6111542568587691,6,23,1.3741211011559673,4,56,0.22335000547453546,1,4,5.754025822441343,1.3682477869336303,0.6948915039767878,10.822762426506172,False,False,False,False
AATAGTCCGTCCCGAC-1,15269,4972,TNBC,CID44971,Lymphocytes,1,57,57,6494,4698,15269,4972,15.829458379723624,False,False,False,True,Lymphocytes,0.23690974696400488,0.3492662277663796,0.00020878232057245893,1.054469420967474,5,22,1.7894472719126175,4,37,0.16791790626665393,1,1,24.218038032478105,4.3181375721761155,0.32277938276254436,6.067667789221192,True,False,False,False
ACCGGTCAGGTACACC-1,9691,4175,TNBC,CID44971,Invasive cancer + lymphocytes,1,59,15,6685,2403,9691,4175,5.902383654937571,False,False,False,True,Invasive cancer + lymphocytes,0.11191223267538641,0.14663651644666245,6.787859999959943e-05,0.35448202940531,3,3,1.6433993140921683,4,17,0.0,0,0,1.3422045119913697,0.9884013026423271,0.2213091113576432,12.111736718674907,False,False,False,False
GTGGAGCGTTTACCGA-1,2851,1831,TNBC,CID44971,Invasive cancer + lymphocytes,1,58,16,6590,2458,2851,1831,4.45457734128376,False,False,False,True,Invasive cancer + lymphocytes,0.10052329739013859,0.17072224376586081,4.776141058989335e-05,0.25095863656574485,1,1,1.3639540036814992,3,5,0.5019172731314897,1,1,3.830107053588582,1.5509286454081892,0.8913183413429007,10.79987033624641,False,False,False,False
AGGCGGTTTGTCCCGC-1,5576,2769,TNBC,CID44971,Invasive cancer + lymphocytes,1,59,17,6685,2512,5576,2769,7.173601147776183,False,False,False,True,Invasive cancer + lymphocytes,0.16992439155248473,0.05502202286390392,9.112767250631075e-05,0.1712099324352793,1,1,2.130714595234039,4,24,0.0,0,0,0.009112767250634266,0.009112767250764955,0.3752110576393746,5.108765694249618,False,False,False,False
TCCCTGGCGTATTAAC-1,5318,2629,TNBC,CID44971,Invasive cancer + lymphocytes,1,58,18,6590,2567,5318,2629,8.706280556600225,False,False,False,True,Invasive cancer + lymphocytes,0.1362886783358741,0.17341160777203768,9.24575422314858e-05,0.35264377155552457,2,2,1.9503495467970056,4,15,0.0,0,0,5.439120404693568,0.009245754223148286,0.009245754223148243,11.883548864063904,False,False,False,False
AAACACCAATAACTGC-1,4496,2515,TNBC,CID44971,Invasive cancer + lymphocytes,1,59,19,6685,2621,4496,2515,4.4261565836298935,False,False,False,True,Invasive cancer + lymphocytes,0.10059632026907978,0.1720490163859284,0.000100241029203131,0.1951141061182056,1,1,1.2389065696709098,2,10,0.0,0,0,6.178676300220385,0.010024102920304067,0.010024102920315957,11.006177132531835,False,False,False,False
TGGACGCAATCCAGCC-1,4114,2304,TNBC,CID44971,Invasive cancer + lymphocytes,1,58,20,6590,2676,4114,2304,4.691298006806028,False,False,False,True,Invasive cancer + lymphocytes,0.107199554172571,0.1692152825556607,6.843421196134218e-05,0.4109238071159577,2,2,1.2791200702000358,3,6,0.4109238071159577,1,1,0.5471357926008883,2.738619199081029,0.006843421196134285,13.62892984268802,False,False,False,False
GGAACCTTGACTCTGC-1,8830,3719,TNBC,CID44971,Invasive cancer + lymphocytes,1,59,21,6685,2731,8830,3719,4.597961494903737,False,False,False,True,Invasive cancer + lymphocytes,0.1955023295061072,0.11673714432208743,9.522024072210708e-05,0.37864816402659623,3,3,1.9289862005815168,4,33,0.0,0,0,0.009522024072210969,0.7665685320117702,0.00952202407221076,10.88810185205255,False,False,False,False
GTATCTCAGTCTTGAC-1,7015,3173,TNBC,CID44971,Invasive cancer + lymphocytes,1,58,22,6590,2785,7015,3173,4.20527441197434,False,False,False,True,Invasive cancer + lymphocytes,0.0540522752034728,0.184863755146496,9.835171801670293e-05,0.5971212836469424,3,5,1.1171930740700247,4,6,0.29534819813281493,1,1,7.01213941869611,1.9269956904223575,0.23434358144220302,9.31289682408893,False,False,False,False
GCTGAATCTTCCAATC-1,16553,5232,TNBC,CID44971,Invasive cancer + lymphocytes,1,59,23,6685,2840,16553,5232,5.539781308524135,False,False,False,True,Invasive cancer + lymphocytes,0.14951228589086202,0.15955450901120274,9.072024809079412e-05,0.6342324765076749,5,10,2.3526125615486766,4,74,0.34467469806660134,1,3,6.2329448743221665,0.362136986640712,0.6999172853017364,8.66045175485566,False,False,False,False
AGATGCAAGACGTGCA-1,18711,5549,TNBC,CID44971,Invasive cancer + lymphocytes,1,58,24,6590,2895,18711,5549,4.858104858104858,False,False,False,True,Invasive cancer + lymphocytes,0.1188374249237389,0.10699695226574825,9.044382998003183e-05,0.1925301582575755,2,3,1.9608360916732863,4,64,0.1427229127945345,1,1,0.6116128862498144,0.009044382998262403,0.015370178743827987,10.06366777858292,False,False,False,False
TTAAGGCCCGTACTTT-1,17770,5330,TNBC,CID44971,Invasive cancer + lymphocytes,1,59,25,6685,2949,17770,5330,3.9167135621834555,False,False,False,True,Invasive cancer + lymphocytes,0.16007557783853882,0.10520712822922422,8.500770641286941e-05,0.43929649968290213,4,7,2.319680658255378,4,82,0.1488148863840494,1,1,2.894671804417107,0.8574190726274044,0.23424712695816968,6.5343748189197415,False,False,False,False
AGTATGCTGGAGACCA-1,9192,3666,TNBC,CID44971,Invasive cancer + lymphocytes,1,58,26,6590,3004,9192,3666,3.1440382941688423,False,False,False,True,Invasive cancer + lymphocytes,0.20650208477225063,0.18822803009049546,5.9438689341846736e-05,0.8023633695583879,5,8,2.5505865567025805,4,45,0.2453866616636463,1,1,9.88542447795386,1.3458275489923257,0.8066738553062502,6.784877126797112,False,False,False,False
GCGGCAAAGTATTGCC-1,17041,5358,TNBC,CID44971,Invasive cancer + lymphocytes,1,59,27,6685,3059,17041,5358,3.4094243295581244,False,False,False,True,Invasive cancer + lymphocytes,0.2162465062382365,0.14972982522113332,5.5962850662097604e-05,1.002916806969892,5,22,2.6272876053810794,4,110,0.25880106737615355,1,2,8.811301585970883,1.6762964388249406,0.26756045995108785,4.217824037366421,False,False,False,False
GCGCAAATATATTCAA-1,13037,4671,TNBC,CID44971,Invasive cancer + lymphocytes,1,58,28,6590,3113,13037,4671,3.7968857866073487,False,False,False,True,Invasive cancer + lymphocytes,0.1534335184178214,0.21481759136982911,8.60379218529751e-05,0.79366974921696,5,11,2.313010961574623,4,55,0.5878596308257307,2,4,11.131479200618797,0.008603792185297776,0.9796341366253837,9.362042007553436,False,False,False,False
GAAGAAACGATATTGT-1,16447,5333,TNBC,CID44971,Invasive cancer + lymphocytes,1,59,29,6685,3168,16447,5333,2.657019517237186,False,False,False,True,Invasive cancer + lymphocytes,0.1820358667287566,0.2324775382909071,3.888449125322582e-05,1.1474590611402868,6,25,2.3435941037506307,4,77,0.1583332135207905,1,1,16.978994132369927,1.0005348803768517,1.1981083098390815,4.07011650650485,False,False,False,False
GGACCTCTAGGCCGCC-1,3905,2159,TNBC,CID44971,Invasive cancer + lymphocytes,1,58,30,6590,3223,3905,2159,2.5096030729833547,False,False,False,True,Invasive cancer + lymphocytes,0.1480326026812323,0.24552904590172256,8.938659229064053e-05,0.30197164313106956,1,2,2.2544676129625785,4,14,0.42333023479809295,1,1,4.280929586494157,15.517053938688205,0.9879068013806372,3.7670142636092576,True,False,False,False
AACAGCTGTGTGGCAA-1,15879,5065,TNBC,CID44971,Invasive cancer + lymphocytes,1,59,31,6685,3277,15879,5065,3.375527426160337,False,False,False,True,Invasive cancer + lymphocytes,0.19937318450921748,0.22275404375764696,3.835845679561224e-05,0.9873353620392029,5,21,2.5850539740535727,4,89,0.4345296773480147,2,3,15.846060036541385,2.7675397155091557,1.4575678186815084,2.2042368050326497,False,False,False,False
TCGAATATCCCGCAGG-1,8707,3596,TNBC,CID44971,Invasive cancer + lymphocytes,1,58,32,6590,3332,8707,3596,2.1706672792006434,False,False,False,True,Invasive cancer + lymphocytes,0.23942934238806945,0.22406276096426175,0.007146153823300792,1.116818961940749,6,12,2.5345867615366893,4,44,0.0,0,0,14.50693396588251,3.9355823831856296,0.21939780367391512,3.74436194368412,False,False,False,False
GCGACCCAACCATCTG-1,25497,6837,TNBC,CID44971,Invasive cancer + lymphocytes,1,59,33,6685,3386,25497,6837,2.9532886221908456,False,False,False,True,Invasive cancer + lymphocytes,0.14177624170651287,0.1516163270068544,8.375158835203486e-05,0.43655655202505067,3,13,2.0703024227954656,4,95,0.30332432640540735,2,3,6.2557115447215965,0.008375158835203515,0.8535068521960343,8.044039144932604,False,False,False,False
AGAGAAGGAGTACAAT-1,7870,3343,TNBC,CID44971,Invasive cancer + lymphocytes,1,58,34,6590,3441,7870,3343,2.363405336721728,False,False,False,True,Invasive cancer + lymphocytes,0.15336630751211663,0.27752659492956555,0.01108462641550157,0.9862926621296012,4,16,2.180369522388659,4,28,0.9451979861829788,2,5,19.6109105867552,4.55331786783442,2.0266910777415252,1.56173996062541,True,False,False,False
GGCTCCTCCACCTGTT-1,7577,3329,TNBC,CID44971,Invasive cancer + lymphocytes,1,59,35,6685,3496,7577,3329,2.3360168932295102,False,False,False,True,Invasive cancer + lymphocytes,0.19438528999568502,0.14228915541781348,0.06245163743599958,0.4958020869313901,3,4,2.5895472758156894,4,41,0.56098259085435,2,2,7.3733849808850085,2.579180404140753,0.04737242484114254,4.228977731914443,False,False,False,False
TCAGTGTATACGTCAT-1,4556,2269,TNBC,CID44971,Invasive cancer + lymphocytes,1,58,36,6590,3550,4556,2269,2.326602282704126,False,False,False,True,Invasive cancer + lymphocytes,0.10396320018130704,0.31500899620439804,4.044482502825118e-05,1.1497236189947826,4,9,1.8387470536341717,4,11,0.38718607805499256,1,1,19.75322837075142,9.08514820424286,0.004044482502825918,2.658478562942699,True,False,False,False
ATTATTATGTCCGTCA-1,7651,3214,TNBC,CID44971,Invasive cancer + lymphocytes,1,59,37,6685,3605,7651,3214,2.4179845771794537,False,False,False,True,Invasive cancer + lymphocytes,0.2993713060493005,0.14054594236316045,0.020733167170359966,0.5676011919347119,3,5,2.520692215996691,4,65,0.0,0,0,8.09325333500323,0.9216045499690968,0.004119425512047682,5.03561692583167,False,True,False,False
TTAGGTCATAACCGAC-1,3953,2134,TNBC,CID44971,Lymphocytes,1,58,38,6590,3660,3953,2134,2.302049076650645,False,False,False,True,Lymphocytes,0.22527746712927502,0.2629866685706711,5.907986570659908e-05,1.1221173997869984,4,8,2.251866730077929,4,16,0.6005395975527369,1,2,5.391439895102108,13.982770789652047,0.005907986570659225,6.9185481857422975,True,False,False,False
AAGATGGCACCGGACC-1,12157,4311,TNBC,CID44971,Invasive cancer + lymphocytes,1,59,39,6685,3714,12157,4311,2.961256889035124,False,False,False,True,Invasive cancer + lymphocytes,0.304222242702428,0.15264696366219233,5.7732616545458624e-05,0.5243244529611059,4,6,2.7063328732199583,4,77,0.4001655587196547,2,2,8.19965739413016,3.007403393300928,1.254613250460326,2.803022328327817,False,True,False,False
CTACAAGAAATAACCC-1,3424,1901,TNBC,CID44971,Lymphocytes,1,58,40,6590,3769,3424,1901,2.453271028037383,False,False,False,True,Lymphocytes,0.2829440250832135,0.24365549491163868,5.811283313943318e-05,1.1064844832848377,4,7,1.8486357513764289,3,13,0.4554115638151182,1,1,9.495152190146213,11.502136398505371,0.0058112833139440465,3.3624496191983413,True,True,False,False
ACTATTTCCGGGCCCA-1,9007,3495,TNBC,CID44971,Invasive cancer + lymphocytes,1,59,41,6685,3824,9007,3495,4.263350727212168,False,False,False,True,Invasive cancer + lymphocytes,0.2763467268684234,0.18836068766309683,3.877988866663047e-05,1.0949418537865998,6,12,2.4848078347782545,4,48,0.2489350931890316,1,1,2.2707070093541044,16.557605779222254,0.003877988866663056,0.003877988866663083,False,True,False,False
TTGTTTCACATCCAGG-1,4771,2303,TNBC,CID44971,Invasive cancer + lymphocytes,1,58,42,6590,3878,4771,2303,4.695032487948019,False,False,False,True,Invasive cancer + lymphocytes,0.31916492276594877,0.24138232102071394,6.103372990800473e-05,0.7498707378174014,3,6,3.0357992552854043,4,41,0.5490392291898104,1,2,11.1669459777091,6.155772507195803,0.5345179767350691,6.280995640431423,False,True,False,False
CGCTGTGTGGATGTTG-1,6865,3082,TNBC,CID44971,Invasive cancer + lymphocytes,1,59,43,6685,3933,6865,3082,5.302257829570284,False,False,False,True,Invasive cancer + lymphocytes,0.2650290728152782,0.17820641603345255,0.010056235503960217,0.8793407115660661,5,7,2.62597435319775,4,44,0.2996014764312264,1,1,5.663312083736457,4.049619303310038,0.6917881397403498,7.4159220765584095,False,False,False,False
TCAACATAGCGCCCTA-1,6714,3013,TNBC,CID44971,Invasive cancer + lymphocytes,1,58,44,6590,3988,6714,3013,4.989574024426571,False,False,False,True,Invasive cancer + lymphocytes,0.31170733321330024,0.07223290940425972,5.6810975519623915e-05,0.38217411116974526,2,3,2.156208787585826,3,39,0.30401726434046705,1,1,0.009104703175371149,4.09913637506221,0.06024932610165886,3.0548005360867316,False,True,False,False
TACTCTTTCGTCTTCA-1,5383,2555,TNBC,CID44971,Invasive cancer + lymphocytes,1,58,46,6590,4097,5383,2555,7.783763700538733,False,False,False,True,Invasive cancer + lymphocytes,0.35334685288650924,0.14930540257235683,6.07641183444188e-05,0.4334751638377412,2,3,2.782004609282427,4,55,0.0,0,0,6.563910563524714,5.033911213199376,0.39404595018805166,2.938672530323541,False,True,False,False
ACCCGTGTCATCAGTA-1,17000,5614,TNBC,CID44971,Lymphocytes,1,58,54,6590,4534,17000,5614,4.7,False,False,False,True,Lymphocytes,0.23152249092215682,0.40597992271931505,0.00012645701410569284,1.5811364836730322,6,48,2.030821169763277,4,49,0.8964652344600964,3,8,24.217021247121483,12.750717788464854,1.9403753747610182,1.6898778615841479,True,False,False,False
CCGGAGCGTACTTTCT-1,17242,5544,TNBC,CID44971,Lymphocytes,1,58,56,6590,4643,17242,5544,6.547964273286162,False,False,False,True,Lymphocytes,0.15395383974791532,0.4084592404231715,0.00012889257051999038,1.396250639361475,6,40,1.5733909264222952,4,30,0.15247054407913888,1,1,21.939784043850416,10.20458594442999,0.012889257051999038,8.688664796984744,True,False,False,False
GCTGGTTTAGGCCATA-1,19032,5611,TNBC,CID44971,Invasive cancer + lymphocytes,1,60,14,6780,2348,19032,5611,11.170659941151746,False,False,False,True,Invasive cancer + lymphocytes,0.1081853615863741,0.13202483629220596,9.890850468501438e-05,0.14075896563670423,2,2,1.251632969195879,4,24,0.14075896563670423,1,1,0.009890850468365388,2.602596055031653,0.16496797247330028,10.425028751247279,False,False,False,False
TGTCGTTATCACATAT-1,11810,4524,TNBC,CID44971,Invasive cancer + lymphocytes,1,61,15,6875,2403,11810,4524,7.20575783234547,False,False,False,True,Invasive cancer + lymphocytes,0.13165081830841208,0.09272779142797044,0.0014917799146711248,0.1022369916673778,1,1,1.444101509533214,3,30,0.0,0,0,0.9905941931113836,0.008963527720536286,0.008963527720511058,8.264257894244613,False,False,False,False
ACACATGATCAAATCT-1,17449,5307,TNBC,CID44971,Invasive cancer + lymphocytes,1,60,16,6780,2458,17449,5307,12.619634363000745,False,False,False,True,Invasive cancer + lymphocytes,0.15764693648897,0.15293769098644475,9.644006146581381e-05,0.36951969558774495,3,6,1.9786600452230982,4,60,0.0,0,0,4.154802471851677,0.009644006146691806,0.00964400614663259,11.119678614499474,False,False,False,False
TATCCATCTCGGTTAG-1,14496,4700,TNBC,CID44971,Invasive cancer + lymphocytes,1,61,17,6875,2512,14496,4700,10.733995584988962,False,False,False,True,Invasive cancer + lymphocytes,0.13286353015174346,0.08615724361481894,9.02250733739174e-05,0.17487902987156814,2,2,1.8928324525075497,4,46,0.2889902086619695,1,2,0.009022507337391792,1.4050466189476232,0.4418528872525823,6.759802347944296,False,False,False,False
CTCGTCGAGGGCTCAT-1,6281,3160,TNBC,CID44971,Invasive cancer + lymphocytes,1,60,18,6780,2567,6281,3160,4.266836491004617,False,False,False,True,Invasive cancer + lymphocytes,0.10242009442157532,0.19081310682877023,6.733851349730087e-05,0.15874493004618895,1,1,1.4139766128926436,4,9,0.3174898600923779,1,1,2.447374340297177,1.8907075433444227,0.006733851349730298,14.736494947885692,False,False,False,False
ATCAATGCCGTGGCTG-1,13539,4841,TNBC,CID44971,Invasive cancer + lymphocytes,1,61,19,6875,2622,13539,4841,4.6606100893714455,False,False,False,True,Invasive cancer + lymphocytes,0.1520899514133893,0.1438749784282799,8.836256705946884e-05,0.15118908854858573,1,2,1.4399109953867968,3,30,0.0,0,0,4.872098039527828,0.008836256705946663,0.008836256705947136,9.497727289888267,False,False,False,False
GAAACATAGGAAACAG-1,17391,5670,TNBC,CID44971,Invasive cancer + lymphocytes,1,60,20,6780,2676,17391,5670,5.370593985394744,False,False,False,True,Invasive cancer + lymphocytes,0.0925632710040015,0.17410023744041483,9.164117303656806e-05,0.19898911093019955,1,4,1.5859375317823674,4,34,0.0,0,0,5.333818068483773,0.009164117303656735,0.009164117303551144,12.057877440950502,False,False,False,False
TAATAGGTCACCAGAA-1,25318,6537,TNBC,CID44971,Invasive cancer + lymphocytes,1,61,21,6875,2731,25318,6537,5.288727387629354,False,False,False,True,Invasive cancer + lymphocytes,0.10528196903781001,0.15811505731426148,0.007335882628692326,0.221918095850864,4,4,1.3976663633557032,3,48,0.110959047925432,1,1,5.30306534758749,0.009211377820120752,0.009211377820151398,10.490017628198386,False,False,False,False
CACCAGTCAGCATGCA-1,22295,6068,TNBC,CID44971,Invasive cancer + lymphocytes,1,60,22,6780,2785,22295,6068,5.754653509755551,False,False,False,True,Invasive cancer + lymphocytes,0.13759677438821305,0.15963228628375845,0.00012705171134983642,0.5683895431689951,5,12,2.0102730004238425,4,66,0.0,0,0,6.654757871564964,0.6953743698450582,0.012705171134983642,8.600391215830836,False,False,False,False
GAGCGCTGTTAGGTAA-1,25914,6488,TNBC,CID44971,Invasive cancer + lymphocytes,1,61,23,6875,2840,25914,6488,5.3291657019371765,False,False,False,True,Invasive cancer + lymphocytes,0.16422453847141888,0.12370885663538134,9.0134039381612e-05,0.6935122819367588,5,18,2.2000796954405875,4,100,0.0,0,0,3.1814452104638478,2.8823095500290696,0.009013403938242459,6.298117499106973,False,False,False,False
CCCTATGTAGAGCAGA-1,17854,5316,TNBC,CID44971,Invasive cancer + lymphocytes,1,60,24,6780,2895,17854,5316,4.688025092416265,False,False,False,True,Invasive cancer + lymphocytes,0.16215063124797074,0.10904975440915789,5.907028249774022e-05,0.4660231759226092,3,9,1.892766929668546,4,54,0.14824966995790997,1,1,2.8590146804329515,1.321297494465371,0.41884244113158464,6.305820824885881,False,False,False,False
GATCGCTATATCTCAG-1,15420,4031,TNBC,CID44971,Invasive cancer + lymphocytes,1,61,25,6875,2949,15420,4031,1.9390402075226978,False,False,False,True,Invasive cancer + lymphocytes,0.2724745677976287,0.09047000776501893,9.813748229181664e-05,0.4311914864912128,3,8,2.718821363539236,4,106,0.16662363254204152,1,1,6.731483949241326,0.25527516845173154,0.2460242691421647,1.8142173896666707,False,True,False,False
AAGGGACTATGCATTC-1,16769,5161,TNBC,CID44971,Invasive cancer + lymphocytes,1,60,26,6780,3004,16769,5161,4.067028445345578,False,False,False,True,Invasive cancer + lymphocytes,0.20056724616599939,0.05975920278510629,5.802468539637012e-05,0.2338562789105758,3,3,2.5522196299445334,4,108,0.31180837188076777,2,2,0.012197676320886204,0.7161178711393694,0.48755925404354494,4.760045477006829,False,False,False,False
CTCGGGTTCTCTGGCC-1,11156,4093,TNBC,CID44971,Invasive cancer + lymphocytes,1,61,27,6875,3059,11156,4093,5.593402653280745,False,False,False,True,Invasive cancer + lymphocytes,0.21431200568148576,0.05637527318805174,3.933494057498074e-05,0.3423431244308199,2,4,2.2961850437229137,4,58,0.0,0,0,0.8386893081917393,0.003933494056594256,0.00393349405659442,4.790971022500246,False,False,False,False
TATATATCGAGAAATG-1,22743,6055,TNBC,CID44971,Invasive cancer + lymphocytes,1,60,28,6780,3113,22743,6055,4.304621202128128,False,False,False,True,Invasive cancer + lymphocytes,0.22882671650729364,0.10598849306691435,3.8913954858167644e-05,0.5732268258495105,4,13,2.5912644571490118,4,174,0.242954528690148,2,2,4.854610118234275,2.7512812151638713,0.021566483342183515,2.971391489951105,False,False,False,False
ACCCGAGCGAAATTAC-1,23142,6130,TNBC,CID44971,Invasive cancer + lymphocytes,1,61,29,6875,3168,23142,6130,4.848327715841327,False,False,False,True,Invasive cancer + lymphocytes,0.2532753660250388,0.09553285147917893,3.886858359144114e-05,0.5512960037621201,4,14,2.4427694418763575,4,139,0.20761595070612646,1,2,2.6898802891182108,3.9217619204253094,0.0038868583591450644,2.937756080015228,False,False,False,False
TTGTTTCATTAGTCTA-1,12424,4278,TNBC,CID44971,Invasive cancer + lymphocytes,1,60,30,6780,3223,12424,4278,3.750804893754024,False,False,False,True,Invasive cancer + lymphocytes,0.2603281898222182,0.09789993312876223,5.81583508426064e-05,0.4999315563394578,4,6,2.612821718700647,4,97,0.1968339093387004,1,1,0.691870883828669,2.1214303974541875,1.6279394464249652,5.348752585168402,False,False,False,False
ATGGGACCTGCTGAAC-1,18343,5428,TNBC,CID44971,Invasive cancer + lymphocytes,1,61,31,6875,3277,18343,5428,3.9906231259881153,False,False,False,True,Invasive cancer + lymphocytes,0.19860046825394284,0.10914374763339008,3.868619136834016e-05,0.5099061091361995,4,10,2.2576293405975756,4,87,0.24577465049515776,1,2,5.010477069598047,2.626298482697581,0.8952162331933605,2.38238297785002,False,False,False,False
TGCGACGGCCGAACGT-1,21785,5809,TNBC,CID44971,Invasive cancer + lymphocytes,1,60,32,6780,3332,21785,5809,7.670415423456507,False,False,False,True,Invasive cancer + lymphocytes,0.1321524121503622,0.09635867951599786,0.005108504160881003,0.41044178913207724,3,9,1.7846069610505417,4,46,0.0,0,0,3.1896176244709564,0.00591045566171425,0.005910455661714231,6.434429415805401,False,False,False,False
AGCTAACAAGCAATGT-1,12725,4667,TNBC,CID44971,Invasive cancer + lymphocytes,1,61,33,6875,3387,12725,4667,5.31237721021611,False,False,False,True,Invasive cancer + lymphocytes,0.1582897125220411,0.09241377281226942,3.849380047641885e-05,0.4591642808449687,3,7,1.6871549546543556,4,40,0.3148569164531257,1,2,2.15059254036692,5.101308721025369,0.003849380047641921,1.9856266397870124,False,False,False,False
CGTGTCTCGTTACGAC-1,9419,3754,TNBC,CID44971,Invasive cancer + lymphocytes,1,60,34,6780,3441,9419,3754,3.8114449516933857,False,False,False,True,Invasive cancer + lymphocytes,0.35941790855146,0.06271375901837083,3.739171278357399e-05,0.5515801542407776,4,5,3.31433903846826,4,146,0.24117434746360092,1,1,2.520893714208859,3.1958298239109735,0.0037391712783569372,0.5509131924388929,False,True,False,False
CTAAATCCGGTGTACA-1,15119,5093,TNBC,CID44971,Invasive cancer + lymphocytes,1,61,35,6875,3496,15119,5093,3.9288312719095178,False,False,False,True,Invasive cancer + lymphocytes,0.2269366206431131,0.15481338186628033,3.777127193233302e-05,0.6098915365906715,5,9,2.6558228867604927,4,94,0.0,0,0,11.224751093811577,0.003777127193233688,0.2669249476961906,3.9858850179270315,False,False,False,False
GAATAGTGCTCGATTA-1,16000,5149,TNBC,CID44971,Invasive cancer + lymphocytes,1,60,36,6780,3550,16000,5149,5.21875,False,False,False,True,Invasive cancer + lymphocytes,0.23393067736563283,0.09562031252502994,0.003951643581253669,0.5539177229684575,5,8,2.6167381894714734,4,107,0.16183593859390027,1,1,4.668227620512195,2.6595826780662066,0.003814303541017127,2.230406650383574,False,False,False,False
AACAATACATTGTCGA-1,13426,4645,TNBC,CID44971,Invasive cancer + lymphocytes,1,61,37,6875,3605,13426,4645,7.351407716371219,False,False,False,True,Invasive cancer + lymphocytes,0.20427354739021777,0.1540315677212273,5.765252712731546e-05,0.6605342469142917,5,9,2.257502244717228,4,58,0.0,0,0,9.104171986238407,2.020699994406374,0.005765252712729452,4.272519538765219,False,False,False,False
CACATCGTGCACGCGC-1,8166,3456,TNBC,CID44971,Invasive cancer + lymphocytes,1,60,38,6780,3660,8166,3456,5.11878520695567,False,False,False,True,Invasive cancer + lymphocytes,0.2553531458598883,0.06659174082885866,5.654161978199039e-05,0.20635606397974574,1,2,2.5258592787427547,4,55,0.26652417406087925,1,1,0.09038162501554967,2.339944337935661,0.771049532599332,3.457798587335323,False,False,False,False
CCCAATGAGATTTGCA-1,12332,4490,TNBC,CID44971,Invasive cancer + lymphocytes,1,60,40,6780,3769,12332,4490,4.727538112228348,False,False,False,True,Invasive cancer + lymphocytes,0.3487293456787745,0.17899963430374816,3.9075539745525666e-05,0.8854286419331793,6,11,2.8857755870030566,4,109,0.0,0,0,10.118278639716891,3.310750940732723,0.003907553974552593,4.4670262959506495,False,True,False,False
CTTAGGTATAGACCAG-1,17048,5605,TNBC,CID44971,Invasive cancer + lymphocytes,1,63,15,7066,2403,17048,5605,6.223603941811357,False,False,False,True,Invasive cancer + lymphocytes,0.27112676104051947,0.10197188540900205,0.0014893782515176162,0.2062936074985673,2,3,2.9277782652252244,4,141,0.0,0,0,4.754168680824971,0.038562651604961126,0.005997716583541613,5.398459491886732,False,True,False,False
TGACTCCGAATCATAC-1,14141,4943,TNBC,CID44971,Invasive cancer + lymphocytes,1,62,16,6970,2458,14141,4943,7.672724701223394,False,False,False,True,Invasive cancer + lymphocytes,0.0626267496984346,0.11960014136623551,0.004861983717537524,0.17827775350215533,2,2,0.5983565086196247,2,7,0.0,0,0,0.17548113115484584,0.00955406391832486,0.009554063918146538,11.765424877632233,False,False,False,False
ACTACATCCCGACAAG-1,13762,4586,TNBC,CID44971,Invasive cancer + lymphocytes,1,63,17,7065,2512,13762,4586,13.319284987647146,False,False,False,True,Invasive cancer + lymphocytes,0.06370796733609091,0.08993520665585768,9.364211753149575e-05,0.09102941587596793,1,1,0.9483316742152001,3,11,0.0,0,0,2.4067848442931496,0.009364211753312299,0.009364211753084621,6.5680073977862214,False,False,False,False
TTGCCGCAGACCTACA-1,9674,3817,TNBC,CID44971,Invasive cancer + lymphocytes,1,62,18,6970,2567,9674,3817,9.230928261318999,False,False,False,True,Invasive cancer + lymphocytes,0.0757716411112225,0.10217420434173931,8.948423441171824e-05,0.23661869756325823,2,2,1.3126447071429954,3,16,0.0,0,0,5.308374252291058,0.008948423441171915,0.008948423441171966,4.891149335000529,False,False,False,False
TAAGAGGGACAGGGAC-1,11456,4378,TNBC,CID44971,Invasive cancer + lymphocytes,1,63,19,7065,2622,11456,4378,6.67772346368715,False,False,False,True,Invasive cancer + lymphocytes,0.05428011306690467,0.12580842070507925,9.04417041018022e-05,0.2729278083445832,2,3,0.8877941449974992,4,7,0.0,0,0,4.329514305656565,0.009044170410185222,0.39110345583472045,7.851180138606456,False,False,False,False
CGAATGAAGTCATTGC-1,17447,5143,TNBC,CID44971,Invasive cancer + lymphocytes,1,62,20,6970,2676,17447,5143,10.935977531953919,False,False,False,True,Invasive cancer + lymphocytes,0.06665838864675794,0.06718399228161248,0.0048285481344346876,0.07551485971129053,1,1,0.9533608387362235,4,15,0.0,0,0,0.009551143333984907,0.009551143333984971,0.00955114333382228,6.689745798159456,False,False,False,False
AAGGGAACGACTGGCT-1,12915,4358,TNBC,CID44971,Invasive cancer + lymphocytes,1,63,21,7065,2731,12915,4358,13.116531165311654,False,False,False,True,Invasive cancer + lymphocytes,0.06275048243738612,0.06306657518517335,9.38197732419961e-05,0.0,0,0,1.335415894020347,4,18,0.1911340971377612,1,1,1.6566610835617164,0.009381977324199514,0.37025347576659434,4.270360981864824,False,False,False,False
CGAATCTGCTCGACGC-1,26815,6518,TNBC,CID44971,Invasive cancer + lymphocytes,1,62,22,6970,2785,26815,6518,10.550065261980235,False,False,False,True,Invasive cancer + lymphocytes,0.07324816721405375,0.0963045920329082,9.34827727785495e-05,0.34421937984488377,5,7,1.3635249995060865,4,38,0.0,0,0,0.565190776464181,0.5509834548203136,0.009348277277123026,8.504936694729203,False,False,False,False
ATCGTGGAAAGTCTGG-1,15380,4859,TNBC,CID44971,Invasive cancer + lymphocytes,1,63,23,7065,2840,15380,4859,10.734720416124837,False,False,False,True,Invasive cancer + lymphocytes,0.14451571249756975,0.09114476751556523,8.892373965609899e-05,0.22232870381048078,2,3,1.9242213744248178,4,58,0.16696449940291455,1,1,0.008892373965609766,2.7503754060285877,0.008892373965609737,6.346316597596716,False,False,False,False
CCTATGGCTCCTAGTG-1,15054,4777,TNBC,CID44971,Invasive cancer + lymphocytes,1,62,24,6970,2895,15054,4777,7.04796067490368,False,False,False,True,Invasive cancer + lymphocytes,0.20324471924760337,0.0698685240708737,9.019591039123092e-05,0.08489829313494333,1,1,2.466693875362289,4,88,0.0,0,0,0.009019591039122483,1.2379259520216976,0.13164806252103511,5.608258801505514,False,False,False,False
CGTCGCTTGGTTATAC-1,17398,5027,TNBC,CID44971,Invasive cancer + lymphocytes,1,63,25,7065,2949,17398,5027,4.310840326474307,False,False,False,True,Invasive cancer + lymphocytes,0.4291709673618073,0.050580735362700774,3.8969545332477416e-05,0.2270573804719244,3,3,3.637172035086756,4,383,0.15137158698128292,1,1,0.4346347470447603,2.589084476155034,0.4991297009359619,1.5352246121343214,False,True,False,False
TGCTTAGAGAGAATGC-1,18277,5277,TNBC,CID44971,Invasive cancer + lymphocytes,1,62,26,6970,3004,18277,5277,4.847622695190677,False,False,False,True,Invasive cancer + lymphocytes,0.2576055721824218,0.03568081983634928,3.9093505987966295e-05,0.4082872212776936,3,7,2.7660212886610376,4,173,0.0,0,0,0.003909350598795974,0.003909350598779751,0.04990860595725169,3.5103546764801,False,False,False,False
GATTGCTCCAGTTGCA-1,14204,4625,TNBC,CID44971,Invasive cancer + lymphocytes,1,63,27,7065,3059,14204,4625,4.942269783159673,False,False,False,True,Invasive cancer + lymphocytes,0.39773008871106236,0.08439589323580228,3.9039188325170396e-05,0.3817720426841614,3,5,3.4493996165717533,4,250,0.29293966040428915,1,2,5.418140774189678,0.0039039188325171487,1.1045507427664756,1.9129938877915575,False,True,False,False
CGTGCTTCTACCTAAA-1,20774,5688,TNBC,CID44971,Invasive cancer + lymphocytes,1,62,28,6970,3113,20774,5688,4.264946567825166,False,False,False,True,Invasive cancer + lymphocytes,0.2906113701779642,0.0754337726514714,5.6005876582221635e-05,0.17788506523314904,2,3,2.8780168392071745,4,209,0.13098932427652224,1,1,3.459441141436872,0.856353609538266,0.5755207950220507,2.652061719149952,False,True,False,False
ACTCCAATATCATCAT-1,13300,4610,TNBC,CID44971,Invasive cancer + lymphocytes,1,63,29,7065,3168,13300,4610,5.533834586466165,False,False,False,True,Invasive cancer + lymphocytes,0.23660371281319273,0.10629711749882637,3.921286210726234e-05,0.4333102229650884,4,5,2.7701200513683246,4,103,0.0,0,0,6.674615636733291,0.6542333225708905,0.2079835277270906,3.092879262851364,False,False,False,False
GCCGACCCACGACTGC-1,20762,5641,TNBC,CID44971,Invasive cancer + lymphocytes,1,62,30,6970,3223,20762,5641,2.8850785088141797,False,False,False,True,Invasive cancer + lymphocytes,0.36790859368870626,0.0744500987888821,3.6585309646324006e-05,0.32696755029231,3,6,3.2990024443777113,4,293,0.0,0,0,6.078410781347042,0.23389220985324924,0.8776559325121626,0.2550509551757562,False,True,False,False
GAGGGTAGTAACAAAG-1,18150,5633,TNBC,CID44971,Invasive cancer + lymphocytes,1,63,31,7065,3277,18150,5633,2.6997245179063363,False,False,False,True,Invasive cancer + lymphocytes,0.24126448161847994,0.20814074741093172,3.784426248876713e-05,1.0560173478744141,6,28,2.702177502604248,4,134,0.3252168591777583,1,3,13.567015916592776,4.542811603537973,0.08341024918796698,2.620836971774457,False,False,False,False
GGCCGAGACTCTGGTG-1,16674,5139,TNBC,CID44971,Invasive cancer + lymphocytes,1,62,32,6970,3332,16674,5139,4.689936427971692,False,False,False,True,Invasive cancer + lymphocytes,0.18465272692868012,0.17623532545206766,5.636363630414574e-05,0.8557139159802823,6,14,2.4177690877131917,4,77,0.2627391457128504,1,2,11.791521066874306,2.9222495315305608,0.03241320869928419,2.877348738102613,False,False,False,False
TATATAGGGCTTTACG-1,13841,4688,TNBC,CID44971,Invasive cancer + lymphocytes,1,63,33,7065,3387,13841,4688,4.096524817570985,False,False,False,True,Invasive cancer + lymphocytes,0.1313468149441233,0.2597003308970032,0.0035637511611214825,0.9491941690150032,4,19,1.7001636927305572,4,28,0.18125719523719572,1,1,17.669138336357832,6.410549284485762,0.005788028340689759,1.8845574405160346,True,False,False,False
TGCCGGATGTACGAGC-1,15077,4919,TNBC,CID44971,Invasive cancer + lymphocytes,1,62,34,6970,3441,15077,4919,3.5285534257478277,False,False,False,True,Invasive cancer + lymphocytes,0.16918043920406212,0.21187377169769284,4.096970329176876e-05,0.9346336862145215,6,18,2.1393356795931586,4,48,0.45105197627482224,2,3,15.587728118660376,1.7055701347811105,1.8564554762409369,2.0376234400868625,False,False,False,False
TCCATCAATACTAATC-1,2833,1641,TNBC,CID44971,Invasive cancer + lymphocytes,1,64,14,7161,2348,2833,1641,4.941757853865161,False,False,False,True,Invasive cancer + lymphocytes,0.39566224634587754,0.0557223898239283,3.983748328946238e-05,0.2517806262356574,1,1,3.157619532539054,4,28,0.0,0,0,0.003983748328945645,1.1374168423629578,4.426854643371981,0.0039837483289456264,False,True,False,False
ACCTCGAACTTATGCT-1,3115,1824,TNBC,CID44971,Invasive cancer + lymphocytes,1,65,15,7256,2403,3115,1824,6.324237560192617,False,False,False,True,Invasive cancer + lymphocytes,0.1964199144530448,0.16568086729727421,0.00013153950186461612,0.8132179212266023,3,4,2.675963936226863,4,20,0.0,0,0,9.084873162708105,3.6138750055510607,0.013153950186461613,3.856184611281795,False,False,False,False
ACAAACCATGCGTCCT-1,15439,5107,TNBC,CID44971,Invasive cancer + lymphocytes,1,64,16,7161,2458,15439,5107,8.627501781203446,False,False,False,True,Invasive cancer + lymphocytes,0.21116499106023837,0.13097850992931392,8.599955430789357e-05,0.40162946305114033,3,6,2.6440682153436774,4,97,0.0,0,0,7.493031077193857,0.008599955430789251,0.02706942529031854,5.569150535016429,False,False,False,False
ACACCGGTCTGACCGC-1,6950,3188,TNBC,CID44971,Invasive cancer + lymphocytes,1,65,17,7256,2512,6950,3188,6.417266187050359,False,False,False,True,Invasive cancer + lymphocytes,0.2429983025269093,0.1166988634794701,0.01353274254518631,0.14858769570829308,1,1,2.7837173697321598,4,51,0.0,0,0,4.000082475035671,0.008359870296217304,0.008359870296216656,7.653084132318905,False,False,False,False
ATGGCAGCATTACGAT-1,12817,4653,TNBC,CID44971,Invasive cancer + lymphocytes,1,64,18,7161,2567,12817,4653,7.255988140750566,False,False,False,True,Invasive cancer + lymphocytes,0.062343884491693806,0.16503005880948343,8.71954993237018e-05,0.5499673298549603,4,7,1.0529192054527934,3,12,0.0,0,0,10.443026169203534,0.1255865170258633,0.008719549932370063,5.925673644786575,False,False,False,False
CTGGTGAATGGGCCTA-1,8988,3812,TNBC,CID44971,Invasive cancer + lymphocytes,1,65,19,7256,2622,8988,3812,4.6283934134401425,False,False,False,True,Invasive cancer + lymphocytes,0.1895828218935657,0.08434630466626035,5.715217301246257e-05,0.1246528077276648,1,1,2.2746939894694354,4,55,0.2493056154553296,1,1,3.7644425801163304,0.005715217301246201,0.6317659789504542,4.032706690258004,False,False,False,False
CACAGAGACGAGGACG-1,16565,5005,TNBC,CID44971,Invasive cancer + lymphocytes,1,64,20,7161,2676,16565,5005,12.58074252942952,False,False,False,True,Invasive cancer + lymphocytes,0.07649518793521233,0.08918171065280207,9.159070080388418e-05,0.21068366452035045,2,3,1.4402688717672893,4,25,0.0,0,0,0.009159070080388566,0.5262511586918587,0.009159070080388503,8.373601766427571,False,False,False,False
GCACAAACCCTAGATG-1,24769,6063,TNBC,CID44971,Invasive cancer + lymphocytes,1,65,21,7256,2731,24769,6063,14.998586943356615,False,False,False,True,Invasive cancer + lymphocytes,0.16557572502068815,0.08760343242775541,9.167224309150695e-05,0.34395352689329584,4,7,2.0257710021515853,4,84,0.0,0,0,2.6309762084465147,0.009167224308569687,0.009167224309233696,6.111032585711223,False,False,False,False
ACTATGTCCAGCTGCC-1,15717,4821,TNBC,CID44971,Invasive cancer + lymphocytes,1,64,22,7160,2786,15717,4821,10.110071896672393,False,False,False,True,Invasive cancer + lymphocytes,0.1686899645242209,0.06676128748694683,5.926100742722326e-05,0.43776438651685057,4,6,1.7812372784594428,4,59,0.16413644090855486,1,1,4.362218697241693,0.005926100742848892,0.29161609313345893,2.016367857576682,False,False,False,False
AAGCCGCCGTGAAATC-1,14423,4648,TNBC,CID44971,Invasive cancer + lymphocytes,1,65,23,7256,2840,14423,4648,9.138182070304374,False,False,False,True,Invasive cancer + lymphocytes,0.21190130918695754,0.04043438180200925,0.003122991065240457,0.14498346516877197,1,2,2.1077511945015,4,75,0.17556705221952573,1,1,0.0039015346597775884,1.0568340406480974,0.0039015346597776426,2.978801070233272,False,False,False,False
ATGGGTGTATACCTCC-1,22408,6025,TNBC,CID44971,Invasive cancer + lymphocytes,1,64,24,7160,2895,22408,6025,6.827918600499822,False,False,False,True,Invasive cancer + lymphocytes,0.2888849055434666,0.06841663868139809,3.9113539595396485e-05,0.30942457785700794,3,6,2.9307430901172933,4,236,0.1229957559808607,1,1,2.0141701987818337,0.45037331238942724,0.43252354333194454,3.9445968136366036,False,True,False,False
TAAGCGCGAATCAAAT-1,10798,4139,TNBC,CID44971,Invasive cancer + lymphocytes,1,65,25,7256,2949,10798,4139,7.12168920170402,False,False,False,True,Invasive cancer + lymphocytes,0.2853501358926158,0.11332233651269459,4.0340030148910546e-05,0.4327641454907842,2,6,2.652568897002651,4,69,0.0,0,0,9.422297437152467,0.004034003014885599,0.004034003014890801,1.9018682080872147,False,True,False,False
AGCCCGGCATTAGAGG-1,12495,4350,TNBC,CID44971,Invasive cancer + lymphocytes,1,64,26,7160,3004,12495,4350,7.154861944777911,False,False,False,True,Invasive cancer + lymphocytes,0.2867043346536055,0.09940745618412423,5.7344348237104475e-05,0.551269276514046,5,6,3.0047390548736033,4,131,0.0,0,0,2.9041899643131783,2.391422852261562,0.005734434823710288,4.639398367013973,False,True,False,False
GTGATCAAGCGTGCAC-1,11304,4304,TNBC,CID44971,Invasive cancer + lymphocytes,1,65,27,7256,3059,11304,4304,5.139773531493277,False,False,False,True,Invasive cancer + lymphocytes,0.24743214430716848,0.12822356851769892,3.877116707643035e-05,0.8787594660442822,5,12,2.6209346370426077,4,66,0.0,0,0,9.450253092271993,2.1790784371913654,0.320610356022676,0.8724149662838567,False,False,False,False
CTGCCTTTAATACCTT-1,10078,3886,TNBC,CID44971,Invasive cancer + lymphocytes,1,64,28,7160,3113,10078,3886,7.203810279817424,False,False,False,True,Invasive cancer + lymphocytes,0.30560830214658713,0.11337474570299264,5.959074432199553e-05,0.6203271854019414,3,9,3.019381114081156,4,106,0.2297566193369762,1,1,5.820357499119084,3.695599225892685,0.23721312861107505,1.5843047166764186,False,True,False,False
TACCTCCACACCAATG-1,15790,5102,TNBC,CID44971,Invasive cancer + lymphocytes,1,65,29,7255,3168,15790,5102,5.820139328689044,False,False,False,True,Invasive cancer + lymphocytes,0.18430445399926004,0.24204201616805662,5.9552996358449306e-05,1.0793270461983167,5,21,2.126712133857478,4,48,0.0,0,0,15.162124638458433,4.067230478464145,0.005955299635845075,4.96889120024724,False,False,False,False
GAGCATCAACAACTTG-1,14661,4962,TNBC,CID44971,Invasive cancer + lymphocytes,1,64,30,7160,3223,14661,4962,3.4854375554191392,False,False,False,True,Invasive cancer + lymphocytes,0.21047144761705752,0.10094758147315591,0.013286046913086784,0.6334961705113179,6,8,2.3939190513112445,4,66,0.0,0,0,5.7387399757297395,1.3743914958548265,0.004067875637571825,2.9775588000934534,False,False,False,False
GGGAACGGTTTCAGAT-1,17789,5341,TNBC,CID44971,Invasive cancer + lymphocytes,1,64,32,7160,3332,17789,5341,11.479003878801507,False,False,False,True,Invasive cancer + lymphocytes,0.09554622501865852,0.2516710368011605,0.005622193574962881,0.7875050537961713,6,14,1.6922540357028164,4,38,0.3998325788126718,2,3,15.618889960767305,0.0372014137889907,1.5265735474180147,7.984438758141736,True,False,False,False
CACCGGTAGAGACATT-1,2817,1710,TNBC,CID44971,Invasive cancer + lymphocytes,1,66,16,7351,2458,2817,1710,5.502307419240326,False,False,False,True,Invasive cancer + lymphocytes,0.12271458817694032,0.11022046284962164,0.03219308560793588,0.0,0,0,1.7501434906179707,4,6,0.0,0,0,4.745329261933278,3.71818342214661,0.27516549185332273,2.2833681090289533,False,False,False,False
ACTCATGGCAGCCTTC-1,3056,1841,TNBC,CID44971,Invasive cancer + lymphocytes,1,67,17,7446,2512,3056,1841,6.119109947643979,False,False,False,True,Invasive cancer + lymphocytes,0.16255734164868313,0.15167468070380227,8.609473598675875e-05,0.578826682478395,2,3,1.9448355274991005,4,9,0.48404697563915905,1,1,10.094930328336114,0.008609473598676249,3.352299301732985,1.7116289667124536,False,False,False,False
CATCCAATATAGTTTG-1,4408,2354,TNBC,CID44971,Invasive cancer + lymphocytes,1,66,18,7351,2567,4408,2354,6.669691470054446,False,False,False,True,Invasive cancer + lymphocytes,0.18452659067655855,0.11337047278723268,5.851885860514772e-05,0.0,0,0,2.4248659490345847,4,21,0.0,0,0,9.440865504617735,0.005851885860514582,1.8844780023845036,0.005851885860514839,False,False,False,False
CAGATATGAAGATGAC-1,4328,2370,TNBC,CID44971,Invasive cancer + lymphocytes,1,67,19,7446,2622,4328,2370,6.423290203327172,False,False,False,True,Invasive cancer + lymphocytes,0.19278075870483008,0.15863982846235825,8.811783456007018e-05,0.39903670773807676,2,2,2.6828559233963993,4,33,0.0,0,0,10.001235656188385,0.008811783456006516,1.48330103072781,4.370634375863625,False,False,False,False
GCAAAGGGCGTTAGCC-1,9780,3896,TNBC,CID44971,Invasive cancer + lymphocytes,1,66,20,7351,2676,9780,3896,8.773006134969325,False,False,False,True,Invasive cancer + lymphocytes,0.19802838313501253,0.10846504933480416,8.869842529925509e-05,0.35216592107392003,3,3,1.9338973209244106,3,54,0.0,0,0,4.813733949657763,0.00886984252992546,0.008869842529926005,6.0150312987628025,False,False,False,False
CTGTTGTTCAGTCGTA-1,5871,2788,TNBC,CID44971,Invasive cancer + lymphocytes,1,67,21,7446,2731,5871,2788,8.192812127405894,False,False,False,True,Invasive cancer + lymphocytes,0.3036650546113874,0.13622636130158713,0.012205511970016346,0.16574476124056212,1,1,2.9798341406344115,4,84,0.33148952248112423,1,1,12.806947800780016,0.0054219984036321,0.5290036052052743,0.28126272576978983,False,True,False,False
AAAGGCCCTATAATAC-1,11666,4207,TNBC,CID44971,Invasive cancer + lymphocytes,1,66,22,7351,2786,11666,4207,11.22064117949597,False,False,False,True,Invasive cancer + lymphocytes,0.18535660943038534,0.07154052389850157,5.921255534931664e-05,0.3727826813552761,3,4,2.3692802621276523,4,66,0.0,0,0,4.898785092417576,0.03835720351820239,0.005921255534931741,2.2109888383794467,False,False,False,False
AACATTGAAGTTGATC-1,3970,2148,TNBC,CID44971,Invasive cancer + lymphocytes,1,67,23,7446,2840,3970,2148,8.992443324937028,False,False,False,True,Invasive cancer + lymphocytes,0.25546675511318284,0.07433967569610135,0.02028285078045961,0.20969101309496188,1,1,3.0278075837833085,4,39,0.41938202618992376,1,1,0.049578742035744416,0.008226312268349335,0.5617301084908637,6.814432406815178,False,False,False,False
GCTAGCGATAGGTCTT-1,5813,2767,TNBC,CID44971,Invasive cancer + lymphocytes,1,66,24,7351,2895,5813,2767,6.881128505074832,False,False,False,True,Invasive cancer + lymphocytes,0.2344986890220022,0.0953293353594182,9.045096886295364e-05,0.166789266303661,1,1,2.529519152155163,4,41,0.0,0,0,0.009045096886295343,4.922028271712969,0.009045096886295291,4.592815070456262,False,False,False,False
ATTGCCTATTAGACCG-1,6891,3092,TNBC,CID44971,Invasive cancer + lymphocytes,1,67,25,7446,2950,6891,3092,8.039471774778697,False,False,False,True,Invasive cancer + lymphocytes,0.26775761650688834,0.18563259041601743,8.616727720583132e-05,0.5257841487344046,3,4,2.7299710402392026,4,42,0.0,0,0,14.58566732731822,0.008616727720582326,0.008616727720582699,3.9603582588423594,False,False,False,False
GGGCGTTTACATTCAT-1,6607,3085,TNBC,CID44971,Invasive cancer + lymphocytes,1,66,26,7351,3004,6607,3085,3.935220220977751,False,False,False,True,Invasive cancer + lymphocytes,0.24543090910919738,0.2031576294297746,5.980363511996714e-05,1.0823195219014399,4,12,2.3292427887558396,4,31,0.3072315333922891,1,1,4.442978921819972,9.556888337218867,0.005980363511996129,6.309915320426626,False,False,False,False
AGTGACTGTGACACAA-1,14097,4683,TNBC,CID44971,Invasive cancer + lymphocytes,1,66,28,7351,3113,14097,4683,8.22160743420586,False,False,False,True,Invasive cancer + lymphocytes,0.1548125762956074,0.1878012984386768,4.1813330834341484e-05,0.8266213066464699,5,14,2.1040215780757126,4,43,0.17870844754385887,1,1,14.529942359742376,0.7911080279692421,0.6985456393256918,2.760533816830368,False,False,False,False
GACCGATTAAATATGT-1,3900,2237,TNBC,CID44971,Invasive cancer + lymphocytes,1,68,16,7541,2458,3900,2237,7.307692307692308,False,False,False,True,Invasive cancer + lymphocytes,0.16101734439018528,0.1301325528247938,0.005107760504527999,0.302150317633644,1,2,2.3662391028445757,4,18,0.42363742900034845,1,1,0.012628998538042186,6.490536957290281,1.2875368614806446,5.222552465170412,False,False,False,False
GTCGAATTTGGGCGCT-1,4281,2275,TNBC,CID44971,Invasive cancer + lymphocytes,1,69,17,7636,2512,4281,2275,8.94650782527447,False,False,False,True,Invasive cancer + lymphocytes,0.24056995275990406,0.12202963043434403,9.10117887515231e-05,0.40158111843599564,2,2,2.4042706725219714,4,20,0.0,0,0,6.789839260912417,2.3824326112575815,0.009101178875152322,3.021589992389253,False,False,False,False
TCACGGCCCAAGAGAG-1,5422,2846,TNBC,CID44971,Invasive cancer + lymphocytes,1,68,18,7541,2567,5422,2846,6.1047583917373665,False,False,False,True,Invasive cancer + lymphocytes,0.13950070010344612,0.12041262258818611,0.00013491493985418298,0.0,0,0,1.4235885154646009,3,11,0.0,0,0,7.758047075823756,0.8337646673563662,1.1488803041388025,2.300570211499686,False,False,False,False
CTACGATCCTATCCTA-1,5724,2692,TNBC,CID44971,Invasive cancer + lymphocytes,1,69,19,7636,2622,5724,2692,10.69182389937107,False,False,False,True,Invasive cancer + lymphocytes,0.3247225753828664,0.19108449719338902,8.828432238879665e-05,0.4188794820739703,2,3,2.7685492752774317,4,48,0.0,0,0,14.616915359132726,1.1598483689336692,0.021554719757537796,3.3101312715149684,False,True,False,False
TGCAGTGGTAGGGAAC-1,4513,2364,TNBC,CID44971,Invasive cancer + lymphocytes,1,68,20,7541,2676,4513,2364,8.619543540881896,False,False,False,True,Invasive cancer + lymphocytes,0.28677287647295524,0.12056381096349109,4.036579240859993e-05,0.0,0,0,2.418795041305541,3,50,0.0,0,0,3.308749517775605,0.004036579240859983,0.004036579240859983,8.739558420091784,False,True,False,False
AGCGAGACGTGAAGGC-1,8749,3583,TNBC,CID44971,Invasive cancer + lymphocytes,1,68,22,7541,2786,8749,3583,13.978740427477426,False,False,False,True,Invasive cancer + lymphocytes,0.1925777543283534,0.13366878630732545,9.279766494321159e-05,0.25406700317889536,2,2,2.323549522645699,4,47,0.0,0,0,7.219174408898595,0.009279766494320692,0.009279766494320704,6.12914468884531,False,False,False,False
CAGTGTTAATCTCTCA-1,2634,1680,TNBC,CID44971,Invasive cancer + lymphocytes,1,70,16,7731,2458,2634,1680,6.643887623386484,False,False,False,True,Invasive cancer + lymphocytes,0.1595390393726772,0.058193791627238735,6.85044607156622e-05,0.0,0,0,1.9508941654703222,4,7,0.0,0,0,0.006850446071565717,0.006850446071566096,0.3403589753717661,5.4653192952089755,False,False,False,False
GATCGCTGTGGTGCGT-1,4655,2386,TNBC,CID44971,Invasive cancer + lymphocytes,1,70,18,7731,2567,4655,2386,10.053705692803437,False,False,False,True,Invasive cancer + lymphocytes,0.17214576001229737,0.0981478209165781,0.007480905495983743,0.5734198317169127,3,3,1.6301478377927308,3,15,0.0,0,0,8.62063779493618,0.012772343341480223,0.012772343341480223,1.1685996100386706,False,False,False,False
CTCTGCAGGCATTCTT-1,3009,1675,TNBC,CID44971,Invasive cancer + lymphocytes,1,71,23,7826,2840,3009,1675,10.202725157859755,False,False,False,True,Invasive cancer + lymphocytes,0.24072234750320512,0.12081980048326892,9.499998593232743e-05,0.48801120932383796,2,2,2.8241652673483713,4,21,0.0,0,0,0.5169051889045744,0.3515615058420028,0.9847453201121215,10.228768033468192,False,False,False,False
