spot_id,base_mixture,source_barcode,donor_id,reference_label,component_umi
mix_0000_depth100,0,CID4067_TCGGTAAAGTCAATAG,CID4067,PVL,1131
mix_0000_depth100,0,CID4067_ATGGGAGTCTTGTACT,CID4067,T cells CD4+,808
mix_0000_depth100,0,CID4067_AAGGCAGTCTCACATT,CID4067,Cancer Epithelial,1476
mix_0000_depth100,0,CID4067_GAGGTGACATGCCTTC,CID4067,Cancer Epithelial,5649
mix_0000_depth100,0,CID4067_TGCACCTAGACAAGCC,CID4067,Cancer Epithelial,1821
mix_0000_depth100,0,CID4067_TACCTTATCGTATCAG,CID4067,Cancer Epithelial,11172
mix_0000_depth100,0,CID4067_GATGAGGAGTCGCCGT,CID4067,Cancer Epithelial,7877
mix_0000_depth100,0,CID4067_CTCTACGGTCAGAGGT,CID4067,Cancer Epithelial,2106
mix_0000_depth100,0,CID4067_CGATGGCGTAGCTCCG,CID4067,Cancer Epithelial,4577
mix_0000_depth100,0,CID4067_TGAGCATAGAGGTTAT,CID4067,Cancer Epithelial,2078
mix_0000_depth25,0,CID4067_TCGGTAAAGTCAATAG,CID4067,PVL,259
mix_0000_depth25,0,CID4067_ATGGGAGTCTTGTACT,CID4067,T cells CD4+,211
mix_0000_depth25,0,CID4067_AAGGCAGTCTCACATT,CID4067,Cancer Epithelial,390
mix_0000_depth25,0,CID4067_GAGGTGACATGCCTTC,CID4067,Cancer Epithelial,1388
mix_0000_depth25,0,CID4067_TGCACCTAGACAAGCC,CID4067,Cancer Epithelial,450
mix_0000_depth25,0,CID4067_TACCTTATCGTATCAG,CID4067,Cancer Epithelial,2779
mix_0000_depth25,0,CID4067_GATGAGGAGTCGCCGT,CID4067,Cancer Epithelial,1971
mix_0000_depth25,0,CID4067_CTCTACGGTCAGAGGT,CID4067,Cancer Epithelial,497
mix_0000_depth25,0,CID4067_CGATGGCGTAGCTCCG,CID4067,Cancer Epithelial,1166
mix_0000_depth25,0,CID4067_TGAGCATAGAGGTTAT,CID4067,Cancer Epithelial,523
mix_0001_depth100,1,CID4067_GACTACACACTGTTAG,CID4067,PVL,414
mix_0001_depth100,1,CID4067_CTCGGGACATTCTCAT,CID4067,T cells CD4+,520
mix_0001_depth100,1,CID4067_GCAGTTAGTACGAAAT,CID4067,Cancer Epithelial,3853
mix_0001_depth100,1,CID4067_ATGAGGGCAAGCGAGT,CID4067,Cancer Epithelial,7094
mix_0001_depth100,1,CID4067_GCTGCGACAATGTAAG,CID4067,Cancer Epithelial,2665
mix_0001_depth100,1,CID4067_GCGCAACTCACAGGCC,CID4067,Cancer Epithelial,10931
mix_0001_depth100,1,CID4067_CCTAAAGTCTCGTTTA,CID4067,Cancer Epithelial,2149
mix_0001_depth100,1,CID4067_CCTTCGAAGCATCATC,CID4067,Cancer Epithelial,10133
mix_0001_depth100,1,CID4067_GGAGCAACAGGGAGAG,CID4067,Cancer Epithelial,6226
mix_0001_depth100,1,CID4067_CCTTTCTCATCTGGTA,CID4067,Cancer Epithelial,2642
mix_0001_depth25,1,CID4067_GACTACACACTGTTAG,CID4067,PVL,98
mix_0001_depth25,1,CID4067_CTCGGGACATTCTCAT,CID4067,T cells CD4+,122
mix_0001_depth25,1,CID4067_GCAGTTAGTACGAAAT,CID4067,Cancer Epithelial,946
mix_0001_depth25,1,CID4067_ATGAGGGCAAGCGAGT,CID4067,Cancer Epithelial,1851
mix_0001_depth25,1,CID4067_GCTGCGACAATGTAAG,CID4067,Cancer Epithelial,691
mix_0001_depth25,1,CID4067_GCGCAACTCACAGGCC,CID4067,Cancer Epithelial,2685
mix_0001_depth25,1,CID4067_CCTAAAGTCTCGTTTA,CID4067,Cancer Epithelial,549
mix_0001_depth25,1,CID4067_CCTTCGAAGCATCATC,CID4067,Cancer Epithelial,2557
mix_0001_depth25,1,CID4067_GGAGCAACAGGGAGAG,CID4067,Cancer Epithelial,1554
mix_0001_depth25,1,CID4067_CCTTTCTCATCTGGTA,CID4067,Cancer Epithelial,679
mix_0002_depth100,2,CID4067_CACACTCTCGTACCGG,CID4067,PVL,4068
mix_0002_depth100,2,CID4067_TCTGGAATCTCAACTT,CID4067,T cells CD4+,1151
mix_0002_depth100,2,CID4067_GACCTGGTCTTTACGT,CID4067,Cancer Epithelial,1835
mix_0002_depth100,2,CID4067_CTAACTTTCCTGCCAT,CID4067,Cancer Epithelial,10037
mix_0002_depth100,2,CID4067_GATGCTAAGAGCCCAA,CID4067,Cancer Epithelial,5497
mix_0002_depth100,2,CID4067_GTATTCTGTCTAGGTT,CID4067,Cancer Epithelial,14811
mix_0002_depth100,2,CID4067_TCATTTGAGACCACGA,CID4067,Cancer Epithelial,6763
mix_0002_depth100,2,CID4067_CATCAGACAGCGTTCG,CID4067,Cancer Epithelial,4703
mix_0002_depth100,2,CID4067_CGTCTACCAGGTCGTC,CID4067,Cancer Epithelial,1152
mix_0002_depth100,2,CID4067_TACGGGCTCTCTGAGA,CID4067,Cancer Epithelial,4462
mix_0002_depth25,2,CID4067_CACACTCTCGTACCGG,CID4067,PVL,1017
mix_0002_depth25,2,CID4067_TCTGGAATCTCAACTT,CID4067,T cells CD4+,293
mix_0002_depth25,2,CID4067_GACCTGGTCTTTACGT,CID4067,Cancer Epithelial,441
mix_0002_depth25,2,CID4067_CTAACTTTCCTGCCAT,CID4067,Cancer Epithelial,2550
mix_0002_depth25,2,CID4067_GATGCTAAGAGCCCAA,CID4067,Cancer Epithelial,1349
mix_0002_depth25,2,CID4067_GTATTCTGTCTAGGTT,CID4067,Cancer Epithelial,3743
mix_0002_depth25,2,CID4067_TCATTTGAGACCACGA,CID4067,Cancer Epithelial,1673
mix_0002_depth25,2,CID4067_CATCAGACAGCGTTCG,CID4067,Cancer Epithelial,1180
mix_0002_depth25,2,CID4067_CGTCTACCAGGTCGTC,CID4067,Cancer Epithelial,278
mix_0002_depth25,2,CID4067_TACGGGCTCTCTGAGA,CID4067,Cancer Epithelial,1131
mix_0003_depth100,3,CID4067_TGCCCATAGCACGCCT,CID4067,PVL,705
mix_0003_depth100,3,CID4067_AGCGGTCTCAGGCAAG,CID4067,Myeloid,4742
mix_0003_depth100,3,CID4067_ACAGCTAAGAGTCGGT,CID4067,Cancer Epithelial,9812
mix_0003_depth100,3,CID4067_TCGCGTTGTGGTGTAG,CID4067,Cancer Epithelial,3088
mix_0003_depth100,3,CID4067_CAGCTGGCACAGAGGT,CID4067,Cancer Epithelial,2742
mix_0003_depth100,3,CID4067_CGAATGTGTCACCCAG,CID4067,Cancer Epithelial,10669
mix_0003_depth100,3,CID4067_GAATAAGCAGTATAAG,CID4067,Cancer Epithelial,11658
mix_0003_depth100,3,CID4067_CCGGTAGAGCGAGAAA,CID4067,Cancer Epithelial,5554
mix_0003_depth100,3,CID4067_CGTTCTGGTCACCTAA,CID4067,Cancer Epithelial,1861
mix_0003_depth100,3,CID4067_TTGTAGGAGTATTGGA,CID4067,Cancer Epithelial,6743
mix_0003_depth25,3,CID4067_TGCCCATAGCACGCCT,CID4067,PVL,169
mix_0003_depth25,3,CID4067_AGCGGTCTCAGGCAAG,CID4067,Myeloid,1204
mix_0003_depth25,3,CID4067_ACAGCTAAGAGTCGGT,CID4067,Cancer Epithelial,2516
mix_0003_depth25,3,CID4067_TCGCGTTGTGGTGTAG,CID4067,Cancer Epithelial,823
mix_0003_depth25,3,CID4067_CAGCTGGCACAGAGGT,CID4067,Cancer Epithelial,693
mix_0003_depth25,3,CID4067_CGAATGTGTCACCCAG,CID4067,Cancer Epithelial,2600
mix_0003_depth25,3,CID4067_GAATAAGCAGTATAAG,CID4067,Cancer Epithelial,2928
mix_0003_depth25,3,CID4067_CCGGTAGAGCGAGAAA,CID4067,Cancer Epithelial,1344
mix_0003_depth25,3,CID4067_CGTTCTGGTCACCTAA,CID4067,Cancer Epithelial,451
mix_0003_depth25,3,CID4067_TTGTAGGAGTATTGGA,CID4067,Cancer Epithelial,1762
mix_0004_depth100,4,CID4067_CCCAGTTGTGGCTCCA,CID4067,PVL,1172
mix_0004_depth100,4,CID4067_CACACTCTCTCTAGGA,CID4067,Myeloid,1907
mix_0004_depth100,4,CID4067_TCTATTGTCAACACGT,CID4067,Cancer Epithelial,4653
mix_0004_depth100,4,CID4067_CTAGTGAGTGACTCAT,CID4067,Cancer Epithelial,6101
mix_0004_depth100,4,CID4067_GGCTGGTTCCAATGGT,CID4067,Cancer Epithelial,6044
mix_0004_depth100,4,CID4067_CTACATTCAGTGACAG,CID4067,Cancer Epithelial,5424
mix_0004_depth100,4,CID4067_CGAGCACCAGCTGTGC,CID4067,Cancer Epithelial,5740
mix_0004_depth100,4,CID4067_TCAGATGCAGATGGCA,CID4067,Cancer Epithelial,3145
mix_0004_depth100,4,CID4067_CGGAGCTTCTTTAGGG,CID4067,Cancer Epithelial,8885
mix_0004_depth100,4,CID4067_ACACCCTCAATGGTCT,CID4067,Cancer Epithelial,1625
mix_0004_depth25,4,CID4067_CCCAGTTGTGGCTCCA,CID4067,PVL,297
mix_0004_depth25,4,CID4067_CACACTCTCTCTAGGA,CID4067,Myeloid,484
mix_0004_depth25,4,CID4067_TCTATTGTCAACACGT,CID4067,Cancer Epithelial,1159
mix_0004_depth25,4,CID4067_CTAGTGAGTGACTCAT,CID4067,Cancer Epithelial,1552
mix_0004_depth25,4,CID4067_GGCTGGTTCCAATGGT,CID4067,Cancer Epithelial,1484
mix_0004_depth25,4,CID4067_CTACATTCAGTGACAG,CID4067,Cancer Epithelial,1336
mix_0004_depth25,4,CID4067_CGAGCACCAGCTGTGC,CID4067,Cancer Epithelial,1457
mix_0004_depth25,4,CID4067_TCAGATGCAGATGGCA,CID4067,Cancer Epithelial,787
mix_0004_depth25,4,CID4067_CGGAGCTTCTTTAGGG,CID4067,Cancer Epithelial,2205
mix_0004_depth25,4,CID4067_ACACCCTCAATGGTCT,CID4067,Cancer Epithelial,378
mix_0005_depth100,5,CID4067_CTGCCTATCCTTTCTC,CID4067,PVL,2095
mix_0005_depth100,5,CID4067_CTACATTTCATCACCC,CID4067,Myeloid,4877
mix_0005_depth100,5,CID4067_TCATTACCACCTTGTC,CID4067,Cancer Epithelial,7084
mix_0005_depth100,5,CID4067_AGACGTTGTTTGGGCC,CID4067,Cancer Epithelial,1933
mix_0005_depth100,5,CID4067_CCTATTAGTTAAGTAG,CID4067,Cancer Epithelial,2487
mix_0005_depth100,5,CID4067_GCAAACTAGCGATATA,CID4067,Cancer Epithelial,5708
mix_0005_depth100,5,CID4067_GACCTGGTCAATACCG,CID4067,Cancer Epithelial,4470
mix_0005_depth100,5,CID4067_TCCACACCACAAGTAA,CID4067,Cancer Epithelial,3051
mix_0005_depth100,5,CID4067_CCTAGCTTCAAACAAG,CID4067,Cancer Epithelial,3011
mix_0005_depth100,5,CID4067_ACGATGTAGTCGAGTG,CID4067,Cancer Epithelial,8045
mix_0005_depth25,5,CID4067_CTGCCTATCCTTTCTC,CID4067,PVL,519
mix_0005_depth25,5,CID4067_CTACATTTCATCACCC,CID4067,Myeloid,1277
mix_0005_depth25,5,CID4067_TCATTACCACCTTGTC,CID4067,Cancer Epithelial,1756
mix_0005_depth25,5,CID4067_AGACGTTGTTTGGGCC,CID4067,Cancer Epithelial,520
mix_0005_depth25,5,CID4067_CCTATTAGTTAAGTAG,CID4067,Cancer Epithelial,622
mix_0005_depth25,5,CID4067_GCAAACTAGCGATATA,CID4067,Cancer Epithelial,1476
mix_0005_depth25,5,CID4067_GACCTGGTCAATACCG,CID4067,Cancer Epithelial,1091
mix_0005_depth25,5,CID4067_TCCACACCACAAGTAA,CID4067,Cancer Epithelial,767
mix_0005_depth25,5,CID4067_CCTAGCTTCAAACAAG,CID4067,Cancer Epithelial,703
mix_0005_depth25,5,CID4067_ACGATGTAGTCGAGTG,CID4067,Cancer Epithelial,1982
mix_0006_depth100,6,CID4067_CAGAATCAGGCCCGTT,CID4067,PVL,5876
mix_0006_depth100,6,CID4067_ACGCCAGTCAGTTTGG,CID4067,Endothelial,3519
mix_0006_depth100,6,CID4067_TGCGCAGGTTCGTGAT,CID4067,Cancer Epithelial,3611
mix_0006_depth100,6,CID4067_TTGCCGTCATTAACCG,CID4067,Cancer Epithelial,5734
mix_0006_depth100,6,CID4067_CAACTAGAGTATCTCG,CID4067,Cancer Epithelial,2718
mix_0006_depth100,6,CID4067_CGAGCCACATCGGAAG,CID4067,Cancer Epithelial,2402
mix_0006_depth100,6,CID4067_GGGAGATCAGACGCAA,CID4067,Cancer Epithelial,1019
mix_0006_depth100,6,CID4067_GCACTCTAGCCACTAT,CID4067,Cancer Epithelial,7689
mix_0006_depth100,6,CID4067_GGACAGAGTACTTGAC,CID4067,Cancer Epithelial,5819
mix_0006_depth100,6,CID4067_GTACTCCGTCAACATC,CID4067,Cancer Epithelial,3507
mix_0006_depth25,6,CID4067_CAGAATCAGGCCCGTT,CID4067,PVL,1489
mix_0006_depth25,6,CID4067_ACGCCAGTCAGTTTGG,CID4067,Endothelial,899
mix_0006_depth25,6,CID4067_TGCGCAGGTTCGTGAT,CID4067,Cancer Epithelial,881
mix_0006_depth25,6,CID4067_TTGCCGTCATTAACCG,CID4067,Cancer Epithelial,1414
mix_0006_depth25,6,CID4067_CAACTAGAGTATCTCG,CID4067,Cancer Epithelial,692
mix_0006_depth25,6,CID4067_CGAGCCACATCGGAAG,CID4067,Cancer Epithelial,585
mix_0006_depth25,6,CID4067_GGGAGATCAGACGCAA,CID4067,Cancer Epithelial,255
mix_0006_depth25,6,CID4067_GCACTCTAGCCACTAT,CID4067,Cancer Epithelial,1898
mix_0006_depth25,6,CID4067_GGACAGAGTACTTGAC,CID4067,Cancer Epithelial,1458
mix_0006_depth25,6,CID4067_GTACTCCGTCAACATC,CID4067,Cancer Epithelial,892
mix_0007_depth100,7,CID4067_CGAGCACGTCACCTAA,CID4067,PVL,703
mix_0007_depth100,7,CID4067_CGTCACTCACATCCGG,CID4067,Endothelial,1553
mix_0007_depth100,7,CID4067_GTGCAGCAGATGGCGT,CID4067,Cancer Epithelial,3495
mix_0007_depth100,7,CID4067_GTATCTTAGGCCATAG,CID4067,Cancer Epithelial,8142
mix_0007_depth100,7,CID4067_GTTCATTAGAAACCAT,CID4067,Cancer Epithelial,7314
mix_0007_depth100,7,CID4067_GGACAGAGTACTTGAC,CID4067,Cancer Epithelial,5819
mix_0007_depth100,7,CID4067_CCCTCCTAGCGGCTTC,CID4067,Cancer Epithelial,3346
mix_0007_depth100,7,CID4067_GGGAGATTCTATCCCG,CID4067,Cancer Epithelial,2856
mix_0007_depth100,7,CID4067_GCGCCAACATGGTAGG,CID4067,Cancer Epithelial,2292
mix_0007_depth100,7,CID4067_GCTTGAATCCCAAGAT,CID4067,Cancer Epithelial,8321
mix_0007_depth25,7,CID4067_CGAGCACGTCACCTAA,CID4067,PVL,192
mix_0007_depth25,7,CID4067_CGTCACTCACATCCGG,CID4067,Endothelial,375
mix_0007_depth25,7,CID4067_GTGCAGCAGATGGCGT,CID4067,Cancer Epithelial,873
mix_0007_depth25,7,CID4067_GTATCTTAGGCCATAG,CID4067,Cancer Epithelial,2070
mix_0007_depth25,7,CID4067_GTTCATTAGAAACCAT,CID4067,Cancer Epithelial,1837
mix_0007_depth25,7,CID4067_GGACAGAGTACTTGAC,CID4067,Cancer Epithelial,1460
mix_0007_depth25,7,CID4067_CCCTCCTAGCGGCTTC,CID4067,Cancer Epithelial,831
mix_0007_depth25,7,CID4067_GGGAGATTCTATCCCG,CID4067,Cancer Epithelial,669
mix_0007_depth25,7,CID4067_GCGCCAACATGGTAGG,CID4067,Cancer Epithelial,577
mix_0007_depth25,7,CID4067_GCTTGAATCCCAAGAT,CID4067,Cancer Epithelial,2042
mix_0008_depth100,8,CID4067_TAGTTGGAGTAGGTGC,CID4067,PVL,1975
mix_0008_depth100,8,CID4067_TAAGTGCGTGTTAAGA,CID4067,Endothelial,1189
mix_0008_depth100,8,CID4067_ACACCAAAGGGATGGG,CID4067,Cancer Epithelial,19063
mix_0008_depth100,8,CID4067_CCTCAGTTCATTGCCC,CID4067,Cancer Epithelial,2204
mix_0008_depth100,8,CID4067_GATTCAGAGGTAGCCA,CID4067,Cancer Epithelial,1626
mix_0008_depth100,8,CID4067_GGCGTGTGTGATGTCT,CID4067,Cancer Epithelial,1408
mix_0008_depth100,8,CID4067_CAGCCGACATCGGAAG,CID4067,Cancer Epithelial,7087
mix_0008_depth100,8,CID4067_TGGTTCCTCTTGTTTG,CID4067,Cancer Epithelial,6284
mix_0008_depth100,8,CID4067_ACACTGACATCGACGC,CID4067,Cancer Epithelial,3296
mix_0008_depth100,8,CID4067_GTAACGTTCGCCATAA,CID4067,Cancer Epithelial,2792
mix_0008_depth25,8,CID4067_TAGTTGGAGTAGGTGC,CID4067,PVL,484
mix_0008_depth25,8,CID4067_TAAGTGCGTGTTAAGA,CID4067,Endothelial,297
mix_0008_depth25,8,CID4067_ACACCAAAGGGATGGG,CID4067,Cancer Epithelial,4817
mix_0008_depth25,8,CID4067_CCTCAGTTCATTGCCC,CID4067,Cancer Epithelial,549
mix_0008_depth25,8,CID4067_GATTCAGAGGTAGCCA,CID4067,Cancer Epithelial,421
mix_0008_depth25,8,CID4067_GGCGTGTGTGATGTCT,CID4067,Cancer Epithelial,346
mix_0008_depth25,8,CID4067_CAGCCGACATCGGAAG,CID4067,Cancer Epithelial,1744
mix_0008_depth25,8,CID4067_TGGTTCCTCTTGTTTG,CID4067,Cancer Epithelial,1529
mix_0008_depth25,8,CID4067_ACACTGACATCGACGC,CID4067,Cancer Epithelial,805
mix_0008_depth25,8,CID4067_GTAACGTTCGCCATAA,CID4067,Cancer Epithelial,687
mix_0009_depth100,9,CID4067_GTGAAGGTCCACGCAG,CID4067,PVL,2817
mix_0009_depth100,9,CID4067_TTGACTTTCTAACTGG,CID4067,B-cells,1023
mix_0009_depth100,9,CID4067_TAAGCGTGTACGAAAT,CID4067,Cancer Epithelial,3141
mix_0009_depth100,9,CID4067_CTCGTACAGTGGGATC,CID4067,Cancer Epithelial,1905
mix_0009_depth100,9,CID4067_GGGACCTCAGGCGATA,CID4067,Cancer Epithelial,4388
mix_0009_depth100,9,CID4067_CGATTGAAGATAGGAG,CID4067,Cancer Epithelial,4921
mix_0009_depth100,9,CID4067_TGAGCCGCACCTTGTC,CID4067,Cancer Epithelial,2933
mix_0009_depth100,9,CID4067_GTACGTATCCCGACTT,CID4067,Cancer Epithelial,3376
mix_0009_depth100,9,CID4067_GATGCTAGTAAACACA,CID4067,Cancer Epithelial,6941
mix_0009_depth100,9,CID4067_ACGAGGAAGATGTGTA,CID4067,Cancer Epithelial,2689
mix_0009_depth25,9,CID4067_GTGAAGGTCCACGCAG,CID4067,PVL,682
mix_0009_depth25,9,CID4067_TTGACTTTCTAACTGG,CID4067,B-cells,266
mix_0009_depth25,9,CID4067_TAAGCGTGTACGAAAT,CID4067,Cancer Epithelial,787
mix_0009_depth25,9,CID4067_CTCGTACAGTGGGATC,CID4067,Cancer Epithelial,428
mix_0009_depth25,9,CID4067_GGGACCTCAGGCGATA,CID4067,Cancer Epithelial,1129
mix_0009_depth25,9,CID4067_CGATTGAAGATAGGAG,CID4067,Cancer Epithelial,1200
mix_0009_depth25,9,CID4067_TGAGCCGCACCTTGTC,CID4067,Cancer Epithelial,714
mix_0009_depth25,9,CID4067_GTACGTATCCCGACTT,CID4067,Cancer Epithelial,841
mix_0009_depth25,9,CID4067_GATGCTAGTAAACACA,CID4067,Cancer Epithelial,1708
mix_0009_depth25,9,CID4067_ACGAGGAAGATGTGTA,CID4067,Cancer Epithelial,651
mix_0010_depth100,10,CID4067_CGAGCACGTCACCTAA,CID4067,PVL,703
mix_0010_depth100,10,CID4067_CGATGGCCATGGGAAC,CID4067,B-cells,2199
mix_0010_depth100,10,CID4067_CGGCTAGGTGAGGCTA,CID4067,Cancer Epithelial,2907
mix_0010_depth100,10,CID4067_GTTCATTTCACATAGC,CID4067,Cancer Epithelial,3510
mix_0010_depth100,10,CID4067_AAGGCAGCATTTCACT,CID4067,Cancer Epithelial,2922
mix_0010_depth100,10,CID4067_CCTAAAGTCTACTCAT,CID4067,Cancer Epithelial,4366
mix_0010_depth100,10,CID4067_GACTAACGTGGCAAAC,CID4067,Cancer Epithelial,4319
mix_0010_depth100,10,CID4067_GGCGTGTGTGATGTCT,CID4067,Cancer Epithelial,1408
mix_0010_depth100,10,CID4067_GAGGTGATCGCAAGCC,CID4067,Cancer Epithelial,1688
mix_0010_depth100,10,CID4067_CGCGGTAAGATACACA,CID4067,Cancer Epithelial,8885
mix_0010_depth25,10,CID4067_CGAGCACGTCACCTAA,CID4067,PVL,191
mix_0010_depth25,10,CID4067_CGATGGCCATGGGAAC,CID4067,B-cells,510
mix_0010_depth25,10,CID4067_CGGCTAGGTGAGGCTA,CID4067,Cancer Epithelial,741
mix_0010_depth25,10,CID4067_GTTCATTTCACATAGC,CID4067,Cancer Epithelial,854
mix_0010_depth25,10,CID4067_AAGGCAGCATTTCACT,CID4067,Cancer Epithelial,721
mix_0010_depth25,10,CID4067_CCTAAAGTCTACTCAT,CID4067,Cancer Epithelial,1036
mix_0010_depth25,10,CID4067_GACTAACGTGGCAAAC,CID4067,Cancer Epithelial,1075
mix_0010_depth25,10,CID4067_GGCGTGTGTGATGTCT,CID4067,Cancer Epithelial,355
mix_0010_depth25,10,CID4067_GAGGTGATCGCAAGCC,CID4067,Cancer Epithelial,419
mix_0010_depth25,10,CID4067_CGCGGTAAGATACACA,CID4067,Cancer Epithelial,2223
mix_0011_depth100,11,CID4067_CGGACTGTCTCCAACC,CID4067,PVL,1993
mix_0011_depth100,11,CID4067_TTGTAGGAGAGCTTCT,CID4067,B-cells,961
mix_0011_depth100,11,CID4067_GCATGATAGGACTGGT,CID4067,Cancer Epithelial,3727
mix_0011_depth100,11,CID4067_GTAACGTGTAATTGGA,CID4067,Cancer Epithelial,7756
mix_0011_depth100,11,CID4067_CTGAAACCATGGTCTA,CID4067,Cancer Epithelial,2997
mix_0011_depth100,11,CID4067_TGCGTGGAGTAACCCT,CID4067,Cancer Epithelial,1822
mix_0011_depth100,11,CID4067_CGAACATTCAGTTTGG,CID4067,Cancer Epithelial,4729
mix_0011_depth100,11,CID4067_GAATGAAAGGTGATTA,CID4067,Cancer Epithelial,1832
mix_0011_depth100,11,CID4067_GTACTTTAGCCAGGAT,CID4067,Cancer Epithelial,2180
mix_0011_depth100,11,CID4067_ACACCCTCAAGAAGAG,CID4067,Cancer Epithelial,2749
mix_0011_depth25,11,CID4067_CGGACTGTCTCCAACC,CID4067,PVL,509
mix_0011_depth25,11,CID4067_TTGTAGGAGAGCTTCT,CID4067,B-cells,232
mix_0011_depth25,11,CID4067_GCATGATAGGACTGGT,CID4067,Cancer Epithelial,952
mix_0011_depth25,11,CID4067_GTAACGTGTAATTGGA,CID4067,Cancer Epithelial,1893
mix_0011_depth25,11,CID4067_CTGAAACCATGGTCTA,CID4067,Cancer Epithelial,775
mix_0011_depth25,11,CID4067_TGCGTGGAGTAACCCT,CID4067,Cancer Epithelial,476
mix_0011_depth25,11,CID4067_CGAACATTCAGTTTGG,CID4067,Cancer Epithelial,1212
mix_0011_depth25,11,CID4067_GAATGAAAGGTGATTA,CID4067,Cancer Epithelial,442
mix_0011_depth25,11,CID4067_GTACTTTAGCCAGGAT,CID4067,Cancer Epithelial,554
mix_0011_depth25,11,CID4067_ACACCCTCAAGAAGAG,CID4067,Cancer Epithelial,678
mix_0012_depth100,12,CID4067_TGGACGCAGAAACCGC,CID4067,PVL,1662
mix_0012_depth100,12,CID4067_AACTCTTCAGTTCATG,CID4067,NK cells,1089
mix_0012_depth100,12,CID4067_ATGAGGGTCCTATGTT,CID4067,Cancer Epithelial,5194
mix_0012_depth100,12,CID4067_CTTTGCGTCCAAGCCG,CID4067,Cancer Epithelial,3674
mix_0012_depth100,12,CID4067_TCAGCTCTCACATACG,CID4067,Cancer Epithelial,2923
mix_0012_depth100,12,CID4067_GGAGCAACACTTGGAT,CID4067,Cancer Epithelial,4155
mix_0012_depth100,12,CID4067_ATCTGCCTCGTACGGC,CID4067,Cancer Epithelial,4177
mix_0012_depth100,12,CID4067_GGAGCAATCGCAAACT,CID4067,Cancer Epithelial,2182
mix_0012_depth100,12,CID4067_TTCTTAGAGCCACCTG,CID4067,Cancer Epithelial,13368
mix_0012_depth100,12,CID4067_GCTGCAGGTGGGTATG,CID4067,Cancer Epithelial,10819
mix_0012_depth25,12,CID4067_TGGACGCAGAAACCGC,CID4067,PVL,411
mix_0012_depth25,12,CID4067_AACTCTTCAGTTCATG,CID4067,NK cells,271
mix_0012_depth25,12,CID4067_ATGAGGGTCCTATGTT,CID4067,Cancer Epithelial,1249
mix_0012_depth25,12,CID4067_CTTTGCGTCCAAGCCG,CID4067,Cancer Epithelial,921
mix_0012_depth25,12,CID4067_TCAGCTCTCACATACG,CID4067,Cancer Epithelial,720
mix_0012_depth25,12,CID4067_GGAGCAACACTTGGAT,CID4067,Cancer Epithelial,1017
mix_0012_depth25,12,CID4067_ATCTGCCTCGTACGGC,CID4067,Cancer Epithelial,1048
mix_0012_depth25,12,CID4067_GGAGCAATCGCAAACT,CID4067,Cancer Epithelial,531
mix_0012_depth25,12,CID4067_TTCTTAGAGCCACCTG,CID4067,Cancer Epithelial,3387
mix_0012_depth25,12,CID4067_GCTGCAGGTGGGTATG,CID4067,Cancer Epithelial,2668
mix_0013_depth100,13,CID4067_GGTGAAGCATGGTCTA,CID4067,PVL,5077
mix_0013_depth100,13,CID4067_ATAGACCGTTAAGGGC,CID4067,NK cells,595
mix_0013_depth100,13,CID4067_GCATACATCCATTCTA,CID4067,Cancer Epithelial,4822
mix_0013_depth100,13,CID4067_AAACCTGGTTCGCTAA,CID4067,Cancer Epithelial,4938
mix_0013_depth100,13,CID4067_AGGGAGTGTTCCACTC,CID4067,Cancer Epithelial,5816
mix_0013_depth100,13,CID4067_CCTACACTCTATCCCG,CID4067,Cancer Epithelial,2189
mix_0013_depth100,13,CID4067_GTTCTCGGTGCACCAC,CID4067,Cancer Epithelial,2786
mix_0013_depth100,13,CID4067_GCAGTTAAGCTGAAAT,CID4067,Cancer Epithelial,2699
mix_0013_depth100,13,CID4067_CTAGCCTGTTGGACCC,CID4067,Cancer Epithelial,2682
mix_0013_depth100,13,CID4067_TTGTAGGTCACTCCTG,CID4067,Cancer Epithelial,1681
mix_0013_depth25,13,CID4067_GGTGAAGCATGGTCTA,CID4067,PVL,1254
mix_0013_depth25,13,CID4067_ATAGACCGTTAAGGGC,CID4067,NK cells,145
mix_0013_depth25,13,CID4067_GCATACATCCATTCTA,CID4067,Cancer Epithelial,1184
mix_0013_depth25,13,CID4067_AAACCTGGTTCGCTAA,CID4067,Cancer Epithelial,1173
mix_0013_depth25,13,CID4067_AGGGAGTGTTCCACTC,CID4067,Cancer Epithelial,1442
mix_0013_depth25,13,CID4067_CCTACACTCTATCCCG,CID4067,Cancer Epithelial,523
mix_0013_depth25,13,CID4067_GTTCTCGGTGCACCAC,CID4067,Cancer Epithelial,722
mix_0013_depth25,13,CID4067_GCAGTTAAGCTGAAAT,CID4067,Cancer Epithelial,662
mix_0013_depth25,13,CID4067_CTAGCCTGTTGGACCC,CID4067,Cancer Epithelial,666
mix_0013_depth25,13,CID4067_TTGTAGGTCACTCCTG,CID4067,Cancer Epithelial,422
mix_0014_depth100,14,CID4067_TACTCATGTGCAGTAG,CID4067,PVL,989
mix_0014_depth100,14,CID4067_AACTTTCGTGTTGGGA,CID4067,NK cells,1143
mix_0014_depth100,14,CID4067_CTTTGCGAGTGTGGCA,CID4067,Cancer Epithelial,2858
mix_0014_depth100,14,CID4067_AAAGCAACAAGAGTCG,CID4067,Cancer Epithelial,3532
mix_0014_depth100,14,CID4067_TTCGAAGAGCCAGAAC,CID4067,Cancer Epithelial,1865
mix_0014_depth100,14,CID4067_CTCTGGTCACGTCTCT,CID4067,Cancer Epithelial,3608
mix_0014_depth100,14,CID4067_GACCAATCACGCTTTC,CID4067,Cancer Epithelial,7336
mix_0014_depth100,14,CID4067_CTACACCTCCCTCTTT,CID4067,Cancer Epithelial,1360
mix_0014_depth100,14,CID4067_GACCTGGTCTTTACGT,CID4067,Cancer Epithelial,1835
mix_0014_depth100,14,CID4067_GCTCTGTCAATCAGAA,CID4067,Cancer Epithelial,2439
mix_0014_depth25,14,CID4067_TACTCATGTGCAGTAG,CID4067,PVL,240
mix_0014_depth25,14,CID4067_AACTTTCGTGTTGGGA,CID4067,NK cells,303
mix_0014_depth25,14,CID4067_CTTTGCGAGTGTGGCA,CID4067,Cancer Epithelial,745
mix_0014_depth25,14,CID4067_AAAGCAACAAGAGTCG,CID4067,Cancer Epithelial,930
mix_0014_depth25,14,CID4067_TTCGAAGAGCCAGAAC,CID4067,Cancer Epithelial,461
mix_0014_depth25,14,CID4067_CTCTGGTCACGTCTCT,CID4067,Cancer Epithelial,889
mix_0014_depth25,14,CID4067_GACCAATCACGCTTTC,CID4067,Cancer Epithelial,1858
mix_0014_depth25,14,CID4067_CTACACCTCCCTCTTT,CID4067,Cancer Epithelial,355
mix_0014_depth25,14,CID4067_GACCTGGTCTTTACGT,CID4067,Cancer Epithelial,500
mix_0014_depth25,14,CID4067_GCTCTGTCAATCAGAA,CID4067,Cancer Epithelial,602
mix_0015_depth100,15,CID4067_TGCACCTAGTTTGCGT,CID4067,PVL,609
mix_0015_depth100,15,CID4067_CGCTGGACACAAGACG,CID4067,NKT cells,2097
mix_0015_depth100,15,CID4067_ACGGGCTAGGAGCGTT,CID4067,Cancer Epithelial,3712
mix_0015_depth100,15,CID4067_ACCCACTGTGTGCCTG,CID4067,Cancer Epithelial,3638
mix_0015_depth100,15,CID4067_TACTTGTAGGCTAGGT,CID4067,Cancer Epithelial,13113
mix_0015_depth100,15,CID4067_CAAGGCCTCTCGGACG,CID4067,Cancer Epithelial,2619
mix_0015_depth100,15,CID4067_TGAGCATAGAGGTTAT,CID4067,Cancer Epithelial,2078
mix_0015_depth100,15,CID4067_AGTCTTTAGAATCTCC,CID4067,Cancer Epithelial,4371
mix_0015_depth100,15,CID4067_CTCACACTCTTGCAAG,CID4067,Cancer Epithelial,6161
mix_0015_depth100,15,CID4067_ATTACTCGTATTAGCC,CID4067,Cancer Epithelial,6236
mix_0015_depth25,15,CID4067_TGCACCTAGTTTGCGT,CID4067,PVL,133
mix_0015_depth25,15,CID4067_CGCTGGACACAAGACG,CID4067,NKT cells,521
mix_0015_depth25,15,CID4067_ACGGGCTAGGAGCGTT,CID4067,Cancer Epithelial,958
mix_0015_depth25,15,CID4067_ACCCACTGTGTGCCTG,CID4067,Cancer Epithelial,917
mix_0015_depth25,15,CID4067_TACTTGTAGGCTAGGT,CID4067,Cancer Epithelial,3325
mix_0015_depth25,15,CID4067_CAAGGCCTCTCGGACG,CID4067,Cancer Epithelial,651
mix_0015_depth25,15,CID4067_TGAGCATAGAGGTTAT,CID4067,Cancer Epithelial,522
mix_0015_depth25,15,CID4067_AGTCTTTAGAATCTCC,CID4067,Cancer Epithelial,1086
mix_0015_depth25,15,CID4067_CTCACACTCTTGCAAG,CID4067,Cancer Epithelial,1559
mix_0015_depth25,15,CID4067_ATTACTCGTATTAGCC,CID4067,Cancer Epithelial,1577
mix_0016_depth100,16,CID4067_GTACTTTTCGCCAAAT,CID4067,PVL,1206
mix_0016_depth100,16,CID4067_CATTCGCCACTGCCAG,CID4067,NKT cells,1280
mix_0016_depth100,16,CID4067_TAGCCGGTCGTTACGA,CID4067,Cancer Epithelial,7164
mix_0016_depth100,16,CID4067_CCGGTAGAGCAATCTC,CID4067,Cancer Epithelial,3228
mix_0016_depth100,16,CID4067_GGCCGATTCTGGCGAC,CID4067,Cancer Epithelial,7870
mix_0016_depth100,16,CID4067_GACACGCTCAATACCG,CID4067,Cancer Epithelial,9384
mix_0016_depth100,16,CID4067_GTCGGGTCATGCGCAC,CID4067,Cancer Epithelial,9070
mix_0016_depth100,16,CID4067_TTTATGCGTACGCACC,CID4067,Cancer Epithelial,3472
mix_0016_depth100,16,CID4067_CGGCTAGGTGAGGCTA,CID4067,Cancer Epithelial,2907
mix_0016_depth100,16,CID4067_GTTCATTTCAACACTG,CID4067,Cancer Epithelial,5814
mix_0016_depth25,16,CID4067_GTACTTTTCGCCAAAT,CID4067,PVL,301
mix_0016_depth25,16,CID4067_CATTCGCCACTGCCAG,CID4067,NKT cells,323
mix_0016_depth25,16,CID4067_TAGCCGGTCGTTACGA,CID4067,Cancer Epithelial,1743
mix_0016_depth25,16,CID4067_CCGGTAGAGCAATCTC,CID4067,Cancer Epithelial,805
mix_0016_depth25,16,CID4067_GGCCGATTCTGGCGAC,CID4067,Cancer Epithelial,1948
mix_0016_depth25,16,CID4067_GACACGCTCAATACCG,CID4067,Cancer Epithelial,2327
mix_0016_depth25,16,CID4067_GTCGGGTCATGCGCAC,CID4067,Cancer Epithelial,2254
mix_0016_depth25,16,CID4067_TTTATGCGTACGCACC,CID4067,Cancer Epithelial,861
mix_0016_depth25,16,CID4067_CGGCTAGGTGAGGCTA,CID4067,Cancer Epithelial,748
mix_0016_depth25,16,CID4067_GTTCATTTCAACACTG,CID4067,Cancer Epithelial,1503
mix_0017_depth100,17,CID4067_CCTCTGATCCTGTACC,CID4067,PVL,730
mix_0017_depth100,17,CID4067_GAAATGAGTAGCGTCC,CID4067,NKT cells,627
mix_0017_depth100,17,CID4067_TTCTCCTAGGCTATCT,CID4067,Cancer Epithelial,4105
mix_0017_depth100,17,CID4067_CGTGTAATCGGCTACG,CID4067,Cancer Epithelial,5988
mix_0017_depth100,17,CID4067_GAAACTCCAGTAGAGC,CID4067,Cancer Epithelial,767
mix_0017_depth100,17,CID4067_CCTCAGTAGCCTCGTG,CID4067,Cancer Epithelial,3423
mix_0017_depth100,17,CID4067_TCTCTAAGTTGTCTTT,CID4067,Cancer Epithelial,2423
mix_0017_depth100,17,CID4067_CTCGAGGGTAACGCGA,CID4067,Cancer Epithelial,9506
mix_0017_depth100,17,CID4067_CTGCTGTGTATTAGCC,CID4067,Cancer Epithelial,1799
mix_0017_depth100,17,CID4067_CGTTCTGGTGCGGTAA,CID4067,Cancer Epithelial,8825
mix_0017_depth25,17,CID4067_CCTCTGATCCTGTACC,CID4067,PVL,192
mix_0017_depth25,17,CID4067_GAAATGAGTAGCGTCC,CID4067,NKT cells,144
mix_0017_depth25,17,CID4067_TTCTCCTAGGCTATCT,CID4067,Cancer Epithelial,1021
mix_0017_depth25,17,CID4067_CGTGTAATCGGCTACG,CID4067,Cancer Epithelial,1512
mix_0017_depth25,17,CID4067_GAAACTCCAGTAGAGC,CID4067,Cancer Epithelial,213
mix_0017_depth25,17,CID4067_CCTCAGTAGCCTCGTG,CID4067,Cancer Epithelial,869
mix_0017_depth25,17,CID4067_TCTCTAAGTTGTCTTT,CID4067,Cancer Epithelial,612
mix_0017_depth25,17,CID4067_CTCGAGGGTAACGCGA,CID4067,Cancer Epithelial,2411
mix_0017_depth25,17,CID4067_CTGCTGTGTATTAGCC,CID4067,Cancer Epithelial,461
mix_0017_depth25,17,CID4067_CGTTCTGGTGCGGTAA,CID4067,Cancer Epithelial,2128
mix_0018_depth100,18,CID4067_GTTCGGGGTGAGTGAC,CID4067,PVL,2088
mix_0018_depth100,18,CID4067_TACTTGTAGGGATCTG,CID4067,Cycling T-cells,1101
mix_0018_depth100,18,CID4067_CGAGCACCAGCTGTGC,CID4067,Cancer Epithelial,5740
mix_0018_depth100,18,CID4067_GGACAGATCTTAGAGC,CID4067,Cancer Epithelial,12139
mix_0018_depth100,18,CID4067_GTGCTTCTCAGAGCTT,CID4067,Cancer Epithelial,1340
mix_0018_depth100,18,CID4067_CCTTCGAAGAGGTAGA,CID4067,Cancer Epithelial,2950
mix_0018_depth100,18,CID4067_AACACGTAGAACTCGG,CID4067,Cancer Epithelial,3994
mix_0018_depth100,18,CID4067_AAAGCAATCTTTCCTC,CID4067,Cancer Epithelial,1363
mix_0018_depth100,18,CID4067_TTCTCCTAGGCTATCT,CID4067,Cancer Epithelial,4105
mix_0018_depth100,18,CID4067_AAATGCCCATCAGTAC,CID4067,Cancer Epithelial,1472
mix_0018_depth25,18,CID4067_GTTCGGGGTGAGTGAC,CID4067,PVL,514
mix_0018_depth25,18,CID4067_TACTTGTAGGGATCTG,CID4067,Cycling T-cells,272
mix_0018_depth25,18,CID4067_CGAGCACCAGCTGTGC,CID4067,Cancer Epithelial,1401
mix_0018_depth25,18,CID4067_GGACAGATCTTAGAGC,CID4067,Cancer Epithelial,2980
mix_0018_depth25,18,CID4067_GTGCTTCTCAGAGCTT,CID4067,Cancer Epithelial,339
mix_0018_depth25,18,CID4067_CCTTCGAAGAGGTAGA,CID4067,Cancer Epithelial,715
mix_0018_depth25,18,CID4067_AACACGTAGAACTCGG,CID4067,Cancer Epithelial,998
mix_0018_depth25,18,CID4067_AAAGCAATCTTTCCTC,CID4067,Cancer Epithelial,333
mix_0018_depth25,18,CID4067_TTCTCCTAGGCTATCT,CID4067,Cancer Epithelial,1015
mix_0018_depth25,18,CID4067_AAATGCCCATCAGTAC,CID4067,Cancer Epithelial,387
mix_0019_depth100,19,CID4067_GTATCTTGTAAGTAGT,CID4067,PVL,16891
mix_0019_depth100,19,CID4067_TACACGAAGAACTCGG,CID4067,Cycling T-cells,4788
mix_0019_depth100,19,CID4067_GTAGGCCAGGTTCCTA,CID4067,Cancer Epithelial,5358
mix_0019_depth100,19,CID4067_GGTGCGTTCACTTATC,CID4067,Cancer Epithelial,4715
mix_0019_depth100,19,CID4067_CGGGTCAGTATATCCG,CID4067,Cancer Epithelial,10173
mix_0019_depth100,19,CID4067_TGCTACCTCAGGATCT,CID4067,Cancer Epithelial,4997
mix_0019_depth100,19,CID4067_ATCGAGTGTGGGTATG,CID4067,Cancer Epithelial,9125
mix_0019_depth100,19,CID4067_ACCTTTAGTACTTCTT,CID4067,Cancer Epithelial,20629
mix_0019_depth100,19,CID4067_ATCATCTAGCGTTCCG,CID4067,Cancer Epithelial,2476
mix_0019_depth100,19,CID4067_GAATAAGAGCAATCTC,CID4067,Cancer Epithelial,7977
mix_0019_depth25,19,CID4067_GTATCTTGTAAGTAGT,CID4067,PVL,4282
mix_0019_depth25,19,CID4067_TACACGAAGAACTCGG,CID4067,Cycling T-cells,1178
mix_0019_depth25,19,CID4067_GTAGGCCAGGTTCCTA,CID4067,Cancer Epithelial,1325
mix_0019_depth25,19,CID4067_GGTGCGTTCACTTATC,CID4067,Cancer Epithelial,1238
mix_0019_depth25,19,CID4067_CGGGTCAGTATATCCG,CID4067,Cancer Epithelial,2607
mix_0019_depth25,19,CID4067_TGCTACCTCAGGATCT,CID4067,Cancer Epithelial,1222
mix_0019_depth25,19,CID4067_ATCGAGTGTGGGTATG,CID4067,Cancer Epithelial,2278
mix_0019_depth25,19,CID4067_ACCTTTAGTACTTCTT,CID4067,Cancer Epithelial,5196
mix_0019_depth25,19,CID4067_ATCATCTAGCGTTCCG,CID4067,Cancer Epithelial,639
mix_0019_depth25,19,CID4067_GAATAAGAGCAATCTC,CID4067,Cancer Epithelial,1959
mix_0020_depth100,20,CID4067_TTGCGTCGTCTTCTCG,CID4067,PVL,900
mix_0020_depth100,20,CID4067_GGAATAAGTGCAGGTA,CID4067,Cycling T-cells,1254
mix_0020_depth100,20,CID4067_GTCACGGGTAGCGTGA,CID4067,Cancer Epithelial,2201
mix_0020_depth100,20,CID4067_TCGTAGACAGGGAGAG,CID4067,Cancer Epithelial,6863
mix_0020_depth100,20,CID4067_AAAGCAATCCCTTGCA,CID4067,Cancer Epithelial,5371
mix_0020_depth100,20,CID4067_TTCGGTCGTGGTGTAG,CID4067,Cancer Epithelial,3647
mix_0020_depth100,20,CID4067_ATCATCTTCTCGATGA,CID4067,Cancer Epithelial,2019
mix_0020_depth100,20,CID4067_GATCGATTCATGTGGT,CID4067,Cancer Epithelial,4831
mix_0020_depth100,20,CID4067_CTAGTGAAGACCACGA,CID4067,Cancer Epithelial,2979
mix_0020_depth100,20,CID4067_TTTGCGCCATCCCATC,CID4067,Cancer Epithelial,2570
mix_0020_depth25,20,CID4067_TTGCGTCGTCTTCTCG,CID4067,PVL,202
mix_0020_depth25,20,CID4067_GGAATAAGTGCAGGTA,CID4067,Cycling T-cells,288
mix_0020_depth25,20,CID4067_GTCACGGGTAGCGTGA,CID4067,Cancer Epithelial,560
mix_0020_depth25,20,CID4067_TCGTAGACAGGGAGAG,CID4067,Cancer Epithelial,1729
mix_0020_depth25,20,CID4067_AAAGCAATCCCTTGCA,CID4067,Cancer Epithelial,1327
mix_0020_depth25,20,CID4067_TTCGGTCGTGGTGTAG,CID4067,Cancer Epithelial,866
mix_0020_depth25,20,CID4067_ATCATCTTCTCGATGA,CID4067,Cancer Epithelial,528
mix_0020_depth25,20,CID4067_GATCGATTCATGTGGT,CID4067,Cancer Epithelial,1197
mix_0020_depth25,20,CID4067_CTAGTGAAGACCACGA,CID4067,Cancer Epithelial,741
mix_0020_depth25,20,CID4067_TTTGCGCCATCCCATC,CID4067,Cancer Epithelial,623
mix_0021_depth100,21,CID4067_TCTGAGAAGCCAGGAT,CID4067,T cells CD8+,924
mix_0021_depth100,21,CID4067_TCGTACCAGATGCGAC,CID4067,PVL,1117
mix_0021_depth100,21,CID4067_ATCCACCGTCATATCG,CID4067,T cells CD4+,1312
mix_0021_depth100,21,CID4067_GGAGCAACAGGGAGAG,CID4067,Cancer Epithelial,6226
mix_0021_depth100,21,CID4067_TTCTCAAAGAGGACGG,CID4067,Cancer Epithelial,7577
mix_0021_depth100,21,CID4067_CTGTGCTCATGCGCAC,CID4067,Cancer Epithelial,3105
mix_0021_depth100,21,CID4067_GTCAAGTAGCTCAACT,CID4067,Cancer Epithelial,4317
mix_0021_depth100,21,CID4067_TCTATTGCAGTACACT,CID4067,Cancer Epithelial,9408
mix_0021_depth100,21,CID4067_GTCAAGTAGTGGAGAA,CID4067,Cancer Epithelial,1875
mix_0021_depth100,21,CID4067_GGAAAGCAGAAGAAGC,CID4067,Cancer Epithelial,3992
mix_0021_depth25,21,CID4067_TCTGAGAAGCCAGGAT,CID4067,T cells CD8+,235
mix_0021_depth25,21,CID4067_TCGTACCAGATGCGAC,CID4067,PVL,250
mix_0021_depth25,21,CID4067_ATCCACCGTCATATCG,CID4067,T cells CD4+,350
mix_0021_depth25,21,CID4067_GGAGCAACAGGGAGAG,CID4067,Cancer Epithelial,1537
mix_0021_depth25,21,CID4067_TTCTCAAAGAGGACGG,CID4067,Cancer Epithelial,1877
mix_0021_depth25,21,CID4067_CTGTGCTCATGCGCAC,CID4067,Cancer Epithelial,809
mix_0021_depth25,21,CID4067_GTCAAGTAGCTCAACT,CID4067,Cancer Epithelial,1102
mix_0021_depth25,21,CID4067_TCTATTGCAGTACACT,CID4067,Cancer Epithelial,2394
mix_0021_depth25,21,CID4067_GTCAAGTAGTGGAGAA,CID4067,Cancer Epithelial,463
mix_0021_depth25,21,CID4067_GGAAAGCAGAAGAAGC,CID4067,Cancer Epithelial,1008
mix_0022_depth100,22,CID4067_GTTCTCGCATCCAACA,CID4067,T cells CD8+,1283
mix_0022_depth100,22,CID4067_GAATAAGAGTGAACGC,CID4067,PVL,1432
mix_0022_depth100,22,CID4067_TGCTGCTGTTGTGGAG,CID4067,T cells CD4+,2283
mix_0022_depth100,22,CID4067_GTGTTAGAGGCGCTCT,CID4067,Cancer Epithelial,5072
mix_0022_depth100,22,CID4067_GGTGAAGCACTGTCGG,CID4067,Cancer Epithelial,2700
mix_0022_depth100,22,CID4067_CGGAGCTGTATTCTCT,CID4067,Cancer Epithelial,8123
mix_0022_depth100,22,CID4067_TGACTTTGTTGATTGC,CID4067,Cancer Epithelial,2998
mix_0022_depth100,22,CID4067_ATCATGGGTCACCCAG,CID4067,Cancer Epithelial,6972
mix_0022_depth100,22,CID4067_GGGAATGGTTTGTTTC,CID4067,Cancer Epithelial,3472
mix_0022_depth100,22,CID4067_CTCGTACCAACTGGCC,CID4067,Cancer Epithelial,2330
mix_0022_depth25,22,CID4067_GTTCTCGCATCCAACA,CID4067,T cells CD8+,307
mix_0022_depth25,22,CID4067_GAATAAGAGTGAACGC,CID4067,PVL,352
mix_0022_depth25,22,CID4067_TGCTGCTGTTGTGGAG,CID4067,T cells CD4+,562
mix_0022_depth25,22,CID4067_GTGTTAGAGGCGCTCT,CID4067,Cancer Epithelial,1274
mix_0022_depth25,22,CID4067_GGTGAAGCACTGTCGG,CID4067,Cancer Epithelial,656
mix_0022_depth25,22,CID4067_CGGAGCTGTATTCTCT,CID4067,Cancer Epithelial,1983
mix_0022_depth25,22,CID4067_TGACTTTGTTGATTGC,CID4067,Cancer Epithelial,753
mix_0022_depth25,22,CID4067_ATCATGGGTCACCCAG,CID4067,Cancer Epithelial,1683
mix_0022_depth25,22,CID4067_GGGAATGGTTTGTTTC,CID4067,Cancer Epithelial,857
mix_0022_depth25,22,CID4067_CTCGTACCAACTGGCC,CID4067,Cancer Epithelial,588
mix_0023_depth100,23,CID4067_ACACCGGGTACCCAAT,CID4067,T cells CD8+,1114
mix_0023_depth100,23,CID4067_CTGCCTATCCTTTCTC,CID4067,PVL,2095
mix_0023_depth100,23,CID4067_GTAGGCCTCTGAGGGA,CID4067,T cells CD4+,1414
mix_0023_depth100,23,CID4067_ACTGAACTCAGTGTTG,CID4067,Cancer Epithelial,694
mix_0023_depth100,23,CID4067_ACACCCTTCAGTGCAT,CID4067,Cancer Epithelial,1390
mix_0023_depth100,23,CID4067_GCTGCTTCATTACCTT,CID4067,Cancer Epithelial,3376
mix_0023_depth100,23,CID4067_GCTGCAGCATTGTGCA,CID4067,Cancer Epithelial,2833
mix_0023_depth100,23,CID4067_ATTTCTGCATCTCCCA,CID4067,Cancer Epithelial,1835
mix_0023_depth100,23,CID4067_CAGATCAGTGATGATA,CID4067,Cancer Epithelial,11780
mix_0023_depth100,23,CID4067_GCTGCTTGTACATGTC,CID4067,Cancer Epithelial,1663
mix_0023_depth25,23,CID4067_ACACCGGGTACCCAAT,CID4067,T cells CD8+,274
mix_0023_depth25,23,CID4067_CTGCCTATCCTTTCTC,CID4067,PVL,562
mix_0023_depth25,23,CID4067_GTAGGCCTCTGAGGGA,CID4067,T cells CD4+,361
mix_0023_depth25,23,CID4067_ACTGAACTCAGTGTTG,CID4067,Cancer Epithelial,169
mix_0023_depth25,23,CID4067_ACACCCTTCAGTGCAT,CID4067,Cancer Epithelial,371
mix_0023_depth25,23,CID4067_GCTGCTTCATTACCTT,CID4067,Cancer Epithelial,829
mix_0023_depth25,23,CID4067_GCTGCAGCATTGTGCA,CID4067,Cancer Epithelial,719
mix_0023_depth25,23,CID4067_ATTTCTGCATCTCCCA,CID4067,Cancer Epithelial,477
mix_0023_depth25,23,CID4067_CAGATCAGTGATGATA,CID4067,Cancer Epithelial,3021
mix_0023_depth25,23,CID4067_GCTGCTTGTACATGTC,CID4067,Cancer Epithelial,427
mix_0024_depth100,24,CID4067_TTAGGCAGTACAGACG,CID4067,T cells CD8+,1094
mix_0024_depth100,24,CID4067_CTCTGGTTCCGTTGTC,CID4067,PVL,693
mix_0024_depth100,24,CID4067_CAAGTTGAGGACTGGT,CID4067,Myeloid,2934
mix_0024_depth100,24,CID4067_GTCGGGTGTGTCCTCT,CID4067,Cancer Epithelial,9986
mix_0024_depth100,24,CID4067_GTACTTTAGACTCGGA,CID4067,Cancer Epithelial,2297
mix_0024_depth100,24,CID4067_AAGGCAGCAGTTAACC,CID4067,Cancer Epithelial,1922
mix_0024_depth100,24,CID4067_CACCTTGAGGCATTGG,CID4067,Cancer Epithelial,3857
mix_0024_depth100,24,CID4067_CGATCGGAGGATGGAA,CID4067,Cancer Epithelial,3210
mix_0024_depth100,24,CID4067_TATCAGGAGATGTCGG,CID4067,Cancer Epithelial,6238
mix_0024_depth100,24,CID4067_GGGTCTGTCGTTTGCC,CID4067,Cancer Epithelial,5791
mix_0024_depth25,24,CID4067_TTAGGCAGTACAGACG,CID4067,T cells CD8+,283
mix_0024_depth25,24,CID4067_CTCTGGTTCCGTTGTC,CID4067,PVL,172
mix_0024_depth25,24,CID4067_CAAGTTGAGGACTGGT,CID4067,Myeloid,749
mix_0024_depth25,24,CID4067_GTCGGGTGTGTCCTCT,CID4067,Cancer Epithelial,2523
mix_0024_depth25,24,CID4067_GTACTTTAGACTCGGA,CID4067,Cancer Epithelial,584
mix_0024_depth25,24,CID4067_AAGGCAGCAGTTAACC,CID4067,Cancer Epithelial,490
mix_0024_depth25,24,CID4067_CACCTTGAGGCATTGG,CID4067,Cancer Epithelial,975
mix_0024_depth25,24,CID4067_CGATCGGAGGATGGAA,CID4067,Cancer Epithelial,823
mix_0024_depth25,24,CID4067_TATCAGGAGATGTCGG,CID4067,Cancer Epithelial,1596
mix_0024_depth25,24,CID4067_GGGTCTGTCGTTTGCC,CID4067,Cancer Epithelial,1461
mix_0025_depth100,25,CID4067_CGAGAAGGTACTTAGC,CID4067,T cells CD8+,555
mix_0025_depth100,25,CID4067_GAATAAGAGTGAACGC,CID4067,PVL,1432
mix_0025_depth100,25,CID4067_CGCTTCAAGCACCGTC,CID4067,Myeloid,3151
mix_0025_depth100,25,CID4067_GCATGATTCGTCTGCT,CID4067,Cancer Epithelial,6381
mix_0025_depth100,25,CID4067_TATCTCAAGAAGGTTT,CID4067,Cancer Epithelial,5994
mix_0025_depth100,25,CID4067_GCTCTGTCAATCAGAA,CID4067,Cancer Epithelial,2439
mix_0025_depth100,25,CID4067_TATTACCAGAGGTAGA,CID4067,Cancer Epithelial,4611
mix_0025_depth100,25,CID4067_TAGACCAAGTACTTGC,CID4067,Cancer Epithelial,5352
mix_0025_depth100,25,CID4067_TGCCAAAGTTGGTTTG,CID4067,Cancer Epithelial,7160
mix_0025_depth100,25,CID4067_GTGTGCGGTATAATGG,CID4067,Cancer Epithelial,7825
mix_0025_depth25,25,CID4067_CGAGAAGGTACTTAGC,CID4067,T cells CD8+,141
mix_0025_depth25,25,CID4067_GAATAAGAGTGAACGC,CID4067,PVL,366
mix_0025_depth25,25,CID4067_CGCTTCAAGCACCGTC,CID4067,Myeloid,747
mix_0025_depth25,25,CID4067_GCATGATTCGTCTGCT,CID4067,Cancer Epithelial,1603
mix_0025_depth25,25,CID4067_TATCTCAAGAAGGTTT,CID4067,Cancer Epithelial,1503
mix_0025_depth25,25,CID4067_GCTCTGTCAATCAGAA,CID4067,Cancer Epithelial,579
mix_0025_depth25,25,CID4067_TATTACCAGAGGTAGA,CID4067,Cancer Epithelial,1144
mix_0025_depth25,25,CID4067_TAGACCAAGTACTTGC,CID4067,Cancer Epithelial,1338
mix_0025_depth25,25,CID4067_TGCCAAAGTTGGTTTG,CID4067,Cancer Epithelial,1857
mix_0025_depth25,25,CID4067_GTGTGCGGTATAATGG,CID4067,Cancer Epithelial,1976
mix_0026_depth100,26,CID4067_ACTGTCCGTGATGATA,CID4067,T cells CD8+,1373
mix_0026_depth100,26,CID4067_CTGATCCGTCGTTGTA,CID4067,PVL,1419
mix_0026_depth100,26,CID4067_CCATGTCAGGGCACTA,CID4067,Myeloid,1206
mix_0026_depth100,26,CID4067_ACCTTTACATTGTGCA,CID4067,Cancer Epithelial,7179
mix_0026_depth100,26,CID4067_CGTCAGGTCTGCAGTA,CID4067,Cancer Epithelial,1270
mix_0026_depth100,26,CID4067_ACTGAACGTCAACATC,CID4067,Cancer Epithelial,2385
mix_0026_depth100,26,CID4067_CGCTGGAAGGGTTTCT,CID4067,Cancer Epithelial,4251
mix_0026_depth100,26,CID4067_TCCACACAGCGTAATA,CID4067,Cancer Epithelial,2116
mix_0026_depth100,26,CID4067_TACGGGCCATTAGCCA,CID4067,Cancer Epithelial,2113
mix_0026_depth100,26,CID4067_GCAGCCAGTGCAACTT,CID4067,Cancer Epithelial,3911
mix_0026_depth25,26,CID4067_ACTGTCCGTGATGATA,CID4067,T cells CD8+,344
mix_0026_depth25,26,CID4067_CTGATCCGTCGTTGTA,CID4067,PVL,382
mix_0026_depth25,26,CID4067_CCATGTCAGGGCACTA,CID4067,Myeloid,309
mix_0026_depth25,26,CID4067_ACCTTTACATTGTGCA,CID4067,Cancer Epithelial,1738
mix_0026_depth25,26,CID4067_CGTCAGGTCTGCAGTA,CID4067,Cancer Epithelial,303
mix_0026_depth25,26,CID4067_ACTGAACGTCAACATC,CID4067,Cancer Epithelial,614
mix_0026_depth25,26,CID4067_CGCTGGAAGGGTTTCT,CID4067,Cancer Epithelial,1084
mix_0026_depth25,26,CID4067_TCCACACAGCGTAATA,CID4067,Cancer Epithelial,535
mix_0026_depth25,26,CID4067_TACGGGCCATTAGCCA,CID4067,Cancer Epithelial,537
mix_0026_depth25,26,CID4067_GCAGCCAGTGCAACTT,CID4067,Cancer Epithelial,951
mix_0027_depth100,27,CID4067_CGATTGATCCTAGTGA,CID4067,T cells CD8+,1098
mix_0027_depth100,27,CID4067_CTGCTGTTCTGTACGA,CID4067,PVL,770
mix_0027_depth100,27,CID4067_CGTCAGGCAGCTTCGG,CID4067,Endothelial,23989
mix_0027_depth100,27,CID4067_GCGCGATAGATGTTAG,CID4067,Cancer Epithelial,3531
mix_0027_depth100,27,CID4067_TGTGGTAGTAGGCATG,CID4067,Cancer Epithelial,15248
mix_0027_depth100,27,CID4067_TGTGTTTTCCAGTATG,CID4067,Cancer Epithelial,2069
mix_0027_depth100,27,CID4067_TCGAGGCTCGGAATCT,CID4067,Cancer Epithelial,4752
mix_0027_depth100,27,CID4067_AACTGGTAGTTTCCTT,CID4067,Cancer Epithelial,3522
mix_0027_depth100,27,CID4067_CCTTCCCCAGGTTTCA,CID4067,Cancer Epithelial,5187
mix_0027_depth100,27,CID4067_TATGCCCGTCTAACGT,CID4067,Cancer Epithelial,4869
mix_0027_depth25,27,CID4067_CGATTGATCCTAGTGA,CID4067,T cells CD8+,285
mix_0027_depth25,27,CID4067_CTGCTGTTCTGTACGA,CID4067,PVL,195
mix_0027_depth25,27,CID4067_CGTCAGGCAGCTTCGG,CID4067,Endothelial,5854
mix_0027_depth25,27,CID4067_GCGCGATAGATGTTAG,CID4067,Cancer Epithelial,896
mix_0027_depth25,27,CID4067_TGTGGTAGTAGGCATG,CID4067,Cancer Epithelial,3801
mix_0027_depth25,27,CID4067_TGTGTTTTCCAGTATG,CID4067,Cancer Epithelial,534
mix_0027_depth25,27,CID4067_TCGAGGCTCGGAATCT,CID4067,Cancer Epithelial,1208
mix_0027_depth25,27,CID4067_AACTGGTAGTTTCCTT,CID4067,Cancer Epithelial,844
mix_0027_depth25,27,CID4067_CCTTCCCCAGGTTTCA,CID4067,Cancer Epithelial,1306
mix_0027_depth25,27,CID4067_TATGCCCGTCTAACGT,CID4067,Cancer Epithelial,1229
mix_0028_depth100,28,CID4067_ACACCGGGTACCCAAT,CID4067,T cells CD8+,1114
mix_0028_depth100,28,CID4067_AGTCTTTTCCTGTACC,CID4067,PVL,1143
mix_0028_depth100,28,CID4067_AGTGAGGCACTTGGAT,CID4067,Endothelial,3084
mix_0028_depth100,28,CID4067_GGGACCTAGCGATAGC,CID4067,Cancer Epithelial,2278
mix_0028_depth100,28,CID4067_TATGCCCGTCTAACGT,CID4067,Cancer Epithelial,4869
mix_0028_depth100,28,CID4067_TCAATCTGTACTTGAC,CID4067,Cancer Epithelial,2005
mix_0028_depth100,28,CID4067_TGCCCTATCAAACCAC,CID4067,Cancer Epithelial,2642
mix_0028_depth100,28,CID4067_GCGAGAAGTCCTAGCG,CID4067,Cancer Epithelial,4386
mix_0028_depth100,28,CID4067_TGTGGTAGTAGGCATG,CID4067,Cancer Epithelial,15248
mix_0028_depth100,28,CID4067_CGGACACAGATCCCGC,CID4067,Cancer Epithelial,11219
mix_0028_depth25,28,CID4067_ACACCGGGTACCCAAT,CID4067,T cells CD8+,271
mix_0028_depth25,28,CID4067_AGTCTTTTCCTGTACC,CID4067,PVL,294
mix_0028_depth25,28,CID4067_AGTGAGGCACTTGGAT,CID4067,Endothelial,750
mix_0028_depth25,28,CID4067_GGGACCTAGCGATAGC,CID4067,Cancer Epithelial,553
mix_0028_depth25,28,CID4067_TATGCCCGTCTAACGT,CID4067,Cancer Epithelial,1177
mix_0028_depth25,28,CID4067_TCAATCTGTACTTGAC,CID4067,Cancer Epithelial,493
mix_0028_depth25,28,CID4067_TGCCCTATCAAACCAC,CID4067,Cancer Epithelial,684
mix_0028_depth25,28,CID4067_GCGAGAAGTCCTAGCG,CID4067,Cancer Epithelial,1081
mix_0028_depth25,28,CID4067_TGTGGTAGTAGGCATG,CID4067,Cancer Epithelial,3828
mix_0028_depth25,28,CID4067_CGGACACAGATCCCGC,CID4067,Cancer Epithelial,2814
mix_0029_depth100,29,CID4067_CATCCACTCTTGTCAT,CID4067,T cells CD8+,934
mix_0029_depth100,29,CID4067_TTGAACGAGGCTCTTA,CID4067,PVL,3900
mix_0029_depth100,29,CID4067_ACAGCTAAGGACCACA,CID4067,Endothelial,1017
mix_0029_depth100,29,CID4067_GGACAGATCCTCAACC,CID4067,Cancer Epithelial,7901
mix_0029_depth100,29,CID4067_CGTCACTTCTTCGGTC,CID4067,Cancer Epithelial,4394
mix_0029_depth100,29,CID4067_TTGTAGGAGTATTGGA,CID4067,Cancer Epithelial,6743
mix_0029_depth100,29,CID4067_TGAGCATAGAGGTTAT,CID4067,Cancer Epithelial,2078
mix_0029_depth100,29,CID4067_CTCTGGTAGTCATGCT,CID4067,Cancer Epithelial,4873
mix_0029_depth100,29,CID4067_CGAATGTGTATCACCA,CID4067,Cancer Epithelial,3044
mix_0029_depth100,29,CID4067_GCAGTTACACCTATCC,CID4067,Cancer Epithelial,3060
mix_0029_depth25,29,CID4067_CATCCACTCTTGTCAT,CID4067,T cells CD8+,220
mix_0029_depth25,29,CID4067_TTGAACGAGGCTCTTA,CID4067,PVL,984
mix_0029_depth25,29,CID4067_ACAGCTAAGGACCACA,CID4067,Endothelial,274
mix_0029_depth25,29,CID4067_GGACAGATCCTCAACC,CID4067,Cancer Epithelial,1971
mix_0029_depth25,29,CID4067_CGTCACTTCTTCGGTC,CID4067,Cancer Epithelial,1109
mix_0029_depth25,29,CID4067_TTGTAGGAGTATTGGA,CID4067,Cancer Epithelial,1656
mix_0029_depth25,29,CID4067_TGAGCATAGAGGTTAT,CID4067,Cancer Epithelial,527
mix_0029_depth25,29,CID4067_CTCTGGTAGTCATGCT,CID4067,Cancer Epithelial,1184
mix_0029_depth25,29,CID4067_CGAATGTGTATCACCA,CID4067,Cancer Epithelial,762
mix_0029_depth25,29,CID4067_GCAGTTACACCTATCC,CID4067,Cancer Epithelial,775
mix_0030_depth100,30,CID4067_TTAGGACTCTATGTGG,CID4067,T cells CD8+,1117
mix_0030_depth100,30,CID4067_TACTCATGTGCAGTAG,CID4067,PVL,989
mix_0030_depth100,30,CID4067_GGAAAGCAGGTGACCA,CID4067,B-cells,512
mix_0030_depth100,30,CID4067_ATCATCTGTAAGTGTA,CID4067,Cancer Epithelial,2245
mix_0030_depth100,30,CID4067_CATGCCTGTCTAGCGC,CID4067,Cancer Epithelial,2259
mix_0030_depth100,30,CID4067_GAATGAAAGGTGATTA,CID4067,Cancer Epithelial,1832
mix_0030_depth100,30,CID4067_ACGATACGTTAAGGGC,CID4067,Cancer Epithelial,3576
mix_0030_depth100,30,CID4067_GAACGGATCGACAGCC,CID4067,Cancer Epithelial,8639
mix_0030_depth100,30,CID4067_GGCCGATTCATTTGGG,CID4067,Cancer Epithelial,8573
mix_0030_depth100,30,CID4067_TGCGTGGGTCGGCATC,CID4067,Cancer Epithelial,4789
mix_0030_depth25,30,CID4067_TTAGGACTCTATGTGG,CID4067,T cells CD8+,273
mix_0030_depth25,30,CID4067_TACTCATGTGCAGTAG,CID4067,PVL,278
mix_0030_depth25,30,CID4067_GGAAAGCAGGTGACCA,CID4067,B-cells,130
mix_0030_depth25,30,CID4067_ATCATCTGTAAGTGTA,CID4067,Cancer Epithelial,573
mix_0030_depth25,30,CID4067_CATGCCTGTCTAGCGC,CID4067,Cancer Epithelial,535
mix_0030_depth25,30,CID4067_GAATGAAAGGTGATTA,CID4067,Cancer Epithelial,436
mix_0030_depth25,30,CID4067_ACGATACGTTAAGGGC,CID4067,Cancer Epithelial,855
mix_0030_depth25,30,CID4067_GAACGGATCGACAGCC,CID4067,Cancer Epithelial,2241
mix_0030_depth25,30,CID4067_GGCCGATTCATTTGGG,CID4067,Cancer Epithelial,2127
mix_0030_depth25,30,CID4067_TGCGTGGGTCGGCATC,CID4067,Cancer Epithelial,1151
mix_0031_depth100,31,CID4067_TGGCCAGGTTTGACAC,CID4067,T cells CD8+,829
mix_0031_depth100,31,CID4067_CTGCTGTTCTGTACGA,CID4067,PVL,770
mix_0031_depth100,31,CID4067_CTCGAGGAGATGAGAG,CID4067,B-cells,1053
mix_0031_depth100,31,CID4067_AGATTGCAGTGACTCT,CID4067,Cancer Epithelial,7564
mix_0031_depth100,31,CID4067_CCTCTGACATAAAGGT,CID4067,Cancer Epithelial,2023
mix_0031_depth100,31,CID4067_TCACGAACAGACGTAG,CID4067,Cancer Epithelial,9872
mix_0031_depth100,31,CID4067_TCTCTAAGTTGTCTTT,CID4067,Cancer Epithelial,2423
mix_0031_depth100,31,CID4067_AGCATACAGACCTAGG,CID4067,Cancer Epithelial,4068
mix_0031_depth100,31,CID4067_TGACTAGGTTGGGACA,CID4067,Cancer Epithelial,2034
mix_0031_depth100,31,CID4067_CCTACACTCTATCCCG,CID4067,Cancer Epithelial,2189
mix_0031_depth25,31,CID4067_TGGCCAGGTTTGACAC,CID4067,T cells CD8+,192
mix_0031_depth25,31,CID4067_CTGCTGTTCTGTACGA,CID4067,PVL,205
mix_0031_depth25,31,CID4067_CTCGAGGAGATGAGAG,CID4067,B-cells,250
mix_0031_depth25,31,CID4067_AGATTGCAGTGACTCT,CID4067,Cancer Epithelial,1955
mix_0031_depth25,31,CID4067_CCTCTGACATAAAGGT,CID4067,Cancer Epithelial,559
mix_0031_depth25,31,CID4067_TCACGAACAGACGTAG,CID4067,Cancer Epithelial,2424
mix_0031_depth25,31,CID4067_TCTCTAAGTTGTCTTT,CID4067,Cancer Epithelial,622
mix_0031_depth25,31,CID4067_AGCATACAGACCTAGG,CID4067,Cancer Epithelial,1001
mix_0031_depth25,31,CID4067_TGACTAGGTTGGGACA,CID4067,Cancer Epithelial,534
mix_0031_depth25,31,CID4067_CCTACACTCTATCCCG,CID4067,Cancer Epithelial,566
mix_0032_depth100,32,CID4067_CCGTGGAGTCTAGCGC,CID4067,T cells CD8+,1216
mix_0032_depth100,32,CID4067_GGTGAAGCATGGTCTA,CID4067,PVL,5077
mix_0032_depth100,32,CID4067_ACTGTCCCAATCAGAA,CID4067,B-cells,1074
mix_0032_depth100,32,CID4067_ATTTCTGCATCTCCCA,CID4067,Cancer Epithelial,1835
mix_0032_depth100,32,CID4067_ACCGTAAAGGCAGTCA,CID4067,Cancer Epithelial,7758
mix_0032_depth100,32,CID4067_ACACTGAAGTTAGCGG,CID4067,Cancer Epithelial,3669
mix_0032_depth100,32,CID4067_CTAGAGTTCGTGGGAA,CID4067,Cancer Epithelial,2072
mix_0032_depth100,32,CID4067_CACCAGGCAGGTTTCA,CID4067,Cancer Epithelial,5825
mix_0032_depth100,32,CID4067_ACAGCTACAGTAACGG,CID4067,Cancer Epithelial,3579
mix_0032_depth100,32,CID4067_CGCGTTTAGGTTCCTA,CID4067,Cancer Epithelial,2637
mix_0032_depth25,32,CID4067_CCGTGGAGTCTAGCGC,CID4067,T cells CD8+,302
mix_0032_depth25,32,CID4067_GGTGAAGCATGGTCTA,CID4067,PVL,1261
mix_0032_depth25,32,CID4067_ACTGTCCCAATCAGAA,CID4067,B-cells,273
mix_0032_depth25,32,CID4067_ATTTCTGCATCTCCCA,CID4067,Cancer Epithelial,430
mix_0032_depth25,32,CID4067_ACCGTAAAGGCAGTCA,CID4067,Cancer Epithelial,1903
mix_0032_depth25,32,CID4067_ACACTGAAGTTAGCGG,CID4067,Cancer Epithelial,920
mix_0032_depth25,32,CID4067_CTAGAGTTCGTGGGAA,CID4067,Cancer Epithelial,550
mix_0032_depth25,32,CID4067_CACCAGGCAGGTTTCA,CID4067,Cancer Epithelial,1438
mix_0032_depth25,32,CID4067_ACAGCTACAGTAACGG,CID4067,Cancer Epithelial,913
mix_0032_depth25,32,CID4067_CGCGTTTAGGTTCCTA,CID4067,Cancer Epithelial,632
mix_0033_depth100,33,CID4067_TAAACCGTCCGCAGTG,CID4067,T cells CD8+,1208
mix_0033_depth100,33,CID4067_CGATGGCTCCTGCCAT,CID4067,PVL,2537
mix_0033_depth100,33,CID4067_CTACATTTCATCTGTT,CID4067,NK cells,1866
mix_0033_depth100,33,CID4067_TGCGTGGAGCCGATTT,CID4067,Cancer Epithelial,2264
mix_0033_depth100,33,CID4067_AAAGTAGAGCAGACTG,CID4067,Cancer Epithelial,11732
mix_0033_depth100,33,CID4067_GCATGTATCTCGTATT,CID4067,Cancer Epithelial,2669
mix_0033_depth100,33,CID4067_GGACAAGAGGTGACCA,CID4067,Cancer Epithelial,10901
mix_0033_depth100,33,CID4067_TCCACACGTGGGTCAA,CID4067,Cancer Epithelial,2881
mix_0033_depth100,33,CID4067_TGTGGTAGTAGGCATG,CID4067,Cancer Epithelial,15248
mix_0033_depth100,33,CID4067_CCCAGTTCACGAAATA,CID4067,Cancer Epithelial,1385
mix_0033_depth25,33,CID4067_TAAACCGTCCGCAGTG,CID4067,T cells CD8+,296
mix_0033_depth25,33,CID4067_CGATGGCTCCTGCCAT,CID4067,PVL,620
mix_0033_depth25,33,CID4067_CTACATTTCATCTGTT,CID4067,NK cells,476
mix_0033_depth25,33,CID4067_TGCGTGGAGCCGATTT,CID4067,Cancer Epithelial,545
mix_0033_depth25,33,CID4067_AAAGTAGAGCAGACTG,CID4067,Cancer Epithelial,2968
mix_0033_depth25,33,CID4067_GCATGTATCTCGTATT,CID4067,Cancer Epithelial,655
mix_0033_depth25,33,CID4067_GGACAAGAGGTGACCA,CID4067,Cancer Epithelial,2764
mix_0033_depth25,33,CID4067_TCCACACGTGGGTCAA,CID4067,Cancer Epithelial,741
mix_0033_depth25,33,CID4067_TGTGGTAGTAGGCATG,CID4067,Cancer Epithelial,3879
mix_0033_depth25,33,CID4067_CCCAGTTCACGAAATA,CID4067,Cancer Epithelial,370
mix_0034_depth100,34,CID4067_TATTACCAGAAAGTGG,CID4067,T cells CD8+,1373
mix_0034_depth100,34,CID4067_CTCTGGTTCCGTTGTC,CID4067,PVL,693
mix_0034_depth100,34,CID4067_ATAGACCGTTAAGGGC,CID4067,NK cells,595
mix_0034_depth100,34,CID4067_TATGCCCCACGAAATA,CID4067,Cancer Epithelial,2394
mix_0034_depth100,34,CID4067_CCACGGAAGCTCTCGG,CID4067,Cancer Epithelial,2622
mix_0034_depth100,34,CID4067_AGTCTTTTCTGCCCTA,CID4067,Cancer Epithelial,2705
mix_0034_depth100,34,CID4067_AGCCTAAAGCTTATCG,CID4067,Cancer Epithelial,3176
mix_0034_depth100,34,CID4067_TTAGGCAAGCCAGAAC,CID4067,Cancer Epithelial,6247
mix_0034_depth100,34,CID4067_ACTGTCCTCCTTCAAT,CID4067,Cancer Epithelial,7951
mix_0034_depth100,34,CID4067_CCTTTCTCAGCGTAAG,CID4067,Cancer Epithelial,4037
mix_0034_depth25,34,CID4067_TATTACCAGAAAGTGG,CID4067,T cells CD8+,352
mix_0034_depth25,34,CID4067_CTCTGGTTCCGTTGTC,CID4067,PVL,171
mix_0034_depth25,34,CID4067_ATAGACCGTTAAGGGC,CID4067,NK cells,158
mix_0034_depth25,34,CID4067_TATGCCCCACGAAATA,CID4067,Cancer Epithelial,590
mix_0034_depth25,34,CID4067_CCACGGAAGCTCTCGG,CID4067,Cancer Epithelial,722
mix_0034_depth25,34,CID4067_AGTCTTTTCTGCCCTA,CID4067,Cancer Epithelial,654
mix_0034_depth25,34,CID4067_AGCCTAAAGCTTATCG,CID4067,Cancer Epithelial,784
mix_0034_depth25,34,CID4067_TTAGGCAAGCCAGAAC,CID4067,Cancer Epithelial,1572
mix_0034_depth25,34,CID4067_ACTGTCCTCCTTCAAT,CID4067,Cancer Epithelial,2030
mix_0034_depth25,34,CID4067_CCTTTCTCAGCGTAAG,CID4067,Cancer Epithelial,1012
mix_0035_depth100,35,CID4067_GAGTCCGAGATGTGTA,CID4067,T cells CD8+,1931
mix_0035_depth100,35,CID4067_TCGTACCAGATGCGAC,CID4067,PVL,1117
mix_0035_depth100,35,CID4067_GACTACACACCCATGG,CID4067,NK cells,774
mix_0035_depth100,35,CID4067_TGTCCCAGTTGTCGCG,CID4067,Cancer Epithelial,4409
mix_0035_depth100,35,CID4067_AGCATACAGACCTAGG,CID4067,Cancer Epithelial,4068
mix_0035_depth100,35,CID4067_GCACATAAGATAGCAT,CID4067,Cancer Epithelial,2525
mix_0035_depth100,35,CID4067_CTCCTAGTCCCACTTG,CID4067,Cancer Epithelial,5243
mix_0035_depth100,35,CID4067_GTTACAGGTGTGACGA,CID4067,Cancer Epithelial,6306
mix_0035_depth100,35,CID4067_ACAGCTAGTGCTAGCC,CID4067,Cancer Epithelial,3740
mix_0035_depth100,35,CID4067_GATCGATAGTTGTAGA,CID4067,Cancer Epithelial,5451
mix_0035_depth25,35,CID4067_GAGTCCGAGATGTGTA,CID4067,T cells CD8+,461
mix_0035_depth25,35,CID4067_TCGTACCAGATGCGAC,CID4067,PVL,277
mix_0035_depth25,35,CID4067_GACTACACACCCATGG,CID4067,NK cells,207
mix_0035_depth25,35,CID4067_TGTCCCAGTTGTCGCG,CID4067,Cancer Epithelial,1089
mix_0035_depth25,35,CID4067_AGCATACAGACCTAGG,CID4067,Cancer Epithelial,1054
mix_0035_depth25,35,CID4067_GCACATAAGATAGCAT,CID4067,Cancer Epithelial,622
mix_0035_depth25,35,CID4067_CTCCTAGTCCCACTTG,CID4067,Cancer Epithelial,1250
mix_0035_depth25,35,CID4067_GTTACAGGTGTGACGA,CID4067,Cancer Epithelial,1582
mix_0035_depth25,35,CID4067_ACAGCTAGTGCTAGCC,CID4067,Cancer Epithelial,909
mix_0035_depth25,35,CID4067_GATCGATAGTTGTAGA,CID4067,Cancer Epithelial,1406
mix_0036_depth100,36,CID4067_CCTTTCTTCTTGTATC,CID4067,T cells CD8+,1270
mix_0036_depth100,36,CID4067_GTTCGGGGTGAGTGAC,CID4067,PVL,2088
mix_0036_depth100,36,CID4067_CCGTGGACAATAAGCA,CID4067,NKT cells,788
mix_0036_depth100,36,CID4067_CTGAAACAGAATGTGT,CID4067,Cancer Epithelial,3209
mix_0036_depth100,36,CID4067_CAGCTAACACCCTATC,CID4067,Cancer Epithelial,8586
mix_0036_depth100,36,CID4067_AGATCTGCACAGCCCA,CID4067,Cancer Epithelial,3969
mix_0036_depth100,36,CID4067_TGGCGCAAGAGTACAT,CID4067,Cancer Epithelial,3285
mix_0036_depth100,36,CID4067_GTAGGCCAGGTTCCTA,CID4067,Cancer Epithelial,5358
mix_0036_depth100,36,CID4067_TGCGGGTAGTTACGGG,CID4067,Cancer Epithelial,2653
mix_0036_depth100,36,CID4067_AGCTCTCGTGTTGAGG,CID4067,Cancer Epithelial,14245
mix_0036_depth25,36,CID4067_CCTTTCTTCTTGTATC,CID4067,T cells CD8+,317
mix_0036_depth25,36,CID4067_GTTCGGGGTGAGTGAC,CID4067,PVL,495
mix_0036_depth25,36,CID4067_CCGTGGACAATAAGCA,CID4067,NKT cells,201
mix_0036_depth25,36,CID4067_CTGAAACAGAATGTGT,CID4067,Cancer Epithelial,794
mix_0036_depth25,36,CID4067_CAGCTAACACCCTATC,CID4067,Cancer Epithelial,2120
mix_0036_depth25,36,CID4067_AGATCTGCACAGCCCA,CID4067,Cancer Epithelial,970
mix_0036_depth25,36,CID4067_TGGCGCAAGAGTACAT,CID4067,Cancer Epithelial,796
mix_0036_depth25,36,CID4067_GTAGGCCAGGTTCCTA,CID4067,Cancer Epithelial,1357
mix_0036_depth25,36,CID4067_TGCGGGTAGTTACGGG,CID4067,Cancer Epithelial,681
mix_0036_depth25,36,CID4067_AGCTCTCGTGTTGAGG,CID4067,Cancer Epithelial,3599
mix_0037_depth100,37,CID4067_AAAGTAGGTCGAGATG,CID4067,T cells CD8+,664
mix_0037_depth100,37,CID4067_CCCAGTTGTGGCTCCA,CID4067,PVL,1172
mix_0037_depth100,37,CID4067_CCTTCCCTCGGATGTT,CID4067,NKT cells,1535
mix_0037_depth100,37,CID4067_GCAAACTAGTGGTCCC,CID4067,Cancer Epithelial,1601
mix_0037_depth100,37,CID4067_TACACGAAGATACACA,CID4067,Cancer Epithelial,3844
mix_0037_depth100,37,CID4067_CAGGTGCAGATGCCTT,CID4067,Cancer Epithelial,12292
mix_0037_depth100,37,CID4067_GTTCATTGTGCGATAG,CID4067,Cancer Epithelial,2190
mix_0037_depth100,37,CID4067_GTGGGTCTCTCTGTCG,CID4067,Cancer Epithelial,3456
mix_0037_depth100,37,CID4067_GTAACTGCACGTGAGA,CID4067,Cancer Epithelial,2793
mix_0037_depth100,37,CID4067_TGAGCCGCATTCACTT,CID4067,Cancer Epithelial,2631
mix_0037_depth25,37,CID4067_AAAGTAGGTCGAGATG,CID4067,T cells CD8+,180
mix_0037_depth25,37,CID4067_CCCAGTTGTGGCTCCA,CID4067,PVL,313
mix_0037_depth25,37,CID4067_CCTTCCCTCGGATGTT,CID4067,NKT cells,364
mix_0037_depth25,37,CID4067_GCAAACTAGTGGTCCC,CID4067,Cancer Epithelial,405
mix_0037_depth25,37,CID4067_TACACGAAGATACACA,CID4067,Cancer Epithelial,942
mix_0037_depth25,37,CID4067_CAGGTGCAGATGCCTT,CID4067,Cancer Epithelial,3116
mix_0037_depth25,37,CID4067_GTTCATTGTGCGATAG,CID4067,Cancer Epithelial,568
mix_0037_depth25,37,CID4067_GTGGGTCTCTCTGTCG,CID4067,Cancer Epithelial,845
mix_0037_depth25,37,CID4067_GTAACTGCACGTGAGA,CID4067,Cancer Epithelial,659
mix_0037_depth25,37,CID4067_TGAGCCGCATTCACTT,CID4067,Cancer Epithelial,712
mix_0038_depth100,38,CID4067_ACACCGGGTCAACATC,CID4067,T cells CD8+,1065
mix_0038_depth100,38,CID4067_GTACTTTTCGCCAAAT,CID4067,PVL,1206
mix_0038_depth100,38,CID4067_AACTCTTCATCGGTTA,CID4067,NKT cells,1537
mix_0038_depth100,38,CID4067_TGCGCAGCATGCCACG,CID4067,Cancer Epithelial,4882
mix_0038_depth100,38,CID4067_TGCGCAGGTTCGTGAT,CID4067,Cancer Epithelial,3611
mix_0038_depth100,38,CID4067_AATCGGTTCAGGCAAG,CID4067,Cancer Epithelial,3506
mix_0038_depth100,38,CID4067_ACACCGGTCGAGCCCA,CID4067,Cancer Epithelial,4904
mix_0038_depth100,38,CID4067_ACGATACGTGTCGCTG,CID4067,Cancer Epithelial,2215
mix_0038_depth100,38,CID4067_GGGAATGCATCCCATC,CID4067,Cancer Epithelial,6751
mix_0038_depth100,38,CID4067_ATCCACCAGCTTATCG,CID4067,Cancer Epithelial,2145
mix_0038_depth25,38,CID4067_ACACCGGGTCAACATC,CID4067,T cells CD8+,256
mix_0038_depth25,38,CID4067_GTACTTTTCGCCAAAT,CID4067,PVL,303
mix_0038_depth25,38,CID4067_AACTCTTCATCGGTTA,CID4067,NKT cells,396
mix_0038_depth25,38,CID4067_TGCGCAGCATGCCACG,CID4067,Cancer Epithelial,1215
mix_0038_depth25,38,CID4067_TGCGCAGGTTCGTGAT,CID4067,Cancer Epithelial,874
mix_0038_depth25,38,CID4067_AATCGGTTCAGGCAAG,CID4067,Cancer Epithelial,875
mix_0038_depth25,38,CID4067_ACACCGGTCGAGCCCA,CID4067,Cancer Epithelial,1288
mix_0038_depth25,38,CID4067_ACGATACGTGTCGCTG,CID4067,Cancer Epithelial,557
mix_0038_depth25,38,CID4067_GGGAATGCATCCCATC,CID4067,Cancer Epithelial,1648
mix_0038_depth25,38,CID4067_ATCCACCAGCTTATCG,CID4067,Cancer Epithelial,564
mix_0039_depth100,39,CID4067_CGCTTCAGTCATATCG,CID4067,T cells CD8+,979
mix_0039_depth100,39,CID4067_TACGGATTCGGCTACG,CID4067,PVL,3294
mix_0039_depth100,39,CID4067_TCTGAGACAATCAGAA,CID4067,Cycling T-cells,3011
mix_0039_depth100,39,CID4067_TACTTACTCTACTCAT,CID4067,Cancer Epithelial,1871
mix_0039_depth100,39,CID4067_TATCTCAGTCGGCACT,CID4067,Cancer Epithelial,1589
mix_0039_depth100,39,CID4067_CCGGGATTCACCACCT,CID4067,Cancer Epithelial,2304
mix_0039_depth100,39,CID4067_AACCATGGTTCACGGC,CID4067,Cancer Epithelial,3910
mix_0039_depth100,39,CID4067_CCTTTCTGTGCTAGCC,CID4067,Cancer Epithelial,2039
mix_0039_depth100,39,CID4067_CAACCAAAGCGCCTCA,CID4067,Cancer Epithelial,1348
mix_0039_depth100,39,CID4067_AAACGGGTCCAGTATG,CID4067,Cancer Epithelial,2723
mix_0039_depth25,39,CID4067_CGCTTCAGTCATATCG,CID4067,T cells CD8+,236
mix_0039_depth25,39,CID4067_TACGGATTCGGCTACG,CID4067,PVL,836
mix_0039_depth25,39,CID4067_TCTGAGACAATCAGAA,CID4067,Cycling T-cells,764
mix_0039_depth25,39,CID4067_TACTTACTCTACTCAT,CID4067,Cancer Epithelial,455
mix_0039_depth25,39,CID4067_TATCTCAGTCGGCACT,CID4067,Cancer Epithelial,370
mix_0039_depth25,39,CID4067_CCGGGATTCACCACCT,CID4067,Cancer Epithelial,536
mix_0039_depth25,39,CID4067_AACCATGGTTCACGGC,CID4067,Cancer Epithelial,997
mix_0039_depth25,39,CID4067_CCTTTCTGTGCTAGCC,CID4067,Cancer Epithelial,515
mix_0039_depth25,39,CID4067_CAACCAAAGCGCCTCA,CID4067,Cancer Epithelial,373
mix_0039_depth25,39,CID4067_AAACGGGTCCAGTATG,CID4067,Cancer Epithelial,659
mix_0040_depth100,40,CID4067_ACGGGCTTCAGTTTGG,CID4067,T cells CD8+,1325
mix_0040_depth100,40,CID4067_CTACGTCAGGCATGTG,CID4067,PVL,2532
mix_0040_depth100,40,CID4067_TACACGAAGAACTCGG,CID4067,Cycling T-cells,4788
mix_0040_depth100,40,CID4067_CCTAGCTAGTGTACCT,CID4067,Cancer Epithelial,4129
mix_0040_depth100,40,CID4067_TTCTCCTGTGCATCTA,CID4067,Cancer Epithelial,1375
mix_0040_depth100,40,CID4067_GGCAATTCATCGGACC,CID4067,Cancer Epithelial,12524
mix_0040_depth100,40,CID4067_TGCGCAGGTTACTGAC,CID4067,Cancer Epithelial,4347
mix_0040_depth100,40,CID4067_AGGTCATTCACCGTAA,CID4067,Cancer Epithelial,7281
mix_0040_depth100,40,CID4067_CGGCTAGCAAGCGAGT,CID4067,Cancer Epithelial,3680
mix_0040_depth100,40,CID4067_CTCTGGTTCCGAATGT,CID4067,Cancer Epithelial,3896
mix_0040_depth25,40,CID4067_ACGGGCTTCAGTTTGG,CID4067,T cells CD8+,362
mix_0040_depth25,40,CID4067_CTACGTCAGGCATGTG,CID4067,PVL,621
mix_0040_depth25,40,CID4067_TACACGAAGAACTCGG,CID4067,Cycling T-cells,1198
mix_0040_depth25,40,CID4067_CCTAGCTAGTGTACCT,CID4067,Cancer Epithelial,1074
mix_0040_depth25,40,CID4067_TTCTCCTGTGCATCTA,CID4067,Cancer Epithelial,325
mix_0040_depth25,40,CID4067_GGCAATTCATCGGACC,CID4067,Cancer Epithelial,3108
mix_0040_depth25,40,CID4067_TGCGCAGGTTACTGAC,CID4067,Cancer Epithelial,1093
mix_0040_depth25,40,CID4067_AGGTCATTCACCGTAA,CID4067,Cancer Epithelial,1779
mix_0040_depth25,40,CID4067_CGGCTAGCAAGCGAGT,CID4067,Cancer Epithelial,885
mix_0040_depth25,40,CID4067_CTCTGGTTCCGAATGT,CID4067,Cancer Epithelial,1036
mix_0041_depth100,41,CID4067_CGTTCTGGTCCCTTGT,CID4067,T cells CD8+,1121
mix_0041_depth100,41,CID4067_CCATTCGCAATGGACG,CID4067,PVL,2768
mix_0041_depth100,41,CID4067_TCTGAGACAATCAGAA,CID4067,Cycling T-cells,3011
mix_0041_depth100,41,CID4067_AAGGTTCTCGGTTAAC,CID4067,Cancer Epithelial,1376
mix_0041_depth100,41,CID4067_TCACAAGAGACTGGGT,CID4067,Cancer Epithelial,3660
mix_0041_depth100,41,CID4067_CGATGTAAGCAATCTC,CID4067,Cancer Epithelial,2982
mix_0041_depth100,41,CID4067_TACCTATCAGATGGGT,CID4067,Cancer Epithelial,4272
mix_0041_depth100,41,CID4067_AGGTCCGGTAAACACA,CID4067,Cancer Epithelial,2321
mix_0041_depth100,41,CID4067_GCATGTACAAGGACAC,CID4067,Cancer Epithelial,7079
mix_0041_depth100,41,CID4067_GATGAGGCACGGTAAG,CID4067,Cancer Epithelial,8683
mix_0041_depth25,41,CID4067_CGTTCTGGTCCCTTGT,CID4067,T cells CD8+,268
mix_0041_depth25,41,CID4067_CCATTCGCAATGGACG,CID4067,PVL,711
mix_0041_depth25,41,CID4067_TCTGAGACAATCAGAA,CID4067,Cycling T-cells,718
mix_0041_depth25,41,CID4067_AAGGTTCTCGGTTAAC,CID4067,Cancer Epithelial,317
mix_0041_depth25,41,CID4067_TCACAAGAGACTGGGT,CID4067,Cancer Epithelial,890
mix_0041_depth25,41,CID4067_CGATGTAAGCAATCTC,CID4067,Cancer Epithelial,745
mix_0041_depth25,41,CID4067_TACCTATCAGATGGGT,CID4067,Cancer Epithelial,1082
mix_0041_depth25,41,CID4067_AGGTCCGGTAAACACA,CID4067,Cancer Epithelial,558
mix_0041_depth25,41,CID4067_GCATGTACAAGGACAC,CID4067,Cancer Epithelial,1815
mix_0041_depth25,41,CID4067_GATGAGGCACGGTAAG,CID4067,Cancer Epithelial,2169
mix_0042_depth100,42,CID4067_TCACGAATCTGCTGCT,CID4067,T cells CD8+,715
mix_0042_depth100,42,CID4067_GTGAAGGTCTGTTTGT,CID4067,T cells CD8+,925
mix_0042_depth100,42,CID4067_CTAAGACAGGCCCGTT,CID4067,T cells CD8+,936
mix_0042_depth100,42,CID4067_GTCACGGAGAGCTATA,CID4067,PVL,1161
mix_0042_depth100,42,CID4067_AAAGCAAAGATGCCTT,CID4067,T cells CD4+,864
mix_0042_depth100,42,CID4067_AGAGCGATCTGCTTGC,CID4067,Cancer Epithelial,7486
mix_0042_depth100,42,CID4067_TATGCCCCACGAAATA,CID4067,Cancer Epithelial,2394
mix_0042_depth100,42,CID4067_GTTCTCGCATCGATGT,CID4067,Cancer Epithelial,2923
mix_0042_depth100,42,CID4067_CACACAAAGACTGGGT,CID4067,Cancer Epithelial,22256
mix_0042_depth100,42,CID4067_CTAGTGAGTAGGACAC,CID4067,Cancer Epithelial,3071
mix_0042_depth25,42,CID4067_TCACGAATCTGCTGCT,CID4067,T cells CD8+,168
mix_0042_depth25,42,CID4067_GTGAAGGTCTGTTTGT,CID4067,T cells CD8+,240
mix_0042_depth25,42,CID4067_CTAAGACAGGCCCGTT,CID4067,T cells CD8+,254
mix_0042_depth25,42,CID4067_GTCACGGAGAGCTATA,CID4067,PVL,289
mix_0042_depth25,42,CID4067_AAAGCAAAGATGCCTT,CID4067,T cells CD4+,211
mix_0042_depth25,42,CID4067_AGAGCGATCTGCTTGC,CID4067,Cancer Epithelial,1893
mix_0042_depth25,42,CID4067_TATGCCCCACGAAATA,CID4067,Cancer Epithelial,603
mix_0042_depth25,42,CID4067_GTTCTCGCATCGATGT,CID4067,Cancer Epithelial,733
mix_0042_depth25,42,CID4067_CACACAAAGACTGGGT,CID4067,Cancer Epithelial,5499
mix_0042_depth25,42,CID4067_CTAGTGAGTAGGACAC,CID4067,Cancer Epithelial,779
mix_0043_depth100,43,CID4067_ACACCCTCATCTGGTA,CID4067,T cells CD8+,653
mix_0043_depth100,43,CID4067_TGGTTAGCATCCGCGA,CID4067,T cells CD8+,978
mix_0043_depth100,43,CID4067_TCAATCTTCGGTTCGG,CID4067,T cells CD8+,937
mix_0043_depth100,43,CID4067_CACACTCTCGTACCGG,CID4067,PVL,4068
mix_0043_depth100,43,CID4067_TTGCCGTAGAAACCGC,CID4067,T cells CD4+,1391
mix_0043_depth100,43,CID4067_CGACTTCCATTGGCGC,CID4067,Cancer Epithelial,2234
mix_0043_depth100,43,CID4067_AAGTCTGAGCGTGAGT,CID4067,Cancer Epithelial,1931
mix_0043_depth100,43,CID4067_GGCGTGTGTGATGTCT,CID4067,Cancer Epithelial,1408
mix_0043_depth100,43,CID4067_GTGGGTCGTTGTCGCG,CID4067,Cancer Epithelial,2805
mix_0043_depth100,43,CID4067_CGTAGGCTCTTGCCGT,CID4067,Cancer Epithelial,1218
mix_0043_depth25,43,CID4067_ACACCCTCATCTGGTA,CID4067,T cells CD8+,168
mix_0043_depth25,43,CID4067_TGGTTAGCATCCGCGA,CID4067,T cells CD8+,245
mix_0043_depth25,43,CID4067_TCAATCTTCGGTTCGG,CID4067,T cells CD8+,221
mix_0043_depth25,43,CID4067_CACACTCTCGTACCGG,CID4067,PVL,1025
mix_0043_depth25,43,CID4067_TTGCCGTAGAAACCGC,CID4067,T cells CD4+,352
mix_0043_depth25,43,CID4067_CGACTTCCATTGGCGC,CID4067,Cancer Epithelial,573
mix_0043_depth25,43,CID4067_AAGTCTGAGCGTGAGT,CID4067,Cancer Epithelial,482
mix_0043_depth25,43,CID4067_GGCGTGTGTGATGTCT,CID4067,Cancer Epithelial,372
mix_0043_depth25,43,CID4067_GTGGGTCGTTGTCGCG,CID4067,Cancer Epithelial,709
mix_0043_depth25,43,CID4067_CGTAGGCTCTTGCCGT,CID4067,Cancer Epithelial,291
mix_0044_depth100,44,CID4067_CCGTGGACAGTCGATT,CID4067,T cells CD8+,793
mix_0044_depth100,44,CID4067_CGTTGGGTCAGAGACG,CID4067,T cells CD8+,871
mix_0044_depth100,44,CID4067_ACGCAGCCAAGTCTGT,CID4067,T cells CD8+,1017
mix_0044_depth100,44,CID4067_TTATGCTAGGGTTTCT,CID4067,PVL,2507
mix_0044_depth100,44,CID4067_TGCACCTCAAGTAGTA,CID4067,T cells CD4+,885
mix_0044_depth100,44,CID4067_TTAGTTCTCGGCCGAT,CID4067,Cancer Epithelial,4248
mix_0044_depth100,44,CID4067_TTGGAACTCTTTACGT,CID4067,Cancer Epithelial,2403
mix_0044_depth100,44,CID4067_TTGCCGTAGCCCTAAT,CID4067,Cancer Epithelial,1880
mix_0044_depth100,44,CID4067_AGTGGGATCTTGGGTA,CID4067,Cancer Epithelial,4302
mix_0044_depth100,44,CID4067_AACGTTGAGACATAAC,CID4067,Cancer Epithelial,3696
mix_0044_depth25,44,CID4067_CCGTGGACAGTCGATT,CID4067,T cells CD8+,199
mix_0044_depth25,44,CID4067_CGTTGGGTCAGAGACG,CID4067,T cells CD8+,222
mix_0044_depth25,44,CID4067_ACGCAGCCAAGTCTGT,CID4067,T cells CD8+,272
mix_0044_depth25,44,CID4067_TTATGCTAGGGTTTCT,CID4067,PVL,648
mix_0044_depth25,44,CID4067_TGCACCTCAAGTAGTA,CID4067,T cells CD4+,205
mix_0044_depth25,44,CID4067_TTAGTTCTCGGCCGAT,CID4067,Cancer Epithelial,1046
mix_0044_depth25,44,CID4067_TTGGAACTCTTTACGT,CID4067,Cancer Epithelial,584
mix_0044_depth25,44,CID4067_TTGCCGTAGCCCTAAT,CID4067,Cancer Epithelial,488
mix_0044_depth25,44,CID4067_AGTGGGATCTTGGGTA,CID4067,Cancer Epithelial,1039
mix_0044_depth25,44,CID4067_AACGTTGAGACATAAC,CID4067,Cancer Epithelial,957
mix_0045_depth100,45,CID4067_ACGGGCTTCAGTTTGG,CID4067,T cells CD8+,1325
mix_0045_depth100,45,CID4067_GACCAATCATTGGCGC,CID4067,T cells CD8+,937
mix_0045_depth100,45,CID4067_CATCAGACATGCATGT,CID4067,T cells CD8+,1183
mix_0045_depth100,45,CID4067_TGCACCTAGTTTGCGT,CID4067,PVL,609
mix_0045_depth100,45,CID4067_ACGATGTAGAAGGCCT,CID4067,Myeloid,1990
mix_0045_depth100,45,CID4067_GTATCTTTCTGGAGCC,CID4067,Cancer Epithelial,4802
mix_0045_depth100,45,CID4067_CAGTCCTAGCTAGGCA,CID4067,Cancer Epithelial,1439
mix_0045_depth100,45,CID4067_TCAGCTCCATCTCCCA,CID4067,Cancer Epithelial,4473
mix_0045_depth100,45,CID4067_GTGAAGGCAGTGACAG,CID4067,Cancer Epithelial,2441
mix_0045_depth100,45,CID4067_GGCGTGTCAAACTGTC,CID4067,Cancer Epithelial,5163
mix_0045_depth25,45,CID4067_ACGGGCTTCAGTTTGG,CID4067,T cells CD8+,317
mix_0045_depth25,45,CID4067_GACCAATCATTGGCGC,CID4067,T cells CD8+,215
mix_0045_depth25,45,CID4067_CATCAGACATGCATGT,CID4067,T cells CD8+,268
mix_0045_depth25,45,CID4067_TGCACCTAGTTTGCGT,CID4067,PVL,144
mix_0045_depth25,45,CID4067_ACGATGTAGAAGGCCT,CID4067,Myeloid,489
mix_0045_depth25,45,CID4067_GTATCTTTCTGGAGCC,CID4067,Cancer Epithelial,1210
mix_0045_depth25,45,CID4067_CAGTCCTAGCTAGGCA,CID4067,Cancer Epithelial,358
mix_0045_depth25,45,CID4067_TCAGCTCCATCTCCCA,CID4067,Cancer Epithelial,1124
mix_0045_depth25,45,CID4067_GTGAAGGCAGTGACAG,CID4067,Cancer Epithelial,626
mix_0045_depth25,45,CID4067_GGCGTGTCAAACTGTC,CID4067,Cancer Epithelial,1343
mix_0046_depth100,46,CID4067_TGAGCATCAAAGGCGT,CID4067,T cells CD8+,916
mix_0046_depth100,46,CID4067_CATATGGAGTTCGCGC,CID4067,T cells CD8+,403
mix_0046_depth100,46,CID4067_CAACCTCGTTATGCGT,CID4067,T cells CD8+,968
mix_0046_depth100,46,CID4067_TTATGCTAGGGTTTCT,CID4067,PVL,2507
mix_0046_depth100,46,CID4067_TACACGATCTTGTATC,CID4067,Myeloid,466
mix_0046_depth100,46,CID4067_GGGCACTCAAATACAG,CID4067,Cancer Epithelial,5387
mix_0046_depth100,46,CID4067_CGTCCATCACCGGAAA,CID4067,Cancer Epithelial,2056
mix_0046_depth100,46,CID4067_GGACAAGGTTTGGGCC,CID4067,Cancer Epithelial,4170
mix_0046_depth100,46,CID4067_TATCAGGAGATGTCGG,CID4067,Cancer Epithelial,6238
mix_0046_depth100,46,CID4067_CTCTGGTAGGTGCTAG,CID4067,Cancer Epithelial,1538
mix_0046_depth25,46,CID4067_TGAGCATCAAAGGCGT,CID4067,T cells CD8+,222
mix_0046_depth25,46,CID4067_CATATGGAGTTCGCGC,CID4067,T cells CD8+,102
mix_0046_depth25,46,CID4067_CAACCTCGTTATGCGT,CID4067,T cells CD8+,236
mix_0046_depth25,46,CID4067_TTATGCTAGGGTTTCT,CID4067,PVL,627
mix_0046_depth25,46,CID4067_TACACGATCTTGTATC,CID4067,Myeloid,116
mix_0046_depth25,46,CID4067_GGGCACTCAAATACAG,CID4067,Cancer Epithelial,1334
mix_0046_depth25,46,CID4067_CGTCCATCACCGGAAA,CID4067,Cancer Epithelial,495
mix_0046_depth25,46,CID4067_GGACAAGGTTTGGGCC,CID4067,Cancer Epithelial,1063
mix_0046_depth25,46,CID4067_TATCAGGAGATGTCGG,CID4067,Cancer Epithelial,1577
mix_0046_depth25,46,CID4067_CTCTGGTAGGTGCTAG,CID4067,Cancer Epithelial,342
mix_0047_depth100,47,CID4067_ACGAGGATCATAGCAC,CID4067,T cells CD8+,1561
mix_0047_depth100,47,CID4067_GACTAACTCTGATTCT,CID4067,T cells CD8+,1461
mix_0047_depth100,47,CID4067_ATGTGTGAGGCCCGTT,CID4067,T cells CD8+,880
mix_0047_depth100,47,CID4067_TGCTGCTGTGACTACT,CID4067,PVL,302
mix_0047_depth100,47,CID4067_AGTCTTTAGTGTTGAA,CID4067,Myeloid,5887
mix_0047_depth100,47,CID4067_ATTTCTGGTATCTGCA,CID4067,Cancer Epithelial,3162
mix_0047_depth100,47,CID4067_GTTCTCGGTCGACTAT,CID4067,Cancer Epithelial,7167
mix_0047_depth100,47,CID4067_TGCTGCTTCACCACCT,CID4067,Cancer Epithelial,4114
mix_0047_depth100,47,CID4067_GAATGAACAAGAAGAG,CID4067,Cancer Epithelial,4567
mix_0047_depth100,47,CID4067_AACTTTCGTGTAACGG,CID4067,Cancer Epithelial,5462
mix_0047_depth25,47,CID4067_ACGAGGATCATAGCAC,CID4067,T cells CD8+,398
mix_0047_depth25,47,CID4067_GACTAACTCTGATTCT,CID4067,T cells CD8+,322
mix_0047_depth25,47,CID4067_ATGTGTGAGGCCCGTT,CID4067,T cells CD8+,210
mix_0047_depth25,47,CID4067_TGCTGCTGTGACTACT,CID4067,PVL,65
mix_0047_depth25,47,CID4067_AGTCTTTAGTGTTGAA,CID4067,Myeloid,1434
mix_0047_depth25,47,CID4067_ATTTCTGGTATCTGCA,CID4067,Cancer Epithelial,890
mix_0047_depth25,47,CID4067_GTTCTCGGTCGACTAT,CID4067,Cancer Epithelial,1849
mix_0047_depth25,47,CID4067_TGCTGCTTCACCACCT,CID4067,Cancer Epithelial,1018
mix_0047_depth25,47,CID4067_GAATGAACAAGAAGAG,CID4067,Cancer Epithelial,1151
mix_0047_depth25,47,CID4067_AACTTTCGTGTAACGG,CID4067,Cancer Epithelial,1285
mix_0048_depth100,48,CID4067_ATCGAGTCATTGGGCC,CID4067,T cells CD8+,865
mix_0048_depth100,48,CID4067_TTAGGCAGTACAGACG,CID4067,T cells CD8+,1094
mix_0048_depth100,48,CID4067_CGTCCATTCCAAGTAC,CID4067,T cells CD8+,787
mix_0048_depth100,48,CID4067_TTCTACACATACGCCG,CID4067,PVL,2752
mix_0048_depth100,48,CID4067_CCATGTCGTTATCCGA,CID4067,Endothelial,2748
mix_0048_depth100,48,CID4067_CAGCCGATCAGCCTAA,CID4067,Cancer Epithelial,2330
mix_0048_depth100,48,CID4067_GCTGGGTCACATCCGG,CID4067,Cancer Epithelial,12305
mix_0048_depth100,48,CID4067_TTTACTGTCCCAGGTG,CID4067,Cancer Epithelial,4011
mix_0048_depth100,48,CID4067_GATGAGGTCACTTCAT,CID4067,Cancer Epithelial,5323
mix_0048_depth100,48,CID4067_ACGGGCTAGGAGCGTT,CID4067,Cancer Epithelial,3712
mix_0048_depth25,48,CID4067_ATCGAGTCATTGGGCC,CID4067,T cells CD8+,178
mix_0048_depth25,48,CID4067_TTAGGCAGTACAGACG,CID4067,T cells CD8+,286
mix_0048_depth25,48,CID4067_CGTCCATTCCAAGTAC,CID4067,T cells CD8+,186
mix_0048_depth25,48,CID4067_TTCTACACATACGCCG,CID4067,PVL,703
mix_0048_depth25,48,CID4067_CCATGTCGTTATCCGA,CID4067,Endothelial,726
mix_0048_depth25,48,CID4067_CAGCCGATCAGCCTAA,CID4067,Cancer Epithelial,560
mix_0048_depth25,48,CID4067_GCTGGGTCACATCCGG,CID4067,Cancer Epithelial,3059
mix_0048_depth25,48,CID4067_TTTACTGTCCCAGGTG,CID4067,Cancer Epithelial,1013
mix_0048_depth25,48,CID4067_GATGAGGTCACTTCAT,CID4067,Cancer Epithelial,1297
mix_0048_depth25,48,CID4067_ACGGGCTAGGAGCGTT,CID4067,Cancer Epithelial,930
mix_0049_depth100,49,CID4067_GATCTAGAGCGATATA,CID4067,T cells CD8+,909
mix_0049_depth100,49,CID4067_TCTGGAATCACGATGT,CID4067,T cells CD8+,1021
mix_0049_depth100,49,CID4067_CGCCAAGAGTGTGAAT,CID4067,T cells CD8+,995
mix_0049_depth100,49,CID4067_TTATGCTAGGGTTTCT,CID4067,PVL,2507
mix_0049_depth100,49,CID4067_TGACTAGAGTTTGCGT,CID4067,Endothelial,542
mix_0049_depth100,49,CID4067_TAGAGCTCACCCATGG,CID4067,Cancer Epithelial,3181
mix_0049_depth100,49,CID4067_CTTACCGCAGATGGGT,CID4067,Cancer Epithelial,3511
mix_0049_depth100,49,CID4067_TCAGGTATCTCTGTCG,CID4067,Cancer Epithelial,2486
mix_0049_depth100,49,CID4067_CGTTCTGGTGCGGTAA,CID4067,Cancer Epithelial,8825
mix_0049_depth100,49,CID4067_ACATACGTCGCCAAAT,CID4067,Cancer Epithelial,2071
mix_0049_depth25,49,CID4067_GATCTAGAGCGATATA,CID4067,T cells CD8+,268
mix_0049_depth25,49,CID4067_TCTGGAATCACGATGT,CID4067,T cells CD8+,239
mix_0049_depth25,49,CID4067_CGCCAAGAGTGTGAAT,CID4067,T cells CD8+,246
mix_0049_depth25,49,CID4067_TTATGCTAGGGTTTCT,CID4067,PVL,648
mix_0049_depth25,49,CID4067_TGACTAGAGTTTGCGT,CID4067,Endothelial,133
mix_0049_depth25,49,CID4067_TAGAGCTCACCCATGG,CID4067,Cancer Epithelial,793
mix_0049_depth25,49,CID4067_CTTACCGCAGATGGGT,CID4067,Cancer Epithelial,898
mix_0049_depth25,49,CID4067_TCAGGTATCTCTGTCG,CID4067,Cancer Epithelial,613
mix_0049_depth25,49,CID4067_CGTTCTGGTGCGGTAA,CID4067,Cancer Epithelial,2245
mix_0049_depth25,49,CID4067_ACATACGTCGCCAAAT,CID4067,Cancer Epithelial,514
mix_0050_depth100,50,CID4067_GTTTCTACATCTCGCT,CID4067,T cells CD8+,1466
mix_0050_depth100,50,CID4067_ACAGCCGGTTATTCTC,CID4067,T cells CD8+,383
mix_0050_depth100,50,CID4067_CGTTCTGGTCCCTTGT,CID4067,T cells CD8+,1121
mix_0050_depth100,50,CID4067_GTTCGGGGTGAGTGAC,CID4067,PVL,2088
mix_0050_depth100,50,CID4067_GGCTGGTTCGATCCCT,CID4067,Endothelial,991
mix_0050_depth100,50,CID4067_CCTTCGATCTTTACGT,CID4067,Cancer Epithelial,2225
mix_0050_depth100,50,CID4067_AAGGAGCAGCCGTCGT,CID4067,Cancer Epithelial,3494
mix_0050_depth100,50,CID4067_GTTCATTTCTTACCTA,CID4067,Cancer Epithelial,6315
mix_0050_depth100,50,CID4067_GGCGACTGTTAAGGGC,CID4067,Cancer Epithelial,8700
mix_0050_depth100,50,CID4067_CTTAACTCACCTGGTG,CID4067,Cancer Epithelial,2416
mix_0050_depth25,50,CID4067_GTTTCTACATCTCGCT,CID4067,T cells CD8+,376
mix_0050_depth25,50,CID4067_ACAGCCGGTTATTCTC,CID4067,T cells CD8+,79
mix_0050_depth25,50,CID4067_CGTTCTGGTCCCTTGT,CID4067,T cells CD8+,276
mix_0050_depth25,50,CID4067_GTTCGGGGTGAGTGAC,CID4067,PVL,540
mix_0050_depth25,50,CID4067_GGCTGGTTCGATCCCT,CID4067,Endothelial,248
mix_0050_depth25,50,CID4067_CCTTCGATCTTTACGT,CID4067,Cancer Epithelial,572
mix_0050_depth25,50,CID4067_AAGGAGCAGCCGTCGT,CID4067,Cancer Epithelial,902
mix_0050_depth25,50,CID4067_GTTCATTTCTTACCTA,CID4067,Cancer Epithelial,1654
mix_0050_depth25,50,CID4067_GGCGACTGTTAAGGGC,CID4067,Cancer Epithelial,2203
mix_0050_depth25,50,CID4067_CTTAACTCACCTGGTG,CID4067,Cancer Epithelial,598
mix_0051_depth100,51,CID4067_CACAGTAAGAAGGACA,CID4067,T cells CD8+,1114
mix_0051_depth100,51,CID4067_CACACCTGTAAAGGAG,CID4067,T cells CD8+,931
mix_0051_depth100,51,CID4067_CTCGTACTCAGCCTAA,CID4067,T cells CD8+,600
mix_0051_depth100,51,CID4067_CTGCGGATCTCGATGA,CID4067,PVL,4043
mix_0051_depth100,51,CID4067_AAACCTGCAGATCGGA,CID4067,B-cells,942
mix_0051_depth100,51,CID4067_GCGACCATCTTGCAAG,CID4067,Cancer Epithelial,15133
mix_0051_depth100,51,CID4067_TGAGCCGCACCTTGTC,CID4067,Cancer Epithelial,2933
mix_0051_depth100,51,CID4067_ACCGTAAGTACTTAGC,CID4067,Cancer Epithelial,11338
mix_0051_depth100,51,CID4067_TGTCCCATCCAAGTAC,CID4067,Cancer Epithelial,1103
mix_0051_depth100,51,CID4067_TGAGCATTCAGTGCAT,CID4067,Cancer Epithelial,2842
mix_0051_depth25,51,CID4067_CACAGTAAGAAGGACA,CID4067,T cells CD8+,274
mix_0051_depth25,51,CID4067_CACACCTGTAAAGGAG,CID4067,T cells CD8+,243
mix_0051_depth25,51,CID4067_CTCGTACTCAGCCTAA,CID4067,T cells CD8+,156
mix_0051_depth25,51,CID4067_CTGCGGATCTCGATGA,CID4067,PVL,1012
mix_0051_depth25,51,CID4067_AAACCTGCAGATCGGA,CID4067,B-cells,220
mix_0051_depth25,51,CID4067_GCGACCATCTTGCAAG,CID4067,Cancer Epithelial,3830
mix_0051_depth25,51,CID4067_TGAGCCGCACCTTGTC,CID4067,Cancer Epithelial,738
mix_0051_depth25,51,CID4067_ACCGTAAGTACTTAGC,CID4067,Cancer Epithelial,2816
mix_0051_depth25,51,CID4067_TGTCCCATCCAAGTAC,CID4067,Cancer Epithelial,289
mix_0051_depth25,51,CID4067_TGAGCATTCAGTGCAT,CID4067,Cancer Epithelial,704
mix_0052_depth100,52,CID4067_ATCGAGTCATTGGGCC,CID4067,T cells CD8+,865
mix_0052_depth100,52,CID4067_GCATGCGTCAACGAAA,CID4067,T cells CD8+,646
mix_0052_depth100,52,CID4067_CGAGAAGCACCAGATT,CID4067,T cells CD8+,1271
mix_0052_depth100,52,CID4067_TTGAACGAGGCTCTTA,CID4067,PVL,3900
mix_0052_depth100,52,CID4067_GAACGGATCTGCTGCT,CID4067,B-cells,598
mix_0052_depth100,52,CID4067_CGATCGGAGTACGTAA,CID4067,Cancer Epithelial,3491
mix_0052_depth100,52,CID4067_TGGTTCCCACCTCGTT,CID4067,Cancer Epithelial,5452
mix_0052_depth100,52,CID4067_CTCGGAGAGCTGTTCA,CID4067,Cancer Epithelial,1821
mix_0052_depth100,52,CID4067_GCGACCACATCACAAC,CID4067,Cancer Epithelial,6558
mix_0052_depth100,52,CID4067_GTTACAGGTGTGACGA,CID4067,Cancer Epithelial,6306
mix_0052_depth25,52,CID4067_ATCGAGTCATTGGGCC,CID4067,T cells CD8+,200
mix_0052_depth25,52,CID4067_GCATGCGTCAACGAAA,CID4067,T cells CD8+,167
mix_0052_depth25,52,CID4067_CGAGAAGCACCAGATT,CID4067,T cells CD8+,314
mix_0052_depth25,52,CID4067_TTGAACGAGGCTCTTA,CID4067,PVL,979
mix_0052_depth25,52,CID4067_GAACGGATCTGCTGCT,CID4067,B-cells,144
mix_0052_depth25,52,CID4067_CGATCGGAGTACGTAA,CID4067,Cancer Epithelial,872
mix_0052_depth25,52,CID4067_TGGTTCCCACCTCGTT,CID4067,Cancer Epithelial,1377
mix_0052_depth25,52,CID4067_CTCGGAGAGCTGTTCA,CID4067,Cancer Epithelial,456
mix_0052_depth25,52,CID4067_GCGACCACATCACAAC,CID4067,Cancer Epithelial,1666
mix_0052_depth25,52,CID4067_GTTACAGGTGTGACGA,CID4067,Cancer Epithelial,1558
mix_0053_depth100,53,CID4067_CGTGAGCCAAAGTCAA,CID4067,T cells CD8+,1044
mix_0053_depth100,53,CID4067_GCGCGATGTAAGCACG,CID4067,T cells CD8+,1224
mix_0053_depth100,53,CID4067_ACGCCAGCAGGGTTAG,CID4067,T cells CD8+,1551
mix_0053_depth100,53,CID4067_CCATGTCTCTGGCGAC,CID4067,PVL,1660
mix_0053_depth100,53,CID4067_AGAGTGGAGTTATCGC,CID4067,B-cells,798
mix_0053_depth100,53,CID4067_CGGACGTCAAATACAG,CID4067,Cancer Epithelial,4414
mix_0053_depth100,53,CID4067_TCAGCAATCACGCATA,CID4067,Cancer Epithelial,3475
mix_0053_depth100,53,CID4067_GGCGTGTGTTGATTGC,CID4067,Cancer Epithelial,4199
mix_0053_depth100,53,CID4067_CTCTGGTTCCGAATGT,CID4067,Cancer Epithelial,3896
mix_0053_depth100,53,CID4067_GTACTCCGTCAACATC,CID4067,Cancer Epithelial,3507
mix_0053_depth25,53,CID4067_CGTGAGCCAAAGTCAA,CID4067,T cells CD8+,272
mix_0053_depth25,53,CID4067_GCGCGATGTAAGCACG,CID4067,T cells CD8+,307
mix_0053_depth25,53,CID4067_ACGCCAGCAGGGTTAG,CID4067,T cells CD8+,378
mix_0053_depth25,53,CID4067_CCATGTCTCTGGCGAC,CID4067,PVL,408
mix_0053_depth25,53,CID4067_AGAGTGGAGTTATCGC,CID4067,B-cells,201
mix_0053_depth25,53,CID4067_CGGACGTCAAATACAG,CID4067,Cancer Epithelial,1082
mix_0053_depth25,53,CID4067_TCAGCAATCACGCATA,CID4067,Cancer Epithelial,860
mix_0053_depth25,53,CID4067_GGCGTGTGTTGATTGC,CID4067,Cancer Epithelial,1064
mix_0053_depth25,53,CID4067_CTCTGGTTCCGAATGT,CID4067,Cancer Epithelial,998
mix_0053_depth25,53,CID4067_GTACTCCGTCAACATC,CID4067,Cancer Epithelial,876
mix_0054_depth100,54,CID4067_CTAAGACAGGCCCGTT,CID4067,T cells CD8+,936
mix_0054_depth100,54,CID4067_CAGCAGCCAAGCTGTT,CID4067,T cells CD8+,1647
mix_0054_depth100,54,CID4067_GAACGGAAGAGGGATA,CID4067,T cells CD8+,723
mix_0054_depth100,54,CID4067_TGCACCTAGTTTGCGT,CID4067,PVL,609
mix_0054_depth100,54,CID4067_ACTGATGTCACTCCTG,CID4067,NK cells,752
mix_0054_depth100,54,CID4067_ACCAGTAGTGGCAAAC,CID4067,Cancer Epithelial,8051
mix_0054_depth100,54,CID4067_CAAGATCCAATGGATA,CID4067,Cancer Epithelial,2210
mix_0054_depth100,54,CID4067_CAGATCAAGAGGGCTT,CID4067,Cancer Epithelial,10533
mix_0054_depth100,54,CID4067_TTGAACGTCAATCACG,CID4067,Cancer Epithelial,6169
mix_0054_depth100,54,CID4067_CGATTGAAGATAGGAG,CID4067,Cancer Epithelial,4921
mix_0054_depth25,54,CID4067_CTAAGACAGGCCCGTT,CID4067,T cells CD8+,216
mix_0054_depth25,54,CID4067_CAGCAGCCAAGCTGTT,CID4067,T cells CD8+,420
mix_0054_depth25,54,CID4067_GAACGGAAGAGGGATA,CID4067,T cells CD8+,167
mix_0054_depth25,54,CID4067_TGCACCTAGTTTGCGT,CID4067,PVL,161
mix_0054_depth25,54,CID4067_ACTGATGTCACTCCTG,CID4067,NK cells,191
mix_0054_depth25,54,CID4067_ACCAGTAGTGGCAAAC,CID4067,Cancer Epithelial,2004
mix_0054_depth25,54,CID4067_CAAGATCCAATGGATA,CID4067,Cancer Epithelial,563
mix_0054_depth25,54,CID4067_CAGATCAAGAGGGCTT,CID4067,Cancer Epithelial,2601
mix_0054_depth25,54,CID4067_TTGAACGTCAATCACG,CID4067,Cancer Epithelial,1519
mix_0054_depth25,54,CID4067_CGATTGAAGATAGGAG,CID4067,Cancer Epithelial,1196
mix_0055_depth100,55,CID4067_CGATTGATCCTAGTGA,CID4067,T cells CD8+,1098
mix_0055_depth100,55,CID4067_ACACCAAGTTCCACAA,CID4067,T cells CD8+,1557
mix_0055_depth100,55,CID4067_CAGATCATCTGGAGCC,CID4067,T cells CD8+,611
mix_0055_depth100,55,CID4067_GTTCGGGGTGAGTGAC,CID4067,PVL,2088
mix_0055_depth100,55,CID4067_CTGGTCTGTCGCATAT,CID4067,NK cells,931
mix_0055_depth100,55,CID4067_CTTTGCGTCCAAGCCG,CID4067,Cancer Epithelial,3674
mix_0055_depth100,55,CID4067_AAAGTAGAGATGCGAC,CID4067,Cancer Epithelial,3084
mix_0055_depth100,55,CID4067_GATGCTATCTACGAGT,CID4067,Cancer Epithelial,6112
mix_0055_depth100,55,CID4067_TGCGTGGGTCGGCATC,CID4067,Cancer Epithelial,4789
mix_0055_depth100,55,CID4067_TGTGGTAAGACTACAA,CID4067,Cancer Epithelial,5241
mix_0055_depth25,55,CID4067_CGATTGATCCTAGTGA,CID4067,T cells CD8+,263
mix_0055_depth25,55,CID4067_ACACCAAGTTCCACAA,CID4067,T cells CD8+,393
mix_0055_depth25,55,CID4067_CAGATCATCTGGAGCC,CID4067,T cells CD8+,165
mix_0055_depth25,55,CID4067_GTTCGGGGTGAGTGAC,CID4067,PVL,501
mix_0055_depth25,55,CID4067_CTGGTCTGTCGCATAT,CID4067,NK cells,238
mix_0055_depth25,55,CID4067_CTTTGCGTCCAAGCCG,CID4067,Cancer Epithelial,912
mix_0055_depth25,55,CID4067_AAAGTAGAGATGCGAC,CID4067,Cancer Epithelial,719
mix_0055_depth25,55,CID4067_GATGCTATCTACGAGT,CID4067,Cancer Epithelial,1495
mix_0055_depth25,55,CID4067_TGCGTGGGTCGGCATC,CID4067,Cancer Epithelial,1222
mix_0055_depth25,55,CID4067_TGTGGTAAGACTACAA,CID4067,Cancer Epithelial,1330
mix_0056_depth100,56,CID4067_GTCTTCGGTGAGTATA,CID4067,T cells CD8+,925
mix_0056_depth100,56,CID4067_GGGATGACAGTTCATG,CID4067,T cells CD8+,1717
mix_0056_depth100,56,CID4067_AGTGAGGCAGAGTGTG,CID4067,T cells CD8+,975
mix_0056_depth100,56,CID4067_CGATCGGAGCAGCCTC,CID4067,PVL,2485
mix_0056_depth100,56,CID4067_AACTCTTCAGTTCATG,CID4067,NK cells,1089
mix_0056_depth100,56,CID4067_TGAGGGACAGATCTGT,CID4067,Cancer Epithelial,10253
mix_0056_depth100,56,CID4067_TCGTAGATCTAACCGA,CID4067,Cancer Epithelial,3010
mix_0056_depth100,56,CID4067_ACTGCTCAGGCTATCT,CID4067,Cancer Epithelial,12492
mix_0056_depth100,56,CID4067_CATTATCAGACAGACC,CID4067,Cancer Epithelial,7414
mix_0056_depth100,56,CID4067_TCAGATGTCCGTACAA,CID4067,Cancer Epithelial,6466
mix_0056_depth25,56,CID4067_GTCTTCGGTGAGTATA,CID4067,T cells CD8+,249
mix_0056_depth25,56,CID4067_GGGATGACAGTTCATG,CID4067,T cells CD8+,425
mix_0056_depth25,56,CID4067_AGTGAGGCAGAGTGTG,CID4067,T cells CD8+,242
mix_0056_depth25,56,CID4067_CGATCGGAGCAGCCTC,CID4067,PVL,646
mix_0056_depth25,56,CID4067_AACTCTTCAGTTCATG,CID4067,NK cells,277
mix_0056_depth25,56,CID4067_TGAGGGACAGATCTGT,CID4067,Cancer Epithelial,2599
mix_0056_depth25,56,CID4067_TCGTAGATCTAACCGA,CID4067,Cancer Epithelial,758
mix_0056_depth25,56,CID4067_ACTGCTCAGGCTATCT,CID4067,Cancer Epithelial,3022
mix_0056_depth25,56,CID4067_CATTATCAGACAGACC,CID4067,Cancer Epithelial,1916
mix_0056_depth25,56,CID4067_TCAGATGTCCGTACAA,CID4067,Cancer Epithelial,1633
mix_0057_depth100,57,CID4067_CAGCAGCCAAGCTGTT,CID4067,T cells CD8+,1647
mix_0057_depth100,57,CID4067_TATCAGGAGAATAGGG,CID4067,T cells CD8+,574
mix_0057_depth100,57,CID4067_CTAAGACAGGCCCGTT,CID4067,T cells CD8+,936
mix_0057_depth100,57,CID4067_CTACGTCAGGCATGTG,CID4067,PVL,2532
mix_0057_depth100,57,CID4067_CAGGTGCTCTAACGGT,CID4067,NKT cells,840
mix_0057_depth100,57,CID4067_GGAATAATCGCGTTTC,CID4067,Cancer Epithelial,1942
mix_0057_depth100,57,CID4067_TGAGGGAGTAGTGAAT,CID4067,Cancer Epithelial,1468
mix_0057_depth100,57,CID4067_GGCTCGAGTGTTAAGA,CID4067,Cancer Epithelial,3047
mix_0057_depth100,57,CID4067_TGGGAAGGTCTAACGT,CID4067,Cancer Epithelial,3638
mix_0057_depth100,57,CID4067_GTTCTCGTCTATCCTA,CID4067,Cancer Epithelial,5345
mix_0057_depth25,57,CID4067_CAGCAGCCAAGCTGTT,CID4067,T cells CD8+,439
mix_0057_depth25,57,CID4067_TATCAGGAGAATAGGG,CID4067,T cells CD8+,136
mix_0057_depth25,57,CID4067_CTAAGACAGGCCCGTT,CID4067,T cells CD8+,233
mix_0057_depth25,57,CID4067_CTACGTCAGGCATGTG,CID4067,PVL,652
mix_0057_depth25,57,CID4067_CAGGTGCTCTAACGGT,CID4067,NKT cells,205
mix_0057_depth25,57,CID4067_GGAATAATCGCGTTTC,CID4067,Cancer Epithelial,512
mix_0057_depth25,57,CID4067_TGAGGGAGTAGTGAAT,CID4067,Cancer Epithelial,358
mix_0057_depth25,57,CID4067_GGCTCGAGTGTTAAGA,CID4067,Cancer Epithelial,785
mix_0057_depth25,57,CID4067_TGGGAAGGTCTAACGT,CID4067,Cancer Epithelial,884
mix_0057_depth25,57,CID4067_GTTCTCGTCTATCCTA,CID4067,Cancer Epithelial,1350
mix_0058_depth100,58,CID4067_GCATACACATACGCTA,CID4067,T cells CD8+,931
mix_0058_depth100,58,CID4067_CCGGGATCAAGTTGTC,CID4067,T cells CD8+,1070
mix_0058_depth100,58,CID4067_CGAACATTCTTGGGTA,CID4067,T cells CD8+,1137
mix_0058_depth100,58,CID4067_TCGTACCAGATGCGAC,CID4067,PVL,1117
mix_0058_depth100,58,CID4067_CGACTTCAGAAGGTGA,CID4067,NKT cells,1468
mix_0058_depth100,58,CID4067_GTCGGGTAGAGCTATA,CID4067,Cancer Epithelial,2016
mix_0058_depth100,58,CID4067_CACACAAAGACTGGGT,CID4067,Cancer Epithelial,22256
mix_0058_depth100,58,CID4067_TGAAAGATCTCTAAGG,CID4067,Cancer Epithelial,9631
mix_0058_depth100,58,CID4067_GTCACGGCAAAGTCAA,CID4067,Cancer Epithelial,9061
mix_0058_depth100,58,CID4067_CAGAGAGCATGACGGA,CID4067,Cancer Epithelial,2179
mix_0058_depth25,58,CID4067_GCATACACATACGCTA,CID4067,T cells CD8+,241
mix_0058_depth25,58,CID4067_CCGGGATCAAGTTGTC,CID4067,T cells CD8+,256
mix_0058_depth25,58,CID4067_CGAACATTCTTGGGTA,CID4067,T cells CD8+,261
mix_0058_depth25,58,CID4067_TCGTACCAGATGCGAC,CID4067,PVL,274
mix_0058_depth25,58,CID4067_CGACTTCAGAAGGTGA,CID4067,NKT cells,339
mix_0058_depth25,58,CID4067_GTCGGGTAGAGCTATA,CID4067,Cancer Epithelial,504
mix_0058_depth25,58,CID4067_CACACAAAGACTGGGT,CID4067,Cancer Epithelial,5470
mix_0058_depth25,58,CID4067_TGAAAGATCTCTAAGG,CID4067,Cancer Epithelial,2334
mix_0058_depth25,58,CID4067_GTCACGGCAAAGTCAA,CID4067,Cancer Epithelial,2281
mix_0058_depth25,58,CID4067_CAGAGAGCATGACGGA,CID4067,Cancer Epithelial,550
mix_0059_depth100,59,CID4067_CAGGTGCAGTACCGGA,CID4067,T cells CD8+,1124
mix_0059_depth100,59,CID4067_ATTCTACCACATTAGC,CID4067,T cells CD8+,1008
mix_0059_depth100,59,CID4067_TGGTTAGCATCCGCGA,CID4067,T cells CD8+,978
mix_0059_depth100,59,CID4067_CTGCTGTCATAAGACA,CID4067,PVL,1230
mix_0059_depth100,59,CID4067_GTGCTTCTCATTCACT,CID4067,NKT cells,1231
mix_0059_depth100,59,CID4067_CGGACACCACCCAGTG,CID4067,Cancer Epithelial,7344
mix_0059_depth100,59,CID4067_TGAGCCGTCTGGTATG,CID4067,Cancer Epithelial,1558
mix_0059_depth100,59,CID4067_CATCAGATCCACGTTC,CID4067,Cancer Epithelial,9023
mix_0059_depth100,59,CID4067_TGGTTAGTCCACGTGG,CID4067,Cancer Epithelial,1770
mix_0059_depth100,59,CID4067_CTGCCTAGTTCGCTAA,CID4067,Cancer Epithelial,4940
mix_0059_depth25,59,CID4067_CAGGTGCAGTACCGGA,CID4067,T cells CD8+,291
mix_0059_depth25,59,CID4067_ATTCTACCACATTAGC,CID4067,T cells CD8+,259
mix_0059_depth25,59,CID4067_TGGTTAGCATCCGCGA,CID4067,T cells CD8+,249
mix_0059_depth25,59,CID4067_CTGCTGTCATAAGACA,CID4067,PVL,278
mix_0059_depth25,59,CID4067_GTGCTTCTCATTCACT,CID4067,NKT cells,306
mix_0059_depth25,59,CID4067_CGGACACCACCCAGTG,CID4067,Cancer Epithelial,1865
mix_0059_depth25,59,CID4067_TGAGCCGTCTGGTATG,CID4067,Cancer Epithelial,392
mix_0059_depth25,59,CID4067_CATCAGATCCACGTTC,CID4067,Cancer Epithelial,2331
mix_0059_depth25,59,CID4067_TGGTTAGTCCACGTGG,CID4067,Cancer Epithelial,463
mix_0059_depth25,59,CID4067_CTGCCTAGTTCGCTAA,CID4067,Cancer Epithelial,1231
mix_0060_depth100,60,CID4067_CGGCTAGAGACACTAA,CID4067,T cells CD8+,940
mix_0060_depth100,60,CID4067_GGGAATGCAGCCTTGG,CID4067,T cells CD8+,719
mix_0060_depth100,60,CID4067_TGGCCAGCATGACATC,CID4067,T cells CD8+,906
mix_0060_depth100,60,CID4067_CCCAGTTGTGGCTCCA,CID4067,PVL,1172
mix_0060_depth100,60,CID4067_TCTGAGACAATCAGAA,CID4067,Cycling T-cells,3011
mix_0060_depth100,60,CID4067_GTCACGGGTAGCGTGA,CID4067,Cancer Epithelial,2201
mix_0060_depth100,60,CID4067_CAGGTGCGTCGAATCT,CID4067,Cancer Epithelial,6179
mix_0060_depth100,60,CID4067_GCGCAACCACCCATTC,CID4067,Cancer Epithelial,5877
mix_0060_depth100,60,CID4067_GTCCTCAGTCTCTCTG,CID4067,Cancer Epithelial,3802
mix_0060_depth100,60,CID4067_TTGGCAAAGGTTCCTA,CID4067,Cancer Epithelial,6672
mix_0060_depth25,60,CID4067_CGGCTAGAGACACTAA,CID4067,T cells CD8+,217
mix_0060_depth25,60,CID4067_GGGAATGCAGCCTTGG,CID4067,T cells CD8+,176
mix_0060_depth25,60,CID4067_TGGCCAGCATGACATC,CID4067,T cells CD8+,221
mix_0060_depth25,60,CID4067_CCCAGTTGTGGCTCCA,CID4067,PVL,279
mix_0060_depth25,60,CID4067_TCTGAGACAATCAGAA,CID4067,Cycling T-cells,772
mix_0060_depth25,60,CID4067_GTCACGGGTAGCGTGA,CID4067,Cancer Epithelial,524
mix_0060_depth25,60,CID4067_CAGGTGCGTCGAATCT,CID4067,Cancer Epithelial,1543
mix_0060_depth25,60,CID4067_GCGCAACCACCCATTC,CID4067,Cancer Epithelial,1505
mix_0060_depth25,60,CID4067_GTCCTCAGTCTCTCTG,CID4067,Cancer Epithelial,1016
mix_0060_depth25,60,CID4067_TTGGCAAAGGTTCCTA,CID4067,Cancer Epithelial,1674
mix_0061_depth100,61,CID4067_GGGAATGCAGCCTTGG,CID4067,T cells CD8+,719
mix_0061_depth100,61,CID4067_GACTACACAGCTCGAC,CID4067,T cells CD8+,1077
mix_0061_depth100,61,CID4067_GCATGCGTCAACGAAA,CID4067,T cells CD8+,646
mix_0061_depth100,61,CID4067_CACACTCTCGTACCGG,CID4067,PVL,4068
mix_0061_depth100,61,CID4067_TACACGAAGAACTCGG,CID4067,Cycling T-cells,4788
mix_0061_depth100,61,CID4067_AACCATGGTTCCTCCA,CID4067,Cancer Epithelial,2834
mix_0061_depth100,61,CID4067_CCTCAGTAGCCTCGTG,CID4067,Cancer Epithelial,3423
mix_0061_depth100,61,CID4067_GTACTTTGTCTTTCAT,CID4067,Cancer Epithelial,8764
mix_0061_depth100,61,CID4067_ACACCCTAGAGCTTCT,CID4067,Cancer Epithelial,2289
mix_0061_depth100,61,CID4067_TCAGGTATCTCTGTCG,CID4067,Cancer Epithelial,2486
mix_0061_depth25,61,CID4067_GGGAATGCAGCCTTGG,CID4067,T cells CD8+,183
mix_0061_depth25,61,CID4067_GACTACACAGCTCGAC,CID4067,T cells CD8+,259
mix_0061_depth25,61,CID4067_GCATGCGTCAACGAAA,CID4067,T cells CD8+,191
mix_0061_depth25,61,CID4067_CACACTCTCGTACCGG,CID4067,PVL,1004
mix_0061_depth25,61,CID4067_TACACGAAGAACTCGG,CID4067,Cycling T-cells,1184
mix_0061_depth25,61,CID4067_AACCATGGTTCCTCCA,CID4067,Cancer Epithelial,732
mix_0061_depth25,61,CID4067_CCTCAGTAGCCTCGTG,CID4067,Cancer Epithelial,842
mix_0061_depth25,61,CID4067_GTACTTTGTCTTTCAT,CID4067,Cancer Epithelial,2210
mix_0061_depth25,61,CID4067_ACACCCTAGAGCTTCT,CID4067,Cancer Epithelial,586
mix_0061_depth25,61,CID4067_TCAGGTATCTCTGTCG,CID4067,Cancer Epithelial,604
mix_0062_depth100,62,CID4067_TCAACGACACTCTGTC,CID4067,T cells CD8+,1157
mix_0062_depth100,62,CID4067_GTGCAGCTCATGCATG,CID4067,T cells CD8+,1258
mix_0062_depth100,62,CID4067_AGTGAGGTCCGCAGTG,CID4067,T cells CD8+,921
mix_0062_depth100,62,CID4067_CAGCGACAGTACGTTC,CID4067,PVL,598
mix_0062_depth100,62,CID4067_CCACGGACAGAGTGTG,CID4067,Cycling T-cells,901
mix_0062_depth100,62,CID4067_CGAGCACCATTCTCAT,CID4067,Cancer Epithelial,2844
mix_0062_depth100,62,CID4067_GCAAACTAGTGGTCCC,CID4067,Cancer Epithelial,1601
mix_0062_depth100,62,CID4067_GCTCTGTCAATCAGAA,CID4067,Cancer Epithelial,2439
mix_0062_depth100,62,CID4067_GAATAAGCACGACTCG,CID4067,Cancer Epithelial,1835
mix_0062_depth100,62,CID4067_GATCAGTCAGCCTTGG,CID4067,Cancer Epithelial,2433
mix_0062_depth25,62,CID4067_TCAACGACACTCTGTC,CID4067,T cells CD8+,281
mix_0062_depth25,62,CID4067_GTGCAGCTCATGCATG,CID4067,T cells CD8+,318
mix_0062_depth25,62,CID4067_AGTGAGGTCCGCAGTG,CID4067,T cells CD8+,213
mix_0062_depth25,62,CID4067_CAGCGACAGTACGTTC,CID4067,PVL,143
mix_0062_depth25,62,CID4067_CCACGGACAGAGTGTG,CID4067,Cycling T-cells,237
mix_0062_depth25,62,CID4067_CGAGCACCATTCTCAT,CID4067,Cancer Epithelial,647
mix_0062_depth25,62,CID4067_GCAAACTAGTGGTCCC,CID4067,Cancer Epithelial,395
mix_0062_depth25,62,CID4067_GCTCTGTCAATCAGAA,CID4067,Cancer Epithelial,581
mix_0062_depth25,62,CID4067_GAATAAGCACGACTCG,CID4067,Cancer Epithelial,425
mix_0062_depth25,62,CID4067_GATCAGTCAGCCTTGG,CID4067,Cancer Epithelial,605
mix_0063_depth100,63,CID4067_CCATGTCTCACCTTAT,CID4067,CAFs,4652
mix_0063_depth100,63,CID4067_TTGCGTCGTCTTCTCG,CID4067,PVL,900
mix_0063_depth100,63,CID4067_GGTGTTACACTCTGTC,CID4067,T cells CD4+,1607
mix_0063_depth100,63,CID4067_TGCACCTCAAGTCATC,CID4067,Cancer Epithelial,12303
mix_0063_depth100,63,CID4067_ATCCACCAGCTTATCG,CID4067,Cancer Epithelial,2145
mix_0063_depth100,63,CID4067_ACCCACTCAGTATGCT,CID4067,Cancer Epithelial,3170
mix_0063_depth100,63,CID4067_CTAGAGTTCCCTAACC,CID4067,Cancer Epithelial,1315
mix_0063_depth100,63,CID4067_CTCATTAAGTTTCCTT,CID4067,Cancer Epithelial,869
mix_0063_depth100,63,CID4067_ACGGAGACACACAGAG,CID4067,Cancer Epithelial,5156
mix_0063_depth100,63,CID4067_CTCGAGGAGCGCCTTG,CID4067,Cancer Epithelial,2109
mix_0063_depth25,63,CID4067_CCATGTCTCACCTTAT,CID4067,CAFs,1211
mix_0063_depth25,63,CID4067_TTGCGTCGTCTTCTCG,CID4067,PVL,226
mix_0063_depth25,63,CID4067_GGTGTTACACTCTGTC,CID4067,T cells CD4+,427
mix_0063_depth25,63,CID4067_TGCACCTCAAGTCATC,CID4067,Cancer Epithelial,3092
mix_0063_depth25,63,CID4067_ATCCACCAGCTTATCG,CID4067,Cancer Epithelial,568
mix_0063_depth25,63,CID4067_ACCCACTCAGTATGCT,CID4067,Cancer Epithelial,812
mix_0063_depth25,63,CID4067_CTAGAGTTCCCTAACC,CID4067,Cancer Epithelial,354
mix_0063_depth25,63,CID4067_CTCATTAAGTTTCCTT,CID4067,Cancer Epithelial,221
mix_0063_depth25,63,CID4067_ACGGAGACACACAGAG,CID4067,Cancer Epithelial,1332
mix_0063_depth25,63,CID4067_CTCGAGGAGCGCCTTG,CID4067,Cancer Epithelial,523
mix_0064_depth100,64,CID4067_CCTAAAGTCCTAAGTG,CID4067,CAFs,2704
mix_0064_depth100,64,CID4067_CTGCCTATCCTTTCTC,CID4067,PVL,2095
mix_0064_depth100,64,CID4067_TGGCTGGAGCTAGTCT,CID4067,T cells CD4+,1297
mix_0064_depth100,64,CID4067_CTGTTTATCAGCCTAA,CID4067,Cancer Epithelial,3889
mix_0064_depth100,64,CID4067_ATCACGATCATTATCC,CID4067,Cancer Epithelial,3635
mix_0064_depth100,64,CID4067_TGCGTGGCATCGGAAG,CID4067,Cancer Epithelial,1073
mix_0064_depth100,64,CID4067_GTTAAGCTCCGTAGGC,CID4067,Cancer Epithelial,4673
mix_0064_depth100,64,CID4067_TTATGCTGTCATACTG,CID4067,Cancer Epithelial,7937
mix_0064_depth100,64,CID4067_GGAAAGCAGCATGGCA,CID4067,Cancer Epithelial,2535
mix_0064_depth100,64,CID4067_TGGCGCAAGAGTACAT,CID4067,Cancer Epithelial,3285
mix_0064_depth25,64,CID4067_CCTAAAGTCCTAAGTG,CID4067,CAFs,715
mix_0064_depth25,64,CID4067_CTGCCTATCCTTTCTC,CID4067,PVL,552
mix_0064_depth25,64,CID4067_TGGCTGGAGCTAGTCT,CID4067,T cells CD4+,316
mix_0064_depth25,64,CID4067_CTGTTTATCAGCCTAA,CID4067,Cancer Epithelial,1001
mix_0064_depth25,64,CID4067_ATCACGATCATTATCC,CID4067,Cancer Epithelial,915
mix_0064_depth25,64,CID4067_TGCGTGGCATCGGAAG,CID4067,Cancer Epithelial,308
mix_0064_depth25,64,CID4067_GTTAAGCTCCGTAGGC,CID4067,Cancer Epithelial,1148
mix_0064_depth25,64,CID4067_TTATGCTGTCATACTG,CID4067,Cancer Epithelial,2046
mix_0064_depth25,64,CID4067_GGAAAGCAGCATGGCA,CID4067,Cancer Epithelial,654
mix_0064_depth25,64,CID4067_TGGCGCAAGAGTACAT,CID4067,Cancer Epithelial,802
mix_0065_depth100,65,CID4067_CACACTCTCGGCGGTT,CID4067,CAFs,4333
mix_0065_depth100,65,CID4067_AGAGTGGGTACTTAGC,CID4067,PVL,2105
mix_0065_depth100,65,CID4067_ACGCCGAGTCTTGTCC,CID4067,T cells CD4+,1165
mix_0065_depth100,65,CID4067_CTGCCTAGTTCGCTAA,CID4067,Cancer Epithelial,4940
mix_0065_depth100,65,CID4067_CAGCTAACACCCTATC,CID4067,Cancer Epithelial,8586
mix_0065_depth100,65,CID4067_AGATCTGAGATATGGT,CID4067,Cancer Epithelial,5364
mix_0065_depth100,65,CID4067_CAGTCCTAGTCAATAG,CID4067,Cancer Epithelial,6034
mix_0065_depth100,65,CID4067_TCATTACCACCTTGTC,CID4067,Cancer Epithelial,7084
mix_0065_depth100,65,CID4067_GGGAATGCATCCCATC,CID4067,Cancer Epithelial,6751
mix_0065_depth100,65,CID4067_CGACTTCCATTGGCGC,CID4067,Cancer Epithelial,2234
mix_0065_depth25,65,CID4067_CACACTCTCGGCGGTT,CID4067,CAFs,1092
mix_0065_depth25,65,CID4067_AGAGTGGGTACTTAGC,CID4067,PVL,524
mix_0065_depth25,65,CID4067_ACGCCGAGTCTTGTCC,CID4067,T cells CD4+,286
mix_0065_depth25,65,CID4067_CTGCCTAGTTCGCTAA,CID4067,Cancer Epithelial,1214
mix_0065_depth25,65,CID4067_CAGCTAACACCCTATC,CID4067,Cancer Epithelial,2075
mix_0065_depth25,65,CID4067_AGATCTGAGATATGGT,CID4067,Cancer Epithelial,1389
mix_0065_depth25,65,CID4067_CAGTCCTAGTCAATAG,CID4067,Cancer Epithelial,1504
mix_0065_depth25,65,CID4067_TCATTACCACCTTGTC,CID4067,Cancer Epithelial,1831
mix_0065_depth25,65,CID4067_GGGAATGCATCCCATC,CID4067,Cancer Epithelial,1798
mix_0065_depth25,65,CID4067_CGACTTCCATTGGCGC,CID4067,Cancer Epithelial,550
mix_0066_depth100,66,CID4067_GGTATTGAGCGAAGGG,CID4067,CAFs,7900
mix_0066_depth100,66,CID4067_CATCCACCAGACGCAA,CID4067,PVL,827
mix_0066_depth100,66,CID4067_GCATGATGTCTGGAGA,CID4067,Myeloid,3400
mix_0066_depth100,66,CID4067_CTGCTGTAGTCTTGCA,CID4067,Cancer Epithelial,8032
mix_0066_depth100,66,CID4067_CATGACAAGATAGTCA,CID4067,Cancer Epithelial,1079
mix_0066_depth100,66,CID4067_TACGGTAGTATGAATG,CID4067,Cancer Epithelial,6873
mix_0066_depth100,66,CID4067_AGACGTTCATCGGGTC,CID4067,Cancer Epithelial,2661
mix_0066_depth100,66,CID4067_CGTCCATGTATTCGTG,CID4067,Cancer Epithelial,3547
mix_0066_depth100,66,CID4067_AAGGCAGTCTAACGGT,CID4067,Cancer Epithelial,3446
mix_0066_depth100,66,CID4067_CCATTCGAGTTGCAGG,CID4067,Cancer Epithelial,1143
mix_0066_depth25,66,CID4067_GGTATTGAGCGAAGGG,CID4067,CAFs,1989
mix_0066_depth25,66,CID4067_CATCCACCAGACGCAA,CID4067,PVL,192
mix_0066_depth25,66,CID4067_GCATGATGTCTGGAGA,CID4067,Myeloid,882
mix_0066_depth25,66,CID4067_CTGCTGTAGTCTTGCA,CID4067,Cancer Epithelial,2058
mix_0066_depth25,66,CID4067_CATGACAAGATAGTCA,CID4067,Cancer Epithelial,267
mix_0066_depth25,66,CID4067_TACGGTAGTATGAATG,CID4067,Cancer Epithelial,1755
mix_0066_depth25,66,CID4067_AGACGTTCATCGGGTC,CID4067,Cancer Epithelial,658
mix_0066_depth25,66,CID4067_CGTCCATGTATTCGTG,CID4067,Cancer Epithelial,884
mix_0066_depth25,66,CID4067_AAGGCAGTCTAACGGT,CID4067,Cancer Epithelial,857
mix_0066_depth25,66,CID4067_CCATTCGAGTTGCAGG,CID4067,Cancer Epithelial,273
mix_0067_depth100,67,CID4067_GAATAAGTCCGCGTTT,CID4067,CAFs,5579
mix_0067_depth100,67,CID4067_TCGTACCTCCTTCAAT,CID4067,PVL,1357
mix_0067_depth100,67,CID4067_GATCGATGTGAGGGTT,CID4067,Myeloid,3767
mix_0067_depth100,67,CID4067_GACCAATAGGTGCACA,CID4067,Cancer Epithelial,2648
mix_0067_depth100,67,CID4067_CCTACCAGTGAAGGCT,CID4067,Cancer Epithelial,2588
mix_0067_depth100,67,CID4067_TGTCCCACACACCGAC,CID4067,Cancer Epithelial,3473
mix_0067_depth100,67,CID4067_AGCCTAATCATTATCC,CID4067,Cancer Epithelial,4541
mix_0067_depth100,67,CID4067_TTGCGTCAGGCCCTTG,CID4067,Cancer Epithelial,2653
mix_0067_depth100,67,CID4067_CTCTGGTTCCGAATGT,CID4067,Cancer Epithelial,3896
mix_0067_depth100,67,CID4067_GATGAGGAGTCGCCGT,CID4067,Cancer Epithelial,7877
mix_0067_depth25,67,CID4067_GAATAAGTCCGCGTTT,CID4067,CAFs,1385
mix_0067_depth25,67,CID4067_TCGTACCTCCTTCAAT,CID4067,PVL,351
mix_0067_depth25,67,CID4067_GATCGATGTGAGGGTT,CID4067,Myeloid,922
mix_0067_depth25,67,CID4067_GACCAATAGGTGCACA,CID4067,Cancer Epithelial,668
mix_0067_depth25,67,CID4067_CCTACCAGTGAAGGCT,CID4067,Cancer Epithelial,636
mix_0067_depth25,67,CID4067_TGTCCCACACACCGAC,CID4067,Cancer Epithelial,923
mix_0067_depth25,67,CID4067_AGCCTAATCATTATCC,CID4067,Cancer Epithelial,1120
mix_0067_depth25,67,CID4067_TTGCGTCAGGCCCTTG,CID4067,Cancer Epithelial,691
mix_0067_depth25,67,CID4067_CTCTGGTTCCGAATGT,CID4067,Cancer Epithelial,1032
mix_0067_depth25,67,CID4067_GATGAGGAGTCGCCGT,CID4067,Cancer Epithelial,1961
mix_0068_depth100,68,CID4067_TGTTCCGGTGGCAAAC,CID4067,CAFs,6139
mix_0068_depth100,68,CID4067_TGCTGCTGTGACTACT,CID4067,PVL,302
mix_0068_depth100,68,CID4067_AAGGTTCAGGAGTTTA,CID4067,Myeloid,6516
mix_0068_depth100,68,CID4067_TAGTTGGTCCCAACGG,CID4067,Cancer Epithelial,2611
mix_0068_depth100,68,CID4067_CTCGGGACACAACGTT,CID4067,Cancer Epithelial,11218
mix_0068_depth100,68,CID4067_CCATGTCCACCACCAG,CID4067,Cancer Epithelial,3360
mix_0068_depth100,68,CID4067_CGATGGCCAATTGCTG,CID4067,Cancer Epithelial,2360
mix_0068_depth100,68,CID4067_TCGGTAAAGTACACCT,CID4067,Cancer Epithelial,5964
mix_0068_depth100,68,CID4067_CCGTACTGTAGCTGCC,CID4067,Cancer Epithelial,2965
mix_0068_depth100,68,CID4067_AGCTCTCAGTGGCACA,CID4067,Cancer Epithelial,3529
mix_0068_depth25,68,CID4067_TGTTCCGGTGGCAAAC,CID4067,CAFs,1531
mix_0068_depth25,68,CID4067_TGCTGCTGTGACTACT,CID4067,PVL,73
mix_0068_depth25,68,CID4067_AAGGTTCAGGAGTTTA,CID4067,Myeloid,1656
mix_0068_depth25,68,CID4067_TAGTTGGTCCCAACGG,CID4067,Cancer Epithelial,640
mix_0068_depth25,68,CID4067_CTCGGGACACAACGTT,CID4067,Cancer Epithelial,2855
mix_0068_depth25,68,CID4067_CCATGTCCACCACCAG,CID4067,Cancer Epithelial,847
mix_0068_depth25,68,CID4067_CGATGGCCAATTGCTG,CID4067,Cancer Epithelial,611
mix_0068_depth25,68,CID4067_TCGGTAAAGTACACCT,CID4067,Cancer Epithelial,1472
mix_0068_depth25,68,CID4067_CCGTACTGTAGCTGCC,CID4067,Cancer Epithelial,736
mix_0068_depth25,68,CID4067_AGCTCTCAGTGGCACA,CID4067,Cancer Epithelial,918
mix_0069_depth100,69,CID4067_CTGCCTAAGTCAAGCG,CID4067,CAFs,599
mix_0069_depth100,69,CID4067_CCCAGTTGTGGCTCCA,CID4067,PVL,1172
mix_0069_depth100,69,CID4067_GGTGTTACACCCATGG,CID4067,Endothelial,2252
mix_0069_depth100,69,CID4067_TTAGGCAGTAATAGCA,CID4067,Cancer Epithelial,4920
mix_0069_depth100,69,CID4067_TCGGTAAGTCGAGATG,CID4067,Cancer Epithelial,6153
mix_0069_depth100,69,CID4067_GTAACGTGTAATTGGA,CID4067,Cancer Epithelial,7756
mix_0069_depth100,69,CID4067_TGTGGTAAGTGCTGCC,CID4067,Cancer Epithelial,1913
mix_0069_depth100,69,CID4067_GAACCTATCCGAGCCA,CID4067,Cancer Epithelial,4510
mix_0069_depth100,69,CID4067_GGGCACTCAAGCTGTT,CID4067,Cancer Epithelial,1106
mix_0069_depth100,69,CID4067_GACCTGGGTCTAGTCA,CID4067,Cancer Epithelial,2346
mix_0069_depth25,69,CID4067_CTGCCTAAGTCAAGCG,CID4067,CAFs,154
mix_0069_depth25,69,CID4067_CCCAGTTGTGGCTCCA,CID4067,PVL,292
mix_0069_depth25,69,CID4067_GGTGTTACACCCATGG,CID4067,Endothelial,548
mix_0069_depth25,69,CID4067_TTAGGCAGTAATAGCA,CID4067,Cancer Epithelial,1202
mix_0069_depth25,69,CID4067_TCGGTAAGTCGAGATG,CID4067,Cancer Epithelial,1565
mix_0069_depth25,69,CID4067_GTAACGTGTAATTGGA,CID4067,Cancer Epithelial,1855
mix_0069_depth25,69,CID4067_TGTGGTAAGTGCTGCC,CID4067,Cancer Epithelial,470
mix_0069_depth25,69,CID4067_GAACCTATCCGAGCCA,CID4067,Cancer Epithelial,1108
mix_0069_depth25,69,CID4067_GGGCACTCAAGCTGTT,CID4067,Cancer Epithelial,303
mix_0069_depth25,69,CID4067_GACCTGGGTCTAGTCA,CID4067,Cancer Epithelial,609
mix_0070_depth100,70,CID4067_TTATGCTAGGCTCTTA,CID4067,CAFs,5760
mix_0070_depth100,70,CID4067_CGAGCACGTCACCTAA,CID4067,PVL,703
mix_0070_depth100,70,CID4067_CAAGAAAGTATAAACG,CID4067,Endothelial,2409
mix_0070_depth100,70,CID4067_TACACGAAGATACACA,CID4067,Cancer Epithelial,3844
mix_0070_depth100,70,CID4067_TGAGAGGAGTGCCATT,CID4067,Cancer Epithelial,3198
mix_0070_depth100,70,CID4067_ACACCGGAGAGGTTAT,CID4067,Cancer Epithelial,1845
mix_0070_depth100,70,CID4067_GTGCATAAGTATCTCG,CID4067,Cancer Epithelial,9132
mix_0070_depth100,70,CID4067_AAACGGGTCTGATACG,CID4067,Cancer Epithelial,1317
mix_0070_depth100,70,CID4067_CAGTCCTAGTGGGCTA,CID4067,Cancer Epithelial,11280
mix_0070_depth100,70,CID4067_AGTCTTTGTGTTTGTG,CID4067,Cancer Epithelial,2516
mix_0070_depth25,70,CID4067_TTATGCTAGGCTCTTA,CID4067,CAFs,1416
mix_0070_depth25,70,CID4067_CGAGCACGTCACCTAA,CID4067,PVL,150
mix_0070_depth25,70,CID4067_CAAGAAAGTATAAACG,CID4067,Endothelial,619
mix_0070_depth25,70,CID4067_TACACGAAGATACACA,CID4067,Cancer Epithelial,983
mix_0070_depth25,70,CID4067_TGAGAGGAGTGCCATT,CID4067,Cancer Epithelial,803
mix_0070_depth25,70,CID4067_ACACCGGAGAGGTTAT,CID4067,Cancer Epithelial,455
mix_0070_depth25,70,CID4067_GTGCATAAGTATCTCG,CID4067,Cancer Epithelial,2330
mix_0070_depth25,70,CID4067_AAACGGGTCTGATACG,CID4067,Cancer Epithelial,355
mix_0070_depth25,70,CID4067_CAGTCCTAGTGGGCTA,CID4067,Cancer Epithelial,2778
mix_0070_depth25,70,CID4067_AGTCTTTGTGTTTGTG,CID4067,Cancer Epithelial,632
mix_0071_depth100,71,CID4067_TCTCTAAGTTCCGTCT,CID4067,CAFs,331
mix_0071_depth100,71,CID4067_TCGGTAAGTCTGATCA,CID4067,PVL,1796
mix_0071_depth100,71,CID4067_GTTTCTAGTCTCCACT,CID4067,Endothelial,2838
mix_0071_depth100,71,CID4067_TATGCCCGTTACCGAT,CID4067,Cancer Epithelial,2833
mix_0071_depth100,71,CID4067_CAGCTGGTCACCTTAT,CID4067,Cancer Epithelial,4313
mix_0071_depth100,71,CID4067_AGCAGCCAGATACACA,CID4067,Cancer Epithelial,4738
mix_0071_depth100,71,CID4067_GTCGGGTGTGTCCTCT,CID4067,Cancer Epithelial,9986
mix_0071_depth100,71,CID4067_GGACAGATCTGAGTGT,CID4067,Cancer Epithelial,7014
mix_0071_depth100,71,CID4067_GCATACAAGTGACATA,CID4067,Cancer Epithelial,3462
mix_0071_depth100,71,CID4067_GGAATAAGTCTGATTG,CID4067,Cancer Epithelial,9172
mix_0071_depth25,71,CID4067_TCTCTAAGTTCCGTCT,CID4067,CAFs,85
mix_0071_depth25,71,CID4067_TCGGTAAGTCTGATCA,CID4067,PVL,456
mix_0071_depth25,71,CID4067_GTTTCTAGTCTCCACT,CID4067,Endothelial,690
mix_0071_depth25,71,CID4067_TATGCCCGTTACCGAT,CID4067,Cancer Epithelial,687
mix_0071_depth25,71,CID4067_CAGCTGGTCACCTTAT,CID4067,Cancer Epithelial,1085
mix_0071_depth25,71,CID4067_AGCAGCCAGATACACA,CID4067,Cancer Epithelial,1173
mix_0071_depth25,71,CID4067_GTCGGGTGTGTCCTCT,CID4067,Cancer Epithelial,2480
mix_0071_depth25,71,CID4067_GGACAGATCTGAGTGT,CID4067,Cancer Epithelial,1755
mix_0071_depth25,71,CID4067_GCATACAAGTGACATA,CID4067,Cancer Epithelial,884
mix_0071_depth25,71,CID4067_GGAATAAGTCTGATTG,CID4067,Cancer Epithelial,2283
mix_0072_depth100,72,CID4067_TCTTTCCAGGGAACGG,CID4067,CAFs,4296
mix_0072_depth100,72,CID4067_GACTACACACTGTTAG,CID4067,PVL,414
mix_0072_depth100,72,CID4067_AGAGTGGAGTTATCGC,CID4067,B-cells,798
mix_0072_depth100,72,CID4067_ACGATACAGACCTAGG,CID4067,Cancer Epithelial,4982
mix_0072_depth100,72,CID4067_CCTTCGAAGCATCATC,CID4067,Cancer Epithelial,10133
mix_0072_depth100,72,CID4067_CTTACCGTCCATGAGT,CID4067,Cancer Epithelial,6564
mix_0072_depth100,72,CID4067_GTTCATTTCTTACCTA,CID4067,Cancer Epithelial,6315
mix_0072_depth100,72,CID4067_TGCACCTAGAATGTTG,CID4067,Cancer Epithelial,7921
mix_0072_depth100,72,CID4067_ACATCAGGTTACCGAT,CID4067,Cancer Epithelial,11386
mix_0072_depth100,72,CID4067_GAATGAAAGTACGTTC,CID4067,Cancer Epithelial,9352
mix_0072_depth25,72,CID4067_TCTTTCCAGGGAACGG,CID4067,CAFs,1059
mix_0072_depth25,72,CID4067_GACTACACACTGTTAG,CID4067,PVL,104
mix_0072_depth25,72,CID4067_AGAGTGGAGTTATCGC,CID4067,B-cells,191
mix_0072_depth25,72,CID4067_ACGATACAGACCTAGG,CID4067,Cancer Epithelial,1224
mix_0072_depth25,72,CID4067_CCTTCGAAGCATCATC,CID4067,Cancer Epithelial,2468
mix_0072_depth25,72,CID4067_CTTACCGTCCATGAGT,CID4067,Cancer Epithelial,1637
mix_0072_depth25,72,CID4067_GTTCATTTCTTACCTA,CID4067,Cancer Epithelial,1567
mix_0072_depth25,72,CID4067_TGCACCTAGAATGTTG,CID4067,Cancer Epithelial,1997
mix_0072_depth25,72,CID4067_ACATCAGGTTACCGAT,CID4067,Cancer Epithelial,2860
mix_0072_depth25,72,CID4067_GAATGAAAGTACGTTC,CID4067,Cancer Epithelial,2331
mix_0073_depth100,73,CID4067_AGCGGTCTCATTCACT,CID4067,CAFs,498
mix_0073_depth100,73,CID4067_TTATGCTAGGGTTTCT,CID4067,PVL,2507
mix_0073_depth100,73,CID4067_CGTGTAAAGGCAGGTT,CID4067,B-cells,1207
mix_0073_depth100,73,CID4067_CGCGTTTAGGATGCGT,CID4067,Cancer Epithelial,3167
mix_0073_depth100,73,CID4067_CGATGTAAGATAGTCA,CID4067,Cancer Epithelial,2435
mix_0073_depth100,73,CID4067_CCTTCGAAGGACGAAA,CID4067,Cancer Epithelial,6531
mix_0073_depth100,73,CID4067_CATATTCTCGAATGGG,CID4067,Cancer Epithelial,4334
mix_0073_depth100,73,CID4067_CAGATCAAGATCTGCT,CID4067,Cancer Epithelial,2770
mix_0073_depth100,73,CID4067_AGAGCGAAGTAGGTGC,CID4067,Cancer Epithelial,3609
mix_0073_depth100,73,CID4067_GGACAAGAGGTGACCA,CID4067,Cancer Epithelial,10901
mix_0073_depth25,73,CID4067_AGCGGTCTCATTCACT,CID4067,CAFs,128
mix_0073_depth25,73,CID4067_TTATGCTAGGGTTTCT,CID4067,PVL,631
mix_0073_depth25,73,CID4067_CGTGTAAAGGCAGGTT,CID4067,B-cells,302
mix_0073_depth25,73,CID4067_CGCGTTTAGGATGCGT,CID4067,Cancer Epithelial,780
mix_0073_depth25,73,CID4067_CGATGTAAGATAGTCA,CID4067,Cancer Epithelial,620
mix_0073_depth25,73,CID4067_CCTTCGAAGGACGAAA,CID4067,Cancer Epithelial,1610
mix_0073_depth25,73,CID4067_CATATTCTCGAATGGG,CID4067,Cancer Epithelial,1124
mix_0073_depth25,73,CID4067_CAGATCAAGATCTGCT,CID4067,Cancer Epithelial,669
mix_0073_depth25,73,CID4067_AGAGCGAAGTAGGTGC,CID4067,Cancer Epithelial,887
mix_0073_depth25,73,CID4067_GGACAAGAGGTGACCA,CID4067,Cancer Epithelial,2760
mix_0074_depth100,74,CID4067_GTTTCTATCACCAGGC,CID4067,CAFs,4215
mix_0074_depth100,74,CID4067_TGTATTCCAAGCCTAT,CID4067,PVL,2098
mix_0074_depth100,74,CID4067_AGTGAGGCAGATCCAT,CID4067,B-cells,1007
mix_0074_depth100,74,CID4067_GGGTTGCAGCTGCAAG,CID4067,Cancer Epithelial,5842
mix_0074_depth100,74,CID4067_GTAGTCAAGCTGATAA,CID4067,Cancer Epithelial,9736
mix_0074_depth100,74,CID4067_CCACGGAAGCTCTCGG,CID4067,Cancer Epithelial,2622
mix_0074_depth100,74,CID4067_AAGGAGCTCACGGTTA,CID4067,Cancer Epithelial,1331
mix_0074_depth100,74,CID4067_TGGTTCCAGCAGGCTA,CID4067,Cancer Epithelial,3443
mix_0074_depth100,74,CID4067_CAGCCGAAGCCAGTTT,CID4067,Cancer Epithelial,2213
mix_0074_depth100,74,CID4067_GTCTTCGAGGACATTA,CID4067,Cancer Epithelial,2096
mix_0074_depth25,74,CID4067_GTTTCTATCACCAGGC,CID4067,CAFs,1120
mix_0074_depth25,74,CID4067_TGTATTCCAAGCCTAT,CID4067,PVL,506
mix_0074_depth25,74,CID4067_AGTGAGGCAGATCCAT,CID4067,B-cells,246
mix_0074_depth25,74,CID4067_GGGTTGCAGCTGCAAG,CID4067,Cancer Epithelial,1503
mix_0074_depth25,74,CID4067_GTAGTCAAGCTGATAA,CID4067,Cancer Epithelial,2460
mix_0074_depth25,74,CID4067_CCACGGAAGCTCTCGG,CID4067,Cancer Epithelial,675
mix_0074_depth25,74,CID4067_AAGGAGCTCACGGTTA,CID4067,Cancer Epithelial,339
mix_0074_depth25,74,CID4067_TGGTTCCAGCAGGCTA,CID4067,Cancer Epithelial,849
mix_0074_depth25,74,CID4067_CAGCCGAAGCCAGTTT,CID4067,Cancer Epithelial,557
mix_0074_depth25,74,CID4067_GTCTTCGAGGACATTA,CID4067,Cancer Epithelial,520
mix_0075_depth100,75,CID4067_AGATCTGTCAGTTCGA,CID4067,CAFs,6684
mix_0075_depth100,75,CID4067_TGAAAGAGTTAGAACA,CID4067,PVL,2333
mix_0075_depth100,75,CID4067_AACTCTTCAGTTCATG,CID4067,NK cells,1089
mix_0075_depth100,75,CID4067_TGCCCTAGTCAATGTC,CID4067,Cancer Epithelial,1648
mix_0075_depth100,75,CID4067_CCCAGTTTCGGAATCT,CID4067,Cancer Epithelial,3161
mix_0075_depth100,75,CID4067_CACAAACCACATGTGT,CID4067,Cancer Epithelial,2316
mix_0075_depth100,75,CID4067_ACGATGTTCGAACGGA,CID4067,Cancer Epithelial,3660
mix_0075_depth100,75,CID4067_GAGGTGAAGGCAATTA,CID4067,Cancer Epithelial,2499
mix_0075_depth100,75,CID4067_AACTCTTCAATGGACG,CID4067,Cancer Epithelial,7921
mix_0075_depth100,75,CID4067_GCGCCAAGTCGAGATG,CID4067,Cancer Epithelial,7048
mix_0075_depth25,75,CID4067_AGATCTGTCAGTTCGA,CID4067,CAFs,1737
mix_0075_depth25,75,CID4067_TGAAAGAGTTAGAACA,CID4067,PVL,617
mix_0075_depth25,75,CID4067_AACTCTTCAGTTCATG,CID4067,NK cells,279
mix_0075_depth25,75,CID4067_TGCCCTAGTCAATGTC,CID4067,Cancer Epithelial,423
mix_0075_depth25,75,CID4067_CCCAGTTTCGGAATCT,CID4067,Cancer Epithelial,785
mix_0075_depth25,75,CID4067_CACAAACCACATGTGT,CID4067,Cancer Epithelial,568
mix_0075_depth25,75,CID4067_ACGATGTTCGAACGGA,CID4067,Cancer Epithelial,873
mix_0075_depth25,75,CID4067_GAGGTGAAGGCAATTA,CID4067,Cancer Epithelial,595
mix_0075_depth25,75,CID4067_AACTCTTCAATGGACG,CID4067,Cancer Epithelial,1894
mix_0075_depth25,75,CID4067_GCGCCAAGTCGAGATG,CID4067,Cancer Epithelial,1805
mix_0076_depth100,76,CID4067_TGTTCCGGTGGCAAAC,CID4067,CAFs,6139
mix_0076_depth100,76,CID4067_TTGCGTCGTCTTCTCG,CID4067,PVL,900
mix_0076_depth100,76,CID4067_TACGGTAAGGCATGGT,CID4067,NK cells,787
mix_0076_depth100,76,CID4067_TACAGTGTCCAGGGCT,CID4067,Cancer Epithelial,3221
mix_0076_depth100,76,CID4067_AACCGCGTCGGACAAG,CID4067,Cancer Epithelial,2432
mix_0076_depth100,76,CID4067_ATGCGATCATGAGCGA,CID4067,Cancer Epithelial,7141
mix_0076_depth100,76,CID4067_AACTGGTAGTTTCCTT,CID4067,Cancer Epithelial,3522
mix_0076_depth100,76,CID4067_ACTGAACGTATGCTTG,CID4067,Cancer Epithelial,6857
mix_0076_depth100,76,CID4067_CGGACGTAGTGCGATG,CID4067,Cancer Epithelial,6724
mix_0076_depth100,76,CID4067_ACACCGGCAATGTAAG,CID4067,Cancer Epithelial,7833
mix_0076_depth25,76,CID4067_TGTTCCGGTGGCAAAC,CID4067,CAFs,1513
mix_0076_depth25,76,CID4067_TTGCGTCGTCTTCTCG,CID4067,PVL,238
mix_0076_depth25,76,CID4067_TACGGTAAGGCATGGT,CID4067,NK cells,200
mix_0076_depth25,76,CID4067_TACAGTGTCCAGGGCT,CID4067,Cancer Epithelial,766
mix_0076_depth25,76,CID4067_AACCGCGTCGGACAAG,CID4067,Cancer Epithelial,589
mix_0076_depth25,76,CID4067_ATGCGATCATGAGCGA,CID4067,Cancer Epithelial,1791
mix_0076_depth25,76,CID4067_AACTGGTAGTTTCCTT,CID4067,Cancer Epithelial,881
mix_0076_depth25,76,CID4067_ACTGAACGTATGCTTG,CID4067,Cancer Epithelial,1741
mix_0076_depth25,76,CID4067_CGGACGTAGTGCGATG,CID4067,Cancer Epithelial,1667
mix_0076_depth25,76,CID4067_ACACCGGCAATGTAAG,CID4067,Cancer Epithelial,2011
mix_0077_depth100,77,CID4067_CAACCAAGTACCTACA,CID4067,CAFs,3859
mix_0077_depth100,77,CID4067_TGTGTTTAGCGAGAAA,CID4067,PVL,776
mix_0077_depth100,77,CID4067_GCTGCTTAGCTCAACT,CID4067,NK cells,932
mix_0077_depth100,77,CID4067_CTTAGGATCGTCGTTC,CID4067,Cancer Epithelial,1877
mix_0077_depth100,77,CID4067_TCGGTAATCGCATGGC,CID4067,Cancer Epithelial,3503
mix_0077_depth100,77,CID4067_CAGATCAAGATCTGCT,CID4067,Cancer Epithelial,2770
mix_0077_depth100,77,CID4067_TTGTAGGAGTATTGGA,CID4067,Cancer Epithelial,6743
mix_0077_depth100,77,CID4067_CAGTAACAGAGTGAGA,CID4067,Cancer Epithelial,7605
mix_0077_depth100,77,CID4067_TAAGAGATCTTCTGGC,CID4067,Cancer Epithelial,5539
mix_0077_depth100,77,CID4067_CACACAAAGACTGGGT,CID4067,Cancer Epithelial,22256
mix_0077_depth25,77,CID4067_CAACCAAGTACCTACA,CID4067,CAFs,957
mix_0077_depth25,77,CID4067_TGTGTTTAGCGAGAAA,CID4067,PVL,202
mix_0077_depth25,77,CID4067_GCTGCTTAGCTCAACT,CID4067,NK cells,238
mix_0077_depth25,77,CID4067_CTTAGGATCGTCGTTC,CID4067,Cancer Epithelial,467
mix_0077_depth25,77,CID4067_TCGGTAATCGCATGGC,CID4067,Cancer Epithelial,828
mix_0077_depth25,77,CID4067_CAGATCAAGATCTGCT,CID4067,Cancer Epithelial,689
mix_0077_depth25,77,CID4067_TTGTAGGAGTATTGGA,CID4067,Cancer Epithelial,1674
mix_0077_depth25,77,CID4067_CAGTAACAGAGTGAGA,CID4067,Cancer Epithelial,1856
mix_0077_depth25,77,CID4067_TAAGAGATCTTCTGGC,CID4067,Cancer Epithelial,1387
mix_0077_depth25,77,CID4067_CACACAAAGACTGGGT,CID4067,Cancer Epithelial,5632
mix_0078_depth100,78,CID4067_GGACAGACACAGACAG,CID4067,CAFs,7373
mix_0078_depth100,78,CID4067_GTCACGGAGAGCTATA,CID4067,PVL,1161
mix_0078_depth100,78,CID4067_ACCGTAAAGCTGTCTA,CID4067,NKT cells,832
mix_0078_depth100,78,CID4067_TGATTTCGTGGTGTAG,CID4067,Cancer Epithelial,3455
mix_0078_depth100,78,CID4067_ACATGGTTCTGACCTC,CID4067,Cancer Epithelial,6108
mix_0078_depth100,78,CID4067_CGTGAGCAGTCATCCA,CID4067,Cancer Epithelial,14284
mix_0078_depth100,78,CID4067_GATGAGGCATTGTGCA,CID4067,Cancer Epithelial,2382
mix_0078_depth100,78,CID4067_AAACCTGTCAGCTCGG,CID4067,Cancer Epithelial,4853
mix_0078_depth100,78,CID4067_CGATGGCTCCTTTCTC,CID4067,Cancer Epithelial,5458
mix_0078_depth100,78,CID4067_CCTACACTCACCATAG,CID4067,Cancer Epithelial,3278
mix_0078_depth25,78,CID4067_GGACAGACACAGACAG,CID4067,CAFs,1849
mix_0078_depth25,78,CID4067_GTCACGGAGAGCTATA,CID4067,PVL,277
mix_0078_depth25,78,CID4067_ACCGTAAAGCTGTCTA,CID4067,NKT cells,220
mix_0078_depth25,78,CID4067_TGATTTCGTGGTGTAG,CID4067,Cancer Epithelial,886
mix_0078_depth25,78,CID4067_ACATGGTTCTGACCTC,CID4067,Cancer Epithelial,1560
mix_0078_depth25,78,CID4067_CGTGAGCAGTCATCCA,CID4067,Cancer Epithelial,3567
mix_0078_depth25,78,CID4067_GATGAGGCATTGTGCA,CID4067,Cancer Epithelial,557
mix_0078_depth25,78,CID4067_AAACCTGTCAGCTCGG,CID4067,Cancer Epithelial,1159
mix_0078_depth25,78,CID4067_CGATGGCTCCTTTCTC,CID4067,Cancer Epithelial,1400
mix_0078_depth25,78,CID4067_CCTACACTCACCATAG,CID4067,Cancer Epithelial,833
mix_0079_depth100,79,CID4067_CATCGGGAGATCCCAT,CID4067,CAFs,2227
mix_0079_depth100,79,CID4067_TGCACCTAGTTTGCGT,CID4067,PVL,609
mix_0079_depth100,79,CID4067_TTAACTCGTAGCTGCC,CID4067,NKT cells,1098
mix_0079_depth100,79,CID4067_AAGCCGCAGTGGTCCC,CID4067,Cancer Epithelial,3323
mix_0079_depth100,79,CID4067_ACGATGTAGGATCGCA,CID4067,Cancer Epithelial,8519
mix_0079_depth100,79,CID4067_CGAGCACAGTACCGGA,CID4067,Cancer Epithelial,2184
mix_0079_depth100,79,CID4067_GGCTCGATCTGCTGCT,CID4067,Cancer Epithelial,8071
mix_0079_depth100,79,CID4067_TAGAGCTAGATAGGAG,CID4067,Cancer Epithelial,2972
mix_0079_depth100,79,CID4067_ACACCCTCAATGGTCT,CID4067,Cancer Epithelial,1625
mix_0079_depth100,79,CID4067_CTCACACTCTTGCAAG,CID4067,Cancer Epithelial,6161
mix_0079_depth25,79,CID4067_CATCGGGAGATCCCAT,CID4067,CAFs,531
mix_0079_depth25,79,CID4067_TGCACCTAGTTTGCGT,CID4067,PVL,151
mix_0079_depth25,79,CID4067_TTAACTCGTAGCTGCC,CID4067,NKT cells,292
mix_0079_depth25,79,CID4067_AAGCCGCAGTGGTCCC,CID4067,Cancer Epithelial,873
mix_0079_depth25,79,CID4067_ACGATGTAGGATCGCA,CID4067,Cancer Epithelial,2115
mix_0079_depth25,79,CID4067_CGAGCACAGTACCGGA,CID4067,Cancer Epithelial,529
mix_0079_depth25,79,CID4067_GGCTCGATCTGCTGCT,CID4067,Cancer Epithelial,2006
mix_0079_depth25,79,CID4067_TAGAGCTAGATAGGAG,CID4067,Cancer Epithelial,750
mix_0079_depth25,79,CID4067_ACACCCTCAATGGTCT,CID4067,Cancer Epithelial,434
mix_0079_depth25,79,CID4067_CTCACACTCTTGCAAG,CID4067,Cancer Epithelial,1519
mix_0080_depth100,80,CID4067_CCTTACGGTCTGGTCG,CID4067,CAFs,2493
mix_0080_depth100,80,CID4067_CGGACTGTCTCCAACC,CID4067,PVL,1993
mix_0080_depth100,80,CID4067_CATTCGCAGAAAGTGG,CID4067,NKT cells,1415
mix_0080_depth100,80,CID4067_GGCGTGTGTTGATTGC,CID4067,Cancer Epithelial,4199
mix_0080_depth100,80,CID4067_GAACATCAGCACCGCT,CID4067,Cancer Epithelial,22089
mix_0080_depth100,80,CID4067_CAGTAACTCGTTGCCT,CID4067,Cancer Epithelial,5566
mix_0080_depth100,80,CID4067_TTTCCTCCAGATCTGT,CID4067,Cancer Epithelial,3682
mix_0080_depth100,80,CID4067_GTATTCTGTTCAGACT,CID4067,Cancer Epithelial,5167
mix_0080_depth100,80,CID4067_TGACAACTCGGCGCAT,CID4067,Cancer Epithelial,2252
mix_0080_depth100,80,CID4067_TGTATTCGTGTAATGA,CID4067,Cancer Epithelial,4891
mix_0080_depth25,80,CID4067_CCTTACGGTCTGGTCG,CID4067,CAFs,596
mix_0080_depth25,80,CID4067_CGGACTGTCTCCAACC,CID4067,PVL,474
mix_0080_depth25,80,CID4067_CATTCGCAGAAAGTGG,CID4067,NKT cells,335
mix_0080_depth25,80,CID4067_GGCGTGTGTTGATTGC,CID4067,Cancer Epithelial,1041
mix_0080_depth25,80,CID4067_GAACATCAGCACCGCT,CID4067,Cancer Epithelial,5556
mix_0080_depth25,80,CID4067_CAGTAACTCGTTGCCT,CID4067,Cancer Epithelial,1375
mix_0080_depth25,80,CID4067_TTTCCTCCAGATCTGT,CID4067,Cancer Epithelial,947
mix_0080_depth25,80,CID4067_GTATTCTGTTCAGACT,CID4067,Cancer Epithelial,1327
mix_0080_depth25,80,CID4067_TGACAACTCGGCGCAT,CID4067,Cancer Epithelial,546
mix_0080_depth25,80,CID4067_TGTATTCGTGTAATGA,CID4067,Cancer Epithelial,1181
mix_0081_depth100,81,CID4067_GTAGTCAAGTGCAAGC,CID4067,CAFs,9828
mix_0081_depth100,81,CID4067_TGCTGCTGTGACTACT,CID4067,PVL,302
mix_0081_depth100,81,CID4067_TACACGAAGAACTCGG,CID4067,Cycling T-cells,4788
mix_0081_depth100,81,CID4067_GTACTTTGTCTTTCAT,CID4067,Cancer Epithelial,8764
mix_0081_depth100,81,CID4067_GCGCAACCACGTCAGC,CID4067,Cancer Epithelial,5133
mix_0081_depth100,81,CID4067_GTTAAGCTCCGTAGGC,CID4067,Cancer Epithelial,4673
mix_0081_depth100,81,CID4067_TGACTTTTCACGGTTA,CID4067,Cancer Epithelial,2869
mix_0081_depth100,81,CID4067_TCTTTCCCAGGCGATA,CID4067,Cancer Epithelial,2163
mix_0081_depth100,81,CID4067_CGGACACCACCCAGTG,CID4067,Cancer Epithelial,7344
mix_0081_depth100,81,CID4067_GCTCCTAGTCCAGTAT,CID4067,Cancer Epithelial,4812
mix_0081_depth25,81,CID4067_GTAGTCAAGTGCAAGC,CID4067,CAFs,2511
mix_0081_depth25,81,CID4067_TGCTGCTGTGACTACT,CID4067,PVL,75
mix_0081_depth25,81,CID4067_TACACGAAGAACTCGG,CID4067,Cycling T-cells,1203
mix_0081_depth25,81,CID4067_GTACTTTGTCTTTCAT,CID4067,Cancer Epithelial,2249
mix_0081_depth25,81,CID4067_GCGCAACCACGTCAGC,CID4067,Cancer Epithelial,1308
mix_0081_depth25,81,CID4067_GTTAAGCTCCGTAGGC,CID4067,Cancer Epithelial,1171
mix_0081_depth25,81,CID4067_TGACTTTTCACGGTTA,CID4067,Cancer Epithelial,725
mix_0081_depth25,81,CID4067_TCTTTCCCAGGCGATA,CID4067,Cancer Epithelial,532
mix_0081_depth25,81,CID4067_CGGACACCACCCAGTG,CID4067,Cancer Epithelial,1875
mix_0081_depth25,81,CID4067_GCTCCTAGTCCAGTAT,CID4067,Cancer Epithelial,1205
mix_0082_depth100,82,CID4067_GTCATTTTCCTTTCTC,CID4067,CAFs,3670
mix_0082_depth100,82,CID4067_GTTCGGGGTGAGTGAC,CID4067,PVL,2088
mix_0082_depth100,82,CID4067_TCTGAGACAATCAGAA,CID4067,Cycling T-cells,3011
mix_0082_depth100,82,CID4067_CTTAACTTCGTCCAGG,CID4067,Cancer Epithelial,4718
mix_0082_depth100,82,CID4067_GAGGTGACATCCTTGC,CID4067,Cancer Epithelial,3340
mix_0082_depth100,82,CID4067_TCGAGGCCATATGCTG,CID4067,Cancer Epithelial,3008
mix_0082_depth100,82,CID4067_ACTTACTTCCCTTGTG,CID4067,Cancer Epithelial,2992
mix_0082_depth100,82,CID4067_TGCCAAAGTACTTCTT,CID4067,Cancer Epithelial,1706
mix_0082_depth100,82,CID4067_GATGCTAAGAGCCCAA,CID4067,Cancer Epithelial,5497
mix_0082_depth100,82,CID4067_GGCTCGAAGTATCGAA,CID4067,Cancer Epithelial,2145
mix_0082_depth25,82,CID4067_GTCATTTTCCTTTCTC,CID4067,CAFs,955
mix_0082_depth25,82,CID4067_GTTCGGGGTGAGTGAC,CID4067,PVL,522
mix_0082_depth25,82,CID4067_TCTGAGACAATCAGAA,CID4067,Cycling T-cells,766
mix_0082_depth25,82,CID4067_CTTAACTTCGTCCAGG,CID4067,Cancer Epithelial,1180
mix_0082_depth25,82,CID4067_GAGGTGACATCCTTGC,CID4067,Cancer Epithelial,844
mix_0082_depth25,82,CID4067_TCGAGGCCATATGCTG,CID4067,Cancer Epithelial,756
mix_0082_depth25,82,CID4067_ACTTACTTCCCTTGTG,CID4067,Cancer Epithelial,752
mix_0082_depth25,82,CID4067_TGCCAAAGTACTTCTT,CID4067,Cancer Epithelial,429
mix_0082_depth25,82,CID4067_GATGCTAAGAGCCCAA,CID4067,Cancer Epithelial,1338
mix_0082_depth25,82,CID4067_GGCTCGAAGTATCGAA,CID4067,Cancer Epithelial,519
mix_0083_depth100,83,CID4067_ATTGGACCAGCTGTTA,CID4067,CAFs,3975
mix_0083_depth100,83,CID4067_TGCTGCTGTGACTACT,CID4067,PVL,302
mix_0083_depth100,83,CID4067_CCACGGACAGAGTGTG,CID4067,Cycling T-cells,901
mix_0083_depth100,83,CID4067_CGAACATTCAGTTTGG,CID4067,Cancer Epithelial,4729
mix_0083_depth100,83,CID4067_GTCCTCAGTCTCTCTG,CID4067,Cancer Epithelial,3802
mix_0083_depth100,83,CID4067_GGGACCTAGCAAATCA,CID4067,Cancer Epithelial,9673
mix_0083_depth100,83,CID4067_CTCGTCACAGGTTTCA,CID4067,Cancer Epithelial,1489
mix_0083_depth100,83,CID4067_TGCCAAAAGACGCAAC,CID4067,Cancer Epithelial,4816
mix_0083_depth100,83,CID4067_ACCTTTACATTGTGCA,CID4067,Cancer Epithelial,7179
mix_0083_depth100,83,CID4067_GGATGTTAGCCACGTC,CID4067,Cancer Epithelial,1774
mix_0083_depth25,83,CID4067_ATTGGACCAGCTGTTA,CID4067,CAFs,970
mix_0083_depth25,83,CID4067_TGCTGCTGTGACTACT,CID4067,PVL,87
mix_0083_depth25,83,CID4067_CCACGGACAGAGTGTG,CID4067,Cycling T-cells,229
mix_0083_depth25,83,CID4067_CGAACATTCAGTTTGG,CID4067,Cancer Epithelial,1183
mix_0083_depth25,83,CID4067_GTCCTCAGTCTCTCTG,CID4067,Cancer Epithelial,984
mix_0083_depth25,83,CID4067_GGGACCTAGCAAATCA,CID4067,Cancer Epithelial,2439
mix_0083_depth25,83,CID4067_CTCGTCACAGGTTTCA,CID4067,Cancer Epithelial,340
mix_0083_depth25,83,CID4067_TGCCAAAAGACGCAAC,CID4067,Cancer Epithelial,1192
mix_0083_depth25,83,CID4067_ACCTTTACATTGTGCA,CID4067,Cancer Epithelial,1788
mix_0083_depth25,83,CID4067_GGATGTTAGCCACGTC,CID4067,Cancer Epithelial,458
mix_0084_depth100,84,CID4067_AACGTTGTCGCCAGCA,CID4067,CAFs,10592
mix_0084_depth100,84,CID4067_CGGACGTCAGGTGCCT,CID4067,T cells CD8+,583
mix_0084_depth100,84,CID4067_GAATAAGAGTGAACGC,CID4067,PVL,1432
mix_0084_depth100,84,CID4067_TGAGGGAAGAACAACT,CID4067,T cells CD4+,1041
mix_0084_depth100,84,CID4067_AGCTCCTGTCAAACTC,CID4067,Cancer Epithelial,6667
mix_0084_depth100,84,CID4067_ACTGAGTTCCAAATGC,CID4067,Cancer Epithelial,6765
mix_0084_depth100,84,CID4067_GTAGTCAAGATATGCA,CID4067,Cancer Epithelial,9470
mix_0084_depth100,84,CID4067_GGAATAAGTGCAACTT,CID4067,Cancer Epithelial,8726
mix_0084_depth100,84,CID4067_GCCAAATGTGATAAGT,CID4067,Cancer Epithelial,2592
mix_0084_depth100,84,CID4067_CCTTCGAAGCATCATC,CID4067,Cancer Epithelial,10133
mix_0084_depth25,84,CID4067_AACGTTGTCGCCAGCA,CID4067,CAFs,2666
mix_0084_depth25,84,CID4067_CGGACGTCAGGTGCCT,CID4067,T cells CD8+,127
mix_0084_depth25,84,CID4067_GAATAAGAGTGAACGC,CID4067,PVL,385
mix_0084_depth25,84,CID4067_TGAGGGAAGAACAACT,CID4067,T cells CD4+,269
mix_0084_depth25,84,CID4067_AGCTCCTGTCAAACTC,CID4067,Cancer Epithelial,1581
mix_0084_depth25,84,CID4067_ACTGAGTTCCAAATGC,CID4067,Cancer Epithelial,1705
mix_0084_depth25,84,CID4067_GTAGTCAAGATATGCA,CID4067,Cancer Epithelial,2386
mix_0084_depth25,84,CID4067_GGAATAAGTGCAACTT,CID4067,Cancer Epithelial,2192
mix_0084_depth25,84,CID4067_GCCAAATGTGATAAGT,CID4067,Cancer Epithelial,646
mix_0084_depth25,84,CID4067_CCTTCGAAGCATCATC,CID4067,Cancer Epithelial,2522
mix_0085_depth100,85,CID4067_CTCGTACAGTCGTTTG,CID4067,CAFs,867
mix_0085_depth100,85,CID4067_CGATTGAGTGGTGTAG,CID4067,T cells CD8+,1129
mix_0085_depth100,85,CID4067_GTACTTTTCGCCAAAT,CID4067,PVL,1206
mix_0085_depth100,85,CID4067_GTCCTCACAACACCCG,CID4067,T cells CD4+,1204
mix_0085_depth100,85,CID4067_TCATTACAGCGTTGCC,CID4067,Cancer Epithelial,5217
mix_0085_depth100,85,CID4067_GGCTGGTTCTTGTATC,CID4067,Cancer Epithelial,1880
mix_0085_depth100,85,CID4067_ACTGATGAGCTGGAAC,CID4067,Cancer Epithelial,3927
mix_0085_depth100,85,CID4067_GATGCTATCTACGAGT,CID4067,Cancer Epithelial,6112
mix_0085_depth100,85,CID4067_AGCGGTCTCTAACCGA,CID4067,Cancer Epithelial,2977
mix_0085_depth100,85,CID4067_TCATTTGAGCTTTGGT,CID4067,Cancer Epithelial,2277
mix_0085_depth25,85,CID4067_CTCGTACAGTCGTTTG,CID4067,CAFs,212
mix_0085_depth25,85,CID4067_CGATTGAGTGGTGTAG,CID4067,T cells CD8+,285
mix_0085_depth25,85,CID4067_GTACTTTTCGCCAAAT,CID4067,PVL,314
mix_0085_depth25,85,CID4067_GTCCTCACAACACCCG,CID4067,T cells CD4+,294
mix_0085_depth25,85,CID4067_TCATTACAGCGTTGCC,CID4067,Cancer Epithelial,1331
mix_0085_depth25,85,CID4067_GGCTGGTTCTTGTATC,CID4067,Cancer Epithelial,438
mix_0085_depth25,85,CID4067_ACTGATGAGCTGGAAC,CID4067,Cancer Epithelial,976
mix_0085_depth25,85,CID4067_GATGCTATCTACGAGT,CID4067,Cancer Epithelial,1485
mix_0085_depth25,85,CID4067_AGCGGTCTCTAACCGA,CID4067,Cancer Epithelial,703
mix_0085_depth25,85,CID4067_TCATTTGAGCTTTGGT,CID4067,Cancer Epithelial,567
mix_0086_depth100,86,CID4067_CTGCCTAAGTCAAGCG,CID4067,CAFs,599
mix_0086_depth100,86,CID4067_GCGAGAACAATGGATA,CID4067,T cells CD8+,844
mix_0086_depth100,86,CID4067_CTGCTGTAGCTCCTTC,CID4067,PVL,2379
mix_0086_depth100,86,CID4067_CAGTCCTCACGCTTTC,CID4067,T cells CD4+,879
mix_0086_depth100,86,CID4067_TAGTGGTAGTGCGTGA,CID4067,Cancer Epithelial,14118
mix_0086_depth100,86,CID4067_GCAGCCAGTTATGTGC,CID4067,Cancer Epithelial,6270
mix_0086_depth100,86,CID4067_CTCACACAGAAACGCC,CID4067,Cancer Epithelial,1369
mix_0086_depth100,86,CID4067_ACGGAGAGTTAAGGGC,CID4067,Cancer Epithelial,8384
mix_0086_depth100,86,CID4067_CCTCTGACATAAAGGT,CID4067,Cancer Epithelial,2023
mix_0086_depth100,86,CID4067_TTCTCAAGTACTCTCC,CID4067,Cancer Epithelial,2622
mix_0086_depth25,86,CID4067_CTGCCTAAGTCAAGCG,CID4067,CAFs,141
mix_0086_depth25,86,CID4067_GCGAGAACAATGGATA,CID4067,T cells CD8+,217
mix_0086_depth25,86,CID4067_CTGCTGTAGCTCCTTC,CID4067,PVL,581
mix_0086_depth25,86,CID4067_CAGTCCTCACGCTTTC,CID4067,T cells CD4+,219
mix_0086_depth25,86,CID4067_TAGTGGTAGTGCGTGA,CID4067,Cancer Epithelial,3444
mix_0086_depth25,86,CID4067_GCAGCCAGTTATGTGC,CID4067,Cancer Epithelial,1523
mix_0086_depth25,86,CID4067_CTCACACAGAAACGCC,CID4067,Cancer Epithelial,349
mix_0086_depth25,86,CID4067_ACGGAGAGTTAAGGGC,CID4067,Cancer Epithelial,2118
mix_0086_depth25,86,CID4067_CCTCTGACATAAAGGT,CID4067,Cancer Epithelial,495
mix_0086_depth25,86,CID4067_TTCTCAAGTACTCTCC,CID4067,Cancer Epithelial,638
mix_0087_depth100,87,CID4067_TGGCGCAGTTCGAATC,CID4067,CAFs,11914
mix_0087_depth100,87,CID4067_CATGACACAAGGTTTC,CID4067,T cells CD8+,1173
mix_0087_depth100,87,CID4067_TTGAACGAGGCTCTTA,CID4067,PVL,3900
mix_0087_depth100,87,CID4067_ACCGTAATCACTTACT,CID4067,Myeloid,1691
mix_0087_depth100,87,CID4067_GACTGCGGTGCACCAC,CID4067,Cancer Epithelial,2560
mix_0087_depth100,87,CID4067_AAACCTGTCAAGAAGT,CID4067,Cancer Epithelial,5048
mix_0087_depth100,87,CID4067_GAAATGAAGTTACCCA,CID4067,Cancer Epithelial,6118
mix_0087_depth100,87,CID4067_CTGCTGTGTATTAGCC,CID4067,Cancer Epithelial,1799
mix_0087_depth100,87,CID4067_CATCGGGCAGTAAGCG,CID4067,Cancer Epithelial,2530
mix_0087_depth100,87,CID4067_TGTATTCGTGTAATGA,CID4067,Cancer Epithelial,4891
mix_0087_depth25,87,CID4067_TGGCGCAGTTCGAATC,CID4067,CAFs,3013
mix_0087_depth25,87,CID4067_CATGACACAAGGTTTC,CID4067,T cells CD8+,309
mix_0087_depth25,87,CID4067_TTGAACGAGGCTCTTA,CID4067,PVL,1012
mix_0087_depth25,87,CID4067_ACCGTAATCACTTACT,CID4067,Myeloid,437
mix_0087_depth25,87,CID4067_GACTGCGGTGCACCAC,CID4067,Cancer Epithelial,609
mix_0087_depth25,87,CID4067_AAACCTGTCAAGAAGT,CID4067,Cancer Epithelial,1236
mix_0087_depth25,87,CID4067_GAAATGAAGTTACCCA,CID4067,Cancer Epithelial,1505
mix_0087_depth25,87,CID4067_CTGCTGTGTATTAGCC,CID4067,Cancer Epithelial,465
mix_0087_depth25,87,CID4067_CATCGGGCAGTAAGCG,CID4067,Cancer Epithelial,622
mix_0087_depth25,87,CID4067_TGTATTCGTGTAATGA,CID4067,Cancer Epithelial,1188
mix_0088_depth100,88,CID4067_TATGCCCAGGATATAC,CID4067,CAFs,4187
mix_0088_depth100,88,CID4067_TTCTTAGGTGGCAAAC,CID4067,T cells CD8+,719
mix_0088_depth100,88,CID4067_CGGACTGTCTCCAACC,CID4067,PVL,1993
mix_0088_depth100,88,CID4067_CGATTGAGTCGCGAAA,CID4067,Myeloid,4580
mix_0088_depth100,88,CID4067_AGATTGCCAATCTGCA,CID4067,Cancer Epithelial,4223
mix_0088_depth100,88,CID4067_GTTACAGTCGCCCTTA,CID4067,Cancer Epithelial,2920
mix_0088_depth100,88,CID4067_GTCTCGTAGTTATCGC,CID4067,Cancer Epithelial,5433
mix_0088_depth100,88,CID4067_CATCAGAAGAATGTTG,CID4067,Cancer Epithelial,4959
mix_0088_depth100,88,CID4067_CCTTTCTCAGCGTAAG,CID4067,Cancer Epithelial,4037
mix_0088_depth100,88,CID4067_GTGCATAAGGACAGAA,CID4067,Cancer Epithelial,11734
mix_0088_depth25,88,CID4067_TATGCCCAGGATATAC,CID4067,CAFs,1094
mix_0088_depth25,88,CID4067_TTCTTAGGTGGCAAAC,CID4067,T cells CD8+,177
mix_0088_depth25,88,CID4067_CGGACTGTCTCCAACC,CID4067,PVL,448
mix_0088_depth25,88,CID4067_CGATTGAGTCGCGAAA,CID4067,Myeloid,1153
mix_0088_depth25,88,CID4067_AGATTGCCAATCTGCA,CID4067,Cancer Epithelial,1054
mix_0088_depth25,88,CID4067_GTTACAGTCGCCCTTA,CID4067,Cancer Epithelial,740
mix_0088_depth25,88,CID4067_GTCTCGTAGTTATCGC,CID4067,Cancer Epithelial,1354
mix_0088_depth25,88,CID4067_CATCAGAAGAATGTTG,CID4067,Cancer Epithelial,1212
mix_0088_depth25,88,CID4067_CCTTTCTCAGCGTAAG,CID4067,Cancer Epithelial,1030
mix_0088_depth25,88,CID4067_GTGCATAAGGACAGAA,CID4067,Cancer Epithelial,3007
mix_0089_depth100,89,CID4067_GATCTAGCATCCGCGA,CID4067,CAFs,5365
mix_0089_depth100,89,CID4067_AGGCCGTTCAGGATCT,CID4067,T cells CD8+,884
mix_0089_depth100,89,CID4067_GTGGGTCCACAGGCCT,CID4067,PVL,1796
mix_0089_depth100,89,CID4067_GTACTCCAGACCTTTG,CID4067,Myeloid,2999
mix_0089_depth100,89,CID4067_GGGAATGCATCCCATC,CID4067,Cancer Epithelial,6751
mix_0089_depth100,89,CID4067_GGACAAGGTTTGGGCC,CID4067,Cancer Epithelial,4170
mix_0089_depth100,89,CID4067_ATAAGAGTCAAAGTAG,CID4067,Cancer Epithelial,9539
mix_0089_depth100,89,CID4067_GCACATACACGAAGCA,CID4067,Cancer Epithelial,3139
mix_0089_depth100,89,CID4067_GAGGTGACATCCTTGC,CID4067,Cancer Epithelial,3340
mix_0089_depth100,89,CID4067_AACCATGCAGTCCTTC,CID4067,Cancer Epithelial,1953
mix_0089_depth25,89,CID4067_GATCTAGCATCCGCGA,CID4067,CAFs,1309
mix_0089_depth25,89,CID4067_AGGCCGTTCAGGATCT,CID4067,T cells CD8+,220
mix_0089_depth25,89,CID4067_GTGGGTCCACAGGCCT,CID4067,PVL,483
mix_0089_depth25,89,CID4067_GTACTCCAGACCTTTG,CID4067,Myeloid,722
mix_0089_depth25,89,CID4067_GGGAATGCATCCCATC,CID4067,Cancer Epithelial,1652
mix_0089_depth25,89,CID4067_GGACAAGGTTTGGGCC,CID4067,Cancer Epithelial,1008
mix_0089_depth25,89,CID4067_ATAAGAGTCAAAGTAG,CID4067,Cancer Epithelial,2403
mix_0089_depth25,89,CID4067_GCACATACACGAAGCA,CID4067,Cancer Epithelial,770
mix_0089_depth25,89,CID4067_GAGGTGACATCCTTGC,CID4067,Cancer Epithelial,816
mix_0089_depth25,89,CID4067_AACCATGCAGTCCTTC,CID4067,Cancer Epithelial,487
mix_0090_depth100,90,CID4067_CGCTGGAAGATGCGAC,CID4067,CAFs,6132
mix_0090_depth100,90,CID4067_GATCAGTGTCGACTGC,CID4067,T cells CD8+,1002
mix_0090_depth100,90,CID4067_GGTGAAGCATGGTCTA,CID4067,PVL,5077
mix_0090_depth100,90,CID4067_CTGTGCTCACGAGAGT,CID4067,Endothelial,296
mix_0090_depth100,90,CID4067_TGAGCATTCAGTGCAT,CID4067,Cancer Epithelial,2842
mix_0090_depth100,90,CID4067_CAGCAGCGTCCCGACA,CID4067,Cancer Epithelial,6668
mix_0090_depth100,90,CID4067_ACATCAGCATACTCTT,CID4067,Cancer Epithelial,4601
mix_0090_depth100,90,CID4067_AGATTGCTCCCGACTT,CID4067,Cancer Epithelial,5133
mix_0090_depth100,90,CID4067_GCAAACTCATTGTGCA,CID4067,Cancer Epithelial,5528
mix_0090_depth100,90,CID4067_GGATTACCAAGTTAAG,CID4067,Cancer Epithelial,6445
mix_0090_depth25,90,CID4067_CGCTGGAAGATGCGAC,CID4067,CAFs,1542
mix_0090_depth25,90,CID4067_GATCAGTGTCGACTGC,CID4067,T cells CD8+,255
mix_0090_depth25,90,CID4067_GGTGAAGCATGGTCTA,CID4067,PVL,1256
mix_0090_depth25,90,CID4067_CTGTGCTCACGAGAGT,CID4067,Endothelial,70
mix_0090_depth25,90,CID4067_TGAGCATTCAGTGCAT,CID4067,Cancer Epithelial,716
mix_0090_depth25,90,CID4067_CAGCAGCGTCCCGACA,CID4067,Cancer Epithelial,1672
mix_0090_depth25,90,CID4067_ACATCAGCATACTCTT,CID4067,Cancer Epithelial,1111
mix_0090_depth25,90,CID4067_AGATTGCTCCCGACTT,CID4067,Cancer Epithelial,1302
mix_0090_depth25,90,CID4067_GCAAACTCATTGTGCA,CID4067,Cancer Epithelial,1388
mix_0090_depth25,90,CID4067_GGATTACCAAGTTAAG,CID4067,Cancer Epithelial,1599
mix_0091_depth100,91,CID4067_CATCAGACAAGTACCT,CID4067,CAFs,5697
mix_0091_depth100,91,CID4067_ACGATGTGTGAGTATA,CID4067,T cells CD8+,983
mix_0091_depth100,91,CID4067_CTGCGGATCTCGATGA,CID4067,PVL,4043
mix_0091_depth100,91,CID4067_CAAGAAAGTATAAACG,CID4067,Endothelial,2409
mix_0091_depth100,91,CID4067_CACATTTGTACCGTTA,CID4067,Cancer Epithelial,1659
mix_0091_depth100,91,CID4067_TATCAGGGTATAGTAG,CID4067,Cancer Epithelial,5652
mix_0091_depth100,91,CID4067_GCAAACTAGTGGTCCC,CID4067,Cancer Epithelial,1601
mix_0091_depth100,91,CID4067_CGTCCATGTGTGTGCC,CID4067,Cancer Epithelial,2772
mix_0091_depth100,91,CID4067_TGCCAAAGTACTTCTT,CID4067,Cancer Epithelial,1706
mix_0091_depth100,91,CID4067_AGTGGGAAGGAGTACC,CID4067,Cancer Epithelial,4713
mix_0091_depth25,91,CID4067_CATCAGACAAGTACCT,CID4067,CAFs,1427
mix_0091_depth25,91,CID4067_ACGATGTGTGAGTATA,CID4067,T cells CD8+,229
mix_0091_depth25,91,CID4067_CTGCGGATCTCGATGA,CID4067,PVL,995
mix_0091_depth25,91,CID4067_CAAGAAAGTATAAACG,CID4067,Endothelial,624
mix_0091_depth25,91,CID4067_CACATTTGTACCGTTA,CID4067,Cancer Epithelial,406
mix_0091_depth25,91,CID4067_TATCAGGGTATAGTAG,CID4067,Cancer Epithelial,1387
mix_0091_depth25,91,CID4067_GCAAACTAGTGGTCCC,CID4067,Cancer Epithelial,392
mix_0091_depth25,91,CID4067_CGTCCATGTGTGTGCC,CID4067,Cancer Epithelial,713
mix_0091_depth25,91,CID4067_TGCCAAAGTACTTCTT,CID4067,Cancer Epithelial,441
mix_0091_depth25,91,CID4067_AGTGGGAAGGAGTACC,CID4067,Cancer Epithelial,1194
mix_0092_depth100,92,CID4067_CTAAGACAGACGACGT,CID4067,CAFs,7021
mix_0092_depth100,92,CID4067_GCATGTACATAGAAAC,CID4067,T cells CD8+,1280
mix_0092_depth100,92,CID4067_GAGTCCGAGATGTCGG,CID4067,PVL,1307
mix_0092_depth100,92,CID4067_TGGGCGTTCACTCCTG,CID4067,Endothelial,948
mix_0092_depth100,92,CID4067_TTAGGCATCTAGAGTC,CID4067,Cancer Epithelial,3861
mix_0092_depth100,92,CID4067_TACTCATTCTCAACTT,CID4067,Cancer Epithelial,12129
mix_0092_depth100,92,CID4067_GTACGTAGTACTTGAC,CID4067,Cancer Epithelial,6754
mix_0092_depth100,92,CID4067_GACTACATCGTACCGG,CID4067,Cancer Epithelial,3394
mix_0092_depth100,92,CID4067_ATGTGTGGTAAGAGAG,CID4067,Cancer Epithelial,7369
mix_0092_depth100,92,CID4067_TATTACCTCTGTTGAG,CID4067,Cancer Epithelial,2039
mix_0092_depth25,92,CID4067_CTAAGACAGACGACGT,CID4067,CAFs,1835
mix_0092_depth25,92,CID4067_GCATGTACATAGAAAC,CID4067,T cells CD8+,319
mix_0092_depth25,92,CID4067_GAGTCCGAGATGTCGG,CID4067,PVL,313
mix_0092_depth25,92,CID4067_TGGGCGTTCACTCCTG,CID4067,Endothelial,209
mix_0092_depth25,92,CID4067_TTAGGCATCTAGAGTC,CID4067,Cancer Epithelial,997
mix_0092_depth25,92,CID4067_TACTCATTCTCAACTT,CID4067,Cancer Epithelial,3039
mix_0092_depth25,92,CID4067_GTACGTAGTACTTGAC,CID4067,Cancer Epithelial,1766
mix_0092_depth25,92,CID4067_GACTACATCGTACCGG,CID4067,Cancer Epithelial,869
mix_0092_depth25,92,CID4067_ATGTGTGGTAAGAGAG,CID4067,Cancer Epithelial,1884
mix_0092_depth25,92,CID4067_TATTACCTCTGTTGAG,CID4067,Cancer Epithelial,496
mix_0093_depth100,93,CID4067_GTAACGTAGCCAGTAG,CID4067,CAFs,2385
mix_0093_depth100,93,CID4067_GGGAATGCAGCCTTGG,CID4067,T cells CD8+,719
mix_0093_depth100,93,CID4067_TGGCTGGAGGCCCTCA,CID4067,PVL,5321
mix_0093_depth100,93,CID4067_CGATGGCCATGGGAAC,CID4067,B-cells,2199
mix_0093_depth100,93,CID4067_ATCACGAAGCGTGTCC,CID4067,Cancer Epithelial,4611
mix_0093_depth100,93,CID4067_CTTACCGCAGATGGGT,CID4067,Cancer Epithelial,3511
mix_0093_depth100,93,CID4067_GGACAGATCCTCAACC,CID4067,Cancer Epithelial,7901
mix_0093_depth100,93,CID4067_GACTAACCATTATCTC,CID4067,Cancer Epithelial,3650
mix_0093_depth100,93,CID4067_ACATCAGAGGCGTACA,CID4067,Cancer Epithelial,2946
mix_0093_depth100,93,CID4067_CACAAACCAGCCTTGG,CID4067,Cancer Epithelial,4018
mix_0093_depth25,93,CID4067_GTAACGTAGCCAGTAG,CID4067,CAFs,587
mix_0093_depth25,93,CID4067_GGGAATGCAGCCTTGG,CID4067,T cells CD8+,179
mix_0093_depth25,93,CID4067_TGGCTGGAGGCCCTCA,CID4067,PVL,1326
mix_0093_depth25,93,CID4067_CGATGGCCATGGGAAC,CID4067,B-cells,559
mix_0093_depth25,93,CID4067_ATCACGAAGCGTGTCC,CID4067,Cancer Epithelial,1195
mix_0093_depth25,93,CID4067_CTTACCGCAGATGGGT,CID4067,Cancer Epithelial,921
mix_0093_depth25,93,CID4067_GGACAGATCCTCAACC,CID4067,Cancer Epithelial,1925
mix_0093_depth25,93,CID4067_GACTAACCATTATCTC,CID4067,Cancer Epithelial,925
mix_0093_depth25,93,CID4067_ACATCAGAGGCGTACA,CID4067,Cancer Epithelial,736
mix_0093_depth25,93,CID4067_CACAAACCAGCCTTGG,CID4067,Cancer Epithelial,1045
mix_0094_depth100,94,CID4067_CGTTGGGAGTTACCCA,CID4067,CAFs,2632
mix_0094_depth100,94,CID4067_TACTTACAGGGTTTCT,CID4067,T cells CD8+,982
mix_0094_depth100,94,CID4067_CGGACTGCAGGATTGG,CID4067,PVL,1242
mix_0094_depth100,94,CID4067_CCAGCGATCATCTGTT,CID4067,B-cells,982
mix_0094_depth100,94,CID4067_CTCTGGTGTCCAGTGC,CID4067,Cancer Epithelial,6032
mix_0094_depth100,94,CID4067_CTAGCCTAGCACACAG,CID4067,Cancer Epithelial,9782
mix_0094_depth100,94,CID4067_ATCTGCCGTAGGAGTC,CID4067,Cancer Epithelial,7597
mix_0094_depth100,94,CID4067_CGACTTCGTTCGGGCT,CID4067,Cancer Epithelial,3507
mix_0094_depth100,94,CID4067_ATTTCTGCAATAACGA,CID4067,Cancer Epithelial,3047
mix_0094_depth100,94,CID4067_TGCGCAGGTTACTGAC,CID4067,Cancer Epithelial,4347
mix_0094_depth25,94,CID4067_CGTTGGGAGTTACCCA,CID4067,CAFs,634
mix_0094_depth25,94,CID4067_TACTTACAGGGTTTCT,CID4067,T cells CD8+,274
mix_0094_depth25,94,CID4067_CGGACTGCAGGATTGG,CID4067,PVL,293
mix_0094_depth25,94,CID4067_CCAGCGATCATCTGTT,CID4067,B-cells,226
mix_0094_depth25,94,CID4067_CTCTGGTGTCCAGTGC,CID4067,Cancer Epithelial,1518
mix_0094_depth25,94,CID4067_CTAGCCTAGCACACAG,CID4067,Cancer Epithelial,2388
mix_0094_depth25,94,CID4067_ATCTGCCGTAGGAGTC,CID4067,Cancer Epithelial,1880
mix_0094_depth25,94,CID4067_CGACTTCGTTCGGGCT,CID4067,Cancer Epithelial,870
mix_0094_depth25,94,CID4067_ATTTCTGCAATAACGA,CID4067,Cancer Epithelial,725
mix_0094_depth25,94,CID4067_TGCGCAGGTTACTGAC,CID4067,Cancer Epithelial,1077
mix_0095_depth100,95,CID4067_CGTCACTAGGCGACAT,CID4067,CAFs,7907
mix_0095_depth100,95,CID4067_CTGTGCTAGGAGTTGC,CID4067,T cells CD8+,841
mix_0095_depth100,95,CID4067_AGAGTGGGTACTTAGC,CID4067,PVL,2105
mix_0095_depth100,95,CID4067_TGCACCTTCAGGATCT,CID4067,B-cells,468
mix_0095_depth100,95,CID4067_GGCCGATAGGAGCGAG,CID4067,Cancer Epithelial,5292
mix_0095_depth100,95,CID4067_AAACGGGTCCAGTATG,CID4067,Cancer Epithelial,2723
mix_0095_depth100,95,CID4067_TAGGCATCAAGGTTCT,CID4067,Cancer Epithelial,5642
mix_0095_depth100,95,CID4067_CGCTGGATCCGGCACA,CID4067,Cancer Epithelial,6298
mix_0095_depth100,95,CID4067_TACTTGTTCTCTGTCG,CID4067,Cancer Epithelial,2124
mix_0095_depth100,95,CID4067_GCAAACTAGCGATATA,CID4067,Cancer Epithelial,5708
mix_0095_depth25,95,CID4067_CGTCACTAGGCGACAT,CID4067,CAFs,1990
mix_0095_depth25,95,CID4067_CTGTGCTAGGAGTTGC,CID4067,T cells CD8+,224
mix_0095_depth25,95,CID4067_AGAGTGGGTACTTAGC,CID4067,PVL,549
mix_0095_depth25,95,CID4067_TGCACCTTCAGGATCT,CID4067,B-cells,108
mix_0095_depth25,95,CID4067_GGCCGATAGGAGCGAG,CID4067,Cancer Epithelial,1317
mix_0095_depth25,95,CID4067_AAACGGGTCCAGTATG,CID4067,Cancer Epithelial,715
mix_0095_depth25,95,CID4067_TAGGCATCAAGGTTCT,CID4067,Cancer Epithelial,1415
mix_0095_depth25,95,CID4067_CGCTGGATCCGGCACA,CID4067,Cancer Epithelial,1637
mix_0095_depth25,95,CID4067_TACTTGTTCTCTGTCG,CID4067,Cancer Epithelial,492
mix_0095_depth25,95,CID4067_GCAAACTAGCGATATA,CID4067,Cancer Epithelial,1457
mix_0096_depth100,96,CID4067_AGAGCGACATGCAATC,CID4067,CAFs,1298
mix_0096_depth100,96,CID4067_GGGATGACAGTTCATG,CID4067,T cells CD8+,1717
mix_0096_depth100,96,CID4067_CCCAGTTGTGGCTCCA,CID4067,PVL,1172
mix_0096_depth100,96,CID4067_TCAGATGCATAAAGGT,CID4067,NK cells,1028
mix_0096_depth100,96,CID4067_TAGGCATCAAGGTTCT,CID4067,Cancer Epithelial,5642
mix_0096_depth100,96,CID4067_AGCGTCGAGGTCGGAT,CID4067,Cancer Epithelial,1285
mix_0096_depth100,96,CID4067_GCAATCAAGGTAGCTG,CID4067,Cancer Epithelial,10959
mix_0096_depth100,96,CID4067_TCATTTGAGCTTTGGT,CID4067,Cancer Epithelial,2277
mix_0096_depth100,96,CID4067_GCGCGATAGATGTTAG,CID4067,Cancer Epithelial,3531
mix_0096_depth100,96,CID4067_TACCTTATCGTATCAG,CID4067,Cancer Epithelial,11172
mix_0096_depth25,96,CID4067_AGAGCGACATGCAATC,CID4067,CAFs,324
mix_0096_depth25,96,CID4067_GGGATGACAGTTCATG,CID4067,T cells CD8+,458
mix_0096_depth25,96,CID4067_CCCAGTTGTGGCTCCA,CID4067,PVL,292
mix_0096_depth25,96,CID4067_TCAGATGCATAAAGGT,CID4067,NK cells,278
mix_0096_depth25,96,CID4067_TAGGCATCAAGGTTCT,CID4067,Cancer Epithelial,1405
mix_0096_depth25,96,CID4067_AGCGTCGAGGTCGGAT,CID4067,Cancer Epithelial,317
mix_0096_depth25,96,CID4067_GCAATCAAGGTAGCTG,CID4067,Cancer Epithelial,2705
mix_0096_depth25,96,CID4067_TCATTTGAGCTTTGGT,CID4067,Cancer Epithelial,568
mix_0096_depth25,96,CID4067_GCGCGATAGATGTTAG,CID4067,Cancer Epithelial,888
mix_0096_depth25,96,CID4067_TACCTTATCGTATCAG,CID4067,Cancer Epithelial,2777
mix_0097_depth100,97,CID4067_TCCCGATTCATAGCAC,CID4067,CAFs,2103
mix_0097_depth100,97,CID4067_TGACGGCAGTCATCCA,CID4067,T cells CD8+,1375
mix_0097_depth100,97,CID4067_TTATGCTAGGGTTTCT,CID4067,PVL,2507
mix_0097_depth100,97,CID4067_CATTATCTCGTCTGCT,CID4067,NK cells,477
mix_0097_depth100,97,CID4067_CCATGTCAGTGCGTGA,CID4067,Cancer Epithelial,4141
mix_0097_depth100,97,CID4067_GCGGGTTCACAGACTT,CID4067,Cancer Epithelial,2889
mix_0097_depth100,97,CID4067_GGCGACTCAGATGGGT,CID4067,Cancer Epithelial,3093
mix_0097_depth100,97,CID4067_AAGGAGCTCACGGTTA,CID4067,Cancer Epithelial,1331
mix_0097_depth100,97,CID4067_CTAGTGATCGGAGGTA,CID4067,Cancer Epithelial,3658
mix_0097_depth100,97,CID4067_ACCCACTGTGTGCCTG,CID4067,Cancer Epithelial,3638
mix_0097_depth25,97,CID4067_TCCCGATTCATAGCAC,CID4067,CAFs,526
mix_0097_depth25,97,CID4067_TGACGGCAGTCATCCA,CID4067,T cells CD8+,333
mix_0097_depth25,97,CID4067_TTATGCTAGGGTTTCT,CID4067,PVL,635
mix_0097_depth25,97,CID4067_CATTATCTCGTCTGCT,CID4067,NK cells,130
mix_0097_depth25,97,CID4067_CCATGTCAGTGCGTGA,CID4067,Cancer Epithelial,990
mix_0097_depth25,97,CID4067_GCGGGTTCACAGACTT,CID4067,Cancer Epithelial,693
mix_0097_depth25,97,CID4067_GGCGACTCAGATGGGT,CID4067,Cancer Epithelial,797
mix_0097_depth25,97,CID4067_AAGGAGCTCACGGTTA,CID4067,Cancer Epithelial,321
mix_0097_depth25,97,CID4067_CTAGTGATCGGAGGTA,CID4067,Cancer Epithelial,904
mix_0097_depth25,97,CID4067_ACCCACTGTGTGCCTG,CID4067,Cancer Epithelial,948
mix_0098_depth100,98,CID4067_TCGTAGAAGAGGGATA,CID4067,CAFs,7979
mix_0098_depth100,98,CID4067_GTTCTCGCATCCAACA,CID4067,T cells CD8+,1283
mix_0098_depth100,98,CID4067_TGCACCTAGTTTGCGT,CID4067,PVL,609
mix_0098_depth100,98,CID4067_ATAGACCGTTAAGGGC,CID4067,NK cells,595
mix_0098_depth100,98,CID4067_ACTGAACGTAACGACG,CID4067,Cancer Epithelial,2603
mix_0098_depth100,98,CID4067_CACACAACACGTTGGC,CID4067,Cancer Epithelial,4638
mix_0098_depth100,98,CID4067_ACACTGACATCGACGC,CID4067,Cancer Epithelial,3296
mix_0098_depth100,98,CID4067_TGCTGCTTCTCGATGA,CID4067,Cancer Epithelial,3891
mix_0098_depth100,98,CID4067_CATTCGCTCGACAGCC,CID4067,Cancer Epithelial,5018
mix_0098_depth100,98,CID4067_GCGCGATAGATGTTAG,CID4067,Cancer Epithelial,3531
mix_0098_depth25,98,CID4067_TCGTAGAAGAGGGATA,CID4067,CAFs,2102
mix_0098_depth25,98,CID4067_GTTCTCGCATCCAACA,CID4067,T cells CD8+,321
mix_0098_depth25,98,CID4067_TGCACCTAGTTTGCGT,CID4067,PVL,166
mix_0098_depth25,98,CID4067_ATAGACCGTTAAGGGC,CID4067,NK cells,150
mix_0098_depth25,98,CID4067_ACTGAACGTAACGACG,CID4067,Cancer Epithelial,649
mix_0098_depth25,98,CID4067_CACACAACACGTTGGC,CID4067,Cancer Epithelial,1159
mix_0098_depth25,98,CID4067_ACACTGACATCGACGC,CID4067,Cancer Epithelial,816
mix_0098_depth25,98,CID4067_TGCTGCTTCTCGATGA,CID4067,Cancer Epithelial,946
mix_0098_depth25,98,CID4067_CATTCGCTCGACAGCC,CID4067,Cancer Epithelial,1285
mix_0098_depth25,98,CID4067_GCGCGATAGATGTTAG,CID4067,Cancer Epithelial,883
mix_0099_depth100,99,CID4067_CTGTGCTAGAATGTTG,CID4067,CAFs,5726
mix_0099_depth100,99,CID4067_CGAGCACGTCACCCAG,CID4067,T cells CD8+,1047
mix_0099_depth100,99,CID4067_TGGACGCAGAAACCGC,CID4067,PVL,1662
mix_0099_depth100,99,CID4067_GGAATAAGTCCGACGT,CID4067,NKT cells,1071
mix_0099_depth100,99,CID4067_GATTCAGGTTGATTCG,CID4067,Cancer Epithelial,4480
mix_0099_depth100,99,CID4067_CCACTACTCTTTACGT,CID4067,Cancer Epithelial,6663
mix_0099_depth100,99,CID4067_ACGATGTAGGATCGCA,CID4067,Cancer Epithelial,8519
mix_0099_depth100,99,CID4067_GGACAAGGTTTGGGCC,CID4067,Cancer Epithelial,4170
mix_0099_depth100,99,CID4067_ACGATGTAGCCTCGTG,CID4067,Cancer Epithelial,3129
mix_0099_depth100,99,CID4067_TCGTAGATCTAACCGA,CID4067,Cancer Epithelial,3010
mix_0099_depth25,99,CID4067_CTGTGCTAGAATGTTG,CID4067,CAFs,1420
mix_0099_depth25,99,CID4067_CGAGCACGTCACCCAG,CID4067,T cells CD8+,291
mix_0099_depth25,99,CID4067_TGGACGCAGAAACCGC,CID4067,PVL,429
mix_0099_depth25,99,CID4067_GGAATAAGTCCGACGT,CID4067,NKT cells,261
mix_0099_depth25,99,CID4067_GATTCAGGTTGATTCG,CID4067,Cancer Epithelial,1117
mix_0099_depth25,99,CID4067_CCACTACTCTTTACGT,CID4067,Cancer Epithelial,1629
mix_0099_depth25,99,CID4067_ACGATGTAGGATCGCA,CID4067,Cancer Epithelial,2120
mix_0099_depth25,99,CID4067_GGACAAGGTTTGGGCC,CID4067,Cancer Epithelial,1072
mix_0099_depth25,99,CID4067_ACGATGTAGCCTCGTG,CID4067,Cancer Epithelial,759
mix_0099_depth25,99,CID4067_TCGTAGATCTAACCGA,CID4067,Cancer Epithelial,772
mix_0100_depth100,100,CID4067_TAAGCGTGTCTTGATG,CID4067,CAFs,6119
mix_0100_depth100,100,CID4067_TGGCCAGCATGACATC,CID4067,T cells CD8+,906
mix_0100_depth100,100,CID4067_CCATTCGCAATGGACG,CID4067,PVL,2768
mix_0100_depth100,100,CID4067_CGAGAAGTCTTGTACT,CID4067,NKT cells,1373
mix_0100_depth100,100,CID4067_CATCAGATCGAGAGCA,CID4067,Cancer Epithelial,3291
mix_0100_depth100,100,CID4067_ATCTGCCGTAGGAGTC,CID4067,Cancer Epithelial,7597
mix_0100_depth100,100,CID4067_ACTGCTCGTTCCACGG,CID4067,Cancer Epithelial,5044
mix_0100_depth100,100,CID4067_CTGAAACCATGGTCTA,CID4067,Cancer Epithelial,2997
mix_0100_depth100,100,CID4067_CGAACATTCTAAGCCA,CID4067,Cancer Epithelial,10068
mix_0100_depth100,100,CID4067_TACCTTAAGGAATCGC,CID4067,Cancer Epithelial,22092
mix_0100_depth25,100,CID4067_TAAGCGTGTCTTGATG,CID4067,CAFs,1613
mix_0100_depth25,100,CID4067_TGGCCAGCATGACATC,CID4067,T cells CD8+,233
mix_0100_depth25,100,CID4067_CCATTCGCAATGGACG,CID4067,PVL,724
mix_0100_depth25,100,CID4067_CGAGAAGTCTTGTACT,CID4067,NKT cells,328
mix_0100_depth25,100,CID4067_CATCAGATCGAGAGCA,CID4067,Cancer Epithelial,851
mix_0100_depth25,100,CID4067_ATCTGCCGTAGGAGTC,CID4067,Cancer Epithelial,1861
mix_0100_depth25,100,CID4067_ACTGCTCGTTCCACGG,CID4067,Cancer Epithelial,1259
mix_0100_depth25,100,CID4067_CTGAAACCATGGTCTA,CID4067,Cancer Epithelial,724
mix_0100_depth25,100,CID4067_CGAACATTCTAAGCCA,CID4067,Cancer Epithelial,2536
mix_0100_depth25,100,CID4067_TACCTTAAGGAATCGC,CID4067,Cancer Epithelial,5454
mix_0101_depth100,101,CID4067_GTGCTTCGTCATCGGC,CID4067,CAFs,2293
mix_0101_depth100,101,CID4067_CGAATGTAGATATACG,CID4067,T cells CD8+,1088
mix_0101_depth100,101,CID4067_TACTCATGTGCAGTAG,CID4067,PVL,989
mix_0101_depth100,101,CID4067_TGACTAGCAAGGTTCT,CID4067,NKT cells,691
mix_0101_depth100,101,CID4067_CATCGGGGTGCGCTTG,CID4067,Cancer Epithelial,3745
mix_0101_depth100,101,CID4067_CATTCGCTCCCAAGAT,CID4067,Cancer Epithelial,1566
mix_0101_depth100,101,CID4067_TACGGATTCCGATATG,CID4067,Cancer Epithelial,1519
mix_0101_depth100,101,CID4067_CTAGAGTTCCCTAACC,CID4067,Cancer Epithelial,1315
mix_0101_depth100,101,CID4067_CCATTCGAGTATCGAA,CID4067,Cancer Epithelial,21300
mix_0101_depth100,101,CID4067_ACACCGGAGGGCATGT,CID4067,Cancer Epithelial,5032
mix_0101_depth25,101,CID4067_GTGCTTCGTCATCGGC,CID4067,CAFs,559
mix_0101_depth25,101,CID4067_CGAATGTAGATATACG,CID4067,T cells CD8+,258
mix_0101_depth25,101,CID4067_TACTCATGTGCAGTAG,CID4067,PVL,238
mix_0101_depth25,101,CID4067_TGACTAGCAAGGTTCT,CID4067,NKT cells,161
mix_0101_depth25,101,CID4067_CATCGGGGTGCGCTTG,CID4067,Cancer Epithelial,935
mix_0101_depth25,101,CID4067_CATTCGCTCCCAAGAT,CID4067,Cancer Epithelial,383
mix_0101_depth25,101,CID4067_TACGGATTCCGATATG,CID4067,Cancer Epithelial,397
mix_0101_depth25,101,CID4067_CTAGAGTTCCCTAACC,CID4067,Cancer Epithelial,324
mix_0101_depth25,101,CID4067_CCATTCGAGTATCGAA,CID4067,Cancer Epithelial,5361
mix_0101_depth25,101,CID4067_ACACCGGAGGGCATGT,CID4067,Cancer Epithelial,1245
mix_0102_depth100,102,CID4067_GGGCACTTCAGGTTCA,CID4067,CAFs,4300
mix_0102_depth100,102,CID4067_GCATACACATACGCTA,CID4067,T cells CD8+,931
mix_0102_depth100,102,CID4067_CCATGTCTCTGGCGAC,CID4067,PVL,1660
mix_0102_depth100,102,CID4067_TACTTGTAGGGATCTG,CID4067,Cycling T-cells,1101
mix_0102_depth100,102,CID4067_TACTTGTTCTCTGTCG,CID4067,Cancer Epithelial,2124
mix_0102_depth100,102,CID4067_GCTTCCAGTAAATGTG,CID4067,Cancer Epithelial,2749
mix_0102_depth100,102,CID4067_GCTTGAAGTGAGGGTT,CID4067,Cancer Epithelial,6306
mix_0102_depth100,102,CID4067_AACGTTGAGTGGGTTG,CID4067,Cancer Epithelial,1871
mix_0102_depth100,102,CID4067_GGGTTGCAGCTGCAAG,CID4067,Cancer Epithelial,5842
mix_0102_depth100,102,CID4067_TTGGCAAAGACTGTAA,CID4067,Cancer Epithelial,1540
mix_0102_depth25,102,CID4067_GGGCACTTCAGGTTCA,CID4067,CAFs,1100
mix_0102_depth25,102,CID4067_GCATACACATACGCTA,CID4067,T cells CD8+,225
mix_0102_depth25,102,CID4067_CCATGTCTCTGGCGAC,CID4067,PVL,393
mix_0102_depth25,102,CID4067_TACTTGTAGGGATCTG,CID4067,Cycling T-cells,286
mix_0102_depth25,102,CID4067_TACTTGTTCTCTGTCG,CID4067,Cancer Epithelial,543
mix_0102_depth25,102,CID4067_GCTTCCAGTAAATGTG,CID4067,Cancer Epithelial,689
mix_0102_depth25,102,CID4067_GCTTGAAGTGAGGGTT,CID4067,Cancer Epithelial,1601
mix_0102_depth25,102,CID4067_AACGTTGAGTGGGTTG,CID4067,Cancer Epithelial,441
mix_0102_depth25,102,CID4067_GGGTTGCAGCTGCAAG,CID4067,Cancer Epithelial,1491
mix_0102_depth25,102,CID4067_TTGGCAAAGACTGTAA,CID4067,Cancer Epithelial,389
mix_0103_depth100,103,CID4067_ATTTCTGGTGACTCAT,CID4067,CAFs,2349
mix_0103_depth100,103,CID4067_GTTCATTGTCAATACC,CID4067,T cells CD8+,893
mix_0103_depth100,103,CID4067_TACTCATGTGCAGTAG,CID4067,PVL,989
mix_0103_depth100,103,CID4067_GATGAAACAAACGCGA,CID4067,Cycling T-cells,1585
mix_0103_depth100,103,CID4067_AAATGCCTCAACGAAA,CID4067,Cancer Epithelial,3849
mix_0103_depth100,103,CID4067_TACTTACTCCACTGGG,CID4067,Cancer Epithelial,2759
mix_0103_depth100,103,CID4067_GAAACTCAGAGCTGGT,CID4067,Cancer Epithelial,11460
mix_0103_depth100,103,CID4067_TAGGCATAGAGGACGG,CID4067,Cancer Epithelial,6819
mix_0103_depth100,103,CID4067_AGTCTTTAGTGCTGCC,CID4067,Cancer Epithelial,2797
mix_0103_depth100,103,CID4067_GCGCAGTGTATAGTAG,CID4067,Cancer Epithelial,15120
mix_0103_depth25,103,CID4067_ATTTCTGGTGACTCAT,CID4067,CAFs,613
mix_0103_depth25,103,CID4067_GTTCATTGTCAATACC,CID4067,T cells CD8+,243
mix_0103_depth25,103,CID4067_TACTCATGTGCAGTAG,CID4067,PVL,259
mix_0103_depth25,103,CID4067_GATGAAACAAACGCGA,CID4067,Cycling T-cells,404
mix_0103_depth25,103,CID4067_AAATGCCTCAACGAAA,CID4067,Cancer Epithelial,958
mix_0103_depth25,103,CID4067_TACTTACTCCACTGGG,CID4067,Cancer Epithelial,673
mix_0103_depth25,103,CID4067_GAAACTCAGAGCTGGT,CID4067,Cancer Epithelial,2930
mix_0103_depth25,103,CID4067_TAGGCATAGAGGACGG,CID4067,Cancer Epithelial,1711
mix_0103_depth25,103,CID4067_AGTCTTTAGTGCTGCC,CID4067,Cancer Epithelial,719
mix_0103_depth25,103,CID4067_GCGCAGTGTATAGTAG,CID4067,Cancer Epithelial,3782
mix_0104_depth100,104,CID4067_CGGACACAGGTGCACA,CID4067,CAFs,3077
mix_0104_depth100,104,CID4067_GAGTCCGAGATGTGTA,CID4067,T cells CD8+,1931
mix_0104_depth100,104,CID4067_GATGAAATCTAACCGA,CID4067,PVL,2177
mix_0104_depth100,104,CID4067_GGAATAAGTGCAGGTA,CID4067,Cycling T-cells,1254
mix_0104_depth100,104,CID4067_TAGCCGGTCTTACCGC,CID4067,Cancer Epithelial,5688
mix_0104_depth100,104,CID4067_CCTTTCTAGCTAGTGG,CID4067,Cancer Epithelial,4030
mix_0104_depth100,104,CID4067_GCACTCTAGCCACTAT,CID4067,Cancer Epithelial,7689
mix_0104_depth100,104,CID4067_CTGTGCTTCCTCATTA,CID4067,Cancer Epithelial,2313
mix_0104_depth100,104,CID4067_TTCTCAAGTACTCTCC,CID4067,Cancer Epithelial,2622
mix_0104_depth100,104,CID4067_CTAGCCTTCGAATGCT,CID4067,Cancer Epithelial,1775
mix_0104_depth25,104,CID4067_CGGACACAGGTGCACA,CID4067,CAFs,748
mix_0104_depth25,104,CID4067_GAGTCCGAGATGTGTA,CID4067,T cells CD8+,474
mix_0104_depth25,104,CID4067_GATGAAATCTAACCGA,CID4067,PVL,565
mix_0104_depth25,104,CID4067_GGAATAAGTGCAGGTA,CID4067,Cycling T-cells,336
mix_0104_depth25,104,CID4067_TAGCCGGTCTTACCGC,CID4067,Cancer Epithelial,1393
mix_0104_depth25,104,CID4067_CCTTTCTAGCTAGTGG,CID4067,Cancer Epithelial,988
mix_0104_depth25,104,CID4067_GCACTCTAGCCACTAT,CID4067,Cancer Epithelial,1932
mix_0104_depth25,104,CID4067_CTGTGCTTCCTCATTA,CID4067,Cancer Epithelial,533
mix_0104_depth25,104,CID4067_TTCTCAAGTACTCTCC,CID4067,Cancer Epithelial,685
mix_0104_depth25,104,CID4067_CTAGCCTTCGAATGCT,CID4067,Cancer Epithelial,446
mix_0105_depth100,105,CID4067_GTTAAGCCACATCCGG,CID4067,CAFs,5360
mix_0105_depth100,105,CID4067_GCATGTACATAGAAAC,CID4067,T cells CD8+,1280
mix_0105_depth100,105,CID4067_ACGCCAGTCAAGCCTA,CID4067,T cells CD8+,929
mix_0105_depth100,105,CID4067_CAGCAGCCAAGCTGTT,CID4067,T cells CD8+,1647
mix_0105_depth100,105,CID4067_TATTACCCAGTACACT,CID4067,PVL,1996
mix_0105_depth100,105,CID4067_ATAACGCCACGGATAG,CID4067,T cells CD4+,1144
mix_0105_depth100,105,CID4067_TGCGTGGGTCGGCATC,CID4067,Cancer Epithelial,4789
mix_0105_depth100,105,CID4067_GCATGATTCAACACCA,CID4067,Cancer Epithelial,3495
mix_0105_depth100,105,CID4067_CCTATTAGTTAAGTAG,CID4067,Cancer Epithelial,2487
mix_0105_depth100,105,CID4067_CATCGAATCAGGCCCA,CID4067,Cancer Epithelial,3619
mix_0105_depth25,105,CID4067_GTTAAGCCACATCCGG,CID4067,CAFs,1369
mix_0105_depth25,105,CID4067_GCATGTACATAGAAAC,CID4067,T cells CD8+,332
mix_0105_depth25,105,CID4067_ACGCCAGTCAAGCCTA,CID4067,T cells CD8+,210
mix_0105_depth25,105,CID4067_CAGCAGCCAAGCTGTT,CID4067,T cells CD8+,421
mix_0105_depth25,105,CID4067_TATTACCCAGTACACT,CID4067,PVL,474
mix_0105_depth25,105,CID4067_ATAACGCCACGGATAG,CID4067,T cells CD4+,296
mix_0105_depth25,105,CID4067_TGCGTGGGTCGGCATC,CID4067,Cancer Epithelial,1198
mix_0105_depth25,105,CID4067_GCATGATTCAACACCA,CID4067,Cancer Epithelial,930
mix_0105_depth25,105,CID4067_CCTATTAGTTAAGTAG,CID4067,Cancer Epithelial,631
mix_0105_depth25,105,CID4067_CATCGAATCAGGCCCA,CID4067,Cancer Epithelial,915
mix_0106_depth100,106,CID4067_TCCCGATTCATAGCAC,CID4067,CAFs,2103
mix_0106_depth100,106,CID4067_CGTGTCTGTCGGATCC,CID4067,T cells CD8+,462
mix_0106_depth100,106,CID4067_GCATGTACATAGAAAC,CID4067,T cells CD8+,1280
mix_0106_depth100,106,CID4067_CATCAGACATGCATGT,CID4067,T cells CD8+,1183
mix_0106_depth100,106,CID4067_TTGCGTCGTCTTCTCG,CID4067,PVL,900
mix_0106_depth100,106,CID4067_AAAGCAAAGATGCCTT,CID4067,T cells CD4+,864
mix_0106_depth100,106,CID4067_CTCGAGGGTTTGTGTG,CID4067,Cancer Epithelial,15987
mix_0106_depth100,106,CID4067_AGTCTTTAGAATCTCC,CID4067,Cancer Epithelial,4371
mix_0106_depth100,106,CID4067_AAAGCAACACCGTTGG,CID4067,Cancer Epithelial,2381
mix_0106_depth100,106,CID4067_TTCTCAAGTTTGACAC,CID4067,Cancer Epithelial,4613
mix_0106_depth25,106,CID4067_TCCCGATTCATAGCAC,CID4067,CAFs,538
mix_0106_depth25,106,CID4067_CGTGTCTGTCGGATCC,CID4067,T cells CD8+,111
mix_0106_depth25,106,CID4067_GCATGTACATAGAAAC,CID4067,T cells CD8+,302
mix_0106_depth25,106,CID4067_CATCAGACATGCATGT,CID4067,T cells CD8+,305
mix_0106_depth25,106,CID4067_TTGCGTCGTCTTCTCG,CID4067,PVL,210
mix_0106_depth25,106,CID4067_AAAGCAAAGATGCCTT,CID4067,T cells CD4+,217
mix_0106_depth25,106,CID4067_CTCGAGGGTTTGTGTG,CID4067,Cancer Epithelial,3990
mix_0106_depth25,106,CID4067_AGTCTTTAGAATCTCC,CID4067,Cancer Epithelial,1151
mix_0106_depth25,106,CID4067_AAAGCAACACCGTTGG,CID4067,Cancer Epithelial,570
mix_0106_depth25,106,CID4067_TTCTCAAGTTTGACAC,CID4067,Cancer Epithelial,1169
mix_0107_depth100,107,CID4067_CGCTGGAAGATGCGAC,CID4067,CAFs,6132
mix_0107_depth100,107,CID4067_CATCAGACATGCATGT,CID4067,T cells CD8+,1183
mix_0107_depth100,107,CID4067_TGACTTTAGTCCCACG,CID4067,T cells CD8+,781
mix_0107_depth100,107,CID4067_CGTGAGCTCAGGATCT,CID4067,T cells CD8+,1169
mix_0107_depth100,107,CID4067_CGTTCTGTCAAGAAGT,CID4067,PVL,662
mix_0107_depth100,107,CID4067_AGTGAGGAGCTAACTC,CID4067,T cells CD4+,1667
mix_0107_depth100,107,CID4067_ATCACGAGTTCGCGAC,CID4067,Cancer Epithelial,5240
mix_0107_depth100,107,CID4067_CGTTCTGCAAGAGTCG,CID4067,Cancer Epithelial,6488
mix_0107_depth100,107,CID4067_TACACGAGTATTCGTG,CID4067,Cancer Epithelial,4142
mix_0107_depth100,107,CID4067_ATAACGCTCTGCGGCA,CID4067,Cancer Epithelial,3812
mix_0107_depth25,107,CID4067_CGCTGGAAGATGCGAC,CID4067,CAFs,1525
mix_0107_depth25,107,CID4067_CATCAGACATGCATGT,CID4067,T cells CD8+,305
mix_0107_depth25,107,CID4067_TGACTTTAGTCCCACG,CID4067,T cells CD8+,186
mix_0107_depth25,107,CID4067_CGTGAGCTCAGGATCT,CID4067,T cells CD8+,270
mix_0107_depth25,107,CID4067_CGTTCTGTCAAGAAGT,CID4067,PVL,193
mix_0107_depth25,107,CID4067_AGTGAGGAGCTAACTC,CID4067,T cells CD4+,409
mix_0107_depth25,107,CID4067_ATCACGAGTTCGCGAC,CID4067,Cancer Epithelial,1319
mix_0107_depth25,107,CID4067_CGTTCTGCAAGAGTCG,CID4067,Cancer Epithelial,1625
mix_0107_depth25,107,CID4067_TACACGAGTATTCGTG,CID4067,Cancer Epithelial,1076
mix_0107_depth25,107,CID4067_ATAACGCTCTGCGGCA,CID4067,Cancer Epithelial,894
mix_0108_depth100,108,CID4067_CGATCGGTCCCAACGG,CID4067,CAFs,962
mix_0108_depth100,108,CID4067_CGTCACTGTCAGAATA,CID4067,T cells CD8+,1065
mix_0108_depth100,108,CID4067_CTTCTCTAGTGAACAT,CID4067,T cells CD8+,1500
mix_0108_depth100,108,CID4067_ACTGATGAGTCCGGTC,CID4067,T cells CD8+,508
mix_0108_depth100,108,CID4067_GGTGAAGCATGGTCTA,CID4067,PVL,5077
mix_0108_depth100,108,CID4067_GGAAAGCTCTTCGAGA,CID4067,Myeloid,3198
mix_0108_depth100,108,CID4067_CTACACCTCCCTCTTT,CID4067,Cancer Epithelial,1360
mix_0108_depth100,108,CID4067_CAAGATCAGGGCACTA,CID4067,Cancer Epithelial,4366
mix_0108_depth100,108,CID4067_AACGTTGAGACATAAC,CID4067,Cancer Epithelial,3696
mix_0108_depth100,108,CID4067_TGTATTCTCCAATGGT,CID4067,Cancer Epithelial,5723
mix_0108_depth25,108,CID4067_CGATCGGTCCCAACGG,CID4067,CAFs,246
mix_0108_depth25,108,CID4067_CGTCACTGTCAGAATA,CID4067,T cells CD8+,261
mix_0108_depth25,108,CID4067_CTTCTCTAGTGAACAT,CID4067,T cells CD8+,395
mix_0108_depth25,108,CID4067_ACTGATGAGTCCGGTC,CID4067,T cells CD8+,121
mix_0108_depth25,108,CID4067_GGTGAAGCATGGTCTA,CID4067,PVL,1310
mix_0108_depth25,108,CID4067_GGAAAGCTCTTCGAGA,CID4067,Myeloid,812
mix_0108_depth25,108,CID4067_CTACACCTCCCTCTTT,CID4067,Cancer Epithelial,338
mix_0108_depth25,108,CID4067_CAAGATCAGGGCACTA,CID4067,Cancer Epithelial,1079
mix_0108_depth25,108,CID4067_AACGTTGAGACATAAC,CID4067,Cancer Epithelial,911
mix_0108_depth25,108,CID4067_TGTATTCTCCAATGGT,CID4067,Cancer Epithelial,1439
mix_0109_depth100,109,CID4067_CCTACACAGGATGCGT,CID4067,CAFs,2326
mix_0109_depth100,109,CID4067_CATATGGAGTTCGCGC,CID4067,T cells CD8+,403
mix_0109_depth100,109,CID4067_TGTGGTAAGACAAAGG,CID4067,T cells CD8+,2053
mix_0109_depth100,109,CID4067_ACAGCCGGTTATTCTC,CID4067,T cells CD8+,383
mix_0109_depth100,109,CID4067_CGAGCACGTCACCTAA,CID4067,PVL,703
mix_0109_depth100,109,CID4067_TCTGAGATCGAACGGA,CID4067,Myeloid,3829
mix_0109_depth100,109,CID4067_GACGTGCTCTTGAGAC,CID4067,Cancer Epithelial,3574
mix_0109_depth100,109,CID4067_TGCTACCTCAGGATCT,CID4067,Cancer Epithelial,4997
mix_0109_depth100,109,CID4067_TGAGGGAGTAGTGAAT,CID4067,Cancer Epithelial,1468
mix_0109_depth100,109,CID4067_TCGTAGAGTTGTGGCC,CID4067,Cancer Epithelial,6028
mix_0109_depth25,109,CID4067_CCTACACAGGATGCGT,CID4067,CAFs,620
mix_0109_depth25,109,CID4067_CATATGGAGTTCGCGC,CID4067,T cells CD8+,86
mix_0109_depth25,109,CID4067_TGTGGTAAGACAAAGG,CID4067,T cells CD8+,536
mix_0109_depth25,109,CID4067_ACAGCCGGTTATTCTC,CID4067,T cells CD8+,93
mix_0109_depth25,109,CID4067_CGAGCACGTCACCTAA,CID4067,PVL,186
mix_0109_depth25,109,CID4067_TCTGAGATCGAACGGA,CID4067,Myeloid,977
mix_0109_depth25,109,CID4067_GACGTGCTCTTGAGAC,CID4067,Cancer Epithelial,892
mix_0109_depth25,109,CID4067_TGCTACCTCAGGATCT,CID4067,Cancer Epithelial,1234
mix_0109_depth25,109,CID4067_TGAGGGAGTAGTGAAT,CID4067,Cancer Epithelial,370
mix_0109_depth25,109,CID4067_TCGTAGAGTTGTGGCC,CID4067,Cancer Epithelial,1497
mix_0110_depth100,110,CID4067_ATTTCTGGTGACTCAT,CID4067,CAFs,2349
mix_0110_depth100,110,CID4067_TGACTTTAGTCCCACG,CID4067,T cells CD8+,781
mix_0110_depth100,110,CID4067_CTCTACGCACGCTTTC,CID4067,T cells CD8+,695
mix_0110_depth100,110,CID4067_GGCTCGACACAGCCCA,CID4067,T cells CD8+,870
mix_0110_depth100,110,CID4067_TCGTACCAGATGCGAC,CID4067,PVL,1117
mix_0110_depth100,110,CID4067_GCATACATCTGATACG,CID4067,Myeloid,2899
mix_0110_depth100,110,CID4067_CCGTTCATCTACTTAC,CID4067,Cancer Epithelial,1256
mix_0110_depth100,110,CID4067_AGGCCGTAGATGGGTC,CID4067,Cancer Epithelial,5628
mix_0110_depth100,110,CID4067_TCATTTGAGCTTTGGT,CID4067,Cancer Epithelial,2277
mix_0110_depth100,110,CID4067_GTAGGCCCACAACTGT,CID4067,Cancer Epithelial,3411
mix_0110_depth25,110,CID4067_ATTTCTGGTGACTCAT,CID4067,CAFs,603
mix_0110_depth25,110,CID4067_TGACTTTAGTCCCACG,CID4067,T cells CD8+,195
mix_0110_depth25,110,CID4067_CTCTACGCACGCTTTC,CID4067,T cells CD8+,169
mix_0110_depth25,110,CID4067_GGCTCGACACAGCCCA,CID4067,T cells CD8+,239
mix_0110_depth25,110,CID4067_TCGTACCAGATGCGAC,CID4067,PVL,265
mix_0110_depth25,110,CID4067_GCATACATCTGATACG,CID4067,Myeloid,698
mix_0110_depth25,110,CID4067_CCGTTCATCTACTTAC,CID4067,Cancer Epithelial,293
mix_0110_depth25,110,CID4067_AGGCCGTAGATGGGTC,CID4067,Cancer Epithelial,1444
mix_0110_depth25,110,CID4067_TCATTTGAGCTTTGGT,CID4067,Cancer Epithelial,562
mix_0110_depth25,110,CID4067_GTAGGCCCACAACTGT,CID4067,Cancer Epithelial,874
mix_0111_depth100,111,CID4067_GGGCACTTCAGGTTCA,CID4067,CAFs,4300
mix_0111_depth100,111,CID4067_ATCATGGGTTGATTCG,CID4067,T cells CD8+,1027
mix_0111_depth100,111,CID4067_AACCGCGTCAAACAAG,CID4067,T cells CD8+,1015
mix_0111_depth100,111,CID4067_GTGAAGGTCTGTTTGT,CID4067,T cells CD8+,925
mix_0111_depth100,111,CID4067_ACTGTCCCAAAGTCAA,CID4067,PVL,2114
mix_0111_depth100,111,CID4067_AAACCTGGTCAATGTC,CID4067,Endothelial,6242
mix_0111_depth100,111,CID4067_TGCGGGTGTCAGAAGC,CID4067,Cancer Epithelial,3595
mix_0111_depth100,111,CID4067_GGTATTGCACCACCAG,CID4067,Cancer Epithelial,10092
mix_0111_depth100,111,CID4067_ACGTCAAGTCTGGTCG,CID4067,Cancer Epithelial,2127
mix_0111_depth100,111,CID4067_GAATGAAGTCATACTG,CID4067,Cancer Epithelial,11949
mix_0111_depth25,111,CID4067_GGGCACTTCAGGTTCA,CID4067,CAFs,1084
mix_0111_depth25,111,CID4067_ATCATGGGTTGATTCG,CID4067,T cells CD8+,253
mix_0111_depth25,111,CID4067_AACCGCGTCAAACAAG,CID4067,T cells CD8+,262
mix_0111_depth25,111,CID4067_GTGAAGGTCTGTTTGT,CID4067,T cells CD8+,225
mix_0111_depth25,111,CID4067_ACTGTCCCAAAGTCAA,CID4067,PVL,507
mix_0111_depth25,111,CID4067_AAACCTGGTCAATGTC,CID4067,Endothelial,1634
mix_0111_depth25,111,CID4067_TGCGGGTGTCAGAAGC,CID4067,Cancer Epithelial,935
mix_0111_depth25,111,CID4067_GGTATTGCACCACCAG,CID4067,Cancer Epithelial,2515
mix_0111_depth25,111,CID4067_ACGTCAAGTCTGGTCG,CID4067,Cancer Epithelial,531
mix_0111_depth25,111,CID4067_GAATGAAGTCATACTG,CID4067,Cancer Epithelial,2950
mix_0112_depth100,112,CID4067_GATCTAGGTCTAAACC,CID4067,CAFs,3838
mix_0112_depth100,112,CID4067_TCTGGAATCACGATGT,CID4067,T cells CD8+,1021
mix_0112_depth100,112,CID4067_ATTTCTGGTTACAGAA,CID4067,T cells CD8+,1538
mix_0112_depth100,112,CID4067_TGAAAGAGTACATCCA,CID4067,T cells CD8+,1739
mix_0112_depth100,112,CID4067_TCGGTAAGTCTGATCA,CID4067,PVL,1796
mix_0112_depth100,112,CID4067_TAAGTGCGTGTTAAGA,CID4067,Endothelial,1189
mix_0112_depth100,112,CID4067_GGGAATGAGAGCAATT,CID4067,Cancer Epithelial,5827
mix_0112_depth100,112,CID4067_AAGGTTCAGTTAGGTA,CID4067,Cancer Epithelial,2153
mix_0112_depth100,112,CID4067_CCGGTAGAGCAATCTC,CID4067,Cancer Epithelial,3228
mix_0112_depth100,112,CID4067_ATGGGAGCAGAGTGTG,CID4067,Cancer Epithelial,4749
mix_0112_depth25,112,CID4067_GATCTAGGTCTAAACC,CID4067,CAFs,1012
mix_0112_depth25,112,CID4067_TCTGGAATCACGATGT,CID4067,T cells CD8+,263
mix_0112_depth25,112,CID4067_ATTTCTGGTTACAGAA,CID4067,T cells CD8+,383
mix_0112_depth25,112,CID4067_TGAAAGAGTACATCCA,CID4067,T cells CD8+,432
mix_0112_depth25,112,CID4067_TCGGTAAGTCTGATCA,CID4067,PVL,467
mix_0112_depth25,112,CID4067_TAAGTGCGTGTTAAGA,CID4067,Endothelial,290
mix_0112_depth25,112,CID4067_GGGAATGAGAGCAATT,CID4067,Cancer Epithelial,1481
mix_0112_depth25,112,CID4067_AAGGTTCAGTTAGGTA,CID4067,Cancer Epithelial,534
mix_0112_depth25,112,CID4067_CCGGTAGAGCAATCTC,CID4067,Cancer Epithelial,806
mix_0112_depth25,112,CID4067_ATGGGAGCAGAGTGTG,CID4067,Cancer Epithelial,1168
mix_0113_depth100,113,CID4067_AGAGCGACATGCAATC,CID4067,CAFs,1298
mix_0113_depth100,113,CID4067_CACACTCAGCCGCCTA,CID4067,T cells CD8+,747
mix_0113_depth100,113,CID4067_GACCAATCATTGGCGC,CID4067,T cells CD8+,937
mix_0113_depth100,113,CID4067_ATCGAGTCATTGGGCC,CID4067,T cells CD8+,865
mix_0113_depth100,113,CID4067_ACGTCAACAGGAACGT,CID4067,PVL,473
mix_0113_depth100,113,CID4067_CTGTGCTCACGAGAGT,CID4067,Endothelial,296
mix_0113_depth100,113,CID4067_TAAGCGTTCTTTAGTC,CID4067,Cancer Epithelial,8616
mix_0113_depth100,113,CID4067_AGCGTCGCAGCTGTAT,CID4067,Cancer Epithelial,2070
mix_0113_depth100,113,CID4067_TATCAGGTCTTGGGTA,CID4067,Cancer Epithelial,4318
mix_0113_depth100,113,CID4067_ACATACGAGCGTAGTG,CID4067,Cancer Epithelial,894
mix_0113_depth25,113,CID4067_AGAGCGACATGCAATC,CID4067,CAFs,330
mix_0113_depth25,113,CID4067_CACACTCAGCCGCCTA,CID4067,T cells CD8+,204
mix_0113_depth25,113,CID4067_GACCAATCATTGGCGC,CID4067,T cells CD8+,267
mix_0113_depth25,113,CID4067_ATCGAGTCATTGGGCC,CID4067,T cells CD8+,204
mix_0113_depth25,113,CID4067_ACGTCAACAGGAACGT,CID4067,PVL,129
mix_0113_depth25,113,CID4067_CTGTGCTCACGAGAGT,CID4067,Endothelial,77
mix_0113_depth25,113,CID4067_TAAGCGTTCTTTAGTC,CID4067,Cancer Epithelial,2135
mix_0113_depth25,113,CID4067_AGCGTCGCAGCTGTAT,CID4067,Cancer Epithelial,537
mix_0113_depth25,113,CID4067_TATCAGGTCTTGGGTA,CID4067,Cancer Epithelial,1122
mix_0113_depth25,113,CID4067_ACATACGAGCGTAGTG,CID4067,Cancer Epithelial,250
mix_0114_depth100,114,CID4067_GATGAGGGTGCCTGCA,CID4067,CAFs,3731
mix_0114_depth100,114,CID4067_GCATACACATACGCTA,CID4067,T cells CD8+,931
mix_0114_depth100,114,CID4067_TCATTACTCCGTCATC,CID4067,T cells CD8+,740
mix_0114_depth100,114,CID4067_ACGATGTGTGAGTATA,CID4067,T cells CD8+,983
mix_0114_depth100,114,CID4067_GTAGGCCCATACAGCT,CID4067,PVL,1036
mix_0114_depth100,114,CID4067_TGAGCCGAGCCCAATT,CID4067,B-cells,805
mix_0114_depth100,114,CID4067_ACGGGTCAGGTCATCT,CID4067,Cancer Epithelial,5703
mix_0114_depth100,114,CID4067_TGGACGCAGGACATTA,CID4067,Cancer Epithelial,832
mix_0114_depth100,114,CID4067_CTAGAGTTCCTTGACC,CID4067,Cancer Epithelial,8053
mix_0114_depth100,114,CID4067_TGACAACTCGGCGCAT,CID4067,Cancer Epithelial,2252
mix_0114_depth25,114,CID4067_GATGAGGGTGCCTGCA,CID4067,CAFs,943
mix_0114_depth25,114,CID4067_GCATACACATACGCTA,CID4067,T cells CD8+,246
mix_0114_depth25,114,CID4067_TCATTACTCCGTCATC,CID4067,T cells CD8+,207
mix_0114_depth25,114,CID4067_ACGATGTGTGAGTATA,CID4067,T cells CD8+,267
mix_0114_depth25,114,CID4067_GTAGGCCCATACAGCT,CID4067,PVL,265
mix_0114_depth25,114,CID4067_TGAGCCGAGCCCAATT,CID4067,B-cells,204
mix_0114_depth25,114,CID4067_ACGGGTCAGGTCATCT,CID4067,Cancer Epithelial,1448
mix_0114_depth25,114,CID4067_TGGACGCAGGACATTA,CID4067,Cancer Epithelial,224
mix_0114_depth25,114,CID4067_CTAGAGTTCCTTGACC,CID4067,Cancer Epithelial,2056
mix_0114_depth25,114,CID4067_TGACAACTCGGCGCAT,CID4067,Cancer Epithelial,551
mix_0115_depth100,115,CID4067_CACACTCTCGGCGGTT,CID4067,CAFs,4333
mix_0115_depth100,115,CID4067_TGTGTTTTCCCTAACC,CID4067,T cells CD8+,831
mix_0115_depth100,115,CID4067_TCTATTGTCAGAAATG,CID4067,T cells CD8+,657
mix_0115_depth100,115,CID4067_AGAGCTTCATGCATGT,CID4067,T cells CD8+,2579
mix_0115_depth100,115,CID4067_CGATGGCTCCTGCCAT,CID4067,PVL,2537
mix_0115_depth100,115,CID4067_CGAACATGTCTAGTCA,CID4067,B-cells,1041
mix_0115_depth100,115,CID4067_AGAATAGCAGCATGAG,CID4067,Cancer Epithelial,1776
mix_0115_depth100,115,CID4067_TAGAGCTGTGTAAGTA,CID4067,Cancer Epithelial,3574
mix_0115_depth100,115,CID4067_GGTGAAGCACTGTCGG,CID4067,Cancer Epithelial,2700
mix_0115_depth100,115,CID4067_ATCATCTTCTGGCGAC,CID4067,Cancer Epithelial,2413
mix_0115_depth25,115,CID4067_CACACTCTCGGCGGTT,CID4067,CAFs,1088
mix_0115_depth25,115,CID4067_TGTGTTTTCCCTAACC,CID4067,T cells CD8+,209
mix_0115_depth25,115,CID4067_TCTATTGTCAGAAATG,CID4067,T cells CD8+,150
mix_0115_depth25,115,CID4067_AGAGCTTCATGCATGT,CID4067,T cells CD8+,618
mix_0115_depth25,115,CID4067_CGATGGCTCCTGCCAT,CID4067,PVL,579
mix_0115_depth25,115,CID4067_CGAACATGTCTAGTCA,CID4067,B-cells,258
mix_0115_depth25,115,CID4067_AGAATAGCAGCATGAG,CID4067,Cancer Epithelial,463
mix_0115_depth25,115,CID4067_TAGAGCTGTGTAAGTA,CID4067,Cancer Epithelial,861
mix_0115_depth25,115,CID4067_GGTGAAGCACTGTCGG,CID4067,Cancer Epithelial,658
mix_0115_depth25,115,CID4067_ATCATCTTCTGGCGAC,CID4067,Cancer Epithelial,658
mix_0116_depth100,116,CID4067_GACGTTACATTGCGGC,CID4067,CAFs,4185
mix_0116_depth100,116,CID4067_GACTACACAGCTCGAC,CID4067,T cells CD8+,1077
mix_0116_depth100,116,CID4067_CCTTACGAGAGGTTGC,CID4067,T cells CD8+,1216
mix_0116_depth100,116,CID4067_TGCGTGGTCAGTGTTG,CID4067,T cells CD8+,927
mix_0116_depth100,116,CID4067_CACACTCTCGTACCGG,CID4067,PVL,4068
mix_0116_depth100,116,CID4067_GAGTCCGCATGCCTTC,CID4067,B-cells,1534
mix_0116_depth100,116,CID4067_TCTCTAAGTCCATGAT,CID4067,Cancer Epithelial,2056
mix_0116_depth100,116,CID4067_GAAATGATCGAATGCT,CID4067,Cancer Epithelial,2128
mix_0116_depth100,116,CID4067_CATGACATCAGCGACC,CID4067,Cancer Epithelial,3943
mix_0116_depth100,116,CID4067_ATGTGTGGTAAGAGAG,CID4067,Cancer Epithelial,7369
mix_0116_depth25,116,CID4067_GACGTTACATTGCGGC,CID4067,CAFs,1031
mix_0116_depth25,116,CID4067_GACTACACAGCTCGAC,CID4067,T cells CD8+,246
mix_0116_depth25,116,CID4067_CCTTACGAGAGGTTGC,CID4067,T cells CD8+,310
mix_0116_depth25,116,CID4067_TGCGTGGTCAGTGTTG,CID4067,T cells CD8+,238
mix_0116_depth25,116,CID4067_CACACTCTCGTACCGG,CID4067,PVL,1049
mix_0116_depth25,116,CID4067_GAGTCCGCATGCCTTC,CID4067,B-cells,374
mix_0116_depth25,116,CID4067_TCTCTAAGTCCATGAT,CID4067,Cancer Epithelial,487
mix_0116_depth25,116,CID4067_GAAATGATCGAATGCT,CID4067,Cancer Epithelial,510
mix_0116_depth25,116,CID4067_CATGACATCAGCGACC,CID4067,Cancer Epithelial,973
mix_0116_depth25,116,CID4067_ATGTGTGGTAAGAGAG,CID4067,Cancer Epithelial,1848
mix_0117_depth100,117,CID4067_AACGTTGTCGCCAGCA,CID4067,CAFs,10592
mix_0117_depth100,117,CID4067_GCATGTACATAGAAAC,CID4067,T cells CD8+,1280
mix_0117_depth100,117,CID4067_GGGATGACAGTTCATG,CID4067,T cells CD8+,1717
mix_0117_depth100,117,CID4067_CAGCAGCCAAGCTGTT,CID4067,T cells CD8+,1647
mix_0117_depth100,117,CID4067_TAGTTGGAGTAGGTGC,CID4067,PVL,1975
mix_0117_depth100,117,CID4067_GACTGCGTCTTAGCCC,CID4067,NK cells,900
mix_0117_depth100,117,CID4067_CAGTCCTAGCAGACTG,CID4067,Cancer Epithelial,4284
mix_0117_depth100,117,CID4067_CTCTACGAGTGGCACA,CID4067,Cancer Epithelial,9156
mix_0117_depth100,117,CID4067_ATGGGAGTCTGCCAGG,CID4067,Cancer Epithelial,2621
mix_0117_depth100,117,CID4067_ATCTGCCGTTTGACAC,CID4067,Cancer Epithelial,4941
mix_0117_depth25,117,CID4067_AACGTTGTCGCCAGCA,CID4067,CAFs,2619
mix_0117_depth25,117,CID4067_GCATGTACATAGAAAC,CID4067,T cells CD8+,365
mix_0117_depth25,117,CID4067_GGGATGACAGTTCATG,CID4067,T cells CD8+,452
mix_0117_depth25,117,CID4067_CAGCAGCCAAGCTGTT,CID4067,T cells CD8+,400
mix_0117_depth25,117,CID4067_TAGTTGGAGTAGGTGC,CID4067,PVL,505
mix_0117_depth25,117,CID4067_GACTGCGTCTTAGCCC,CID4067,NK cells,235
mix_0117_depth25,117,CID4067_CAGTCCTAGCAGACTG,CID4067,Cancer Epithelial,1130
mix_0117_depth25,117,CID4067_CTCTACGAGTGGCACA,CID4067,Cancer Epithelial,2275
mix_0117_depth25,117,CID4067_ATGGGAGTCTGCCAGG,CID4067,Cancer Epithelial,694
mix_0117_depth25,117,CID4067_ATCTGCCGTTTGACAC,CID4067,Cancer Epithelial,1234
mix_0118_depth100,118,CID4067_GTAGTCAAGTGCAAGC,CID4067,CAFs,9828
mix_0118_depth100,118,CID4067_TATCTCAGTCAGTGGA,CID4067,T cells CD8+,1415
mix_0118_depth100,118,CID4067_ACGATACTCATACGGT,CID4067,T cells CD8+,732
mix_0118_depth100,118,CID4067_TAGCCGGGTCGAATCT,CID4067,T cells CD8+,790
mix_0118_depth100,118,CID4067_TTATGCTAGGGTTTCT,CID4067,PVL,2507
mix_0118_depth100,118,CID4067_GTCGGGTTCACCTTAT,CID4067,NK cells,743
mix_0118_depth100,118,CID4067_ACTGAACTCCGCGGTA,CID4067,Cancer Epithelial,5871
mix_0118_depth100,118,CID4067_GCTGCTTGTACATGTC,CID4067,Cancer Epithelial,1663
mix_0118_depth100,118,CID4067_TGCTACCTCAGGATCT,CID4067,Cancer Epithelial,4997
mix_0118_depth100,118,CID4067_CATCGAAGTCATGCCG,CID4067,Cancer Epithelial,6277
mix_0118_depth25,118,CID4067_GTAGTCAAGTGCAAGC,CID4067,CAFs,2439
mix_0118_depth25,118,CID4067_TATCTCAGTCAGTGGA,CID4067,T cells CD8+,358
mix_0118_depth25,118,CID4067_ACGATACTCATACGGT,CID4067,T cells CD8+,177
mix_0118_depth25,118,CID4067_TAGCCGGGTCGAATCT,CID4067,T cells CD8+,217
mix_0118_depth25,118,CID4067_TTATGCTAGGGTTTCT,CID4067,PVL,603
mix_0118_depth25,118,CID4067_GTCGGGTTCACCTTAT,CID4067,NK cells,199
mix_0118_depth25,118,CID4067_ACTGAACTCCGCGGTA,CID4067,Cancer Epithelial,1487
mix_0118_depth25,118,CID4067_GCTGCTTGTACATGTC,CID4067,Cancer Epithelial,412
mix_0118_depth25,118,CID4067_TGCTACCTCAGGATCT,CID4067,Cancer Epithelial,1259
mix_0118_depth25,118,CID4067_CATCGAAGTCATGCCG,CID4067,Cancer Epithelial,1561
mix_0119_depth100,119,CID4067_CGCTGGAGTCCTCTTG,CID4067,CAFs,2196
mix_0119_depth100,119,CID4067_AGTGAGGCAGAGTGTG,CID4067,T cells CD8+,975
mix_0119_depth100,119,CID4067_GGATTACTCAGGATCT,CID4067,T cells CD8+,981
mix_0119_depth100,119,CID4067_GCATGTACATAGAAAC,CID4067,T cells CD8+,1280
mix_0119_depth100,119,CID4067_CCGGGATAGAGACTTA,CID4067,PVL,6011
mix_0119_depth100,119,CID4067_AGGTCCGTCATGCATG,CID4067,NK cells,1189
mix_0119_depth100,119,CID4067_CTCACACTCACAGGCC,CID4067,Cancer Epithelial,4205
mix_0119_depth100,119,CID4067_GTCACGGTCCTGTAGA,CID4067,Cancer Epithelial,6641
mix_0119_depth100,119,CID4067_CCCAGTTCACGAAATA,CID4067,Cancer Epithelial,1385
mix_0119_depth100,119,CID4067_GAGGTGACATCCTTGC,CID4067,Cancer Epithelial,3340
mix_0119_depth25,119,CID4067_CGCTGGAGTCCTCTTG,CID4067,CAFs,538
mix_0119_depth25,119,CID4067_AGTGAGGCAGAGTGTG,CID4067,T cells CD8+,254
mix_0119_depth25,119,CID4067_GGATTACTCAGGATCT,CID4067,T cells CD8+,250
mix_0119_depth25,119,CID4067_GCATGTACATAGAAAC,CID4067,T cells CD8+,303
mix_0119_depth25,119,CID4067_CCGGGATAGAGACTTA,CID4067,PVL,1523
mix_0119_depth25,119,CID4067_AGGTCCGTCATGCATG,CID4067,NK cells,303
mix_0119_depth25,119,CID4067_CTCACACTCACAGGCC,CID4067,Cancer Epithelial,1041
mix_0119_depth25,119,CID4067_GTCACGGTCCTGTAGA,CID4067,Cancer Epithelial,1654
mix_0119_depth25,119,CID4067_CCCAGTTCACGAAATA,CID4067,Cancer Epithelial,363
mix_0119_depth25,119,CID4067_GAGGTGACATCCTTGC,CID4067,Cancer Epithelial,841
mix_0120_depth100,120,CID4067_TCCCGATTCATAGCAC,CID4067,CAFs,2103
mix_0120_depth100,120,CID4067_CTCTGGTTCGCGTTTC,CID4067,T cells CD8+,584
mix_0120_depth100,120,CID4067_ACGCAGCCAAGTCTGT,CID4067,T cells CD8+,1017
mix_0120_depth100,120,CID4067_AGTAGTCCAGCCACCA,CID4067,T cells CD8+,607
mix_0120_depth100,120,CID4067_CCATTCGCAATGGACG,CID4067,PVL,2768
mix_0120_depth100,120,CID4067_GTTAAGCAGTGGGCTA,CID4067,NKT cells,952
mix_0120_depth100,120,CID4067_ATAACGCCAACGATCT,CID4067,Cancer Epithelial,2345
mix_0120_depth100,120,CID4067_TTTGGTTGTATAGTAG,CID4067,Cancer Epithelial,3408
mix_0120_depth100,120,CID4067_CGACCTTAGTGGAGTC,CID4067,Cancer Epithelial,5811
mix_0120_depth100,120,CID4067_CGGGTCAGTATATCCG,CID4067,Cancer Epithelial,10173
mix_0120_depth25,120,CID4067_TCCCGATTCATAGCAC,CID4067,CAFs,523
mix_0120_depth25,120,CID4067_CTCTGGTTCGCGTTTC,CID4067,T cells CD8+,148
mix_0120_depth25,120,CID4067_ACGCAGCCAAGTCTGT,CID4067,T cells CD8+,253
mix_0120_depth25,120,CID4067_AGTAGTCCAGCCACCA,CID4067,T cells CD8+,150
mix_0120_depth25,120,CID4067_CCATTCGCAATGGACG,CID4067,PVL,681
mix_0120_depth25,120,CID4067_GTTAAGCAGTGGGCTA,CID4067,NKT cells,241
mix_0120_depth25,120,CID4067_ATAACGCCAACGATCT,CID4067,Cancer Epithelial,551
mix_0120_depth25,120,CID4067_TTTGGTTGTATAGTAG,CID4067,Cancer Epithelial,861
mix_0120_depth25,120,CID4067_CGACCTTAGTGGAGTC,CID4067,Cancer Epithelial,1494
mix_0120_depth25,120,CID4067_CGGGTCAGTATATCCG,CID4067,Cancer Epithelial,2596
mix_0121_depth100,121,CID4067_CACCACTCATGCCACG,CID4067,CAFs,3626
mix_0121_depth100,121,CID4067_TGAGGGAGTATATCCG,CID4067,T cells CD8+,894
mix_0121_depth100,121,CID4067_TGGCCAGGTCTAGTCA,CID4067,T cells CD8+,1416
mix_0121_depth100,121,CID4067_GATCTAGAGCGATATA,CID4067,T cells CD8+,909
mix_0121_depth100,121,CID4067_CCGGGATAGAGACTTA,CID4067,PVL,6011
mix_0121_depth100,121,CID4067_CATTCGCAGAAAGTGG,CID4067,NKT cells,1415
mix_0121_depth100,121,CID4067_GTACTCCGTCACCTAA,CID4067,Cancer Epithelial,12141
mix_0121_depth100,121,CID4067_CGCTTCATCTGCGACG,CID4067,Cancer Epithelial,1769
mix_0121_depth100,121,CID4067_GTCGTAACAGATGGGT,CID4067,Cancer Epithelial,2604
mix_0121_depth100,121,CID4067_TACTCATTCTCAACTT,CID4067,Cancer Epithelial,12129
mix_0121_depth25,121,CID4067_CACCACTCATGCCACG,CID4067,CAFs,891
mix_0121_depth25,121,CID4067_TGAGGGAGTATATCCG,CID4067,T cells CD8+,231
mix_0121_depth25,121,CID4067_TGGCCAGGTCTAGTCA,CID4067,T cells CD8+,374
mix_0121_depth25,121,CID4067_GATCTAGAGCGATATA,CID4067,T cells CD8+,219
mix_0121_depth25,121,CID4067_CCGGGATAGAGACTTA,CID4067,PVL,1536
mix_0121_depth25,121,CID4067_CATTCGCAGAAAGTGG,CID4067,NKT cells,348
mix_0121_depth25,121,CID4067_GTACTCCGTCACCTAA,CID4067,Cancer Epithelial,2943
mix_0121_depth25,121,CID4067_CGCTTCATCTGCGACG,CID4067,Cancer Epithelial,437
mix_0121_depth25,121,CID4067_GTCGTAACAGATGGGT,CID4067,Cancer Epithelial,645
mix_0121_depth25,121,CID4067_TACTCATTCTCAACTT,CID4067,Cancer Epithelial,3067
mix_0122_depth100,122,CID4067_AGAGCGAGTTACAGAA,CID4067,CAFs,4464
mix_0122_depth100,122,CID4067_ATCGAGTCATTGGGCC,CID4067,T cells CD8+,865
mix_0122_depth100,122,CID4067_CGGAGCTAGTTAGGTA,CID4067,T cells CD8+,952
mix_0122_depth100,122,CID4067_TGCGTGGCAGGAATGC,CID4067,T cells CD8+,806
mix_0122_depth100,122,CID4067_TGGACGCAGAAACCGC,CID4067,PVL,1662
mix_0122_depth100,122,CID4067_CCTTCCCTCGGATGTT,CID4067,NKT cells,1535
mix_0122_depth100,122,CID4067_CTCGAGGGTTTGTGTG,CID4067,Cancer Epithelial,15987
mix_0122_depth100,122,CID4067_ACTGAACTCCAAACTG,CID4067,Cancer Epithelial,4656
mix_0122_depth100,122,CID4067_GGAATAACACCAGGTC,CID4067,Cancer Epithelial,12446
mix_0122_depth100,122,CID4067_ATGGGAGAGTGTCTCA,CID4067,Cancer Epithelial,2389
mix_0122_depth25,122,CID4067_AGAGCGAGTTACAGAA,CID4067,CAFs,1078
mix_0122_depth25,122,CID4067_ATCGAGTCATTGGGCC,CID4067,T cells CD8+,236
mix_0122_depth25,122,CID4067_CGGAGCTAGTTAGGTA,CID4067,T cells CD8+,231
mix_0122_depth25,122,CID4067_TGCGTGGCAGGAATGC,CID4067,T cells CD8+,215
mix_0122_depth25,122,CID4067_TGGACGCAGAAACCGC,CID4067,PVL,431
mix_0122_depth25,122,CID4067_CCTTCCCTCGGATGTT,CID4067,NKT cells,379
mix_0122_depth25,122,CID4067_CTCGAGGGTTTGTGTG,CID4067,Cancer Epithelial,4014
mix_0122_depth25,122,CID4067_ACTGAACTCCAAACTG,CID4067,Cancer Epithelial,1139
mix_0122_depth25,122,CID4067_GGAATAACACCAGGTC,CID4067,Cancer Epithelial,3083
mix_0122_depth25,122,CID4067_ATGGGAGAGTGTCTCA,CID4067,Cancer Epithelial,568
mix_0123_depth100,123,CID4067_CCCAGTTTCCCTCAGT,CID4067,CAFs,4539
mix_0123_depth100,123,CID4067_CATTCGCCAAACTGCT,CID4067,T cells CD8+,764
mix_0123_depth100,123,CID4067_ACGCAGCCAAGTCTGT,CID4067,T cells CD8+,1017
mix_0123_depth100,123,CID4067_CGCTTCAGTCATATCG,CID4067,T cells CD8+,979
mix_0123_depth100,123,CID4067_CATCCACCAGACGCAA,CID4067,PVL,827
mix_0123_depth100,123,CID4067_GATGAAACAAACGCGA,CID4067,Cycling T-cells,1585
mix_0123_depth100,123,CID4067_CAAGGCCCACGCCAGT,CID4067,Cancer Epithelial,4405
mix_0123_depth100,123,CID4067_GCCTCTAAGGCGATAC,CID4067,Cancer Epithelial,4151
mix_0123_depth100,123,CID4067_AAACGGGGTTGCGCAC,CID4067,Cancer Epithelial,5019
mix_0123_depth100,123,CID4067_TACTCGCCAGGTGCCT,CID4067,Cancer Epithelial,6638
mix_0123_depth25,123,CID4067_CCCAGTTTCCCTCAGT,CID4067,CAFs,1119
mix_0123_depth25,123,CID4067_CATTCGCCAAACTGCT,CID4067,T cells CD8+,182
mix_0123_depth25,123,CID4067_ACGCAGCCAAGTCTGT,CID4067,T cells CD8+,236
mix_0123_depth25,123,CID4067_CGCTTCAGTCATATCG,CID4067,T cells CD8+,238
mix_0123_depth25,123,CID4067_CATCCACCAGACGCAA,CID4067,PVL,212
mix_0123_depth25,123,CID4067_GATGAAACAAACGCGA,CID4067,Cycling T-cells,413
mix_0123_depth25,123,CID4067_CAAGGCCCACGCCAGT,CID4067,Cancer Epithelial,1117
mix_0123_depth25,123,CID4067_GCCTCTAAGGCGATAC,CID4067,Cancer Epithelial,1102
mix_0123_depth25,123,CID4067_AAACGGGGTTGCGCAC,CID4067,Cancer Epithelial,1289
mix_0123_depth25,123,CID4067_TACTCGCCAGGTGCCT,CID4067,Cancer Epithelial,1663
mix_0124_depth100,124,CID4067_CTGTGCTAGAATGTTG,CID4067,CAFs,5726
mix_0124_depth100,124,CID4067_ATTTCTGGTTACAGAA,CID4067,T cells CD8+,1538
mix_0124_depth100,124,CID4067_CACAGGCTCAAGAAGT,CID4067,T cells CD8+,968
mix_0124_depth100,124,CID4067_ACACCAAGTTAGTGGG,CID4067,T cells CD8+,1126
mix_0124_depth100,124,CID4067_CAGAATCAGGCCCGTT,CID4067,PVL,5876
mix_0124_depth100,124,CID4067_TACACGAAGAACTCGG,CID4067,Cycling T-cells,4788
mix_0124_depth100,124,CID4067_GTTCATTGTTTGTTTC,CID4067,Cancer Epithelial,1913
mix_0124_depth100,124,CID4067_AGAGCTTTCTACCTGC,CID4067,Cancer Epithelial,4701
mix_0124_depth100,124,CID4067_CCCTCCTAGATAGCAT,CID4067,Cancer Epithelial,5142
mix_0124_depth100,124,CID4067_GCATGATGTTCGGGCT,CID4067,Cancer Epithelial,10035
mix_0124_depth25,124,CID4067_CTGTGCTAGAATGTTG,CID4067,CAFs,1405
mix_0124_depth25,124,CID4067_ATTTCTGGTTACAGAA,CID4067,T cells CD8+,407
mix_0124_depth25,124,CID4067_CACAGGCTCAAGAAGT,CID4067,T cells CD8+,246
mix_0124_depth25,124,CID4067_ACACCAAGTTAGTGGG,CID4067,T cells CD8+,262
mix_0124_depth25,124,CID4067_CAGAATCAGGCCCGTT,CID4067,PVL,1442
mix_0124_depth25,124,CID4067_TACACGAAGAACTCGG,CID4067,Cycling T-cells,1134
mix_0124_depth25,124,CID4067_GTTCATTGTTTGTTTC,CID4067,Cancer Epithelial,446
mix_0124_depth25,124,CID4067_AGAGCTTTCTACCTGC,CID4067,Cancer Epithelial,1151
mix_0124_depth25,124,CID4067_CCCTCCTAGATAGCAT,CID4067,Cancer Epithelial,1379
mix_0124_depth25,124,CID4067_GCATGATGTTCGGGCT,CID4067,Cancer Epithelial,2410
mix_0125_depth100,125,CID4067_AGCGGTCTCATTCACT,CID4067,CAFs,498
mix_0125_depth100,125,CID4067_TTAGGCAGTACAGACG,CID4067,T cells CD8+,1094
mix_0125_depth100,125,CID4067_ACAGCCGGTTATTCTC,CID4067,T cells CD8+,383
mix_0125_depth100,125,CID4067_CCACGGACACCGGAAA,CID4067,T cells CD8+,1356
mix_0125_depth100,125,CID4067_TATGCCCCAAAGGTGC,CID4067,PVL,1519
mix_0125_depth100,125,CID4067_GATGAAACAAACGCGA,CID4067,Cycling T-cells,1585
mix_0125_depth100,125,CID4067_CCGTACTGTAGCTGCC,CID4067,Cancer Epithelial,2965
mix_0125_depth100,125,CID4067_CCTAAAGGTACATCCA,CID4067,Cancer Epithelial,4379
mix_0125_depth100,125,CID4067_GTGCAGCAGATGGCGT,CID4067,Cancer Epithelial,3495
mix_0125_depth100,125,CID4067_TATTACCCATGCCTTC,CID4067,Cancer Epithelial,8611
mix_0125_depth25,125,CID4067_AGCGGTCTCATTCACT,CID4067,CAFs,122
mix_0125_depth25,125,CID4067_TTAGGCAGTACAGACG,CID4067,T cells CD8+,284
mix_0125_depth25,125,CID4067_ACAGCCGGTTATTCTC,CID4067,T cells CD8+,96
mix_0125_depth25,125,CID4067_CCACGGACACCGGAAA,CID4067,T cells CD8+,334
mix_0125_depth25,125,CID4067_TATGCCCCAAAGGTGC,CID4067,PVL,379
mix_0125_depth25,125,CID4067_GATGAAACAAACGCGA,CID4067,Cycling T-cells,395
mix_0125_depth25,125,CID4067_CCGTACTGTAGCTGCC,CID4067,Cancer Epithelial,773
mix_0125_depth25,125,CID4067_CCTAAAGGTACATCCA,CID4067,Cancer Epithelial,1074
mix_0125_depth25,125,CID4067_GTGCAGCAGATGGCGT,CID4067,Cancer Epithelial,893
mix_0125_depth25,125,CID4067_TATTACCCATGCCTTC,CID4067,Cancer Epithelial,2142
mix_0126_depth100,126,CID4067_GGATGTTAGCCTATGT,CID4067,CAFs,1519
mix_0126_depth100,126,CID4067_ACGAGGAAGCTCAACT,CID4067,CAFs,591
mix_0126_depth100,126,CID4067_CGGACACAGGTGCACA,CID4067,CAFs,3077
mix_0126_depth100,126,CID4067_GAATAAGAGTGAACGC,CID4067,PVL,1432
mix_0126_depth100,126,CID4067_CGCTTCAGTGAGTGAC,CID4067,T cells CD4+,934
mix_0126_depth100,126,CID4067_CTGAAACAGCATCATC,CID4067,Cancer Epithelial,2368
mix_0126_depth100,126,CID4067_TATTACCGTCGGCATC,CID4067,Cancer Epithelial,3237
mix_0126_depth100,126,CID4067_AGATCTGCACAGCCCA,CID4067,Cancer Epithelial,3969
mix_0126_depth100,126,CID4067_CTCTAATAGTACACCT,CID4067,Cancer Epithelial,4081
mix_0126_depth100,126,CID4067_CATCAGAAGATCGGGT,CID4067,Cancer Epithelial,6198
mix_0126_depth25,126,CID4067_GGATGTTAGCCTATGT,CID4067,CAFs,360
mix_0126_depth25,126,CID4067_ACGAGGAAGCTCAACT,CID4067,CAFs,144
mix_0126_depth25,126,CID4067_CGGACACAGGTGCACA,CID4067,CAFs,786
mix_0126_depth25,126,CID4067_GAATAAGAGTGAACGC,CID4067,PVL,339
mix_0126_depth25,126,CID4067_CGCTTCAGTGAGTGAC,CID4067,T cells CD4+,246
mix_0126_depth25,126,CID4067_CTGAAACAGCATCATC,CID4067,Cancer Epithelial,594
mix_0126_depth25,126,CID4067_TATTACCGTCGGCATC,CID4067,Cancer Epithelial,812
mix_0126_depth25,126,CID4067_AGATCTGCACAGCCCA,CID4067,Cancer Epithelial,979
mix_0126_depth25,126,CID4067_CTCTAATAGTACACCT,CID4067,Cancer Epithelial,1044
mix_0126_depth25,126,CID4067_CATCAGAAGATCGGGT,CID4067,Cancer Epithelial,1614
mix_0127_depth100,127,CID4067_ACTATCTAGATATACG,CID4067,CAFs,3016
mix_0127_depth100,127,CID4067_CACCACTCATGTTGAC,CID4067,CAFs,1468
mix_0127_depth100,127,CID4067_CGTCACTAGGCGACAT,CID4067,CAFs,7907
mix_0127_depth100,127,CID4067_TAGTTGGAGTAGGTGC,CID4067,PVL,1975
mix_0127_depth100,127,CID4067_CAGCCGAAGGATGGTC,CID4067,T cells CD4+,630
mix_0127_depth100,127,CID4067_TGTATTCCAGTTAACC,CID4067,Cancer Epithelial,2975
mix_0127_depth100,127,CID4067_AAAGTAGCACAACGTT,CID4067,Cancer Epithelial,8190
mix_0127_depth100,127,CID4067_ATCATGGGTGTTAAGA,CID4067,Cancer Epithelial,5152
mix_0127_depth100,127,CID4067_CCTAAAGCAGGGATTG,CID4067,Cancer Epithelial,2350
mix_0127_depth100,127,CID4067_ACAGCCGCAGCTGCAC,CID4067,Cancer Epithelial,2719
mix_0127_depth25,127,CID4067_ACTATCTAGATATACG,CID4067,CAFs,780
mix_0127_depth25,127,CID4067_CACCACTCATGTTGAC,CID4067,CAFs,399
mix_0127_depth25,127,CID4067_CGTCACTAGGCGACAT,CID4067,CAFs,1970
mix_0127_depth25,127,CID4067_TAGTTGGAGTAGGTGC,CID4067,PVL,489
mix_0127_depth25,127,CID4067_CAGCCGAAGGATGGTC,CID4067,T cells CD4+,154
mix_0127_depth25,127,CID4067_TGTATTCCAGTTAACC,CID4067,Cancer Epithelial,756
mix_0127_depth25,127,CID4067_AAAGTAGCACAACGTT,CID4067,Cancer Epithelial,2064
mix_0127_depth25,127,CID4067_ATCATGGGTGTTAAGA,CID4067,Cancer Epithelial,1274
mix_0127_depth25,127,CID4067_CCTAAAGCAGGGATTG,CID4067,Cancer Epithelial,552
mix_0127_depth25,127,CID4067_ACAGCCGCAGCTGCAC,CID4067,Cancer Epithelial,658
mix_0128_depth100,128,CID4067_TGCCCTAAGATCACGG,CID4067,CAFs,3787
mix_0128_depth100,128,CID4067_GGACATTGTCTAGGTT,CID4067,CAFs,4503
mix_0128_depth100,128,CID4067_ATGTGTGCAGCTGTAT,CID4067,CAFs,2081
mix_0128_depth100,128,CID4067_TGGCTGGAGGCCCTCA,CID4067,PVL,5321
mix_0128_depth100,128,CID4067_GAGCAGAGTACAGCAG,CID4067,T cells CD4+,1784
mix_0128_depth100,128,CID4067_TTATGCTGTGTGGTTT,CID4067,Cancer Epithelial,1970
mix_0128_depth100,128,CID4067_GAAACTCAGAGCTGGT,CID4067,Cancer Epithelial,11460
mix_0128_depth100,128,CID4067_GATGAGGCATGGGAAC,CID4067,Cancer Epithelial,2971
mix_0128_depth100,128,CID4067_GCCAAATGTAAGTTCC,CID4067,Cancer Epithelial,2582
mix_0128_depth100,128,CID4067_TAGGCATAGGACAGCT,CID4067,Cancer Epithelial,7445
mix_0128_depth25,128,CID4067_TGCCCTAAGATCACGG,CID4067,CAFs,872
mix_0128_depth25,128,CID4067_GGACATTGTCTAGGTT,CID4067,CAFs,1153
mix_0128_depth25,128,CID4067_ATGTGTGCAGCTGTAT,CID4067,CAFs,518
mix_0128_depth25,128,CID4067_TGGCTGGAGGCCCTCA,CID4067,PVL,1360
mix_0128_depth25,128,CID4067_GAGCAGAGTACAGCAG,CID4067,T cells CD4+,422
mix_0128_depth25,128,CID4067_TTATGCTGTGTGGTTT,CID4067,Cancer Epithelial,499
mix_0128_depth25,128,CID4067_GAAACTCAGAGCTGGT,CID4067,Cancer Epithelial,2918
mix_0128_depth25,128,CID4067_GATGAGGCATGGGAAC,CID4067,Cancer Epithelial,738
mix_0128_depth25,128,CID4067_GCCAAATGTAAGTTCC,CID4067,Cancer Epithelial,669
mix_0128_depth25,128,CID4067_TAGGCATAGGACAGCT,CID4067,Cancer Epithelial,1867
mix_0129_depth100,129,CID4067_GAATAAGTCCGCGTTT,CID4067,CAFs,5579
mix_0129_depth100,129,CID4067_ATCGAGTGTGGTACAG,CID4067,CAFs,7810
mix_0129_depth100,129,CID4067_CATTATCCAAGTTCTG,CID4067,CAFs,5764
mix_0129_depth100,129,CID4067_GTACGTATCGGCGCTA,CID4067,PVL,1015
mix_0129_depth100,129,CID4067_GGCTCGATCAACTCTT,CID4067,Myeloid,5140
mix_0129_depth100,129,CID4067_AGGGATGCACACGCTG,CID4067,Cancer Epithelial,8940
mix_0129_depth100,129,CID4067_CTAGCCTAGCACACAG,CID4067,Cancer Epithelial,9782
mix_0129_depth100,129,CID4067_AGCGTCGTCATTATCC,CID4067,Cancer Epithelial,1829
mix_0129_depth100,129,CID4067_CGTTCTGCAAGAGTCG,CID4067,Cancer Epithelial,6488
mix_0129_depth100,129,CID4067_GGAGCAACACTTGGAT,CID4067,Cancer Epithelial,4155
mix_0129_depth25,129,CID4067_GAATAAGTCCGCGTTT,CID4067,CAFs,1354
mix_0129_depth25,129,CID4067_ATCGAGTGTGGTACAG,CID4067,CAFs,1974
mix_0129_depth25,129,CID4067_CATTATCCAAGTTCTG,CID4067,CAFs,1432
mix_0129_depth25,129,CID4067_GTACGTATCGGCGCTA,CID4067,PVL,250
mix_0129_depth25,129,CID4067_GGCTCGATCAACTCTT,CID4067,Myeloid,1315
mix_0129_depth25,129,CID4067_AGGGATGCACACGCTG,CID4067,Cancer Epithelial,2253
mix_0129_depth25,129,CID4067_CTAGCCTAGCACACAG,CID4067,Cancer Epithelial,2442
mix_0129_depth25,129,CID4067_AGCGTCGTCATTATCC,CID4067,Cancer Epithelial,450
mix_0129_depth25,129,CID4067_CGTTCTGCAAGAGTCG,CID4067,Cancer Epithelial,1605
mix_0129_depth25,129,CID4067_GGAGCAACACTTGGAT,CID4067,Cancer Epithelial,1049
mix_0130_depth100,130,CID4067_CCTTACGGTCTGGTCG,CID4067,CAFs,2493
mix_0130_depth100,130,CID4067_AGGGATGAGTGCCATT,CID4067,CAFs,3679
mix_0130_depth100,130,CID4067_GCGAGAAAGAAACCTA,CID4067,CAFs,10413
mix_0130_depth100,130,CID4067_GTATTCTAGTGACTCT,CID4067,PVL,401
mix_0130_depth100,130,CID4067_CAGCTGGCATGGAATA,CID4067,Myeloid,3528
mix_0130_depth100,130,CID4067_CAGTAACAGAGTGAGA,CID4067,Cancer Epithelial,7605
mix_0130_depth100,130,CID4067_ATAAGAGAGTTCGCGC,CID4067,Cancer Epithelial,2249
mix_0130_depth100,130,CID4067_GTCCTCACAGATGGGT,CID4067,Cancer Epithelial,5342
mix_0130_depth100,130,CID4067_CTTTGCGAGACCACGA,CID4067,Cancer Epithelial,9370
mix_0130_depth100,130,CID4067_TGACGGCGTAGTAGTA,CID4067,Cancer Epithelial,3219
mix_0130_depth25,130,CID4067_CCTTACGGTCTGGTCG,CID4067,CAFs,616
mix_0130_depth25,130,CID4067_AGGGATGAGTGCCATT,CID4067,CAFs,988
mix_0130_depth25,130,CID4067_GCGAGAAAGAAACCTA,CID4067,CAFs,2612
mix_0130_depth25,130,CID4067_GTATTCTAGTGACTCT,CID4067,PVL,104
mix_0130_depth25,130,CID4067_CAGCTGGCATGGAATA,CID4067,Myeloid,916
mix_0130_depth25,130,CID4067_CAGTAACAGAGTGAGA,CID4067,Cancer Epithelial,1917
mix_0130_depth25,130,CID4067_ATAAGAGAGTTCGCGC,CID4067,Cancer Epithelial,576
mix_0130_depth25,130,CID4067_GTCCTCACAGATGGGT,CID4067,Cancer Epithelial,1384
mix_0130_depth25,130,CID4067_CTTTGCGAGACCACGA,CID4067,Cancer Epithelial,2408
mix_0130_depth25,130,CID4067_TGACGGCGTAGTAGTA,CID4067,Cancer Epithelial,786
mix_0131_depth100,131,CID4067_CGTCTACGTAACGACG,CID4067,CAFs,1777
mix_0131_depth100,131,CID4067_CGTCACTAGGCGACAT,CID4067,CAFs,7907
mix_0131_depth100,131,CID4067_CTGTGCTAGAATGTTG,CID4067,CAFs,5726
mix_0131_depth100,131,CID4067_TCGTACCAGATGCGAC,CID4067,PVL,1117
mix_0131_depth100,131,CID4067_CTCAGAAGTCACCTAA,CID4067,Myeloid,4889
mix_0131_depth100,131,CID4067_ACATACGAGAGGGATA,CID4067,Cancer Epithelial,6134
mix_0131_depth100,131,CID4067_CTCTACGGTCTTGCGG,CID4067,Cancer Epithelial,2550
mix_0131_depth100,131,CID4067_CGTCCATGTGTGTGCC,CID4067,Cancer Epithelial,2772
mix_0131_depth100,131,CID4067_CTCGTACGTCAGTGGA,CID4067,Cancer Epithelial,1761
mix_0131_depth100,131,CID4067_GGACAGATCCTCAACC,CID4067,Cancer Epithelial,7901
mix_0131_depth25,131,CID4067_CGTCTACGTAACGACG,CID4067,CAFs,413
mix_0131_depth25,131,CID4067_CGTCACTAGGCGACAT,CID4067,CAFs,2028
mix_0131_depth25,131,CID4067_CTGTGCTAGAATGTTG,CID4067,CAFs,1368
mix_0131_depth25,131,CID4067_TCGTACCAGATGCGAC,CID4067,PVL,288
mix_0131_depth25,131,CID4067_CTCAGAAGTCACCTAA,CID4067,Myeloid,1225
mix_0131_depth25,131,CID4067_ACATACGAGAGGGATA,CID4067,Cancer Epithelial,1502
mix_0131_depth25,131,CID4067_CTCTACGGTCTTGCGG,CID4067,Cancer Epithelial,656
mix_0131_depth25,131,CID4067_CGTCCATGTGTGTGCC,CID4067,Cancer Epithelial,671
mix_0131_depth25,131,CID4067_CTCGTACGTCAGTGGA,CID4067,Cancer Epithelial,440
mix_0131_depth25,131,CID4067_GGACAGATCCTCAACC,CID4067,Cancer Epithelial,1882
mix_0132_depth100,132,CID4067_CGACCTTTCCGAATGT,CID4067,CAFs,1629
mix_0132_depth100,132,CID4067_AATCGGTCAGACAAGC,CID4067,CAFs,5071
mix_0132_depth100,132,CID4067_AGCTCCTCACTTAACG,CID4067,CAFs,5319
mix_0132_depth100,132,CID4067_TACCTATTCCCTCAGT,CID4067,PVL,14195
mix_0132_depth100,132,CID4067_AAACCTGGTCAATGTC,CID4067,Endothelial,6242
mix_0132_depth100,132,CID4067_CAGCATATCTGATACG,CID4067,Cancer Epithelial,4382
mix_0132_depth100,132,CID4067_CTCAGAAGTTCACGGC,CID4067,Cancer Epithelial,5333
mix_0132_depth100,132,CID4067_CCGTGGATCCTCAATT,CID4067,Cancer Epithelial,2250
mix_0132_depth100,132,CID4067_CAGATCAAGTGAACAT,CID4067,Cancer Epithelial,2866
mix_0132_depth100,132,CID4067_CATGCCTGTCGCGGTT,CID4067,Cancer Epithelial,4624
mix_0132_depth25,132,CID4067_CGACCTTTCCGAATGT,CID4067,CAFs,433
mix_0132_depth25,132,CID4067_AATCGGTCAGACAAGC,CID4067,CAFs,1250
mix_0132_depth25,132,CID4067_AGCTCCTCACTTAACG,CID4067,CAFs,1335
mix_0132_depth25,132,CID4067_TACCTATTCCCTCAGT,CID4067,PVL,3561
mix_0132_depth25,132,CID4067_AAACCTGGTCAATGTC,CID4067,Endothelial,1537
mix_0132_depth25,132,CID4067_CAGCATATCTGATACG,CID4067,Cancer Epithelial,1070
mix_0132_depth25,132,CID4067_CTCAGAAGTTCACGGC,CID4067,Cancer Epithelial,1276
mix_0132_depth25,132,CID4067_CCGTGGATCCTCAATT,CID4067,Cancer Epithelial,573
mix_0132_depth25,132,CID4067_CAGATCAAGTGAACAT,CID4067,Cancer Epithelial,714
mix_0132_depth25,132,CID4067_CATGCCTGTCGCGGTT,CID4067,Cancer Epithelial,1116
mix_0133_depth100,133,CID4067_GACTGCGTCTCTAAGG,CID4067,CAFs,6220
mix_0133_depth100,133,CID4067_AGCGGTCTCATTCACT,CID4067,CAFs,498
mix_0133_depth100,133,CID4067_CGTCACTAGGCGACAT,CID4067,CAFs,7907
mix_0133_depth100,133,CID4067_CCCAGTTGTGGCTCCA,CID4067,PVL,1172
mix_0133_depth100,133,CID4067_CGTTAGACACGTGAGA,CID4067,Endothelial,2789
mix_0133_depth100,133,CID4067_ATCTGCCCATGGTAGG,CID4067,Cancer Epithelial,2500
mix_0133_depth100,133,CID4067_GCCAAATAGCTGTTCA,CID4067,Cancer Epithelial,7186
mix_0133_depth100,133,CID4067_AGCGGTCGTGATGTGG,CID4067,Cancer Epithelial,6331
mix_0133_depth100,133,CID4067_GTATTCTTCCCTTGTG,CID4067,Cancer Epithelial,4402
mix_0133_depth100,133,CID4067_TACTTACGTGCTCTTC,CID4067,Cancer Epithelial,1551
mix_0133_depth25,133,CID4067_GACTGCGTCTCTAAGG,CID4067,CAFs,1500
mix_0133_depth25,133,CID4067_AGCGGTCTCATTCACT,CID4067,CAFs,110
mix_0133_depth25,133,CID4067_CGTCACTAGGCGACAT,CID4067,CAFs,1978
mix_0133_depth25,133,CID4067_CCCAGTTGTGGCTCCA,CID4067,PVL,283
mix_0133_depth25,133,CID4067_CGTTAGACACGTGAGA,CID4067,Endothelial,770
mix_0133_depth25,133,CID4067_ATCTGCCCATGGTAGG,CID4067,Cancer Epithelial,641
mix_0133_depth25,133,CID4067_GCCAAATAGCTGTTCA,CID4067,Cancer Epithelial,1844
mix_0133_depth25,133,CID4067_AGCGGTCGTGATGTGG,CID4067,Cancer Epithelial,1616
mix_0133_depth25,133,CID4067_GTATTCTTCCCTTGTG,CID4067,Cancer Epithelial,1067
mix_0133_depth25,133,CID4067_TACTTACGTGCTCTTC,CID4067,Cancer Epithelial,381
mix_0134_depth100,134,CID4067_GACTGCGCACCGTTGG,CID4067,CAFs,1878
mix_0134_depth100,134,CID4067_ACATCAGGTCGCATCG,CID4067,CAFs,7882
mix_0134_depth100,134,CID4067_GATGAGGGTGCCTGCA,CID4067,CAFs,3731
mix_0134_depth100,134,CID4067_TCGGTAAAGTCAATAG,CID4067,PVL,1131
mix_0134_depth100,134,CID4067_TGCACCTTCGAGAACG,CID4067,Endothelial,1021
mix_0134_depth100,134,CID4067_GTTCATTTCAACACTG,CID4067,Cancer Epithelial,5814
mix_0134_depth100,134,CID4067_CTCTACGAGTACATGA,CID4067,Cancer Epithelial,6403
mix_0134_depth100,134,CID4067_CAGAGAGAGAATTCCC,CID4067,Cancer Epithelial,5221
mix_0134_depth100,134,CID4067_CGCTGGAAGCCACTAT,CID4067,Cancer Epithelial,8585
mix_0134_depth100,134,CID4067_TTGCGTCTCAGTACGT,CID4067,Cancer Epithelial,1291
mix_0134_depth25,134,CID4067_GACTGCGCACCGTTGG,CID4067,CAFs,485
mix_0134_depth25,134,CID4067_ACATCAGGTCGCATCG,CID4067,CAFs,2030
mix_0134_depth25,134,CID4067_GATGAGGGTGCCTGCA,CID4067,CAFs,980
mix_0134_depth25,134,CID4067_TCGGTAAAGTCAATAG,CID4067,PVL,278
mix_0134_depth25,134,CID4067_TGCACCTTCGAGAACG,CID4067,Endothelial,251
mix_0134_depth25,134,CID4067_GTTCATTTCAACACTG,CID4067,Cancer Epithelial,1484
mix_0134_depth25,134,CID4067_CTCTACGAGTACATGA,CID4067,Cancer Epithelial,1588
mix_0134_depth25,134,CID4067_CAGAGAGAGAATTCCC,CID4067,Cancer Epithelial,1327
mix_0134_depth25,134,CID4067_CGCTGGAAGCCACTAT,CID4067,Cancer Epithelial,2145
mix_0134_depth25,134,CID4067_TTGCGTCTCAGTACGT,CID4067,Cancer Epithelial,310
mix_0135_depth100,135,CID4067_AAACGGGGTACCGCTG,CID4067,CAFs,5231
mix_0135_depth100,135,CID4067_GCACTCTCACCACCAG,CID4067,CAFs,8164
mix_0135_depth100,135,CID4067_CGTTGGGAGTTACCCA,CID4067,CAFs,2632
mix_0135_depth100,135,CID4067_CCATGTCTCTGGCGAC,CID4067,PVL,1660
mix_0135_depth100,135,CID4067_TCAACGATCTGTTGAG,CID4067,B-cells,891
mix_0135_depth100,135,CID4067_CGGTTAATCTCGGACG,CID4067,Cancer Epithelial,4994
mix_0135_depth100,135,CID4067_AGGGTGACAGCCTGTG,CID4067,Cancer Epithelial,5696
mix_0135_depth100,135,CID4067_ACACCGGAGAGGTTAT,CID4067,Cancer Epithelial,1845
mix_0135_depth100,135,CID4067_GGAACTTGTCCATCCT,CID4067,Cancer Epithelial,1802
mix_0135_depth100,135,CID4067_GTAGTCAAGATATGCA,CID4067,Cancer Epithelial,9470
mix_0135_depth25,135,CID4067_AAACGGGGTACCGCTG,CID4067,CAFs,1312
mix_0135_depth25,135,CID4067_GCACTCTCACCACCAG,CID4067,CAFs,2038
mix_0135_depth25,135,CID4067_CGTTGGGAGTTACCCA,CID4067,CAFs,688
mix_0135_depth25,135,CID4067_CCATGTCTCTGGCGAC,CID4067,PVL,418
mix_0135_depth25,135,CID4067_TCAACGATCTGTTGAG,CID4067,B-cells,229
mix_0135_depth25,135,CID4067_CGGTTAATCTCGGACG,CID4067,Cancer Epithelial,1285
mix_0135_depth25,135,CID4067_AGGGTGACAGCCTGTG,CID4067,Cancer Epithelial,1373
mix_0135_depth25,135,CID4067_ACACCGGAGAGGTTAT,CID4067,Cancer Epithelial,437
mix_0135_depth25,135,CID4067_GGAACTTGTCCATCCT,CID4067,Cancer Epithelial,447
mix_0135_depth25,135,CID4067_GTAGTCAAGATATGCA,CID4067,Cancer Epithelial,2346
mix_0136_depth100,136,CID4067_TGGCGCAGTCGATTGT,CID4067,CAFs,2091
mix_0136_depth100,136,CID4067_CTAAGACAGACGACGT,CID4067,CAFs,7021
mix_0136_depth100,136,CID4067_AGTCTTTCACAGGCCT,CID4067,CAFs,815
mix_0136_depth100,136,CID4067_CGGACTGCAGGATTGG,CID4067,PVL,1242
mix_0136_depth100,136,CID4067_TAGTTGGAGAAGGACA,CID4067,B-cells,1648
mix_0136_depth100,136,CID4067_GTGTTAGGTACCGCTG,CID4067,Cancer Epithelial,11531
mix_0136_depth100,136,CID4067_CATCGAAAGTGCGATG,CID4067,Cancer Epithelial,8933
mix_0136_depth100,136,CID4067_GTGCGGTAGAATTGTG,CID4067,Cancer Epithelial,3144
mix_0136_depth100,136,CID4067_CCGTACTGTAGCTGCC,CID4067,Cancer Epithelial,2965
mix_0136_depth100,136,CID4067_GGACAAGTCGCCAAAT,CID4067,Cancer Epithelial,5532
mix_0136_depth25,136,CID4067_TGGCGCAGTCGATTGT,CID4067,CAFs,515
mix_0136_depth25,136,CID4067_CTAAGACAGACGACGT,CID4067,CAFs,1775
mix_0136_depth25,136,CID4067_AGTCTTTCACAGGCCT,CID4067,CAFs,194
mix_0136_depth25,136,CID4067_CGGACTGCAGGATTGG,CID4067,PVL,326
mix_0136_depth25,136,CID4067_TAGTTGGAGAAGGACA,CID4067,B-cells,411
mix_0136_depth25,136,CID4067_GTGTTAGGTACCGCTG,CID4067,Cancer Epithelial,2915
mix_0136_depth25,136,CID4067_CATCGAAAGTGCGATG,CID4067,Cancer Epithelial,2222
mix_0136_depth25,136,CID4067_GTGCGGTAGAATTGTG,CID4067,Cancer Epithelial,789
mix_0136_depth25,136,CID4067_CCGTACTGTAGCTGCC,CID4067,Cancer Epithelial,752
mix_0136_depth25,136,CID4067_GGACAAGTCGCCAAAT,CID4067,Cancer Epithelial,1369
mix_0137_depth100,137,CID4067_CAGATCATCTTTCCTC,CID4067,CAFs,2550
mix_0137_depth100,137,CID4067_CTGAAACAGCAAATCA,CID4067,CAFs,2119
mix_0137_depth100,137,CID4067_TGTTCCGGTGGCAAAC,CID4067,CAFs,6139
mix_0137_depth100,137,CID4067_TGGCGCATCGGCATCG,CID4067,PVL,767
mix_0137_depth100,137,CID4067_GCGGGTTTCTTAGCCC,CID4067,B-cells,970
mix_0137_depth100,137,CID4067_GTAGTCATCCTGCCAT,CID4067,Cancer Epithelial,4874
mix_0137_depth100,137,CID4067_GAAGCAGGTTCCATGA,CID4067,Cancer Epithelial,5408
mix_0137_depth100,137,CID4067_CCTAAAGCAGGGATTG,CID4067,Cancer Epithelial,2350
mix_0137_depth100,137,CID4067_CGGACACTCCAAACAC,CID4067,Cancer Epithelial,5109
mix_0137_depth100,137,CID4067_CAGTAACGTAGGCTGA,CID4067,Cancer Epithelial,5377
mix_0137_depth25,137,CID4067_CAGATCATCTTTCCTC,CID4067,CAFs,636
mix_0137_depth25,137,CID4067_CTGAAACAGCAAATCA,CID4067,CAFs,513
mix_0137_depth25,137,CID4067_TGTTCCGGTGGCAAAC,CID4067,CAFs,1562
mix_0137_depth25,137,CID4067_TGGCGCATCGGCATCG,CID4067,PVL,203
mix_0137_depth25,137,CID4067_GCGGGTTTCTTAGCCC,CID4067,B-cells,224
mix_0137_depth25,137,CID4067_GTAGTCATCCTGCCAT,CID4067,Cancer Epithelial,1171
mix_0137_depth25,137,CID4067_GAAGCAGGTTCCATGA,CID4067,Cancer Epithelial,1354
mix_0137_depth25,137,CID4067_CCTAAAGCAGGGATTG,CID4067,Cancer Epithelial,595
mix_0137_depth25,137,CID4067_CGGACACTCCAAACAC,CID4067,Cancer Epithelial,1257
mix_0137_depth25,137,CID4067_CAGTAACGTAGGCTGA,CID4067,Cancer Epithelial,1372
mix_0138_depth100,138,CID4067_CGCGGTATCAACACTG,CID4067,CAFs,2568
mix_0138_depth100,138,CID4067_GTATTCTGTCTTCAAG,CID4067,CAFs,3508
mix_0138_depth100,138,CID4067_GGTATTGAGCGAAGGG,CID4067,CAFs,7900
mix_0138_depth100,138,CID4067_CTGCTGTTCTGTACGA,CID4067,PVL,770
mix_0138_depth100,138,CID4067_ACACCAAGTCAGCTAT,CID4067,NK cells,1492
mix_0138_depth100,138,CID4067_CGGCTAGCACGGTTTA,CID4067,Cancer Epithelial,5628
mix_0138_depth100,138,CID4067_CAACCTCTCCAGGGCT,CID4067,Cancer Epithelial,1354
mix_0138_depth100,138,CID4067_GATGAGGAGTCGCCGT,CID4067,Cancer Epithelial,7877
mix_0138_depth100,138,CID4067_TCGCGTTTCCATGAGT,CID4067,Cancer Epithelial,6541
mix_0138_depth100,138,CID4067_CTCAGAAGTTAAAGAC,CID4067,Cancer Epithelial,2026
mix_0138_depth25,138,CID4067_CGCGGTATCAACACTG,CID4067,CAFs,603
mix_0138_depth25,138,CID4067_GTATTCTGTCTTCAAG,CID4067,CAFs,864
mix_0138_depth25,138,CID4067_GGTATTGAGCGAAGGG,CID4067,CAFs,1905
mix_0138_depth25,138,CID4067_CTGCTGTTCTGTACGA,CID4067,PVL,188
mix_0138_depth25,138,CID4067_ACACCAAGTCAGCTAT,CID4067,NK cells,380
mix_0138_depth25,138,CID4067_CGGCTAGCACGGTTTA,CID4067,Cancer Epithelial,1444
mix_0138_depth25,138,CID4067_CAACCTCTCCAGGGCT,CID4067,Cancer Epithelial,339
mix_0138_depth25,138,CID4067_GATGAGGAGTCGCCGT,CID4067,Cancer Epithelial,1926
mix_0138_depth25,138,CID4067_TCGCGTTTCCATGAGT,CID4067,Cancer Epithelial,1620
mix_0138_depth25,138,CID4067_CTCAGAAGTTAAAGAC,CID4067,Cancer Epithelial,497
mix_0139_depth100,139,CID4067_GTCTTCGCAAGTTGTC,CID4067,CAFs,3619
mix_0139_depth100,139,CID4067_ATTTCTGGTGACTCAT,CID4067,CAFs,2349
mix_0139_depth100,139,CID4067_GGAAAGCGTTCAGTAC,CID4067,CAFs,5079
mix_0139_depth100,139,CID4067_TCGAGGCTCGGAAACG,CID4067,PVL,4356
mix_0139_depth100,139,CID4067_AGGTCCGTCATGCATG,CID4067,NK cells,1189
mix_0139_depth100,139,CID4067_TGGTTCCTCATTGCGA,CID4067,Cancer Epithelial,3517
mix_0139_depth100,139,CID4067_CGATGGCGTAGCTCCG,CID4067,Cancer Epithelial,4577
mix_0139_depth100,139,CID4067_CAGCTAAGTCATATGC,CID4067,Cancer Epithelial,4351
mix_0139_depth100,139,CID4067_GAGGTGACATCCTTGC,CID4067,Cancer Epithelial,3340
mix_0139_depth100,139,CID4067_TACGGGCCAGCTATTG,CID4067,Cancer Epithelial,4357
mix_0139_depth25,139,CID4067_GTCTTCGCAAGTTGTC,CID4067,CAFs,901
mix_0139_depth25,139,CID4067_ATTTCTGGTGACTCAT,CID4067,CAFs,574
mix_0139_depth25,139,CID4067_GGAAAGCGTTCAGTAC,CID4067,CAFs,1311
mix_0139_depth25,139,CID4067_TCGAGGCTCGGAAACG,CID4067,PVL,1040
mix_0139_depth25,139,CID4067_AGGTCCGTCATGCATG,CID4067,NK cells,327
mix_0139_depth25,139,CID4067_TGGTTCCTCATTGCGA,CID4067,Cancer Epithelial,858
mix_0139_depth25,139,CID4067_CGATGGCGTAGCTCCG,CID4067,Cancer Epithelial,1169
mix_0139_depth25,139,CID4067_CAGCTAAGTCATATGC,CID4067,Cancer Epithelial,1061
mix_0139_depth25,139,CID4067_GAGGTGACATCCTTGC,CID4067,Cancer Epithelial,814
mix_0139_depth25,139,CID4067_TACGGGCCAGCTATTG,CID4067,Cancer Epithelial,1128
mix_0140_depth100,140,CID4067_CGCTATCTCGGTGTTA,CID4067,CAFs,3040
mix_0140_depth100,140,CID4067_GGGCACTAGGAGTCTG,CID4067,CAFs,10293
mix_0140_depth100,140,CID4067_GTGTTAGTCTGGGCCA,CID4067,CAFs,4347
mix_0140_depth100,140,CID4067_GACGTTAAGGTTCCTA,CID4067,PVL,864
mix_0140_depth100,140,CID4067_AGGTCCGTCATGCATG,CID4067,NK cells,1189
mix_0140_depth100,140,CID4067_GAACCTATCAAACAAG,CID4067,Cancer Epithelial,5071
mix_0140_depth100,140,CID4067_CATCAGAAGATCGGGT,CID4067,Cancer Epithelial,6198
mix_0140_depth100,140,CID4067_GGACAGATCCTCAACC,CID4067,Cancer Epithelial,7901
mix_0140_depth100,140,CID4067_TGGGCGTAGCCACGCT,CID4067,Cancer Epithelial,3172
mix_0140_depth100,140,CID4067_CGCTGGAAGTGGTAAT,CID4067,Cancer Epithelial,1570
mix_0140_depth25,140,CID4067_CGCTATCTCGGTGTTA,CID4067,CAFs,754
mix_0140_depth25,140,CID4067_GGGCACTAGGAGTCTG,CID4067,CAFs,2621
mix_0140_depth25,140,CID4067_GTGTTAGTCTGGGCCA,CID4067,CAFs,1098
mix_0140_depth25,140,CID4067_GACGTTAAGGTTCCTA,CID4067,PVL,207
mix_0140_depth25,140,CID4067_AGGTCCGTCATGCATG,CID4067,NK cells,281
mix_0140_depth25,140,CID4067_GAACCTATCAAACAAG,CID4067,Cancer Epithelial,1211
mix_0140_depth25,140,CID4067_CATCAGAAGATCGGGT,CID4067,Cancer Epithelial,1529
mix_0140_depth25,140,CID4067_GGACAGATCCTCAACC,CID4067,Cancer Epithelial,1961
mix_0140_depth25,140,CID4067_TGGGCGTAGCCACGCT,CID4067,Cancer Epithelial,840
mix_0140_depth25,140,CID4067_CGCTGGAAGTGGTAAT,CID4067,Cancer Epithelial,408
mix_0141_depth100,141,CID4067_CTGTGCTAGAATGTTG,CID4067,CAFs,5726
mix_0141_depth100,141,CID4067_GATCGTATCCGTACAA,CID4067,CAFs,1161
mix_0141_depth100,141,CID4067_TCATTACTCGAGAACG,CID4067,CAFs,5719
mix_0141_depth100,141,CID4067_CTCGGGATCAGGCAAG,CID4067,PVL,994
mix_0141_depth100,141,CID4067_TTTACTGGTAGTACCT,CID4067,NKT cells,754
mix_0141_depth100,141,CID4067_TGCTACCTCTAACTCT,CID4067,Cancer Epithelial,4102
mix_0141_depth100,141,CID4067_AGGTCATAGCTGAACG,CID4067,Cancer Epithelial,2542
mix_0141_depth100,141,CID4067_GAGCAGATCAGTTGAC,CID4067,Cancer Epithelial,4043
mix_0141_depth100,141,CID4067_CGTCCATGTGTGTGCC,CID4067,Cancer Epithelial,2772
mix_0141_depth100,141,CID4067_GCCAAATCATCGGAAG,CID4067,Cancer Epithelial,2894
mix_0141_depth25,141,CID4067_CTGTGCTAGAATGTTG,CID4067,CAFs,1438
mix_0141_depth25,141,CID4067_GATCGTATCCGTACAA,CID4067,CAFs,275
mix_0141_depth25,141,CID4067_TCATTACTCGAGAACG,CID4067,CAFs,1451
mix_0141_depth25,141,CID4067_CTCGGGATCAGGCAAG,CID4067,PVL,265
mix_0141_depth25,141,CID4067_TTTACTGGTAGTACCT,CID4067,NKT cells,195
mix_0141_depth25,141,CID4067_TGCTACCTCTAACTCT,CID4067,Cancer Epithelial,1062
mix_0141_depth25,141,CID4067_AGGTCATAGCTGAACG,CID4067,Cancer Epithelial,650
mix_0141_depth25,141,CID4067_GAGCAGATCAGTTGAC,CID4067,Cancer Epithelial,1053
mix_0141_depth25,141,CID4067_CGTCCATGTGTGTGCC,CID4067,Cancer Epithelial,690
mix_0141_depth25,141,CID4067_GCCAAATCATCGGAAG,CID4067,Cancer Epithelial,731
mix_0142_depth100,142,CID4067_ATCGAGTGTGGTACAG,CID4067,CAFs,7810
mix_0142_depth100,142,CID4067_AGCGTATGTCGTTGTA,CID4067,CAFs,6406
mix_0142_depth100,142,CID4067_GTTTCTATCACCAGGC,CID4067,CAFs,4215
mix_0142_depth100,142,CID4067_TACTCATGTGCAGTAG,CID4067,PVL,989
mix_0142_depth100,142,CID4067_CCCTCCTCACGGCGTT,CID4067,NKT cells,1676
mix_0142_depth100,142,CID4067_GTACGTATCATTCACT,CID4067,Cancer Epithelial,3821
mix_0142_depth100,142,CID4067_CGCGGTACAACACCTA,CID4067,Cancer Epithelial,4513
mix_0142_depth100,142,CID4067_CCACGGAAGTCGAGTG,CID4067,Cancer Epithelial,1008
mix_0142_depth100,142,CID4067_GTCAAGTAGCTCAACT,CID4067,Cancer Epithelial,4317
mix_0142_depth100,142,CID4067_CACAGTACATACTACG,CID4067,Cancer Epithelial,16045
mix_0142_depth25,142,CID4067_ATCGAGTGTGGTACAG,CID4067,CAFs,1946
mix_0142_depth25,142,CID4067_AGCGTATGTCGTTGTA,CID4067,CAFs,1627
mix_0142_depth25,142,CID4067_GTTTCTATCACCAGGC,CID4067,CAFs,1029
mix_0142_depth25,142,CID4067_TACTCATGTGCAGTAG,CID4067,PVL,248
mix_0142_depth25,142,CID4067_CCCTCCTCACGGCGTT,CID4067,NKT cells,405
mix_0142_depth25,142,CID4067_GTACGTATCATTCACT,CID4067,Cancer Epithelial,985
mix_0142_depth25,142,CID4067_CGCGGTACAACACCTA,CID4067,Cancer Epithelial,1155
mix_0142_depth25,142,CID4067_CCACGGAAGTCGAGTG,CID4067,Cancer Epithelial,229
mix_0142_depth25,142,CID4067_GTCAAGTAGCTCAACT,CID4067,Cancer Epithelial,1066
mix_0142_depth25,142,CID4067_CACAGTACATACTACG,CID4067,Cancer Epithelial,4109
mix_0143_depth100,143,CID4067_TATTACCAGAATGTGT,CID4067,CAFs,9441
mix_0143_depth100,143,CID4067_CGATCGGGTGGCGAAT,CID4067,CAFs,3906
mix_0143_depth100,143,CID4067_CCAATCCCACCTCGTT,CID4067,CAFs,1673
mix_0143_depth100,143,CID4067_AAGGAGCCAGCCTGTG,CID4067,PVL,442
mix_0143_depth100,143,CID4067_CGACTTCAGAAGGTGA,CID4067,NKT cells,1468
mix_0143_depth100,143,CID4067_TGGACGCAGCTGATAA,CID4067,Cancer Epithelial,5389
mix_0143_depth100,143,CID4067_CAGCTAACAGTACACT,CID4067,Cancer Epithelial,4493
mix_0143_depth100,143,CID4067_TGCCCATTCAGTTAGC,CID4067,Cancer Epithelial,1000
mix_0143_depth100,143,CID4067_GAATAAGCAGTATAAG,CID4067,Cancer Epithelial,11658
mix_0143_depth100,143,CID4067_TACACGACACCCATTC,CID4067,Cancer Epithelial,3025
mix_0143_depth25,143,CID4067_TATTACCAGAATGTGT,CID4067,CAFs,2393
mix_0143_depth25,143,CID4067_CGATCGGGTGGCGAAT,CID4067,CAFs,990
mix_0143_depth25,143,CID4067_CCAATCCCACCTCGTT,CID4067,CAFs,452
mix_0143_depth25,143,CID4067_AAGGAGCCAGCCTGTG,CID4067,PVL,115
mix_0143_depth25,143,CID4067_CGACTTCAGAAGGTGA,CID4067,NKT cells,357
mix_0143_depth25,143,CID4067_TGGACGCAGCTGATAA,CID4067,Cancer Epithelial,1403
mix_0143_depth25,143,CID4067_CAGCTAACAGTACACT,CID4067,Cancer Epithelial,1100
mix_0143_depth25,143,CID4067_TGCCCATTCAGTTAGC,CID4067,Cancer Epithelial,246
mix_0143_depth25,143,CID4067_GAATAAGCAGTATAAG,CID4067,Cancer Epithelial,2894
mix_0143_depth25,143,CID4067_TACACGACACCCATTC,CID4067,Cancer Epithelial,765
mix_0144_depth100,144,CID4067_GTCATTTTCCTTTCTC,CID4067,CAFs,3670
mix_0144_depth100,144,CID4067_GACTGCGCACCGTTGG,CID4067,CAFs,1878
mix_0144_depth100,144,CID4067_CGCTGGAGTCCTCTTG,CID4067,CAFs,2196
mix_0144_depth100,144,CID4067_GAATAAGAGTGAACGC,CID4067,PVL,1432
mix_0144_depth100,144,CID4067_TACACGAAGAACTCGG,CID4067,Cycling T-cells,4788
mix_0144_depth100,144,CID4067_GATCGCGGTTACCGAT,CID4067,Cancer Epithelial,2282
mix_0144_depth100,144,CID4067_CAGAATCCACACCGCA,CID4067,Cancer Epithelial,1766
mix_0144_depth100,144,CID4067_TATCAGGAGGGTCGAT,CID4067,Cancer Epithelial,7725
mix_0144_depth100,144,CID4067_GGGCACTCAAATACAG,CID4067,Cancer Epithelial,5387
mix_0144_depth100,144,CID4067_TGACAACTCATCGCTC,CID4067,Cancer Epithelial,3084
mix_0144_depth25,144,CID4067_GTCATTTTCCTTTCTC,CID4067,CAFs,936
mix_0144_depth25,144,CID4067_GACTGCGCACCGTTGG,CID4067,CAFs,456
mix_0144_depth25,144,CID4067_CGCTGGAGTCCTCTTG,CID4067,CAFs,536
mix_0144_depth25,144,CID4067_GAATAAGAGTGAACGC,CID4067,PVL,352
mix_0144_depth25,144,CID4067_TACACGAAGAACTCGG,CID4067,Cycling T-cells,1219
mix_0144_depth25,144,CID4067_GATCGCGGTTACCGAT,CID4067,Cancer Epithelial,564
mix_0144_depth25,144,CID4067_CAGAATCCACACCGCA,CID4067,Cancer Epithelial,444
mix_0144_depth25,144,CID4067_TATCAGGAGGGTCGAT,CID4067,Cancer Epithelial,1949
mix_0144_depth25,144,CID4067_GGGCACTCAAATACAG,CID4067,Cancer Epithelial,1406
mix_0144_depth25,144,CID4067_TGACAACTCATCGCTC,CID4067,Cancer Epithelial,759
mix_0145_depth100,145,CID4067_CGTTGGGAGTTACCCA,CID4067,CAFs,2632
mix_0145_depth100,145,CID4067_CAGTCCTCATCCCATC,CID4067,CAFs,358
mix_0145_depth100,145,CID4067_CTGCCTAAGTCAAGCG,CID4067,CAFs,599
mix_0145_depth100,145,CID4067_TCGAGGCTCGGAAACG,CID4067,PVL,4356
mix_0145_depth100,145,CID4067_TACACGAAGAACTCGG,CID4067,Cycling T-cells,4788
mix_0145_depth100,145,CID4067_GCAGTTATCATCGCTC,CID4067,Cancer Epithelial,5071
mix_0145_depth100,145,CID4067_GCCAAATGTGGCAAAC,CID4067,Cancer Epithelial,3240
mix_0145_depth100,145,CID4067_TGACTTTTCACGGTTA,CID4067,Cancer Epithelial,2869
mix_0145_depth100,145,CID4067_GCCAAATTCGTTACAG,CID4067,Cancer Epithelial,1766
mix_0145_depth100,145,CID4067_TTTGCGCCAAGAGGCT,CID4067,Cancer Epithelial,2917
mix_0145_depth25,145,CID4067_CGTTGGGAGTTACCCA,CID4067,CAFs,691
mix_0145_depth25,145,CID4067_CAGTCCTCATCCCATC,CID4067,CAFs,101
mix_0145_depth25,145,CID4067_CTGCCTAAGTCAAGCG,CID4067,CAFs,158
mix_0145_depth25,145,CID4067_TCGAGGCTCGGAAACG,CID4067,PVL,1107
mix_0145_depth25,145,CID4067_TACACGAAGAACTCGG,CID4067,Cycling T-cells,1202
mix_0145_depth25,145,CID4067_GCAGTTATCATCGCTC,CID4067,Cancer Epithelial,1300
mix_0145_depth25,145,CID4067_GCCAAATGTGGCAAAC,CID4067,Cancer Epithelial,807
mix_0145_depth25,145,CID4067_TGACTTTTCACGGTTA,CID4067,Cancer Epithelial,708
mix_0145_depth25,145,CID4067_GCCAAATTCGTTACAG,CID4067,Cancer Epithelial,455
mix_0145_depth25,145,CID4067_TTTGCGCCAAGAGGCT,CID4067,Cancer Epithelial,683
mix_0146_depth100,146,CID4067_ATTTCTGGTGACTCAT,CID4067,CAFs,2349
mix_0146_depth100,146,CID4067_TTCTACACATCTATGG,CID4067,CAFs,7030
mix_0146_depth100,146,CID4067_GGATGTTAGCCTATGT,CID4067,CAFs,1519
mix_0146_depth100,146,CID4067_CTCTGGTTCCGTTGTC,CID4067,PVL,693
mix_0146_depth100,146,CID4067_TCTGAGACAATCAGAA,CID4067,Cycling T-cells,3011
mix_0146_depth100,146,CID4067_CATGACATCGTACGGC,CID4067,Cancer Epithelial,2362
mix_0146_depth100,146,CID4067_GCATGATAGAGACGAA,CID4067,Cancer Epithelial,8927
mix_0146_depth100,146,CID4067_CTAGTGAAGACCACGA,CID4067,Cancer Epithelial,2979
mix_0146_depth100,146,CID4067_GCGCAGTTCTAACTGG,CID4067,Cancer Epithelial,3890
mix_0146_depth100,146,CID4067_TCTCTAAGTGTTGAGG,CID4067,Cancer Epithelial,2621
mix_0146_depth25,146,CID4067_ATTTCTGGTGACTCAT,CID4067,CAFs,573
mix_0146_depth25,146,CID4067_TTCTACACATCTATGG,CID4067,CAFs,1726
mix_0146_depth25,146,CID4067_GGATGTTAGCCTATGT,CID4067,CAFs,343
mix_0146_depth25,146,CID4067_CTCTGGTTCCGTTGTC,CID4067,PVL,174
mix_0146_depth25,146,CID4067_TCTGAGACAATCAGAA,CID4067,Cycling T-cells,794
mix_0146_depth25,146,CID4067_CATGACATCGTACGGC,CID4067,Cancer Epithelial,578
mix_0146_depth25,146,CID4067_GCATGATAGAGACGAA,CID4067,Cancer Epithelial,2197
mix_0146_depth25,146,CID4067_CTAGTGAAGACCACGA,CID4067,Cancer Epithelial,711
mix_0146_depth25,146,CID4067_GCGCAGTTCTAACTGG,CID4067,Cancer Epithelial,945
mix_0146_depth25,146,CID4067_TCTCTAAGTGTTGAGG,CID4067,Cancer Epithelial,638
mix_0147_depth100,147,CID4067_GATCTAGGTCTAAACC,CID4067,CAFs,3838
mix_0147_depth100,147,CID4067_TCGTAGAAGAGGGATA,CID4067,CAFs,7979
mix_0147_depth100,147,CID4067_TACGGATTCCGCGCAA,CID4067,CAFs,7696
mix_0147_depth100,147,CID4067_TGTGGTAAGACAAAGG,CID4067,T cells CD8+,2053
mix_0147_depth100,147,CID4067_GTATTCTAGTGACTCT,CID4067,PVL,401
mix_0147_depth100,147,CID4067_ATCTACTGTAAATACG,CID4067,T cells CD4+,1653
mix_0147_depth100,147,CID4067_GGTGCGTAGACTTGAA,CID4067,Cancer Epithelial,3463
mix_0147_depth100,147,CID4067_TGGACGCCATAGACTC,CID4067,Cancer Epithelial,1853
mix_0147_depth100,147,CID4067_CTAGAGTTCGTGGGAA,CID4067,Cancer Epithelial,2072
mix_0147_depth100,147,CID4067_TTGGCAATCGGAGCAA,CID4067,Cancer Epithelial,2714
mix_0147_depth25,147,CID4067_GATCTAGGTCTAAACC,CID4067,CAFs,982
mix_0147_depth25,147,CID4067_TCGTAGAAGAGGGATA,CID4067,CAFs,1964
mix_0147_depth25,147,CID4067_TACGGATTCCGCGCAA,CID4067,CAFs,1911
mix_0147_depth25,147,CID4067_TGTGGTAAGACAAAGG,CID4067,T cells CD8+,501
mix_0147_depth25,147,CID4067_GTATTCTAGTGACTCT,CID4067,PVL,113
mix_0147_depth25,147,CID4067_ATCTACTGTAAATACG,CID4067,T cells CD4+,399
mix_0147_depth25,147,CID4067_GGTGCGTAGACTTGAA,CID4067,Cancer Epithelial,866
mix_0147_depth25,147,CID4067_TGGACGCCATAGACTC,CID4067,Cancer Epithelial,440
mix_0147_depth25,147,CID4067_CTAGAGTTCGTGGGAA,CID4067,Cancer Epithelial,536
mix_0147_depth25,147,CID4067_TTGGCAATCGGAGCAA,CID4067,Cancer Epithelial,634
mix_0148_depth100,148,CID4067_TACGGATTCCGCGCAA,CID4067,CAFs,7696
mix_0148_depth100,148,CID4067_GGATGTTTCCGCTGTT,CID4067,CAFs,13185
mix_0148_depth100,148,CID4067_AGCTCCTCACTTAACG,CID4067,CAFs,5319
mix_0148_depth100,148,CID4067_GGCTCGACACAGCCCA,CID4067,T cells CD8+,870
mix_0148_depth100,148,CID4067_CTGCGGATCTCGATGA,CID4067,PVL,4043
mix_0148_depth100,148,CID4067_GCGACCACATACGCCG,CID4067,T cells CD4+,1192
mix_0148_depth100,148,CID4067_AAAGTAGCACAACGTT,CID4067,Cancer Epithelial,8190
mix_0148_depth100,148,CID4067_AGGCCGTTCCGGGTGT,CID4067,Cancer Epithelial,2840
mix_0148_depth100,148,CID4067_TTTGCGCTCTGCGTAA,CID4067,Cancer Epithelial,1604
mix_0148_depth100,148,CID4067_CACCTTGTCGGCCGAT,CID4067,Cancer Epithelial,3428
mix_0148_depth25,148,CID4067_TACGGATTCCGCGCAA,CID4067,CAFs,1922
mix_0148_depth25,148,CID4067_GGATGTTTCCGCTGTT,CID4067,CAFs,3201
mix_0148_depth25,148,CID4067_AGCTCCTCACTTAACG,CID4067,CAFs,1300
mix_0148_depth25,148,CID4067_GGCTCGACACAGCCCA,CID4067,T cells CD8+,213
mix_0148_depth25,148,CID4067_CTGCGGATCTCGATGA,CID4067,PVL,1023
mix_0148_depth25,148,CID4067_GCGACCACATACGCCG,CID4067,T cells CD4+,288
mix_0148_depth25,148,CID4067_AAAGTAGCACAACGTT,CID4067,Cancer Epithelial,2006
mix_0148_depth25,148,CID4067_AGGCCGTTCCGGGTGT,CID4067,Cancer Epithelial,733
mix_0148_depth25,148,CID4067_TTTGCGCTCTGCGTAA,CID4067,Cancer Epithelial,412
mix_0148_depth25,148,CID4067_CACCTTGTCGGCCGAT,CID4067,Cancer Epithelial,838
mix_0149_depth100,149,CID4067_CTCGTACAGTCGTTTG,CID4067,CAFs,867
mix_0149_depth100,149,CID4067_CGCTGGAGTCCTCTTG,CID4067,CAFs,2196
mix_0149_depth100,149,CID4067_TACGGATTCCGCGCAA,CID4067,CAFs,7696
mix_0149_depth100,149,CID4067_ACACCGGGTCAACATC,CID4067,T cells CD8+,1065
mix_0149_depth100,149,CID4067_TGAAAGAGTTAGAACA,CID4067,PVL,2333
mix_0149_depth100,149,CID4067_ACTGAACGTGGGTATG,CID4067,T cells CD4+,587
mix_0149_depth100,149,CID4067_CTTAGGAAGCGCTTAT,CID4067,Cancer Epithelial,2972
mix_0149_depth100,149,CID4067_AGTCTTTTCTGCCCTA,CID4067,Cancer Epithelial,2705
mix_0149_depth100,149,CID4067_CAACTAGAGTATCTCG,CID4067,Cancer Epithelial,2718
mix_0149_depth100,149,CID4067_CTAAGACGTATTCGTG,CID4067,Cancer Epithelial,3167
mix_0149_depth25,149,CID4067_CTCGTACAGTCGTTTG,CID4067,CAFs,223
mix_0149_depth25,149,CID4067_CGCTGGAGTCCTCTTG,CID4067,CAFs,547
mix_0149_depth25,149,CID4067_TACGGATTCCGCGCAA,CID4067,CAFs,1999
mix_0149_depth25,149,CID4067_ACACCGGGTCAACATC,CID4067,T cells CD8+,273
mix_0149_depth25,149,CID4067_TGAAAGAGTTAGAACA,CID4067,PVL,665
mix_0149_depth25,149,CID4067_ACTGAACGTGGGTATG,CID4067,T cells CD4+,154
mix_0149_depth25,149,CID4067_CTTAGGAAGCGCTTAT,CID4067,Cancer Epithelial,729
mix_0149_depth25,149,CID4067_AGTCTTTTCTGCCCTA,CID4067,Cancer Epithelial,649
mix_0149_depth25,149,CID4067_CAACTAGAGTATCTCG,CID4067,Cancer Epithelial,656
mix_0149_depth25,149,CID4067_CTAAGACGTATTCGTG,CID4067,Cancer Epithelial,806
mix_0150_depth100,150,CID4067_CGAACATCATCCCACT,CID4067,CAFs,612
mix_0150_depth100,150,CID4067_CCTTCCCAGGCATTGG,CID4067,CAFs,4468
mix_0150_depth100,150,CID4067_CACCACTCATGTTGAC,CID4067,CAFs,1468
mix_0150_depth100,150,CID4067_GCTCTGTCACAACTGT,CID4067,T cells CD8+,1484
mix_0150_depth100,150,CID4067_TCGAGGCTCGGAAACG,CID4067,PVL,4356
mix_0150_depth100,150,CID4067_CGCTGGACACAGCCCA,CID4067,Myeloid,5149
mix_0150_depth100,150,CID4067_TTCCCAGAGGCGACAT,CID4067,Cancer Epithelial,4460
mix_0150_depth100,150,CID4067_TACAGTGTCCAGGGCT,CID4067,Cancer Epithelial,3221
mix_0150_depth100,150,CID4067_GATGAGGCACGGTAAG,CID4067,Cancer Epithelial,8683
mix_0150_depth100,150,CID4067_TGGTTAGGTTCGCGAC,CID4067,Cancer Epithelial,1994
mix_0150_depth25,150,CID4067_CGAACATCATCCCACT,CID4067,CAFs,159
mix_0150_depth25,150,CID4067_CCTTCCCAGGCATTGG,CID4067,CAFs,1132
mix_0150_depth25,150,CID4067_CACCACTCATGTTGAC,CID4067,CAFs,356
mix_0150_depth25,150,CID4067_GCTCTGTCACAACTGT,CID4067,T cells CD8+,337
mix_0150_depth25,150,CID4067_TCGAGGCTCGGAAACG,CID4067,PVL,1062
mix_0150_depth25,150,CID4067_CGCTGGACACAGCCCA,CID4067,Myeloid,1282
mix_0150_depth25,150,CID4067_TTCCCAGAGGCGACAT,CID4067,Cancer Epithelial,1044
mix_0150_depth25,150,CID4067_TACAGTGTCCAGGGCT,CID4067,Cancer Epithelial,764
mix_0150_depth25,150,CID4067_GATGAGGCACGGTAAG,CID4067,Cancer Epithelial,2220
mix_0150_depth25,150,CID4067_TGGTTAGGTTCGCGAC,CID4067,Cancer Epithelial,521
mix_0151_depth100,151,CID4067_AGCGGTCTCATTCACT,CID4067,CAFs,498
mix_0151_depth100,151,CID4067_GGGCACTAGGAGTCTG,CID4067,CAFs,10293
mix_0151_depth100,151,CID4067_ACGATACCATAGAAAC,CID4067,CAFs,590
mix_0151_depth100,151,CID4067_ACGATACTCATACGGT,CID4067,T cells CD8+,732
mix_0151_depth100,151,CID4067_GGTGAAGCATGGTCTA,CID4067,PVL,5077
mix_0151_depth100,151,CID4067_CGACCTTTCATAACCG,CID4067,Myeloid,3879
mix_0151_depth100,151,CID4067_CAGCCGATCAGATAAG,CID4067,Cancer Epithelial,6927
mix_0151_depth100,151,CID4067_GCACATAGTGTCCTCT,CID4067,Cancer Epithelial,2669
mix_0151_depth100,151,CID4067_ACGAGGATCCTCATTA,CID4067,Cancer Epithelial,1345
mix_0151_depth100,151,CID4067_GCCTCTATCCTCATTA,CID4067,Cancer Epithelial,1652
mix_0151_depth25,151,CID4067_AGCGGTCTCATTCACT,CID4067,CAFs,116
mix_0151_depth25,151,CID4067_GGGCACTAGGAGTCTG,CID4067,CAFs,2556
mix_0151_depth25,151,CID4067_ACGATACCATAGAAAC,CID4067,CAFs,144
mix_0151_depth25,151,CID4067_ACGATACTCATACGGT,CID4067,T cells CD8+,169
mix_0151_depth25,151,CID4067_GGTGAAGCATGGTCTA,CID4067,PVL,1221
mix_0151_depth25,151,CID4067_CGACCTTTCATAACCG,CID4067,Myeloid,1004
mix_0151_depth25,151,CID4067_CAGCCGATCAGATAAG,CID4067,Cancer Epithelial,1705
mix_0151_depth25,151,CID4067_GCACATAGTGTCCTCT,CID4067,Cancer Epithelial,657
mix_0151_depth25,151,CID4067_ACGAGGATCCTCATTA,CID4067,Cancer Epithelial,348
mix_0151_depth25,151,CID4067_GCCTCTATCCTCATTA,CID4067,Cancer Epithelial,423
mix_0152_depth100,152,CID4067_CTGTGCTAGAATGTTG,CID4067,CAFs,5726
mix_0152_depth100,152,CID4067_GCGAGAAAGAAACCTA,CID4067,CAFs,10413
mix_0152_depth100,152,CID4067_AGCGTATGTCGTTGTA,CID4067,CAFs,6406
mix_0152_depth100,152,CID4067_AAAGTAGGTCGAGATG,CID4067,T cells CD8+,664
mix_0152_depth100,152,CID4067_CTGCTGTTCTGTACGA,CID4067,PVL,770
mix_0152_depth100,152,CID4067_CGATCGGAGTCCCACG,CID4067,Myeloid,2616
mix_0152_depth100,152,CID4067_CGTTAGAAGTACGCCC,CID4067,Cancer Epithelial,3268
mix_0152_depth100,152,CID4067_TGTTCCGCAAACCCAT,CID4067,Cancer Epithelial,4063
mix_0152_depth100,152,CID4067_CAGTAACGTTACGACT,CID4067,Cancer Epithelial,4109
mix_0152_depth100,152,CID4067_GGCGTGTGTTGATTGC,CID4067,Cancer Epithelial,4199
mix_0152_depth25,152,CID4067_CTGTGCTAGAATGTTG,CID4067,CAFs,1490
mix_0152_depth25,152,CID4067_GCGAGAAAGAAACCTA,CID4067,CAFs,2554
mix_0152_depth25,152,CID4067_AGCGTATGTCGTTGTA,CID4067,CAFs,1605
mix_0152_depth25,152,CID4067_AAAGTAGGTCGAGATG,CID4067,T cells CD8+,151
mix_0152_depth25,152,CID4067_CTGCTGTTCTGTACGA,CID4067,PVL,199
mix_0152_depth25,152,CID4067_CGATCGGAGTCCCACG,CID4067,Myeloid,641
mix_0152_depth25,152,CID4067_CGTTAGAAGTACGCCC,CID4067,Cancer Epithelial,798
mix_0152_depth25,152,CID4067_TGTTCCGCAAACCCAT,CID4067,Cancer Epithelial,1018
mix_0152_depth25,152,CID4067_CAGTAACGTTACGACT,CID4067,Cancer Epithelial,1030
mix_0152_depth25,152,CID4067_GGCGTGTGTTGATTGC,CID4067,Cancer Epithelial,1031
mix_0153_depth100,153,CID4067_GGACAGACACAGACAG,CID4067,CAFs,7373
mix_0153_depth100,153,CID4067_CGGACACAGGTGCACA,CID4067,CAFs,3077
mix_0153_depth100,153,CID4067_CCTAAAGTCCTAAGTG,CID4067,CAFs,2704
mix_0153_depth100,153,CID4067_GACTACACAGCTCGAC,CID4067,T cells CD8+,1077
mix_0153_depth100,153,CID4067_GCATGCGGTAAATGAC,CID4067,PVL,3116
mix_0153_depth100,153,CID4067_GGCTGGTCAGTCGATT,CID4067,Endothelial,658
mix_0153_depth100,153,CID4067_CATATTCTCATTATCC,CID4067,Cancer Epithelial,4269
mix_0153_depth100,153,CID4067_CTCGGAGTCGTCACGG,CID4067,Cancer Epithelial,4030
mix_0153_depth100,153,CID4067_GATGAAAAGATGTTAG,CID4067,Cancer Epithelial,11283
mix_0153_depth100,153,CID4067_GCATGCGAGAACTGTA,CID4067,Cancer Epithelial,2493
mix_0153_depth25,153,CID4067_GGACAGACACAGACAG,CID4067,CAFs,1913
mix_0153_depth25,153,CID4067_CGGACACAGGTGCACA,CID4067,CAFs,770
mix_0153_depth25,153,CID4067_CCTAAAGTCCTAAGTG,CID4067,CAFs,704
mix_0153_depth25,153,CID4067_GACTACACAGCTCGAC,CID4067,T cells CD8+,269
mix_0153_depth25,153,CID4067_GCATGCGGTAAATGAC,CID4067,PVL,803
mix_0153_depth25,153,CID4067_GGCTGGTCAGTCGATT,CID4067,Endothelial,160
mix_0153_depth25,153,CID4067_CATATTCTCATTATCC,CID4067,Cancer Epithelial,1066
mix_0153_depth25,153,CID4067_CTCGGAGTCGTCACGG,CID4067,Cancer Epithelial,1012
mix_0153_depth25,153,CID4067_GATGAAAAGATGTTAG,CID4067,Cancer Epithelial,2838
mix_0153_depth25,153,CID4067_GCATGCGAGAACTGTA,CID4067,Cancer Epithelial,617
mix_0154_depth100,154,CID4067_CACCACTCATGCCACG,CID4067,CAFs,3626
mix_0154_depth100,154,CID4067_CAGATCATCTTTCCTC,CID4067,CAFs,2550
mix_0154_depth100,154,CID4067_CGGACTGTCGGCCGAT,CID4067,CAFs,5215
mix_0154_depth100,154,CID4067_CATATGGAGTTCGCGC,CID4067,T cells CD8+,403
mix_0154_depth100,154,CID4067_CTGCTGTAGCTCCTTC,CID4067,PVL,2379
mix_0154_depth100,154,CID4067_ATGTGTGCAGTTAACC,CID4067,Endothelial,1040
mix_0154_depth100,154,CID4067_ACGAGGATCATTTGGG,CID4067,Cancer Epithelial,5572
mix_0154_depth100,154,CID4067_CGGCTAGCACGGTTTA,CID4067,Cancer Epithelial,5628
mix_0154_depth100,154,CID4067_ACGATACGTTAAGGGC,CID4067,Cancer Epithelial,3576
mix_0154_depth100,154,CID4067_AACCATGGTTCCTCCA,CID4067,Cancer Epithelial,2834
mix_0154_depth25,154,CID4067_CACCACTCATGCCACG,CID4067,CAFs,954
mix_0154_depth25,154,CID4067_CAGATCATCTTTCCTC,CID4067,CAFs,650
mix_0154_depth25,154,CID4067_CGGACTGTCGGCCGAT,CID4067,CAFs,1388
mix_0154_depth25,154,CID4067_CATATGGAGTTCGCGC,CID4067,T cells CD8+,110
mix_0154_depth25,154,CID4067_CTGCTGTAGCTCCTTC,CID4067,PVL,587
mix_0154_depth25,154,CID4067_ATGTGTGCAGTTAACC,CID4067,Endothelial,264
mix_0154_depth25,154,CID4067_ACGAGGATCATTTGGG,CID4067,Cancer Epithelial,1374
mix_0154_depth25,154,CID4067_CGGCTAGCACGGTTTA,CID4067,Cancer Epithelial,1384
mix_0154_depth25,154,CID4067_ACGATACGTTAAGGGC,CID4067,Cancer Epithelial,908
mix_0154_depth25,154,CID4067_AACCATGGTTCCTCCA,CID4067,Cancer Epithelial,692
mix_0155_depth100,155,CID4067_TTTGCGCCACTGTCGG,CID4067,CAFs,9099
mix_0155_depth100,155,CID4067_AGCGTATGTCGTTGTA,CID4067,CAFs,6406
mix_0155_depth100,155,CID4067_AGAGCGACATGCAATC,CID4067,CAFs,1298
mix_0155_depth100,155,CID4067_CGCTTCAGTCATATCG,CID4067,T cells CD8+,979
mix_0155_depth100,155,CID4067_GTACTTTTCGCCAAAT,CID4067,PVL,1206
mix_0155_depth100,155,CID4067_CCGGTAGGTTCCACTC,CID4067,Endothelial,3177
mix_0155_depth100,155,CID4067_TCCCGATGTTCGGGCT,CID4067,Cancer Epithelial,3435
mix_0155_depth100,155,CID4067_TGTCCCAGTTGTCGCG,CID4067,Cancer Epithelial,4409
mix_0155_depth100,155,CID4067_GGCTCGAAGTATCGAA,CID4067,Cancer Epithelial,2145
mix_0155_depth100,155,CID4067_CCACTACTCTCCTATA,CID4067,Cancer Epithelial,6407
mix_0155_depth25,155,CID4067_TTTGCGCCACTGTCGG,CID4067,CAFs,2252
mix_0155_depth25,155,CID4067_AGCGTATGTCGTTGTA,CID4067,CAFs,1587
mix_0155_depth25,155,CID4067_AGAGCGACATGCAATC,CID4067,CAFs,339
mix_0155_depth25,155,CID4067_CGCTTCAGTCATATCG,CID4067,T cells CD8+,246
mix_0155_depth25,155,CID4067_GTACTTTTCGCCAAAT,CID4067,PVL,274
mix_0155_depth25,155,CID4067_CCGGTAGGTTCCACTC,CID4067,Endothelial,786
mix_0155_depth25,155,CID4067_TCCCGATGTTCGGGCT,CID4067,Cancer Epithelial,871
mix_0155_depth25,155,CID4067_TGTCCCAGTTGTCGCG,CID4067,Cancer Epithelial,1094
mix_0155_depth25,155,CID4067_GGCTCGAAGTATCGAA,CID4067,Cancer Epithelial,556
mix_0155_depth25,155,CID4067_CCACTACTCTCCTATA,CID4067,Cancer Epithelial,1569
mix_0156_depth100,156,CID4067_GACTGCGGTGTATGGG,CID4067,CAFs,8868
mix_0156_depth100,156,CID4067_TCTCTAAGTTCCGTCT,CID4067,CAFs,331
mix_0156_depth100,156,CID4067_TGGCGCAGTCGATTGT,CID4067,CAFs,2091
mix_0156_depth100,156,CID4067_TGAAAGAGTACATCCA,CID4067,T cells CD8+,1739
mix_0156_depth100,156,CID4067_CTGCTGTTCTGTACGA,CID4067,PVL,770
mix_0156_depth100,156,CID4067_CGGTTAACAAGGTTCT,CID4067,B-cells,1150
mix_0156_depth100,156,CID4067_TAGTGGTAGTGCGTGA,CID4067,Cancer Epithelial,14118
mix_0156_depth100,156,CID4067_TTGTAGGTCTACGAGT,CID4067,Cancer Epithelial,3383
mix_0156_depth100,156,CID4067_GCATGATTCGTCTGCT,CID4067,Cancer Epithelial,6381
mix_0156_depth100,156,CID4067_CATTATCGTAGGACAC,CID4067,Cancer Epithelial,8904
mix_0156_depth25,156,CID4067_GACTGCGGTGTATGGG,CID4067,CAFs,2253
mix_0156_depth25,156,CID4067_TCTCTAAGTTCCGTCT,CID4067,CAFs,87
mix_0156_depth25,156,CID4067_TGGCGCAGTCGATTGT,CID4067,CAFs,485
mix_0156_depth25,156,CID4067_TGAAAGAGTACATCCA,CID4067,T cells CD8+,455
mix_0156_depth25,156,CID4067_CTGCTGTTCTGTACGA,CID4067,PVL,190
mix_0156_depth25,156,CID4067_CGGTTAACAAGGTTCT,CID4067,B-cells,287
mix_0156_depth25,156,CID4067_TAGTGGTAGTGCGTGA,CID4067,Cancer Epithelial,3563
mix_0156_depth25,156,CID4067_TTGTAGGTCTACGAGT,CID4067,Cancer Epithelial,832
mix_0156_depth25,156,CID4067_GCATGATTCGTCTGCT,CID4067,Cancer Epithelial,1587
mix_0156_depth25,156,CID4067_CATTATCGTAGGACAC,CID4067,Cancer Epithelial,2202
mix_0157_depth100,157,CID4067_CCTAAAGTCCTAAGTG,CID4067,CAFs,2704
mix_0157_depth100,157,CID4067_ACTATCTAGATATACG,CID4067,CAFs,3016
mix_0157_depth100,157,CID4067_CAGATCATCTTTCCTC,CID4067,CAFs,2550
mix_0157_depth100,157,CID4067_CATGACACAAGGTTTC,CID4067,T cells CD8+,1173
mix_0157_depth100,157,CID4067_GACTACACACTGTTAG,CID4067,PVL,414
mix_0157_depth100,157,CID4067_TTCTCCTTCCTCAATT,CID4067,B-cells,1476
mix_0157_depth100,157,CID4067_GAACATCTCGACCAGC,CID4067,Cancer Epithelial,4073
mix_0157_depth100,157,CID4067_GATCGCGAGAGTAATC,CID4067,Cancer Epithelial,2030
mix_0157_depth100,157,CID4067_GGCTCGAAGATCCCGC,CID4067,Cancer Epithelial,10069
mix_0157_depth100,157,CID4067_ACCCACTTCCCTTGCA,CID4067,Cancer Epithelial,8605
mix_0157_depth25,157,CID4067_CCTAAAGTCCTAAGTG,CID4067,CAFs,688
mix_0157_depth25,157,CID4067_ACTATCTAGATATACG,CID4067,CAFs,781
mix_0157_depth25,157,CID4067_CAGATCATCTTTCCTC,CID4067,CAFs,668
mix_0157_depth25,157,CID4067_CATGACACAAGGTTTC,CID4067,T cells CD8+,280
mix_0157_depth25,157,CID4067_GACTACACACTGTTAG,CID4067,PVL,94
mix_0157_depth25,157,CID4067_TTCTCCTTCCTCAATT,CID4067,B-cells,386
mix_0157_depth25,157,CID4067_GAACATCTCGACCAGC,CID4067,Cancer Epithelial,1007
mix_0157_depth25,157,CID4067_GATCGCGAGAGTAATC,CID4067,Cancer Epithelial,514
mix_0157_depth25,157,CID4067_GGCTCGAAGATCCCGC,CID4067,Cancer Epithelial,2441
mix_0157_depth25,157,CID4067_ACCCACTTCCCTTGCA,CID4067,Cancer Epithelial,2201
mix_0158_depth100,158,CID4067_TATTACCAGAATGTGT,CID4067,CAFs,9441
mix_0158_depth100,158,CID4067_TTCTACACATCTATGG,CID4067,CAFs,7030
mix_0158_depth100,158,CID4067_TTCGAAGTCCCATTAT,CID4067,CAFs,2062
mix_0158_depth100,158,CID4067_TAGAGCTGTCCGAAGA,CID4067,T cells CD8+,1339
mix_0158_depth100,158,CID4067_CATCCACCAGACGCAA,CID4067,PVL,827
mix_0158_depth100,158,CID4067_CGGAGCTGTCAACTGT,CID4067,B-cells,1314
mix_0158_depth100,158,CID4067_CATCGAAGTCATGCCG,CID4067,Cancer Epithelial,6277
mix_0158_depth100,158,CID4067_AGCTCCTCACAGAGGT,CID4067,Cancer Epithelial,10807
mix_0158_depth100,158,CID4067_TTCGGTCCATCCTTGC,CID4067,Cancer Epithelial,4256
mix_0158_depth100,158,CID4067_AGGTCATAGCTGAACG,CID4067,Cancer Epithelial,2542
mix_0158_depth25,158,CID4067_TATTACCAGAATGTGT,CID4067,CAFs,2332
mix_0158_depth25,158,CID4067_TTCTACACATCTATGG,CID4067,CAFs,1757
mix_0158_depth25,158,CID4067_TTCGAAGTCCCATTAT,CID4067,CAFs,509
mix_0158_depth25,158,CID4067_TAGAGCTGTCCGAAGA,CID4067,T cells CD8+,357
mix_0158_depth25,158,CID4067_CATCCACCAGACGCAA,CID4067,PVL,213
mix_0158_depth25,158,CID4067_CGGAGCTGTCAACTGT,CID4067,B-cells,318
mix_0158_depth25,158,CID4067_CATCGAAGTCATGCCG,CID4067,Cancer Epithelial,1562
mix_0158_depth25,158,CID4067_AGCTCCTCACAGAGGT,CID4067,Cancer Epithelial,2711
mix_0158_depth25,158,CID4067_TTCGGTCCATCCTTGC,CID4067,Cancer Epithelial,1072
mix_0158_depth25,158,CID4067_AGGTCATAGCTGAACG,CID4067,Cancer Epithelial,630
mix_0159_depth100,159,CID4067_AGAGCGAGTTACAGAA,CID4067,CAFs,4464
mix_0159_depth100,159,CID4067_ATGTGTGCAGCTGTAT,CID4067,CAFs,2081
mix_0159_depth100,159,CID4067_CTAACTTCACATGGGA,CID4067,CAFs,2735
mix_0159_depth100,159,CID4067_CCACGGACACCGGAAA,CID4067,T cells CD8+,1356
mix_0159_depth100,159,CID4067_TGGACGCAGAAACCGC,CID4067,PVL,1662
mix_0159_depth100,159,CID4067_TGTCCCAGTAGCTGCC,CID4067,NK cells,1864
mix_0159_depth100,159,CID4067_AGAGTGGTCACTATTC,CID4067,Cancer Epithelial,2250
mix_0159_depth100,159,CID4067_CATTCGCAGGTTACCT,CID4067,Cancer Epithelial,1729
mix_0159_depth100,159,CID4067_TCTGGAACACTCAGGC,CID4067,Cancer Epithelial,4996
mix_0159_depth100,159,CID4067_AAGGCAGCATTTCACT,CID4067,Cancer Epithelial,2922
mix_0159_depth25,159,CID4067_AGAGCGAGTTACAGAA,CID4067,CAFs,1185
mix_0159_depth25,159,CID4067_ATGTGTGCAGCTGTAT,CID4067,CAFs,518
mix_0159_depth25,159,CID4067_CTAACTTCACATGGGA,CID4067,CAFs,662
mix_0159_depth25,159,CID4067_CCACGGACACCGGAAA,CID4067,T cells CD8+,319
mix_0159_depth25,159,CID4067_TGGACGCAGAAACCGC,CID4067,PVL,395
mix_0159_depth25,159,CID4067_TGTCCCAGTAGCTGCC,CID4067,NK cells,450
mix_0159_depth25,159,CID4067_AGAGTGGTCACTATTC,CID4067,Cancer Epithelial,559
mix_0159_depth25,159,CID4067_CATTCGCAGGTTACCT,CID4067,Cancer Epithelial,425
mix_0159_depth25,159,CID4067_TCTGGAACACTCAGGC,CID4067,Cancer Epithelial,1293
mix_0159_depth25,159,CID4067_AAGGCAGCATTTCACT,CID4067,Cancer Epithelial,717
mix_0160_depth100,160,CID4067_AGCTCCTCACTTAACG,CID4067,CAFs,5319
mix_0160_depth100,160,CID4067_GGGCACTAGGAGTCTG,CID4067,CAFs,10293
mix_0160_depth100,160,CID4067_TGGTTAGTCATCGGAT,CID4067,CAFs,1495
mix_0160_depth100,160,CID4067_TGACTTTAGTCCCACG,CID4067,T cells CD8+,781
mix_0160_depth100,160,CID4067_TGACTTTTCGCATGAT,CID4067,PVL,999
mix_0160_depth100,160,CID4067_GTCGGGTTCACCTTAT,CID4067,NK cells,743
mix_0160_depth100,160,CID4067_TAGTTGGGTCCCGACA,CID4067,Cancer Epithelial,11044
mix_0160_depth100,160,CID4067_CGCGGTATCTACCAGA,CID4067,Cancer Epithelial,12057
mix_0160_depth100,160,CID4067_ATCCGAAAGCGAAGGG,CID4067,Cancer Epithelial,3174
mix_0160_depth100,160,CID4067_CTTACCGTCCATGAGT,CID4067,Cancer Epithelial,6564
mix_0160_depth25,160,CID4067_AGCTCCTCACTTAACG,CID4067,CAFs,1341
mix_0160_depth25,160,CID4067_GGGCACTAGGAGTCTG,CID4067,CAFs,2628
mix_0160_depth25,160,CID4067_TGGTTAGTCATCGGAT,CID4067,CAFs,378
mix_0160_depth25,160,CID4067_TGACTTTAGTCCCACG,CID4067,T cells CD8+,198
mix_0160_depth25,160,CID4067_TGACTTTTCGCATGAT,CID4067,PVL,230
mix_0160_depth25,160,CID4067_GTCGGGTTCACCTTAT,CID4067,NK cells,205
mix_0160_depth25,160,CID4067_TAGTTGGGTCCCGACA,CID4067,Cancer Epithelial,2750
mix_0160_depth25,160,CID4067_CGCGGTATCTACCAGA,CID4067,Cancer Epithelial,3018
mix_0160_depth25,160,CID4067_ATCCGAAAGCGAAGGG,CID4067,Cancer Epithelial,766
mix_0160_depth25,160,CID4067_CTTACCGTCCATGAGT,CID4067,Cancer Epithelial,1645
mix_0161_depth100,161,CID4067_CTTGGCTGTTATGTGC,CID4067,CAFs,2053
mix_0161_depth100,161,CID4067_ACTTGTTGTCGAATCT,CID4067,CAFs,4507
mix_0161_depth100,161,CID4067_GTTACAGGTGGCCCTA,CID4067,CAFs,3021
mix_0161_depth100,161,CID4067_GTAGTCAAGAGGGCTT,CID4067,T cells CD8+,1731
mix_0161_depth100,161,CID4067_TGCCCATAGCACGCCT,CID4067,PVL,705
mix_0161_depth100,161,CID4067_ATAGACCGTTAAGGGC,CID4067,NK cells,595
mix_0161_depth100,161,CID4067_TGAGCATAGAGGTTAT,CID4067,Cancer Epithelial,2078
mix_0161_depth100,161,CID4067_GACGTTAGTGTTCGAT,CID4067,Cancer Epithelial,3091
mix_0161_depth100,161,CID4067_TTCCCAGGTATGAATG,CID4067,Cancer Epithelial,6839
mix_0161_depth100,161,CID4067_CGTAGCGTCTACTCAT,CID4067,Cancer Epithelial,1730
mix_0161_depth25,161,CID4067_CTTGGCTGTTATGTGC,CID4067,CAFs,499
mix_0161_depth25,161,CID4067_ACTTGTTGTCGAATCT,CID4067,CAFs,1105
mix_0161_depth25,161,CID4067_GTTACAGGTGGCCCTA,CID4067,CAFs,790
mix_0161_depth25,161,CID4067_GTAGTCAAGAGGGCTT,CID4067,T cells CD8+,452
mix_0161_depth25,161,CID4067_TGCCCATAGCACGCCT,CID4067,PVL,190
mix_0161_depth25,161,CID4067_ATAGACCGTTAAGGGC,CID4067,NK cells,147
mix_0161_depth25,161,CID4067_TGAGCATAGAGGTTAT,CID4067,Cancer Epithelial,512
mix_0161_depth25,161,CID4067_GACGTTAGTGTTCGAT,CID4067,Cancer Epithelial,769
mix_0161_depth25,161,CID4067_TTCCCAGGTATGAATG,CID4067,Cancer Epithelial,1670
mix_0161_depth25,161,CID4067_CGTAGCGTCTACTCAT,CID4067,Cancer Epithelial,434
mix_0162_depth100,162,CID4067_GGATGTTAGCCTATGT,CID4067,CAFs,1519
mix_0162_depth100,162,CID4067_CCTACACAGGATGCGT,CID4067,CAFs,2326
mix_0162_depth100,162,CID4067_CATGACATCATATCGG,CID4067,CAFs,1179
mix_0162_depth100,162,CID4067_GTGAAGGTCTGTTTGT,CID4067,T cells CD8+,925
mix_0162_depth100,162,CID4067_TCTGGAACACGGCCAT,CID4067,PVL,626
mix_0162_depth100,162,CID4067_GTACTTTGTCTCTTAT,CID4067,NKT cells,904
mix_0162_depth100,162,CID4067_CAGGTGCAGTACACCT,CID4067,Cancer Epithelial,6424
mix_0162_depth100,162,CID4067_ATCCGAAGTCTGCCAG,CID4067,Cancer Epithelial,14044
mix_0162_depth100,162,CID4067_ATGCGATCATGAGCGA,CID4067,Cancer Epithelial,7141
mix_0162_depth100,162,CID4067_AGGCCACGTAAGTAGT,CID4067,Cancer Epithelial,2869
mix_0162_depth25,162,CID4067_GGATGTTAGCCTATGT,CID4067,CAFs,374
mix_0162_depth25,162,CID4067_CCTACACAGGATGCGT,CID4067,CAFs,587
mix_0162_depth25,162,CID4067_CATGACATCATATCGG,CID4067,CAFs,308
mix_0162_depth25,162,CID4067_GTGAAGGTCTGTTTGT,CID4067,T cells CD8+,219
mix_0162_depth25,162,CID4067_TCTGGAACACGGCCAT,CID4067,PVL,161
mix_0162_depth25,162,CID4067_GTACTTTGTCTCTTAT,CID4067,NKT cells,203
mix_0162_depth25,162,CID4067_CAGGTGCAGTACACCT,CID4067,Cancer Epithelial,1684
mix_0162_depth25,162,CID4067_ATCCGAAGTCTGCCAG,CID4067,Cancer Epithelial,3635
mix_0162_depth25,162,CID4067_ATGCGATCATGAGCGA,CID4067,Cancer Epithelial,1806
mix_0162_depth25,162,CID4067_AGGCCACGTAAGTAGT,CID4067,Cancer Epithelial,696
mix_0163_depth100,163,CID4067_CTCGTACAGTCGTTTG,CID4067,CAFs,867
mix_0163_depth100,163,CID4067_AGGGAGTCAGCTCGAC,CID4067,CAFs,5065
mix_0163_depth100,163,CID4067_GTCTTCGCAAGTTGTC,CID4067,CAFs,3619
mix_0163_depth100,163,CID4067_CGGACGTCAGGTGCCT,CID4067,T cells CD8+,583
mix_0163_depth100,163,CID4067_TGTGTTTAGCGAGAAA,CID4067,PVL,776
mix_0163_depth100,163,CID4067_AAACCTGGTCACCCAG,CID4067,NKT cells,886
mix_0163_depth100,163,CID4067_ACGAGGATCATTTGGG,CID4067,Cancer Epithelial,5572
mix_0163_depth100,163,CID4067_AGTGTCATCCGGGTGT,CID4067,Cancer Epithelial,5496
mix_0163_depth100,163,CID4067_AGGTCCGGTAAACACA,CID4067,Cancer Epithelial,2321
mix_0163_depth100,163,CID4067_TAAGCGTGTCTCAACA,CID4067,Cancer Epithelial,5029
mix_0163_depth25,163,CID4067_CTCGTACAGTCGTTTG,CID4067,CAFs,220
mix_0163_depth25,163,CID4067_AGGGAGTCAGCTCGAC,CID4067,CAFs,1278
mix_0163_depth25,163,CID4067_GTCTTCGCAAGTTGTC,CID4067,CAFs,905
mix_0163_depth25,163,CID4067_CGGACGTCAGGTGCCT,CID4067,T cells CD8+,135
mix_0163_depth25,163,CID4067_TGTGTTTAGCGAGAAA,CID4067,PVL,181
mix_0163_depth25,163,CID4067_AAACCTGGTCACCCAG,CID4067,NKT cells,214
mix_0163_depth25,163,CID4067_ACGAGGATCATTTGGG,CID4067,Cancer Epithelial,1397
mix_0163_depth25,163,CID4067_AGTGTCATCCGGGTGT,CID4067,Cancer Epithelial,1363
mix_0163_depth25,163,CID4067_AGGTCCGGTAAACACA,CID4067,Cancer Epithelial,568
mix_0163_depth25,163,CID4067_TAAGCGTGTCTCAACA,CID4067,Cancer Epithelial,1288
mix_0164_depth100,164,CID4067_ATTGGACCAGCTGTTA,CID4067,CAFs,3975
mix_0164_depth100,164,CID4067_TGGCGCAGTTCGAATC,CID4067,CAFs,11914
mix_0164_depth100,164,CID4067_TTGACTTTCTAACTTC,CID4067,CAFs,1017
mix_0164_depth100,164,CID4067_TCGAGGCAGCCCAATT,CID4067,T cells CD8+,753
mix_0164_depth100,164,CID4067_CCTCTGATCCTGTACC,CID4067,PVL,730
mix_0164_depth100,164,CID4067_CAGGTGCTCTAACGGT,CID4067,NKT cells,840
mix_0164_depth100,164,CID4067_TCAGATGTCTGAAAGA,CID4067,Cancer Epithelial,2211
mix_0164_depth100,164,CID4067_CACCTTGAGTGTCTCA,CID4067,Cancer Epithelial,10330
mix_0164_depth100,164,CID4067_GCAAACTGTCTGGTCG,CID4067,Cancer Epithelial,1575
mix_0164_depth100,164,CID4067_CTAGTGATCGGAGGTA,CID4067,Cancer Epithelial,3658
mix_0164_depth25,164,CID4067_ATTGGACCAGCTGTTA,CID4067,CAFs,980
mix_0164_depth25,164,CID4067_TGGCGCAGTTCGAATC,CID4067,CAFs,3056
mix_0164_depth25,164,CID4067_TTGACTTTCTAACTTC,CID4067,CAFs,256
mix_0164_depth25,164,CID4067_TCGAGGCAGCCCAATT,CID4067,T cells CD8+,178
mix_0164_depth25,164,CID4067_CCTCTGATCCTGTACC,CID4067,PVL,152
mix_0164_depth25,164,CID4067_CAGGTGCTCTAACGGT,CID4067,NKT cells,210
mix_0164_depth25,164,CID4067_TCAGATGTCTGAAAGA,CID4067,Cancer Epithelial,533
mix_0164_depth25,164,CID4067_CACCTTGAGTGTCTCA,CID4067,Cancer Epithelial,2584
mix_0164_depth25,164,CID4067_GCAAACTGTCTGGTCG,CID4067,Cancer Epithelial,365
mix_0164_depth25,164,CID4067_CTAGTGATCGGAGGTA,CID4067,Cancer Epithelial,874
mix_0165_depth100,165,CID4067_AGAGCGAGTTACAGAA,CID4067,CAFs,4464
mix_0165_depth100,165,CID4067_CCAATCCCACCTCGTT,CID4067,CAFs,1673
mix_0165_depth100,165,CID4067_CACCACTCATGTTGAC,CID4067,CAFs,1468
mix_0165_depth100,165,CID4067_ACGGGCTTCAGTTTGG,CID4067,T cells CD8+,1325
mix_0165_depth100,165,CID4067_CGGACTGTCTCCAACC,CID4067,PVL,1993
mix_0165_depth100,165,CID4067_TACTTGTAGGGATCTG,CID4067,Cycling T-cells,1101
mix_0165_depth100,165,CID4067_CGTCAGGCAAGGTTTC,CID4067,Cancer Epithelial,2466
mix_0165_depth100,165,CID4067_TCACAAGGTAAGAGAG,CID4067,Cancer Epithelial,1776
mix_0165_depth100,165,CID4067_TGCACCTAGACAAGCC,CID4067,Cancer Epithelial,1821
mix_0165_depth100,165,CID4067_TTCTTAGAGCCACCTG,CID4067,Cancer Epithelial,13368
mix_0165_depth25,165,CID4067_AGAGCGAGTTACAGAA,CID4067,CAFs,1097
mix_0165_depth25,165,CID4067_CCAATCCCACCTCGTT,CID4067,CAFs,405
mix_0165_depth25,165,CID4067_CACCACTCATGTTGAC,CID4067,CAFs,368
mix_0165_depth25,165,CID4067_ACGGGCTTCAGTTTGG,CID4067,T cells CD8+,302
mix_0165_depth25,165,CID4067_CGGACTGTCTCCAACC,CID4067,PVL,499
mix_0165_depth25,165,CID4067_TACTTGTAGGGATCTG,CID4067,Cycling T-cells,279
mix_0165_depth25,165,CID4067_CGTCAGGCAAGGTTTC,CID4067,Cancer Epithelial,612
mix_0165_depth25,165,CID4067_TCACAAGGTAAGAGAG,CID4067,Cancer Epithelial,436
mix_0165_depth25,165,CID4067_TGCACCTAGACAAGCC,CID4067,Cancer Epithelial,458
mix_0165_depth25,165,CID4067_TTCTTAGAGCCACCTG,CID4067,Cancer Epithelial,3311
mix_0166_depth100,166,CID4067_GTAGTCAGTTCGCTAA,CID4067,CAFs,6018
mix_0166_depth100,166,CID4067_ATCGAGTGTGGTACAG,CID4067,CAFs,7810
mix_0166_depth100,166,CID4067_CTTGGCTGTTATGTGC,CID4067,CAFs,2053
mix_0166_depth100,166,CID4067_GATGCTACATTACCTT,CID4067,T cells CD8+,1575
mix_0166_depth100,166,CID4067_GTCACGGAGAGCTATA,CID4067,PVL,1161
mix_0166_depth100,166,CID4067_TCTGAGACAATCAGAA,CID4067,Cycling T-cells,3011
mix_0166_depth100,166,CID4067_GGCAATTTCAAGCCTA,CID4067,Cancer Epithelial,1547
mix_0166_depth100,166,CID4067_CTCATTAGTTGTACAC,CID4067,Cancer Epithelial,1708
mix_0166_depth100,166,CID4067_TGTGTTTAGGCAATTA,CID4067,Cancer Epithelial,3424
mix_0166_depth100,166,CID4067_TCTCATAGTCCAGTAT,CID4067,Cancer Epithelial,2759
mix_0166_depth25,166,CID4067_GTAGTCAGTTCGCTAA,CID4067,CAFs,1545
mix_0166_depth25,166,CID4067_ATCGAGTGTGGTACAG,CID4067,CAFs,1898
mix_0166_depth25,166,CID4067_CTTGGCTGTTATGTGC,CID4067,CAFs,486
mix_0166_depth25,166,CID4067_GATGCTACATTACCTT,CID4067,T cells CD8+,422
mix_0166_depth25,166,CID4067_GTCACGGAGAGCTATA,CID4067,PVL,281
mix_0166_depth25,166,CID4067_TCTGAGACAATCAGAA,CID4067,Cycling T-cells,734
mix_0166_depth25,166,CID4067_GGCAATTTCAAGCCTA,CID4067,Cancer Epithelial,399
mix_0166_depth25,166,CID4067_CTCATTAGTTGTACAC,CID4067,Cancer Epithelial,443
mix_0166_depth25,166,CID4067_TGTGTTTAGGCAATTA,CID4067,Cancer Epithelial,859
mix_0166_depth25,166,CID4067_TCTCATAGTCCAGTAT,CID4067,Cancer Epithelial,705
mix_0167_depth100,167,CID4067_GATCTAGGTCTAAACC,CID4067,CAFs,3838
mix_0167_depth100,167,CID4067_GTTTCTATCACCAGGC,CID4067,CAFs,4215
mix_0167_depth100,167,CID4067_GGTATTGAGCGAAGGG,CID4067,CAFs,7900
mix_0167_depth100,167,CID4067_TGAGCATCAAAGGCGT,CID4067,T cells CD8+,916
mix_0167_depth100,167,CID4067_CTACGTCAGGCATGTG,CID4067,PVL,2532
mix_0167_depth100,167,CID4067_TACACGAAGAACTCGG,CID4067,Cycling T-cells,4788
mix_0167_depth100,167,CID4067_TGGACGCTCTTGCATT,CID4067,Cancer Epithelial,2032
mix_0167_depth100,167,CID4067_CATCGAACAACTGCGC,CID4067,Cancer Epithelial,2303
mix_0167_depth100,167,CID4067_TGCACCTAGACAAGCC,CID4067,Cancer Epithelial,1821
mix_0167_depth100,167,CID4067_AGCTCTCAGTGGCACA,CID4067,Cancer Epithelial,3529
mix_0167_depth25,167,CID4067_GATCTAGGTCTAAACC,CID4067,CAFs,945
mix_0167_depth25,167,CID4067_GTTTCTATCACCAGGC,CID4067,CAFs,1032
mix_0167_depth25,167,CID4067_GGTATTGAGCGAAGGG,CID4067,CAFs,1970
mix_0167_depth25,167,CID4067_TGAGCATCAAAGGCGT,CID4067,T cells CD8+,228
mix_0167_depth25,167,CID4067_CTACGTCAGGCATGTG,CID4067,PVL,643
mix_0167_depth25,167,CID4067_TACACGAAGAACTCGG,CID4067,Cycling T-cells,1208
mix_0167_depth25,167,CID4067_TGGACGCTCTTGCATT,CID4067,Cancer Epithelial,515
mix_0167_depth25,167,CID4067_CATCGAACAACTGCGC,CID4067,Cancer Epithelial,551
mix_0167_depth25,167,CID4067_TGCACCTAGACAAGCC,CID4067,Cancer Epithelial,432
mix_0167_depth25,167,CID4067_AGCTCTCAGTGGCACA,CID4067,Cancer Epithelial,900
mix_0168_depth100,168,CID4067_TCCCGATTCATAGCAC,CID4067,CAFs,2103
mix_0168_depth100,168,CID4067_GTTAAGCCACATCCGG,CID4067,CAFs,5360
mix_0168_depth100,168,CID4067_ATCGAGTGTGGTACAG,CID4067,CAFs,7810
mix_0168_depth100,168,CID4067_GGGCACTAGCTAGGCA,CID4067,T cells CD8+,1433
mix_0168_depth100,168,CID4067_GTGCAGCTCATGCATG,CID4067,T cells CD8+,1258
mix_0168_depth100,168,CID4067_CCGGGATCAAGTTGTC,CID4067,T cells CD8+,1070
mix_0168_depth100,168,CID4067_CAAGAAAAGGTTCCTA,CID4067,PVL,803
mix_0168_depth100,168,CID4067_TCTCTAACAAGACGTG,CID4067,T cells CD4+,1030
mix_0168_depth100,168,CID4067_ATGAGGGTCCTATGTT,CID4067,Cancer Epithelial,5194
mix_0168_depth100,168,CID4067_ATAACGCCAACGATCT,CID4067,Cancer Epithelial,2345
mix_0168_depth25,168,CID4067_TCCCGATTCATAGCAC,CID4067,CAFs,563
mix_0168_depth25,168,CID4067_GTTAAGCCACATCCGG,CID4067,CAFs,1275
mix_0168_depth25,168,CID4067_ATCGAGTGTGGTACAG,CID4067,CAFs,2027
mix_0168_depth25,168,CID4067_GGGCACTAGCTAGGCA,CID4067,T cells CD8+,359
mix_0168_depth25,168,CID4067_GTGCAGCTCATGCATG,CID4067,T cells CD8+,325
mix_0168_depth25,168,CID4067_CCGGGATCAAGTTGTC,CID4067,T cells CD8+,242
mix_0168_depth25,168,CID4067_CAAGAAAAGGTTCCTA,CID4067,PVL,208
mix_0168_depth25,168,CID4067_TCTCTAACAAGACGTG,CID4067,T cells CD4+,262
mix_0168_depth25,168,CID4067_ATGAGGGTCCTATGTT,CID4067,Cancer Epithelial,1310
mix_0168_depth25,168,CID4067_ATAACGCCAACGATCT,CID4067,Cancer Epithelial,596
mix_0169_depth100,169,CID4067_AGCGGTCTCATTCACT,CID4067,CAFs,498
mix_0169_depth100,169,CID4067_GGATGTTTCCGCTGTT,CID4067,CAFs,13185
mix_0169_depth100,169,CID4067_ACGATACCATAGAAAC,CID4067,CAFs,590
mix_0169_depth100,169,CID4067_CTGTGCTGTGTGCCTG,CID4067,T cells CD8+,839
mix_0169_depth100,169,CID4067_GATGCTACATTACCTT,CID4067,T cells CD8+,1575
mix_0169_depth100,169,CID4067_TGGGCGTTCATATCGG,CID4067,T cells CD8+,872
mix_0169_depth100,169,CID4067_GTCACGGAGAGCTATA,CID4067,PVL,1161
mix_0169_depth100,169,CID4067_CTGATCCTCCCAAGTA,CID4067,T cells CD4+,969
mix_0169_depth100,169,CID4067_TACAGTGCATCGACGC,CID4067,Cancer Epithelial,2127
mix_0169_depth100,169,CID4067_ACCTTTAAGGTGACCA,CID4067,Cancer Epithelial,10045
mix_0169_depth25,169,CID4067_AGCGGTCTCATTCACT,CID4067,CAFs,109
mix_0169_depth25,169,CID4067_GGATGTTTCCGCTGTT,CID4067,CAFs,3335
mix_0169_depth25,169,CID4067_ACGATACCATAGAAAC,CID4067,CAFs,145
mix_0169_depth25,169,CID4067_CTGTGCTGTGTGCCTG,CID4067,T cells CD8+,199
mix_0169_depth25,169,CID4067_GATGCTACATTACCTT,CID4067,T cells CD8+,362
mix_0169_depth25,169,CID4067_TGGGCGTTCATATCGG,CID4067,T cells CD8+,218
mix_0169_depth25,169,CID4067_GTCACGGAGAGCTATA,CID4067,PVL,292
mix_0169_depth25,169,CID4067_CTGATCCTCCCAAGTA,CID4067,T cells CD4+,236
mix_0169_depth25,169,CID4067_TACAGTGCATCGACGC,CID4067,Cancer Epithelial,529
mix_0169_depth25,169,CID4067_ACCTTTAAGGTGACCA,CID4067,Cancer Epithelial,2558
mix_0170_depth100,170,CID4067_CGCGGTATCAACACTG,CID4067,CAFs,2568
mix_0170_depth100,170,CID4067_CCTAAAGTCCTAAGTG,CID4067,CAFs,2704
mix_0170_depth100,170,CID4067_GGTATTGAGCGAAGGG,CID4067,CAFs,7900
mix_0170_depth100,170,CID4067_TTAGGACTCTATGTGG,CID4067,T cells CD8+,1117
mix_0170_depth100,170,CID4067_GGCGACTGTCATATCG,CID4067,T cells CD8+,1211
mix_0170_depth100,170,CID4067_CTCGTACTCAGCCTAA,CID4067,T cells CD8+,600
mix_0170_depth100,170,CID4067_TCGGTAAGTCTGATCA,CID4067,PVL,1796
mix_0170_depth100,170,CID4067_TGGCCAGCAAAGGAAG,CID4067,T cells CD4+,2150
mix_0170_depth100,170,CID4067_ATGAGGGTCCTATGTT,CID4067,Cancer Epithelial,5194
mix_0170_depth100,170,CID4067_TGAGCATTCAGTGCAT,CID4067,Cancer Epithelial,2842
mix_0170_depth25,170,CID4067_CGCGGTATCAACACTG,CID4067,CAFs,633
mix_0170_depth25,170,CID4067_CCTAAAGTCCTAAGTG,CID4067,CAFs,674
mix_0170_depth25,170,CID4067_GGTATTGAGCGAAGGG,CID4067,CAFs,1973
mix_0170_depth25,170,CID4067_TTAGGACTCTATGTGG,CID4067,T cells CD8+,264
mix_0170_depth25,170,CID4067_GGCGACTGTCATATCG,CID4067,T cells CD8+,296
mix_0170_depth25,170,CID4067_CTCGTACTCAGCCTAA,CID4067,T cells CD8+,159
mix_0170_depth25,170,CID4067_TCGGTAAGTCTGATCA,CID4067,PVL,472
mix_0170_depth25,170,CID4067_TGGCCAGCAAAGGAAG,CID4067,T cells CD4+,552
mix_0170_depth25,170,CID4067_ATGAGGGTCCTATGTT,CID4067,Cancer Epithelial,1314
mix_0170_depth25,170,CID4067_TGAGCATTCAGTGCAT,CID4067,Cancer Epithelial,720
mix_0171_depth100,171,CID4067_ACGCCAGGTCCCGACA,CID4067,CAFs,5299
mix_0171_depth100,171,CID4067_GGGCACTAGGAGTCTG,CID4067,CAFs,10293
mix_0171_depth100,171,CID4067_GCGAGAAAGAAACCTA,CID4067,CAFs,10413
mix_0171_depth100,171,CID4067_CGAATGTAGATATACG,CID4067,T cells CD8+,1088
mix_0171_depth100,171,CID4067_ACACCGGGTCAACATC,CID4067,T cells CD8+,1065
mix_0171_depth100,171,CID4067_CCACGGACACCGGAAA,CID4067,T cells CD8+,1356
mix_0171_depth100,171,CID4067_AAGGAGCCAGCCTGTG,CID4067,PVL,442
mix_0171_depth100,171,CID4067_TCGAGGCTCTTGTTTG,CID4067,Myeloid,2314
mix_0171_depth100,171,CID4067_TCCACACAGCGATGAC,CID4067,Cancer Epithelial,2719
mix_0171_depth100,171,CID4067_CACACTCGTAGCCTCG,CID4067,Cancer Epithelial,2240
mix_0171_depth25,171,CID4067_ACGCCAGGTCCCGACA,CID4067,CAFs,1300
mix_0171_depth25,171,CID4067_GGGCACTAGGAGTCTG,CID4067,CAFs,2616
mix_0171_depth25,171,CID4067_GCGAGAAAGAAACCTA,CID4067,CAFs,2640
mix_0171_depth25,171,CID4067_CGAATGTAGATATACG,CID4067,T cells CD8+,268
mix_0171_depth25,171,CID4067_ACACCGGGTCAACATC,CID4067,T cells CD8+,272
mix_0171_depth25,171,CID4067_CCACGGACACCGGAAA,CID4067,T cells CD8+,348
mix_0171_depth25,171,CID4067_AAGGAGCCAGCCTGTG,CID4067,PVL,112
mix_0171_depth25,171,CID4067_TCGAGGCTCTTGTTTG,CID4067,Myeloid,578
mix_0171_depth25,171,CID4067_TCCACACAGCGATGAC,CID4067,Cancer Epithelial,674
mix_0171_depth25,171,CID4067_CACACTCGTAGCCTCG,CID4067,Cancer Epithelial,553
mix_0172_depth100,172,CID4067_CCCAGTTTCCCTCAGT,CID4067,CAFs,4539
mix_0172_depth100,172,CID4067_AGATCTGTCAGTTCGA,CID4067,CAFs,6684
mix_0172_depth100,172,CID4067_GGAAAGCGTTCAGTAC,CID4067,CAFs,5079
mix_0172_depth100,172,CID4067_ACGCCAGCAGGGTTAG,CID4067,T cells CD8+,1551
mix_0172_depth100,172,CID4067_CAAGAAATCCCAACGG,CID4067,T cells CD8+,511
mix_0172_depth100,172,CID4067_AGTAGTCCAGCCACCA,CID4067,T cells CD8+,607
mix_0172_depth100,172,CID4067_CATCCACCAGACGCAA,CID4067,PVL,827
mix_0172_depth100,172,CID4067_TGCCCTACAGCTGTAT,CID4067,Myeloid,770
mix_0172_depth100,172,CID4067_AGCCTAACATTCCTGC,CID4067,Cancer Epithelial,4683
mix_0172_depth100,172,CID4067_CGCTTCAAGTAGATGT,CID4067,Cancer Epithelial,1002
mix_0172_depth25,172,CID4067_CCCAGTTTCCCTCAGT,CID4067,CAFs,1127
mix_0172_depth25,172,CID4067_AGATCTGTCAGTTCGA,CID4067,CAFs,1667
mix_0172_depth25,172,CID4067_GGAAAGCGTTCAGTAC,CID4067,CAFs,1261
mix_0172_depth25,172,CID4067_ACGCCAGCAGGGTTAG,CID4067,T cells CD8+,412
mix_0172_depth25,172,CID4067_CAAGAAATCCCAACGG,CID4067,T cells CD8+,143
mix_0172_depth25,172,CID4067_AGTAGTCCAGCCACCA,CID4067,T cells CD8+,156
mix_0172_depth25,172,CID4067_CATCCACCAGACGCAA,CID4067,PVL,227
mix_0172_depth25,172,CID4067_TGCCCTACAGCTGTAT,CID4067,Myeloid,178
mix_0172_depth25,172,CID4067_AGCCTAACATTCCTGC,CID4067,Cancer Epithelial,1234
mix_0172_depth25,172,CID4067_CGCTTCAAGTAGATGT,CID4067,Cancer Epithelial,252
mix_0173_depth100,173,CID4067_CATTATCCAAGTTCTG,CID4067,CAFs,5764
mix_0173_depth100,173,CID4067_GTATTCTGTCTTCAAG,CID4067,CAFs,3508
mix_0173_depth100,173,CID4067_ATCGAGTGTGGTACAG,CID4067,CAFs,7810
mix_0173_depth100,173,CID4067_GGCGACTGTCATATCG,CID4067,T cells CD8+,1211
mix_0173_depth100,173,CID4067_GATCTAGAGCGATATA,CID4067,T cells CD8+,909
mix_0173_depth100,173,CID4067_TATTACCAGAAAGTGG,CID4067,T cells CD8+,1373
mix_0173_depth100,173,CID4067_CGATGGCTCCTGCCAT,CID4067,PVL,2537
mix_0173_depth100,173,CID4067_GTAGTCACAGATAATG,CID4067,Myeloid,3525
mix_0173_depth100,173,CID4067_CTACCCAAGTCAAGGC,CID4067,Cancer Epithelial,1461
mix_0173_depth100,173,CID4067_TTGGAACTCTTTACGT,CID4067,Cancer Epithelial,2403
mix_0173_depth25,173,CID4067_CATTATCCAAGTTCTG,CID4067,CAFs,1486
mix_0173_depth25,173,CID4067_GTATTCTGTCTTCAAG,CID4067,CAFs,889
mix_0173_depth25,173,CID4067_ATCGAGTGTGGTACAG,CID4067,CAFs,2010
mix_0173_depth25,173,CID4067_GGCGACTGTCATATCG,CID4067,T cells CD8+,275
mix_0173_depth25,173,CID4067_GATCTAGAGCGATATA,CID4067,T cells CD8+,231
mix_0173_depth25,173,CID4067_TATTACCAGAAAGTGG,CID4067,T cells CD8+,311
mix_0173_depth25,173,CID4067_CGATGGCTCCTGCCAT,CID4067,PVL,627
mix_0173_depth25,173,CID4067_GTAGTCACAGATAATG,CID4067,Myeloid,883
mix_0173_depth25,173,CID4067_CTACCCAAGTCAAGGC,CID4067,Cancer Epithelial,382
mix_0173_depth25,173,CID4067_TTGGAACTCTTTACGT,CID4067,Cancer Epithelial,584
mix_0174_depth100,174,CID4067_AACGTTGTCGCCAGCA,CID4067,CAFs,10592
mix_0174_depth100,174,CID4067_CGTGTAAAGCTGCCCA,CID4067,CAFs,610
mix_0174_depth100,174,CID4067_TCGTAGAAGAGGGATA,CID4067,CAFs,7979
mix_0174_depth100,174,CID4067_TTAGGCAGTACAGACG,CID4067,T cells CD8+,1094
mix_0174_depth100,174,CID4067_TGGCCAGGTCTCAACA,CID4067,T cells CD8+,1660
mix_0174_depth100,174,CID4067_CTGATAGAGCTAGGCA,CID4067,T cells CD8+,911
mix_0174_depth100,174,CID4067_CTGCCTATCCTTTCTC,CID4067,PVL,2095
mix_0174_depth100,174,CID4067_CCTACACCACCCATTC,CID4067,Endothelial,1005
mix_0174_depth100,174,CID4067_CACACCTTCGGCGGTT,CID4067,Cancer Epithelial,3727
mix_0174_depth100,174,CID4067_GGATGTTGTTTACTCT,CID4067,Cancer Epithelial,6518
mix_0174_depth25,174,CID4067_AACGTTGTCGCCAGCA,CID4067,CAFs,2614
mix_0174_depth25,174,CID4067_CGTGTAAAGCTGCCCA,CID4067,CAFs,151
mix_0174_depth25,174,CID4067_TCGTAGAAGAGGGATA,CID4067,CAFs,2037
mix_0174_depth25,174,CID4067_TTAGGCAGTACAGACG,CID4067,T cells CD8+,251
mix_0174_depth25,174,CID4067_TGGCCAGGTCTCAACA,CID4067,T cells CD8+,430
mix_0174_depth25,174,CID4067_CTGATAGAGCTAGGCA,CID4067,T cells CD8+,254
mix_0174_depth25,174,CID4067_CTGCCTATCCTTTCTC,CID4067,PVL,535
mix_0174_depth25,174,CID4067_CCTACACCACCCATTC,CID4067,Endothelial,249
mix_0174_depth25,174,CID4067_CACACCTTCGGCGGTT,CID4067,Cancer Epithelial,891
mix_0174_depth25,174,CID4067_GGATGTTGTTTACTCT,CID4067,Cancer Epithelial,1585
mix_0175_depth100,175,CID4067_TCCCGATTCATAGCAC,CID4067,CAFs,2103
mix_0175_depth100,175,CID4067_GACTGCGTCTCTAAGG,CID4067,CAFs,6220
mix_0175_depth100,175,CID4067_ATGTGTGCAGCTGTAT,CID4067,CAFs,2081
mix_0175_depth100,175,CID4067_GAACGGAAGAGGGATA,CID4067,T cells CD8+,723
mix_0175_depth100,175,CID4067_TGGCCAGCATGACATC,CID4067,T cells CD8+,906
mix_0175_depth100,175,CID4067_CTGCTGTGTCAACATC,CID4067,T cells CD8+,934
mix_0175_depth100,175,CID4067_GTACGTATCGGCGCTA,CID4067,PVL,1015
mix_0175_depth100,175,CID4067_CTGATAGCACAGGCCT,CID4067,Endothelial,2258
mix_0175_depth100,175,CID4067_GACTAACGTGGCAAAC,CID4067,Cancer Epithelial,4319
mix_0175_depth100,175,CID4067_GTACGTATCCCGACTT,CID4067,Cancer Epithelial,3376
mix_0175_depth25,175,CID4067_TCCCGATTCATAGCAC,CID4067,CAFs,517
mix_0175_depth25,175,CID4067_GACTGCGTCTCTAAGG,CID4067,CAFs,1549
mix_0175_depth25,175,CID4067_ATGTGTGCAGCTGTAT,CID4067,CAFs,511
mix_0175_depth25,175,CID4067_GAACGGAAGAGGGATA,CID4067,T cells CD8+,181
mix_0175_depth25,175,CID4067_TGGCCAGCATGACATC,CID4067,T cells CD8+,226
mix_0175_depth25,175,CID4067_CTGCTGTGTCAACATC,CID4067,T cells CD8+,234
mix_0175_depth25,175,CID4067_GTACGTATCGGCGCTA,CID4067,PVL,253
mix_0175_depth25,175,CID4067_CTGATAGCACAGGCCT,CID4067,Endothelial,536
mix_0175_depth25,175,CID4067_GACTAACGTGGCAAAC,CID4067,Cancer Epithelial,1059
mix_0175_depth25,175,CID4067_GTACGTATCCCGACTT,CID4067,Cancer Epithelial,830
mix_0176_depth100,176,CID4067_CATCAGACAAGTACCT,CID4067,CAFs,5697
mix_0176_depth100,176,CID4067_GAATAAGTCCGCGTTT,CID4067,CAFs,5579
mix_0176_depth100,176,CID4067_GATCTAGCATCCGCGA,CID4067,CAFs,5365
mix_0176_depth100,176,CID4067_CGTGTCTGTCGGATCC,CID4067,T cells CD8+,462
mix_0176_depth100,176,CID4067_CGACTTCAGTGGTCCC,CID4067,T cells CD8+,1854
mix_0176_depth100,176,CID4067_CACATAGTCCTCAATT,CID4067,T cells CD8+,1227
mix_0176_depth100,176,CID4067_AGAGTGGGTACTTAGC,CID4067,PVL,2105
mix_0176_depth100,176,CID4067_CGTCCATAGTACCGGA,CID4067,Endothelial,6775
mix_0176_depth100,176,CID4067_GGACAGATCTTAGAGC,CID4067,Cancer Epithelial,12139
mix_0176_depth100,176,CID4067_CCGGGATTCACCACCT,CID4067,Cancer Epithelial,2304
mix_0176_depth25,176,CID4067_CATCAGACAAGTACCT,CID4067,CAFs,1407
mix_0176_depth25,176,CID4067_GAATAAGTCCGCGTTT,CID4067,CAFs,1398
mix_0176_depth25,176,CID4067_GATCTAGCATCCGCGA,CID4067,CAFs,1350
mix_0176_depth25,176,CID4067_CGTGTCTGTCGGATCC,CID4067,T cells CD8+,125
mix_0176_depth25,176,CID4067_CGACTTCAGTGGTCCC,CID4067,T cells CD8+,456
mix_0176_depth25,176,CID4067_CACATAGTCCTCAATT,CID4067,T cells CD8+,314
mix_0176_depth25,176,CID4067_AGAGTGGGTACTTAGC,CID4067,PVL,525
mix_0176_depth25,176,CID4067_CGTCCATAGTACCGGA,CID4067,Endothelial,1699
mix_0176_depth25,176,CID4067_GGACAGATCTTAGAGC,CID4067,Cancer Epithelial,2983
mix_0176_depth25,176,CID4067_CCGGGATTCACCACCT,CID4067,Cancer Epithelial,579
mix_0177_depth100,177,CID4067_GGGCACTAGGAGTCTG,CID4067,CAFs,10293
mix_0177_depth100,177,CID4067_AATCGGTCAGACAAGC,CID4067,CAFs,5071
mix_0177_depth100,177,CID4067_GTGCGGTTCAGCTCGG,CID4067,CAFs,908
mix_0177_depth100,177,CID4067_CTAAGACAGGCCCGTT,CID4067,T cells CD8+,936
mix_0177_depth100,177,CID4067_AGTTGGTGTGACGCCT,CID4067,T cells CD8+,1010
mix_0177_depth100,177,CID4067_GACTAACTCCTCGCAT,CID4067,T cells CD8+,947
mix_0177_depth100,177,CID4067_CTGCTGTCATAAGACA,CID4067,PVL,1230
mix_0177_depth100,177,CID4067_CATATGGGTGTAAGTA,CID4067,B-cells,781
mix_0177_depth100,177,CID4067_CACACTCGTAGCCTCG,CID4067,Cancer Epithelial,2240
mix_0177_depth100,177,CID4067_CGTGTCTCAGACAGGT,CID4067,Cancer Epithelial,9893
mix_0177_depth25,177,CID4067_GGGCACTAGGAGTCTG,CID4067,CAFs,2568
mix_0177_depth25,177,CID4067_AATCGGTCAGACAAGC,CID4067,CAFs,1233
mix_0177_depth25,177,CID4067_GTGCGGTTCAGCTCGG,CID4067,CAFs,219
mix_0177_depth25,177,CID4067_CTAAGACAGGCCCGTT,CID4067,T cells CD8+,230
mix_0177_depth25,177,CID4067_AGTTGGTGTGACGCCT,CID4067,T cells CD8+,245
mix_0177_depth25,177,CID4067_GACTAACTCCTCGCAT,CID4067,T cells CD8+,225
mix_0177_depth25,177,CID4067_CTGCTGTCATAAGACA,CID4067,PVL,317
mix_0177_depth25,177,CID4067_CATATGGGTGTAAGTA,CID4067,B-cells,214
mix_0177_depth25,177,CID4067_CACACTCGTAGCCTCG,CID4067,Cancer Epithelial,567
mix_0177_depth25,177,CID4067_CGTGTCTCAGACAGGT,CID4067,Cancer Epithelial,2464
mix_0178_depth100,178,CID4067_AGTCTTTCACAGGCCT,CID4067,CAFs,815
mix_0178_depth100,178,CID4067_GGACAGACACAGACAG,CID4067,CAFs,7373
mix_0178_depth100,178,CID4067_GCAGTTAAGTAGCCGA,CID4067,CAFs,7590
mix_0178_depth100,178,CID4067_GTCTTCGGTGAGTATA,CID4067,T cells CD8+,925
mix_0178_depth100,178,CID4067_TCATTACTCCGTCATC,CID4067,T cells CD8+,740
mix_0178_depth100,178,CID4067_GACTAACTCTGATTCT,CID4067,T cells CD8+,1461
mix_0178_depth100,178,CID4067_AGCGGTCAGATCTGCT,CID4067,PVL,1339
mix_0178_depth100,178,CID4067_GAACGGATCTGCTGCT,CID4067,B-cells,598
mix_0178_depth100,178,CID4067_CTCACACTCTTGCAAG,CID4067,Cancer Epithelial,6161
mix_0178_depth100,178,CID4067_GCCAAATGTGATAAGT,CID4067,Cancer Epithelial,2592
mix_0178_depth25,178,CID4067_AGTCTTTCACAGGCCT,CID4067,CAFs,199
mix_0178_depth25,178,CID4067_GGACAGACACAGACAG,CID4067,CAFs,1803
mix_0178_depth25,178,CID4067_GCAGTTAAGTAGCCGA,CID4067,CAFs,1887
mix_0178_depth25,178,CID4067_GTCTTCGGTGAGTATA,CID4067,T cells CD8+,238
mix_0178_depth25,178,CID4067_TCATTACTCCGTCATC,CID4067,T cells CD8+,176
mix_0178_depth25,178,CID4067_GACTAACTCTGATTCT,CID4067,T cells CD8+,348
mix_0178_depth25,178,CID4067_AGCGGTCAGATCTGCT,CID4067,PVL,352
mix_0178_depth25,178,CID4067_GAACGGATCTGCTGCT,CID4067,B-cells,156
mix_0178_depth25,178,CID4067_CTCACACTCTTGCAAG,CID4067,Cancer Epithelial,1579
mix_0178_depth25,178,CID4067_GCCAAATGTGATAAGT,CID4067,Cancer Epithelial,624
mix_0179_depth100,179,CID4067_AAACGGGGTACCGCTG,CID4067,CAFs,5231
mix_0179_depth100,179,CID4067_GCACTCTCACCACCAG,CID4067,CAFs,8164
mix_0179_depth100,179,CID4067_GACCTGGTCATTGCCC,CID4067,CAFs,4024
mix_0179_depth100,179,CID4067_TGACTTTAGTCCCACG,CID4067,T cells CD8+,781
mix_0179_depth100,179,CID4067_CTCGTACTCAGCCTAA,CID4067,T cells CD8+,600
mix_0179_depth100,179,CID4067_TACCTTAGTATAATGG,CID4067,T cells CD8+,893
mix_0179_depth100,179,CID4067_TGTGTTTAGCGAGAAA,CID4067,PVL,776
mix_0179_depth100,179,CID4067_TTGTAGGAGAGCTTCT,CID4067,B-cells,961
mix_0179_depth100,179,CID4067_TGACTTTTCACGGTTA,CID4067,Cancer Epithelial,2869
mix_0179_depth100,179,CID4067_GTAACGTGTAATTGGA,CID4067,Cancer Epithelial,7756
mix_0179_depth25,179,CID4067_AAACGGGGTACCGCTG,CID4067,CAFs,1302
mix_0179_depth25,179,CID4067_GCACTCTCACCACCAG,CID4067,CAFs,2053
mix_0179_depth25,179,CID4067_GACCTGGTCATTGCCC,CID4067,CAFs,1016
mix_0179_depth25,179,CID4067_TGACTTTAGTCCCACG,CID4067,T cells CD8+,198
mix_0179_depth25,179,CID4067_CTCGTACTCAGCCTAA,CID4067,T cells CD8+,164
mix_0179_depth25,179,CID4067_TACCTTAGTATAATGG,CID4067,T cells CD8+,201
mix_0179_depth25,179,CID4067_TGTGTTTAGCGAGAAA,CID4067,PVL,207
mix_0179_depth25,179,CID4067_TTGTAGGAGAGCTTCT,CID4067,B-cells,244
mix_0179_depth25,179,CID4067_TGACTTTTCACGGTTA,CID4067,Cancer Epithelial,720
mix_0179_depth25,179,CID4067_GTAACGTGTAATTGGA,CID4067,Cancer Epithelial,1961
mix_0180_depth100,180,CID4067_CCAATCCCACCTGGTG,CID4067,CAFs,4343
mix_0180_depth100,180,CID4067_ACATCAGGTCGCATCG,CID4067,CAFs,7882
mix_0180_depth100,180,CID4067_TATGCCCAGGATATAC,CID4067,CAFs,4187
mix_0180_depth100,180,CID4067_ACGATGTGTGAGTATA,CID4067,T cells CD8+,983
mix_0180_depth100,180,CID4067_CAGCATAGTGTCGCTG,CID4067,T cells CD8+,1260
mix_0180_depth100,180,CID4067_GGGTCTGGTCAAGCGA,CID4067,T cells CD8+,1027
mix_0180_depth100,180,CID4067_GTAGGCCCATACAGCT,CID4067,PVL,1036
mix_0180_depth100,180,CID4067_CATATGGTCATGTAGC,CID4067,NK cells,613
mix_0180_depth100,180,CID4067_GTCACGGTCGGTTCGG,CID4067,Cancer Epithelial,13844
mix_0180_depth100,180,CID4067_CACACCTAGATCGGGT,CID4067,Cancer Epithelial,4280
mix_0180_depth25,180,CID4067_CCAATCCCACCTGGTG,CID4067,CAFs,1117
mix_0180_depth25,180,CID4067_ACATCAGGTCGCATCG,CID4067,CAFs,1953
mix_0180_depth25,180,CID4067_TATGCCCAGGATATAC,CID4067,CAFs,1067
mix_0180_depth25,180,CID4067_ACGATGTGTGAGTATA,CID4067,T cells CD8+,265
mix_0180_depth25,180,CID4067_CAGCATAGTGTCGCTG,CID4067,T cells CD8+,302
mix_0180_depth25,180,CID4067_GGGTCTGGTCAAGCGA,CID4067,T cells CD8+,279
mix_0180_depth25,180,CID4067_GTAGGCCCATACAGCT,CID4067,PVL,278
mix_0180_depth25,180,CID4067_CATATGGTCATGTAGC,CID4067,NK cells,156
mix_0180_depth25,180,CID4067_GTCACGGTCGGTTCGG,CID4067,Cancer Epithelial,3524
mix_0180_depth25,180,CID4067_CACACCTAGATCGGGT,CID4067,Cancer Epithelial,1116
mix_0181_depth100,181,CID4067_TCGTAGAAGAGGGATA,CID4067,CAFs,7979
mix_0181_depth100,181,CID4067_TTGACTTTCTAACTTC,CID4067,CAFs,1017
mix_0181_depth100,181,CID4067_AGGGAGTCAGCTCGAC,CID4067,CAFs,5065
mix_0181_depth100,181,CID4067_GTTCATTGTCAATACC,CID4067,T cells CD8+,893
mix_0181_depth100,181,CID4067_TGGCCAGGTTTGACAC,CID4067,T cells CD8+,829
mix_0181_depth100,181,CID4067_ATCCGAAAGTCATCCA,CID4067,T cells CD8+,759
mix_0181_depth100,181,CID4067_TTGAACGAGGCTCTTA,CID4067,PVL,3900
mix_0181_depth100,181,CID4067_TTCTACAAGCTAGCCC,CID4067,NK cells,1141
mix_0181_depth100,181,CID4067_ACACCAACACCATCCT,CID4067,Cancer Epithelial,7406
mix_0181_depth100,181,CID4067_CGACTTCCATTGGCGC,CID4067,Cancer Epithelial,2234
mix_0181_depth25,181,CID4067_TCGTAGAAGAGGGATA,CID4067,CAFs,2007
mix_0181_depth25,181,CID4067_TTGACTTTCTAACTTC,CID4067,CAFs,256
mix_0181_depth25,181,CID4067_AGGGAGTCAGCTCGAC,CID4067,CAFs,1286
mix_0181_depth25,181,CID4067_GTTCATTGTCAATACC,CID4067,T cells CD8+,224
mix_0181_depth25,181,CID4067_TGGCCAGGTTTGACAC,CID4067,T cells CD8+,215
mix_0181_depth25,181,CID4067_ATCCGAAAGTCATCCA,CID4067,T cells CD8+,202
mix_0181_depth25,181,CID4067_TTGAACGAGGCTCTTA,CID4067,PVL,1031
mix_0181_depth25,181,CID4067_TTCTACAAGCTAGCCC,CID4067,NK cells,278
mix_0181_depth25,181,CID4067_ACACCAACACCATCCT,CID4067,Cancer Epithelial,1841
mix_0181_depth25,181,CID4067_CGACTTCCATTGGCGC,CID4067,Cancer Epithelial,533
mix_0182_depth100,182,CID4067_TATTACCAGAATGTGT,CID4067,CAFs,9441
mix_0182_depth100,182,CID4067_TATGCCCAGGATATAC,CID4067,CAFs,4187
mix_0182_depth100,182,CID4067_CGACCTTTCCGAATGT,CID4067,CAFs,1629
mix_0182_depth100,182,CID4067_TGAGAGGAGGTCATCT,CID4067,T cells CD8+,1421
mix_0182_depth100,182,CID4067_TATCAGGTCATGCATG,CID4067,T cells CD8+,782
mix_0182_depth100,182,CID4067_AGGCCACGTAATAGCA,CID4067,T cells CD8+,1194
mix_0182_depth100,182,CID4067_TGTATTCCAAGCCTAT,CID4067,PVL,2098
mix_0182_depth100,182,CID4067_CTGATCCGTCGTGGCT,CID4067,NK cells,683
mix_0182_depth100,182,CID4067_CATCGGGCAGTAAGCG,CID4067,Cancer Epithelial,2530
mix_0182_depth100,182,CID4067_GTACTTTCAGGGATTG,CID4067,Cancer Epithelial,28398
mix_0182_depth25,182,CID4067_TATTACCAGAATGTGT,CID4067,CAFs,2405
mix_0182_depth25,182,CID4067_TATGCCCAGGATATAC,CID4067,CAFs,1027
mix_0182_depth25,182,CID4067_CGACCTTTCCGAATGT,CID4067,CAFs,402
mix_0182_depth25,182,CID4067_TGAGAGGAGGTCATCT,CID4067,T cells CD8+,368
mix_0182_depth25,182,CID4067_TATCAGGTCATGCATG,CID4067,T cells CD8+,190
mix_0182_depth25,182,CID4067_AGGCCACGTAATAGCA,CID4067,T cells CD8+,299
mix_0182_depth25,182,CID4067_TGTATTCCAAGCCTAT,CID4067,PVL,529
mix_0182_depth25,182,CID4067_CTGATCCGTCGTGGCT,CID4067,NK cells,167
mix_0182_depth25,182,CID4067_CATCGGGCAGTAAGCG,CID4067,Cancer Epithelial,662
mix_0182_depth25,182,CID4067_GTACTTTCAGGGATTG,CID4067,Cancer Epithelial,7130
mix_0183_depth100,183,CID4067_TAAGTGCAGTATGACA,CID4067,CAFs,1094
mix_0183_depth100,183,CID4067_CCAATCCCACCTCGTT,CID4067,CAFs,1673
mix_0183_depth100,183,CID4067_CGCTGGAAGATGCGAC,CID4067,CAFs,6132
mix_0183_depth100,183,CID4067_CGTCAGGGTTATGCGT,CID4067,T cells CD8+,1817
mix_0183_depth100,183,CID4067_GTACTCCAGCTGCAAG,CID4067,T cells CD8+,891
mix_0183_depth100,183,CID4067_ACACCAAGTTAGTGGG,CID4067,T cells CD8+,1126
mix_0183_depth100,183,CID4067_TCGGTAAGTCTGATCA,CID4067,PVL,1796
mix_0183_depth100,183,CID4067_CCGTGGACAATAAGCA,CID4067,NKT cells,788
mix_0183_depth100,183,CID4067_TTTGGTTTCAACACCA,CID4067,Cancer Epithelial,4457
mix_0183_depth100,183,CID4067_AAGGCAGCAGTTAACC,CID4067,Cancer Epithelial,1922
mix_0183_depth25,183,CID4067_TAAGTGCAGTATGACA,CID4067,CAFs,282
mix_0183_depth25,183,CID4067_CCAATCCCACCTCGTT,CID4067,CAFs,463
mix_0183_depth25,183,CID4067_CGCTGGAAGATGCGAC,CID4067,CAFs,1529
mix_0183_depth25,183,CID4067_CGTCAGGGTTATGCGT,CID4067,T cells CD8+,453
mix_0183_depth25,183,CID4067_GTACTCCAGCTGCAAG,CID4067,T cells CD8+,222
mix_0183_depth25,183,CID4067_ACACCAAGTTAGTGGG,CID4067,T cells CD8+,279
mix_0183_depth25,183,CID4067_TCGGTAAGTCTGATCA,CID4067,PVL,428
mix_0183_depth25,183,CID4067_CCGTGGACAATAAGCA,CID4067,NKT cells,201
mix_0183_depth25,183,CID4067_TTTGGTTTCAACACCA,CID4067,Cancer Epithelial,1087
mix_0183_depth25,183,CID4067_AAGGCAGCAGTTAACC,CID4067,Cancer Epithelial,486
mix_0184_depth100,184,CID4067_ATGTGTGCAGCTGTAT,CID4067,CAFs,2081
mix_0184_depth100,184,CID4067_CACCACTCATGTTGAC,CID4067,CAFs,1468
mix_0184_depth100,184,CID4067_CCTACACAGGATGCGT,CID4067,CAFs,2326
mix_0184_depth100,184,CID4067_ACGATGTGTGAGTATA,CID4067,T cells CD8+,983
mix_0184_depth100,184,CID4067_CTCTGGTTCGCGTTTC,CID4067,T cells CD8+,584
mix_0184_depth100,184,CID4067_CGCTTCAGTCATATCG,CID4067,T cells CD8+,979
mix_0184_depth100,184,CID4067_GTATCTTGTAAGTAGT,CID4067,PVL,16891
mix_0184_depth100,184,CID4067_AGCATACTCGCGCCAA,CID4067,NKT cells,1192
mix_0184_depth100,184,CID4067_CTAACTTTCAGAGACG,CID4067,Cancer Epithelial,3626
mix_0184_depth100,184,CID4067_CACACCTAGATCGGGT,CID4067,Cancer Epithelial,4280
mix_0184_depth25,184,CID4067_ATGTGTGCAGCTGTAT,CID4067,CAFs,540
mix_0184_depth25,184,CID4067_CACCACTCATGTTGAC,CID4067,CAFs,375
mix_0184_depth25,184,CID4067_CCTACACAGGATGCGT,CID4067,CAFs,596
mix_0184_depth25,184,CID4067_ACGATGTGTGAGTATA,CID4067,T cells CD8+,221
mix_0184_depth25,184,CID4067_CTCTGGTTCGCGTTTC,CID4067,T cells CD8+,129
mix_0184_depth25,184,CID4067_CGCTTCAGTCATATCG,CID4067,T cells CD8+,256
mix_0184_depth25,184,CID4067_GTATCTTGTAAGTAGT,CID4067,PVL,4212
mix_0184_depth25,184,CID4067_AGCATACTCGCGCCAA,CID4067,NKT cells,315
mix_0184_depth25,184,CID4067_CTAACTTTCAGAGACG,CID4067,Cancer Epithelial,916
mix_0184_depth25,184,CID4067_CACACCTAGATCGGGT,CID4067,Cancer Epithelial,1078
mix_0185_depth100,185,CID4067_CATCAGACAAGTACCT,CID4067,CAFs,5697
mix_0185_depth100,185,CID4067_ACATCAGGTCGCATCG,CID4067,CAFs,7882
mix_0185_depth100,185,CID4067_CACACTCTCGGCGGTT,CID4067,CAFs,4333
mix_0185_depth100,185,CID4067_GGATGTTGTCCAGTAT,CID4067,T cells CD8+,595
mix_0185_depth100,185,CID4067_CGGACGTCAGGTGCCT,CID4067,T cells CD8+,583
mix_0185_depth100,185,CID4067_GCATACACATACGCTA,CID4067,T cells CD8+,931
mix_0185_depth100,185,CID4067_CGATGGCTCCTGCCAT,CID4067,PVL,2537
mix_0185_depth100,185,CID4067_GGGACCTCATTGGCGC,CID4067,NKT cells,778
mix_0185_depth100,185,CID4067_TACTTGTTCCAGATCA,CID4067,Cancer Epithelial,1407
mix_0185_depth100,185,CID4067_GAATGAAAGGTGATTA,CID4067,Cancer Epithelial,1832
mix_0185_depth25,185,CID4067_CATCAGACAAGTACCT,CID4067,CAFs,1371
mix_0185_depth25,185,CID4067_ACATCAGGTCGCATCG,CID4067,CAFs,2007
mix_0185_depth25,185,CID4067_CACACTCTCGGCGGTT,CID4067,CAFs,1093
mix_0185_depth25,185,CID4067_GGATGTTGTCCAGTAT,CID4067,T cells CD8+,150
mix_0185_depth25,185,CID4067_CGGACGTCAGGTGCCT,CID4067,T cells CD8+,151
mix_0185_depth25,185,CID4067_GCATACACATACGCTA,CID4067,T cells CD8+,248
mix_0185_depth25,185,CID4067_CGATGGCTCCTGCCAT,CID4067,PVL,598
mix_0185_depth25,185,CID4067_GGGACCTCATTGGCGC,CID4067,NKT cells,216
mix_0185_depth25,185,CID4067_TACTTGTTCCAGATCA,CID4067,Cancer Epithelial,364
mix_0185_depth25,185,CID4067_GAATGAAAGGTGATTA,CID4067,Cancer Epithelial,480
mix_0186_depth100,186,CID4067_CGGACTGTCGGCCGAT,CID4067,CAFs,5215
mix_0186_depth100,186,CID4067_AGAGCGAGTTACAGAA,CID4067,CAFs,4464
mix_0186_depth100,186,CID4067_TGTTCCGGTGGCAAAC,CID4067,CAFs,6139
mix_0186_depth100,186,CID4067_TTGCCGTAGCGTTGCC,CID4067,T cells CD8+,337
mix_0186_depth100,186,CID4067_CATCCACTCTTGTCAT,CID4067,T cells CD8+,934
mix_0186_depth100,186,CID4067_CTTTGCGTCACCATAG,CID4067,T cells CD8+,1126
mix_0186_depth100,186,CID4067_TGGCTGGAGGCCCTCA,CID4067,PVL,5321
mix_0186_depth100,186,CID4067_CCACGGACAGAGTGTG,CID4067,Cycling T-cells,901
mix_0186_depth100,186,CID4067_GCATGTAAGGAGTTTA,CID4067,Cancer Epithelial,9961
mix_0186_depth100,186,CID4067_CACAGTACACCTCGTT,CID4067,Cancer Epithelial,18112
mix_0186_depth25,186,CID4067_CGGACTGTCGGCCGAT,CID4067,CAFs,1321
mix_0186_depth25,186,CID4067_AGAGCGAGTTACAGAA,CID4067,CAFs,1089
mix_0186_depth25,186,CID4067_TGTTCCGGTGGCAAAC,CID4067,CAFs,1519
mix_0186_depth25,186,CID4067_TTGCCGTAGCGTTGCC,CID4067,T cells CD8+,90
mix_0186_depth25,186,CID4067_CATCCACTCTTGTCAT,CID4067,T cells CD8+,242
mix_0186_depth25,186,CID4067_CTTTGCGTCACCATAG,CID4067,T cells CD8+,267
mix_0186_depth25,186,CID4067_TGGCTGGAGGCCCTCA,CID4067,PVL,1351
mix_0186_depth25,186,CID4067_CCACGGACAGAGTGTG,CID4067,Cycling T-cells,236
mix_0186_depth25,186,CID4067_GCATGTAAGGAGTTTA,CID4067,Cancer Epithelial,2436
mix_0186_depth25,186,CID4067_CACAGTACACCTCGTT,CID4067,Cancer Epithelial,4533
mix_0187_depth100,187,CID4067_CTGCCTAAGTCAAGCG,CID4067,CAFs,599
mix_0187_depth100,187,CID4067_GTGCTTCGTCATCGGC,CID4067,CAFs,2293
mix_0187_depth100,187,CID4067_GCAGTTAAGTAGCCGA,CID4067,CAFs,7590
mix_0187_depth100,187,CID4067_GGTATTGAGGATATAC,CID4067,T cells CD8+,1691
mix_0187_depth100,187,CID4067_GAACGGAAGAGGGATA,CID4067,T cells CD8+,723
mix_0187_depth100,187,CID4067_GTGAAGGTCTGTTTGT,CID4067,T cells CD8+,925
mix_0187_depth100,187,CID4067_TACCTATTCCCTCAGT,CID4067,PVL,14195
mix_0187_depth100,187,CID4067_GGAATAAGTGCAGGTA,CID4067,Cycling T-cells,1254
mix_0187_depth100,187,CID4067_GCGCCAACATGGTAGG,CID4067,Cancer Epithelial,2292
mix_0187_depth100,187,CID4067_TTCTCCTAGGCTATCT,CID4067,Cancer Epithelial,4105
mix_0187_depth25,187,CID4067_CTGCCTAAGTCAAGCG,CID4067,CAFs,149
mix_0187_depth25,187,CID4067_GTGCTTCGTCATCGGC,CID4067,CAFs,575
mix_0187_depth25,187,CID4067_GCAGTTAAGTAGCCGA,CID4067,CAFs,1944
mix_0187_depth25,187,CID4067_GGTATTGAGGATATAC,CID4067,T cells CD8+,385
mix_0187_depth25,187,CID4067_GAACGGAAGAGGGATA,CID4067,T cells CD8+,184
mix_0187_depth25,187,CID4067_GTGAAGGTCTGTTTGT,CID4067,T cells CD8+,244
mix_0187_depth25,187,CID4067_TACCTATTCCCTCAGT,CID4067,PVL,3648
mix_0187_depth25,187,CID4067_GGAATAAGTGCAGGTA,CID4067,Cycling T-cells,315
mix_0187_depth25,187,CID4067_GCGCCAACATGGTAGG,CID4067,Cancer Epithelial,573
mix_0187_depth25,187,CID4067_TTCTCCTAGGCTATCT,CID4067,Cancer Epithelial,1082
mix_0188_depth100,188,CID4067_CTACACCAGGTGTGGT,CID4067,CAFs,5684
mix_0188_depth100,188,CID4067_TGTTCCGGTGGCAAAC,CID4067,CAFs,6139
mix_0188_depth100,188,CID4067_GGTATTGAGCGAAGGG,CID4067,CAFs,7900
mix_0188_depth100,188,CID4067_CTTCTCTTCAAAGTAG,CID4067,T cells CD8+,840
mix_0188_depth100,188,CID4067_TGGCGCAGTCACACGC,CID4067,T cells CD8+,1432
mix_0188_depth100,188,CID4067_GTTCATTGTCAATACC,CID4067,T cells CD8+,893
mix_0188_depth100,188,CID4067_TGCTGCTGTGACTACT,CID4067,PVL,302
mix_0188_depth100,188,CID4067_TACACGAAGAACTCGG,CID4067,Cycling T-cells,4788
mix_0188_depth100,188,CID4067_GTGCAGCAGATGGCGT,CID4067,Cancer Epithelial,3495
mix_0188_depth100,188,CID4067_AAAGCAAGTGCTCTTC,CID4067,Cancer Epithelial,2329
mix_0188_depth25,188,CID4067_CTACACCAGGTGTGGT,CID4067,CAFs,1398
mix_0188_depth25,188,CID4067_TGTTCCGGTGGCAAAC,CID4067,CAFs,1553
mix_0188_depth25,188,CID4067_GGTATTGAGCGAAGGG,CID4067,CAFs,1963
mix_0188_depth25,188,CID4067_CTTCTCTTCAAAGTAG,CID4067,T cells CD8+,224
mix_0188_depth25,188,CID4067_TGGCGCAGTCACACGC,CID4067,T cells CD8+,363
mix_0188_depth25,188,CID4067_GTTCATTGTCAATACC,CID4067,T cells CD8+,230
mix_0188_depth25,188,CID4067_TGCTGCTGTGACTACT,CID4067,PVL,76
mix_0188_depth25,188,CID4067_TACACGAAGAACTCGG,CID4067,Cycling T-cells,1159
mix_0188_depth25,188,CID4067_GTGCAGCAGATGGCGT,CID4067,Cancer Epithelial,901
mix_0188_depth25,188,CID4067_AAAGCAAGTGCTCTTC,CID4067,Cancer Epithelial,600
mix_0189_depth100,189,CID4067_GTGTGCGCATGACATC,CID4067,B-cells,1490
mix_0189_depth100,189,CID4067_GCGGGTTTCTTAGCCC,CID4067,B-cells,970
mix_0189_depth100,189,CID4067_CGGAGCTGTCAACTGT,CID4067,B-cells,1314
mix_0189_depth100,189,CID4067_ATTTCTGCATTGAGCT,CID4067,B-cells,1494
mix_0189_depth100,189,CID4067_ACACCCTCAATGGATA,CID4067,B-cells,940
mix_0189_depth25,189,CID4067_GTGTGCGCATGACATC,CID4067,B-cells,360
mix_0189_depth25,189,CID4067_GCGGGTTTCTTAGCCC,CID4067,B-cells,255
mix_0189_depth25,189,CID4067_CGGAGCTGTCAACTGT,CID4067,B-cells,352
mix_0189_depth25,189,CID4067_ATTTCTGCATTGAGCT,CID4067,B-cells,355
mix_0189_depth25,189,CID4067_ACACCCTCAATGGATA,CID4067,B-cells,244
mix_0190_depth100,190,CID4067_GTAGTCATCCAGTATG,CID4067,B-cells,1225
mix_0190_depth100,190,CID4067_TTGTAGGAGAGCTTCT,CID4067,B-cells,961
mix_0190_depth100,190,CID4067_TGCACCTTCAGGATCT,CID4067,B-cells,468
mix_0190_depth100,190,CID4067_TAGTTGGAGAAGGACA,CID4067,B-cells,1648
mix_0190_depth100,190,CID4067_TACTTACGTCTCCATC,CID4067,B-cells,566
mix_0190_depth25,190,CID4067_GTAGTCATCCAGTATG,CID4067,B-cells,302
mix_0190_depth25,190,CID4067_TTGTAGGAGAGCTTCT,CID4067,B-cells,235
mix_0190_depth25,190,CID4067_TGCACCTTCAGGATCT,CID4067,B-cells,111
mix_0190_depth25,190,CID4067_TAGTTGGAGAAGGACA,CID4067,B-cells,355
mix_0190_depth25,190,CID4067_TACTTACGTCTCCATC,CID4067,B-cells,131
mix_0191_depth100,191,CID4067_GAACGGATCTGCTGCT,CID4067,B-cells,598
mix_0191_depth100,191,CID4067_AGCTCCTCAAGACACG,CID4067,B-cells,441
mix_0191_depth100,191,CID4067_AAGACCTTCAAAGTAG,CID4067,B-cells,737
mix_0191_depth100,191,CID4067_TTGTAGGAGAGCTTCT,CID4067,B-cells,961
mix_0191_depth100,191,CID4067_TTGACTTTCTAACTGG,CID4067,B-cells,1023
mix_0191_depth25,191,CID4067_GAACGGATCTGCTGCT,CID4067,B-cells,134
mix_0191_depth25,191,CID4067_AGCTCCTCAAGACACG,CID4067,B-cells,102
mix_0191_depth25,191,CID4067_AAGACCTTCAAAGTAG,CID4067,B-cells,174
mix_0191_depth25,191,CID4067_TTGTAGGAGAGCTTCT,CID4067,B-cells,259
mix_0191_depth25,191,CID4067_TTGACTTTCTAACTGG,CID4067,B-cells,227
mix_0192_depth100,192,CID4067_TCAACGATCTGTTGAG,CID4067,B-cells,891
mix_0192_depth100,192,CID4067_ATGAGGGGTCTTGATG,CID4067,B-cells,982
mix_0192_depth100,192,CID4067_AAATGCCTCTGTACGA,CID4067,B-cells,1028
mix_0192_depth100,192,CID4067_GAACGGATCTGCTGCT,CID4067,B-cells,598
mix_0192_depth100,192,CID4067_GGCTGGTAGCCACCTG,CID4067,B-cells,1384
mix_0192_depth25,192,CID4067_TCAACGATCTGTTGAG,CID4067,B-cells,226
mix_0192_depth25,192,CID4067_ATGAGGGGTCTTGATG,CID4067,B-cells,238
mix_0192_depth25,192,CID4067_AAATGCCTCTGTACGA,CID4067,B-cells,261
mix_0192_depth25,192,CID4067_GAACGGATCTGCTGCT,CID4067,B-cells,159
mix_0192_depth25,192,CID4067_GGCTGGTAGCCACCTG,CID4067,B-cells,357
mix_0193_depth100,193,CID4067_TTGGCAATCGCTGATA,CID4067,B-cells,901
mix_0193_depth100,193,CID4067_GAACGGATCTGCTGCT,CID4067,B-cells,598
mix_0193_depth100,193,CID4067_ATGAGGGGTCTTGATG,CID4067,B-cells,982
mix_0193_depth100,193,CID4067_ATAGACCCAACTGGCC,CID4067,B-cells,940
mix_0193_depth100,193,CID4067_CCAGCGATCATCTGTT,CID4067,B-cells,982
mix_0193_depth25,193,CID4067_TTGGCAATCGCTGATA,CID4067,B-cells,188
mix_0193_depth25,193,CID4067_GAACGGATCTGCTGCT,CID4067,B-cells,166
mix_0193_depth25,193,CID4067_ATGAGGGGTCTTGATG,CID4067,B-cells,217
mix_0193_depth25,193,CID4067_ATAGACCCAACTGGCC,CID4067,B-cells,226
mix_0193_depth25,193,CID4067_CCAGCGATCATCTGTT,CID4067,B-cells,251
mix_0194_depth100,194,CID4067_GATGAGGGTGCCTGCA,CID4067,CAFs,3731
mix_0194_depth100,194,CID4067_CGCGGTATCAACACTG,CID4067,CAFs,2568
mix_0194_depth100,194,CID4067_AAACGGGGTACCGCTG,CID4067,CAFs,5231
mix_0194_depth100,194,CID4067_TCATTACAGCCGCCTA,CID4067,CAFs,4518
mix_0194_depth100,194,CID4067_GGGCACTAGGAGTCTG,CID4067,CAFs,10293
mix_0194_depth25,194,CID4067_GATGAGGGTGCCTGCA,CID4067,CAFs,932
mix_0194_depth25,194,CID4067_CGCGGTATCAACACTG,CID4067,CAFs,643
mix_0194_depth25,194,CID4067_AAACGGGGTACCGCTG,CID4067,CAFs,1266
mix_0194_depth25,194,CID4067_TCATTACAGCCGCCTA,CID4067,CAFs,1145
mix_0194_depth25,194,CID4067_GGGCACTAGGAGTCTG,CID4067,CAFs,2527
mix_0195_depth100,195,CID4067_CCTTACGGTCTGGTCG,CID4067,CAFs,2493
mix_0195_depth100,195,CID4067_ATCGAGTGTGGTACAG,CID4067,CAFs,7810
mix_0195_depth100,195,CID4067_AGATCTGTCAGTTCGA,CID4067,CAFs,6684
mix_0195_depth100,195,CID4067_TTATGCTAGGCTCTTA,CID4067,CAFs,5760
mix_0195_depth100,195,CID4067_TATTACCAGAATGTGT,CID4067,CAFs,9441
mix_0195_depth25,195,CID4067_CCTTACGGTCTGGTCG,CID4067,CAFs,625
mix_0195_depth25,195,CID4067_ATCGAGTGTGGTACAG,CID4067,CAFs,1934
mix_0195_depth25,195,CID4067_AGATCTGTCAGTTCGA,CID4067,CAFs,1689
mix_0195_depth25,195,CID4067_TTATGCTAGGCTCTTA,CID4067,CAFs,1384
mix_0195_depth25,195,CID4067_TATTACCAGAATGTGT,CID4067,CAFs,2397
mix_0196_depth100,196,CID4067_GGACATTGTCTAGGTT,CID4067,CAFs,4503
mix_0196_depth100,196,CID4067_CTGTGCTAGAATGTTG,CID4067,CAFs,5726
mix_0196_depth100,196,CID4067_GTTACAGAGCGCCTTG,CID4067,CAFs,1711
mix_0196_depth100,196,CID4067_CAGATCATCTTTCCTC,CID4067,CAFs,2550
mix_0196_depth100,196,CID4067_CGGACACAGGTGCACA,CID4067,CAFs,3077
mix_0196_depth25,196,CID4067_GGACATTGTCTAGGTT,CID4067,CAFs,1132
mix_0196_depth25,196,CID4067_CTGTGCTAGAATGTTG,CID4067,CAFs,1424
mix_0196_depth25,196,CID4067_GTTACAGAGCGCCTTG,CID4067,CAFs,407
mix_0196_depth25,196,CID4067_CAGATCATCTTTCCTC,CID4067,CAFs,640
mix_0196_depth25,196,CID4067_CGGACACAGGTGCACA,CID4067,CAFs,762
mix_0197_depth100,197,CID4067_CAGTCCTCATCCCATC,CID4067,CAFs,358
mix_0197_depth100,197,CID4067_CCTAGCTTCTATCGCC,CID4067,CAFs,3477
mix_0197_depth100,197,CID4067_TTCTACACATCTATGG,CID4067,CAFs,7030
mix_0197_depth100,197,CID4067_GGATGTTAGCCTATGT,CID4067,CAFs,1519
mix_0197_depth100,197,CID4067_TACGGATTCCGCGCAA,CID4067,CAFs,7696
mix_0197_depth25,197,CID4067_CAGTCCTCATCCCATC,CID4067,CAFs,103
mix_0197_depth25,197,CID4067_CCTAGCTTCTATCGCC,CID4067,CAFs,894
mix_0197_depth25,197,CID4067_TTCTACACATCTATGG,CID4067,CAFs,1703
mix_0197_depth25,197,CID4067_GGATGTTAGCCTATGT,CID4067,CAFs,388
mix_0197_depth25,197,CID4067_TACGGATTCCGCGCAA,CID4067,CAFs,1973
mix_0198_depth100,198,CID4067_TAAGCGTGTCTTGATG,CID4067,CAFs,6119
mix_0198_depth100,198,CID4067_GCGACCACATGTCCTC,CID4067,CAFs,3761
mix_0198_depth100,198,CID4067_CTGAAACAGCAAATCA,CID4067,CAFs,2119
mix_0198_depth100,198,CID4067_GACTGCGGTGTATGGG,CID4067,CAFs,8868
mix_0198_depth100,198,CID4067_CCTACACAGGATGCGT,CID4067,CAFs,2326
mix_0198_depth25,198,CID4067_TAAGCGTGTCTTGATG,CID4067,CAFs,1545
mix_0198_depth25,198,CID4067_GCGACCACATGTCCTC,CID4067,CAFs,953
mix_0198_depth25,198,CID4067_CTGAAACAGCAAATCA,CID4067,CAFs,522
mix_0198_depth25,198,CID4067_GACTGCGGTGTATGGG,CID4067,CAFs,2212
mix_0198_depth25,198,CID4067_CCTACACAGGATGCGT,CID4067,CAFs,573
mix_0199_depth100,199,CID4067_TATCTCACACAACGTT,CID4067,Cancer Epithelial,4912
mix_0199_depth100,199,CID4067_ATGTGTGCACCGGAAA,CID4067,Cancer Epithelial,9460
mix_0199_depth100,199,CID4067_AACGTTGGTCAGCTAT,CID4067,Cancer Epithelial,1652
mix_0199_depth100,199,CID4067_CTTACCGCAGATGGGT,CID4067,Cancer Epithelial,3511
mix_0199_depth100,199,CID4067_ACCTTTACATTGTGCA,CID4067,Cancer Epithelial,7179
mix_0199_depth25,199,CID4067_TATCTCACACAACGTT,CID4067,Cancer Epithelial,1259
mix_0199_depth25,199,CID4067_ATGTGTGCACCGGAAA,CID4067,Cancer Epithelial,2387
mix_0199_depth25,199,CID4067_AACGTTGGTCAGCTAT,CID4067,Cancer Epithelial,428
mix_0199_depth25,199,CID4067_CTTACCGCAGATGGGT,CID4067,Cancer Epithelial,872
mix_0199_depth25,199,CID4067_ACCTTTACATTGTGCA,CID4067,Cancer Epithelial,1732
mix_0200_depth100,200,CID4067_GACCTGGTCTTTACGT,CID4067,Cancer Epithelial,1835
mix_0200_depth100,200,CID4067_TTAGGCAGTAATAGCA,CID4067,Cancer Epithelial,4920
mix_0200_depth100,200,CID4067_CCGGGATGTAAGTGTA,CID4067,Cancer Epithelial,4838
mix_0200_depth100,200,CID4067_TGACTTTGTTCGTGAT,CID4067,Cancer Epithelial,2972
mix_0200_depth100,200,CID4067_TGGGAAGTCAACCATG,CID4067,Cancer Epithelial,4593
mix_0200_depth25,200,CID4067_GACCTGGTCTTTACGT,CID4067,Cancer Epithelial,433
mix_0200_depth25,200,CID4067_TTAGGCAGTAATAGCA,CID4067,Cancer Epithelial,1237
mix_0200_depth25,200,CID4067_CCGGGATGTAAGTGTA,CID4067,Cancer Epithelial,1261
mix_0200_depth25,200,CID4067_TGACTTTGTTCGTGAT,CID4067,Cancer Epithelial,725
mix_0200_depth25,200,CID4067_TGGGAAGTCAACCATG,CID4067,Cancer Epithelial,1174
mix_0201_depth100,201,CID4067_AAAGTAGAGATGCGAC,CID4067,Cancer Epithelial,3084
mix_0201_depth100,201,CID4067_AACCATGCAGTCCTTC,CID4067,Cancer Epithelial,1953
mix_0201_depth100,201,CID4067_CTCACACTCACAGGCC,CID4067,Cancer Epithelial,4205
mix_0201_depth100,201,CID4067_GATCGTATCTCGTATT,CID4067,Cancer Epithelial,2066
mix_0201_depth100,201,CID4067_TACTCATGTGCCTGTG,CID4067,Cancer Epithelial,4415
mix_0201_depth25,201,CID4067_AAAGTAGAGATGCGAC,CID4067,Cancer Epithelial,756
mix_0201_depth25,201,CID4067_AACCATGCAGTCCTTC,CID4067,Cancer Epithelial,512
mix_0201_depth25,201,CID4067_CTCACACTCACAGGCC,CID4067,Cancer Epithelial,1054
mix_0201_depth25,201,CID4067_GATCGTATCTCGTATT,CID4067,Cancer Epithelial,537
mix_0201_depth25,201,CID4067_TACTCATGTGCCTGTG,CID4067,Cancer Epithelial,1140
mix_0202_depth100,202,CID4067_CAGAATCTCGCATGGC,CID4067,Cancer Epithelial,6401
mix_0202_depth100,202,CID4067_CTCTGGTCACGTCTCT,CID4067,Cancer Epithelial,3608
mix_0202_depth100,202,CID4067_ACTGATGAGTTCGCAT,CID4067,Cancer Epithelial,2334
mix_0202_depth100,202,CID4067_GTGCGGTAGAATTGTG,CID4067,Cancer Epithelial,3144
mix_0202_depth100,202,CID4067_GTGTGCGTCAACACCA,CID4067,Cancer Epithelial,3450
mix_0202_depth25,202,CID4067_CAGAATCTCGCATGGC,CID4067,Cancer Epithelial,1613
mix_0202_depth25,202,CID4067_CTCTGGTCACGTCTCT,CID4067,Cancer Epithelial,901
mix_0202_depth25,202,CID4067_ACTGATGAGTTCGCAT,CID4067,Cancer Epithelial,591
mix_0202_depth25,202,CID4067_GTGCGGTAGAATTGTG,CID4067,Cancer Epithelial,800
mix_0202_depth25,202,CID4067_GTGTGCGTCAACACCA,CID4067,Cancer Epithelial,869
mix_0203_depth100,203,CID4067_GCACATAAGATAGCAT,CID4067,Cancer Epithelial,2525
mix_0203_depth100,203,CID4067_TGCTACCGTGCATCTA,CID4067,Cancer Epithelial,2930
mix_0203_depth100,203,CID4067_GGACAAGAGATTACCC,CID4067,Cancer Epithelial,11732
mix_0203_depth100,203,CID4067_CTGAAACAGAATGTGT,CID4067,Cancer Epithelial,3209
mix_0203_depth100,203,CID4067_CGTAGCGTCAGCGACC,CID4067,Cancer Epithelial,8126
mix_0203_depth25,203,CID4067_GCACATAAGATAGCAT,CID4067,Cancer Epithelial,663
mix_0203_depth25,203,CID4067_TGCTACCGTGCATCTA,CID4067,Cancer Epithelial,732
mix_0203_depth25,203,CID4067_GGACAAGAGATTACCC,CID4067,Cancer Epithelial,3050
mix_0203_depth25,203,CID4067_CTGAAACAGAATGTGT,CID4067,Cancer Epithelial,781
mix_0203_depth25,203,CID4067_CGTAGCGTCAGCGACC,CID4067,Cancer Epithelial,1990
mix_0204_depth100,204,CID4067_TCTGAGACAATCAGAA,CID4067,Cycling T-cells,3011
mix_0204_depth100,204,CID4067_CCACGGACAGAGTGTG,CID4067,Cycling T-cells,901
mix_0204_depth100,204,CID4067_TACTTGTAGGGATCTG,CID4067,Cycling T-cells,1101
mix_0204_depth100,204,CID4067_GGAATAAGTGCAGGTA,CID4067,Cycling T-cells,1254
mix_0204_depth100,204,CID4067_TACACGAAGAACTCGG,CID4067,Cycling T-cells,4788
mix_0204_depth25,204,CID4067_TCTGAGACAATCAGAA,CID4067,Cycling T-cells,762
mix_0204_depth25,204,CID4067_CCACGGACAGAGTGTG,CID4067,Cycling T-cells,248
mix_0204_depth25,204,CID4067_TACTTGTAGGGATCTG,CID4067,Cycling T-cells,266
mix_0204_depth25,204,CID4067_GGAATAAGTGCAGGTA,CID4067,Cycling T-cells,329
mix_0204_depth25,204,CID4067_TACACGAAGAACTCGG,CID4067,Cycling T-cells,1243
mix_0205_depth100,205,CID4067_GATGAAACAAACGCGA,CID4067,Cycling T-cells,1585
mix_0205_depth100,205,CID4067_CCACGGACAGAGTGTG,CID4067,Cycling T-cells,901
mix_0205_depth100,205,CID4067_TACACGAAGAACTCGG,CID4067,Cycling T-cells,4788
mix_0205_depth100,205,CID4067_TACTTGTAGGGATCTG,CID4067,Cycling T-cells,1101
mix_0205_depth100,205,CID4067_TCTGAGACAATCAGAA,CID4067,Cycling T-cells,3011
mix_0205_depth25,205,CID4067_GATGAAACAAACGCGA,CID4067,Cycling T-cells,424
mix_0205_depth25,205,CID4067_CCACGGACAGAGTGTG,CID4067,Cycling T-cells,222
mix_0205_depth25,205,CID4067_TACACGAAGAACTCGG,CID4067,Cycling T-cells,1208
mix_0205_depth25,205,CID4067_TACTTGTAGGGATCTG,CID4067,Cycling T-cells,294
mix_0205_depth25,205,CID4067_TCTGAGACAATCAGAA,CID4067,Cycling T-cells,759
mix_0206_depth100,206,CID4067_TACACGAAGAACTCGG,CID4067,Cycling T-cells,4788
mix_0206_depth100,206,CID4067_GATGAAACAAACGCGA,CID4067,Cycling T-cells,1585
mix_0206_depth100,206,CID4067_CCACGGACAGAGTGTG,CID4067,Cycling T-cells,901
mix_0206_depth100,206,CID4067_GGAATAAGTGCAGGTA,CID4067,Cycling T-cells,1254
mix_0206_depth100,206,CID4067_TCTGAGACAATCAGAA,CID4067,Cycling T-cells,3011
mix_0206_depth25,206,CID4067_TACACGAAGAACTCGG,CID4067,Cycling T-cells,1230
mix_0206_depth25,206,CID4067_GATGAAACAAACGCGA,CID4067,Cycling T-cells,387
mix_0206_depth25,206,CID4067_CCACGGACAGAGTGTG,CID4067,Cycling T-cells,231
mix_0206_depth25,206,CID4067_GGAATAAGTGCAGGTA,CID4067,Cycling T-cells,311
mix_0206_depth25,206,CID4067_TCTGAGACAATCAGAA,CID4067,Cycling T-cells,747
mix_0207_depth100,207,CID4067_GATGAAACAAACGCGA,CID4067,Cycling T-cells,1585
mix_0207_depth100,207,CID4067_TACTTGTAGGGATCTG,CID4067,Cycling T-cells,1101
mix_0207_depth100,207,CID4067_CCACGGACAGAGTGTG,CID4067,Cycling T-cells,901
mix_0207_depth100,207,CID4067_TCTGAGACAATCAGAA,CID4067,Cycling T-cells,3011
mix_0207_depth100,207,CID4067_GGAATAAGTGCAGGTA,CID4067,Cycling T-cells,1254
mix_0207_depth25,207,CID4067_GATGAAACAAACGCGA,CID4067,Cycling T-cells,396
mix_0207_depth25,207,CID4067_TACTTGTAGGGATCTG,CID4067,Cycling T-cells,277
mix_0207_depth25,207,CID4067_CCACGGACAGAGTGTG,CID4067,Cycling T-cells,207
mix_0207_depth25,207,CID4067_TCTGAGACAATCAGAA,CID4067,Cycling T-cells,755
mix_0207_depth25,207,CID4067_GGAATAAGTGCAGGTA,CID4067,Cycling T-cells,318
mix_0208_depth100,208,CID4067_GATGAAACAAACGCGA,CID4067,Cycling T-cells,1585
mix_0208_depth100,208,CID4067_TACACGAAGAACTCGG,CID4067,Cycling T-cells,4788
mix_0208_depth100,208,CID4067_TACTTGTAGGGATCTG,CID4067,Cycling T-cells,1101
mix_0208_depth100,208,CID4067_GGAATAAGTGCAGGTA,CID4067,Cycling T-cells,1254
mix_0208_depth100,208,CID4067_TCTGAGACAATCAGAA,CID4067,Cycling T-cells,3011
mix_0208_depth25,208,CID4067_GATGAAACAAACGCGA,CID4067,Cycling T-cells,408
mix_0208_depth25,208,CID4067_TACACGAAGAACTCGG,CID4067,Cycling T-cells,1178
mix_0208_depth25,208,CID4067_TACTTGTAGGGATCTG,CID4067,Cycling T-cells,276
mix_0208_depth25,208,CID4067_GGAATAAGTGCAGGTA,CID4067,Cycling T-cells,309
mix_0208_depth25,208,CID4067_TCTGAGACAATCAGAA,CID4067,Cycling T-cells,777
mix_0209_depth100,209,CID4067_TGACGGCCAGTCACTA,CID4067,Endothelial,4736
mix_0209_depth100,209,CID4067_CCTTTCTGTTATCACG,CID4067,Endothelial,855
mix_0209_depth100,209,CID4067_TTCTCAAAGTTTAGGA,CID4067,Endothelial,2649
mix_0209_depth100,209,CID4067_CGTCACTCACATCCGG,CID4067,Endothelial,1553
mix_0209_depth100,209,CID4067_CCTACACCACCCATTC,CID4067,Endothelial,1005
mix_0209_depth25,209,CID4067_TGACGGCCAGTCACTA,CID4067,Endothelial,1234
mix_0209_depth25,209,CID4067_CCTTTCTGTTATCACG,CID4067,Endothelial,216
mix_0209_depth25,209,CID4067_TTCTCAAAGTTTAGGA,CID4067,Endothelial,680
mix_0209_depth25,209,CID4067_CGTCACTCACATCCGG,CID4067,Endothelial,392
mix_0209_depth25,209,CID4067_CCTACACCACCCATTC,CID4067,Endothelial,254
mix_0210_depth100,210,CID4067_ACCCACTTCTCTAAGG,CID4067,Endothelial,543
mix_0210_depth100,210,CID4067_ACAGCTAAGGACCACA,CID4067,Endothelial,1017
mix_0210_depth100,210,CID4067_CGCTATCAGAGAGCTC,CID4067,Endothelial,2874
mix_0210_depth100,210,CID4067_AGCGTATGTTCACGGC,CID4067,Endothelial,592
mix_0210_depth100,210,CID4067_TGGCTGGAGAATTCCC,CID4067,Endothelial,1760
mix_0210_depth25,210,CID4067_ACCCACTTCTCTAAGG,CID4067,Endothelial,147
mix_0210_depth25,210,CID4067_ACAGCTAAGGACCACA,CID4067,Endothelial,256
mix_0210_depth25,210,CID4067_CGCTATCAGAGAGCTC,CID4067,Endothelial,740
mix_0210_depth25,210,CID4067_AGCGTATGTTCACGGC,CID4067,Endothelial,156
mix_0210_depth25,210,CID4067_TGGCTGGAGAATTCCC,CID4067,Endothelial,434
mix_0211_depth100,211,CID4067_TGATTTCTCTTCATGT,CID4067,Endothelial,2002
mix_0211_depth100,211,CID4067_CGAGAAGAGGCTCAGA,CID4067,Endothelial,1151
mix_0211_depth100,211,CID4067_AGAATAGGTAAATACG,CID4067,Endothelial,1519
mix_0211_depth100,211,CID4067_GGCTGGTTCGATCCCT,CID4067,Endothelial,991
mix_0211_depth100,211,CID4067_TGAAAGACATACTCTT,CID4067,Endothelial,1323
mix_0211_depth25,211,CID4067_TGATTTCTCTTCATGT,CID4067,Endothelial,510
mix_0211_depth25,211,CID4067_CGAGAAGAGGCTCAGA,CID4067,Endothelial,262
mix_0211_depth25,211,CID4067_AGAATAGGTAAATACG,CID4067,Endothelial,368
mix_0211_depth25,211,CID4067_GGCTGGTTCGATCCCT,CID4067,Endothelial,248
mix_0211_depth25,211,CID4067_TGAAAGACATACTCTT,CID4067,Endothelial,340
mix_0212_depth100,212,CID4067_TGGGCGTCACATGACT,CID4067,Endothelial,1285
mix_0212_depth100,212,CID4067_ACCCACTTCTCTAAGG,CID4067,Endothelial,543
mix_0212_depth100,212,CID4067_GTTCATTAGACAATAC,CID4067,Endothelial,838
mix_0212_depth100,212,CID4067_TCTGGAAGTTGACGTT,CID4067,Endothelial,1286
mix_0212_depth100,212,CID4067_CTTAACTGTCGAAAGC,CID4067,Endothelial,1884
mix_0212_depth25,212,CID4067_TGGGCGTCACATGACT,CID4067,Endothelial,308
mix_0212_depth25,212,CID4067_ACCCACTTCTCTAAGG,CID4067,Endothelial,129
mix_0212_depth25,212,CID4067_GTTCATTAGACAATAC,CID4067,Endothelial,203
mix_0212_depth25,212,CID4067_TCTGGAAGTTGACGTT,CID4067,Endothelial,326
mix_0212_depth25,212,CID4067_CTTAACTGTCGAAAGC,CID4067,Endothelial,498
mix_0213_depth100,213,CID4067_GAATGAATCTGTCCGT,CID4067,Endothelial,4744
mix_0213_depth100,213,CID4067_CGCTTCAAGAGTACAT,CID4067,Endothelial,10292
mix_0213_depth100,213,CID4067_TGACAACAGACTTGAA,CID4067,Endothelial,1326
mix_0213_depth100,213,CID4067_TGGCTGGAGAATTCCC,CID4067,Endothelial,1760
mix_0213_depth100,213,CID4067_TTCTCAAAGTTTAGGA,CID4067,Endothelial,2649
mix_0213_depth25,213,CID4067_GAATGAATCTGTCCGT,CID4067,Endothelial,1233
mix_0213_depth25,213,CID4067_CGCTTCAAGAGTACAT,CID4067,Endothelial,2662
mix_0213_depth25,213,CID4067_TGACAACAGACTTGAA,CID4067,Endothelial,333
mix_0213_depth25,213,CID4067_TGGCTGGAGAATTCCC,CID4067,Endothelial,414
mix_0213_depth25,213,CID4067_TTCTCAAAGTTTAGGA,CID4067,Endothelial,673
mix_0214_depth100,214,CID4067_CTCGAGGTCCTCCTAG,CID4067,Myeloid,3865
mix_0214_depth100,214,CID4067_TAGACCAGTGCTTCTC,CID4067,Myeloid,5431
mix_0214_depth100,214,CID4067_TCTCTAAAGCGACGTA,CID4067,Myeloid,2254
mix_0214_depth100,214,CID4067_CCGTACTTCGCTTAGA,CID4067,Myeloid,3617
mix_0214_depth100,214,CID4067_GTATCTTAGCTGATAA,CID4067,Myeloid,4132
mix_0214_depth25,214,CID4067_CTCGAGGTCCTCCTAG,CID4067,Myeloid,1005
mix_0214_depth25,214,CID4067_TAGACCAGTGCTTCTC,CID4067,Myeloid,1395
mix_0214_depth25,214,CID4067_TCTCTAAAGCGACGTA,CID4067,Myeloid,557
mix_0214_depth25,214,CID4067_CCGTACTTCGCTTAGA,CID4067,Myeloid,933
mix_0214_depth25,214,CID4067_GTATCTTAGCTGATAA,CID4067,Myeloid,1017
mix_0215_depth100,215,CID4067_TCTATTGTCTCGCTTG,CID4067,Myeloid,6619
mix_0215_depth100,215,CID4067_TACTCGCGTTATTCTC,CID4067,Myeloid,2295
mix_0215_depth100,215,CID4067_CTCAGAAGTCACCTAA,CID4067,Myeloid,4889
mix_0215_depth100,215,CID4067_GTGTTAGTCGAATGCT,CID4067,Myeloid,4362
mix_0215_depth100,215,CID4067_CTGAAACTCCATGAAC,CID4067,Myeloid,1688
mix_0215_depth25,215,CID4067_TCTATTGTCTCGCTTG,CID4067,Myeloid,1660
mix_0215_depth25,215,CID4067_TACTCGCGTTATTCTC,CID4067,Myeloid,553
mix_0215_depth25,215,CID4067_CTCAGAAGTCACCTAA,CID4067,Myeloid,1252
mix_0215_depth25,215,CID4067_GTGTTAGTCGAATGCT,CID4067,Myeloid,1106
mix_0215_depth25,215,CID4067_CTGAAACTCCATGAAC,CID4067,Myeloid,424
mix_0216_depth100,216,CID4067_CCTAGCTTCTACTTAC,CID4067,Myeloid,3912
mix_0216_depth100,216,CID4067_CGACCTTTCATAACCG,CID4067,Myeloid,3879
mix_0216_depth100,216,CID4067_GATCGTAGTAGAAAGG,CID4067,Myeloid,3472
mix_0216_depth100,216,CID4067_TCACGAATCCTATGTT,CID4067,Myeloid,1921
mix_0216_depth100,216,CID4067_CAGCTGGCAGTAAGCG,CID4067,Myeloid,5717
mix_0216_depth25,216,CID4067_CCTAGCTTCTACTTAC,CID4067,Myeloid,1019
mix_0216_depth25,216,CID4067_CGACCTTTCATAACCG,CID4067,Myeloid,982
mix_0216_depth25,216,CID4067_GATCGTAGTAGAAAGG,CID4067,Myeloid,873
mix_0216_depth25,216,CID4067_TCACGAATCCTATGTT,CID4067,Myeloid,474
mix_0216_depth25,216,CID4067_CAGCTGGCAGTAAGCG,CID4067,Myeloid,1447
mix_0217_depth100,217,CID4067_TTATGCTCACTCGACG,CID4067,Myeloid,1836
mix_0217_depth100,217,CID4067_CGATCGGAGTCCCACG,CID4067,Myeloid,2616
mix_0217_depth100,217,CID4067_AAGGAGCAGTTGAGAT,CID4067,Myeloid,3031
mix_0217_depth100,217,CID4067_CTGCGGATCTACGAGT,CID4067,Myeloid,9067
mix_0217_depth100,217,CID4067_TCGCGAGAGCTAGTCT,CID4067,Myeloid,2338
mix_0217_depth25,217,CID4067_TTATGCTCACTCGACG,CID4067,Myeloid,426
mix_0217_depth25,217,CID4067_CGATCGGAGTCCCACG,CID4067,Myeloid,668
mix_0217_depth25,217,CID4067_AAGGAGCAGTTGAGAT,CID4067,Myeloid,750
mix_0217_depth25,217,CID4067_CTGCGGATCTACGAGT,CID4067,Myeloid,2314
mix_0217_depth25,217,CID4067_TCGCGAGAGCTAGTCT,CID4067,Myeloid,616
mix_0218_depth100,218,CID4067_AAACCTGGTTGGACCC,CID4067,Myeloid,1746
mix_0218_depth100,218,CID4067_CGCTTCAGTGCAGTAG,CID4067,Myeloid,3344
mix_0218_depth100,218,CID4067_AGTAGTCGTCCGAGTC,CID4067,Myeloid,1231
mix_0218_depth100,218,CID4067_CAGCAGCAGTCTCGGC,CID4067,Myeloid,4160
mix_0218_depth100,218,CID4067_CGTTCTGGTGACCAAG,CID4067,Myeloid,3760
mix_0218_depth25,218,CID4067_AAACCTGGTTGGACCC,CID4067,Myeloid,445
mix_0218_depth25,218,CID4067_CGCTTCAGTGCAGTAG,CID4067,Myeloid,846
mix_0218_depth25,218,CID4067_AGTAGTCGTCCGAGTC,CID4067,Myeloid,305
mix_0218_depth25,218,CID4067_CAGCAGCAGTCTCGGC,CID4067,Myeloid,1043
mix_0218_depth25,218,CID4067_CGTTCTGGTGACCAAG,CID4067,Myeloid,952
mix_0219_depth100,219,CID4067_GGGTTGCGTCATGCAT,CID4067,NK cells,933
mix_0219_depth100,219,CID4067_TGCCCTAAGCGATATA,CID4067,NK cells,1990
mix_0219_depth100,219,CID4067_TGTTCCGCACTCAGGC,CID4067,NK cells,1294
mix_0219_depth100,219,CID4067_AGGTCCGTCATGCATG,CID4067,NK cells,1189
mix_0219_depth100,219,CID4067_AACTCTTCAGTTCATG,CID4067,NK cells,1089
mix_0219_depth25,219,CID4067_GGGTTGCGTCATGCAT,CID4067,NK cells,257
mix_0219_depth25,219,CID4067_TGCCCTAAGCGATATA,CID4067,NK cells,512
mix_0219_depth25,219,CID4067_TGTTCCGCACTCAGGC,CID4067,NK cells,318
mix_0219_depth25,219,CID4067_AGGTCCGTCATGCATG,CID4067,NK cells,288
mix_0219_depth25,219,CID4067_AACTCTTCAGTTCATG,CID4067,NK cells,277
mix_0220_depth100,220,CID4067_CATTCGCCAGGTTTCA,CID4067,NK cells,683
mix_0220_depth100,220,CID4067_GTCGGGTTCACCTTAT,CID4067,NK cells,743
mix_0220_depth100,220,CID4067_ACAGCTAAGATCCCAT,CID4067,NK cells,581
mix_0220_depth100,220,CID4067_ACTGATGTCACTCCTG,CID4067,NK cells,752
mix_0220_depth100,220,CID4067_TACGGTAAGGCATGGT,CID4067,NK cells,787
mix_0220_depth25,220,CID4067_CATTCGCCAGGTTTCA,CID4067,NK cells,176
mix_0220_depth25,220,CID4067_GTCGGGTTCACCTTAT,CID4067,NK cells,173
mix_0220_depth25,220,CID4067_ACAGCTAAGATCCCAT,CID4067,NK cells,135
mix_0220_depth25,220,CID4067_ACTGATGTCACTCCTG,CID4067,NK cells,170
mix_0220_depth25,220,CID4067_TACGGTAAGGCATGGT,CID4067,NK cells,220
mix_0221_depth100,221,CID4067_ATTGGTGCACTAGTAC,CID4067,NK cells,1161
mix_0221_depth100,221,CID4067_CCGTACTTCTCGGACG,CID4067,NK cells,1245
mix_0221_depth100,221,CID4067_ATAGACCGTTAAGGGC,CID4067,NK cells,595
mix_0221_depth100,221,CID4067_CTGATCCGTCGTGGCT,CID4067,NK cells,683
mix_0221_depth100,221,CID4067_CATTATCTCGTCTGCT,CID4067,NK cells,477
mix_0221_depth25,221,CID4067_ATTGGTGCACTAGTAC,CID4067,NK cells,290
mix_0221_depth25,221,CID4067_CCGTACTTCTCGGACG,CID4067,NK cells,300
mix_0221_depth25,221,CID4067_ATAGACCGTTAAGGGC,CID4067,NK cells,146
mix_0221_depth25,221,CID4067_CTGATCCGTCGTGGCT,CID4067,NK cells,165
mix_0221_depth25,221,CID4067_CATTATCTCGTCTGCT,CID4067,NK cells,120
mix_0222_depth100,222,CID4067_CGGAGCTCATTGGCGC,CID4067,NK cells,1073
mix_0222_depth100,222,CID4067_CATATGGTCATGTAGC,CID4067,NK cells,613
mix_0222_depth100,222,CID4067_AGCTTGATCTTTAGTC,CID4067,NK cells,1170
mix_0222_depth100,222,CID4067_CAAGGCCTCAGCGATT,CID4067,NK cells,1213
mix_0222_depth100,222,CID4067_GCTGCTTAGCTCAACT,CID4067,NK cells,932
mix_0222_depth25,222,CID4067_CGGAGCTCATTGGCGC,CID4067,NK cells,291
mix_0222_depth25,222,CID4067_CATATGGTCATGTAGC,CID4067,NK cells,129
mix_0222_depth25,222,CID4067_AGCTTGATCTTTAGTC,CID4067,NK cells,272
mix_0222_depth25,222,CID4067_CAAGGCCTCAGCGATT,CID4067,NK cells,301
mix_0222_depth25,222,CID4067_GCTGCTTAGCTCAACT,CID4067,NK cells,238
mix_0223_depth100,223,CID4067_AGCAGCCCAAGGACTG,CID4067,NK cells,714
mix_0223_depth100,223,CID4067_AACTCTTCAGTTCATG,CID4067,NK cells,1089
mix_0223_depth100,223,CID4067_AACCGCGGTAAAGGAG,CID4067,NK cells,560
mix_0223_depth100,223,CID4067_CATTATCTCGTCTGCT,CID4067,NK cells,477
mix_0223_depth100,223,CID4067_TGACAACAGCACCGCT,CID4067,NK cells,1515
mix_0223_depth25,223,CID4067_AGCAGCCCAAGGACTG,CID4067,NK cells,178
mix_0223_depth25,223,CID4067_AACTCTTCAGTTCATG,CID4067,NK cells,281
mix_0223_depth25,223,CID4067_AACCGCGGTAAAGGAG,CID4067,NK cells,145
mix_0223_depth25,223,CID4067_CATTATCTCGTCTGCT,CID4067,NK cells,135
mix_0223_depth25,223,CID4067_TGACAACAGCACCGCT,CID4067,NK cells,375
mix_0224_depth100,224,CID4067_GTGCTTCTCATTCACT,CID4067,NKT cells,1231
mix_0224_depth100,224,CID4067_CTTAACTAGAGTCGGT,CID4067,NKT cells,920
mix_0224_depth100,224,CID4067_GCTGGGTGTAAATACG,CID4067,NKT cells,701
mix_0224_depth100,224,CID4067_CATTCGCAGAAAGTGG,CID4067,NKT cells,1415
mix_0224_depth100,224,CID4067_AGTTGGTCATGGGACA,CID4067,NKT cells,629
mix_0224_depth25,224,CID4067_GTGCTTCTCATTCACT,CID4067,NKT cells,314
mix_0224_depth25,224,CID4067_CTTAACTAGAGTCGGT,CID4067,NKT cells,237
mix_0224_depth25,224,CID4067_GCTGGGTGTAAATACG,CID4067,NKT cells,144
mix_0224_depth25,224,CID4067_CATTCGCAGAAAGTGG,CID4067,NKT cells,384
mix_0224_depth25,224,CID4067_AGTTGGTCATGGGACA,CID4067,NKT cells,144
mix_0225_depth100,225,CID4067_GGGACCTCATTGGCGC,CID4067,NKT cells,778
mix_0225_depth100,225,CID4067_GAAATGAGTAGCGTCC,CID4067,NKT cells,627
mix_0225_depth100,225,CID4067_ACTTACTAGAGTTGGC,CID4067,NKT cells,1605
mix_0225_depth100,225,CID4067_CGAGAAGGTTATGCGT,CID4067,NKT cells,855
mix_0225_depth100,225,CID4067_TGACTAGCAAGGTTCT,CID4067,NKT cells,691
mix_0225_depth25,225,CID4067_GGGACCTCATTGGCGC,CID4067,NKT cells,185
mix_0225_depth25,225,CID4067_GAAATGAGTAGCGTCC,CID4067,NKT cells,172
mix_0225_depth25,225,CID4067_ACTTACTAGAGTTGGC,CID4067,NKT cells,401
mix_0225_depth25,225,CID4067_CGAGAAGGTTATGCGT,CID4067,NKT cells,209
mix_0225_depth25,225,CID4067_TGACTAGCAAGGTTCT,CID4067,NKT cells,158
mix_0226_depth100,226,CID4067_ACGATGTAGTCGTACT,CID4067,NKT cells,1329
mix_0226_depth100,226,CID4067_CTTAACTAGAGTCGGT,CID4067,NKT cells,920
mix_0226_depth100,226,CID4067_CATTCGCAGAAAGTGG,CID4067,NKT cells,1415
mix_0226_depth100,226,CID4067_AAACCTGGTCACCCAG,CID4067,NKT cells,886
mix_0226_depth100,226,CID4067_CCCTCCTCACGGCGTT,CID4067,NKT cells,1676
mix_0226_depth25,226,CID4067_ACGATGTAGTCGTACT,CID4067,NKT cells,317
mix_0226_depth25,226,CID4067_CTTAACTAGAGTCGGT,CID4067,NKT cells,244
mix_0226_depth25,226,CID4067_CATTCGCAGAAAGTGG,CID4067,NKT cells,323
mix_0226_depth25,226,CID4067_AAACCTGGTCACCCAG,CID4067,NKT cells,221
mix_0226_depth25,226,CID4067_CCCTCCTCACGGCGTT,CID4067,NKT cells,419
mix_0227_depth100,227,CID4067_GTGCTTCTCATTCACT,CID4067,NKT cells,1231
mix_0227_depth100,227,CID4067_AACTCTTCATCGGTTA,CID4067,NKT cells,1537
mix_0227_depth100,227,CID4067_CGAGAAGGTTATGCGT,CID4067,NKT cells,855
mix_0227_depth100,227,CID4067_ACCGTAAAGCTGTCTA,CID4067,NKT cells,832
mix_0227_depth100,227,CID4067_CCGTGGACAATAAGCA,CID4067,NKT cells,788
mix_0227_depth25,227,CID4067_GTGCTTCTCATTCACT,CID4067,NKT cells,330
mix_0227_depth25,227,CID4067_AACTCTTCATCGGTTA,CID4067,NKT cells,399
mix_0227_depth25,227,CID4067_CGAGAAGGTTATGCGT,CID4067,NKT cells,194
mix_0227_depth25,227,CID4067_ACCGTAAAGCTGTCTA,CID4067,NKT cells,204
mix_0227_depth25,227,CID4067_CCGTGGACAATAAGCA,CID4067,NKT cells,182
mix_0228_depth100,228,CID4067_GTACTTTGTCTCTTAT,CID4067,NKT cells,904
mix_0228_depth100,228,CID4067_AAACCTGGTCACCCAG,CID4067,NKT cells,886
mix_0228_depth100,228,CID4067_CATTCGCCACTGCCAG,CID4067,NKT cells,1280
mix_0228_depth100,228,CID4067_CCTTCCCTCGGATGTT,CID4067,NKT cells,1535
mix_0228_depth100,228,CID4067_CATCGAAAGGCATTGG,CID4067,NKT cells,724
mix_0228_depth25,228,CID4067_GTACTTTGTCTCTTAT,CID4067,NKT cells,217
mix_0228_depth25,228,CID4067_AAACCTGGTCACCCAG,CID4067,NKT cells,226
mix_0228_depth25,228,CID4067_CATTCGCCACTGCCAG,CID4067,NKT cells,317
mix_0228_depth25,228,CID4067_CCTTCCCTCGGATGTT,CID4067,NKT cells,373
mix_0228_depth25,228,CID4067_CATCGAAAGGCATTGG,CID4067,NKT cells,188
mix_0229_depth100,229,CID4067_TACCTATTCCCTCAGT,CID4067,PVL,14195
mix_0229_depth100,229,CID4067_AAGGAGCCAGCCTGTG,CID4067,PVL,442
mix_0229_depth100,229,CID4067_TCGTACCTCCTTCAAT,CID4067,PVL,1357
mix_0229_depth100,229,CID4067_TGGACGCAGAAACCGC,CID4067,PVL,1662
mix_0229_depth100,229,CID4067_GACGTTAAGGTTCCTA,CID4067,PVL,864
mix_0229_depth25,229,CID4067_TACCTATTCCCTCAGT,CID4067,PVL,3685
mix_0229_depth25,229,CID4067_AAGGAGCCAGCCTGTG,CID4067,PVL,113
mix_0229_depth25,229,CID4067_TCGTACCTCCTTCAAT,CID4067,PVL,334
mix_0229_depth25,229,CID4067_TGGACGCAGAAACCGC,CID4067,PVL,420
mix_0229_depth25,229,CID4067_GACGTTAAGGTTCCTA,CID4067,PVL,218
mix_0230_depth100,230,CID4067_ACGGGCTAGGGAGTAA,CID4067,PVL,1474
mix_0230_depth100,230,CID4067_GGTGAAGCATGGTCTA,CID4067,PVL,5077
mix_0230_depth100,230,CID4067_TGAAAGAGTTAGAACA,CID4067,PVL,2333
mix_0230_depth100,230,CID4067_CGAGCACGTCACCTAA,CID4067,PVL,703
mix_0230_depth100,230,CID4067_TTATGCTAGGGTTTCT,CID4067,PVL,2507
mix_0230_depth25,230,CID4067_ACGGGCTAGGGAGTAA,CID4067,PVL,366
mix_0230_depth25,230,CID4067_GGTGAAGCATGGTCTA,CID4067,PVL,1299
mix_0230_depth25,230,CID4067_TGAAAGAGTTAGAACA,CID4067,PVL,589
mix_0230_depth25,230,CID4067_CGAGCACGTCACCTAA,CID4067,PVL,180
mix_0230_depth25,230,CID4067_TTATGCTAGGGTTTCT,CID4067,PVL,621
mix_0231_depth100,231,CID4067_TACTCATGTGCAGTAG,CID4067,PVL,989
mix_0231_depth100,231,CID4067_GAATAAGAGTGAACGC,CID4067,PVL,1432
mix_0231_depth100,231,CID4067_AGAGTGGGTACTTAGC,CID4067,PVL,2105
mix_0231_depth100,231,CID4067_GACTACACACTGTTAG,CID4067,PVL,414
mix_0231_depth100,231,CID4067_TGGCTGGAGGCCCTCA,CID4067,PVL,5321
mix_0231_depth25,231,CID4067_TACTCATGTGCAGTAG,CID4067,PVL,234
mix_0231_depth25,231,CID4067_GAATAAGAGTGAACGC,CID4067,PVL,326
mix_0231_depth25,231,CID4067_AGAGTGGGTACTTAGC,CID4067,PVL,517
mix_0231_depth25,231,CID4067_GACTACACACTGTTAG,CID4067,PVL,91
mix_0231_depth25,231,CID4067_TGGCTGGAGGCCCTCA,CID4067,PVL,1349
mix_0232_depth100,232,CID4067_GACGTTAAGGTTCCTA,CID4067,PVL,864
mix_0232_depth100,232,CID4067_ACGTCAACAGGAACGT,CID4067,PVL,473
mix_0232_depth100,232,CID4067_TGAAAGAGTTAGAACA,CID4067,PVL,2333
mix_0232_depth100,232,CID4067_TCGTACCTCCTTCAAT,CID4067,PVL,1357
mix_0232_depth100,232,CID4067_TTGAACGAGGCTCTTA,CID4067,PVL,3900
mix_0232_depth25,232,CID4067_GACGTTAAGGTTCCTA,CID4067,PVL,193
mix_0232_depth25,232,CID4067_ACGTCAACAGGAACGT,CID4067,PVL,111
mix_0232_depth25,232,CID4067_TGAAAGAGTTAGAACA,CID4067,PVL,575
mix_0232_depth25,232,CID4067_TCGTACCTCCTTCAAT,CID4067,PVL,317
mix_0232_depth25,232,CID4067_TTGAACGAGGCTCTTA,CID4067,PVL,954
mix_0233_depth100,233,CID4067_CAGAATCAGGCCCGTT,CID4067,PVL,5876
mix_0233_depth100,233,CID4067_TCGTACCTCCTTCAAT,CID4067,PVL,1357
mix_0233_depth100,233,CID4067_AGTCTTTTCCTGTACC,CID4067,PVL,1143
mix_0233_depth100,233,CID4067_CTGCCTACAGCTGCAC,CID4067,PVL,4257
mix_0233_depth100,233,CID4067_TGAGCATGTACAAGTA,CID4067,PVL,818
mix_0233_depth25,233,CID4067_CAGAATCAGGCCCGTT,CID4067,PVL,1527
mix_0233_depth25,233,CID4067_TCGTACCTCCTTCAAT,CID4067,PVL,369
mix_0233_depth25,233,CID4067_AGTCTTTTCCTGTACC,CID4067,PVL,269
mix_0233_depth25,233,CID4067_CTGCCTACAGCTGCAC,CID4067,PVL,1082
mix_0233_depth25,233,CID4067_TGAGCATGTACAAGTA,CID4067,PVL,201
mix_0234_depth100,234,CID4067_ACGTCAATCACAAACC,CID4067,T cells CD4+,1177
mix_0234_depth100,234,CID4067_TCTTTCCGTTTACTCT,CID4067,T cells CD4+,1710
mix_0234_depth100,234,CID4067_GCCTCTACATAAGACA,CID4067,T cells CD4+,347
mix_0234_depth100,234,CID4067_CGCCAAGTCAACACTG,CID4067,T cells CD4+,648
mix_0234_depth100,234,CID4067_CAGTCCTCACGCTTTC,CID4067,T cells CD4+,879
mix_0234_depth25,234,CID4067_ACGTCAATCACAAACC,CID4067,T cells CD4+,306
mix_0234_depth25,234,CID4067_TCTTTCCGTTTACTCT,CID4067,T cells CD4+,433
mix_0234_depth25,234,CID4067_GCCTCTACATAAGACA,CID4067,T cells CD4+,69
mix_0234_depth25,234,CID4067_CGCCAAGTCAACACTG,CID4067,T cells CD4+,169
mix_0234_depth25,234,CID4067_CAGTCCTCACGCTTTC,CID4067,T cells CD4+,227
mix_0235_depth100,235,CID4067_AAACCTGGTAGAAGGA,CID4067,T cells CD4+,1320
mix_0235_depth100,235,CID4067_GCGGGTTAGACCACGA,CID4067,T cells CD4+,1343
mix_0235_depth100,235,CID4067_TTGACTTCACACGCTG,CID4067,T cells CD4+,2059
mix_0235_depth100,235,CID4067_GGTGTTATCGCGATCG,CID4067,T cells CD4+,1955
mix_0235_depth100,235,CID4067_CTCTGGTAGAAGGTTT,CID4067,T cells CD4+,1288
mix_0235_depth25,235,CID4067_AAACCTGGTAGAAGGA,CID4067,T cells CD4+,324
mix_0235_depth25,235,CID4067_GCGGGTTAGACCACGA,CID4067,T cells CD4+,332
mix_0235_depth25,235,CID4067_TTGACTTCACACGCTG,CID4067,T cells CD4+,518
mix_0235_depth25,235,CID4067_GGTGTTATCGCGATCG,CID4067,T cells CD4+,495
mix_0235_depth25,235,CID4067_CTCTGGTAGAAGGTTT,CID4067,T cells CD4+,337
mix_0236_depth100,236,CID4067_CGGGTCAAGGCATTGG,CID4067,T cells CD4+,1764
mix_0236_depth100,236,CID4067_AACTGGTAGCTGATAA,CID4067,T cells CD4+,764
mix_0236_depth100,236,CID4067_CGATTGAGTTGCGTTA,CID4067,T cells CD4+,1242
mix_0236_depth100,236,CID4067_CGGACACCAAAGTGCG,CID4067,T cells CD4+,970
mix_0236_depth100,236,CID4067_AAACCTGGTCCCGACA,CID4067,T cells CD4+,1050
mix_0236_depth25,236,CID4067_CGGGTCAAGGCATTGG,CID4067,T cells CD4+,435
mix_0236_depth25,236,CID4067_AACTGGTAGCTGATAA,CID4067,T cells CD4+,202
mix_0236_depth25,236,CID4067_CGATTGAGTTGCGTTA,CID4067,T cells CD4+,298
mix_0236_depth25,236,CID4067_CGGACACCAAAGTGCG,CID4067,T cells CD4+,246
mix_0236_depth25,236,CID4067_AAACCTGGTCCCGACA,CID4067,T cells CD4+,267
mix_0237_depth100,237,CID4067_TACGGATCAATCAGAA,CID4067,T cells CD4+,864
mix_0237_depth100,237,CID4067_CGAACATCACCTTGTC,CID4067,T cells CD4+,1239
mix_0237_depth100,237,CID4067_ATCTGCCGTCTAAAGA,CID4067,T cells CD4+,1875
mix_0237_depth100,237,CID4067_TGCACCTCACCCAGTG,CID4067,T cells CD4+,1139
mix_0237_depth100,237,CID4067_TACGGTAGTGACCAAG,CID4067,T cells CD4+,1791
mix_0237_depth25,237,CID4067_TACGGATCAATCAGAA,CID4067,T cells CD4+,211
mix_0237_depth25,237,CID4067_CGAACATCACCTTGTC,CID4067,T cells CD4+,310
mix_0237_depth25,237,CID4067_ATCTGCCGTCTAAAGA,CID4067,T cells CD4+,464
mix_0237_depth25,237,CID4067_TGCACCTCACCCAGTG,CID4067,T cells CD4+,310
mix_0237_depth25,237,CID4067_TACGGTAGTGACCAAG,CID4067,T cells CD4+,419
mix_0238_depth100,238,CID4067_CGGACACTCACAGTAC,CID4067,T cells CD4+,331
mix_0238_depth100,238,CID4067_CATATGGGTGTTTGGT,CID4067,T cells CD4+,585
mix_0238_depth100,238,CID4067_AGATCTGGTTTGACAC,CID4067,T cells CD4+,1255
mix_0238_depth100,238,CID4067_GTCTTCGCACCAGGCT,CID4067,T cells CD4+,929
mix_0238_depth100,238,CID4067_TGCTGCTGTCGGCATC,CID4067,T cells CD4+,1228
mix_0238_depth25,238,CID4067_CGGACACTCACAGTAC,CID4067,T cells CD4+,98
mix_0238_depth25,238,CID4067_CATATGGGTGTTTGGT,CID4067,T cells CD4+,148
mix_0238_depth25,238,CID4067_AGATCTGGTTTGACAC,CID4067,T cells CD4+,337
mix_0238_depth25,238,CID4067_GTCTTCGCACCAGGCT,CID4067,T cells CD4+,225
mix_0238_depth25,238,CID4067_TGCTGCTGTCGGCATC,CID4067,T cells CD4+,285
mix_0239_depth100,239,CID4067_CTTAGGAGTGACAAAT,CID4067,T cells CD8+,1412
mix_0239_depth100,239,CID4067_GACGCGTTCTGTACGA,CID4067,T cells CD8+,2191
mix_0239_depth100,239,CID4067_ACGCCAGTCAAGCCTA,CID4067,T cells CD8+,929
mix_0239_depth100,239,CID4067_GTTCTCGCATCCAACA,CID4067,T cells CD8+,1283
mix_0239_depth100,239,CID4067_CTCCTAGGTAGCGCTC,CID4067,T cells CD8+,813
mix_0239_depth25,239,CID4067_CTTAGGAGTGACAAAT,CID4067,T cells CD8+,378
mix_0239_depth25,239,CID4067_GACGCGTTCTGTACGA,CID4067,T cells CD8+,566
mix_0239_depth25,239,CID4067_ACGCCAGTCAAGCCTA,CID4067,T cells CD8+,223
mix_0239_depth25,239,CID4067_GTTCTCGCATCCAACA,CID4067,T cells CD8+,329
mix_0239_depth25,239,CID4067_CTCCTAGGTAGCGCTC,CID4067,T cells CD8+,186
mix_0240_depth100,240,CID4067_GGGATGACAGTTCATG,CID4067,T cells CD8+,1717
mix_0240_depth100,240,CID4067_ACACCAAGTTCCACAA,CID4067,T cells CD8+,1557
mix_0240_depth100,240,CID4067_GAAGCAGAGCACGCCT,CID4067,T cells CD8+,652
mix_0240_depth100,240,CID4067_TGAGAGGAGGTCATCT,CID4067,T cells CD8+,1421
mix_0240_depth100,240,CID4067_AGATTGCAGCCGGTAA,CID4067,T cells CD8+,1056
mix_0240_depth25,240,CID4067_GGGATGACAGTTCATG,CID4067,T cells CD8+,419
mix_0240_depth25,240,CID4067_ACACCAAGTTCCACAA,CID4067,T cells CD8+,407
mix_0240_depth25,240,CID4067_GAAGCAGAGCACGCCT,CID4067,T cells CD8+,155
mix_0240_depth25,240,CID4067_TGAGAGGAGGTCATCT,CID4067,T cells CD8+,346
mix_0240_depth25,240,CID4067_AGATTGCAGCCGGTAA,CID4067,T cells CD8+,266
mix_0241_depth100,241,CID4067_GACTAACTCTGATTCT,CID4067,T cells CD8+,1461
mix_0241_depth100,241,CID4067_CATGACACAAGGTTTC,CID4067,T cells CD8+,1173
mix_0241_depth100,241,CID4067_CACACCTGTAAAGGAG,CID4067,T cells CD8+,931
mix_0241_depth100,241,CID4067_TTCTTAGGTGGCAAAC,CID4067,T cells CD8+,719
mix_0241_depth100,241,CID4067_CCTAGCTGTATATCCG,CID4067,T cells CD8+,1261
mix_0241_depth25,241,CID4067_GACTAACTCTGATTCT,CID4067,T cells CD8+,368
mix_0241_depth25,241,CID4067_CATGACACAAGGTTTC,CID4067,T cells CD8+,292
mix_0241_depth25,241,CID4067_CACACCTGTAAAGGAG,CID4067,T cells CD8+,236
mix_0241_depth25,241,CID4067_TTCTTAGGTGGCAAAC,CID4067,T cells CD8+,186
mix_0241_depth25,241,CID4067_CCTAGCTGTATATCCG,CID4067,T cells CD8+,322
mix_0242_depth100,242,CID4067_CCTAGCTGTATATCCG,CID4067,T cells CD8+,1261
mix_0242_depth100,242,CID4067_CTCTACGCACGCTTTC,CID4067,T cells CD8+,695
mix_0242_depth100,242,CID4067_TGCACCTAGTAACCCT,CID4067,T cells CD8+,1121
mix_0242_depth100,242,CID4067_GCATGTAAGAGTCTGG,CID4067,T cells CD8+,1057
mix_0242_depth100,242,CID4067_GGATGTTGTCCAGTAT,CID4067,T cells CD8+,595
mix_0242_depth25,242,CID4067_CCTAGCTGTATATCCG,CID4067,T cells CD8+,319
mix_0242_depth25,242,CID4067_CTCTACGCACGCTTTC,CID4067,T cells CD8+,165
mix_0242_depth25,242,CID4067_TGCACCTAGTAACCCT,CID4067,T cells CD8+,292
mix_0242_depth25,242,CID4067_GCATGTAAGAGTCTGG,CID4067,T cells CD8+,254
mix_0242_depth25,242,CID4067_GGATGTTGTCCAGTAT,CID4067,T cells CD8+,140
mix_0243_depth100,243,CID4067_TGCGTGGTCAGTGTTG,CID4067,T cells CD8+,927
mix_0243_depth100,243,CID4067_ACGATACTCATACGGT,CID4067,T cells CD8+,732
mix_0243_depth100,243,CID4067_TGGCCAGGTCTCAACA,CID4067,T cells CD8+,1660
mix_0243_depth100,243,CID4067_TGAAAGAAGGATCGCA,CID4067,T cells CD8+,844
mix_0243_depth100,243,CID4067_GTGAAGGTCTGTTTGT,CID4067,T cells CD8+,925
mix_0243_depth25,243,CID4067_TGCGTGGTCAGTGTTG,CID4067,T cells CD8+,191
mix_0243_depth25,243,CID4067_ACGATACTCATACGGT,CID4067,T cells CD8+,186
mix_0243_depth25,243,CID4067_TGGCCAGGTCTCAACA,CID4067,T cells CD8+,384
mix_0243_depth25,243,CID4067_TGAAAGAAGGATCGCA,CID4067,T cells CD8+,209
mix_0243_depth25,243,CID4067_GTGAAGGTCTGTTTGT,CID4067,T cells CD8+,214
