spot_id,cell_type,weight,bootstrap_mean,bootstrap_sd,top10_frequency
AACATTGGTCAGCCGT-1,CAFs,0.029843063588891095,0.02961082645933245,0.009420418718196051,0.0
CATCGAATGGATCTCT-1,CAFs,0.021587301186418897,0.013955434474126996,0.014747802843951293,0.0
GCGTCCAGCTCGTGGC-1,CAFs,0.019533081902435856,0.019713930132341576,0.003541332481638759,0.0
CCAAAGTCCCGCTAAC-1,CAFs,0.027445234900285054,0.02694214003116266,0.0018821129843379497,0.0
GTTACGGCCCGACTGC-1,CAFs,0.014747272836789338,0.013555220596959697,0.0018997744451539596,0.0
TAGTGAGAAGTGGTTG-1,CAFs,0.011332010810936892,0.012952712319279542,0.002819054958576734,0.0
AAACAATCTACTAGCA-1,CAFs,0.018991185967778757,0.017449517676047403,0.0014668873099096384,0.0
ATAAACCATTGGACGG-1,CAFs,0.00751482493075726,0.005557235881018358,0.0020930134501745985,0.0
TCTGTGGCTACATTTC-1,CAFs,0.013010376273047122,0.011659155320643991,0.001981782140045183,0.0
CACGACTAAAGTTCTG-1,CAFs,0.009347894814477242,0.009224512063448112,0.0009097544675074963,0.0
AGAGGTATCTCGGTCC-1,CAFs,0.012404917834328412,0.012583538278234493,0.0010704011549653356,0.0
GCCGGAAACACATCTT-1,CAFs,0.02963867803159543,0.028031686355943906,0.002578570449289251,0.0
ACCAGGAGTGTGATCT-1,CAFs,0.03217293043024201,0.02843250161378358,0.004911440837321757,0.0
AAGGAGAACTTATAAG-1,CAFs,0.028577410494534012,0.027254210422149115,0.005084769650377828,0.0
GTATCGGGACGAGCTG-1,CAFs,0.01307952316413019,0.013614175440263976,0.001698140580870051,0.0
CCTGTGCATAGGAGAC-1,CAFs,0.02298067411190109,0.020617537085797066,0.0018775347615521316,0.0
CATACGGGTGCATGAT-1,CAFs,0.013637217328677918,0.013657525045934649,0.002099747554770595,0.0
CCACTAAACTGAATCG-1,CAFs,0.019273974967713305,0.01711995143990354,0.002570773285126495,0.0
AAATTGCGGCGGTTCT-1,CAFs,0.015760417984028666,0.014962800644137214,0.0014244081858530773,0.0
AGTCCAGCGGGTACGT-1,CAFs,0.01271236941467721,0.012250133753441004,0.0014447535446055083,0.0
CATTCAGGTCAGTGCG-1,CAFs,0.041549237386119445,0.0411324565232444,0.002766123101282917,0.0
AATCAGACTGCAGGAC-1,CAFs,9.879342867069996e-05,0.00012021441331877001,2.3374581039218004e-05,0.0
AAGACTAACCCGTTGT-1,CAFs,0.00010028723899654721,9.924135638060124e-05,4.994818614505041e-06,0.0
TCACTATCGTGCAATC-1,CAFs,0.03140935359883308,0.02783154596898608,0.0019077858048485079,0.0
TATGATTCTGCTTGGT-1,CAFs,0.02137854534330516,0.019651107682546978,0.0021755370935151183,0.0
TAAGATTTAGCGGGAG-1,CAFs,0.009131428248379935,0.00856172182789224,0.0018249063101084127,0.0
TTACGGTGTCACCGAG-1,CAFs,0.0087420016741443,0.0061913945993967694,0.0022800945584091287,0.0
CTACACTAGCTTGTTC-1,CAFs,0.011975205028970705,0.011366442372140576,0.0014856526764458811,0.0
TGAGCAGTCGTGAAGT-1,CAFs,0.019958441574175294,0.020029715385106197,0.0023948905224318836,0.0
CGCTGAGGACGTCCAA-1,CAFs,0.013575605879141438,0.012750528838585929,0.0012489495469159752,0.0
GTGTATGACTTTAAAG-1,CAFs,0.019514574552875766,0.01868306213359314,0.0018409986955062363,0.0
CTAAACGGGTGTAATC-1,CAFs,0.016319874696446454,0.015611021348553383,0.0016180943345865694,0.0
TGTACTGTGCCAAAGT-1,CAFs,0.014882176071410728,0.01455652791359505,0.0011253269434453254,0.0
GGCCACAAGCGATGGC-1,CAFs,0.01647009041807985,0.016227943398210053,0.0012106747618193517,0.0
GTCAATTGTACTGAAG-1,CAFs,0.011453762131291257,0.01120711987616781,0.0011213583446790874,0.0
AGGGACAGCACGGCGG-1,CAFs,0.011857968330482388,0.011433202655690726,0.0011116783159795475,0.0
AGCTTATAGAGACCTG-1,CAFs,0.008946087534841378,0.006937456958480382,0.0012862133416692654,0.0
AACTAGCGTATCGCAC-1,CAFs,0.02246449771179847,0.021112887425770145,0.0014575793377420464,0.0
AACTTTAGCTGCTGAG-1,CAFs,0.004724485511772143,0.004777025085060692,0.0005067866533152804,0.0
CCCAAGACAGAGTATG-1,CAFs,0.013700751215306976,0.013038660886685299,0.0011071383368366965,0.0
GGCATCAACGAGCACG-1,CAFs,0.019448414604288155,0.01745893538082151,0.0014552735602833644,0.0
ATGCATTCCGTGATGG-1,CAFs,0.015067754532952471,0.014156054674751395,0.001773947473325077,0.0
TTATAGATGCACATTA-1,CAFs,0.016076043843954,0.015392297748199618,0.0016142074542275114,0.0
GAACCATCTGGGAGAC-1,CAFs,0.02160456831999173,0.020654766973620262,0.0019455675466243146,0.0
TGCTATACAAACGGAC-1,CAFs,0.01190168307851954,0.010332353512342211,0.0010836485709125928,0.0
ACTTGCCATATTGTAC-1,CAFs,0.005662336057202592,0.005212221735754788,0.0005828240860750409,0.0
CAATTTGACCGGGAAG-1,CAFs,0.015254823797644925,0.014125882280140454,0.004812086211673449,0.0
TCTGACTGTAATGGTT-1,CAFs,0.0068022753722224855,0.007099766345014873,0.000973742269351713,0.0
TTCATAGCCTTGTAAC-1,CAFs,0.016231778836348687,0.015323708645898135,0.0012272523579990825,0.0
TGGAAACGGAGTGAAC-1,CAFs,0.012819726059231876,0.012542571353489695,0.001875818513074063,0.0
ATCGCACGATTGTTCA-1,CAFs,0.006371988858383567,0.007234209923294874,0.0015906527162733721,0.0
CGCCACCCGCATTAAC-1,CAFs,0.00674356999969929,0.0063061196453342155,0.0010349737959188046,0.0
TGGACCACGGCGTTGA-1,CAFs,0.012570366189456082,0.010071313117383494,0.0013492969363995406,0.0
GTATATGTTACGGCGG-1,CAFs,0.05004272690327203,0.049236535885655505,0.004452167528579817,0.0
GTATTCTTACCGTGCT-1,CAFs,0.013814010381796294,0.015492333628926814,0.0016022516071612144,0.0
TTCAGAGTAACCTGAC-1,CAFs,0.018824834892788536,0.016684051460260432,0.001940892784841599,0.0
GCGGTAACCCAAATGA-1,CAFs,0.018452266513981914,0.01570486651167772,0.0018157605201690144,0.0
CTACGTGTTGCCACCA-1,CAFs,0.023054549853194137,0.021383199100501377,0.002540964952749361,0.0
CTAGATAAACTCCTCG-1,CAFs,0.020527035592183603,0.017779029814909905,0.002206251097851344,0.0
TCCATTAGTTGGATAG-1,CAFs,0.011769978546445986,0.012071043198208805,0.0013560445055975099,0.0
CTGGCTCCTGCGGGAT-1,CAFs,0.02175676893037801,0.01973168269418759,0.0021368024731529076,0.0
CGATATTAGCCGCAGG-1,CAFs,0.014404214233201927,0.015890457145192,0.001798847257044654,0.0
AGCGTCTGAACCCGCA-1,CAFs,0.012626370782214454,0.011077067649034395,0.0009439681670570553,0.0
GATGTCCGGATCACAT-1,CAFs,0.009240310861055819,0.00932276062142576,0.0014431428784582444,0.0
GGTCACGTTAGATTCA-1,CAFs,0.015913855172925054,0.014872438089272803,0.0013834112182219808,0.0
TTAAGGATACGGAGGT-1,CAFs,0.010068079344435028,0.009477759796651202,0.0007151747260832915,0.0
GTGCGGGACCATCGGC-1,CAFs,0.012432963784192869,0.012024957698395532,0.0010156456348872787,0.0
CCATCTTGTTCACAAT-1,CAFs,0.011822185180076392,0.009881786329673166,0.0013597686894965778,0.0
TCCGAGAAGGCTAAGC-1,CAFs,0.01943489320210035,0.01811808660915906,0.0012462177252187275,0.0
TGGCGGTGTGCGATTG-1,CAFs,0.02405337573353907,0.023022972660940503,0.0016407162089321138,0.0
ATCCTGCTGCAGATAG-1,CAFs,0.016374201531809063,0.01676787492520129,0.0014381919040276027,0.0
TTATGCGTCCCGGTCC-1,CAFs,0.012546206312287181,0.010617405975711664,0.0010321257858359658,0.0
CATAATGAGCGGGCGA-1,CAFs,0.009611681617002862,0.008240594922426884,0.0014634447546940977,0.0
AGACATAGATCCTTCC-1,CAFs,0.04317675205646153,0.03914300414109269,0.003100031646417431,0.0
GGTGAAACCGGGAATG-1,CAFs,0.024107278953326233,0.020884237554744004,0.0030886128021568814,0.0
AACTGGTGTGGGCCTT-1,CAFs,0.02806044929402773,0.025055661190769025,0.0022138763855426044,0.0
GTAGCGCTGTTGTAGT-1,CAFs,0.01192238287053168,0.012160607598102285,0.001149341804239625,0.0
TTGTTTGTGTAAATTC-1,CAFs,0.013446315294727635,0.011803065616304132,0.0011607681079885586,0.0
GGATCAAAGGACGAGG-1,CAFs,0.009533771684261446,0.009230911794991244,0.0009369233991297265,0.0
CAAGTGAACTTTGGTT-1,CAFs,0.009598356492674787,0.009096906366227453,0.0008089450529613106,0.0
ATCGTCCAATCGAGTC-1,CAFs,0.020476848700022098,0.019385082025621232,0.002069092331245142,0.0
ACATGGCTCAATTTAG-1,CAFs,0.01978010432691959,0.01750494724640785,0.0014100861770596801,0.0
AGGCCCAGTGACTGGT-1,CAFs,0.013860604834040401,0.012761773933545759,0.001458122689706335,0.0
GCTTCCAGCTTAGATT-1,CAFs,0.023713896775482603,0.020267515677882632,0.006131415747518806,0.0
TGCTTGAAACCATGCA-1,CAFs,0.013306442894021615,0.013318899066248304,0.0016732091998586586,0.0
CAATATTGGACTAGTG-1,CAFs,0.016689217899095367,0.016357753030047984,0.0015266476616972154,0.0
CGTGCTGGCCTAGTCG-1,CAFs,0.006615180553277423,0.007306979799065931,0.0008564364416252342,0.0
CCTGCGATAGAACTGT-1,CAFs,0.017399023962103362,0.018037428074248536,0.0023393590708993372,0.0
GGGTAATGCTGTGTTT-1,CAFs,0.012905314072767442,0.011656035414256097,0.0018902478783125363,0.0
AACGCGAACGGCAACA-1,CAFs,0.030693425205730932,0.026272915090502714,0.0022206442431782704,0.0
TGTCGGCATGGTGGAA-1,CAFs,0.04343308446310363,0.03954472980977687,0.002767910700059712,0.0
AGCGTACGAGAGCTAG-1,CAFs,0.010953504597897781,0.011224129754302205,0.0026617802939844365,0.0
ATACTCTCGCCACTCT-1,CAFs,0.012149268573316671,0.015442896901056815,0.0021130470901806944,0.0
AATCCATGCAAGGGTG-1,CAFs,0.013114023792162683,0.008945774621911548,0.0034401967437717924,0.0
TTAAACAGAGTCCCGC-1,CAFs,0.013181566898869896,0.011736196429438076,0.0016649986161231158,0.0
CCACAGCTGAAATCAT-1,CAFs,0.014814727789977219,0.012317281969524061,0.0032099806492965955,0.0
CGGTTCCGGCTTCTTG-1,CAFs,0.013238183766869792,0.014438956262216607,0.0015994466504195863,0.0
GACGTGAGACTCCATG-1,CAFs,0.016971667554995146,0.017284138754124427,0.0023094616572476487,0.0
TCGTTGGCTCGTCAAT-1,CAFs,0.016949901672796405,0.013821347927351004,0.0010704218090981713,0.0
GGTGAACGGGCTAGCC-1,CAFs,0.044264629295437785,0.041735829576995086,0.0025812940670406643,0.0
GCACTGTGCAAATGTA-1,CAFs,0.025368590027304006,0.024262552936515733,0.002007417943606652,0.0
ACGAGAACCCATCACG-1,CAFs,0.030742919378971088,0.02791187464029641,0.004762094874409548,0.0
CCAGCTACGCCTCATA-1,CAFs,0.020893053529320776,0.020552835112496455,0.0015952591525033872,0.0
TCCCGGTCAGGAATTT-1,CAFs,0.014823629007354745,0.013094529234247065,0.001108597128102648,0.0
TCGCATTCAATGACTT-1,CAFs,0.02137347786140173,0.020787087736998736,0.0011453937224878501,0.0
CTGGTTCAACGCATCA-1,CAFs,0.011424124994481836,0.010492094135782542,0.0014244247474040866,0.0
GGTGATTTCATCTTGT-1,CAFs,0.0148893133358961,0.015013003508171058,0.0012141905379943363,0.0
CACCCTTTCCTCGCTC-1,CAFs,0.012176654424461482,0.011300114571488173,0.0011169755563232354,0.0
CAACTTGTAGTGGGCA-1,CAFs,0.010468113290446704,0.010269592193723828,0.0013228749392912536,0.0
AATATCAAGGTCGGAT-1,CAFs,0.009715951693606556,0.00881944855338331,0.0013225880882081957,0.0
ACTCAGACCTGCTTCT-1,CAFs,0.016264807795918056,0.014184080121935274,0.0023386375433434906,0.0
TTGGAGTCTCCCTTCT-1,CAFs,0.02326266520945441,0.023839554586769264,0.0022727817218906785,0.0
GGATACTCATGAATTG-1,CAFs,0.012035511857264381,0.012470747599194554,0.0009758186695347045,0.0
TGGGCACAAACAGAAC-1,CAFs,0.013909387372937633,0.012898974463307008,0.0011453886420523072,0.0
GAGCCACGGTAGTAGG-1,CAFs,0.009082156333720873,0.008494737494559467,0.0007333035914696013,0.0
TCGATAGGCTAGTCGC-1,CAFs,0.01864582682050556,0.017830743007568366,0.0018180026440577854,0.0
TAACCGCCCGCAGTGC-1,CAFs,0.006033662639923496,0.005005302416244978,0.0007430486036230542,0.0
GCCTATTTGCTACACA-1,CAFs,0.01238464633406685,0.01153806826813207,0.001011635404712028,0.0
TGGATAGAGTAACAGA-1,CAFs,0.02323688833640341,0.02186284854886487,0.002380117951972609,0.0
TCACAGATCCTCAAAC-1,CAFs,0.005381450738172074,0.004089726723497182,0.0028011738753507026,0.0
AGAGCTACGAAAGCAT-1,CAFs,0.022273245161415853,0.02228333251358598,0.0037660395069897146,0.0
TGCGTGATTGGGTGTC-1,CAFs,0.026907844968221028,0.022687865382762802,0.0035906787149356154,0.0
CACATGTTTGGACATG-1,CAFs,0.02192660573775838,0.0194332339117729,0.002600171154550783,0.0
TTCGCATCCGGAAGCA-1,CAFs,0.013245657753629705,0.012627304414812532,0.0018283754777981538,0.0
CCCTAGTGTCAGGTGT-1,CAFs,0.019602963845691754,0.018719998818385288,0.002155203681747524,0.0
TTACCGCCTTAGGGAA-1,CAFs,0.012167483270707935,0.010364972487665328,0.002005047152645734,0.0
CCAGTCCATTATTCGA-1,CAFs,0.01949415726878202,0.020490791717395214,0.002721240958346373,0.0
CGTAAACGCTTGAGTG-1,CAFs,0.01622806134742967,0.015211872488860034,0.0015857863960775927,0.0
ATTCCTTCCAGGCGGT-1,CAFs,0.01935157087080303,0.019132408161586664,0.003004033899358788,0.0
TTCCTTTCTGTGTTGC-1,CAFs,0.007318534960466601,0.006438316272146164,0.0011081695074527996,0.0
AGTTGACATCGGCTGG-1,CAFs,0.0306942890920482,0.02981636867747035,0.002124424709650461,0.0
AACTCGATGGCGCAGT-1,CAFs,0.008744919728550477,0.009275605075273027,0.0014364847674678129,0.0
GATAAGGCAGATGCAA-1,CAFs,0.028307322584022732,0.0275300629153299,0.0014754596920543768,0.0
GGCTGGCTAGCTTAAA-1,CAFs,0.017148240982819876,0.014632086034553331,0.0015613929606493027,0.0
CCTCATGCAGCTACGA-1,CAFs,0.030452928733953506,0.028645074467688537,0.0031454610767589924,0.0
GACGCCTGTTGCAGGG-1,CAFs,0.022130924889988135,0.021902571425865977,0.0014945892789615853,0.0
TAATTAGATGGATATG-1,CAFs,0.015094375949021055,0.014824175907782558,0.0009254819129941899,0.0
GAGGGCATCGCGTATC-1,CAFs,0.01493556790010046,0.014483857102089437,0.000818486800819662,0.0
CTTGTGAGTCTTTGAC-1,CAFs,0.0324660164064583,0.03045991594013624,0.0018462044940368175,0.0
TCAACACATTGGGTAA-1,CAFs,0.012631345091633111,0.012073340934303836,0.001163264838985596,0.0
ACTGTATACGCGAGCA-1,CAFs,0.02980104702392931,0.027401909145945307,0.0024751621990472925,0.0
GTGAAACGTGCTCCAC-1,CAFs,0.010246584365245424,0.009534601649408685,0.0008739157700237486,0.0
CGAGTGCTATAGTTCG-1,CAFs,0.013047148050905281,0.013305581842387504,0.003112198485284228,0.0
GTACTGCATGAAGCGT-1,CAFs,0.014283936777625926,0.012846096974110011,0.0013014091669276452,0.0
GTAACTTGCGGCAGTC-1,CAFs,0.02427178410132898,0.02369141404444622,0.0033852836113294595,0.0
GAATCGCCGGACACGG-1,CAFs,0.013555741973333984,0.013664557305585929,0.0008258758364947711,0.0
GGGAGTAATGGCTGGC-1,CAFs,0.012161004119165812,0.011869033266320975,0.0009434049284551598,0.0
CATGAACCGACATTTG-1,CAFs,0.01101277077046904,0.009844754097462643,0.0011789313654809925,0.0
TCTGTCATACAAGAGC-1,CAFs,0.00823730342104623,0.0071287267985635045,0.0007846687514434851,0.0
TAAAGAGCCCGAAACC-1,CAFs,0.0051421124167874335,0.004882922395361884,0.0009156178356747422,0.0
CATTGTGTGCTAGATC-1,CAFs,0.017394524997402516,0.01568637200933835,0.0022743919263082625,0.0
CGCGGCAGTATTACGG-1,CAFs,0.011704904181997345,0.010076446802469139,0.0013127367072882012,0.0
GAAATGGGATGTAAAC-1,CAFs,0.01328971676273249,0.012168095917716499,0.0014649426191277628,0.0
CATTCCCTAAGTACAA-1,CAFs,0.0012036200991371033,0.003036427206019588,0.001159381455430281,0.0
AGTTCTGCGTTGTATC-1,CAFs,0.012639673679929844,0.013512214356178526,0.0020106869068902324,0.0
ACCCTATAGGACTGAG-1,CAFs,0.01648354211025886,0.016506656954650804,0.0016885896199111507,0.0
TTAGATAGGTCGATAC-1,CAFs,0.01917039441868446,0.017500335668655158,0.0018787860306208857,0.0
ATTGATAGCAACGAGA-1,CAFs,0.003922378301453865,0.004120915181960544,0.0014583556956021622,0.0
TCTCGGCTCCAGGACT-1,CAFs,0.019403619408835567,0.015918764597828074,0.0015112313902832613,0.0
CTTGAGGTTATCCCGA-1,CAFs,0.007937192674640091,0.007437182507740487,0.0009761996147984646,0.0
AAGAAGGATCAGTTAG-1,CAFs,0.009148656818208197,0.009159428113276037,0.0012027413240609233,0.0
GTACGACGGCGCTGCG-1,CAFs,0.01938946085031127,0.01864234464339624,0.0011061757175253551,0.0
CTTATGTTGACTACCA-1,CAFs,0.009530104487108048,0.009633722413570163,0.002084362193269113,0.0
CGGCACTCAAGAAAGT-1,CAFs,0.01680020510907737,0.016015484002902692,0.0018795143206494047,0.0
GTCAAAGTTTACATAG-1,CAFs,0.012583295606035235,0.011277625840948097,0.0021806817407646704,0.0
CTCCTAAGTTATGTCT-1,CAFs,0.00781366548294883,0.007719072162131904,0.0006315490913674396,0.0
ACTGTGCTAGTAGATC-1,CAFs,0.013816100088528111,0.014529234228754443,0.001645698536100592,0.0
GTTTGGCCGCTCAGCG-1,CAFs,0.014152211471708124,0.012365651957712968,0.0015099206378165922,0.0
TTATCCAATCGAACTC-1,CAFs,0.02021572729796993,0.019488027108091048,0.00220261418739567,0.0
CCGTACCCAAGCGCCA-1,CAFs,0.023448130057550073,0.01956786086453486,0.0036954664995448834,0.0
CATACAAAGCCGAACC-1,CAFs,0.027841603795940598,0.027594725298348444,0.0017354966163994924,0.0
GGTCGGTAATTAGACA-1,CAFs,0.008798690748252902,0.008965752980626596,0.0009825278910882654,0.0
GCCCACCAAGGCTGTC-1,CAFs,0.016883200499182786,0.015608177796724179,0.0012480075781719606,0.0
GAGCATCATCCCTGGG-1,CAFs,0.013316929142720244,0.01247618371502364,0.0009707708358346788,0.0
CATCCGCAGGCCCGAA-1,CAFs,0.013026671584152435,0.013737457171586928,0.0020420867046293404,0.0
CCCTGATGTAACTCGT-1,CAFs,0.012266299745345708,0.010960948813620962,0.0011919510753550314,0.0
CCATAGTCAGTAACCC-1,CAFs,0.011737227951902693,0.01063050706330515,0.001305059581334915,0.0
CGGGCCATAGCCGCAC-1,CAFs,0.005550105906330609,0.006743076812335723,0.0009631277390178088,0.0
CTCCGGCTTGTAGACA-1,CAFs,0.012298804632042,0.010488044864098735,0.002686579791659286,0.0
AACTTGCGTTCTCGCG-1,CAFs,0.031630696693090266,0.03108449647068437,0.0030186572684359663,0.0
AATGAGTTCGCATATG-1,CAFs,0.001917304141022844,0.0016138194389915632,0.0006022986966882582,0.0
CGAGGCCAGGCATTGG-1,CAFs,0.015496207921593853,0.014308427290802913,0.0019457861809897231,0.0
TCTGCGTCCGGTTTCT-1,CAFs,0.009339931790263609,0.00493231518986616,0.003158739391733619,0.0
CAATCCTGCCGTGGAG-1,CAFs,0.004622772371035185,0.004871331630340088,0.0011627067893091336,0.0
CTGAGCAAGTAACAAG-1,CAFs,0.030325438796309456,0.028319699630332568,0.001338613980269488,0.0
GGGTACCCACGGTCCT-1,CAFs,0.02012007343391987,0.018377752781784933,0.0015962877559701084,0.0
ACGGAATTTAGCAAAT-1,CAFs,0.028381941637790193,0.025441626605028033,0.0018659339817126287,0.0
GGGCGGTCCTATTGTC-1,CAFs,0.018519362435072854,0.019979878400839805,0.0033050264524183337,0.0
ATGTTACGAGCAATAC-1,CAFs,0.015737744741550763,0.01520772476316346,0.0010017487444376162,0.0
AACCATGGGATCGCTA-1,CAFs,0.02470509908291995,0.02304698620991671,0.0034298643754376574,0.0
ACTTAGTACGACAAGA-1,CAFs,0.011028037780090922,0.008498394300312618,0.0025747513451788765,0.0
GCTCAACCTCTTAGAG-1,CAFs,0.017256432700674954,0.01411123314217976,0.0036208825515642975,0.0
GCCTTGTATATGCAGT-1,CAFs,0.011099075512015135,0.008295880103188883,0.0017376581147482701,0.0
ATAATACCGTTAGCCG-1,CAFs,0.015453361839910182,0.013541517540115348,0.0010589396071771517,0.0
ACACTCCAATGTCACT-1,CAFs,0.015109842089602966,0.013517992970369052,0.0018284198048547952,0.0
AGTTGCTGACTGATAT-1,CAFs,0.012074543048255348,0.010244768386159593,0.0021855902619086808,0.0
GGCGCTCCTCATCAAT-1,CAFs,0.020980677805608163,0.01908134581109107,0.001709677039925135,0.0
TGCCTGACATCGGTCA-1,CAFs,0.011079954121075765,0.011378469459198492,0.0016174707655898875,0.0
TTGGCCATCTTGCGCT-1,CAFs,0.015070112718134307,0.014086461757559695,0.0021017539704527074,0.0
CAGTGGTTGCACATGA-1,CAFs,0.014293611920850808,0.012259024237796226,0.0019280565026977316,0.0
AGAATTGTTTGACATA-1,CAFs,0.009139741098624003,0.008928579300265076,0.0008448417432025129,0.0
AAATGCTCGTTACGTT-1,CAFs,0.013743447949307909,0.010778862001384336,0.0029369550690856814,0.0
CACCTAATAGAGTCGT-1,CAFs,0.006072062805932081,0.005164449938695586,0.0009811234643286235,0.0
CATTTCTAGCAGACTA-1,CAFs,0.011532546953067227,0.010878644777231335,0.0014407289915847627,0.0
AGCGACATCCCATTCA-1,CAFs,0.08356235200311694,0.08167163068196726,0.0019857858843254778,0.0
AGTAATGTCTTGCCGC-1,CAFs,0.08244532762868562,0.08155977903920997,0.003885414628245214,0.0
TTCTTAGTGGCTCAGA-1,CAFs,0.26844914791772784,0.2577738860514389,0.010300237510006586,0.9999999999999999
CGTCTGGAAGGGCCCG-1,CAFs,0.12046003144061117,0.1154299618271432,0.0038902736131765925,0.0
ACGTGCGCCTCGTGCA-1,CAFs,0.29611457413459036,0.27823779297147516,0.011589757317672323,0.9999999999999999
AGAGCGGGCTAATCAT-1,CAFs,0.21642084194118305,0.20919316783192615,0.007144902456163703,0.9999999999999999
GCGTCGAAATGTCGGT-1,CAFs,0.28712263443695774,0.2688576073366568,0.009812049893844734,0.9999999999999999
CGAGCTGGGCTTTAGG-1,CAFs,0.03926193284543715,0.03792223699840762,0.0026469664726522053,0.0
ATAGCCTCAGTACCCA-1,CAFs,0.028929859362317203,0.026659924032812705,0.002106630941285865,0.0
CGGGAGTATACCGCCG-1,CAFs,0.044410510297459536,0.04240247451661541,0.0030441745603099987,0.0
GTCCTACAGGCGGCTC-1,CAFs,0.016669484802791207,0.01520781054970383,0.0012044431036327004,0.0
CGGATAAGCGGACATG-1,CAFs,0.02874937310609096,0.026710129740865014,0.004187077533129777,0.0
AACTTCTGCGTCTATC-1,CAFs,0.010064136950468646,0.008254943789400854,0.001799045241149663,0.0
GGGTTCAGACGAACAA-1,CAFs,0.012337670673648054,0.011822113825400524,0.0022975051233565954,0.0
AGTCTGGACATCCTTG-1,CAFs,0.02031440565774515,0.020224926475829283,0.0025972628687371243,0.0
GAAATACTAAACGTTT-1,CAFs,0.013819172836074896,0.014476869897237158,0.0015565177863848278,0.0
TTGCTGAAGGAACCAC-1,CAFs,0.11350568038521172,0.10968661277905964,0.006425536328168595,0.0
TATTTAGTCTAGATCG-1,CAFs,0.09054781864675003,0.08709044571138347,0.004739569268151275,0.0
CTCCGGCCTAATATGC-1,CAFs,0.20107942456373507,0.190068048445788,0.009154176885524248,0.9999999999999999
TTGTGGCCCTGACAGT-1,CAFs,0.3851768118934747,0.37299649061529444,0.015150033182550152,0.9999999999999999
TCGCCGGTCGATCCGT-1,CAFs,0.461695397493187,0.43986012458627427,0.017499379440846105,0.9999999999999999
CCATAGGTTGGCGTGG-1,CAFs,0.324115150537781,0.30499476582917906,0.007505178669704742,0.9999999999999999
GAACGACCGAATGATA-1,CAFs,0.48472545592237587,0.4594396932371819,0.023130375851661545,0.9999999999999999
TCCGATAATTGCCATA-1,CAFs,0.3153919152288462,0.2950595671768518,0.014366619858088514,0.9999999999999999
CATTACGTCGGCCCGT-1,CAFs,0.10232721558703992,0.10936265106672863,0.006223273583248403,0.0
CAAGCACCAAATGCCT-1,CAFs,0.18589514887601388,0.18192327981358394,0.014681479742143904,0.6
TGCATGGATCGGATCT-1,CAFs,0.07154221687584959,0.07003630192197674,0.00409335838944053,0.0
GAAATCGCGCGCAACT-1,CAFs,0.03662673649665468,0.03581435431650568,0.0014357531644876391,0.0
CTGAAAGAGATCCGAC-1,CAFs,0.022771358438790697,0.02229267326610409,0.0016835408878405162,0.0
ATTTGTTCCAGGGCTC-1,CAFs,0.01379464582530508,0.012998374372987422,0.0013554461273383729,0.0
GATCGGCGATAAGTCG-1,CAFs,0.009069023903108939,0.00617939785263942,0.002003991688589333,0.0
TCCGTAACCACAATCC-1,CAFs,0.06649212089762778,0.06485326187021963,0.004531287390446867,0.0
GTACGAGATTGCGACA-1,CAFs,0.2015170950227176,0.19390645520378066,0.006689539115326709,0.9999999999999999
GTATAGGACTCAGTAG-1,CAFs,0.15179447013639946,0.14335881922947882,0.007832248711748065,0.0
TTGCACGGAGCAGCAC-1,CAFs,0.163891912630587,0.1526554084284439,0.006953147807753962,0.0
CACAGCTAGGGAGTGA-1,CAFs,0.4826498160921899,0.4684186893922521,0.011787233449539547,0.9999999999999999
ATACTAGCATGACCCT-1,CAFs,0.26804544632296523,0.24567091629738042,0.010810458439750684,0.9999999999999999
CCAAGACTTCTGCGAA-1,CAFs,0.5034006315257076,0.4556212002551872,0.02119384357521703,0.9999999999999999
ACATAATAAGGCGGTG-1,CAFs,0.3576259138550671,0.34379506410210353,0.012692437842093863,0.9999999999999999
TAATACACAGTAGTAT-1,CAFs,0.23759749066344218,0.22396879200859704,0.006876101055336892,0.9999999999999999
TCTTGGTAACACCAAA-1,CAFs,0.18427953553355633,0.18397067554842955,0.009576524179079149,0.6
AACTGGGTCCCGACGT-1,CAFs,0.170749045652928,0.1685259939778026,0.008553567808398489,0.0
ATCACTTCATCCTCGC-1,CAFs,0.18792918902673736,0.17906081020686979,0.008203677496299513,0.30000000000000004
TGGAAGGATAAAGATG-1,CAFs,0.1569879301255502,0.1522439614065931,0.004521251058766115,0.0
CATGATGCACAATTCT-1,CAFs,0.26125252867185406,0.24134943099402303,0.00853302599512586,0.9999999999999999
TGCCTGATCAAACGAT-1,CAFs,0.24935697829619705,0.23406329266970652,0.012564552313008221,0.9999999999999999
ATAGGGATATCCTTGA-1,CAFs,0.21395336937058854,0.19911902983874147,0.006712433211921715,0.9999999999999999
CACCTAATCAGTTTAC-1,CAFs,0.050531159871754605,0.04594532942702638,0.00237026098348007,0.0
TGTGACTACGCCAGTC-1,CAFs,0.06870473600942488,0.06497158965853221,0.0029650446897575883,0.0
CCCGACCATAGTCCGC-1,CAFs,0.017670795583306108,0.016679754037192997,0.0014985654732076244,0.0
CGCGCCCGACTTAATA-1,CAFs,0.036239767596811176,0.03364556857617481,0.0017768415154103406,0.0
TGCCACCTGGCGAAAC-1,CAFs,0.03320429671091653,0.029709747189317636,0.0019159174011430056,0.0
CTGCCAAGGTTGGAAG-1,CAFs,0.0664333210825516,0.06361292754773913,0.003725364675094877,0.0
TCTCCAACGTAGGTTA-1,CAFs,0.07383405462576258,0.06896155456906601,0.0035923478150061043,0.0
TTCTTGGAGTAATGAG-1,CAFs,0.04983140823269661,0.04654693970741834,0.003311991872531587,0.0
GTCTCGATCTGCTTTC-1,CAFs,0.085740723851272,0.07811655234661123,0.0053087706089478374,0.0
TACTCTCCGAACAAAT-1,CAFs,0.04174637669025175,0.039142987818864564,0.003000084915388221,0.0
ATCACATTAGAATATC-1,CAFs,0.058974331328769045,0.05654124640071205,0.0020970813056425167,0.0
TACGGGATGCTAGCAG-1,CAFs,0.04199243936185133,0.03918145644440302,0.0019342604284684943,0.0
AGCTGAAGTAAACCAA-1,CAFs,0.10797385380955263,0.10333790467443374,0.004319647913551349,0.0
CATGGGTCGGGTGTGG-1,CAFs,0.03330054055963538,0.03208989224657072,0.0024855943474841108,0.0
CACCCACGAGGCAATT-1,CAFs,0.07642039208198902,0.07159713951024557,0.0028170484691859045,0.0
TGCCATTACTAAAGAA-1,CAFs,0.05074731096579454,0.048638350426752575,0.0024660831850863837,0.0
CCGTTACGTTAGAACA-1,CAFs,0.0423508069176013,0.0396327596313111,0.0019196430952348983,0.0
GCCAGGAGTAACCGAT-1,CAFs,0.04461598100052953,0.042720320482711835,0.001665206658074708,0.0
TCTTACCGGAACTCGT-1,CAFs,0.026141267655983458,0.02487656813134451,0.0011089265430447542,0.0
CTGTTCACTGCCTGTG-1,CAFs,0.1456944080739448,0.13858653766368015,0.006531482884389404,0.0
ATGTGCATCCGACGCA-1,CAFs,0.05294683136317902,0.05797304713189787,0.0056303440628676085,0.0
TTGTCGTTCAGTTACC-1,CAFs,0.07071513257633574,0.06941657249254406,0.0049657432359060056,0.0
CGGGATCAATGTAAGA-1,CAFs,0.08246369698155705,0.07931902677586267,0.0025213865577932214,0.0
TTATCTGTATCATAAC-1,CAFs,0.06445798573527009,0.06668846042037425,0.0075608326666311565,0.0
ATCGACTCTTTCCGTT-1,CAFs,0.11154358960393511,0.1083915334620869,0.007045975044109321,0.0
CTCATTTGATGGGCGG-1,CAFs,0.14890456737719193,0.1491186691994523,0.009853759277774252,0.0
GTAAGCGGGCAGTCAG-1,CAFs,0.41952235098284457,0.4094205870001308,0.01434370509518433,0.9999999999999999
TCTATCGGTCGCAACA-1,CAFs,0.13975641796426244,0.13537928825135057,0.012031789124010522,0.0
AACGCGGTCTCCAGCC-1,CAFs,0.330350962309792,0.31980843663701725,0.010134203346146498,0.9999999999999999
ATTAATACTACGCGGG-1,CAFs,0.11881755056792628,0.11873346166545688,0.006067321617959556,0.0
CTTTAACTTTCAAAGG-1,CAFs,0.243400895127974,0.2383806168293568,0.0053588454687812205,0.9999999999999999
CGTACCTGATAGGCCT-1,CAFs,0.08848473195751545,0.08221457476478262,0.003906426541503855,0.0
GAATGTTGGGTAATCT-1,CAFs,0.06830999304792486,0.06767701242464946,0.006641273517042743,0.0
TGCGGAGTAAAGGTGC-1,CAFs,0.11289331687303454,0.1067011775425863,0.004139397014456578,0.0
CCTGAATATTTACATA-1,CAFs,0.0454434865433084,0.044397973711838505,0.0034343922852481386,0.0
TTGCTCCCATACCGGA-1,CAFs,0.03590831261357524,0.03544391511309107,0.00228346773336914,0.0
CCTCTAATCTGCCAAG-1,CAFs,0.034268572015315524,0.030806694115310767,0.0017510640983391427,0.0
AGGTTGAGGCACGCTT-1,CAFs,0.038067953882482214,0.03877790915732134,0.0024565449817276507,0.0
TCCCGTCAGTCCCGCA-1,CAFs,0.03515861111998864,0.030066248742423175,0.0026197393094030586,0.0
TCCGATGACTGAGCTC-1,CAFs,0.04749329478277923,0.04826532877341187,0.0036051851576167993,0.0
CAGCCTCCTGCAGAGG-1,CAFs,0.07011923648513169,0.06469496844363956,0.0029709652740099028,0.0
CTTAGCCTTCCACATG-1,CAFs,0.05721897851239761,0.05550995322366137,0.0022967451231945763,0.0
ATTAATGAACCAGTCG-1,CAFs,0.04435791849318135,0.04190588992400357,0.0024096726159668403,0.0
ACGATACATAGAACTA-1,CAFs,0.056069818628762536,0.05414887091030067,0.003522788059966145,0.0
AGCCACTCCCGTGCTT-1,CAFs,0.023743048589814787,0.0237325832150722,0.0016780049562038798,0.0
ATACGGGTTTCGATTG-1,CAFs,0.021023373255794432,0.018821040134695037,0.0020253295979034023,0.0
CTGTCAAATGGCTCGG-1,CAFs,0.040603273524560654,0.0377420708951254,0.0015620792231112947,0.0
GCTCGGAATTTAAAGC-1,CAFs,0.015521215930748795,0.014302417255011307,0.0008208070357731027,0.0
TAGGCATGTTACGCCA-1,CAFs,0.034822617474674286,0.031358570475262006,0.0024915441839881507,0.0
TGGCAACTCGCGCGCC-1,CAFs,0.0352349838846307,0.035381224539767574,0.0013385144862894309,0.0
ATCAGTAGGCAGGGAT-1,CAFs,0.035066344666419814,0.03232167467140416,0.0015659591894076393,0.0
TATCGATCTATGCATA-1,CAFs,0.0312335608801337,0.03023595200078822,0.001825213442193267,0.0
CGACTCAGGATGTTAT-1,CAFs,0.04734913456608917,0.044700423271786895,0.002797674821842394,0.0
GCCATATTGCACACAG-1,CAFs,0.04481484863192598,0.0432543480405842,0.0018766208985211597,0.0
AATTCATAAGGGATCT-1,CAFs,0.05975366021181277,0.055725581590877794,0.002601980018901915,0.0
CGGTAGAGGTGCAGGT-1,CAFs,0.03870554535048737,0.036667288680492474,0.0023782470593415625,0.0
AATGATGATACGCTAT-1,CAFs,0.07636113716245017,0.07531381211128248,0.004595370880957401,0.0
ATCGCACGCCGGGAGA-1,CAFs,0.23503968490813862,0.22369137963285635,0.009605266789398857,0.9999999999999999
GCTCTAAACCCTGACG-1,CAFs,0.11743754988346926,0.11848132825293181,0.007643579058187228,0.0
AATGCAACCGGGTACC-1,CAFs,0.07687724538598405,0.07539814673944488,0.007340114429103863,0.0
TCAAACAACCGCGTCG-1,CAFs,0.07349119428892473,0.07291381972005313,0.0038936070906120317,0.0
TATGCTCCCTACTTAC-1,CAFs,0.10472272175291832,0.0949453593872164,0.004664953730036106,0.0
AAAGGGATGTAGCAAG-1,CAFs,0.1410239598753247,0.13868288957900615,0.0067977774729884605,0.0
ACGATCATACATAGAG-1,CAFs,0.09370738941894766,0.08803760474477404,0.003957766188929816,0.0
TTGTTCAGTGTGCTAC-1,CAFs,0.18712333993611302,0.18592366929178702,0.011260661937815502,0.7999999999999999
ATGCATGATCCAGGAT-1,CAFs,0.09904194424598052,0.09643506406387384,0.0063823947428564,0.0
AGTCTTCTCCTCAAAT-1,CAFs,0.14211286915855995,0.1371213346098356,0.0040187343782454,0.0
GATTCCCTTGTCGCAG-1,CAFs,0.043826925880449334,0.04348649271445777,0.002911894207401793,0.0
CTCGCACCTATATAGT-1,CAFs,0.040054634342574426,0.03847475774267973,0.0026512982275839897,0.0
ACTCAATAAAGGCACG-1,CAFs,0.03688036023902657,0.03744887018156425,0.0028973756910857457,0.0
AACCGAGCTTGGTCAT-1,CAFs,0.03083876499774859,0.02871136454318951,0.0021439972881469377,0.0
TAAGGCAACATAAGAT-1,CAFs,0.01741736036174293,0.018944918717998235,0.0027616597109772025,0.0
CACGCACAGCGCAGCT-1,CAFs,0.020999455192011976,0.020391065815382095,0.0010729352729191492,0.0
GGTTTACAATCTCAAT-1,CAFs,0.0323787120366486,0.03255166993808603,0.002136642769364978,0.0
TGCAGGATCGGCAAAG-1,CAFs,0.05965065911955057,0.05623604535597444,0.0028188324278279886,0.0
ATAACGGAGTCCAACG-1,CAFs,0.04563924635408909,0.044458180312248255,0.003990274037153928,0.0
AACGATATGTCAACTG-1,CAFs,0.07613737713755653,0.07118915468399073,0.0033634189067484896,0.0
GACAACGACCATTGAA-1,CAFs,0.03936371307908253,0.03701045554221209,0.0022213184217353475,0.0
TTGACCATGTTCTCCG-1,CAFs,0.030079697051226175,0.02854277306303381,0.0023424378488635126,0.0
AGTACGGGCACCTGGC-1,CAFs,0.04429590425304183,0.04249491111674954,0.0019638331773816327,0.0
CGCCATCCGATTATGA-1,CAFs,0.07120006944014114,0.0680160840612942,0.0023235389268272404,0.0
AAGGTATCCTAATATA-1,CAFs,0.029189497928351484,0.02761039633177867,0.0013932244139192734,0.0
TGTTGTCAAGAAGTCT-1,CAFs,0.037263943916629905,0.03440435763152485,0.0018799653141467654,0.0
CAGTGAATAAATGACT-1,CAFs,0.027395787877053265,0.025715876453611664,0.0020755599337633408,0.0
CACCTTGCGAAACTCG-1,CAFs,0.02249233736265028,0.02135033939734988,0.0011053010372621547,0.0
CATTTAGCGGACCATG-1,CAFs,0.0181114479972405,0.0175500873122389,0.0015878413642140866,0.0
CCAGTCTAGACGGCGC-1,CAFs,0.03357344886890214,0.032854642944556964,0.0026337461667962476,0.0
TCGCTTTAAACGTTTG-1,CAFs,0.02535460879595081,0.02297127127287753,0.0017706996125270325,0.0
GTGAAACGGCGCCACC-1,CAFs,0.03727385054455659,0.03384358632768741,0.0019133992538249225,0.0
GGGCTCATCGAACCCA-1,CAFs,0.062323144281003495,0.05728496380203505,0.002938271924770846,0.0
TTGATGTGTAGTCCCG-1,CAFs,0.042229948445209775,0.04126496541058577,0.002462222634229501,0.0
CAGTAGCCCACGCGGT-1,CAFs,0.04716552438870669,0.04299585606535931,0.003297982735586417,0.0
AGCGCGGGTGCCAATG-1,CAFs,0.05987310923412342,0.05475551775757069,0.003778053316603229,0.0
TAATCGATCCGTACGT-1,CAFs,0.11707187424735481,0.10783329397705033,0.004878721683839805,0.0
AGTGGCGGCAATTTGA-1,CAFs,0.05741789312903953,0.05277685849138014,0.004536340859122621,0.0
CGCATTAGCTAATAGG-1,CAFs,0.035245740851841165,0.03216971292254611,0.0018677285020145117,0.0
GCTCTCGGGTACCGAA-1,CAFs,0.13075501486512772,0.12718997584881725,0.007479616243766367,0.0
CACCGCCAGAAGGTTT-1,CAFs,0.03915525468871114,0.03762540523153544,0.004476509207527533,0.0
TCCCAAAGACGAAGGA-1,CAFs,0.07571723518315367,0.07353384650957198,0.005460065798321605,0.0
ATGGATTGACCAAACG-1,CAFs,0.10358801994837138,0.10387691190382575,0.005688017577098797,0.0
GTCATGGACATGACTA-1,CAFs,0.21469360984410413,0.2062572371344369,0.011710315198422782,0.9999999999999999
CTACTGCCACCTGACC-1,CAFs,0.130546570212498,0.11614697602456847,0.008831460400992381,0.0
TTATATTTGGCAATCC-1,CAFs,0.05833230311951,0.05430608888687083,0.006852931862029326,0.0
AGCACCAGTACTCACG-1,CAFs,0.0534195918394081,0.05163613923401158,0.002723608199809671,0.0
CATGGTCTAGATACCG-1,CAFs,0.08521948495684512,0.080311567075559,0.004839617344042044,0.0
TCTACCGTCCACAAGC-1,CAFs,0.07281261903770923,0.07272875314061394,0.003179061935473135,0.0
CTAGTTGGGCCCGGTA-1,CAFs,0.04969272724389199,0.0496160830881799,0.005816143761769882,0.0
TCCCGCGTACTCCTGG-1,CAFs,0.07090601029941569,0.07101465788021015,0.004020696749966509,0.0
CAGAGCATGAGCTTGC-1,CAFs,0.04165853476268445,0.04133866964602749,0.0029698459719352194,0.0
ACACGGGAACTTAGGG-1,CAFs,0.07709849230643863,0.07831452574283107,0.003713633857242838,0.0
GGCTCTGCTCCAACGC-1,CAFs,0.0415632642069776,0.038397002387742754,0.0027204795495356596,0.0
AGAACGTGGTACATTC-1,CAFs,0.09101890224344565,0.08470986081020933,0.00537236754323558,0.0
CAATAAACCTTGGCCC-1,CAFs,0.10541715037505014,0.10186982372177009,0.006150279954573314,0.0
ACTTCGCCATACGCAC-1,CAFs,0.18297466910455237,0.17638788742730377,0.00929339272224933,0.2
ATCTGGTTAAGACTGT-1,CAFs,0.1961416598462071,0.18403829710901376,0.00446707279650507,0.7
TCGTAAGACGACATTG-1,CAFs,0.07837799372050863,0.07574484776409465,0.004119015834808206,0.0
GTGTACCTTGGCTACG-1,CAFs,0.08705155791959239,0.08213157250415344,0.004498777466080283,0.0
GCCCGTAATACCTTCT-1,CAFs,0.03468125400659097,0.03424569188325853,0.0016254330421234114,0.0
CGGTCAAGTGGGAACC-1,CAFs,0.05112290071703299,0.049033105588421055,0.0024978237791363797,0.0
TTGTAAGGCCAGTTGG-1,CAFs,0.021146904184633324,0.022975405491536153,0.0015020420212292927,0.0
GGAGCACCAAGAACTA-1,CAFs,0.022207852473756746,0.02075801998370716,0.0019108821627078268,0.0
TAATAGTGACGACCAG-1,CAFs,0.020027529669916565,0.01906041926690256,0.0010919323448335223,0.0
CTAAATCCTATTCCGG-1,CAFs,0.08109455171142947,0.08026878467852663,0.004250247612550469,0.0
CGAGTTCTGTCCCACC-1,CAFs,0.029459959592486464,0.028706009109913812,0.001874452210116179,0.0
AGGCAGATGCGTAAAC-1,CAFs,0.03864357101084655,0.03631976749701597,0.002248389845780876,0.0
AAGGATGAGGGACCTC-1,CAFs,0.050813454200393605,0.04604439345249407,0.002106368191747698,0.0
AGAGAACCGTCTAGGA-1,CAFs,0.016705393843516853,0.016853817319109572,0.0013969983835983538,0.0
GAGGGCGCAGCTCTGC-1,CAFs,0.04372336280115606,0.040346227600373576,0.0021685856128171154,0.0
AAGATTGGCGGAACGT-1,CAFs,0.0339354755162583,0.03129424432267048,0.0018452546778293447,0.0
CCAGTAGTCTGATCCA-1,CAFs,0.03840719290333444,0.03630556001808502,0.0029680923847062307,0.0
AAGGGACAGATTCTGT-1,CAFs,0.09997067635547204,0.09443278666986175,0.004996418161322163,0.0
ATAGAGTTATCAACTT-1,CAFs,0.0710902326928016,0.07054512241966157,0.004700138885210383,0.0
AAATTACCTATCGATG-1,CAFs,0.09722616646807711,0.08972259938078823,0.00425008684059898,0.0
GATCCTAAATCGGGAC-1,CAFs,0.03634543693642131,0.03464767865052299,0.0013155973643200237,0.0
GGGCGATATGTGTGAA-1,CAFs,0.16018120140894584,0.1639625107283403,0.01033809981281366,0.1
CTCGAGGTCGAACAGT-1,CAFs,0.09021559948887849,0.08473943156585524,0.0051842993467128805,0.0
GATCCCTTTATACTGC-1,CAFs,0.0559847538168198,0.057394267321992,0.004523576922646476,0.0
GTCATGCACCTCCGTT-1,CAFs,0.04696197092818601,0.045311498432903836,0.00440488645773973,0.0
ACTTTCCTATAGCTTC-1,CAFs,0.0919573124036371,0.08680899353326152,0.006714250770482588,0.0
TCGCTCGATATATTCC-1,CAFs,0.08951005196967164,0.08606215607728385,0.0065631159267365985,0.0
ATAGGTTGGGCAGATG-1,CAFs,0.08857121113514613,0.08676420096821935,0.0084566715258244,0.0
CAATTAAGGGTGATGA-1,CAFs,0.15134296706678024,0.13698431871872446,0.0072830303698337906,0.0
ACCGACTGAGTCCCAC-1,CAFs,0.07942290548974461,0.07637707192658967,0.003719149032227438,0.0
CCTGTCACCCGGGCTC-1,CAFs,0.1677077875308004,0.16391761822503725,0.005979134239305799,0.0
GATCGGTGGCCATAAC-1,CAFs,0.07872391540422541,0.07821392279751502,0.005900716459204793,0.0
CCTATGGGTTACCGTC-1,CAFs,0.16259219461419686,0.1525835488181658,0.006124138783831799,0.0
TTGGGACACTGCCCGC-1,CAFs,0.06447627723985705,0.06470282712829394,0.004428333590788516,0.0
CGAGGCTAAATATGGC-1,CAFs,0.05892942977246698,0.054226029729361594,0.004427058730645459,0.0
TCAGGGTGTAACGTAA-1,CAFs,0.11819792572802013,0.11058787455914798,0.0054096364041734644,0.0
CGAGAGATGTGAACCT-1,CAFs,0.17362831621428343,0.16505165554406293,0.004493444628962526,0.0
TCGCTGGGCGGATTGT-1,CAFs,0.2524669339617563,0.23421810096074974,0.007361511785601631,0.9999999999999999
AGATCTCAGGTGTGAT-1,CAFs,0.18699321727499113,0.1813099371321599,0.007786943783346722,0.5
TGGCCAAACTGAAGTA-1,CAFs,0.13192522941982973,0.12866926846583815,0.005839538466099894,0.0
GCTTCCGTCCCTAGAC-1,CAFs,0.2580976174752254,0.2424974764472772,0.008183898187612193,0.9999999999999999
CAGCAGCCCGTTCCTT-1,CAFs,0.10173640631189125,0.09734026306355607,0.004091057849973076,0.0
TGTATAACAGATCCTG-1,CAFs,0.16349067440209356,0.1577594813073704,0.007185901092242924,0.0
CGCGGGAATTAGGCAG-1,CAFs,0.05537399169938656,0.05231824544252278,0.002179072669780179,0.0
TGCATGTGGTAATCTA-1,CAFs,0.1645211457856301,0.1573051823728452,0.006629934580875461,0.0
ACAATTTGAGCAGTGG-1,CAFs,0.03790004379506946,0.03501187207768288,0.0016737982114442393,0.0
GAGCTAAGGGCATATC-1,CAFs,0.03942259700643487,0.03753823432709776,0.001424883255598051,0.0
CCAGATAGTTGAGTGA-1,CAFs,0.04633227372205117,0.04319818534823246,0.0031042608893536907,0.0
CCACAATGTACGTCTT-1,CAFs,0.043105743072550134,0.042137597608198414,0.002292512101797475,0.0
CAATGGATCTCTACCA-1,CAFs,0.011256298483810103,0.010845798267423276,0.0010923966411643328,0.0
TGTGGCAAAGCGTATG-1,CAFs,0.04472955642576065,0.0422255760273204,0.0020966320012895745,0.0
TAAAGCGTTAGGAGAA-1,CAFs,0.02813298864242378,0.02613133215297971,0.0026204130034892027,0.0
TCCGTTTAGCCTTGAA-1,CAFs,0.0489982789380367,0.045409364659611866,0.0023118439336739264,0.0
CAGCTCGACAAGTTAA-1,CAFs,0.05494939992138495,0.052980542294203,0.0018584714133219045,0.0
GCCTATAGTGTCAGGG-1,CAFs,0.05016627517846261,0.045018492952458224,0.004570552069800907,0.0
ATAGACAACGGGACCT-1,CAFs,0.05849787085314907,0.055394871631046984,0.0027767568236888667,0.0
CTACTATCTTTCAGAG-1,CAFs,0.09135774765952873,0.08214992272464948,0.0070929095976889015,0.0
GCGCTGCTTTGCATTT-1,CAFs,0.07511209277435835,0.06975408255391613,0.0022544527835209162,0.0
GCGCATCCAGTCAGCA-1,CAFs,0.06449909718342725,0.062059922898297835,0.0033116063188564776,0.0
GACTCGCGGGAATGAC-1,CAFs,0.039205906879483915,0.03768347060214941,0.001989458338933058,0.0
TGCAAGAATGACGTAA-1,CAFs,0.11257920433181876,0.10952502471878753,0.004071252524455182,0.0
GCGAAGCCATACCCGT-1,CAFs,0.045901675404575154,0.044924836987138,0.0020251627750334125,0.0
TCCTTTCTTACGCTTA-1,CAFs,0.09035431429015724,0.08776198454644862,0.004969021689875047,0.0
GCTGCTCTCCGGACAC-1,CAFs,0.022731992808125566,0.021171934110806666,0.0011673491311128415,0.0
ACTGTCTTCTTTAGAA-1,CAFs,0.053094482992964924,0.04904512472030266,0.002865184196505885,0.0
TCAAACTTAGATTGTT-1,CAFs,0.08237105152333318,0.07680057914375968,0.003973911804177619,0.0
CTATGTCACTAGCCCA-1,CAFs,0.25040607783990404,0.2417212998395341,0.005172518149369437,0.9999999999999999
TGCGCAAAGCATTTGG-1,CAFs,0.4024683886789002,0.38386094700762674,0.009918720260560827,0.9999999999999999
TTAATGTAGACCAGGT-1,CAFs,0.3000455553906149,0.2766376381673389,0.01230913212539366,0.9999999999999999
GGCGGTAGGATCATTG-1,CAFs,0.2887152721070174,0.2677931414524812,0.011045882021751309,0.9999999999999999
GGCAATAGTCAATGAG-1,CAFs,0.03500740112742898,0.03334343306523323,0.0036559735094837936,0.0
ACACGAGACTCCTTCT-1,CAFs,0.1294463597459397,0.12386538477927467,0.005985931004111187,0.0
GACACAAGGGAAGAAA-1,CAFs,0.15917937273410473,0.15252322803469978,0.00686933830784774,0.0
TCAGCAAATGCATCTC-1,CAFs,0.162038596166277,0.15411401344955902,0.006991453415433293,0.0
GAGATCTGTCACTCCG-1,CAFs,0.08707215517689419,0.0826640794799607,0.0053409560406674165,0.0
ATGCCGGTCTTGCATA-1,CAFs,0.14187710496484518,0.12988936525096087,0.009486959240301998,0.0
TTGGGCGGCGGTTGCC-1,CAFs,0.1123603420928908,0.10730039164132829,0.006225848020928815,0.0
TTGTTGTGTGTCAAGA-1,CAFs,0.06367951848238905,0.0576917870021759,0.0036089758315226753,0.0
ACTGTACGATACACAT-1,CAFs,0.05313787517289945,0.05467270151354488,0.0036329312617769094,0.0
TCCACTTTATCTAGGT-1,CAFs,0.017501016145053547,0.01634972368474615,0.0020119766926116516,0.0
GGTCTGAGAATCTGGA-1,CAFs,0.18819574740583056,0.1787680462406724,0.01258591498249728,0.6
TAGAAAGGTGGCGCTA-1,CAFs,0.22789039163798322,0.21290393543135364,0.006949497357273208,0.9999999999999999
TATGTCTCATTGTGCC-1,CAFs,0.10604230307026051,0.10325738710671675,0.0064232601248878415,0.0
GGATTTCACTTCTATA-1,CAFs,0.13740767830863135,0.13563577384141792,0.006838916120081804,0.0
TGAGTGGTCCGTGACG-1,CAFs,0.10435566393030818,0.0964199022266185,0.004919495837527923,0.0
CGCTTTCTTGCATTCG-1,CAFs,0.25323091872523973,0.24632355522202182,0.006808734387526848,0.9999999999999999
ACCCAACGCCCGTGGC-1,CAFs,0.040059395531336445,0.037506118427050344,0.003114321254840662,0.0
GAACGTCTCATGGTCG-1,CAFs,0.09632488815765354,0.09129463982546475,0.005578559391323438,0.0
AGGGTTCCCTTTGGTT-1,CAFs,0.03781504712741666,0.036098926237635734,0.004025211773642797,0.0
GTAGCTTCCTCTTGTT-1,CAFs,0.09378820731973866,0.08771022058831886,0.004264263935798392,0.0
GCATGAGGGACGCGGC-1,CAFs,0.04328655722394364,0.04215884226942385,0.003708940991033026,0.0
CTACCCTAAGGTCATA-1,CAFs,0.09826909127339503,0.09198972749597664,0.005431595169252346,0.0
TCACCGCTCGGCACTC-1,CAFs,0.08616015839570176,0.0838514744752394,0.0056005985819329905,0.0
GGCTCGCGTTGAGGTA-1,CAFs,0.05913803824976371,0.059898914854287465,0.0026818073237584996,0.0
CTAACGAAACTTGCTG-1,CAFs,0.09565203786640493,0.09022685591667552,0.0037129558643051595,0.0
CTCTGGACGCCTGGTG-1,CAFs,0.06544751792150011,0.06145069367687876,0.004150044646953156,0.0
AGGGTTTAGTTCGGGA-1,CAFs,0.09877773343993666,0.09219536728431234,0.003933392604269178,0.0
GGGAGAACTCACAGTA-1,CAFs,0.05302840010249212,0.051374782550332454,0.004576747186760549,0.0
ATCAATCTGGGCTGCA-1,CAFs,0.12200298656484879,0.1141454845611519,0.004199935058314929,0.0
TCTTCGATACCAATAA-1,CAFs,0.14658754885763775,0.14083956985612917,0.004563063135411152,0.0
ACGTAGATTGCTGATG-1,CAFs,0.17033206761240943,0.1634602522080568,0.007682563821517106,0.0
TCTTGATGCGTAGCGA-1,CAFs,0.19779198418089047,0.18829523824194552,0.005795564139875555,0.8999999999999999
GGGCTGCCTAGGGCGA-1,CAFs,0.28376287539357536,0.2635814438014045,0.010400993658477466,0.9999999999999999
CTCTCACAATCGATGA-1,CAFs,0.3230947663673928,0.3102879335373664,0.009859756581327053,0.9999999999999999
CCAAGCGTAACTCGTA-1,CAFs,0.26787492090746035,0.24837310911597954,0.013146382420272607,0.9999999999999999
ACAACAGCATGAGCTA-1,CAFs,0.08714623114132641,0.08157952275612748,0.004854700938806973,0.0
GTCCCAACGTAAAGTA-1,CAFs,0.20679214571779878,0.20243259979739828,0.007791327205224566,0.9999999999999999
TCGGAGTACATGAGTA-1,CAFs,0.15422031105082526,0.14101658022209027,0.007050775180766466,0.0
GGGAGTTAATGAGGCG-1,CAFs,0.05123560030879522,0.04474151688190488,0.0023471755155654527,0.0
CCGGGCGGTCTCGTCA-1,CAFs,0.03987360273482897,0.04018938411256222,0.00501239273237414,0.0
CCGTAAGTTGGTCCCA-1,CAFs,0.02980050658811522,0.029230230999573677,0.0023719651410930216,0.0
GGAGGGCTTGGTTGGC-1,CAFs,0.05838200741466617,0.056359354352262823,0.002812673435504038,0.0
TCGGACGCCCAGCCCA-1,CAFs,0.0570158733428315,0.05630693708522533,0.0053378006401463805,0.0
TCTGTGCCATCATAGT-1,CAFs,0.12047479595430129,0.12093002695851782,0.005902063896816575,0.0
GTACTGGAGTTAGACC-1,CAFs,0.07828519438848368,0.07821753580187835,0.002619655351944319,0.0
GGAATGCGCTAGCGTG-1,CAFs,0.08969780573197321,0.08614039540111475,0.00510106311044296,0.0
GTGTGAATAACTTAGG-1,CAFs,0.06544392256350594,0.05940510863098204,0.0040421011704274866,0.0
GGTCGGCCAGGAGCTT-1,CAFs,0.3259269702094635,0.31589625311127184,0.012372211000079085,0.9999999999999999
TAGCCGGCGGTCAGCG-1,CAFs,0.19622060791092732,0.1887250643076384,0.007479133913952227,0.9999999999999999
CGGGTGTACCCATTTA-1,CAFs,0.34784691123288564,0.33512041059364256,0.008065999066728143,0.9999999999999999
AGTGATTCAAGCAGGA-1,CAFs,0.09770359541558543,0.09440037221438079,0.0030132312905086266,0.0
GTTGGATTGAGAACAC-1,CAFs,0.11120599875507908,0.10699206918859805,0.0032393079725106526,0.0
CACACGCGCTGTCTTA-1,CAFs,0.09016240556160827,0.08567360092310426,0.00429589074783051,0.0
TAGACGCCCGTACCGG-1,CAFs,0.11109748459535176,0.10345962884022512,0.006469473150443749,0.0
GGTTTCAATCGGTCAG-1,CAFs,0.12241374138362458,0.11961069651920511,0.005651036563537806,0.0
AATCTGCGTTGGGACG-1,CAFs,0.0862470761487769,0.0806979355590999,0.006989072465153535,0.0
CGGCAGGGTCGGGTTG-1,CAFs,0.0782317926325116,0.0809502041378414,0.004219010375725649,0.0
CTAGCATAGTATAATG-1,CAFs,0.05293401587454003,0.050804842281045016,0.0034618479529094047,0.0
GAATTATAGTGAAAGG-1,CAFs,0.11155321888690509,0.10572646540491212,0.003576638882632679,0.0
CTATCGGGTCTCAACA-1,CAFs,0.04424684540045442,0.04061799652626052,0.002756284222390663,0.0
GCGCTAATTGAATAGA-1,CAFs,0.13097182901439516,0.12392481400861768,0.006794357975498061,0.0
ATGCGACAGTCCCATT-1,CAFs,0.03867397084486409,0.03661677082463461,0.0024014695821721155,0.0
GGTAGTGCTCGCACCA-1,CAFs,0.12657489812310407,0.12421357419305615,0.004188166351070941,0.0
AAGCTCGTGCCAAGTC-1,CAFs,0.092217422318107,0.08554547300212542,0.0051435768080199595,0.0
TATTCAATTCTAATCC-1,CAFs,0.18237417202366732,0.17937971664413357,0.010580623156225443,0.30000000000000004
TTCAAAGTCTCTAGCC-1,CAFs,0.07074409375407004,0.06572896247590967,0.004370456406974563,0.0
TTGAATATGGACTTTC-1,CAFs,0.08246975137143393,0.08324980209943508,0.006738378930580148,0.0
AAGAGCTCTTTATCGG-1,CAFs,0.23990140802396503,0.2250096035272568,0.011900393709963767,0.9999999999999999
TTACTCCGGCCGGGAA-1,CAFs,0.017106124765166212,0.018134225094357668,0.001828714737846795,0.0
AAACGAGACGGTTGAT-1,CAFs,0.2833771693567889,0.26496237036612474,0.014692895863181963,0.9999999999999999
GCTAAGTAGTTTCTCT-1,CAFs,0.06812234941522423,0.06662254316784634,0.005044437978598626,0.0
ATAACGCCGGAGGGTC-1,CAFs,0.19709560130783432,0.19205684286754632,0.010972005528714307,0.8999999999999999
GGATCCGGAATATACT-1,CAFs,0.07831084835405533,0.0714991285341299,0.005165995832977517,0.0
TGAAAGGACCTGACTC-1,CAFs,0.13059076304578515,0.12076224767671109,0.007282851169675086,0.0
TCCGCGGCAGCATCTG-1,CAFs,0.06452570324670405,0.06467435597710283,0.004310700456465521,0.0
TGCATATGTCTGTCAC-1,CAFs,0.11115227586987932,0.10485782437540765,0.007117276199369071,0.0
TGTAGGAGAAATTTCC-1,CAFs,0.14717260747469624,0.1373332816040362,0.006244651582260984,0.0
AGTGAGACTTCCAGTA-1,CAFs,0.1422097479393659,0.1290975472682477,0.004933920814808543,0.0
CCCAAACATGCTGCTC-1,CAFs,0.07439717539894868,0.07024689096135435,0.0031974315440796547,0.0
GCTTATGAAGCAGGAA-1,CAFs,0.04249365663302584,0.04009774088324501,0.002716093512295254,0.0
TTCTAACCGAAGCTTA-1,CAFs,0.1549818449069541,0.14085576192622848,0.005579197145853231,0.0
GGATGTCCTTACCGCA-1,CAFs,0.015817442370414464,0.015557878144549467,0.0011171413344263775,0.0
AGGGTGCTCTCGAGGG-1,CAFs,0.07607391472121537,0.07160481049645954,0.0040337747399205,0.0
TTCGGGACTAATCGCG-1,CAFs,0.02769592854413376,0.026723781840695487,0.0018914188430160543,0.0
CCGCACAAAGACCAAC-1,CAFs,0.0974263987970844,0.09231431044287211,0.0032772420163817667,0.0
GCGATTGTTAACGTTA-1,CAFs,0.20217000590375933,0.18485583261437177,0.008127277839806237,0.6
ACTCGTCAGTAATCCC-1,CAFs,0.1534159550559059,0.13798154926964487,0.005481676881613175,0.0
GGTGATAAGGAGCAGT-1,CAFs,0.10925370580693708,0.10386904898622729,0.004010024770574836,0.0
AAGAGGCATGGATCGC-1,CAFs,0.16727735867072058,0.1542790131869558,0.005542720124289892,0.0
CACGTTCGTGCTCTAG-1,CAFs,0.11942780101092146,0.1177463940058284,0.008424750300997872,0.0
CTATTTGGTTACGGAT-1,CAFs,0.10339526912749515,0.10194316807082535,0.006023091475648882,0.0
GTACAGAGGCAAGGGT-1,CAFs,0.1969316875547898,0.185044631949282,0.006177417123901857,0.7
GGGCCGGCCGAAGTAC-1,CAFs,0.17333332804515048,0.16617095395822226,0.012109909801453447,0.0
CCTGAACGATATATTC-1,CAFs,0.22048981263874373,0.21288318923813038,0.01021297481894168,0.9999999999999999
CCGGGCTGCTCCATAC-1,CAFs,0.09585088809934794,0.09495994294540461,0.0049646036379813125,0.0
TACTTGTTAGTAGTCC-1,CAFs,0.2606018223813887,0.24818787086161992,0.010072802496016664,0.9999999999999999
CCTAGGCGTAGCGATC-1,CAFs,0.035961099431248096,0.03540467876823083,0.0018385684629028856,0.0
CTGGCGCACAGGTCTG-1,CAFs,0.105356573788569,0.1008145650387646,0.005603689915801162,0.0
ACTTATACTTACCCGG-1,CAFs,0.017023006328498184,0.015885903920848328,0.0008512990699016205,0.0
GAAGTCTCCCTAGCGA-1,CAFs,0.018731119698526276,0.017095419109547216,0.00126269417228949,0.0
ATCATCCAATATTTGT-1,CAFs,0.12088518002691746,0.11136541628426502,0.005680239201127758,0.0
TGGCAGCAGTAATAGT-1,CAFs,0.20731955301420577,0.19924912032656544,0.00805547393954964,0.9999999999999999
CTTGTTGCTGAGTCAA-1,CAFs,0.15012890186462244,0.14384573113292687,0.005430470481566848,0.0
TTATGATCTTAACGAA-1,CAFs,0.11456597793726118,0.11210764534477727,0.007531991577347067,0.0
CGCCGCCCATGCCTGT-1,CAFs,0.05181252919739316,0.04949040664057108,0.002911466023635708,0.0
CTGGGATAAATAATGG-1,CAFs,0.17742186947841848,0.16546538677038064,0.006194219004327558,0.0
GTGCCCGTTCGGATTC-1,CAFs,0.21431891838040526,0.2026609412637963,0.007176758651130878,0.9999999999999999
TTCAATACTCTGAATC-1,CAFs,0.2575977526839014,0.23787106686700263,0.011596845078402565,0.9999999999999999
CGCACATGTCCACTAC-1,CAFs,0.23737841015045458,0.2265772608309676,0.01037568371069835,0.9999999999999999
GATAACTCGCACTGTG-1,CAFs,0.2288565771647494,0.2106852017154964,0.006119781097276128,0.9999999999999999
AGTCGACGGTCTCAAG-1,CAFs,0.06763670435709042,0.06297093699604865,0.0020219412401528635,0.0
GTGACCGCACACTACG-1,CAFs,0.10793390802963089,0.10208159368486988,0.005639008722282585,0.0
GTATGTGGGTCTAGTT-1,CAFs,0.013184686966039968,0.012354174851079761,0.0014775753984714618,0.0
CTTGAGTTAGGGTAAT-1,CAFs,0.06869739750808776,0.06720083662779716,0.007214743425133389,0.0
CGGGCCTTCTTTGTAA-1,CAFs,0.07606453131767515,0.06980599862017603,0.002604595959502275,0.0
CGTGAAGTTAATTCAC-1,CAFs,0.258943905364751,0.24270676560355903,0.015003979010675092,0.9999999999999999
ATAGTGAAGCGTTCTC-1,CAFs,0.1394361897893443,0.13104994863177027,0.007634867413561687,0.0
TACGCCATATTCTAAT-1,CAFs,0.24760691827109937,0.24274374659905934,0.008827128884741367,0.9999999999999999
GCCGGGTTAGGGTCGC-1,CAFs,0.17052952184003936,0.15853593104504748,0.016777056968261875,0.0
TACATAGGCATACACC-1,CAFs,0.33171298062214843,0.3204655967447526,0.010550214229442448,0.9999999999999999
GCCGATTGGCCAAGCT-1,CAFs,0.20912526574210372,0.1986492277122402,0.007944425530545971,0.9999999999999999
CTGCCATGCATCACAT-1,CAFs,0.10776771033290712,0.1026360115510698,0.0040951080082991895,0.0
ATTTGTCTTGGGAGCT-1,CAFs,0.04668426603052548,0.04648250223126052,0.004061381241548963,0.0
CCTCGGACCGGGATAG-1,CAFs,0.10976755798656572,0.10174840704436224,0.004515771188081755,0.0
TAGGTGCTCGCCTAGC-1,CAFs,0.09554489765631899,0.08937720370310946,0.004742120226725814,0.0
CTTTAGGAACACTGTT-1,CAFs,0.1607878137452829,0.14941510229900148,0.00949502970059821,0.0
TCGGGCCGTCGTGGTA-1,CAFs,0.2140753735347342,0.19872404537108504,0.006942574985054128,0.9999999999999999
AGTGCTTGCACGAATA-1,CAFs,0.1915656205967594,0.17473653281319956,0.006289758421637279,0.1
TGCAGTTTCCTCCCAT-1,CAFs,0.2536692260393831,0.2396293413623083,0.008349035342388457,0.9999999999999999
GTTACTTTGGGCCTAG-1,CAFs,0.014625022360998614,0.014472003352856297,0.0013529117528493701,0.0
GAAATTGTCTCTATAA-1,CAFs,0.026896329357454726,0.024079169930071052,0.0011666564154434685,0.0
GGCGCATGAATTGATG-1,CAFs,0.027408337815783057,0.025932044655903236,0.0017620847094147432,0.0
CATATAGGTACAGTCA-1,CAFs,0.04285188373439544,0.03614571775050832,0.002147401671498334,0.0
TCAACGAGGAGACAAA-1,CAFs,0.10043580630806319,0.09430895011893341,0.003918762680999878,0.0
TTGCACAATTCAGAAA-1,CAFs,0.3907781463255127,0.36283164008029234,0.010802493190092102,0.9999999999999999
CATCGGACGGGTTAAT-1,CAFs,0.2262656312070619,0.2016808270830477,0.01667998512305664,0.9999999999999999
ATTAAACATGCGGACC-1,CAFs,0.11942543573365291,0.1122549757339512,0.006735019380850675,0.0
TATCTACCACAGCGGG-1,CAFs,0.12320820372269367,0.11798410118927283,0.005751715446283943,0.0
CGAGACCCTAGAGTGT-1,CAFs,0.14475582621824068,0.13651449677947908,0.005146670953826678,0.0
GATACGATGGGAGTCA-1,CAFs,0.02994356763479569,0.028007000148716266,0.0016622776728087295,0.0
ATCCTGCGTGGAATGG-1,CAFs,0.027613695401394356,0.02543053871205255,0.0015756837246182892,0.0
ATCCTACCTAAGCTCT-1,CAFs,0.18351008643520833,0.16888125947352445,0.004955732407452033,0.0
AGTGATATGAGTAGTT-1,CAFs,0.03071015166465121,0.0287932896200614,0.0014140694541189356,0.0
ATGATGCAATGGTACA-1,CAFs,0.032861578961559154,0.03139493049784314,0.0021175444886314732,0.0
GAAACCGAATTACCTT-1,CAFs,0.025989134951557216,0.02301197796140516,0.002406595239183591,0.0
AGTGACCTACTTTACG-1,CAFs,0.01900649936560087,0.01764209808164447,0.0012946384200483185,0.0
CAAATGTCCTTCCGTG-1,CAFs,0.0893287424733537,0.08245059552660552,0.0050206908052284815,0.0
TTACTGGGATATTTCA-1,CAFs,0.09272862925621105,0.08706458035196817,0.003978372241811459,0.0
CTTGCCCAGGCTCTAC-1,CAFs,0.2123805719512253,0.20055195029148593,0.007878895178473873,0.9999999999999999
AAATCGTGTACCACAA-1,CAFs,0.3571022399284899,0.3317344111459497,0.016401469333530563,0.9999999999999999
GTGATCATAGATCTGC-1,CAFs,0.22780089967140063,0.21493985821531864,0.008995132398125874,0.9999999999999999
TGGCAGATTACGATCA-1,CAFs,0.16115824856635125,0.1478261573815854,0.010036426261269066,0.0
TCACCCTCTTAAGATT-1,CAFs,0.09504771752666566,0.08876142258170383,0.005923083560019906,0.0
CAGGATATATCGTTGT-1,CAFs,0.2280666290582919,0.22081943961592074,0.00969065540317008,0.9999999999999999
TTCTTGAGCCGCGCTA-1,CAFs,0.01829876948325204,0.015698169915806647,0.0011436333913301664,0.0
GGGATGGTCGTAACCG-1,CAFs,0.07547476257265988,0.07129933789410094,0.004513951745621275,0.0
GTCTGGGCGGTCGAGA-1,CAFs,0.1254767810428497,0.11652073322631148,0.004967799799796807,0.0
CGGAACGTAAACATAG-1,CAFs,0.12612626537767718,0.1216596198824057,0.007355030748602292,0.0
TGCGACACCCTAGTGC-1,CAFs,0.04240587422582612,0.04119943480703757,0.0014342951733464133,0.0
CAAACGAGTATCGCAG-1,CAFs,0.061152800493853535,0.05781992346885716,0.003414534547829926,0.0
GCGGTTCCCTATCATG-1,CAFs,0.016964363898750282,0.015689091648805595,0.0010905806916822107,0.0
GTGACTTCAGTAGTGC-1,CAFs,0.024365993233724032,0.02396488961667347,0.0017249245968881226,0.0
CGTCACGTCCATTGGT-1,CAFs,0.05605845828219043,0.049501959417306306,0.0030273375457534396,0.0
ATAAGTTACCGCGACG-1,CAFs,0.12970029289645693,0.1196970545280485,0.0048949484501493445,0.0
CTGAATCCGAGACCTC-1,CAFs,0.1700658632723627,0.15621581327626277,0.00847855724389342,0.0
TACGACGCTTGCTGCG-1,CAFs,0.1141352677224479,0.10462214130101537,0.005010220687517882,0.0
GAATTCACCCGGGTGT-1,CAFs,0.17024581883156958,0.1575294889075364,0.008894382928383762,0.0
GGGTGACACCTTAACT-1,CAFs,0.2706457398261851,0.24963266415151528,0.011177524632950114,0.9999999999999999
TGAGTAAATTAGCGTA-1,CAFs,0.10110477440147443,0.09740879827413351,0.0029167271379240585,0.0
GAGTCCGCTTACCGGA-1,CAFs,0.14306078954321058,0.13308371239112493,0.010457590823679324,0.0
ATTCATATACTGTCCA-1,CAFs,0.0793896932454239,0.07432006261491152,0.010063105076000577,0.0
TCAACGCAGGAAATAA-1,CAFs,0.031243915411270865,0.029481192754297263,0.0022548836447352683,0.0
ATCAAACGAAGGTTTG-1,CAFs,0.05666510266136613,0.05476230075992835,0.003909339139137818,0.0
CTGCTGAGGCCACGAA-1,CAFs,0.08076401091130764,0.07696470327505675,0.0043607957028429616,0.0
CCGTGTTAAATTCCAT-1,CAFs,0.015563237040072148,0.014319713432114694,0.001041156759266361,0.0
CACGTCGGCAACCTCT-1,CAFs,0.02783259249352989,0.026251632427298017,0.002232604194931582,0.0
GTATTCTGAGAAACGA-1,CAFs,0.051187640731194736,0.04795065241380767,0.0028070992651749766,0.0
CGGTGCGCGTTGGTCC-1,CAFs,0.02055262315687127,0.018781637807074203,0.0014410362823176924,0.0
GTGATTCGCCGCTCAA-1,CAFs,0.016376984774281757,0.015219649540881985,0.0015020440256987573,0.0
GCCCGCGCGTAAACGG-1,CAFs,0.057829524504826924,0.052991859246110176,0.0035747115491390493,0.0
AACGTACTGTGGGTAC-1,CAFs,0.029473742128933264,0.028834211942277983,0.002517652128120332,0.0
GAGTATGCCCGCCTTG-1,CAFs,0.11175267173916055,0.11157678533166682,0.007526514254847027,0.0
TGATTCTGTCGCCGGT-1,CAFs,0.1254247024196649,0.11781270084030462,0.00723098087729029,0.0
GGGCGGCAAATGAATT-1,CAFs,0.04693488623553868,0.046069163530195786,0.003470408223182221,0.0
TTCCAATCTGGCTATC-1,CAFs,0.043135486745898656,0.039426615294239895,0.0027522761965215093,0.0
GGAACCGTGTAAATTG-1,CAFs,0.042932785352376095,0.04099586991463784,0.004211075037186706,0.0
TTGGTCACACTCGTAA-1,CAFs,0.021542415066061932,0.018392858908047743,0.0013786043292103858,0.0
CGAACCCGCATGCGTC-1,CAFs,0.05138671555062115,0.047217025633015344,0.00296626513140808,0.0
GGGCGTCACCACGTAA-1,CAFs,0.013642371316178552,0.013600959592716552,0.0016586683600966533,0.0
TACCAGAAGTAGGTTC-1,CAFs,0.14447606869038057,0.1362090925091884,0.005969332459723754,0.0
TTGGATATCGTCTACG-1,CAFs,0.19823703077968888,0.18310766465950484,0.007725199481787587,0.7
TAGATATGGACTGGAA-1,CAFs,0.08265068098673385,0.0770770622022009,0.005991251237156954,0.0
GCGACGATAGTTGTAC-1,CAFs,0.19640126936388294,0.1836316566558366,0.012951530892484747,0.6
CTGGATTTACACTTGA-1,CAFs,0.21023740246248623,0.19860282026399445,0.006904734366034825,0.9999999999999999
GTTATATTATCTCCCT-1,CAFs,0.18612610624931133,0.17613381175519885,0.008491275329492792,0.1
TATTCCACTCAGCTCG-1,CAFs,0.08953812583860367,0.08403457174432791,0.003966924360523953,0.0
TTGGAAGAATACAGTC-1,CAFs,0.004487888232906308,0.006046720743946399,0.0004808810633192705,0.0
AGTTAAGTCAACCGCT-1,CAFs,0.011004525613848928,0.01107021889154387,0.0009428050559598809,0.0
AAAGTAGCATTGCTCA-1,CAFs,0.01837687572024826,0.01769697929532072,0.0018073516931641834,0.0
TTGTGGTAGGAGGGAT-1,CAFs,0.012682486603964916,0.011392537589016656,0.0008638620178023238,0.0
AGTCGTGGGCATTACG-1,CAFs,0.007393011926784024,0.007535232140227927,0.0015941855931431946,0.0
ACCTAAGTACCTTTCA-1,CAFs,0.03290007028708367,0.030798292470090506,0.001554384130630103,0.0
GTAGAGGGAGACAAGT-1,CAFs,0.010688593968045432,0.010196206170251213,0.000911075131487712,0.0
GATCCTCGACACTGGC-1,CAFs,0.01867509903285995,0.019208188125062284,0.0018838288142348548,0.0
CCTACATTCACAGACG-1,CAFs,0.011669431404006883,0.011291327505528963,0.0008008390019275138,0.0
TTGACCGTGTTAATGA-1,CAFs,0.042557887567524294,0.04046551428797426,0.0021182305149847983,0.0
TCTGTTACCCAGCATA-1,CAFs,0.018507362498024142,0.015872932232555703,0.002267099747699689,0.0
CTAACTGGTCCGGTTC-1,CAFs,0.07750906975821346,0.07182722682898077,0.0034889301669184377,0.0
AGCGACAGGAACGGTC-1,CAFs,0.019061131551452528,0.017625652905098068,0.001371441877117708,0.0
TAATAGAACAGAGTTA-1,CAFs,0.11730686502175698,0.11433412597016905,0.004699063782066836,0.0
ACAGGTGGAGGTGAGG-1,CAFs,0.08943867609894078,0.08373289506727814,0.00462516699258958,0.0
TGCGAGAATATTACCC-1,CAFs,0.030784873985612592,0.02844273075725342,0.0029849118714528316,0.0
TTGCGTCGGCCAACCG-1,CAFs,0.1601792394292354,0.14560923332668183,0.0055913877542750805,0.0
AGGCTTCCCGAAGAAG-1,CAFs,0.09260446591053453,0.08632540121032792,0.0057378257538261675,0.0
GCGGACCGCGTTGTGG-1,CAFs,0.04162904139733165,0.03681694484775141,0.001707458152495557,0.0
GTAATCTGATTCTTCG-1,CAFs,0.050028762761980615,0.046332265550096355,0.004189218812842229,0.0
CCGCGGAATGCGTCAC-1,CAFs,0.016558505092254917,0.015667049186616985,0.0012916662539164466,0.0
TTCCACACAGATTTGA-1,CAFs,0.0342680641813369,0.033004397857453856,0.001850137113968557,0.0
CTTCTATTAATGCTAG-1,CAFs,0.02085591111430608,0.019970820952333216,0.001357062079091366,0.0
CATTTGAGTGGTACGT-1,CAFs,0.05155346703079165,0.04877481697722914,0.0028357923917778846,0.0
TCACAGCAAACTCGAA-1,CAFs,0.06198797864644106,0.058493440099452766,0.0031764137088161675,0.0
CAGACGAACCTGATAC-1,CAFs,0.10635074363516381,0.10249581732096254,0.003812394083273938,0.0
TCCGGTTCGTCCGGTC-1,CAFs,0.11247915641853196,0.107503824551857,0.0074215422166852224,0.0
CGCGCATGTTTGATTG-1,CAFs,0.21700750301286031,0.2048652636103813,0.00979512948808974,0.9999999999999999
TGGCGATCAAGTTATG-1,CAFs,0.03689805720293548,0.034752006176336156,0.0017684535412802811,0.0
CCCTTTGACAGGTCTT-1,CAFs,0.06482137353467816,0.06170494092324165,0.0036970887060660458,0.0
TTGGTTGCGGTGCGCG-1,CAFs,0.008055256921602876,0.007222494053080365,0.0007962385617595128,0.0
ACAGAACTGAGAACAA-1,CAFs,0.00660897871187118,0.005936775768096804,0.0007481789074398393,0.0
CTACTATCATAGGTTT-1,CAFs,0.018254528717648794,0.017244072627272112,0.0012585721474043469,0.0
CCTCTATCGATTAGCA-1,CAFs,0.011101376433871097,0.01080567468592699,0.001488825583950641,0.0
CCGTATCTCGTCGTAG-1,CAFs,0.047221116585917065,0.04509304387499621,0.0024501309573338997,0.0
TCACGATGTCCGTGGA-1,CAFs,0.012189120001475174,0.011527656238360051,0.0008596290899077965,0.0
TCAACAAAGATAATTC-1,CAFs,0.013604804225866043,0.012885884537899813,0.0009427134274565468,0.0
ATGACGCGTTCTATCC-1,CAFs,0.01283841313963392,0.013540952319553337,0.0017808538336631648,0.0
ATTTGCGCGAGTAGCT-1,CAFs,0.015743948131532282,0.013484176665086866,0.0013133106485391426,0.0
TTCTTGGACGATCTGC-1,CAFs,0.016481502671716566,0.015193638509526899,0.0014580952308872208,0.0
AGACGACGATGCCGCT-1,CAFs,0.009255076906783047,0.008995944399309707,0.0008150150019131891,0.0
GGTCTCTGAATGGACT-1,CAFs,0.01204916793359773,0.012453929518856599,0.0009124280369120114,0.0
GCTCAATCCGTTTATT-1,CAFs,0.018370251554147298,0.016817730366760316,0.0013761030888066877,0.0
CCAGAAAGCAACTCAT-1,CAFs,0.016299404159391802,0.014792464572280176,0.0010449645556603459,0.0
CACCGTTAGGGATCAC-1,CAFs,0.008521484259775274,0.009659798740657338,0.00209229096950938,0.0
AATAACACTAGAACAA-1,CAFs,0.018703231442151323,0.016437210453632823,0.0013419740422772422,0.0
CACCCGGTTTGTGACT-1,CAFs,0.011898771737564874,0.011181213652290656,0.0008112741336952511,0.0
CCACCAACTTTACTGT-1,CAFs,0.005700427261488083,0.005940238175155144,0.0010692824204076728,0.0
AACTCTCAGTGTGCTC-1,CAFs,0.013831013907053269,0.014139594241820829,0.0009026371166678223,0.0
AAACCGTTCGTCCAGG-1,CAFs,0.024512070877351858,0.022108782185171046,0.001422734845802823,0.0
CAGCGATTCCCTTCAA-1,CAFs,0.022904451670492144,0.02187249089580431,0.0014314133244538573,0.0
GCTAGCTTGAATAGCT-1,CAFs,0.03886008308093666,0.035414136251686476,0.0025727782417718755,0.0
TTGCGGCATCAGAAAG-1,CAFs,0.033500031967504604,0.03161475994497574,0.00224501486943789,0.0
AATAGAACAGAGTGGC-1,CAFs,0.012020606222542717,0.0121042549099727,0.0007586570629659047,0.0
GCCATCGAGCTGCGTG-1,CAFs,0.016304764227186342,0.01554099911432634,0.0012574576727785289,0.0
ACACTGATCAAGGTGT-1,CAFs,0.007411953652295377,0.007523035818619706,0.0010835867971452212,0.0
ACCAACGCTTATTTAT-1,CAFs,0.021837161830245064,0.019812862844813962,0.002236479950574621,0.0
GACATCGATTTATAAC-1,CAFs,0.027428168557680866,0.0252531427422977,0.0017110966937707252,0.0
CAGACACCGATCGCTG-1,CAFs,0.05830090456955505,0.05483675684468563,0.003342346963243974,0.0
GGTAGACCGTTGGGCG-1,CAFs,0.1334807078626865,0.12507812434857932,0.007525128174911525,0.0
GAGGCCCGACTCCGCA-1,CAFs,0.0011868475786291335,0.0018124107806575663,0.001582820559771928,0.0
TTGCCATAGCCCGCTC-1,CAFs,0.01659388554723102,0.01520487318278923,0.0015291588295093328,0.0
TAACATACACGCGATC-1,CAFs,0.011843737792590797,0.011304194304845123,0.001190222493158937,0.0
CCGACGGGCATGAGGT-1,CAFs,0.010914610631721364,0.010121555869822432,0.0012531549847654877,0.0
AATGTGCCCGAGGTGT-1,CAFs,0.01930378198766271,0.017547178291513203,0.0012597385530018256,0.0
AGCTGTAACCTCAATC-1,CAFs,0.009987453195371213,0.009215856150115474,0.0012788071618722193,0.0
CGAGTGAAGGTACCAG-1,CAFs,0.01594408463731454,0.015069464966435627,0.000920692474342902,0.0
AGTCTCACAAGACTAC-1,CAFs,0.015272915449860442,0.016309588553536442,0.0010731936908728397,0.0
AAATTGATAGTCCTTT-1,CAFs,0.01287869390308292,0.012132990997918244,0.001204640341526333,0.0
TAAGTCGCCGAGTATC-1,CAFs,0.016252414807373005,0.015350467743672455,0.0008818014485980613,0.0
GCGGAGAAACTTCGCA-1,CAFs,0.011234148959920746,0.01062871343651799,0.0013435322412989456,0.0
GGCAAAGGCGCCAATA-1,CAFs,0.017562624704288373,0.014577711720758732,0.0018580644722992561,0.0
ATTTCCGGGTTCTGCG-1,CAFs,0.00856267841860048,0.008568787679870371,0.0012892956334546771,0.0
TAAACCCAGGAGGGCA-1,CAFs,0.009306053295583625,0.008808350132241807,0.0011628414158379049,0.0
TTCGGGCGCTAGTCTT-1,CAFs,0.012388222319261776,0.011153778952710646,0.0009806108937037855,0.0
GTGGAGTCGGCGGTTG-1,CAFs,0.006115712706838969,0.005887828877359764,0.0006363456677460588,0.0
GCACGCCTACTTAGAT-1,CAFs,0.01294089338650337,0.011319688504127545,0.0009480418135982943,0.0
CAATATTCTTGACCTA-1,CAFs,0.007614006918559488,0.007395634656957355,0.0005628062902208874,0.0
CGTTTGTGTAGAGGGT-1,CAFs,0.010058468254592756,0.010792216685609111,0.0017025102561720883,0.0
CATAGCGTTGCCCACC-1,CAFs,0.011137131978400992,0.010367373523704341,0.0012257856403908118,0.0
TGATACATTTAGCCGT-1,CAFs,0.025454477218295617,0.02581747236805431,0.001350522742531184,0.0
TTCCGGCCTTGAGGCT-1,CAFs,0.03310171099815968,0.03148592638523736,0.00278477498014183,0.0
CCTATACCGTCCTGTC-1,CAFs,0.028960838946153353,0.027674971726418925,0.0021715972931533097,0.0
TCGTTGCTATCCGGTC-1,CAFs,0.015326660583627161,0.015422787471423333,0.0013871238065385212,0.0
TGGCGACTGCTCCAAA-1,CAFs,0.03102571289359096,0.027175416953307753,0.0014633630201127297,0.0
CAGAGGCGATGCATGA-1,CAFs,0.033570140277751986,0.03149203484062656,0.0016851613712385376,0.0
TCACAGGAGAATAAGA-1,CAFs,0.06889651851732172,0.06286804835118714,0.0031196121119823755,0.0
GGGTTAACATTTGAGT-1,CAFs,0.03456047766752232,0.030738856160413313,0.0024519492380475293,0.0
GCGGGCGAGCCTTACC-1,CAFs,0.1637859706106246,0.15599639021725253,0.005911573971093778,0.0
TGCCAATGGGTACTCT-1,CAFs,0.15985825298586578,0.14824757489663037,0.005934339231404269,0.0
AGGGACTCTACGCGAC-1,CAFs,0.07707020659813224,0.0743478933644293,0.002165045733471249,0.0
GACGCCGTAAAGGCTA-1,CAFs,0.022616527430911675,0.020087108345224793,0.002233921828516326,0.0
GGGACAGAGTTACTCC-1,CAFs,0.0106060869133173,0.010280118047782453,0.0010714014796935748,0.0
CTCTCTAACTGCCTAG-1,CAFs,0.0068443412880287,0.007658025218216294,0.0014629070023910542,0.0
ATACGGAACGTCGTTT-1,CAFs,0.028110614718384334,0.02866462006179262,0.0023174999119368145,0.0
TCGGTCCCGACAATAG-1,CAFs,0.016316215026682575,0.015599278682955084,0.00120728270225967,0.0
CGCGCAAATGTCCAGA-1,CAFs,0.02481223229285236,0.024645965318522922,0.0020623794231068374,0.0
TCTAATACTGCCTCAG-1,CAFs,0.10468250076973913,0.09619596075465867,0.0052118174475094484,0.0
CTCGGTTGTCGGCCCT-1,CAFs,0.018521151923444498,0.014887238338706634,0.003221087896728065,0.0
GGTAACCGGGAGGATA-1,CAFs,0.010800253289633082,0.010452890194107164,0.0016352358068993536,0.0
CAGGCGCACGGTGGTC-1,CAFs,0.0007782319042723957,0.0013044657475210254,0.0008004233494605461,0.0
TCATCGATGGTCCCAA-1,CAFs,0.007245406339378742,0.007390347897176125,0.001008476590045091,0.0
CAAAGATTATTGGGCC-1,CAFs,0.014672973975132446,0.013538069523599696,0.0016517683704760425,0.0
ACAATGAATACGGAGA-1,CAFs,0.02026209363739562,0.017849771184991783,0.0011584634442198289,0.0
GCTCCTGACATACTGG-1,CAFs,0.00935706160704909,0.007938194132348725,0.001987110967425872,0.0
GATGACAAGTAGGGCA-1,CAFs,0.018809756651092326,0.018196012393607394,0.0014611157076345218,0.0
TACGCCGAGGGTACCC-1,CAFs,0.013570971858163016,0.013078580084025963,0.0010441837311685163,0.0
AAGCGTCCCTCATCGA-1,CAFs,0.0017178476486038666,0.002858943460240177,0.0017672570030655898,0.0
CACTCCTATGTAAGAT-1,CAFs,0.011391011041090545,0.010913441742802924,0.0015006940166301505,0.0
TCGAGCCAGGCAGGCC-1,CAFs,0.008433172425337707,0.007590212473074981,0.0008972471186352496,0.0
TCGTCAAGTACGCGCA-1,CAFs,0.010290360596759914,0.00894240062588178,0.0012595451423890697,0.0
CCCGTAGCTGGGAAGA-1,CAFs,0.011549533025453957,0.010133392010441328,0.0013499879738866519,0.0
ACCCTATGCCATATCG-1,CAFs,0.01806019289702409,0.018484460789654676,0.0023734235856790456,0.0
GTGGTATAGTCTGCCG-1,CAFs,0.023143056691551294,0.02122872146879276,0.002261153782748581,0.0
CCGGTTTGTAATTGTG-1,CAFs,0.017033299419620285,0.014747611136890427,0.0023271255516681536,0.0
GTCGCCGTTGTGTGTT-1,CAFs,0.023112672735233018,0.020186553766028723,0.0011573474229171331,0.0
TACTGAACAGATTTAG-1,CAFs,0.024907478499498207,0.0234118657855932,0.0015091995634139404,0.0
TATTAACCTGACCGCG-1,CAFs,0.050767979617747205,0.04544577667821201,0.0035500967075086315,0.0
CTGTAGCCATCTCACT-1,CAFs,0.03039152593900721,0.026674957558810424,0.0022905277457769325,0.0
TACTATGGTTCCTCAG-1,CAFs,0.09265741204378825,0.08887507212746659,0.004839970830741373,0.0
GAGTCAGACCAGAATC-1,CAFs,0.0652363835279614,0.060504434877267935,0.0038839250091454347,0.0
TAAGGCATAACATCAA-1,CAFs,0.15899846796864633,0.14266750888019564,0.007639548583292555,0.0
CTTCCGCTCCGTGAAG-1,CAFs,0.11678210861941274,0.10922840502220092,0.0066071477530562075,0.0
GGGCTATGATCGATGG-1,CAFs,0.09924428797819426,0.09510144402211783,0.0051396592202159344,0.0
GGTCGGTCGTCCACAG-1,CAFs,0.06283135661395556,0.05916140456344506,0.0020049621985296136,0.0
TCCCTGGCGTATTAAC-1,CAFs,0.01212850176969111,0.01061324880763269,0.0015418893950179076,0.0
AAACACCAATAACTGC-1,CAFs,0.017698331185463424,0.017846395963860447,0.001839824063228245,0.0
TGGACGCAATCCAGCC-1,CAFs,0.01008423327652576,0.009445305727975827,0.001687428824949643,0.0
GGAACCTTGACTCTGC-1,CAFs,0.015047479165457223,0.01429808522743491,0.0008857667974996943,0.0
GTATCTCAGTCTTGAC-1,CAFs,0.010646278779866658,0.01019972194298709,0.0026178166970247958,0.0
GCTGAATCTTCCAATC-1,CAFs,0.020291343839429578,0.018537362662755387,0.0015672394372434374,0.0
AGATGCAAGACGTGCA-1,CAFs,0.041858914455535655,0.03836396982400074,0.0040598881581533275,0.0
TTAAGGCCCGTACTTT-1,CAFs,0.030955677657405985,0.029850630155444896,0.0026935424621660656,0.0
AGTATGCTGGAGACCA-1,CAFs,0.01500250808428847,0.014563803505933535,0.0019702182796194788,0.0
GCGGCAAAGTATTGCC-1,CAFs,0.012834536067677994,0.01255602840396113,0.001099242113965083,0.0
GCGCAAATATATTCAA-1,CAFs,0.011196060075679162,0.010088296978624005,0.0010270078652791117,0.0
GAAGAAACGATATTGT-1,CAFs,0.008844160184671776,0.008734076790947124,0.0007517595356483133,0.0
GGACCTCTAGGCCGCC-1,CAFs,0.014570229562414555,0.013485861678093177,0.0012559667685910568,0.0
AACAGCTGTGTGGCAA-1,CAFs,0.020305221882265644,0.01863557969847845,0.0015945193821349831,0.0
TCGAATATCCCGCAGG-1,CAFs,0.01297455010787492,0.012419583085168873,0.0011046388204059095,0.0
GCGACCCAACCATCTG-1,CAFs,0.015398856218361647,0.01629011172535116,0.0012561588355485746,0.0
AGAGAAGGAGTACAAT-1,CAFs,0.012670637064906723,0.013268463964916724,0.0007097587612428992,0.0
GGCTCCTCCACCTGTT-1,CAFs,0.022720869175231598,0.02154506598677512,0.001811528601960038,0.0
TCAGTGTATACGTCAT-1,CAFs,0.01253418996197022,0.011377783671521636,0.001061319230962904,0.0
ATTATTATGTCCGTCA-1,CAFs,0.01748712244733678,0.016765398112693272,0.000973049009433249,0.0
TTAGGTCATAACCGAC-1,CAFs,0.008648730798552443,0.007800292807379479,0.001137576293560695,0.0
AAGATGGCACCGGACC-1,CAFs,0.016874619089668197,0.015224289562993492,0.0016722287210910517,0.0
CTACAAGAAATAACCC-1,CAFs,0.012748136550027012,0.012617765020889784,0.0012665403878262245,0.0
ACTATTTCCGGGCCCA-1,CAFs,0.025280213172515466,0.024231097449454418,0.0012069690930247498,0.0
TTGTTTCACATCCAGG-1,CAFs,0.022072924147239336,0.020523459626463906,0.002034771931148984,0.0
CGCTGTGTGGATGTTG-1,CAFs,0.06039287666341347,0.05459078837346557,0.003723467190438641,0.0
TCAACATAGCGCCCTA-1,CAFs,0.05235019170304895,0.04919485129676349,0.0033547138844994702,0.0
GGCCGTTTGGGTTTCA-1,CAFs,0.116648981084971,0.10605994018634479,0.006920403852055076,0.0
TACTCTTTCGTCTTCA-1,CAFs,0.1356992362421413,0.12552400130267027,0.006889559357007639,0.0
TTCGCGCGCCATACGA-1,CAFs,0.24734765749010473,0.23720140474907098,0.00827042212949574,0.9999999999999999
CGGAAAGAATCAAACG-1,CAFs,0.17935251827333015,0.1679909128527131,0.007056696694164302,0.0
AGGCAGGGAGCGTACT-1,CAFs,0.2046615134157536,0.19014212671623099,0.008920950575362198,0.9999999999999999
TGTCGTTATCACATAT-1,CAFs,0.0385738371974421,0.03676159987557915,0.0023803310693643145,0.0
ACACATGATCAAATCT-1,CAFs,0.06606472328857126,0.061804333820590085,0.0030614703676601234,0.0
TATCCATCTCGGTTAG-1,CAFs,0.027981038230278525,0.026691390565297717,0.0016134537246790318,0.0
CTCGTCGAGGGCTCAT-1,CAFs,0.05581227269397443,0.052672204493893295,0.0030331311481489186,0.0
ATCAATGCCGTGGCTG-1,CAFs,0.023489122645960266,0.021255349682643154,0.002982391720584664,0.0
GAAACATAGGAAACAG-1,CAFs,0.11207244907083397,0.10413847281209146,0.004119520053283967,0.0
TAATAGGTCACCAGAA-1,CAFs,0.028114133577250528,0.02722359803397744,0.0022585488842559874,0.0
CACCAGTCAGCATGCA-1,CAFs,0.014972249340004655,0.01420557114853489,0.0009834554879677364,0.0
GAGCGCTGTTAGGTAA-1,CAFs,0.026334927283184425,0.026304280516478686,0.0020668006391225766,0.0
CCCTATGTAGAGCAGA-1,CAFs,0.01156619318912939,0.011252034577243334,0.0009026413279660543,0.0
GATCGCTATATCTCAG-1,CAFs,0.03968444288560152,0.03760036790339047,0.003126878616749075,0.0
AAGGGACTATGCATTC-1,CAFs,0.01596437376570034,0.014278199392099436,0.0010957391190180837,0.0
CTCGGGTTCTCTGGCC-1,CAFs,0.017221465920753642,0.017818251596470696,0.0017220968045081376,0.0
TATATATCGAGAAATG-1,CAFs,0.018648523245659385,0.017920135834212696,0.001355938418766714,0.0
ACCCGAGCGAAATTAC-1,CAFs,0.024000843780023724,0.022188119866298164,0.0015118364998131521,0.0
TTGTTTCATTAGTCTA-1,CAFs,0.013298945023314364,0.013306117543602733,0.0007732900516073383,0.0
ATGGGACCTGCTGAAC-1,CAFs,0.01815768905762548,0.0167689282396557,0.0027141338607363256,0.0
TGCGACGGCCGAACGT-1,CAFs,0.003906873228415351,0.0028573429852789753,0.0016880624453504778,0.0
AGCTAACAAGCAATGT-1,CAFs,0.019514044230376584,0.01835780765628715,0.0014191294094572323,0.0
CGTGTCTCGTTACGAC-1,CAFs,0.01694574333844852,0.017000648632820962,0.0018263210152726114,0.0
CTAAATCCGGTGTACA-1,CAFs,0.037496163800907034,0.03482384658308658,0.0018633512816227992,0.0
GAATAGTGCTCGATTA-1,CAFs,0.03559410113624749,0.034394537844318805,0.0030289842405354026,0.0
AACAATACATTGTCGA-1,CAFs,0.10272095107864085,0.0939313882446914,0.004336996445224835,0.0
CACATCGTGCACGCGC-1,CAFs,0.017119544210670502,0.015134342920921254,0.0016495963611626772,0.0
ACCGTGACCACGTGGG-1,CAFs,0.0456791236008882,0.04297948001641465,0.0031388316246197907,0.0
CCCAATGAGATTTGCA-1,CAFs,0.04831554143189844,0.04427703510124322,0.002459736106796849,0.0
TCAGCAGTAGGCCCTG-1,CAFs,0.05966500073708828,0.05454798709028184,0.003361874073073804,0.0
CTACTCAAGGTATAGT-1,CAFs,0.07499926411557445,0.0664003478409413,0.004965278511767356,0.0
TAGTAGCTTATACCAG-1,CAFs,0.10611587768189087,0.09635155498528218,0.006061627214359997,0.0
ACGTTCGTTCAGGAAA-1,CAFs,0.08702268016078196,0.08396901752017624,0.007613179957114029,0.0
TTAGAATAAGGGTCGG-1,CAFs,0.2686808786942916,0.25268742994098936,0.017439862833795002,0.9999999999999999
TTCTAGAAAGTCTTAT-1,CAFs,0.08020553020230597,0.08063637182626232,0.006514338475603699,0.0
CCTTCAGTTAAAGTGA-1,CAFs,0.20501260117864903,0.19356158475995852,0.00993179833598954,0.8999999999999999
TAGCTAGTGATGATGG-1,CAFs,0.24940420280703238,0.2347476059497109,0.00818121611214052,0.9999999999999999
AGCCCGGTAGCCTGTA-1,CAFs,0.1840631617024312,0.17686491723030381,0.006541867918565103,0.1
GACGGGTTGGCCCGTA-1,CAFs,0.04032021509338882,0.037090858760181165,0.0018711702265546623,0.0
TAGTACCACAACTTTC-1,CAFs,0.0340607199498247,0.03474701731715922,0.003755519273603773,0.0
ATCCCATCCACAGCGC-1,CAFs,0.046492353985809684,0.043412595425353834,0.0022427975784142878,0.0
CTTAGGTATAGACCAG-1,CAFs,0.0233710241282149,0.024341884641041884,0.0019651098564340014,0.0
TGACTCCGAATCATAC-1,CAFs,0.033413163487551543,0.031591538166167596,0.0019128101167112338,0.0
ACTACATCCCGACAAG-1,CAFs,0.01592919199068754,0.014826407749952494,0.0016386405206941128,0.0
TTGCCGCAGACCTACA-1,CAFs,0.019959716409958164,0.018868845984136375,0.0010079644575923495,0.0
TAAGAGGGACAGGGAC-1,CAFs,0.0072158520116585,0.006613584134285045,0.001327121977006761,0.0
CGAATGAAGTCATTGC-1,CAFs,0.01999971674648884,0.019396453867212032,0.0011360494689490641,0.0
AAGGGAACGACTGGCT-1,CAFs,0.012266864613043812,0.011971785213213782,0.0010478045385867675,0.0
CGAATCTGCTCGACGC-1,CAFs,0.022498945225056743,0.020670313201196628,0.0011098831184862517,0.0
ATCGTGGAAAGTCTGG-1,CAFs,0.015422901994411375,0.01406476326333118,0.0009691703621918992,0.0
CCTATGGCTCCTAGTG-1,CAFs,0.027981857506037544,0.026625115083622142,0.0022399162936950056,0.0
CGTCGCTTGGTTATAC-1,CAFs,0.028501645456887936,0.02837617019793186,0.0017871925722374087,0.0
TGCTTAGAGAGAATGC-1,CAFs,0.02053597429757004,0.02058967534138814,0.0020204280307301614,0.0
GATTGCTCCAGTTGCA-1,CAFs,0.015545496321813103,0.01520167815131938,0.002052930829799298,0.0
CGTGCTTCTACCTAAA-1,CAFs,0.02734149400119708,0.024604950003954233,0.0021386372845883595,0.0
ACTCCAATATCATCAT-1,CAFs,0.014205778861237299,0.014097996282955647,0.0017487337177910902,0.0
GCCGACCCACGACTGC-1,CAFs,0.053549031993572214,0.04929754702135548,0.002684094982980698,0.0
GAGGGTAGTAACAAAG-1,CAFs,0.0170611449917289,0.01564640548910718,0.0013110163747603926,0.0
GGCCGAGACTCTGGTG-1,CAFs,0.04568858046043358,0.04407150446301516,0.0022566290867192763,0.0
TATATAGGGCTTTACG-1,CAFs,0.02725710118628907,0.024802110693234323,0.0016188734117769511,0.0
TGCCGGATGTACGAGC-1,CAFs,0.04212017365790587,0.03728728882424682,0.001846186235337926,0.0
AGGTAGATCGAGATAT-1,CAFs,0.05215534767647427,0.0486317346508036,0.002724190252914227,0.0
GATCAACATAAAGGGA-1,CAFs,0.06287311364620282,0.054760049960560817,0.0028027731306106596,0.0
TAACAGCGTTTGTGCT-1,CAFs,0.06808327874433363,0.06405357634233884,0.0030582717440937068,0.0
CTATAGGCGTTGATGT-1,CAFs,0.06946818442133505,0.06428705370771351,0.00834576715073948,0.0
GGTTTAATTACCATCG-1,CAFs,0.14086798445546292,0.1311056180950943,0.00595129926244463,0.0
CTCTTCTGGAAGTTAG-1,CAFs,0.09088148988342758,0.08379809089019626,0.0031002747326465516,0.0
ATCTGACATGGAAGGA-1,CAFs,0.07203272481668062,0.06838902235270301,0.004410034962437332,0.0
TACGTACTAGTGCTGA-1,CAFs,0.1115617757877514,0.10170283931308596,0.006804050888269301,0.0
ATGACTATCAGCTGTG-1,CAFs,0.14352120016637032,0.13194883019375103,0.005560795216298037,0.0
CTTTGGGATTGTTGCA-1,CAFs,0.21716373927854074,0.20559898482022826,0.009598993031024709,0.9999999999999999
AGACTGTTACCGGGTC-1,CAFs,0.13625449302878645,0.12951317437798254,0.005383782728465174,0.0
ACGCAAACTAATAGAT-1,CAFs,0.10051077810021282,0.09527105091169037,0.004372957748709877,0.0
AAGTGAGTCGGGTTTA-1,CAFs,0.134939272981454,0.13182362286160726,0.007612451508278108,0.0
TAAAGCGGTATTTCCA-1,CAFs,0.06729218243101412,0.06417505802433812,0.0030835216410700366,0.0
CTCCTCCAGCTCACAC-1,CAFs,0.07226352884747451,0.06864225076952588,0.003222514300294615,0.0
CGGTCCGTCGCAAGCC-1,CAFs,0.1138874859719493,0.10859235870483053,0.006766479105796284,0.0
CCTATATTTGTCCTGG-1,CAFs,0.03529277879456431,0.033831596706157645,0.0025252534274377196,0.0
TCCAATAAAGGCTACC-1,CAFs,0.1221775188500201,0.1182167642871755,0.005716917442086318,0.0
CGTGACCAGTCCTCTG-1,CAFs,0.07941912610479047,0.07872144750604324,0.0034508273590694236,0.0
AAACTTAATTGCACGC-1,CAFs,0.0073917631804146485,0.007310421090794607,0.000823750470195914,0.0
TAGGCGGCTGCAAAGA-1,CAFs,0.05142148061723745,0.04688114630143553,0.0038503951207928995,0.0
TCCATCAATACTAATC-1,CAFs,0.01786297320061909,0.017179365215995702,0.0017658784255480263,0.0
ACCTCGAACTTATGCT-1,CAFs,0.027792373845992372,0.02569681771186521,0.0022101286041487887,0.0
ACAAACCATGCGTCCT-1,CAFs,0.015566917749650185,0.01583309426416673,0.0017105532285450603,0.0
ACACCGGTCTGACCGC-1,CAFs,0.021164400542147813,0.019570311201276655,0.002098674176176192,0.0
ATGGCAGCATTACGAT-1,CAFs,0.01674996282106971,0.015395873037486347,0.0011886716313324866,0.0
CTGGTGAATGGGCCTA-1,CAFs,0.014626454636891857,0.013334708367431097,0.0010133017971826056,0.0
CACAGAGACGAGGACG-1,CAFs,0.01681957175189256,0.015824970060388518,0.0008026828185611831,0.0
GCACAAACCCTAGATG-1,CAFs,0.025285290327473644,0.02514053129513477,0.0026872961696994095,0.0
ACTATGTCCAGCTGCC-1,CAFs,0.014588262375876522,0.013863685604507311,0.0010588323300139116,0.0
AAGCCGCCGTGAAATC-1,CAFs,0.014166754898786564,0.013306579099507105,0.001340407908460709,0.0
ATGGGTGTATACCTCC-1,CAFs,0.020363171936851193,0.019190191196523765,0.0010754829833539397,0.0
TAAGCGCGAATCAAAT-1,CAFs,0.014829067262832374,0.015103013692229569,0.0018067173789203242,0.0
AGCCCGGCATTAGAGG-1,CAFs,0.02500917360299254,0.02316327118546598,0.0016860261565466875,0.0
GTGATCAAGCGTGCAC-1,CAFs,0.04212118359043198,0.040159388972137215,0.002562115535782219,0.0
CTGCCTTTAATACCTT-1,CAFs,0.008534072457597469,0.00853279809536605,0.0015402390832024446,0.0
TACCTCCACACCAATG-1,CAFs,0.0212442686247426,0.019199952897743542,0.0016796195612590152,0.0
GAGCATCAACAACTTG-1,CAFs,0.013558671883662412,0.012505921042134018,0.000969191762851365,0.0
CATACGAACTAGCTGG-1,CAFs,0.01887614999283126,0.016745353840551428,0.0012739161508449376,0.0
GGGAACGGTTTCAGAT-1,CAFs,0.01663837851033289,0.015471953138365527,0.0011659681462277748,0.0
AGGGTGCCGTTCTTTA-1,CAFs,0.014162832495385537,0.013066251527902539,0.0015032284121103022,0.0
ACGACTGGTCATACTC-1,CAFs,0.019558198614205206,0.01957818665045443,0.0012094420885746073,0.0
GGATCTTACTGCCCTT-1,CAFs,0.019955784467791043,0.01947793192112083,0.0018033959253262533,0.0
TACTCCTCTAGTTGAC-1,CAFs,0.04160328773814124,0.03955989690164517,0.003151472503211066,0.0
GTAGCTCCGGGAGGCT-1,CAFs,0.07238101332687515,0.06787897896553544,0.0034905645121639487,0.0
GGACTCGTGAGTGGTC-1,CAFs,0.051083608186435724,0.047178201025309036,0.003212881245753325,0.0
GTAGTTCGAAGGCGAA-1,CAFs,0.09930659660597038,0.0943212345696787,0.006521191816196833,0.0
CTCAAACCACTGCCCG-1,CAFs,0.11062399124204988,0.10195187344034096,0.007415905929152106,0.0
GAGGGAGTCAGATCGC-1,CAFs,0.0730057047560935,0.06750118175382525,0.003108331575886225,0.0
GCGTCCCTAAGACATA-1,CAFs,0.16819120212345706,0.1517111568385053,0.004996566971565373,0.0
TCTCTTACCGCGAACC-1,CAFs,0.09077470830190862,0.08475466476121143,0.004923233334092982,0.0
GGCTACTATACACTCC-1,CAFs,0.14684986651494183,0.13797515934942006,0.00964160823273385,0.0
CGTTGCCCGCGTGGGA-1,CAFs,0.0700946788105996,0.06707345431123138,0.0026106460046799044,0.0
TATAGAGTCGCTTGAA-1,CAFs,0.11702529535226788,0.1092886806979401,0.004626529257191253,0.0
ATGTTGTAGTCTGTTT-1,CAFs,0.05312265398725282,0.05140384104737787,0.002421940283376415,0.0
AGTATACACAGCGACA-1,CAFs,0.041758583354224874,0.04113300477909316,0.003764958070143119,0.0
TGTGGTTGCTAAAGCT-1,CAFs,0.02237135781470677,0.021088240209045296,0.0025059643448020713,0.0
TGATTCCCGGTTACCT-1,CAFs,0.03938557918913814,0.036377214869840704,0.0029108804115108794,0.0
CACTGACGATTGTGGA-1,CAFs,0.03633808253325064,0.0332854286032393,0.001897055119707859,0.0
AACATTGTGACTCGAG-1,CAFs,0.07370181883877312,0.06961116987109268,0.003411739829679126,0.0
GTCCAATATTTAGCCT-1,CAFs,0.03035402842822693,0.03120466266540422,0.001996456265272438,0.0
GCTCTTTCCGCTAGTG-1,CAFs,0.07273667014994455,0.06898130395632271,0.0037113432819137556,0.0
GGGTCAGGAGCTAGAT-1,CAFs,0.07518354240905613,0.07098155783894133,0.003262506061297019,0.0
AGGTGGTGACCTTCGC-1,CAFs,0.0364895532573111,0.03607721457390534,0.0024952129826153347,0.0
CCCGGGTCGTTCAGGG-1,CAFs,0.06580462651762521,0.06591473025521791,0.008460239276364979,0.0
ATTATGAGACCCAATT-1,CAFs,0.04053793169922183,0.040020406189018386,0.012005714617504682,0.0
CCTCCTAGCTAGAGTC-1,CAFs,0.051206991488974424,0.051356061447103515,0.003786175850674035,0.0
CGAAGGGTTTCAGATT-1,CAFs,0.018547528168199046,0.018067286991859822,0.001832507200895653,0.0
CACAAGCTAAGAAAGG-1,CAFs,0.01677458186750793,0.013850307084898114,0.002799572663784116,0.0
CACCGGTAGAGACATT-1,CAFs,0.029566674447012,0.027953166470382863,0.001972777448077021,0.0
ACTCATGGCAGCCTTC-1,CAFs,0.005355379801784198,0.005419204044886355,0.0007464829795431484,0.0
CATCCAATATAGTTTG-1,CAFs,0.015712319436116246,0.014688818583949681,0.0011112841229909292,0.0
CAGATATGAAGATGAC-1,CAFs,0.015489658839250237,0.015089937695938615,0.0018524575042069202,0.0
GCAAAGGGCGTTAGCC-1,CAFs,0.015742185216864636,0.014725399526072939,0.0014517335127382602,0.0
CTGTTGTTCAGTCGTA-1,CAFs,0.017509447105601657,0.016688597700233787,0.0019075803273458547,0.0
AAAGGCCCTATAATAC-1,CAFs,0.010124755682522676,0.009722970938672157,0.0008033991729682054,0.0
AACATTGAAGTTGATC-1,CAFs,0.012040837158241918,0.011003380569720025,0.0011361233542651454,0.0
GCTAGCGATAGGTCTT-1,CAFs,0.01831987516453972,0.017142673165644606,0.0011252390200509929,0.0
ATTGCCTATTAGACCG-1,CAFs,0.08545247991598265,0.07998421958290872,0.003964226911077683,0.0
GGGCGTTTACATTCAT-1,CAFs,0.0854711191326615,0.08309713398851801,0.004763377518044413,0.0
CCTCTACAAGGATTGG-1,CAFs,0.12451330526957613,0.11776862577107183,0.005333062521935344,0.0
AGTGACTGTGACACAA-1,CAFs,0.08615404219191375,0.08183901841725513,0.0045357523500304964,0.0
AGCCCTCCCTGGTGGC-1,CAFs,0.07881991065692466,0.07655271902586172,0.0031928303435543263,0.0
CGGTTGAGTATCCTTC-1,CAFs,0.02125314293081027,0.019338911172546526,0.0012359759459999273,0.0
CATTATCCCATTAACG-1,CAFs,0.008795816011187963,0.00880099186269918,0.0010583867256760925,0.0
AATGTGCTAATCTGAG-1,CAFs,0.06789346423728883,0.06498409044428485,0.004031879798186205,0.0
CTTAGTTGAGGAATCG-1,CAFs,0.028205838671495446,0.02635008394721458,0.0018024227624903026,0.0
CTTCTGGGCGTACCTA-1,CAFs,0.015373678460876578,0.014196123906906897,0.001274270402322254,0.0
AGTCAAATGATGTGAT-1,CAFs,0.017611243250699734,0.016272319125301752,0.0011860900956450042,0.0
TGAACAAGCAGGGACT-1,CAFs,0.023216431550912655,0.021859692326106926,0.0012167263784365896,0.0
AATACCGGAGGGCTGT-1,CAFs,0.08810650659893715,0.08104688901075877,0.003870126269145996,0.0
GTTTGGTGATCGGTGC-1,CAFs,0.057914663692523564,0.05280161094175005,0.005481190623091944,0.0
GACTGCTGGTGAGAAA-1,CAFs,0.122729762863628,0.11626184627139553,0.004040498191697741,0.0
CGATCCTCGCAACATA-1,CAFs,0.10314550423177055,0.09193774226818512,0.0054984320004981815,0.0
CCAACCTTATGTAACT-1,CAFs,0.09303825661563722,0.08684024413411422,0.005623924893488098,0.0
CGTGGTACCCAAAGGC-1,CAFs,0.09045474529915598,0.08835670605778856,0.006098038989531279,0.0
AACCCGACAACCCGTG-1,CAFs,0.03253721583769756,0.031758908827267535,0.0015213435674120864,0.0
TATGTAAAGTGCTTAA-1,CAFs,0.06126820028307858,0.059746041089987045,0.0020658320981279546,0.0
GCAAGTGTAAAGCATG-1,CAFs,0.04542020407266221,0.04255754949487874,0.0021198452345704993,0.0
GTAACTGCCCAAGGAG-1,CAFs,0.05514527740575587,0.05281097809365777,0.0015848064586248252,0.0
GGTGCATAAATGATTA-1,CAFs,0.039657714525103645,0.037313845331397366,0.0017980558639493413,0.0
TAGTCCCGGAGACCAC-1,CAFs,0.03323707345435632,0.03039969019771475,0.002328831586041837,0.0
CGGCCAGAGCGACCAT-1,CAFs,0.04256861856175452,0.03987361187377439,0.0027291843759489173,0.0
TGAATGAGTGTTTCCC-1,CAFs,0.02171802503097045,0.021152726079648743,0.0011714885567300996,0.0
TTCACTTCCTAGAACG-1,CAFs,0.036556020125491355,0.03486503707913556,0.0016921992310170641,0.0
CGCTTAGTATTGATAC-1,CAFs,0.03605771420751841,0.03437332145127948,0.0020427783157537394,0.0
AACGCGACCTTGGGCG-1,CAFs,0.04149866148168427,0.040546845384091236,0.0031555835980530012,0.0
GTGCACCAGCTTCAAC-1,CAFs,0.08045163658433666,0.07650826757085508,0.003270374284877564,0.0
TTCTATTAAACGCAGC-1,CAFs,0.10684847061186331,0.10027350850932823,0.00349211218143989,0.0
TGGCAAGCACAAGTCG-1,CAFs,0.12297181916429624,0.11420074301246338,0.005400251654436517,0.0
ATCTGCTGTTATCGCC-1,CAFs,0.16340116564510782,0.1580569779710524,0.00641394278877125,0.0
AATTCCAAGCATGTAC-1,CAFs,0.0930134235936022,0.09019960156469009,0.004954571300286533,0.0
AAACGGTTGCGAACTG-1,CAFs,0.20880862621738502,0.20264873719090257,0.007762342348228453,0.9999999999999999
CTACATATCGCGGGAC-1,CAFs,0.06776512883567923,0.0592477600473171,0.004352091116487902,0.0
ATGGTATTTACTGATT-1,CAFs,0.04518397895069181,0.050163496655871796,0.006879338215909267,0.0
CCGTCAACCTCTGGCG-1,CAFs,0.002814868603376291,0.0034258819489433926,0.0017839254917845025,0.0
GCTTCGACGTTCAATC-1,CAFs,0.045956713446157135,0.03549920025133095,0.009245782316098237,0.0
GACCGATTAAATATGT-1,CAFs,0.012254978700184877,0.009930894339970252,0.0013782472838719136,0.0
GTCGAATTTGGGCGCT-1,CAFs,0.014467428579662356,0.012177032033861269,0.0017047731753815048,0.0
TCACGGCCCAAGAGAG-1,CAFs,0.02091599667413567,0.01875622977350145,0.0012108112086910326,0.0
CTACGATCCTATCCTA-1,CAFs,0.036238670721075505,0.03366915027444891,0.0023039468882251235,0.0
TGCAGTGGTAGGGAAC-1,CAFs,0.018918213980892568,0.019000019185605475,0.0013075457568198848,0.0
TTGCCTAATCCAAAGT-1,CAFs,0.029635604052504406,0.02695642081440065,0.001671386946984855,0.0
AGCGAGACGTGAAGGC-1,CAFs,0.045853914981442374,0.043497887352310596,0.00341176434601042,0.0
TTCTACCTCAATCGGT-1,CAFs,0.014715074769459633,0.01242860056470034,0.001693074507210538,0.0
TACGCTGCTGTGTTAA-1,CAFs,0.023263297459454765,0.021945456355143576,0.0011634867044030782,0.0
TAGTCCTGCACTAAGC-1,CAFs,0.027837561662094383,0.02569461984481245,0.001634433950190045,0.0
AGCACACGTTTAGACT-1,CAFs,0.03788507236786914,0.033584375708980596,0.0021182492411691797,0.0
GTTCGACAATTGTATA-1,CAFs,0.027783542286853053,0.026097839850771777,0.0015795884481198399,0.0
CCATGTTCATCTATAT-1,CAFs,0.17194689938902258,0.16183467640931135,0.006364243281527702,0.0
CCCTCGATAATACACA-1,CAFs,0.15815225623283297,0.14664766190386302,0.005565980493118608,0.0
ACTGCCCGCCATTCTC-1,CAFs,0.10531969986271773,0.09863748796646979,0.0051074130625277155,0.0
CTATATCCAGCCTGGC-1,CAFs,0.18957579707521244,0.1771877164179357,0.008562542497716274,0.30000000000000004
CGCACGTCTGTTTATG-1,CAFs,0.054097344132744044,0.04965735460005471,0.002936357243216998,0.0
AATCAGGTTTCATTTA-1,CAFs,0.10878727993945972,0.10210127306943824,0.005442926161741138,0.0
AGAGAAACACCAGAAA-1,CAFs,0.04154725164885691,0.03853427429523442,0.0021436848786630745,0.0
ACCCGATTGGTTCCGA-1,CAFs,0.18464461791788558,0.1754043725400111,0.00790351357284845,0.30000000000000004
TACCAGGAATCCCGTC-1,CAFs,0.1355602452220582,0.12704837921623804,0.00562270362539395,0.0
AAGTGCTTCTCTATTG-1,CAFs,0.32004982133260934,0.3050922044174637,0.009359679938694375,0.9999999999999999
TGCATGTGACCCATAG-1,CAFs,0.2062503341060353,0.19068816225302837,0.009772362647494108,0.9999999999999999
TAGATTCAAAGTGCGG-1,CAFs,0.16574026225896865,0.15722373865300127,0.006763640173539258,0.0
AGGGTCAGAGCACTCG-1,CAFs,0.12863479367982544,0.12077946708278206,0.004740176810494169,0.0
GTGAGATAACCTTATA-1,CAFs,0.038202764225242346,0.03612278667227892,0.002388969920306738,0.0
GTGTCAGTGTACGTGG-1,CAFs,0.035416575870948035,0.03511136540351292,0.001427661865904302,0.0
CTGTAGTGAGGATCGA-1,CAFs,0.025725417248417357,0.02488827487571783,0.0015495190893891092,0.0
GATAGTGCGAGTAAGT-1,CAFs,0.05045617492159516,0.04813382916395766,0.0021771353055829584,0.0
AGGGTTCAGACGGTCC-1,CAFs,0.035162323989877536,0.03419022512438777,0.0021312591741580334,0.0
GGACTCGACAGCGCAT-1,CAFs,0.03870487290938947,0.03592531384196821,0.0018670775439754421,0.0
CACTCTCAAGCATCGA-1,CAFs,0.04759391835468922,0.04546707218889499,0.002891076670475095,0.0
GAGCGGAATGCGGTGT-1,CAFs,0.030763818741828552,0.030146709936287226,0.0016946044191509285,0.0
CAGTTCGAGGACCCGA-1,CAFs,0.043912735204926515,0.04211801129659951,0.0017097656424790734,0.0
CGTAACTTCGACACTT-1,CAFs,0.037178591638724924,0.035571500810221174,0.002657128217994007,0.0
TGATCACCACACTGAC-1,CAFs,0.0660459814639871,0.06171411649156462,0.0029268433125136007,0.0
CATACTTCTTTCTCCG-1,CAFs,0.04731228540466735,0.045637992720641875,0.0030818274734626568,0.0
CAAGTAAGTGATAGAC-1,CAFs,0.07288561714430314,0.06871603800126387,0.002582798189592457,0.0
AGCCCGCAACAAGCAG-1,CAFs,0.05064421275856085,0.04680809124008522,0.0034637355601430985,0.0
GCTCCATGCAAAGCAA-1,CAFs,0.10825931045468411,0.10423836573492062,0.00364410575228965,0.0
TCGTACCGACGTCAAG-1,CAFs,0.12307535853925347,0.12553298118669684,0.008184993328736938,0.0
ATTATCGGAATGTACG-1,CAFs,0.23743569571310644,0.23547954939030205,0.00888384173282005,0.9999999999999999
ACCTACTATAAATCTA-1,CAFs,0.17901257861283354,0.17347748916335623,0.006750903508100422,0.2
TATCCTATCAACTGGT-1,CAFs,0.23801864921379945,0.23222164941386456,0.009953475121289293,0.9999999999999999
GCGCGGTCTAGTAACT-1,CAFs,0.31046408111949014,0.2978371948361836,0.011635575880344837,0.9999999999999999
TGGGCGATACAATAAG-1,CAFs,0.202632166021444,0.19315421273458994,0.010192462273397453,0.8999999999999999
TGACATGTAACGTGAC-1,CAFs,0.05692679383765307,0.053922755642906585,0.005304657690233112,0.0
ACGGTCACCGAGAACA-1,CAFs,6.669030461397033e-05,0.00558067603116333,0.008459024509885523,0.0
TAGACTCAGTTGGCCT-1,CAFs,0.01626891098108575,0.015364903024827226,0.0029919251625404957,0.0
CCTTCCGCAACGCTGC-1,CAFs,0.013218751682347612,0.011763225416697231,0.002761130216922395,0.0
CAGTGTTAATCTCTCA-1,CAFs,0.017466748084020843,0.016896965726245113,0.0017949537562793486,0.0
CAGGCCAGTACCACCT-1,CAFs,0.046646091235548075,0.0440800491030562,0.003216533245077937,0.0
GATCGCTGTGGTGCGT-1,CAFs,0.011949288180875511,0.010487490523334645,0.0028545674615306008,0.0
GTATCTCGGGCGCTTT-1,CAFs,0.015436766760010205,0.01479975839134064,0.0016469975617670518,0.0
CCGGGCTAAGAATTTC-1,CAFs,0.03711138439352814,0.03616960228700693,0.002495118615922871,0.0
CTTCACGCCCTGGTAC-1,CAFs,0.02287847002165114,0.021441381958007318,0.0016465987797037668,0.0
CGGATGAATGCTGTGA-1,CAFs,0.01975871904750209,0.01873416107202483,0.001443064965963614,0.0
CTCTGCAGGCATTCTT-1,CAFs,0.014091535940088286,0.013248602334850895,0.00200426216893441,0.0
TCAAAGTCACGGCGTC-1,CAFs,0.014062615278620998,0.012248993262477881,0.0009362861478295182,0.0
TGGGTTTCGGGCGTAC-1,CAFs,0.013506558740553629,0.012088228850263033,0.0014438070659870972,0.0
TGCTATGGCAAAGGGA-1,CAFs,0.025111181818265445,0.023426734536469897,0.001409871916670292,0.0
TTCACGGTCGTCACGT-1,CAFs,0.027233517564779645,0.026901549623451832,0.002352014413856051,0.0
CGTAAAGCAAGAAATC-1,CAFs,0.08831757515344668,0.08276491256323545,0.004307221226604273,0.0
CTGATCCCTTTATGCA-1,CAFs,0.24988959737328023,0.2289743688683608,0.011441113199543253,0.9999999999999999
GAGTATACCCTAATCA-1,CAFs,0.2983642974213624,0.2825510065065554,0.011926544867818911,0.9999999999999999
CCACGGCAGGTGTAGG-1,CAFs,0.36250792295808115,0.3451754771027119,0.014579924223177332,0.9999999999999999
ACGTACTTTGGCACGG-1,CAFs,0.26003172148457493,0.24633222027144538,0.011090255647486157,0.9999999999999999
CCTGAGAATAAATGCA-1,CAFs,0.4378525946074238,0.41975781470719103,0.015441588095478917,0.9999999999999999
TTGATGCCGCTCGTCG-1,CAFs,0.29465761368485677,0.283780943480641,0.01263093359653284,0.9999999999999999
GCCAGGAAAGAACACT-1,CAFs,0.36444940826238564,0.34381714153139475,0.013867114168720066,0.9999999999999999
TCCGACCGCTAATCAA-1,CAFs,0.3344817614107497,0.31711729740957273,0.01502153288213509,0.9999999999999999
TATATCAAAGTGATCT-1,CAFs,0.2893252049847604,0.2739849484680622,0.008783761516862006,0.9999999999999999
CCTCGGTTTCCTTGCC-1,CAFs,0.12627385431907215,0.1198154916064303,0.0056304230425891204,0.0
TAAATTTAGTAACACC-1,CAFs,0.06173043982312702,0.06071138155481154,0.0029691137670019426,0.0
CTCGTTACGGCTACCA-1,CAFs,0.07485508972179859,0.07384043393249959,0.0019470241276150985,0.0
GCCGTCGGTTTCGGGC-1,CAFs,0.035621579676148825,0.03419906841962138,0.00156923132667784,0.0
GTTCCGTCCGCCTGCA-1,CAFs,0.034787740895574376,0.03339363735622554,0.001378130844681477,0.0
CTAGGGATAGGGACAA-1,CAFs,0.036464604570912613,0.03499958302751738,0.0016450795936988854,0.0
GTCCAGGCACGTGTGC-1,CAFs,0.035121932234881095,0.03246523238064011,0.001857744488053028,0.0
GAGGAATATCTCTTTG-1,CAFs,0.03060027975323345,0.029257368126689682,0.0015170060366573941,0.0
CGTTCAAGGAAACGGA-1,CAFs,0.03392599078813952,0.032426927650810136,0.0018228069764173946,0.0
GTGGGAACAAACCGGG-1,CAFs,0.025047034184023122,0.024247524028609097,0.0011954232467989497,0.0
GGGCACGTAGTACTGT-1,CAFs,0.028418871154932936,0.027167873408976407,0.0017856293686698036,0.0
ACTACAAAGAGAGGTG-1,CAFs,0.017556612765350844,0.0170436506978515,0.001471515520834707,0.0
GGTGTAGGTAAGTAAA-1,CAFs,0.0329413026655344,0.030519612140330037,0.002029478007779257,0.0
CCTGTTCAACCTCGGG-1,CAFs,0.03347214916623393,0.032573319763142726,0.0018921288731925368,0.0
TGAGGTGTGTGGCGGA-1,CAFs,0.059259065050805707,0.05652788558063713,0.001693876831587943,0.0
ATTGTCTGTTTCATGT-1,CAFs,0.11253454123145304,0.10941372983684565,0.004501151598597045,0.0
GCCGGTCGTATCTCTC-1,CAFs,0.2374090342677147,0.23095625457059218,0.012029205027786096,0.9999999999999999
ATATGGGATAGCAACT-1,CAFs,0.2829271495584691,0.2711289771792784,0.010449953376436357,0.9999999999999999
GATAGAACCCGCTAGG-1,CAFs,0.2749586898190585,0.2608165272015913,0.007210144022138225,0.9999999999999999
ATCCCATTTCCGTGGG-1,CAFs,0.22072367740577067,0.21489553950759413,0.009321046932486081,0.9999999999999999
GATGCTACCTTCGATG-1,CAFs,0.0749434079937898,0.07357193697836684,0.00768370632678621,0.0
TGCAAAGTTCGTCTGT-1,CAFs,0.08582248555583569,0.0847417630567733,0.009124653172621943,0.0
CTATTTGCTTGGAGGA-1,CAFs,0.07625378991668988,0.07514258576646571,0.00465052074124874,0.0
AGCCATATAGTATGTG-1,CAFs,0.05612855466957625,0.05239081437111929,0.003902683513277473,0.0
TTCTCAATTGCTACAA-1,CAFs,0.0169058911950714,0.01723442648068174,0.005995076741068801,0.0
GACATTTCGCCCAGCC-1,CAFs,0.05916687610940797,0.059277760668203616,0.0036970072649885606,0.0
CCAGTGTACAGACCGA-1,CAFs,0.007202777180599836,0.0070936108064553,0.000686032148025469,0.0
GCCCGATGCCCAGTTC-1,CAFs,0.00531061109293009,0.005855199646123185,0.0051205469110517385,0.0
CGAACCTCTTTCCTAG-1,CAFs,0.015485772577880912,0.013268499960995762,0.0019307253803995598,0.0
CCAAATCAAAGGGCAA-1,CAFs,0.11128038777858637,0.09111943029805096,0.01484546815215492,0.0
TAAGTGAATAGTCTAC-1,CAFs,0.09328293584096435,0.08596136588932587,0.012084659214113301,0.0
CCCTCAGATCGAGAAC-1,CAFs,0.09851887076908528,0.10672676345209224,0.007215212097070837,0.0
ACATTCGCGCGGAATA-1,CAFs,0.10279877105105444,0.1065239253152062,0.015744063808188564,0.0
CTATGAACACCTTGCC-1,CAFs,0.2307314667826295,0.21536921130527742,0.019594359235994965,0.9999999999999999
TCGACATAGCGTAGCG-1,CAFs,0.4056206250748685,0.3845570936082656,0.013973220158436724,0.9999999999999999
CTCGAGGCAAGTTTCA-1,CAFs,0.2699010110965065,0.25873867939077877,0.012300745902154003,0.9999999999999999
GACGATATCACTGGGT-1,CAFs,0.3509532801884173,0.3366310436783465,0.012447929736942077,0.9999999999999999
CAGCTCTGGGCTCACT-1,CAFs,0.26675180049906966,0.25389727082170477,0.0203640630738341,0.9999999999999999
TAGTCTGCGGCACATT-1,CAFs,0.4934782212217121,0.4748902024481005,0.018313495969234657,0.9999999999999999
TGGTCGATATACCTCT-1,CAFs,0.27358408715674687,0.27724735938991235,0.017018012094833862,0.9999999999999999
TTCAGTTCAAGAGGAG-1,CAFs,0.21156595599651648,0.19757148313154121,0.008001624785615169,0.9999999999999999
GTCTGTAGGTTGAACA-1,CAFs,0.0812460274482096,0.07388378489337366,0.004212440805043117,0.0
GAGAGTCTCGGGAGAG-1,CAFs,0.03385303253753024,0.031777576834554136,0.001958496906262044,0.0
TTGTTTGTATTACACG-1,CAFs,0.029355736941546865,0.028499192831200733,0.00220442070124719,0.0
GCACAGCACGGGCCGA-1,CAFs,0.028267761740875055,0.02754434705470396,0.0025283423238718124,0.0
AAACAGTGTTCCTGGG-1,CAFs,0.02205341159583879,0.021004628639704787,0.0014358524137476664,0.0
TGGAGAATAATCGTCC-1,CAFs,0.014980716622920673,0.014414349057642443,0.0012862612395882521,0.0
CGCCGCGTTCTGAACG-1,CAFs,0.05252648554696628,0.05100111627288393,0.003257084631722362,0.0
CATGCGTTGAGAGGAG-1,CAFs,0.03601304416649956,0.03492462154531699,0.0022666161776296683,0.0
TACGCTCCTAGAACTG-1,CAFs,0.08290470167367356,0.07828845208605774,0.0038506654215471163,0.0
CCTTGTGAACGTGGTT-1,CAFs,0.046696618926191064,0.04380000957708448,0.0028527465008435565,0.0
TTAAAGGCGATGCTCG-1,CAFs,0.07144030481845713,0.0686123167986752,0.0032771548107839703,0.0
TAAAGTGCACGTCTCG-1,CAFs,0.07703149850180926,0.07277206128176515,0.0030691608201347123,0.0
TGTCCGCAAACAATTC-1,CAFs,0.0512947419987763,0.0503082796585559,0.0026829652284042086,0.0
AGGCCTATCATACCAA-1,CAFs,0.027421665474269004,0.025724574613394717,0.0014142812416462153,0.0
ACTGGGATGCCAGTGC-1,CAFs,0.03352977547513123,0.032190765721593136,0.0021826018470672555,0.0
CGATCCACCATTGTTG-1,CAFs,0.06750991346980992,0.06536145554060009,0.004865235384903502,0.0
GGGCATGCATGTCGAG-1,CAFs,0.14963465854419525,0.14414723306508398,0.007109879654756643,0.0
TCCAGGCAGGACGATC-1,CAFs,0.1906089079961314,0.18148279820009103,0.008262424893520175,0.6
CAATGACCCTTAATTT-1,CAFs,0.18635688445758125,0.17340537878584866,0.012802621065971052,0.4
ATCAAGATCCCAGGAC-1,CAFs,0.04257752251570614,0.04451437679175414,0.005625867959097029,0.0
CTCAGAGCTAATGTCG-1,CAFs,0.39921251350057485,0.37448308167925065,0.014077483602334547,0.9999999999999999
CTGCGATTTCGAGATT-1,CAFs,0.3601770973230951,0.3556365980947801,0.01760144916564911,0.9999999999999999
ATGGTATTGGGAACCG-1,CAFs,0.3598821624068356,0.3415344711947049,0.02057054458064051,0.9999999999999999
CTCTACATCCTGCGTG-1,CAFs,0.022337494285761886,0.021240673188962056,0.0012607707426757137,0.0
TGGGTGTTAAGTAGAA-1,CAFs,0.017221318953246755,0.016192620539507693,0.0009171012096551428,0.0
CGATCGAGAAGCACCA-1,CAFs,0.020654330989521383,0.019500134336551195,0.0028045829036100326,0.0
CTGCTCTGACGGCAAA-1,CAFs,0.021748239245601417,0.021109850229939414,0.001572187661868707,0.0
AACATTGGTCAGCCGT-1,T cells,0.12427346441735249,0.13511114546589625,0.0660425185466692,0.2
CATCGAATGGATCTCT-1,T cells,0.051286856376576845,0.06165163021138468,0.026067167802545928,0.0
GCGTCCAGCTCGTGGC-1,T cells,0.013245131130350245,0.01390211512748753,0.007354404050764996,0.0
CCAAAGTCCCGCTAAC-1,T cells,0.04842706589126246,0.04383375583634742,0.00790656565241353,0.0
GTTACGGCCCGACTGC-1,T cells,0.05375245924816625,0.05024110120324517,0.006129353583369301,0.0
TAGTGAGAAGTGGTTG-1,T cells,0.029883695352390386,0.02803438833995358,0.005585291644824701,0.0
AAACAATCTACTAGCA-1,T cells,0.03949508244249282,0.031402348417252486,0.006623649430805628,0.0
ATAAACCATTGGACGG-1,T cells,0.028679942812773935,0.02877080808000996,0.005781007257685574,0.0
TCTGTGGCTACATTTC-1,T cells,0.02277925952515242,0.02256494477637328,0.006644792696340121,0.0
CACGACTAAAGTTCTG-1,T cells,0.04509351113068433,0.0396657758699996,0.0035331603687476687,0.0
AGAGGTATCTCGGTCC-1,T cells,0.032726852444370395,0.02387655221116834,0.005105647347526017,0.0
GCCGGAAACACATCTT-1,T cells,0.027620216424379708,0.029183153084963793,0.00435859718756836,0.0
ACCAGGAGTGTGATCT-1,T cells,0.043061092405601444,0.03754147302628713,0.010535297103973128,0.0
AAGGAGAACTTATAAG-1,T cells,0.013827778930678462,0.014687207285004935,0.007813555404603743,0.0
GTATCGGGACGAGCTG-1,T cells,0.0167362676785597,0.01424146625707444,0.004156663113305779,0.0
CCTGTGCATAGGAGAC-1,T cells,0.0550846676415387,0.037685217938176974,0.009204606331009984,0.0
CATACGGGTGCATGAT-1,T cells,0.03372743043124202,0.02472862548776603,0.006392622028376854,0.0
CCACTAAACTGAATCG-1,T cells,0.04724123646446612,0.02995581227126757,0.00413705753616668,0.0
AAATTGCGGCGGTTCT-1,T cells,0.036260236203394414,0.03826229303635155,0.009072490448503584,0.0
AGTCCAGCGGGTACGT-1,T cells,0.036163193482646586,0.02687361252809393,0.007564522634262879,0.0
CATTCAGGTCAGTGCG-1,T cells,0.055010187150655886,0.04874224783375577,0.011274015083593365,0.0
AATCAGACTGCAGGAC-1,T cells,0.03876710988525464,0.03186015699195165,0.009776612588595314,0.0
AAGACTAACCCGTTGT-1,T cells,0.00040114895604096676,0.015834856867580065,0.011562794084708655,0.0
TCACTATCGTGCAATC-1,T cells,0.04395627734594616,0.03668395099908549,0.004653706998538786,0.0
TATGATTCTGCTTGGT-1,T cells,0.03283663179669859,0.02189132841182518,0.0038308665732423226,0.0
TAAGATTTAGCGGGAG-1,T cells,0.039502385998702774,0.04233366353032407,0.007330629718818747,0.0
TTACGGTGTCACCGAG-1,T cells,0.05327736276659373,0.04026582708449188,0.011376379289029702,0.0
CTACACTAGCTTGTTC-1,T cells,0.02953637715917473,0.032154190203206326,0.004644685002993626,0.0
TGAGCAGTCGTGAAGT-1,T cells,0.0097494263284312,0.014515480768394508,0.003407266547236037,0.0
CGCTGAGGACGTCCAA-1,T cells,0.0300666040984835,0.02528786327234611,0.004181492419488624,0.0
GTGTATGACTTTAAAG-1,T cells,0.025092044031603856,0.023099220385576966,0.0030873016234596725,0.0
CTAAACGGGTGTAATC-1,T cells,0.03628383956997881,0.030025778083779004,0.004326557387962186,0.0
TGTACTGTGCCAAAGT-1,T cells,0.035989457123269716,0.03039894641171905,0.0045471446600792095,0.0
GGCCACAAGCGATGGC-1,T cells,0.02879326911127068,0.024397836241907184,0.002922715957377783,0.0
GTCAATTGTACTGAAG-1,T cells,0.02658035983753324,0.024752824148530445,0.0039224940450303305,0.0
AGGGACAGCACGGCGG-1,T cells,0.02140457619640993,0.02003144070641188,0.007349498043901936,0.0
AGCTTATAGAGACCTG-1,T cells,0.016048398763154226,0.019075715280671975,0.005234996033886268,0.0
AACTAGCGTATCGCAC-1,T cells,0.032034561805503556,0.02825982381320775,0.004626383487909569,0.0
AACTTTAGCTGCTGAG-1,T cells,0.024926752995576326,0.02600351158367579,0.0046854778863259445,0.0
CCCAAGACAGAGTATG-1,T cells,0.019046478236807107,0.021013239908318364,0.008759933555489397,0.0
GGCATCAACGAGCACG-1,T cells,0.01938996910065342,0.02153011233516927,0.0068948546385593085,0.0
ATGCATTCCGTGATGG-1,T cells,0.027728181176063887,0.025983463180996185,0.00567683511212757,0.0
TTATAGATGCACATTA-1,T cells,0.027364227580929545,0.02266542580726614,0.006508332594830783,0.0
GAACCATCTGGGAGAC-1,T cells,0.028512657913041528,0.023612218521882406,0.004043871680636918,0.0
TGCTATACAAACGGAC-1,T cells,0.020991331172431085,0.018612195614395192,0.004629008518883747,0.0
ACTTGCCATATTGTAC-1,T cells,0.019987602029462266,0.018789401244832186,0.0027201736121409176,0.0
CAATTTGACCGGGAAG-1,T cells,0.03788083564164635,0.02961891691681503,0.007470003921188327,0.0
TCTGACTGTAATGGTT-1,T cells,0.04059434124608116,0.033441530553686774,0.002949057280433121,0.0
TTCATAGCCTTGTAAC-1,T cells,0.028440167170684514,0.019072142747805765,0.00589188652043908,0.0
TGGAAACGGAGTGAAC-1,T cells,0.03966651096340271,0.03739008571645119,0.011058089733675008,0.0
ATCGCACGATTGTTCA-1,T cells,0.03601751314470855,0.028785604198199637,0.007705848607416794,0.0
CGCCACCCGCATTAAC-1,T cells,0.03965454676972432,0.036422220183483,0.002606012014478022,0.0
TGGACCACGGCGTTGA-1,T cells,0.03157606740009659,0.03227928917508243,0.004732245254598305,0.0
GTATATGTTACGGCGG-1,T cells,0.027757678907008358,0.02915674239628635,0.006846691454029366,0.0
GTATTCTTACCGTGCT-1,T cells,0.016909373867088004,0.027391185567784436,0.0036708852967476317,0.0
TTCAGAGTAACCTGAC-1,T cells,0.028304105940551567,0.019839411562347715,0.0036308434027428225,0.0
GCGGTAACCCAAATGA-1,T cells,0.022306429307295317,0.023690191539449172,0.005285112170175245,0.0
CTACGTGTTGCCACCA-1,T cells,0.0353241948036621,0.03487395044804829,0.006653125346967767,0.0
CTAGATAAACTCCTCG-1,T cells,0.028367559271394734,0.034517433034030875,0.0061983460226773335,0.0
TCCATTAGTTGGATAG-1,T cells,0.059902520785799634,0.04618671908197738,0.005936739500949117,0.0
CTGGCTCCTGCGGGAT-1,T cells,0.04961939455793649,0.04169254272122987,0.011033754723799095,0.0
CGATATTAGCCGCAGG-1,T cells,0.040296001760406895,0.029878750151510723,0.007667051364648578,0.0
AGCGTCTGAACCCGCA-1,T cells,0.02447107838101842,0.02606839593195272,0.0035798198050611125,0.0
GATGTCCGGATCACAT-1,T cells,0.03649412745642417,0.030161269247514534,0.0024313065694418646,0.0
GGTCACGTTAGATTCA-1,T cells,0.01860865839144213,0.018551710928521422,0.0017790798129193985,0.0
TTAAGGATACGGAGGT-1,T cells,0.020057089038011806,0.01873670913297132,0.0066577550297311,0.0
GTGCGGGACCATCGGC-1,T cells,0.027869707184938263,0.025679984963509195,0.002511099192628822,0.0
CCATCTTGTTCACAAT-1,T cells,0.03588536892577817,0.03077190024874805,0.007279214289169215,0.0
TCCGAGAAGGCTAAGC-1,T cells,0.030717575511996966,0.02419101996071728,0.002801429133139797,0.0
TGGCGGTGTGCGATTG-1,T cells,0.03752458179418294,0.024091258418764222,0.0025741681166009567,0.0
ATCCTGCTGCAGATAG-1,T cells,0.010020680032774667,0.011117737387367013,0.004630707843604078,0.0
TTATGCGTCCCGGTCC-1,T cells,0.021199293391035084,0.02032386785071546,0.004776059117448392,0.0
CATAATGAGCGGGCGA-1,T cells,0.030158866324133247,0.027633446525650467,0.002994566960771438,0.0
AGACATAGATCCTTCC-1,T cells,0.032266278159376424,0.027016260373036734,0.009540663127199998,0.0
GGTGAAACCGGGAATG-1,T cells,0.038771793234014265,0.0364927451920273,0.006294886989655402,0.0
AACTGGTGTGGGCCTT-1,T cells,0.03636936689224757,0.03571851764670861,0.004966069622471133,0.0
GTAGCGCTGTTGTAGT-1,T cells,0.02944612556578921,0.0218828116552675,0.0025416375032508444,0.0
TTGTTTGTGTAAATTC-1,T cells,0.021791382009910428,0.022339728593747398,0.003710175127803795,0.0
GGATCAAAGGACGAGG-1,T cells,0.0302370287967294,0.02519395978590906,0.004153561825714582,0.0
CAAGTGAACTTTGGTT-1,T cells,0.027022890401255547,0.02257805257734986,0.005274104785029032,0.0
ATCGTCCAATCGAGTC-1,T cells,0.0002483370108997576,0.008526286735365415,0.007810718890087749,0.0
ACATGGCTCAATTTAG-1,T cells,0.026117658876534673,0.023877041664096234,0.002896419306008108,0.0
AGGCCCAGTGACTGGT-1,T cells,0.019043009103196357,0.029930225418605634,0.01033691042077319,0.0
GCTTCCAGCTTAGATT-1,T cells,0.028257675280104408,0.030720335942413586,0.00618633063369487,0.0
TGCTTGAAACCATGCA-1,T cells,0.021989399239951024,0.026082104986815187,0.008975838168091357,0.0
CAATATTGGACTAGTG-1,T cells,0.04734775144979783,0.04239018305046829,0.005946991514803897,0.0
CGTGCTGGCCTAGTCG-1,T cells,0.050166029332028086,0.047733346867561546,0.006703157757385019,0.0
CCTGCGATAGAACTGT-1,T cells,0.02633707024744206,0.028624274869303107,0.005049022495790537,0.0
GGGTAATGCTGTGTTT-1,T cells,0.02102139896192077,0.02395824781855766,0.005570855355809805,0.0
AACGCGAACGGCAACA-1,T cells,0.04447198455810304,0.03795417191964429,0.009088851674206037,0.0
TGTCGGCATGGTGGAA-1,T cells,0.07977636759234087,0.05833930120220841,0.017846483165696984,0.0
AGCGTACGAGAGCTAG-1,T cells,0.07115092808434438,0.06958018738504232,0.010828114580030612,0.0
ATACTCTCGCCACTCT-1,T cells,0.0694735787882964,0.05893657473766094,0.009981449817317856,0.0
AATCCATGCAAGGGTG-1,T cells,0.03708934214547608,0.03258602134192385,0.010268738836154874,0.0
TTAAACAGAGTCCCGC-1,T cells,0.050082278057365474,0.04208075983228821,0.016484672871150727,0.0
CCACAGCTGAAATCAT-1,T cells,0.056159669698857995,0.044189282432331195,0.00976687378928835,0.0
CGGTTCCGGCTTCTTG-1,T cells,0.05364122488524177,0.04204578215349762,0.004536071817649613,0.0
GACGTGAGACTCCATG-1,T cells,0.12132014392470736,0.10186880954482502,0.017093728043929116,0.0
TCGTTGGCTCGTCAAT-1,T cells,0.02619332399509514,0.02959215597331898,0.010579098169550414,0.0
GGTGAACGGGCTAGCC-1,T cells,0.0955802958791789,0.09019465756501935,0.011500397111686848,0.0
GCACTGTGCAAATGTA-1,T cells,0.07457878876749242,0.0681978375240308,0.01926733165757308,0.0
ACGAGAACCCATCACG-1,T cells,0.2098626207579929,0.16291526769318387,0.02324910624050236,0.30000000000000004
CCAGCTACGCCTCATA-1,T cells,0.0538649142909947,0.037105460156806554,0.006385458587980575,0.0
TCCCGGTCAGGAATTT-1,T cells,0.05773237163711705,0.047952517937383435,0.006473639334883902,0.0
TCGCATTCAATGACTT-1,T cells,0.021370039690050135,0.02246817726699623,0.007040995386487244,0.0
CTGGTTCAACGCATCA-1,T cells,0.021369968900289298,0.018636659655389576,0.0029137237601365457,0.0
GGTGATTTCATCTTGT-1,T cells,0.045457071582857986,0.038626079400607735,0.007555779596500984,0.0
CACCCTTTCCTCGCTC-1,T cells,0.02355322171427354,0.020384775682369526,0.003713713401475426,0.0
CAACTTGTAGTGGGCA-1,T cells,0.017233559053908394,0.02308949403494013,0.004067197421411015,0.0
AATATCAAGGTCGGAT-1,T cells,0.02543064409507492,0.023695000537304927,0.010200307723450671,0.0
ACTCAGACCTGCTTCT-1,T cells,0.02551246337690748,0.020445890417222373,0.003894296950319395,0.0
TTGGAGTCTCCCTTCT-1,T cells,0.03361274309337291,0.023958740956638896,0.007941226178919665,0.0
GGATACTCATGAATTG-1,T cells,0.03105560724858536,0.02409965638904288,0.0057114627612217285,0.0
TGGGCACAAACAGAAC-1,T cells,0.023511158771523096,0.021828801785336038,0.00581550922454649,0.0
GAGCCACGGTAGTAGG-1,T cells,0.0240582518844202,0.022570147332376132,0.0021721174506173185,0.0
TCGATAGGCTAGTCGC-1,T cells,0.022663096147300832,0.02487056889395384,0.005629562240811027,0.0
TAACCGCCCGCAGTGC-1,T cells,0.029110912523366353,0.025545940912311337,0.0031217886295560574,0.0
GCCTATTTGCTACACA-1,T cells,0.0309512558038868,0.029621802547859788,0.003801905190281337,0.0
TGGATAGAGTAACAGA-1,T cells,0.06111685121276089,0.04891409696264764,0.011634516069419964,0.0
TCACAGATCCTCAAAC-1,T cells,0.012393403437895223,0.018557065754694405,0.006977398609850392,0.0
AGAGCTACGAAAGCAT-1,T cells,0.049651666453567216,0.04121637273835357,0.015248758119465595,0.0
TGCGTGATTGGGTGTC-1,T cells,0.016739310900701247,0.022285089869014046,0.00707235984011637,0.0
CACATGTTTGGACATG-1,T cells,0.03190508028784963,0.030737182944683573,0.004235911200979311,0.0
TTCGCATCCGGAAGCA-1,T cells,0.049418616438355156,0.05898062979886006,0.01252003245235317,0.0
CCCTAGTGTCAGGTGT-1,T cells,0.024948490001723302,0.024749547856641192,0.007086358950675961,0.0
TTACCGCCTTAGGGAA-1,T cells,0.02544055944795673,0.017750332185359,0.00548099248848219,0.0
CCAGTCCATTATTCGA-1,T cells,0.0366794033254133,0.03686120940932751,0.015235417000812834,0.0
CGTAAACGCTTGAGTG-1,T cells,0.012196928113340624,0.021028218797902162,0.005648671674161864,0.0
ATTCCTTCCAGGCGGT-1,T cells,0.017833330122797322,0.024613964800577946,0.0070660887600157785,0.0
TTCCTTTCTGTGTTGC-1,T cells,0.004141049655750917,0.01445722469359175,0.006133755301145793,0.0
AGTTGACATCGGCTGG-1,T cells,0.07764338676571854,0.058239178246121716,0.01405770287438918,0.0
AACTCGATGGCGCAGT-1,T cells,0.042760901246616224,0.03551913345527609,0.008344880208037682,0.0
GATAAGGCAGATGCAA-1,T cells,0.11604506996579911,0.1051654696677766,0.019448188707342388,0.0
GGCTGGCTAGCTTAAA-1,T cells,0.041622936501392975,0.04559820134107751,0.011917474009236293,0.0
CCTCATGCAGCTACGA-1,T cells,0.036087101990870576,0.03189181352272598,0.0027770011321748386,0.0
GACGCCTGTTGCAGGG-1,T cells,0.03297839123737833,0.026200203097250473,0.007561263427748549,0.0
TAATTAGATGGATATG-1,T cells,0.04149885403177526,0.030005904453741534,0.01192394856828221,0.0
GAGGGCATCGCGTATC-1,T cells,0.03961767733774267,0.03944210736142842,0.00819661570085485,0.0
CTTGTGAGTCTTTGAC-1,T cells,0.028700987072594407,0.02985611495593009,0.0046523683724392735,0.0
TCAACACATTGGGTAA-1,T cells,0.04073467726787124,0.034309795019166346,0.005884942434741947,0.0
ACTGTATACGCGAGCA-1,T cells,0.02131799617310124,0.020958356612002977,0.0032985310238706866,0.0
GTGAAACGTGCTCCAC-1,T cells,0.032218463745896694,0.031067281409376278,0.004767560121601386,0.0
CGAGTGCTATAGTTCG-1,T cells,0.046048615390315836,0.0331886497725245,0.007653494704344816,0.0
GTACTGCATGAAGCGT-1,T cells,0.03427262420208353,0.03141352960356937,0.0059406110749263335,0.0
GTAACTTGCGGCAGTC-1,T cells,0.03956922331407829,0.0367998988868492,0.00761920954199802,0.0
GAATCGCCGGACACGG-1,T cells,0.03852783106766904,0.03091132913831836,0.0061376983335613014,0.0
GGGAGTAATGGCTGGC-1,T cells,0.023905932535908125,0.023413987007136837,0.003497443896902751,0.0
CATGAACCGACATTTG-1,T cells,0.021235066491173446,0.019852147689547656,0.00313495179496301,0.0
TCTGTCATACAAGAGC-1,T cells,0.027736740855598168,0.02588125741424771,0.003516626514733815,0.0
TAAAGAGCCCGAAACC-1,T cells,0.024112064323170784,0.01970388580841239,0.003770672972099232,0.0
CATTGTGTGCTAGATC-1,T cells,0.06451425809329323,0.06475520946916458,0.016761630462546976,0.0
CGCGGCAGTATTACGG-1,T cells,0.0278652484144909,0.02255575451770367,0.008330907097537144,0.0
GAAATGGGATGTAAAC-1,T cells,0.037895307205166054,0.03626389201965148,0.0037432293709927103,0.0
CATTCCCTAAGTACAA-1,T cells,0.04151187836317546,0.034620783805726446,0.006605631960156467,0.0
AGTTCTGCGTTGTATC-1,T cells,0.04495171173625558,0.04360940710987102,0.008993293422654305,0.0
ACCCTATAGGACTGAG-1,T cells,0.04173939149939033,0.02930564123650834,0.008906794111170253,0.0
TTAGATAGGTCGATAC-1,T cells,0.023497434733950034,0.02281461510642823,0.0071387936325271704,0.0
ATTGATAGCAACGAGA-1,T cells,0.02021758156219091,0.018568506888344927,0.0033117042541570213,0.0
TCTCGGCTCCAGGACT-1,T cells,0.011308648817360992,0.01777635496138756,0.005055305963483224,0.0
CTTGAGGTTATCCCGA-1,T cells,0.004805803656315604,0.0072860418286004635,0.00473504874509249,0.0
AAGAAGGATCAGTTAG-1,T cells,0.007931405775426108,0.009241066371444586,0.006355272755682995,0.0
GTACGACGGCGCTGCG-1,T cells,0.01774502597826044,0.021263963225384507,0.004871595184916573,0.0
CTTATGTTGACTACCA-1,T cells,0.029011973879350273,0.030132061662182064,0.004298033041439459,0.0
CGGCACTCAAGAAAGT-1,T cells,0.04174843631518507,0.03294090920494313,0.008747129468773882,0.0
GTCAAAGTTTACATAG-1,T cells,0.03136236035976131,0.020526381292276245,0.005973208379899759,0.0
CTCCTAAGTTATGTCT-1,T cells,0.05145199818942698,0.044684080473764036,0.0034107011122901636,0.0
ACTGTGCTAGTAGATC-1,T cells,0.034484284794279306,0.03365355237569938,0.00543085663071047,0.0
GTTTGGCCGCTCAGCG-1,T cells,0.03178978827406717,0.032158060586651945,0.0046671564934903115,0.0
TTATCCAATCGAACTC-1,T cells,0.09236262819969185,0.0861265574560732,0.015151206398601957,0.0
CCGTACCCAAGCGCCA-1,T cells,0.059208885471191915,0.04534089490789387,0.01401602715173925,0.0
CATACAAAGCCGAACC-1,T cells,0.052053302723264645,0.04406744571076092,0.011074151954935321,0.0
GGTCGGTAATTAGACA-1,T cells,0.04656700331353242,0.046020470826546554,0.010177738387191758,0.0
GCCCACCAAGGCTGTC-1,T cells,0.025943500841010332,0.023298539354512572,0.005033316507726367,0.0
GAGCATCATCCCTGGG-1,T cells,0.019814301352025433,0.020687997103423193,0.0027334989276094823,0.0
CATCCGCAGGCCCGAA-1,T cells,0.0253977424299689,0.03490254303738989,0.010461647094631266,0.0
CCCTGATGTAACTCGT-1,T cells,0.02955771865331723,0.03384818311429887,0.006277666359916945,0.0
CCATAGTCAGTAACCC-1,T cells,0.03424041204391225,0.03135889267860421,0.006677498441412639,0.0
CGGGCCATAGCCGCAC-1,T cells,0.020668577402631564,0.01907263575966235,0.007432033115148908,0.0
CTCCGGCTTGTAGACA-1,T cells,0.01779037588349714,0.021990672308708305,0.00447983253729925,0.0
AACTTGCGTTCTCGCG-1,T cells,0.04803484658384572,0.04081795963292724,0.008452654190297375,0.0
AATGAGTTCGCATATG-1,T cells,0.010976419792132545,0.01855876405907451,0.004981327458967454,0.0
CGAGGCCAGGCATTGG-1,T cells,0.03226947795804524,0.031984150544524456,0.0060169821325678375,0.0
TCTGCGTCCGGTTTCT-1,T cells,0.01343370684581108,0.026124440130517068,0.0062954781825956254,0.0
CAATCCTGCCGTGGAG-1,T cells,0.019649687887851302,0.024299891078360024,0.00600953824774922,0.0
CTGAGCAAGTAACAAG-1,T cells,0.03329791803130578,0.03505622070834987,0.004577250322127399,0.0
GGGTACCCACGGTCCT-1,T cells,0.07495749350076143,0.0610142716995812,0.009193945455326183,0.0
ACGGAATTTAGCAAAT-1,T cells,0.0473584365242831,0.044915912604559405,0.009052615936814678,0.0
GGGCGGTCCTATTGTC-1,T cells,0.042869306658104005,0.033151476826870654,0.005542542259214877,0.0
ATGTTACGAGCAATAC-1,T cells,0.054513216950999956,0.04546557285540258,0.009977741555320576,0.0
AACCATGGGATCGCTA-1,T cells,0.04553489191433517,0.04168431550126693,0.007012998214108114,0.0
ACTTAGTACGACAAGA-1,T cells,0.04750657213245732,0.03484884635037355,0.008091633414592342,0.0
GCTCAACCTCTTAGAG-1,T cells,0.019517905731805948,0.019628238447690773,0.011380283051217872,0.0
GCCTTGTATATGCAGT-1,T cells,0.00024309959621306594,0.01188516118534076,0.006745339391812912,0.0
ATAATACCGTTAGCCG-1,T cells,0.06020310773027301,0.04508022937402001,0.006817948472053445,0.0
ACACTCCAATGTCACT-1,T cells,0.030848200832117475,0.030514333052346382,0.006336145654795202,0.0
AGTTGCTGACTGATAT-1,T cells,0.034509637192885516,0.03211327518727884,0.006945225048909537,0.0
GGCGCTCCTCATCAAT-1,T cells,0.015604123247509769,0.017743946859652925,0.005954382823522011,0.0
TGCCTGACATCGGTCA-1,T cells,0.01752246396075586,0.017089089669551572,0.006520002205535637,0.0
TTGGCCATCTTGCGCT-1,T cells,0.027079256450078595,0.023637753794224895,0.0046396025919737925,0.0
CAGTGGTTGCACATGA-1,T cells,0.038821584537598666,0.026800404512001608,0.006462959418435548,0.0
AGAATTGTTTGACATA-1,T cells,0.026203440664804838,0.030929920147099804,0.00338938753480807,0.0
AAATGCTCGTTACGTT-1,T cells,0.01717616799987906,0.024173021041779565,0.0050555761178106865,0.0
CACCTAATAGAGTCGT-1,T cells,0.022336845355760717,0.021030683901521803,0.008497463344705617,0.0
CATTTCTAGCAGACTA-1,T cells,0.053129122516698324,0.03744070802087391,0.01196730857200321,0.0
AGCGACATCCCATTCA-1,T cells,0.4279393151682659,0.38580839149534263,0.036437294363245686,0.9999999999999999
AGTAATGTCTTGCCGC-1,T cells,0.5408713036753946,0.472670174299175,0.03436673240375597,0.9999999999999999
TTCTTAGTGGCTCAGA-1,T cells,0.3618632049900945,0.3146502088554376,0.022136837476733482,0.9999999999999999
CGTCTGGAAGGGCCCG-1,T cells,0.18138824843809062,0.15232966930248554,0.021260257298608132,0.0
ACGTGCGCCTCGTGCA-1,T cells,0.10060712665304045,0.07807983574887047,0.013467254911067846,0.0
AGAGCGGGCTAATCAT-1,T cells,0.20700825873684697,0.18394209972914027,0.030431917488101794,0.5
GCGTCGAAATGTCGGT-1,T cells,0.20954975805783155,0.18624838550083886,0.022120250734578586,0.7
CGAGCTGGGCTTTAGG-1,T cells,0.06462477998934626,0.05538518777002364,0.009114231962344595,0.0
ATAGCCTCAGTACCCA-1,T cells,0.04003478217669428,0.029325974240930235,0.009436990279838065,0.0
CGGGAGTATACCGCCG-1,T cells,0.08433995862436008,0.081182940117027,0.006937111403377397,0.0
GTCCTACAGGCGGCTC-1,T cells,0.01981966460160387,0.020974531104865222,0.004995699772205559,0.0
CGGATAAGCGGACATG-1,T cells,0.04699254966697587,0.04318062073291168,0.005867288169095874,0.0
AACTTCTGCGTCTATC-1,T cells,0.02303010516122865,0.027160611259870782,0.0038654033057574618,0.0
GGGTTCAGACGAACAA-1,T cells,0.014974296725762878,0.024695453929730424,0.008331252903571439,0.0
AGTCTGGACATCCTTG-1,T cells,0.027017322861931006,0.030514810397993843,0.010435976547104825,0.0
GAAATACTAAACGTTT-1,T cells,0.048006350679487345,0.04870995152199986,0.0045650256771179055,0.0
TTGCTGAAGGAACCAC-1,T cells,0.20796766567946312,0.16826502884933836,0.021180561944848568,0.30000000000000004
TATTTAGTCTAGATCG-1,T cells,0.11319271868996114,0.1106271321208752,0.015364669398903085,0.0
CTCCGGCCTAATATGC-1,T cells,0.09635457006760649,0.09086783820618484,0.02241115342224615,0.0
TTGTGGCCCTGACAGT-1,T cells,0.16796400350730378,0.14836757275958307,0.01316966873070758,0.0
TCGCCGGTCGATCCGT-1,T cells,0.13061875504265624,0.1111196515115066,0.015206223383373461,0.0
CCATAGGTTGGCGTGG-1,T cells,0.08307100227849099,0.07639575328652097,0.013732970228089123,0.0
GAACGACCGAATGATA-1,T cells,0.08475423323205294,0.07988223396334815,0.016282737022343393,0.0
TCCGATAATTGCCATA-1,T cells,0.058526840486851556,0.06181387509037255,0.010667943371743293,0.0
CATTACGTCGGCCCGT-1,T cells,0.08411183686603024,0.07984886286321595,0.013225047103485108,0.0
CAAGCACCAAATGCCT-1,T cells,0.09590434460423083,0.08243939401676058,0.0166844368961047,0.0
TGCATGGATCGGATCT-1,T cells,0.055950701554215984,0.046841230843287625,0.008478969526582723,0.0
GAAATCGCGCGCAACT-1,T cells,0.05018857912864255,0.04260656093961647,0.007141700950667139,0.0
CTGAAAGAGATCCGAC-1,T cells,0.03650496037602251,0.02656567619970998,0.005597461252744423,0.0
ATTTGTTCCAGGGCTC-1,T cells,0.038626102480640315,0.03582543454053992,0.006060672728396433,0.0
GATCGGCGATAAGTCG-1,T cells,0.0467300806373535,0.03148734428879434,0.008610534108276958,0.0
TCCGTAACCACAATCC-1,T cells,0.0428969191548476,0.04671112446050142,0.007362586558242485,0.0
GTACGAGATTGCGACA-1,T cells,0.1310571816342351,0.13233093551572042,0.015450032488486457,0.0
GTATAGGACTCAGTAG-1,T cells,0.06829614633641738,0.06440918217058059,0.012275479129338617,0.0
TTGCACGGAGCAGCAC-1,T cells,0.067481718413587,0.05850024089259133,0.009797528474778005,0.0
CACAGCTAGGGAGTGA-1,T cells,0.08005971541084121,0.06372507877850765,0.008607425190870712,0.0
ATACTAGCATGACCCT-1,T cells,0.19171183730743277,0.1673588075790527,0.01349020772906598,0.30000000000000004
CCAAGACTTCTGCGAA-1,T cells,0.11556816181236994,0.10833132716400957,0.01529760701659773,0.0
ACATAATAAGGCGGTG-1,T cells,0.21094042054329343,0.2019439865666431,0.032998784392504116,0.9999999999999999
TAATACACAGTAGTAT-1,T cells,0.10342018207858203,0.09738201303459391,0.019766236959504586,0.0
TCTTGGTAACACCAAA-1,T cells,0.12158581086088271,0.10258964325681123,0.011520680901536443,0.0
AACTGGGTCCCGACGT-1,T cells,0.08546256309931026,0.08328488024905076,0.02300131630469754,0.0
ATCACTTCATCCTCGC-1,T cells,0.12449209639640046,0.10889310975377772,0.021464309928574152,0.0
TGGAAGGATAAAGATG-1,T cells,0.04540095783968151,0.04238403978916958,0.008489314332330456,0.0
CATGATGCACAATTCT-1,T cells,0.08286129289350702,0.08015364208564128,0.00772540472726835,0.0
TGCCTGATCAAACGAT-1,T cells,0.10654395121909224,0.10002084637971753,0.016755203029826984,0.0
ATAGGGATATCCTTGA-1,T cells,0.15375866336966013,0.11718949483931165,0.02163883287889641,0.0
CACCTAATCAGTTTAC-1,T cells,0.059272200528009425,0.04955262719721705,0.007140572167715877,0.0
TGTGACTACGCCAGTC-1,T cells,0.09460443164433431,0.08158722539949662,0.017154435060837293,0.0
CCCGACCATAGTCCGC-1,T cells,0.03117701411893282,0.030709962143159037,0.005366627573470995,0.0
CGCGCCCGACTTAATA-1,T cells,0.0954388089634871,0.08234841771298974,0.009674557515155474,0.0
TGCCACCTGGCGAAAC-1,T cells,0.03463859257451356,0.033344805289789475,0.005178763205384472,0.0
CTGCCAAGGTTGGAAG-1,T cells,0.09698688176587052,0.08705442088968829,0.018631007035293263,0.0
TCTCCAACGTAGGTTA-1,T cells,0.055035288512951905,0.047249888052233666,0.007979123695163648,0.0
TTCTTGGAGTAATGAG-1,T cells,0.05993612350865188,0.052608903058228115,0.007823646093176515,0.0
GTCTCGATCTGCTTTC-1,T cells,0.04801655097496671,0.039666401251683706,0.006296596967717337,0.0
TACTCTCCGAACAAAT-1,T cells,0.03602246405796576,0.02953145753862955,0.0048387641172890645,0.0
ATCACATTAGAATATC-1,T cells,0.052597751564633824,0.04576275940992206,0.005984197538835586,0.0
TACGGGATGCTAGCAG-1,T cells,0.03246570611552974,0.030945644246831123,0.00458333494283727,0.0
AGCTGAAGTAAACCAA-1,T cells,0.07397278573685602,0.06740574074978063,0.011060099171076239,0.0
CATGGGTCGGGTGTGG-1,T cells,0.04553468139777068,0.04007603686329719,0.011409922219237265,0.0
CACCCACGAGGCAATT-1,T cells,0.05778402498103638,0.05285838054121852,0.009777199356887449,0.0
TGCCATTACTAAAGAA-1,T cells,0.04482352898530991,0.0419995640807637,0.005246188680147462,0.0
CCGTTACGTTAGAACA-1,T cells,0.02658422287897972,0.02385963382772762,0.002852102626783174,0.0
GCCAGGAGTAACCGAT-1,T cells,0.06916151485067469,0.062354071187401695,0.00887075076384896,0.0
TCTTACCGGAACTCGT-1,T cells,0.06412306864834628,0.0541954440932777,0.005633836117040249,0.0
CTGTTCACTGCCTGTG-1,T cells,0.0698962581679024,0.07103593613593193,0.016778328463336274,0.0
ATGTGCATCCGACGCA-1,T cells,0.07163934068170023,0.06335971411925159,0.014870569629327266,0.0
TTGTCGTTCAGTTACC-1,T cells,0.07183658702167713,0.06934343687213677,0.013102252631533412,0.0
CGGGATCAATGTAAGA-1,T cells,0.06310927393405374,0.06267296784501897,0.007681590773744208,0.0
TTATCTGTATCATAAC-1,T cells,0.13382892208726574,0.08588179492023876,0.02868175269632074,0.0
ATCGACTCTTTCCGTT-1,T cells,0.11626771410319679,0.11822357424562183,0.013359453599064494,0.0
CTCATTTGATGGGCGG-1,T cells,0.20155969090549017,0.14954383847641042,0.029207593562049973,0.2
GTAAGCGGGCAGTCAG-1,T cells,0.14860584456592718,0.13469886596391456,0.015015713575949155,0.0
TCTATCGGTCGCAACA-1,T cells,0.21206343509026274,0.15128824275077968,0.03603334161289342,0.1
AACGCGGTCTCCAGCC-1,T cells,0.05933509802700577,0.04827607338511451,0.009578232247594782,0.0
ATTAATACTACGCGGG-1,T cells,0.09939191145777426,0.07245994935124432,0.03396521432407328,0.0
CTTTAACTTTCAAAGG-1,T cells,0.19244380404146258,0.1829725963146526,0.028937175170168482,0.7999999999999999
CGTACCTGATAGGCCT-1,T cells,0.07358525929061022,0.06462698957150109,0.017141375182575913,0.0
GAATGTTGGGTAATCT-1,T cells,0.28666226249282234,0.2217771222958435,0.029954657943009697,0.9999999999999999
TGCGGAGTAAAGGTGC-1,T cells,0.2563750967475888,0.22022080855380918,0.03174460109565124,0.9999999999999999
CCTGAATATTTACATA-1,T cells,0.1716310424695007,0.15461040354639344,0.02733443873874332,0.0
TTGCTCCCATACCGGA-1,T cells,0.19837280871144058,0.1684870726692505,0.020764565135355326,0.4
CCTCTAATCTGCCAAG-1,T cells,0.10432558687421048,0.10888670752236321,0.017179932658910227,0.0
AGGTTGAGGCACGCTT-1,T cells,0.09451525930552082,0.07081799107650424,0.009587951156179777,0.0
TCCCGTCAGTCCCGCA-1,T cells,0.05861849642733585,0.07213776251636063,0.01188874731721026,0.0
TCCGATGACTGAGCTC-1,T cells,0.086718257888025,0.08149179336846528,0.014117031510194843,0.0
CAGCCTCCTGCAGAGG-1,T cells,0.11049845912835486,0.09591180486293047,0.016837898676012087,0.0
CTTAGCCTTCCACATG-1,T cells,0.07784003483759967,0.06543743457847417,0.014659406277470087,0.0
ATTAATGAACCAGTCG-1,T cells,0.07075802205077858,0.06250774121972394,0.010301399516832257,0.0
ACGATACATAGAACTA-1,T cells,0.059128579051176196,0.04834917549599581,0.00367679101321581,0.0
AGCCACTCCCGTGCTT-1,T cells,0.04002419194173271,0.03044181067065942,0.005489437424161145,0.0
ATACGGGTTTCGATTG-1,T cells,0.049232213500008885,0.03799666718600893,0.005761038232292681,0.0
CTGTCAAATGGCTCGG-1,T cells,0.033568865497329896,0.032990145674370905,0.005868943279782818,0.0
GCTCGGAATTTAAAGC-1,T cells,0.030015229084042375,0.02643130473120265,0.004522435396851129,0.0
TAGGCATGTTACGCCA-1,T cells,0.055767838215906314,0.04764691621859504,0.009080110723955585,0.0
TGGCAACTCGCGCGCC-1,T cells,0.038872639815913705,0.03159768365291384,0.004636397385755603,0.0
ATCAGTAGGCAGGGAT-1,T cells,0.045697459175405596,0.04476124223807869,0.010453120519867529,0.0
TATCGATCTATGCATA-1,T cells,0.05286808590268264,0.04336398999880763,0.005167752462870456,0.0
CGACTCAGGATGTTAT-1,T cells,0.12369182334439462,0.09335343917486894,0.016962613471268755,0.0
GCCATATTGCACACAG-1,T cells,0.16369526592533634,0.14031531176899117,0.016495307080322406,0.0
AATTCATAAGGGATCT-1,T cells,0.3101096026010995,0.2529768818377541,0.024768615495425278,0.9999999999999999
CGGTAGAGGTGCAGGT-1,T cells,0.2186718173761889,0.1777421050910188,0.026097139600883862,0.7
AATGATGATACGCTAT-1,T cells,0.28193315871810615,0.24046029673147568,0.0260892545465691,0.9999999999999999
ATCGCACGCCGGGAGA-1,T cells,0.11135849960258834,0.1410921898039241,0.024126153375518128,0.1
GCTCTAAACCCTGACG-1,T cells,0.13818218577236627,0.10128090044978329,0.028669589565256677,0.0
AATGCAACCGGGTACC-1,T cells,0.13069067615597613,0.11881692147024689,0.024783111444436286,0.0
TCAAACAACCGCGTCG-1,T cells,0.11722401732161192,0.11086987851858998,0.022525987129783372,0.0
TATGCTCCCTACTTAC-1,T cells,0.08210776951791886,0.07190219765678427,0.014899385233807134,0.0
AAAGGGATGTAGCAAG-1,T cells,0.20977470284400754,0.1458628988385548,0.030202776767417804,0.30000000000000004
ACGATCATACATAGAG-1,T cells,0.14627847240464673,0.10513902878904088,0.023064542939569315,0.0
TTGTTCAGTGTGCTAC-1,T cells,0.18341617226328882,0.1469020784478884,0.03166543146339417,0.1
ATGCATGATCCAGGAT-1,T cells,0.15659745865086444,0.13354245657427838,0.026682022857240858,0.0
AGTCTTCTCCTCAAAT-1,T cells,0.10164074908221629,0.08903698401272624,0.009116807065479798,0.0
GATTCCCTTGTCGCAG-1,T cells,0.35882035872967233,0.3367459008973824,0.05061565702229707,0.9999999999999999
CTCGCACCTATATAGT-1,T cells,0.1895874623512395,0.17422089468813337,0.025517058581422836,0.5
ACTCAATAAAGGCACG-1,T cells,0.278945494116855,0.2659551377278584,0.05401293831500048,0.9999999999999999
AACCGAGCTTGGTCAT-1,T cells,0.1360200977336661,0.13050439537632003,0.022458352771644086,0.0
TAAGGCAACATAAGAT-1,T cells,0.12946961851967556,0.15253546499567333,0.024581339543168258,0.2
CACGCACAGCGCAGCT-1,T cells,0.21169306019744263,0.20914138977812735,0.027155172088190634,0.9999999999999999
GGTTTACAATCTCAAT-1,T cells,0.1796450594522313,0.1339124672636444,0.022909800788725853,0.0
TGCAGGATCGGCAAAG-1,T cells,0.130909086912839,0.09896542558681481,0.013158080642090078,0.0
ATAACGGAGTCCAACG-1,T cells,0.11037611838766243,0.0893224218259859,0.01308904901634491,0.0
AACGATATGTCAACTG-1,T cells,0.12756843130979773,0.11184799600076374,0.010219935588861228,0.0
GACAACGACCATTGAA-1,T cells,0.06016503211555518,0.05480264375449132,0.0076364226823892436,0.0
TTGACCATGTTCTCCG-1,T cells,0.06822281276148191,0.05948585862877557,0.008831608497930823,0.0
AGTACGGGCACCTGGC-1,T cells,0.07772109548046897,0.0723891085754222,0.013144083238056414,0.0
CGCCATCCGATTATGA-1,T cells,0.05877786471249632,0.048675243857038614,0.00911230646289797,0.0
AAGGTATCCTAATATA-1,T cells,0.041900138628795484,0.038716749413989775,0.00583687611227287,0.0
TGTTGTCAAGAAGTCT-1,T cells,0.058362015211447744,0.05312481094315431,0.005917233580890141,0.0
CAGTGAATAAATGACT-1,T cells,0.027389385412591612,0.02143664371740917,0.004410147134878207,0.0
CACCTTGCGAAACTCG-1,T cells,0.02681968233611342,0.01980484474441504,0.004807585633249194,0.0
CATTTAGCGGACCATG-1,T cells,0.048949814487050054,0.03338323209960362,0.003959052731129724,0.0
CCAGTCTAGACGGCGC-1,T cells,0.03979027108085663,0.032604557430320515,0.004249519220516694,0.0
TCGCTTTAAACGTTTG-1,T cells,0.039070960558001466,0.028121797831778955,0.006747323049792013,0.0
GTGAAACGGCGCCACC-1,T cells,0.038481237974875904,0.03171446846128069,0.003137913156234988,0.0
GGGCTCATCGAACCCA-1,T cells,0.09295641667096988,0.0739546744497935,0.016347031630982493,0.0
TTGATGTGTAGTCCCG-1,T cells,0.0679967131864333,0.05711024082883592,0.00978252557979035,0.0
CAGTAGCCCACGCGGT-1,T cells,0.1197638945437274,0.09319302053860297,0.014627629493577512,0.0
AGCGCGGGTGCCAATG-1,T cells,0.14221064663243232,0.12386094028442585,0.019888941809062918,0.0
TAATCGATCCGTACGT-1,T cells,0.1424005728624167,0.12128154368833463,0.020555265213080206,0.0
AGTGGCGGCAATTTGA-1,T cells,0.15754754205769395,0.14144437233828122,0.014972012158458893,0.0
CGCATTAGCTAATAGG-1,T cells,0.341942339142287,0.33301960869142944,0.026694733912059072,0.9999999999999999
GCTCTCGGGTACCGAA-1,T cells,0.24757689340748235,0.23851437942652098,0.032228528290377104,0.9999999999999999
CACCGCCAGAAGGTTT-1,T cells,0.2654198118833258,0.28050983824232717,0.02219746507296781,0.9999999999999999
TCCCAAAGACGAAGGA-1,T cells,0.2879281753099552,0.21867628724331337,0.0339153197353103,0.8999999999999999
ATGGATTGACCAAACG-1,T cells,0.20897365004046659,0.19594410439653526,0.033512348372884304,0.7999999999999999
GTCATGGACATGACTA-1,T cells,0.04864266988740711,0.050346112506321726,0.044031997214757715,0.0
CTACTGCCACCTGACC-1,T cells,0.10293337061457292,0.0914732011568833,0.013049494821689102,0.0
TTATATTTGGCAATCC-1,T cells,0.10602896321207128,0.10816429352206365,0.02524042937152911,0.0
AGCACCAGTACTCACG-1,T cells,0.0856423095602504,0.06997061245759276,0.012233361907196256,0.0
CATGGTCTAGATACCG-1,T cells,0.3066563157877683,0.2786006062996119,0.03364956003585239,0.9999999999999999
TCTACCGTCCACAAGC-1,T cells,0.18757634185169658,0.19996004534539086,0.03443934476847928,0.7999999999999999
CTAGTTGGGCCCGGTA-1,T cells,0.37231637565940734,0.33931980713601473,0.04057742967010894,0.9999999999999999
TCCCGCGTACTCCTGG-1,T cells,0.21810752449962661,0.18532971006314783,0.029477606772180687,0.7999999999999999
CAGAGCATGAGCTTGC-1,T cells,0.29667487511752666,0.3202163142466783,0.03682055614936996,0.9999999999999999
ACACGGGAACTTAGGG-1,T cells,0.3295968570811446,0.2926989898771365,0.01566573801351935,0.9999999999999999
GGCTCTGCTCCAACGC-1,T cells,0.21714692407979433,0.20150384747148647,0.028175727213301995,0.8999999999999999
AGAACGTGGTACATTC-1,T cells,0.3227404835161367,0.26370308201519926,0.028449361142938345,0.9999999999999999
CAATAAACCTTGGCCC-1,T cells,0.1286035884392806,0.1144193060819613,0.017564343211126366,0.0
ACTTCGCCATACGCAC-1,T cells,0.1936448129511453,0.1711516012338942,0.026155683475758154,0.4
ATCTGGTTAAGACTGT-1,T cells,0.0950158900846296,0.07386960044101065,0.014256816207782868,0.0
TCGTAAGACGACATTG-1,T cells,0.23243157616443821,0.1947014851887303,0.03394147492763867,0.8999999999999999
GTGTACCTTGGCTACG-1,T cells,0.10074205607644747,0.07994853291145884,0.023057595465576168,0.0
GCCCGTAATACCTTCT-1,T cells,0.07323558776903241,0.06253424999223162,0.007079329665825417,0.0
CGGTCAAGTGGGAACC-1,T cells,0.0889352644416078,0.09072490394633223,0.014340286439041778,0.0
TTGTAAGGCCAGTTGG-1,T cells,0.050908732393725314,0.046905228424681755,0.008261093142898022,0.0
GGAGCACCAAGAACTA-1,T cells,0.0560345061700622,0.0512125460189556,0.006837268404307578,0.0
TAATAGTGACGACCAG-1,T cells,0.051537486002949946,0.04773228289411833,0.005026351040238305,0.0
CTAAATCCTATTCCGG-1,T cells,0.06904741303204799,0.056768244798042766,0.007106973847819286,0.0
CGAGTTCTGTCCCACC-1,T cells,0.07565517401311198,0.06544780835104799,0.013078458541002695,0.0
AGGCAGATGCGTAAAC-1,T cells,0.03096262028241499,0.032427579458781865,0.0043891599407147,0.0
AAGGATGAGGGACCTC-1,T cells,0.05964431055010542,0.05819499467265301,0.011393907309538225,0.0
AGAGAACCGTCTAGGA-1,T cells,0.02990263199428488,0.02416143736242008,0.003928979815352038,0.0
GAGGGCGCAGCTCTGC-1,T cells,0.08020678763734836,0.06896657887858157,0.00934445977410343,0.0
AAGATTGGCGGAACGT-1,T cells,0.05314650196159065,0.04398032510615445,0.007985443699984876,0.0
CCAGTAGTCTGATCCA-1,T cells,0.057577904572674865,0.055428683770701814,0.009636707247603305,0.0
AAGGGACAGATTCTGT-1,T cells,0.19668910980817356,0.16498214526251703,0.02466709422747577,0.4
ATAGAGTTATCAACTT-1,T cells,0.08680787591212226,0.08158171266738365,0.022096112831929426,0.0
AAATTACCTATCGATG-1,T cells,0.1272919346616107,0.1033199926893205,0.021848143944002446,0.0
GATCCTAAATCGGGAC-1,T cells,0.03696730908357478,0.036955194172442536,0.007027554463139135,0.0
GGGCGATATGTGTGAA-1,T cells,0.35655890589656547,0.2945523747796584,0.03104485098277241,0.9999999999999999
CTCGAGGTCGAACAGT-1,T cells,0.15081289218286914,0.1408091298457893,0.020955823304680286,0.0
GATCCCTTTATACTGC-1,T cells,0.12991363388695756,0.14258461508272166,0.025625057686062273,0.1
GTCATGCACCTCCGTT-1,T cells,0.2703473165345331,0.20189751797601757,0.03968089583011186,0.8999999999999999
ACTTTCCTATAGCTTC-1,T cells,0.05467608257379982,0.07500620953751314,0.019260118065181315,0.0
TCGCTCGATATATTCC-1,T cells,0.17566184733966247,0.12922941177756006,0.03250856674209356,0.1
ATAGGTTGGGCAGATG-1,T cells,0.09590162203473966,0.08520755185272615,0.01595958319872826,0.0
CAATTAAGGGTGATGA-1,T cells,0.30508703389889114,0.27261706854589984,0.030831554811445675,0.9999999999999999
ACCGACTGAGTCCCAC-1,T cells,0.21167927503332262,0.19740882328732967,0.0329571955202761,0.7
CCTGTCACCCGGGCTC-1,T cells,0.30352734807868964,0.2749563614873013,0.0480899950558456,0.9999999999999999
GATCGGTGGCCATAAC-1,T cells,0.196200434536781,0.14422178797605825,0.029332560472389448,0.1
CCTATGGGTTACCGTC-1,T cells,0.13509770842456154,0.11497334331097833,0.021575171593097353,0.0
TTGGGACACTGCCCGC-1,T cells,0.25056008872895036,0.22536423187900628,0.024910753901099758,0.9999999999999999
CGAGGCTAAATATGGC-1,T cells,0.11409841629172433,0.09720867667065759,0.019647944104393137,0.0
TCAGGGTGTAACGTAA-1,T cells,0.2652376280380731,0.20403441775925799,0.03230764510585523,0.8999999999999999
CGAGAGATGTGAACCT-1,T cells,0.11866585679992941,0.11158279925511438,0.02458228591444494,0.0
TCGCTGGGCGGATTGT-1,T cells,0.2533848106307517,0.21753944270200215,0.040480888968684015,0.9999999999999999
AGATCTCAGGTGTGAT-1,T cells,0.09502179500970748,0.07486605599205626,0.015817881489414924,0.0
TGGCCAAACTGAAGTA-1,T cells,0.1355680454772569,0.12315167558414328,0.019629273064551943,0.0
GCTTCCGTCCCTAGAC-1,T cells,0.13551796419111709,0.07724304025630599,0.02649956698262817,0.0
CAGCAGCCCGTTCCTT-1,T cells,0.13758905053167095,0.12606993255774673,0.021571148282975038,0.0
TGTATAACAGATCCTG-1,T cells,0.09066000228467341,0.06011957305610316,0.008461691585646318,0.0
CGCGGGAATTAGGCAG-1,T cells,0.0848745232912609,0.07374101400722807,0.011436719007161054,0.0
TGCATGTGGTAATCTA-1,T cells,0.07223833698168207,0.07127498806850853,0.0145866089586759,0.0
ACAATTTGAGCAGTGG-1,T cells,0.07604718183924107,0.07641732609459921,0.011531878314170444,0.0
GAGCTAAGGGCATATC-1,T cells,0.10990605395404894,0.0961252458559525,0.017559951030961234,0.0
CCAGATAGTTGAGTGA-1,T cells,0.06610327048279913,0.06024305152959421,0.013717695132953069,0.0
CCACAATGTACGTCTT-1,T cells,0.06148679010031432,0.056178430663221236,0.005814877896468217,0.0
CAATGGATCTCTACCA-1,T cells,0.0722433492660011,0.058289063524475694,0.013589681649232885,0.0
TGTGGCAAAGCGTATG-1,T cells,0.1277465538305772,0.10409124284012719,0.019794297710988486,0.0
TAAAGCGTTAGGAGAA-1,T cells,0.07751170844597093,0.05483896121484686,0.005526496814223709,0.0
TCCGTTTAGCCTTGAA-1,T cells,0.12456322645399295,0.11312991480689086,0.01270862629612824,0.0
CAGCTCGACAAGTTAA-1,T cells,0.08787859193629141,0.06660317162094734,0.007686920487942349,0.0
GCCTATAGTGTCAGGG-1,T cells,0.06808776268481487,0.0702232925246227,0.019867150469756286,0.0
ATAGACAACGGGACCT-1,T cells,0.06098518476371905,0.05431140571660399,0.013861136150295073,0.0
CTACTATCTTTCAGAG-1,T cells,0.06800547517652956,0.05320200041256551,0.010786669832043518,0.0
GCGCTGCTTTGCATTT-1,T cells,0.07081884530702122,0.05438046367457994,0.009808646102639,0.0
GCGCATCCAGTCAGCA-1,T cells,0.08371541327329234,0.057495887587285174,0.015306790459320173,0.0
GACTCGCGGGAATGAC-1,T cells,0.04806542026456712,0.04113743619147217,0.0072606658602944185,0.0
TGCAAGAATGACGTAA-1,T cells,0.17472245569775652,0.19153080268696043,0.024905072795766064,0.9999999999999999
GCGAAGCCATACCCGT-1,T cells,0.10377078132976972,0.09788351105763352,0.008970999447869839,0.0
TCCTTTCTTACGCTTA-1,T cells,0.23434783951429122,0.1803304363741287,0.0330638293301233,0.6
GCTGCTCTCCGGACAC-1,T cells,0.02677274561762128,0.022851729737506626,0.005216098513831881,0.0
ACTGTCTTCTTTAGAA-1,T cells,0.08121278217046124,0.07629297839761938,0.010627373369697983,0.0
TCAAACTTAGATTGTT-1,T cells,0.06295489030566971,0.061674693279153855,0.007757631545261065,0.0
CTATGTCACTAGCCCA-1,T cells,0.2594425389117147,0.22001840211355975,0.022721882398913155,0.9999999999999999
TGCGCAAAGCATTTGG-1,T cells,0.16221915402833398,0.12968307618485472,0.02278114470063353,0.1
TTAATGTAGACCAGGT-1,T cells,0.19763226662485703,0.15220774197795134,0.0239231879422081,0.1
GGCGGTAGGATCATTG-1,T cells,0.07224945886873925,0.07626960041025853,0.02281226897724246,0.0
GGCAATAGTCAATGAG-1,T cells,0.06353216264994933,0.057000274237650174,0.011174653733016024,0.0
ACACGAGACTCCTTCT-1,T cells,0.09062511778097235,0.06982226482827848,0.020918577822607316,0.0
GACACAAGGGAAGAAA-1,T cells,0.10452153291596895,0.09633671986136602,0.02610922149513755,0.0
TCAGCAAATGCATCTC-1,T cells,0.047828709154896495,0.04130734665613625,0.011841611202872178,0.0
GAGATCTGTCACTCCG-1,T cells,0.061394549405412474,0.039255809412445816,0.008287794967063448,0.0
ATGCCGGTCTTGCATA-1,T cells,0.07554499935710604,0.0638088982874893,0.0058226422512854025,0.0
TTGGGCGGCGGTTGCC-1,T cells,0.053506446613534986,0.04292562384353794,0.0055401642835286,0.0
TTGTTGTGTGTCAAGA-1,T cells,0.06193167720403567,0.05486631219894902,0.013107694684840077,0.0
ACTGTACGATACACAT-1,T cells,0.08262726899374859,0.04760406191437514,0.009316468850636396,0.0
TCCACTTTATCTAGGT-1,T cells,0.06238784092585531,0.0446002394701078,0.007632830025087958,0.0
GGTCTGAGAATCTGGA-1,T cells,0.09365143243048472,0.0754485822147117,0.0174922496154893,0.0
TAGAAAGGTGGCGCTA-1,T cells,0.09304031775431776,0.08190883974625315,0.015725722788065995,0.0
TATGTCTCATTGTGCC-1,T cells,0.08275309451905265,0.07476777234675502,0.01593725140050615,0.0
GGATTTCACTTCTATA-1,T cells,0.08668254702411597,0.07584657102376442,0.020894294243850704,0.0
TGAGTGGTCCGTGACG-1,T cells,0.10012977286082586,0.07736500433600396,0.025068550963071572,0.0
CGCTTTCTTGCATTCG-1,T cells,0.47381723837335793,0.37699212219167,0.04131281023284289,0.9999999999999999
ACCCAACGCCCGTGGC-1,T cells,0.12274033810028115,0.11339753388130436,0.01679136222699841,0.0
GAACGTCTCATGGTCG-1,T cells,0.4033073441154507,0.3562227594233753,0.022905884801347514,0.9999999999999999
AGGGTTCCCTTTGGTT-1,T cells,0.20140379809984196,0.15762703571051082,0.03196746495330741,0.2
GTAGCTTCCTCTTGTT-1,T cells,0.22174696032262084,0.17788825144351855,0.028388162083816625,0.4
GCATGAGGGACGCGGC-1,T cells,0.18729327239607407,0.17193983439140753,0.012270831881622602,0.6
CTACCCTAAGGTCATA-1,T cells,0.13176602094080636,0.12085787707980125,0.01887941025456388,0.0
TCACCGCTCGGCACTC-1,T cells,0.10167045341433498,0.08891367092229736,0.013847249429107701,0.0
GGCTCGCGTTGAGGTA-1,T cells,0.09165483465918572,0.07529230733783664,0.011057343696742081,0.0
CTAACGAAACTTGCTG-1,T cells,0.06444598986351248,0.0548214679169539,0.007970092170940522,0.0
CTCTGGACGCCTGGTG-1,T cells,0.3078409136921549,0.26637686054365817,0.031184193403381796,0.9999999999999999
AGGGTTTAGTTCGGGA-1,T cells,0.06734068473271863,0.06660308654687291,0.015991042244270233,0.0
GGGAGAACTCACAGTA-1,T cells,0.09311553941007741,0.09007143563647037,0.007877242928082614,0.0
ATCAATCTGGGCTGCA-1,T cells,0.060204767831885525,0.06008513724692518,0.011953231661505056,0.0
TCTTCGATACCAATAA-1,T cells,0.07891497595025077,0.08095187023166943,0.015243143873822,0.0
ACGTAGATTGCTGATG-1,T cells,0.11122234331772174,0.0908634697397144,0.008668368539506961,0.0
TCTTGATGCGTAGCGA-1,T cells,0.050184069713112636,0.062367317594937764,0.013982596036149266,0.0
GGGCTGCCTAGGGCGA-1,T cells,0.2780181315437777,0.24537087468885846,0.037897040096429246,0.9999999999999999
CTCTCACAATCGATGA-1,T cells,0.16846027231293323,0.12105198380708551,0.025423981138157924,0.0
CCAAGCGTAACTCGTA-1,T cells,0.23220214435231396,0.20446076895352458,0.03035484328983316,0.8999999999999999
ACAACAGCATGAGCTA-1,T cells,0.053728127214370064,0.05404175570431526,0.010320944611020223,0.0
GTCCCAACGTAAAGTA-1,T cells,0.05967602284731656,0.057602303226945595,0.016200040996342962,0.0
TCGGAGTACATGAGTA-1,T cells,0.05067654315562259,0.03034408233211312,0.005980808811245425,0.0
GGGAGTTAATGAGGCG-1,T cells,0.0511820610469247,0.03178087309887681,0.00662956207363363,0.0
CCGGGCGGTCTCGTCA-1,T cells,0.06656525527678332,0.045025448862884544,0.0054260619603218145,0.0
CCGTAAGTTGGTCCCA-1,T cells,0.0714215733946314,0.04289748069867405,0.005692413472585252,0.0
GGAGGGCTTGGTTGGC-1,T cells,0.06192791054882348,0.036818542667241834,0.006084356913574374,0.0
TCGGACGCCCAGCCCA-1,T cells,0.0946116023260239,0.06648957271644632,0.01059126428000999,0.0
TCTGTGCCATCATAGT-1,T cells,0.056807561623830945,0.039537975863464477,0.008277063730580172,0.0
GTACTGGAGTTAGACC-1,T cells,0.0571208169477127,0.034002227890023023,0.006824472183323761,0.0
GGAATGCGCTAGCGTG-1,T cells,0.11322683188045402,0.08703487215433028,0.008629415797208734,0.0
GTGTGAATAACTTAGG-1,T cells,0.0915134808526576,0.06528001984186561,0.020693435764214924,0.0
GGTCGGCCAGGAGCTT-1,T cells,0.1255368015318629,0.10998080192455158,0.027578374918483386,0.0
TAGCCGGCGGTCAGCG-1,T cells,0.14129143655744314,0.13280443284915766,0.01658174408718661,0.0
CGGGTGTACCCATTTA-1,T cells,0.21259191136616712,0.20475490390222148,0.03241796000407378,0.8999999999999999
AGTGATTCAAGCAGGA-1,T cells,0.0948358677860713,0.0723511725912351,0.013576210454358997,0.0
GTTGGATTGAGAACAC-1,T cells,0.23571135627382217,0.22210459824302137,0.034529206231993216,0.8999999999999999
CACACGCGCTGTCTTA-1,T cells,0.06978033477667736,0.062338215988831026,0.009435455045762795,0.0
TAGACGCCCGTACCGG-1,T cells,0.22820958579248918,0.21286448854773407,0.029341123971265298,0.9999999999999999
GGTTTCAATCGGTCAG-1,T cells,0.0931931601081586,0.07838867829677351,0.004780197961570282,0.0
AATCTGCGTTGGGACG-1,T cells,0.09381052223437487,0.08369871093900505,0.020119332666680916,0.0
CGGCAGGGTCGGGTTG-1,T cells,0.06167380408652185,0.051139225650631635,0.012506647375240534,0.0
CTAGCATAGTATAATG-1,T cells,0.038239061279016086,0.03329351424295325,0.008128221128424819,0.0
GAATTATAGTGAAAGG-1,T cells,0.2001359101232695,0.165086322858446,0.01716570304112552,0.1
CTATCGGGTCTCAACA-1,T cells,0.13110412532817534,0.12100014352307198,0.011252948778431013,0.0
GCGCTAATTGAATAGA-1,T cells,0.1591969086975917,0.14154258611301412,0.017297620055087826,0.0
ATGCGACAGTCCCATT-1,T cells,0.04263839086305285,0.04043529289557484,0.0052242268731448206,0.0
GGTAGTGCTCGCACCA-1,T cells,0.07943113407072895,0.06472951510547442,0.014880290826256384,0.0
AAGCTCGTGCCAAGTC-1,T cells,0.09304997564427095,0.09178371391461945,0.018970472286079697,0.0
TATTCAATTCTAATCC-1,T cells,0.07014533974672568,0.06557591551048583,0.0073754763805480815,0.0
TTCAAAGTCTCTAGCC-1,T cells,0.11034208428335905,0.09741474749408535,0.014452708255438677,0.0
TTGAATATGGACTTTC-1,T cells,0.07902692650116294,0.06640103759916768,0.018692043505026495,0.0
AAGAGCTCTTTATCGG-1,T cells,0.09182508802085387,0.08067853593748245,0.016561772898721273,0.0
TTACTCCGGCCGGGAA-1,T cells,0.05304323990749717,0.0432139166673548,0.007417516540116989,0.0
AAACGAGACGGTTGAT-1,T cells,0.10546430300496765,0.06897496973147924,0.01610264654872933,0.0
GCTAAGTAGTTTCTCT-1,T cells,0.047481053154387394,0.038998164901907675,0.008220220734188393,0.0
ATAACGCCGGAGGGTC-1,T cells,0.11988810786047323,0.08760502251153028,0.025056374147430425,0.0
GGATCCGGAATATACT-1,T cells,0.06583669444078384,0.06072647998065615,0.00976042760868049,0.0
TGAAAGGACCTGACTC-1,T cells,0.24539416318984442,0.21340025463935164,0.024020997375989905,0.9999999999999999
TCCGCGGCAGCATCTG-1,T cells,0.06616035940577587,0.057784458554693406,0.018068393637801515,0.0
TGCATATGTCTGTCAC-1,T cells,0.09054599172299119,0.07216843903036108,0.02195130935212887,0.0
TGTAGGAGAAATTTCC-1,T cells,0.06836703957196165,0.05046500544128939,0.007502334032029866,0.0
AGTGAGACTTCCAGTA-1,T cells,0.1942513850784303,0.20105577145908451,0.03260618390187006,0.9999999999999999
CCCAAACATGCTGCTC-1,T cells,0.11103434377031528,0.09660262582025363,0.013292058357267227,0.0
GCTTATGAAGCAGGAA-1,T cells,0.07680432492628918,0.06914261528645793,0.011158763330009648,0.0
TTCTAACCGAAGCTTA-1,T cells,0.11112047500590164,0.11426331413263399,0.019982052134230235,0.0
GGATGTCCTTACCGCA-1,T cells,0.0335401378140464,0.03351197911315431,0.0033660544865226887,0.0
AGGGTGCTCTCGAGGG-1,T cells,0.07098756499870838,0.06319275018576603,0.013552789715358055,0.0
TTCGGGACTAATCGCG-1,T cells,0.05021231123338097,0.04664428639828735,0.006718921674593503,0.0
CCGCACAAAGACCAAC-1,T cells,0.1831702687271914,0.15283867546377536,0.02773077386477694,0.1
GCGATTGTTAACGTTA-1,T cells,0.11998904071479738,0.12161256008312855,0.01969628292869073,0.0
ACTCGTCAGTAATCCC-1,T cells,0.08720356172370106,0.09572874319513906,0.017322011084439818,0.0
GGTGATAAGGAGCAGT-1,T cells,0.16755939970873585,0.175471021903466,0.022854271759582434,0.7
AAGAGGCATGGATCGC-1,T cells,0.11854205570883354,0.10020144929198296,0.014710841146146063,0.0
CACGTTCGTGCTCTAG-1,T cells,0.28229169313192043,0.22097553540075338,0.048617498198996856,0.8999999999999999
CTATTTGGTTACGGAT-1,T cells,0.12338991283081673,0.10641130722966093,0.009749074528529168,0.0
GTACAGAGGCAAGGGT-1,T cells,0.08578957094482847,0.07663354781654136,0.01014550964209882,0.0
GGGCCGGCCGAAGTAC-1,T cells,0.20984139530249019,0.1683893640310884,0.028286925697066822,0.5
CCTGAACGATATATTC-1,T cells,0.14125792038000634,0.127810512286836,0.026922155127813173,0.0
CCGGGCTGCTCCATAC-1,T cells,0.18433723016989495,0.15407956263149988,0.03525162663565557,0.2
TACTTGTTAGTAGTCC-1,T cells,0.3334626300771778,0.2888180385056459,0.03454448653534461,0.9999999999999999
CCTAGGCGTAGCGATC-1,T cells,0.15512894214779988,0.1384762457366164,0.02463791316607746,0.0
CTGGCGCACAGGTCTG-1,T cells,0.2789384160506542,0.23417793359129596,0.025513098528729,0.9999999999999999
ACTTATACTTACCCGG-1,T cells,0.037514863267351685,0.03294234258063467,0.007585065062397665,0.0
GAAGTCTCCCTAGCGA-1,T cells,0.10954312157073602,0.11290764528643005,0.020224031814698718,0.0
ATCATCCAATATTTGT-1,T cells,0.13613779207143678,0.11222663228866407,0.01234548965012742,0.0
TGGCAGCAGTAATAGT-1,T cells,0.07992784295432381,0.07594966976588184,0.018182784764622477,0.0
CTTGTTGCTGAGTCAA-1,T cells,0.1340595743572011,0.12344969890141369,0.0236438064905311,0.0
TTATGATCTTAACGAA-1,T cells,0.1319768177067658,0.1284525363801314,0.027748544750411597,0.0
CGCCGCCCATGCCTGT-1,T cells,0.04119902292311104,0.036083487825008774,0.0038566774425158666,0.0
CTGGGATAAATAATGG-1,T cells,0.18221308275905182,0.1606946982916187,0.02990058185056372,0.2
GTGCCCGTTCGGATTC-1,T cells,0.29020521375791686,0.2672197548108308,0.027833841203686236,0.9999999999999999
TTCAATACTCTGAATC-1,T cells,0.2866983312500646,0.22827249989168052,0.030324558295722802,0.9999999999999999
CGCACATGTCCACTAC-1,T cells,0.21771290604131951,0.21254952679041383,0.03041760508616429,0.8999999999999999
GATAACTCGCACTGTG-1,T cells,0.3074916359573337,0.2944817272458308,0.04055052583721805,0.9999999999999999
AGTCGACGGTCTCAAG-1,T cells,0.3377999414713136,0.26572641634429756,0.03677892505684465,0.9999999999999999
GTGACCGCACACTACG-1,T cells,0.33098247741390985,0.289575525770862,0.021920007732748246,0.9999999999999999
GTATGTGGGTCTAGTT-1,T cells,0.0832330000821499,0.08000369107259804,0.0186691978400609,0.0
CTTGAGTTAGGGTAAT-1,T cells,0.23784978804530177,0.21718089679796132,0.0251792075098999,0.9999999999999999
CGGGCCTTCTTTGTAA-1,T cells,0.056846201619145165,0.052777804246661744,0.0061831872385188814,0.0
CGTGAAGTTAATTCAC-1,T cells,0.10943487861915216,0.1100324472861294,0.02304711973297664,0.0
ATAGTGAAGCGTTCTC-1,T cells,0.2339861618972136,0.19641958964302822,0.03322097856991351,0.7999999999999999
TACGCCATATTCTAAT-1,T cells,0.24927363033192806,0.19325958118947426,0.031421430352001845,0.6
GCCGGGTTAGGGTCGC-1,T cells,0.10759311232593961,0.12197861338667267,0.03058989464710962,0.1
TACATAGGCATACACC-1,T cells,0.2461458025651284,0.17612547603949957,0.03199658740770336,0.5
GCCGATTGGCCAAGCT-1,T cells,0.14687360645566078,0.12551507372331414,0.021860116670945947,0.0
CTGCCATGCATCACAT-1,T cells,0.04555315829081853,0.048743916978431875,0.013748862648916445,0.0
ATTTGTCTTGGGAGCT-1,T cells,0.11741834415701587,0.09768046659598478,0.01840601552586867,0.0
CCTCGGACCGGGATAG-1,T cells,0.14294639975237722,0.13378540060546182,0.02584949315966511,0.0
TAGGTGCTCGCCTAGC-1,T cells,0.3043301790996029,0.27672823208293906,0.03505642446497693,0.9999999999999999
CTTTAGGAACACTGTT-1,T cells,0.16881682500517253,0.1558289855734357,0.013317303806729311,0.1
TCGGGCCGTCGTGGTA-1,T cells,0.21803646814730954,0.1860037975710504,0.02793875568284513,0.7999999999999999
AGTGCTTGCACGAATA-1,T cells,0.10097421415002075,0.0988907423603252,0.019837841457873193,0.0
TGCAGTTTCCTCCCAT-1,T cells,0.26026036853508694,0.23766667434925703,0.02694746473919633,0.9999999999999999
GTTACTTTGGGCCTAG-1,T cells,0.03357683764782248,0.035649510166967976,0.009316423062415426,0.0
GAAATTGTCTCTATAA-1,T cells,0.07452975411461883,0.06686343342759003,0.0107085002202202,0.0
GGCGCATGAATTGATG-1,T cells,0.05469370003016672,0.04988967591105404,0.006648530161201974,0.0
CATATAGGTACAGTCA-1,T cells,0.057802908803584956,0.054027464336967146,0.009416736318998177,0.0
TCAACGAGGAGACAAA-1,T cells,0.09551476022253486,0.09809112435531597,0.01892213003519691,0.0
TTGCACAATTCAGAAA-1,T cells,0.2336219241371466,0.1971650656395583,0.021728348472064153,0.9999999999999999
CATCGGACGGGTTAAT-1,T cells,0.16647008527683352,0.15186382430365114,0.034925512170616006,0.4
ATTAAACATGCGGACC-1,T cells,0.13541537456686212,0.11181630687918453,0.01925222532417767,0.0
TATCTACCACAGCGGG-1,T cells,0.10431765514896867,0.07413658922099368,0.008373583189637891,0.0
CGAGACCCTAGAGTGT-1,T cells,0.052060610784250866,0.041074430649986185,0.00644332669398927,0.0
GATACGATGGGAGTCA-1,T cells,0.022172300871874513,0.02147202518915558,0.004796455517608722,0.0
ATCCTGCGTGGAATGG-1,T cells,0.05350571010236627,0.05052225053705354,0.003541631941558549,0.0
ATCCTACCTAAGCTCT-1,T cells,0.0668315656007325,0.06921083278878377,0.016236486996636195,0.0
AGTGATATGAGTAGTT-1,T cells,0.05097994487782064,0.036861188245329975,0.006480275756193476,0.0
ATGATGCAATGGTACA-1,T cells,0.0594439172851884,0.05141789951345416,0.0062195464584451346,0.0
GAAACCGAATTACCTT-1,T cells,0.07177117609842845,0.061537153448799876,0.008156982892249039,0.0
AGTGACCTACTTTACG-1,T cells,0.086097857570373,0.06781136019584837,0.012783783455782653,0.0
CAAATGTCCTTCCGTG-1,T cells,0.14325355809394266,0.12245151965636661,0.023210785600466202,0.0
TTACTGGGATATTTCA-1,T cells,0.08986561847129004,0.07941711958883184,0.017449682112610047,0.0
CTTGCCCAGGCTCTAC-1,T cells,0.10635541611476611,0.11923788447132314,0.009361652926240102,0.0
AAATCGTGTACCACAA-1,T cells,0.17099641635028784,0.16503571754490598,0.026092764315656786,0.4
GTGATCATAGATCTGC-1,T cells,0.2375287191828289,0.22257271980907167,0.0354520793359848,0.9999999999999999
TGGCAGATTACGATCA-1,T cells,0.2060814505898057,0.17725651255476035,0.024031454441988218,0.7
TCACCCTCTTAAGATT-1,T cells,0.25858595793860617,0.23275882601798026,0.028221116743333823,0.9999999999999999
CAGGATATATCGTTGT-1,T cells,0.22854367622880944,0.1921679213699224,0.019763501887833396,0.7999999999999999
TTCTTGAGCCGCGCTA-1,T cells,0.036086218438566714,0.033789327022100274,0.0042795919677334725,0.0
GGGATGGTCGTAACCG-1,T cells,0.05561130115761807,0.047564690818453575,0.008420532274433103,0.0
GTCTGGGCGGTCGAGA-1,T cells,0.06179278477009522,0.058734914649878935,0.009221084431826756,0.0
CGGAACGTAAACATAG-1,T cells,0.12098869087117614,0.10895376944362507,0.017558297711672225,0.0
TGCGACACCCTAGTGC-1,T cells,0.07067420656451746,0.06052903882414286,0.010030835014163502,0.0
CAAACGAGTATCGCAG-1,T cells,0.09282187384109118,0.08546954210616602,0.016815271706142006,0.0
GCGGTTCCCTATCATG-1,T cells,0.03864616963091148,0.027464297686367777,0.004312851289123284,0.0
GTGACTTCAGTAGTGC-1,T cells,0.06549509026024108,0.054554905942985885,0.00718248120538283,0.0
CGTCACGTCCATTGGT-1,T cells,0.18341159355654027,0.1557339834749144,0.026123846354200148,0.1
ATAAGTTACCGCGACG-1,T cells,0.16879540348284106,0.1438947884349981,0.02671610343346888,0.0
CTGAATCCGAGACCTC-1,T cells,0.23287237147355894,0.19042226551798203,0.02693985240065867,0.9999999999999999
TACGACGCTTGCTGCG-1,T cells,0.2730001105528682,0.22954134615765226,0.02222935530224924,0.9999999999999999
GAATTCACCCGGGTGT-1,T cells,0.2070382812248007,0.1852774723390247,0.031679937364170345,0.7
GGGTGACACCTTAACT-1,T cells,0.15343857450400636,0.17957950467085612,0.03204953225511281,0.6
TGAGTAAATTAGCGTA-1,T cells,0.25320298194346047,0.21550186823834377,0.027771945054895514,0.9999999999999999
GAGTCCGCTTACCGGA-1,T cells,0.2692411443797894,0.21971156880481296,0.03307987001006665,0.9999999999999999
ATTCATATACTGTCCA-1,T cells,0.17134457510840745,0.1576847196558988,0.020778919596601518,0.1
TCAACGCAGGAAATAA-1,T cells,0.06842614259248261,0.06111294084721312,0.00931475913435193,0.0
ATCAAACGAAGGTTTG-1,T cells,0.0604045112419816,0.04321301174817159,0.007485590099794495,0.0
CTGCTGAGGCCACGAA-1,T cells,0.03684474858689605,0.04160218226216831,0.0072269971348838365,0.0
CCGTGTTAAATTCCAT-1,T cells,0.03518542558707784,0.030583097690886733,0.0045163772477633864,0.0
CACGTCGGCAACCTCT-1,T cells,0.04925012979407315,0.030980544687990906,0.005521899836378625,0.0
GTATTCTGAGAAACGA-1,T cells,0.0533601034489943,0.051112522020439186,0.00562578814416049,0.0
CGGTGCGCGTTGGTCC-1,T cells,0.038429833673674335,0.02844051751449455,0.0059820012962944836,0.0
GTGATTCGCCGCTCAA-1,T cells,0.0579702557816519,0.05194231344636224,0.01145950831609461,0.0
GCCCGCGCGTAAACGG-1,T cells,0.05182976402821941,0.03860145042313533,0.009400930031453552,0.0
AACGTACTGTGGGTAC-1,T cells,0.050901053027241266,0.04088555340260804,0.009817598096302777,0.0
GAGTATGCCCGCCTTG-1,T cells,0.10985747951879521,0.09297643091143586,0.02056699299294814,0.0
TGATTCTGTCGCCGGT-1,T cells,0.09122703638390323,0.08272859851759687,0.016985173036465264,0.0
GGGCGGCAAATGAATT-1,T cells,0.06483802724446434,0.05143811209543227,0.011751731606623373,0.0
TTCCAATCTGGCTATC-1,T cells,0.07921828852754266,0.06814692899032786,0.010299861825055006,0.0
GGAACCGTGTAAATTG-1,T cells,0.052588166578498914,0.051567498505134236,0.01128155946589105,0.0
TTGGTCACACTCGTAA-1,T cells,0.042724436447168036,0.03781008649521928,0.007696731854164006,0.0
CGAACCCGCATGCGTC-1,T cells,0.05132123029416918,0.04125586839113875,0.006251290879115359,0.0
GGGCGTCACCACGTAA-1,T cells,0.053318735286345224,0.04558566071901109,0.006321701641995723,0.0
TACCAGAAGTAGGTTC-1,T cells,0.14930009933516591,0.12274435139838764,0.02085152220459917,0.0
TTGGATATCGTCTACG-1,T cells,0.1377924062703439,0.14413449452337115,0.02790863758947943,0.1
TAGATATGGACTGGAA-1,T cells,0.08965249805982338,0.08597423842984309,0.014544876397671252,0.0
GCGACGATAGTTGTAC-1,T cells,0.24106024369394036,0.20022394192998555,0.029007325671602982,0.8999999999999999
CTGGATTTACACTTGA-1,T cells,0.18943591536237364,0.1460672911210498,0.023241320294753287,0.2
GTTATATTATCTCCCT-1,T cells,0.2792499544487807,0.23209813459455683,0.032581465712187126,0.9999999999999999
TATTCCACTCAGCTCG-1,T cells,0.04690730594376305,0.05674553301526345,0.013049684741166953,0.0
TTGGAAGAATACAGTC-1,T cells,0.055030800301001985,0.050533937537716324,0.008255056127173194,0.0
AGTTAAGTCAACCGCT-1,T cells,0.045688746402718555,0.035006842952139634,0.00565467519568313,0.0
AAAGTAGCATTGCTCA-1,T cells,0.049973566813017206,0.03852328830790182,0.007713096936710655,0.0
TTGTGGTAGGAGGGAT-1,T cells,0.03671486258101952,0.03884903963138446,0.006392531791509051,0.0
AGTCGTGGGCATTACG-1,T cells,0.04259796660784907,0.03792412765888635,0.0047806504350908,0.0
ACCTAAGTACCTTTCA-1,T cells,0.041501995052733914,0.035205019835748336,0.006318822175232286,0.0
GTAGAGGGAGACAAGT-1,T cells,0.03171647151515386,0.026824100998768467,0.0063647529703140015,0.0
GATCCTCGACACTGGC-1,T cells,0.044401834657587964,0.0475928817092541,0.0030663541857685922,0.0
CCTACATTCACAGACG-1,T cells,0.027469993324469894,0.029629131998608803,0.007356259542768628,0.0
TTGACCGTGTTAATGA-1,T cells,0.032520327398602195,0.03139762795476985,0.004964935850289971,0.0
TCTGTTACCCAGCATA-1,T cells,0.04290390241322196,0.03826224279136625,0.009518875769409225,0.0
CTAACTGGTCCGGTTC-1,T cells,0.05621082212494148,0.044094383103136535,0.004588397539017918,0.0
AGCGACAGGAACGGTC-1,T cells,0.05694019729133229,0.048439988534680026,0.007036838999120828,0.0
TAATAGAACAGAGTTA-1,T cells,0.06759271125448252,0.06113871225648151,0.017908797190343537,0.0
ACAGGTGGAGGTGAGG-1,T cells,0.11876200771538584,0.11622213484307323,0.035015489184848765,0.0
TGCGAGAATATTACCC-1,T cells,0.0538782118609946,0.04647318167755519,0.013330701102703315,0.0
TTGCGTCGGCCAACCG-1,T cells,0.07996113528874828,0.07468905292366498,0.019311493767280054,0.0
AGGCTTCCCGAAGAAG-1,T cells,0.054715213953764476,0.05168828840801591,0.008987954272661374,0.0
GCGGACCGCGTTGTGG-1,T cells,0.05677606195349807,0.05533707331758061,0.009026039207367451,0.0
GTAATCTGATTCTTCG-1,T cells,0.062463980890601394,0.05813518384812759,0.011802761614714767,0.0
CCGCGGAATGCGTCAC-1,T cells,0.06669030301898561,0.06058124559141994,0.0038376727305132093,0.0
TTCCACACAGATTTGA-1,T cells,0.07551065651074805,0.05832048712694007,0.008204614878737916,0.0
CTTCTATTAATGCTAG-1,T cells,0.04799841142410289,0.0403550922752781,0.0065382763375448835,0.0
CATTTGAGTGGTACGT-1,T cells,0.10762084866018877,0.07856325013696883,0.012793875091938526,0.0
TCACAGCAAACTCGAA-1,T cells,0.1076001827933116,0.10039510088648491,0.016774825169181846,0.0
CAGACGAACCTGATAC-1,T cells,0.1285557145143642,0.10744060256387963,0.01983819366444125,0.0
TCCGGTTCGTCCGGTC-1,T cells,0.06550079153092236,0.0640482577563812,0.015365400334016276,0.0
CGCGCATGTTTGATTG-1,T cells,0.11219898280050214,0.100668064325702,0.019434246482919887,0.0
TGGCGATCAAGTTATG-1,T cells,0.06780790865419874,0.056923922024180694,0.009415224367963012,0.0
CCCTTTGACAGGTCTT-1,T cells,0.03396301425178668,0.02923309911353683,0.0029109404009236644,0.0
TTGGTTGCGGTGCGCG-1,T cells,0.052506488562264794,0.037890074739650434,0.005719663768508084,0.0
ACAGAACTGAGAACAA-1,T cells,0.01907266136190419,0.01932904346157191,0.004309096654991349,0.0
CTACTATCATAGGTTT-1,T cells,0.029154283017946408,0.030467028063819523,0.0039403852576288985,0.0
CCTCTATCGATTAGCA-1,T cells,0.036723505895901024,0.029057909207794285,0.0028648115749445374,0.0
CCGTATCTCGTCGTAG-1,T cells,0.028566247675567934,0.025952641394877286,0.0061767591542231,0.0
TCACGATGTCCGTGGA-1,T cells,0.03476965466836527,0.026722188796079745,0.0071107952938913544,0.0
TCAACAAAGATAATTC-1,T cells,0.03996421079703823,0.02945280593964273,0.006160635598557266,0.0
ATGACGCGTTCTATCC-1,T cells,0.04527402044618206,0.04305362967084094,0.008060408433062135,0.0
ATTTGCGCGAGTAGCT-1,T cells,0.03097978896713381,0.02919194531679495,0.004663651681787262,0.0
TTCTTGGACGATCTGC-1,T cells,0.06015566785911923,0.0556252326306798,0.010157506161831973,0.0
AGACGACGATGCCGCT-1,T cells,0.03500795186546293,0.03433502662668677,0.004781613104472766,0.0
GGTCTCTGAATGGACT-1,T cells,0.027506752866241567,0.029736355156810453,0.004000526021763924,0.0
GCTCAATCCGTTTATT-1,T cells,0.03944726070649737,0.038692671050401736,0.006184038600388381,0.0
CCAGAAAGCAACTCAT-1,T cells,0.02328381119474125,0.02558633065051444,0.00408872771982915,0.0
CACCGTTAGGGATCAC-1,T cells,0.04357409029649896,0.03236486165163821,0.010092586613489113,0.0
AATAACACTAGAACAA-1,T cells,0.037192340156495446,0.03528122965562442,0.006643684464137183,0.0
CACCCGGTTTGTGACT-1,T cells,0.05003681392468675,0.04250775326520837,0.0054425724646701605,0.0
CCACCAACTTTACTGT-1,T cells,0.02749069107070227,0.025223266196944184,0.006209843294784993,0.0
AACTCTCAGTGTGCTC-1,T cells,0.01967358160519689,0.020374306813071084,0.004956651313927152,0.0
AAACCGTTCGTCCAGG-1,T cells,0.04738472624887172,0.04052227799588777,0.006712329852576516,0.0
CAGCGATTCCCTTCAA-1,T cells,0.04354867668530166,0.037024794045772566,0.008897540509091516,0.0
GCTAGCTTGAATAGCT-1,T cells,0.0520557220674121,0.03639573334536668,0.009388155196091751,0.0
TTGCGGCATCAGAAAG-1,T cells,0.06916861496716267,0.05579827724561186,0.011806109879033149,0.0
AATAGAACAGAGTGGC-1,T cells,0.034083356590002604,0.029065030612602922,0.005514211507911251,0.0
GCCATCGAGCTGCGTG-1,T cells,0.025330541698452877,0.022939122833882646,0.003983675117818795,0.0
ACACTGATCAAGGTGT-1,T cells,0.025917690233995917,0.027899348464589847,0.00800567899466939,0.0
ACCAACGCTTATTTAT-1,T cells,0.045810191757869094,0.04419732725454993,0.0055973947194977,0.0
GACATCGATTTATAAC-1,T cells,0.0589429638745818,0.04100700408271164,0.004837127891566521,0.0
CAGACACCGATCGCTG-1,T cells,0.06432427419624932,0.05310453030510605,0.011731270554777505,0.0
GGTAGACCGTTGGGCG-1,T cells,0.15182096450528523,0.132964754881106,0.0146457711155328,0.0
GAGGCCCGACTCCGCA-1,T cells,0.03946314364599113,0.028192401382849598,0.004943192190712227,0.0
TTGCCATAGCCCGCTC-1,T cells,0.017205230219449186,0.016659355465587004,0.0033350865940272255,0.0
TAACATACACGCGATC-1,T cells,0.036192562076063105,0.030442133051678404,0.01216490107434931,0.0
CCGACGGGCATGAGGT-1,T cells,0.034922547721362156,0.026736684423450247,0.006457938826936938,0.0
AATGTGCCCGAGGTGT-1,T cells,0.03222873962752993,0.028772170273426385,0.006071243931117581,0.0
AGCTGTAACCTCAATC-1,T cells,0.03430891317488762,0.030236017776378393,0.006817726843530058,0.0
CGAGTGAAGGTACCAG-1,T cells,0.042570770050870024,0.037112211663216696,0.0052950178863873515,0.0
AGTCTCACAAGACTAC-1,T cells,0.052821067029433344,0.03198991147543127,0.007422416690459126,0.0
AAATTGATAGTCCTTT-1,T cells,0.018333669966939296,0.020994103511671296,0.003982601942341449,0.0
TAAGTCGCCGAGTATC-1,T cells,0.022124870407105715,0.023961476241868014,0.0033860996576343377,0.0
GCGGAGAAACTTCGCA-1,T cells,0.02660460175099998,0.027265147403198586,0.004595019392498368,0.0
GGCAAAGGCGCCAATA-1,T cells,0.054935670272049895,0.042119701512483995,0.007429958241793521,0.0
ATTTCCGGGTTCTGCG-1,T cells,0.015233576794844165,0.023543970654073175,0.004845057348506559,0.0
TAAACCCAGGAGGGCA-1,T cells,0.045729499706272866,0.04213329877235843,0.0052102356487250265,0.0
TTCGGGCGCTAGTCTT-1,T cells,0.02590152912620304,0.028927176278589095,0.008303316040191138,0.0
GTGGAGTCGGCGGTTG-1,T cells,0.033570515032514486,0.03485983162839659,0.009137460592577843,0.0
GCACGCCTACTTAGAT-1,T cells,0.025911288215007947,0.022833907746625547,0.004899478649163057,0.0
CAATATTCTTGACCTA-1,T cells,0.027338023971313262,0.028640874341320045,0.006143782800850538,0.0
CGTTTGTGTAGAGGGT-1,T cells,0.033691393925871886,0.029397205558566834,0.0048817696839460025,0.0
CATAGCGTTGCCCACC-1,T cells,0.03451279275446543,0.032121541190389444,0.005849605749474208,0.0
TGATACATTTAGCCGT-1,T cells,0.03239114301595538,0.0255092419229819,0.004711277698364849,0.0
TTCCGGCCTTGAGGCT-1,T cells,0.028403029015036843,0.03325122984764445,0.003291278593486499,0.0
CCTATACCGTCCTGTC-1,T cells,0.03830293197161852,0.02609660471849783,0.00624881606700765,0.0
TCGTTGCTATCCGGTC-1,T cells,0.05101788487824253,0.04574481680484467,0.0080861428788062,0.0
TGGCGACTGCTCCAAA-1,T cells,0.03665704848605187,0.034860731348883435,0.012868694079325406,0.0
CAGAGGCGATGCATGA-1,T cells,0.04978420880520271,0.047575063065539706,0.005389261696418827,0.0
TCACAGGAGAATAAGA-1,T cells,0.09572556546031123,0.09203471285813822,0.018524392105871097,0.0
GGGTTAACATTTGAGT-1,T cells,0.12961096962964824,0.11126460463016852,0.018954277813300762,0.0
GCGGGCGAGCCTTACC-1,T cells,0.08359406065295616,0.07135360333152314,0.010187837669400453,0.0
TGCCAATGGGTACTCT-1,T cells,0.06615101999912454,0.05383741079396037,0.00451166634936824,0.0
AGGGACTCTACGCGAC-1,T cells,0.050837671167333516,0.03402341924716044,0.008027536042351424,0.0
GACGCCGTAAAGGCTA-1,T cells,0.04629370559844599,0.03211862698386713,0.004578487693665179,0.0
GGGACAGAGTTACTCC-1,T cells,0.05809356929040173,0.05313190999582681,0.006663889999751426,0.0
CTCTCTAACTGCCTAG-1,T cells,0.06954809507083126,0.05041948370322348,0.009396682394016436,0.0
ATACGGAACGTCGTTT-1,T cells,0.05424763638902062,0.04048017570552289,0.007732946683610886,0.0
TCGGTCCCGACAATAG-1,T cells,0.059365065830042335,0.045287975288255816,0.005636669861326941,0.0
CGCGCAAATGTCCAGA-1,T cells,0.08476264668216503,0.06777517566002661,0.015130173407571104,0.0
TCTAATACTGCCTCAG-1,T cells,0.10038697749823594,0.08997446157529707,0.010282755260275764,0.0
CTCGGTTGTCGGCCCT-1,T cells,0.06367271385027362,0.06497159850119553,0.00894084994857016,0.0
GGTAACCGGGAGGATA-1,T cells,0.08722771047312967,0.07048386696138881,0.007485251148389799,0.0
CAGGCGCACGGTGGTC-1,T cells,0.026834172632341065,0.023144390478180836,0.004197235407541176,0.0
TCATCGATGGTCCCAA-1,T cells,0.06115752146554953,0.0388956484101698,0.007405950519670103,0.0
CAAAGATTATTGGGCC-1,T cells,0.04131653997911252,0.039369833515491934,0.0052106581517067695,0.0
ACAATGAATACGGAGA-1,T cells,0.019890562831610992,0.020161300611322534,0.004829168457449143,0.0
GCTCCTGACATACTGG-1,T cells,0.01374005478984094,0.019912119033760327,0.006099163373888375,0.0
GATGACAAGTAGGGCA-1,T cells,0.02428680753020148,0.0229264956904462,0.003924191083465847,0.0
TACGCCGAGGGTACCC-1,T cells,0.06547925450428531,0.04690959198226865,0.008384535590740467,0.0
AAGCGTCCCTCATCGA-1,T cells,0.03902751499937509,0.03588335229432175,0.0064686580341434445,0.0
CACTCCTATGTAAGAT-1,T cells,0.010928204195803435,0.014809638429088978,0.006346960780107356,0.0
TCGAGCCAGGCAGGCC-1,T cells,0.009803159738987535,0.020337109769561303,0.003725738974654739,0.0
TCGTCAAGTACGCGCA-1,T cells,0.037111533385227526,0.03156484644941625,0.01026725189299572,0.0
CCCGTAGCTGGGAAGA-1,T cells,0.018904918675139683,0.022701848281598887,0.004800569019753083,0.0
ACCCTATGCCATATCG-1,T cells,0.033749604435447285,0.02523652240742675,0.008971206049198809,0.0
GTGGTATAGTCTGCCG-1,T cells,0.014575951760087002,0.018036757141079978,0.008502396944589884,0.0
CCGGTTTGTAATTGTG-1,T cells,0.027865767647863433,0.026312785570838427,0.006089080216030787,0.0
GTCGCCGTTGTGTGTT-1,T cells,0.03811784344048532,0.037523122182391094,0.006501987384056776,0.0
TACTGAACAGATTTAG-1,T cells,0.028042826834723,0.02626555791099238,0.0035703358234528536,0.0
TATTAACCTGACCGCG-1,T cells,0.028173365282322203,0.035171022419487566,0.008398181206849277,0.0
CTGTAGCCATCTCACT-1,T cells,0.03495558205042435,0.032816596024018097,0.005298471746000887,0.0
TACTATGGTTCCTCAG-1,T cells,0.09251884558312201,0.07944033737525544,0.012649158163836762,0.0
GAGTCAGACCAGAATC-1,T cells,0.09498888798108186,0.07612774596176472,0.012574748604747185,0.0
TAAGGCATAACATCAA-1,T cells,0.12439134507829316,0.10314305611023214,0.020450166554093183,0.0
CTTCCGCTCCGTGAAG-1,T cells,0.16219214354516137,0.1570001846730328,0.02468989246792384,0.1
GGGCTATGATCGATGG-1,T cells,0.023387719137706736,0.03076851796673268,0.006889693535001582,0.0
GGTCGGTCGTCCACAG-1,T cells,0.04602009323074061,0.03611675997503715,0.005363805757202097,0.0
TCCCTGGCGTATTAAC-1,T cells,0.03940806177902805,0.02918790846517407,0.0048123943511468115,0.0
AAACACCAATAACTGC-1,T cells,0.0215463940965381,0.0244446160757305,0.004496724674603161,0.0
TGGACGCAATCCAGCC-1,T cells,0.05603463897890353,0.05191562429889838,0.006836364953535534,0.0
GGAACCTTGACTCTGC-1,T cells,0.03132347274411455,0.026434455094501964,0.0034931888002539976,0.0
GTATCTCAGTCTTGAC-1,T cells,0.030322420943005694,0.02742833346010643,0.006551809108750827,0.0
GCTGAATCTTCCAATC-1,T cells,0.03763001385181546,0.029349294685529086,0.004839217452910606,0.0
AGATGCAAGACGTGCA-1,T cells,0.051299107259007756,0.04543529457150362,0.008684628421518925,0.0
TTAAGGCCCGTACTTT-1,T cells,0.04722586589611962,0.04248069797927556,0.006595062128858212,0.0
AGTATGCTGGAGACCA-1,T cells,0.05243766619673375,0.041910859040642776,0.007048605428658802,0.0
GCGGCAAAGTATTGCC-1,T cells,0.03358306825760813,0.03246514941932456,0.003771966503278334,0.0
GCGCAAATATATTCAA-1,T cells,0.035229460340108265,0.029267089877578124,0.00622574659614097,0.0
GAAGAAACGATATTGT-1,T cells,0.03370154874610904,0.029730963361810265,0.005017631722961475,0.0
GGACCTCTAGGCCGCC-1,T cells,0.022228366881382976,0.023410693557207502,0.004666681513674137,0.0
AACAGCTGTGTGGCAA-1,T cells,0.03293654462170923,0.028347519425172447,0.007864961528284996,0.0
TCGAATATCCCGCAGG-1,T cells,0.030898853823760813,0.027784748825870658,0.006103499940053565,0.0
GCGACCCAACCATCTG-1,T cells,0.027978554751176023,0.022115194783787834,0.005597902355832984,0.0
AGAGAAGGAGTACAAT-1,T cells,0.04572790397257713,0.03580116869885501,0.008354190135676677,0.0
GGCTCCTCCACCTGTT-1,T cells,0.04765785674237733,0.041108532541167565,0.0055255679409511906,0.0
TCAGTGTATACGTCAT-1,T cells,0.03540917638737106,0.03206639636878499,0.004723271608802479,0.0
ATTATTATGTCCGTCA-1,T cells,0.06668060753585289,0.050352578664330586,0.006475051685789022,0.0
TTAGGTCATAACCGAC-1,T cells,0.033620235141082463,0.02686903644940068,0.005440573837803489,0.0
AAGATGGCACCGGACC-1,T cells,0.013528978602890521,0.01736607538670174,0.0050858926778284685,0.0
CTACAAGAAATAACCC-1,T cells,0.025368238328597616,0.024422007808977103,0.007771329249864968,0.0
ACTATTTCCGGGCCCA-1,T cells,0.053447262513448335,0.05463758224327024,0.012960800409266735,0.0
TTGTTTCACATCCAGG-1,T cells,0.0650098644374085,0.04359075165415138,0.007851892865062196,0.0
CGCTGTGTGGATGTTG-1,T cells,0.05329631738483581,0.04606984559216824,0.011993189073164282,0.0
TCAACATAGCGCCCTA-1,T cells,0.03780369113996563,0.04507334994614714,0.004852578773378801,0.0
GGCCGTTTGGGTTTCA-1,T cells,0.06037413756479228,0.051402375295501214,0.013183416987108313,0.0
TACTCTTTCGTCTTCA-1,T cells,0.04449141376859256,0.05613946378957726,0.01346100793924183,0.0
TTCGCGCGCCATACGA-1,T cells,0.06720575290577332,0.049404462795422835,0.0049047240585411355,0.0
CGGAAAGAATCAAACG-1,T cells,0.07995640050638132,0.0748948395589381,0.004013830877431165,0.0
AGGCAGGGAGCGTACT-1,T cells,0.07483093247627834,0.06665276140751247,0.017128235101865716,0.0
TGTCGTTATCACATAT-1,T cells,0.05617239738646079,0.046425920288563086,0.006022311281676577,0.0
ACACATGATCAAATCT-1,T cells,0.14035003882033434,0.11529077087405007,0.017158585641436554,0.0
TATCCATCTCGGTTAG-1,T cells,0.045792667611793195,0.04203680192092083,0.008712325223533868,0.0
CTCGTCGAGGGCTCAT-1,T cells,0.06270118005254749,0.04992696000861439,0.009361027229459072,0.0
ATCAATGCCGTGGCTG-1,T cells,0.042348087199279585,0.03214227485705638,0.0073313423036822445,0.0
GAAACATAGGAAACAG-1,T cells,0.07072724171805685,0.053629199959606536,0.007289862308123969,0.0
TAATAGGTCACCAGAA-1,T cells,0.04804440119887114,0.03561055353901939,0.008273060452395389,0.0
CACCAGTCAGCATGCA-1,T cells,0.033156436182199336,0.029539227625950848,0.007959570166850786,0.0
GAGCGCTGTTAGGTAA-1,T cells,0.025897653792512826,0.02180711614015833,0.005846173143028138,0.0
CCCTATGTAGAGCAGA-1,T cells,0.06027889381243232,0.05036703066484777,0.007659672318885216,0.0
GATCGCTATATCTCAG-1,T cells,0.09253559042963747,0.0752393324451626,0.011051433416275194,0.0
AAGGGACTATGCATTC-1,T cells,0.02039774551481894,0.0225150934034897,0.00677834624929485,0.0
CTCGGGTTCTCTGGCC-1,T cells,0.03510697652669664,0.02927633191296991,0.005461979240403003,0.0
TATATATCGAGAAATG-1,T cells,0.030345891218865998,0.024470644959007942,0.007304594546353474,0.0
ACCCGAGCGAAATTAC-1,T cells,0.026656118784544464,0.0331420140983147,0.005177202394294943,0.0
TTGTTTCATTAGTCTA-1,T cells,0.039611662339298394,0.03831177159226409,0.0058678658214821825,0.0
ATGGGACCTGCTGAAC-1,T cells,0.03776662328578733,0.035000497989016534,0.005058761842637174,0.0
TGCGACGGCCGAACGT-1,T cells,0.04241533120264272,0.03420219846336285,0.006649837470681179,0.0
AGCTAACAAGCAATGT-1,T cells,0.048563214915890794,0.03407648676434945,0.005722485529518302,0.0
CGTGTCTCGTTACGAC-1,T cells,0.018103994572007773,0.01848518986713108,0.008875012242848942,0.0
CTAAATCCGGTGTACA-1,T cells,0.05015616935654756,0.036396298458592304,0.007686115594847821,0.0
GAATAGTGCTCGATTA-1,T cells,0.02477649386679434,0.02500120923977811,0.0045543073411742465,0.0
AACAATACATTGTCGA-1,T cells,0.08642521352457365,0.07308701084523858,0.016116334635526912,0.0
CACATCGTGCACGCGC-1,T cells,0.05510060736131251,0.05043565439577398,0.007960852303902786,0.0
ACCGTGACCACGTGGG-1,T cells,0.05847754106427286,0.04514908805333849,0.01169176157547312,0.0
CCCAATGAGATTTGCA-1,T cells,0.05076428529536321,0.04756594563334056,0.00637071249356125,0.0
TCAGCAGTAGGCCCTG-1,T cells,0.049301809918077644,0.043342721826237815,0.00853132275748066,0.0
CTACTCAAGGTATAGT-1,T cells,0.04802442654535552,0.041923994419876404,0.006034926741810809,0.0
TAGTAGCTTATACCAG-1,T cells,0.09896479410829094,0.09153767507930988,0.022487985458319704,0.0
ACGTTCGTTCAGGAAA-1,T cells,0.056152971685675054,0.04764038340465117,0.008353748566555573,0.0
TTAGAATAAGGGTCGG-1,T cells,0.11852177196647938,0.08783898664568353,0.02368754179503419,0.0
TTCTAGAAAGTCTTAT-1,T cells,0.05738662364648698,0.04776739516016616,0.015031361196811338,0.0
CCTTCAGTTAAAGTGA-1,T cells,0.18662940483635454,0.17593351193036505,0.02196295105915028,0.6
TAGCTAGTGATGATGG-1,T cells,0.0527399679667835,0.05588333478292695,0.012727541516032777,0.0
AGCCCGGTAGCCTGTA-1,T cells,0.14614089757931512,0.15000346515740906,0.015307805474757099,0.2
GACGGGTTGGCCCGTA-1,T cells,0.08664727968552194,0.07631450757024015,0.012402648960300907,0.0
TAGTACCACAACTTTC-1,T cells,0.07480265119210859,0.047111059394484976,0.011409315137048483,0.0
ATCCCATCCACAGCGC-1,T cells,0.08615964239336009,0.07480365160227762,0.013032406341046718,0.0
CTTAGGTATAGACCAG-1,T cells,0.04597724437654465,0.047819255393917806,0.004280462868810712,0.0
TGACTCCGAATCATAC-1,T cells,0.04154011686165408,0.03826825032378077,0.007069397672938319,0.0
ACTACATCCCGACAAG-1,T cells,0.01893424255659721,0.017570471888444416,0.00476597014850594,0.0
TTGCCGCAGACCTACA-1,T cells,0.01964790423907471,0.021676801531423352,0.005700612636284909,0.0
TAAGAGGGACAGGGAC-1,T cells,0.026085384459499844,0.026507118194299517,0.004226307809154822,0.0
CGAATGAAGTCATTGC-1,T cells,0.0380424836339524,0.02780487307756783,0.007177721455734608,0.0
AAGGGAACGACTGGCT-1,T cells,0.045763182434510545,0.03626750172688981,0.01119548745942714,0.0
CGAATCTGCTCGACGC-1,T cells,0.05981837429751416,0.05306725497507684,0.008213157936695685,0.0
ATCGTGGAAAGTCTGG-1,T cells,0.040722106648315895,0.032525576698454725,0.007264080053065401,0.0
CCTATGGCTCCTAGTG-1,T cells,0.0483308940574136,0.04211237964217236,0.007276350918022373,0.0
CGTCGCTTGGTTATAC-1,T cells,0.051135464453428946,0.03633203045434472,0.004390663900991446,0.0
TGCTTAGAGAGAATGC-1,T cells,0.03222362886435223,0.03193538229280769,0.0038294121395202278,0.0
GATTGCTCCAGTTGCA-1,T cells,0.041451954396259615,0.030760975560483177,0.006995803987129279,0.0
CGTGCTTCTACCTAAA-1,T cells,0.03801415308488939,0.02645264784686916,0.006179308312967274,0.0
ACTCCAATATCATCAT-1,T cells,0.0332214949006561,0.02587849223614545,0.005970627028516474,0.0
GCCGACCCACGACTGC-1,T cells,0.050567452055809,0.04103487189701648,0.008071831314772694,0.0
GAGGGTAGTAACAAAG-1,T cells,0.0381472561169034,0.0317859039863799,0.002950614266639145,0.0
GGCCGAGACTCTGGTG-1,T cells,0.0610867843794274,0.05815739525494969,0.011924034910049267,0.0
TATATAGGGCTTTACG-1,T cells,0.0286794035079436,0.02785783503458557,0.004435611174142122,0.0
TGCCGGATGTACGAGC-1,T cells,0.059245890237161876,0.06090642101654161,0.010355665845469778,0.0
AGGTAGATCGAGATAT-1,T cells,0.06479851682897841,0.05480959251018992,0.01165245821642439,0.0
GATCAACATAAAGGGA-1,T cells,0.05676343535854522,0.06358382591035376,0.011132891445235094,0.0
TAACAGCGTTTGTGCT-1,T cells,0.09264512613244327,0.07536999385374572,0.012803283827113762,0.0
CTATAGGCGTTGATGT-1,T cells,0.08271053834511677,0.08647041169545383,0.02129201669589936,0.0
GGTTTAATTACCATCG-1,T cells,0.062794516365867,0.054365262718743444,0.006438590049481509,0.0
CTCTTCTGGAAGTTAG-1,T cells,0.05721290945263951,0.0487181027643297,0.012421168901923107,0.0
ATCTGACATGGAAGGA-1,T cells,0.06964738929884448,0.05430423354391082,0.014655262328968547,0.0
TACGTACTAGTGCTGA-1,T cells,0.06536443305544568,0.06257563394668551,0.007822513650487457,0.0
ATGACTATCAGCTGTG-1,T cells,0.21461034765348536,0.1676791199097628,0.03750228909986638,0.4
CTTTGGGATTGTTGCA-1,T cells,0.13629265848467548,0.12356945443946499,0.0215738509268687,0.0
AGACTGTTACCGGGTC-1,T cells,0.24345846412918176,0.23035858897087502,0.03167144940891292,0.9999999999999999
ACGCAAACTAATAGAT-1,T cells,0.2821802627564088,0.24923550057570126,0.02610895135608017,0.9999999999999999
AAGTGAGTCGGGTTTA-1,T cells,0.33984422159467664,0.28742742920819603,0.028965934675507007,0.9999999999999999
TAAAGCGGTATTTCCA-1,T cells,0.09472918605345515,0.09246272780285372,0.01663082378957561,0.0
CTCCTCCAGCTCACAC-1,T cells,0.1418274533133882,0.11926386020017987,0.01955842409463499,0.0
CGGTCCGTCGCAAGCC-1,T cells,0.1133116606785444,0.10293238181202986,0.02002992792455127,0.0
CCTATATTTGTCCTGG-1,T cells,0.06676659857759899,0.06335433889942606,0.01611873576913789,0.0
TCCAATAAAGGCTACC-1,T cells,0.1220661796289608,0.11292524739745949,0.012133126534048654,0.0
CGTGACCAGTCCTCTG-1,T cells,0.17545006838403987,0.1730524497498231,0.030276560396985612,0.30000000000000004
AAACTTAATTGCACGC-1,T cells,0.03662475731203102,0.046466866901133684,0.015944187246955094,0.0
TAGGCGGCTGCAAAGA-1,T cells,0.00978493512959457,0.018437786219498105,0.006216634052102746,0.0
TCCATCAATACTAATC-1,T cells,0.033184277223124864,0.0318592780260182,0.004043212159857617,0.0
ACCTCGAACTTATGCT-1,T cells,0.04020952157650055,0.040487309662878085,0.0063404880463479646,0.0
ACAAACCATGCGTCCT-1,T cells,0.022526197379675622,0.021766719180773837,0.005994369284676936,0.0
ACACCGGTCTGACCGC-1,T cells,0.029428066394211708,0.029761624989857315,0.007159748494237115,0.0
ATGGCAGCATTACGAT-1,T cells,0.03523441637928288,0.028389610256884905,0.003305434858947856,0.0
CTGGTGAATGGGCCTA-1,T cells,0.05973117457130225,0.05366748956829827,0.0069700688938794395,0.0
CACAGAGACGAGGACG-1,T cells,0.02845771996813488,0.025650421620133885,0.005086446189868716,0.0
GCACAAACCCTAGATG-1,T cells,0.013016197823969348,0.019179310149043262,0.002455327985062502,0.0
ACTATGTCCAGCTGCC-1,T cells,0.026583282352150888,0.024460933377758075,0.006343785393468138,0.0
AAGCCGCCGTGAAATC-1,T cells,0.04599433265290261,0.03767581999544816,0.006773767381992899,0.0
ATGGGTGTATACCTCC-1,T cells,0.050267676715796177,0.03783584919663807,0.0075143914101107835,0.0
TAAGCGCGAATCAAAT-1,T cells,0.05100444805950591,0.04740130137942986,0.006034555608129279,0.0
AGCCCGGCATTAGAGG-1,T cells,0.06026208973967812,0.054528298462563116,0.009742913839630855,0.0
GTGATCAAGCGTGCAC-1,T cells,0.17757840601625685,0.14023361680041252,0.019092883173535195,0.0
CTGCCTTTAATACCTT-1,T cells,0.037684053717218134,0.03105348165319761,0.007876898265167076,0.0
TACCTCCACACCAATG-1,T cells,0.060302173600521855,0.046086851383076145,0.003812306554371766,0.0
GAGCATCAACAACTTG-1,T cells,0.03116990256869063,0.026673983572799813,0.004319195866985559,0.0
CATACGAACTAGCTGG-1,T cells,0.032505660114996615,0.028556660514137723,0.005279763133881456,0.0
GGGAACGGTTTCAGAT-1,T cells,0.02652768063814317,0.026421469877397845,0.005536138588125996,0.0
AGGGTGCCGTTCTTTA-1,T cells,0.03279022752420585,0.02330080375218227,0.0035141626742836982,0.0
ACGACTGGTCATACTC-1,T cells,0.045409757673622146,0.04208281821389269,0.006936656566541779,0.0
GGATCTTACTGCCCTT-1,T cells,0.04626010230317406,0.04542855615185961,0.009195085969545982,0.0
TACTCCTCTAGTTGAC-1,T cells,0.06256203555118364,0.05871859618539477,0.00733956801592153,0.0
GTAGCTCCGGGAGGCT-1,T cells,0.04264635084919317,0.0490740110121758,0.009708182482061033,0.0
GGACTCGTGAGTGGTC-1,T cells,0.07971820600186084,0.08048868015100245,0.011790549056333957,0.0
GTAGTTCGAAGGCGAA-1,T cells,0.09867694450611846,0.07678035754141777,0.016217422304213386,0.0
CTCAAACCACTGCCCG-1,T cells,0.09042606996058554,0.08151489894939798,0.011167849615538844,0.0
GAGGGAGTCAGATCGC-1,T cells,0.1516157197524972,0.10917457196929214,0.028364489070544553,0.0
GCGTCCCTAAGACATA-1,T cells,0.270217798686456,0.22383199534387016,0.025478443744793775,0.9999999999999999
TCTCTTACCGCGAACC-1,T cells,0.2597443776237565,0.22862259618190653,0.01909592381816207,0.9999999999999999
GGCTACTATACACTCC-1,T cells,0.22646059095740584,0.2294132132199734,0.03072511820659697,0.9999999999999999
CGTTGCCCGCGTGGGA-1,T cells,0.1373233886041698,0.13041856363130216,0.02574081685128518,0.0
TATAGAGTCGCTTGAA-1,T cells,0.17150102297422815,0.16497295548258903,0.02077848634921875,0.2
ATGTTGTAGTCTGTTT-1,T cells,0.07184911861565424,0.06670911400798171,0.008353043930480676,0.0
AGTATACACAGCGACA-1,T cells,0.051561553852348126,0.04750572155584268,0.012846715613483764,0.0
TGTGGTTGCTAAAGCT-1,T cells,0.04856746631629238,0.03897771101880461,0.005413264611263554,0.0
TGATTCCCGGTTACCT-1,T cells,0.0039312641365381205,0.026063118900020565,0.007555605911204587,0.0
CACTGACGATTGTGGA-1,T cells,0.08305989696679969,0.09525119326649271,0.021564639675716445,0.0
AACATTGTGACTCGAG-1,T cells,0.08638667025757882,0.0845934076507576,0.014881830258925702,0.0
GTCCAATATTTAGCCT-1,T cells,0.09454343196748233,0.08585864212878105,0.016923865712143216,0.0
GCTCTTTCCGCTAGTG-1,T cells,0.15017607332816457,0.13682202166972476,0.018703156595898975,0.0
GGGTCAGGAGCTAGAT-1,T cells,0.22803967385468643,0.19821065331579527,0.027599188082368775,0.8999999999999999
AGGTGGTGACCTTCGC-1,T cells,0.10929799623615119,0.09646225567838232,0.020080715649154205,0.0
CCCGGGTCGTTCAGGG-1,T cells,0.32986987143880797,0.2596426914004324,0.032421770590254,0.9999999999999999
ATTATGAGACCCAATT-1,T cells,0.03532876694210655,0.01729071638922817,0.019393811528759873,0.0
CCTCCTAGCTAGAGTC-1,T cells,0.06351002809994295,0.03738646203868551,0.014801411692863942,0.0
CGAAGGGTTTCAGATT-1,T cells,0.05423951758690383,0.04935476014553745,0.0038515096225749585,0.0
CACAAGCTAAGAAAGG-1,T cells,0.026768785811595003,0.028246493672080136,0.007913258570488284,0.0
CACCGGTAGAGACATT-1,T cells,0.02862933273524815,0.03212691405153535,0.004808351500487614,0.0
ACTCATGGCAGCCTTC-1,T cells,0.033780882447135535,0.03248149403900753,0.008948507727186724,0.0
CATCCAATATAGTTTG-1,T cells,0.014937538193930051,0.018859194298571007,0.004879981089197785,0.0
CAGATATGAAGATGAC-1,T cells,0.03426314066469015,0.03817644586801291,0.0032939373387881467,0.0
GCAAAGGGCGTTAGCC-1,T cells,0.020764923354808947,0.021760857659108516,0.00458255107885513,0.0
CTGTTGTTCAGTCGTA-1,T cells,0.028335428999681708,0.02512398256128584,0.004009426545677207,0.0
AAAGGCCCTATAATAC-1,T cells,0.029629610423022187,0.026328874062953905,0.004122982818116941,0.0
AACATTGAAGTTGATC-1,T cells,0.037859711032246626,0.02907817164956301,0.006670560143931473,0.0
GCTAGCGATAGGTCTT-1,T cells,0.06924427566202247,0.06453901916746692,0.005463885469128487,0.0
ATTGCCTATTAGACCG-1,T cells,0.09766131265131618,0.07463275816665345,0.01364712991386888,0.0
GGGCGTTTACATTCAT-1,T cells,0.26319564205807805,0.2237902250727512,0.0312832250879388,0.9999999999999999
CCTCTACAAGGATTGG-1,T cells,0.2662175159045709,0.22319565563698118,0.025442154825436974,0.9999999999999999
AGTGACTGTGACACAA-1,T cells,0.15960748838091093,0.14608192810652992,0.024510745229357114,0.0
AGCCCTCCCTGGTGGC-1,T cells,0.18671426389755652,0.15290417980604115,0.025123207666961255,0.2
CGGTTGAGTATCCTTC-1,T cells,0.040526915876310673,0.03521265484583032,0.0043394686413926,0.0
CATTATCCCATTAACG-1,T cells,0.022773352332830864,0.027017713871545078,0.004485015599538532,0.0
AATGTGCTAATCTGAG-1,T cells,0.04909301121645604,0.04442913062515095,0.0057814084954073445,0.0
CTTAGTTGAGGAATCG-1,T cells,0.034968661963385606,0.0340568290814786,0.0036881349925482814,0.0
CTTCTGGGCGTACCTA-1,T cells,0.02614075636530642,0.026812189883793837,0.006121034599565355,0.0
AGTCAAATGATGTGAT-1,T cells,0.022248486610488876,0.02326826398413085,0.006353906886295136,0.0
TGAACAAGCAGGGACT-1,T cells,0.04360683032087443,0.0370813570082094,0.00659572013568521,0.0
AATACCGGAGGGCTGT-1,T cells,0.08416528996177695,0.07664516996857276,0.010947150179878426,0.0
GTTTGGTGATCGGTGC-1,T cells,0.08119238153895818,0.07424362317369697,0.01096097794824405,0.0
GACTGCTGGTGAGAAA-1,T cells,0.10168711281533258,0.09535562077976172,0.021006128915729175,0.0
CGATCCTCGCAACATA-1,T cells,0.12739398966984636,0.09520395274816276,0.020505918735267,0.0
CCAACCTTATGTAACT-1,T cells,0.10858733070743962,0.09508503723510947,0.023529232775473377,0.0
CGTGGTACCCAAAGGC-1,T cells,0.21716254412338867,0.19695129822272803,0.03621426774574168,0.7999999999999999
AACCCGACAACCCGTG-1,T cells,0.043770945567269154,0.029992498567538644,0.002498807686987127,0.0
TATGTAAAGTGCTTAA-1,T cells,0.033521168127675145,0.030571110752105574,0.009799287167106246,0.0
GCAAGTGTAAAGCATG-1,T cells,0.049279567158926,0.038548553472295646,0.004340127190503833,0.0
GTAACTGCCCAAGGAG-1,T cells,0.0487556459060261,0.037675063186139966,0.006607318867208013,0.0
GGTGCATAAATGATTA-1,T cells,0.03977097320910655,0.04696316581084557,0.011728508576520736,0.0
TAGTCCCGGAGACCAC-1,T cells,0.043093220246999894,0.04197357437900691,0.003949801214080838,0.0
CGGCCAGAGCGACCAT-1,T cells,0.05205668059427715,0.04268820404407055,0.004132038585296277,0.0
TGAATGAGTGTTTCCC-1,T cells,0.06798692565284438,0.05715863441942912,0.012110835137175034,0.0
TTCACTTCCTAGAACG-1,T cells,0.07761717564841707,0.07327201251179803,0.017661741107094307,0.0
CGCTTAGTATTGATAC-1,T cells,0.06194747965053392,0.05104632027103133,0.007717366188238903,0.0
AACGCGACCTTGGGCG-1,T cells,0.044901497774439345,0.04827139615541928,0.008778856729797455,0.0
GTGCACCAGCTTCAAC-1,T cells,0.1181571038763225,0.10676323278346281,0.022105967442266596,0.0
TTCTATTAAACGCAGC-1,T cells,0.09520902243812929,0.08153262309540729,0.014445158428880969,0.0
TGGCAAGCACAAGTCG-1,T cells,0.0610876682957815,0.053479077808510064,0.010709705871377845,0.0
ATCTGCTGTTATCGCC-1,T cells,0.05768222086795259,0.0509903077783164,0.012957602478524942,0.0
AATTCCAAGCATGTAC-1,T cells,0.07533913209379908,0.06734809821752696,0.008040542705323787,0.0
AAACGGTTGCGAACTG-1,T cells,0.1209163284127383,0.12088118666762533,0.009815645028231483,0.0
CTACATATCGCGGGAC-1,T cells,0.03337849520186434,0.030878560490895886,0.023892438440583995,0.0
ATGGTATTTACTGATT-1,T cells,0.05504350027030539,0.0648275495586585,0.020486269337893843,0.0
CCGTCAACCTCTGGCG-1,T cells,0.017426714958471198,0.030862425910745166,0.01047486346183242,0.0
GCTTCGACGTTCAATC-1,T cells,0.0038170154876864732,0.02050615540533425,0.00987903979794389,0.0
GACCGATTAAATATGT-1,T cells,0.036381185330513495,0.036196513718402365,0.005100832396638984,0.0
GTCGAATTTGGGCGCT-1,T cells,0.02050659367282475,0.023177505671820066,0.009614171264815924,0.0
TCACGGCCCAAGAGAG-1,T cells,0.019988400219068683,0.02484588030020809,0.0037324485419022876,0.0
CTACGATCCTATCCTA-1,T cells,0.03755029562594016,0.027402717083397966,0.007195144999603907,0.0
TGCAGTGGTAGGGAAC-1,T cells,0.042132605762752864,0.040397544782716885,0.005405711663718967,0.0
TTGCCTAATCCAAAGT-1,T cells,0.03455541481139406,0.02988353088625632,0.005701233573366561,0.0
AGCGAGACGTGAAGGC-1,T cells,0.05058554090015968,0.05178688937082798,0.008501953693962961,0.0
TTCTACCTCAATCGGT-1,T cells,0.017948695290712746,0.019721426032058252,0.004285250390571822,0.0
TACGCTGCTGTGTTAA-1,T cells,0.028232145845200902,0.02973704832476646,0.004886844678813973,0.0
TAGTCCTGCACTAAGC-1,T cells,0.0469919473577362,0.04091171201490946,0.005684660690742802,0.0
AGCACACGTTTAGACT-1,T cells,0.08036095619598635,0.0717917316159795,0.01104764464996412,0.0
GTTCGACAATTGTATA-1,T cells,0.03328077713565402,0.03203600752064968,0.004790936856524161,0.0
CCATGTTCATCTATAT-1,T cells,0.13830057737331938,0.12664231383094213,0.02153110757367763,0.0
CCCTCGATAATACACA-1,T cells,0.05225676343573838,0.04961911925818572,0.01352800456880622,0.0
ACTGCCCGCCATTCTC-1,T cells,0.06899863335159098,0.06084746590928446,0.011698019255382039,0.0
CTATATCCAGCCTGGC-1,T cells,0.19437289118707723,0.1484610424708414,0.026191841700762043,0.1
CGCACGTCTGTTTATG-1,T cells,0.043633042232296006,0.048570854895009556,0.006691972727406363,0.0
AATCAGGTTTCATTTA-1,T cells,0.08763412440675893,0.07361487820000275,0.014444560639442064,0.0
AGAGAAACACCAGAAA-1,T cells,0.0741651892169436,0.06619868806042221,0.01284792688089491,0.0
ACCCGATTGGTTCCGA-1,T cells,0.09964163780933476,0.09329154767010273,0.014700228654315178,0.0
TACCAGGAATCCCGTC-1,T cells,0.07878326751928215,0.06091210896724427,0.013773120340300406,0.0
AAGTGCTTCTCTATTG-1,T cells,0.07424825570496565,0.06599851635903835,0.01229387900912661,0.0
TGCATGTGACCCATAG-1,T cells,0.06427504824644244,0.06070329980786968,0.006688839509674212,0.0
TAGATTCAAAGTGCGG-1,T cells,0.1338162705656685,0.1173012277740583,0.02252754378445469,0.0
AGGGTCAGAGCACTCG-1,T cells,0.1378433884185701,0.11371509573878207,0.0196632645885808,0.0
GTGAGATAACCTTATA-1,T cells,0.10864081801933924,0.09030398354654533,0.015538601417551586,0.0
GTGTCAGTGTACGTGG-1,T cells,0.059657333617117274,0.051354167283953187,0.006451442964292243,0.0
CTGTAGTGAGGATCGA-1,T cells,0.04962643639066506,0.04365648800205455,0.005894918784976615,0.0
GATAGTGCGAGTAAGT-1,T cells,0.061640522636413786,0.05174854983636752,0.00959174326040614,0.0
AGGGTTCAGACGGTCC-1,T cells,0.04272832022263746,0.033522248066427424,0.004232017173633506,0.0
GGACTCGACAGCGCAT-1,T cells,0.060423656467864725,0.05040549135166472,0.010784722094354942,0.0
CACTCTCAAGCATCGA-1,T cells,0.062414644338259516,0.05817347071839686,0.014624638078911274,0.0
GAGCGGAATGCGGTGT-1,T cells,0.06036518608779745,0.04782368587418167,0.008144541872479687,0.0
CAGTTCGAGGACCCGA-1,T cells,0.08608919870983196,0.07567473040756234,0.013350648109200721,0.0
CGTAACTTCGACACTT-1,T cells,0.09964582339349509,0.08568113998911728,0.018071440732456402,0.0
TGATCACCACACTGAC-1,T cells,0.08993630092163052,0.07487829658299736,0.011163394172480976,0.0
CATACTTCTTTCTCCG-1,T cells,0.08413398738760494,0.06088137295026212,0.009489876692935578,0.0
CAAGTAAGTGATAGAC-1,T cells,0.1370389029942401,0.13129937723563792,0.018694546060760178,0.0
AGCCCGCAACAAGCAG-1,T cells,0.1107966981484858,0.09290030047420901,0.016777396374100816,0.0
GCTCCATGCAAAGCAA-1,T cells,0.12519919370331944,0.11711118888224721,0.017225255149256553,0.0
TCGTACCGACGTCAAG-1,T cells,0.1128698189940099,0.09562315759561728,0.014151142825477825,0.0
ATTATCGGAATGTACG-1,T cells,0.2410012130894707,0.2677587676180462,0.02589766731550328,0.9999999999999999
ACCTACTATAAATCTA-1,T cells,0.2698910203929616,0.1998332468383329,0.03221887478844114,0.8999999999999999
TATCCTATCAACTGGT-1,T cells,0.23534982599096477,0.1870817094471998,0.02876298599021617,0.7999999999999999
GCGCGGTCTAGTAACT-1,T cells,0.08084625175250476,0.07390424485862794,0.015856236734811235,0.0
TGGGCGATACAATAAG-1,T cells,0.10263312727970927,0.10010163877063238,0.018166584425007466,0.0
TGACATGTAACGTGAC-1,T cells,0.20357491729930915,0.1626044957436139,0.01989924287429698,0.30000000000000004
ACGGTCACCGAGAACA-1,T cells,0.0002667612184369506,0.004157729376140916,0.005371471035311427,0.0
TAGACTCAGTTGGCCT-1,T cells,0.02906115519514735,0.02869100309713154,0.007915887483547174,0.0
CCTTCCGCAACGCTGC-1,T cells,0.015720143156792744,0.03532039100711433,0.01008898134841393,0.0
CAGTGTTAATCTCTCA-1,T cells,0.009154651991947616,0.024833478300460402,0.014547210134638762,0.0
CAGGCCAGTACCACCT-1,T cells,0.01950557266160276,0.01534997305834827,0.00892490895771961,0.0
GATCGCTGTGGTGCGT-1,T cells,0.042255739128164355,0.041715931398323254,0.0139294371971634,0.0
GTATCTCGGGCGCTTT-1,T cells,0.022691342367758206,0.022650631372996007,0.00425304514687918,0.0
CCGGGCTAAGAATTTC-1,T cells,0.038896572594040994,0.03359486396879503,0.005336642036216185,0.0
CTTCACGCCCTGGTAC-1,T cells,0.04593415169254064,0.04189964873047809,0.0067320191890725715,0.0
CGGATGAATGCTGTGA-1,T cells,0.022691777427835094,0.021849584580179177,0.005339229731689201,0.0
CTCTGCAGGCATTCTT-1,T cells,0.06268664517134541,0.04976054884252186,0.005536730709041896,0.0
TCAAAGTCACGGCGTC-1,T cells,0.018842146214615482,0.02068969744067988,0.0035579028236434724,0.0
TGGGTTTCGGGCGTAC-1,T cells,0.040722944510343584,0.030439211805161126,0.017518613223623018,0.0
TGCTATGGCAAAGGGA-1,T cells,0.046359312435540465,0.04361786156248321,0.007976776300599845,0.0
TTCACGGTCGTCACGT-1,T cells,0.07627893641710055,0.07683832633201512,0.011432981456040167,0.0
CGTAAAGCAAGAAATC-1,T cells,0.05044297089544019,0.042049570991997264,0.005939435879601501,0.0
CTGATCCCTTTATGCA-1,T cells,0.14656329248600505,0.126227900948223,0.020255317278471033,0.0
GAGTATACCCTAATCA-1,T cells,0.12467370165634782,0.09815615018836069,0.013868060892565336,0.0
CCACGGCAGGTGTAGG-1,T cells,0.16677954335955314,0.1441975038875079,0.021724659491826098,0.1
ACGTACTTTGGCACGG-1,T cells,0.06909097308904859,0.06635499823570258,0.008120120211947747,0.0
CCTGAGAATAAATGCA-1,T cells,0.04825036418010075,0.0458019949451007,0.003544973528276053,0.0
TTGATGCCGCTCGTCG-1,T cells,0.031650957563663686,0.03579071425551414,0.0058385799195621035,0.0
GCCAGGAAAGAACACT-1,T cells,0.06158650125226792,0.07438562421185667,0.0155479027250168,0.0
TCCGACCGCTAATCAA-1,T cells,0.08045535578716047,0.07015700787883264,0.005004526123937175,0.0
TATATCAAAGTGATCT-1,T cells,0.19282885049585674,0.17947071313054125,0.035667275035149625,0.6
CCTCGGTTTCCTTGCC-1,T cells,0.1067917635196412,0.09402389180055239,0.01758812372138303,0.0
TAAATTTAGTAACACC-1,T cells,0.19474896652436718,0.15630554176206457,0.01843906468876395,0.1
CTCGTTACGGCTACCA-1,T cells,0.07375630681572584,0.06206625233282522,0.010425258796192206,0.0
GCCGTCGGTTTCGGGC-1,T cells,0.07639680194147415,0.07084095450629974,0.011530081136871503,0.0
GTTCCGTCCGCCTGCA-1,T cells,0.058610891508702224,0.0565200716759338,0.0075303876650459605,0.0
CTAGGGATAGGGACAA-1,T cells,0.07937150496219335,0.07376117471570781,0.01571724757078842,0.0
GTCCAGGCACGTGTGC-1,T cells,0.06326940278177205,0.05739273507751112,0.012545296296332317,0.0
GAGGAATATCTCTTTG-1,T cells,0.08357581355696247,0.06615097640393583,0.008787580336805682,0.0
CGTTCAAGGAAACGGA-1,T cells,0.06598642882519583,0.057154896673495825,0.00915100207899368,0.0
GTGGGAACAAACCGGG-1,T cells,0.0710753126455786,0.06495742890640174,0.009540575213435947,0.0
GGGCACGTAGTACTGT-1,T cells,0.048092370343175005,0.042906402363280964,0.0056182298559682275,0.0
ACTACAAAGAGAGGTG-1,T cells,0.07077932004030703,0.06326757907751264,0.008666779797516176,0.0
GGTGTAGGTAAGTAAA-1,T cells,0.06007301262269994,0.05173194089806001,0.010081766612596419,0.0
CCTGTTCAACCTCGGG-1,T cells,0.0869043627824919,0.0683119277781553,0.012771625926849401,0.0
TGAGGTGTGTGGCGGA-1,T cells,0.165180649162249,0.1389120013756368,0.021053229359300558,0.0
ATTGTCTGTTTCATGT-1,T cells,0.21739053217696547,0.1778082171677366,0.017790227854740253,0.6
GCCGGTCGTATCTCTC-1,T cells,0.1781404896479036,0.1813858339572163,0.02874445533074622,0.5
ATATGGGATAGCAACT-1,T cells,0.29238572540990204,0.29599850069567263,0.02706962448609588,0.9999999999999999
GATAGAACCCGCTAGG-1,T cells,0.2872587930225605,0.28882668384286003,0.023829978712927507,0.9999999999999999
ATCCCATTTCCGTGGG-1,T cells,0.38623437083982637,0.3643082269823749,0.030279639950070596,0.9999999999999999
GATGCTACCTTCGATG-1,T cells,0.2681663518052975,0.21759876378328752,0.03818916446702859,0.9999999999999999
TGCAAAGTTCGTCTGT-1,T cells,0.42589215583425133,0.3513990706696144,0.04129239621627594,0.9999999999999999
CTATTTGCTTGGAGGA-1,T cells,0.07862007822370418,0.08008652303000603,0.012766548237343023,0.0
AGCCATATAGTATGTG-1,T cells,0.05701779685824374,0.06120659972375747,0.017205230687163682,0.0
TTCTCAATTGCTACAA-1,T cells,0.11118541201426226,0.07827995154293091,0.03901732245537043,0.0
GACATTTCGCCCAGCC-1,T cells,0.03462491904068208,0.04526566593113009,0.014261115479343615,0.0
CCAGTGTACAGACCGA-1,T cells,0.04305373116861473,0.018249498444878397,0.004816990243624075,0.0
GCCCGATGCCCAGTTC-1,T cells,0.0002730984070142555,0.009562019230983166,0.011215432565051347,0.0
CGAACCTCTTTCCTAG-1,T cells,0.02636015754442438,0.02361939878554757,0.004004607101685693,0.0
CCAAATCAAAGGGCAA-1,T cells,0.10972778372001264,0.09753082128001518,0.026488426320433096,0.0
TAAGTGAATAGTCTAC-1,T cells,0.007463998665298587,0.008325305634590247,0.008463475834393986,0.0
CCCTCAGATCGAGAAC-1,T cells,0.09964014410328788,0.09001676004582977,0.010596663733930691,0.0
ACATTCGCGCGGAATA-1,T cells,0.12390438596347236,0.14367468511186135,0.03687470643882259,0.1
CTATGAACACCTTGCC-1,T cells,0.0005025398486991987,0.005681003503824693,0.008934702672689969,0.0
TCGACATAGCGTAGCG-1,T cells,0.15394348582060724,0.10668875610569654,0.023928280895929615,0.0
CTCGAGGCAAGTTTCA-1,T cells,0.06624562716137362,0.057099453757265294,0.012658985739512891,0.0
GACGATATCACTGGGT-1,T cells,0.14242048200745305,0.10458074815889014,0.018190077385111858,0.0
CAGCTCTGGGCTCACT-1,T cells,0.06772012410678953,0.07018803615008648,0.02018775331669225,0.0
TAGTCTGCGGCACATT-1,T cells,0.17614545318322994,0.14291370429812844,0.029069980588380295,0.1
TGGTCGATATACCTCT-1,T cells,0.05720341677418983,0.059654727412359145,0.02018114875592954,0.0
TTCAGTTCAAGAGGAG-1,T cells,0.07241544058545524,0.060730595186372825,0.010799436611040986,0.0
GTCTGTAGGTTGAACA-1,T cells,0.04220176367705537,0.040064094825312986,0.018350166772554032,0.0
GAGAGTCTCGGGAGAG-1,T cells,0.10980711749222861,0.09488262082179441,0.01675228022089601,0.0
TTGTTTGTATTACACG-1,T cells,0.026010822365237718,0.023011462725103606,0.005224568735513755,0.0
GCACAGCACGGGCCGA-1,T cells,0.12191349717354519,0.10270400575677374,0.012374145058904025,0.0
AAACAGTGTTCCTGGG-1,T cells,0.04834971216947086,0.04411497874641493,0.0056356469989879724,0.0
TGGAGAATAATCGTCC-1,T cells,0.06682694028181874,0.05213385595338642,0.006288002160313258,0.0
CGCCGCGTTCTGAACG-1,T cells,0.15500640659315737,0.12663626433109026,0.02098958064802204,0.0
CATGCGTTGAGAGGAG-1,T cells,0.040370025638153,0.04050883990915584,0.006975342118772042,0.0
TACGCTCCTAGAACTG-1,T cells,0.16087462464102514,0.13919786298107759,0.015665904862335437,0.0
CCTTGTGAACGTGGTT-1,T cells,0.14188335387138074,0.1210149345796649,0.020674726910698427,0.0
TTAAAGGCGATGCTCG-1,T cells,0.21202347880212447,0.15596312074816407,0.024508599451855358,0.0
TAAAGTGCACGTCTCG-1,T cells,0.19490917695498305,0.15842841750343126,0.01835847464136069,0.0
TGTCCGCAAACAATTC-1,T cells,0.2115709590192077,0.17195271782114796,0.024326767956380085,0.7
AGGCCTATCATACCAA-1,T cells,0.09782563142483947,0.08466459005337783,0.015211117445183955,0.0
ACTGGGATGCCAGTGC-1,T cells,0.13835488226130965,0.11671115718299388,0.019839632513444356,0.0
CGATCCACCATTGTTG-1,T cells,0.21699501005201505,0.20452352958607412,0.021140509765690825,0.9999999999999999
GGGCATGCATGTCGAG-1,T cells,0.3651899843790486,0.3206380609213715,0.021978893866250255,0.9999999999999999
TCCAGGCAGGACGATC-1,T cells,0.4374123376536886,0.4041864451936933,0.03381219514368406,0.9999999999999999
CAATGACCCTTAATTT-1,T cells,0.37880140753754965,0.3488280395593087,0.045148748177126746,0.9999999999999999
ATCAAGATCCCAGGAC-1,T cells,0.18477426222992738,0.18222197572612164,0.03329113623245492,0.7
CTCAGAGCTAATGTCG-1,T cells,0.18083411017922302,0.15330928797510732,0.02703735153961143,0.30000000000000004
CTGCGATTTCGAGATT-1,T cells,0.11390833762601864,0.1283760245220865,0.02316592448940449,0.0
ATGGTATTGGGAACCG-1,T cells,0.07177254688379633,0.09150354857679951,0.023820889669935674,0.0
CTCTACATCCTGCGTG-1,T cells,0.044204059464161574,0.04236115111112215,0.0056566105441324,0.0
TGGGTGTTAAGTAGAA-1,T cells,0.03697286773981097,0.02469505227847426,0.004070402671118782,0.0
CGATCGAGAAGCACCA-1,T cells,0.22096238220229136,0.21376792041624632,0.0515785168433674,0.7999999999999999
CTGCTCTGACGGCAAA-1,T cells,0.033686396480938734,0.019408667903399585,0.02555361686984636,0.0
