"","B-cells","CAFs","Cancer Epithelial","Endothelial","Myeloid","NK cells","Normal Epithelial","Plasmablasts","PVL","T cells"
"mix_0000_depth100",9.83565856919586e-05,9.8359237937128e-05,0.570002150540358,9.83704275646379e-05,9.83592383342818e-05,9.83592378913122e-05,0.407427500307468,0.000278631826535484,0.0123812174654837,0.00941869513273521
"mix_0000_depth25",0.00013952487807459,0.000139524877861421,0.583792943707891,0.000139524878061987,0.00392579520616364,0.000139524878067424,0.402619860545439,0.00206037697549542,0.00419538720963228,0.00284753684331261
"mix_0001_depth100",6.51980711326233e-05,6.51984810765982e-05,0.557453090221556,0.00356594844809636,6.51984805811552e-05,0.00201178927023959,0.433081684452563,6.51984796667599e-05,6.51984806327963e-05,0.00356149561445454
"mix_0001_depth25",6.4698976640865e-05,6.46989741312137e-05,0.497333905408624,6.46989766484598e-05,6.46989766742528e-05,6.46989766821639e-05,0.501217167564479,6.4698976811237e-05,6.469897664846e-05,0.000996034192660388
"mix_0002_depth100",6.3733246539711e-05,6.37332454786856e-05,0.465567086943483,6.37332465673286e-05,6.3733246404579e-05,6.37377249092782e-05,0.487784177989063,6.37332466499206e-05,0.0265314096938822,0.0197349214170221
"mix_0002_depth25",0.000117597478396044,8.97967633002326e-05,0.417314971099436,8.97967652482565e-05,0.00016605792802263,8.97967652519267e-05,0.528652197171132,8.97967650846718e-05,0.0269845881084889,0.0264054011556385
"mix_0003_depth100",0.0121010678447848,5.94299446179821e-05,0.562027819181778,5.9429944268126e-05,0.0393296004291998,5.94299442112964e-05,0.383416420530844,5.94299441614595e-05,0.00116969415221084,0.00171767808392301
"mix_0003_depth25",0.0118258768284162,8.40307097416645e-05,0.51918679077872,0.0020015191766435,0.046011336901057,8.40307087721055e-05,0.419721398233611,0.000724930989239533,0.000276054965016684,8.40307087823321e-05
"mix_0004_depth100",8.91108229316244e-05,0.000573431999111659,0.555715086237428,8.91108229325637e-05,0.0506501697023968,8.91108229456049e-05,0.387806593996133,0.00162383636405933,0.00327443840911124,8.91108229504957e-05
"mix_0004_depth25",0.00994976732952665,0.000746765156852096,0.51406864611208,0.000127269276113056,0.0460343522983506,0.000127269276063144,0.419187940921228,0.00500747828562213,0.00462324206805081,0.000127269276114016
"mix_0005_depth100",0.00975388029240517,8.99411086916522e-05,0.453971260652307,8.9941108670628e-05,0.115042071675536,8.99411086559893e-05,0.415861393528122,8.99411084195088e-05,0.00492168830855216,8.99411086396969e-05
"mix_0005_depth25",0.000129706827566032,0.000129706827462866,0.404135625866884,0.000129706827566032,0.133293686167382,0.000129706827560065,0.450370037064387,0.000445217840725298,0.00331029045748163,0.00792631529298454
"mix_0006_depth100",6.3531982110897e-05,0.00429973227398766,0.453502089200634,0.0943757690479914,6.35319820864073e-05,6.3531982671094e-05,0.410921287406831,6.35319822631326e-05,0.0365834621586031,6.35319828207895e-05
"mix_0006_depth25",0.000132109904174624,0.00478299549128326,0.449704957391969,0.0976880847762632,0.00431927368179234,0.000132109905338659,0.401280623938408,0.000132109904792977,0.0416956251026234,0.000132109903354921
"mix_0007_depth100",6.98554684996898e-05,6.98554685837661e-05,0.576849193095251,0.0338869671135627,6.98554684027892e-05,6.9855468918645e-05,0.386272005294105,6.98554690405043e-05,0.00257270168502172,6.98554686139018e-05
"mix_0007_depth25",9.49909785685243e-05,9.49909787293766e-05,0.545876647762807,0.0200827700963296,9.49909786063647e-05,9.49909782375634e-05,0.433021334559932,0.00044930170964926,9.49909785799744e-05,9.4990978560016e-05
"mix_0008_depth100",6.11376235325925e-05,6.11376235869888e-05,0.568714651354957,0.0266853630033652,6.11376236737671e-05,6.11376234710782e-05,0.401112893444318,6.11376234503807e-05,6.11376235209111e-05,0.00312026645612366
"mix_0008_depth25",8.82932890392424e-05,8.82932890443409e-05,0.491736417063832,0.0310114009567945,8.82932889080622e-05,0.00303677754160468,0.473311699365941,8.82932898411344e-05,8.82932890300334e-05,0.000462238625965134
"mix_0009_depth100",0.039869393604923,9.24712010981534e-05,0.585496781511883,9.24712011231063e-05,9.2471201302084e-05,9.24712010557296e-05,0.305347413995802,9.24712011591442e-05,0.0687315836804497,9.24712012033063e-05
"mix_0009_depth25",0.0423079155904609,0.00163743112852391,0.57578763227254,0.000129136051839181,0.00443151796604921,0.000129136051839695,0.308084247122347,0.000395351869786506,0.0669684958947746,0.000129136051837927
"mix_0010_depth100",0.0651669187589542,8.54891710094578e-05,0.440003934744343,0.00243559577846307,9.02197980294701e-05,8.54891706694412e-05,0.486890257568337,8.54891708998901e-05,0.00507111666862587,8.54891706686783e-05
"mix_0010_depth25",0.0747415907301244,7.93036886623515e-05,0.464236321568501,7.93036886654402e-05,7.93036886654404e-05,7.93036882151994e-05,0.44587726784602,0.0030515483293972,0.0116967530830836,7.9303688665439e-05
"mix_0011_depth100",0.0334691171391429,9.0766140315736e-05,0.492232967548917,9.07661401932807e-05,9.07661401987627e-05,9.07661400520304e-05,0.422222291815068,9.07661402413647e-05,0.0515310266556675,9.07661402037447e-05
"mix_0011_depth25",0.0311556189543149,0.000127749608191639,0.502732695837814,0.000127749608169073,0.00395584102056084,0.000127749608142206,0.403635389494355,0.000754239379054067,0.0572552168812248,0.000127749608172787
"mix_0012_depth100",6.8873304739675e-05,6.88704870819844e-05,0.633310063771874,6.8926857766057e-05,6.88704869151725e-05,0.0142710344599562,0.343723895214326,0.00144408840683576,0.00690650652366508,6.88704868404012e-05
"mix_0012_depth25",9.88034375397544e-05,9.88034376485553e-05,0.58425225506678,9.88034375629664e-05,9.88034376089012e-05,0.00912307157288935,0.376626479115966,9.88034371967779e-05,0.008787332961826,0.0207168440949815
"mix_0013_depth100",9.177894698944e-05,9.17789474691202e-05,0.431741530223264,9.17789473437118e-05,9.17789470605352e-05,0.0179388896996964,0.45195455614711,0.000632416089317233,0.0972737131043863,9.17789473630272e-05
"mix_0013_depth25",0.000123524950085589,0.000123524949995389,0.448309775996841,0.000123524950074135,0.000123524950074124,0.00340668749763317,0.440165231026404,0.000563984418831146,0.0826739147354674,0.0243863065245947
"mix_0014_depth100",9.04265064016322e-05,9.04265062940688e-05,0.562400789598628,9.04265064011309e-05,9.04265063830562e-05,0.0185864004617462,0.376199491870557,9.04265066532352e-05,0.0164115587446213,0.0259496267923148
"mix_0014_depth25",9.8317686091285e-05,9.16334892022282e-05,0.577813918045198,9.16334859617068e-05,9.16334859546582e-05,0.0247078661604655,0.356229780294724,0.000884535645687632,0.0198014586293487,0.020189223077366
"mix_0015_depth100",8.62759007648218e-05,8.6275900703179e-05,0.629286469241486,8.62759007394208e-05,8.62759007232762e-05,0.0520541292465856,0.30429179968554,0.000760404441838174,0.00174527850834363,0.0115168152732765
"mix_0015_depth25",8.09089140070296e-05,8.09089140681078e-05,0.599093301614736,8.09089140106841e-05,0.00393046847016295,0.0482639944162108,0.345259800646009,8.09089139548275e-05,8.09089140106836e-05,0.0030478902828301
"mix_0016_depth100",9.39490578743463e-05,0.00143118871822759,0.571618939351857,9.3949057876478e-05,9.39490578731788e-05,0.0177324122323089,0.361886833889603,9.39490580083394e-05,0.0136737061815138,0.0332811233948572
"mix_0016_depth25",9.47787387482922e-05,0.00156287480421818,0.54403170434595,9.47787389538523e-05,9.4778738999961e-05,0.00861410477379677,0.384941402216511,9.47787386873975e-05,0.0160386871143021,0.0444321117898325
"mix_0017_depth100",7.10757690925412e-05,7.10769921966395e-05,0.6103977783562,7.10796788642982e-05,7.10769884254819e-05,0.0201239914812674,0.367981033168368,7.1076988566304e-05,7.10769885863733e-05,0.0010707335884335
"mix_0017_depth25",0.000100281192599302,0.000100281192484182,0.557730733187368,0.000100281192637513,0.000102618202806099,0.0193292136850442,0.422235747767802,0.000100281193983723,0.000100281192637513,0.000100281192637513
"mix_0018_depth100",0.000386345499187613,0.000979844408603609,0.47560055511743,8.93160786349514e-05,8.93160786311069e-05,8.93160786282601e-05,0.463491751482178,0.000308368906756445,0.0270850867540684,0.031880099595882
"mix_0018_depth25",0.00495131392960171,0.000132343249713648,0.502046444109201,0.000132343249817152,0.0101326270163075,0.000132343249835775,0.427783651218222,0.000563196427578588,0.0380827346595183,0.0160430028902039
"mix_0019_depth100",0.00703145152802125,8.63724767975267e-05,0.438417681994159,8.63718075828697e-05,8.63724769269544e-05,8.63724780435018e-05,0.35177352036904,8.63724769148477e-05,0.182956048367528,0.0193894360249854
"mix_0019_depth25",0.00710377410761592,8.74589635670008e-05,0.426042974151258,8.74589634939482e-05,8.74589635845191e-05,8.74589635115001e-05,0.355228309136869,8.7458964692168e-05,0.188578045327876,0.0226096024575318
"mix_0020_depth100",5.97434270711219e-05,0.000146034124202952,0.539510880420084,5.97434270651009e-05,5.97434270158519e-05,5.97434270331989e-05,0.413995049106276,5.97434270901551e-05,0.0131199181454181,0.0329294010687434
"mix_0020_depth25",8.47680908660915e-05,8.47680910449953e-05,0.504535091698678,8.47680908871111e-05,8.47680909147692e-05,8.47680908858548e-05,0.443218242084336,8.47680913021436e-05,0.0140545444542236,0.0376835132168614
"mix_0021_depth100",9.3720874097662e-05,9.372087419896e-05,0.544780999930191,9.37208741124101e-05,9.37208750635371e-05,9.37208741208245e-05,0.381675973303384,9.3720874316569e-05,0.0122019763641582,0.060778725156356
"mix_0021_depth25",8.81509597629511e-05,8.81509623349978e-05,0.502843538593167,8.81509597629519e-05,8.81509597413256e-05,8.81509597598149e-05,0.433801195876115,8.81509618909363e-05,0.00893424991767106,0.0538921098497932
"mix_0022_depth100",0.00661954174419971,0.000162327298206619,0.408468323852718,8.79655914405159e-05,0.00518310032685507,8.79655914344638e-05,0.48276936589719,8.79655913514214e-05,0.0125055221367557,0.0840279219698484
"mix_0022_depth25",0.00617655448464773,0.00346056081583879,0.38802311622349,0.000125619594500488,0.00683628548694885,0.000125619594500253,0.494717705006405,0.000498219881437282,0.0147311856492457,0.0853051332629859
"mix_0023_depth100",9.05594372436868e-05,9.0559437356526e-05,0.484579024672749,9.05594372579081e-05,0.00262385587153923,0.0324024261110838,0.38949385663627,9.05594384332811e-05,0.0268543620191814,0.0636842369388858
"mix_0023_depth25",0.000124748397637394,0.000124748397673542,0.472406244248078,0.000124748397649938,0.00418279457833568,0.0335566393286701,0.409047633947315,0.00012474839935844,0.0328355902025664,0.0474721041027152
"mix_0024_depth100",9.44842786609597e-05,9.44842814185967e-05,0.528491499642664,9.44842786609594e-05,0.103780360473926,9.44842786935403e-05,0.332932268874911,9.44842808283555e-05,0.00455980459550978,0.0297636450147269
"mix_0024_depth25",0.000136110639713582,0.000136110639686416,0.468351476740532,0.000136110639713581,0.11251418026593,0.00013611063971338,0.371268720626393,0.000136110642122622,0.00633403029761316,0.0408510388685822
"mix_0025_depth100",0.023055694991279,0.000156588035773099,0.496379537805673,0.000126283464853578,0.0166731039541376,0.0310942631518673,0.41350119288707,0.000126283465157035,0.00976624821260819,0.00912080403158137
"mix_0025_depth25",0.0403836735110405,0.000124430601200268,0.434991382899975,0.000124430601137357,0.0121504865306795,0.0353975466571871,0.457907063753939,0.000124430601093235,0.00855737621028928,0.0102391786334582
"mix_0026_depth100",0.000137553492502146,0.000137553494737335,0.396375959019372,0.000137553492502147,0.0409773761352768,0.0013776762365643,0.403379200273257,0.000137553492414332,0.0367583593765852,0.120581214986789
"mix_0026_depth25",0.000190999402041488,0.000190999401962935,0.404838053217302,0.000190999402041486,0.0411474508522736,0.0243271367242977,0.420077900131252,0.000196341012951662,0.0221725737320847,0.086667546123792
"mix_0027_depth100",8.8942989706588e-05,8.89429898809609e-05,0.422606034181133,0.318000223845761,0.0013730616923186,0.000942970699941868,0.236090548381352,8.89429898549645e-05,8.89429897017811e-05,0.0206313892403485
"mix_0027_depth25",0.000125772601609514,0.000125772601707396,0.437796198484469,0.267040035391622,0.00272450507562936,0.00048109840634876,0.263186530607108,0.000125772604115328,0.00012577260160957,0.0282685416257811
"mix_0028_depth100",8.76466165928278e-05,8.76466167997984e-05,0.555626321039832,0.0373835170941149,0.00130261365189573,0.0128466460494001,0.373105023445222,8.76466170269052e-05,0.000611786316894844,0.0188611525522216
"mix_0028_depth25",8.47534841334649e-05,8.47534835693178e-05,0.503417167010879,0.0442724016388577,8.47534841455013e-05,0.0186101771213436,0.425722214425349,8.47534867744201e-05,0.00253905756271993,0.00509996830222799
"mix_0029_depth100",8.85151809283185e-05,8.85151811593886e-05,0.473120143317478,0.0043622391586755,8.85151841410866e-05,8.85151810118821e-05,0.46270505460852,8.85151863696578e-05,0.0344584436448773,0.0249115433568389
"mix_0029_depth25",8.60597850691017e-05,8.60597876531128e-05,0.492614984178496,0.0116832251054568,0.000610282638416715,8.60597850666075e-05,0.467412001391827,8.60597846663564e-05,0.0037787923866854,0.0235564751566629
"mix_0030_depth100",0.0176586941823534,8.90424578830703e-05,0.458447279315402,8.90424579750282e-05,0.00356681530543298,8.90424579912122e-05,0.453581610221724,0.000522295374594179,0.00950704845510985,0.056449129771534
"mix_0030_depth25",0.0162883842414584,0.000120500341444035,0.447177610650241,0.000120500341426661,0.0129880912035862,0.000120500341423241,0.457417703123871,0.00192688804610813,0.00394161097031874,0.0598982107401226
"mix_0031_depth100",0.041940034059618,8.55500478690021e-05,0.54465862006421,8.55500476918227e-05,8.55500477236261e-05,0.00693693601111559,0.389070241043963,0.00167923800585782,0.0084540430969232,0.00700423757502793
"mix_0031_depth25",0.0224740123610408,0.000118902502479925,0.493990116621424,0.0001189025024664,0.0047314186930637,0.0034791675475485,0.447176857648966,0.00185023964202763,0.0153517362154241,0.0107086462655581
"mix_0032_depth100",0.0277962799437722,8.58383645058498e-05,0.36597467833065,8.58383643677589e-05,8.58383646393757e-05,8.5838364366219e-05,0.499267269319943,8.58383642899675e-05,0.0841045777979122,0.0224280027855531
"mix_0032_depth25",0.0102955045993374,0.000121134202313028,0.407187828035399,0.000121134202315379,0.0104967638525898,0.000121134202317177,0.465205123728595,0.00397130100453378,0.0717407639591846,0.0307393122134156
"mix_0033_depth100",8.41504042491121e-05,8.41504043371989e-05,0.484287676284583,8.41504042606976e-05,8.41504042438935e-05,0.0342212352636355,0.448823845494388,8.41504023894901e-05,0.0142346247403653,0.0180118661975478
"mix_0033_depth25",0.00264799957979187,0.000456418076789211,0.443419644999391,0.000118863949903108,0.000118863949904699,0.0378192857414351,0.485478085541051,0.000118863948770354,0.0152214319240882,0.014600542288875
"mix_0034_depth100",9.88662921025355e-05,9.88662878755143e-05,0.508451831504912,9.88662921185814e-05,9.88662923717679e-05,0.0420510414805878,0.415219328540432,9.88662894428959e-05,0.00582230974512541,0.0279611572750312
"mix_0034_depth25",9.82561227584087e-05,9.82561228336442e-05,0.486064610823812,9.82561227584091e-05,0.00129879132978146,0.0571457997322908,0.435505075782361,9.82561220429604e-05,9.82561227584087e-05,0.0194944417186033
"mix_0035_depth100",0.00620482020070818,9.53995497748532e-05,0.48367196200427,9.53995490486558e-05,9.53995489435448e-05,0.0163174609092068,0.416712612549801,9.53995429752285e-05,0.0169435998751558,0.0597679462701163
"mix_0035_depth25",0.0169635677294271,0.000134853209188293,0.474380186314146,0.000134853204320404,0.00478853225322365,0.015310580762292,0.421835761988306,0.000134853208053467,0.0186841320314164,0.0476326792996266
"mix_0036_depth100",9.44957790862743e-05,9.44957790044907e-05,0.489388740303267,9.44957790557726e-05,9.44957788799494e-05,0.0105736233824796,0.444875046087728,9.44957789843857e-05,0.0157660656534097,0.0389240456781049
"mix_0036_depth25",0.000126854362735108,0.000126854362567714,0.467182883470975,0.000126854362732017,0.00219515765890541,0.00482074629355762,0.452410253031068,0.000171524760749944,0.0268668671662388,0.0459720045304709
"mix_0037_depth100",0.000103375849510676,0.000103375849404882,0.603504897691658,0.000103375849532676,0.000103375849540632,0.0317200526119716,0.28856361218413,0.000103375849600565,0.0130662155880531,0.0626283426765981
"mix_0037_depth25",0.00014514359956682,0.000145143598812656,0.612106517635955,0.000145143598831517,0.00100091561288513,0.0246320864249064,0.289538525695059,0.000145143598968801,0.00741460993394537,0.0647267703010692
"mix_0038_depth100",0.000953179478298226,0.00244376628726644,0.531747751150404,0.0204188773211839,0.000124128636951746,0.0409011557446371,0.331344171142541,0.000124128637014023,0.0172872984006137,0.0546555432010897
"mix_0038_depth25",0.000301586741130655,0.00286322693822803,0.463714370842494,0.0215758045827218,0.00167196825126362,0.0399151312588295,0.388939585411506,0.000822992800410179,0.0139833054765993,0.066212027696817
"mix_0039_depth100",0.000132565281355475,0.000132565281420636,0.307833962796912,0.000132565281355477,0.0060489347699243,0.0307736288390678,0.463734668367982,0.000132565281250489,0.0537849475169864,0.137293596583745
"mix_0039_depth25",0.000136001894092122,0.000136001894154689,0.297711974529666,0.000136001894092123,0.0142795746112447,0.00175100456764072,0.433704260021845,0.00013600189191312,0.0764069460455692,0.175602232649782
"mix_0040_depth100",0.00311700546914204,8.8347793022574e-05,0.426427650186267,8.8347788962914e-05,8.83477889293147e-05,8.83477889631132e-05,0.447005574029866,8.83477955924184e-05,0.0262813622644791,0.0967266690947752
"mix_0040_depth25",0.0184650766613801,8.6661637255624e-05,0.40752883708723,8.6661636570413e-05,0.000119330833348196,8.66616365703116e-05,0.459565356725858,8.66616368137495e-05,0.0378416099167512,0.0761331422282219
"mix_0041_depth100",9.92983447842516e-05,9.92983453456996e-05,0.366972959218592,9.9298344755279e-05,0.000826699403295406,0.019070133493054,0.479735712312536,0.000160331499432591,0.0333204026467296,0.0996158663914751
"mix_0041_depth25",0.000191455065085485,0.000191455067552285,0.34131384667355,0.000191455065085485,0.00630406483756281,0.0287194383376257,0.531447824057906,0.00219317805445435,0.0284055986886608,0.0610416841525168
"mix_0042_depth100",9.36078878906388e-05,9.36078930585305e-05,0.550097787671597,9.36078878353262e-05,9.67988092635422e-05,9.36078878612719e-05,0.334647062209371,9.36078896642198e-05,0.0107646195008431,0.103925692362615
"mix_0042_depth25",0.000130803158118349,0.00013080315820811,0.499757097896514,0.000130803158118351,0.0048249871987263,0.000198689058405604,0.357860325312291,0.000130803157193625,0.0222542020145347,0.11458148588789
"mix_0043_depth100",0.000133057998151093,0.000133057998289684,0.279110835076224,0.000133057998151091,0.00717239399141112,0.000133057998151093,0.359390681528337,0.000133057996657865,0.142195576719024,0.211465222695602
"mix_0043_depth25",0.000182663517268117,0.000182663517228352,0.323662017206841,0.000182663517268118,0.0105798274749713,0.00255938623746127,0.32327180664731,0.000182663515985031,0.152137012604787,0.18705929576088
"mix_0044_depth100",0.0041437751638782,0.00013256594832279,0.262602754897004,0.000132565949366272,0.00496047335498821,0.0346549636146716,0.480087291132285,0.000132565949317634,0.0357377687570461,0.177415275233121
"mix_0044_depth25",0.010770813124791,0.000129076892795784,0.291999954838361,0.000129076892654586,0.00802633044512054,0.0190222273813841,0.42850395453987,0.000129076892659381,0.0553929085514214,0.185896580440943
"mix_0045_depth100",0.000124344454748886,0.00387051766204568,0.404016077640368,0.000124344454748886,0.061556833108404,0.000277725504246585,0.321546267510312,0.000124344455236319,0.00154034234219047,0.206819202867699
"mix_0045_depth25",0.000118884016955065,0.00248702811741469,0.386509353094811,0.000118884016955066,0.0567832433183955,0.0196149368725336,0.343000933139578,0.000118884018991854,0.003400487484957,0.187847365919408
"mix_0046_depth100",0.000135651585427965,0.000135651585572739,0.326158353219292,0.000135651585427964,0.0326811288196528,0.00822442249439957,0.467967170705362,0.000137077667708554,0.0253922040679241,0.139032688269232
"mix_0046_depth25",0.000132443440897347,0.000132443448094186,0.248503145977803,0.000132443440897346,0.0238474153904123,0.000132443440897346,0.540665000193681,0.000132443442921526,0.0356009302280553,0.150721290996341
"mix_0047_depth100",8.9437010475211e-05,8.94370097542185e-05,0.356724312794909,8.94370104752062e-05,0.190585210607295,8.9437010475206e-05,0.303561881489294,8.94370106339163e-05,8.94370104803379e-05,0.148591973046208
"mix_0047_depth25",0.000125762455878896,0.000125762455781564,0.347243431600443,0.0001257624558789,0.187395478607098,0.00012576245587889,0.317246242238661,0.000363229773712085,0.000125762455878898,0.147122805500788
"mix_0048_depth100",0.000123142609369885,0.000123142609373033,0.437471027506097,0.0706919844728649,0.000536571544434652,0.00914581239127913,0.353030803935308,0.000698477060799436,0.0407272609081927,0.0874517769622808
"mix_0048_depth25",0.000118971438584194,0.0008956523789419,0.408602426184665,0.0894557462494235,0.00708433368084028,0.0103825497271377,0.371577616254923,0.00011897144008437,0.0272635960017933,0.0845001366436069
"mix_0049_depth100",0.000193359157365307,0.000193359157616619,0.390115729892616,0.0134837727482103,0.00400458560513348,0.00925018110014253,0.418534253088467,0.000193359157618494,0.0270641092302221,0.136967290862609
"mix_0049_depth25",0.000130369867045829,0.000130369866963585,0.396054648491786,0.000390618561916649,0.00408532864112342,0.0265297566494622,0.40775052729956,0.000130369869384543,0.031988250062017,0.132809760690741
"mix_0050_depth100",0.00255025502691827,0.000127481361925095,0.443466045494395,0.0289625028903137,0.000127481361554164,0.029947475819976,0.381762121248212,0.000127481362096666,0.0263602938571835,0.0865688615774261
"mix_0050_depth25",0.016567779662165,0.000125837805179481,0.399551501384642,0.0162393125279842,0.000125837804874756,0.0301680034937081,0.42956976705825,0.000125837803651196,0.0231919854681527,0.084334136991393
"mix_0051_depth100",0.0331357503328594,0.00608682703135056,0.496447739294002,8.51337977780803e-05,8.62433434244731e-05,8.5133797785011e-05,0.371475456617208,8.5133797739414e-05,0.0296212711254924,0.0628913108623608
"mix_0051_depth25",0.025476469590877,0.0101777726429747,0.485024560468061,0.000120390660537313,0.00817807383222858,0.000120390660539045,0.360479273335395,0.000159979581713304,0.0326070239804825,0.0776560652471918
"mix_0052_depth100",0.00256421036663854,0.000192904388776201,0.375906669943749,0.00019290438883954,0.00304047156732641,0.0180898618337989,0.424733060577882,0.000414226951787511,0.0417950604005373,0.133070629580665
"mix_0052_depth25",0.000133466319274535,0.000133466319316464,0.385952517749666,0.000133466319274533,0.0078738166856875,0.0314220969004625,0.442115250975384,0.000133466319679693,0.0566075642124063,0.075494888198848
"mix_0053_depth100",0.031260699964501,0.000136791728079797,0.455552871585138,0.000136791728340301,0.00051932351952511,0.0195713013118825,0.334197098198666,0.00115570520677139,0.00255473009522402,0.154914686661872
"mix_0053_depth25",0.0306336146628831,0.00013585009523173,0.451529854671472,0.000135850095253578,0.000414649905125917,0.014876167776614,0.354018037499361,0.00134932727673746,0.000135850095253578,0.146770797922068
"mix_0054_depth100",0.000124567052300454,0.00535219500114407,0.405096384563821,0.000124567052295315,0.0263358762553239,0.053962940249919,0.447834733465531,0.000124567052366905,0.00039433142462154,0.0606498378826768
"mix_0054_depth25",0.000121364682799748,0.00617434230935348,0.412861364189169,0.00012136468279975,0.0245345610724761,0.0795829637055521,0.430683282609092,0.000121364682763989,0.000121364682799749,0.0456780273831931
"mix_0055_depth100",0.00013344017738969,0.000133440177602962,0.304970184668034,0.000133440177369682,0.000133440177435821,0.022565537887523,0.442344492708089,0.00013344017744055,0.0294871800825397,0.199965403766576
"mix_0055_depth25",0.000131785940449535,0.000131785940463558,0.303079420095742,0.000131785940449534,0.014638211191325,0.0219775742358995,0.452090992637168,0.00013178594457578,0.0430973603705001,0.164589297703427
"mix_0056_depth100",9.00441122691747e-05,9.00441125064395e-05,0.516565936737078,9.00441122804905e-05,0.00535659419961002,0.0112090253068468,0.377801055822259,0.000145100036581747,0.00763982665006008,0.0810123289105087
"mix_0056_depth25",0.000124468331871876,0.000124468331983935,0.459673473179636,0.000478691470572664,0.00600994004264858,0.00187128641498127,0.443818731775052,0.000981364481149718,0.00722512926421141,0.0796924467078932
"mix_0057_depth100",0.000120085614035584,0.000120085613877968,0.342166545934298,0.000120085614029521,0.00153104712025303,0.0188517520182417,0.380892378403519,0.000120085611035972,0.0638131037573547,0.192264830313354
"mix_0057_depth25",0.000116091723294155,0.000116091732061744,0.365536696442955,0.000116091723294151,0.00445112034855148,0.000116091723294151,0.354632730102412,0.000116091724633266,0.0577021686095384,0.217096825869966
"mix_0058_depth100",0.0106064824613922,9.09668034737132e-05,0.537166605084551,9.09668036657403e-05,0.00272901001489525,0.0177115151784577,0.319916919409741,9.09668045920052e-05,0.00589241179186787,0.105704155647364
"mix_0058_depth25",0.0125787413859154,0.000125986910917067,0.49357292656594,0.000125986910776918,0.00410441032832342,0.029214634031461,0.365417782617822,0.000125986917426328,0.00924368647169372,0.0854898578597239
"mix_0059_depth100",8.37182200200393e-05,8.37182200504717e-05,0.343589558457755,8.37182200200435e-05,8.37182199732877e-05,0.0514075733580436,0.449784137500921,8.37182220285079e-05,0.0201972475410494,0.134602892040139
"mix_0059_depth25",0.0001259771632276,0.00215620014223001,0.304075160529305,0.000125977163230817,0.000125977163246315,0.0465078862536547,0.461010445815045,0.000125977163694572,0.00797986407821665,0.177766534528149
"mix_0060_depth100",9.00782112675995e-05,9.00782110234739e-05,0.473157028393473,9.0078211267601e-05,0.00286394205650681,0.0437317800116919,0.333210883881208,9.00782123645153e-05,0.00268677026340346,0.143989282547793
"mix_0060_depth25",0.000125047573579478,0.000125047573698308,0.455169618868836,0.000125047573579478,0.00341345881421562,0.0540617848053863,0.38446477078869,0.000125047572786896,0.00481389711752867,0.0975762793116991
"mix_0061_depth100",0.014630244130695,8.36392764354101e-05,0.303754059199584,0.0158854444144233,0.000136131195857179,0.000885805857199819,0.384672368950334,8.36392783733917e-05,0.0704937989303655,0.209374868766733
"mix_0061_depth25",0.0189475554307634,0.000124056216128888,0.307113793864409,0.0231651646195543,0.00550690412573911,0.000124056215649343,0.394431836019401,0.000124056221019199,0.063904627433205,0.186557949854131
"mix_0062_depth100",0.000147073867735453,0.000147073867882726,0.387048490497138,0.000147073867729008,0.000396243362017623,0.0808899126252423,0.325918145783705,0.000147073868583693,0.0113963508987797,0.193762561361186
"mix_0062_depth25",0.000149065740671004,0.00014906574068637,0.447286414821215,0.000149065740671006,0.000149065740675081,0.107914132144782,0.278157944696553,0.000149065743842081,0.0125887751772254,0.15330740445368
"mix_0063_depth100",9.27208219454038e-05,0.110921841419043,0.539558668362605,9.27208219432204e-05,9.27208220078494e-05,9.27208220298957e-05,0.319767644423492,9.27208222348168e-05,0.00193890105869624,0.0273493406260016
"mix_0063_depth25",0.000134329309889707,0.119940820069723,0.525440847614762,0.000134329309889893,0.000134329308910611,0.000134329309879577,0.332103520948283,0.000134329303791385,0.000134329309889893,0.0217088355149807
"mix_0064_depth100",0.00231754857439695,0.0528674219085669,0.487609381561574,0.000133022323905931,0.000133022323828793,0.000133022323546573,0.385593991132996,0.000447815250649176,0.0269128720930776,0.043851902507458
"mix_0064_depth25",0.000132129525363992,0.0567777518221213,0.490177303077658,0.000132129525363992,0.000132129525409694,0.00013212952536893,0.375726176115375,0.000132129525340976,0.0288979055542188,0.0477602158037798
"mix_0065_depth100",8.78268660552763e-05,0.0519031732029713,0.470263357958133,8.78268659747152e-05,8.78268660508357e-05,8.78268659331323e-05,0.44552446863024,8.78268659148659e-05,0.0197524442592197,0.0121174216195069
"mix_0065_depth25",8.71369593815809e-05,0.0592698587720014,0.442058266334911,8.71369593765236e-05,0.0015235287807716,8.71369593684478e-05,0.478687676066074,0.00132691309496305,0.00270094173675412,0.0141714043363985
"mix_0066_depth100",8.83490653064046e-05,0.0985379174407983,0.451865747808588,8.83490653101193e-05,0.117250746290031,8.834906557521e-05,0.326117389808771,8.83490645396196e-05,0.00578645332576991,8.83490653101197e-05
"mix_0066_depth25",0.000124131058898393,0.0906872689555085,0.4513262742785,0.000124131058898396,0.103505008484474,0.000124131058904352,0.343851456856993,0.000124131065550225,0.000124131058898396,0.0100093361233754
"mix_0067_depth100",0.000134087929050206,0.166969523376445,0.433016008555409,0.000134087929115436,0.073430621804362,0.000134087929036622,0.312829224604195,0.000134087928998901,0.013084182014275,0.000134087929112493
"mix_0067_depth25",0.000133791814370485,0.170873807607406,0.382856525709288,0.000133791814216342,0.0733367972105272,0.000133791814343571,0.366977741176611,0.000133791809977238,0.00528616922904378,0.000133791814216351
"mix_0068_depth100",0.000132437746893702,0.083697884736406,0.439302775812774,0.000132437746888765,0.156604783124823,0.000554664953306102,0.319177702637448,0.000132437747696078,0.000132437746893704,0.000132437746870851
"mix_0068_depth25",0.000128356566906847,0.0818577229888556,0.430081802647508,0.000128356566906846,0.15920432924705,0.00012835656690955,0.328019424087324,0.000194938194724804,0.000128356566906845,0.000128356566906848
"mix_0069_depth100",6.15198664676978e-05,0.0444387889225551,0.501055360984333,0.0539022188900818,6.15198663230387e-05,6.15198664158604e-05,0.393253467948796,6.15198651156656e-05,0.00704256392344637,6.15198664654743e-05
"mix_0069_depth25",8.7687594144943e-05,0.0377164046615102,0.469983691412394,0.0616158647154191,8.76875962405856e-05,8.76875965305399e-05,0.430157913644452,8.76875906571231e-05,8.76875941500544e-05,8.76875945010627e-05
"mix_0070_depth100",9.33019234762993e-05,0.102019113883607,0.515265432892398,0.0648459245452131,9.33019235401016e-05,9.33019232524962e-05,0.317309717132495,9.33019269021238e-05,9.33019234746515e-05,9.33019256410066e-05
"mix_0070_depth25",9.30645793746618e-05,0.106027322186949,0.50896589290394,0.0333618405663769,9.3064579297015e-05,9.3064579287045e-05,0.350889805713099,9.30645784620522e-05,0.000289815733936335,9.30645792779162e-05
"mix_0071_depth100",6.19573555080077e-05,9.93554763577572e-05,0.508671887098728,0.0689463315401851,6.19573554213984e-05,6.19573576942791e-05,0.416787765189793,6.19573556612732e-05,0.00518487391553275,6.19573551179541e-05
"mix_0071_depth25",6.16044309588373e-05,0.00104710941416575,0.483721114701138,0.0623106305766483,0.000165611831904466,6.16044307097922e-05,0.439553956199199,0.00010643168183535,0.0129103323024922,6.16044309484688e-05
"mix_0072_depth100",0.0091396723406092,0.072146283643362,0.518459366404221,6.39791856059433e-05,6.39791855234171e-05,6.3979186177345e-05,0.398687148827171,0.00124763285617593,6.39791856062624e-05,6.39791855477334e-05
"mix_0072_depth25",0.00458816958873689,0.0780203703174173,0.474755501068642,0.00279288874556525,0.000831316166861121,0.00012805739247036,0.437580078969652,0.00104750296616065,0.000128057392258581,0.000128057392235476
"mix_0073_depth100",0.0180339388145012,9.24013958872097e-05,0.509964294424627,9.24013959280557e-05,9.2401395965985e-05,9.24013960978257e-05,0.45033306590255,9.24013958426564e-05,0.0211142924826142,9.24013959861237e-05
"mix_0073_depth25",0.00871809322908056,0.000288100977245838,0.468177609223327,8.81045934762464e-05,0.00492761703980171,8.81045934408017e-05,0.511773101974441,8.81045926503673e-05,0.00576305918305755,8.81045934792461e-05
"mix_0074_depth100",0.024676437118655,0.0726715333991726,0.459896859288008,8.67170582949921e-05,8.67170583381751e-05,8.67170583458253e-05,0.440941325053612,0.00138025984899057,8.67170582949926e-05,8.67170582886483e-05
"mix_0074_depth25",0.0104168947254292,0.0683553478002132,0.466771449461877,0.000123650105988467,0.00529114437988919,0.000123650105961691,0.447603927403867,0.00106663580479746,0.000123650105988466,0.000123650105988466
"mix_0075_depth100",0.000132696115768502,0.149879812288138,0.42828691775185,0.00013269611584306,0.000132696115991447,0.0178858440162699,0.355735650219563,0.00138240766147992,0.0462985835992541,0.000132696115841822
"mix_0075_depth25",0.000126655124819548,0.150754083584525,0.409403708510711,0.00012665512482137,0.00125293687111236,0.0204431411380843,0.389733842636895,0.000126655124849589,0.0279056667593612,0.000126655124821372
"mix_0076_depth100",0.00691728739652301,0.0832011657758515,0.49509145448308,8.66216876792505e-05,8.66216875283062e-05,0.0160987067746147,0.39419592025804,8.66216875669691e-05,8.66216876795666e-05,0.00414897856143672
"mix_0076_depth25",0.00751441731642059,0.0821180188746783,0.443893202597773,0.000121274342782552,0.000121274342618147,0.0140243824884614,0.43650074767217,0.00142057329083052,0.00888214112060127,0.00540396795366461
"mix_0077_depth100",8.58604980742145e-05,0.036898111335465,0.530015744235553,8.5860498072418e-05,8.58604981091735e-05,0.0041692320635938,0.410010314485289,8.58604981566932e-05,0.00198047509430396,0.0165826807933822
"mix_0077_depth25",0.00380508476016773,0.039944029437432,0.523603269105026,0.000128259057683451,0.000769900495762725,0.00911210389072462,0.395053338678357,0.000128259056610353,0.00479126265681149,0.0226644928614244
"mix_0078_depth100",8.38765743385572e-05,0.0818111510494065,0.483165765442357,8.38765743867957e-05,8.38765743033163e-05,0.0224110699055739,0.409772812310614,8.38765743322253e-05,0.00132003194840501,0.00118366304628252
"mix_0078_depth25",0.000123337108376875,0.0754445445069106,0.476571611714047,0.00012333710838058,0.000123337108489064,0.0254016413235226,0.412704473680372,0.00127697939761006,0.00102560094191177,0.00720513711037859
"mix_0079_depth100",0.000100208297416855,0.0382220214191207,0.572872514392504,8.77617634785848e-05,8.77617635753971e-05,0.0407723005642112,0.347586611948177,8.77617634413288e-05,9.52963245917253e-05,8.77617634840086e-05
"mix_0079_depth25",0.000123575793042439,0.0461790933119675,0.549057874680907,0.000123575792930271,0.00417550505255657,0.0427869857931487,0.354593844255051,0.000435615259521929,0.00240035426794421,0.000123575792930268
"mix_0080_depth100",8.71391881930942e-05,0.0388416174052395,0.519877933100743,8.71391882000982e-05,8.71391880382515e-05,0.0354011713535149,0.349656691992629,8.71391880487202e-05,0.0221075053001839,0.0337665240952101
"mix_0080_depth25",8.69195800027388e-05,0.039598358156258,0.503757562389896,8.69195800052835e-05,8.69195800569844e-05,0.0229633338941612,0.371711591801867,8.69195826638743e-05,0.0157780426929053,0.045843432742184
"mix_0081_depth100",0.0101492739145565,0.146234723529823,0.361999268288627,0.00553659752959772,0.000115042905388032,0.000115042905583333,0.406609752803694,0.000115042905082499,0.000115042905569211,0.069010212312079
"mix_0081_depth25",0.0200353302690849,0.155620122093427,0.338898375442756,0.00795770279725303,0.000117966700202163,0.000117966700202123,0.416515236467451,0.000117966702269166,0.000117966700201321,0.0605013661271534
"mix_0082_depth100",0.00400311478271012,0.0567529325568833,0.364173663676485,0.000192201041923433,0.00326273758455861,0.021372053849174,0.409303474278715,0.000192201041457443,0.081372349457773,0.05937527173032
"mix_0082_depth25",0.0100835962321531,0.0747626732027645,0.365097326305565,0.000203025317489158,0.00232312987043028,0.0342349646626022,0.423956396404335,0.000833491192556897,0.068323347339085,0.0201820494730184
"mix_0083_depth100",8.83151146252757e-05,0.117353814942388,0.471062224940552,8.83151146158125e-05,8.83151146034567e-05,8.83151146488656e-05,0.39560866608728,8.83151143107806e-05,8.83151146190255e-05,0.0154454033423569
"mix_0083_depth25",0.000126723676799203,0.106645167526948,0.436935906108349,0.000126723676805983,0.00390839137919144,0.000126723676813985,0.439973188393409,0.000575453740235319,0.00012672367680598,0.0114549981446426
"mix_0084_depth100",0.000122910163410337,0.206847653034979,0.398588119529321,0.00012291016336129,0.000122910163503102,0.0074950303339591,0.337102503047862,0.000122910168055002,0.000122910163361291,0.0493521432321885
"mix_0084_depth25",0.000122069570165847,0.223567144691522,0.392766987165516,0.000122069570176997,0.000542466302240679,0.0148597465639745,0.325861047534458,0.000612226572064236,0.000122069570176998,0.0414241724597049
"mix_0085_depth100",0.000131713347343091,0.0305325606186193,0.467619325754178,0.000131713347354126,0.000131713347386286,0.000131713347350439,0.383557615056782,0.00013171334733433,0.0299246457516018,0.0877072860820504
"mix_0085_depth25",0.000128999287023397,0.0339463069771686,0.456565239924457,0.000128999287023397,0.00538547079521325,0.0255310121478403,0.397907927921811,0.000849172936882307,0.016366256566561,0.0631906141560195
"mix_0086_depth100",8.80205695310414e-05,0.00822540072608314,0.451728840213448,8.8020569541407e-05,8.80205694681722e-05,8.80205695563048e-05,0.443727149387771,8.80205694861149e-05,0.051850310769392,0.0440281960557223
"mix_0086_depth25",8.47556670064424e-05,0.00346308871152937,0.45687139769648,8.47556670063254e-05,8.47556670147652e-05,8.47556670050148e-05,0.44183470775904,0.00176841931993798,0.0515563624107761,0.0441670014342042
"mix_0087_depth100",0.000120175217672074,0.253905245879668,0.311072746654154,0.00012017521767124,0.0348802476879901,0.00012017521765611,0.337812949984255,0.000120175217869473,0.026175207972939,0.0356729009501241
"mix_0087_depth25",0.000120918321006685,0.247748206961056,0.30334592387549,0.000120918321006685,0.0359376379953771,0.000120918321013049,0.341626972174571,0.000120918317718233,0.0211812525700972,0.049676333142664
"mix_0088_depth100",0.000131232239241849,0.0830333141600332,0.389475411105073,0.000131232239243853,0.0644511113468454,0.000131232239253359,0.410368030117573,0.000131232238431494,0.0264033865117928,0.025743817802512
"mix_0088_depth25",0.000126147649381702,0.086703143940855,0.398773637757417,0.000126147649381707,0.0653323624342454,0.00012614764936565,0.408534872073554,0.000126147651464379,0.0236752237964608,0.016476169397874
"mix_0089_depth100",0.000124753156095815,0.0797509610667693,0.410738197487295,0.000124753156092606,0.0975474107558661,0.0081075560370099,0.356726114052989,0.00012475315611206,0.0297718838306454,0.0169836173011257
"mix_0089_depth25",0.000124205634666837,0.0811042006511581,0.373536886301056,0.000124205634666837,0.0948493848914915,0.0085020007246748,0.401672932274004,0.00012420563580665,0.039837772617809,0.000124205634666836
"mix_0090_depth100",0.00232663451937302,0.100949590437885,0.309851763874451,7.80620102067392e-05,7.80620100483039e-05,7.80620102212008e-05,0.479672201659548,7.80620097825172e-05,0.0716040369063216,0.035283524562163
"mix_0090_depth25",0.000966491461152005,0.113057399996982,0.28068184183603,8.13170442168926e-05,8.13170442273569e-05,8.13170442115829e-05,0.471978770862872,8.13170477282452e-05,0.092409880279628,0.0405803473829509
"mix_0091_depth100",0.000125771827341839,0.202762866139556,0.35504667032099,0.0743787391077874,0.000125771827157535,0.00618952539146604,0.297014276514163,0.000125771827245386,0.0219285410723226,0.0423020659719699
"mix_0091_depth25",0.000184521199668809,0.195570727544074,0.349574727579919,0.0977393090613059,0.00146369202697147,0.000184521199666787,0.272340170788812,0.000184521199194591,0.0256369831378699,0.0571208262625175
"mix_0092_depth100",8.78404776475475e-05,0.073722146359536,0.446194977535833,0.0107487634244855,8.78404777113361e-05,0.00598719371507932,0.43045637102846,8.78404788035422e-05,8.78404776298203e-05,0.032539186024814
"mix_0092_depth25",0.000124713854857952,0.0725328290994637,0.420100319740217,0.000124713854846489,0.00611511791718104,0.0241846121253031,0.476443551843626,0.000124713854811434,0.000124713854846487,0.000124713854846539
"mix_0093_depth100",0.0629844566061535,0.0721545095392041,0.497706387421717,0.000126871619965009,0.00276349102591802,0.000126871619979796,0.31830015049226,0.00012687162205287,0.0300810525645234,0.0156293374882271
"mix_0093_depth25",0.0524546063732529,0.0703214237647478,0.48041793239798,0.000185787501141813,0.00377949327977603,0.00323464980656448,0.348258168842335,0.00129732139707401,0.0398648291359856,0.000185787501141813
"mix_0094_depth100",0.0129666152433693,0.0575222103763659,0.3647259589161,0.00012784819077642,0.000127848190868773,0.000127848190817079,0.516626522277186,0.000127848191162308,0.00556055943479373,0.04208674098856
"mix_0094_depth25",0.028899449282662,0.0440126934851021,0.358917531788728,0.000120268481559423,0.000120268481566522,0.000120268481560096,0.511339413718836,0.000334326983793113,0.0141072964985454,0.0420284827976475
"mix_0095_depth100",0.0156981072072992,0.154267501508794,0.372784333062999,0.00012236527712149,0.000122365277242925,0.00012236527723272,0.422796007362736,0.000122365277274671,0.0217190452153163,0.0122455445339837
"mix_0095_depth25",0.0271252127113689,0.161889087543289,0.315098676473813,8.49241521637269e-05,8.49241521619798e-05,8.49241521491055e-05,0.482762450835488,8.49241491387767e-05,0.0126999516782647,8.49241521631093e-05
"mix_0096_depth100",9.30360794250546e-05,0.0290738383713398,0.517358478084322,9.30360794275277e-05,9.30360795704792e-05,0.0296533980272724,0.400409419271254,9.30360791356998e-05,9.30360794256401e-05,0.0230396858488268
"mix_0096_depth25",0.00753346180233958,0.0245513507142332,0.499799173488241,0.000130224686984225,0.000130224687102691,0.00805453496992488,0.41204034985192,0.000130224686911456,0.000130224686984225,0.0475002304253579
"mix_0097_depth100",0.000126033576943631,0.0425485614807111,0.41118172708474,0.000126033576940878,0.000126033576874802,0.0252534160299106,0.426523044679354,0.000187913248084126,0.0235196235425608,0.0704076132038803
"mix_0097_depth25",0.000128651963040633,0.0439186003473769,0.378906476204435,0.0001286519630397,0.000269284595494822,0.0252311417224933,0.432231649388091,0.00194885711136167,0.0517759415749788,0.0654607451296878
"mix_0098_depth100",0.000119007655495725,0.203040890608084,0.404012416433852,0.00011900765556811,0.000631412876963948,0.0348272537152079,0.351264398655941,0.000119007655406168,0.000119007655568108,0.00574759708791272
"mix_0098_depth25",0.000116717728575881,0.22679587298763,0.414371160535713,0.00011671772857612,0.00503707650760157,0.0328748756110006,0.320337425714495,0.000116717729256087,0.00011671772857612,0.00011671772857612
"mix_0099_depth100",0.000186220215193447,0.132316986838753,0.439634156401234,0.000186220215116484,0.0123876964801563,0.0395342595703397,0.333009028509735,0.00083852607096911,0.00576746990373565,0.0361394357947681
"mix_0099_depth25",0.000185849712256774,0.14648382306695,0.426586184937044,0.000185849712267385,0.00986295777996579,0.0495835946208885,0.331956597386697,0.00108766902996907,0.0119185276009762,0.0221489461529848
"mix_0100_depth100",8.34160456401098e-05,0.0839082729944273,0.428868679800519,8.34160456706547e-05,8.3416045661826e-05,0.0195171620089139,0.427538096097103,8.34160529758156e-05,0.0124004804483531,0.027433644460736
"mix_0100_depth25",0.000119039650552781,0.0957342949033046,0.391554538701535,0.000119039650558538,0.000119039650558534,0.0276386226586068,0.461498102604769,0.000119039649834412,0.00259215253767538,0.0205061299926051
"mix_0101_depth100",8.66873494269376e-05,0.0226534441664047,0.623954270594011,8.66873494309892e-05,0.00106545739438853,0.0106706330248678,0.27862515895791,8.66873496719843e-05,0.0211869285437681,0.0415840452701204
"mix_0101_depth25",0.000131728586824678,0.026459989951205,0.59712877663716,0.000131728586826098,0.00461272307261479,0.00932364357032743,0.299533475446622,0.000131728588689585,0.025837149750736,0.0367090558089939
"mix_0102_depth100",8.23256878404862e-05,0.0916082031520019,0.315887266029358,8.23256878429266e-05,8.23256879118449e-05,0.00925087069492664,0.505867236040848,8.23256875383885e-05,0.0108298621885364,0.066227259143196
"mix_0102_depth25",0.000121639943719829,0.0940035316827234,0.312396367952576,0.000121639943719943,0.0115224048860998,0.000121639943719977,0.490897927170682,0.00117212808783559,0.00947466486529309,0.0801680555236304
"mix_0103_depth100",8.52018967241065e-05,0.0583183652484087,0.426038708956159,8.52018967326884e-05,8.52018967310017e-05,8.52018967551378e-05,0.463359728123086,0.000366577970995523,0.00186829915165731,0.0497075129627503
"mix_0103_depth25",8.32135943712186e-05,0.0433399043772777,0.414524885622348,8.32135943718154e-05,0.00385842341702563,8.32135943719959e-05,0.490388815754483,8.32135944195392e-05,8.32135943718161e-05,0.0474719028569591
"mix_0104_depth100",0.000125710110623832,0.112062747365057,0.424739935827725,0.00012571011062539,0.000125710110927276,0.000125710110623663,0.370096405118162,0.000288521977364463,0.000125710110625387,0.0921838391582658
"mix_0104_depth25",0.000124694331838316,0.103151186001539,0.443068115538832,0.000124694331838317,0.00013366349291345,0.000124694331836194,0.338730055645555,0.00116557278419125,0.0105372289146228,0.102840094626833
"mix_0105_depth100",0.000178865434572458,0.122492550215266,0.278433930175081,0.00017886543457689,0.000796848489688009,0.000178865434576891,0.252744616620483,0.000284187723402843,0.0889440497275594,0.255767220744794
"mix_0105_depth25",0.000182262734910666,0.135712678870262,0.323567881508802,0.000552744734675952,0.00467134389757045,0.000182262734915884,0.230224999627449,0.000182262734871911,0.0772319991804907,0.227491563976052
"mix_0106_depth100",9.03172322631857e-05,0.0289213539591892,0.403763175848466,9.03172322711462e-05,9.03172322458323e-05,0.00312734405494085,0.40299716191852,9.03172335509957e-05,0.00242348031533834,0.158406214973214
"mix_0106_depth25",0.000129351392026198,0.030474709550042,0.395705841947656,0.000129351390175617,0.000129351390078738,0.0182921108151415,0.398656272726134,0.000129351391791661,0.00133346999067624,0.155020189406277
"mix_0107_depth100",0.000124748395644952,0.159235277291773,0.309566302868467,0.000124748395670652,0.00012474839579017,0.00263762474271374,0.324546837321623,0.000289674023193048,0.0111627157592235,0.192187322805901
"mix_0107_depth25",0.000120347856419685,0.163363905284876,0.314966411060589,0.000120347856419688,0.00266928850728716,0.0236018715220599,0.343661783440135,0.000120347857711386,0.000120347856419686,0.151255348758083
"mix_0108_depth100",0.0233715957219695,0.03954720672934,0.312390852109557,0.000249655691581267,0.0493825825636265,0.00560437383631179,0.289229356702285,0.000590549687161532,0.143985608145393,0.135648218812776
"mix_0108_depth25",0.0375354478170023,0.0373637976885847,0.311334231605882,0.000170936424044319,0.0449828161109503,0.000170936424044321,0.266697132849826,0.00231840316799161,0.155226203621951,0.144200094289724
"mix_0109_depth100",0.000181841770029768,0.061606054821987,0.276216849034122,0.000181841770029772,0.164973038223727,0.0262476542480683,0.339293470073402,0.000181841755378486,0.00481031193919838,0.126307096364057
"mix_0109_depth25",0.00126071527987381,0.0657577080702485,0.265215156253484,0.000181874916275049,0.176204820238964,0.042552552664532,0.310010229657362,0.000181874927062714,0.0147894983745978,0.1238455696176
"mix_0110_depth100",0.000922565396874638,0.123083605581812,0.260946017227711,0.000160480379476907,0.138707762424203,0.0178902047876031,0.326358743078897,0.000160480368847695,0.0199132111683928,0.111856929586183
"mix_0110_depth25",0.00742129983141665,0.0965020272844344,0.298364468102118,0.00722010475679661,0.147827606507275,0.000154499081865186,0.319669180303804,0.000154499077129347,0.00529406317616499,0.117392251878996
"mix_0111_depth100",0.000119442145282058,0.0625493058626217,0.290488993612885,0.130122307694445,0.000119442145349403,0.011903387333876,0.463908124646926,0.00069141599738432,0.00981944084393562,0.0302781397172947
"mix_0111_depth25",0.000116996409597368,0.066206697035321,0.2777295897435,0.131962020201732,0.00631215229745274,0.0360080967341268,0.478449618488683,0.000498880482087205,0.00259895219790201,0.000116996409597946
"mix_0112_depth100",0.00017816886368534,0.119142903582516,0.300336544385153,0.0456429984392932,0.00017816886391126,0.0113461830808303,0.33608575550727,0.000843611816664075,0.000178168863682936,0.186067496596994
"mix_0112_depth25",0.00016855531314041,0.109007258277397,0.288276832529437,0.0381883382327531,0.000168555313127047,0.0121342633199085,0.362928610999769,0.000171480489398544,0.0138863602651657,0.175069745259904
"mix_0113_depth100",8.63540423952415e-05,0.0757991349420767,0.49324494042664,8.63540423952411e-05,0.000121152535908841,8.6354042395189e-05,0.275242446364828,0.000350231529693456,8.63540423952411e-05,0.154896678031272
"mix_0113_depth25",0.000125312097585069,0.0549598055742744,0.450557715076604,0.000125312097585069,0.000125312097581099,0.0080604817575646,0.305112877073103,0.0021370944933653,0.027417479758419,0.151378609973919
"mix_0114_depth100",0.000123605864629601,0.0880973431320271,0.40950219986265,0.000123605864639141,0.000123605864687222,0.00580445038304478,0.328003446734018,0.000471162157980187,0.0128004881319239,0.1549500920044
"mix_0114_depth25",0.000175941862238005,0.0895912639641264,0.436361368079441,0.000175941862238004,0.00715419677645377,0.0237630743916128,0.320508069203581,0.00787037925386303,0.011471014479113,0.102928750127333
"mix_0115_depth100",0.0448586903267297,0.158136365038094,0.313066882332672,0.000283875907398583,0.000283875907370482,0.0312390059779023,0.145723114971694,0.000283875907996023,0.0629093622328997,0.243214951397243
"mix_0115_depth25",0.056048774786394,0.159500159541682,0.295698163501672,0.000276650572406712,0.000276650572406712,0.0198557794773568,0.136716904100478,0.00321287053177859,0.0550379684714634,0.273376078444363
"mix_0116_depth100",0.00928188562251497,0.09352595966778,0.296476265994086,0.000122749159918297,0.000513290438365985,0.000122749159917199,0.376924414616767,0.000122749160035137,0.0932553880600741,0.129654548120541
"mix_0116_depth25",0.00678440763707124,0.0910699168215315,0.318131990996689,0.0001718692327262,0.00328780425643988,0.000171869232726219,0.335823860220054,0.00375609839431639,0.0952722038841562,0.145529979324289
"mix_0117_depth100",0.00012007542787495,0.291672618240803,0.286138112496417,0.000120075427831469,0.000120075427784209,0.0225162080330684,0.290567023601126,0.000142365905173373,0.000120075427831468,0.10848337001209
"mix_0117_depth25",0.000169173620281503,0.288675846593395,0.292471935012696,0.000169173620272143,0.00242248422502963,0.0271055126670519,0.289834759143194,0.00268491719528081,0.000204344083709661,0.0962618538390889
"mix_0118_depth100",0.000127263824152383,0.249730432665173,0.273303413334309,0.000127263824249439,0.000127263824739666,0.0394136481194854,0.323721156817575,0.000441958695968964,0.0117429821317474,0.1012646167626
"mix_0118_depth25",0.0001777643869035,0.252671245954572,0.224310005398407,0.000177764386903499,0.00147769875922711,0.0317165548033521,0.354293166036201,0.000680623539044779,0.0295498779335658,0.104945298801823
"mix_0119_depth100",0.000116493005342389,0.0466616454531629,0.300014210989823,0.000116493005330318,0.000116493005341672,0.0607909506996272,0.306993730136116,0.000116493005585868,0.208620286220788,0.0764532044788816
"mix_0119_depth25",0.00011943488965969,0.0370425634126808,0.299989876452746,0.000119434889643485,0.000119434889603775,0.0567495323895271,0.328787090778767,0.000119434889837943,0.1795266572698,0.0974265401377341
"mix_0120_depth100",0.00509933393895722,0.0238368562098497,0.359320853898136,0.000121091118914815,0.000884301498476465,0.0260200775035515,0.444681864653271,0.000121091116480825,0.0584160479970563,0.0814984820653063
"mix_0120_depth25",0.0268072324003219,0.0192443721477798,0.394428648633399,0.000126638972536223,0.00507006763192477,0.0718721901492318,0.387205335577205,0.000126638972361797,0.0632527610842832,0.0318661144309564
"mix_0121_depth100",0.000121075607819217,0.0511572505795474,0.311721876377437,0.000121075607742403,0.000121075607798797,0.0522495611841709,0.36704223966628,0.00012107560722567,0.132454100757543,0.0848906690044353
"mix_0121_depth25",0.000123133383576602,0.0557623104711138,0.273380992354968,0.00012313338357656,0.00271539099116374,0.0508534500480933,0.389780236201764,0.000123133384226224,0.136100746291878,0.0910374734896403
"mix_0122_depth100",8.91089356201788e-05,0.0608522845745923,0.438594024213093,8.9108935655698e-05,8.91089355327648e-05,0.0240077832636291,0.357182634967052,8.91089354016589e-05,0.00309575899227713,0.115911078247146
"mix_0122_depth25",0.000129087687856353,0.0616506683393723,0.416913104773043,0.000129087687856351,0.000129087687812858,0.0543484164915562,0.382758844309535,0.000129087687758954,0.00953520678318095,0.0742774085520289
"mix_0123_depth100",0.000124572333223926,0.110645030796732,0.364299890772766,0.000124572333244834,0.000877077067236028,0.0422317220081642,0.353804553109151,0.000124572332452412,0.00841028281582975,0.1193577264312
"mix_0123_depth25",0.000122805466009956,0.121310792526722,0.354871968376981,0.000122805466009956,0.000879580216720233,0.0391950404879877,0.354558700601269,0.000122805466957829,0.0101594986959246,0.118656002695418
"mix_0124_depth100",0.000188257136036196,0.168250451023902,0.282608656183345,0.0001882571360362,0.0472648179647804,0.00531061632950776,0.301377432426106,0.00018825713602113,0.000188257136036198,0.194434997528228
"mix_0124_depth25",0.000268284034698187,0.175131697912828,0.279447467664407,0.000268284034698186,0.0463751907572548,0.00961596767461371,0.292896241105504,0.000678643550942602,0.0105788294232443,0.18473939384181
"mix_0125_depth100",8.69805357861656e-05,8.69805357783909e-05,0.426490557188314,8.69805357861666e-05,8.6980535797302e-05,0.0133600660552757,0.328349154485918,8.69805396293996e-05,0.0552459961583444,0.176119323429371
"mix_0125_depth25",0.000128360074993914,0.000128360075026218,0.413560062902854,0.000128360074993915,0.000128360075032996,0.0169366359121083,0.32717192769078,0.00012836007418599,0.0500940081913999,0.191595564928625
"mix_0126_depth100",0.000125787629821863,0.238054285803438,0.436285260885292,0.000125787629829119,0.000125787629935287,0.000125787629835567,0.283579508070309,0.00054468638666772,0.00190867505199635,0.0391244332828743
"mix_0126_depth25",0.00018578271712582,0.210967491534744,0.487375286966482,0.000185782717129863,0.00496892623571365,0.00417226227939514,0.240011942210181,0.000185782716392173,0.0170553269534757,0.0348914156693603
"mix_0127_depth100",0.00201958330801507,0.308405196461058,0.279726420254475,0.000134515899111745,0.000134515899578728,0.00499042264899874,0.382774723473864,0.000134515900274562,0.000151264224879847,0.0215288419297446
"mix_0127_depth25",0.0019276456321507,0.322961327466462,0.24839845212853,0.000138723635968792,0.000138723636025711,0.00579573309346892,0.416684220428515,0.000138723635703431,0.00367772670720759,0.000138723635968155
"mix_0128_depth100",0.000126612191054868,0.188214003212948,0.368118560372649,0.000126612191052018,0.000126612191005846,0.000126612191110383,0.378317588495591,0.000490211614976291,0.020670902634738,0.0436822849048739
"mix_0128_depth25",0.0061544475712883,0.196338520881249,0.364561531109429,0.000129943468900044,0.000129943468875699,0.000129943468899734,0.382891042321521,0.0013111157995166,0.0159327033664002,0.0324208085439204
"mix_0129_depth100",0.00012617663856197,0.286055285452465,0.295148969639419,0.000126176638553804,0.122900751042765,0.000126176638290261,0.295134301639405,0.000126176637605681,0.000126176638553805,0.000129809034380964
"mix_0129_depth25",0.00018206199806865,0.275240541979192,0.303351813192288,0.000182061998068642,0.120130084281134,0.000182061998001798,0.281278398586395,0.000182061997592573,0.00752179014076182,0.0117491238284978
"mix_0130_depth100",0.00211734234209525,0.22495303136778,0.327516147124605,0.000119165414042389,0.0476649548928998,0.000119165418458637,0.394868163065342,0.000119165413740111,0.00240369954701759,0.000119165414019164
"mix_0130_depth25",0.000189520157638788,0.254281791800366,0.316911083349168,0.000118417788653698,0.0556488904661883,0.00011841778800949,0.370651011406762,0.000118417788626517,0.00184403166593379,0.000118417788653694
"mix_0131_depth100",0.000125691833512434,0.285646454397964,0.331336318590062,0.000125691833513576,0.121567954410974,0.000125691834293763,0.247425207527942,0.000125691833682991,0.0133956059045509,0.000125691833504123
"mix_0131_depth25",0.000128740257326673,0.291317438055821,0.335435034330892,0.000128740257326671,0.116869972128437,0.00012874025727765,0.253418242772749,0.00231561142551782,0.000128740257326673,0.000128740257325689
"mix_0132_depth100",0.000901744035673864,0.231419147070619,0.299675486016957,0.138603844371769,0.00012935636027638,0.000129356359612771,0.30386389402994,0.000129356360184767,0.0250184590349264,0.000129356360041058
"mix_0132_depth25",0.00584474155133198,0.224230303700427,0.277205233281028,0.139243848791161,0.00240370924422425,0.00018548293563562,0.314308301544073,0.00147279092305059,0.0349201050932741,0.000185482935794456
"mix_0133_depth100",9.03825661558333e-05,0.298781735230724,0.327331741499069,0.0688533795006175,9.03825661672134e-05,9.03825643117839e-05,0.304490848375136,9.03825660379744e-05,9.03825661713143e-05,9.03825656093525e-05
"mix_0133_depth25",0.00012599464244284,0.292268187489687,0.314860799023909,0.0754925739698375,0.000125994642442833,0.000125994642420316,0.31657461025941,0.000125994644417694,0.000173856043244978,0.000125994642188961
"mix_0134_depth100",9.2532878213094e-05,0.211361066228309,0.413589820673908,0.0228240239053909,9.25328782707581e-05,9.25328786655165e-05,0.330523212917305,0.0012598189956717,0.0200719257660645,9.25328782013952e-05
"mix_0134_depth25",0.000131947070336939,0.259356717465324,0.378848932575936,0.00537992255300796,0.000743135175413097,0.000131947070869104,0.339142250121361,0.00522284731884323,0.010910353578575,0.000131947070333988
"mix_0135_depth100",0.0539243504180748,0.294785094331309,0.235805572527839,8.23730941692449e-05,8.23730941178301e-05,8.23730941542541e-05,0.414963275590115,8.23730942290648e-05,0.00010984166184145,8.23730941505319e-05
"mix_0135_depth25",0.0491502259370063,0.297127390027986,0.235602987159693,0.000117851791440539,0.00352561655497602,0.00217045758432925,0.391187551951969,0.000117851791465643,0.00034433088477632,0.0206557363163577
"mix_0136_depth100",0.0377776656454432,0.166187839131001,0.437653626964485,8.70971763634788e-05,8.70971762618041e-05,0.000888246465448091,0.357057135912092,8.70971761805615e-05,8.70971763634755e-05,8.70971763616772e-05
"mix_0136_depth25",0.037562035992663,0.171048695120214,0.426007411200993,0.000130574923693069,0.000130574923688072,0.00392754017485431,0.360801442893813,0.000130574922700111,0.000130574923693069,0.000130574923688453
"mix_0137_depth100",0.0199298264485667,0.229551075998535,0.438232289627234,0.000132759184021825,0.000132759184379361,0.000892018665597646,0.310730993339422,0.000132759184196301,0.000132759184021826,0.000132759184025411
"mix_0137_depth25",0.029093029076785,0.23004528822862,0.403949105876139,0.000136145696034608,0.000136145696200823,0.000136145696040044,0.335051475284332,0.00118037305378126,0.000136145696034613,0.00013614569603209
"mix_0138_depth100",0.000134893666958555,0.264346897413781,0.363519080662226,0.000134893667039808,0.00013489366696136,0.0245119414630647,0.338177924860484,0.00013489366693069,0.00876968726551306,0.000134893667039807
"mix_0138_depth25",0.000131471004723133,0.237400353031577,0.303078538966537,0.000131471004719239,0.000131471004715464,0.0371994222615679,0.416010439917805,0.000131471006736637,0.00565389079689955,0.000131471004719237
"mix_0139_depth100",8.55526997464717e-05,0.310754874492678,0.275185356421915,8.55526997959081e-05,8.55526999447598e-05,0.0205641073690804,0.325627084791596,8.55527011194662e-05,0.0674408134243306,8.55526997935955e-05
"mix_0139_depth25",0.000120357081347399,0.294862019764876,0.282335847857116,0.000120357081330588,0.000120357081330588,0.0182311737534018,0.325137789511828,0.00148543172011585,0.077466309067323,0.000120357081330589
"mix_0140_depth100",9.0647060184546e-05,0.330782007088474,0.39670822083139,9.06470602231206e-05,9.06470599936152e-05,0.0170181532200899,0.239251235387127,9.06470629531647e-05,0.0157871481693377,9.06470602267885e-05
"mix_0140_depth25",0.000131045081143562,0.325547806956431,0.408576144925326,0.000131045081132044,0.000478197064718009,0.010514065260829,0.230880840048377,0.000131045081113171,0.0234787654197984,0.000131045081132045
"mix_0141_depth100",8.94953127912335e-05,0.388128358138257,0.352746370375766,8.94953128079651e-05,8.9495312983563e-05,0.0041127324026215,0.22740259278238,0.000103661691592904,0.00446574197021917,0.0227720567005809
"mix_0141_depth25",0.000129982692982046,0.388728735822667,0.33437633384955,0.000129982692982038,0.00440919270719665,0.0155149381141727,0.232170366714321,0.000129982692265453,0.00876368652321546,0.0156467981906479
"mix_0142_depth100",0.00011890922576147,0.246596430193625,0.323712985215117,0.000118909225807351,0.000118909225790072,0.0175073379529662,0.384773552563982,0.000338848216616291,0.00056232289162942,0.0261517952887057
"mix_0142_depth25",0.000120400073435027,0.225413480437636,0.335696122691141,0.000120400073435026,0.000120400073420979,0.0213227202244314,0.379952976924054,0.00111269291560201,0.0148828841941499,0.0212579223926945
"mix_0143_depth100",0.000129582713987538,0.273577165842034,0.355521971206214,0.000129582714022894,0.000129582714025919,0.00718880180359694,0.328012247546115,0.000129582713198166,0.000129582714022895,0.0350519000327823
"mix_0143_depth25",0.000130334933933481,0.28922431331508,0.335424392005925,0.000130334933926138,0.000690638534443524,0.00866731954414464,0.333040130465293,0.000130334933652329,0.000130334933926141,0.0324318663996752
"mix_0144_depth100",0.0491364047069015,0.188573436645399,0.332964186998252,0.000190288937653014,0.0131297467643331,0.000190288937614704,0.286133266984307,0.00019028893739245,0.0388642712624768,0.0906278198256711
"mix_0144_depth25",0.0304959085625829,0.167849706910456,0.33434134078649,0.0113283424119584,0.0225547172768599,0.000192295986220715,0.281473907456842,0.000192295984548673,0.055959212563583,0.0956122720604585
"mix_0145_depth100",0.00794417093310394,0.120373524091714,0.345197142846287,0.00012449375746856,0.000124493757430125,0.000124493757462035,0.283718008041702,0.000124493757494737,0.148361894843903,0.093907284213434
"mix_0145_depth25",0.000183959478009214,0.120484193071462,0.319893568638555,0.00229030326464441,0.000684664006728639,0.000183959478010142,0.301429931387623,0.00289934776248045,0.174865992957746,0.077084079954742
"mix_0146_depth100",0.00012721738880503,0.356459922723993,0.305272404278803,0.000127217388801212,0.00108997976564999,0.0133042277923944,0.270477511566544,0.000127217387484898,0.000127217388801211,0.0528870843187227
"mix_0146_depth25",0.000132066503201746,0.33790880957985,0.315803621504055,0.000132066503212461,0.00240800094633917,0.0242187319801994,0.270830093540979,0.000132066501463398,0.000132066503212462,0.0483024764374867
"mix_0147_depth100",8.30797400571225e-05,0.49241427046431,0.19952546944219,8.30797400572681e-05,8.30797400008555e-05,8.30797400566748e-05,0.139400888587114,8.30797401473785e-05,0.00336284900065434,0.164881123805412
"mix_0147_depth25",8.40438332183384e-05,0.469604978029314,0.195901448397844,8.40438332243917e-05,8.40438332086233e-05,8.40438332243946e-05,0.149563010608814,8.40438332074203e-05,0.000119325039886388,0.184391018758059
"mix_0148_depth100",8.78730022982929e-05,0.43441168615962,0.210357245406028,8.78730022967389e-05,8.78730024431634e-05,8.78730022427814e-05,0.299267238623325,8.78730024870576e-05,0.0119231053837886,0.0436013594154703
"mix_0148_depth25",0.00510287949556819,0.471915599144512,0.229609530047902,9.39372862776194e-05,9.39372862521151e-05,9.39372862755816e-05,0.217323412969737,9.39372862807713e-05,0.019576902878467,0.0560959263187275
"mix_0149_depth100",8.5463735505988e-05,0.319790387127569,0.242304210531308,8.54637355031832e-05,8.54637355101673e-05,8.54637354878589e-05,0.304082002230459,8.54637331932692e-05,0.0668550132642317,0.066541068171232
"mix_0149_depth25",0.000121174875707847,0.285376884971674,0.220150485192091,0.000121174875707851,0.000121174875700353,0.00012117487570375,0.324956369637156,0.000121174876292814,0.0936432650183197,0.0752671208016459
"mix_0150_depth100",0.000190673613868188,0.173584927481136,0.240466358403037,0.000190673613868191,0.142557357122013,0.00019067361386846,0.29113843203214,0.000190673614631895,0.102370953191236,0.049119277314201
"mix_0150_depth25",0.000187511891136304,0.181643485946463,0.206720710722113,0.000187511891136308,0.145066358738982,0.000187511891126302,0.351400730626734,0.000187511882810604,0.0907732634963233,0.0236454029131743
"mix_0151_depth100",0.000174437183754409,0.216605588543478,0.169322198001775,0.000174437183754404,0.130255085115617,0.0103984500929767,0.314254615150401,0.000174437183059097,0.13177111991779,0.026869631627394
"mix_0151_depth25",0.000264589740144593,0.245444447056681,0.12987566826186,0.000264589740144594,0.148440877193598,0.0087068404098193,0.276238381430904,0.000264589747176809,0.163577952399561,0.0269220640201105
"mix_0152_depth100",0.0001518195123097,0.469657644900484,0.231069603507818,0.000134027190455169,0.0668000108083616,0.000134027190493182,0.204942208615355,0.000134027190524332,0.0052593825135912,0.0217172485706077
"mix_0152_depth25",0.0178287386172967,0.477175591342469,0.209391562371359,0.000135443570803411,0.0631563241813047,0.000135443570795588,0.211662326231332,0.000135443570741156,0.0166651329712987,0.00371399357259929
"mix_0153_depth100",0.000123577986315786,0.250932673317489,0.244811195346306,0.00190504124895822,0.000123577986485827,0.000123577986359491,0.411753114524981,0.000383892536396085,0.0492763968356662,0.0405669522310413
"mix_0153_depth25",0.000122251033304916,0.222067291419926,0.308395863430965,0.00276445240081725,0.000122251033334689,0.000122251033302414,0.343264332162614,0.000122251039744972,0.088349009479684,0.034670046966307
"mix_0154_depth100",8.28038050915208e-05,0.27155410944379,0.296132710776555,0.0186385081124833,0.000286523340108338,0.00234559766060712,0.346912794752773,8.28038045449958e-05,0.0552402427070137,0.0087239055970333
"mix_0154_depth25",0.000120522454361185,0.280731159536257,0.28491544447612,0.0282076061608199,0.000846602360763787,0.00427016667245934,0.352949213306497,0.000120522454098246,0.0477182401242608,0.000120522454362235
"mix_0155_depth100",0.000125558045604104,0.345428392855601,0.2585416251221,0.0824706973712864,0.00498978960553896,0.00990961476365092,0.25611978291483,0.00012555804546654,0.0179037374863735,0.0243852437895484
"mix_0155_depth25",0.000130775872150343,0.347709551393593,0.264115671647744,0.0987916616059076,0.00537121556652422,0.0156924446801659,0.209045156662035,0.00013077587381902,0.0335800985552194,0.0254326481428415
"mix_0156_depth100",0.0149119929571363,0.161821152627707,0.427778595507962,0.000128165883756541,0.000128165883692544,0.000128165883818699,0.337149212059522,0.00189206031324654,0.00493078765350533,0.0511317012296529
"mix_0156_depth25",0.00697762419329843,0.176762374675241,0.39141333366858,0.000126322107464088,0.00156850605329755,0.000126322107464121,0.363036192847999,0.000962696956602982,0.000126322107464094,0.0589003052825893
"mix_0157_depth100",0.0222835757722744,0.200260485070209,0.388854543716978,0.000123987587451326,0.00331519226033795,0.000123987587437433,0.339679828584267,0.000123987587461645,0.000123987587451325,0.0451104242461319
"mix_0157_depth25",0.0304376638720315,0.208675028525626,0.366976494031559,0.000120861293349558,0.00206877202429072,0.000120861293343633,0.358694052155324,0.00012086129208603,0.000120861293349559,0.0326645442190408
"mix_0158_depth100",0.0203349004066277,0.31551927491617,0.28378954759135,0.000191196732256323,0.000191196732549408,0.000191196732276156,0.332749320652578,0.000577936568681954,0.00592544139290521,0.0405299882746044
"mix_0158_depth25",0.0293864799546006,0.314715352874393,0.280334191106978,0.000134758352414859,0.000134758352412169,0.000134758352417531,0.338272620658548,0.000134758354227442,0.0110037390045869,0.0257485829894211
"mix_0159_depth100",0.00168816624946719,0.362842586655215,0.279564136196299,0.00013055554543839,0.000130555545289055,0.0606155147183707,0.223791297263766,0.000722768377971601,0.0197718274117535,0.0507425920364303
"mix_0159_depth25",0.0068800512591809,0.339932722337621,0.319209505077507,0.00019098912423424,0.00159552254125518,0.0726572793493425,0.214317465322412,0.000190989123671011,0.0448344867405414,0.00019098912423424
"mix_0160_depth100",0.000125807172544299,0.224892327814822,0.438221519608844,0.000125807172546588,0.000125807172688643,0.0135941101443123,0.297572523843684,0.000125807174036523,0.000125807172546586,0.0250904827239752
"mix_0160_depth25",0.000123585492805501,0.246733305625459,0.40304947477597,0.000123585492808246,0.00422795922928486,0.0118806401340673,0.307164489077055,0.000123585492627495,0.000123585492808245,0.0264497891871143
"mix_0161_depth100",0.000131356438407628,0.328897134522907,0.339475671088029,0.000131356438414124,0.000131356438295289,0.0507067156089705,0.225267809036256,0.00116933622806043,0.00717593518605179,0.0469133290146089
"mix_0161_depth25",0.000191288147350374,0.342794476116712,0.301806974621346,0.000191288147350371,0.00019128814744133,0.050843925400077,0.212447719102862,0.000191288148594755,0.000191288147350374,0.0911504640209162
"mix_0162_depth100",0.00145212713491896,0.139140090304974,0.488590863021718,0.000145754511566088,0.000145754511656302,0.00272566303469706,0.301328211647467,0.000145754511807549,0.000145754511595808,0.0661800268096002
"mix_0162_depth25",0.0011870213893117,0.123130959491245,0.488487513387952,0.000206822937008235,0.00887699272262664,0.00163936483692227,0.312863966268715,0.000206822933804507,0.00237203328313063,0.0610285027492835
"mix_0163_depth100",0.000130439839474551,0.288037819575115,0.385113113951977,0.000130439839437184,0.000427093560397993,0.0261132123983406,0.25618442541375,0.000130439839623699,0.00504667639057318,0.0386863391913105
"mix_0163_depth25",0.000186215687943253,0.297558681425742,0.313401269770128,0.000186215687937822,0.000552338946074061,0.021522576617944,0.333570200431843,0.000186215687961647,0.000186215687937821,0.032650070056488
"mix_0164_depth100",8.50171342294948e-05,0.444008882840474,0.29927424321747,8.50171342614803e-05,8.50171341097171e-05,0.017716067113253,0.209280481540744,8.50171339588073e-05,8.50171342614809e-05,0.0292952396172384
"mix_0164_depth25",8.54586165968312e-05,0.451583174879648,0.302357103992499,8.54586165648831e-05,8.54586165575443e-05,0.00937405316996049,0.184354983790113,8.54586113376395e-05,0.000106445256806725,0.0518824044499149
"mix_0165_depth100",0.000131770206137685,0.144453285120644,0.351844802735038,0.000131770206155556,0.00449570871099612,0.000131770206161924,0.339200105409759,0.00013177020610422,0.0751132725840366,0.0843657446149672
"mix_0165_depth25",0.000191926203951166,0.166851702122535,0.288515238133408,0.00019192620394253,0.00782663275837267,0.000191926203933845,0.396459070622102,0.00136773806363574,0.0653528244882053,0.0730510151999139
"mix_0166_depth100",0.000131781441612303,0.43462745853111,0.219134521789858,0.000131781441616468,0.00168148687935779,0.0255991622626131,0.201367216304346,0.000267029233380385,0.0117738110065177,0.105285751109588
"mix_0166_depth25",0.000139766896569576,0.434698006087815,0.226339736188974,0.000139766896575551,0.000139766896565458,0.0206604730700676,0.180590159841848,0.00132537257617754,0.026027652802312,0.109939298743095
"mix_0167_depth100",0.00985495354003701,0.35688532273034,0.201590138817055,0.000129381250960077,0.00187632394262267,0.000129381250953301,0.223213673829307,0.000129381250854225,0.045097985330969,0.161093458056902
"mix_0167_depth25",0.012292563373149,0.367929277653645,0.21610140383762,0.000129645906354211,0.000129645906338971,0.00622826656192756,0.138336913076013,0.000129645906359362,0.0850698113147596,0.173652826463833
"mix_0168_depth100",0.00012900281684464,0.362525594901052,0.161547202305061,0.000129002816846686,0.000129002816604878,0.0450201825413757,0.280255354985368,0.000552455961592489,0.000129002816846686,0.149583198038407
"mix_0168_depth25",0.000131265320726367,0.379001529130469,0.218590518693832,0.000131265320927006,0.000131265320929829,0.0491472765034279,0.176941722744361,0.000131265319593845,0.0150606358182441,0.160733255827489
"mix_0169_depth100",0.000142981865544538,0.368940098977948,0.144922472687912,0.000142981865529194,0.000142981865561738,0.00311377157383711,0.296910912026014,0.000370106378700306,0.0282108132594742,0.157102879499478
"mix_0169_depth25",0.000157560246013904,0.396516304960292,0.166599801676372,0.000157560246016137,0.000157560246026495,0.000157560246015282,0.165919882154779,0.000157560241850014,0.0919749207037279,0.178201289278908
"mix_0170_depth100",0.000131151384788248,0.281811044580151,0.166946282522119,0.000131151384814847,0.000131151384823524,0.0327220811251442,0.281358670967767,0.000160650669289917,0.0279708620152411,0.208636953965861
"mix_0170_depth25",0.000188568360880457,0.300625274902639,0.201826402023162,0.000188568360880458,0.000188568360880455,0.0174860596872289,0.218323468019622,0.000188568356262703,0.0397049914655729,0.221279530462871
"mix_0171_depth100",9.70889230756823e-05,0.669542890194362,0.100907419804068,9.70889230692656e-05,0.0776095449718589,9.70889230696202e-05,0.00208003355556846,9.70889288033101e-05,0.000241499868098994,0.149230255908025
"mix_0171_depth25",0.000760386807041472,0.647602571525029,0.110689221114356,6.60677379448098e-05,0.0672155135232997,6.60677379448092e-05,6.60677380147442e-05,6.606773727439e-05,0.0313080756320903,0.142159960447005
"mix_0172_depth100",9.35124134912932e-05,0.578273418601364,0.13808690871974,9.35124134933451e-05,0.0199524890797776,0.0113170186679749,0.110526336624869,9.35124081872035e-05,0.0085626923401069,0.133000598730995
"mix_0172_depth25",9.68325328203127e-05,0.579537708801952,0.138403369591073,9.6832532820312e-05,0.0103857049729359,0.00725172485430915,0.0960084244675575,0.00137422588530473,0.0187167888411589,0.148128387520068
"mix_0173_depth100",9.72863444148559e-05,0.577060397850873,0.0718068756229166,9.72863444148598e-05,0.115671804612364,0.0416884007529499,0.0463475000041617,9.72863445364412e-05,0.0537111664970194,0.0934219956263489
"mix_0173_depth25",9.9842677346955e-05,0.566157076732842,0.0980435741551217,9.98426773469496e-05,0.112760469203235,0.0237594439876071,0.0496917272885756,9.98426734499429e-05,0.0410221309412055,0.108266049663269
"mix_0174_depth100",8.23867068187431e-05,0.563186606559982,0.143238863790355,8.23867068300627e-05,8.23867067757563e-05,0.0266343353406314,0.159486975989642,8.23867121230758e-05,0.000112864173588146,0.107010807313254
"mix_0174_depth25",5.70513243446429e-05,0.563674931658215,0.165615649536491,5.70513274267713e-05,5.70513274282314e-05,0.0260807683430966,0.126062800206279,5.70513229567646e-05,0.000893491108311232,0.117444153845451
"mix_0175_depth100",0.00012172980258488,0.333566438768373,0.220899676534452,0.0701686442178872,0.000121729802584344,0.013897637009279,0.194624022673088,0.000121729802407434,0.0279891721995883,0.138489219189756
"mix_0175_depth25",0.000188327014674272,0.363321110949914,0.218190888759233,0.0474343020590107,0.00485727461080396,0.00983500986915137,0.156266417852802,0.000188327014634183,0.0436893007044873,0.156029041165289
"mix_0176_depth100",8.25926184087647e-05,0.356521122811408,0.125096492145466,0.0700352394333044,8.25926184242904e-05,0.017679257562963,0.335477503897575,8.25926143832471e-05,0.024519403404701,0.0704232028933661
"mix_0176_depth25",0.000124679254798749,0.400431265009487,0.169471447737075,0.0591594346779004,0.00322103168844105,0.0324556752578401,0.236121258529014,0.000124679254662876,0.0503733854178249,0.0485171431729554
"mix_0177_depth100",0.0240547376739588,0.379305687314823,0.194085180152201,0.000197329738794007,0.000197329738764117,0.00267881359761272,0.233173258439187,0.00019732973864541,0.0415141254963931,0.124596208109621
"mix_0177_depth25",0.018699137824379,0.363931996786802,0.189442539328834,0.000131319766417657,0.00013131976639887,0.00013131976641781,0.249029230995678,0.00204827521068208,0.0376053973859321,0.13884946316846
"mix_0178_depth100",0.0171443682557499,0.401480459973039,0.205160222901548,0.000128950884036891,0.000128950884006513,0.000128950884039233,0.197703975539369,0.000128950884357011,0.0191599652718749,0.158835204521979
"mix_0178_depth25",0.0224413060889638,0.398302234252622,0.244973455404143,0.000133391827266177,0.000133391827265008,0.000133391827266177,0.153639225387128,0.00175661556667462,0.0424267454118929,0.136060242406779
"mix_0179_depth100",0.0330371184684515,0.421355427480798,0.22915472245845,0.000126258510595529,0.00233250795501483,0.00329637075294168,0.205807916168377,0.000126258510375944,0.0130896830002934,0.091673736694703
"mix_0179_depth25",0.0166605591571114,0.414017456114281,0.250858545657182,0.00012728641282375,0.00354990800712859,0.00350230626951372,0.164903650313765,0.000127286414765593,0.0257937274368605,0.120459274216568
"mix_0180_depth100",0.000132026404481118,0.340757580380164,0.312272074844503,0.000132026404465862,0.00013202640454715,0.0393446092799778,0.220710938726745,0.000132026404555398,0.0132778717721363,0.0731088193784247
"mix_0180_depth25",0.00013303300714253,0.352879372386512,0.349382172939576,0.000133033007155695,0.000133033007135428,0.0465171068473288,0.159146874779293,0.00013303300704248,0.0310333323135351,0.0605090087052787
"mix_0181_depth100",0.00108103174566536,0.49284639469231,0.17010371986869,5.87566162329576e-05,5.87566163174273e-05,0.00748222031398005,0.172874758150265,5.87566160551314e-05,0.0549794735738738,0.10045613180661
"mix_0181_depth25",0.00823727911482376,0.461669995637704,0.164705337767447,8.59708702575452e-05,8.59708702636669e-05,0.0258180042807834,0.147458467164506,0.000894791337683492,0.104356016529344,0.0866881664271868
"mix_0182_depth100",0.00012161874032666,0.204464807632463,0.330213330595775,0.000121618740325749,0.00012161874044425,0.0681966248867192,0.376156136622841,0.000121618737222073,0.000121618740325744,0.0203610065635561
"mix_0182_depth25",0.000122253533251712,0.215995128592319,0.324429181539555,0.000122253533251711,0.000122253533187331,0.0581040621467885,0.357006008080193,0.000122253531649684,0.00207975253549499,0.0418968529743085
"mix_0183_depth100",8.76648011662867e-05,0.364113353172593,0.0727817830918562,8.76648011430711e-05,8.76648011259137e-05,0.0313291411466562,0.25892977869423,8.76648016335008e-05,0.0447244016649429,0.227770883024653
"mix_0183_depth25",8.6130468864117e-05,0.341984067289199,0.0743801335126597,8.61304688641169e-05,8.61304688641171e-05,0.0136476947050727,0.245513007026482,8.61304741858638e-05,0.0569842163879194,0.267146359197889
"mix_0184_depth100",8.7380320275212e-05,0.0913470551463715,0.116567034073203,8.73803204520106e-05,8.73803205463353e-05,0.0400703345815234,0.0790489019404862,8.73803202899283e-05,0.548933782774624,0.123683370202228
"mix_0184_depth25",0.000127914096195703,0.101742527767308,0.119592293363317,0.000127914096186459,0.000127914096185514,0.0418626617502133,0.0985684266338081,0.000127914098710588,0.516362028994311,0.121360405103764
"mix_0185_depth100",9.66486570921941e-05,0.606518975270931,0.133424915013051,9.66486570917542e-05,9.66486568997339e-05,0.0574382417006401,0.0560446255820821,9.66486570186486e-05,0.0556447620547754,0.090541885750418
"mix_0185_depth25",6.86192184804597e-05,0.640057417014412,0.134669583008374,6.8619218480459e-05,6.86192185017872e-05,0.0658912843881721,0.063437037741628,0.000975792345181179,0.0145690856161615,0.0801939422306082
"mix_0186_depth100",8.84901188539427e-05,0.20210676448201,0.336923415970309,8.84901188454634e-05,8.84901189274882e-05,8.84901188560227e-05,0.383327261383102,8.84901190341232e-05,0.0175989314270699,0.0596011761429924
"mix_0186_depth25",0.000126316491836516,0.204978776478535,0.330045707710349,0.000126316491848208,0.000139457910012675,0.000126316491851508,0.389842057184029,0.000126316486476493,0.0101711883464007,0.0643175464086615
"mix_0187_depth100",0.000195283443545114,0.333570481754847,0.185303265968795,0.0298543879229285,0.00306477779273815,0.00191989877617881,0.18567691647265,0.000195283444329849,0.052234115837111,0.207985588586876
"mix_0187_depth25",0.00229526797328236,0.315035236242019,0.203936302977528,0.035938850113882,0.000451429651744268,0.000199985072792486,0.18589840233672,0.000199985071454645,0.0725034097327359,0.183541130827841
"mix_0188_depth100",0.00753875676126027,0.474318240218521,0.159565758397539,9.03950980258854e-05,9.03950979539199e-05,0.0123942134345924,0.115937735165224,9.03950979632913e-05,0.000111803044966654,0.229862307683953
"mix_0188_depth25",9.3390537900571e-05,0.494910777359174,0.18169050126122,9.33905379091496e-05,9.33905379077963e-05,0.0102068742589165,0.125051949739707,0.0024086347095089,0.000164051700608708,0.185287039357148
"mix_0189_depth100",0.977290427985805,0.000108596622746484,0.000108596622599496,0.000108596622596952,0.0001085966225995,0.000108596622599518,0.0001085966237481,0.0218407990319582,0.000108596622667149,0.000108596622679791
"mix_0189_depth25",0.999073417533443,0.00010295360614268,0.000102953607471846,0.000102953607842966,0.000102953607628584,0.00010295360664254,0.00010295360706256,0.000102953607471856,0.000102953607471863,0.000102953608821687
"mix_0190_depth100",0.996671697138686,0.000101464820250419,0.000101464823823656,0.000101464823818667,0.000101464823494811,0.000101464823823582,0.000101464822586452,0.00251658427576951,0.000101464823863439,0.00010146482388363
"mix_0190_depth25",0.999215213959949,6.37033356746828e-05,6.37033293779258e-05,6.3703329377947e-05,6.37033232351714e-05,0.00027515940793723,6.37033301869196e-05,6.37033264426587e-05,6.37033285540005e-05,6.37033292641484e-05
"mix_0191_depth100",0.991302094560754,6.43692731873108e-05,6.43692869114131e-05,6.4369286911365e-05,6.43692809774999e-05,8.30262711188934e-05,6.436928730838e-05,0.00816429417909109,6.43692869107187e-05,6.43692868297432e-05
"mix_0191_depth25",0.999438125971713,5.90629660511494e-05,5.90629587847476e-05,5.90629587847438e-05,5.90629595988446e-05,7.74938528311423e-05,5.90629591761081e-05,5.90629587847722e-05,5.90629587819869e-05,7.09394554936624e-05
"mix_0192_depth100",0.985925514186486,9.88805352082483e-05,9.88805353413555e-05,9.88805353389796e-05,9.88805353413589e-05,9.88805351558314e-05,9.88805361557067e-05,0.0105600715113549,0.00282225055431204,9.8880535305861e-05
"mix_0192_depth25",0.950297046275389,9.71934283080152e-05,9.71934283147557e-05,9.71934283147847e-05,9.71934283147828e-05,9.71934282834178e-05,9.71934301945403e-05,0.0489254062948223,9.71934288632377e-05,9.719342919517e-05
"mix_0193_depth100",0.99907000091596,0.000103333231842439,0.000103333231809575,0.000103333231809577,0.000103333231775093,0.000103333231080954,0.000103333230248548,0.000103333231808838,0.000103333231826102,0.000103333231839068
"mix_0193_depth25",0.986536384037371,0.00015192094774463,0.000151920952860015,0.000151920952860015,0.000151920952761037,0.000151920953425282,0.000151920951883299,0.00815873728644127,0.00422636900946097,0.000166983955192096
"mix_0194_depth100",3.39554718752473e-05,0.93436724143302,3.3955471078304e-05,3.39554710782951e-05,3.39554638125505e-05,3.39554710970647e-05,3.39554708405365e-05,3.39554711217928e-05,0.0653611148046734,3.3955471402286e-05
"mix_0194_depth25",3.31576831354119e-05,0.956270980535362,0.00010343675233815,3.31576832834001e-05,3.31576846905788e-05,0.000246882591027474,3.31576825578773e-05,3.31576884387087e-05,0.043179754015883,3.31576832833407e-05
"mix_0195_depth100",3.21776019312463e-05,0.998611188865419,3.21776019977743e-05,3.21776020128448e-05,3.21776020988666e-05,0.000947456961785782,3.21776019903709e-05,3.21776019891961e-05,0.000216110958775135,3.21776019994689e-05
"mix_0195_depth25",3.34654130579271e-05,0.925762783726144,0.000106145612056871,3.3465413047357e-05,3.34654130623263e-05,0.00679901495851564,3.34654141419691e-05,3.34654130618869e-05,0.0671312632238647,3.34654130473556e-05
"mix_0196_depth100",3.23816125312262e-05,0.997348183594483,3.40437015903692e-05,3.23816116713793e-05,3.23816153104888e-05,3.23816121619748e-05,3.23816125801635e-05,0.002375146890439,4.83361381048674e-05,3.23816111271653e-05
"mix_0196_depth25",3.24351857210826e-05,0.995116345899333,0.000103295890655912,3.45999903968647e-05,3.24351673418872e-05,3.24352093265377e-05,3.24351917192238e-05,3.24352332851308e-05,0.00455114704655411,3.24351856660423e-05
"mix_0197_depth100",4.52311844060848e-05,0.997718113644797,5.25690314630135e-05,4.52311843245995e-05,4.52311813422851e-05,0.000768687850938673,4.52311843201619e-05,4.52311841315662e-05,8.35194391465325e-05,0.00115095411513015
"mix_0197_depth25",4.66334485519215e-05,0.99944559718464,9.75869336079258e-05,6.53224923311831e-05,4.66334604560747e-05,4.6633451095995e-05,4.66334532130177e-05,4.6633440048358e-05,0.00011169268284282,4.66334532130402e-05
"mix_0198_depth100",3.26205094273665e-05,0.988662018998855,0.00918308879274057,3.26205095924139e-05,3.26205095381058e-05,0.00175002549110066,3.26205096290303e-05,3.26205095418549e-05,0.000209143659981213,3.26205095932073e-05
"mix_0198_depth25",2.40894562003495e-05,0.988039986964386,0.00637447496323681,2.40894578370928e-05,2.40894610437821e-05,2.4089456710659e-05,2.40894594111593e-05,0.000514756574784838,0.00492624474855231,2.40894578370883e-05
"mix_0199_depth100",6.24300063078091e-05,6.24273913344398e-05,0.59818914039138,6.24273912909216e-05,0.00310479485646049,6.24273914515959e-05,0.398269070397757,6.2427391450088e-05,6.24273912844471e-05,6.24273912823913e-05
"mix_0199_depth25",8.61676392034858e-05,8.61676390378116e-05,0.537305783912727,8.61676391951245e-05,0.0051597461095673,8.6167639194541e-05,0.451027066523174,8.61676400769698e-05,8.61676391951231e-05,0.0059903976186287
"mix_0200_depth100",9.74913745445471e-05,9.74913747921452e-05,0.539507525897514,9.7491374537798e-05,9.74913745313682e-05,0.00540070027971247,0.400095063275479,9.74913745510146e-05,9.74913745905308e-05,0.0544117622997473
"mix_0200_depth25",9.79596447499166e-05,9.7959646403672e-05,0.528862164215218,9.79596447524947e-05,0.000852492329023229,9.79596447483968e-05,0.411338085705406,9.7959645405081e-05,9.79596447524923e-05,0.05835949987954
"mix_0201_depth100",0.00263415221578994,6.81746216760602e-05,0.565103492793156,6.81746175504007e-05,6.81746175495732e-05,6.8174612025937e-05,0.431785132672249,6.81746149776712e-05,6.8174617550387e-05,6.81746174745236e-05
"mix_0201_depth25",9.43055756650147e-05,9.43055756752688e-05,0.569977133929111,9.4305575665064e-05,0.00558564606919856,9.43055760680653e-05,0.423777080972364,9.43055749217434e-05,9.43055756650639e-05,9.43055756661925e-05
"mix_0202_depth100",0.00264758608850998,6.62936534240569e-05,0.589472914291748,6.62936456372568e-05,6.62936457530778e-05,6.62936457623332e-05,0.407415444088938,6.62936489360112e-05,6.62936456413644e-05,6.62936456499044e-05
"mix_0202_depth25",0.0062358334703358,9.53964641639367e-05,0.503299702303373,9.53964689716866e-05,0.00386802908201608,9.53964689095401e-05,0.486024056334976,9.53964693076458e-05,9.539646897169e-05,9.53964689742583e-05
"mix_0203_depth100",6.5815217678708e-05,6.58079556756511e-05,0.659537247439125,6.58079560369609e-05,6.58079560488864e-05,6.58079554984188e-05,0.334144379188151,0.0058577104196637,6.5807956065644e-05,6.58079560550742e-05
"mix_0203_depth25",9.35519251549613e-05,9.35519252397883e-05,0.595156385908127,9.35519251646065e-05,0.00244285241018696,9.355192481568e-05,0.393171322141715,0.00866812798927602,9.35519251646011e-05,9.35519251554492e-05
"mix_0204_depth100",0.0536877919946399,7.01550282840606e-05,7.01550242395045e-05,7.01550242434591e-05,7.0155024243442e-05,0.0401556208339223,7.01550242104969e-05,7.01550242959198e-05,7.01550243801529e-05,0.905665501997541
"mix_0204_depth25",0.0862602653485023,0.000103815093418402,0.000103815095712674,0.000103815095712663,0.000103815095712665,0.0544698525874707,0.000103815094483534,0.000103815093603147,0.000103815095712664,0.858543176399671
"mix_0205_depth100",0.0526277268982499,0.000104895756918274,0.000104895753618869,0.000104895753618962,0.000104895753605692,0.113882086606086,0.000104895753664074,0.000104895753561809,0.000104895753513724,0.832755916217162
"mix_0205_depth25",0.122601238459656,0.000102486226813351,0.000102486220813959,0.000102486220813907,0.000102486220813901,0.0713949121594161,0.000102486220822583,0.00280937278523944,0.000102486220813901,0.802579559264797
"mix_0206_depth100",0.0356935218231586,7.13122935623452e-05,7.1312300302714e-05,7.1312300298149e-05,7.13123002927707e-05,0.0755127877320478,7.13123003062178e-05,7.13123007553861e-05,7.13123001743748e-05,0.888294504349102
"mix_0206_depth25",0.0933390362903613,6.94516196803569e-05,6.94516197458815e-05,6.94516197458797e-05,6.94516197458792e-05,0.0313522661242526,6.94516197375638e-05,6.94516209785647e-05,6.94516197458884e-05,0.874822536246006
"mix_0207_depth100",0.0144984261727329,6.9696061984912e-05,6.96960625232011e-05,6.96960625232463e-05,6.96960625250737e-05,0.161760593378084,6.96960624890719e-05,6.96960625687981e-05,6.96960626250135e-05,0.823253108011944
"mix_0207_depth25",0.0505702353996526,9.72602345462255e-05,9.72602282149449e-05,9.72602282149462e-05,9.72602282149668e-05,0.142247891215628,9.72602280728559e-05,9.72602340572128e-05,9.72602282149909e-05,0.806501051775183
"mix_0208_depth100",0.0454270056759504,7.04392580340657e-05,7.04392530620734e-05,7.04392530629175e-05,7.04392530711475e-05,0.0907398619324889,7.04392530585304e-05,7.04392530035783e-05,7.04392529046165e-05,0.863340057615364
"mix_0208_depth25",0.0727389399063768,6.95010924708603e-05,6.95010998527449e-05,6.95010998527049e-05,6.95010998527009e-05,0.0460632757179517,6.95011011534242e-05,6.95010949559001e-05,6.95010998527153e-05,0.880711276687681
"mix_0209_depth100",4.26400396300863e-05,4.26400380655379e-05,4.26400396300907e-05,0.999602984502753,4.26400502849227e-05,4.26400384985389e-05,4.26400351918464e-05,4.26400317888874e-05,5.58951842806825e-05,4.26400398761792e-05
"mix_0209_depth25",0.00318282596120764,6.48579794650978e-05,7.9255679109188e-05,0.9962443898003,6.48579808517497e-05,6.48579798823718e-05,6.48579794651965e-05,6.48579770808767e-05,0.000104380683172651,6.48579794650923e-05
"mix_0210_depth100",0.00215397749324312,7.42160468851619e-05,8.29608957137495e-05,0.997243549257376,7.42160507391056e-05,7.42160533585971e-05,7.42160548717494e-05,7.4216039389467e-05,7.42160548855198e-05,7.42160535379177e-05
"mix_0210_depth25",0.0280878659743157,0.000111539603726234,0.000212334895917699,0.964557174857459,0.000111539603450268,0.00647338664775716,0.000111539603726256,0.00011153960619525,0.000111539603726257,0.000111539603726232
"mix_0211_depth100",0.016749974957797,6.88210318890929e-05,0.00012303656086371,0.961176121628645,6.88210320897396e-05,6.88210318918889e-05,6.88210318859862e-05,6.8821024719516e-05,0.021537940668324,6.88210318944545e-05
"mix_0211_depth25",0.0270023272736791,7.0530314081011e-05,0.00755615857526611,0.897800503121724,7.05303140810162e-05,7.05303140810153e-05,7.05303158350056e-05,7.05303131635405e-05,0.04740509395455,0.0198832655035395
"mix_0212_depth100",4.38072816116025e-05,4.38072816123748e-05,0.0181216943856337,0.977655436208253,4.38072816050166e-05,4.38072826191013e-05,4.3807282579561e-05,0.00390902310987274,5.1002604568223e-05,4.38072816445685e-05
"mix_0212_depth25",6.3528688088431e-05,6.35286880885196e-05,0.0488547063955393,0.942976477014882,6.35286889046167e-05,6.35286893589746e-05,6.35286879431034e-05,0.00769132132125181,9.63231378169456e-05,6.35286881261708e-05
"mix_0213_depth100",3.1757908318695e-05,3.17579013625759e-05,3.17579083186938e-05,0.999714178809026,3.17579159124233e-05,3.17579132166401e-05,3.17579169880911e-05,3.17579075612162e-05,3.17579083186935e-05,3.17579109770388e-05
"mix_0213_depth25",4.73358956525253e-05,4.73358819570216e-05,0.000150687898988412,0.999449675534984,4.73358962795423e-05,4.73359011159765e-05,4.73358956525012e-05,4.73358918121758e-05,6.82853083499548e-05,4.73358952080388e-05
"mix_0214_depth100",4.94646423554938e-05,4.67597941736054e-05,4.67597983196834e-05,4.6759798319775e-05,0.999576456969922,4.67597983190317e-05,4.67597953882855e-05,4.6759806621454e-05,4.67597982606375e-05,4.6759798319656e-05
"mix_0214_depth25",5.78943870076372e-05,4.51017101349029e-05,4.51017109560887e-05,4.51017109561005e-05,0.999489578698564,5.33098262386142e-05,4.51017100913734e-05,4.51017168427727e-05,4.51017109560904e-05,0.000128606818252426
"mix_0215_depth100",4.83160223324005e-05,4.83160319793398e-05,4.83160223323479e-05,4.83160240593237e-05,0.999565155777887,4.83160199814382e-05,4.83159650663571e-05,4.83160917870534e-05,4.83160222426642e-05,4.83160223323608e-05
"mix_0215_depth25",9.15650596225642e-05,4.58220908845096e-05,4.58221139351173e-05,4.58221139351042e-05,0.999541858037992,4.58221141125864e-05,4.582211671046e-05,4.58221241392196e-05,4.5822113935245e-05,4.58221147334187e-05
"mix_0216_depth100",4.90769955818403e-05,4.90769903041443e-05,4.90769956078926e-05,4.90769956048401e-05,0.999558307056537,4.9076995598543e-05,4.90769950140894e-05,4.90769834459585e-05,4.90769966973961e-05,4.90769956079057e-05
"mix_0216_depth25",9.39047547568789e-05,6.25637315400288e-05,6.25637084158426e-05,6.25637084158598e-05,0.99940558554255,6.2563708741506e-05,6.25637085848007e-05,6.25637201584379e-05,6.25637084208582e-05,6.25637084158246e-05
"mix_0217_depth100",8.89222904464537e-05,3.54580574064509e-05,3.54580414924541e-05,3.54580414924309e-05,0.999627413393818,3.54580365053356e-05,3.54580634166006e-05,3.5458003584953e-05,3.54580303449781e-05,3.5458041492443e-05
"mix_0217_depth25",0.0173021074094156,4.92730509937335e-05,4.9273053640129e-05,4.92730536401666e-05,0.973838315827021,4.92730536401666e-05,4.92730536490905e-05,4.92730635576895e-05,4.92730536401549e-05,0.00851466538080231
"mix_0218_depth100",0.000142431082219514,4.98311740842066e-05,4.98311445773535e-05,4.98311445773596e-05,0.999458919761863,4.98311447451803e-05,4.98311406952368e-05,4.98311179286724e-05,4.98311447317686e-05,4.98311445773496e-05
"mix_0218_depth25",0.000121259155326139,6.86582509726622e-05,6.86582591469396e-05,6.86582591469602e-05,0.999197082114235,6.86582596342547e-05,6.86582591776234e-05,6.865827442701e-05,6.86582591469185e-05,0.000201050908786499
"mix_0219_depth100",3.02423391368943e-05,3.02423361197953e-05,3.02423380467891e-05,3.02423380467731e-05,3.0242342394424e-05,0.979404298375767,3.02423367888008e-05,3.02423451057895e-05,3.02423457638457e-05,0.0203537629028303
"mix_0219_depth25",3.22585042016696e-05,2.98202139184312e-05,2.98202154688499e-05,2.98202154688713e-05,2.98202154688494e-05,0.829514608058173,2.9820215468744e-05,2.98202137689297e-05,2.98202154688495e-05,0.170244391932594
"mix_0220_depth100",4.44826889962609e-05,4.44826888473333e-05,4.4482688996261e-05,4.44826889962401e-05,4.44826889962698e-05,0.953095944276223,4.44826890003376e-05,4.44826888472975e-05,4.44826889874345e-05,0.0465481942121098
"mix_0220_depth25",3.16297507308397e-05,3.16297638300583e-05,0.0301703075257904,3.16297498530663e-05,3.16297507309619e-05,0.948352228805594,3.16297506914202e-05,3.16297552153369e-05,3.16297462660279e-05,0.0212560554012981
"mix_0221_depth100",6.3436842485696e-05,6.34368502609765e-05,6.34368436636394e-05,6.34368436636384e-05,6.34368436636387e-05,0.79717160113007,6.34368435445808e-05,6.34368423226203e-05,6.34368436485892e-05,0.202320904116677
"mix_0221_depth25",5.25524203442298e-05,4.57204461620732e-05,4.57204575382234e-05,4.57204575382265e-05,4.57204573587219e-05,0.852187376126213,4.57204575251781e-05,4.57204510323571e-05,4.57204575345849e-05,0.147440028268753
"mix_0222_depth100",6.03683864837585e-05,4.25383141996827e-05,4.25383137394693e-05,4.25383137394414e-05,4.25383136265518e-05,0.989028850926946,4.25383137371065e-05,0.00246578001619722,4.25383140483697e-05,0.00818977078728253
"mix_0222_depth25",5.31311170842017e-05,4.18903245075224e-05,4.18903172670825e-05,4.18903172670804e-05,4.18903172946228e-05,0.872112673537738,4.18903172670838e-05,4.18903167689225e-05,4.18903172671884e-05,0.127540963117538
"mix_0223_depth100",0.0528885841551249,4.62400657565398e-05,4.62400660340514e-05,4.62400660340517e-05,4.62400660340564e-05,0.912678245350312,4.62400661342891e-05,4.62400660271354e-05,0.00207127302364038,0.0320844570749028
"mix_0223_depth25",0.0684423237127746,6.38861467688667e-05,6.38861455005652e-05,6.38861455005748e-05,6.38861455005692e-05,0.920226277518669,6.38861455005783e-05,6.38861451584522e-05,6.38861443313393e-05,0.0108841957502954
"mix_0224_depth100",9.65423800821176e-05,9.65423800265435e-05,9.6542380092308e-05,9.65423800922851e-05,9.65423800922734e-05,0.651253546796957,9.65423801415751e-05,9.65423903318738e-05,9.65423782450379e-05,0.347974114153939
"mix_0224_depth25",6.30790534545455e-05,6.3079050472829e-05,6.30790534701819e-05,6.30790534702349e-05,6.3079053470228e-05,0.717762877306309,6.30790546099366e-05,6.30790455221195e-05,6.30790534701826e-05,0.281732490275751
"mix_0225_depth100",5.95448280323655e-05,5.95448284169437e-05,5.9544828400958e-05,5.95448284009931e-05,5.95448284009793e-05,0.621656350402006,5.95448284082326e-05,5.95448217962082e-05,5.95448284014005e-05,0.377867290977736
"mix_0225_depth25",8.48120694921791e-05,8.48120692794988e-05,8.48120692996993e-05,8.48120692997234e-05,8.48120692997e-05,0.582170329691591,8.48120692996756e-05,8.48120694709824e-05,8.48120692996999e-05,0.417151173753668
"mix_0226_depth100",8.24772665924218e-05,8.24772697758809e-05,8.24772666160556e-05,8.24772666160669e-05,8.247726661604e-05,0.716138126820846,8.24772662406484e-05,0.00153365337094513,8.24772666056485e-05,0.281750878939146
"mix_0226_depth25",7.94474820440664e-05,5.38418727151914e-05,5.38418725747807e-05,5.38418725748107e-05,5.38418725747886e-05,0.659979410756762,5.38418742216889e-05,5.38418760897143e-05,5.38418725747909e-05,0.339564248647868
"mix_0227_depth100",6.49518326429253e-05,6.49518327843224e-05,6.49518326429198e-05,6.49518326429797e-05,6.4951832642935e-05,0.775509754168298,6.49518334851744e-05,6.49518311171138e-05,6.49518326522016e-05,0.223970631171092
"mix_0227_depth25",4.01078856919721e-05,4.01078865381244e-05,4.01078857405901e-05,4.01078857405798e-05,4.01078857405671e-05,0.836388101698474,4.01078843264227e-05,4.01078860272785e-05,0.00224944257257465,0.161081700529145
"mix_0228_depth100",9.49666173390771e-05,9.49665976812647e-05,9.49666173388975e-05,9.49666173389143e-05,9.496661733891e-05,0.414274360621678,9.49666173384083e-05,9.49666191773616e-05,9.49666172195123e-05,0.58496590645755
"mix_0228_depth25",0.00261972793148695,9.19864292785219e-05,9.1986434038111e-05,9.19864340380856e-05,9.19864340380994e-05,0.444779839908789,9.19864354254391e-05,9.1986429784547e-05,9.1986434038096e-05,0.551956527129083
"mix_0229_depth100",0.000139243407374838,0.178712736537915,0.157380299704508,0.0883276985743236,0.00266075591266498,0.000139243407491862,0.0576125052620365,0.00126731211450234,0.511465429013249,0.00229477606593321
"mix_0229_depth25",0.000141126479127244,0.153335822379937,0.208146866790686,0.106210919522127,0.00813299134584997,0.00235784661802717,0.0315675487290152,0.000785844434120898,0.489179907221989,0.000141126479121744
"mix_0230_depth100",4.47036822915925e-05,4.47036837667486e-05,4.47036837667502e-05,4.47036837667625e-05,4.47036837114833e-05,4.47036833057586e-05,4.47036880022784e-05,4.47036832370798e-05,0.999597666844508,4.47036836439722e-05
"mix_0230_depth25",4.40625578635201e-05,5.60406141679406e-05,4.46332036246099e-05,5.43731927806579e-05,4.40625575340934e-05,4.40625585519409e-05,4.40625595465516e-05,4.406255877152e-05,0.999580577638632,4.40625585276606e-05
"mix_0231_depth100",9.26304717112382e-05,0.0330960365201969,0.220778792171303,9.26304717366862e-05,9.26304716969006e-05,9.26304715947649e-05,0.0798073856993709,9.26304722179162e-05,0.665762002778435,9.26304717368828e-05
"mix_0231_depth25",9.65527533171902e-05,0.0237315042733415,0.255978445692263,9.71882577649109e-05,0.00152958561340873,9.65527524906661e-05,0.0987018548580005,9.6552752265054e-05,0.619575210293722,9.65527534269523e-05
"mix_0232_depth100",4.64885092032281e-05,4.64885089889306e-05,4.64885089889242e-05,4.648850898892e-05,4.64884921023686e-05,4.64885034041931e-05,4.64885086402145e-05,4.64885108263749e-05,0.999581603439869,4.64885089879845e-05
"mix_0232_depth25",6.81864530997426e-05,6.81864543053044e-05,6.81864543052972e-05,8.18650307680592e-05,6.81864547573059e-05,6.81864630006269e-05,6.81864543053544e-05,6.81864547336951e-05,0.999372643326419,6.81864543053176e-05
"mix_0233_depth100",6.57612173220265e-05,0.0402524238748785,0.0956298227063819,6.57612173279468e-05,6.57612173962237e-05,6.57612187582095e-05,0.121595634007018,6.57612242956275e-05,0.742127552100645,6.57612159759697e-05
"mix_0233_depth25",9.61321192381894e-05,0.0511920163476845,0.172519847953067,9.6132119245377e-05,9.61321192388329e-05,9.61321187757806e-05,0.167474789443567,9.61321243357596e-05,0.608236553535734,9.61321191138385e-05
"mix_0234_depth100",7.4532567750426e-05,7.453260417814e-05,7.4532567750691e-05,7.4532567750795e-05,7.45325677507764e-05,0.000468084584662037,7.45325663146424e-05,7.45325697936122e-05,7.45325692258435e-05,0.998935654834823
"mix_0234_depth25",4.765475714975e-05,4.76547672405207e-05,4.765475714083e-05,4.76547571408118e-05,4.76547571408216e-05,0.0249190519839873,4.76547561586755e-05,4.76547550124387e-05,4.76547571408623e-05,0.974699709951888
"mix_0235_depth100",0.000116537964225672,0.000116537958911325,0.000116537964225701,0.000116537964225677,0.00011653796760809,0.000186626177631207,0.000116537968987885,0.000116537968285862,0.000116537964400677,0.998881070101498
"mix_0235_depth25",0.000110766138517636,0.000110766140844451,0.000110766138517609,0.000110766138517631,0.000110766138756012,0.000114251470745585,0.000110766138512373,0.000110766139816255,0.000110766138517625,0.998999619417255
"mix_0236_depth100",0.00479915817156244,0.000108108779477332,0.000108108775023674,0.000108108775023676,0.000108108775017629,0.084789982976345,0.000108108778682158,0.000108108779442036,0.000108108775029344,0.909654097414397
"mix_0236_depth25",0.000100446139106541,0.000100446140933331,0.0001004461391066,0.000100446139106591,0.000100446141213478,0.000297842147804069,0.000100446139108336,0.000100446132079513,0.000100446139106597,0.998898588742435
"mix_0237_depth100",0.000114863107674603,0.000114863079148931,0.00011486310608394,0.000114863106083942,0.000114863106104449,0.000152133124961921,0.00011486309945526,0.000114863111367246,0.000114863105945191,0.998928962053174
"mix_0237_depth25",0.000115236483223755,0.000115236478906176,0.000115236482912032,0.000115236482912121,0.000115236482912048,0.000139518854102249,0.000115236485341303,0.000115236485998088,0.00011523648291206,0.99893858928078
"mix_0238_depth100",0.000102550944458625,0.000102550929445024,0.000102550944460832,0.000102550944460865,0.000102550944461481,0.000162853977978418,0.00010255094446176,0.000102550946048273,0.000102550944457699,0.999016738479767
"mix_0238_depth25",9.59535717548058e-05,6.34668682453166e-05,7.17272215197078e-05,6.34668709850999e-05,6.34668709850539e-05,0.00019527869940132,6.34668709860919e-05,6.3466872538198e-05,6.34668709850859e-05,0.999256239282599
"mix_0239_depth100",9.86440546471663e-05,9.86440597666894e-05,9.86440546471584e-05,9.86440546470842e-05,9.86440546463479e-05,0.269056200749796,9.86440548076315e-05,9.86440575873578e-05,9.86440546678626e-05,0.730154646804787
"mix_0239_depth25",6.83124279766909e-05,6.83124258135929e-05,6.83124279766236e-05,6.83124279765957e-05,6.83124279766149e-05,0.171226738065134,6.83124286916968e-05,6.83124284817147e-05,6.83124279766154e-05,0.828226762511996
"mix_0240_depth100",6.47768102219434e-05,6.46979343806645e-05,6.46979202790919e-05,6.46979202791032e-05,6.46979187049355e-05,0.23579755371156,6.4697920278356e-05,6.46979184081701e-05,6.4697920283197e-05,0.763684784025604
"mix_0240_depth25",8.92846336290013e-05,8.92846311048029e-05,8.92846336289851e-05,8.92846336289881e-05,8.9284633099582e-05,0.225251869188026,8.92846336289815e-05,8.92846363821281e-05,8.92846336288372e-05,0.774033853743243
"mix_0241_depth100",5.81800931523146e-05,4.54699002494129e-05,4.5469912270032e-05,4.54699122699301e-05,4.54699122683539e-05,0.0683236074432826,4.54699156238519e-05,4.54699072335297e-05,4.54699122482338e-05,0.931299923091402
"mix_0241_depth25",0.0001457625414418,6.10127618529361e-05,6.10127667894836e-05,6.10127667894876e-05,6.10127667893033e-05,0.000166798347686419,6.10127655523071e-05,6.10127623196062e-05,6.10127667894028e-05,0.999260349753989
"mix_0242_depth100",0.0124854952039447,9.87383814898854e-05,9.87383709177643e-05,9.87383709177857e-05,9.87383709200968e-05,0.184146233944857,9.87383734434824e-05,9.87383694005654e-05,9.87383709394526e-05,0.80267710224317
"mix_0242_depth25",0.0211480405717652,9.60753451691852e-05,9.60753447346888e-05,9.60753447346793e-05,9.6075344734685e-05,0.000230757689939814,9.60753453798405e-05,9.60753427924327e-05,9.60753447347352e-05,0.977948674326015
"mix_0243_depth100",9.45921617806744e-05,9.4592189199108e-05,9.45921617806128e-05,9.45921617806763e-05,9.45921620032694e-05,0.358152205806079,9.45921617789853e-05,9.45921564676637e-05,9.45921379669634e-05,0.641091056901164
"mix_0243_depth25",9.2845197524102e-05,5.76341413105867e-05,5.76341352992828e-05,5.76341352992652e-05,5.76341353292043e-05,0.185147484182814,5.76341356968377e-05,5.76341323060123e-05,5.76341352992435e-05,0.814356231669121
