"","B-cells","CAFs","Cancer Epithelial","Endothelial","Myeloid","NK cells","Normal Epithelial","Plasmablasts","PVL","T cells"
"mix_0000_depth100",7.97901146884702e-05,7.97922662774539e-05,0.462404592883384,7.98013436732993e-05,7.97922665996382e-05,7.97922662402865e-05,0.330518660728861,0.000226035351254998,0.0100440530199759,0.00764075694138416
"mix_0000_depth25",0.000113988951864028,0.000113988951689873,0.476946811759998,0.000113988951853732,0.00320729383145698,0.000113988951858174,0.328932134086373,0.0016832855553971,0.00342754494602799,0.00232637895580086
"mix_0001_depth100",5.58542355951606e-05,5.58545867881783e-05,0.477561923130352,0.00305489596977525,5.58545863637395e-05,0.00172347049407651,0.371014755730384,5.58545855803904e-05,5.58545864079797e-05,0.00305108129220925
"mix_0001_depth25",5.58545864017718e-05,5.58545842351914e-05,0.429348052046796,5.58545864083284e-05,5.58545864305955e-05,5.58545864374251e-05,0.432700469857188,5.58545865488539e-05,5.58545864083285e-05,0.00085987570069122
"mix_0002_depth100",5.58545864055824e-05,5.58545854757202e-05,0.408014003634311,5.58545864297859e-05,5.58545862871552e-05,5.58585111621816e-05,0.427484633154381,5.58545865021679e-05,0.0232516150622502,0.0172953039950291
"mix_0002_depth25",0.000104495627277476,7.97922645666229e-05,0.370820788609566,7.97922662976122e-05,0.000147556967970722,7.97922663008735e-05,0.469753635098964,7.97922661522529e-05,0.02397816262458,0.0234635044467472
"mix_0003_depth100",0.0113730569324536,5.58545867441083e-05,0.528215729980543,5.58545864152998e-05,0.0369634969863185,5.58545863618892e-05,0.360349750572975,5.58545863150505e-05,0.00109932432057102,0.0016143410557361
"mix_0003_depth25",0.0112293889553672,7.97922672099304e-05,0.492999419724541,0.00190056413255965,0.043690561462376,7.97922662892752e-05,0.398550982903057,0.000688366043557045,0.000262130970938565,7.9792266298986e-05
"mix_0004_depth100",7.97922662971617e-05,0.00051346668419323,0.49760247619339,7.97922662980028e-05,0.045353546246466,7.97922663096802e-05,0.347252623215906,0.00145402746065376,0.00293202164358797,7.97922663140596e-05
"mix_0004_depth25",0.00891152667572127,0.000668841531202241,0.460426490515498,0.00011398895185373,0.0412307489129818,0.000113988951809027,0.375446419392594,0.00448495676758098,0.00414081492091651,0.00011398895185459
"mix_0005_depth100",0.00865326462348582,7.97922663295935e-05,0.402745710642015,7.97922663109417e-05,0.102060868003226,7.97922662979548e-05,0.368936113322245,7.97922660881584e-05,0.00436633114734652,7.97922662835008e-05
"mix_0005_depth25",0.000113988951853732,0.000113988951763068,0.355162463408998,0.000113988951853732,0.117141154864843,0.000113988951848488,0.395794187820689,0.000391266334727231,0.00290914939992379,0.00696580426230489
"mix_0006_depth100",5.58545864223315e-05,0.00378013970146762,0.398699533563271,0.0829711174328512,5.58545864008012e-05,5.58545869148327e-05,0.361264323851528,5.58545865561705e-05,0.0321626066254167,5.58545870464385e-05
"mix_0006_depth25",0.000113988951844768,0.00412693239114737,0.388020845619181,0.0842886266623149,0.00372681732527343,0.000113988952849137,0.346238671537389,0.000113988952378305,0.0359764139687672,0.0001139889511375
"mix_0007_depth100",5.58545864021185e-05,5.58545864693437e-05,0.461233369251172,0.0270951233053235,5.58545863246394e-05,5.5854586737104e-05,0.308852886650026,5.58545868345395e-05,0.00205706427340845,5.58545864934394e-05
"mix_0007_depth25",7.97922662879941e-05,7.97922664231098e-05,0.458535489317722,0.0168694939611653,7.979226631978e-05,7.97922660099875e-05,0.363737211220157,0.000377412699608341,7.97922662976122e-05,7.97922662808472e-05
"mix_0008_depth100",5.58545864190002e-05,5.5854586468696e-05,0.519570761937171,0.0243794218334193,5.58545865479756e-05,5.58545863628015e-05,0.366451842190387,5.58545863438924e-05,5.58545864083282e-05,0.00285063733841334
"mix_0008_depth25",7.97922663059343e-05,7.97922663105419e-05,0.444391228026903,0.0280255723916329,7.97922661873843e-05,0.0027443916173958,0.427740472378778,7.97922670306188e-05,7.9792266297612e-05,0.000417733532652819
"mix_0009_depth100",0.034402811181498,7.97922662840119e-05,0.505217998079632,7.97922663055434e-05,7.97922664599811e-05,7.97922662474049e-05,0.263480541804858,7.979226633664e-05,0.0593076413199288,7.9792266374747e-05
"mix_0009_depth25",0.0373453801985425,0.00144536754387969,0.508250234991129,0.000113988951853735,0.00391172008805117,0.000113988951854188,0.271947298310293,0.000348978806526471,0.0591133811630932,0.000113988951852627
"mix_0010_depth100",0.0608242669148295,7.9792266610615e-05,0.410682556121127,0.00227329035263792,8.42076498452289e-05,7.97922662932568e-05,0.454444425922737,7.97922665083488e-05,0.00473318302726042,7.97922662925447e-05
"mix_0010_depth25",0.075202061989888,7.97922662945042e-05,0.467096408994156,7.9792266297612e-05,7.97922662976122e-05,7.97922658445973e-05,0.44862424801087,0.00307034844175419,0.0117688149508428,7.97922662976108e-05
"mix_0011_depth100",0.0294226095967686,7.97922664052623e-05,0.432720659306329,7.97922662976122e-05,7.97922663024314e-05,7.97922661734394e-05,0.371174465208669,7.97922663398827e-05,0.045300784992538,7.9792266306811e-05
"mix_0011_depth25",0.0277996652972616,0.000113988951873865,0.448580421360741,0.000113988951853729,0.00352973428330939,0.000113988951829757,0.360157464582127,0.000672995851004064,0.0510879231176286,0.000113988951857043
"mix_0012_depth100",5.58568717752631e-05,5.58545866294446e-05,0.513620177800345,5.59003037630136e-05,5.58545864941586e-05,0.0115739377534317,0.278763181375564,0.00117116873188609,0.00560123912690876,5.58545864335184e-05
"mix_0012_depth25",7.97922662788671e-05,7.97922663667331e-05,0.471833902454655,7.97922662976127e-05,7.9792266334709e-05,0.00736766426706816,0.304158246490176,7.9792266001884e-05,0.00709652648764338,0.0167306318651051
"mix_0013_depth100",7.97922659896118e-05,7.9792266406644e-05,0.375354437464841,7.97922662976144e-05,7.97922660514217e-05,0.0155960021925418,0.392927565005257,0.000549820132722997,0.0845693946642843,7.97922663144072e-05
"mix_0013_depth25",0.000113988951864304,0.000113988951781067,0.413700725569958,0.000113988951853734,0.000113988951853724,0.00314369475086101,0.406184931036557,0.000520445405772816,0.0762915741369259,0.0225037089159245
"mix_0014_depth100",7.97922662980548e-05,7.9792266203141e-05,0.496261940835967,7.97922662976124e-05,7.97922662816633e-05,0.0164006227176236,0.331958086528338,7.97922665200691e-05,0.0144815443814753,0.0228979268772253
"mix_0014_depth25",8.56127092408048e-05,7.97922691193826e-05,0.503146655780366,7.97922662976134e-05,7.97922662914757e-05,0.0215150238543313,0.310196443953855,0.000770232661670578,0.0172426405418478,0.0175802966265445
"mix_0015_depth100",7.97922663037563e-05,7.9792266246746e-05,0.581995587295459,7.97922662802642e-05,7.97922662653329e-05,0.0481422611208166,0.281424269110127,0.000703260043463379,0.00161412081795105,0.0106513265362643
"mix_0015_depth25",7.97922662940081e-05,7.97922663542435e-05,0.59082503879914,7.97922662976122e-05,0.00387622291907412,0.047597888837517,0.340494768615594,7.97922662425265e-05,7.97922662976118e-05,0.0030058254528218
"mix_0016_depth100",7.97922663049081e-05,0.00121552886129131,0.485484066212727,7.97922663067185e-05,7.97922663039165e-05,0.0150603890138121,0.307355616706445,7.97922664187103e-05,0.0116132724446228,0.0282661297615214
"mix_0016_depth25",7.97922661245552e-05,0.00131575207630399,0.458009075734293,7.9792266297612e-05,7.979226633643e-05,0.00725203721439033,0.324074230293266,7.97922660732892e-05,0.013502640016255,0.0374064788710241
"mix_0017_depth100",5.58536280249294e-05,5.58545891795143e-05,0.47967022931769,5.58567004494724e-05,5.58545862160173e-05,0.0158140805076355,0.289171345019917,5.58545863266798e-05,5.58545863424509e-05,0.000841416931898364
"mix_0017_depth25",7.97922662672084e-05,7.97922661756089e-05,0.4437781204469,7.97922662976126e-05,8.16517908286587e-05,0.0153799703126342,0.335966758473281,7.9792267368772e-05,7.97922662976122e-05,7.97922662976122e-05
"mix_0018_depth100",0.000345149310439201,0.000875363172803555,0.424887060903918,7.97922662922413e-05,7.97922662888067e-05,7.97922662862635e-05,0.414069424271063,0.000275487396000936,0.0241969921637756,0.028480710699074
"mix_0018_depth25",0.004264630692641,0.000113988951764583,0.432419092208844,0.000113988951853732,0.00872736263246882,0.000113988951869772,0.368455588705121,0.000485088363449945,0.0328011516534459,0.0138180457754161
"mix_0019_depth100",0.00649576664436571,7.97922664384083e-05,0.405017220647644,7.97916482072751e-05,7.97922665579757e-05,7.979226758946e-05,0.324973967448703,7.97922665467914e-05,0.169017704471781,0.0179122690787584
"mix_0019_depth25",0.00648105365840744,7.97922663642615e-05,0.388695830474328,7.97922662976128e-05,7.97922663802442e-05,7.9792266313626e-05,0.324088814991057,7.9792267390796e-05,0.172047198017918,0.0206276332133683
"mix_0020_depth100",5.58545864141458e-05,0.000136528418431666,0.504392844018172,5.58545864085167e-05,5.58545863624735e-05,5.58545863786913e-05,0.387047134370238,5.58545864319401e-05,0.0122659117115495,0.030785948642863
"mix_0020_depth25",7.97922662778259e-05,7.97922664462282e-05,0.47491925289345,7.97922662976117e-05,7.97922663236463e-05,7.97922662964291e-05,0.417201657253908,7.97922666882821e-05,0.0132295530316532,0.0354715187066525
"mix_0021_depth100",7.9792266290532e-05,7.97922663767753e-05,0.463816743441326,7.97922663030883e-05,7.97922671128607e-05,7.97922663102522e-05,0.324952057817836,7.97922664769056e-05,0.0103885431788133,0.0517459132681734
"mix_0021_depth25",7.97922662976122e-05,7.9792268625771e-05,0.455162662384566,7.97922662976129e-05,7.97922662780372e-05,7.97922662947733e-05,0.392667086491751,7.97922682238165e-05,0.00808708209777026,0.0487819258240474
"mix_0022_depth100",0.00600448685637124,0.000147244653206691,0.370515479257568,7.97922662970316e-05,0.00470151242948576,7.97922662915417e-05,0.437912838109734,7.97922662162152e-05,0.0113435712325562,0.0762204654843734
"mix_0022_depth25",0.00560469068995224,0.00314016059192124,0.352097524985742,0.000113988951853732,0.00620333969655625,0.000113988951853519,0.448913665749372,0.000452091588924096,0.0133672809436885,0.0774070539477254
"mix_0023_depth100",7.97922662850823e-05,7.97922663845053e-05,0.426964430761731,7.97922662976128e-05,0.00231188943712358,0.0285499014926635,0.343184525777202,7.97922673332384e-05,0.0236614810158828,0.0561124245760935
"mix_0023_depth25",0.000113988951842269,0.000113988951875298,0.431661597627122,0.00011398895185373,0.00382203201633017,0.0306624070278042,0.373767614897505,0.000113988953414876,0.0300035477905878,0.0433776745104539
"mix_0024_depth100",7.9792266297612e-05,7.9792268626445e-05,0.446312710147577,7.97922662976118e-05,0.0876428362131243,7.97922663251264e-05,0.281162333391573,7.97922681279845e-05,0.00385076911954377,0.025135490503395
"mix_0024_depth25",0.000113988951853732,0.000113988951830981,0.392231599565932,0.000113988951853731,0.0942275600510266,0.000113988951853562,0.310927436748028,0.000113988953871237,0.00530457777697636,0.0342116318942043
"mix_0025_depth100",0.0208110737965013,0.00014134317657116,0.448053775705073,0.000113988951855053,0.0150498693245875,0.0280670352963168,0.373244174307875,0.000113988952128967,0.00881544071191165,0.00823283470120789
"mix_0025_depth25",0.0369948595719253,0.000113988951911362,0.398488887371344,0.00011398895185373,0.0111308730447756,0.0324271457725434,0.419481588665734,0.000113988951813311,0.00783928017636226,0.00937995340055141
"mix_0026_depth100",0.000113988951853731,0.000113988953706006,0.328472067751611,0.000113988951853732,0.0339574668037122,0.00114166399807921,0.334275570923999,0.00011398895178096,0.0304612175305861,0.0999242262742192
"mix_0026_depth25",0.000162841359791046,0.000162841359724074,0.345154897745416,0.000162841359791044,0.035081297517696,0.0207407142727433,0.358148013786355,0.000167395484959975,0.0189037872265989,0.0738906033720772
"mix_0027_depth100",7.97922663019242e-05,7.97922664583571e-05,0.379127049039182,0.285283400399268,0.00123179695852231,0.0008459550263926,0.211800839728427,7.97922664350353e-05,7.97922662976119e-05,0.018508769604836
"mix_0027_depth25",0.000113988951853679,0.000113988951942391,0.396779021441463,0.242021023241344,0.00246924587642089,0.00043602424038609,0.238528553770817,0.000113988954124723,0.000113988951853731,0.0256200586544212
"mix_0028_depth100",7.97922663145532e-05,7.97922665029763e-05,0.505834510255512,0.0340334364029788,0.00118588143453266,0.0116954087068139,0.339669647858089,7.97922667097313e-05,0.000556961792969743,0.0171709321586001
"mix_0028_depth25",7.97922662862803e-05,7.97922657551567e-05,0.473948617616255,0.0416808264205158,7.97922662976121e-05,0.0175207924922907,0.400801697354641,7.97922687726419e-05,0.00239042865590875,0.0048014312683847
"mix_0029_depth100",7.97922662937614e-05,7.97922665020602e-05,0.426495523915864,0.00393235312785482,7.97922691899205e-05,7.979226636909e-05,0.41710681202461,7.97922711988724e-05,0.0310626638565789,0.0224565829326745
"mix_0029_depth25",7.97922662994912e-05,7.97922686953152e-05,0.456739067720524,0.0108323650599752,0.000565837281180778,7.97922662971786e-05,0.433371555096124,7.97922659260768e-05,0.00350359239413376,0.0218409160244654
"mix_0030_depth100",0.0158242175806774,7.9792266229293e-05,0.410821401754956,7.97922663116978e-05,0.00319627605984961,7.97922663262005e-05,0.406461203564828,0.000468036626242668,0.0085194070269386,0.0505849018347744
"mix_0030_depth25",0.0154082206331731,0.000113988951870167,0.423013798359237,0.000113988951853731,0.0122862631370926,0.000113988951850496,0.432700554381126,0.00182276619397821,0.00372862099644136,0.056661534559518
"mix_0031_depth100",0.0391173407430673,7.97922664612151e-05,0.508001419345882,7.97922662959605e-05,7.97922663256234e-05,0.00647005887677466,0.362884616885852,0.00156622012205509,0.00788505998847855,0.00653283083838914
"mix_0031_depth25",0.0215452918134063,0.000113988951866698,0.473576370990938,0.000113988951853731,0.00453589660786062,0.0033353937372398,0.428697632424139,0.00177377997180969,0.014717338020919,0.01026612004174
"mix_0032_depth100",0.0258384253671719,7.97922664259766e-05,0.340196941153629,7.97922662976123e-05,7.97922665500974e-05,7.97922662961808e-05,0.464100955332528,7.97922662253002e-05,0.07818060045678,0.0208482673682051
"mix_0032_depth25",0.00968821155092331,0.000113988951851519,0.383169351332408,0.000113988951853731,0.00987759927867159,0.000113988951855423,0.437764425217794,0.00373704891227904,0.0675090464343212,0.0289261159353587
"mix_0033_depth100",7.97922662788225e-05,7.97922663623473e-05,0.459206483515608,7.9792266289808e-05,7.97922662738742e-05,0.0324489221520887,0.425579319689973,7.97922645155101e-05,0.0134974154645767,0.0170790341013534
"mix_0033_depth25",0.00253939648527284,0.000437698883662441,0.425233559931641,0.000113988951853733,0.000113988951855259,0.0362681935526887,0.465567046727716,0.000113988950767436,0.0145971513831915,0.0140017264558481
"mix_0034_depth100",7.97922662804964e-05,7.97922628689838e-05,0.410357494626883,7.97922662934466e-05,7.97922664977864e-05,0.0339382394933086,0.335112104673109,7.97922641339743e-05,0.00469902612579785,0.0225666813162796
"mix_0034_depth25",7.97922662976119e-05,7.97922663587094e-05,0.394725496751596,7.97922662976122e-05,0.00105472820157747,0.0464072135355933,0.35366688614643,7.97922657166075e-05,7.97922662976119e-05,0.0158311323637177
"mix_0035_depth100",0.00518971704474192,7.97922669009416e-05,0.404543652206205,7.97922662935494e-05,7.97922662056345e-05,0.0136479385813235,0.348538793736813,7.97922612137295e-05,0.0141716417602797,0.0499899625539254
"mix_0035_depth25",0.0143389941301128,0.000113988955968469,0.400984911635101,0.000113988951853732,0.00404765889852989,0.0129417544222307,0.356570068956024,0.000113988955009222,0.0157933557255164,0.0402630342728004
"mix_0036_depth100",7.97922663500083e-05,7.97922662809502e-05,0.41324001021592,7.97922663242527e-05,7.97922661757875e-05,0.00892837099580079,0.375652632457742,7.97922662639735e-05,0.0133128709247428,0.0328674767296391
"mix_0036_depth25",0.000113988951856508,0.000113988951706092,0.419801779489129,0.000113988951853731,0.00197252751346772,0.00433183223123551,0.406527370760082,0.000154128933950439,0.0241420630864911,0.0413095813039841
"mix_0037_depth100",7.97922662785363e-05,7.9792266196878e-05,0.465824694306774,7.97922662955179e-05,7.97922663016586e-05,0.024483618721046,0.222732337298129,7.97922663479191e-05,0.0100853628617293,0.0483406658236793
"mix_0037_depth25",0.000113988952431206,0.000113988951838921,0.480719652329653,0.000113988951853733,0.000786072017817696,0.0193448814563634,0.227389931977409,0.00011398895196155,0.00582308569980964,0.0508333592586526
"mix_0038_depth100",0.000875317189278905,0.00224414256341695,0.488310918918802,0.018750922267986,0.000113988951796998,0.0375600665979226,0.304277688695364,0.000113988951854188,0.0158751523619317,0.0501909006042631
"mix_0038_depth25",0.000278306910611815,0.00264221112828547,0.427919720448075,0.0199103431897231,0.00154290708174279,0.0368340359581569,0.358916887475573,0.000759465031119172,0.0129039179001827,0.0611010444443307
"mix_0039_depth100",0.000113988951853731,0.00011398895190976,0.264697290311684,0.000113988951853732,0.0052012995197915,0.0264613302988037,0.398751681020895,0.000113988951763456,0.0462480804195567,0.11805468981614
"mix_0039_depth25",0.000113988951853731,0.000113988951906171,0.249525024320282,0.000113988951853732,0.0119683167188126,0.00146759114414438,0.363505922799143,0.000113988950027416,0.0640398999750659,0.14717967405193
"mix_0040_depth100",0.00281515738420437,7.97922699744628e-05,0.385132769298996,7.97922663079367e-05,7.97922662775912e-05,7.97922663081166e-05,0.403717944985533,7.97922722954457e-05,0.0237362981163339,0.087359743012129
"mix_0040_depth25",0.0170014134567322,7.97922669285087e-05,0.375225425917264,7.9792266297612e-05,0.000109871888056243,7.97922662975186e-05,0.423137189374821,7.979226652166e-05,0.0348420354738447,0.0700983295395353
"mix_0041_depth100",7.97922662986384e-05,7.97922667497961e-05,0.294885117672306,7.97922662753571e-05,0.000664303308176938,0.0153240134398462,0.385496855894015,0.000128836122360161,0.0267749724020311,0.0800474142438957
"mix_0041_depth25",0.000162841359791045,0.000162841361889172,0.290303162692596,0.000162841359791045,0.00536189778996591,0.0244272064008642,0.452020876485772,0.00186539905064283,0.0241602713100064,0.0519187666667008
"mix_0042_depth100",7.97922663342012e-05,7.97922707393619e-05,0.46890865901202,7.97922662870521e-05,8.25122384837241e-05,7.97922663091685e-05,0.285256382955292,7.97922678460187e-05,0.00917586546981057,0.0885872623645995
"mix_0042_depth25",0.000113988951853731,0.000113988951931953,0.435515385027196,0.000113988951853732,0.00420475500287884,0.000173148399765452,0.311858857073427,0.000113988951047876,0.0193935161694092,0.0998525086556869
"mix_0043_depth100",0.000113988951853732,0.000113988951972461,0.239110402857788,0.00011398895185373,0.00614449100936096,0.000113988951853732,0.307885040077743,0.000113988950574504,0.121816989385582,0.181159339713016
"mix_0043_depth25",0.000162841359791045,0.000162841359755595,0.288539078754913,0.000162841359791046,0.00943173282845621,0.00228164847240366,0.288191212804069,0.000162841358647196,0.135627509957267,0.166760120131409
"mix_0044_depth100",0.00356309135118053,0.000113988950956476,0.225803178928749,0.000113988951853731,0.00426534235327046,0.0297986247437584,0.412810735909757,0.000113988951811909,0.0307296920640706,0.152553362031065
"mix_0044_depth25",0.0095118008611568,0.000113988951978425,0.25786775703094,0.000113988951853731,0.00708812379857423,0.0167986981754343,0.378415653171081,0.000113988951857965,0.0489179701807903,0.16416692346601
"mix_0045_depth100",0.000113988951853732,0.00354817794101827,0.370369304487975,0.000113988951853732,0.0564303321738994,0.000254596308263605,0.294767644282974,0.000113988952300571,0.0014120614339964,0.189595138807945
"mix_0045_depth25",0.000113988951853732,0.00238462440617238,0.370594779427701,0.000113988951853733,0.0544451857743485,0.0188072892559,0.328877824411086,0.000113988953806656,0.00326047196359869,0.180112725815204
"mix_0046_depth100",0.000113988951853732,0.000113988951975386,0.274073087347357,0.00011398895185373,0.0274621753059217,0.00691103828076298,0.393236003267998,0.00011518729851447,0.0213372421547977,0.116830115617279
"mix_0046_depth25",0.000113988951853732,0.000113988958047773,0.213877055371279,0.000113988951853731,0.0205245489422202,0.000113988951853731,0.465329473913645,0.000113988953595864,0.0306403449972217,0.129719991162343
"mix_0047_depth100",7.97922662976164e-05,7.97922656543746e-05,0.318255733394117,7.97922662976121e-05,0.170032806288617,7.9792266297612e-05,0.270826253660533,7.97922664392071e-05,7.97922663021904e-05,0.132568052308473
"mix_0047_depth25",0.000113988951853728,0.000113988951765509,0.314735542730989,0.000113988951853733,0.169852075798526,0.000113988951853723,0.287546600291761,0.000329225291428613,0.00011398895185373,0.133349609592262
"mix_0048_depth100",0.000113988951835708,0.000113988951838623,0.404952145638922,0.0654371809601975,0.000496686145014653,0.00846596944390314,0.326788684373491,0.000646556609846254,0.0376998490272341,0.0809511544631798
"mix_0048_depth25",0.000113988951853731,0.000858142736742966,0.391490284054356,0.085709367505453,0.0067876439965008,0.00994773178377704,0.356016061613243,0.00011398895329108,0.026121805107103,0.0809612972838464
"mix_0049_depth100",0.000162841359747986,0.000162841359959633,0.328543921996786,0.0113556343478634,0.00337254347843031,0.00779022875765074,0.352477161168381,0.000162841359961213,0.0227925918144704,0.115349798731937
"mix_0049_depth25",0.000113988951853729,0.000113988951781819,0.346290559938253,0.000341537515197721,0.00357200893375135,0.0231963046517769,0.356516856831213,0.000113988953898585,0.0279689408206769,0.116122273958907
"mix_0050_depth100",0.00228034038745678,0.000113988952154746,0.396530356114468,0.0258971610154707,0.000113988951823075,0.0267778860913368,0.341357069898786,0.000113988952308159,0.0235703653451482,0.0774065610174314
"mix_0050_depth25",0.0150077620946209,0.000113988952119859,0.361929842115351,0.0147102233352816,0.000113988951843827,0.0273273925978867,0.389121596165017,0.000113988950735478,0.0210082345072942,0.0763932578915408
"mix_0051_depth100",0.0310567211094904,0.00570492255812603,0.4652992260568,7.97922662992687e-05,8.08321959629135e-05,7.97922663057645e-05,0.348168052308767,7.97922662630283e-05,0.0277627501116446,0.0589453349340847
"mix_0051_depth25",0.0241217720098603,0.00963657505158973,0.459233640087356,0.000113988951853733,0.00774320915059062,0.000113988951855372,0.341310981675039,0.000151472753418827,0.0308731630013172,0.0735267457052363
"mix_0052_depth100",0.0021645930681289,0.000162841359737576,0.317323797848276,0.000162841359791045,0.00256663172573684,0.0152706618919814,0.358540878975261,0.000349672086244165,0.0352815428882418,0.112332344533595
"mix_0052_depth25",0.000113988951853733,0.000113988951889543,0.329628652402552,0.000113988951853731,0.00672475360052277,0.0268365225788731,0.377595293937574,0.000113988952199765,0.0483465562445927,0.0644775642490003
"mix_0053_depth100",0.0260496337481045,0.000113988951632417,0.379613555395945,0.000113988951849496,0.000432753824954913,0.016308823274184,0.278487430468306,0.000963052567324453,0.0021288641451221,0.129090866625723
"mix_0053_depth25",0.0257040204528027,0.0001139889518354,0.378869184954167,0.000113988951853732,0.00034792399654433,0.0124822788625305,0.29704907425013,0.00113219208051239,0.000113988951853732,0.123152283306418
"mix_0054_depth100",0.000113988951858434,0.00489769234364499,0.370696034186421,0.000113988951853731,0.0240994618976533,0.0493804652569844,0.409805088350402,0.000113988951919242,0.000360845223093461,0.0554995187166762
"mix_0054_depth25",0.000113988951853731,0.0057991072196071,0.38777042117332,0.000113988951853732,0.0230435151011551,0.0747464452502832,0.404509242994012,0.000113988951820145,0.000113988951853731,0.042902023422641
"mix_0055_depth100",0.000113988951870822,0.000113988952053006,0.260515478787471,0.000113988951853731,0.000113988951910228,0.0192762184712054,0.377865093377201,0.000113988951914268,0.0251889109935684,0.170816970058516
"mix_0055_depth25",0.000113988951853732,0.000113988951865862,0.262150160383612,0.000113988951853731,0.0126613988185764,0.0190096200163105,0.391038514559586,0.00011398895542275,0.0372772916408112,0.142362390612828
"mix_0056_depth100",7.97922662957622e-05,7.97922665060135e-05,0.457753047308959,7.97922663057896e-05,0.00474672668809171,0.00993283746888623,0.334787047073923,0.000128579875648561,0.00677000491373317,0.071788783950065
"mix_0056_depth25",0.000113988951848242,0.000113988951950867,0.420972118868956,0.000438388931294107,0.00550394430317812,0.00171373693086159,0.406452237969501,0.000898740321373482,0.0066168229252345,0.0729828891722077
"mix_0057_depth100",0.000113988951859488,0.000113988951709874,0.324794991020943,0.000113988951853732,0.00145331693464477,0.0178946618255005,0.361554740209089,0.000113988949012164,0.0605733573552463,0.182503680085837
"mix_0057_depth25",0.000113988951853735,0.000113988960462517,0.358915723785343,0.000113988951853732,0.00437049712683317,0.000113988951853731,0.348209261180274,0.00011398895316859,0.0566570082074055,0.213164547217435
"mix_0058_depth100",0.00930356172634879,7.97922661209252e-05,0.471180024662142,7.97922662893633e-05,0.00239377316823182,0.0155357985392186,0.280617708827211,7.9792267101844e-05,0.00516857657779153,0.0927192535674777
"mix_0058_depth25",0.0113808453384377,0.000113988951980535,0.446569093691425,0.000113988951853732,0.00371353998933781,0.0264324721631855,0.330618393390687,0.000113988957869907,0.00836339367062197,0.0773485057412792
"mix_0059_depth100",7.97922662976129e-05,7.97922663266181e-05,0.32747697620635,7.97922662976169e-05,7.97922662530536e-05,0.0489968227002105,0.428691575947565,7.97922682118946e-05,0.0192501005622009,0.128290709041888
"mix_0059_depth25",0.000113988951850818,0.0019510122937864,0.275138826312378,0.000113988951853729,0.000113988951867752,0.0420821129086173,0.417139870150865,0.000113988952273352,0.00722048599034199,0.160849954276289
"mix_0060_depth100",7.97922662976121e-05,7.9792266081363e-05,0.41912767892338,7.97922662976134e-05,0.00253691124654824,0.0387380897917168,0.295161851082133,7.97922672692721e-05,0.00237997053139872,0.12754728380345
"mix_0060_depth25",0.000113988951853732,0.000113988951962053,0.41491654964056,0.000113988951853732,0.0031115885042025,0.0492808137647808,0.350464507166416,0.000113988951131242,0.00438817860316202,0.0889470901845064
"mix_0061_depth100",0.0139573218251791,7.97922637521072e-05,0.289782803491173,0.0151547888092259,0.000129869802174987,0.00084506296088575,0.366979252207377,7.97922656009508e-05,0.0672514162826779,0.199744611188733
"mix_0061_depth25",0.0174099457446624,0.000113988952294361,0.282191257239213,0.0212852924835785,0.00506001433274672,0.000113988951853732,0.36242336855318,0.00011398895678782,0.0587187144278559,0.171418618990947
"mix_0062_depth100",0.00011398895185373,0.000113988951967872,0.299980223731491,0.000113988951848734,0.000307106668307866,0.0626933696493008,0.252601419953275,0.000113988952511154,0.00883269144893825,0.150174817716658
"mix_0062_depth25",0.000113988951853734,0.000113988951865485,0.342035060332294,0.000113988951853736,0.000113988951856852,0.082520764046905,0.212704357305868,0.000113988954278623,0.00962649956398306,0.117232506050203
"mix_0063_depth100",7.97922662994902e-05,0.0954554211582553,0.464325143445533,7.97922662976112e-05,7.97922663532287e-05,7.9792266372201e-05,0.275180746918139,7.97922665485488e-05,0.00166854980745264,0.0235358771046093
"mix_0063_depth25",0.000113988951853574,0.101779190077217,0.445877757652721,0.000113988951853731,0.000113988951022734,0.000113988951844978,0.281815876898783,0.00011398894667867,0.000113988951853732,0.0184216490678473
"mix_0064_depth100",0.00198594435212926,0.045302937384289,0.417840259339301,0.0001139889518548,0.000113988951788699,0.00011398895154686,0.330421643526853,0.000383740033606629,0.0230620695174565,0.0375773949581489
"mix_0064_depth25",0.000113988951853733,0.0489825147027941,0.422878965518016,0.000113988951853732,0.00011398895189316,0.000113988951857993,0.324141276383288,0.000113988951833876,0.0249304003463199,0.0412030310771445
"mix_0065_depth100",7.97922663466386e-05,0.0471549539048866,0.427242605783561,7.97922662734475e-05,7.97922663426043e-05,7.97922662356687e-05,0.404766885824148,7.97922662190733e-05,0.0179454461273483,0.0110088925715473
"mix_0065_depth25",7.97922663022419e-05,0.0542740576260168,0.404797587141405,7.97922662976109e-05,0.00139511196003649,7.97922662902158e-05,0.438339538071365,0.00121506882710443,0.0024732818755147,0.0129769098751187
"mix_0066_depth100",7.97922662942573e-05,0.0889943059527507,0.408101567949274,7.97922662976122e-05,0.105894756653372,7.97922665370283e-05,0.294532211750782,7.97922656017371e-05,0.00522602274362322,7.97922662976126e-05
"mix_0066_depth25",0.000113988951853729,0.0832776810772006,0.414450737838027,0.000113988951853731,0.0950481493790686,0.000113988951859201,0.315757132085608,0.000113988957962073,0.000113988951853731,0.00919152501864298
"mix_0067_depth100",0.000113988951798283,0.141941792126669,0.368109503045768,0.000113988951853736,0.0624238115143187,0.000113988951786735,0.265937997977061,0.000113988951754669,0.0111229415168812,0.000113988951851234
"mix_0067_depth25",0.000113988951985053,0.145582346293083,0.326188970017196,0.000113988951853725,0.0624820337126135,0.000113988951962123,0.312660444253547,0.000113988948242062,0.00450375004830837,0.000113988951853733
"mix_0068_depth100",0.000113988951853732,0.0720386323178314,0.378107179681374,0.000113988951849483,0.134789480358703,0.000477399216917429,0.274715725932175,0.000113988952544336,0.000113988951853734,0.000113988951834065
"mix_0068_depth25",0.000113988951853733,0.0726949642662583,0.381940519885766,0.000113988951853731,0.141383764452177,0.000113988951856133,0.291302511748501,0.000173117753367973,0.000113988951853731,0.000113988951853734
"mix_0069_depth100",5.58545864073364e-05,0.0403464818477055,0.454913860543785,0.0489384375391006,5.58545862759988e-05,5.58545863602727e-05,0.357039295868171,5.5854585179811e-05,0.00639402387841441,5.58545864053177e-05
"mix_0069_depth25",7.9792266292961e-05,0.034320446737195,0.427666698171001,0.0560680166126705,7.97922681999133e-05,7.97922684637604e-05,0.391426804763374,7.97922631191818e-05,7.97922662976121e-05,7.97922666170159e-05
"mix_0070_depth100",7.97922662990213e-05,0.0872472506385015,0.440657545998766,0.0554565553091973,7.97922663535853e-05,7.97922661076238e-05,0.271364839066096,7.97922692288034e-05,7.97922662976121e-05,7.97922681502897e-05
"mix_0070_depth25",7.97922663832028e-05,0.0909063404432266,0.436380225209645,0.0286039746527996,7.97922663166295e-05,7.97922663080813e-05,0.30084800293239,7.97922656007441e-05,0.000248483949529219,7.97922663002544e-05
"mix_0071_depth100",5.58545864100778e-05,8.95690107177274e-05,0.458567955965473,0.062155151734509,5.58545863319994e-05,5.58545883810026e-05,0.375734374951619,5.58545865482467e-05,0.0046741663805043,5.58545860584443e-05
"mix_0071_depth25",5.58545864082872e-05,0.000949377542201967,0.438573043822782,0.056494872942236,0.000150154465050143,5.58545861824867e-05,0.398528223465568,9.64978894720092e-05,0.0117053474876032,5.58545863988864e-05
"mix_0072_depth100",0.0079790421471845,0.0629845596756637,0.45262116430162,5.5854586408328e-05,5.58545863362816e-05,5.58545869071684e-05,0.348058600514423,0.00108919825269977,5.58545864086065e-05,5.58545863575101e-05
"mix_0072_depth25",0.00408411129668493,0.0694490187475019,0.422598656736127,0.00248606078209228,0.000739987413832497,0.000113988952042244,0.389507342560159,0.000932423838018039,0.000113988951853732,0.000113988951833165
"mix_0073_depth100",0.0155730206637712,7.97922662549867e-05,0.440374372817227,7.97922662902588e-05,7.97922663230122e-05,7.9792266436862e-05,0.388880444422968,7.97922662165131e-05,0.0182330280985681,7.97922663404028e-05
"mix_0073_depth25",0.00789557489678166,0.00026091976581448,0.424006864974625,7.9792266297612e-05,0.00446271545601665,7.97922662655113e-05,0.463489291823462,7.97922655496514e-05,0.00521933686859816,7.97922663003287e-05
"mix_0074_depth100",0.0227058998605552,0.0668683470040809,0.423171788656762,7.97922662976128e-05,7.97922663373474e-05,7.97922663443868e-05,0.405729948894402,0.00127003917794244,7.97922662976133e-05,7.97922662917756e-05
"mix_0074_depth25",0.00960299145585125,0.0630145391874583,0.430301194277742,0.000113988951853732,0.00487773137878741,0.000113988951829048,0.412631288283244,0.000983296345980204,0.000113988951853731,0.000113988951853731
"mix_0075_depth100",0.000113988951789692,0.128750134080534,0.367908107460668,0.000113988951853738,0.000113988951981206,0.01536434280296,0.305584934780569,0.00118751931332371,0.0397715259656388,0.000113988951852675
"mix_0075_depth25",0.000113988951852091,0.13567788906849,0.368461202687095,0.000113988951853731,0.00112763665014282,0.0183987204166801,0.350758425975754,0.000113988951879128,0.025114954559994,0.000113988951853733
"mix_0076_depth100",0.00637191508023088,0.076641424956034,0.456057486710742,7.97922662973209e-05,7.97922661582773e-05,0.0148294535977997,0.363116751534749,7.9792266193892e-05,7.9792266297612e-05,0.00382186506757863
"mix_0076_depth25",0.00706299893313915,0.0771848907613811,0.417226923174027,0.000113988951853732,0.000113988951699203,0.013181886816092,0.410278559907228,0.00133523428565201,0.00834855859305417,0.00507933194075416
"mix_0077_depth100",7.97922663161755e-05,0.0342903196729476,0.492556628069574,7.9792266314506e-05,7.97922663486639e-05,0.00387456959386219,0.381032639450926,7.9792266392825e-05,0.00184050406999343,0.0154106918988286
"mix_0077_depth25",0.00338173093861807,0.0354998557655468,0.46534715684388,0.000113988951853731,0.00068424134816472,0.00809829099360383,0.351099694755307,0.000113988950900026,0.00425818665886186,0.0201428408428381
"mix_0078_depth100",7.97922662517222e-05,0.0778274172302873,0.459638363916483,7.97922662976117e-05,7.97922662181973e-05,0.021319779342365,0.389819226648783,7.97922662456987e-05,0.00125575396370824,0.00112602544496006
"mix_0078_depth25",0.000113988951850307,0.0697263351179636,0.440450560385289,0.000113988951853732,0.000113988951953992,0.0234763609091445,0.381424139075882,0.00118019260369898,0.00094786701199434,0.00665903423518072
"mix_0079_depth100",9.11085515485621e-05,0.0347511443515302,0.5208509310478,7.9792266289283e-05,7.9792266377304e-05,0.0370698369642501,0.316022860068511,7.97922662554102e-05,8.66426266613064e-05,7.97922662942143e-05
"mix_0079_depth25",0.000113988951957199,0.0425965823837127,0.506462715373633,0.000113988951853733,0.00385157507886238,0.0394676299288941,0.327084938578759,0.000401820823212643,0.00221413806533278,0.000113988951853731
"mix_0080_depth100",7.97922662938719e-05,0.0355667839412943,0.476045730267311,7.97922663002854e-05,7.97922661520844e-05,0.0324164104615621,0.32017626578166,7.97922661616704e-05,0.0202435664892418,0.0309195843832404
"mix_0080_depth25",7.97922662952739e-05,0.0363513346332347,0.462449974622588,7.979226629761e-05,7.97922663450714e-05,0.0210803647814735,0.341231634082449,7.9792268738199e-05,0.0144842598656233,0.0420843197026327
"mix_0081_depth100",0.0100562923882403,0.144895009190778,0.358682849323668,0.00548587456229641,0.000113988951674213,0.000113988951867724,0.402884639485343,0.000113988951371478,0.000113988951853732,0.0683779823687159
"mix_0081_depth25",0.0193597540112491,0.150372728698069,0.327470977281941,0.00768937504799535,0.000113988951854546,0.000113988951854507,0.402470656168295,0.000113988953851851,0.000113988951853732,0.0584613055954234
"mix_0082_depth100",0.00339161873469881,0.0480836348086704,0.308544292994986,0.000162841359791044,0.00276433790157354,0.0181073644320479,0.346780296567261,0.000162841359396237,0.0689423111471712,0.0503053983983074
"mix_0082_depth25",0.00808779191844066,0.0599652078692193,0.292835129169778,0.000162841359791044,0.00186332242574752,0.0274589803232505,0.340044468031823,0.000668521743240579,0.0548003910239744,0.016187500259577
"mix_0083_depth100",7.9792266303257e-05,0.106028587443017,0.425602374603088,7.97922662947071e-05,7.97922662835437e-05,7.97922663245704e-05,0.357430459896366,7.97922660191123e-05,7.979226629761e-05,0.0139548450102089
"mix_0083_depth25",0.000113988951847636,0.095928173590437,0.393027311232508,0.000113988951853735,0.0035156290282699,0.000113988951860933,0.39575937072513,0.000517625201091377,0.000113988951853732,0.0103038616374224
"mix_0084_depth100",0.000113988951899218,0.191833990925175,0.369657323072166,0.000113988951853732,0.00011398895198525,0.00695101713735898,0.312634528657677,0.000113988956206759,0.000113988951853732,0.0457700073364653
"mix_0084_depth25",0.000113988951843319,0.20876770890048,0.366767058529233,0.000113988951853731,0.000506556753814445,0.0138760784787192,0.304290079866368,0.000571699115065416,0.000113988951853732,0.0386820236463792
"mix_0085_depth100",0.000113988951844182,0.0264238564446287,0.4046927504314,0.000113988951853732,0.000113988951881564,0.000113988951850541,0.331943052045364,0.0001139889518366,0.0258977474366987,0.0759046961546616
"mix_0085_depth25",0.000113988951853731,0.0299963204519931,0.403439386005265,0.000113988951853732,0.00475881832644469,0.0225602279024175,0.35160742888347,0.000750363317901228,0.0144618817269368,0.0558377650051026
"mix_0086_depth100",7.97922662856491e-05,0.00745647714549652,0.409500507656991,7.97922662950458e-05,7.97922662286571e-05,7.97922663085509e-05,0.40224682765356,7.97922662449224e-05,0.0470032610098705,0.039912370057047
"mix_0086_depth25",7.97922662977242e-05,0.00326028578905514,0.430116421902974,7.97922662976141e-05,7.97922663055596e-05,7.97922662963802e-05,0.41596029983938,0.00166485841344162,0.048537155615918,0.0415805251080392
"mix_0087_depth100",0.000113988951854521,0.240834952570371,0.295059638987897,0.000113988951853731,0.0330847153963925,0.00011398895183938,0.320423335505531,0.000113988952041759,0.0248277854553266,0.0338365652060701
"mix_0087_depth25",0.000113988951853731,0.233550699348288,0.2859623225314,0.000113988951853731,0.0338781886242483,0.000113988951859731,0.322049629526284,0.000113988948753729,0.0199674355326274,0.0468295713976709
"mix_0088_depth100",0.000113988951851515,0.0721231345631224,0.338300208396106,0.000113988951853256,0.0559825441563402,0.000113988951861513,0.356447637384794,0.000113988951147637,0.0229341080453798,0.0223612035039399
"mix_0088_depth25",0.000113988951853728,0.078346291418685,0.360337978691337,0.000113988951853732,0.0590353252915048,0.000113988951839223,0.36915837981612,0.000113988953735666,0.0213932955444547,0.0148881195125982
"mix_0089_depth100",0.000113988951856662,0.0728697272763219,0.37529805324614,0.00011398895185373,0.0891306276840992,0.00740800348223742,0.325946349682484,0.000113988951871505,0.0272030459096931,0.015518202468586
"mix_0089_depth25",0.000113988951853732,0.0744328777672492,0.342811163618913,0.000113988951853732,0.0870474354625965,0.00780265850148351,0.368632845528656,0.000113988952899788,0.0365608690545488,0.000113988951853731
"mix_0090_depth100",0.00237820472026484,0.103187153155829,0.316719674402141,7.97922662976123e-05,7.97922661356653e-05,7.97922663123945e-05,0.490304207501389,7.97922658639874e-05,0.0731911510564716,0.0360655891428658
"mix_0090_depth25",0.000948368755717625,0.110937457876769,0.275418769636395,7.97922662976126e-05,7.97922663078807e-05,7.97922662924025e-05,0.463128685187585,7.97922697431238e-05,0.0906771003153458,0.0398194242795337
"mix_0091_depth100",0.000113988951849905,0.183767120775878,0.321784287173391,0.0674106013246564,0.000113988951682867,0.00560966256699114,0.269188631348164,0.000113988951762488,0.0198741758409686,0.0383390164804127
"mix_0091_depth25",0.000162841359789979,0.172592652039732,0.308502351434409,0.0862556823879491,0.00129171932771731,0.000162841359788195,0.240342268618916,0.000162841359371479,0.0226248322825597,0.0504095628990637
"mix_0092_depth100",7.97922663137151e-05,0.0669674994157209,0.405313238598667,0.00976392907551101,7.97922663716592e-05,0.00543862884378052,0.391016651017689,7.97922673637941e-05,7.97922662976121e-05,0.029557846979626
"mix_0092_depth25",0.000113988951864209,0.0662952899195583,0.383973337842447,0.000113988951853731,0.00558924173019469,0.0221048302175062,0.435471272690381,0.000113988951821691,0.00011398895185373,0.000113988951853777
"mix_0093_depth100",0.056588953408136,0.0648278702161893,0.447168795070426,0.000113988951844243,0.00248288344991768,0.000113988951857529,0.285979642543259,0.000113988953720101,0.0270265931273462,0.0140423193050919
"mix_0093_depth25",0.0459760714613655,0.061636203716164,0.421082736453699,0.000162841359791045,0.00331269768535216,0.00283514644263792,0.30524568888699,0.00113709253360535,0.0349412255638577,0.000162841359791045
"mix_0094_depth100",0.0115609839428005,0.051286580039122,0.325188252709802,0.000113988951853731,0.000113988951936073,0.000113988951889983,0.46062220682654,0.000113988952197788,0.00495777326095271,0.0375243753008218
"mix_0094_depth25",0.0273905339966652,0.0417146764769578,0.340177515505679,0.00011398895185373,0.000113988951860458,0.000113988951854368,0.484641055208736,0.000316870903871574,0.0133707179180146,0.0398340665816033
"mix_0095_depth100",0.0146235176247829,0.143707358948098,0.347265959698309,0.000113988951853732,0.000113988951966854,0.000113988951957348,0.393854162397489,0.000113988951996427,0.0202323016593972,0.0114072947746535
"mix_0095_depth25",0.0254860618669723,0.15210628372277,0.296057562691365,7.97922662976119e-05,7.97922662959705e-05,7.97922662838741e-05,0.453589574392079,7.97922634554566e-05,0.0119325056589936,7.97922662970317e-05
"mix_0096_depth100",7.97922662954227e-05,0.0249351377217566,0.443711791260002,7.97922662975437e-05,7.97922664201459e-05,0.0254321962681403,0.343410590892585,7.9792266047258e-05,7.97922662959249e-05,0.0197599550623088
"mix_0096_depth25",0.00659422905568462,0.0214904162898684,0.437486817919457,0.000113988951853732,0.000113988951957428,0.0070503375370154,0.360669306939895,0.000113988951790035,0.000113988951853731,0.0415781493078433
"mix_0097_depth100",0.000113988951856221,0.0384823318023057,0.371886407015038,0.000113988951853731,0.000113988951793969,0.0228400279817978,0.385761604046743,0.000169954981112594,0.0212719284867118,0.0636789832236377
"mix_0097_depth25",0.000113988951854559,0.0389130107477302,0.335720894206693,0.000113988951853732,0.000238593085294304,0.0223554412312578,0.382968370692908,0.0017267375808969,0.0458748173904711,0.0579999057036913
"mix_0098_depth100",0.000113988951784399,0.194478398833912,0.386974700621939,0.000113988951853731,0.000604785395430951,0.0333585442717044,0.336451133628176,0.000113988951698619,0.00011398895185373,0.00550521363185558
"mix_0098_depth25",0.000113988951853498,0.221493548255198,0.404683460208667,0.000113988951853732,0.00491931327411071,0.0321062846144734,0.312848166616812,0.000113988952517802,0.000113988951853731,0.000113988951853732
"mix_0099_depth100",0.000162841359854339,0.115705365533319,0.384440667692404,0.000162841359787038,0.010832493873965,0.0345709652551999,0.291201698966813,0.000733254042951672,0.0050433978989212,0.031602341684952
"mix_0099_depth25",0.000162841359781748,0.128349001161188,0.373774452355788,0.000162841359791045,0.00864191521663795,0.0434451034273159,0.290860088243165,0.000953014678806437,0.0104430037451861,0.0194068877776984
"mix_0100_depth100",7.97922662680183e-05,0.0802631101664398,0.410237666267435,7.97922662972362e-05,7.9792266288791e-05,0.0186692928903655,0.408964886092588,7.97922732850446e-05,0.0118617758752948,0.0262418656592448
"mix_0100_depth25",0.000113988951848223,0.0916724123540482,0.374941385082549,0.000113988951853735,0.000113988951853731,0.0264659515779259,0.441917333859581,0.000113988951160334,0.00248217085171395,0.0196360813684013
"mix_0101_depth100",7.97922662857115e-05,0.0208515966996745,0.57432515399846,7.97922662894409e-05,0.000980711265151591,0.00982189439850121,0.256463405842234,7.97922665112672e-05,0.0195017272452832,0.0382764640442386
"mix_0101_depth25",0.000113988951852503,0.0228966740877584,0.516714594839076,0.000113988951853732,0.00399153654425082,0.00806804645556901,0.25919587945129,0.000113988953466267,0.0223577105769939,0.0317655179944462
"mix_0102_depth100",7.97922662952485e-05,0.0887891292799988,0.306166416721963,7.97922662976137e-05,7.97922663644113e-05,0.0089661921730035,0.490300102762849,7.97922660024473e-05,0.0104965931091021,0.0641892371163348
"mix_0102_depth25",0.000113988951853624,0.0880908336469898,0.292747048846165,0.000113988951853732,0.0107976608310901,0.000113988951853764,0.460021095654135,0.00109840277859971,0.0088787209540863,0.0751255906721713
"mix_0103_depth100",7.97922662897646e-05,0.0546156213464693,0.398988701212319,7.97922662978015e-05,7.97922662962219e-05,7.97922663188256e-05,0.433940137906453,0.000343303238569342,0.00174967728594947,0.046551488445955
"mix_0103_depth25",7.97922662970397e-05,0.0415579836142263,0.397481689263124,7.97922662976119e-05,0.00369978428530096,7.97922662977851e-05,0.4702264728671,7.97922663433736e-05,7.97922662976126e-05,0.0455200949197288
"mix_0104_depth100",0.00011398895185232,0.101614063104742,0.385137359712461,0.000113988951853732,0.000113988952127471,0.000113988951852167,0.335588769227708,0.000261620307411447,0.00011398895185373,0.0835886560852447
"mix_0104_depth25",0.00011398895185373,0.0942953492868517,0.405029397451405,0.000113988951853731,0.000122188083721948,0.00011398895185179,0.309649070933374,0.00106550488719463,0.00963257641075536,0.0940109660337336
"mix_0105_depth100",0.00016284135978701,0.111518771016387,0.253489780789279,0.000162841359791045,0.000725460969667983,0.000162841359791046,0.23010190396878,0.000258728107106388,0.080975790751409,0.232853721092515
"mix_0105_depth25",0.000162841359786382,0.121251539313936,0.289089450094764,0.000493845899182365,0.00417357938079351,0.000162841359791043,0.205692908177463,0.000162841359751756,0.0690023869757912,0.203250739301965
"mix_0106_depth100",7.97922662941573e-05,0.0255510528707804,0.356711316763939,7.97922663011902e-05,7.97922662788262e-05,0.00276290430267098,0.356034568972275,7.97922674318946e-05,0.00214106413399192,0.139946614517153
"mix_0106_depth25",0.000113988953484524,0.0268553758482211,0.34870977501495,0.000113988951853728,0.000113988951768355,0.0161196453797624,0.351309797415166,0.000113988953277843,0.00117510021623438,0.136609192082103
"mix_0107_depth100",0.000113988951830244,0.145501369048044,0.282866470574674,0.000113988951853728,0.000113988951962938,0.00241013183527563,0.296554946577461,0.000264689883228664,0.0101999409482933,0.175611328453923
"mix_0107_depth25",0.000113988951853731,0.154732131407612,0.29832430866675,0.000113988951853734,0.00252824942789013,0.0223548027910364,0.325503483418232,0.000113988953077181,0.000113988951853731,0.143263363221684
"mix_0108_depth100",0.0217777783917784,0.0368502995863407,0.291087473435359,0.000232630513987209,0.0460149556015738,0.00522218563438313,0.269505467644988,0.000550277369561403,0.134166562826869,0.126397738677603
"mix_0108_depth25",0.0357578754619416,0.0355943541967923,0.296590325365978,0.000162841359791043,0.0428525575148244,0.000162841359791045,0.254067113012603,0.0022086101691336,0.147875130852428,0.137371186787242
"mix_0109_depth100",0.000162841359791041,0.0551689182135187,0.247355309434953,0.000162841359791044,0.147735219849725,0.0235050709657127,0.303841136312789,0.000162841346670651,0.00430768869589154,0.113109432006816
"mix_0109_depth25",0.00112877902400532,0.0588760386435479,0.237459884881534,0.000162841359791045,0.157764650107421,0.0380993469599362,0.277567068513144,0.00016284136944976,0.0132417491937416,0.110884894814895
"mix_0110_depth100",0.000936138138586902,0.124894406196311,0.264785043604241,0.000162841359791045,0.14074842494986,0.0181534046968825,0.3311601186132,0.000162841349005456,0.0202061734589426,0.11350256383514
"mix_0110_depth25",0.0078220177192992,0.10171271670923,0.31447485067566,0.00760995898640021,0.155809653803027,0.000162841359791045,0.336929924602291,0.000162841354799491,0.00557991954397929,0.123730922502111
"mix_0111_depth100",0.000113988951848077,0.0596935846829271,0.277226567114493,0.124181505875638,0.000113988951912348,0.0113599319773271,0.442728157280121,0.000659849039438429,0.0093711291511988,0.0288957754579321
"mix_0111_depth25",0.000113988951853168,0.0645048170853125,0.270590396255923,0.128569863117923,0.00614989491387258,0.0350824885915384,0.466150805086759,0.000486056481979454,0.00253214468695972,0.000113988951853731
"mix_0112_depth100",0.000162841359793243,0.108893282629654,0.274499204135106,0.0417164243917605,0.000162841359999727,0.0103700940957256,0.307172983550023,0.000771037612979565,0.000162841359791046,0.17006048942811
"mix_0112_depth25",0.000162841359791048,0.10531195863401,0.278504370646834,0.0368937698261802,0.000162841359778139,0.0117229169597907,0.350625485611644,0.000165667373819489,0.0134156185645971,0.169134955435354
"mix_0113_depth100",7.97922662976124e-05,0.0700393935554791,0.455764785814372,7.9792266297612e-05,0.000111946530118687,7.97922662975639e-05,0.254327625755235,0.000323618521009276,7.9792266297612e-05,0.143126559443705
"mix_0113_depth25",0.000113988951853732,0.049993661842932,0.409845519155318,0.000113988951853732,0.000113988951850121,0.00733214018987416,0.27754301240572,0.00194398757985613,0.0249400484100226,0.137700105708373
"mix_0114_depth100",0.000113988951844934,0.0812431014825685,0.3776416813265,0.000113988951853732,0.000113988951898072,0.00535284646227661,0.302483779445062,0.000434504306879766,0.011804571163625,0.142894502852156
"mix_0114_depth25",0.000162841359791047,0.0829203639414795,0.403870219596828,0.000162841359791046,0.00662150051426937,0.0219936932434615,0.296643272665329,0.00728435656794739,0.0106168911264261,0.0952647506348113
"mix_0115_depth100",0.0367607814383766,0.129589524577824,0.256551922341071,0.000232630513987209,0.000232630513964181,0.0255997280068057,0.119417119424949,0.000232630514476799,0.0515529387645386,0.199309690179073
"mix_0115_depth25",0.0471304113831492,0.134120828930274,0.248647292366123,0.000232630513987207,0.000232630513987207,0.0166963695222128,0.114962797275102,0.00270164531625553,0.0462804424474691,0.229877050631312
"mix_0116_depth100",0.00861946765290284,0.0868513163001784,0.275317719751973,0.000113988951853738,0.000476658570248698,0.000113988951852718,0.350024545820493,0.000113988951962239,0.0866000545075576,0.120401524973105
"mix_0116_depth25",0.00642803919860075,0.0862862355061591,0.301421290973372,0.000162841359791047,0.00311510389237833,0.000162841359791065,0.318183849320087,0.00355879967774017,0.090267786646265,0.137885643332587
"mix_0117_depth100",0.000113988951895009,0.276888091411734,0.271634122966863,0.000113988951853732,0.000113988951808868,0.0213748890989785,0.275838538006613,0.000135149552273072,0.000113988951853732,0.102984481209551
"mix_0117_depth25",0.000162841359800055,0.277870552882176,0.281524551650374,0.000162841359791045,0.00233180932489117,0.0260909386075421,0.278986086705857,0.00258441928654453,0.000196695373681825,0.0926587203722877
"mix_0118_depth100",0.000113988951766799,0.223681084812342,0.244795171037477,0.000113988951853731,0.000113988952292822,0.0353024157836567,0.289953846477117,0.000395858043817711,0.010518073244533,0.0907017182040194
"mix_0118_depth25",0.000162841359791045,0.231459911560777,0.205479550376094,0.000162841359791044,0.00135364838540303,0.0290540023343863,0.32455083904589,0.000623486315422735,0.0270692144145464,0.0961353140426459
"mix_0119_depth100",0.000113988951865546,0.0456586388332482,0.293565311968606,0.000113988951853735,0.000113988951864845,0.059484230257378,0.300394804174367,0.000113988952103792,0.204135928112629,0.0748098190075531
"mix_0119_depth25",0.000113988951869197,0.0353535134498043,0.286311074474577,0.000113988951853731,0.000113988951815831,0.0541618930161955,0.313795206516134,0.000113988952039322,0.171340682384134,0.0929841290613319
"mix_0120_depth100",0.00480025072080477,0.0224387905504477,0.338246172651605,0.000113988951853732,0.000832435952672368,0.0244939627972983,0.418600638217308,0.000113988949562499,0.0549898633549342,0.0767184796998178
"mix_0120_depth25",0.024129446585158,0.0173220436511447,0.355029003618493,0.000113988951853732,0.00456361642562544,0.0646928465895416,0.348527230367361,0.000113988951696729,0.0569344159499527,0.0286829947439506
"mix_0121_depth100",0.000113988951926047,0.048162974211022,0.293476536031439,0.000113988951853729,0.000113988951906822,0.0491913509686647,0.345558952506928,0.000113988951367241,0.124701452221518,0.0799219476359356
"mix_0121_depth25",0.000113988951853773,0.051621153735231,0.253078506170513,0.000113988951853735,0.00251373400101018,0.0470768470804198,0.360833425407454,0.000113988952455151,0.125993300644387,0.0842766265416885
"mix_0122_depth100",7.97922662920262e-05,0.0544899527916086,0.392737394185388,7.97922663238317e-05,7.97922662137517e-05,0.0214976805852335,0.31983786727809,7.97922660963534e-05,0.00277208592122128,0.1037921456173
"mix_0122_depth25",0.000113988951853732,0.0544397004996111,0.368148880937801,0.000113988951853731,0.000113988951815325,0.0479915562332827,0.337989472118682,0.000113988951767726,0.0084199217212171,0.06558955457223
"mix_0123_depth100",0.0001139889518346,0.101244881265531,0.333349802704596,0.000113988951853732,0.000802562599455251,0.0386438112002565,0.323746124998124,0.000113988951128632,0.00769576436435288,0.109217366144991
"mix_0123_depth25",0.000113988951853732,0.112601584749864,0.32939481467611,0.000113988951853732,0.000816432934402848,0.0363811296699781,0.329104037184169,0.000113988952733554,0.00943012265931158,0.110137388976706
"mix_0124_depth100",0.000162841359791044,0.145535690211078,0.24445489201943,0.000162841359791047,0.0408838006872746,0.00459365314183517,0.260689777502854,0.000162841359778012,0.000162841359791045,0.168185175102086
"mix_0124_depth25",0.000232630513987207,0.151857627110559,0.242310386111224,0.000232630513987207,0.0402121746612747,0.00833805673582587,0.25397188912097,0.000588455433986166,0.00917295928131109,0.160188511371734
"mix_0125_depth100",7.97922662976109e-05,7.97922662904788e-05,0.391244406636536,7.97922662976118e-05,7.9792266307827e-05,0.0122559597822779,0.301213632872366,7.97922698232313e-05,0.0506803412683109,0.161564421605536
"mix_0125_depth25",0.000113988951853731,0.000113988951882418,0.367258106549832,0.000113988951853732,0.000113988951888437,0.015040419504593,0.290541939268926,0.000113988951136262,0.0444855106867195,0.170144631242019
"mix_0126_depth100",0.000113988951847155,0.215725175519132,0.395362403005015,0.000113988951853731,0.00011398895194994,0.000113988951859574,0.256980204937831,0.000493595677012081,0.00172964439271168,0.0354546241776283
"mix_0126_depth25",0.000162841359787502,0.184916195241185,0.427191806020883,0.000162841359791046,0.00435533895415801,0.00365705095435049,0.210374095283987,0.000162841359144449,0.014949251877092,0.0305828532406577
"mix_0127_depth100",0.00171139758186271,0.26134297375239,0.237040540643569,0.000113988951853731,0.000113988952249453,0.00422889079151847,0.32436380987679,0.000113988952839103,0.000128181505389911,0.018243569291074
"mix_0127_depth25",0.00158394280556281,0.265376717890192,0.204108542877223,0.000113988951853732,0.000113988951900502,0.00476234302781057,0.34238864349923,0.000113988951635685,0.0030219811471304,0.000113988951853208
"mix_0128_depth100",0.000113988951856295,0.169449061517495,0.331417128999389,0.000113988951853729,0.000113988951812161,0.000113988951906275,0.340599313716366,0.000441337502442507,0.018610013029758,0.039327159805937
"mix_0128_depth25",0.00539880175455017,0.172231989750721,0.319800503781542,0.000113988951853731,0.000113988951832375,0.000113988951853459,0.335879509434875,0.00115013641709632,0.0139764789435428,0.0284401672162126
"mix_0129_depth100",0.000113988951861108,0.258424558893617,0.266639863571572,0.00011398895185373,0.111029489721485,0.000113988951615644,0.266626612386832,0.000113988950997189,0.000113988951853731,0.00011727048635807
"mix_0129_depth25",0.000162841359791047,0.246182864084661,0.271326373869,0.00016284135979104,0.107447718269996,0.000162841359731252,0.251583292458349,0.00016284135936523,0.00672770016575719,0.0105087460364164
"mix_0130_depth100",0.00202536647256636,0.215181229117448,0.313289074904093,0.000113988951853722,0.0455944226104389,0.000113988956078132,0.377715366408346,0.000113988951564575,0.00229928452091257,0.000113988951831506
"mix_0130_depth25",0.000182432085331169,0.244771628083495,0.305058578043921,0.000113988951853733,0.0535676165564498,0.000113988951233619,0.356788627571314,0.000113988951827569,0.00177506470247974,0.000113988951853729
"mix_0131_depth100",0.000113988951852695,0.259050560624064,0.300486345145689,0.000113988951853731,0.110249037785039,0.000113988952561276,0.224388007397916,0.000113988952007372,0.0121483714082385,0.000113988951845158
"mix_0131_depth25",0.000113988951853732,0.257937727562841,0.297000245085552,0.00011398895185373,0.103478786688236,0.000113988951810326,0.224381094726111,0.002050284229474,0.000113988951853732,0.00011398895185286
"mix_0132_depth100",0.000794617732187559,0.203926780278192,0.264074333370055,0.122137844144285,0.000113988952053385,0.000113988951468612,0.267765162635442,0.000113988951972655,0.0220462907373757,0.000113988951846019
"mix_0132_depth25",0.00513128422174927,0.19685890459157,0.243367277616767,0.122246596877307,0.0021102926810767,0.000162841359651547,0.275941239542126,0.00129300992336655,0.0306574692333673,0.000162841359790994
"mix_0133_depth100",7.97922662839445e-05,0.2637729021458,0.28897764902856,0.0607856960178617,7.97922662939912e-05,7.9792264655966e-05,0.268813067474573,7.97922661798954e-05,7.97922662976116e-05,7.9792265801496e-05
"mix_0133_depth25",0.000113988951853732,0.264418738020971,0.28485856036971,0.0682990896495147,0.000113988951853725,0.000113988951833354,0.286409067142238,0.000113988953640407,0.000157289768506806,0.000113988951624044
"mix_0134_depth100",7.97922662892879e-05,0.182259309397452,0.356643711327693,0.0196814432709855,7.97922663390123e-05,7.97922666794175e-05,0.285014329276063,0.00108635778676897,0.0173082743841205,7.97922662791999e-05
"mix_0134_depth25",0.00011398895185499,0.224058028002662,0.327287241963288,0.00464771011067093,0.000641993789749181,0.000113988952314727,0.292984675767025,0.00451201296135877,0.00942544435138503,0.000113988951852441
"mix_0135_depth100",0.0522348489137041,0.28554919521565,0.228417558273869,7.97922662976131e-05,7.97922662478092e-05,7.9792266283092e-05,0.401962079044721,7.97922663555588e-05,0.000106400217457143,7.97922662794864e-05
"mix_0135_depth25",0.0475392242192613,0.28738841677611,0.227880605221784,0.000113988951853731,0.00341005707955355,0.00209931628579018,0.378365559659141,0.000113988951878012,0.00033304471800349,0.0199787012457644
"mix_0136_depth100",0.034609222516051,0.152249531718757,0.400947266110331,7.97922662976126e-05,7.97922662044655e-05,0.000813748521687626,0.327110467430802,7.97922661300368e-05,7.97922662976097e-05,7.97922662959622e-05
"mix_0136_depth25",0.0327908069267595,0.1493216378861,0.371894824146087,0.000113988951853732,0.000113988951849369,0.00342865364369213,0.314971490233869,0.000113988950986902,0.000113988951853731,0.000113988951849702
"mix_0137_depth100",0.0171120366868587,0.19709586754968,0.37627257000056,0.000113988951853732,0.000113988952160717,0.000765900103067252,0.266798116455783,0.00011398895200354,0.000113988951853732,0.00011398895185681
"mix_0137_depth25",0.024358345414531,0.192607052942777,0.338209260536349,0.000113988951853727,0.000113988951992892,0.000113988951858279,0.28052422953567,0.000988275730455017,0.000113988951853731,0.000113988951851619
"mix_0138_depth100",0.00011398895178507,0.223380581336635,0.307183872251697,0.000113988951853731,0.000113988951787441,0.0207132816283378,0.285769881128227,0.000113988951761524,0.0074106329927694,0.000113988951853731
"mix_0138_depth25",0.000113988951857108,0.205832590003895,0.262777371025142,0.000113988951853731,0.000113988951850458,0.0322529150987766,0.360692413568364,0.00011398895360287,0.00490207774109849,0.000113988951853729
"mix_0139_depth100",7.97922662515056e-05,0.289831130495629,0.256656578847922,7.97922662976133e-05,7.97922664364425e-05,0.0191794851042779,0.303701965284434,7.97922675320536e-05,0.0628998892719832,7.97922662954564e-05
"mix_0139_depth25",0.000113988951869653,0.279260781359031,0.267397372985215,0.000113988951853732,0.000113988951853731,0.0172665568509875,0.307934650996504,0.00140683707974945,0.0733675432881836,0.000113988951853732
"mix_0140_depth100",7.97922662623801e-05,0.2911715606736,0.349203249621215,7.97922662963355e-05,7.97922660943128e-05,0.0149802653309092,0.210601405481296,7.97922686994625e-05,0.0138966705339022,7.97922662995641e-05
"mix_0140_depth25",0.00011398895186375,0.283176239601489,0.355398051648713,0.000113988951853731,0.000415957483606819,0.0091456105673741,0.200830620522909,0.000113988951837314,0.0204228944566467,0.000113988951853732
"mix_0141_depth100",7.9792266282696e-05,0.34604763465855,0.314501748051711,7.97922662976136e-05,7.97922664541732e-05,0.0036668315779281,0.202747693379139,9.24227318830703e-05,0.00398156798746273,0.0203031192962699
"mix_0141_depth25",0.000113988951853733,0.340897546706261,0.29323294467725,0.000113988951853726,0.00386666288937323,0.0136059000866705,0.203602927021353,0.000113988951225314,0.00768535732133202,0.0137215354190669
"mix_0142_depth100",0.000113988951809749,0.236392663544745,0.31031825861768,0.000113988951853731,0.000113988951837167,0.0167829122547722,0.368852237158318,0.00032482721830327,0.000539054867988506,0.0250696757447784
"mix_0142_depth25",0.000113988951853731,0.21341055396161,0.317820812522797,0.000113988951853731,0.000113988951840431,0.0201873176627664,0.359721056288641,0.00105344370286444,0.0140903931488639,0.0201259702174422
"mix_0143_depth100",0.00011398895182263,0.240655357626931,0.312739065270767,0.000113988951853732,0.000113988951856393,0.0063237136901721,0.2885398147037,0.00011398895112825,0.000113988951853732,0.0308338143350873
"mix_0143_depth25",0.000113988951860151,0.252951187623143,0.293357074110289,0.000113988951853729,0.000604021963103362,0.00758030591229121,0.291271835212514,0.00011398895161426,0.000113988951853732,0.0283644173223289
"mix_0144_depth100",0.042048891839973,0.161373305366818,0.284936905115232,0.000162841359791045,0.0112358912881986,0.000162841359758261,0.24486095120328,0.000162841359568066,0.0332584271988,0.0775555195027722
"mix_0144_depth25",0.0258247471300847,0.142139599740924,0.283129147086258,0.0095931418993952,0.0190999349657063,0.000162841359787302,0.238359597284094,0.000162841358371372,0.0473877507563852,0.0809670170484364
"mix_0145_depth100",0.00727384036296027,0.110216384509236,0.316069345933978,0.000113988951853731,0.00011398895181854,0.000113988951847758,0.25977783156613,0.000113988951877699,0.13584309151052,0.0859833707053394
"mix_0145_depth25",0.000162841359790221,0.106652889241192,0.283170534451284,0.00202738180159434,0.000606066178604441,0.000162841359791042,0.266826479612944,0.00256650941422763,0.154791785573995,0.0682350076976166
"mix_0146_depth100",0.000113988951857154,0.319394175215012,0.273529284962641,0.000113988951853733,0.000976640475008994,0.0119208151933385,0.242352467174539,0.000113988950674293,0.000113988951853732,0.0473877302851367
"mix_0146_depth25",0.000113988951844483,0.291655113819315,0.272575732159336,0.000113988951853732,0.00207838851835442,0.0209036190593172,0.233758278914373,0.000113988950344084,0.000113988951853732,0.0416907279826363
"mix_0147_depth100",7.97922662974831e-05,0.472929387725024,0.191630226333342,7.9792266297623e-05,7.97922662434426e-05,7.97922662970532e-05,0.133884781254744,7.97922663841677e-05,0.00322978072384366,0.158356760975226
"mix_0147_depth25",7.97922662918663e-05,0.445848838921413,0.18599128501093,7.97922662976134e-05,7.97922662826427e-05,7.97922662976161e-05,0.141996992675338,7.97922662815005e-05,0.00011328868512181,0.175063139163923
"mix_0148_depth100",7.97922662990218e-05,0.394463510280322,0.191012949419762,7.97922662976106e-05,7.979226643057e-05,7.97922662486151e-05,0.271746845723389,7.97922664704278e-05,0.0108266654718937,0.0395918108006439
"mix_0148_depth25",0.00433449097509226,0.40085483250656,0.195035065329715,7.97922662976116e-05,7.97922662759478e-05,7.97922662958807e-05,0.184598984360043,7.9792266300289e-05,0.0166290246361235,0.0476490355257529
"mix_0149_depth100",7.97922663002242e-05,0.298568738879275,0.22622463174483,7.97922662976055e-05,7.97922663041261e-05,7.97922662832981e-05,0.283902779996998,7.979226414098e-05,0.0624184397078084,0.062125328362792
"mix_0149_depth25",0.000113988951853731,0.268453438150276,0.207095100453334,0.000113988951853735,0.000113988951846681,0.000113988951849877,0.305685776500733,0.000113988952404008,0.0880900233257527,0.0708036229384155
"mix_0150_depth100",0.000162841359791045,0.148247075496239,0.205365954900404,0.000162841359791048,0.121748538830413,0.000162841359791278,0.248641525157856,0.000162841360443275,0.0874280655963779,0.0419494325802592
"mix_0150_depth25",0.000162841359791045,0.157745047897823,0.179522916797263,0.000162841359791049,0.125980293696786,0.000162841359782359,0.305167701419152,0.00016284135256074,0.078830422811251,0.0205344287226538
"mix_0151_depth100",0.000162841359791045,0.202206592755015,0.158066396005552,0.00016284135979104,0.121596294570935,0.0097072064362358,0.29336433752422,0.000162841359141954,0.123011549984734,0.0250834555862217
"mix_0151_depth25",0.00023263051398721,0.215797739711674,0.114188265371432,0.000232630513987211,0.130511022609524,0.00765515986611572,0.242872140923335,0.00023263052017002,0.143819723028149,0.0236702057576848
"mix_0152_depth100",0.000129121165789982,0.399439714363076,0.196522674389148,0.000113988951853732,0.0568128242485995,0.000113988951886061,0.174301553821403,0.000113988951912555,0.00447305877326912,0.018470329739088
"mix_0152_depth25",0.0150046193835922,0.401589718763845,0.1762233864638,0.000113988951853732,0.0531521958086188,0.000113988951847148,0.178134455337504,0.000113988951801338,0.0140253319418065,0.00312568719224456
"mix_0153_depth100",0.000113988951852965,0.23146155128334,0.225815069425778,0.0017572195637701,0.000113988952009813,0.000113988951893279,0.379803129555455,0.000354104393125042,0.0454527945781139,0.0374191593709035
"mix_0153_depth25",0.000113988951853729,0.207059336069728,0.287553571353806,0.00257762264334181,0.00011398895188149,0.000113988951851397,0.320065527253203,0.000113988957858548,0.0823781256947416,0.0323269440557768
"mix_0154_depth100",7.97922660854223e-05,0.261677802528275,0.285362490633899,0.0179606335373453,0.000276102608670451,0.0022602892760501,0.33429572465608,7.97922655587742e-05,0.0532311786859261,0.00840662087851162
"mix_0154_depth25",0.000113988951852739,0.265512769363648,0.269470224902338,0.0266784764514575,0.000800708185466544,0.00403868163663037,0.333815894268857,0.000113988951604054,0.0451314421437271,0.000113988951853732
"mix_0155_depth100",0.000113988951792276,0.313600137939813,0.234719238425103,0.0748717320479193,0.00453002341715955,0.00899652900886587,0.232520548143769,0.000113988951667387,0.0162540620906979,0.0221383533440318
"mix_0155_depth25",0.000113988951872055,0.303076145985802,0.230212714999134,0.0861103640525526,0.00468174459584634,0.0136780989642027,0.182211274220681,0.000113988953326533,0.0292696211856976,0.0221680104859133
"mix_0156_depth100",0.013262518833367,0.143921479210131,0.380460324501464,0.000113988951845822,0.000113988951788904,0.000113988951901104,0.299855813199964,0.00168277208891047,0.00438537386021581,0.0454758228822684
"mix_0156_depth25",0.00629638061136214,0.159504604703768,0.353198632781979,0.000113988951853726,0.00141536873141893,0.000113988951853756,0.327592025960103,0.000868706351080652,0.000113988951853732,0.0531497154204425
"mix_0157_depth100",0.0204865785200631,0.184111032887341,0.357496445999165,0.000113988951853733,0.00304784776216313,0.00011398895184096,0.31228728957547,0.000113988951863219,0.000113988951853732,0.0414726190193225
"mix_0157_depth25",0.0287069359055617,0.196809475725924,0.346109699394239,0.000113988951853732,0.00195113876525535,0.000113988951848143,0.338298208700267,0.000113988950662049,0.000113988951853732,0.030807192734066
"mix_0158_depth100",0.0173191392674618,0.268726286068295,0.241702226177742,0.000162841359791051,0.000162841360040671,0.000162841359807944,0.283401035180728,0.000492225863938799,0.00504667063289183,0.0345192008517379
"mix_0158_depth25",0.0248573389973144,0.266210387434766,0.23712816341561,0.000113988951853735,0.00011398895185146,0.000113988951855995,0.286136931616509,0.000113988953386956,0.00930780655245391,0.0217801266792527
"mix_0159_depth100",0.0014739496563355,0.316800377968185,0.244089385509466,0.000113988951853731,0.000113988951723345,0.0529238261432725,0.195393733168704,0.000631054081704122,0.0172629195897482,0.0443037089014631
"mix_0159_depth25",0.00586607696626242,0.289833816270287,0.272164763692491,0.000162841359791044,0.0013603762059069,0.0619491304303473,0.1827315959482,0.000162841359310824,0.0382268300126298,0.000162841359791045
"mix_0160_depth100",0.000113988951851659,0.203766130409334,0.397055356136107,0.000113988951853733,0.000113988951982444,0.0123170907935359,0.269618809538466,0.000113988953203704,0.000113988951853732,0.0227335037368479
"mix_0160_depth25",0.000113988951851201,0.227574210019058,0.371752267446108,0.000113988951853732,0.00389965383537588,0.0109580961766684,0.283312849760668,0.000113988951687017,0.000113988951853732,0.0243959357824413
"mix_0161_depth100",0.00011398895184809,0.285411511491844,0.294591391136593,0.000113988951853727,0.000113988951750604,0.0440024519086694,0.195483691156987,0.00101473070228179,0.006227158259647,0.0407106135558051
"mix_0161_depth25",0.000162841359791045,0.291816923279931,0.256924743234308,0.000162841359791042,0.000162841359868475,0.0432828382936753,0.180854255438259,0.000162841360850371,0.000162841359791045,0.077595322618517
"mix_0162_depth100",0.0011356523256501,0.108816069437906,0.382107968744053,0.000113988951830488,0.000113988951901041,0.00213163537121354,0.23565711025745,0.000113988952019326,0.000113988951853731,0.051756832821737
"mix_0162_depth25",0.000934597390079971,0.0969467563219641,0.38460903839632,0.000162841359791044,0.00698927104854993,0.00129074851706325,0.246332415706815,0.0001628413572686,0.00186761261048733,0.0480505910875305
"mix_0163_depth100",0.000113988951886387,0.251710898213835,0.336543194118644,0.000113988951853733,0.000373229126188023,0.0228198510797324,0.223874808955335,0.000113988952016725,0.00441019672048467,0.0338072729505245
"mix_0163_depth25",0.000162841359795794,0.260208260848448,0.274062241988164,0.000162841359791045,0.000483007774695573,0.0188210009665952,0.291699510527974,0.000162841359811879,0.000162841359791043,0.0285517394594953
"mix_0164_depth100",7.97922662675917e-05,0.416721585899939,0.280881851855645,7.97922662976116e-05,7.97922661551752e-05,0.0166272970399041,0.196418804974439,7.97922660135399e-05,7.97922662976121e-05,0.0274948524329421
"mix_0164_depth25",7.97922663274411e-05,0.421640864244044,0.282309257141168,7.97922662976114e-05,7.97922662907591e-05,0.00875250474312986,0.17213129057272,7.97922614169612e-05,9.93873832580859e-05,0.0484423314866664
"mix_0165_depth100",0.000113988951838271,0.124960558559739,0.304366377264397,0.00011398895185373,0.00388905154478673,0.000113988951859239,0.293427972926511,0.000113988951809321,0.0649773834462263,0.0729813140738879
"mix_0165_depth25",0.000162841359798373,0.141566693338133,0.244793117005272,0.000162841359791046,0.00664057067132001,0.000162841359783676,0.336378945841751,0.00116046856315205,0.0554491392380769,0.0619807322028437
"mix_0166_depth100",0.000113988951850129,0.37594617145713,0.189548043695655,0.000113988951853732,0.00145446069327143,0.022142887790994,0.174179593444118,0.000230976244105163,0.010184168267508,0.0910705807047046
"mix_0166_depth25",0.000113988951848857,0.354524363786469,0.184594706780834,0.00011398895185373,0.000113988951845499,0.0168499532275598,0.147282965708139,0.00108092713278849,0.0212272357392196,0.0896626149560768
"mix_0167_depth100",0.00868252406171831,0.314427195348162,0.177607253425736,0.000113988951853736,0.00165310041424491,0.000113988951847766,0.196658267951634,0.000113988951760477,0.0397327436583417,0.141928403830832
"mix_0167_depth25",0.010808026677468,0.32349554178328,0.190003473385955,0.000113988951853732,0.000113988951840333,0.0054760971420114,0.121630371275532,0.000113988951858261,0.0747961806034245,0.152681285755132
"mix_0168_depth100",0.000113988951851924,0.320333412812477,0.142745691263019,0.000113988951853733,0.000113988951640067,0.0397805532126794,0.247638113237049,0.000488158922003349,0.000113988951853732,0.132174105776244
"mix_0168_depth25",0.0001139889516795,0.329119578205788,0.189820920979801,0.000113988951853731,0.000113988951856183,0.0426788011908079,0.153653694459324,0.000113988950696033,0.0130784435603297,0.139578490574838
"mix_0169_depth100",0.000113988951865963,0.294128874481087,0.115536055573237,0.00011398895185373,0.000113988951879676,0.00248238164119605,0.236705287978427,0.000295058663742318,0.0224904117909428,0.125246600336823
"mix_0169_depth25",0.000113988951852116,0.286864733574414,0.120528732674004,0.000113988951853732,0.000113988951861225,0.000113988951853113,0.120036836300578,0.000113988948839697,0.066540419128149,0.128921975545823
"mix_0170_depth100",0.000113988951830613,0.244933331339556,0.145099739415171,0.000113988951853731,0.000113988951861273,0.0284400788843649,0.244540155209584,0.000139627968342161,0.02431060295752,0.181334781436721
"mix_0170_depth25",0.000162841359791046,0.259609980826727,0.174290562816215,0.000162841359791046,0.000162841359791044,0.0151003791068688,0.188536879891268,0.000162841355803308,0.0342879090137748,0.191089637022096
"mix_0171_depth100",7.97922663028299e-05,0.550261995942728,0.0829304874116409,7.97922662975563e-05,0.0637831926017838,7.97922662978478e-05,0.00170946989756354,7.97922710100651e-05,0.000198476007118053,0.122644478305425
"mix_0171_depth25",0.000642841603766281,0.547492239248716,0.0935782101449745,5.58545864083298e-05,0.0568249318783032,5.58545864083292e-05,5.58545864674533e-05,5.58545858415475e-05,0.0264682834628287,0.12018401176721
"mix_0172_depth100",7.9792266295861e-05,0.493429106213307,0.117826788777766,7.97922662976119e-05,0.0170250586256883,0.0096565849764359,0.0943099055560008,7.97922617699877e-05,0.00730637358081828,0.113486742510829
"mix_0172_depth25",7.9792266297613e-05,0.477552593569395,0.114047605709031,7.97922662976124e-05,0.00855806321235776,0.00597559047397626,0.0791131817872124,0.00113239419231949,0.0154230706969245,0.122061247382325
"mix_0173_depth100",7.97922662976098e-05,0.473293114383794,0.0588945280672729,7.9792266297613e-05,0.0948716440346119,0.0341919721046986,0.0380132698458738,7.97922663973316e-05,0.0440527982222239,0.076622806601555
"mix_0173_depth25",7.97922662976142e-05,0.452461386586839,0.0783544590913751,7.97922662976098e-05,0.0901159066001636,0.0189880713550418,0.0397126323327643,7.97922631832002e-05,0.0327840647219593,0.0865240565985858
"mix_0174_depth100",7.9792266286649e-05,0.545451292021844,0.13872812743083,7.97922662976121e-05,7.97922662450159e-05,0.0257955932447111,0.154464570181397,7.97922714239429e-05,0.000109309966873432,0.103640929009022
"mix_0174_depth25",5.5854583390853e-05,0.551850966428853,0.16214160169158,5.58545864083289e-05,5.58545864097584e-05,0.0255336833465426,0.123418435373572,5.58545820320876e-05,0.000874748731802953,0.114980578629545
"mix_0175_depth100",0.000113988951854234,0.312354804834614,0.206852570680412,0.0657065898209474,0.000113988951853732,0.0130138802684223,0.182247796998526,0.000113988951688072,0.0262093286487841,0.129682629917551
"mix_0175_depth25",0.000162841359791047,0.31415409971961,0.188663857285815,0.0410151791626302,0.00419995614474051,0.00850407140696723,0.135119414582334,0.000162841359756383,0.0377769761143597,0.134914161275238
"mix_0176_depth100",7.97922662897785e-05,0.344433060936591,0.120855020769374,0.0676606527580144,7.97922663047777e-05,0.0170798317627841,0.324102938506486,7.97922624007485e-05,0.0236880583692305,0.0680354620849538
"mix_0176_depth25",0.000113988951848207,0.3660973131365,0.154940553077008,0.0540869606716161,0.00294485258696734,0.0296728466186189,0.215875646772569,0.000113988951723984,0.0460542486726607,0.0443571651585623
"mix_0177_depth100",0.0198505618878526,0.31301239375429,0.16016387010103,0.00016284135979104,0.000162841359766374,0.0022106229478029,0.192420314865881,0.000162841359668414,0.034258478664615,0.102819859172662
"mix_0177_depth25",0.0162313350024576,0.315902380817714,0.16444102120867,0.000113988951853734,0.000113988951837427,0.000113988951853867,0.216163809885683,0.00177795583058731,0.0326424570268591,0.12052492327536
"mix_0178_depth100",0.0151551389683241,0.354897425976454,0.181355862313709,0.000113988951853732,0.000113988951826879,0.000113988951855802,0.17476474951968,0.000113988952136709,0.0169368699967198,0.140405849995986
"mix_0178_depth25",0.019177044139333,0.340366086393421,0.209340167128707,0.000113988951853731,0.000113988951852733,0.000113988951853732,0.131291208947541,0.00150110221412313,0.0362554463731607,0.116269225324916
"mix_0179_depth100",0.029826634962853,0.38040891904928,0.20688590814326,0.000113988951853732,0.0021058393270168,0.00297603579574005,0.185807899495883,0.000113988951655485,0.0118176528319818,0.0827650596308731
"mix_0179_depth25",0.0149200502511285,0.370765542249691,0.224651650153805,0.000113988951853733,0.00317905331710517,0.00313642447670687,0.147676361043723,0.000113988953592713,0.0230990872450762,0.107875036340454
"mix_0180_depth100",0.000113988951866906,0.294203266239769,0.269609451599658,0.000113988951853734,0.000113988951923917,0.0339693472003853,0.190557401528121,0.000113988951931037,0.0114638484042444,0.0631206895766476
"mix_0180_depth25",0.000113988951842449,0.302363681383702,0.299367116035728,0.000113988951853729,0.000113988951836364,0.0398580500145294,0.136364544670159,0.000113988951756722,0.0265908220717605,0.0518469711201115
"mix_0181_depth100",0.00102763884170961,0.468504371137256,0.161702179753071,5.58545864083288e-05,5.58545864886265e-05,0.00711266828907235,0.164336354541581,5.58545862392855e-05,0.0522639994318438,0.0954945341302944
"mix_0181_depth25",0.00764527760075913,0.428490430807385,0.152868199803118,7.97922662976126e-05,7.97922663032943e-05,0.0239625010968685,0.136860837218236,0.000830483959082315,0.0968560983007695,0.080458011413497
"mix_0182_depth100",0.00011398895185459,0.191637646061573,0.309497297389573,0.000113988951853736,0.000113988951964803,0.0639182889904813,0.352557867579807,0.00011398894894477,0.000113988951853731,0.0190836526562463
"mix_0182_depth25",0.000113988951853732,0.201393429366636,0.302497125202228,0.000113988951853731,0.000113988951793703,0.054176112267608,0.33287169363652,0.000113988950360004,0.00193915713788087,0.0390645425901786
"mix_0183_depth100",7.97922663187413e-05,0.331414995072509,0.0662457832831043,7.97922662976105e-05,7.97922662819939e-05,0.0285157000375743,0.235677188387535,7.97922667439983e-05,0.040708030145717,0.207316445325462
"mix_0183_depth25",7.97922662976122e-05,0.316818010241306,0.0689066192111101,7.97922662976121e-05,7.97922662976123e-05,0.0126433828193098,0.227446100021708,7.97922712277402e-05,0.0527908396267875,0.247487488628268
"mix_0184_depth100",7.9792266136166e-05,0.0834145321513771,0.106444423368761,7.97922662976114e-05,7.9792266383745e-05,0.0365906509729415,0.0721843431283035,7.97922661496043e-05,0.501264705237187,0.112942781174421
"mix_0184_depth25",0.000113988951861966,0.0906665054509614,0.106573087538348,0.00011398895185373,0.000113988951852887,0.0373053563053605,0.0878379472851905,0.000113988954103073,0.460149179933441,0.10814871688697
"mix_0185_depth100",7.97922662979759e-05,0.500736637689944,0.110154415693025,7.97922662976127e-05,7.97922661390825e-05,0.0474204982806237,0.0462699412858891,7.97922662372574e-05,0.0459398175364895,0.0747505705332946
"mix_0185_depth25",5.58545864083289e-05,0.520993142979378,0.109618180260343,5.58545864083284e-05,5.5854586425689e-05,0.0536341059970387,0.0516364013536117,0.000794274243680412,0.0118589262521252,0.0652761657001319
"mix_0186_depth100",7.97922663058358e-05,0.18224132798801,0.303806608918087,7.979226629819e-05,7.97922663721524e-05,7.97922663077114e-05,0.34564933710906,7.97922664683061e-05,0.0158691008817008,0.0537428696055005
"mix_0186_depth25",0.000113988951843182,0.184974388863858,0.297835727823531,0.000113988951853732,0.000125847866398631,0.000113988951856711,0.351796403119794,0.000113988947006257,0.00917855682776838,0.0580406373994082
"mix_0187_depth100",0.000162841359791045,0.278155023534111,0.154519170987014,0.0248947326862143,0.00255563182503786,0.00160094947988715,0.154830747611379,0.000162841360445414,0.0435565570536097,0.173433320549796
"mix_0187_depth25",0.00186896228120845,0.256522977117101,0.166058718402729,0.0292638402464156,0.000367584526752471,0.000162841359790934,0.151371040832059,0.000162841358701574,0.059037175452635,0.149451591082424
"mix_0188_depth100",0.00665450339879215,0.418683403855519,0.140849600963881,7.97922662976121e-05,7.97922662340878e-05,0.0109404425739905,0.10233889713352,7.979226624236e-05,9.86891826181608e-05,0.202900764168091
"mix_0188_depth25",7.97922662902837e-05,0.422848539313671,0.155235178905226,7.97922662976132e-05,7.9792266296457e-05,0.00872068677584868,0.10684357000249,0.00205792178155962,0.00014016470270554,0.158308037590106
"mix_0189_depth100",0.718072221891723,7.97922664056192e-05,7.9792266297619e-05,7.97922662957496e-05,7.97922662976213e-05,7.97922662976348e-05,7.97922671415647e-05,0.016047707661572,7.97922663473274e-05,7.9792266356616e-05
"mix_0189_depth25",0.774313150750784,7.97922652674578e-05,7.97922662976029e-05,7.97922665852326e-05,7.97922664190798e-05,7.97922656548647e-05,7.97922659803935e-05,7.97922662976106e-05,7.97922662976161e-05,7.97922673437714e-05
"mix_0190_depth100",0.783785852796114,7.97922634876554e-05,7.97922662976606e-05,7.97922662937377e-05,7.97922660390562e-05,7.97922662976029e-05,7.97922653247197e-05,0.00197905003059681,7.97922663289466e-05,7.97922663448244e-05
"mix_0190_depth25",0.876104169964515,5.58545919292577e-05,5.58545864083098e-05,5.58545864083284e-05,5.58545810223903e-05,0.000241257640326959,5.58545871176294e-05,5.58545838346904e-05,5.58545856858985e-05,5.58545863085507e-05
"mix_0191_depth100",0.860173712560307,5.58545744996854e-05,5.58545864083781e-05,5.58545864083364e-05,5.58545812593966e-05,7.20436446772788e-05,5.58545867528347e-05,0.00708433006749073,5.58545864077755e-05,5.58545863375114e-05
"mix_0191_depth25",0.945147420912655,5.58545932800201e-05,5.58545864083382e-05,5.58545864083346e-05,5.58545871782125e-05,7.32842916801155e-05,5.58545867784395e-05,5.58545864083615e-05,5.58545864057275e-05,6.70859372465853e-05
"mix_0192_depth100",0.795598758704128,7.97922661902044e-05,7.9792266297616e-05,7.97922662956988e-05,7.97922662976187e-05,7.97922661479062e-05,7.97922669547618e-05,0.00852151573863384,0.00227743273244675,7.97922662689735e-05
"mix_0192_depth25",0.780159279212369,7.9792266292056e-05,7.97922662975898e-05,7.97922662976136e-05,7.9792266297612e-05,7.97922662718625e-05,7.97922678408245e-05,0.0401659774275249,7.97922667478735e-05,7.97922670203778e-05
"mix_0193_depth100",0.771465850501482,7.97922663229883e-05,7.97922662976108e-05,7.97922662976127e-05,7.97922662709842e-05,7.97922657349816e-05,7.97922650922109e-05,7.97922662970417e-05,7.97922663103729e-05,7.97922663203849e-05
"mix_0193_depth25",0.740215528305757,0.000113988948015568,0.000113988951853731,0.000113988951853732,0.000113988951779466,0.000113988952277861,0.000113988951120884,0.00612164348777047,0.00317111869341326,0.000125290986334692
"mix_0194_depth100",2.73687479824304e-05,0.753117543109769,2.73687473400792e-05,2.7368747340072e-05,2.73687414837455e-05,2.73687473552007e-05,2.73687471484341e-05,2.7368747375132e-05,0.0526822859512031,2.73687476012148e-05
"mix_0194_depth25",2.73687472179324e-05,0.789317475266098,8.53779293391978e-05,2.73687473400836e-05,2.73687485015856e-05,0.000203779835845131,2.73687467412283e-05,2.73687515953367e-05,0.0356410840819901,2.73687473400345e-05
"mix_0195_depth100",2.73687472834953e-05,0.84937147649865,2.73687473400809e-05,2.73687473528992e-05,2.73687474260652e-05,0.000805862108820582,2.73687473337839e-05,2.73687473327847e-05,0.000183813766748325,2.73687473415223e-05
"mix_0195_depth25",2.73687473487261e-05,0.75710906925897,8.68082050423774e-05,2.73687473400817e-05,2.73687473523238e-05,0.0055603832618987,2.73687482352793e-05,2.73687473519645e-05,0.0549014165519039,2.73687473400805e-05
"mix_0196_depth100",2.73687480668178e-05,0.842952806793472,2.87735359439019e-05,2.73687473400803e-05,2.73687504158342e-05,2.73687477547288e-05,2.73687481081794e-05,0.00200746015361111,4.08534190519182e-05,2.73687468801138e-05
"mix_0196_depth25",2.73687459762024e-05,0.83967721726295,8.71608695586921e-05,2.9195403907779e-05,2.73687304678734e-05,2.7368765894439e-05,2.73687510374222e-05,2.73687861106528e-05,0.00384024893486338,2.73687459297595e-05
"mix_0197_depth100",3.90982105562632e-05,0.8624358038662,4.54411063488143e-05,3.90982104858267e-05,3.90982079078894e-05,0.000664460147189925,3.90982104819908e-05,3.90982103189671e-05,7.2194895185032e-05,0.000994894273162183
"mix_0197_depth25",3.9098206577863e-05,0.837950690662584,8.181839876703e-05,5.47673907603437e-05,3.90982165584897e-05,3.90982087108537e-05,3.90982104857984e-05,3.90981994483434e-05,9.36448777139464e-05,3.90982104858172e-05
"mix_0198_depth100",2.73687472016233e-05,0.829491670756248,0.00770465085035513,2.73687473400988e-05,2.7368747294534e-05,0.00146827888659976,2.73687473708201e-05,2.73687472976796e-05,0.000175472426989323,2.73687473407644e-05
"mix_0198_depth25",1.91581218363704e-05,0.785779068320974,0.00506956101345334,1.91581231380572e-05,1.91581256883076e-05,1.91581222422148e-05,1.91581243898978e-05,0.000409381145584248,0.00391779691096455,1.91581231380537e-05
"mix_0199_depth100",5.58569260974244e-05,5.58545864472645e-05,0.535207484080354,5.58545864083282e-05,0.00277789971684311,5.58545865520856e-05,0.356336437360166,5.58545865507365e-05,5.58545864025354e-05,5.5854586400696e-05
"mix_0199_depth25",7.97922663053546e-05,7.97922661519383e-05,0.497551593541131,7.97922662976119e-05,0.00477798671808054,7.97922662970716e-05,0.417656467504614,7.97922671142112e-05,7.97922662976106e-05,0.0055471799677813
"mix_0200_depth100",7.97922663031376e-05,7.97922665057855e-05,0.441562429292563,7.97922662976138e-05,7.97922662923513e-05,0.0044202281171586,0.327459654606268,7.9792266308431e-05,7.97922663407732e-05,0.0445335584581446
"mix_0200_depth25",7.97922662955124e-05,7.97922676425659e-05,0.430780560182846,7.97922662976123e-05,0.000694390992392415,7.97922662942744e-05,0.335052236621346,7.97922668291714e-05,7.97922662976103e-05,0.0475362764651629
"mix_0201_depth100",0.00215812699558976,5.58545897884275e-05,0.462982015917121,5.58545864083278e-05,5.58545864076499e-05,5.58545818822059e-05,0.353755999948865,5.58545843005237e-05,5.58545864083167e-05,5.58545863461627e-05
"mix_0201_depth25",7.97922662975703e-05,7.97922663062464e-05,0.482259579386349,7.97922662976121e-05,0.00472603401712557,7.97922666385928e-05,0.358559220462913,7.9792265668686e-05,7.97922662976119e-05,7.97922662985669e-05
"mix_0202_depth100",0.00223067874051364,5.58545929689665e-05,0.496650403069326,5.58545864083302e-05,5.58545865059132e-05,5.58545865137112e-05,0.343260970296752,5.58545891876397e-05,5.5854586411791e-05,5.58545864189862e-05
"mix_0202_depth25",0.00521582496937318,7.97922622762696e-05,0.420973902981835,7.97922662976057e-05,0.00323532736469222,7.97922662456246e-05,0.406524071049558,7.97922665786113e-05,7.97922662976086e-05,7.97922662997567e-05
"mix_0203_depth100",5.58607497359964e-05,5.5854586101663e-05,0.559783077837997,5.58545864083251e-05,5.58545864184469e-05,5.58545859512368e-05,0.28360546693987,0.00497173917096426,5.58545864326699e-05,5.58545864236988e-05
"mix_0203_depth25",7.97922662893885e-05,7.9792266361739e-05,0.50762051929503,7.9792266297615e-05,0.00208355658845546,7.97922660000088e-05,0.335343508770316,0.00739321585958975,7.97922662976104e-05,7.97922662898046e-05
"mix_0204_depth100",0.0427440436287232,5.58545896252835e-05,5.5854586405172e-05,5.58545864083205e-05,5.58545864083068e-05,0.03197027750806,5.58545863820773e-05,5.58545864500876e-05,5.58545865171505e-05,0.721054159468456
"mix_0204_depth25",0.0662996264304429,7.97922645342421e-05,7.97922662976192e-05,7.97922662976105e-05,7.97922662976121e-05,0.0418655201636626,7.97922653529024e-05,7.9792264676237e-05,7.97922662976113e-05,0.659876150852721
"mix_0205_depth100",0.0400329417962626,7.97922688073351e-05,7.97922662975385e-05,7.97922662976094e-05,7.97922662875149e-05,0.0866280041612438,7.9792266331925e-05,7.97922662541336e-05,7.97922662175566e-05,0.633462075777466
"mix_0205_depth25",0.0954531310638692,7.97922709685793e-05,7.97922662976572e-05,7.97922662976171e-05,7.97922662976122e-05,0.0555856367624601,7.97922663043719e-05,0.00218728156457385,7.97922662976124e-05,0.6248609950616
"mix_0206_depth100",0.0279565641628962,5.58545811325762e-05,5.5854586411897e-05,5.58545864083216e-05,5.5854586404109e-05,0.0591445726708998,5.58545864146413e-05,5.58545867664475e-05,5.58545863113767e-05,0.695747044223335
"mix_0206_depth25",0.0750653949731593,5.5854586355634e-05,5.58545864083304e-05,5.58545864083289e-05,5.58545864083285e-05,0.0252142119037891,5.58545864016411e-05,5.58545873996825e-05,5.58545864083359e-05,0.703552359491297
"mix_0207_depth100",0.0116190724143074,5.58545859769069e-05,5.5854586408293e-05,5.58545864083293e-05,5.58545864097938e-05,0.129635315298985,5.58545863809418e-05,5.58545864448346e-05,5.58545864898857e-05,0.659756953157028
"mix_0207_depth25",0.0414878081596144,7.97922714917918e-05,7.97922662976109e-05,7.97922662976119e-05,7.97922662976288e-05,0.116700133492046,7.97922661810411e-05,7.97922710906059e-05,7.97922662976486e-05,0.66165325615245
"mix_0208_depth100",0.0360212027167903,5.58545903501771e-05,5.58545864076513e-05,5.58545864083206e-05,5.58545864148466e-05,0.0719518910068545,5.58545864048419e-05,5.58545863612678e-05,5.58545862827963e-05,0.684582810734373
"mix_0208_depth25",0.0584566778491475,5.5854580475907e-05,5.58545864083615e-05,5.58545864083294e-05,5.58545864083261e-05,0.0370187697646759,5.5854587453653e-05,5.58545824730103e-05,5.58545864083377e-05,0.707783966135719
"mix_0209_depth100",3.90982104858228e-05,3.90982090512312e-05,3.90982104858269e-05,0.916572503904735,3.90982202556317e-05,3.90982094482657e-05,3.90982064162385e-05,3.9098203295941e-05,5.12523369844147e-05,3.90982107114744e-05
"mix_0209_depth25",0.0027409954663884,5.5854586408329e-05,6.82536399324178e-05,0.857948687468104,5.585458760249e-05,5.58545867676783e-05,5.5854586408414e-05,5.58545843550784e-05,8.98908651751115e-05,5.58545864083243e-05
"mix_0210_depth100",0.00162107137335073,5.58545803873041e-05,6.24359045398416e-05,0.750519898666994,5.58545832877605e-05,5.58545852591751e-05,5.5854586397965e-05,5.58545747460861e-05,5.58545864083286e-05,5.58545853941308e-05
"mix_0210_depth25",0.0200932620045403,7.97922662975973e-05,0.000151898357115579,0.690016822584269,7.97922661001789e-05,0.00463087705164281,7.9792266297613e-05,7.97922680638612e-05,7.97922662976134e-05,7.97922662975956e-05
"mix_0211_depth100",0.0135941426314613,5.58545864039743e-05,9.98554661412894e-05,0.780082676200798,5.58545865668175e-05,5.58545864062435e-05,5.5854586401453e-05,5.58545805852044e-05,0.0174800164281354,5.58545864083258e-05
"mix_0211_depth25",0.0213837672720591,5.58545864083248e-05,0.0059838966770011,0.710988975909733,5.58545864083289e-05,5.58545864083282e-05,5.58545877973537e-05,5.58545856817587e-05,0.0375411899263332,0.0157460176608814
"mix_0212_depth100",3.90982104858319e-05,3.90982104865212e-05,0.0161736997910815,0.87256220019286,3.9098210479954e-05,3.90982113850294e-05,3.90982113497395e-05,0.00348882201134586,4.55200709876023e-05,3.90982105152542e-05
"mix_0212_depth25",5.58545864082507e-05,5.58545864083286e-05,0.0429531838595655,0.829067350533987,5.58545871258432e-05,5.58545875253159e-05,5.58545862804783e-05,0.00676222954161259,8.46875511866611e-05,5.58545864414316e-05
"mix_0213_depth100",2.73687473400811e-05,2.73687413453455e-05,2.73687473400801e-05,0.861546815286141,2.7368753884304e-05,2.73687515610966e-05,2.73687548113072e-05,2.73687466872911e-05,2.73687473400798e-05,2.73687496310236e-05
"mix_0213_depth25",3.90982104858296e-05,3.90981991737021e-05,0.000124464259334281,0.825519264933909,3.90982110037293e-05,3.90982149984973e-05,3.90982104858097e-05,3.90982073138015e-05,5.6401876887564e-05,3.90982101186954e-05
"mix_0214_depth100",4.13598661225717e-05,3.90982070190695e-05,3.9098210485813e-05,3.90982104858895e-05,0.835795963962101,3.90982104852681e-05,3.90982080347243e-05,3.90982174273394e-05,3.90982104364418e-05,3.90982104857901e-05
"mix_0214_depth25",5.0188050102499e-05,3.90982097739508e-05,3.90982104858284e-05,3.90982104858386e-05,0.866447261045046,4.6213741409269e-05,3.90982097362156e-05,3.90982155889344e-05,3.90982104858299e-05,0.000111487931241491
"mix_0215_depth100",3.90982104858635e-05,3.90982182923435e-05,3.90982104858209e-05,3.90982118833214e-05,0.808866437432931,3.90982085834217e-05,3.9098164145132e-05,3.90982666898411e-05,3.90982104132472e-05,3.90982104858313e-05
"mix_0215_depth25",7.81288698146795e-05,3.90981908176473e-05,3.90982104858257e-05,3.90982104858145e-05,0.852869817623411,3.90982106372531e-05,3.90982128539166e-05,3.90982191925855e-05,3.90982104859346e-05,3.90982111669849e-05
"mix_0216_depth100",3.90982104650681e-05,3.90982062604817e-05,3.90982104858233e-05,3.90982104833914e-05,0.796318939211198,3.90982104783747e-05,3.90982100127576e-05,3.90982007967652e-05,3.90982113537989e-05,3.90982104858337e-05
"mix_0216_depth25",8.38347241800151e-05,5.58546070527553e-05,5.58545864083292e-05,5.58545864083445e-05,0.892232686458175,5.58545866990695e-05,5.58545865591688e-05,5.5854596891688e-05,5.58545864128069e-05,5.58545864083131e-05
"mix_0217_depth100",6.86358184968893e-05,2.73687596235158e-05,2.73687473400918e-05,2.73687473400739e-05,0.771575331289155,2.73687434907199e-05,2.73687642625275e-05,2.73687180806974e-05,2.73687387357685e-05,2.73687473400833e-05
"mix_0217_depth25",0.0137292371258738,3.90982083858818e-05,3.90982104857989e-05,3.90982104858287e-05,0.772741542049089,3.90982104858287e-05,3.90982104929098e-05,3.90982183553917e-05,3.90982104858195e-05,0.00675639431049238
"mix_0218_depth100",0.000111753412039313,3.90982336373213e-05,3.90982104858331e-05,3.90982104858379e-05,0.784189396977083,3.90982106175123e-05,3.90982074398702e-05,3.90981895769065e-05,3.90982106069893e-05,3.909821048583e-05
"mix_0218_depth25",9.86462525137796e-05,5.58545797584301e-05,5.58545864083348e-05,5.58545864083516e-05,0.81286272700949,5.58545868047734e-05,5.58545864332966e-05,5.58545988389153e-05,5.58545864083176e-05,0.000163558113718796
"mix_0219_depth100",2.73687483266062e-05,2.73687455961884e-05,2.73687473400814e-05,2.7368747340067e-05,2.73687512746093e-05,0.886342476053437,2.73687462016257e-05,2.73687537283441e-05,2.73687543238726e-05,0.0184197727518832
"mix_0219_depth25",2.96065885904368e-05,2.7368745917119e-05,2.73687473400805e-05,2.73687473401001e-05,2.736874734008e-05,0.761321652640815,2.73687473399832e-05,2.73687457799077e-05,2.73687473400801e-05,0.156248896113308
"mix_0220_depth100",3.90982104858301e-05,3.90982103549298e-05,3.90982104858302e-05,3.90982104858119e-05,3.9098210485838e-05,0.837726915421753,3.90982104894134e-05,3.90982103548983e-05,3.90982104780721e-05,0.0409136933064759
"mix_0220_depth25",2.73687473399247e-05,2.73687586744814e-05,0.0261059130964345,2.73687465804006e-05,2.73687473400304e-05,0.820594912691734,2.73687473058155e-05,2.73687512202926e-05,2.73687434765902e-05,0.0183925448756176
"mix_0221_depth100",5.58545853711785e-05,5.58545922171225e-05,5.58545864083288e-05,5.5854586408328e-05,5.58545864083283e-05,0.701890061139761,5.58545863035007e-05,5.58545852275943e-05,5.58545863950775e-05,0.178138598463614
"mix_0221_depth25",4.49406174564339e-05,3.90982007574237e-05,3.90982104858284e-05,3.90982104858311e-05,3.90982103323263e-05,0.728754767541271,3.90982104746727e-05,3.90982049222855e-05,3.90982104827169e-05,0.126084505048289
"mix_0222_depth100",5.54863527475234e-05,3.90982109088437e-05,3.9098210485848e-05,3.90982104858223e-05,3.90982103820623e-05,0.909045394393214,3.90982104836763e-05,0.00226637065765079,3.90982107697674e-05,0.00752745828227126
"mix_0222_depth25",4.95897795631573e-05,3.90982172436733e-05,3.9098210485829e-05,3.9098210485827e-05,3.90982105115337e-05,0.813983925209654,3.90982104858303e-05,3.90982100208727e-05,3.90982104859278e-05,0.119040001290545
"mix_0223_depth100",0.0447198538616178,3.90982102511754e-05,3.90982104858249e-05,3.90982104858251e-05,3.90982104858291e-05,0.771713563649798,3.90982105705807e-05,3.9098210479977e-05,0.00175136144036356,0.027128959009578
"mix_0223_depth25",0.059837976666914,5.58545875171823e-05,5.58545864083276e-05,5.5854586408336e-05,5.5854586408331e-05,0.804538413300039,5.5854586408339e-05,5.58545861092239e-05,5.5854585386093e-05,0.00951586994733699
"mix_0224_depth100",7.97922662892223e-05,7.97922662432903e-05,7.97922662976446e-05,7.97922662976257e-05,7.9792266297616e-05,0.538260983245105,7.97922663383639e-05,7.97922747606446e-05,7.97922647708761e-05,0.287600566245728
"mix_0224_depth25",5.58545863944346e-05,5.58545837542151e-05,5.58545864082801e-05,5.5854586408327e-05,5.5854586408321e-05,0.635557232483079,5.58545874174983e-05,5.58545793705122e-05,5.58545864082807e-05,0.249465565135112
"mix_0225_depth100",5.58545860625591e-05,5.58545864233034e-05,5.58545864083084e-05,5.58545864083413e-05,5.58545864083284e-05,0.583129707016568,5.58545864151322e-05,5.58545802128825e-05,5.58545864087234e-05,0.354449274967594
"mix_0225_depth25",7.9792266478699e-05,7.97922662786067e-05,7.97922662976115e-05,7.97922662976342e-05,7.97922662976122e-05,0.547713201209258,7.97922662975893e-05,7.97922664587569e-05,7.97922662976121e-05,0.392461094480475
"mix_0226_depth100",7.97922662747686e-05,7.9792269354592e-05,7.97922662976331e-05,7.97922662976441e-05,7.9792266297618e-05,0.692824659032206,7.97922659344471e-05,0.00148372616120251,7.97922662875648e-05,0.272578639960992
"mix_0226_depth25",8.24173833216974e-05,5.58545865539787e-05,5.58545864083192e-05,5.58545864083502e-05,5.58545864083274e-05,0.684650723739715,5.58545881167919e-05,5.58545900546478e-05,5.58545864083298e-05,0.352257820173997
"mix_0227_depth100",5.58545864083231e-05,5.58545865299159e-05,5.58545864083184e-05,5.58545864083699e-05,5.58545864083315e-05,0.666890752918712,5.58545871326057e-05,5.5854585096219e-05,5.58545864163002e-05,0.192600985417076
"mix_0227_depth25",3.90982104384585e-05,3.90982112633099e-05,3.90982104858527e-05,3.90982104858426e-05,3.90982104858303e-05,0.815332881408287,3.90982091072855e-05,3.90982107653239e-05,0.00219281514231888,0.157026632454323
"mix_0228_depth100",7.97922662977519e-05,7.97922497809859e-05,7.9792266297601e-05,7.97922662976151e-05,7.97922662976115e-05,0.348079051663283,7.979226629719e-05,7.9792267842304e-05,7.97922661972919e-05,0.491496450974046
"mix_0228_depth25",0.00227244409376627,7.97922621689873e-05,7.97922662976221e-05,7.97922662976002e-05,7.97922662976121e-05,0.385817667582504,7.97922675010394e-05,7.97922626079312e-05,7.97922662976092e-05,0.478786493442582
"mix_0229_depth100",0.000113988951851837,0.146299763160002,0.12883637181581,0.0723077808119739,0.00217817693014217,0.000113988951947637,0.0471633753596634,0.00103746082004714,0.418701389608525,0.00187857452946585
"mix_0229_depth25",0.000113988951858172,0.123850533106835,0.16812183882686,0.0857873835377407,0.0065690801947177,0.00190445100234466,0.0254973539664928,0.000634732644950728,0.395114405454955,0.00011398895185373
"mix_0230_depth100",3.90982091956459e-05,3.90982104858297e-05,3.9098210485831e-05,3.90982104858418e-05,3.90982104374942e-05,3.9098210082644e-05,3.90982141902589e-05,3.90982100225769e-05,0.874256362928663,3.90982103784484e-05
"mix_0230_depth25",3.9098209875364e-05,4.97267476179921e-05,3.96045633149596e-05,4.82471877714535e-05,3.90982095830525e-05,3.90982104862233e-05,3.90982113687752e-05,3.90982106810633e-05,0.886961926561442,3.90982104646785e-05
"mix_0231_depth100",7.97922662756918e-05,0.0285090608943663,0.190179752380781,7.97922662976128e-05,7.97922662633414e-05,7.97922661753612e-05,0.0687464076653132,7.97922667121463e-05,0.573490105583579,7.97922662977822e-05
"mix_0231_depth25",7.97922662069052e-05,0.0196119783373556,0.211543426574355,8.03174541308747e-05,0.00126406651553905,7.97922655238565e-05,0.0815683075558936,7.97922653374082e-05,0.512023825488921,7.97922662976138e-05
"mix_0232_depth100",3.90982106660603e-05,3.90982104858298e-05,3.90982104858243e-05,3.90982104858208e-05,3.90981962837319e-05,3.90982057889003e-05,3.90982101925492e-05,3.90982120311747e-05,0.840677680980497,3.9098210485034e-05
"mix_0232_depth25",5.58545854207982e-05,5.5854586408328e-05,5.58545864083222e-05,6.70593225801343e-05,5.58545867785827e-05,5.58545935310571e-05,5.5854586408369e-05,5.58545867592421e-05,0.818631005666654,5.58545864083388e-05
"mix_0233_depth100",5.58545864033006e-05,0.0341885776878499,0.0812236210429283,5.58545864083291e-05,5.58545864663203e-05,5.58545876231292e-05,0.10327779993261,5.58545923263601e-05,0.630329382105151,5.58545852600212e-05
"mix_0233_depth25",7.97922662916445e-05,0.0424907620136805,0.143196152935705,7.97922662976104e-05,7.97922662921786e-05,7.97922659078327e-05,0.139008617539241,7.9792270522766e-05,0.504852836207478,7.97922661884299e-05
"mix_0234_depth100",5.58545864080663e-05,5.58546137069365e-05,5.58545864082649e-05,5.58545864083428e-05,5.58545864083289e-05,0.000350781834966905,5.58545853320924e-05,5.58545879392268e-05,5.58545875137418e-05,0.748600773233806
"mix_0234_depth25",3.90982104931552e-05,3.90982187720994e-05,3.90982104858368e-05,3.90982104858218e-05,3.90982104858299e-05,0.0204447656022715,3.90982096800309e-05,3.90982087396042e-05,3.90982104858633e-05,0.799689615615136
"mix_0235_depth100",7.97922662976141e-05,7.97922626589391e-05,7.97922662976343e-05,7.97922662976172e-05,7.97922686135186e-05,0.000127780897517813,7.97922695582491e-05,7.97922690775818e-05,7.97922664174378e-05,0.683922916233908
"mix_0235_depth25",7.97922662976208e-05,7.97922679737814e-05,7.97922662976019e-05,7.97922662976175e-05,7.9792266469339e-05,8.23029844736807e-05,7.97922662938293e-05,7.97922672331029e-05,7.97922662976132e-05,0.719646317281991
"mix_0236_depth100",0.00354213343686326,7.97922695847435e-05,7.97922662976145e-05,7.97922662976162e-05,7.97922662931527e-05,0.0625812742724832,7.97922689978462e-05,7.97922695586922e-05,7.97922663017991e-05,0.671391956515197
"mix_0236_depth25",7.97922662975693e-05,7.97922677487325e-05,7.97922662976169e-05,7.97922662976092e-05,7.97922679712756e-05,0.000236599437107432,7.97922662989952e-05,7.97922607154487e-05,7.97922662976143e-05,0.793503691691546
"mix_0237_depth100",7.97922674026022e-05,7.97922475865961e-05,7.9792266297612e-05,7.97922662976132e-05,7.97922663118592e-05,0.000105682731675203,7.97922616928484e-05,7.97922699677803e-05,7.97922662012265e-05,0.69392869886607
"mix_0237_depth25",7.9792266513436e-05,7.97922635238491e-05,7.97922662975921e-05,7.97922662976533e-05,7.97922662976029e-05,9.66059122835233e-05,7.97922679796721e-05,7.97922684344445e-05,7.9792266297611e-05,0.69168697201284
"mix_0238_depth100",7.97922662958719e-05,7.97922546141734e-05,7.97922662975891e-05,7.97922662976151e-05,7.97922662980938e-05,0.000126712513929492,7.97922662983116e-05,7.97922675327361e-05,7.97922662951513e-05,0.777309366107031
"mix_0238_depth25",8.4444797444407e-05,5.58545839971632e-05,6.31241816402574e-05,5.5854586408334e-05,5.58545864082935e-05,0.00017185676275074,5.58545864092069e-05,5.58545877751518e-05,5.58545864083217e-05,0.879404374199888
"mix_0239_depth100",7.97922662976131e-05,7.97922704387481e-05,7.97922662976068e-05,7.97922662975467e-05,7.97922662969511e-05,0.217637080065712,7.97922664274119e-05,7.9792268675907e-05,7.97922663143542e-05,0.590615361713143
"mix_0239_depth25",5.58545864083908e-05,5.58545846397677e-05,5.58545864083358e-05,5.5854586408313e-05,5.58545864083287e-05,0.140000859579303,5.58545869930042e-05,5.58545868213156e-05,5.58545864083291e-05,0.677186635618525
"mix_0240_depth100",5.59226931590569e-05,5.5854598582396e-05,5.58545864083184e-05,5.58545864083281e-05,5.58545850493279e-05,0.203567205589275,5.5854586407683e-05,5.58545847931264e-05,5.58545864118623e-05,0.659299365019323
"mix_0240_depth25",7.97922662976295e-05,7.97922640417932e-05,7.9792266297615e-05,7.97922662976177e-05,7.97922658244958e-05,0.201304036313497,7.97922662976118e-05,7.97922687580554e-05,7.97922662974829e-05,0.691741824667126
"mix_0241_depth100",5.00273128888093e-05,3.90982001497505e-05,3.90982104859194e-05,3.90982104858318e-05,3.90982104844765e-05,0.0587494158579101,3.90982133697684e-05,3.90982061551826e-05,3.90982104671759e-05,0.800796803880057
"mix_0241_depth25",0.000133439391367855,5.58545818891228e-05,5.58545864083216e-05,5.58545864083253e-05,5.58545864081565e-05,0.000152696775016965,5.58545852757392e-05,5.58545823163394e-05,5.58545864082476e-05,0.914780241688105
"mix_0242_depth100",0.0100897548633882,7.9792274841121e-05,7.97922662975984e-05,7.97922662976157e-05,7.97922662994834e-05,0.148811907671289,7.97922683386769e-05,7.97922650715225e-05,7.97922663151251e-05,0.648657907739985
"mix_0242_depth25",0.0175638202458183,7.97922666584739e-05,7.9792266297617e-05,7.97922662976091e-05,7.97922662976138e-05,0.000191648326599785,7.97922668334268e-05,7.97922646845391e-05,7.97922662976555e-05,0.812203601899213
"mix_0243_depth100",7.97922662976096e-05,7.97922894261534e-05,7.97922662975577e-05,7.97922662976112e-05,7.97922664853774e-05,0.302115689532676,7.97922662961849e-05,7.97922618158729e-05,7.97922462097934e-05,0.540785910484654
"mix_0243_depth25",8.9978449069821e-05,5.58545922340387e-05,5.58545864083437e-05,5.58545864083267e-05,5.58545864373414e-05,0.179430750541774,5.58545867936234e-05,5.58545835074954e-05,5.58545864083056e-05,0.789211641204273
