,nCount_RNA,nFeature_RNA,subtype,patientid,Classification,in_tissue,array_row,array_col,pxl_row_in_fullres,pxl_col_in_fullres,total_counts,detected_genes,mito_pct,outside_tissue,author_artefact,excluded,pathology_eligible,pathology_display,CAFs,T cells,NK cells,T_score,T_genes_detected,T_panel_umi,CAF_score,CAF_genes_detected,CAF_panel_umi,NK_score,NK_genes_detected,NK_panel_umi,T cells CD4+_component_pct,T cells CD8+_component_pct,NKT cells_component_pct,Cycling T-cells_component_pct,high_T,high_CAF,high_T_low_T_expression,high_CAF_low_CAF_expression
GGCCACAAGCGATGGC-1,9739,3617,ER,CID4290,Stroma,1,4,44,1663,4022,9739,3617,4.91836944244789,False,False,False,True,Stroma,0.04755501183403596,0.021757226748116844,5.93897578777084e-05,0.11774298853029803,1,1,1.6389160767500943,4,20,0.0,0,0,0.00593897578776904,0.005938975787808663,0.005938975787693161,2.1579057474484133,False,False,False,False
GTCAATTGTACTGAAG-1,2695,1405,ER,CID4290,Stroma,1,5,45,1758,4076,2695,1405,5.565862708719852,False,False,False,True,Stroma,0.2457184453868202,0.05638463108001161,6.344014284250169e-05,0.0,0,0,2.107836593467418,3,15,0.0,0,0,4.938050457018788,0.006344014284250127,0.0063440142842499615,0.6877246224138733,True,True,True,False
AGGGACAGCACGGCGG-1,3866,1720,ER,CID4290,Stroma,1,4,46,1663,4131,3866,1720,5.276771857216762,False,False,False,True,Stroma,0.2222482876105696,0.22056145438643,0.00012686274162888316,0.3616985300761683,1,3,2.956163808462362,4,34,0.0,0,0,9.774934567580084,6.993734044929342,0.012686274162888317,5.2747905519706855,True,True,False,False
AACTAGCGTATCGCAC-1,9586,3571,ER,CID4290,Stroma,1,4,48,1663,4240,9586,3571,7.250156478197371,False,False,False,True,Stroma,0.08318561088699429,0.2261173035631744,0.00013175824360448147,0.6120278285210522,3,7,1.3624937911003279,3,17,0.0,0,0,21.537309845816317,0.013175824360448146,0.013175824360448146,1.0480688617802236,True,False,False,False
AACTTTAGCTGCTGAG-1,1648,925,ER,CID4290,Stroma,1,5,49,1758,4295,1648,925,8.859223300970873,False,False,False,True,Stroma,0.4303694552861277,0.03093599923968493,4.3368073133464496e-05,0.32592867666117503,1,1,2.8456229932674137,4,13,0.0,0,0,3.080589502007453,0.004336807320346409,0.004336807320346388,0.0043368073203471766,False,True,False,False
CCCAAGACAGAGTATG-1,1146,709,ER,CID4290,Stroma,1,4,50,1663,4349,1146,709,5.2356020942408374,False,False,False,True,Stroma,0.5409518893718283,0.00896538111696497,3.108128788690002e-05,0.0,0,0,4.222654484006337,4,34,0.0,0,0,0.8872137253501434,0.0031081287888828513,0.003108128768777525,0.0031081287886932673,False,True,False,False
GGCATCAACGAGCACG-1,1566,852,ER,CID4290,Stroma,1,5,51,1758,4404,1566,852,6.641123882503193,False,False,False,True,Stroma,0.5393645179190346,0.0001236104425128394,3.0902610615730894e-05,0.0,0,0,3.092165237070354,3,30,0.0,0,0,0.0030902610629576655,0.003090261062375906,0.0030902610629926315,0.0030902610629577375,False,True,False,False
TTATAGATGCACATTA-1,947,633,ER,CID4290,Stroma,1,5,53,1758,4513,947,633,4.646251319957761,False,False,False,True,Stroma,0.5143747525684901,0.00019496986140046544,4.874246522372246e-05,0.0,0,0,3.494366530883174,4,16,0.0,0,0,0.004874246555617119,0.004874246476954231,0.004874246551858108,0.004874246555617086,False,True,False,False
GAACCATCTGGGAGAC-1,1047,699,ER,CID4290,Stroma,1,4,54,1663,4568,1047,699,5.157593123209169,False,False,False,True,Stroma,0.5257453076200067,0.008402547522625764,4.0384768810122625e-05,0.0,0,0,3.990987584493308,4,35,0.0,0,0,0.8273975353015501,0.004038476881091481,0.004038476881093756,0.004780263198840929,False,True,False,False
TGCTATACAAACGGAC-1,1506,945,ER,CID4290,Stroma,1,5,55,1758,4622,1506,945,6.772908366533864,False,False,False,True,Stroma,0.45238504623393333,0.05610970776537456,0.011740320664841599,0.3389019181772333,1,1,3.8417473866680516,4,33,0.0,0,0,3.0354348962335043,0.00620089801601844,0.006200898016018268,2.5631340842719146,True,True,False,False
ACTTGCCATATTGTAC-1,1346,802,ER,CID4290,Stroma,1,4,56,1663,4677,1346,802,7.355126300148589,False,False,False,True,Stroma,0.6263391602113383,0.038237932158849686,0.010582807400119765,0.3552880046136399,1,1,4.007851777487459,4,35,0.7105760092272798,1,1,0.004553344108215261,0.004553344108212708,0.004553344108213142,3.810133183560328,True,True,False,False
TATTCCGGCAGTCCTA-1,844,557,ER,CID4290,Stroma,1,5,57,1758,4732,844,557,9.360189573459715,False,False,False,True,Stroma,0.39907575575160575,0.030012210847903405,6.134990149211185e-05,0.0,0,0,3.3111171386811424,4,11,0.0,0,0,0.0061349901492095465,0.006134990149211015,1.0999821716141964,1.8889689328777233,False,True,False,False
GACGGACCGCGTTCCT-1,1372,867,ER,CID4290,Stroma,1,4,58,1663,4786,1372,867,6.2682215743440235,False,False,False,True,Stroma,0.5144193030716063,0.00017535305562221663,4.383826346263306e-05,0.0,0,0,3.761102640477006,4,28,0.0,0,0,0.004383826399390342,0.004383826395766256,0.004383826367674497,0.004383826399390568,False,True,False,False
ATGTGTAGTTTAGTCA-1,1664,893,ER,CID4290,Stroma,1,5,59,1758,4841,1664,893,20.13221153846154,False,False,False,True,Stroma,0.24855192112774616,0.0004165392873278339,0.00010413482187350946,0.0,0,0,3.2905201988542006,4,19,0.0,0,0,0.010413482187351433,0.010413482186521562,0.010413482171559208,0.010413482187351183,False,True,False,False
ATACCAGCAAATTGCT-1,1668,978,ER,CID4290,Stroma,1,4,60,1663,4895,1668,978,4.436450839328537,False,False,False,True,Stroma,0.5918602582065068,0.00012039551898311667,3.009887968069749e-05,0.0,0,0,4.2399356288174594,4,51,0.0,0,0,0.0030098879680693787,0.0030098879680701693,0.0030098879941021697,0.003009887968069949,False,True,False,False
AAGTTTACTAATGGCA-1,3827,1626,ER,CID4290,Stroma,1,5,61,1758,4950,3827,1626,17.690096681473737,False,False,False,True,Stroma,0.22729750801809784,0.027916892031726575,0.00014641590505905597,0.21409033266048594,1,1,3.0335171471179754,4,37,0.0,0,0,0.014641590505905596,2.5654054747085273,0.014641590505905596,0.19700054745231932,False,True,False,False
CTCTCGATGTGCGCCT-1,3113,1570,ER,CID4290,Stroma,1,4,62,1663,5005,3113,1570,3.148088660456152,False,False,False,True,Stroma,0.561953791136787,0.04829451100748289,4.470661389613133e-05,0.0,0,0,4.188978872921695,4,99,0.0,0,0,0.004470661389611594,0.3156992568387649,0.00447066138961254,4.5048105211303,True,True,True,False
GATTGACACTCTGCTC-1,1801,1035,ER,CID4290,Stroma,1,5,63,1758,5059,1801,1035,6.829539144919488,False,False,False,True,Stroma,0.2805157974746817,0.0035785040799935263,6.0970409742942064e-05,0.0,0,0,3.3172258742155774,4,26,0.0,0,0,0.0060970409592085,0.006097040959216954,0.006097040959216099,0.3395592851217111,False,True,False,False
TATCACAGCACGGGCA-1,1827,1121,ER,CID4290,Stroma,1,4,64,1663,5114,1827,1121,4.433497536945813,False,False,False,True,Stroma,0.19471026919770876,0.09570259034320773,8.760486393392078e-05,0.0,0,0,3.417338203905034,4,22,0.0,0,0,9.08646245151068,0.008760486393392638,0.008760486393392608,0.4662756100233082,True,False,True,False
ACCGTTCCCGCTCTGA-1,2838,1629,ER,CID4290,Stroma,1,5,65,1758,5169,2838,1629,4.651162790697675,False,False,False,True,Stroma,0.3074217532083329,0.017783064348305355,0.02550672551206602,0.0,0,0,3.4429884457079085,4,37,0.5031033147172451,1,1,0.008447221411169306,1.6084232810448418,0.15298871096335448,0.008447221411169988,False,True,False,False
CCGCCACCACAATCCA-1,8169,3193,ER,CID4290,Invasive cancer + stroma + lymphocytes,1,4,66,1663,5223,8169,3193,2.680866691149468,False,False,False,True,Invasive cancer + stroma + lymphocytes,0.1845170190208729,0.058286442047600695,8.693205283886864e-05,0.5329135618403809,4,4,2.5555303237298874,4,49,0.0,0,0,0.2837830375617401,3.3244695674588396,0.008693205283886793,2.2116983944556026,True,False,False,False
CATTCACTGACAGCTA-1,6831,2759,ER,CID4290,Invasive cancer + stroma + lymphocytes,1,5,67,1758,5278,6831,2759,4.743083003952568,False,False,False,True,Invasive cancer + stroma + lymphocytes,0.30118528988003324,0.03962157847950812,6.010895010060951e-05,0.6011675655962113,4,4,3.3155828314401705,4,82,0.0,0,0,1.8622234806407802,0.00601089501006138,0.46615674498965765,1.6277667273103122,True,True,False,False
CGGCTGCAAGATTAAG-1,36931,6631,ER,CID4290,Invasive cancer + stroma + lymphocytes,1,4,68,1663,5332,36931,6631,4.240340093688229,False,False,False,True,Invasive cancer + stroma + lymphocytes,0.07880096141907317,0.010143997594260948,0.004999589074562546,0.03993785519280698,1,1,1.9429947080523131,4,97,0.14426290049530957,1,2,0.009117889435753583,0.009117889434249965,0.015165979190765556,0.9809980013653257,False,False,False,False
CATGAACCTCTTATCA-1,9507,3347,ER,CID4290,Invasive cancer + stroma + lymphocytes,1,5,69,1758,5387,9507,3347,4.586094456716104,False,False,False,True,Invasive cancer + stroma + lymphocytes,0.41189340206511943,0.05227683209626475,4.0904904424770306e-05,0.5946073350290835,3,7,4.022503709011579,4,223,0.0,0,0,1.1390147490722502,2.981166230150306,0.142694743484943,0.9648074869189758,True,True,False,False
TTAATGCGAGGTAACT-1,9839,3417,ER,CID4290,Invasive cancer + stroma + lymphocytes,1,4,70,1663,5442,9839,3417,2.3274723040959446,False,False,False,True,Invasive cancer + stroma + lymphocytes,0.3988702699189744,0.061166518297841074,6.006159333200516e-05,0.23376520582566887,2,2,3.7685957610317877,4,181,0.0,0,0,0.006006159333200535,0.006006159333200623,0.006006159333200613,6.098633351784506,True,True,False,False
AATAAGTCCTCGAGAC-1,17311,4800,ER,CID4290,Invasive cancer + stroma + lymphocytes,1,5,71,1758,5496,17311,4800,2.7323667032522674,False,False,False,True,Invasive cancer + stroma + lymphocytes,0.2815165470218922,0.016844119627987736,5.839985999637655e-05,0.0,0,0,3.366178174557053,4,231,0.0,0,0,0.005839985999637836,0.005839985999638035,0.0058399860004725405,1.666892004799025,False,True,False,False
ACCAGCCCGGTCTTTG-1,6020,2429,ER,CID4290,Invasive cancer + stroma + lymphocytes,1,4,72,1663,5551,6020,2429,3.488372093023256,False,False,False,True,Invasive cancer + stroma + lymphocytes,0.38685635861666606,0.006594199992752672,6.322006965707337e-05,0.16312511371991392,1,1,3.653690174502495,4,123,0.0,0,0,0.006322006965707903,0.006322006965707686,0.00632200696570779,0.6404539783781438,False,True,False,False
CTACGAACTAGGTCGA-1,14109,4398,ER,CID4290,Invasive cancer + stroma + lymphocytes,1,5,73,1758,5605,14109,4398,2.863420511730101,False,False,False,True,Invasive cancer + stroma + lymphocytes,0.3049246562037489,0.018216319411647818,5.555745237253578e-05,0.08929538718935703,1,1,3.428276417819817,4,218,0.0,0,0,0.005555745237132017,0.005555745237131699,0.005555745236335821,1.8049647054541824,False,True,False,False
ACATCTCAACGCGTAA-1,1664,1022,ER,CID4290,Invasive cancer + stroma + lymphocytes,1,4,74,1663,5660,1664,1022,2.4639423076923075,False,False,False,True,Invasive cancer + stroma + lymphocytes,0.40908495373360027,0.14345668915126658,0.010464575344191082,0.3245471388112143,1,1,3.923489768115684,4,34,0.0,0,0,5.227293234214783,9.104715952625973,0.0063700420469707695,0.007289686238932477,True,True,False,False
CACTACTCAGTTCTGT-1,10145,3832,ER,CID4290,Invasive cancer + stroma + lymphocytes,1,5,75,1758,5715,10145,3832,3.5978314440611134,False,False,False,True,Invasive cancer + stroma + lymphocytes,0.33712195781080817,0.06125583069428833,6.0454086359903665e-05,0.0,0,0,3.620498605679442,4,203,0.22865838178851083,1,1,0.006045408635990752,1.8476524510392223,0.08175532012878559,4.190129889624835,True,True,True,False
CATTTATCGTTCAAGA-1,6840,2912,ER,CID4290,Invasive cancer + stroma + lymphocytes,1,5,77,1757,5824,6840,2912,3.421052631578948,False,False,False,True,Invasive cancer + stroma + lymphocytes,0.3468330121209283,0.020870848160549293,5.903199102360034e-05,0.22785093007817034,1,2,3.7281855989554495,4,174,0.0,0,0,0.03694690723349594,0.005903199102359764,0.005903199102360014,2.0383315106167137,False,True,False,False
TAGAAACCACTAAGTA-1,11630,4052,ER,CID4290,Invasive cancer + stroma + lymphocytes,1,5,79,1757,5933,11630,4052,4.789337919174549,False,False,False,True,Invasive cancer + stroma + lymphocytes,0.3156062650599188,0.017987561516535557,6.099545728688764e-05,0.0,0,0,3.657094186240863,4,246,0.0,0,0,0.006099545728725314,0.006099545728725462,0.006099545726961545,1.7804575144691432,False,True,False,False
TCGTATTTCGTCCGGA-1,19683,5201,ER,CID4290,Invasive cancer + stroma + lymphocytes,1,5,81,1757,6042,19683,5201,4.39465528628766,False,False,False,True,Invasive cancer + stroma + lymphocytes,0.21890041582540565,0.0032941740101514287,6.148337211662838e-05,0.0,0,0,2.98039962597964,4,283,0.0,0,0,0.006148337211886058,0.006148337209521451,0.3109723893818495,0.0061483372118858685,False,True,False,False
CGGAAATTTCACATCC-1,871,616,ER,CID4290,Invasive cancer + stroma + lymphocytes,1,4,82,1662,6097,871,616,3.788748564867968,False,False,False,True,Invasive cancer + stroma + lymphocytes,0.322904641883485,0.00023681129312901132,5.9202824177045025e-05,0.0,0,0,3.7779964914060833,4,23,0.0,0,0,0.0059202823819835895,0.005920282325000897,0.005920282224798779,0.005920282381117867,False,True,False,False
ATCCACGCTAAATGTT-1,21847,5367,ER,CID4290,Invasive cancer + stroma + lymphocytes,1,5,83,1757,6152,21847,5367,4.751224424406097,False,False,False,True,Invasive cancer + stroma + lymphocytes,0.22245048702677422,0.002901571423553354,6.190870722781284e-05,0.0,0,0,3.186421513449278,4,312,0.0,0,0,0.006190870723188198,0.2715845301849509,0.006190870724008078,0.006190870723188269,False,True,False,False
GTTCAATCTATGTCAA-1,6664,2620,ER,CID4290,Invasive cancer + stroma + lymphocytes,1,4,84,1662,6206,6664,2620,2.881152460984394,False,False,False,True,Invasive cancer + stroma + lymphocytes,0.2501861727792692,0.0055690910185067855,5.877299437349652e-05,0.0,0,0,3.3147875691087187,4,88,0.0,0,0,0.005877299437349614,0.4770876275328211,0.0058772994373496425,0.06806687544315822,False,True,False,False
ATAAAGGTCAAGTACG-1,27866,6257,ER,CID4290,Invasive cancer + stroma + lymphocytes,1,5,85,1757,6261,27866,6257,3.179501901959377,False,False,False,True,Invasive cancer + stroma + lymphocytes,0.3714715248346532,0.0002494976027340581,0.00554497636095206,0.0,0,0,3.8130972922524213,4,752,0.10221543471291916,1,1,0.006237440068748114,0.006237440069028217,0.006237440066881333,0.0062374400687481455,False,True,False,False
CAACTCCAACGTTTAG-1,24590,5637,ER,CID4290,Invasive cancer + stroma + lymphocytes,1,4,86,1662,6315,24590,5637,3.749491663277755,False,False,False,True,Invasive cancer + stroma + lymphocytes,0.30070378636207634,0.0002482991186514144,6.207477967294932e-05,0.05687079445349602,1,1,3.5275775547295822,4,455,0.0,0,0,0.006207477967182217,0.006207477966657352,0.006207477964119704,0.006207477967182165,False,True,False,False
TAGGAACAGCCTCCAG-1,23863,5585,ER,CID4290,Invasive cancer + stroma + lymphocytes,1,5,87,1757,6370,23863,5585,5.322046683149646,False,False,False,True,Invasive cancer + stroma + lymphocytes,0.22754553233973435,0.0034049648512608274,6.0952033268836994e-05,0.0,0,0,3.124079822832683,4,268,0.0,0,0,0.3222108751482624,0.006095203325992735,0.006095203324976161,0.006095203326851446,False,True,False,False
ATGGGAACGGAAGCGG-1,30444,6283,ER,CID4290,Invasive cancer + stroma + lymphocytes,1,4,88,1662,6425,30444,6283,2.4766784916568123,False,False,False,True,Invasive cancer + stroma + lymphocytes,0.14975153633748864,0.013151168334835305,6.18172551870767e-05,0.04733822847066791,1,1,2.760972831101871,4,217,0.0,0,0,1.2965716569226493,0.006181725520712242,0.006181725520648903,0.006181725519520003,False,False,False,False
CACACGTTTCAATGGG-1,20583,5347,ER,CID4290,Invasive cancer + stroma + lymphocytes,1,5,89,1757,6479,20583,5347,4.91667881261235,False,False,False,True,Invasive cancer + stroma + lymphocytes,0.21282093906160035,0.0002448188134735071,6.120470337088884e-05,0.06599646777462477,1,1,3.1485419077810284,4,241,0.0,0,0,0.0061204703369686945,0.006120470336969402,0.006120470336443916,0.0061204703369686945,False,True,False,False
GGTGTTCTGTTTCTAC-1,21279,5055,ER,CID4290,Invasive cancer + stroma + lymphocytes,1,4,90,1662,6534,21279,5055,3.129846327365008,False,False,False,True,Invasive cancer + stroma + lymphocytes,0.16124192251991948,0.0028119112296878216,6.0112648645371075e-05,0.0,0,0,2.878317729983216,4,176,0.0,0,0,0.2631573283731971,0.0060112648644969225,0.006011264866172758,0.00601126486491541,False,False,False,False
AGTAACGTTCATCCTG-1,21201,5397,ER,CID4290,Invasive cancer + stroma + lymphocytes,1,5,91,1757,6589,21201,5397,3.6319041554643645,False,False,False,True,Invasive cancer + stroma + lymphocytes,0.2725713537546411,0.013164704697574414,8.808298388182714e-05,0.0,0,0,3.361834461091967,4,351,0.25760119680468646,2,2,0.32374326843412143,0.49986943844561504,0.48404946448891956,0.008808298388785406,False,True,False,False
GTATAGTGGCCCATGT-1,18375,4673,ER,CID4290,Invasive cancer + stroma + lymphocytes,1,4,92,1662,6643,18375,4673,3.297959183673469,False,False,False,True,Invasive cancer + stroma + lymphocytes,0.1924269825833239,0.023349052669587627,5.899778365773679e-05,0.0,0,0,3.174855036909391,4,207,0.0,0,0,0.005899778365773592,0.005899778365773361,0.005899778363252839,2.317205931863963,False,False,False,False
TCTACACGTTCATGCA-1,16391,4814,ER,CID4290,Invasive cancer + stroma + lymphocytes,1,5,93,1757,6698,16391,4814,3.2822890610700997,False,False,False,True,Invasive cancer + stroma + lymphocytes,0.36439342170172556,0.0009117484252748599,6.177640230638706e-05,0.0,0,0,3.655647542595988,4,404,0.0,0,0,0.006177640230638846,0.00617764023179801,0.006177640231653671,0.07264192183339546,False,True,False,False
AATCTGGGTAGACCCT-1,16807,4680,ER,CID4290,Invasive cancer + stroma + lymphocytes,1,4,94,1662,6752,16807,4680,2.165764264889629,False,False,False,True,Invasive cancer + stroma + lymphocytes,0.3068686155519906,0.002065289592025526,0.0012999017091900524,0.0,0,0,3.5895451189004426,4,311,0.15562252704900342,1,1,0.0059264321274461445,0.18874966282081831,0.005926432126841796,0.00592643212744633,False,True,False,False
TCGGTTAGCCATGTAG-1,22150,5543,ER,CID4290,Invasive cancer + stroma + lymphocytes,1,5,95,1757,6807,22150,5543,2.8668171557562077,False,False,False,True,Invasive cancer + stroma + lymphocytes,0.3777483832513779,0.000231857352115095,5.7964338025754166e-05,0.0,0,0,3.860637505893054,4,612,0.0,0,0,0.005796433802406232,0.005796433802585295,0.005796433804111703,0.00579643380240627,False,True,False,False
TGCCATGGCTTATAAG-1,5464,2313,ER,CID4290,Invasive cancer + stroma + lymphocytes,1,4,96,1662,6862,5464,2313,2.4341142020497806,False,False,False,True,Invasive cancer + stroma + lymphocytes,0.24933493896592154,0.015989502633117488,5.589216269156644e-05,0.1733889366062568,1,1,3.3664070759940787,4,74,0.0,0,0,0.005589216269155934,0.005589216269155279,0.005589216269156145,1.5821826145042814,False,True,False,False
TAAGTAAATGTGCCGC-1,39546,7184,ER,CID4290,Invasive cancer + stroma + lymphocytes,1,5,97,1757,6916,39546,7184,2.809386537197188,False,False,False,True,Invasive cancer + stroma + lymphocytes,0.2513769144225107,0.00474078496629511,5.7850874296401624e-05,0.037572829946657844,1,1,3.210037614347605,4,522,0.0,0,0,0.2680689709987506,0.005785087427591907,0.0749191395410134,0.12530529866215515,False,True,False,False
GTGTCCGATAAGGCAT-1,2125,1176,ER,CID4290,Invasive cancer + stroma + lymphocytes,1,4,98,1662,6971,2125,1176,3.5764705882352943,False,False,False,True,Invasive cancer + stroma + lymphocytes,0.3106526217432119,0.015755082268445065,0.020639969731585762,0.29024960574119446,1,1,3.3300559545829067,4,36,0.5804992114823889,1,1,0.008938508734672798,1.3370987134966719,0.028749424158081207,0.20072158045508062,False,True,False,False
TGGCACGAGCTCGAGT-1,21434,5171,ER,CID4290,Invasive cancer + stroma + lymphocytes,1,5,99,1757,7026,21434,5171,5.542595875711486,False,False,False,True,Invasive cancer + stroma + lymphocytes,0.17688805106651587,0.05477558519951123,8.712070490436615e-05,0.503767301407469,4,11,3.046958885130638,4,219,0.12763722112111078,1,1,0.008712070490436746,1.874201167790349,0.2783128660663027,3.316332415604034,True,False,False,False
ACCGGTCTGAGTACGG-1,8063,2835,ER,CID4290,Invasive cancer + stroma + lymphocytes,1,4,100,1662,7080,8063,2835,2.5424779858613418,False,False,False,True,Invasive cancer + stroma + lymphocytes,0.1566810981776383,0.11870210742107049,0.02595734907626413,0.47672103165131147,3,4,2.894771725008465,4,60,0.26885998381584514,1,1,0.009620757473121548,5.110951762402219,0.639748529332918,6.109889692898789,True,False,False,False
GAACTTAGCGCCCGGT-1,12048,4012,ER,CID4290,Invasive cancer + stroma + lymphocytes,1,5,101,1757,7135,12048,4012,5.876494023904383,False,False,False,True,Invasive cancer + stroma + lymphocytes,0.20263541590456688,0.0399025434279441,8.484837484131943e-05,0.20144107459123675,2,2,2.927014646252939,4,124,0.0,0,0,0.06971077245989524,2.2269529607386485,0.008484837484281244,1.6851057721115854,True,True,False,False
AGTAGCTAGACGCCGA-1,5650,2588,ER,CID4290,Invasive cancer + stroma + lymphocytes,1,4,102,1662,7189,5650,2588,3.4867256637168142,False,False,False,True,Invasive cancer + stroma + lymphocytes,0.16437689080439613,0.024874250031765452,9.06854725825471e-05,0.0,0,0,2.7413514466759357,4,40,0.0,0,0,0.009068547258254596,0.0090685472582544,0.009068547258254853,2.4602193614017813,False,False,False,False
ATAGGAATCTAAGCTT-1,7441,3011,ER,CID4290,Invasive cancer + stroma + lymphocytes,1,5,103,1757,7244,7441,3011,3.6419836043542535,False,False,False,True,Invasive cancer + stroma + lymphocytes,0.30243509025544135,0.01667899824609881,8.55609316760171e-05,0.0,0,0,3.5959247937328396,4,143,0.0,0,0,0.00855609316760369,0.008556093167602804,0.008556093167603487,1.6422315451070708,False,True,False,False
CTTCCTGCATATTTAC-1,7403,2823,ER,CID4290,Invasive cancer + stroma + lymphocytes,1,4,104,1662,7299,7403,2823,4.3360799675807105,False,False,False,True,Invasive cancer + stroma + lymphocytes,0.2087342447230056,0.00036259059655817773,0.016786295983541397,0.0,0,0,3.187018983378385,4,97,0.0,0,0,0.009064764913966827,0.009064764913966218,0.00906476491391824,0.009064764913966485,False,True,False,False
CAATATGTAGATTTAC-1,10291,3776,ER,CID4290,Invasive cancer + stroma + lymphocytes,1,5,105,1757,7353,10291,3776,2.8568652220386745,False,False,False,True,Invasive cancer + stroma + lymphocytes,0.29280114270041285,0.03118550307885095,0.0026216470420370496,0.0,0,0,3.5036931765698607,4,159,0.22630257037717752,1,1,0.010533675687728622,0.008444209749279208,0.008444209749269684,3.0911282126988175,False,True,False,False
ACAAGGCCTACCAGCC-1,20012,4804,ER,CID4290,Invasive cancer + stroma + lymphocytes,1,4,106,1662,7408,20012,4804,3.6128323006196283,False,False,False,True,Invasive cancer + stroma + lymphocytes,0.21779092256439966,0.015497720249123662,9.84883246782206e-05,0.11547455258282928,1,2,3.2037171923238774,4,246,0.0,0,0,0.00984883246871893,0.009848832468102977,0.009848832466672454,1.5202255275088719,False,True,False,False
TTATAGTCCAAGGTGC-1,17513,4671,ER,CID4290,Invasive cancer + stroma + lymphocytes,1,5,107,1757,7462,17513,4671,4.653685833380917,False,False,False,True,Invasive cancer + stroma + lymphocytes,0.2547725241755559,0.010494696046912085,9.131490768122902e-05,0.0,0,0,3.5395688151334177,4,304,0.15057171931812982,1,1,0.009131490769082574,0.009131490768831239,0.29084692833681325,0.7403596948164815,False,True,False,False
AAACGCCCGAGATCGG-1,24833,5475,ER,CID4290,Invasive cancer + stroma + lymphocytes,1,4,108,1662,7517,24833,5475,4.502073853340313,False,False,False,True,Invasive cancer + stroma + lymphocytes,0.19048268501421875,0.013450520691094127,9.309522692823516e-05,0.056398633250742236,1,1,3.0608133052426365,4,253,0.0,0,0,1.2447836602486577,0.06684358107987047,0.009309522690023699,0.02411530509086089,False,False,False,False
CCTCGTTACGCCTGTT-1,21553,4833,ER,CID4290,Invasive cancer + stroma + lymphocytes,1,5,109,1757,7572,21553,4833,4.268547301999721,False,False,False,True,Invasive cancer + stroma + lymphocytes,0.12393019083686632,0.0022613253525453664,0.00010001812077573558,0.0,0,0,2.179686723497655,4,105,0.0,0,0,0.01000181207821882,0.010001812082707487,0.12691653613913212,0.07921237495447822,False,False,False,False
GAACGGTGTAAAGCAG-1,15632,4317,ER,CID4290,Invasive cancer + stroma + lymphocytes,1,4,110,1661,7626,15632,4317,2.6420163766632547,False,False,False,True,Invasive cancer + stroma + lymphocytes,0.12378949889758654,0.005154384883246923,6.378308644043414e-05,0.0,0,0,2.5113686993940894,4,109,0.0,0,0,0.12922455468669444,0.37345731634713275,0.006378308646814205,0.006378308644050927,False,False,False,False
ACGCATAAATGACATG-1,9878,3585,ER,CID4290,Invasive cancer + stroma + lymphocytes,1,5,111,1756,7681,9878,3585,2.0348248633326587,False,False,False,True,Invasive cancer + stroma + lymphocytes,0.2836634659346488,0.0014060774014778234,5.8935673208692925e-05,0.0,0,0,3.518240661236254,4,173,0.0,0,0,0.00589356732086715,0.005893567320867286,0.1229270381851805,0.00589356732086742,False,True,False,False
CCGAGGGATGTTAGGC-1,11911,4004,ER,CID4290,Stroma,1,6,62,1853,5005,11911,4004,12.148434220468475,False,False,False,True,Stroma,0.10024966243900245,0.024150431807083563,9.448730516356153e-05,0.0,0,0,2.1065581260879718,4,37,0.0,0,0,2.386696989159578,0.009448730516360797,0.009448730516060332,0.009448730516356984,False,False,False,False
TGAGATCAAATACTCA-1,4192,2053,ER,CID4290,Stroma,1,7,63,1948,5059,4192,2053,8.229961832061068,False,False,False,True,Stroma,0.2072785530131723,0.08601489354847143,0.014335648890656756,0.20325007975808043,1,1,3.165806904043327,4,42,0.40650015951616086,1,1,5.33926505078735,1.8080365990918543,1.4456050076873515,0.008582697280587295,True,True,False,False
AAACGAAGAACATACC-1,3897,1978,ER,CID4290,Stroma,1,6,64,1853,5114,3897,1978,7.4416217603284585,False,False,False,True,Stroma,0.37940569796198237,0.0721967879767623,0.02607898728790039,0.8476439754319153,4,4,3.5340212202169883,4,61,0.42382198771595764,1,1,5.879757539583128,0.31861682927357077,0.3848592131294231,0.636445215690107,True,True,False,False
CTGGTCCTAACTTGGC-1,2964,1593,ER,CID4290,Stroma,1,7,65,1948,5169,2964,1593,9.27800269905533,False,False,False,True,Stroma,0.3514340222980952,0.08324233849661118,0.018074548071136814,0.4918788592818202,2,2,3.7506060428045838,4,52,0.0,0,0,2.4561976771459273,0.006055788260558198,0.006055788260558325,5.8559245959940744,True,True,False,False
TGCACGAGTCGGCAGC-1,2538,1482,ER,CID4290,Stroma,1,6,66,1853,5223,2538,1482,4.846335697399527,False,False,False,True,Stroma,0.376689326694864,0.018520233852305838,0.006457981645956967,0.0,0,0,3.806846901123169,4,48,0.0,0,0,0.005862174570991449,0.005862174570991096,0.005862174570991698,1.8344368615176094,False,True,False,False
ATAGTCTTTGACGTGC-1,2322,1350,ER,CID4290,Stroma,1,7,67,1948,5278,2322,1350,6.15848406546081,False,False,False,True,Stroma,0.31096377517937657,0.09633347202533786,5.936784444658824e-05,0.7543812853192744,2,4,3.3736491201244836,4,29,0.0,0,0,0.015046109495306291,4.004852887049349,0.005936784444658689,5.607511421544472,True,True,False,False
TGGAGCTAAAGTTCCC-1,6770,2845,ER,CID4290,Stroma,1,6,68,1853,5332,6770,2845,6.986706056129985,False,False,False,True,Stroma,0.3381230707822801,0.004088136852139303,0.007225918238889709,0.0,0,0,3.609219835875974,4,115,0.0,0,0,0.006130868161522847,0.006130868161523316,0.006130868161523145,0.39042108072936094,False,True,False,False
GGGTGGTCCAGCCTGT-1,7062,3024,ER,CID4290,Stroma,1,7,69,1948,5387,7062,3024,4.984423676012461,False,False,False,True,Stroma,0.33639058947589767,0.020139187823643045,6.0358877154095926e-05,0.2940418236601028,2,2,3.7228153295000714,4,130,0.0,0,0,0.22057816115640472,1.454621253759832,0.006035887715409651,0.33268347973265827,False,True,False,False
CATGCATGGAGACCCT-1,15384,4655,ER,CID4290,Invasive cancer + stroma + lymphocytes,1,6,70,1853,5442,15384,4655,5.648725949037962,False,False,False,True,Invasive cancer + stroma + lymphocytes,0.23354369501813727,0.05808722962207947,0.00012854032286831765,0.1803052686229646,1,3,3.239193379634679,4,167,0.0,0,0,0.012854032287067786,0.6379148189962065,0.13444122902035827,5.023512881904314,True,True,False,False
ACACGGCACTATGCAT-1,15271,4827,ER,CID4290,Invasive cancer + stroma + lymphocytes,1,7,71,1948,5496,15271,4827,2.468731582738524,False,False,False,True,Invasive cancer + stroma + lymphocytes,0.1842792896546957,0.004938205492850073,8.660089105786502e-05,0.0,0,0,2.851468050909551,4,143,0.0,0,0,0.00866008910578681,0.008660089106048131,0.008660089105857999,0.46784028196731436,False,False,False,False
CCCTGGTATGGGCGGC-1,25929,5830,ER,CID4290,Invasive cancer + stroma + lymphocytes,1,6,72,1853,5551,25929,5830,4.720583130857341,False,False,False,True,Invasive cancer + stroma + lymphocytes,0.18482537566975013,0.004143590362046324,9.148282707923399e-05,0.0,0,0,2.919392813167204,4,223,0.0,0,0,0.009148282710913185,0.009148282710173915,0.009148282706225605,0.38691418807731975,False,False,False,False
CCGCTGGTGCCATTCA-1,18680,5121,ER,CID4290,Invasive cancer + stroma + lymphocytes,1,6,74,1853,5660,18680,5121,4.555674518201284,False,False,False,True,Invasive cancer + stroma + lymphocytes,0.2962416700665485,0.002985634603633392,5.907882560425345e-05,0.07145776382178716,1,1,3.444606400066535,4,303,0.0,0,0,0.005907882560194049,0.005907882560206485,0.005907882558204305,0.28083981268473435,False,True,False,False
TCGGAATGACCATCAA-1,19424,5324,ER,CID4290,Invasive cancer + stroma + lymphocytes,1,6,76,1853,5769,19424,5324,4.355436573311367,False,False,False,True,Invasive cancer + stroma + lymphocytes,0.3169036393517427,0.0012006940103112432,5.954211440003903e-05,0.0,0,0,3.4624417500123608,4,347,0.13843375099495916,1,1,0.005954211439778709,0.005954211439894877,0.10220676671167198,0.005954211439778767,False,True,False,False
GATGTGTTGTCACAAG-1,18645,5208,ER,CID4290,Invasive cancer + stroma + lymphocytes,1,6,78,1852,5879,18645,5208,3.8079914186108876,False,False,False,True,Invasive cancer + stroma + lymphocytes,0.2691132024886562,0.0010368623852652784,6.099127999237187e-05,0.0,0,0,3.3481584305551424,4,325,0.0,0,0,0.0060991279995699635,0.006099127999752126,0.08538885452763556,0.0060991279995701924,False,True,False,False
ACCCTTTAGTTCTCCA-1,13072,4010,ER,CID4290,Invasive cancer + stroma + lymphocytes,1,6,80,1852,5988,13072,4010,7.856487148102816,False,False,False,True,Invasive cancer + stroma + lymphocytes,0.1501053882263166,0.00024106938478462442,6.026734619879965e-05,0.0,0,0,2.7910138906977684,4,117,0.0,0,0,0.006026734619796093,0.006026734619647984,0.006026734619222115,0.00602673461979625,False,False,False,False
TATGATAAATCTAACG-1,4232,1914,ER,CID4290,Invasive cancer + stroma + lymphocytes,1,6,82,1852,6097,4232,1914,4.44234404536862,False,False,False,True,Invasive cancer + stroma + lymphocytes,0.14084136397203373,0.000249202777802558,6.230069446866756e-05,0.0,0,0,2.9681574046260897,4,36,0.0,0,0,0.006230069444953105,0.006230069445092447,0.006230069445105226,0.0062300694451050236,False,False,False,False
GATCCTCTTGCGCTTA-1,30882,6383,ER,CID4290,Invasive cancer + stroma,1,7,83,1947,6152,30882,6383,9.238391295900525,False,False,False,True,Invasive cancer + stroma,0.09667549874254398,0.003532068439179352,9.627107400778555e-05,0.0,0,0,2.315481640200665,4,138,0.0,0,0,0.009627107402621009,0.00962710740673196,0.009627107399197605,0.3243255217093846,False,False,False,False
TTAAGACGAACGAACC-1,17416,4871,ER,CID4290,Invasive cancer + stroma + lymphocytes,1,6,96,1852,6862,17416,4871,4.438447404685347,False,False,False,True,Invasive cancer + stroma + lymphocytes,0.23558635799154995,0.00024681796972536227,6.170449242945975e-05,0.07562291010667689,1,1,3.312999882106586,4,240,0.0,0,0,0.0061704492432451945,0.006170449243245315,0.006170449242800718,0.006170449243245003,False,True,False,False
AGAGTTAGAGACCGAT-1,15773,4868,ER,CID4290,Invasive cancer + stroma + lymphocytes,1,6,98,1852,6971,15773,4868,3.4933113548468904,False,False,False,True,Invasive cancer + stroma + lymphocytes,0.2277101334107289,0.017163045403380758,0.005060793898630337,0.0,0,0,3.192930735644106,4,201,0.0,0,0,0.00582477930109939,0.005824779301099313,0.005824779300213392,1.6988302024356634,False,True,False,False
CTCGAATGGAACGTAT-1,13027,4190,ER,CID4290,Invasive cancer + stroma + lymphocytes,1,6,100,1852,7080,13027,4190,4.0607968066323785,False,False,False,True,Invasive cancer + stroma + lymphocytes,0.37692648326788375,0.029092971713732395,5.740414625275082e-05,0.37976220917337017,4,4,4.063335247467653,4,385,0.18988110458668508,1,1,0.005740414625274971,2.4897232750526124,0.005740414625529161,0.40809306706982296,False,True,False,False
CTAAGTACAGGGCTAC-1,7289,2956,ER,CID4290,Invasive cancer + stroma + lymphocytes,1,6,102,1852,7189,7289,2956,4.115790917821375,False,False,False,True,Invasive cancer + stroma + lymphocytes,0.37767915298296706,0.02625006495340281,5.749667411075428e-05,0.14395068312042716,1,1,3.9042735382352736,4,204,0.0,0,0,1.7694706278711214,0.005749667411074688,0.8440365326470101,0.005749667411074903,False,True,False,False
CATGGAAATGGGACCA-1,11508,4001,ER,CID4290,Invasive cancer + stroma + lymphocytes,1,6,104,1852,7299,11508,4001,4.423010079944387,False,False,False,True,Invasive cancer + stroma + lymphocytes,0.3178180702079919,0.014191573025327904,0.0028933969912392464,0.0,0,0,3.4214472836515717,4,207,0.0,0,0,0.008629263102561296,0.00862926310256167,0.008629263102510427,1.393269513225157,False,True,False,False
CACGACGTAATAGTAA-1,14588,4370,ER,CID4290,Invasive cancer + stroma + lymphocytes,1,6,106,1852,7408,14588,4370,3.674252810529202,False,False,False,True,Invasive cancer + stroma + lymphocytes,0.1974916775452847,0.010809363425310952,8.429851468530547e-05,0.0,0,0,3.246983947558462,4,186,0.0,0,0,0.00842985146876972,0.008429851468906641,0.008429851468770018,1.055646788124649,False,True,False,False
CGGGTTCGGCACGTAT-1,9960,3554,ER,CID4290,Invasive cancer + stroma + lymphocytes,1,7,107,1947,7463,9960,3554,4.819277108433735,False,False,False,True,Invasive cancer + stroma + lymphocytes,0.25893869664817226,0.02180556684679876,8.620138689106398e-05,0.0,0,0,3.530571163427373,4,174,0.0,0,0,0.00862013868895449,0.00862013868895636,0.008620138688827612,2.1546962686131375,False,True,False,False
CTGGGCTATCCTTTGG-1,11858,3850,ER,CID4290,Invasive cancer + stroma + lymphocytes,1,6,108,1852,7517,11858,3850,3.4322820037105752,False,False,False,True,Invasive cancer + stroma + lymphocytes,0.19635219456372882,0.025994715261864892,6.125854358997619e-05,0.10192737366155097,1,1,3.027936457523255,4,125,0.0,0,0,0.006125854358998718,0.006125854358995663,0.0061258543587182366,2.5810939631097765,False,True,False,False
GTATTAGGGTTCGCGT-1,7514,3051,ER,CID4290,Invasive cancer + stroma + lymphocytes,1,7,109,1947,7572,7514,3051,3.1008783603939314,False,False,False,True,Invasive cancer + stroma + lymphocytes,0.35424713504823097,0.00024141252691246848,6.035313172811709e-05,0.0,0,0,3.8687997661550195,4,213,0.0,0,0,0.006035313172811925,0.0060353131728118955,0.006035313172811513,0.006035313172811513,False,True,False,False
TCATTCGTATAATTTG-1,10611,3840,ER,CID4290,Invasive cancer + stroma + lymphocytes,1,6,110,1852,7626,10611,3840,2.7612854584864763,False,False,False,True,Invasive cancer + stroma + lymphocytes,0.36634418342073993,0.009587005911219682,5.811608115141449e-05,0.0,0,0,3.978183978730937,4,312,0.0,0,0,0.005811608115089212,0.9412657667767012,0.005811608115088861,0.005811608115088918,False,True,False,False
AATAGCAAGCCTCCTG-1,13874,4497,ER,CID4290,Invasive cancer + stroma + lymphocytes,1,7,111,1947,7681,13874,4497,4.418336456681563,False,False,False,True,Invasive cancer + stroma + lymphocytes,0.27758349550453537,0.0028657654749830357,0.000817568863527091,0.0,0,0,3.515116387188035,4,276,0.0,0,0,0.008675282909454303,0.26055069877159326,0.008675282907801925,0.008675282909454105,False,True,False,False
CATCTACCCGAGAACG-1,10183,3737,ER,CID4290,Invasive cancer + stroma + lymphocytes,1,6,112,1851,7736,10183,3737,1.7971128351173524,False,False,False,True,Invasive cancer + stroma + lymphocytes,0.31585709454821254,0.00024609065521451515,6.152266381456439e-05,0.0,0,0,3.6725667989921345,4,221,0.0,0,0,0.00615226638052138,0.006152266380521309,0.006152266379887156,0.0061522663805216714,False,True,False,False
GCTTCAGTGGGATTAC-1,7508,3027,ER,CID4290,Invasive cancer + stroma + lymphocytes,1,7,113,1946,7790,7508,3027,7.192328183271178,False,False,False,True,Invasive cancer + stroma + lymphocytes,0.35079960895634443,0.0053181297558392284,6.298448423260213e-05,0.0,0,0,3.6392847474781096,4,166,0.0,0,0,0.006298448423286225,0.006298448423285958,0.00629844842328602,0.5129176303140647,False,True,False,False
TCTGTGATGGAGGTTG-1,2263,1250,ER,CID4290,Invasive cancer + stroma + lymphocytes,1,6,114,1851,7845,2263,1250,4.021210782147592,False,False,False,True,Invasive cancer + stroma + lymphocytes,0.4036115150065264,0.027963717448429983,6.215728077766755e-05,0.0,0,0,4.053854438135826,4,80,0.0,0,0,0.006215728086694114,0.006215728086694984,0.006215728086694761,2.777724560582915,False,True,False,False
ATCCACTTTCAGACTA-1,1368,846,ER,CID4290,Invasive cancer + stroma + lymphocytes,1,7,115,1946,7899,1368,846,5.33625730994152,False,False,False,True,Invasive cancer + stroma + lymphocytes,0.2733607086693048,0.0002418437754579123,6.046094355639942e-05,0.0,0,0,3.6078219294975202,4,33,0.0,0,0,0.006046094387032551,0.006046094384691712,0.00604609438703335,0.006046094387033615,False,True,False,False
ATGGTTACGAAACATG-1,3130,1691,ER,CID4290,Invasive cancer + stroma + lymphocytes,1,6,116,1851,7954,3130,1691,3.738019169329074,False,False,False,True,Invasive cancer + stroma + lymphocytes,0.4122589558848639,0.010267063543884295,0.006561602235905528,0.0,0,0,3.7862403377975795,4,90,0.0,0,0,1.0094672114654337,0.005746380974331812,0.005746380974331905,0.005746380974332009,False,True,False,False
CCCAACCACACTAACA-1,7434,3010,ER,CID4290,Stroma,1,8,66,2043,5223,7434,3010,14.837234328759752,False,False,False,True,Stroma,0.2616528540707086,0.03244019409016283,0.000139154615156572,0.14205970845238733,1,1,3.178975680420577,4,80,0.0,0,0,0.7186969500198641,0.013915461515657201,0.0172330165199482,2.494173980960813,True,True,False,False
CACCGCCGACCAGCGA-1,5471,2473,ER,CID4290,Stroma,1,9,67,2138,5278,5471,2473,4.77060866386401,False,False,False,True,Stroma,0.17319332435763013,0.00016183228834517415,4.0458072087915455e-05,0.0,0,0,2.9464658485527724,4,47,0.0,0,0,0.004045807208789361,0.00404580721846463,0.00404580719847377,0.004045807208789653,False,False,False,False
TGGTATCGCATCCCAA-1,2764,1473,ER,CID4290,Stroma,1,8,68,2043,5333,2764,1473,5.933429811866859,False,False,False,True,Stroma,0.10946207306155373,0.000162368626688873,4.0592156674258006e-05,0.0,0,0,1.9876717220598978,3,11,0.0,0,0,0.004059215667420529,0.004059215666625523,0.004059215667420454,0.004059215667420794,False,False,False,False
CAGAGTGATTTAACGT-1,4576,2209,ER,CID4290,Stroma,1,9,69,2138,5387,4576,2209,3.715034965034965,False,False,False,True,Stroma,0.27527682096383976,0.0052499313401158446,5.4427063812188355e-05,0.0,0,0,3.5502006140779496,4,73,0.0,0,0,0.0054427063812189065,0.5086650148679275,0.005442706381218978,0.005442706381219101,False,True,False,False
AACCCTGGTGGAACCA-1,9474,3606,ER,CID4290,Stroma,1,8,70,2043,5442,9474,3606,5.573147561747942,False,False,False,True,Stroma,0.23825798635072795,0.00022675691056912823,5.668922764231788e-05,0.0,0,0,3.025196915914826,4,114,0.0,0,0,0.005668922764231833,0.005668922764231824,0.005668922764217342,0.005668922764231824,False,True,False,False
GATGTCGGTCAACTGC-1,14425,4660,ER,CID4290,Invasive cancer + stroma,1,9,73,2138,5606,14425,4660,3.5493934142114387,False,False,False,True,Invasive cancer + stroma,0.11588493228636688,0.0038650468532964496,0.0002081829059509698,0.0,0,0,2.7106573694986764,4,97,0.0,0,0,0.008797451189223383,0.008797451189334763,0.36011233176186325,0.008797451189223555,False,False,False,False
AGGGCAGCGGCGTGGT-1,10778,3806,ER,CID4290,Invasive cancer + stroma,1,8,74,2043,5660,10778,3806,5.900909259602895,False,False,False,True,Invasive cancer + stroma,0.21265710899473333,0.00025112596920612697,6.278149230219056e-05,0.0,0,0,3.2765810460012985,4,136,0.0,0,0,0.006278149230219588,0.00627814923022009,0.006278149229953258,0.006278149230219764,False,True,False,False
ACATCGTTAACCTAGT-1,15061,4574,ER,CID4290,Invasive cancer + stroma,1,9,75,2138,5715,15061,4574,2.4566761835203508,False,False,False,True,Invasive cancer + stroma,0.12483937471730433,0.0019167030165260328,0.0037713122044299064,0.0,0,0,2.5770634476742487,4,83,0.1697347438906355,1,1,0.005942050511059483,0.005942050511059357,0.17384415011942492,0.005942050511059522,False,False,False,False
TCCATTGTGACCTCGT-1,8091,3089,ER,CID4290,Invasive cancer + stroma,1,8,76,2043,5769,8091,3089,5.932517612161662,False,False,False,True,Invasive cancer + stroma,0.1873442817834536,0.008979953074342014,9.26547167519163e-05,0.0,0,0,2.9035883189332035,4,85,0.0,0,0,0.009265471675141848,0.33848582682443135,0.540978537259487,0.00926547167514116,False,False,False,False
TGTTTAATACTTCATC-1,11587,3726,ER,CID4290,Invasive cancer + stroma,1,9,77,2138,5824,11587,3726,3.296798135841892,False,False,False,True,Invasive cancer + stroma,0.14999709254682908,0.02876480151473709,8.821861994387637e-05,0.0,0,0,2.7993228770052014,4,83,0.0,0,0,0.00882186199439666,0.008821861994397506,0.008821861994395544,2.8500145654905196,False,False,False,False
TTGCTGGCCGGGCTTC-1,7148,2988,ER,CID4290,Invasive cancer + stroma,1,8,78,2043,5879,7148,2988,5.344152210408506,False,False,False,True,Invasive cancer + stroma,0.12402158914526472,0.025818225172885366,8.716611955751066e-05,0.14584149190642484,1,1,2.5434520313825173,4,37,0.0,0,0,0.9415727162663873,0.008716611955750828,0.008716611955750967,1.6228165771106478,False,False,False,False
CATATTATTTGCCCTA-1,15609,4467,ER,CID4290,Invasive cancer + stroma,1,9,79,2138,5933,15609,4467,4.644756230379909,False,False,False,True,Invasive cancer + stroma,0.15282750629791994,0.007113599272164145,6.08534855423418e-05,0.0,0,0,2.9438907445686406,4,138,0.0,0,0,0.006085348556562883,0.00608534855579857,0.006085348556533933,0.6931038815475191,False,False,False,False
CTGCCTAGCCACCAAG-1,16171,4778,ER,CID4290,Invasive cancer + stroma,1,8,80,2042,5988,16171,4778,4.273081442087688,False,False,False,True,Invasive cancer + stroma,0.12477653076125772,0.007412330658925701,8.670953809521778e-05,0.0,0,0,2.613247273741906,4,95,0.0,0,0,0.008670953809522264,0.008670953809455057,0.008670953808130856,0.715220204465462,False,False,False,False
ACGAGATATTTGCTTA-1,22487,5530,ER,CID4290,Invasive cancer + stroma,1,9,81,2137,6043,22487,5530,4.335838484457686,False,False,False,True,Invasive cancer + stroma,0.09217683713391323,0.004662110865795423,5.982473747214088e-05,0.0,0,0,2.414545334605295,4,101,0.0,0,0,0.43998416186507067,0.0059824737472354336,0.005982473744726747,0.01426197722250948,False,False,False,False
GACTACAATTGCTCGT-1,21945,5423,ER,CID4290,Invasive cancer + stroma,1,8,82,2042,6097,21945,5423,4.237867395762133,False,False,False,True,Invasive cancer + stroma,0.09808853549053516,0.0002544610625520199,6.361526564235583e-05,0.0,0,0,2.117232833134041,4,72,0.0,0,0,0.006361526563733997,0.006361526564448218,0.006361526562784297,0.006361526564235479,False,False,False,False
AACGTGATGAAGGACA-1,26218,5969,ER,CID4290,Invasive cancer + stroma,1,9,83,2137,6152,26218,5969,4.001067968571211,False,False,False,True,Invasive cancer + stroma,0.13047877988653944,0.005163131634243735,9.127471787313178e-05,0.0,0,0,2.970933136181282,4,232,0.0,0,0,0.00912747178818357,0.019541595516716716,0.009127471789116973,0.47851662433035624,False,False,False,False
ACTCTCTTATACACGA-1,10225,3747,ER,CID4290,Invasive cancer + stroma,1,8,84,2042,6206,10225,3747,3.80440097799511,False,False,False,True,Invasive cancer + stroma,0.12415675600309993,0.0008583284845627588,6.184998482780383e-05,0.0,0,0,2.3326268550223483,4,57,0.0,0,0,0.006184998482704183,0.0061849984827041125,0.006184998481972658,0.06727785300889494,False,False,False,False
CGCATCATGGCTTCAG-1,9792,3463,ER,CID4290,Invasive cancer + stroma,1,9,85,2137,6261,9792,3463,5.208333333333334,False,False,False,True,Invasive cancer + stroma,0.13789886240167146,0.00025021838147866286,6.255459536960953e-05,0.0,0,0,2.669227008409629,4,75,0.0,0,0,0.006255459536961167,0.006255459536960943,0.006255459536983119,0.006255459536961054,False,False,False,False
CGGCTCTTCGTCGAAC-1,12456,4204,ER,CID4290,Invasive cancer + stroma,1,8,86,2042,6316,12456,4204,5.186255619781631,False,False,False,True,Invasive cancer + stroma,0.19530769598393027,0.0018231147401613246,8.842280518139393e-05,0.0,0,0,2.8864558522702133,4,113,0.0,0,0,0.008842280512229864,0.008842280518184722,0.155784632467533,0.008842280518184883,False,True,False,False
ATTCTTCGTACTTATG-1,7252,2924,ER,CID4290,Invasive cancer + stroma,1,9,87,2137,6370,7252,2924,4.7710976282404856,False,False,False,True,Invasive cancer + stroma,0.18896858755893836,0.007243811109534027,6.0555938812041804e-05,0.14444179764883203,1,1,3.0545701353603025,4,85,0.0,0,0,0.006055593881214371,0.7062143293096779,0.006055593881296082,0.006055593881214401,False,False,False,False
AGTGAGGGTTTCTGAC-1,7896,3220,ER,CID4290,Invasive cancer + stroma,1,8,88,2042,6425,7896,3220,3.609422492401216,False,False,False,True,Invasive cancer + stroma,0.2262262952045752,0.00022478623226784492,0.012436016707217206,0.0,0,0,3.180048008903226,4,113,0.27274030735221605,1,1,0.005619655806696153,0.005619655806696098,0.005619655806696126,0.0056196558066961165,False,True,False,False
GCCAGGCGTTCGCATG-1,6492,2775,ER,CID4290,Invasive cancer + stroma,1,9,89,2137,6480,6492,2775,5.206407886629698,False,False,False,True,Invasive cancer + stroma,0.1760451013867656,0.0002445029684989479,6.112574212350133e-05,0.0,0,0,2.7565264106080485,4,62,0.0,0,0,0.006112574212474131,0.006112574212472159,0.006112574212474419,0.006112574212474081,False,False,False,False
GACTAACACAGCACCT-1,9940,3642,ER,CID4290,Invasive cancer + stroma,1,8,90,2042,6534,9940,3642,5.754527162977867,False,False,False,True,Invasive cancer + stroma,0.16517044278148937,0.0002347303290293529,5.868258225715083e-05,0.0,0,0,3.144098759866293,4,117,0.0,0,0,0.005868258225716537,0.005868258225719701,0.005868258225782142,0.005868258225716909,False,False,False,False
CAATGGAATCTACATA-1,5747,2563,ER,CID4290,Invasive cancer + stroma,1,9,91,2137,6589,5747,2563,4.210892639638072,False,False,False,True,Invasive cancer + stroma,0.23709912938165725,0.00023197136877749328,5.799284219438111e-05,0.0,0,0,3.176675165352575,4,90,0.0,0,0,0.005799284219437639,0.0057992842194374596,0.005799284219437242,0.005799284219436987,False,True,False,False
GTGGTCAGCGAAGTAT-1,8665,3340,ER,CID4290,Invasive cancer + stroma,1,8,92,2042,6643,8665,3340,6.889786497403347,False,False,False,True,Invasive cancer + stroma,0.20254832200155767,0.01734773869571771,6.403742968059454e-05,0.0,0,0,3.1546599802121924,4,104,0.0,0,0,1.715562640667524,0.006403742968120028,0.006403742968067706,0.0064037429680593285,False,True,False,False
ATGGCTGGAAATGGCC-1,7365,3061,ER,CID4290,Invasive cancer + stroma,1,9,93,2137,6698,7365,3061,5.4989816700611,False,False,False,True,Invasive cancer + stroma,0.1861990850623388,0.01945364829920964,6.0107479146643144e-05,0.0,0,0,2.8086583158304044,4,59,0.0,0,0,0.006010747914656471,0.006010747914657479,0.0060107479146565106,1.9273325861769934,False,False,False,False
TATCACCATGTAAAGT-1,8420,3200,ER,CID4290,Invasive cancer + stroma,1,9,95,2137,6807,8420,3200,7.102137767220902,False,False,False,True,Invasive cancer + stroma,0.11355746405417201,0.004368474378049571,6.255251992800655e-05,0.0,0,0,2.381916504110629,4,44,0.0,0,0,0.006255251996409651,0.006255251996409784,0.006255251996617502,0.41808168181552013,False,False,False,False
AGCGCTTATGGGCAAG-1,3863,1925,ER,CID4290,Invasive cancer + stroma,1,8,96,2042,6862,3863,1925,4.814910691172663,False,False,False,True,Invasive cancer + stroma,0.19423446128481273,0.02914256249241588,5.685683289175163e-05,0.0,0,0,2.69513724080356,3,46,0.0,0,0,0.005685683289173802,0.0056856832891730245,0.09712267089870744,2.8057622117645336,False,False,False,False
AAGCGGCGTCATGGGT-1,5563,2406,ER,CID4290,Invasive cancer + stroma,1,9,97,2137,6916,5563,2406,8.107136437174187,False,False,False,True,Invasive cancer + stroma,0.11115544282434703,0.0020649064557988735,6.498445278970075e-05,0.0,0,0,1.8505837379722483,3,22,0.0,0,0,0.006498445278888065,0.006498445278889939,0.1869953097432194,0.006498445278889961,False,False,False,False
GGCTGAGCATCGTAAG-1,5848,2536,ER,CID4290,Invasive cancer + stroma,1,9,99,2137,7026,5848,2536,6.942544459644323,False,False,False,True,Invasive cancer + stroma,0.19814140723518778,0.00038126249217629993,0.006639082972778472,0.0,0,0,3.2384111884823628,4,65,0.0,0,0,0.009531562304407385,0.009531562304407003,0.009531562304407808,0.009531562304407796,False,True,False,False
TGAAACTTATGCAAGC-1,5548,2681,ER,CID4290,Invasive cancer + stroma,1,11,73,2328,5606,5548,2681,4.866618601297764,False,False,False,True,Invasive cancer + stroma,0.11306231278248229,0.020391668594989087,7.960481351200645e-05,0.0,0,0,2.8803760020040063,4,50,0.0,0,0,2.0152854154453066,0.007960481351200671,0.007960481351200555,0.007960481351200581,False,False,False,False
GCGATTCTGGAAGCAG-1,13111,4500,ER,CID4290,Invasive cancer + stroma,1,10,74,2233,5660,13111,4500,3.6457936084204103,False,False,False,True,Invasive cancer + stroma,0.2080395796859434,0.0002424850540609417,6.06212635150874e-05,0.0,0,0,3.4288158281697805,4,179,0.0,0,0,0.006062126351508295,0.006062126351567367,0.006062126351510142,0.006062126351508364,False,True,False,False
CAAACTATTGAGCTTC-1,4805,2352,ER,CID4290,Invasive cancer + stroma,1,11,75,2328,5715,4805,2352,3.329864724245578,False,False,False,True,Invasive cancer + stroma,0.17932796870081816,0.025833045118223603,5.591291521064912e-05,0.0,0,0,2.848399531718087,4,44,0.0,0,0,2.2706471270776913,0.005591291521064283,0.005591291521064793,0.30147480170253993,False,False,False,False
TAGAATTAAGGGCAAC-1,15756,4741,ER,CID4290,Invasive cancer + stroma,1,10,76,2233,5770,15756,4741,2.767199796902767,False,False,False,True,Invasive cancer + stroma,0.26474799071604943,0.012626084277786118,6.264483413746749e-05,0.0819077274278796,1,1,3.492965288386509,4,245,0.0,0,0,0.006264483413723754,1.2438149775372387,0.006264483413925114,0.006264483413724253,False,True,False,False
CGAAACATAGATGGCA-1,5545,2508,ER,CID4290,Invasive cancer + stroma,1,11,77,2328,5824,5545,2508,4.111812443642922,False,False,False,True,Invasive cancer + stroma,0.1766995502045865,0.00022809854549322756,5.640840673719735e-05,0.0,0,0,2.4463089359114187,4,44,0.0,0,0,0.005640840699712564,0.0056408406997144845,0.005640840699712482,0.005887332450183225,False,False,False,False
GATGGTGCCCTAGGCA-1,12349,4009,ER,CID4290,Invasive cancer + stroma,1,10,78,2233,5879,12349,4009,4.461899748967528,False,False,False,True,Invasive cancer + stroma,0.19966337589499786,0.005222243517390058,5.8005907117697795e-05,0.0,0,0,3.1454050323731737,4,126,0.0,0,0,0.0058005907117697885,0.005800590711757126,0.005800590711568115,0.5048225796039107,False,True,False,False
CCCGCAGGGCCCAAAG-1,3986,1973,ER,CID4290,Invasive cancer + stroma,1,11,79,2328,5934,3986,1973,4.1394882087305565,False,False,False,True,Invasive cancer + stroma,0.17431082920592395,0.00024199803949826487,6.049950986838085e-05,0.0,0,0,2.797821620794844,4,30,0.0,0,0,0.006049950987456902,0.006049950987455642,0.006049950987456892,0.00604995098745705,False,False,False,False
ACAGCGCACCCGCAGC-1,5227,2403,ER,CID4290,Invasive cancer + stroma,1,10,80,2233,5988,5227,2403,4.381098144251004,False,False,False,True,Invasive cancer + stroma,0.15074300507196467,0.011007127030678503,5.6923805588036576e-05,0.0,0,0,2.875248229515769,4,45,0.0,0,0,0.19057941192468372,0.0056923805588035385,0.18442511396428476,0.7200157966200784,False,False,False,False
GGTAAATGTGCGTTAC-1,5185,2386,ER,CID4290,Invasive cancer + stroma,1,11,81,2328,6043,5185,2386,3.259402121504339,False,False,False,True,Invasive cancer + stroma,0.25905905075742497,0.00043026354710733373,6.018159360147611e-05,0.0,0,0,3.356055531449973,4,63,0.0,0,0,0.006018159360146101,0.006018159360144581,0.024971876630296777,0.006018159360145914,False,True,False,False
GTCCTTCTAGTGGGTT-1,8890,3381,ER,CID4290,Invasive cancer + stroma,1,10,82,2232,6097,8890,3381,3.622047244094488,False,False,False,True,Invasive cancer + stroma,0.2308223358069644,0.033703034980749794,6.064148494011577e-05,0.0,0,0,3.2605490721707295,4,98,0.0,0,0,3.3521110525929445,0.006064148494011537,0.006064148494011566,0.006064148494011547,True,True,True,False
GGAAGCTCGCTTACAG-1,4562,2045,ER,CID4290,Invasive cancer + stroma,1,11,83,2327,6152,4562,2045,4.186760192897852,False,False,False,True,Invasive cancer + stroma,0.11834632756687422,0.009158394170618341,6.0701925201893804e-05,0.19344237868505385,1,1,2.7706649684689273,4,28,0.0,0,0,0.875641675904386,0.0060701925201921,0.006070192520189815,0.028057356117066133,False,False,False,False
CACCGATACACCGAGC-1,13582,4086,ER,CID4290,Invasive cancer + stroma,1,10,84,2232,6207,13582,4086,3.548814607568841,False,False,False,True,Invasive cancer + stroma,0.05104670451364553,0.0002599820622674309,6.499551556764806e-05,0.0,0,0,1.8206761763731887,4,35,0.0,0,0,0.006499551556950415,0.006499551556963768,0.006499551555878929,0.006499551556949981,False,False,False,False
CAGCCGGGCCCTCTAT-1,18121,4489,ER,CID4290,Invasive cancer + stroma,1,11,85,2327,6261,18121,4489,5.717123779040892,False,False,False,True,Invasive cancer + stroma,0.0916322121164484,0.007736860795858501,6.757742755476555e-05,0.0,0,0,2.265442352375339,4,66,0.0,0,0,0.7534128513121451,0.0067577427571450755,0.006757742760055671,0.006757742756504353,False,False,False,False
CGGAGCTTATAACACC-1,23123,5415,ER,CID4290,Invasive cancer + stroma,1,10,86,2232,6316,23123,5415,4.735544695757471,False,False,False,True,Invasive cancer + stroma,0.13596973619134875,0.004576518619767945,6.454212504060498e-05,0.0,0,0,2.7527956992852975,4,167,0.0,0,0,0.006454212503926889,0.006454212503650733,0.43828922446528995,0.006454212503926995,False,False,False,False
ATTACAACTACCGGCC-1,32663,6184,ER,CID4290,Invasive cancer + stroma,1,11,87,2327,6370,32663,6184,4.632152588555858,False,False,False,True,Invasive cancer + stroma,0.059931067696800386,0.0038455153214294563,6.780679663768874e-05,0.0,0,0,1.9298691003887178,4,83,0.0,0,0,0.3642094931540733,0.006780679660207006,0.0067806796657184885,0.006780679662946834,False,False,False,False
TCCTCTGGCCCATTAG-1,12075,3733,ER,CID4290,Invasive cancer + stroma,1,10,88,2232,6425,12075,3733,4.977225672877847,False,False,False,True,Invasive cancer + stroma,0.1390323248403911,0.00716804644440914,9.128935717444792e-05,0.0,0,0,2.7804961840500066,4,79,0.0,0,0,0.009128935717367802,0.009128935717367405,0.009128935713949335,0.6894178372922295,False,False,False,False
CGGCACCGTTAGCGCC-1,16417,4425,ER,CID4290,Invasive cancer + stroma,1,11,89,2327,6480,16417,4425,6.3470792471218855,False,False,False,True,Invasive cancer + stroma,0.1399345211650654,0.00037055444550073606,9.263861137567466e-05,0.0,0,0,2.6730375551960996,4,115,0.0,0,0,0.009263861138381147,0.009263861138077137,0.009263861135234136,0.009263861138381188,False,False,False,False
TCGGTCCCTGACTCCA-1,10263,3575,ER,CID4290,Invasive cancer + stroma,1,10,90,2232,6534,10263,3575,3.975445776088863,False,False,False,True,Invasive cancer + stroma,0.15260182264179564,0.005775760297196799,8.900995252974143e-05,0.0,0,0,2.8104499734578656,4,74,0.0,0,0,0.008900995252974012,0.008900995252974215,0.29987508896750215,0.2598989502462295,False,False,False,False
TGGTTGGAGGATCCTG-1,15214,4438,ER,CID4290,Invasive cancer + stroma,1,11,91,2327,6589,15214,4438,4.384119889575391,False,False,False,True,Invasive cancer + stroma,0.055363827526798984,0.005386060309376842,0.00151966777753797,0.0,0,0,1.9439106507147539,4,47,0.0,0,0,0.006227418182150355,0.00622741818140591,0.15695233479274665,0.3691988597813813,False,False,False,False
CTGCGGTAGTCACGTG-1,11103,3748,ER,CID4290,Invasive cancer + stroma,1,10,92,2232,6643,11103,3748,5.1787805097721336,False,False,False,True,Invasive cancer + stroma,0.14857300247976807,0.011781447583413306,6.1014593651024175e-05,0.0,0,0,2.9023599895749146,4,85,0.0,0,0,0.006101459365099316,0.006101459365101673,0.006101459364119493,1.15984038024701,False,False,False,False
GTGCCTCAGTGTACGG-1,14941,4525,ER,CID4290,Invasive cancer + stroma,1,11,93,2327,6698,14941,4525,3.426812127702296,False,False,False,True,Invasive cancer + stroma,0.09968891834474698,0.0002571455952905952,6.42863988170232e-05,0.0,0,0,2.367256319690779,4,75,0.0,0,0,0.006428639881955564,0.006428639882094372,0.00642863988305382,0.0064286398819557635,False,False,False,False
ATCGTTCACTTTCGCC-1,8638,3052,ER,CID4290,Invasive cancer + stroma,1,10,94,2232,6753,8638,3052,4.966427413753183,False,False,False,True,Invasive cancer + stroma,0.12052936733119374,0.014491981198908144,6.274993863181843e-05,0.0,0,0,2.8154014819014055,4,69,0.0,0,0,0.006274993863182936,0.006274993863183356,0.006274993862840504,1.4303731383016078,False,False,False,False
ACTTACCGGGCGCGCA-1,17479,4646,ER,CID4290,Invasive cancer + stroma,1,11,95,2327,6807,17479,4646,5.143314834944791,False,False,False,True,Invasive cancer + stroma,0.08128280066427032,0.010698627904160235,6.800858757963571e-05,0.0,0,0,2.3339978714308858,4,72,0.0,0,0,1.0494602141389369,0.00680085875727517,0.006800858761222769,0.0068008587585885035,False,False,False,False
CTAGACTGCATTTCGT-1,4952,2276,ER,CID4290,Invasive cancer + stroma,1,10,96,2232,6862,4952,2276,6.340872374798061,False,False,False,True,Invasive cancer + stroma,0.16098612800684212,0.0016591181724762278,6.481300405780005e-05,0.0,0,0,3.0230916897769466,4,50,0.0,0,0,0.006481300405778168,0.0064813004061856395,0.006481300405340528,0.14646791603031845,False,False,False,False
TTGCCGGTGATCCCTC-1,7328,2670,ER,CID4290,Invasive cancer + stroma,1,11,97,2327,6917,7328,2670,7.505458515283843,False,False,False,True,Invasive cancer + stroma,0.18981868694507714,0.0004106044146883725,0.008143398994517414,0.0,0,0,3.3451701751475253,4,95,0.0,0,0,0.01026511036741678,0.010265110367417682,0.010265110366586418,0.01026511036741637,False,False,False,False
CTGTCACGCCAGGCGC-1,9526,3521,ER,CID4290,Invasive cancer + stroma,1,10,98,2232,6971,9526,3521,7.757715725383162,False,False,False,True,Invasive cancer + stroma,0.08735008228624859,0.00025729205990536176,6.432301498579567e-05,0.0,0,0,2.658313474952125,4,51,0.0,0,0,0.0064323014984997645,0.006432301498499933,0.006432301495036442,0.006432301498500037,False,False,False,False
CGGTATAGGTATTAGC-1,10819,3571,ER,CID4290,Invasive cancer + stroma,1,11,99,2327,7026,10819,3571,6.303724928366762,False,False,False,True,Invasive cancer + stroma,0.14926726812021443,0.0002634708448856815,6.586771154824688e-05,0.0,0,0,2.999589976803261,4,93,0.0,0,0,0.00658677112224335,0.006586771122259651,0.006586771121821887,0.006586771122243264,False,False,False,False
CCAACGCTTGCCAGGG-1,11360,3927,ER,CID4290,Invasive cancer + stroma,1,10,100,2232,7080,11360,3927,5.176056338028169,False,False,False,True,Invasive cancer + stroma,0.10895566412136488,0.017345540672166575,6.406694995566725e-05,0.0,0,0,2.5776799758053057,4,62,0.0,0,0,0.006406694996052854,0.006406694996052812,0.006406694995847381,1.7153339822287044,False,False,False,False
CGTTGAGTAATTGCGT-1,5169,2421,ER,CID4290,Invasive cancer + stroma,1,11,101,2327,7135,5169,2421,3.75314374153608,False,False,False,True,Invasive cancer + stroma,0.2550426323086303,0.00023589775827650473,5.897443936164387e-05,0.0,0,0,3.362954870795906,4,68,0.0,0,0,0.0058974439569142514,0.00589744395690793,0.005897443956914059,0.0058974439569142315,False,True,False,False
TGTATTTACCTAATGC-1,3805,1996,ER,CID4290,Invasive cancer + stroma,1,10,102,2232,7190,3805,1996,4.862023653088042,False,False,False,True,Invasive cancer + stroma,0.19375104911881832,0.0002622264553493275,0.002586744473032244,0.0,0,0,2.9178786386727245,4,36,0.0,0,0,0.006555661383733234,0.006555661383733011,0.006555661383733289,0.006555661383733213,False,False,False,False
TAAATGCCGTCTCATG-1,7241,2932,ER,CID4290,Invasive cancer + stroma,1,11,103,2327,7244,7241,2932,3.894489711365833,False,False,False,True,Invasive cancer + stroma,0.15787372725201965,0.0022215227509209375,5.812608676059271e-05,0.0,0,0,3.1761202706958516,4,81,0.0,0,0,0.005812608675999459,0.005812608675996494,0.005812608675999364,0.20471444906409844,False,False,False,False
CGGTTTATGAAGGAAC-1,6125,2585,ER,CID4290,Invasive cancer + stroma,1,10,104,2232,7299,6125,2585,4.8979591836734695,False,False,False,True,Invasive cancer + stroma,0.17900979921084467,0.0002386490578901927,5.966226447217219e-05,0.0,0,0,2.9796171064509456,4,62,0.0,0,0,0.005966226447215236,0.005966226447215411,0.0059662264473730854,0.005966226447215539,False,False,False,False
GCAAGATGTGTTCGCG-1,13345,4266,ER,CID4290,Invasive cancer + stroma,1,11,105,2327,7354,13345,4266,3.9190708130385916,False,False,False,True,Invasive cancer + stroma,0.10863340979812086,0.0016094847187525542,6.182653147624043e-05,0.0,0,0,2.624932229262666,4,71,0.0,0,0,0.14240051243090582,0.006182653147868444,0.006182653148612444,0.006182653147868706,False,False,False,False
GTACGTCACGTATTAA-1,9269,3360,ER,CID4290,Invasive cancer + stroma,1,11,107,2327,7463,9269,3360,4.03495522710109,False,False,False,True,Invasive cancer + stroma,0.07541227540074087,0.010988485726874846,6.178214133110971e-05,0.0,0,0,2.1753234157192396,4,33,0.0,0,0,1.0803139302888474,0.006178214133111414,0.006178214132415498,0.006178214133110377,False,False,False,False
ATTGTGACTTCGCTGC-1,11950,3643,ER,CID4290,Invasive cancer + stroma,1,11,109,2327,7572,11950,3643,5.648535564853557,False,False,False,True,Invasive cancer + stroma,0.10923182113262996,0.005559670444402407,6.379406977897247e-05,0.0,0,0,2.6620874192309927,4,70,0.0,0,0,0.006379406977925517,0.006379406977928791,0.0063794069773277845,0.5368288235070586,False,False,False,False
GAGACCCTGCAACGCC-1,7669,2961,ER,CID4290,Invasive cancer + stroma,1,11,111,2327,7681,7669,2961,4.303038205763463,False,False,False,True,Invasive cancer + stroma,0.15493736898380078,0.0002476881856085991,6.192204640233622e-05,0.0,0,0,2.8064245121466347,4,77,0.0,0,0,0.00619220464023355,0.006192204640233338,0.00619220464015932,0.006192204640233702,False,False,False,False
GAAACTCTAATGAAGG-1,5117,2397,ER,CID4290,Invasive cancer + stroma,1,13,73,2518,5606,5117,2397,5.823724838772718,False,False,False,True,Invasive cancer + stroma,0.17137105040019654,0.015873551347504,6.0616097923362694e-05,0.0,0,0,2.883114414794596,4,45,0.0,0,0,0.006061609797402801,0.006061609797403047,0.006061609797402801,1.5691703053581914,False,False,False,False
TTGTATCACACAGAAT-1,4126,2106,ER,CID4290,Invasive cancer + stroma,1,12,74,2423,5660,4126,2106,3.8778477944740666,False,False,False,True,Invasive cancer + stroma,0.15036267684950214,0.004619250834540547,5.535488178834317e-05,0.0,0,0,2.5608632808421437,4,22,0.4102362187792235,1,1,0.005535488178834442,0.005535488178833765,0.44531861891755203,0.005535488178834442,False,False,False,False
TTCAAGCCGAGCTGAG-1,5492,2504,ER,CID4290,Invasive cancer + stroma,1,13,75,2518,5715,5492,2504,4.09686817188638,False,False,False,True,Invasive cancer + stroma,0.24145606939047276,0.06449404882075087,6.204859701831062e-05,0.0,0,0,3.439993929590859,4,75,0.5116907298487744,1,2,0.09474370074087023,0.006204859701830485,2.2282067566929316,4.120249564939455,True,True,True,False
AGGTACGATATTGCCA-1,3867,1984,ER,CID4290,Invasive cancer + stroma,1,12,76,2423,5770,3867,1984,3.2841996379622445,False,False,False,True,Invasive cancer + stroma,0.1398979976363438,0.024018393917397723,5.800610737603331e-05,0.2128388173577612,1,1,2.504736735651733,4,24,0.0,0,0,0.005800610737603379,0.005800610737602954,0.005800610737603465,2.3844375595269627,False,False,False,False
TTAAGCCGACAACTTC-1,17046,5003,ER,CID4290,Invasive cancer + stroma,1,13,77,2518,5824,17046,5003,2.70444679103602,False,False,False,True,Invasive cancer + stroma,0.11436105867040361,0.006176106847209422,5.9897922421133236e-05,0.0,0,0,2.6725092565885746,4,97,0.0,0,0,0.013181078683547646,0.5847018674133011,0.013737946381933298,0.005989792242160214,False,False,False,False
GTCTTAGTACAGCCGG-1,9957,3566,ER,CID4290,Invasive cancer + stroma,1,12,78,2423,5879,9957,3566,4.850858692377222,False,False,False,True,Invasive cancer + stroma,0.18923446620823903,0.0012199770690097518,6.198290941642443e-05,0.0,0,0,3.045665392156285,4,102,0.0,0,0,0.0061982909416356665,0.0061982909416369285,0.10340283407606728,0.006198290941635303,False,False,False,False
TGGGTAAGGTTCCCGC-1,16963,5006,ER,CID4290,Invasive cancer + stroma,1,13,79,2518,5934,16963,5006,2.210693863113836,False,False,False,True,Invasive cancer + stroma,0.19334007686887078,0.010309129940606907,5.981517511570916e-05,0.0,0,0,3.1512174121995056,4,202,0.0,0,0,1.0129684415278728,0.005981517511608026,0.00598151750960167,0.005981517511608046,False,False,False,False
CTACGCCATTTCCGAT-1,9472,3230,ER,CID4290,Invasive cancer + stroma,1,12,80,2423,5988,9472,3230,5.711570945945946,False,False,False,True,Invasive cancer + stroma,0.13413381804008243,0.0026576940141008754,6.218228320213184e-05,0.0,0,0,2.7076710453113537,4,69,0.0,0,0,0.006218228320213184,0.006218228320213163,0.24711471644944796,0.006218228320213235,False,False,False,False
GACCGTCAGGTCGTGA-1,25952,5720,ER,CID4290,Invasive cancer + stroma,1,13,81,2518,6043,25952,5720,6.2654130702836,False,False,False,True,Invasive cancer + stroma,0.10660665514625756,0.01311475123633273,9.456519434370576e-05,0.0,0,0,2.4936547444867547,4,137,0.0,0,0,0.00945651943374195,0.5289367541828337,0.00945651943484751,0.7636253305818499,False,False,False,False
TAGTTAAGATAGGATA-1,14430,4162,ER,CID4290,Invasive cancer + stroma,1,12,82,2423,6097,14430,4162,6.153846153846154,False,False,False,True,Invasive cancer + stroma,0.15626758837791216,0.014487436931616042,9.610688643937215e-05,0.0,0,0,2.756872604621015,4,106,0.0,0,0,0.7401568918763207,0.00961068864393784,0.009610688644828029,0.6893654239965176,False,False,False,False
GAATATTCGGAGTCCC-1,19977,5245,ER,CID4290,Invasive cancer + stroma,1,13,83,2518,6152,19977,5245,4.279921910196726,False,False,False,True,Invasive cancer + stroma,0.1702589230664623,0.008905236575144236,6.027436446802044e-05,0.0,0,0,2.9530719393281184,4,170,0.0,0,0,0.006027436446932613,0.3615794537810762,0.02591561976336859,0.49700114752304625,False,False,False,False
CAAACTACGATAGAGA-1,31180,6166,ER,CID4290,Invasive cancer + stroma,1,12,84,2422,6207,31180,6166,6.77036561898653,False,False,False,True,Invasive cancer + stroma,0.11059927221398234,0.0004004218585210967,0.00010010546461639834,0.0,0,0,2.516545296030611,4,151,0.0,0,0,0.010010546459410265,0.010010546468572223,0.01001054646471695,0.01001054645941023,False,False,False,False
CAGGAAGACTTTATAT-1,23117,5309,ER,CID4290,Invasive cancer + stroma,1,13,85,2517,6261,23117,5309,6.497382878401177,False,False,False,True,Invasive cancer + stroma,0.12493335801216231,0.01723597475131179,6.472578066324458e-05,0.0,0,0,2.7578703995470923,4,163,0.0,0,0,0.006472578067826039,0.006472578067408571,0.006472578063393355,1.7041797409325512,False,False,False,False
TTCGTAATCCCAGCGG-1,23270,5238,ER,CID4290,Invasive cancer + stroma,1,12,86,2422,6316,23270,5238,7.030511388053287,False,False,False,True,Invasive cancer + stroma,0.11463046952193887,0.006659961804018976,9.581809190469171e-05,0.0,0,0,2.8034473279942977,4,168,0.0,0,0,0.009581809194036721,0.009581809191453702,0.023288148642462113,0.6235444133739451,False,False,False,False
GTGAGGAGCGGTTGAG-1,25768,5599,ER,CID4290,Invasive cancer + stroma,1,13,87,2517,6371,25768,5599,7.109593294008072,False,False,False,True,Invasive cancer + stroma,0.11511158146757836,0.005318339633939463,6.435965242647869e-05,0.0,0,0,2.857024847255672,4,210,0.0,0,0,0.006435965243457783,0.006435965246605665,0.0064359652439638,0.512526067659919,False,False,False,False
CAATCCCTATACCAGC-1,23850,5168,ER,CID4290,Invasive cancer + stroma,1,12,88,2422,6425,23850,5168,7.509433962264151,False,False,False,True,Invasive cancer + stroma,0.10037209868375632,0.002783722762377562,6.423872299030198e-05,0.0,0,0,2.8458690091202246,4,170,0.0,0,0,0.25910065933822746,0.0064238722973554655,0.006423872302609957,0.006423872299563325,False,False,False,False
AGGGAAACGAGGTACT-1,20077,5011,ER,CID4290,Invasive cancer + stroma,1,13,89,2517,6480,20077,5011,6.106490013448225,False,False,False,True,Invasive cancer + stroma,0.11421953738168865,0.018947041323742787,9.367105246111788e-05,0.0,0,0,2.42528114481013,4,104,0.0,0,0,0.009367105245082701,0.00936710524438586,0.009367105242154027,1.866602816642656,False,False,False,False
TCCTGCCAACTGGAGA-1,17540,4567,ER,CID4290,Invasive cancer + stroma,1,12,90,2422,6534,17540,4567,6.459521094640822,False,False,False,True,Invasive cancer + stroma,0.11064305214832143,0.0035238100800052507,9.837718075081431e-05,0.0,0,0,2.2402577050400083,4,77,0.0,0,0,0.009837718075826847,0.009837718071511117,0.009837718074496614,0.3228678537786905,False,False,False,False
AATTTGGGACATAGTA-1,21265,5477,ER,CID4290,Invasive cancer + stroma,1,13,91,2517,6589,21265,5477,2.6616505995767694,False,False,False,True,Invasive cancer + stroma,0.11900545006111297,0.000258519996056485,6.462999900772529e-05,0.0,0,0,2.657434258673978,4,130,0.0,0,0,0.006462999901465047,0.006462999899973945,0.006462999902744671,0.006462999901464836,False,False,False,False
AACTCCTAATCCCATG-1,25989,5724,ER,CID4290,Invasive cancer + stroma,1,12,92,2422,6644,25989,5724,2.624187156104506,False,False,False,True,Invasive cancer + stroma,0.03811483833398769,0.010806242712335958,7.356273738637396e-05,0.0,0,0,1.4135370389097137,4,36,0.0,0,0,1.0585554500258194,0.007356273739188517,0.007356273729358149,0.007356273739229687,False,False,False,False
GCTCATTACTGCATGT-1,17898,4925,ER,CID4290,Invasive cancer + stroma,1,13,93,2517,6698,17898,4925,2.631578947368421,False,False,False,True,Invasive cancer + stroma,0.058587900880068385,0.007471859077329016,6.5755957892508e-05,0.0,0,0,1.9452820691473673,4,55,0.0,0,0,0.006575595788089439,0.006575595788007002,0.006575595785547473,0.7274591203712577,False,False,False,False
TCTCGAACGAGGTCAC-1,21762,5068,ER,CID4290,Invasive cancer + stroma,1,12,94,2422,6753,21762,5068,4.999540483411451,False,False,False,True,Invasive cancer + stroma,0.04008939160855795,0.0002697950323211119,0.0011149524232662686,0.0,0,0,1.7478517739129833,4,48,0.0,0,0,0.0067448758081687385,0.006744875808858132,0.006744875806264001,0.00674487580882032,False,False,False,False
TCACTACGACCAATGC-1,18489,4771,ER,CID4290,Invasive cancer + stroma,1,13,95,2517,6807,18489,4771,5.197685110065444,False,False,False,True,Invasive cancer + stroma,0.06248683375914226,0.0057393744762237915,0.00010057920133840928,0.0,0,0,2.002516308232933,4,58,0.0,0,0,0.010057920135609865,0.01005792013401698,0.010057920132427295,0.543763687220325,False,False,False,False
GTGATGCACAACATCT-1,16693,4307,ER,CID4290,Invasive cancer + stroma,1,12,96,2422,6862,16693,4307,5.391481459294315,False,False,False,True,Invasive cancer + stroma,0.048315239068010614,0.00029836347513649965,7.459086882426693e-05,0.0,0,0,1.8219863951652548,4,39,0.0,0,0,0.007459086879369907,0.007459086879556328,0.007459086875353907,0.007459086879369823,False,False,False,False
CCGACGTAAACACAAC-1,21843,5126,ER,CID4290,Invasive cancer + stroma,1,13,97,2517,6917,21843,5126,6.011079064231104,False,False,False,True,Invasive cancer + stroma,0.08030390112615865,0.009144581136758752,0.00010640093004781606,0.0,0,0,2.2159700242982225,4,78,0.0,0,0,0.882537834670492,0.010640093003507049,0.010640092997555042,0.010640093004321049,False,False,False,False
TGGGATGCACTCATTC-1,11443,3463,ER,CID4290,Invasive cancer + stroma,1,12,98,2422,6971,11443,3463,4.692825308048588,False,False,False,True,Invasive cancer + stroma,0.08838219828653279,0.0002900808730927168,7.252021825821097e-05,0.0,0,0,2.2275445829629317,4,47,0.0,0,0,0.007252021828386428,0.007252021826139789,0.007252021826359092,0.00725202182838637,False,False,False,False
TTCCATCATGCGGTGA-1,10643,3475,ER,CID4290,Invasive cancer + stroma,1,13,99,2517,7026,10643,3475,5.43079958658273,False,False,False,True,Invasive cancer + stroma,0.13541072371240329,0.011669587708607933,9.195299909976694e-05,0.0,0,0,2.8830939147899732,4,94,0.0,0,0,0.009195299910133474,0.009195299910132949,0.23144124000027802,0.9171269310402489,False,False,False,False
TGCACAGTGAAGTTAT-1,9869,3351,ER,CID4290,Invasive cancer + stroma,1,12,100,2422,7080,9869,3351,5.502077211470261,False,False,False,True,Invasive cancer + stroma,0.1625644254379311,0.006499087105031919,9.32888960220352e-05,0.0,0,0,3.1948743824089734,4,102,0.0,0,0,0.009328889602203553,0.009328889602205945,0.009328889600833102,0.6219220416979493,False,False,False,False
CTATTGTGTTTGGTCA-1,9852,3455,ER,CID4290,Invasive cancer + stroma,1,13,101,2517,7135,9852,3455,3.8469346325619167,False,False,False,True,Invasive cancer + stroma,0.16859675972840643,0.0013251913139357924,6.445340411823927e-05,0.0,0,0,2.8039963699234214,4,73,0.0,0,0,0.11318311017704773,0.006445340405433313,0.006445340405549075,0.006445340405549118,False,False,False,False
TGCGAGCCCTTCCGCG-1,15645,4500,ER,CID4290,Invasive cancer + stroma,1,12,102,2422,7190,15645,4500,3.911792905081496,False,False,False,True,Invasive cancer + stroma,0.10912254778613445,0.0003793267638680339,9.48316909428703e-05,0.0,0,0,2.6826966553447065,4,104,0.0,0,0,0.00948316909585615,0.009483169095218801,0.009483169099872265,0.009483169095856173,False,False,False,False
TTGAAAGGTGTAAAGG-1,19247,5088,ER,CID4290,Invasive cancer + stroma,1,13,103,2517,7244,19247,5088,3.558996207201122,False,False,False,True,Invasive cancer + stroma,0.11441154947247782,0.003957415278741621,9.615413824380314e-05,0.0,0,0,2.4931513329785475,4,111,0.0,0,0,0.009615413825313598,0.009615413828441017,0.3668952863950939,0.009615413825313621,False,False,False,False
GGTGCAGAGCCTATCG-1,15603,4355,ER,CID4290,Invasive cancer + stroma,1,12,104,2422,7299,15603,4355,3.6467346023200666,False,False,False,True,Invasive cancer + stroma,0.15467342162174522,0.012022801740043184,9.195688856407087e-05,0.0,0,0,3.033209029742756,4,145,0.0,0,0,0.009195688856406321,0.00919568885671703,0.11206158768583524,1.07182720860536,False,False,False,False
ACTATATGCTGTGTTC-1,14614,4258,ER,CID4290,Invasive cancer + stroma,1,13,105,2517,7354,14614,4258,4.269878198987272,False,False,False,True,Invasive cancer + stroma,0.18129260892692753,0.027611678998311434,9.225268139964711e-05,0.0,0,0,3.194066302333973,4,178,0.0,0,0,0.009225268141254834,0.009225268141623314,0.009225268141186857,2.7334920954070783,False,False,False,False
TCCTGGCGCTGCCTGG-1,14914,4448,ER,CID4290,Invasive cancer + stroma,1,12,106,2422,7408,14914,4448,2.62840284296634,False,False,False,True,Invasive cancer + stroma,0.10135780578836527,0.000247196521033439,6.179913025670666e-05,0.0,0,0,2.5608834053817517,4,84,0.0,0,0,0.006179913026072178,0.006179913026081953,0.0061799130251174415,0.006179913026072328,False,False,False,False
GAGCCGAGCGTTTATT-1,13362,4352,ER,CID4290,Invasive cancer + stroma,1,13,107,2517,7463,13362,4352,2.6717557251908395,False,False,False,True,Invasive cancer + stroma,0.2461147591201609,0.029825533233193535,8.654656193804341e-05,0.0,0,0,3.354157024779008,4,226,0.0,0,0,0.008654656193804804,0.008654656193804263,0.008654656193105454,2.956589354738639,False,True,False,False
AGAATGCGGGTTCGGA-1,20530,5091,ER,CID4290,Invasive cancer + stroma,1,12,108,2422,7517,20530,5091,3.4047735021919143,False,False,False,True,Invasive cancer + stroma,0.17217639168717014,0.0122712088021778,8.895655931463589e-05,0.06613709595265738,1,1,3.2841963430113177,4,258,0.0,0,0,0.008895655931388849,0.008895655930324563,0.250203002175976,0.9591265661800905,False,False,False,False
ATGCGACAATTGGTCC-1,27588,5846,ER,CID4290,Invasive cancer + stroma,1,13,109,2517,7572,27588,5846,3.508771929824561,False,False,False,True,Invasive cancer + stroma,0.07759544268660727,0.024536635081175203,9.494882829151976e-05,0.0,0,0,2.3261265169191923,4,127,0.0,0,0,1.085270173300955,0.02477762143467623,0.009494882819928404,1.3341208305619607,False,False,False,False
TTCCGGCTCGACTTCT-1,12842,3965,ER,CID4290,Invasive cancer + stroma,1,12,110,2422,7627,12842,3965,3.122566578414577,False,False,False,True,Invasive cancer + stroma,0.11370335721650683,0.008454388962813142,8.937703276648832e-05,0.0,0,0,2.8870246400546766,4,92,0.0,0,0,0.008937703276017329,0.00893770327326415,0.28066508773358534,0.5468984019984473,False,False,False,False
TGATTATGGCACGCAG-1,18195,4882,ER,CID4290,Invasive cancer + stroma,1,13,111,2517,7681,18195,4882,4.281395987908766,False,False,False,True,Invasive cancer + stroma,0.09390638782040797,0.01282756213834943,9.161675844923796e-05,0.0,0,0,2.2107104922663723,4,79,0.0,0,0,0.009161675847051076,0.009161675845117501,0.009161675851638778,1.2552711862911357,False,False,False,False
GGTTTGACAAGAAGCT-1,17656,4738,ER,CID4290,Invasive cancer + stroma,1,12,112,2422,7736,17656,4738,5.465564114182148,False,False,False,True,Invasive cancer + stroma,0.12584238049784757,0.009920256711806227,6.160631478951057e-05,0.07479450561081469,1,1,2.840140903993608,4,159,0.0,0,0,0.9735437767425765,0.006160631480942125,0.006160631477948252,0.006160631479155844,False,False,False,False
GCAGCTATGGACAGGT-1,20268,5149,ER,CID4290,Invasive cancer + stroma,1,13,113,2517,7791,20268,5149,4.144464179988159,False,False,False,True,Invasive cancer + stroma,0.10568061813667326,0.016571475530293346,5.958032045510299e-05,0.0,0,0,2.425818890473656,4,113,0.0,0,0,1.6392734568915313,0.005958032045413714,0.005958032045845172,0.005958032046544582,False,False,False,False
CACCATGATCGCAAAG-1,8319,3049,ER,CID4290,Invasive cancer + stroma,1,12,114,2422,7845,8319,3049,4.652001442481067,False,False,False,True,Invasive cancer + stroma,0.09924706951040636,0.00016231958669299284,4.057989667347411e-05,0.0,0,0,2.5493439815837977,4,48,0.0,0,0,0.004057989667347354,0.00405798966734743,0.004057989667257279,0.004057989667347222,False,False,False,False
GTCGGAAGGATACCAG-1,9062,3122,ER,CID4290,Invasive cancer + stroma,1,13,115,2517,7900,9062,3122,7.4597219156919,False,False,False,True,Invasive cancer + stroma,0.11683918223852095,0.015260735954247023,0.003690117413448873,0.12393449637841462,1,1,2.5897709736980663,4,53,0.0,0,0,0.765437094932902,0.009323652189958693,0.009323652190251077,0.7419891961115903,False,False,False,False
GGGCCTATTTAAGTAT-1,3594,1633,ER,CID4290,Stroma,1,13,117,2517,8009,3594,1633,5.314412910406233,False,False,False,True,Stroma,0.12356241988881371,0.011097146078223662,6.315742004703985e-05,0.0,0,0,2.3841503441549685,3,27,0.0,0,0,0.0063157420047065885,0.00631574200470419,0.3985150878080166,0.6985680360049388,False,False,False,False
CCTCGAAGTGGACGGG-1,6098,2714,ER,CID4290,Invasive cancer + stroma,1,15,71,2708,5497,6098,2714,6.411938340439488,False,False,False,True,Invasive cancer + stroma,0.132739457534559,0.05103174235228601,5.6426764035921754e-05,0.0,0,0,2.376288241759717,4,45,0.0,0,0,3.2421369330958383,0.005642676403592358,0.005642676403592276,1.849751949325578,True,False,True,False
CTCTGTTTGAGGATTC-1,8155,3406,ER,CID4290,Invasive cancer + stroma,1,14,72,2613,5551,8155,3406,5.800122624156959,False,False,False,True,Invasive cancer + stroma,0.06421881505615974,0.010166553783959417,6.105723267412325e-05,0.0,0,0,1.8549915016926672,4,21,0.0,0,0,0.006105723267412325,0.006105723267413051,0.00610572326694425,0.998338208594172,False,False,False,False
TGGGCACGTTCTATGG-1,7615,3114,ER,CID4290,Invasive cancer + stroma,1,15,73,2708,5606,7615,3114,4.911359159553513,False,False,False,True,Invasive cancer + stroma,0.21910326969615795,0.019398032705506184,5.7872546349085924e-05,0.0,0,0,3.3528319567487217,4,129,0.0,0,0,0.005787254634908545,0.005787254634908668,0.21440695134040602,1.713821809940395,False,True,False,False
ACTATTCGTCCGTGGT-1,9522,3647,ER,CID4290,Invasive cancer + stroma,1,14,74,2613,5661,9522,3647,5.135475740390675,False,False,False,True,Invasive cancer + stroma,0.23796160932533447,0.011238946741173851,0.00024686797749845886,0.0,0,0,3.345852023411087,4,146,0.0,0,0,0.45075616101184934,0.005929771375804811,0.005929771375804783,0.6612789703539262,False,True,False,False
CCTCTGGCCTAGACGG-1,14518,4496,ER,CID4290,Invasive cancer + stroma,1,15,75,2708,5715,14518,4496,6.2818570050971205,False,False,False,True,Invasive cancer + stroma,0.18416642641974582,0.004493564763104352,6.001172170055717e-05,0.0,0,0,3.134908707343832,4,153,0.0,0,0,0.006001172170088686,0.006001172170089253,0.006001172169333273,0.4313529598009239,False,False,False,False
CCATAAACAACCCGAC-1,24462,6122,ER,CID4290,Invasive cancer + stroma,1,14,76,2613,5770,24462,6122,3.8099910064589975,False,False,False,True,Invasive cancer + stroma,0.10131023460236961,0.00024377738674211496,6.094434666912325e-05,0.0,0,0,2.5510082700168883,4,129,0.0,0,0,0.00609443466769329,0.006094434666624148,0.006094434672200152,0.006094434667693906,False,False,False,False
CATAGTACATTGAGAG-1,22976,5700,ER,CID4290,Invasive cancer + stroma,1,15,77,2708,5824,22976,5700,2.8682103064066853,False,False,False,True,Invasive cancer + stroma,0.16577840962608212,0.009347469181925534,5.837618577837991e-05,0.0,0,0,3.171864041878947,4,310,0.0,0,0,0.005837618578111055,0.11469952873267525,0.005837618578526526,0.8083721523032406,False,False,False,False
ATTTCATTATTTCGCG-1,15931,4785,ER,CID4290,Invasive cancer + stroma,1,14,78,2613,5879,15931,4785,2.548490364697759,False,False,False,True,Invasive cancer + stroma,0.0877898814168301,0.010064235957585242,5.675349138681377e-05,0.0,0,0,2.500630426562956,4,82,0.0,0,0,0.005675349140039303,0.005675349141069773,0.19996433894109394,0.7951085585363211,False,False,False,False
CAACTATATCGAATGC-1,21673,5408,ER,CID4290,Invasive cancer + stroma,1,15,79,2708,5934,21673,5408,2.925298758824344,False,False,False,True,Invasive cancer + stroma,0.1981280124169108,0.008006957573519267,6.0479079743590625e-05,0.0,0,0,3.2299078958654963,4,326,0.0,0,0,0.006047907975002472,0.00604790797344761,0.24681530428463774,0.5417846371188388,False,True,False,False
CTAGTATTCGGAATTA-1,17852,4954,ER,CID4290,Invasive cancer + stroma,1,14,80,2613,5988,17852,4954,2.582343714989917,False,False,False,True,Invasive cancer + stroma,0.15146721694148174,0.00023914861879940045,5.978715470054257e-05,0.0,0,0,2.9488564515940725,4,180,0.0,0,0,0.005978715470054434,0.0059787154700541596,0.005978715469777252,0.0059787154700541995,False,False,False,False
GTGGAACCTACATGCG-1,25673,5606,ER,CID4290,Invasive cancer + stroma,1,15,81,2708,6043,25673,5606,5.098741868889495,False,False,False,True,Invasive cancer + stroma,0.12806472732253293,0.005749918816297753,6.33891854054187e-05,0.0,0,0,2.5782053740827453,4,148,0.0,0,0,0.006338918541994483,0.006338918542228981,0.006338918539601267,0.5559751260059506,False,False,False,False
CCTAAAGGCTGACGCT-1,22355,5568,ER,CID4290,Invasive cancer + stroma,1,14,82,2613,6098,22355,5568,3.891746812793558,False,False,False,True,Invasive cancer + stroma,0.18285399340945607,0.00025104207695852407,6.276051924553268e-05,0.0,0,0,3.199299767615633,4,261,0.0,0,0,0.006276051924209091,0.006276051922873298,0.006276051924560917,0.0062760519242091,False,False,False,False
CGTGACATTGGGTCGT-1,24153,5418,ER,CID4290,Invasive cancer + stroma,1,15,83,2708,6152,24153,5418,4.641245393946922,False,False,False,True,Invasive cancer + stroma,0.15865362800700242,0.009018525961835312,9.475842987254815e-05,0.057740305650510006,1,1,2.9615826476840112,4,203,0.0,0,0,0.37420613382203166,0.009475842980651732,0.009475842987650973,0.5086947763931968,False,False,False,False
CCAATCGGTAGATCGA-1,24708,5657,ER,CID4290,Invasive cancer + stroma,1,14,84,2613,6207,24708,5657,4.990286546867411,False,False,False,True,Invasive cancer + stroma,0.25064404631688336,0.00037816445222498365,9.454111305505519e-05,0.0,0,0,3.4399126850483017,4,374,0.0,0,0,0.009454111305808515,0.009454111305072748,0.009454111305808515,0.00945411130580859,False,True,False,False
ATTGTCGCAATACCTT-1,27361,5868,ER,CID4290,Invasive cancer + stroma,1,15,85,2708,6261,27361,5868,6.428858594349622,False,False,False,True,Invasive cancer + stroma,0.11280815703092656,0.006294648452602723,9.676777653866493e-05,0.0,0,0,2.710744406607398,4,195,0.0,0,0,0.009676777658745748,0.009676777664446655,0.009676777661733842,0.600434512275346,False,False,False,False
AAATTACACGACTCTG-1,31559,6118,ER,CID4290,Invasive cancer + stroma,1,14,86,2612,6316,31559,6118,7.2340695205804995,False,False,False,True,Invasive cancer + stroma,0.07952658383669026,0.0028994284063880416,9.578883573472295e-05,0.0,0,0,2.372892445067382,4,142,0.0,0,0,0.009578883568843562,0.009578883561298355,0.009578883561329795,0.26120618994733247,False,False,False,False
CACTCCTCTCGGTCGG-1,21351,5227,ER,CID4290,Invasive cancer + stroma,1,15,87,2707,6371,21351,5227,6.102758652990492,False,False,False,True,Invasive cancer + stroma,0.08458822908706254,0.006735238733867076,6.367084149553094e-05,0.0,0,0,2.540582149840303,4,123,0.0,0,0,0.006367084150606217,0.006367084151652876,0.006367084151842005,0.6544226209326065,False,False,False,False
AAATAACCATACGGGA-1,33200,6377,ER,CID4290,Invasive cancer + stroma,1,14,88,2612,6425,33200,6377,6.003012048192772,False,False,False,True,Invasive cancer + stroma,0.12709429630573502,0.0012046872632759179,9.764031302170398e-05,0.0,0,0,2.7815709240191135,4,249,0.0,0,0,0.009764031303492963,0.009764031304267637,0.09088827518458485,0.010052388535246324,False,False,False,False
AGTTACTCTATCGTGG-1,19235,5065,ER,CID4290,Invasive cancer + stroma,1,15,89,2707,6480,19235,5065,6.067065245645957,False,False,False,True,Invasive cancer + stroma,0.12040133848486469,0.010457124584729421,9.194725520343342e-05,0.06977251423722923,1,1,2.7849502694725965,4,156,0.0,0,0,0.009194725519459783,0.009194725523117066,0.09144117190649972,0.9358818355238656,False,False,False,False
CGTTAGCTCACAACTG-1,22245,5534,ER,CID4290,Invasive cancer + stroma,1,14,90,2612,6534,22245,5534,3.4299842661272195,False,False,False,True,Invasive cancer + stroma,0.08420544518465031,0.0002839682468981546,6.410905317308809e-05,0.0,0,0,2.2763545028482324,4,92,0.0,0,0,0.006410905318134473,0.00641090531927435,0.009164108734272798,0.006410905318133837,False,False,False,False
GAATGTATGGCAGGTC-1,16923,4993,ER,CID4290,Invasive cancer + stroma,1,15,91,2707,6589,16923,4993,4.42592920876913,False,False,False,True,Invasive cancer + stroma,0.10640391021630465,0.0002342725570496559,5.8568139263113315e-05,0.0,0,0,2.7415196843882326,4,126,0.0,0,0,0.005856813926329996,0.005856813926191511,0.005856813926114069,0.005856813926330016,False,False,False,False
GCAACCACCAGACCGG-1,20029,5387,ER,CID4290,Invasive cancer + stroma,1,14,92,2612,6644,20029,5387,2.36656847571022,False,False,False,True,Invasive cancer + stroma,0.08522093959988296,0.005111282783449577,6.531526734161359e-05,0.0,0,0,2.2905470367047567,4,91,0.0,0,0,0.00653152673479732,0.006531526737506856,0.006531526736414679,0.4915336981362388,False,False,False,False
TCACTCGTGCAACGGC-1,9345,3602,ER,CID4290,Invasive cancer + stroma,1,15,93,2707,6698,9345,3602,3.7881219903691816,False,False,False,True,Invasive cancer + stroma,0.11220272490253794,0.00024172581911229975,6.043145478001032e-05,0.0,0,0,2.5176675770630257,4,61,0.0,0,0,0.006043145477917827,0.006043145477917798,0.006043145477476592,0.006043145477917758,False,False,False,False
AAACAGAGCGACTCCT-1,17326,5033,ER,CID4290,Invasive cancer + stroma,1,14,94,2612,6753,17326,5033,3.0820731848089573,False,False,False,True,Invasive cancer + stroma,0.11872034084150578,0.004714397329160356,8.898378379233614e-05,0.0,0,0,2.7782280958132137,4,121,0.0,0,0,0.008898378377840563,0.02431736520518616,0.1315187070845324,0.30670528224847643,False,False,False,False
CAGCCTCTCCTCAAGA-1,11528,3874,ER,CID4290,Invasive cancer + stroma,1,15,95,2707,6808,11528,3874,2.784524635669674,False,False,False,True,Invasive cancer + stroma,0.15056238934338487,0.009276685948003828,0.0027145353047554575,0.10409592578789728,1,1,2.9311701701950947,4,108,0.0,0,0,0.008489669056512593,0.7691053069861605,0.008489669056512642,0.1415839497011971,False,False,False,False
TTGCGTGAACGCTTAG-1,22829,5349,ER,CID4290,Invasive cancer + stroma,1,14,96,2612,6862,22829,5349,3.3597617066012524,False,False,False,True,Invasive cancer + stroma,0.06969007321036114,0.0018473714004157212,6.707591142036625e-05,0.06054676892282341,1,1,2.2451156304609907,4,84,0.0,0,0,0.006707591141368278,0.00670759114526518,0.006707591139564708,0.16461436661537396,False,False,False,False
CCGCCTGCGAATTGGT-1,22892,5124,ER,CID4290,Invasive cancer + stroma,1,15,97,2707,6917,22892,5124,3.7655076009086144,False,False,False,True,Invasive cancer + stroma,0.06163147182512383,0.0009815926564946168,0.0001030713937933027,0.0,0,0,1.9058802910228316,4,65,0.0,0,0,0.010307139377941582,0.010307139385837627,0.06723784750815555,0.010307139377526926,False,False,False,False
AGATGAGGGTTGCGAT-1,13925,4128,ER,CID4290,Invasive cancer + stroma,1,14,98,2612,6971,13925,4128,4.416517055655296,False,False,False,True,Invasive cancer + stroma,0.11355595584888192,0.003200688125592983,0.00021440508838097707,0.09020635858761171,1,1,2.454117450841482,4,68,0.0,0,0,0.006566807729326732,0.006566807728539779,0.3003683893721049,0.006566807729326915,False,False,False,False
CGGTGGGCTCCAGCCT-1,17125,4547,ER,CID4290,Invasive cancer + stroma,1,15,99,2707,7026,17125,4547,4.046715328467154,False,False,False,True,Invasive cancer + stroma,0.08344918924464173,0.0025261703659175245,0.0006281090647224191,0.0,0,0,2.0444758957822464,4,58,0.0,0,0,0.009670636927442893,0.009670636927130166,0.10114441262762558,0.13213135010955382,False,False,False,False
GGCAGCGGTAATCCTA-1,11787,3895,ER,CID4290,Invasive cancer + stroma,1,14,100,2612,7081,11787,3895,2.986340884024773,False,False,False,True,Invasive cancer + stroma,0.26220339589757036,0.0018368955140007671,5.9851737016067635e-05,0.0,0,0,3.358149099200597,4,174,0.0,0,0,0.15927359017587686,0.005985173701600318,0.005985173701439325,0.012445613821160202,False,True,False,False
GCTAGCAGGGAGTGGG-1,26919,5542,ER,CID4290,Invasive cancer + stroma,1,15,101,2707,7135,26919,5542,4.194063672498979,False,False,False,True,Invasive cancer + stroma,0.06865831565876761,0.0002762759695628796,6.906899239290987e-05,0.0,0,0,2.097762175333095,4,83,0.0,0,0,0.006906899240234309,0.006906899238515807,0.006906899237304508,0.00690689924023334,False,False,False,False
CTCAAGACATTAGCGC-1,22160,5053,ER,CID4290,Invasive cancer + stroma,1,14,102,2612,7190,22160,5053,3.844765342960289,False,False,False,True,Invasive cancer + stroma,0.06060778754282523,0.011467510509556965,7.047131221864538e-05,0.0,0,0,2.0314039123640644,4,61,0.0,0,0,1.1256096572895837,0.007047131219754164,0.007047131223580641,0.007047131222778033,False,False,False,False
CACGGCGCGCCAAAGG-1,26170,5516,ER,CID4290,Invasive cancer + stroma,1,15,103,2707,7245,26170,5516,4.38288116163546,False,False,False,True,Invasive cancer + stroma,0.1686106810692883,0.013063268312994418,0.00010023034265316164,0.05393605490365868,1,1,3.0266299840613797,4,249,0.0,0,0,0.010023034263019242,0.010023034265136928,0.10302948884948644,1.1832512739217993,False,False,False,False
TGCAATTTGGGCACGG-1,23937,5174,ER,CID4290,Invasive cancer + stroma,1,14,104,2612,7299,23937,5174,4.010527635041986,False,False,False,True,Invasive cancer + stroma,0.042069130086738155,0.0002694205682918339,6.735514210803403e-05,0.0,0,0,1.3084437191844995,4,33,0.0,0,0,0.006735514207953423,0.006735514212139506,0.006735514201319599,0.0067355142077708645,False,False,False,False
ATGCCAATCGCTCTGC-1,17445,4541,ER,CID4290,Invasive cancer + stroma,1,15,105,2707,7354,17445,4541,2.883347664087131,False,False,False,True,Invasive cancer + stroma,0.18277366534344924,0.00025767669356729645,6.441917339242331e-05,0.0,0,0,2.7789510181631836,4,164,0.0,0,0,0.006441917338788072,0.006441917338159441,0.0064419173409939875,0.0064419173387881435,False,False,False,False
GCTGGACCCAAAGTGG-1,23804,5441,ER,CID4290,Invasive cancer + stroma,1,14,106,2612,7408,23804,5441,3.0793144009410183,False,False,False,True,Invasive cancer + stroma,0.1536057340067885,0.004197171005154422,9.603474507737504e-05,0.0,0,0,2.8782049382711103,4,196,0.0,0,0,0.009603474510423851,0.009603474506629319,0.13707505941576645,0.26343509208262256,False,False,False,False
ATTCCTAAGACGTGGA-1,14718,4092,ER,CID4290,Invasive cancer + stroma,1,15,107,2707,7463,14718,4092,2.0519092267971195,False,False,False,True,Invasive cancer + stroma,0.251480840291279,0.037122573102008956,9.435068590036095e-05,0.08641008144385608,1,1,3.272821949683979,4,221,0.0,0,0,0.009435068589573034,0.009435068589573293,0.009435068589101495,3.683952104432648,True,True,False,False
TCCGGAGGAAGGGCTG-1,18670,4662,ER,CID4290,Invasive cancer + stroma,1,14,108,2612,7518,18670,4662,2.560257096946974,False,False,False,True,Invasive cancer + stroma,0.10027780811393334,0.01219058229592386,9.541012634650964e-05,0.0,0,0,2.4510309256456027,4,104,0.0,0,0,0.009541012633707872,0.009541012633806816,0.009541012628410457,1.1904351916964608,False,False,False,False
TCGGTGACCGCTCCGG-1,18499,4493,ER,CID4290,Invasive cancer + stroma,1,15,109,2707,7572,18499,4493,2.2866100870317316,False,False,False,True,Invasive cancer + stroma,0.10523028723398935,0.021574551266283257,9.591326248394306e-05,0.07202538706174436,1,1,2.4999793892960813,4,100,0.0,0,0,0.009591326245673716,0.009591326247649981,0.12603067661671033,2.012241797518292,False,False,False,False
TCCGAAGTAGTCACCA-1,29636,5953,ER,CID4290,Invasive cancer + stroma,1,14,110,2612,7627,29636,5953,3.7521932784451346,False,False,False,True,Invasive cancer + stroma,0.05962036487892017,0.0008334534191646824,6.421076853851935e-05,0.0,0,0,2.155015052603999,4,114,0.0,0,0,0.06408211136476281,0.00642107684582419,0.006421076852732051,0.006421076853149179,False,False,False,False
CATGTAGGAGCGCCAA-1,13454,3549,ER,CID4290,Invasive cancer + stroma,1,15,111,2707,7681,13454,3549,6.60026757841534,False,False,False,True,Invasive cancer + stroma,0.033641970998407836,0.021809643051256652,6.910597719322294e-05,0.0,0,0,1.4314507520542317,4,24,0.0,0,0,1.3826848037767923,0.006910597719643265,0.006910597722774291,0.7844583059064554,False,False,False,False
CACAAGAAAGATATTA-1,27367,5736,ER,CID4290,Invasive cancer + stroma,1,14,112,2612,7736,27367,5736,6.197244856944495,False,False,False,True,Invasive cancer + stroma,0.10895005221717707,0.009672876424478193,6.899590184770292e-05,0.0,0,0,2.530432033977727,4,179,0.0,0,0,0.9465888718897036,0.006899590183036826,0.006899590190156417,0.006899590184922396,False,False,False,False
AGGGTCAGTAACCCTA-1,22943,4855,ER,CID4290,Invasive cancer + stroma,1,15,113,2707,7791,22943,4855,8.717255807871682,False,False,False,True,Invasive cancer + stroma,0.04138690301374796,0.013403473300359518,0.00010577331698979739,0.0,0,0,1.4889256871544707,4,35,0.0,0,0,0.010577331702704515,0.010577331689310526,0.010577331688012856,1.308615334955924,False,False,False,False
TAAGCCCTTACGACCA-1,17216,4355,ER,CID4290,Invasive cancer + stroma,1,14,114,2612,7845,17216,4355,7.562732342007434,False,False,False,True,Invasive cancer + stroma,0.10573363389408842,0.005496936264809141,0.00010029898343822417,0.07632764194568867,1,1,2.439962414221573,4,85,0.0,0,0,0.01002989834447454,0.010029898345246206,0.09527058749295651,0.4343632422982368,False,False,False,False
ATACCGTCATCCATAA-1,6955,2286,ER,CID4290,Stroma,1,15,115,2707,7900,6955,2286,10.323508267433501,False,False,False,True,Stroma,0.093088108098597,0.010707913483410351,0.0001039121345695823,0.0,0,0,2.292661894931335,4,30,0.0,0,0,0.26539041203424957,0.010391213456693138,0.7846185093934002,0.010391213456692226,False,False,False,False
GGACGTCCATAGTTGG-1,3279,1548,ER,CID4290,Stroma,1,14,116,2612,7954,3279,1548,6.983836535529125,False,False,False,True,Stroma,0.09870725495200612,0.011304117116021688,0.007888302250124308,0.0,0,0,2.1363273666017024,4,13,0.0,0,0,0.006276932499181215,0.006276932499181419,0.006276932499181316,1.111580914104625,False,False,False,False
CATCAAACTGGCGCCC-1,2035,1110,ER,CID4290,Stroma,1,15,117,2707,8009,2035,1110,4.914004914004914,False,False,False,True,Stroma,0.07426331305008765,0.032037036410309014,6.120689986589217e-05,0.0,0,0,1.943769309683042,3,9,0.0,0,0,3.1853415710821196,0.006120689982928578,0.006120689982926315,0.006120689982926494,True,False,True,False
AAACGTGTTCGCCCTA-1,2573,1245,ER,CID4290,Stroma,1,14,118,2612,8064,2573,1245,5.79090555771473,False,False,False,True,Stroma,0.10758753032610789,0.00027027118475742067,6.75677961893949e-05,0.0,0,0,2.8107350251725087,4,22,0.0,0,0,0.006756779618925686,0.0067567796189405924,0.006756779618938027,0.006756779618937761,False,False,False,False
AAATTGGTGAGAAGCA-1,1599,832,ER,CID4290,Stroma,1,15,119,2707,8118,1599,832,9.06816760475297,False,False,False,True,Stroma,0.09701152872007517,0.0002587350194560525,6.468375485461929e-05,0.0,0,0,1.5193481105183115,2,7,0.0,0,0,0.006468375488164794,0.006468375488216116,0.006468375480996659,0.006468375488227677,False,False,False,False
GGTCATTGTAGTCATA-1,1394,787,ER,CID4290,Stroma,1,14,120,2611,8173,1394,787,8.751793400286944,False,False,False,True,Stroma,0.11528792886101762,0.0002557252225185955,6.393130544025423e-05,0.0,0,0,2.144076468151474,3,7,0.0,0,0,0.006393130559150662,0.006393130564968776,0.006393130563870172,0.0063931305638699415,False,False,False,False
GAACATTAGTATGTTA-1,792,545,ER,CID4290,Stroma,1,14,122,2611,8282,792,545,7.196969696969697,False,False,False,True,Stroma,0.14251184899417238,0.05694591928236736,5.898784501770625e-05,0.0,0,0,1.830224401574578,2,6,0.0,0,0,5.676895574731427,0.005898784501771097,0.005898784501767607,0.0058987845017707125,True,False,True,False
TTGGGTTTATTCAGCG-1,2768,1552,ER,CID4290,Stroma,1,15,125,2706,8446,2768,1552,7.839595375722544,False,False,False,True,Stroma,0.16176128586155347,0.0002510106078817846,0.015718202925314208,0.0,0,0,2.629219454378219,4,27,0.0,0,0,0.006275265197044771,0.006275265197044086,0.006275265197044535,0.006275265197045067,False,False,False,False
GATTTAGTGCGTACTG-1,1120,750,ER,CID4290,Stroma,1,15,127,2706,8555,1120,750,5.982142857142858,False,False,False,True,Stroma,0.2818175466937854,0.023156561439863707,6.503005784898743e-05,0.0,0,0,3.2762286027587884,4,13,0.0,0,0,0.00650300578489387,0.006503005784902801,0.3100545619845877,1.9925955704319864,False,True,False,False
CGAGCTGGGCTTTAGG-1,1941,1134,ER,CID4290,Invasive cancer + stroma,1,17,67,2898,5278,1941,1134,5.770221535291087,False,False,False,True,Invasive cancer + stroma,0.1733220335712111,0.00023609383401707002,5.902345850472298e-05,0.0,0,0,2.5556796357439153,3,21,0.0,0,0,0.005902345850290338,0.005902345850471981,0.005902345850472346,0.0059023458504723365,False,False,False,False
GGGTGTTTCAGCTATG-1,1726,1071,ER,CID4290,Invasive cancer + stroma,1,16,68,2803,5333,1726,1071,5.388180764774044,False,False,False,True,Invasive cancer + stroma,0.15094024712525278,0.00023597995344191452,5.89949874737292e-05,0.0,0,0,2.80440016264704,4,14,0.0,0,0,0.005899498843372174,0.005899498814067751,0.005899498843375576,0.005899498843375951,False,False,False,False
TTAATTTCAGACGCGG-1,2824,1568,ER,CID4290,Invasive cancer + stroma,1,17,69,2898,5388,2824,1568,4.213881019830028,False,False,False,True,Invasive cancer + stroma,0.16201064905173573,0.0002301716353549675,0.008102258464753898,0.0,0,0,2.7365609803362996,4,25,0.0,0,0,0.005754290883874068,0.005754290883873946,0.005754290883874443,0.005754290883874293,False,False,False,False
ACTGCCGTCGTAACTC-1,3874,1989,ER,CID4290,Invasive cancer + stroma,1,16,70,2803,5442,3874,1989,3.975219411461022,False,False,False,True,Invasive cancer + stroma,0.17338715052274284,0.00022934590300326891,5.7336475757440654e-05,0.0,0,0,2.8327205572870673,4,36,0.0,0,0,0.005733647575743561,0.0057336475730961805,0.0057336475757436165,0.005733647575743533,False,False,False,False
GTGCACGAAAGTGACT-1,5850,2681,ER,CID4290,Invasive cancer + stroma,1,17,71,2898,5497,5850,2681,4.461538461538462,False,False,False,True,Invasive cancer + stroma,0.2245860262631517,0.02188215263159301,5.7082074816105954e-05,0.16612130651325407,1,1,3.4502550780028782,4,101,0.0,0,0,0.9672017343430153,0.005708207481610224,0.005708207481610139,1.2095971138530652,False,True,False,False
ATCTCCCTGCAATCTA-1,5020,2378,ER,CID4290,Invasive cancer + stroma,1,16,72,2803,5551,5020,2378,5.099601593625498,False,False,False,True,Invasive cancer + stroma,0.13031825257833346,0.013029713890345778,0.0019198122381716026,0.0,0,0,2.8615214715727597,4,52,0.0,0,0,1.2859019042093736,0.005689828275068131,0.005689828275067974,0.0056898282750680014,False,False,False,False
ACGCCAGATGATTTCT-1,9688,3431,ER,CID4290,Invasive cancer + stroma,1,17,73,2898,5606,9688,3431,5.450041288191578,False,False,False,True,Invasive cancer + stroma,0.17291166403267333,0.007307848656812146,6.180170114292081e-05,0.0,0,0,2.810586630202503,4,101,0.0,0,0,0.00618017011429201,0.0061801701142923425,0.006180170113848737,0.7122443553387815,False,False,False,False
AGCTATTTAATCCAAC-1,6653,2845,ER,CID4290,Invasive cancer + stroma,1,16,74,2803,5661,6653,2845,5.230722982113332,False,False,False,True,Invasive cancer + stroma,0.1276289928592917,0.019097713446246632,6.031898627700374e-05,0.0,0,0,2.6381312487392945,4,55,0.0,0,0,0.006031898627555519,0.00603189862755548,0.9303531114311477,0.9673544359384046,False,False,False,False
CCACGAGAAGAGAATC-1,5877,2465,ER,CID4290,Invasive cancer + stroma,1,17,75,2898,5715,5877,2465,3.760421984005445,False,False,False,True,Invasive cancer + stroma,0.12484352348409612,0.00023486396927158783,5.7815523425398634e-05,0.0,0,0,2.5353957094581085,4,48,0.0,0,0,0.005781552349215357,0.005781552349218408,0.005781552349216118,0.006141739879508901,False,False,False,False
GATTCCGCGTTTCCGT-1,11346,3594,ER,CID4290,Invasive cancer + stroma,1,16,76,2803,5770,11346,3594,3.7017451084082498,False,False,False,True,Invasive cancer + stroma,0.18434548885982224,0.006663555961225795,6.570900054223854e-05,0.0,0,0,2.8586699415496675,4,105,0.0,0,0,0.27789911348621,0.006570900054315022,0.006570900054270862,0.3753146825277836,False,False,False,False
GTCGGATGTAGCGCGC-1,15307,4233,ER,CID4290,Invasive cancer + stroma,1,17,77,2898,5825,15307,4233,4.141895864637094,False,False,False,True,Invasive cancer + stroma,0.1544636794035994,0.0002534694723299953,6.336736807660502e-05,0.0,0,0,2.8762321743866246,4,128,0.0,0,0,0.006336736808206725,0.006336736808206653,0.00633673680837925,0.006336736808206901,False,False,False,False
TATTTATACCGAGTAG-1,7175,2965,ER,CID4290,Invasive cancer + stroma,1,16,78,2803,5879,7175,2965,2.5365853658536586,False,False,False,True,Invasive cancer + stroma,0.205129533275426,0.03478274284913761,8.680798999073061e-05,0.3674244579707195,2,3,3.0853491843238507,4,80,0.0,0,0,0.9381535185571598,0.008680798999074101,0.008680798999073834,2.5227591683584536,True,True,False,False
GTAGGTGATCCGTGTA-1,11866,3744,ER,CID4290,Invasive cancer + stroma,1,17,79,2898,5934,11866,3744,3.3456935782909154,False,False,False,True,Invasive cancer + stroma,0.18346843325132958,0.00025321050993350294,6.330262730781123e-05,0.0,0,0,3.0447131196372137,4,119,0.0,0,0,0.00633026274835577,0.006330262748351946,0.006330262748287135,0.0063302627483554415,False,False,False,False
AGTTAAGCGGTCCCGG-1,14488,4149,ER,CID4290,Invasive cancer + stroma,1,16,80,2803,5988,14488,4149,4.769464384318056,False,False,False,True,Invasive cancer + stroma,0.208297986142302,0.0002541126371275922,6.352815928369354e-05,0.0,0,0,3.219549427738265,4,176,0.0,0,0,0.0063528159283375695,0.0063528159285685965,0.00635281592751539,0.006352815928337663,False,True,False,False
TTGGCCTAGAATTTCG-1,13696,3914,ER,CID4290,Invasive cancer + stroma,1,16,82,2803,6098,13696,3914,6.257301401869158,False,False,False,True,Invasive cancer + stroma,0.12897548817848487,0.0037448007547684742,6.73243403296297e-05,0.0,0,0,2.532806799772347,4,80,0.0,0,0,0.006732434033108953,0.006732434033108998,0.35428277337752084,0.006732434033108591,False,False,False,False
GGCATATCGGTTCTGC-1,14227,4496,ER,CID4290,Invasive cancer + stroma,1,17,83,2898,6152,14227,4496,3.6620510297321998,False,False,False,True,Invasive cancer + stroma,0.2520688982148419,0.014133282693166303,5.967822030157001e-05,0.0,0,0,3.5444859474600348,4,231,0.17744204867983018,1,1,0.0059678220301568365,0.00596782203015703,0.4693963441188151,0.9319962811375013,False,True,False,False
GGGCGTCCACTGGCTC-1,25246,5549,ER,CID4290,Invasive cancer + stroma,1,16,84,2803,6207,25246,5549,5.680107739839975,False,False,False,True,Invasive cancer + stroma,0.12441869511033801,0.012360000848801535,9.95826245212291e-05,0.0,0,0,2.5657327915281636,4,143,0.0,0,0,0.01187580472009056,0.02565010842356978,0.009958262445983595,1.1885159092905095,False,False,False,False
TTACCCATTGCCGGGT-1,26094,5619,ER,CID4290,Invasive cancer + stroma,1,17,85,2898,6262,26094,5619,6.158503870621599,False,False,False,True,Invasive cancer + stroma,0.10891575039264227,0.005184857503926215,6.647045774001682e-05,0.0,0,0,2.645497326406227,4,150,0.0,0,0,0.4985446130786613,0.0066470457733596175,0.006647045768217261,0.006647045772383224,False,False,False,False
TTAGACACGATCGTTG-1,23968,5469,ER,CID4290,Invasive cancer + stroma,1,16,86,2803,6316,23968,5469,6.6380173564753004,False,False,False,True,Invasive cancer + stroma,0.09867767507990473,0.003250073649200762,9.551348664379334e-05,0.0,0,0,2.551843652112239,4,134,0.0,0,0,0.00955134866288234,0.009551348666498372,0.29635331892781264,0.009551348662882882,False,False,False,False
GCGCTGATCCAGACTC-1,24103,5648,ER,CID4290,Invasive cancer + stroma,1,17,87,2898,6371,24103,5648,5.480645562793014,False,False,False,True,Invasive cancer + stroma,0.10417526130683848,0.005194944131566629,9.102673207555058e-05,0.0,0,0,2.528119598059079,4,143,0.0,0,0,0.009102673207828989,0.00910267320273353,0.3550425267464046,0.1462465399996958,False,False,False,False
TTCGGCAACCCGCTGA-1,18139,4803,ER,CID4290,Invasive cancer + stroma,1,16,88,2803,6425,18139,4803,4.300126798610728,False,False,False,True,Invasive cancer + stroma,0.08270809489023292,0.00900627844258308,9.299775473260308e-05,0.0,0,0,2.3682919876793322,4,76,0.0,0,0,0.009299775478357504,0.009299775472584544,0.08569113455099418,0.7963371587563719,False,False,False,False
GATATTTCCTACATGG-1,8619,3478,ER,CID4290,Invasive cancer + stroma,1,17,89,2898,6480,8619,3478,3.09780717020536,False,False,False,True,Invasive cancer + stroma,0.1323820169375074,0.014299030251670196,6.169874828891509e-05,0.0,0,0,2.8594429172224274,4,77,0.0,0,0,0.0061698748288902825,0.0061698748288904134,0.006169874828890464,1.4113934006803486,False,False,False,False
CTGCGTTACGATATAA-1,10303,3730,ER,CID4290,Invasive cancer + stroma,1,16,90,2802,6535,10303,3730,4.47442492477919,False,False,False,True,Invasive cancer + stroma,0.1529801160405868,0.006642023419898828,6.050409930822413e-05,0.11305559056952887,1,1,3.151790447817921,4,107,0.0,0,0,0.0060504099308392,0.3644766016660241,0.006050409929943921,0.28762492046307553,False,False,False,False
TAATAAACAAGGAGAT-1,6805,3120,ER,CID4290,Invasive cancer + stroma,1,17,91,2897,6589,6805,3120,3.100661278471712,False,False,False,True,Invasive cancer + stroma,0.12542190517009513,0.022611439141695024,5.641073124538773e-05,0.15066980417893994,1,1,2.838243246811987,4,57,0.0,0,0,0.005641073124537109,0.005641073124537256,0.0056410731245369805,2.2442206947958914,False,False,False,False
AACCTTTACGACGTCT-1,6832,3040,ER,CID4290,Invasive cancer + stroma,1,16,92,2802,6644,6832,3040,2.810304449648712,False,False,False,True,Invasive cancer + stroma,0.11919837638552022,0.00024458127909691226,6.114531977508332e-05,0.0,0,0,2.558410001787726,4,45,0.0,0,0,0.006114531977422281,0.006114531977423844,0.006114531977422729,0.00611453197742237,False,False,False,False
AGTCCCGCCTTTAATT-1,6346,2628,ER,CID4290,Invasive cancer + stroma,1,17,93,2897,6698,6346,2628,6.649858178380081,False,False,False,True,Invasive cancer + stroma,0.08413696324959097,0.011195872706916346,6.362180681471154e-05,0.0,0,0,2.417182706771376,4,32,0.0,0,0,0.006362180681470739,0.006362180681470811,0.006362180681438554,1.1005007286472543,False,False,False,False
TGAGATTAGGCCCTAA-1,17329,4744,ER,CID4290,Invasive cancer + stroma,1,16,94,2802,6753,17329,4744,3.566276184430723,False,False,False,True,Invasive cancer + stroma,0.07728149049534715,0.014107931531390583,6.606733362324217e-05,0.0,0,0,2.1600406798626723,4,60,0.0,0,0,1.390972953049184,0.006606733363936647,0.006606733363261967,0.006606733362675841,False,False,False,False
AGTGTATTGCGCATTG-1,10808,3665,ER,CID4290,Invasive cancer + stroma,1,17,95,2897,6808,10808,3665,3.534418948926721,False,False,False,True,Invasive cancer + stroma,0.12794861895565465,0.004638019662879887,6.395867331017545e-05,0.0,0,0,2.9098023935895316,4,83,0.0,0,0,0.006395867329873517,0.3653904778554219,0.08561975377281975,0.0063958673298735585,False,False,False,False
GTTGGATTCAGTGGCT-1,11785,3855,ER,CID4290,Invasive cancer + stroma,1,16,96,2802,6862,11785,3855,3.266864658464149,False,False,False,True,Invasive cancer + stroma,0.2674847694733228,0.00023626283713803665,5.906570928552835e-05,0.0,0,0,3.729159923116951,4,252,0.0,0,0,0.005906570928552864,0.005906570928551536,0.005906570928145727,0.005906570928553538,False,True,False,False
TAAAGCTGCAATAGGG-1,17393,4635,ER,CID4290,Invasive cancer + stroma,1,17,97,2897,6917,17393,4635,4.208589662507905,False,False,False,True,Invasive cancer + stroma,0.1028308234528297,0.013951806535867002,6.703689713394738e-05,0.0,0,0,2.4305993960577137,4,106,0.0,0,0,0.006703689714184544,0.006703689718120636,0.006703689716379225,1.3750695844380159,False,False,False,False
AGTAGGAAGGAAGTTG-1,22549,5503,ER,CID4290,Invasive cancer + stroma,1,16,98,2802,6971,22549,5503,4.102177480154331,False,False,False,True,Invasive cancer + stroma,0.11408999049823183,0.006464061196297539,9.582861215940927e-05,0.0,0,0,2.5246967701103813,4,147,0.0,0,0,0.00958286121482006,0.009582861215256614,0.009582861214538838,0.6176575359851384,False,False,False,False
TATCACTTCGAGTAAC-1,15304,4160,ER,CID4290,Invasive cancer + stroma,1,17,99,2897,7026,15304,4160,4.717720857292211,False,False,False,True,Invasive cancer + stroma,0.10564863914998295,0.0026674171233456705,9.908943170251133e-05,0.0,0,0,2.3276870940154017,4,84,0.0,0,0,0.009908943167700798,0.009908943167173414,0.23701488283199257,0.009908943167700301,False,False,False,False
TGATCTACGCTGATCT-1,17093,4344,ER,CID4290,Invasive cancer + stroma,1,16,100,2802,7081,17093,4344,3.738372433159773,False,False,False,True,Invasive cancer + stroma,0.08613013602980274,0.0019238965873394145,0.00010436753987789056,0.0,0,0,2.453809401265926,4,85,0.0,0,0,0.010436753993040535,0.010436753991375976,0.16107939675648483,0.010436753993040095,False,False,False,False
GGATCATCCCGTACGC-1,17700,4522,ER,CID4290,Invasive cancer + stroma,1,17,101,2897,7135,17700,4522,3.7231638418079096,False,False,False,True,Invasive cancer + stroma,0.13354445843752635,0.005054997925594558,6.522434564508277e-05,0.0,0,0,2.8014079119910207,4,118,0.0,0,0,0.0065224345643964555,0.48541343032238804,0.006522434562409225,0.007041493110262103,False,False,False,False
TGACACTTCTCTTTGC-1,19411,4848,ER,CID4290,Invasive cancer + stroma,1,16,102,2802,7190,19411,4848,3.3692236360826335,False,False,False,True,Invasive cancer + stroma,0.16843875378517845,0.004687640797567938,9.454803419963312e-05,0.0,0,0,2.9434277825817645,4,174,0.0,0,0,0.44039966949786324,0.009454803419935126,0.009454803419095291,0.009454803419900102,False,False,False,False
AGCCCTTCTAATCCGA-1,19679,4712,ER,CID4290,Invasive cancer + stroma,1,17,103,2897,7245,19679,4712,3.572335992682555,False,False,False,True,Invasive cancer + stroma,0.2031042125640216,0.00026231156316848915,6.557789078845203e-05,0.0,0,0,3.0663820268915476,4,196,0.0,0,0,0.006557789079417566,0.006557789079321279,0.006557789078692592,0.006557789079417481,False,True,False,False
CACCGCGTCCACTCTA-1,25582,5097,ER,CID4290,Invasive cancer + stroma,1,16,104,2802,7299,25582,5097,3.0451098428582597,False,False,False,True,Invasive cancer + stroma,0.058358894024450575,0.001990166518150323,7.569023680830745e-05,0.0,0,0,1.891366381997967,4,71,0.0,0,0,0.1763095807757325,0.00756902368250794,0.007569023677397333,0.007569023679394523,False,False,False,False
TAATTGGAATCGGGAA-1,40139,6486,ER,CID4290,Invasive cancer + stroma,1,17,105,2897,7354,40139,6486,4.187946884576098,False,False,False,True,Invasive cancer + stroma,0.11364726741461495,0.003920731899035734,9.786926780005959e-05,0.0,0,0,2.6263767581092248,4,260,0.13477003976705001,1,2,0.009786926780893976,0.009786926774051718,0.3627124095677684,0.009786926780859297,False,False,False,False
TCGTAAGCTCCGAGGA-1,23527,5036,ER,CID4290,Invasive cancer + stroma,1,16,106,2802,7408,23527,5036,3.8423938453691506,False,False,False,True,Invasive cancer + stroma,0.10735832385524598,0.0051219793513726354,0.0001027136905637502,0.0,0,0,2.3486411709144646,4,111,0.0,0,0,0.010271369055279355,0.010271369067184124,0.010271369059634012,0.48138382795516604,False,False,False,False
TATATTACAAATGTCG-1,22806,4953,ER,CID4290,Invasive cancer + stroma,1,17,107,2897,7463,22806,4953,4.625975620450759,False,False,False,True,Invasive cancer + stroma,0.10898557019944935,0.0013530030616879683,6.745803642633965e-05,0.0,0,0,2.437518830727426,4,116,0.0,0,0,0.006745803643854577,0.006745803643020389,0.1150628952380669,0.006745803643854962,False,False,False,False
CGCGAGAGGGACTTGT-1,36409,5887,ER,CID4290,Invasive cancer + stroma,1,16,108,2802,7518,36409,5887,4.199511109890412,False,False,False,True,Invasive cancer + stroma,0.052330075366665146,0.0022764682585024775,0.00010877750384854734,0.0,0,0,1.4576850539553532,4,63,0.0,0,0,0.010877750380527816,0.01087775037484631,0.19501357471222774,0.010877750382645882,False,False,False,False
GGACCTACGGTAACGT-1,16361,4202,ER,CID4290,Invasive cancer + stroma,1,17,109,2897,7572,16361,4202,3.6855937901106293,False,False,False,True,Invasive cancer + stroma,0.1287118788943503,0.00025529585692940775,6.382396422974796e-05,0.0,0,0,2.7715603936883966,4,140,0.0,0,0,0.0063823964237650094,0.006382396422412865,0.006382396422998263,0.0063823964237646365,False,False,False,False
GAAATATGCTTGAATG-1,17322,4471,ER,CID4290,Invasive cancer + stroma,1,16,110,2802,7627,17322,4471,3.2732940768964323,False,False,False,True,Invasive cancer + stroma,0.12685452031200337,0.019332399823946585,6.1345223326464e-05,0.0,0,0,2.9650459279246006,4,200,0.0,0,0,1.6991480404750265,0.006134522333350247,0.006134522333546839,0.22182289725273496,False,False,False,False
CCGTATTAGCGCAGTT-1,10521,3269,ER,CID4290,Invasive cancer + stroma,1,17,111,2897,7682,10521,3269,5.379716756962266,False,False,False,True,Invasive cancer + stroma,0.0924175339010833,0.009621642719972904,6.301616963161963e-05,0.0,0,0,2.282631479191976,4,50,0.0,0,0,0.41274602339124494,0.006301616963271416,0.3229678309522805,0.22014880069049356,False,False,False,False
AGGCGTCTATGGACGG-1,8503,2744,ER,CID4290,Invasive cancer + stroma,1,16,112,2802,7736,8503,2744,7.9383746912854285,False,False,False,True,Invasive cancer + stroma,0.05938541122135399,0.009047072494563105,6.898239199118823e-05,0.0,0,0,2.221035615561179,4,37,0.0,0,0,0.8840125318621121,0.0068982391989851925,0.006898239196227321,0.006898239198985891,False,False,False,False
AACATCGATACGTCTA-1,7983,2847,ER,CID4290,Invasive cancer + stroma,1,17,113,2897,7791,7983,2847,7.403231867718903,False,False,False,True,Invasive cancer + stroma,0.06536395972946565,0.03204571692953363,6.468666146507905e-05,0.0,0,0,1.881539008830996,3,33,0.0,0,0,3.185165694516065,0.006468666146507378,0.006468666144283356,0.00646866614650779,True,False,True,False
TGAATATGCTATAAAC-1,8696,2588,ER,CID4290,Stroma,1,16,114,2802,7845,8696,2588,11.292548298068077,False,False,False,True,Stroma,0.07574809072273436,0.0004344941476981194,0.00010862353693395954,0.0,0,0,2.092906273610314,4,30,0.0,0,0,0.010862353693396908,0.010862353691372681,0.01086235369164527,0.010862353693397081,False,False,False,False
ACCAAACACCCAGCGA-1,2755,1303,ER,CID4290,Stroma,1,17,115,2897,7900,2755,1303,8.602540834845735,False,False,False,True,Stroma,0.07864673957955544,0.0002463809371960657,0.004554784080046859,0.0,0,0,2.503721232502707,4,13,0.0,0,0,0.0061595234299019015,0.0061595234299039675,0.006159523429900325,0.006159523429900375,False,False,False,False
TGGCTTGTACAAGCTT-1,1887,921,ER,CID4290,Stroma,1,16,116,2802,7955,1887,921,8.850026497085322,False,False,False,True,Stroma,0.07517212764755991,0.06854066698932347,6.366052149362877e-05,0.0,0,0,1.5329546965249208,3,4,0.0,0,0,6.828649105747962,0.006366052149363033,0.00636605214936073,0.012685488885660921,True,False,True,False
GAATGAAGGTCTTCAG-1,958,575,ER,CID4290,Stroma,1,17,117,2897,8009,958,575,8.24634655532359,False,False,False,True,Stroma,0.1284276982166684,0.00024033383797306522,6.0083460443655826e-05,0.0,0,0,2.319464968154231,3,7,0.0,0,0,0.006008345937045862,0.0060083459370623765,0.0060083459861560926,0.006008345937042191,False,False,False,False
AGATACCAGCACTTCA-1,1151,680,ER,CID4290,Stroma,1,16,118,2802,8064,1151,680,9.904430929626413,False,False,False,True,Stroma,0.1199757202195582,0.0502163578367646,9.334673995413602e-05,0.0,0,0,1.6219182885958314,2,6,0.0,0,0,4.9936317616967285,0.009334673993241584,0.0093346739932453,0.00933467399324449,True,False,True,False
TCTGCGAATCGTTCGC-1,1540,867,ER,CID4290,Stroma,1,17,123,2896,8337,1540,867,10.0,False,False,False,True,Stroma,0.08545457289463072,0.06478269884900754,6.168910551457377e-05,0.0,0,0,1.7618869636045464,3,5,0.0,0,0,0.006168910582887515,0.006168910582890659,0.014317161715125155,6.45161490201985,True,False,True,False
AGCTCGTTGATGGAAA-1,2059,1078,ER,CID4290,Stroma,1,16,124,2801,8391,2059,1078,9.907722195240408,False,False,False,True,Stroma,0.08407830825869975,0.00025730470539268196,6.432617747806223e-05,0.0,0,0,1.9560772919003164,3,11,0.0,0,0,0.006432617634817344,0.006432617634816496,0.00643261763481726,0.006432617634817092,False,False,False,False
TGAATGAGATACAGCA-1,3487,1618,ER,CID4290,Stroma,1,17,125,2896,8446,3487,1618,8.632061944364782,False,False,False,True,Stroma,0.05220563088446589,0.017896268518838503,6.21790640979432e-05,0.0,0,0,1.1531935726456963,3,4,0.0,0,0,0.5855961026253959,0.006217906409794532,0.006217906409794158,1.1915949364388658,False,False,False,False
ACCCTTGCCTGGGTCG-1,2816,1449,ER,CID4290,Stroma,1,16,126,2801,8501,2816,1449,6.036931818181818,False,False,False,True,Stroma,0.1555067708512536,0.00400581381343242,0.03358469617831417,0.0,0,0,2.4973399927878974,4,20,0.0,0,0,0.00631307724407262,0.006313077244071015,0.006313077244072989,0.3816421496110253,False,False,False,False
GGCGAACCGTTCTGAT-1,3051,1603,ER,CID4290,Stroma,1,17,127,2896,8555,3051,1603,3.44149459193707,False,False,False,True,Stroma,0.11918345142302614,0.005905283814409824,6.150294708202584e-05,0.0,0,0,2.1797013704892487,3,24,0.0,0,0,0.006150294713620853,0.006150294713621083,0.006150294713620743,0.5720774973001197,False,False,False,False
CATTACGTCGGCCCGT-1,1263,826,ER,CID4290,Invasive cancer + stroma,1,19,65,3088,5169,1263,826,6.492478226444972,False,False,False,True,Invasive cancer + stroma,0.13058722997166092,0.00023929412902927574,5.982353196893267e-05,0.0,0,0,2.190074399208123,3,12,0.0,0,0,0.005982353226997106,0.005982353227126278,0.005982353221807111,0.005982353226997077,False,False,False,False
CAAGCACCAAATGCCT-1,1403,912,ER,CID4290,Invasive cancer + stroma,1,18,66,2993,5224,1403,912,4.419101924447612,False,False,False,True,Invasive cancer + stroma,0.16181633481697244,0.009739617862052076,6.166080737948593e-05,0.0,0,0,2.4392866847992822,3,14,0.0,0,0,0.006166080737948613,0.0061660807379481115,0.9554224182365725,0.006207206492738442,False,False,False,False
TGCATGGATCGGATCT-1,1315,844,ER,CID4290,Invasive cancer + stroma,1,19,67,3088,5279,1315,844,4.714828897338403,False,False,False,True,Invasive cancer + stroma,0.12975083102024032,0.051417904418720274,5.6604715033114175e-05,0.0,0,0,2.281523871320686,3,8,0.0,0,0,0.0056604715007065945,0.005660471500715319,0.005660471500714443,5.124809027369891,True,False,True,False
GAAATCGCGCGCAACT-1,2287,1329,ER,CID4290,Invasive cancer + stroma,1,18,68,2993,5333,2287,1329,6.165282028858767,False,False,False,True,Invasive cancer + stroma,0.14401587193891152,0.013590760102833886,5.957608972071185e-05,0.0,0,0,2.9540845184963676,4,26,0.0,0,0,0.005957608972067865,0.005957608972067942,1.341203183367185,0.005957608972067952,False,False,False,False
CTGAAAGAGATCCGAC-1,1922,1160,ER,CID4290,Invasive cancer + stroma,1,19,69,3088,5388,1922,1160,4.578563995837669,False,False,False,True,Invasive cancer + stroma,0.13063886890929224,0.0002484034505694361,5.9858055599628256e-05,0.0,0,0,1.9165943006499813,2,20,0.0,0,0,0.0059858055599626685,0.005985805559960895,0.0059858055706426775,0.006882928366377372,False,False,False,False
CACCTCGATGGTGGAC-1,3051,1661,ER,CID4290,Invasive cancer + stroma,1,18,70,2993,5442,3051,1661,5.14585381842019,False,False,False,True,Invasive cancer + stroma,0.18418082539221728,0.026301831266942473,5.8748006691724635e-05,0.0,0,0,3.023727039858362,4,29,0.0,0,0,0.005874800669173153,0.005874800669173325,0.2455744808114682,2.3728590445444326,False,False,False,False
ATTTGTTCCAGGGCTC-1,2381,1393,ER,CID4290,Invasive cancer + stroma,1,19,71,3088,5497,2381,1393,4.115917681646367,False,False,False,True,Invasive cancer + stroma,0.16558114194069282,0.01862821063706159,5.7866323919176805e-05,0.27477374532230475,1,1,2.332090084432412,3,18,0.0,0,0,0.00578663239191703,1.749596452330009,0.10165134659231581,0.00578663239191704,False,False,False,False
TGGGCCACAAGAGCGC-1,17897,4865,ER,CID4290,Invasive cancer + stroma,1,18,72,2993,5552,17897,4865,5.0231882438397495,False,False,False,True,Invasive cancer + stroma,0.30270997123315657,0.000250521810176754,0.0029791478123046993,0.0,0,0,3.6970235718551354,4,306,0.0,0,0,0.006263045254347554,0.006263045254435022,0.0062630452545456225,0.006263045254347198,False,True,False,False
CCTTCTTGATCCAGTG-1,13704,4073,ER,CID4290,Invasive cancer + stroma,1,19,73,3088,5606,13704,4073,4.06450671336836,False,False,False,True,Invasive cancer + stroma,0.10715066886780883,0.005856269152921463,6.169988739422988e-05,0.0,0,0,2.303192468855442,4,61,0.18265201641648177,1,1,0.006169988739395294,0.006169988739395294,0.5671169490739603,0.006169988739395345,False,False,False,False
CCTCGCCAGCAAATTA-1,21096,5129,ER,CID4290,Invasive cancer + stroma,1,18,74,2993,5661,21096,5129,5.067311338642397,False,False,False,True,Invasive cancer + stroma,0.16525045407754305,0.00024340657210968137,6.085164302415965e-05,0.0,0,0,3.021496755775131,4,196,0.0,0,0,0.006085164302414143,0.006085164302215155,0.006085164303924758,0.006085164302414081,False,False,False,False
TTCATGGCGCAACAGG-1,16400,4488,ER,CID4290,Invasive cancer + stroma,1,19,75,3088,5715,16400,4488,5.085365853658536,False,False,False,True,Invasive cancer + stroma,0.09314646472151503,0.0026766561545845525,6.773056501593465e-05,0.0,0,0,2.1574823447173856,4,66,0.0,0,0,0.006773056502697978,0.006773056502135786,0.24734644595092334,0.0067730565026981665,False,False,False,False
TTAATCAGTACGTCAG-1,13785,4050,ER,CID4290,Invasive cancer + stroma,1,18,76,2993,5770,13785,4050,3.7867247007616975,False,False,False,True,Invasive cancer + stroma,0.0858547004054571,0.022737884890685362,6.556451875883329e-05,0.0,0,0,2.325513693151897,4,64,0.0,0,0,0.5137189186942728,0.006556451875950453,0.00655645187584137,1.7469566666224716,False,False,False,False
CCTATCTATATCGGAA-1,11444,3779,ER,CID4290,Invasive cancer + stroma,1,19,77,3088,5825,11444,3779,2.5602936036350927,False,False,False,True,Invasive cancer + stroma,0.33432390624576314,0.02189582246348624,8.443638027075166e-05,0.20932643692580913,2,2,3.8930283840338062,4,325,0.0,0,0,0.29892353237907376,0.008443638027120375,0.008443638027075059,1.8737714379153547,False,True,False,False
ATTATACTTTGCTCGT-1,15340,4302,ER,CID4290,Invasive cancer + stroma,1,18,78,2993,5879,15340,4302,3.7418513689700132,False,False,False,True,Invasive cancer + stroma,0.198305690067568,0.012314143985034741,9.783029797370802e-05,0.0,0,0,3.2368673727973234,4,181,0.0,0,0,0.009783029798437964,0.009783029796282698,0.009783029793397511,1.202065309115356,False,True,False,False
ATGGATCCGGCGTCCG-1,23134,5194,ER,CID4290,Invasive cancer + stroma,1,19,79,3088,5934,23134,5194,5.398979856488285,False,False,False,True,Invasive cancer + stroma,0.1220823057844627,0.0029994744606135306,9.716952201361988e-05,0.0,0,0,2.636419047421099,4,148,0.0,0,0,0.009716952199630766,0.009716952201183404,0.10176483761069421,0.1787487040498447,False,False,False,False
CGCCCGCTTCCGTACA-1,20203,4680,ER,CID4290,Invasive cancer + stroma,1,18,80,2993,5988,20203,4680,5.043805375439291,False,False,False,True,Invasive cancer + stroma,0.09023041861025362,0.018303840812364316,0.00010020999405314453,0.0,0,0,2.3654279553300075,4,102,0.0,0,0,0.010020999405291973,0.010020999404410785,0.010020999401851746,1.800321083024877,False,False,False,False
GGATTCCGCTATACCC-1,7757,2996,ER,CID4290,Invasive cancer + stroma,1,19,81,3088,6043,7757,2996,3.13265437669202,False,False,False,True,Invasive cancer + stroma,0.21369315195921199,0.011842112870991716,5.9081089625237806e-05,0.0,0,0,3.4182244426786426,4,104,0.0,0,0,0.005908108962523617,0.005908108962523607,0.20941960805483198,0.9629754611192926,False,True,False,False
CGGTCTATCAACCCGT-1,8808,3367,ER,CID4290,Invasive cancer + stroma,1,18,82,2993,6098,8808,3367,4.030426884650318,False,False,False,True,Invasive cancer + stroma,0.11775899638697258,0.014575974175432375,6.173031943380163e-05,0.0,0,0,2.559412627574318,4,53,0.0,0,0,1.4390783217130954,0.006173031943459173,0.006173031943224344,0.006173031943458709,False,False,False,False
ATGCCGGTTGATGGGA-1,16154,4554,ER,CID4290,Invasive cancer + stroma,1,19,83,3088,6152,16154,4554,3.4171103132351117,False,False,False,True,Invasive cancer + stroma,0.14817516534304986,0.008464648770625053,6.42395827737447e-05,0.0,0,0,2.960097089798769,4,133,0.0,0,0,0.006423958279511567,0.006423958279688255,0.006423958279181831,0.8271930022241237,False,False,False,False
TCATGCAGGTTCTCAT-1,15656,4518,ER,CID4290,Invasive cancer + stroma,1,18,84,2993,6207,15656,4518,4.899080224833929,False,False,False,True,Invasive cancer + stroma,0.17470591211687722,0.0007914274365267713,6.515340655986146e-05,0.0,0,0,3.0561592379390374,4,147,0.0,0,0,0.006515340655948868,0.00651534065592373,0.006515340655256887,0.05959672168554764,False,False,False,False
TGAGCTTTAATGACGC-1,20906,5279,ER,CID4290,Invasive cancer + stroma,1,19,85,3088,6262,20906,5279,4.314550846646895,False,False,False,True,Invasive cancer + stroma,0.11894089336837374,0.004472737101375097,6.104369606249209e-05,0.0,0,0,2.8067410205146106,4,168,0.0,0,0,0.006104369604503538,0.28881307831013425,0.0061043696037074175,0.1462518926191645,False,False,False,False
TCCCTTAGATTACTCG-1,12101,4031,ER,CID4290,Invasive cancer + stroma,1,18,86,2993,6316,12101,4031,4.611189157920833,False,False,False,True,Invasive cancer + stroma,0.11817820734293516,0.01668336498958739,6.155721058442588e-05,0.0,0,0,2.650711524942265,4,83,0.0,0,0,1.1219259260491616,0.5340991307932147,0.006155721057919551,0.00615572105844292,False,False,False,False
ATATCTCCCTCGTTAA-1,24264,5306,ER,CID4290,Invasive cancer + stroma,1,19,87,3088,6371,24264,5306,5.815199472469502,False,False,False,True,Invasive cancer + stroma,0.08027135618651707,0.00027116393903320915,6.779098475054032e-05,0.0,0,0,2.326927863713049,4,115,0.0,0,0,0.006779098475414232,0.006779098473317249,0.006779098478425762,0.006779098476163673,False,False,False,False
AGCTCTTCCCAGTGCA-1,19118,4906,ER,CID4290,Invasive cancer + stroma,1,18,88,2993,6425,19118,4906,6.14604038079297,False,False,False,True,Invasive cancer + stroma,0.08307732621120434,0.004164874030366302,0.000893199069144452,0.0,0,0,2.4614091508881204,4,110,0.0,0,0,0.006283056821941813,0.006283056820783035,0.006283056820104004,0.3976382325738014,False,False,False,False
TCGCTAAACCGCTATC-1,11871,3824,ER,CID4290,Invasive cancer + stroma,1,19,89,3088,6480,11871,3824,5.0964535422458095,False,False,False,True,Invasive cancer + stroma,0.11053382627556793,0.000259814256193237,6.495356404135033e-05,0.0,0,0,2.747819241010266,4,88,0.0,0,0,0.006495356405510124,0.006495356404297863,0.006495356404004836,0.006495356405510876,False,False,False,False
CACATTCTTTCGATGG-1,5010,2419,ER,CID4290,Invasive cancer + stroma,1,18,90,2993,6535,5010,2419,3.3932135728542914,False,False,False,True,Invasive cancer + stroma,0.10561206887230849,0.024939119403441293,6.056276575037931e-05,0.0,0,0,2.5294186328851755,4,31,0.0,0,0,0.0060562765750373886,0.0060562765750379315,0.17970717277326015,2.302092214420794,False,False,False,False
GATATGCGGTAGCCAA-1,10534,3692,ER,CID4290,Invasive cancer + stroma,1,19,91,3088,6589,10534,3692,5.3540915131953675,False,False,False,True,Invasive cancer + stroma,0.08187720958149983,0.0002441403445746802,6.103508614091703e-05,0.0,0,0,1.8924525803391135,4,36,0.0,0,0,0.006103508614202599,0.006103508614201803,0.006103508614860962,0.006103508614202658,False,False,False,False
CGTTTCACTTCGGGCG-1,3457,1799,ER,CID4290,Invasive cancer + stroma,1,18,92,2992,6644,3457,1799,5.235753543534857,False,False,False,True,Invasive cancer + stroma,0.09247013927509111,0.032636656752025345,6.113103036252355e-05,0.0,0,0,2.1345298030223643,4,14,0.0,0,0,0.00611310303625156,0.006113103036252026,0.8422416353312489,2.409197833798782,True,False,True,False
CCAATTACGGGTCGAG-1,10566,3525,ER,CID4290,Invasive cancer + stroma,1,19,93,3087,6699,10566,3525,5.83948514101836,False,False,False,True,Invasive cancer + stroma,0.05324078910097323,0.024068277565042245,6.303692899202198e-05,0.0,0,0,2.4733155013829347,4,51,0.0,0,0,0.006303692899125294,0.00630369289912585,0.0063036928987222525,2.387916677807251,False,False,False,False
GCAGGTAGAGTATGGT-1,5775,2439,ER,CID4290,Invasive cancer + stroma,1,18,94,2992,6753,5775,2439,6.735930735930736,False,False,False,True,Invasive cancer + stroma,0.06432751840279734,0.0002522645716658976,6.306614289791832e-05,0.0,0,0,2.0836139435343144,4,18,0.0,0,0,0.006306614291646971,0.006306614291648059,0.006306614291647587,0.006306614291647144,False,False,False,False
GTCGTATTGGCGTACA-1,12220,3731,ER,CID4290,Invasive cancer + stroma,1,19,95,3087,6808,12220,3731,3.690671031096563,False,False,False,True,Invasive cancer + stroma,0.1254376980263352,0.014377555825524933,6.276951554335202e-05,0.09965313841133912,1,1,2.8976579152738187,4,105,0.0,0,0,0.00756394482891589,1.1896097137323605,0.23430497243708334,0.006276951554133576,False,False,False,False
GAAATTAGCACGGATA-1,7534,2841,ER,CID4290,Invasive cancer + stroma,1,18,96,2992,6862,7534,2841,4.950889301831697,False,False,False,True,Invasive cancer + stroma,0.08370684094427465,0.01772112300601923,6.269455816692907e-05,0.14078595731609075,1,1,2.5690853403151914,4,43,0.0,0,0,0.006269455816692805,0.006269455816693142,0.006269455816868604,1.7533039331516682,False,False,False,False
AATGCACCAAGCAATG-1,11138,3791,ER,CID4290,Invasive cancer + stroma,1,19,97,3087,6917,11138,3791,3.860657209552882,False,False,False,True,Invasive cancer + stroma,0.11264721179306324,0.0019543678972426134,6.312425256574303e-05,0.0,0,0,2.584914957994309,4,64,0.0,0,0,0.0063124252565743035,0.006312425256390891,0.006312425253909564,0.17649951395738656,False,False,False,False
AGGACGCTCGATGTTG-1,6120,2578,ER,CID4290,Invasive cancer + stroma,1,18,98,2992,6972,6120,2578,4.673202614379085,False,False,False,True,Invasive cancer + stroma,0.2416945558660503,0.0010606324546661558,5.811756791321941e-05,0.0,0,0,3.5485700337010817,4,107,0.0,0,0,0.005811756791321949,0.005811756791321941,0.08862797509264955,0.005811756791322139,False,True,False,False
GGCTAAAGGGCGGGTC-1,16979,4505,ER,CID4290,Invasive cancer + stroma,1,19,99,3087,7026,16979,4505,4.03439542964839,False,False,False,True,Invasive cancer + stroma,0.21415188366238452,0.004088479129329821,6.502084990599698e-05,0.0,0,0,3.3913535758782887,4,244,0.0,0,0,0.006502084991096315,0.006502084993277675,0.3893416579575118,0.0065020849910962936,False,True,False,False
CATCTATCCCGTGTCT-1,18029,4481,ER,CID4290,Invasive cancer + stroma,1,18,100,2992,7081,18029,4481,4.337456320372733,False,False,False,True,Invasive cancer + stroma,0.09576560000901241,0.00039736932615332,9.934233150761342e-05,0.0,0,0,2.306936243495622,4,83,0.0,0,0,0.009934233154166071,0.009934233155335684,0.009934233151664152,0.009934233154166094,False,False,False,False
CAGTAACTATTTATTG-1,18443,4814,ER,CID4290,Invasive cancer + stroma,1,19,101,3087,7135,18443,4814,4.245513202841186,False,False,False,True,Invasive cancer + stroma,0.15299956568183284,0.0019137286906290385,9.362276657245878e-05,0.0,0,0,2.931534586237466,4,168,0.0,0,0,0.1632860390904666,0.00936227665762614,0.009362276657160225,0.00936227665765088,False,False,False,False
CATATACTACTGATAA-1,19155,4898,ER,CID4290,Invasive cancer + stroma,1,18,102,2992,7190,19155,4898,3.3411641868963717,False,False,False,True,Invasive cancer + stroma,0.24025311818823733,0.004230820978686022,9.156510462554878e-05,0.0,0,0,3.270853924968352,4,276,0.0,0,0,0.39561256648156795,0.009156510462288747,0.009156510462189751,0.009156510462555691,False,True,False,False
GCGTTCGGAGACCGGG-1,33782,5809,ER,CID4290,Invasive cancer + stroma,1,19,103,3087,7245,33782,5809,3.7860399029068734,False,False,False,True,Invasive cancer + stroma,0.11354111041615682,0.007452524538900596,0.0001066495922358008,0.0,0,0,2.3915964008076727,4,160,0.0,0,0,0.5587680514926314,0.010664959226021651,0.010664959219892885,0.16515448395151364,False,False,False,False
AAGTTCAGTCTGCGTA-1,29825,5736,ER,CID4290,Invasive cancer + stroma,1,18,104,2992,7299,29825,5736,4.6806370494551555,False,False,False,True,Invasive cancer + stroma,0.14561846576070625,0.005189791552776978,9.708898596950823e-05,0.0481913146353554,1,1,2.6907180312965484,4,209,0.0,0,0,0.3571025447795317,0.00970889859112268,0.1424588133112622,0.009708898595781211,False,False,False,False
CGAAGCTATAAATTCA-1,20514,4943,ER,CID4290,Invasive cancer + stroma,1,19,105,3087,7354,20514,4943,3.42692795164278,False,False,False,True,Invasive cancer + stroma,0.2193780321528896,0.013146031076233156,6.51344936629944e-05,0.0,0,0,3.1214783432014084,4,276,0.0,0,0,0.006513449369072639,0.0065134493676060196,0.006513449370687847,1.295062759515949,False,True,False,False
CGCGGTCACAAACCAA-1,33604,6073,ER,CID4290,Invasive cancer + stroma,1,18,106,2992,7409,33604,6073,3.5085108915605283,False,False,False,True,Invasive cancer + stroma,0.15298576671636882,0.00565672181565376,9.192162820563054e-05,0.0,0,0,3.1531557190119885,4,390,0.0,0,0,0.29340917504892977,0.25387868087460425,0.009192162822431599,0.009192162819410352,False,False,False,False
GGGAATGAGCCCTCAC-1,18254,4597,ER,CID4290,Invasive cancer + stroma,1,19,107,3087,7463,18254,4597,2.9363427194039664,False,False,False,True,Invasive cancer + stroma,0.15351835456569848,0.0003667254482411766,0.003499610190834182,0.0,0,0,2.7951321008539503,4,143,0.0,0,0,0.009168136206698018,0.009168136205813604,0.009168136204907976,0.009168136206698058,False,False,False,False
ACGGAGCGCAAATTAC-1,18339,4719,ER,CID4290,Invasive cancer + stroma,1,18,108,2992,7518,18339,4719,3.1517530944980643,False,False,False,True,Invasive cancer + stroma,0.13032783983212054,0.004419047448992412,9.064587422473818e-05,0.0,0,0,2.732432967324007,4,138,0.0,0,0,0.00906458742475339,0.00906458742465736,0.00906458742670925,0.4147109826231212,False,False,False,False
CGTTCTTCGCACACCT-1,8580,3020,ER,CID4290,Invasive cancer + stroma,1,19,109,3087,7572,8580,3020,3.1351981351981353,False,False,False,True,Invasive cancer + stroma,0.2750508156449206,0.0038247475747301253,6.039749146236581e-05,0.0,0,0,3.5815074755624496,4,152,0.0,0,0,0.006039749146236158,0.006039749146236316,0.3643555100343037,0.006039749146236355,False,True,False,False
GAATAGCCCTGCGGTC-1,14873,4175,ER,CID4290,Invasive cancer + stroma,1,18,110,2992,7627,14873,4175,3.8391716533315403,False,False,False,True,Invasive cancer + stroma,0.1372806268959731,0.03872424762917812,6.183740954272456e-05,0.0,0,0,2.9655538665985572,4,131,0.0,0,0,0.9309777325552944,0.006183740953767541,0.006183740952985297,2.929079548455765,True,False,True,False
AATAGCTACCGCGTGC-1,13461,3807,ER,CID4290,Invasive cancer + stroma,1,19,111,3087,7682,13461,3807,5.1184904539038705,False,False,False,True,Invasive cancer + stroma,0.1404743541048337,0.0019995730448007566,6.329346328467025e-05,0.0,0,0,3.0176248798354335,4,135,0.0,0,0,0.00632934633054764,0.006329346330547929,0.1809692654884322,0.0063293463305478985,False,False,False,False
CCGAGCTGTGCTTGTC-1,15439,4263,ER,CID4290,Invasive cancer + stroma,1,18,112,2992,7736,15439,4263,5.239976682427618,False,False,False,True,Invasive cancer + stroma,0.11743542336281353,0.0019374741931969957,5.9939112899384614e-05,0.0,0,0,2.7606362128074355,4,134,0.0,0,0,0.1757656854521614,0.005993911289813933,0.005993911287909696,0.005993911289814528,False,False,False,False
GATGACGATGATCGCG-1,15316,4073,ER,CID4290,Invasive cancer + stroma,1,19,113,3087,7791,15316,4073,6.300600679028467,False,False,False,True,Invasive cancer + stroma,0.06055668002075871,0.02316887688760165,6.617459749964699e-05,0.0,0,0,1.9934975065775058,4,44,0.0,0,0,0.006617459750680355,0.006617459750368083,0.006617459749913218,2.2970353095092033,False,False,False,False
GCCTATGCTGGGCCTT-1,3511,1623,ER,CID4290,Stroma,1,18,114,2992,7845,3511,1623,6.978068926231843,False,False,False,True,Stroma,0.10534725197960666,0.00024995430345831115,6.248857573313555e-05,0.0,0,0,2.307200434725718,4,21,0.0,0,0,0.00624885758623935,0.006248857587113058,0.006248857586239318,0.00624885758623939,False,False,False,False
TTACTGTCTAGAGCTC-1,3267,1467,ER,CID4290,Stroma,1,19,115,3087,7900,3267,1467,7.0400979491888585,False,False,False,True,Stroma,0.11499906780305418,0.0183059489339103,6.514775634081691e-05,0.0,0,0,2.517629937049438,4,19,0.0,0,0,1.8110505664884424,0.006514775634196705,0.006514775634195358,0.006514775634195409,False,False,False,False
AGCGGTTGCCGCTCTG-1,1471,855,ER,CID4290,Stroma,1,18,116,2992,7955,1471,855,6.390210740992522,False,False,False,True,Stroma,0.10386681875165046,0.03612951904815489,5.925617119115785e-05,0.34231327827997166,1,1,2.439547369534272,3,13,0.0,0,0,0.005925617108030132,0.005925617108592711,0.00592561710802656,3.595175053490839,True,False,False,False
GCTTGCAGCACAATTG-1,1671,894,ER,CID4290,Stroma,1,19,117,3087,8009,1671,894,7.4207061639736684,False,False,False,True,Stroma,0.09376239507840545,0.023911415288289446,5.854690247639251e-05,0.0,0,0,1.9306551970118018,3,7,0.0,0,0,0.00585469024763765,2.0534220019597926,0.00585469024763929,0.32601014637387493,False,False,False,False
CCGGAGGTCTTATGGT-1,799,509,ER,CID4290,Stroma,1,18,118,2992,8064,799,509,8.635794743429287,False,False,False,True,Stroma,0.15322792733291374,0.00040163776536563897,0.00010040944125852394,0.0,0,0,1.3019239352332426,2,2,0.0,0,0,0.010040944125862426,0.010040944158991394,0.010040944125855291,0.010040944125854788,False,False,False,False
ACAGTATACCGTGGGA-1,931,597,ER,CID4290,Stroma,1,19,119,3087,8119,931,597,6.337271750805586,False,False,False,True,Stroma,0.06372807810950609,0.056712463757729606,4.024483033239205e-05,0.0,0,0,2.1073631252457763,3,5,0.0,0,0,0.20436316982307318,0.0040244830334668575,3.937077724367825,1.5257809985485957,True,False,True,False
CCAGATGTAAATGGGT-1,884,574,ER,CID4290,Stroma,1,19,123,3087,8337,884,574,8.031674208144796,False,False,False,True,Stroma,0.09196503009635826,0.003411130778811804,6.344553118073351e-05,0.0,0,0,2.4695248826441656,3,7,0.0,0,0,0.006344553118074002,0.006344553118077424,0.006344553118073256,0.32207941852695576,False,False,False,False
GAACTTGTGCACGGGA-1,1690,864,ER,CID4290,Stroma,1,18,124,2991,8392,1690,864,11.242603550295858,False,False,False,True,Stroma,0.047797140213283566,0.00025786145444171306,6.446536310514986e-05,0.0,0,0,2.492380870781111,4,8,0.0,0,0,0.006446536364493739,0.006446536368667862,0.00644653634651627,0.006446536364493434,False,False,False,False
AAGCCGCTTTACCTTG-1,1562,875,ER,CID4290,Stroma,1,19,125,3086,8446,1562,875,7.426376440460948,False,False,False,True,Stroma,0.05614160917220193,0.012481100558494489,4.2381891604271485e-05,0.0,0,0,1.0008784036213951,2,2,0.0,0,0,0.0042381891502179265,0.004238189150220591,0.004238189150218183,1.235395488398792,False,False,False,False
TCCATTCCCACTAGAG-1,3626,1563,ER,CID4290,Stroma,1,18,126,2991,8501,3626,1563,6.425813568670711,False,False,False,True,Stroma,0.07425700979364754,0.01784977332221907,6.524048314119882e-05,0.0,0,0,2.5767057004682106,4,20,0.0,0,0,0.006524048314119234,0.006524048314118916,0.07431310562788745,1.6976161299657813,False,False,False,False
AGAGCGCTTGTAACGG-1,6792,2614,ER,CID4290,Stroma,1,19,127,3086,8556,6792,2614,5.050058892815076,False,False,False,True,Stroma,0.04672960162049627,0.00025926922882310485,6.481730720282054e-05,0.0,0,0,1.4049144824847335,3,12,0.0,0,0,0.0064817307202096105,0.006481730720210454,0.006481730721680883,0.006481730720209536,False,False,False,False
ACATAATAAGGCGGTG-1,5061,2472,ER,CID4290,Invasive cancer + stroma,1,21,63,3278,5060,5061,2472,10.13633669235329,False,False,False,True,Invasive cancer + stroma,0.07120093751607023,0.020356882217229942,6.387758541481505e-05,0.0,0,0,2.1241069102331758,4,19,0.0,0,0,0.006387758541481433,0.0063877585414814425,0.006387758541480787,2.0165249460985506,False,False,False,False
TAATACACAGTAGTAT-1,2458,1366,ER,CID4290,Invasive cancer + stroma,1,20,64,3183,5115,2458,1366,11.269324654190399,False,False,False,True,Invasive cancer + stroma,0.0984633636593947,0.022381136251070806,8.422526745173662e-05,0.27050249594801845,1,1,1.7631953128259812,3,8,0.0,0,0,0.008422526745179675,0.00842252674517979,0.00842252674517955,2.2128460448715415,False,False,False,False
TCTTGGTAACACCAAA-1,7826,3234,ER,CID4290,Invasive cancer + stroma,1,21,65,3278,5169,7826,3234,11.857909532328136,False,False,False,True,Invasive cancer + stroma,0.06740030850851102,0.002343162893489916,0.005936303448880843,0.0,0,0,2.2283955814733374,4,36,0.27440218064010163,1,1,0.006082864258327136,0.006082864258327334,0.006082864258327087,0.21606769657401007,False,False,False,False
AACTGGGTCCCGACGT-1,2104,1195,ER,CID4290,Invasive cancer + stroma,1,20,66,3183,5224,2104,1195,6.986692015209125,False,False,False,True,Invasive cancer + stroma,0.11403526197996662,0.005663489832104828,5.6507244309624675e-05,0.0,0,0,2.4281187784915055,3,19,0.0,0,0,0.005650724430958122,0.005650724430964373,0.546557690453247,0.008489843895313296,False,False,False,False
ATCACTTCATCCTCGC-1,2031,1192,ER,CID4290,Invasive cancer + stroma,1,21,67,3278,5279,2031,1192,5.1698670605613,False,False,False,True,Invasive cancer + stroma,0.16474209010895288,0.020194352682993178,5.969562161327209e-05,0.0,0,0,2.7257391403923314,3,25,0.0,0,0,0.005969562174185689,0.005969562174186817,0.005969562174185573,2.00152658177676,False,False,False,False
TGGAAGGATAAAGATG-1,1751,1073,ER,CID4290,Invasive cancer + stroma,1,20,68,3183,5333,1751,1073,4.911479154768704,False,False,False,True,Invasive cancer + stroma,0.15519597308520053,0.0002292617141238436,5.731542860417317e-05,0.0,0,0,2.745254255590581,4,12,0.0,0,0,0.005731542870860233,0.0057315428682446,0.0057315428024195935,0.005731542870859934,False,False,False,False
CATGATGCACAATTCT-1,1574,992,ER,CID4290,Invasive cancer + stroma,1,21,69,3278,5388,1574,992,4.066073697585769,False,False,False,True,Invasive cancer + stroma,0.16840216706756123,0.00023613699192661348,5.903424851371364e-05,0.0,0,0,3.106253237022977,4,16,0.0,0,0,0.005903424804480764,0.005903424808458438,0.005903424775241248,0.005903424804480898,False,False,False,False
TGCCTGATCAAACGAT-1,1860,1086,ER,CID4290,Invasive cancer + stroma,1,20,70,3183,5442,1860,1086,3.064516129032258,False,False,False,True,Invasive cancer + stroma,0.20232635748861827,0.0002299051301556234,5.7476283050862286e-05,0.0,0,0,3.0782594234271556,4,23,0.0,0,0,0.005747628281814337,0.005747628277190963,0.005747628174730146,0.005747628281826894,False,True,False,False
ATAGGGATATCCTTGA-1,3018,1571,ER,CID4290,Invasive cancer + stroma,1,21,71,3278,5497,3018,1571,4.042412193505633,False,False,False,True,Invasive cancer + stroma,0.14441378039281327,0.04070992399004397,8.862826571985945e-05,0.24362310913408972,1,1,2.976367384748939,4,30,0.0,0,0,0.008862826571983723,0.008862826571979194,0.008862826571984117,4.04440391928845,True,False,False,False
CACCTAATCAGTTTAC-1,2733,1497,ER,CID4290,Invasive cancer + stroma,1,20,72,3183,5552,2733,1497,4.537138675448225,False,False,False,True,Invasive cancer + stroma,0.1559726612258766,0.006691798759052386,8.639622098648366e-05,0.0,0,0,2.9637171270017935,4,25,0.5129323805484558,1,1,0.008639622098647517,0.008639622098647746,0.6432610096092956,0.008639622098647725,False,False,False,False
TGTGACTACGCCAGTC-1,3156,1603,ER,CID4290,Invasive cancer + stroma,1,21,73,3278,5606,3156,1603,5.830164765525982,False,False,False,True,Invasive cancer + stroma,0.12391580819156145,0.0003418297512019934,8.545743749494405e-05,0.0,0,0,2.939887005491355,4,28,0.0,0,0,0.008545743780048635,0.008545743780053088,0.008545743780048994,0.008545743780048624,False,False,False,False
CCCGACCATAGTCCGC-1,14449,4438,ER,CID4290,Invasive cancer + stroma,1,20,74,3183,5661,14449,4438,3.5988649733545577,False,False,False,True,Invasive cancer + stroma,0.09204054013351147,0.017133765437780293,6.074911076777508e-05,0.0,0,0,2.301018956719022,4,62,0.0,0,0,0.3866944260740285,0.006074911076846217,0.3558957132279961,0.9647114933991584,False,False,False,False
CGCGCCCGACTTAATA-1,13574,4221,ER,CID4290,Invasive cancer + stroma,1,21,75,3278,5716,13574,4221,4.4938853690879625,False,False,False,True,Invasive cancer + stroma,0.10056885843395805,0.00952234457932092,6.256737185425455e-05,0.0,0,0,2.3930533008559514,4,70,0.0,0,0,0.006256737191256846,0.006256737191256662,0.0062567371907449,0.9334642463588335,False,False,False,False
TGCCACCTGGCGAAAC-1,22792,5489,ER,CID4290,Invasive cancer + stroma,1,20,76,3183,5770,22792,5489,4.124254124254125,False,False,False,True,Invasive cancer + stroma,0.14382422458596122,0.0054273226616260075,9.452062853172907e-05,0.0,0,0,2.774849346574789,4,169,0.0,0,0,0.42164719262886174,0.009452062853789163,0.10218094782619641,0.009452062853753416,False,False,False,False
CTGCCAAGGTTGGAAG-1,9968,3367,ER,CID4290,Invasive cancer + stroma,1,21,77,3278,5825,9968,3367,3.972712680577849,False,False,False,True,Invasive cancer + stroma,0.1576011962063931,0.0002498435731696255,6.24608932949129e-05,0.0,0,0,3.006915205893767,4,88,0.0,0,0,0.006246089329448073,0.006246089329447736,0.0062460893286187735,0.00624608932944797,False,False,False,False
TCTCCAACGTAGGTTA-1,10901,3638,ER,CID4290,Invasive cancer + stroma,1,20,78,3183,5879,10901,3638,3.944592239244106,False,False,False,True,Invasive cancer + stroma,0.19436843269455287,0.0629249895077546,9.2633435149352e-05,0.108490412761645,1,1,3.2797070672178528,4,135,0.0,0,0,0.009263343514941244,0.009263343514940925,0.009263343514940747,6.264708920230637,True,False,False,False
TTCTTGGAGTAATGAG-1,15606,4583,ER,CID4290,Invasive cancer + stroma,1,21,79,3278,5934,15606,4583,4.197103678072536,False,False,False,True,Invasive cancer + stroma,0.18323245080197587,0.007816235699547912,8.709904984445335e-05,0.0,0,0,3.2332708359322333,4,189,0.0,0,0,0.2490484435093066,0.008709904984829457,0.5151553164761893,0.008709904984465939,False,False,False,False
GTCTCGATCTGCTTTC-1,18484,4589,ER,CID4290,Invasive cancer + stroma,1,20,80,3183,5989,18484,4589,5.323523046959532,False,False,False,True,Invasive cancer + stroma,0.1096241243481639,0.007190156888104293,9.83165200002479e-05,0.0,0,0,2.5238736065490484,4,89,0.0,0,0,0.009831652005347634,0.009831652007040963,0.009831652002262032,0.6895207327957786,False,False,False,False
TACTCTCCGAACAAAT-1,18492,4999,ER,CID4290,Invasive cancer + stroma,1,21,81,3278,6043,18492,4999,5.483452303698897,False,False,False,True,Invasive cancer + stroma,0.14163990210570881,0.014317734839894266,9.308948206210962e-05,0.07204752333168807,1,1,2.914837487482447,4,151,0.0,0,0,0.923332074114627,0.009308948205307498,0.00930894820220989,0.489823513467282,False,False,False,False
ATCACATTAGAATATC-1,21529,5283,ER,CID4290,Invasive cancer + stroma,1,20,82,3183,6098,21529,5283,3.96674253332714,False,False,False,True,Invasive cancer + stroma,0.09480312931647786,0.0002653008567160334,0.0027889706449960583,0.0,0,0,2.500364173848849,4,130,0.0,0,0,0.00663252141806002,0.006632521414716468,0.006632521420766575,0.006632521418060279,False,False,False,False
TACGGGATGCTAGCAG-1,16680,4448,ER,CID4290,Invasive cancer + stroma,1,21,83,3278,6152,16680,4448,6.58273381294964,False,False,False,True,Invasive cancer + stroma,0.07414603632337283,0.01620967874345839,6.591049669096751e-05,0.07828397068613706,1,1,2.263610939733841,4,68,0.0,0,0,0.006591049669630597,0.006591049668431351,0.006591049671127618,1.6011947253366494,False,False,False,False
AGCTGAAGTAAACCAA-1,37764,6804,ER,CID4290,Invasive cancer + stroma,1,20,84,3183,6207,37764,6804,6.365851075097977,False,False,False,True,Invasive cancer + stroma,0.11349711414602993,0.0017405885338392512,6.821201969949993e-05,0.0,0,0,2.7847318200272895,4,284,0.0,0,0,0.006821201964581997,0.00682120197018763,0.006821201968019965,0.15359524748113554,False,False,False,False
CATGGGTCGGGTGTGG-1,19946,5095,ER,CID4290,Invasive cancer + stroma,1,21,85,3278,6262,19946,5095,3.990775092750426,False,False,False,True,Invasive cancer + stroma,0.1457276100859255,0.00026333842651902627,6.583460663589147e-05,0.0,0,0,3.0712142905774105,4,205,0.0,0,0,0.0065834606634766635,0.006583460661726356,0.00658346066322322,0.006583460663476386,False,False,False,False
CACCCACGAGGCAATT-1,21945,5344,ER,CID4290,Invasive cancer + stroma,1,20,86,3183,6316,21945,5344,3.0758714969241283,False,False,False,True,Invasive cancer + stroma,0.1496576193612806,0.004195422091344365,6.014409091684833e-05,0.0,0,0,3.059253291357246,4,214,0.25031756727607285,2,2,0.00601440909189633,0.0060144090914523345,0.4014989818591912,0.0060144090918966345,False,False,False,False
TGCCATTACTAAAGAA-1,26002,5828,ER,CID4290,Invasive cancer + stroma,1,21,87,3278,6371,26002,5828,4.249673102069072,False,False,False,True,Invasive cancer + stroma,0.14894128201094795,0.006229641003192044,6.340521094457636e-05,0.0,0,0,2.9865372235077534,4,238,0.0,0,0,0.00634052109512669,0.006340521094556971,0.0063405210935300795,0.6039425370359907,False,False,False,False
CCGTTACGTTAGAACA-1,22910,5232,ER,CID4290,Invasive cancer + stroma,1,20,88,3183,6426,22910,5232,5.1113051069402005,False,False,False,True,Invasive cancer + stroma,0.08631444710868583,0.0023688488112277167,6.514538182430109e-05,0.0,0,0,2.5419052776644477,4,136,0.0,0,0,0.006514538182683076,0.21734126656876318,0.006514538188642437,0.0065145381826829905,False,False,False,False
GCCAGGAGTAACCGAT-1,20393,5028,ER,CID4290,Invasive cancer + stroma,1,21,89,3278,6480,20393,5028,4.231844260285392,False,False,False,True,Invasive cancer + stroma,0.13420873235835928,0.004289234088775903,9.599585532313276e-05,0.0,0,0,2.5843788705542536,4,114,0.0,0,0,0.009599585533473124,0.009599585534255717,0.1534242825251121,0.25629995528474936,False,False,False,False
GGAAAGTGCCCATGCC-1,14014,4138,ER,CID4290,Invasive cancer + stroma,1,20,90,3183,6535,14014,4138,6.743256743256744,False,False,False,True,Invasive cancer + stroma,0.08631753453991242,0.012579008888558939,6.533198422485498e-05,0.0,0,0,2.218155270566781,4,56,0.0,0,0,0.3440235402329663,0.006533198422301558,0.006533198422010834,0.9008109517786153,False,False,False,False
TCTTACCGGAACTCGT-1,22453,5156,ER,CID4290,Invasive cancer + stroma,1,21,91,3278,6589,22453,5156,5.758695942635728,False,False,False,True,Invasive cancer + stroma,0.07409388354560463,0.0002686945341205224,6.717363350987782e-05,0.0,0,0,2.2117290040565747,4,82,0.0,0,0,0.006717363352204825,0.006717363357183256,0.006717363350459125,0.006717363352205033,False,False,False,False
TATGTCAAGACCGACT-1,10946,3610,ER,CID4290,Invasive cancer + stroma,1,20,92,3183,6644,10946,3610,5.901699250867897,False,False,False,True,Invasive cancer + stroma,0.14037276023695158,0.04213917184624952,6.405014447880099e-05,0.0,0,0,2.9976594274542956,4,103,0.0,0,0,0.00640501444788012,0.006405014447880077,0.00640501444675351,4.194702141282438,True,False,True,False
CCTAACTAAGGCTCTA-1,21706,5103,ER,CID4290,Invasive cancer + stroma,1,21,93,3278,6699,21706,5103,5.007831935870266,False,False,False,True,Invasive cancer + stroma,0.10967948255851027,0.004032368737526787,6.690745143984024e-05,0.0,0,0,2.854634415990054,4,166,0.0,0,0,0.38316463831891395,0.006690745144826425,0.006690745143911763,0.00669074514502655,False,False,False,False
GCGGTGAACTGCGCTC-1,21272,5273,ER,CID4290,Invasive cancer + stroma,1,20,94,3182,6753,21272,5273,4.071079353140279,False,False,False,True,Invasive cancer + stroma,0.05882589230760131,0.019654384042432905,9.601341605164385e-05,0.12844382484997832,2,2,2.000214786107824,4,63,0.0,0,0,0.6188517092379925,0.009601341602042825,0.009601341612861308,1.327384011790394,False,False,False,False
CCTCGCGCGATATAGG-1,23977,5484,ER,CID4290,Invasive cancer + stroma,1,21,95,3277,6808,23977,5484,3.9829836927055093,False,False,False,True,Invasive cancer + stroma,0.10214959525697234,0.006033594633869903,0.0015358535533645805,0.0,0,0,2.593075452368315,4,132,0.0,0,0,0.15917171065558192,0.009215422482844779,0.009215422485339738,0.42575690776322395,False,False,False,False
ATCGGCAAGCAGTCCA-1,13785,4314,ER,CID4290,Invasive cancer + stroma,1,20,96,3182,6862,13785,4314,4.0623866521581435,False,False,False,True,Invasive cancer + stroma,0.14011500126275372,0.0002472363805059859,6.180909515589029e-05,0.0,0,0,2.943655628676468,4,119,0.0,0,0,0.006180909515584497,0.006180909504803036,0.006180909514627382,0.006180909515583672,False,False,False,False
AGATCGTGCATAAGAT-1,18021,4792,ER,CID4290,Invasive cancer + stroma,1,21,97,3277,6917,18021,4792,4.228400199766939,False,False,False,True,Invasive cancer + stroma,0.17288512327927144,0.00024679405404423734,6.169851350623206e-05,0.0,0,0,3.02059182178128,4,202,0.0,0,0,0.00616985135102136,0.006169851351427737,0.006169851350953337,0.006169851351021301,False,False,False,False
ATTCAGGACCTATTTC-1,9163,3320,ER,CID4290,Invasive cancer + stroma,1,20,98,3182,6972,9163,3320,3.088508130524937,False,False,False,True,Invasive cancer + stroma,0.27008451443417036,0.00022657000918810595,5.6642502297262876e-05,0.0,0,0,3.624119872464,4,170,0.0,0,0,0.005664250229726277,0.005664250229725051,0.00566425022963381,0.005664250229725456,False,True,False,False
AGCTAGAAGCAGAAGT-1,6605,2814,ER,CID4290,Invasive cancer + stroma,1,21,99,3277,7026,6605,2814,2.9371688115064347,False,False,False,True,Invasive cancer + stroma,0.3138298581392778,0.0034479935084177024,5.673720959664119e-05,0.0,0,0,3.9135628677378502,4,163,0.0,0,0,0.005673720959664453,0.0056737209596641105,0.32772782802435185,0.005724080898089832,False,True,False,False
TTCGCTATCTGACGTG-1,12226,4093,ER,CID4290,Invasive cancer + stroma,1,20,100,3182,7081,12226,4093,3.018158023883527,False,False,False,True,Invasive cancer + stroma,0.27798688755086565,0.02859641765302318,8.24299083392353e-05,0.0,0,0,3.689544782186327,4,254,0.19923264771897373,1,1,0.008242990833923557,0.00824299083392323,0.008242990833182445,2.8349127928012887,False,True,False,False
TTCCGCAGAGAAATAT-1,10132,3514,ER,CID4290,Invasive cancer + stroma,1,21,101,3277,7136,10132,3514,3.0398736675878406,False,False,False,True,Invasive cancer + stroma,0.30006579402581557,0.007210476347162781,0.001561533967205512,0.0,0,0,3.7829387142937243,4,235,0.2288706189248949,1,1,0.005860345077842985,0.005860345077783902,0.005860345077760128,0.7034665994828911,False,True,False,False
CAGTACATTCTCTAAA-1,22711,5321,ER,CID4290,Invasive cancer + stroma,1,20,102,3182,7190,22711,5321,3.8835806437409186,False,False,False,True,Invasive cancer + stroma,0.2159475938958097,0.0002545554403268262,0.00038811299200950967,0.0,0,0,3.528441799221815,4,386,0.0,0,0,0.006363886007981129,0.006363886008561501,0.0063638860077173814,0.006363886008422609,False,True,False,False
GTGAAGATTTCAAGTG-1,19692,4794,ER,CID4290,Invasive cancer + stroma,1,21,103,3277,7245,19692,4794,4.60593134267723,False,False,False,True,Invasive cancer + stroma,0.1463144717667019,0.003453143476412217,6.605684853108591e-05,0.0,0,0,2.8172992697677643,4,182,0.0,0,0,0.3254972930869454,0.006605684852350988,0.006605684849643361,0.006605684852281958,False,False,False,False
AACGCATGATCTGGGT-1,5191,2243,ER,CID4290,Invasive cancer + stroma,1,20,104,3182,7299,5191,2243,3.140050086688499,False,False,False,True,Invasive cancer + stroma,0.19740114223181426,0.00025177805354179386,6.29445133433415e-05,0.0,0,0,2.9368212116337764,4,51,0.0,0,0,0.006294451338544887,0.006294451338543666,0.006294451338546077,0.0062944513385447525,False,True,False,False
CCCAGAGGAGGGCGTA-1,10219,3325,ER,CID4290,Invasive cancer + stroma,1,21,105,3277,7354,10219,3325,3.1705646345043546,False,False,False,True,Invasive cancer + stroma,0.13265768562931274,0.027181077883507647,8.816111977891294e-05,0.0,0,0,2.454135919581165,4,56,0.0,0,0,0.2623270639825221,0.3758813864254082,0.008816111978436023,2.0710832259643985,False,False,False,False
GGAAACCTTGTTGAAT-1,11395,3567,ER,CID4290,Invasive cancer + stroma,1,20,106,3182,7409,11395,3567,2.738043001316367,False,False,False,True,Invasive cancer + stroma,0.16392912834103313,0.0012131049448035455,6.229799865443217e-05,0.0,0,0,3.0196495806497903,4,126,0.0,0,0,0.00622979986538848,0.006229799865387688,0.10262109488418975,0.006229799865388632,False,False,False,False
GTGAAGCCGTATAGTC-1,20539,4905,ER,CID4290,Invasive cancer + stroma,1,21,107,3277,7463,20539,4905,2.9991723063440285,False,False,False,True,Invasive cancer + stroma,0.20018347231909417,0.002600825359367872,9.404839659445616e-05,0.0,0,0,3.1916774836933093,4,221,0.0,0,0,0.009404839660376063,0.009404839660741815,0.009404839664580427,0.23186801695108888,False,True,False,False
GAGCTGTCGTCTCGGA-1,15598,4260,ER,CID4290,Invasive cancer + stroma,1,20,108,3182,7518,15598,4260,2.0771893832542636,False,False,False,True,Invasive cancer + stroma,0.3318094245222586,0.0002508178365545435,6.270445851604783e-05,0.0,0,0,3.86219629562525,4,372,0.0,0,0,0.006270445914464509,0.006270445912107944,0.006270445914417322,0.006270445914464571,False,True,False,False
TGTCATTTGTTGGGAA-1,22692,5006,ER,CID4290,Invasive cancer + stroma,1,21,109,3277,7573,22692,5006,3.120042305658382,False,False,False,True,Invasive cancer + stroma,0.12572011959024942,0.0004023074377506031,0.00010057685945757808,0.0,0,0,2.44870606875946,4,114,0.0,0,0,0.01005768594514468,0.010057685941841353,0.01005768594292963,0.010057685945144647,False,False,False,False
ACCAACACCACACACT-1,27639,5564,ER,CID4290,Invasive cancer + stroma,1,20,110,3182,7627,27639,5564,3.9943558015847174,False,False,False,True,Invasive cancer + stroma,0.08166806867097909,0.0020512071932214573,0.00010028809193769349,0.0,0,0,2.2334406073706212,4,111,0.0,0,0,0.07082014059716693,0.010028809199085427,0.1142429603318803,0.010028809194013059,False,False,False,False
AAATGATTCGATCAGC-1,18915,4711,ER,CID4290,Invasive cancer + stroma,1,21,111,3277,7682,18915,4711,3.161512027491409,False,False,False,True,Invasive cancer + stroma,0.17065963199679335,0.009633200517325762,6.642161175564639e-05,0.0,0,0,3.087372823969451,4,204,0.0,0,0,0.006642161175936836,0.006642161173470516,0.006642161176853968,0.9433935682063148,False,False,False,False
CTGCTTTATGTCCGCG-1,11440,3328,ER,CID4290,Invasive cancer + stroma,1,20,112,3182,7736,11440,3328,5.314685314685315,False,False,False,True,Invasive cancer + stroma,0.08034323162291407,0.01410501269490165,6.556487161101466e-05,0.10469039170849158,1,1,1.9422554983525837,4,38,0.0,0,0,0.006556487161352599,0.006556487161352525,0.006556487160972256,1.3908318080064876,False,False,False,False
GCGAGAGGCCATGTAA-1,10974,3231,ER,CID4290,Invasive cancer + stroma,1,21,113,3277,7791,10974,3231,6.90723528339712,False,False,False,True,Invasive cancer + stroma,0.11810658543007746,0.025023636661218523,0.00010179008433183812,0.10795912279590496,1,1,2.456817995230131,4,62,0.0,0,0,2.238630379834439,0.010179008433163553,0.24337526942108637,0.010179008433163264,False,False,False,False
ATTGACCGGCGATGAC-1,9400,3159,ER,CID4290,Invasive cancer + stroma,1,20,114,3182,7846,9400,3159,6.25531914893617,False,False,False,True,Invasive cancer + stroma,0.12433401582165396,0.06292241133761303,9.744268017029294e-05,0.36228168839666214,3,3,2.580882228781851,4,56,0.0,0,0,0.009744268017029207,0.009744268017029028,0.009744268017029593,6.263008329710215,True,False,False,False
ACCCTGGTAACGCCCT-1,7205,2519,ER,CID4290,Invasive cancer + stroma,1,21,115,3277,7900,7205,2519,6.8979875086745315,False,False,False,True,Invasive cancer + stroma,0.07654810558095217,0.0051104210076767295,6.935521369073963e-05,0.0,0,0,2.3419495557783025,4,33,0.0,0,0,0.006935521369074119,0.006935521369076177,0.006935521369570397,0.49023553665995223,False,False,False,False
GTTGGACCGCATCAGG-1,4480,1773,ER,CID4290,Stroma,1,20,116,3182,7955,4480,1773,7.633928571428572,False,False,False,True,Stroma,0.10586605746698394,0.009237090797295268,6.44539712803597e-05,0.0,0,0,2.492427456516466,4,25,0.0,0,0,0.03844726377285333,0.006445397129483004,0.006445397129481028,0.8723710216977095,False,False,False,False
CGTTTACAAGGCAGCT-1,21165,4696,ER,CID4290,Invasive cancer + stroma,1,21,117,3277,8009,21165,4696,9.019607843137255,False,False,False,True,Invasive cancer + stroma,0.03222671622703058,0.00026913322122545556,0.002967989740269117,0.0,0,0,1.6127544155647193,4,39,0.0,0,0,0.006728330527767572,0.006728330529270189,0.006728330537205,0.0067283305283027915,False,False,False,False
CGGTCCATGAGACTCC-1,5212,1927,ER,CID4290,Stroma,1,20,118,3182,8064,5212,1927,10.11128165771297,False,False,False,True,Stroma,0.06328742099712369,0.05751785209061083,0.00010400306992559215,0.0,0,0,1.6448362444394247,4,11,0.0,0,0,4.080831094163196,0.010400306992559262,0.010400306992559179,1.650153500912769,True,False,True,False
GTTCGTCTGGGTCCCT-1,4382,1809,ER,CID4290,Stroma,1,21,119,3277,8119,4382,1809,11.387494294842536,False,False,False,True,Stroma,0.0565929114403937,0.0695465790451575,0.015241372948238113,0.0,0,0,1.6242500569765272,4,8,0.0,0,0,0.010246414695675984,0.010246414695675388,0.01024641469567554,6.923918660428723,True,False,True,False
TGTACTACTCTCACGG-1,1973,972,ER,CID4290,Stroma,1,20,120,3182,8173,1973,972,11.606690319310694,False,False,False,True,Stroma,0.09277314419885412,0.03545143801455585,9.897948948846773e-05,0.0,0,0,1.6659172756918093,3,6,0.0,0,0,0.009897948948846446,0.009897948948843003,0.009897948948845702,3.51544995460905,True,False,True,False
AGTGAAGATGGTGTCC-1,976,578,ER,CID4290,Stroma,1,21,121,3277,8228,976,578,9.323770491803279,False,False,False,True,Stroma,0.054499565531563064,0.0002255663575793811,4.186868719147742e-05,0.0,0,0,2.333753642719749,3,7,0.0,0,0,0.004186868964579311,0.004186868910042917,0.004186868964579458,0.009996028918736424,False,False,False,False
GAGGGCCATAATATTA-1,720,505,ER,CID4290,Stroma,1,20,122,3182,8282,720,505,6.805555555555555,False,False,False,True,Stroma,0.11737519669771214,0.04075615008871155,6.856527842745475e-05,0.0,0,0,2.190208482398176,3,4,0.0,0,0,0.006856527842744727,4.055045425342925,0.006856527842740928,0.006856527842744648,True,False,True,False
CGTCAAATGGTCGCAG-1,992,607,ER,CID4290,Stroma,1,20,124,3182,8392,992,607,6.350806451612903,False,False,False,True,Stroma,0.09358359734290192,0.00025055732282621497,6.263933016750623e-05,0.0,0,0,1.202599953588629,2,2,0.0,0,0,0.006263933071723749,0.006263933067451538,0.006263933071722739,0.006263933071723474,False,False,False,False
AAGTCTAGTAGCTGCC-1,1077,682,ER,CID4290,Stroma,1,21,125,3277,8446,1077,682,7.428040854224697,False,False,False,True,Stroma,0.10874459146914425,0.00024332714875934178,0.016333948896151074,0.0,0,0,2.588590765662864,4,6,0.0,0,0,0.006083178718985918,0.006083178718984045,0.006083178718982637,0.006083178718981577,False,False,False,False
AAGAAATCACCAGATT-1,3391,1579,ER,CID4290,Stroma,1,20,126,3181,8501,3391,1579,5.750516071955176,False,False,False,True,Stroma,0.08089794128830068,0.005292043326197503,9.575220939822616e-05,0.0,0,0,1.8586649379710956,4,9,0.0,0,0,0.00957522093982433,0.009575220939823742,0.5004786698002788,0.009575220939823522,False,False,False,False
GAGTGCACGGACAACA-1,3977,1687,ER,CID4290,Stroma,1,21,127,3276,8556,3977,1687,7.4176514961025894,False,False,False,True,Stroma,0.09433903888712983,0.00040280190194452573,0.00010070047548954653,0.0,0,0,2.113572223338006,4,17,0.0,0,0,0.010070047548957293,0.010070047548955734,0.010070047547583621,0.010070047548955928,False,False,False,False
ATCGACTCTTTCCGTT-1,2509,1400,ER,CID4290,Invasive cancer + stroma,1,23,61,3469,4951,2509,1400,8.808290155440414,False,False,False,True,Invasive cancer + stroma,0.11964741173033522,0.004384529502368845,5.809598366336097e-05,0.0,0,0,2.3845702351848788,3,18,0.0,0,0,0.4193451321090751,0.005809598372072798,0.005809598372076043,0.0074886213836605625,False,False,False,False
CTCATTTGATGGGCGG-1,2571,1398,ER,CID4290,Invasive cancer + stroma,1,22,62,3373,5006,2571,1398,12.290937378451964,False,False,False,True,Invasive cancer + stroma,0.11570144155036238,0.012604459251150401,9.58877813229812e-05,0.0,0,0,2.6509631699930227,4,16,0.0,0,0,0.009588778128952528,0.009588778128953578,0.00958877812895219,1.2316795907281817,False,False,False,False
GTAAGCGGGCAGTCAG-1,2874,1594,ER,CID4290,Invasive cancer + stroma,1,23,63,3468,5060,2874,1594,7.8636047320807245,False,False,False,True,Invasive cancer + stroma,0.10880966865349437,0.00023682019153684362,5.920504791321641e-05,0.0,0,0,2.5079541347608227,4,19,0.0,0,0,0.005920504788420184,0.005920504788424206,0.005920504788420155,0.005920504788419818,False,False,False,False
TCTATCGGTCGCAACA-1,7365,3110,ER,CID4290,Invasive cancer + stroma,1,22,64,3373,5115,7365,3110,8.282416836388323,False,False,False,True,Invasive cancer + stroma,0.11612967295745405,0.01903970108789017,6.276717606892066e-05,0.0,0,0,2.6155376659251086,4,50,0.0,0,0,0.7001143511587938,0.006276717606890626,0.0062767176068921895,1.1913023224164405,False,False,False,False
AACGCGGTCTCCAGCC-1,6659,2879,ER,CID4290,Invasive cancer + stroma,1,23,65,3468,5169,6659,2879,5.601441657906593,False,False,False,True,Invasive cancer + stroma,0.19021463479414313,0.022572283109578376,5.99930454443016e-05,0.15283021463318242,1,1,3.289165922892676,4,101,0.0,0,0,2.2392303973245467,0.005999304544430932,0.005999304544430278,0.005999304544429672,False,False,False,False
ATTAATACTACGCGGG-1,8162,3275,ER,CID4290,Invasive cancer + stroma,1,22,66,3373,5224,8162,3275,7.58392550845381,False,False,False,True,Invasive cancer + stroma,0.14985991628627562,0.00024704081146191884,6.176020286496314e-05,0.0,0,0,2.9485713761267798,4,72,0.0,0,0,0.006176020286496284,0.006176020286493568,0.00617602028670594,0.006176020286496093,False,False,False,False
CTTTAACTTTCAAAGG-1,16639,4825,ER,CID4290,Invasive cancer + stroma,1,23,67,3468,5279,16639,4825,5.559228319009556,False,False,False,True,Invasive cancer + stroma,0.13602707107208614,0.00025807534831321933,6.451883706971405e-05,0.0,0,0,2.9861902762058237,4,156,0.0,0,0,0.006451883707298115,0.006451883707251465,0.006451883709474395,0.006451883707297958,False,False,False,False
CGTACCTGATAGGCCT-1,3125,1638,ER,CID4290,Invasive cancer + stroma,1,22,68,3373,5333,3125,1638,8.096,False,False,False,True,Invasive cancer + stroma,0.12635456592788305,0.019748024974290963,6.067914739709453e-05,0.0,0,0,2.125130061787241,4,12,0.0,0,0,1.956598753209966,0.006067914739710225,0.0060679147397096804,0.0060679147397104715,False,False,False,False
GAATGTTGGGTAATCT-1,3880,2029,ER,CID4290,Invasive cancer + stroma,1,23,69,3468,5388,3880,2029,3.7371134020618557,False,False,False,True,Invasive cancer + stroma,0.17224166325976722,0.04102903879778938,5.787812835664246e-05,0.0,0,0,3.2183591291871476,4,51,0.42487126714782547,1,1,0.005787812835663803,0.18568363482395137,2.5422102687203654,1.3692221633989576,True,False,True,False
TGCGGAGTAAAGGTGC-1,2130,1237,ER,CID4290,Invasive cancer + stroma,1,22,70,3373,5443,2130,1237,7.934272300469483,False,False,False,True,Invasive cancer + stroma,0.1385695653145582,0.029362993194096923,6.0491768066484485e-05,0.0,0,0,2.7870287671259013,4,18,0.0,0,0,1.1438779424727101,0.006049176806644596,0.00604917680664896,1.7803230233236884,False,False,False,False
CCTGAATATTTACATA-1,1804,1087,ER,CID4290,Invasive cancer + stroma,1,23,71,3468,5497,1804,1087,6.541019955654102,False,False,False,True,Invasive cancer + stroma,0.107782619507169,0.047135774264201756,6.0968086773669396e-05,0.0,0,0,2.274081866064098,3,14,0.0,0,0,4.69470684640654,0.006096808677367377,0.006096808677367605,0.006676962658901041,True,False,True,False
TTGCTCCCATACCGGA-1,1234,842,ER,CID4290,Invasive cancer + stroma,1,22,72,3373,5552,1234,842,4.700162074554295,False,False,False,True,Invasive cancer + stroma,0.16980416354695693,0.00026040633574612055,6.51015834762302e-05,0.0,0,0,2.843689176376719,4,10,0.0,0,0,0.006510158397801022,0.006510158393111453,0.006510158385899095,0.006510158397800483,False,False,False,False
CCTCTAATCTGCCAAG-1,1437,905,ER,CID4290,Invasive cancer + stroma,1,23,73,3468,5606,1437,905,4.592901878914405,False,False,False,True,Invasive cancer + stroma,0.11711868375614191,0.01613959589536864,4.135358584832803e-05,0.0,0,0,2.5089538992815084,3,13,0.0,0,0,0.004135358617688819,0.00413535861769289,0.00413535861769599,1.6015535136837862,False,False,False,False
AGGTTGAGGCACGCTT-1,4203,1977,ER,CID4290,Invasive cancer + stroma,1,22,74,3373,5661,4203,1977,5.329526528669998,False,False,False,True,Invasive cancer + stroma,0.13481115107249075,0.00025641529350106033,0.012039224803128714,0.0,0,0,2.727649994024488,4,41,0.0,0,0,0.0064103823375264634,0.006410382337526652,0.006410382337526485,0.006410382337526432,False,False,False,False
TCCCGTCAGTCCCGCA-1,3609,1806,ER,CID4290,Invasive cancer + stroma,1,23,75,3468,5716,3609,1806,4.710446106954835,False,False,False,True,Invasive cancer + stroma,0.09116776693304215,0.0035954068913198597,6.133785187619357e-05,0.0,0,0,2.457794531643488,4,19,0.0,0,0,0.006133785186379661,0.006133785186379391,0.006133785186379471,0.3411393335728474,False,False,False,False
TCCGATGACTGAGCTC-1,11562,3947,ER,CID4290,Invasive cancer + stroma,1,22,76,3373,5770,11562,3947,3.6152914720636566,False,False,False,True,Invasive cancer + stroma,0.054623915285815845,0.03277634041611409,6.741626528654594e-05,0.1038681079094403,1,1,2.1255823602664927,4,39,0.0,0,0,0.006741626528535739,0.006741626528535563,0.006741626527383805,3.2574091620269536,True,False,False,False
CAGCCTCCTGCAGAGG-1,12384,3920,ER,CID4290,Invasive cancer + stroma,1,23,77,3468,5825,12384,3920,5.628229974160207,False,False,False,True,Invasive cancer + stroma,0.07924708804231578,0.046013976668484946,6.238310925621921e-05,0.0,0,0,2.3596276289189873,4,62,0.0,0,0,0.0062383109258934855,0.006238310925893515,0.006238310924841648,4.5826827340718665,True,False,True,False
CTTAGCCTTCCACATG-1,9008,3412,ER,CID4290,Invasive cancer + stroma,1,22,78,3373,5879,9008,3412,4.595914742451154,False,False,False,True,Invasive cancer + stroma,0.20392262373836423,0.00024888668077870335,6.222167019430424e-05,0.0,0,0,3.1236807002423417,4,111,0.0,0,0,0.006222167019430202,0.006222167019430172,0.006222167019579859,0.0062221670194301006,False,True,False,False
ATTAATGAACCAGTCG-1,20958,5631,ER,CID4290,Invasive cancer + stroma,1,23,79,3468,5934,20958,5631,3.45929955148392,False,False,False,True,Invasive cancer + stroma,0.21068642186995767,0.0076430016309173175,5.887631591515659e-05,0.0,0,0,3.3403642715041735,4,389,0.0,0,0,0.005887631591515859,0.7466372683165738,0.00588763159212642,0.005887631591515677,False,True,False,False
ACGATACATAGAACTA-1,21089,5306,ER,CID4290,Invasive cancer + stroma,1,22,80,3373,5989,21089,5306,4.9883825691118595,False,False,False,True,Invasive cancer + stroma,0.10505397407489157,0.00455931860320251,5.9035927233382e-05,0.0,0,0,2.7781266714951878,4,173,0.0,0,0,0.005903592723811566,0.005903592723946953,0.19167669165579057,0.2524479832167019,False,False,False,False
AGCCACTCCCGTGCTT-1,22998,5143,ER,CID4290,Invasive cancer + stroma,1,23,81,3468,6043,22998,5143,5.5830941821027915,False,False,False,True,Invasive cancer + stroma,0.03267352965598008,0.019303220181585687,0.0004424287314791405,0.0,0,0,1.4571878360308501,4,34,0.0,0,0,0.006481226334787483,0.006481226336636087,0.006481226333149548,1.9108783391539959,False,False,False,False
ATACGGGTTTCGATTG-1,20747,4976,ER,CID4290,Invasive cancer + stroma,1,22,82,3373,6098,20747,4976,7.408299995180026,False,False,False,True,Invasive cancer + stroma,0.09357089956900137,0.0022246660676055983,9.690075732955505e-05,0.0,0,0,2.324586405377557,4,99,0.0,0,0,0.00969007572759649,0.00969007572658952,0.009690075732311211,0.19339637957406264,False,False,False,False
CTGTCAAATGGCTCGG-1,19499,4967,ER,CID4290,Invasive cancer + stroma,1,23,83,3468,6153,19499,4967,3.9950766705984924,False,False,False,True,Invasive cancer + stroma,0.18725696956617033,0.0027703554343571973,6.240094274180495e-05,0.0,0,0,3.406370873114677,4,295,0.0,0,0,0.006240094274180332,0.25831526061203924,0.006240094275319669,0.006240094274180517,False,False,False,False
GCTCGGAATTTAAAGC-1,30775,5884,ER,CID4290,Invasive cancer + stroma,1,22,84,3373,6207,30775,5884,7.24289195775792,False,False,False,True,Invasive cancer + stroma,0.04085471372173099,0.012514667338577937,6.919146545017995e-05,0.0,0,0,1.4549274977511863,4,49,0.0,0,0,0.006919146543291295,0.006919146543779602,0.0069191465447426105,1.23070929422598,False,False,False,False
TAGGCATGTTACGCCA-1,25339,5563,ER,CID4290,Invasive cancer + stroma,1,23,85,3468,6262,25339,5563,4.854177355065314,False,False,False,True,Invasive cancer + stroma,0.0651088840014062,0.005759189049571747,9.900203479397744e-05,0.0,0,0,2.0253259271844666,4,84,0.0,0,0,0.02229181382875472,0.009900203478695423,0.27344192264125533,0.27028496500846927,False,False,False,False
TGGCAACTCGCGCGCC-1,28740,6017,ER,CID4290,Invasive cancer + stroma,1,22,86,3373,6316,28740,6017,4.356297842727906,False,False,False,True,Invasive cancer + stroma,0.08423884157093388,0.01539899696435631,0.0017384431235856253,0.0,0,0,2.3514907141439174,4,154,0.09952759244265698,1,1,0.006525049836223375,0.006525049839211144,0.0065250498342045524,1.520324546925992,False,False,False,False
ATCAGTAGGCAGGGAT-1,16198,4496,ER,CID4290,Invasive cancer + stroma,1,23,87,3468,6371,16198,4496,3.9572786763798002,False,False,False,True,Invasive cancer + stroma,0.14418401402071726,0.023045227647448242,6.498025722594054e-05,0.0,0,0,2.8337946611681373,4,137,0.0,0,0,0.006498025722435814,0.00649802572243558,0.006498025721519167,2.285028687578434,False,False,False,False
TATCGATCTATGCATA-1,26730,5643,ER,CID4290,Invasive cancer + stroma,1,22,88,3373,6426,26730,5643,3.2622521511410403,False,False,False,True,Invasive cancer + stroma,0.12808081815068864,0.0006587426026868278,9.854892473677124e-05,0.0,0,0,2.7108347956377763,4,204,0.0,0,0,0.03630958285791762,0.009854892470621397,0.009854892466789236,0.009854892473354526,False,False,False,False
CGACTCAGGATGTTAT-1,10983,3629,ER,CID4290,Invasive cancer + stroma,1,23,89,3468,6480,10983,3629,3.0410634617135575,False,False,False,True,Invasive cancer + stroma,0.2727960927124776,0.0091528148616955,5.913876949790704e-05,0.10789399387772484,1,1,3.8065707598145018,4,243,0.0,0,0,0.005913876950041148,0.005913876950040744,0.005913876950040657,0.8975398553194274,False,True,False,False
GCCATATTGCACACAG-1,22189,5214,ER,CID4290,Invasive cancer + stroma,1,22,90,3373,6535,22189,5214,4.173238992293479,False,False,False,True,Invasive cancer + stroma,0.13353402639241954,0.0033588467143714205,6.36821105143127e-05,0.0,0,0,2.7632316847499037,4,185,0.0,0,0,0.31678003828339346,0.00636821105172323,0.006368211050530188,0.006368211051495192,False,False,False,False
AATTCATAAGGGATCT-1,25829,5419,ER,CID4290,Invasive cancer + stroma,1,23,91,3468,6590,25829,5419,4.014867009950056,False,False,False,True,Invasive cancer + stroma,0.09878543537480833,0.0027963183968418817,9.275079285636516e-05,0.0,0,0,2.7060175020896415,4,160,0.0,0,0,0.2518066018418439,0.009275079283994205,0.009275079273063192,0.009275079285286885,False,False,False,False
CGGTAGAGGTGCAGGT-1,19940,4936,ER,CID4290,Invasive cancer + stroma,1,22,92,3373,6644,19940,4936,4.262788365095286,False,False,False,True,Invasive cancer + stroma,0.07060069444947116,0.009980812298664021,6.29511480510769e-05,0.06774460240963166,1,1,2.2674621684438514,4,90,0.0,0,0,0.006295114807103945,0.0062951148090470525,0.06960286015409285,0.9158881400961583,False,False,False,False
AATGATGATACGCTAT-1,23923,5553,ER,CID4290,Invasive cancer + stroma,1,23,93,3468,6699,23923,5553,3.4527442210425114,False,False,False,True,Invasive cancer + stroma,0.16303493944337,0.003629478085721149,6.343679409108704e-05,0.0,0,0,3.0313822137820177,4,262,0.0,0,0,0.0063436794094491504,0.0063436794050056675,0.006343679408057365,0.3439167703496027,False,False,False,False
CTTGTGCTCACCGATT-1,26622,5630,ER,CID4290,Invasive cancer + stroma,1,22,94,3373,6753,26622,5630,3.5121328224776502,False,False,False,True,Invasive cancer + stroma,0.07139715607206755,0.004611026287705315,6.778013436463151e-05,0.0,0,0,2.3375630759685704,4,111,0.0,0,0,0.00677801343680778,0.006778013430234367,0.006778013438580825,0.4407685884649086,False,False,False,False
TTCCAATCAGAGCTAG-1,17082,4657,ER,CID4290,Invasive cancer + stroma,1,23,95,3468,6808,17082,4657,3.032431799555087,False,False,False,True,Invasive cancer + stroma,0.13747008853641762,0.02399248367193228,6.257784953282213e-05,0.0,0,0,2.9662402214955135,4,155,0.0,0,0,0.006257784953466647,0.006257784953041612,0.006257784953708114,2.3804750123330116,False,False,False,False
CGATGGACCCTACGCC-1,29249,5937,ER,CID4290,Invasive cancer + stroma,1,22,96,3372,6863,29249,5937,3.1830148039249204,False,False,False,True,Invasive cancer + stroma,0.04484239340770172,0.007197130681880541,7.022561713408303e-05,0.0,0,0,1.3516702886798846,4,44,0.0,0,0,0.6986453830334886,0.00702256171711064,0.007022561720633724,0.007022561716821232,False,False,False,False
GGTCGGATAAACGGCG-1,20889,4737,ER,CID4290,Invasive cancer + stroma,1,23,97,3467,6917,20889,4737,5.35209919096175,False,False,False,True,Invasive cancer + stroma,0.07335312499849987,0.006087311360853304,9.630682911345299e-05,0.06519623814028848,1,1,1.995400611763482,4,74,0.0,0,0,0.00963068291336022,0.00963068291290064,0.009630682918589165,0.5798390873404803,False,False,False,False
TTAGCTAATACGATCT-1,19740,5013,ER,CID4290,Invasive cancer + stroma,1,22,98,3372,6972,19740,5013,4.113475177304964,False,False,False,True,Invasive cancer + stroma,0.1614174857469007,0.0002473794808163301,6.184487022897403e-05,0.0,0,0,3.098731007862472,4,218,0.0,0,0,0.006184487021309524,0.00618448702072261,0.0061844870182912424,0.006184487021309635,False,False,False,False
CTCGATATTTGCGAGC-1,15171,4286,ER,CID4290,Invasive cancer + stroma,1,23,99,3467,7026,15171,4286,3.0518752883791445,False,False,False,True,Invasive cancer + stroma,0.17835974923744724,0.003734517081542458,6.210185633472612e-05,0.0,0,0,3.136717603095735,4,173,0.0,0,0,0.35482115125674263,0.006210185633427134,0.006210185630648475,0.006210185633427538,False,False,False,False
ATTACTTACTGGGCAT-1,7553,2842,ER,CID4290,Invasive cancer + stroma,1,22,100,3372,7081,7553,2842,2.806831722494373,False,False,False,True,Invasive cancer + stroma,0.21464580843465994,0.015589426002784453,9.219314507056033e-05,0.0,0,0,3.520072594793679,4,117,0.0,0,0,0.00921931450705637,0.009219314507056044,0.009219314507056296,1.5312846567572767,False,True,False,False
CTAGCCGATGTTATGA-1,8837,3328,ER,CID4290,Invasive cancer + stroma,1,23,101,3467,7136,8837,3328,2.523480819282562,False,False,False,True,Invasive cancer + stroma,0.30366056217583676,0.0035909833655373958,6.088838804927357e-05,0.12614592804403577,1,1,3.7658794974696645,4,190,0.0,0,0,0.21884435970721977,0.006088838804926514,0.006088838804926553,0.12807629923666672,False,True,False,False
TACTGCAATCAATTAC-1,9941,3468,ER,CID4290,Invasive cancer + stroma,1,22,102,3372,7190,9941,3468,3.369882305603058,False,False,False,True,Invasive cancer + stroma,0.14691049037245693,0.005996748797759433,8.706795885358197e-05,0.0,0,0,2.9826517024118595,4,91,0.0,0,0,0.008706795885348437,0.008706795885348466,0.23173109701905564,0.35053019098619076,False,False,False,False
TAGTCTGTGACGTTGC-1,19435,4959,ER,CID4290,Invasive cancer + stroma,1,23,103,3467,7245,19435,4959,2.994597375868279,False,False,False,True,Invasive cancer + stroma,0.17808179466895765,0.00541139818221006,6.113181351913915e-05,0.0,0,0,3.2528474634210562,4,280,0.0,0,0,0.006113181352012268,0.00611318135159822,0.0061131813521118844,0.5228002741652836,False,False,False,False
CTCGTTTCTAATGTTT-1,9864,3450,ER,CID4290,Invasive cancer + stroma,1,22,104,3372,7299,9864,3450,3.680048661800486,False,False,False,True,Invasive cancer + stroma,0.18807682656370125,0.025597267745772225,6.091230872355737e-05,0.0,0,0,3.146080905471126,4,109,0.0,0,0,0.006091230872355984,0.4196295722045169,0.006091230872356055,2.1279147406279937,False,False,False,False
TTCGTTCAACGAAGTT-1,16927,4513,ER,CID4290,Invasive cancer + stroma,1,23,105,3467,7354,16927,4513,3.5032787853724816,False,False,False,True,Invasive cancer + stroma,0.14107175568355523,0.0002502089994786039,6.25522498703433e-05,0.0,0,0,2.7145298905782878,4,125,0.0,0,0,0.006255224987215692,0.006255224987409895,0.006255224986019072,0.006255224987215733,False,False,False,False
CTGAATTTATTGCCAG-1,19640,4764,ER,CID4290,Invasive cancer + stroma,1,22,106,3372,7409,19640,4764,3.482688391038696,False,False,False,True,Invasive cancer + stroma,0.19588622558315122,0.00676433185195764,6.611829532031416e-05,0.0,0,0,3.1757343835924727,4,220,0.0,0,0,0.006611829530882756,0.006611829530591294,0.06763924226330963,0.5955702838709803,False,True,False,False
TGGAATATCCTTGACC-1,25837,5299,ER,CID4290,Invasive cancer + stroma,1,23,107,3467,7463,25837,5299,4.183922281998684,False,False,False,True,Invasive cancer + stroma,0.12015237154841363,0.008603372300943254,9.756927452261359e-05,0.0,0,0,2.9229979284205334,4,239,0.0,0,0,0.009756927450099926,0.009756927451675156,0.009756927446846555,0.8310664477457038,False,False,False,False
CAGATCATTTAAAGTC-1,27085,5454,ER,CID4290,Invasive cancer + stroma,1,22,108,3372,7518,27085,5454,4.153590548273953,False,False,False,True,Invasive cancer + stroma,0.10722933884457891,0.0004202684781592079,0.00010506711951411146,0.0,0,0,2.2741457171671287,4,120,0.0,0,0,0.010506711952413877,0.010506711950381081,0.010506711960712562,0.010506711952413266,False,False,False,False
CTCCTTTACGCAAGTC-1,13214,4012,ER,CID4290,Invasive cancer + stroma,1,23,109,3467,7573,13214,4012,2.55032541244135,False,False,False,True,Invasive cancer + stroma,0.2316583589380592,0.015840924208440726,8.689479569374113e-05,0.0,0,0,3.4166534576754235,4,213,0.187826223779579,1,1,0.008689479570563256,0.008689479570563166,0.24831471158127835,1.3183987501216676,False,True,False,False
TCCCAAACAGACAACG-1,31694,6092,ER,CID4290,Invasive cancer + stroma,1,22,110,3372,7627,31694,6092,5.732946298984035,False,False,False,True,Invasive cancer + stroma,0.14572993325871958,0.01490490247150794,9.546472861669896e-05,0.04570497417327146,1,1,2.657421765416812,4,224,0.18281989669308585,2,2,0.9614765781136332,0.00954647285691702,0.31507959117527745,0.20438760500496633,False,False,False,False
ATCGCTGCGTGCAGCA-1,28855,5302,ER,CID4290,Invasive cancer + stroma,1,23,111,3467,7682,28855,5302,5.797955293709929,False,False,False,True,Invasive cancer + stroma,0.06806240010030386,0.0002993265199404461,7.48316300342183e-05,0.0,0,0,2.0510856666837114,4,80,0.0,0,0,0.0074831630001812735,0.007483162994692831,0.007483162998989696,0.00748316300018081,False,False,False,False
TTAGTTCAAGTGTTCG-1,18097,4307,ER,CID4290,Invasive cancer + stroma,1,22,112,3372,7736,18097,4307,7.249820412223021,False,False,False,True,Invasive cancer + stroma,0.06501670430319352,0.00844868406614228,7.032837806447295e-05,0.0,0,0,1.8908428426830426,4,46,0.0,0,0,0.8237698931907712,0.007032837810624876,0.007032837806293194,0.00703283780653865,False,False,False,False
AAACTCGTGATATAAG-1,22289,4703,ER,CID4290,Invasive cancer + stroma,1,23,113,3467,7791,22289,4703,7.1918883754318275,False,False,False,True,Invasive cancer + stroma,0.07509153650611465,0.004225464104823672,0.0001043994687805925,0.0,0,0,2.2140377079760576,4,95,0.0,0,0,0.010439946880104656,0.01043994688126356,0.01043994687277372,0.3912265698482253,False,False,False,False
TTAACGAACAAGCAGT-1,15654,3872,ER,CID4290,Invasive cancer + stroma,1,22,114,3372,7846,15654,3872,7.7679826242493935,False,False,False,True,Invasive cancer + stroma,0.0666326526325082,0.014709682105435324,0.0001019615289371247,0.0,0,0,2.2287455592078693,4,61,0.0,0,0,1.4403797518537234,0.01019615289497776,0.010196152898149779,0.010196152896681448,False,False,False,False
GTTATATCAGGAGCCA-1,10608,2909,ER,CID4290,Invasive cancer + stroma,1,23,115,3467,7900,10608,2909,7.720588235294118,False,False,False,True,Invasive cancer + stroma,0.0792756968405976,0.044572321390129364,7.144276247771248e-05,0.0,0,0,2.3645394822838495,4,46,0.0,0,0,3.8240634225468515,0.007144276247878718,0.007144276248528595,0.618880163969678,True,False,True,False
CAAATTGGATTATGCC-1,11654,3500,ER,CID4290,Invasive cancer + stroma,1,22,116,3372,7955,11654,3500,7.61112064527201,False,False,False,True,Invasive cancer + stroma,0.054565718645934576,0.021888217178539515,6.411270274712916e-05,0.0,0,0,2.0769489072184713,4,35,0.0,0,0,2.1695879070313295,0.006411270274696548,0.006411270273228242,0.0064112702746970075,False,False,False,False
CGAGGAGCTTCCATAT-1,5255,1857,ER,CID4290,Invasive cancer + stroma,1,23,117,3467,8010,5255,1857,7.573739295908659,False,False,False,True,Invasive cancer + stroma,0.06757567970191493,0.009676352395992889,0.00010426927058697831,0.0,0,0,2.48778599764356,4,26,0.0,0,0,0.010426927058697081,0.010426927058697235,0.01042692705967297,0.9363544584222215,False,False,False,False
GGAGACCAATGTGCTT-1,6738,2395,ER,CID4290,Invasive cancer + stroma,1,22,118,3372,8064,6738,2395,7.420599584446423,False,False,False,True,Invasive cancer + stroma,0.05763037901715587,0.0005325078195060753,6.638317327500966e-05,0.0,0,0,1.852506936168984,4,17,0.0,0,0,0.03333583000053167,0.0066383173169994895,0.00663831731607694,0.006638317316999426,False,False,False,False
CATTGATGAACACGCC-1,2713,1135,ER,CID4290,Stroma,1,23,119,3467,8119,2713,1135,9.436048654625875,False,False,False,True,Stroma,0.08984278438348789,0.018059400013870124,0.00010260255673474803,0.0,0,0,2.51980025470882,4,15,0.0,0,0,0.010260255673476043,0.010260255674162472,0.010260255673475903,1.775159234365898,False,False,False,False
GTCAATGCTATAATTT-1,1798,877,ER,CID4290,Stroma,1,22,120,3372,8173,1798,877,9.788654060066742,False,False,False,True,Stroma,0.0559068035366784,0.031758709448723894,7.111962762219344e-05,0.0,0,0,0.9406275447657275,2,2,0.0,0,0,0.007111962776525347,0.007111962776521687,0.007111962776525672,3.1545350565428167,True,False,True,False
ACCACCCTCTCTTCTA-1,949,558,ER,CID4290,Stroma,1,23,121,3467,8228,949,558,8.113804004214963,False,False,False,True,Stroma,0.09449778869608766,0.00025493253951190003,0.02198814302650737,0.0,0,0,0.7736093482260543,1,2,0.0,0,0,0.0063733134877984885,0.006373313487798707,0.006373313487796341,0.006373313487796464,False,False,False,False
CCTACTGCGGCGGCCA-1,767,515,ER,CID4290,Stroma,1,22,126,3372,8501,767,515,7.431551499348108,False,False,False,True,Stroma,0.07648601283310737,0.00024680705791830674,6.170176446561101e-05,0.0,0,0,0.9229277911582685,1,3,0.0,0,0,0.006170176447850845,0.006170176448278002,0.006170176447850966,0.0061701764478508635,False,False,False,False
CTTAGGTCCCAATCGT-1,818,549,ER,CID4290,Stroma,1,23,127,3467,8556,818,549,5.623471882640587,False,False,False,True,Stroma,0.18735073792182008,0.021088739931506482,8.84977464445896e-05,0.0,0,0,1.5527740582669192,2,4,0.0,0,0,0.008849774644464643,0.008849774644461858,2.0823246692172597,0.00884977464446222,False,False,False,False
AATGCAACCGGGTACC-1,2631,1523,ER,CID4290,Invasive cancer + stroma,1,25,59,3659,4842,2631,1523,5.207145572025846,False,False,False,True,Invasive cancer + stroma,0.161648972837723,0.02091038676514226,0.018173164211469476,0.2614650179556138,1,1,2.7809556136390423,4,24,0.0,0,0,0.009131011802677273,0.4295852087842721,0.00913101180267697,1.6431914441245996,False,False,False,False
TCAAACAACCGCGTCG-1,1694,1076,ER,CID4290,Invasive cancer + stroma,1,24,60,3564,4896,1694,1076,8.441558441558442,False,False,False,True,Invasive cancer + stroma,0.13052126508717518,0.0002463109291257464,5.9312940596995735e-05,0.0,0,0,2.8884840950754174,4,18,0.0,0,0,0.005931294057555738,0.005931294057555941,0.005931294057555767,0.006837210739907193,False,False,False,False
TATGCTCCCTACTTAC-1,2634,1542,ER,CID4290,Invasive cancer + stroma,1,25,61,3659,4951,2634,1542,3.7205770690964313,False,False,False,True,Invasive cancer + stroma,0.21872175356160947,0.015420210576583061,6.190633068411499e-05,0.0,0,0,3.3815299994599277,4,50,0.0,0,0,0.006190633073724515,0.006190633073724747,0.006190633073719725,1.5234491584371372,False,True,False,False
AAAGGGATGTAGCAAG-1,2685,1487,ER,CID4290,Invasive cancer + stroma,1,24,62,3564,5006,2685,1487,7.932960893854749,False,False,False,True,Invasive cancer + stroma,0.1635967353265399,0.023532619219580782,0.00438083040752399,0.0,0,0,3.534345776108347,4,41,0.0,0,0,2.335194379219015,0.0060225142463544625,0.006022514246354472,0.006022514246354404,False,False,False,False
ACGATCATACATAGAG-1,4935,2388,ER,CID4290,Invasive cancer + stroma,1,25,63,3659,5060,4935,2388,6.605876393110435,False,False,False,True,Invasive cancer + stroma,0.18030188233966876,0.03484896528173905,8.57728505438827e-05,0.0,0,0,3.1210456886617735,4,53,0.0,0,0,0.008577285054388172,0.0085772850543874,0.13316029463500587,3.3345816634301237,True,False,True,False
TTGTTCAGTGTGCTAC-1,4207,2142,ER,CID4290,Invasive cancer + stroma,1,24,64,3563,5115,4207,2142,6.203945804611362,False,False,False,True,Invasive cancer + stroma,0.13842571174945187,0.0107614826875681,5.615064510542671e-05,0.0,0,0,2.187181019993013,3,37,0.0,0,0,0.00561506451054568,1.059279005172369,0.005615064510545633,0.00563913456334966,False,False,False,False
ATGCATGATCCAGGAT-1,9468,3509,ER,CID4290,Invasive cancer + stroma,1,25,65,3658,5170,9468,3509,7.37220109843684,False,False,False,True,Invasive cancer + stroma,0.15678649481268514,0.019796414375996135,6.263164702651965e-05,0.0,0,0,2.9319197576630627,4,86,0.0,0,0,0.006263164702653984,0.006263164702653953,0.006263164701772785,1.960851943492533,False,False,False,False
AGTCTTCTCCTCAAAT-1,12323,3989,ER,CID4290,Invasive cancer + stroma,1,24,66,3563,5224,12323,3989,6.508155481619736,False,False,False,True,Invasive cancer + stroma,0.12479269453452857,0.007674663489783238,6.030212963988657e-05,0.0,0,0,2.9872538577953023,4,142,0.0,0,0,0.006030212963735201,0.006030212963875063,0.006030212962767476,0.7493757100879461,False,False,False,False
GATTCCCTTGTCGCAG-1,16699,4541,ER,CID4290,Invasive cancer + stroma,1,25,67,3658,5279,16699,4541,8.35978202287562,False,False,False,True,Invasive cancer + stroma,0.08888211563265329,0.00025713150260846934,6.428287562550466e-05,0.0,0,0,2.6047169316238565,4,100,0.0,0,0,0.006428287563774181,0.006428287563350489,0.00642828756994811,0.006428287563774151,False,False,False,False
CTCGCACCTATATAGT-1,9423,3497,ER,CID4290,Invasive cancer + stroma,1,24,68,3563,5333,9423,3497,4.828610845802823,False,False,False,True,Invasive cancer + stroma,0.13522999167095742,0.006115651740343873,6.001345161481694e-05,0.0,0,0,2.784335359274465,4,85,0.0,0,0,0.2983836432748316,0.00600134516148455,0.006001345160571802,0.3011788404374994,False,False,False,False
ACTCAATAAAGGCACG-1,15815,4515,ER,CID4290,Invasive cancer + stroma,1,25,69,3658,5388,15815,4515,6.0259247549794495,False,False,False,True,Invasive cancer + stroma,0.12256601256775893,0.002891060108191356,6.190973926895929e-05,0.0,0,0,2.787495975156951,4,118,0.0,0,0,0.27053308903967,0.006190973926094898,0.0061909739272359154,0.006190973926134799,False,False,False,False
AACCGAGCTTGGTCAT-1,17060,4773,ER,CID4290,Invasive cancer + stroma,1,24,70,3563,5443,17060,4773,4.484173505275498,False,False,False,True,Invasive cancer + stroma,0.09873966618379611,0.009599344647650075,6.154837098168267e-05,0.0,0,0,2.554036130271701,4,86,0.0,0,0,0.006154837098144541,0.28726264077059555,0.006154837098783262,0.6603621497974842,False,False,False,False
TAAGGCAACATAAGAT-1,14767,4332,ER,CID4290,Invasive cancer + stroma,1,25,71,3658,5497,14767,4332,4.794474165368728,False,False,False,True,Invasive cancer + stroma,0.11456430920505331,0.0005428127299799799,0.006208378334035497,0.0,0,0,2.7629140771169114,4,122,0.0,0,0,0.005938532854938231,0.0059385328549381245,0.036465674433183395,0.00593853285493825,False,False,False,False
CACGCACAGCGCAGCT-1,3066,1614,ER,CID4290,Invasive cancer + stroma,1,24,72,3563,5552,3066,1614,4.174820613176777,False,False,False,True,Invasive cancer + stroma,0.09539968669140395,0.05550668534135622,5.9605001582497353e-05,0.0,0,0,2.335649051335569,4,14,0.0,0,0,0.005960500158249416,0.005960500158249493,0.005960500158249571,5.532787033660873,True,False,True,False
GGTTTACAATCTCAAT-1,14517,4413,ER,CID4290,Invasive cancer + stroma,1,25,73,3658,5607,14517,4413,3.9470965075428808,False,False,False,True,Invasive cancer + stroma,0.04565781340327754,0.022409263152706898,6.438225665199414e-05,0.0,0,0,1.3195830465386844,4,28,0.0,0,0,0.006438225664994074,0.0064382256643703666,0.006438225661688995,2.2216116382796365,False,False,False,False
TGCAGGATCGGCAAAG-1,2167,1222,ER,CID4290,Invasive cancer + stroma,1,24,74,3563,5661,2167,1222,5.214582371942778,False,False,False,True,Invasive cancer + stroma,0.12479901541371329,0.021456921810524096,6.173716803388281e-05,0.0,0,0,2.1354750184530564,3,14,0.0,0,0,0.006173716803388704,0.20868186739371794,0.006173716803388824,1.9246628800519143,False,False,False,False
ATAACGGAGTCCAACG-1,5416,2258,ER,CID4290,Invasive cancer + stroma,1,25,75,3658,5716,5416,2258,5.206794682422452,False,False,False,True,Invasive cancer + stroma,0.08936741833532792,0.00023526246881288437,5.881561720203395e-05,0.0,0,0,2.4149515456698403,4,30,0.0,0,0,0.005881561720203242,0.00588156172020215,0.005881561720679545,0.0058815617202035006,False,False,False,False
AACGATATGTCAACTG-1,2415,1405,ER,CID4290,Invasive cancer + stroma,1,24,76,3563,5770,2415,1405,4.265010351966874,False,False,False,True,Invasive cancer + stroma,0.11026681615982824,0.00022884677197393088,0.012102811550764462,0.0,0,0,3.0634950818006033,4,22,0.0,0,0,0.005721169299348088,0.005721169299348348,0.0057211692993482,0.005721169299348452,False,False,False,False
GACAACGACCATTGAA-1,2081,1227,ER,CID4290,Invasive cancer + stroma,1,25,77,3658,5825,2081,1227,4.613166746756367,False,False,False,True,Invasive cancer + stroma,0.11109104873938726,0.03299954995900399,6.195983153921541e-05,0.0,0,0,2.465704394529449,4,10,0.0,0,0,0.006195983153922369,0.34627545647850444,0.006195983153921471,2.941287573114051,True,False,True,False
TTGACCATGTTCTCCG-1,5790,2369,ER,CID4290,Invasive cancer + stroma,1,24,78,3563,5880,5790,2369,4.732297063903282,False,False,False,True,Invasive cancer + stroma,0.09564106209964329,0.0002627079353831087,6.567698384577728e-05,0.0,0,0,2.5997591467673504,4,36,0.0,0,0,0.0065676983845777605,0.006567698384577792,0.006567698384577741,0.006567698384577579,False,False,False,False
AGTACGGGCACCTGGC-1,2416,1351,ER,CID4290,Invasive cancer + stroma,1,25,79,3658,5934,2416,1351,3.8907284768211916,False,False,False,True,Invasive cancer + stroma,0.06488030822519596,0.00015950340650685573,3.987585164638208e-05,0.0,0,0,1.8485501764102592,3,11,0.0,0,0,0.003987585162663843,0.003987585162693885,0.0039875851626638625,0.003987585162663983,False,False,False,False
CGCCATCCGATTATGA-1,7870,2882,ER,CID4290,Invasive cancer + stroma,1,24,80,3563,5989,7870,2882,6.124523506988564,False,False,False,True,Invasive cancer + stroma,0.0540252895448457,0.010029114747886113,6.211234090789992e-05,0.0,0,0,2.0488184043201305,4,29,0.0,0,0,0.006211234090875948,0.0062112340908762,0.9842777725159833,0.0062112340908759885,False,False,False,False
AAGGTATCCTAATATA-1,5588,2439,ER,CID4290,Invasive cancer + stroma,1,25,81,3658,6043,5588,2439,5.046528274874731,False,False,False,True,Invasive cancer + stroma,0.07268792004350148,0.00023970588011583226,5.992647002895638e-05,0.0,0,0,1.824962796255325,3,21,0.0,0,0,0.0059926470028958045,0.005992647002895794,0.005992647002895852,0.005992647002895774,False,False,False,False
TGTTGTCAAGAAGTCT-1,13571,4235,ER,CID4290,Invasive cancer + stroma,1,24,82,3563,6098,13571,4235,4.9222607029695675,False,False,False,True,Invasive cancer + stroma,0.1071214608785647,0.0031986337892793456,6.153773964564332e-05,0.0,0,0,2.52949629805783,4,81,0.0,0,0,0.006153773964465076,0.006153773964465126,0.30140205703453915,0.006153773964465196,False,False,False,False
CAGTGAATAAATGACT-1,24691,5628,ER,CID4290,Invasive cancer + stroma,1,25,83,3658,6153,24691,5628,6.147989145842614,False,False,False,True,Invasive cancer + stroma,0.04544097562463443,0.012326528352571444,6.361792092499697e-05,0.05667358042548051,1,1,1.4922112736182809,3,51,0.0,0,0,0.9810268467971428,0.23890240427361276,0.006361792092922395,0.006361792093466498,False,False,False,False
CACCTTGCGAAACTCG-1,21940,5212,ER,CID4290,Invasive cancer + stroma,1,24,84,3563,6207,21940,5212,4.298085688240656,False,False,False,True,Invasive cancer + stroma,0.1362668282349344,0.010032812104037458,9.575396811041086e-05,0.0,0,0,2.8225175790995363,4,169,0.0,0,0,0.009575396811757671,0.009575396811892907,0.00957539681045843,0.9745550199696368,False,False,False,False
CATTTAGCGGACCATG-1,10231,3698,ER,CID4290,Invasive cancer + stroma,1,25,85,3658,6262,10231,3698,2.8931678232821816,False,False,False,True,Invasive cancer + stroma,0.1903400871148817,0.0031087482324395946,8.654998776073239e-05,0.0,0,0,3.2926190372543696,4,127,0.0,0,0,0.008654998776073269,0.008654998776072885,0.28490982691574035,0.008654998776072974,False,False,False,False
CCAGTCTAGACGGCGC-1,23062,5197,ER,CID4290,Invasive cancer + stroma,1,24,86,3563,6316,23062,5197,4.409851704101985,False,False,False,True,Invasive cancer + stroma,0.10858289940124576,0.0002584313453912441,6.460783634832943e-05,0.0,0,0,2.646496273495153,4,144,0.0,0,0,0.006460783634738081,0.006460783636679791,0.006460783632968348,0.006460783634738187,False,False,False,False
TCGCTTTAAACGTTTG-1,29841,5980,ER,CID4290,Invasive cancer + stroma,1,25,87,3658,6371,29841,5980,5.92473442579002,False,False,False,True,Invasive cancer + stroma,0.08240238729202667,0.0009974585121892067,6.418592374258024e-05,0.04816887432743459,1,1,2.1714224421096677,4,110,0.0,0,0,0.006418592375204447,0.006418592375033856,0.006418592374623741,0.08049007409405863,False,False,False,False
GTGAAACGGCGCCACC-1,42334,7006,ER,CID4290,Invasive cancer + stroma,1,24,88,3563,6426,42334,7006,4.3818207587282085,False,False,False,True,Invasive cancer + stroma,0.057396677597465334,0.0019990136238906627,6.893084786956189e-05,0.0,0,0,1.8376640423457489,4,101,0.0,0,0,0.006893084788028256,0.006893084786520347,0.17922210802638308,0.006893084788134587,False,False,False,False
GGGCTCATCGAACCCA-1,16101,4566,ER,CID4290,Invasive cancer + stroma,1,25,89,3658,6480,16101,4566,2.9004409663996027,False,False,False,True,Invasive cancer + stroma,0.1616149662498067,0.0002589149613932963,6.472874034708693e-05,0.0,0,0,2.9609993730212594,4,137,0.0,0,0,0.0064728740346982104,0.006472874034783906,0.0064728740351495595,0.006472874034697957,False,False,False,False
TTGATGTGTAGTCCCG-1,29624,6018,ER,CID4290,Invasive cancer + stroma,1,24,90,3563,6535,29624,6018,4.141911963273022,False,False,False,True,Invasive cancer + stroma,0.1051326429526666,0.011082208720945846,6.668074562506152e-05,0.0,0,0,2.5633058820707784,4,189,0.0,0,0,0.006668074559945069,0.0066680745563785495,0.006668074559833171,1.088216648418428,False,False,False,False
CAGTAGCCCACGCGGT-1,22980,5124,ER,CID4290,Invasive cancer + stroma,1,25,91,3658,6590,22980,5124,3.307223672758921,False,False,False,True,Invasive cancer + stroma,0.07956605679808373,0.00027657484955685084,6.91437123907592e-05,0.0,0,0,1.947449997310824,4,67,0.0,0,0,0.006914371238371233,0.006914371237527972,0.006914371241151753,0.006914371238634127,False,False,False,False
AGCGCGGGTGCCAATG-1,27143,5581,ER,CID4290,Invasive cancer + stroma,1,24,92,3563,6644,27143,5581,4.483660612312567,False,False,False,True,Invasive cancer + stroma,0.12328598972197007,0.00418153072728179,9.68670215304915e-05,0.0,0,0,2.6894994851592218,4,168,0.0,0,0,0.009686702150130715,0.07957248646929957,0.009686702150663274,0.31920718195808534,False,False,False,False
TAATCGATCCGTACGT-1,22692,5368,ER,CID4290,Invasive cancer + stroma,1,25,93,3658,6699,22692,5368,3.2478406486867617,False,False,False,True,Invasive cancer + stroma,0.05664382827288628,0.023342321902702648,9.042873658879088e-05,0.06085299336492708,1,1,1.8669267909120912,4,60,0.0,0,0,0.009042873659856806,0.00904287366296852,0.07976947769365916,2.2363769652537804,False,False,False,False
AGTGGCGGCAATTTGA-1,21303,5214,ER,CID4290,Invasive cancer + stroma,1,24,94,3563,6753,21303,5214,3.018354222409989,False,False,False,True,Invasive cancer + stroma,0.22164083604600715,0.010799164534552694,8.979962973430203e-05,0.06414433862173541,1,1,3.389564477218572,4,319,0.0,0,0,0.31506345585958806,0.008979962973368867,0.008979962970062904,0.7468930716522495,False,True,False,False
CCTTTCAATGAAGAAA-1,19278,4912,ER,CID4290,Invasive cancer + stroma,1,25,95,3658,6808,19278,4912,3.3820935781720096,False,False,False,True,Invasive cancer + stroma,0.10390174245311096,0.0069001473952371275,6.162892839757353e-05,0.0,0,0,2.568202832202224,4,130,0.0,0,0,0.40452894272486944,0.006162892841592996,0.006162892839466934,0.2731600111177834,False,False,False,False
CTCAGTCACGACAAAT-1,16161,4274,ER,CID4290,Invasive cancer + stroma,1,24,96,3563,6863,16161,4274,4.269537776127716,False,False,False,True,Invasive cancer + stroma,0.08865874430116423,0.0003698860304102987,9.24715076099445e-05,0.0,0,0,2.2930083564280976,4,77,0.0,0,0,0.00924715076046079,0.009247150764216817,0.009247150755891421,0.009247150760460843,False,False,False,False
ATAGGCTAGCTTCGCA-1,13818,4017,ER,CID4290,Invasive cancer + stroma,1,25,97,3658,6917,13818,4017,3.871761470545665,False,False,False,True,Invasive cancer + stroma,0.10026052570454493,0.005293870469824028,6.297240357761433e-05,0.09074491787986681,1,1,2.7365143124233886,4,91,0.0,0,0,0.006297240356715203,0.006297240356652753,0.11903613948796939,0.39775642678106543,False,False,False,False
CGGTTCAAGTAGGTGT-1,10373,3321,ER,CID4290,Invasive cancer + stroma,1,24,98,3562,6972,10373,3321,3.721199267328642,False,False,False,True,Invasive cancer + stroma,0.10578263294484433,0.0002569507275085812,6.423768188535035e-05,0.0,0,0,2.3381276395947816,4,48,0.0,0,0,0.006423768187714705,0.006423768187714725,0.006423768187714328,0.0064237681877143595,False,False,False,False
CAGTCGAGGATGCAAT-1,11642,3703,ER,CID4290,Invasive cancer + stroma,1,25,99,3657,7027,11642,3703,3.38429823054458,False,False,False,True,Invasive cancer + stroma,0.21210688479024303,0.0002498042866601526,6.245107166765775e-05,0.0,0,0,3.29701038012594,4,157,0.0,0,0,0.0062451071667657555,0.006245107166766213,0.0062451071657174525,0.006245107166765837,False,True,False,False
TATCACCCAACCGACC-1,22415,5240,ER,CID4290,Invasive cancer + stroma,1,24,100,3562,7081,22415,5240,3.769797010930181,False,False,False,True,Invasive cancer + stroma,0.17818739422295166,0.00025154796556185857,6.288699139062673e-05,0.0,0,0,3.273630614282166,4,289,0.0,0,0,0.006288699139062559,0.0062886991392731625,0.0062886991387876975,0.006288699139062437,False,False,False,False
AATGATGCGACTCCTG-1,14158,4168,ER,CID4290,Invasive cancer + stroma,1,25,101,3657,7136,14158,4168,3.3338042096341294,False,False,False,True,Invasive cancer + stroma,0.17354652544128202,0.003108699953188667,6.06961034398942e-05,0.0,0,0,2.8710268363627427,4,135,0.0,0,0,0.006069610343750714,0.16212326259210127,0.13660751203926402,0.006069610343750695,False,False,False,False
TGGAACCACTGACACA-1,19173,4944,ER,CID4290,Invasive cancer + stroma,1,24,102,3562,7190,19173,4944,3.4944974704010847,False,False,False,True,Invasive cancer + stroma,0.1504206238461165,0.00024579646307032753,6.144911575686847e-05,0.0,0,0,2.8648677231688406,4,151,0.0,0,0,0.0061449115761536225,0.0061449115783479575,0.0061449115763776005,0.006144911576153572,False,False,False,False
GCCAATAGGGCATCTC-1,7861,3321,ER,CID4290,Invasive cancer + stroma,1,25,103,3657,7245,7861,3321,1.8191069838442948,False,False,False,True,Invasive cancer + stroma,0.1552079356720105,0.018176144052824583,5.553298953289043e-05,0.0,0,0,3.06060754864656,4,91,0.0,0,0,1.5356715725606982,0.00555329895328926,0.005553298953289215,0.27083623481518143,False,False,False,False
TTCTTTGGTCGCGACG-1,10958,3670,ER,CID4290,Invasive cancer + stroma,1,24,104,3562,7300,10958,3670,2.591713816389852,False,False,False,True,Invasive cancer + stroma,0.21167816082575272,0.0031150544541437408,6.0471226956400414e-05,0.0,0,0,3.305239218745202,4,135,0.0,0,0,0.006047122693902239,0.006047122693909854,0.006047122693325651,0.29336407733323633,False,True,False,False
ATTAGATTCCTCAGCA-1,11276,3743,ER,CID4290,Invasive cancer + stroma,1,25,105,3657,7354,11276,3743,3.6271727562965586,False,False,False,True,Invasive cancer + stroma,0.1950281594110645,0.009939017587123282,6.24422015577981e-05,0.0,0,0,3.3315767488568198,4,155,0.0,0,0,0.006244220155633355,0.006244220155632968,0.006244220154315134,0.9751690982467467,False,False,False,False
CCGTGGAACGATCCAA-1,20785,4819,ER,CID4290,Invasive cancer + stroma,1,24,106,3562,7409,20785,4819,2.9444310801058458,False,False,False,True,Invasive cancer + stroma,0.18019979777117204,0.0003872829632900192,9.682074082491546e-05,0.0,0,0,3.100276229149433,4,216,0.0,0,0,0.009682074085306018,0.009682074082189593,0.00968207407619992,0.009682074085306393,False,False,False,False
GGGTCGTGGCAAGTGT-1,20959,4934,ER,CID4290,Invasive cancer + stroma,1,25,107,3657,7463,20959,4934,3.7883486807576694,False,False,False,True,Invasive cancer + stroma,0.16481386299838963,0.014125762055578271,9.419708081761087e-05,0.11166723632995028,1,2,2.8038034047676286,4,181,0.0,0,0,0.06264444758404152,0.009419708082870895,0.009419708084365328,1.3310923418065495,False,False,False,False
TCGCTCGGCACCAGCG-1,19051,4591,ER,CID4290,Invasive cancer + stroma,1,24,108,3562,7518,19051,4591,2.8659912865466377,False,False,False,True,Invasive cancer + stroma,0.13319190872703474,0.012202596712898302,8.918509864434417e-05,0.0,0,0,2.9400393548401733,4,158,0.0,0,0,0.008918509865496495,0.008918509859409327,0.008918509864236627,1.1935041417006877,False,False,False,False
ACGCAATCACTACAGC-1,24362,5152,ER,CID4290,Invasive cancer + stroma,1,25,109,3657,7573,24362,5152,3.2468598637221904,False,False,False,True,Invasive cancer + stroma,0.08602124694968227,0.00499640435828811,6.664801782558548e-05,0.0,0,0,2.0747491611241866,4,103,0.0,0,0,0.3969316409146507,0.006664801781853973,0.006664801781770482,0.08937919135053589,False,False,False,False
CTCTAATGCATTGATC-1,21990,5043,ER,CID4290,Invasive cancer + stroma,1,24,110,3562,7627,21990,5043,4.711232378353798,False,False,False,True,Invasive cancer + stroma,0.10901695500168523,0.0002702244378400627,6.755610944427114e-05,0.0,0,0,2.605570507729923,4,143,0.0,0,0,0.00675561094600993,0.006755610943660471,0.006755610948325696,0.006755610946010171,False,False,False,False
GTCTCGACTAAGTTTG-1,23461,5218,ER,CID4290,Invasive cancer + stroma,1,25,111,3657,7682,23461,5218,3.567622863475555,False,False,False,True,Invasive cancer + stroma,0.10046560350169924,0.0002676610673318956,6.691526681955636e-05,0.0,0,0,2.3985804302359632,4,118,0.0,0,0,0.006691526684109467,0.006691526682349496,0.006691526682620858,0.006691526684109739,False,False,False,False
TGGTTTAAACGTGGGT-1,32022,5793,ER,CID4290,Invasive cancer + stroma,1,24,112,3562,7737,32022,5793,5.702329648366748,False,False,False,True,Invasive cancer + stroma,0.13146035181916474,0.007423506833897723,0.00010156249126427773,0.0,0,0,2.5372691233311926,4,200,0.0,0,0,0.2897733704801815,0.010156249128393503,0.010156249120558031,0.4322648146606393,False,False,False,False
CGCAGATCTTCACCCG-1,35400,5698,ER,CID4290,Invasive cancer + stroma,1,25,113,3657,7791,35400,5698,6.740112994350282,False,False,False,True,Invasive cancer + stroma,0.04049464830114895,0.0004995971423746835,0.00011217350342307822,0.0,0,0,1.66163938572165,4,73,0.0,0,0,0.0163076631872578,0.011217350346754435,0.011217350361643248,0.011217350341812862,False,False,False,False
TCCAGATGTACGCCAA-1,19554,4376,ER,CID4290,Invasive cancer + stroma,1,24,114,3562,7846,19554,4376,7.752889434386827,False,False,False,True,Invasive cancer + stroma,0.05378491577012742,0.02361834516433898,7.187414851413679e-05,0.06883987156632712,1,1,1.9046561305125538,4,53,0.0,0,0,0.007187414853330704,0.0071874148540370135,0.007187414847562871,2.3402722718789675,False,False,False,False
CATTGCGGGTCAATTC-1,19639,4157,ER,CID4290,Invasive cancer + stroma,1,25,115,3657,7900,19639,4157,8.37619023371862,False,False,False,True,Invasive cancer + stroma,0.06443261107479173,0.0015872835251969776,0.00011128108317724643,0.0,0,0,2.04963905954178,4,59,0.0,0,0,0.011128108315564695,0.011128108320528518,0.12534402756804064,0.011128108315563894,False,False,False,False
GACGTTCGTAAATACA-1,8004,2544,ER,CID4290,Invasive cancer + stroma,1,24,116,3562,7955,8004,2544,8.020989505247377,False,False,False,True,Invasive cancer + stroma,0.06990929015957625,0.0002680590084167597,6.701475210781334e-05,0.0,0,0,2.0525176129840164,4,30,0.0,0,0,0.00670147521064609,0.006701475210646056,0.006701475209737539,0.006701475210646285,False,False,False,False
TACACCGTCGTTAGTC-1,9180,2518,ER,CID4290,Invasive cancer + stroma,1,25,117,3657,8010,9180,2518,10.22875816993464,False,False,False,True,Invasive cancer + stroma,0.06275933044745126,0.03849147488884085,0.00011042786268697953,0.0,0,0,1.9073046238303613,4,28,0.0,0,0,0.6479660567546138,0.011042786268721579,0.011042786263199808,3.17909585959755,True,False,True,False
ACGGGCGTATGCGACA-1,5373,1967,ER,CID4290,Invasive cancer + stroma,1,24,118,3562,8064,5373,1967,9.380234505862646,False,False,False,True,Invasive cancer + stroma,0.08114166917027113,0.012732397846898755,0.00011017455224532947,0.0,0,0,2.269487633544522,4,21,0.0,0,0,0.011017455224482801,0.011017455224482687,1.2401874190164273,0.011017455224482775,False,False,False,False
GAAGGCTACCATTGTT-1,4702,1629,ER,CID4290,Stroma,1,25,119,3657,8119,4702,1629,10.761378136962994,False,False,False,True,Stroma,0.0736441230396053,0.004733093789203,0.00011233938133302235,0.18999926480566967,1,1,2.0045807719672757,4,15,0.0,0,0,0.011233938133142943,0.011233938133143046,0.011233938129892918,0.43960756452412103,False,False,False,False
TAAATCTTTACACCTC-1,1669,855,ER,CID4290,Stroma,1,24,120,3562,8173,1669,855,7.13001797483523,False,False,False,True,Stroma,0.11231773283666484,0.036183282953222394,9.817529019154453e-05,0.0,0,0,1.6625415365571432,2,9,0.0,0,0,3.5888757082647773,0.009817529019153658,0.00981752901915434,0.00981752901915432,True,False,True,False
AGTTTATGTAAAGACA-1,1481,771,ER,CID4290,Stroma,1,25,121,3657,8228,1481,771,9.38555030384875,False,False,False,True,Stroma,0.08059005967885312,0.0004177498714319742,0.00010443746755361012,0.0,0,0,1.7202533070154886,2,9,0.0,0,0,0.010443746794417784,0.010443746782926077,0.010443746782926921,0.010443746782926635,False,False,False,False
CAACCTGAACCTGCCA-1,998,652,ER,CID4290,Stroma,1,25,123,3657,8337,998,652,7.715430861723446,False,False,False,True,Stroma,0.1011092040316731,0.00037895426955007484,9.473856775784634e-05,0.0,0,0,2.058838892614531,3,5,0.0,0,0,0.00947385674110655,0.009473856720905218,0.009473856751888266,0.009473856741107447,False,False,False,False
TGTATACGGATGATGA-1,861,601,ER,CID4290,Stroma,1,25,125,3657,8447,861,601,5.574912891986063,False,False,False,True,Stroma,0.14837427003404044,0.017579536553236037,5.88670952485795e-05,0.0,0,0,1.816574839447099,2,7,0.0,0,0,1.740293526741259,0.005886709526981941,0.0058867095276815525,0.005886709527680928,False,False,False,False
TCTGCACCATTAGTAA-1,1349,865,ER,CID4290,Stroma,1,25,127,3657,8556,1349,865,7.116382505559674,False,False,False,True,Stroma,0.18328401578983539,0.004736843772610826,0.0001005422850173746,0.0,0,0,2.4960929251217494,3,15,0.0,0,0,0.010054228542115863,0.01005422853647628,0.010054228542115897,0.4435216916403746,False,False,False,False
GTACTAAGATTTGGAG-1,5540,2521,ER,CID4290,Invasive cancer + stroma,1,27,55,3849,4624,5540,2521,12.599277978339348,False,False,False,True,Invasive cancer + stroma,0.09128109217242439,0.019005696664822668,6.579572838097392e-05,0.0,0,0,2.158729693303341,4,25,0.0,0,0,0.006579572838080133,0.006579572838081687,0.006579572838080145,1.880830947968025,False,False,False,False
CGCATTAGCTAATAGG-1,4232,2031,ER,CID4290,Invasive cancer + stroma,1,27,57,3849,4733,4232,2031,9.853497164461247,False,False,False,True,Invasive cancer + stroma,0.11055431009066556,0.0001640454044735967,3.9408066620200506e-05,0.0,0,0,2.6977211697177172,4,36,0.0,0,0,0.003940806660320806,0.003940806660314807,0.003940806660320943,0.004582120466403116,False,False,False,False
GCTCTCGGGTACCGAA-1,3349,1844,ER,CID4290,Invasive cancer + stroma,1,26,58,3754,4787,3349,1844,8.00238877276799,False,False,False,True,Invasive cancer + stroma,0.16845542676768682,0.00491963272381327,6.342044171601358e-05,0.0,0,0,2.724051806203003,4,32,0.0,0,0,0.4729371398665267,0.0063420441716018116,0.006342044171598568,0.006342044171599982,False,False,False,False
CACCGCCAGAAGGTTT-1,3833,2000,ER,CID4290,Invasive cancer + stroma,1,27,59,3849,4842,3833,2000,6.887555439603443,False,False,False,True,Invasive cancer + stroma,0.13658788442404898,0.00024608075633132404,6.152018909859524e-05,0.0,0,0,2.897331429856052,4,41,0.0,0,0,0.006152018901804925,0.006152018901799282,0.006152018927723338,0.006152018901804856,False,False,False,False
TCCCAAAGACGAAGGA-1,3007,1698,ER,CID4290,Invasive cancer + stroma,1,26,60,3754,4897,3007,1698,5.58696375124709,False,False,False,True,Invasive cancer + stroma,0.09918104895688479,0.01912609870962366,0.012908607754785218,0.0,0,0,2.6178110197042446,4,24,0.0,0,0,1.8949386341217043,0.005890412280220878,0.005890412280220456,0.005890412280220532,False,False,False,False
ATGGATTGACCAAACG-1,5304,2456,ER,CID4290,Invasive cancer + stroma,1,27,61,3849,4951,5304,2456,6.561085972850679,False,False,False,True,Invasive cancer + stroma,0.14074123060183424,0.007604614748834208,6.038539971443261e-05,0.0,0,0,2.754874104578901,4,46,0.0,0,0,0.006038539971443114,0.7423458549690916,0.006038539971442957,0.006038539971443212,False,False,False,False
GTCATGGACATGACTA-1,2064,1282,ER,CID4290,Invasive cancer + stroma,1,26,62,3754,5006,2064,1282,4.069767441860465,False,False,False,True,Invasive cancer + stroma,0.13299337397422983,0.0028727609856665937,6.400481042996883e-05,0.0,0,0,2.8520965886439127,4,15,0.0,0,0,0.26807465543492126,0.006400481043489474,0.006400481044759222,0.00640048104348938,False,False,False,False
CTACTGCCACCTGACC-1,3486,1878,ER,CID4290,Invasive cancer + stroma,1,27,63,3849,5060,3486,1878,5.249569707401033,False,False,False,True,Invasive cancer + stroma,0.08940495614543173,0.03742342256699568,3.9250381883029036e-05,0.0,0,0,2.7251927390582242,4,24,0.0,0,0,3.726769296865421,0.003925038188302721,0.003925038188302839,0.007722883457540691,True,False,True,False
TTATATTTGGCAATCC-1,9594,3511,ER,CID4290,Invasive cancer + stroma,1,26,64,3754,5115,9594,3511,5.774442359808214,False,False,False,True,Invasive cancer + stroma,0.11071344195885638,0.0269527709227911,5.982098055807459e-05,0.11901424897376306,1,1,2.821042358801091,4,77,0.0,0,0,0.005982098055808425,0.005982098055808238,0.005982098054367904,2.6773307981131254,False,False,False,False
AGCACCAGTACTCACG-1,4007,2088,ER,CID4290,Invasive cancer + stroma,1,27,65,3849,5170,4007,2088,3.9430995757424507,False,False,False,True,Invasive cancer + stroma,0.1085357966441771,0.0035833687403203957,5.8260362274553544e-05,0.0,0,0,2.5806797245529767,4,33,0.0,0,0,0.00582603622745507,0.0058260362274555446,0.34085876534967335,0.005826036227455601,False,False,False,False
CATGGTCTAGATACCG-1,20716,5329,ER,CID4290,Invasive cancer + stroma,1,26,66,3753,5224,20716,5329,5.440239428461093,False,False,False,True,Invasive cancer + stroma,0.10506810869305254,0.02166159587039127,6.239107256454563e-05,0.0,0,0,2.6604523080809037,4,153,0.0,0,0,0.0062391072572399175,0.006239107256006291,0.006239107251786444,2.1474422652740945,False,False,False,False
TCTACCGTCCACAAGC-1,3975,2094,ER,CID4290,Invasive cancer + stroma,1,27,67,3848,5279,3975,2094,5.509433962264151,False,False,False,True,Invasive cancer + stroma,0.08102294853283314,0.03817150910069889,6.283900200519528e-05,0.0,0,0,2.487547759887115,4,19,0.0,0,0,0.0062839002005414075,0.006283900200540066,0.006283900200541214,3.7982992094682664,True,False,True,False
CTAGTTGGGCCCGGTA-1,7652,3027,ER,CID4290,Invasive cancer + stroma,1,26,68,3753,5334,7652,3027,5.345007841087297,False,False,False,True,Invasive cancer + stroma,0.09939970657933565,0.000972763796046001,5.677238915703274e-05,0.0,0,0,2.6326052093744576,4,59,0.0,0,0,0.005677238915703292,0.005677238915703182,0.005677238915514389,0.08024466285767924,False,False,False,False
TCCCGCGTACTCCTGG-1,10476,3627,ER,CID4290,Invasive cancer + stroma,1,27,69,3848,5388,10476,3627,3.6559755631920576,False,False,False,True,Invasive cancer + stroma,0.06633007782433864,0.022532520218359133,6.071148162991322e-05,0.0,0,0,2.151174603147191,4,41,0.0,0,0,2.235038577347341,0.006071148162991096,0.006071148162589914,0.006071148162991679,False,False,False,False
CAGAGCATGAGCTTGC-1,11792,3833,ER,CID4290,Invasive cancer + stroma,1,26,70,3753,5443,11792,3833,7.081071913161466,False,False,False,True,Invasive cancer + stroma,0.0924003609662446,0.017765075951730182,5.981667532878215e-05,0.0,0,0,2.419798886650483,4,53,0.0,0,0,0.0059816675327658,0.005981667532514688,0.005981667532126485,1.7585625925756112,False,False,False,False
ACACGGGAACTTAGGG-1,5837,2669,ER,CID4290,Invasive cancer + stroma,1,27,71,3848,5497,5837,2669,4.505739249614528,False,False,False,True,Invasive cancer + stroma,0.16571709187805608,0.002866334473781882,5.8752020474104104e-05,0.0,0,0,2.748775811768925,4,73,0.0,0,0,0.005875202047407931,0.005875202047402025,0.0058752020474082565,0.26900784123597,False,False,False,False
GGCTCTGCTCCAACGC-1,18798,4855,ER,CID4290,Invasive cancer + stroma,1,26,72,3753,5552,18798,4855,5.181402276837962,False,False,False,True,Invasive cancer + stroma,0.09748561335382812,0.022634636701758182,9.439776879764081e-05,0.07109257651466151,1,1,2.7979596405126266,4,130,0.0,0,0,0.38648055973980155,0.009439776878343483,0.009439776879316153,1.858103556678357,False,False,False,False
AGAACGTGGTACATTC-1,19052,5200,ER,CID4290,Invasive cancer + stroma,1,27,73,3848,5607,19052,5200,4.293512492126811,False,False,False,True,Invasive cancer + stroma,0.14831849785010368,0.013554508188383019,0.014281139460559119,0.0703192074675513,1,1,3.0841715205996527,4,189,0.1406384149351026,1,1,0.008550675179982663,0.00855067517998276,0.008550675179187714,1.3297987932991486,False,False,False,False
CAATAAACCTTGGCCC-1,25240,5665,ER,CID4290,Invasive cancer + stroma,1,26,74,3753,5661,25240,5665,5.091125198098257,False,False,False,True,Invasive cancer + stroma,0.056346621939414074,0.0036277820835338825,6.0930713462202255e-05,0.0,0,0,2.153898364926613,4,85,0.0,0,0,0.006093071347078784,0.006093071349899606,0.07681749852818393,0.2737745671282259,False,False,False,False
ACTTCGCCATACGCAC-1,18281,4720,ER,CID4290,Invasive cancer + stroma,1,27,75,3848,5716,18281,4720,6.19222143208796,False,False,False,True,Invasive cancer + stroma,0.06157937914420878,0.0012556145722273674,6.415351181471594e-05,0.0,0,0,1.6613292445111267,4,35,0.0,0,0,0.10631540367481045,0.006415351181903076,0.00641535118250751,0.006415351183515718,False,False,False,False
ATCTGGTTAAGACTGT-1,4918,2138,ER,CID4290,Invasive cancer + stroma,1,26,76,3753,5770,4918,2138,5.307035380235868,False,False,False,True,Invasive cancer + stroma,0.0754613585665315,0.014378367357413038,5.9582362959790586e-05,0.0,0,0,2.260395580355511,4,23,0.0,0,0,0.005958236295933036,0.005958236295934317,0.005958236295932959,1.4199620268535034,False,False,False,False
TCGTAAGACGACATTG-1,6987,2713,ER,CID4290,Invasive cancer + stroma,1,27,77,3848,5825,6987,2713,6.082725060827251,False,False,False,True,Invasive cancer + stroma,0.08768510388127392,0.0034278771453274226,6.32911601793432e-05,0.0,0,0,2.2599867070388564,4,32,0.29613235535562016,1,1,0.00632911601793433,0.006329116017934154,0.32380036647893945,0.00632911601793435,False,False,False,False
GTGTACCTTGGCTACG-1,2371,1325,ER,CID4290,Invasive cancer + stroma,1,26,78,3753,5880,2371,1325,3.9645719105862502,False,False,False,True,Invasive cancer + stroma,0.08858501803142539,0.014133990836489564,6.025327989384277e-05,0.0,0,0,1.7478845207178522,3,8,0.0,0,0,0.00602532799258314,0.00602532799258532,0.006025327992582777,1.3953230996712052,False,False,False,False
GCCCGTAATACCTTCT-1,8523,2834,ER,CID4290,Invasive cancer + stroma,1,27,79,3848,5934,8523,2834,7.544291915992021,False,False,False,True,Invasive cancer + stroma,0.05037632762386561,0.0002504247574229116,0.0066394902245033435,0.0,0,0,1.7776343290322778,4,26,0.25874827053347516,1,1,0.006260618935476763,0.006260618935477844,0.006260618935858927,0.006260618935477628,False,False,False,False
CGGTCAAGTGGGAACC-1,2873,1529,ER,CID4290,Invasive cancer + stroma,1,26,80,3753,5989,2873,1529,3.759136790810999,False,False,False,True,Invasive cancer + stroma,0.07104701929125579,0.01673981304120033,0.01607926671111264,0.0,0,0,1.911418191579548,3,13,0.4999251048934483,1,1,0.005775744351325827,0.005775744351326768,0.005775744351326411,1.6566540710660542,False,False,False,False
TTGTAAGGCCAGTTGG-1,2260,1303,ER,CID4290,Invasive cancer + stroma,1,27,81,3848,6044,2260,1303,3.2743362831858405,False,False,False,True,Invasive cancer + stroma,0.13884402962203887,0.0052417811237652715,5.880082478557804e-05,0.0,0,0,2.265333956472257,3,19,0.0,0,0,0.005880082504286062,0.0058800825042859455,0.005880082504286167,0.506537864863669,False,False,False,False
GGAGCACCAAGAACTA-1,2649,1516,ER,CID4290,Invasive cancer + stroma,1,26,82,3753,6098,2649,1516,3.9637599093997737,False,False,False,True,Invasive cancer + stroma,0.09572010360751909,0.00017238006090436204,3.982492508607516e-05,0.0,0,0,2.6563311367243116,4,17,0.0,0,0,0.003982492508607785,0.003982492507590506,0.003982492508607645,0.005290528565630267,False,False,False,False
TAATAGTGACGACCAG-1,1893,1026,ER,CID4290,Invasive cancer + stroma,1,27,83,3848,6153,1893,1026,3.856312731114633,False,False,False,True,Invasive cancer + stroma,0.08865199873837566,0.00016540665719248375,4.135166441310125e-05,0.0,0,0,2.3051335485347013,4,8,0.0,0,0,0.004135166432763745,0.00413516643267649,0.0041351664210443955,0.004135166432763745,False,False,False,False
CTAAATCCTATTCCGG-1,4899,2214,ER,CID4290,Invasive cancer + stroma,1,26,84,3753,6207,4899,2214,4.715248009797918,False,False,False,True,Invasive cancer + stroma,0.08989240046016105,0.00024022191626507135,6.005547901950936e-05,0.0,0,0,2.3056000091699818,4,24,0.0,0,0,0.006005547906627186,0.006005547906626412,0.006005547906626803,0.006005547906626735,False,False,False,False
CGAGTTCTGTCCCACC-1,1937,1126,ER,CID4290,Invasive cancer + stroma,1,27,85,3848,6262,1937,1126,4.284976768198245,False,False,False,True,Invasive cancer + stroma,0.09953463727426239,0.0015868980797406837,3.749609438888574e-05,0.0,0,0,2.4056158026099617,3,15,0.0,0,0,0.003749609438081517,0.0037496094381976397,0.0037496094356291813,0.14744097966216005,False,False,False,False
AGGCAGATGCGTAAAC-1,4601,2136,ER,CID4290,Invasive cancer + stroma,1,26,86,3753,6317,4601,2136,3.3905672679852206,False,False,False,True,Invasive cancer + stroma,0.1582285721274362,0.00023191956204019325,5.797989054218062e-05,0.0,0,0,3.094643705591666,4,47,0.0,0,0,0.005797989051004294,0.005797989051006919,0.005797989051003905,0.005797989051004207,False,False,False,False
AAGGATGAGGGACCTC-1,3088,1623,ER,CID4290,Invasive cancer + stroma,1,27,87,3848,6371,3088,1623,2.7525906735751295,False,False,False,True,Invasive cancer + stroma,0.136196306941611,0.00023874323312390113,5.968580828097698e-05,0.0,0,0,2.701554457620275,4,30,0.0,0,0,0.005968580828097776,0.005968580828097427,0.005968580828097416,0.0059685808280974945,False,False,False,False
AGAGAACCGTCTAGGA-1,5263,2415,ER,CID4290,Invasive cancer + stroma,1,26,88,3753,6426,5263,2415,3.4011020330609916,False,False,False,True,Invasive cancer + stroma,0.18232141590506992,0.007818271961860423,8.831401097260951e-05,0.0,0,0,3.0400119304664686,4,52,0.0,0,0,0.7553329928942655,0.008831401097258676,0.008831401097259066,0.008831401097259078,False,False,False,False
GAGGGCGCAGCTCTGC-1,2814,1483,ER,CID4290,Invasive cancer + stroma,1,27,89,3848,6480,2814,1483,2.9850746268656714,False,False,False,True,Invasive cancer + stroma,0.13867229771183995,0.00023251986953675533,0.013530473257249348,0.0,0,0,2.6256658949101412,4,19,0.0,0,0,0.005812996738418924,0.00581299673841737,0.005812996738419662,0.005812996738419577,False,False,False,False
AAGATTGGCGGAACGT-1,8402,3087,ER,CID4290,Invasive cancer + stroma,1,26,90,3753,6535,8402,3087,4.3918114734587,False,False,False,True,Invasive cancer + stroma,0.13983590527119397,0.00024658750414908597,6.1646876036898e-05,0.0,0,0,2.70739146258474,4,60,0.0,0,0,0.006164687603689699,0.006164687603727243,0.006164687603801696,0.006164687603689959,False,False,False,False
CCAGTAGTCTGATCCA-1,2214,1209,ER,CID4290,Invasive cancer + stroma,1,27,91,3848,6590,2214,1209,3.7037037037037033,False,False,False,True,Invasive cancer + stroma,0.08663647368090456,0.061167895583918275,8.750406149922248e-05,0.0,0,0,1.4595375325647304,2,8,0.0,0,0,6.090538339942065,0.008750406149920013,0.008750406149921489,0.008750406149921489,True,False,True,False
AAGGGACAGATTCTGT-1,5600,2361,ER,CID4290,Invasive cancer + stroma,1,26,92,3753,6644,5600,2361,3.5892857142857144,False,False,False,True,Invasive cancer + stroma,0.13127856005544214,0.030888439106988925,5.862587670415574e-05,0.0,0,0,2.756235645879943,4,39,0.0,0,0,0.005862587670416758,0.024355884808136302,0.005862587670416357,3.052762850549923,False,False,False,False
ATAGAGTTATCAACTT-1,2301,1269,ER,CID4290,Invasive cancer + stroma,1,27,93,3848,6699,2301,1269,4.563233376792699,False,False,False,True,Invasive cancer + stroma,0.1170581705230684,0.024804795680821747,5.9411484463105135e-05,0.0,0,0,2.5702725003429268,4,15,0.0,0,0,2.4626561227432484,0.005941148446307735,0.0059411484463092745,0.005941148446309324,False,False,False,False
AAATTACCTATCGATG-1,6171,2526,ER,CID4290,Invasive cancer + stroma,1,26,94,3753,6754,6171,2526,4.602171447091234,False,False,False,True,Invasive cancer + stroma,0.09117100406605386,0.00023814542759764915,5.953635689941193e-05,0.0,0,0,2.5766922608462495,4,36,0.0,0,0,0.005953635689941182,0.005953635689941764,0.005953635689941164,0.005953635689940805,False,False,False,False
GATCCTAAATCGGGAC-1,6166,2354,ER,CID4290,Invasive cancer + stroma,1,27,95,3848,6808,6166,2354,9.406422315926045,False,False,False,True,Invasive cancer + stroma,0.08014610373303638,0.006127040432695607,6.652354533730625e-05,0.0,0,0,2.0594858959043103,4,21,0.0,0,0,0.006652354533730712,0.5927469796681231,0.006652354533975991,0.0066523545337308755,False,False,False,False
TTACAGACCTAAATGA-1,8195,2977,ER,CID4290,Invasive cancer + stroma,1,26,96,3753,6863,8195,2977,4.575960951799878,False,False,False,True,Invasive cancer + stroma,0.09783017074628007,0.024909171829178667,0.0038250807257647714,0.0,0,0,2.445259560953953,4,52,0.0,0,0,1.900382770144778,0.4671206296723697,0.006140934246266463,0.11727284885445256,False,False,False,False
CCTCACCTTAGCATCG-1,5916,2300,ER,CID4290,Invasive cancer + stroma,1,27,97,3848,6917,5916,2300,6.896551724137931,False,False,False,True,Invasive cancer + stroma,0.0826703846339382,0.031085013333610145,9.290547523094382e-05,0.16494405795268813,1,1,2.014069013164986,3,26,0.0,0,0,0.205278827002775,0.009290547523092857,0.00929054752309522,2.8846414113120513,False,False,False,False
CATGCGACCAGTTTAA-1,9505,3184,ER,CID4290,Invasive cancer + stroma,1,26,98,3753,6972,9505,3184,5.207785376117833,False,False,False,True,Invasive cancer + stroma,0.07380542221817347,0.001161604998027646,6.686703968994486e-05,0.0,0,0,2.1457092996741007,4,33,0.0,0,0,0.09610038789517741,0.006686703969037476,0.006686703969512659,0.006686703969037061,False,False,False,False
AACATATCAACTGGTG-1,8722,3114,ER,CID4290,Invasive cancer + stroma,1,27,99,3848,7027,8722,3114,5.296950240770466,False,False,False,True,Invasive cancer + stroma,0.10791867567553771,0.009037685571218281,0.0003221844222412732,0.0,0,0,2.5451225289658277,4,55,0.0,0,0,0.008835153496869377,0.008835153496869428,0.008835153496869396,0.8772630966312198,False,False,False,False
CTATAAGAGCCAATCG-1,7830,3034,ER,CID4290,Invasive cancer + stroma,1,26,100,3752,7081,7830,3034,2.835249042145594,False,False,False,True,Invasive cancer + stroma,0.15543567142573742,0.015101678977534625,5.747237936536917e-05,0.1371533203120562,1,1,2.8028105813449993,4,76,0.0,0,0,0.005747237936536823,0.9504794191758938,0.005747237936537226,0.5481940027044946,False,False,False,False
AATATCGAGGGTTCTC-1,9621,3362,ER,CID4290,Invasive cancer + stroma,1,27,101,3847,7136,9621,3362,4.97869244361293,False,False,False,True,Invasive cancer + stroma,0.11442092488243745,0.0025596342891155387,5.8519508065137474e-05,0.0,0,0,2.6395663522280324,4,67,0.0,0,0,0.005851950806485078,0.00585195080648504,0.23840757649209876,0.005851950806485012,False,False,False,False
GTACTCCTGGGTATGC-1,13725,4223,ER,CID4290,Invasive cancer + stroma,1,26,102,3752,7190,13725,4223,3.0309653916211294,False,False,False,True,Invasive cancer + stroma,0.16055233112174488,0.03498273068950819,6.088682061843881e-05,0.0,0,0,3.0172460307627595,4,129,0.0,0,0,0.0060886820616818105,0.006088682061681978,0.006088682060410569,3.4800070227670448,True,False,True,False
ATAAGTAGGATTCAGA-1,11943,3924,ER,CID4290,Invasive cancer + stroma,1,27,103,3847,7245,11943,3924,3.860001674621117,False,False,False,True,Invasive cancer + stroma,0.17448492021306425,0.001869120495091625,6.113993731404086e-05,0.0,0,0,3.02928647557086,4,131,0.0,0,0,0.0061139937314074935,0.006113993731397473,0.006113993731074176,0.16857006831528337,False,False,False,False
AGGTCGCGGAGTTACT-1,14846,4363,ER,CID4290,Invasive cancer + stroma,1,26,104,3752,7300,14846,4363,3.4015896537787955,False,False,False,True,Invasive cancer + stroma,0.21056271094642076,0.02729774584321086,6.253158185294537e-05,0.08582771751602165,1,1,3.2517792769807796,4,172,0.0,0,0,0.3045604993519151,0.006253158185231821,0.0721028019367249,2.346858124847214,False,True,False,False
CTAATTCTCAGATATT-1,15333,4344,ER,CID4290,Invasive cancer + stroma,1,27,105,3847,7354,15333,4344,3.528337572555925,False,False,False,True,Invasive cancer + stroma,0.1456443341719014,0.005169358857572151,0.0017189573402802958,0.0,0,0,2.9649048541791734,4,137,0.33473368345511106,2,2,0.00913214161339661,0.009132141613396805,0.2285440734118865,0.27012752911853516,False,False,False,False
GCCAACCATTTCCGGA-1,18982,4863,ER,CID4290,Invasive cancer + stroma,1,26,106,3752,7409,18982,4863,4.114424191339163,False,False,False,True,Invasive cancer + stroma,0.18847425633207937,0.010051220031507529,9.266098083728987e-05,0.0,0,0,3.143700405915697,4,211,0.0,0,0,0.009266098082406585,0.15088913615182606,0.00926609808299645,0.8357006708335237,False,False,False,False
TGATCCCAGCATTAGT-1,21259,5171,ER,CID4290,Invasive cancer + stroma,1,27,107,3847,7464,21259,5171,4.059457171080483,False,False,False,True,Invasive cancer + stroma,0.18472371228466436,0.012662861730622995,9.787099788960044e-05,0.06425449993324106,1,1,3.0813763851308775,4,235,0.0,0,0,0.009787099789444646,0.009787099790361698,0.009787099787406264,1.2369248736950869,False,False,False,False
CGTTGTAAGATTGATT-1,24615,5048,ER,CID4290,Invasive cancer + stroma,1,26,108,3752,7518,24615,5048,6.825106642291286,False,False,False,True,Invasive cancer + stroma,0.09413311588416673,0.00041553672044506644,0.00010388418009573704,0.0,0,0,2.372377736886809,4,126,0.0,0,0,0.010388418009182887,0.010388418015948418,0.010388418009485343,0.010388418009889999,False,False,False,False
GAAACCATGGTGCGCT-1,46470,6716,ER,CID4290,Invasive cancer + stroma,1,27,109,3847,7573,46470,6716,4.968797073380675,False,False,False,True,Invasive cancer + stroma,0.08219794037153369,0.0004294680774673686,0.003328120481255918,0.0,0,0,2.210597049584833,4,186,0.06496752686261946,1,1,0.010736701939206408,0.010736701937536695,0.010736701930057222,0.01073670193993653,False,False,False,False
AATCTATGCCGGAGCC-1,40078,6384,ER,CID4290,Invasive cancer + stroma,1,26,110,3752,7627,40078,6384,5.120015968860722,False,False,False,True,Invasive cancer + stroma,0.06293158238607817,0.007415197070135574,0.00010807728763770908,0.0,0,0,1.9744839679812078,4,118,0.0,0,0,0.010807728762479572,0.010807728764995635,0.010807728765296338,0.7090965207207858,False,False,False,False
GACTCCCAGAATAAGG-1,36757,6122,ER,CID4290,Invasive cancer + stroma,1,27,111,3847,7682,36757,6122,4.975922953451043,False,False,False,True,Invasive cancer + stroma,0.10288603211309727,0.006992271835932116,7.22415256450397e-05,0.0,0,0,2.501375954223206,4,201,0.0,0,0,0.6775547258861938,0.007224152571536032,0.007224152568837684,0.007224152566644109,False,False,False,False
TATGATCCGGCACGCC-1,39287,6466,ER,CID4290,Invasive cancer + stroma,1,26,112,3752,7737,39287,6466,5.131468424669738,False,False,False,True,Invasive cancer + stroma,0.10068561810454932,0.0005498980758041443,0.0007435209948007043,0.0,0,0,2.2270085561169024,4,165,0.0,0,0,0.023815137247760864,0.010391556787299314,0.010391556764706045,0.010391556780648202,False,False,False,False
CCGCTTGCTGACATGG-1,20749,4585,ER,CID4290,Invasive cancer + stroma,1,27,113,3847,7791,20749,4585,6.3617523736083665,False,False,False,True,Invasive cancer + stroma,0.10382176202829484,0.025316605713529887,0.00010146317202474596,0.13111980688473746,2,2,2.4972461270025192,4,118,0.0,0,0,2.1627959092069378,0.010146317203255565,0.010146317196796166,0.3485720277459992,False,False,False,False
TGGTTAAGGGCGCTGG-1,32092,5358,ER,CID4290,Invasive cancer + stroma,1,26,114,3752,7846,32092,5358,7.646765549046491,False,False,False,True,Invasive cancer + stroma,0.05284455391761405,0.009925661305149484,0.00012455226138551346,0.0,0,0,1.5451010503264295,4,57,0.0,0,0,0.14343202650346337,0.012455226117076262,0.012455226132702318,0.8242236517617065,False,False,False,False
TTGATAGTCAATACAT-1,9032,2747,ER,CID4290,Invasive cancer + stroma,1,27,115,3847,7901,9032,2747,6.764836138175376,False,False,False,True,Invasive cancer + stroma,0.10433842709343118,0.005467626184067452,0.00010187344327183657,0.12422465769221595,1,1,2.0005387039352254,4,30,0.0,0,0,0.5162005854260052,0.010187344327177512,0.010187344326378151,0.010187344327184355,False,False,False,False
GGTTTAATTGAGCAGG-1,9995,2668,ER,CID4290,Invasive cancer + stroma,1,26,116,3752,7955,9995,2668,9.134567283641822,False,False,False,True,Invasive cancer + stroma,0.06398661047454786,0.00043030181897126094,0.01426627644204291,0.0,0,0,1.912818509702579,4,32,0.0,0,0,0.010757545474370982,0.01075754547431878,0.010757545474066368,0.010757545474369964,False,False,False,False
CATTACATAGATTGTG-1,3542,1550,ER,CID4290,Invasive cancer + stroma,1,27,117,3847,8010,3542,1550,6.634669678147939,False,False,False,True,Invasive cancer + stroma,0.0937534585652152,0.0002660247803907913,6.650619321365367e-05,0.0,0,0,2.496442631149542,4,23,0.0,0,0,0.006650619509766428,0.0066506195097702425,0.0066506195097721385,0.006650619509770317,False,False,False,False
GGTACACCAGATTTAT-1,4272,1631,ER,CID4290,Invasive cancer + stroma,1,26,118,3752,8064,4272,1631,8.192883895131086,False,False,False,True,Invasive cancer + stroma,0.08976877743446667,0.004128717017873135,0.0001010134203453105,0.0,0,0,2.216181419509063,4,17,0.0,0,0,0.010101342035418693,0.010101342035418761,0.01010134203458713,0.38256767568188893,False,False,False,False
GGCCCGTATACCATGC-1,2179,1196,ER,CID4290,Stroma,1,27,119,3847,8119,2179,1196,4.3139054612207435,False,False,False,True,Stroma,0.09493148771530982,0.016373192321888972,6.0522383287808814e-05,0.0,0,0,2.222292308166498,3,12,0.0,0,0,1.6191625170939632,0.006052238364979407,0.006052238364976903,0.006052238364977968,False,False,False,False
ATCTTTCGTATAACCA-1,1742,929,ER,CID4290,Stroma,1,26,120,3752,8174,1742,929,6.544202066590127,False,False,False,True,Stroma,0.09773129577602667,0.00038834928794470396,0.004586576386643422,0.0,0,0,2.7134094210032766,4,10,0.0,0,0,0.009708732198945426,0.009708732197634405,0.009708732198945236,0.009708732198945327,False,False,False,False
GAGATGACAATCCTTA-1,1395,782,ER,CID4290,Stroma,1,27,121,3847,8228,1395,782,5.878136200716845,False,False,False,True,Stroma,0.12851906675705366,0.0003802152742815733,9.505381802207427e-05,0.0,0,0,2.791863098201694,4,10,0.0,0,0,0.009505381858478372,0.009505381858477876,0.009505381852722806,0.009505381858478277,False,False,False,False
AAAGCTTGCCTACATA-1,1024,600,ER,CID4290,Stroma,1,26,122,3752,8283,1024,600,6.73828125,False,False,False,True,Stroma,0.1059720083368121,0.0003740394807382561,9.350987028168385e-05,0.0,0,0,1.5166997305837189,2,5,0.0,0,0,0.009350987023654353,0.00935098702365431,0.009350987002861915,0.009350987023655034,False,False,False,False
GAACGATAAGTTAAAG-1,1227,762,ER,CID4290,Stroma,1,27,123,3847,8337,1227,762,4.400977995110025,False,False,False,True,Stroma,0.1515276159975137,0.08550539522798609,6.408706386763016e-05,0.0,0,0,1.8561343296903852,2,10,0.0,0,0,2.0156407993757526,0.006408706385140548,0.006408706385141019,6.522081310652575,True,False,True,False
TAATAGCTAAATGATG-1,948,615,ER,CID4290,Stroma,1,26,124,3752,8392,948,615,6.012658227848101,False,False,False,True,Stroma,0.11775398364707297,0.00015136333422312233,3.784083373889682e-05,0.0,0,0,2.3215829648582673,3,6,0.0,0,0,0.0037840833738890913,0.00378408337388977,0.00378408330064383,0.003784083373889541,False,False,False,False
TATGGCTAGGCTAATT-1,1226,805,ER,CID4290,Stroma,1,27,125,3847,8447,1226,805,3.99673735725938,False,False,False,True,Stroma,0.10337651737846285,0.03360361874065171,8.227430212680268e-05,0.0,0,0,1.9793539236643025,3,5,0.0,0,0,2.0308281356969955,1.3130788779428157,0.00822743021267949,0.008227430212679734,True,False,True,False
AGGAGAGTCTGGCTAC-1,1750,1101,ER,CID4290,Stroma,1,26,126,3752,8501,1750,1101,5.2,False,False,False,True,Stroma,0.15479161623815307,0.00023077313724993075,0.007385226027940177,0.0,0,0,2.804000778681024,4,16,0.0,0,0,0.0057693284312482765,0.005769328431247965,0.005769328431248398,0.005769328431248435,False,False,False,False
TGCTCTGCCGGTTCAC-1,1913,1148,ER,CID4290,Stroma,1,27,127,3847,8556,1913,1148,6.1160480920020905,False,False,False,True,Stroma,0.1458415175666264,0.03323112432308963,3.836924223458972e-05,0.0,0,0,2.549527535598277,3,18,0.0,0,0,3.3116016596385895,0.003836924223457535,0.003836924223457668,0.0038369242234582218,True,False,True,False
CTGGAAATGGATGCTT-1,6266,2722,ER,CID4290,Invasive cancer + stroma,1,29,53,4039,4514,6266,2722,15.624002553463134,False,False,False,True,Invasive cancer + stroma,0.09415935136265612,0.033311284902328375,9.579110325053607e-05,0.0,0,0,2.7002623790261038,4,39,0.0,0,0,3.302391159257677,0.009579110325053158,0.009579110325053725,0.009579110325053639,True,False,True,False
TGATCGGTTTGACCCT-1,3520,1752,ER,CID4290,Invasive cancer + stroma,1,28,54,3944,4569,3520,1752,13.4375,False,False,False,True,Invasive cancer + stroma,0.09424257396948034,0.0002623726321115239,6.5593158031233e-05,0.0,0,0,2.3047716718422597,4,15,0.0,0,0,0.006559315803124092,0.006559315803123663,0.006559315801781305,0.006559315803123333,False,False,False,False
TAGAGTCTAAGCGAAC-1,6931,2982,ER,CID4290,Invasive cancer + stroma,1,29,55,4039,4624,6931,2982,9.998557206752272,False,False,False,True,Invasive cancer + stroma,0.0582813960415225,0.011872159882035051,4.1199293450239236e-05,0.0,0,0,1.8575258772283259,4,24,0.0,0,0,0.004119929345025161,0.004119929345025371,0.004119929345033483,1.174856200168421,False,False,False,False
GAGACTGATGGGTAGA-1,5210,2352,ER,CID4290,Invasive cancer + stroma,1,28,56,3944,4678,5210,2352,12.207293666026871,False,False,False,True,Invasive cancer + stroma,0.1186645232980578,0.00024268010502068638,5.937677209513391e-05,0.0,0,0,2.9380190208690924,4,46,0.0,0,0,0.005937677213887506,0.00593767721388709,0.00593767721399388,0.006454978860300162,False,False,False,False
TAGCTAAGTCCGGGAG-1,6358,2866,ER,CID4290,Invasive cancer + stroma,1,29,57,4039,4733,6358,2866,9.421201635734509,False,False,False,True,Invasive cancer + stroma,0.10939606929361106,0.03605094650129486,6.231896123445284e-05,0.0,0,0,2.384681587436824,4,42,0.0,0,0,2.9926316467862755,0.006231896123445467,0.17627981476029195,0.42995129245947306,True,False,True,False
GGGCGATATGTGTGAA-1,4613,2169,ER,CID4290,Invasive cancer + stroma,1,28,58,3944,4787,4613,2169,7.695642748753523,False,False,False,True,Invasive cancer + stroma,0.10509969227564399,0.03414522855651967,6.299855682597393e-05,0.0,0,0,2.7408612275111017,4,36,0.0,0,0,0.006299855682597506,0.006299855682597476,0.006299855682597662,3.3956232886041744,True,False,True,False
CTCGAGGTCGAACAGT-1,5542,2434,ER,CID4290,Invasive cancer + stroma,1,29,59,4039,4842,5542,2434,6.658246120534103,False,False,False,True,Invasive cancer + stroma,0.12087230168512784,0.021084521653529437,5.973134968895859e-05,0.0,0,0,2.730102748838587,4,39,0.0,0,0,0.005973134968895742,0.005973134968895937,0.005973134968895781,2.0905327604462562,False,False,False,False
GATCCCTTTATACTGC-1,9001,3306,ER,CID4290,Invasive cancer + stroma,1,28,60,3944,4897,9001,3306,7.8769025663815135,False,False,False,True,Invasive cancer + stroma,0.07269112656003544,0.0171812313136411,6.140284543291272e-05,0.0,0,0,2.199945339233441,4,37,0.0,0,0,0.006140284543291391,0.0061402845432899,0.0061402845426322405,1.6997022777348967,False,False,False,False
GTCATGCACCTCCGTT-1,6126,2571,ER,CID4290,Invasive cancer + stroma,1,29,61,4039,4951,6126,2571,6.758080313418217,False,False,False,True,Invasive cancer + stroma,0.14124830793857282,0.02255596023293492,6.152951354493177e-05,0.0,0,0,3.0302662471332393,4,58,0.0,0,0,0.6997593825015223,0.006152951354492585,0.006152951354493488,1.5435307380829837,False,False,False,False
ACTTTCCTATAGCTTC-1,5254,2377,ER,CID4290,Invasive cancer + stroma,1,28,62,3944,5006,5254,2377,6.623524933384088,False,False,False,True,Invasive cancer + stroma,0.06858697144395232,0.03783086517016748,6.322197281970463e-05,0.0,0,0,1.9186105629292172,4,15,0.0,0,0,0.006322197281970226,0.006322197281969878,0.006322197281970143,3.764119925170838,True,False,True,False
TCGCTCGATATATTCC-1,6353,2563,ER,CID4290,Invasive cancer + stroma,1,29,63,4039,5061,6353,2563,7.256414292460255,False,False,False,True,Invasive cancer + stroma,0.08009864286355807,0.021545582276998165,9.11395506234331e-05,0.0,0,0,2.363702437904365,4,31,0.0,0,0,0.009113955062257944,0.009113955062257133,0.18433449943712854,1.951995818138173,False,False,False,False
ATAGGTTGGGCAGATG-1,19538,5064,ER,CID4290,Invasive cancer + stroma,1,28,64,3944,5115,19538,5064,4.91862012488484,False,False,False,True,Invasive cancer + stroma,0.024575061008841385,0.00023929793421913616,5.982448355102838e-05,0.0,0,0,1.430183523518108,4,30,0.0,0,0,0.005982448355103774,0.005982448355026063,0.005982448356680619,0.005982448355103161,False,False,False,False
CAATTAAGGGTGATGA-1,8365,3233,ER,CID4290,Invasive cancer + stroma,1,29,65,4039,5170,8365,3233,5.367603108188882,False,False,False,True,Invasive cancer + stroma,0.08313394449725456,0.026527519952556974,6.073417778644239e-05,0.0,0,0,2.169895926267644,4,36,0.0,0,0,0.006073417778577676,0.0060734177785777155,0.006073417778496122,2.634531741920046,False,False,False,False
ACCGACTGAGTCCCAC-1,3141,1771,ER,CID4290,Invasive cancer + stroma,1,28,66,3944,5224,3141,1771,2.9608404966571156,False,False,False,True,Invasive cancer + stroma,0.12084382649846329,0.028416032379484892,6.205180860662613e-05,0.0,0,0,2.5720877394047195,4,22,0.0,0,0,0.006205180860664343,0.006205180860663939,0.006205180860664009,2.822987695366497,False,False,False,False
CCTGTCACCCGGGCTC-1,2459,1482,ER,CID4290,Invasive cancer + stroma,1,29,67,4039,5279,2459,1482,4.188694591297275,False,False,False,True,Invasive cancer + stroma,0.17484792660920895,0.04065329179686031,5.944309921196071e-05,0.0,0,0,3.127641322498251,4,26,0.0,0,0,0.005944309921194948,2.1419693776616486,0.0059443099211953735,1.9114711821819914,True,False,True,False
GATCGGTGGCCATAAC-1,2697,1524,ER,CID4290,Invasive cancer + stroma,1,28,68,3943,5334,2697,1524,3.1516499814608823,False,False,False,True,Invasive cancer + stroma,0.11079426761064164,0.0002452197117107174,5.989714551016061e-05,0.0,0,0,2.39208655483572,4,12,0.0,0,0,0.005989714556222503,0.0059897145542893195,0.005989714556222639,0.0065528275043372775,False,False,False,False
CCTATGGGTTACCGTC-1,1162,743,ER,CID4290,Invasive cancer + stroma,1,29,69,4038,5388,1162,743,4.905335628227195,False,False,False,True,Invasive cancer + stroma,0.12330742901905899,0.043008122870905545,6.214078002633531e-05,0.0,0,0,1.9370594584416394,2,11,0.0,0,0,0.006214078006689697,0.006214078006692643,0.006214078006690011,4.282170053070482,True,False,True,False
TTGGGACACTGCCCGC-1,1867,1132,ER,CID4290,Invasive cancer + stroma,1,28,70,3943,5443,1867,1132,3.642206748794858,False,False,False,True,Invasive cancer + stroma,0.07225003058862256,0.04579194830857054,6.0068843462274005e-05,0.0,0,0,2.1550371803160084,4,6,0.0,0,0,0.006006884346520136,0.006006884346513062,0.006006884346519579,4.5611741778175015,True,False,True,False
CGAGGCTAAATATGGC-1,1476,940,ER,CID4290,Invasive cancer + stroma,1,29,71,4038,5498,1476,940,5.9620596205962055,False,False,False,True,Invasive cancer + stroma,0.09930268003153042,0.0760076895255503,0.016977400377449763,0.0,0,0,1.6948611625659293,3,4,0.0,0,0,0.005665128106087859,0.005665128106087389,0.005665128106088099,7.583773568236767,True,False,True,False
TCAGGGTGTAACGTAA-1,16404,4222,ER,CID4290,Invasive cancer + stroma,1,28,72,3943,5552,16404,4222,8.516215557181175,False,False,False,True,Invasive cancer + stroma,0.050371155847432576,0.0077884978120987425,9.786210190739587e-05,0.07933171771611859,1,1,1.4217240626899628,3,29,0.0,0,0,0.009786210191414547,0.009786210185120263,0.009786210193863795,0.7494911506394757,False,False,False,False
CGAGAGATGTGAACCT-1,7225,2778,ER,CID4290,Invasive cancer + stroma,1,29,73,4038,5607,7225,2778,6.062283737024222,False,False,False,True,Invasive cancer + stroma,0.07308798199317447,0.02553008148840971,9.396376815602899e-05,0.0,0,0,1.9841691601927613,4,28,0.0,0,0,0.009396376815612983,0.009396376815613101,0.009396376815612768,2.5248190183941324,False,False,False,False
TCGCTGGGCGGATTGT-1,14476,4109,ER,CID4290,Invasive cancer + stroma,1,28,74,3943,5661,14476,4109,7.529704338214977,False,False,False,True,Invasive cancer + stroma,0.053788387616938195,0.01902901493432009,6.249292078259253e-05,0.0,0,0,2.1096094813681265,4,46,0.0,0,0,0.8247473892423087,0.006249292078424072,0.006249292076940561,1.0656555200343356,False,False,False,False
AGATCTCAGGTGTGAT-1,24771,5252,ER,CID4290,Invasive cancer + stroma,1,29,75,4038,5716,24771,5252,6.608534173024908,False,False,False,True,Invasive cancer + stroma,0.050106916251123686,0.013151914881848858,9.90226908423159e-05,0.0,0,0,1.9236319318576585,4,70,0.0,0,0,1.2854846809285723,0.009902269084399182,0.009902269089180377,0.009902269082733882,False,False,False,False
TGGCCAAACTGAAGTA-1,28470,5793,ER,CID4290,Invasive cancer + stroma,1,28,76,3943,5771,28470,5793,5.704250087811732,False,False,False,True,Invasive cancer + stroma,0.08290447996685016,0.0003816750887211933,9.541877221227157e-05,0.0,0,0,2.2156552024070293,4,112,0.0,0,0,0.00954187722028077,0.009541877214846272,0.009541877216711502,0.00954187722028079,False,False,False,False
GCTTCCGTCCCTAGAC-1,19765,4647,ER,CID4290,Invasive cancer + stroma,1,29,77,4038,5825,19765,4647,6.486213002782697,False,False,False,True,Invasive cancer + stroma,0.055980566639163676,0.006611006056773815,0.00010732727275157829,0.0,0,0,1.6657295091083024,4,42,0.0,0,0,0.010732727277447847,0.010732727270364199,0.010732727274042312,0.6289024238555271,False,False,False,False
CAGCAGCCCGTTCCTT-1,12562,3799,ER,CID4290,Invasive cancer + stroma,1,28,78,3943,5880,12562,3799,5.023085495940137,False,False,False,True,Invasive cancer + stroma,0.20251085643472222,0.009914017772016184,9.635259231669661e-05,0.0,0,0,3.277557348308219,4,168,0.0,0,0,0.009635259231707704,0.00963525923155172,0.009635259235107392,0.9624959995032515,False,True,False,False
TGTATAACAGATCCTG-1,21496,5019,ER,CID4290,Invasive cancer + stroma,1,29,79,4038,5934,21496,5019,5.442873092668403,False,False,False,True,Invasive cancer + stroma,0.046275266685928344,0.0002815390182251127,7.038475455892783e-05,0.0,0,0,1.6290983739392413,4,47,0.0,0,0,0.007038475454522785,0.007038475456972407,0.007038475456492661,0.007038475454523415,False,False,False,False
CGCGGGAATTAGGCAG-1,5762,2394,ER,CID4290,Invasive cancer + stroma,1,28,80,3943,5989,5762,2394,5.171815341895175,False,False,False,True,Invasive cancer + stroma,0.1331817902014631,0.008457794787956623,9.008164544015469e-05,0.0,0,0,2.878361554236199,4,67,0.0,0,0,0.009008164544014811,0.009008164544015594,0.818754985163616,0.00900816454401588,False,False,False,False
TGCATGTGGTAATCTA-1,21270,4955,ER,CID4290,Invasive cancer + stroma,1,29,81,4038,6044,21270,4955,5.317348377997179,False,False,False,True,Invasive cancer + stroma,0.04959210697950756,0.013448393539259668,9.600365637905822e-05,0.0,0,0,1.802687228291455,4,45,0.0,0,0,0.3205760398633636,0.009600365633224578,0.009600365640371636,1.005062582789007,False,False,False,False
ACAATTTGAGCAGTGG-1,18001,4689,ER,CID4290,Invasive cancer + stroma,1,28,82,3943,6098,18001,4689,3.7109049497250157,False,False,False,True,Invasive cancer + stroma,0.03684919767915211,0.0006514429839609781,0.001324194121718423,0.0,0,0,1.650296184626498,4,38,0.0,0,0,0.04492280426495802,0.006740498045012597,0.0067404980412259985,0.006740498044901198,False,False,False,False
GAGCTAAGGGCATATC-1,25189,5333,ER,CID4290,Invasive cancer + stroma,1,29,83,4038,6153,25189,5333,4.779864226448053,False,False,False,True,Invasive cancer + stroma,0.07766560254278199,0.004490561868315244,6.899656589743085e-05,0.0,0,0,2.382839748113163,4,122,0.0,0,0,0.42835721705738694,0.0068996565924662944,0.006899656590484595,0.006899656591186525,False,False,False,False
CCAGATAGTTGAGTGA-1,10530,3265,ER,CID4290,Invasive cancer + stroma,1,28,84,3943,6207,10530,3265,4.748338081671415,False,False,False,True,Invasive cancer + stroma,0.08495393751933002,0.014519591188590409,6.562467102743486e-05,0.0,0,0,2.2335647532075025,4,41,0.22255296829498603,1,1,1.1979290814114842,0.006562467101573851,0.24090510324440945,0.006562467101573316,False,False,False,False
CCACAATGTACGTCTT-1,19587,4700,ER,CID4290,Invasive cancer + stroma,1,29,85,4038,6262,19587,4700,4.533619237249196,False,False,False,True,Invasive cancer + stroma,0.061254244376133415,0.0002567011304253988,6.417528261654445e-05,0.0,0,0,1.9821715635117543,4,57,0.0,0,0,0.006417528262049554,0.006417528262088429,0.006417528256352393,0.0064175282620495015,False,False,False,False
CAATGGATCTCTACCA-1,2949,1439,ER,CID4290,Invasive cancer + stroma,1,28,86,3943,6317,2949,1439,3.831807392336385,False,False,False,True,Invasive cancer + stroma,0.08692479348881298,0.008727542489237544,4.0761707292766766e-05,0.24659207254226065,1,1,2.450128462480734,4,16,0.0,0,0,0.004076170728052764,0.00407617072732765,0.0040761707280578974,0.8605257367403162,False,False,False,False
TGTGGCAAAGCGTATG-1,2396,1275,ER,CID4290,Invasive cancer + stroma,1,29,87,4038,6371,2396,1275,5.258764607679465,False,False,False,True,Invasive cancer + stroma,0.13768537499070474,0.0055465202009030885,6.031316289684074e-05,0.0,0,0,2.2573842602128638,3,20,0.0,0,0,0.006031316289683592,0.006031316289684427,0.5364289909920368,0.006160396518904092,False,False,False,False
TAAAGCGTTAGGAGAA-1,2283,1263,ER,CID4290,Invasive cancer + stroma,1,28,88,3943,6426,2283,1263,3.416557161629435,False,False,False,True,Invasive cancer + stroma,0.14835011069172882,0.018517285751049682,5.741364392097989e-05,0.0,0,0,3.2050010178078567,4,23,0.0,0,0,0.005741364392098428,1.7980723210754328,0.03970699800865288,0.008207891628784035,False,False,False,False
TCCGTTTAGCCTTGAA-1,2286,1167,ER,CID4290,Invasive cancer + stroma,1,29,89,4038,6481,2286,1167,8.005249343832022,False,False,False,True,Invasive cancer + stroma,0.08332234354585864,0.012627204332173621,9.23805827162878e-05,0.0,0,0,1.395522057329697,2,8,0.0,0,0,0.009238058271628843,0.0092380582716292,1.235006258402475,0.009238058271628949,False,False,False,False
CAGCTCGACAAGTTAA-1,2173,1158,ER,CID4290,Invasive cancer + stroma,1,28,90,3943,6535,2173,1158,5.246203405430281,False,False,False,True,Invasive cancer + stroma,0.11258660255815478,0.025105512829611,9.31318777503679e-05,0.0,0,0,2.3879470810766086,3,16,0.0,0,0,2.482611719734326,0.009313187742257641,0.009313187742258588,0.009313187742258268,False,False,False,False
GCCTATAGTGTCAGGG-1,3454,1391,ER,CID4290,Invasive cancer + stroma,1,29,91,4038,6590,3454,1391,9.206716850028952,False,False,False,True,Invasive cancer + stroma,0.08274481232712266,0.04250117977670411,0.00014814225298466108,0.22662391331315454,1,1,2.364401219077588,4,14,0.4532478266263091,1,1,0.31294780250936727,0.014814225298466108,0.8948664504983576,3.0274894993642203,True,False,False,False
ATAGACAACGGGACCT-1,2732,1295,ER,CID4290,Invasive cancer + stroma,1,28,92,3943,6644,2732,1295,6.808199121522694,False,False,False,True,Invasive cancer + stroma,0.10962640231319165,0.0048274224276159535,9.413790600930181e-05,0.0,0,0,2.222764403192331,4,10,0.0,0,0,0.009413790611405284,0.009413790611402848,0.009413790611406002,0.45450087092738123,False,False,False,False
CTACTATCTTTCAGAG-1,3419,1641,ER,CID4290,Invasive cancer + stroma,1,29,93,4038,6699,3419,1641,5.761918689675344,False,False,False,True,Invasive cancer + stroma,0.10290147655831826,0.03317752399675367,9.022917920690346e-05,0.0,0,0,2.28520467829854,4,16,0.0,0,0,1.6665982232215555,0.009022917920691334,0.009022917920691436,1.633108340612429,True,False,True,False
GCGCTGCTTTGCATTT-1,2186,1124,ER,CID4290,Invasive cancer + stroma,1,28,94,3943,6754,2186,1124,6.633119853613907,False,False,False,True,Invasive cancer + stroma,0.08847842746755098,0.029044600830580677,6.293092517611413e-05,0.286369060345326,1,1,2.5819256482738444,4,12,0.0,0,0,0.006293092521023557,0.006293092521019589,0.006293092521022684,2.885580805495002,False,False,False,False
GCGCATCCAGTCAGCA-1,2375,1269,ER,CID4290,Invasive cancer + stroma,1,29,95,4038,6808,2375,1269,5.3052631578947365,False,False,False,True,Invasive cancer + stroma,0.12273172961633105,0.0495048902242557,5.685230724413606e-05,0.0,0,0,2.6876761857711977,4,18,0.0,0,0,0.005685230747361911,0.005685230747359568,0.005685230747360132,4.9334333301834885,True,False,True,False
GACTCGCGGGAATGAC-1,5028,2035,ER,CID4290,Invasive cancer + stroma,1,28,96,3943,6863,5028,2035,8.452665075576771,False,False,False,True,Invasive cancer + stroma,0.08363406782106106,0.01275760603688801,6.428627640939429e-05,0.0,0,0,2.021904930829673,4,17,0.0,0,0,0.006428627640939692,0.0064286276409410955,0.00642862764093963,1.2564747207659805,False,False,False,False
CTGGTAACGAGCTCTT-1,2092,1207,ER,CID4290,Invasive cancer + stroma,1,29,97,4038,6918,2092,1207,4.636711281070745,False,False,False,True,Invasive cancer + stroma,0.1226839198906259,0.04461426053613886,5.838442131544025e-05,0.0,0,0,1.6000515637632295,2,11,0.0,0,0,1.3904331889159927,0.005838442131541703,0.005838442131541504,3.05931598043481,True,False,True,False
TCCGGCCTAGCGTACA-1,3642,1837,ER,CID4290,Invasive cancer + stroma,1,28,98,3943,6972,3642,1837,4.942339373970346,False,False,False,True,Invasive cancer + stroma,0.12776282375049106,0.00024322777166943136,5.8350225905333714e-05,0.0,0,0,2.023105904808165,3,22,0.0,0,0,0.005835022656367355,0.005835022656368354,0.005835022656367375,0.0068177091978400516,False,False,False,False
TCTAGGTGGCGACGCT-1,4815,2090,ER,CID4290,Invasive cancer + stroma,1,29,99,4038,7027,4815,2090,5.649013499480789,False,False,False,True,Invasive cancer + stroma,0.11128711017144467,0.03734481565690377,6.208705067221411e-05,0.0,0,0,2.5100784590785414,4,30,0.0,0,0,3.7158554504886574,0.006208705067221987,0.006208705067276509,0.006208705067221411,True,False,True,False
ACGCTAGTGATACACT-1,8690,3060,ER,CID4290,Invasive cancer + stroma,1,28,100,3943,7081,8690,3060,6.110471806674338,False,False,False,True,Invasive cancer + stroma,0.10507709667392555,0.02024435323719643,6.0962494327735785e-05,0.0,0,0,2.4313996036895444,4,46,0.0,0,0,0.006096249432773599,0.0060962494327733196,0.006096249432768214,2.006146575421328,False,False,False,False
ATCTGCACCTCTGCGA-1,9654,3160,ER,CID4290,Invasive cancer + stroma,1,29,101,4038,7136,9654,3160,6.360058007043712,False,False,False,True,Invasive cancer + stroma,0.05944016530282544,0.016822703371460097,6.289393593994701e-05,0.0,0,0,1.8828786675017228,4,32,0.0,0,0,0.00628939359399455,0.006289393593994692,0.6744419607458136,0.995249589212207,False,False,False,False
CCTCACCTGAGGGAGC-1,12391,3685,ER,CID4290,Invasive cancer + stroma,1,28,102,3942,7191,12391,3685,5.8429505286094745,False,False,False,True,Invasive cancer + stroma,0.09776832315269142,0.00025489490999499437,6.372372750475842e-05,0.0,0,0,2.3138660585412194,4,59,0.0,0,0,0.006372372750005526,0.006372372750005369,0.006372372749483101,0.006372372750005442,False,False,False,False
AGTGAGCCTCGCCGCC-1,10057,3137,ER,CID4290,Invasive cancer + stroma,1,29,103,4037,7245,10057,3137,5.787014020085513,False,False,False,True,Invasive cancer + stroma,0.08632872595421102,0.0002710702130177757,6.776755325240426e-05,0.0,0,0,1.9989115827239174,4,35,0.0,0,0,0.006776755325389644,0.006776755325671925,0.006776755325326336,0.0067767553253896655,False,False,False,False
ACGAGTACGGATGCCC-1,20530,4954,ER,CID4290,Invasive cancer + stroma,1,28,104,3942,7300,20530,4954,5.070628348757915,False,False,False,True,Invasive cancer + stroma,0.12147875032713328,0.012982053999403775,9.405689960437647e-05,0.06613709595265738,1,1,2.7483092885837475,4,142,0.0,0,0,0.02405456682367614,0.009405689963364657,0.009405689963548203,1.2553394531897886,False,False,False,False
GGTACCATTAAGACGG-1,5303,2318,ER,CID4290,Invasive cancer + stroma,1,29,105,4037,7354,5303,2318,3.5828776164435223,False,False,False,True,Invasive cancer + stroma,0.13936986117346942,0.0002409481056173817,6.0237026414916234e-05,0.0,0,0,2.6242979756102462,4,33,0.0,0,0,0.006023702640434655,0.00602370264043437,0.006023702640434645,0.006023702640434498,False,False,False,False
TTCTGCTAGACTCCAA-1,18822,4935,ER,CID4290,Invasive cancer + stroma,1,28,106,3942,7409,18822,4935,3.708426309637658,False,False,False,True,Invasive cancer + stroma,0.14858821579813794,0.019471209691324362,9.451955235867024e-05,0.0,0,0,2.8577015194874305,4,149,0.0,0,0,0.009451955236021797,0.009451955236021495,0.009451955235805096,1.9187651034245876,False,False,False,False
TAACTATTACGCCAAA-1,15246,4217,ER,CID4290,Invasive cancer + stroma,1,29,107,4037,7464,15246,4217,5.634264725173816,False,False,False,True,Invasive cancer + stroma,0.13577005971239772,0.006805667078934374,9.80652864529004e-05,0.0,0,0,2.6687781945201587,4,91,0.0,0,0,0.009806528643492988,0.009806528645396557,0.009806528643204767,0.6511471219613432,False,False,False,False
GCATTCAAGGCAACGC-1,29722,5753,ER,CID4290,Invasive cancer + stroma,1,28,108,3942,7518,29722,5753,4.2359195208936145,False,False,False,True,Invasive cancer + stroma,0.07674833449627158,0.010324335901121291,0.00010874050032223876,0.04833627967337036,1,1,1.8485735983688878,4,86,0.0,0,0,0.45344776865407194,0.02808507584292844,0.010874050027506953,0.5400266955876217,False,False,False,False
AGTACATCATTTATCA-1,13505,3773,ER,CID4290,Invasive cancer + stroma,1,29,109,4037,7573,13505,3773,6.493891151425397,False,False,False,True,Invasive cancer + stroma,0.111937127756098,0.022239761661741943,0.0001075326825792822,0.0,0,0,2.295789379799785,4,58,0.0,0,0,0.010753268258432919,0.010753268256503707,0.118776913453504,2.0836927162057535,False,False,False,False
GTCGTGTCTGGTCATC-1,6018,1888,ER,CID4290,Invasive cancer + stroma,1,28,110,3942,7627,6018,1888,5.533399800598205,False,False,False,True,Invasive cancer + stroma,0.0672170118281155,0.00043884528434947207,0.0001097113212845808,0.0,0,0,2.1045626532133634,4,20,0.0,0,0,0.010971132108263516,0.01097113211110848,0.010971132107311793,0.010971132108263417,False,False,False,False
AGTCTAAAGTATACTC-1,28257,5719,ER,CID4290,Invasive cancer + stroma,1,29,111,4037,7682,28257,5719,5.612768517535478,False,False,False,True,Invasive cancer + stroma,0.027829967926947634,0.012655684901964271,6.71560218271843e-05,0.0,0,0,1.1895644284228926,3,35,0.0,0,0,1.2454216836491847,0.006715602178812224,0.006715602185765299,0.00671560218266494,False,False,False,False
CGGCCCAACCTGTAGT-1,31955,5828,ER,CID4290,Invasive cancer + stroma,1,28,112,3942,7737,31955,5828,3.7740572680331717,False,False,False,True,Invasive cancer + stroma,0.09720587002904081,0.001210327815117303,9.723716875342301e-05,0.0,0,0,2.4698605037937535,4,170,0.0,0,0,0.009723716878397376,0.009723716872982738,0.09186163088195275,0.009723716878397442,False,False,False,False
AGGGAGACATACTTCG-1,30147,5732,ER,CID4290,Invasive cancer + stroma,1,29,113,4037,7791,30147,5732,5.6456695525259555,False,False,False,True,Invasive cancer + stroma,0.0931678872468692,0.006587251185109629,0.00010411587962844368,0.047743717010904796,1,1,2.235349589461387,4,120,0.09548743402180959,1,1,0.2541907096648676,0.010411587959317336,0.2156732061125728,0.17844961477420512,False,False,False,False
TCCCTAGATCAATAGG-1,14779,3913,ER,CID4290,Invasive cancer + stroma,1,28,114,3942,7846,14779,3913,7.585086947696055,False,False,False,True,Invasive cancer + stroma,0.10363113084315964,0.00040511582606464627,0.00010127895650835489,0.0,0,0,2.3956233206202198,4,69,0.0,0,0,0.010127895651680336,0.010127895651680267,0.010127895651423606,0.010127895651680418,False,False,False,False
TCCCGTCGCGTCATAG-1,5883,2273,ER,CID4290,Invasive cancer + stroma,1,29,115,4037,7901,5883,2273,6.54428012918579,False,False,False,True,Invasive cancer + stroma,0.06532489404961417,0.018091933388595,8.827877716716131e-05,0.0,0,0,2.1335565093356883,4,22,0.0,0,0,0.008827877716716262,0.00882787771671757,0.008827877716715478,1.7827097057093506,False,False,False,False
CGCATCCATCAGCCAG-1,3105,1452,ER,CID4290,Invasive cancer + stroma,1,28,116,3942,7955,3105,1452,5.571658615136876,False,False,False,True,Invasive cancer + stroma,0.11844714354795739,0.009057216318417575,9.687023555421166e-05,0.0,0,0,2.803153231194114,4,24,0.0,0,0,0.009687023555420813,0.8766605611754957,0.009687023555420138,0.009687023555420768,False,False,False,False
CTGCACCTAGTCCACA-1,3549,1680,ER,CID4290,Invasive cancer + stroma,1,29,117,4037,8010,3549,1680,4.480135249366018,False,False,False,True,Invasive cancer + stroma,0.12085829210401747,0.0002461462368490701,6.153655921227821e-05,0.0,0,0,2.5418114987989298,4,23,0.0,0,0,0.0061536559212234995,0.0061536559212278415,0.0061536559212278415,0.006153655921227832,False,False,False,False
CGAGGATCGGGAACGA-1,2349,1189,ER,CID4290,Invasive cancer + stroma,1,28,118,3942,8064,2349,1189,5.065985525755641,False,False,False,True,Invasive cancer + stroma,0.13027415565298958,0.008890770314319134,6.498394323083581e-05,0.0,0,0,2.881862007783241,4,17,0.0,0,0,0.006498394323083857,0.8695818484626625,0.006498394323083317,0.006498394323083751,False,False,False,False
CAATGAGGTTCGACTA-1,2461,1426,ER,CID4290,Stroma,1,29,119,4037,8119,2461,1426,4.3478260869565215,False,False,False,True,Stroma,0.1359653097486327,0.015733963938836464,9.961183659332518e-05,0.0,0,0,1.6428149869697348,2,13,0.0,0,0,0.009961183659335675,0.44128925029223687,0.009961183659331983,1.112184776272742,False,False,False,False
TCTGACGGGCTAACCC-1,1394,833,ER,CID4290,Stroma,1,28,120,3942,8174,1394,833,3.7302725968436152,False,False,False,True,Stroma,0.10870324611140089,0.021512185035451326,6.087586989383306e-05,0.0,0,0,2.0824471369373097,3,7,0.0,0,0,2.1329557425796914,0.006087586991038167,0.006087586983364735,0.006087586991038326,False,False,False,False
TTCTATGCCTTTCGCA-1,1535,886,ER,CID4290,Stroma,1,29,121,4037,8228,1535,886,3.973941368078176,False,False,False,True,Stroma,0.12679436140677938,0.01871535796762761,6.395275567103706e-05,0.0,0,0,2.84683620432105,4,14,0.0,0,0,1.8523499700678725,0.006395275562926535,0.00639527556903499,0.006395275562926722,False,False,False,False
AGAGTATAGTGTTACG-1,1191,732,ER,CID4290,Stroma,1,28,122,3942,8283,1191,732,4.282115869017632,False,False,False,True,Stroma,0.14817941749117544,0.011801041892177866,9.456199223138292e-05,0.0,0,0,2.5457450533384183,3,11,0.0,0,0,0.009456199223141518,0.009456199223138529,1.1517355915483685,0.009456199223138022,False,False,False,False
CCATTGTTTCCTCCAT-1,1108,664,ER,CID4290,Stroma,1,29,123,4037,8338,1108,664,5.956678700361011,False,False,False,True,Stroma,0.1275566664097837,0.0012619674205655133,6.904183123217625e-05,0.0,0,0,2.2164626674438814,3,7,0.0,0,0,0.00690418305967739,0.006904183058982221,0.0069041831471669205,0.1054841927907248,False,False,False,False
CTCATCACTTAGTGAT-1,1172,721,ER,CID4290,Stroma,1,28,124,3942,8392,1172,721,4.778156996587031,False,False,False,True,Stroma,0.11239166274354932,0.01052636797441111,9.294252099285688e-05,0.0,0,0,2.601998115670367,3,12,0.0,0,0,0.009294252099287935,0.009294252099287468,1.0247540411432483,0.0092942520992875,False,False,False,False
CCGAAGGGCGTACCGC-1,1700,1012,ER,CID4290,Stroma,1,29,125,4037,8447,1700,1012,6.588235294117648,False,False,False,True,Stroma,0.14802786854528288,0.0002589859660119577,6.474649116398684e-05,0.0,0,0,2.778431915425593,4,15,0.0,0,0,0.006474649155966771,0.006474649155707124,0.006474649133891597,0.006474649155630278,False,False,False,False
TCAAGCTGCCTTGAAA-1,1977,1155,ER,CID4290,Stroma,1,28,126,3942,8501,1977,1155,6.373292867981791,False,False,False,True,Stroma,0.16473668374089173,0.007661517433591963,6.222661632751394e-05,0.0,0,0,3.0216236145032322,4,23,0.0,0,0,0.006222661632751181,0.006222661633142646,0.006222661632751384,0.7474837584605512,False,False,False,False
CTCATTAACGTTGCCC-1,2466,1387,ER,CID4290,Stroma,1,29,127,4037,8556,2466,1387,9.205190592051906,False,False,False,True,Stroma,0.14423734461604196,0.000255821350320733,6.395533758018086e-05,0.0,0,0,1.977500118408758,3,12,0.0,0,0,0.006395533758018826,0.006395533758018201,0.006395533758018118,0.006395533758018159,False,False,False,False
GAAATGGCGGTGTTAG-1,3716,1862,ER,CID4290,Invasive cancer + stroma,1,30,52,4134,4460,3716,1862,8.934337997847146,False,False,False,True,Invasive cancer + stroma,0.09556471245053207,0.046200027342426106,8.905655569263908e-05,0.0,0,0,2.4979408326130943,4,27,0.0,0,0,0.008905655569264039,0.008905655569263836,0.008905655569263989,4.593285767534819,True,False,True,False
TACGAACACGACTTCA-1,3086,1669,ER,CID4290,Invasive cancer + stroma,1,31,53,4229,4515,3086,1669,7.939079714841219,False,False,False,True,Invasive cancer + stroma,0.11500305116929367,0.0658659653421867,6.291559058084351e-05,0.0,0,0,2.7312578907378375,4,24,0.0,0,0,0.006291559058086833,0.1312230803495059,0.006291559058085961,6.44279033575299,True,False,True,False
ACCACAAGTTTCTATC-1,5398,2315,ER,CID4290,Invasive cancer + stroma,1,30,54,4134,4569,5398,2315,11.541311596887736,False,False,False,True,Invasive cancer + stroma,0.07984764147711408,0.024934063082134215,6.711268192237008e-05,0.0,0,0,2.1905816067399946,4,26,0.0,0,0,0.006711268192237052,0.006711268192237019,0.2516285649044356,2.228355206924512,False,False,False,False
ATATTTAACCCTCAAG-1,5050,2281,ER,CID4290,Invasive cancer + stroma,1,31,55,4229,4624,5050,2281,10.178217821782178,False,False,False,True,Invasive cancer + stroma,0.08198044794566146,0.005658873661924106,6.57111550373574e-05,0.0,0,0,1.6221591599507215,3,13,0.0,0,0,0.0065711155037112235,0.0065711155037122635,0.006571115503711245,0.5461740196812759,False,False,False,False
GATCATTCCAAACATT-1,7321,2917,ER,CID4290,Invasive cancer + stroma,1,30,56,4134,4678,7321,2917,10.599644857259937,False,False,False,True,Invasive cancer + stroma,0.0636501221291045,0.00018049915715185602,4.3162816001960634e-05,0.0,0,0,1.9833035840714117,4,25,0.0,0,0,0.0043162816001957914,0.00431628160019108,0.004316281600195913,0.005101070914602818,False,False,False,False
TCCAGGCGAGTACGGT-1,7009,2780,ER,CID4290,Invasive cancer + stroma,1,31,57,4229,4733,7009,2780,9.4735340276787,False,False,False,True,Invasive cancer + stroma,0.07849843113403421,0.011778151635669264,6.252988496330161e-05,0.0,0,0,2.0325046751492786,4,28,0.0,0,0,1.1590561980779917,0.006252988496311426,0.006252988496311771,0.006252988496311629,False,False,False,False
GTTTGACCAAATCCTA-1,6879,2729,ER,CID4290,Invasive cancer + stroma,1,30,58,4134,4788,6879,2729,9.361825846780055,False,False,False,True,Invasive cancer + stroma,0.07698258307190992,0.012436161351363847,5.886626261869225e-05,0.14959949219381893,1,1,2.203595641438857,4,34,0.0,0,0,0.005886626261875439,0.005886626261875515,0.005886626261840424,1.2259562563507933,False,False,False,False
CACAGCACCCACGGCA-1,7717,2977,ER,CID4290,Invasive cancer + stroma,1,31,59,4229,4842,7717,2977,7.94350136063237,False,False,False,True,Invasive cancer + stroma,0.04541562687276599,0.0348385673726725,6.376288939186944e-05,0.13851649052380574,1,1,1.6376959290196536,3,22,0.0,0,0,0.006376288939391804,0.0063762889393924275,0.0063762889391735965,3.464727870449292,True,False,False,False
TGCAAGAATGACGTAA-1,11001,3771,ER,CID4290,Invasive cancer + stroma,1,30,60,4134,4897,11001,3771,8.581038087446597,False,False,False,True,Invasive cancer + stroma,0.08941303803849644,0.027661687620534368,6.167799354683038e-05,0.0,0,0,2.5738854916987908,4,71,0.0,0,0,0.006167799354683923,0.006167799354702151,0.006167799354746697,2.747665363989304,False,False,False,False
GCGAAGCCATACCCGT-1,6414,2748,ER,CID4290,Invasive cancer + stroma,1,31,61,4229,4951,6414,2748,6.485812285625195,False,False,False,True,Invasive cancer + stroma,0.10338056750468712,0.005038965114410299,5.599750478294944e-05,0.0,0,0,2.7956826280659937,4,48,0.0,0,0,0.005599750478285621,0.005599750478285996,0.005599750478285612,0.4870972600061727,False,False,False,False
TCCTTTCTTACGCTTA-1,5735,2460,ER,CID4290,Invasive cancer + stroma,1,30,62,4134,5006,5735,2460,6.678291194420227,False,False,False,True,Invasive cancer + stroma,0.131514994348802,0.06019969183937192,6.411790388239457e-05,0.0,0,0,2.7442332357600114,4,47,0.0,0,0,0.006411790388239573,1.7616016070285827,0.006411790388239374,4.24554399613213,True,False,True,False
GCTGCTCTCCGGACAC-1,5574,2374,ER,CID4290,Invasive cancer + stroma,1,31,63,4229,5061,5574,2374,6.907068532472192,False,False,False,True,Invasive cancer + stroma,0.11027763752420847,0.015611989505482107,6.0024169130044e-05,0.17124832134917298,1,1,2.756557844206115,4,55,0.0,0,0,0.006002416913004439,1.5426706556688767,0.006002416913004381,0.006523461053325016,False,False,False,False
ACTGTCTTCTTTAGAA-1,13253,4054,ER,CID4290,Invasive cancer + stroma,1,30,64,4134,5115,13253,4054,6.338187580170527,False,False,False,True,Invasive cancer + stroma,0.07740347926974472,0.02341375952887654,9.132070917959682e-05,0.0,0,0,2.4588311068932116,4,79,0.0,0,0,0.009132070920008423,0.009132070920008058,0.013117957595998386,2.309993853451639,False,False,False,False
TCAAACTTAGATTGTT-1,16359,4627,ER,CID4290,Invasive cancer + stroma,1,31,65,4229,5170,16359,4627,7.011431016565804,False,False,False,True,Invasive cancer + stroma,0.13954592610731975,0.05284080596510925,6.159300235412363e-05,0.0,0,0,3.3173991019815787,4,229,0.0,0,0,0.00615930023556691,0.0061593002357057235,0.0061593002342066674,5.265602695805446,True,False,True,False
CTATGTCACTAGCCCA-1,15115,4567,ER,CID4290,Invasive cancer + stroma,1,30,66,4134,5224,15115,4567,5.3787628183923255,False,False,False,True,Invasive cancer + stroma,0.04566042811647846,0.029022756948370858,6.0173146781730563e-05,0.0,0,0,1.7967100194235137,4,36,0.0,0,0,0.006017314680291838,0.0060173146792605195,0.0060173146773719165,2.8842237508001616,False,False,False,False
TGCGCAAAGCATTTGG-1,5680,2575,ER,CID4290,Invasive cancer + stroma,1,31,67,4229,5279,5680,2575,4.014084507042254,False,False,False,True,Invasive cancer + stroma,0.10500522864435961,0.00047278719260204413,5.651414659765237e-05,0.0,0,0,2.225059492583416,3,35,0.0,0,0,0.005651414659765458,0.005651414659765458,0.0056514146597652455,0.03032447528090825,False,False,False,False
TTAATGTAGACCAGGT-1,2064,1294,ER,CID4290,Invasive cancer + stroma,1,30,68,4134,5334,2064,1294,3.343023255813953,False,False,False,True,Invasive cancer + stroma,0.12784195993438446,0.00024583425884346587,0.004406171070498034,0.0,0,0,2.7613907258807053,4,16,0.0,0,0,0.006145856471087806,0.006145856471088247,0.0061458564710851924,0.006145856471085343,False,False,False,False
GGCGGTAGGATCATTG-1,1681,1118,ER,CID4290,Invasive cancer + stroma,1,31,69,4229,5388,1681,1118,3.9857227840571086,False,False,False,True,Invasive cancer + stroma,0.08971086081356136,0.04696593484892264,6.0811334012508696e-05,0.3230957892911801,1,1,2.3426312989286906,4,7,0.0,0,0,0.0060811334012509,0.0060811334012509195,0.0060811334012509394,4.678350084688511,True,False,False,False
GGCAATAGTCAATGAG-1,1791,1149,ER,CID4290,Invasive cancer + stroma,1,30,70,4133,5443,1791,1149,3.740926856504746,False,False,False,True,Invasive cancer + stroma,0.0920753054358471,0.01896303965325114,0.007430385841305647,0.0,0,0,2.3361680533693328,4,10,0.0,0,0,0.003975537152134619,1.2738443211178028,0.003975537152135738,0.6145085699030408,False,False,False,False
ACACGAGACTCCTTCT-1,2230,1312,ER,CID4290,Invasive cancer + stroma,1,31,71,4228,5498,2230,1312,4.932735426008969,False,False,False,True,Invasive cancer + stroma,0.19734020393846524,0.015114292609566825,8.897171170963906e-05,0.0,0,0,3.1286815439344116,4,30,0.0,0,0,0.008897171170963915,0.008897171170962616,1.023880684788936,0.46975423382582016,False,True,False,False
GACACAAGGGAAGAAA-1,13470,4124,ER,CID4290,Invasive cancer + stroma,1,30,72,4133,5552,13470,4124,5.983667409057164,False,False,False,True,Invasive cancer + stroma,0.11031712255962368,0.00649520276122548,6.362078571091791e-05,0.0,0,0,2.679583311029119,4,83,0.0,0,0,0.6304340404102737,0.006362078571041716,0.006362078570190538,0.006362078571041954,False,False,False,False
TCAGCAAATGCATCTC-1,7675,2833,ER,CID4290,Invasive cancer + stroma,1,31,73,4228,5607,7675,2833,4.364820846905538,False,False,False,True,Invasive cancer + stroma,0.2701837336846895,0.0298829254733653,6.395761576548377e-05,0.13903048638489593,1,1,3.801413439051219,4,168,0.0,0,0,0.0063957615765483575,0.0063957615765483766,0.568461324640566,2.407039699542867,False,True,False,False
GAGATCTGTCACTCCG-1,7029,2646,ER,CID4290,Invasive cancer + stroma,1,30,74,4133,5661,7029,2646,4.2680324370465215,False,False,False,True,Invasive cancer + stroma,0.07647201443876846,0.00958600910034937,6.119579030627085e-05,0.0,0,0,2.020743451949318,4,29,0.0,0,0,0.006119579030626806,0.006119579030626647,0.548379490160447,0.3979822618132366,False,False,False,False
ATGCCGGTCTTGCATA-1,2138,1291,ER,CID4290,Invasive cancer + stroma,1,31,75,4228,5716,2138,1291,3.4144059869036485,False,False,False,True,Invasive cancer + stroma,0.14565348740265358,0.00016237880240760734,3.9751322937640326e-05,0.0,0,0,2.850810334927994,4,20,0.0,0,0,0.003975132274653728,0.003975132274653959,0.003975132274653506,0.00431248341679954,False,False,False,False
TTGGGCGGCGGTTGCC-1,7642,2785,ER,CID4290,Invasive cancer + stroma,1,30,76,4133,5771,7642,2785,5.0248626014132425,False,False,False,True,Invasive cancer + stroma,0.08391549675319113,0.014066991026692253,0.00010111293346450913,0.0,0,0,2.460649263079595,4,41,0.0,0,0,0.010111293346450452,0.010111293346450324,0.010111293345752679,1.3763652226305718,False,False,False,False
TTGTTGTGTGTCAAGA-1,7499,3042,ER,CID4290,Invasive cancer + stroma,1,31,77,4228,5825,7499,3042,2.8137084944659287,False,False,False,True,Invasive cancer + stroma,0.12287412872096772,0.024192877079551724,5.6663210174896593e-05,0.0,0,0,2.3553976206138283,4,40,0.0,0,0,0.00566632101748989,0.005666321017489179,0.005666321017489752,2.402288744902704,False,False,False,False
ACTGTACGATACACAT-1,17129,4822,ER,CID4290,Invasive cancer + stroma,1,30,78,4133,5880,17129,4822,2.0316422441473527,False,False,False,True,Invasive cancer + stroma,0.13579908770093765,0.00713843472400482,6.540390326915931e-05,0.0,0,0,2.6644773465386886,4,129,0.0,0,0,0.006540390327061382,0.6942223014204332,0.006540390325926123,0.0065403903270614145,False,False,False,False
TCCACTTTATCTAGGT-1,10401,3672,ER,CID4290,Invasive cancer + stroma,1,31,79,4228,5935,10401,3672,2.3459282761272955,False,False,False,True,Invasive cancer + stroma,0.14012941443809418,0.0025885214431909326,8.978858825579741e-05,0.0,0,0,2.8865309618965638,4,88,0.0,0,0,0.00897885882557971,0.00897885882557962,0.23191556784235423,0.00897885882557969,False,False,False,False
GGTCTGAGAATCTGGA-1,22120,5187,ER,CID4290,Invasive cancer + stroma,1,30,80,4133,5989,22120,5187,3.4674502712477397,False,False,False,True,Invasive cancer + stroma,0.13989608783194737,0.016949355648991422,9.491063526839825e-05,0.0,0,0,3.071742710352371,4,226,0.0,0,0,0.1135529791186975,0.27915274957819985,0.009491063534525552,1.2927387726677195,False,False,False,False
TAGAAAGGTGGCGCTA-1,20577,4812,ER,CID4290,Invasive cancer + stroma,1,31,81,4228,6044,20577,4812,4.587646401321864,False,False,False,True,Invasive cancer + stroma,0.11000655997642776,0.0002622216798084394,6.55554199399634e-05,0.0,0,0,2.582468650099868,4,126,0.0,0,0,0.006555541994394392,0.006555541991929699,0.006555542000125106,0.006555541994394744,False,False,False,False
TATGTCTCATTGTGCC-1,25403,5346,ER,CID4290,Invasive cancer + stroma,1,30,82,4133,6098,25403,5346,4.554580167696728,False,False,False,True,Invasive cancer + stroma,0.169756096875056,0.017480432974629687,9.768465349186317e-05,0.0,0,0,3.271643408605016,4,313,0.0,0,0,0.009768465350730176,0.009768465349464095,0.009768465354134462,1.7187379014086397,False,False,False,False
GGATTTCACTTCTATA-1,18527,4566,ER,CID4290,Invasive cancer + stroma,1,31,83,4228,6153,18527,4566,3.718896745290657,False,False,False,True,Invasive cancer + stroma,0.13138303801841336,0.004171698740038812,6.81444484701291e-05,0.0,0,0,2.6428633907880545,4,114,0.0,0,0,0.006814444847940642,0.006814444857465419,0.006814444848103691,0.39672653945037145,False,False,False,False
TGAGTGGTCCGTGACG-1,31257,5883,ER,CID4290,Invasive cancer + stroma,1,30,84,4133,6208,31257,5883,4.104680551556451,False,False,False,True,Invasive cancer + stroma,0.038708952854361156,0.0002830472596911289,7.07618148947997e-05,0.0,0,0,1.515342155989403,4,51,0.0,0,0,0.0070761814944407374,0.0070761814866910095,0.007076181493540378,0.007076181494440761,False,False,False,False
CGCTTTCTTGCATTCG-1,7711,2790,ER,CID4290,Invasive cancer + stroma,1,31,85,4228,6262,7711,2790,4.4352224095448065,False,False,False,True,Invasive cancer + stroma,0.0930826331738153,0.012860837777765092,6.502326962270432e-05,0.0,0,0,2.2729992429293766,4,37,0.0,0,0,0.006502326962270432,0.006502326962270824,0.006502326962048098,1.2665767968899198,False,False,False,False
ACCCAACGCCCGTGGC-1,15606,4146,ER,CID4290,Invasive cancer + stroma,1,30,86,4133,6317,15606,4146,6.901191849288734,False,False,False,True,Invasive cancer + stroma,0.0397624878568254,0.011476129119232297,6.510762639342216e-05,0.0,0,0,1.7385341227425275,4,41,0.0,0,0,0.00651076263894352,0.006510762639314245,0.006510762638531482,1.1280806240064405,False,False,False,False
GAACGTCTCATGGTCG-1,10239,3369,ER,CID4290,Invasive cancer + stroma,1,31,87,4228,6371,10239,3369,5.127453852915323,False,False,False,True,Invasive cancer + stroma,0.073404564288049,0.026200814102021394,6.109943327726149e-05,0.1135679129152315,1,1,2.2434472835494015,4,44,0.0,0,0,2.601751580219638,0.006109943327726735,0.006109943327048465,0.006109943327726158,False,False,False,False
AGGGTTCCCTTTGGTT-1,2546,1324,ER,CID4290,Invasive cancer + stroma,1,30,88,4133,6426,2546,1324,5.655930871956009,False,False,False,True,Invasive cancer + stroma,0.10481439486631253,0.0037011902048548666,6.088777688861313e-05,0.0,0,0,2.1703928486108053,3,18,0.0,0,0,0.0060887777384021555,0.006088777738394279,0.00608877773840284,0.3518526872702874,False,False,False,False
GTAGCTTCCTCTTGTT-1,4005,1935,ER,CID4290,Invasive cancer + stroma,1,31,89,4228,6481,4005,1935,5.867665418227216,False,False,False,True,Invasive cancer + stroma,0.08235125222842277,0.000995104568632108,6.091389427986277e-05,0.0,0,0,2.67949733639377,4,36,0.0,0,0,0.006091389427986059,0.006091389427984561,0.08123628857925382,0.006091389427986377,False,False,False,False
GCATGAGGGACGCGGC-1,5554,2037,ER,CID4290,Invasive cancer + stroma,1,30,90,4133,6535,5554,2037,8.82247029168167,False,False,False,True,Invasive cancer + stroma,0.0740512256612004,0.0003733565955607351,9.333914888673457e-05,0.0,0,0,1.9498750263288693,4,16,0.0,0,0,0.009333914888658618,0.009333914890312345,0.009333914888551295,0.009333914888551252,False,False,False,False
CTACCCTAAGGTCATA-1,16737,4441,ER,CID4290,Invasive cancer + stroma,1,31,91,4228,6590,16737,4441,7.988289418653283,False,False,False,True,Invasive cancer + stroma,0.046539978949241965,0.00025606360994773756,6.401590249851788e-05,0.0,0,0,1.826398140805689,4,49,0.0,0,0,0.006401590250112228,0.00640159024798053,0.006401590246568874,0.006401590250112123,False,False,False,False
TCACCGCTCGGCACTC-1,7221,2460,ER,CID4290,Invasive cancer + stroma,1,30,92,4133,6645,7221,2460,7.256612657526658,False,False,False,True,Invasive cancer + stroma,0.14025263414840305,0.011330796582519237,9.457081729902366e-05,0.0,0,0,2.730783831017734,4,51,0.0,0,0,0.3707280308803668,0.009457081729902441,0.743437463911752,0.009457081729902485,False,False,False,False
GGCTCGCGTTGAGGTA-1,15604,4151,ER,CID4290,Invasive cancer + stroma,1,31,93,4228,6699,15604,4151,7.171238144065624,False,False,False,True,Invasive cancer + stroma,0.11719464737816408,0.019252966281617646,9.449431886315689e-05,0.0,0,0,2.8029651612776405,4,139,0.0,0,0,0.00944943188704345,0.009449431888140196,0.009449431891054554,1.8969483324955263,False,False,False,False
CTAACGAAACTTGCTG-1,16947,4527,ER,CID4290,Invasive cancer + stroma,1,30,94,4133,6754,16947,4527,5.717826163922819,False,False,False,True,Invasive cancer + stroma,0.12913035425131278,0.025728606699790036,9.482466881130855e-05,0.07729685781556193,1,1,2.777477618469737,4,128,0.0,0,0,0.00948246688093609,0.009482466876160443,0.009482466878103973,2.544413269343803,False,False,False,False
TTAAACTCGAATTCAT-1,8931,3056,ER,CID4290,Invasive cancer + stroma,1,31,95,4228,6808,8931,3056,7.916246780875602,False,False,False,True,Invasive cancer + stroma,0.11168955374864474,0.010036586502452123,6.160570863512704e-05,0.0,0,0,2.4707644743188344,4,57,0.0,0,0,0.4505245477071756,0.006160570863293154,0.006160570863366103,0.5408129608113775,False,False,False,False
TACTTTACTGAGCCGG-1,4400,1881,ER,CID4290,Invasive cancer + stroma,1,30,96,4133,6863,4400,1881,6.9772727272727275,False,False,False,True,Invasive cancer + stroma,0.11183393539308313,0.0003874374016238926,9.685935043032234e-05,0.0,0,0,2.248781490052295,4,26,0.0,0,0,0.009685935040594949,0.009685935040610556,0.009685935040591755,0.009685935040592,False,False,False,False
GCTTGGATCGATTAGG-1,5579,2408,ER,CID4290,Invasive cancer + stroma,1,31,97,4228,6918,5579,2408,7.205592400071698,False,False,False,True,Invasive cancer + stroma,0.036892529587417386,0.008401373402310291,6.697619690298201e-05,0.0,0,0,1.3978994534546778,3,11,0.0,0,0,0.820044481160143,0.006697619690291077,0.00669761969029759,0.006697619690297493,False,False,False,False
CGGTTATCCAACAGTG-1,9040,2909,ER,CID4290,Invasive cancer + stroma,1,30,98,4133,6972,9040,2909,8.517699115044246,False,False,False,True,Invasive cancer + stroma,0.06201201518790302,0.00027655981501419736,6.913995375575739e-05,0.0,0,0,2.0576354145776232,4,33,0.0,0,0,0.006913995375575648,0.0069139953755811894,0.006913995374687139,0.0069139953755757615,False,False,False,False
CAGACCTGTAAGTGTT-1,2134,1191,ER,CID4290,Invasive cancer + stroma,1,31,99,4228,7027,2134,1191,6.701030927835052,False,False,False,True,Invasive cancer + stroma,0.09859224999180842,0.03799749894322952,6.384834918244696e-05,0.28966887944009073,1,1,2.0230413324313132,3,11,0.0,0,0,0.006384834924852675,0.0063848349248530065,0.006384834924852789,3.7805953895483935,True,False,False,False
GACGGTCAATAGAAGC-1,5458,2304,ER,CID4290,Invasive cancer + stroma,1,30,100,4133,7081,5458,2304,7.530230853792598,False,False,False,True,Invasive cancer + stroma,0.09349866893969888,0.022950368622890644,6.47105158077373e-05,0.0,0,0,2.4138123495783748,4,29,0.0,0,0,0.0064710515807725605,0.006471051580774636,0.438727687741989,1.8433670713855284,False,False,False,False
CTGACTGCGCAGCTCG-1,1371,894,ER,CID4290,Invasive cancer + stroma,1,31,101,4228,7136,1371,894,5.178701677607585,False,False,False,True,Invasive cancer + stroma,0.12216768483200727,0.04487956051672814,9.24569061907175e-05,0.0,0,0,2.286524754023271,3,10,0.0,0,0,0.009245690619070178,0.009245690619072213,1.2373263149816038,3.2321383554530674,True,False,True,False
CCATACCTTTACTTGT-1,3426,1594,ER,CID4290,Invasive cancer + stroma,1,30,102,4133,7191,3426,1594,6.275539988324577,False,False,False,True,Invasive cancer + stroma,0.09485688264407649,0.0037850647899425284,6.199005075213717e-05,0.0,0,0,2.4207906370392065,4,19,0.0,0,0,0.0061990050752143136,0.0061990050731886145,0.0061990050751278515,0.359909463770722,False,False,False,False
GTAATAAAGGGCTCCC-1,908,643,ER,CID4290,Invasive cancer + stroma,1,31,103,4228,7245,908,643,4.295154185022026,False,False,False,True,Invasive cancer + stroma,0.09742886909657324,0.00026079957094277573,0.028859769688252487,0.0,0,0,2.1949628185132455,3,6,0.0,0,0,0.006015025322261079,0.006015025322260589,0.00601502532226157,0.008034881127494333,False,False,False,False
GTGAACTCCCATTCGA-1,5529,2195,ER,CID4290,Invasive cancer + stroma,1,30,104,4132,7300,5529,2195,8.518719479110146,False,False,False,True,Invasive cancer + stroma,0.05370060671655306,0.006086305377952237,0.0037768236010399902,0.0,0,0,1.760324323146822,4,15,0.0,0,0,0.0065151282777341744,0.21932406627728718,0.37627621496246755,0.006515128277734801,False,False,False,False
TCAGAACCTCCACAGG-1,3315,1547,ER,CID4290,Invasive cancer + stroma,1,30,106,4132,7409,3315,1547,5.942684766214177,False,False,False,True,Invasive cancer + stroma,0.13221975432027355,0.01344513282875079,6.285732304461891e-05,0.0,0,0,2.698455495467023,4,22,0.0,0,0,0.7892078923481668,0.0062857323044582985,0.006285732304460654,0.5427339259179933,False,False,False,False
TCCCACTCTCTTCCGG-1,1393,857,ER,CID4290,Invasive cancer + stroma,1,31,107,4227,7464,1393,857,4.953338119167265,False,False,False,True,Invasive cancer + stroma,0.1060144990219519,0.0002493825437589978,6.234563547119417e-05,0.0,0,0,1.8295510292910704,3,5,0.0,0,0,0.006234563586036787,0.006234563599019681,0.006234563603462631,0.006234563587380682,False,False,False,False
ATCTTGACTTGTCCAA-1,2939,1364,ER,CID4290,Invasive cancer + stroma,1,30,108,4132,7518,2939,1364,5.512078938414427,False,False,False,True,Invasive cancer + stroma,0.10850279510597692,0.0033608995041417523,9.576653665377067e-05,0.0,0,0,2.175864560816745,3,16,0.0,0,0,0.009576653665376772,0.009576653665376609,0.009576653665494192,0.30735998941792764,False,False,False,False
TCGGGAACGTGCCTAG-1,2422,1181,ER,CID4290,Invasive cancer + stroma,1,31,109,4227,7573,2422,1181,8.216350123864574,False,False,False,True,Invasive cancer + stroma,0.12710556898151046,0.000277849005048661,6.946225075062861e-05,0.0,0,0,2.518171675098525,4,13,0.0,0,0,0.0069462251559757274,0.006946225155972853,0.006946225036940734,0.00694622515597679,False,False,False,False
GTTAGCCGTAAATCAA-1,10003,2945,ER,CID4290,Invasive cancer + stroma,1,30,110,4132,7628,10003,2945,8.987303808857343,False,False,False,True,Invasive cancer + stroma,0.09875496286478216,0.009041615674944964,0.00010931594154647979,0.0,0,0,2.287062890442554,4,42,0.0,0,0,0.010931594156806699,0.01093159415680675,0.871366785024076,0.010931594156806874,False,False,False,False
ATTTACTAAGTCCATT-1,3367,1472,ER,CID4290,Invasive cancer + stroma,1,31,111,4227,7682,3367,1472,7.751707751707753,False,False,False,True,Invasive cancer + stroma,0.10472880957374237,0.011139686962640897,9.822371631423266e-05,0.0,0,0,2.1934767174269956,4,15,0.0,0,0,1.0845015813862757,0.009822371625935682,0.009822371625938985,0.009822371625939132,False,False,False,False
GGGTGCATATGAAAGC-1,29760,5523,ER,CID4290,Invasive cancer + stroma,1,30,112,4132,7737,29760,5523,7.587365591397849,False,False,False,True,Invasive cancer + stroma,0.09548463626637464,0.0002902729188149145,7.256822974827135e-05,0.04828269530391369,1,1,2.2899291134030637,4,156,0.0,0,0,0.00725682297247785,0.007256822975314293,0.007256822962087269,0.007256822971612038,False,False,False,False
TCCGAATGGTCCTGAG-1,9485,2847,ER,CID4290,Invasive cancer + stroma,1,31,113,4227,7792,9485,2847,8.624143384290987,False,False,False,True,Invasive cancer + stroma,0.07587507391468457,0.0004105136153302807,0.00010262840383191843,0.0,0,0,2.2422051881464604,4,41,0.0,0,0,0.010262840383598138,0.010262840383978952,0.01026284038185298,0.010262840383598,False,False,False,False
TGATGGCTGTTTCTGA-1,17228,4229,ER,CID4290,Invasive cancer + stroma,1,30,114,4132,7846,17228,4229,8.184351056419782,False,False,False,True,Invasive cancer + stroma,0.08340521168212116,0.0004062164874723253,0.00010155412188002172,0.0,0,0,2.3445175832947314,4,90,0.0,0,0,0.010155412187021502,0.010155412187692938,0.01015541218549659,0.010155412187021502,False,False,False,False
AAATAAGGTAGTGCCC-1,9151,2969,ER,CID4290,Invasive cancer + stroma,1,31,115,4227,7901,9151,2969,7.999125778603432,False,False,False,True,Invasive cancer + stroma,0.09565602243925757,0.008297916102811463,6.683095148272163e-05,0.0,0,0,2.378304686069641,4,48,0.0,0,0,0.8097423248364797,0.006683095148319766,0.0066830951480294516,0.006683095148317382,False,False,False,False
CCACTATCCGGGTCAC-1,3896,1865,ER,CID4290,Invasive cancer + stroma,1,30,116,4132,7955,3896,1865,5.621149897330596,False,False,False,True,Invasive cancer + stroma,0.13381909465514913,0.013746887192661069,0.003426872441260607,0.0,0,0,2.546273539203933,4,24,0.0,0,0,0.009114152221658836,0.009114152221658792,0.009114152221658709,1.3473462626011306,False,False,False,False
ACACCACATAATTAGC-1,5036,2111,ER,CID4290,Invasive cancer + stroma,1,31,117,4227,8010,5036,2111,5.460683081810961,False,False,False,True,Invasive cancer + stroma,0.07452590927687587,0.00026875244203062324,6.71881105098029e-05,0.0,0,0,1.879172367606893,4,16,0.0,0,0,0.006718811050672508,0.006718811050671753,0.006718811051046495,0.006718811050671567,False,False,False,False
CGCGGTAAGTCTAGCT-1,2596,1373,ER,CID4290,Stroma,1,30,118,4132,8065,2596,1373,4.391371340523883,False,False,False,True,Stroma,0.12820850626757718,0.011995798070492286,9.124945475852575e-05,0.0,0,0,2.3911203455778827,3,20,0.0,0,0,0.009124945475852598,0.009124945475854105,0.009124945475853168,1.1722049706216688,False,False,False,False
GCGGGCATTACGATGC-1,2207,1162,ER,CID4290,Stroma,1,31,119,4227,8119,2207,1162,5.6184866334390575,False,False,False,True,Stroma,0.11590889560520545,0.0158128820095768,6.104121971308093e-05,0.0,0,0,3.0417469448441343,4,22,0.0,0,0,0.006104121974387897,0.006104121974390672,0.006104121974389867,1.5629758350345118,False,False,False,False
AGGATTGCTTACGACA-1,1627,908,ER,CID4290,Stroma,1,30,120,4132,8174,1627,908,4.548248309772587,False,False,False,True,Stroma,0.14331141372713788,0.004445167716427181,9.239283983035454e-05,0.0,0,0,2.595753182528589,4,9,0.0,0,0,0.00923928398359553,0.009239283983594594,0.009239283983594276,0.4167989196919337,False,False,False,False
CTCGGGATAACACCTA-1,1761,1012,ER,CID4290,Stroma,1,31,121,4227,8228,1761,1012,5.281090289608177,False,False,False,True,Stroma,0.15837333460276448,0.0002540286891212311,6.350717227853818e-05,0.0,0,0,2.686326702730608,4,11,0.0,0,0,0.0063507172276963,0.006350717227709958,0.006350717229006503,0.00635071722771035,False,False,False,False
GTCGTCTGGTTGGCTA-1,1214,685,ER,CID4290,Stroma,1,30,122,4132,8283,1214,685,4.530477759472817,False,False,False,True,Stroma,0.10749436707375701,0.005085546776658458,6.331580138032686e-05,0.0,0,0,2.1522100663331596,3,7,0.0,0,0,0.4895599372954934,0.006331580129406261,0.006331580109736623,0.006331580131209449,False,False,False,False
GCAATTAGTCGCACCG-1,1484,881,ER,CID4290,Stroma,1,31,123,4227,8338,1484,881,6.199460916442049,False,False,False,True,Stroma,0.15012116875115686,0.0002492562752439028,6.231406886992527e-05,0.0,0,0,2.3673018796307965,4,7,0.0,0,0,0.006231406887020282,0.006231406887019236,0.006231406863331285,0.00623140688701948,False,False,False,False
GTGACCTAAAGAATAA-1,1596,973,ER,CID4290,Stroma,1,30,124,4132,8392,1596,973,5.513784461152882,False,False,False,True,Stroma,0.14074247708324744,0.022883273779387283,9.722615553996739e-05,0.0,0,0,2.484354333356275,3,13,0.0,0,0,0.009722615553987204,2.2591595312767656,0.00972261555398759,0.00972261555398778,False,False,False,False
CTGAGCGAGACTTATT-1,1372,843,ER,CID4290,Stroma,1,31,125,4227,8447,1372,843,7.653061224489796,False,False,False,True,Stroma,0.11342139702030865,0.00027011221641242767,6.752805395895798e-05,0.0,0,0,2.272616529561753,4,5,0.0,0,0,0.006752805410309997,0.006752805410311064,0.006752805410310766,0.006752805410310941,False,False,False,False
CAAGACTCAGAAGCGC-1,2322,1322,ER,CID4290,Stroma,1,30,126,4132,8501,2322,1322,9.21619293712317,False,False,False,True,Stroma,0.11979602349876414,0.020072422218268313,6.254584080517721e-05,0.0,0,0,2.846095706375275,4,18,0.0,0,0,0.006254584080518343,0.006254584080517732,0.38754937604379625,1.607183677621999,False,False,False,False
ACTTCGCTAGCGAGTG-1,2643,1476,ER,CID4290,Stroma,1,31,127,4227,8556,2643,1476,10.6318577374196,False,False,False,True,Stroma,0.08705897272538551,0.015936135781766825,9.521027807321085e-05,0.0,0,0,1.7676308773437228,3,9,0.0,0,0,1.5650504947547204,0.009521027807320804,0.009521027807320847,0.009521027807320554,False,False,False,False
AAATGGTCAATGTGCC-1,2872,1598,ER,CID4290,Invasive cancer + stroma,1,33,51,4419,4405,2872,1598,7.137883008356546,False,False,False,True,Invasive cancer + stroma,0.10721894742586638,0.008322108272500872,9.693454814868488e-05,0.0,0,0,2.3779641674003096,4,14,0.0,0,0,0.009693454814868467,0.009693454814867922,0.009693454814867747,0.8031304628054832,False,False,False,False
CGTATTAAGAGATCTA-1,6980,2772,ER,CID4290,Invasive cancer + stroma,1,32,54,4324,4569,6980,2772,7.593123209169055,False,False,False,True,Invasive cancer + stroma,0.03399410427962304,0.007596712345081291,6.497203180522158e-05,0.0,0,0,1.3978301632827028,4,10,0.0,0,0,0.006497203180509593,0.006497203180436077,0.006497203179965143,0.7401796249672182,False,False,False,False
ACTGTCCAGGATTATA-1,4846,2219,ER,CID4290,Invasive cancer + stroma,1,33,55,4419,4624,4846,2219,10.008254230293025,False,False,False,True,Invasive cancer + stroma,0.1463093023598303,0.021014324243258484,6.312891894999455e-05,0.0,0,0,2.8482861969634996,4,39,0.0,0,0,2.082490719998527,0.006312891894998993,0.006312891894999445,0.006315920537322642,False,False,False,False
CGGGCAGCTAAACCGC-1,7917,3147,ER,CID4290,Invasive cancer + stroma,1,32,56,4324,4678,7917,3147,8.273335859542756,False,False,False,True,Invasive cancer + stroma,0.049806560610616245,0.023076146272263294,6.45504390508881e-05,0.0,0,0,2.074946262224618,4,32,0.0,0,0,2.288249495510962,0.006455043905088137,0.0064550439051911795,0.006455043905088084,False,False,False,False
TTGCTGATCATGTTCG-1,10497,3786,ER,CID4290,Invasive cancer + stroma,1,33,57,4419,4733,10497,3786,8.697723158997809,False,False,False,True,Invasive cancer + stroma,0.16619729050022844,0.02439786154526721,6.336310944506317e-05,0.11153150531972174,1,1,3.3555074344180067,4,142,0.0,0,0,0.006336310944364372,0.006336310944363422,0.006336310944623043,2.42077722169337,False,False,False,False
TATGGGTACGTATCGT-1,7731,2869,ER,CID4290,Invasive cancer + stroma,1,32,58,4324,4788,7731,2869,8.56292846979692,False,False,False,True,Invasive cancer + stroma,0.042808684501226386,0.0020523157725424197,4.220706408765684e-05,0.0,0,0,1.6933310081020854,3,23,0.0,0,0,0.0042207063868025625,0.004220706386803093,0.004220706386810097,0.1925694580938262,False,False,False,False
CAGCTCACTGAGACAT-1,4299,2108,ER,CID4290,Invasive cancer + stroma,1,33,59,4419,4842,4299,2108,7.466852756454989,False,False,False,True,Invasive cancer + stroma,0.11290760163621147,0.039512300688033776,6.067617441707531e-05,0.0,0,0,2.7307141752747692,4,31,0.0,0,0,0.006067617441707829,0.006067617441707522,0.0060676174417077485,3.933027216478255,True,False,True,False
GGGACTGCATAGATAG-1,5185,2422,ER,CID4290,Invasive cancer + stroma,1,32,60,4324,4897,5185,2422,6.943105110896817,False,False,False,True,Invasive cancer + stroma,0.10325875337041734,0.0671484028198454,0.00596866963026865,0.17908970946937022,1,1,2.5221105174668956,4,32,0.0,0,0,0.00598923619319735,0.005989236193197145,0.005989236193197155,6.696872573404948,True,False,False,False
ACGCATTCGTGAGTAC-1,3804,1845,ER,CID4290,Invasive cancer + stroma,1,33,61,4419,4952,3804,1845,5.993690851735016,False,False,False,True,Invasive cancer + stroma,0.12635727022467771,0.030777533263830568,6.144728483063588e-05,0.0,0,0,2.6260634742391424,4,29,0.0,0,0,2.161794779602838,0.006144728483061296,0.006144728483063428,0.9036690898140942,False,False,False,False
CTCTGGACGCCTGGTG-1,5426,2511,ER,CID4290,Invasive cancer + stroma,1,32,62,4324,5006,5426,2511,5.23405823811279,False,False,False,True,Invasive cancer + stroma,0.1406732328131172,0.037221780567419364,5.88788437216198e-05,0.0,0,0,2.7840465036204214,4,41,0.0,0,0,2.552441362259879,0.6196683767397254,0.00588788437216268,0.5441804333701701,True,False,True,False
AGGGTTTAGTTCGGGA-1,4022,1996,ER,CID4290,Invasive cancer + stroma,1,33,63,4419,5061,4022,1996,5.842864246643461,False,False,False,True,Invasive cancer + stroma,0.15400414654702566,0.0033279538324295236,5.712233030485872e-05,0.0,0,0,2.9513152597450762,4,40,0.0,0,0,0.00571223303048563,0.005712233030485862,0.29206535259045635,0.029305564591524547,False,False,False,False
GGGAGAACTCACAGTA-1,10379,3672,ER,CID4290,Invasive cancer + stroma,1,32,64,4324,5115,10379,3672,7.216494845360824,False,False,False,True,Invasive cancer + stroma,0.12392435946366795,0.00024203109071514284,6.050777267785962e-05,0.0,0,0,2.608654969868583,4,79,0.0,0,0,0.0060507772677855474,0.006050777267759877,0.006050777268183252,0.006050777267785606,False,False,False,False
ATCAATCTGGGCTGCA-1,7927,2974,ER,CID4290,Invasive cancer + stroma,1,33,65,4419,5170,7927,2974,7.064463226945882,False,False,False,True,Invasive cancer + stroma,0.09169998067124836,0.007434595849497531,6.387665049364216e-05,0.0,0,0,2.175397254520397,4,40,0.0,0,0,0.006387665074401866,0.006387665074402492,0.006387665074546618,0.7242965897264021,False,False,False,False
TCTTCGATACCAATAA-1,6229,2697,ER,CID4290,Invasive cancer + stroma,1,32,66,4324,5225,6229,2697,5.956012200995344,False,False,False,True,Invasive cancer + stroma,0.12693571955870744,0.015700042546012215,6.296075624700817e-05,0.0,0,0,2.348494564056554,4,37,0.0,0,0,1.4933060779379783,0.006296075624700878,0.006296075624594803,0.06410602541394742,False,False,False,False
ACGTAGATTGCTGATG-1,6423,2638,ER,CID4290,Invasive cancer + stroma,1,33,67,4419,5279,6423,2638,6.7881052467694225,False,False,False,True,Invasive cancer + stroma,0.13109883626949734,0.010568623752209575,6.117206123822095e-05,0.0,0,0,3.0438120176400485,4,66,0.0,0,0,1.0385107568492793,0.006117206123817949,0.006117206124038305,0.006117206123821975,False,False,False,False
TCTTGATGCGTAGCGA-1,7694,2987,ER,CID4290,Invasive cancer + stroma,1,32,68,4324,5334,7694,2987,7.2783987522745,False,False,False,True,Invasive cancer + stroma,0.1163669172720471,0.00023534165147891354,5.8835412869466414e-05,0.0,0,0,2.6865351532118713,4,60,0.0,0,0,0.005883541286973251,0.005883541286973222,0.005883541286971708,0.0058835412869731735,False,False,False,False
GGGCTGCCTAGGGCGA-1,11521,3744,ER,CID4290,Invasive cancer + stroma,1,33,69,4419,5388,11521,3744,8.011457338772676,False,False,False,True,Invasive cancer + stroma,0.10839167777729646,0.0174900587047994,6.410467453541985e-05,0.0,0,0,2.639839658779355,4,74,0.0,0,0,1.7297744681196763,0.006410467453400833,0.006410467453461825,0.006410467453401219,False,False,False,False
CTCTCACAATCGATGA-1,9558,3278,ER,CID4290,Invasive cancer + stroma,1,32,70,4324,5443,9558,3278,7.281858129315756,False,False,False,True,Invasive cancer + stroma,0.1504470151097943,0.00040255691295651707,6.293185069250113e-05,0.0,0,0,3.0688020853626243,4,98,0.0,0,0,0.006293185069594676,0.0062931850695930455,0.006293185068872237,0.021376136087591747,False,False,False,False
CCAAGCGTAACTCGTA-1,6848,2775,ER,CID4290,Invasive cancer + stroma,1,33,71,4419,5498,6848,2775,7.184579439252337,False,False,False,True,Invasive cancer + stroma,0.18088629894424632,0.013588200673837243,8.857777589768219e-05,0.0,0,0,3.021899122485279,4,73,0.0,0,0,0.008857777589768391,0.008857777589768684,0.008857777589789253,1.3322467346143978,False,False,False,False
ACAACAGCATGAGCTA-1,8694,3116,ER,CID4290,Invasive cancer + stroma,1,32,72,4324,5552,8694,3116,8.879687140556705,False,False,False,True,Invasive cancer + stroma,0.15575165933762514,0.00026172067911259294,6.543016977821155e-05,0.0,0,0,2.9589213407705968,4,70,0.0,0,0,0.006543016977820483,0.006543016977821678,0.006543016977796147,0.006543016977820984,False,False,False,False
GTCCCAACGTAAAGTA-1,8529,3039,ER,CID4290,Invasive cancer + stroma,1,33,73,4419,5607,8529,3039,8.617657404150545,False,False,False,True,Invasive cancer + stroma,0.1590602640230044,0.02746731806561599,6.537065444404784e-05,0.12931082516055084,1,1,2.8595961923557867,4,73,0.0,0,0,0.006537065444404369,0.006537065444404646,0.006537065444304031,2.727120610228486,False,False,False,False
TCGGAGTACATGAGTA-1,6763,2645,ER,CID4290,Invasive cancer + stroma,1,32,74,4323,5662,6763,2645,5.811030607718468,False,False,False,True,Invasive cancer + stroma,0.14542757380668625,0.01949374259766944,6.031589157123543e-05,0.0,0,0,3.0697200903686808,4,67,0.0,0,0,0.7455921384103681,0.0060315891571231595,0.006031589157123149,1.1917189430423294,False,False,False,False
GGGAGTTAATGAGGCG-1,7654,3003,ER,CID4290,Invasive cancer + stroma,1,33,75,4418,5716,7654,3003,7.734517899137707,False,False,False,True,Invasive cancer + stroma,0.16562643177274972,0.008706900435580216,6.278158573284476e-05,0.0,0,0,2.8640445178107283,4,63,0.0,0,0,0.006278158573285037,0.006278158573284895,0.006278158573285703,0.8518555678381661,False,False,False,False
CCGGGCGGTCTCGTCA-1,7984,2889,ER,CID4290,Invasive cancer + stroma,1,32,76,4323,5771,7984,2889,5.911823647294589,False,False,False,True,Invasive cancer + stroma,0.08665371864316841,0.02855590660393036,6.400147285518129e-05,0.0,0,0,2.0141498791039703,3,39,0.0,0,0,0.006400147285436558,0.00640014728543614,0.031042796576763655,2.8117475692453997,False,False,False,False
CCGTAAGTTGGTCCCA-1,10500,3377,ER,CID4290,Invasive cancer + stroma,1,33,77,4418,5825,10500,3377,5.390476190476191,False,False,False,True,Invasive cancer + stroma,0.08131718502873697,0.031212763486124482,6.720140057183254e-05,0.0,0,0,2.176827526583111,4,48,0.0,0,0,0.006720140057408489,0.006720140057408566,0.006720140057556527,3.1011159284400747,False,False,False,False
GGAGGGCTTGGTTGGC-1,14111,4137,ER,CID4290,Invasive cancer + stroma,1,32,78,4323,5880,14111,4137,5.017362341435759,False,False,False,True,Invasive cancer + stroma,0.0724367923262006,0.0002584175257172329,6.460438142194007e-05,0.0,0,0,2.160837816994758,4,49,0.0,0,0,0.0064604381422349606,0.00646043814217747,0.006460438145075985,0.006460438142234876,False,False,False,False
TCGGACGCCCAGCCCA-1,12197,3628,ER,CID4290,Invasive cancer + stroma,1,33,79,4418,5935,12197,3628,3.295892432565385,False,False,False,True,Invasive cancer + stroma,0.040682462417090524,0.017561906545087397,9.613075290438608e-05,0.0,0,0,1.625930196263677,4,22,0.0,0,0,0.009613075293099642,0.009613075293099706,0.009613075293384676,1.7273514286291556,False,False,False,False
TCTGTGCCATCATAGT-1,10604,3592,ER,CID4290,Invasive cancer + stroma,1,32,80,4323,5989,10604,3592,3.3666540927951716,False,False,False,True,Invasive cancer + stroma,0.0846725970364934,0.006791376766663478,0.0017418846386690248,0.0,0,0,2.2859909487387666,4,39,0.0,0,0,0.00639969669096194,0.006399696690977049,0.006399696691684023,0.6599385865927249,False,False,False,False
GTACTGGAGTTAGACC-1,17156,4589,ER,CID4290,Invasive cancer + stroma,1,33,81,4418,6044,17156,4589,3.712986710188855,False,False,False,True,Invasive cancer + stroma,0.06664969959746096,0.026320581644009494,6.645396306555479e-05,0.0,0,0,2.0166526970434866,4,54,0.0,0,0,0.006645396306248342,0.006645396306061004,0.006645396306715229,2.612121975481925,False,False,False,False
GGAATGCGCTAGCGTG-1,21850,4904,ER,CID4290,Invasive cancer + stroma,1,32,82,4323,6098,21850,4904,3.7482837528604116,False,False,False,True,Invasive cancer + stroma,0.06243969607182594,0.00501821292691328,6.893383692372535e-05,0.0,0,0,1.866248953165763,4,59,0.0,0,0,0.4811411416147837,0.006893383691961966,0.006893383692916538,0.0068933836916657285,False,False,False,False
GTGTGAATAACTTAGG-1,14610,4252,ER,CID4290,Invasive cancer + stroma,1,33,83,4418,6153,14610,4252,2.915811088295688,False,False,False,True,Invasive cancer + stroma,0.10829105725425121,0.005291748131959504,6.593948720228712e-05,0.0,0,0,2.437665274540431,4,78,0.0,0,0,0.5093929670354005,0.006593948720414696,0.006593948719920258,0.006593948720214984,False,False,False,False
GGTCGGCCAGGAGCTT-1,21377,4729,ER,CID4290,Invasive cancer + stroma,1,32,84,4323,6208,21377,4729,5.286055105954998,False,False,False,True,Invasive cancer + stroma,0.06412658817628611,0.00027240315259937693,6.810078814675614e-05,0.0,0,0,2.094030291850147,4,72,0.0,0,0,0.006810078815434526,0.0068100788148914146,0.00681007881417724,0.006810078815434513,False,False,False,False
TAGCCGGCGGTCAGCG-1,16901,4275,ER,CID4290,Invasive cancer + stroma,1,33,85,4418,6262,16901,4275,3.402165552334181,False,False,False,True,Invasive cancer + stroma,0.1313209640741471,0.00039664621940963733,9.916155484361674e-05,0.0,0,0,2.7675152043416054,4,119,0.0,0,0,0.009916155485012821,0.009916155486411268,0.009916155484527407,0.009916155485012235,False,False,False,False
CGGGTGTACCCATTTA-1,22238,4745,ER,CID4290,Invasive cancer + stroma,1,32,86,4323,6317,22238,4745,5.117366669664538,False,False,False,True,Invasive cancer + stroma,0.05038729791842139,0.01585932902026062,0.0001024088434273893,0.0,0,0,1.8387572468539743,4,58,0.0,0,0,0.010240884343547385,0.01024088433836162,0.01024088434979925,1.5552102489943538,False,False,False,False
AGTGATTCAAGCAGGA-1,8051,2858,ER,CID4290,Invasive cancer + stroma,1,33,87,4418,6372,8051,2858,4.583281579927959,False,False,False,True,Invasive cancer + stroma,0.14189961290503542,0.002876846807579628,0.00638677514681676,0.0,0,0,2.509389457921165,4,55,0.0,0,0,0.00957020703481371,0.009570207034813753,0.009570207034876259,0.2589740596534591,False,False,False,False
GTTGGATTGAGAACAC-1,13047,3903,ER,CID4290,Invasive cancer + stroma,1,32,88,4323,6426,13047,3903,6.7908331417184025,False,False,False,True,Invasive cancer + stroma,0.07090249705359132,0.00025502604719666183,6.37565117744651e-05,0.0,0,0,2.0160103374499023,4,45,0.0,0,0,0.006375651179400307,0.006375651181958341,0.0063756511789072375,0.006375651179400297,False,False,False,False
CACACGCGCTGTCTTA-1,2923,1656,ER,CID4290,Invasive cancer + stroma,1,33,89,4418,6481,2923,1656,2.5316455696202533,False,False,False,True,Invasive cancer + stroma,0.1283625782497392,0.00489576767778904,6.052715738646226e-05,0.0,0,0,2.614988396366975,4,19,0.0,0,0,0.006052715737502722,0.006052715735652227,0.006052715737503098,0.4714186205682459,False,False,False,False
TAGACGCCCGTACCGG-1,12338,3798,ER,CID4290,Invasive cancer + stroma,1,32,90,4323,6535,12338,3798,6.508348192575782,False,False,False,True,Invasive cancer + stroma,0.03857876191375096,0.018299537658367282,6.428458938628042e-05,0.0,0,0,1.7016022019270538,4,24,0.0,0,0,1.0030674451893213,0.8140294027689619,0.006428458938838274,0.006428458939606784,False,False,False,False
GGTTTCAATCGGTCAG-1,3563,1885,ER,CID4290,Invasive cancer + stroma,1,33,91,4418,6590,3563,1885,4.04153802975021,False,False,False,True,Invasive cancer + stroma,0.09820872156175689,0.0001658459367936064,3.668154455525496e-05,0.0,0,0,2.732240977446864,4,22,0.0,0,0,0.0036681544658702134,0.003668154465861471,0.003668154465870538,0.005580130281758415,False,False,False,False
AATCTGCGTTGGGACG-1,10104,3509,ER,CID4290,Invasive cancer + stroma,1,32,92,4323,6645,10104,3509,5.324623911322249,False,False,False,True,Invasive cancer + stroma,0.07625476011378848,0.014507646942076147,5.9923437964975445e-05,0.0,0,0,2.3311021388688618,4,44,0.0,0,0,0.005992343796541654,0.0059923437965415756,0.0059923437962165005,1.432787662818315,False,False,False,False
TTACGGATGGTTCGAG-1,6346,2536,ER,CID4290,Invasive cancer + stroma,1,33,93,4418,6699,6346,2536,5.420737472423574,False,False,False,True,Invasive cancer + stroma,0.08968200849543512,0.013138440940990757,5.959486806288165e-05,0.0,0,0,2.3888246450243185,4,33,0.0,0,0,0.005959486806297865,0.005959486806298098,0.29477265787111556,1.007152462615364,False,False,False,False
CGGCAGGGTCGGGTTG-1,13684,4041,ER,CID4290,Invasive cancer + stroma,1,32,94,4323,6754,13684,4041,5.575855013154048,False,False,False,True,Invasive cancer + stroma,0.1284352487463178,0.00038622255616818684,6.063752476892356e-05,0.0,0,0,2.9322583772810855,4,114,0.0,0,0,0.006063752476918319,0.006063752476919218,0.02043099818606286,0.006063752476918289,False,False,False,False
GCTTTCAGAGGAGGTG-1,10117,3535,ER,CID4290,Invasive cancer + stroma,1,33,95,4418,6809,10117,3535,5.970149253731343,False,False,False,True,Invasive cancer + stroma,0.07044186575679103,0.019974691778588915,6.327451878974406e-05,0.0,0,0,2.1968764685219915,4,36,0.0,0,0,0.006327451878974416,0.006327451878974427,0.0063274518771619095,1.9784868222237808,False,False,False,False
TCTTCCCATGGGCACA-1,13439,3943,ER,CID4290,Invasive cancer + stroma,1,32,96,4323,6863,13439,3943,6.146290646625493,False,False,False,True,Invasive cancer + stroma,0.06064362434222726,0.0102250222585279,6.265962353123452e-05,0.09270672901963163,1,1,2.0517920196737762,4,44,0.0,0,0,0.0062659623544529105,0.00626596235445971,0.15296371151731059,0.857006589626567,False,False,False,False
TACCGCGGACTTGCAG-1,17548,4503,ER,CID4290,Invasive cancer + stroma,1,33,97,4418,6918,17548,4503,6.040574424435833,False,False,False,True,Invasive cancer + stroma,0.04829079659723153,0.006530683668509971,6.454302831952866e-05,0.0,0,0,1.7900000055377965,4,37,0.0,0,0,0.6081555715248175,0.006454302832038946,0.006454302836612609,0.032004189657528034,False,False,False,False
AGAATTATGGATTCGA-1,5188,2050,ER,CID4290,Invasive cancer + stroma,1,32,98,4323,6972,5188,2050,7.324595219737856,False,False,False,True,Invasive cancer + stroma,0.05300279841807531,0.009326530052455023,6.317542750631254e-05,0.0,0,0,1.9890570057809542,4,20,0.0,0,0,0.006317542751925143,0.00631754275085617,0.006317542750869212,0.9137003769918517,False,False,False,False
ATTGATGAGTCCTAAC-1,3822,1618,ER,CID4290,Invasive cancer + stroma,1,33,99,4418,7027,3822,1618,7.980115122972266,False,False,False,True,Invasive cancer + stroma,0.037522356228343275,0.00669860611169044,9.631830057093489e-05,0.0,0,0,1.2063115230515917,2,8,0.0,0,0,0.009631830057093851,0.009631830057093138,0.009631830056977478,0.6409651209978795,False,False,False,False
TAGGTCGCCGGAACTG-1,2064,1141,ER,CID4290,Invasive cancer + stroma,1,32,100,4323,7082,2064,1141,6.346899224806202,False,False,False,True,Invasive cancer + stroma,0.09944542154601538,0.0003503094017837004,8.684591144964145e-05,0.0,0,0,2.0317339879107306,3,9,0.0,0,0,0.00868459113380916,0.008684591133799602,0.008684591133810081,0.0089771667769512,False,False,False,False
TAACCTACCGTCCGAG-1,1399,854,ER,CID4290,Invasive cancer + stroma,1,33,101,4418,7136,1399,854,6.433166547533952,False,False,False,True,Invasive cancer + stroma,0.07696822339850108,0.0775832881068716,9.426535040084302e-05,0.0,0,0,0.6818966240701667,1,2,0.0,0,0,1.9881043290374039,0.009426535040084658,0.009426535040084527,5.751371411569586,True,False,True,False
CTTAGTAGGCCTACAG-1,957,646,ER,CID4290,Invasive cancer + stroma,1,32,102,4323,7191,957,646,4.38871473354232,False,False,False,True,Invasive cancer + stroma,0.10974902085227849,0.0301061527032704,6.0521548847238727e-05,0.0,0,0,2.088102962558937,3,5,0.0,0,0,0.00605215488472401,0.006052154884723695,0.41470584493363893,2.5838051156239534,False,False,False,False
CTAGATGTGAGTGTAA-1,1317,834,ER,CID4290,Invasive cancer + stroma,1,33,103,4418,7245,1317,834,5.315110098709187,False,False,False,True,Invasive cancer + stroma,0.08569587470592194,0.00023197871542434946,0.0033034233796077313,0.0,0,0,1.7715119120338085,3,4,0.0,0,0,0.005799467885630013,0.005799467885545088,0.005799467885629454,0.005799467885630391,False,False,False,False
ACTCCCGAATTCGTTT-1,1063,716,ER,CID4290,Invasive cancer + stroma,1,32,104,4323,7300,1063,716,4.327375352775165,False,False,False,True,Invasive cancer + stroma,0.06688596481664794,0.07736537238862591,3.7153568150413667e-05,0.0,0,0,1.6874611504734824,2,6,0.0,0,0,0.0037153568150421275,0.36546555648227663,2.5520239397970634,4.815332385768209,True,False,True,False
GTTCATCGTTTGGCTG-1,1615,983,ER,CID4290,Invasive cancer + stroma,1,33,105,4418,7355,1615,983,5.510835913312693,False,False,False,True,Invasive cancer + stroma,0.1013688320522293,0.00023247987378934503,0.01127617100420194,0.0,0,0,1.85260054758461,3,7,0.0,0,0,0.0057898000995844755,0.005789800099584165,0.005789800099584146,0.005878587080181716,False,False,False,False
ACTTTACCCTCATGAA-1,1502,899,ER,CID4290,Invasive cancer + stroma,1,32,106,4322,7409,1502,899,5.326231691078561,False,False,False,True,Invasive cancer + stroma,0.13002177238218673,0.0002448503080559687,6.121257690645664e-05,0.0,0,0,3.180111939490529,4,16,0.0,0,0,0.006121257695183752,0.006121257695252087,0.006121257719977918,0.006121257695183114,False,False,False,False
GCGAGAGTTGCGTCCA-1,2659,1351,ER,CID4290,Invasive cancer + stroma,1,33,107,4417,7464,2659,1351,6.430989093644227,False,False,False,True,Invasive cancer + stroma,0.10547075718313854,0.07416686678139893,8.835905707417529e-05,0.0,0,0,1.9590474997507847,3,13,0.0,0,0,2.945980635203748,0.008835905707417598,0.008835905707416802,4.45303423152131,True,False,True,False
GTTCGGGCGTACCATT-1,943,604,ER,CID4290,Invasive cancer + stroma,1,32,108,4322,7518,943,604,4.984093319194061,False,False,False,True,Invasive cancer + stroma,0.0803790913989717,0.0002594738177458913,6.486845433965532e-05,0.0,0,0,1.8385417340887393,3,3,0.0,0,0,0.006486845450269915,0.006486845423779326,0.006486845450269977,0.006486845450269915,False,False,False,False
CGACTTTGTATAGCCT-1,4081,1759,ER,CID4290,Invasive cancer + stroma,1,33,109,4417,7573,4081,1759,7.400147022788532,False,False,False,True,Invasive cancer + stroma,0.10640357683281933,0.002942016822366461,6.382537265218482e-05,0.0,0,0,2.8310676603745173,4,43,0.0,0,0,0.0063825372652182326,0.006382537265218627,0.0063825372652183045,0.27505407044099095,False,False,False,False
GCCATCGATGCTGCAT-1,1995,1074,ER,CID4290,Invasive cancer + stroma,1,32,110,4322,7628,1995,1074,7.268170426065162,False,False,False,True,Invasive cancer + stroma,0.11419225166813508,0.010999843913508361,6.820846149676892e-05,0.0,0,0,2.1906995966520286,4,7,0.0,0,0,0.006820846149675113,1.0795218529018091,0.006820846149675903,0.0068208461496759125,False,False,False,False
GCATTTCCAAGGCTCC-1,3954,1756,ER,CID4290,Invasive cancer + stroma,1,33,111,4417,7682,3954,1756,9.129994941831058,False,False,False,True,Invasive cancer + stroma,0.042134744390492605,0.02299775005697069,0.005242987533515529,0.0,0,0,0.9879216356042266,2,5,0.0,0,0,0.006147094186372906,0.006147094186373398,0.0061470941863734875,2.281333723137949,False,False,False,False
ATGTAAGGCTGCTCTT-1,3508,1528,ER,CID4290,Invasive cancer + stroma,1,32,112,4322,7737,3508,1528,8.95096921322691,False,False,False,True,Invasive cancer + stroma,0.09849806959631367,0.01450216385255476,9.93819253049598e-05,0.0,0,0,2.0688104416137234,3,19,0.0,0,0,0.9395143484408403,0.009938192530463814,0.009938192530478764,0.49082565175369314,False,False,False,False
ACGTTCGCAATCAATT-1,4820,1928,ER,CID4290,Invasive cancer + stroma,1,33,113,4417,7792,4820,1928,8.174273858921161,False,False,False,True,Invasive cancer + stroma,0.05499698071197399,0.02318171033037144,6.58133492105721e-05,0.0,0,0,1.5678033636899869,3,15,0.0,0,0,0.6148402969930675,0.006581334920984039,0.006581334920981649,1.6901680662021108,False,False,False,False
GTGACGAGGGTGACCC-1,6894,2484,ER,CID4290,Invasive cancer + stroma,1,32,114,4322,7846,6894,2484,8.862779228314476,False,False,False,True,Invasive cancer + stroma,0.11828041197843038,0.014665815278513333,9.553375785805643e-05,0.0,0,0,2.8137898478041614,4,47,0.0,0,0,1.4379214004941667,0.009553375785805675,0.009553375785555162,0.009553375785805686,False,False,False,False
ATTATAGCTACTTTAC-1,14940,3811,ER,CID4290,Invasive cancer + stroma,1,33,115,4417,7901,14940,3811,8.23293172690763,False,False,False,True,Invasive cancer + stroma,0.05577798781631885,0.02156857604422675,7.084545406166872e-05,0.0,0,0,1.8040165853228212,4,49,0.0,0,0,2.1356039682055803,0.007084545406096753,0.007084545404901078,0.007084545406096855,False,False,False,False
CGTGTGTTAAACCCTG-1,8413,2811,ER,CID4290,Invasive cancer + stroma,1,32,116,4322,7955,8413,2811,8.28479733745394,False,False,False,True,Invasive cancer + stroma,0.03522622559322159,0.0012823016197627893,6.290548078632844e-05,0.0,0,0,1.3467601497361308,3,14,0.0,0,0,0.1093585177400388,0.006290548078632721,0.006290548078975162,0.006290548078632239,False,False,False,False
TTGGTATGGCTTGTGT-1,5091,2106,ER,CID4290,Invasive cancer + stroma,1,33,117,4417,8010,5091,2106,7.582007464152425,False,False,False,True,Invasive cancer + stroma,0.06249584106559358,0.03276749496634062,6.485388725194905e-05,0.0,0,0,2.0226309152440796,4,18,0.0,0,0,3.2572933304584772,0.0064853887251947896,0.006485388725194917,0.006485388725194927,True,False,True,False
CATTCCCATTCCGTCG-1,3158,1583,ER,CID4290,Stroma,1,32,118,4322,8065,3158,1583,5.25649145028499,False,False,False,True,Stroma,0.08456881994774841,0.0002559417172661657,6.398542931653838e-05,0.0,0,0,1.7594301286379146,3,11,0.0,0,0,0.0063985429316536805,0.006398542931655203,0.0063985429316538375,0.006398542931653847,False,False,False,False
TGCCGAAAGCGTATTC-1,3359,1601,ER,CID4290,Stroma,1,33,119,4417,8119,3359,1601,6.013694551949985,False,False,False,True,Stroma,0.09181635638471373,0.0002491200479950986,6.228001199768272e-05,0.0,0,0,2.1609434895812782,4,15,0.0,0,0,0.006228001199768392,0.006228001200205022,0.006228001199768262,0.0062280011997681815,False,False,False,False
CAACACATCTCCTGCC-1,2302,1237,ER,CID4290,Stroma,1,32,120,4322,8174,2302,1237,5.343179843614249,False,False,False,True,Stroma,0.11069710702767772,0.007452601377098204,6.217310871463769e-05,0.0,0,0,2.526298250424642,4,16,0.0,0,0,0.006217310871463608,0.006217310871460303,0.3425597281213243,0.3902657878455722,False,False,False,False
CTGCCTCATATGCAAC-1,2852,1390,ER,CID4290,Stroma,1,33,121,4417,8229,2852,1390,7.538569424964938,False,False,False,True,Stroma,0.0636753495740024,0.0002435245381295704,6.088113462464959e-05,0.0,0,0,2.7050031591592556,4,19,0.0,0,0,0.006088113462774738,0.006088113462773199,0.006088113424634744,0.00608811346277436,False,False,False,False
TCCCGCCTATGTGCGT-1,1806,1014,ER,CID4290,Stroma,1,32,122,4322,8283,1806,1014,6.699889258028794,False,False,False,True,Stroma,0.09174594002228428,0.0002386035727324429,0.024344329276591498,0.0,0,0,2.253523999764962,3,14,0.0,0,0,0.00596508931831185,0.005965089318310782,0.005965089318310897,0.005965089318310762,False,False,False,False
GGTTACCCGACACTTT-1,2479,1301,ER,CID4290,Stroma,1,33,123,4417,8338,2479,1301,8.511496571198064,False,False,False,True,Stroma,0.06382283725627094,0.0002444943834454702,6.112359585259118e-05,0.0,0,0,2.0024621793829187,4,7,0.0,0,0,0.006112359584833812,0.006112359566300712,0.006112359608578635,0.006112359584833862,False,False,False,False
CCAGCGGGATCACCAG-1,1720,1017,ER,CID4290,Stroma,1,32,124,4322,8392,1720,1017,7.034883720930233,False,False,False,True,Stroma,0.08479003453512797,0.031179824226362597,3.954848318427313e-05,0.0,0,0,2.091288854030736,3,8,0.0,0,0,0.003954848318427028,0.003954848318426789,2.598581953171263,0.5114907728281431,False,False,False,False
ATGTTTCGGCCCGGAG-1,2656,1396,ER,CID4290,Invasive cancer + stroma,1,33,125,4417,8447,2656,1396,8.885542168674698,False,False,False,True,Invasive cancer + stroma,0.10821195357883369,0.031120223981327706,0.010188975281015101,0.0,0,0,2.5436666558358745,4,16,0.0,0,0,3.0838888673141738,0.009377843606199046,0.009377843606198682,0.009377843606198822,False,False,False,False
GCGTCTAACCTCCTAA-1,1776,1060,ER,CID4290,Stroma,1,32,126,4322,8502,1776,1060,10.698198198198199,False,False,False,True,Stroma,0.3820540566924571,0.030387715836478958,0.006953452872431152,0.0,0,0,4.101925368832135,4,67,0.0,0,0,0.8317550750626999,0.005929249934247872,2.1951580087167,0.005929249934247795,False,True,False,False
ATCAGGTAGCTGACAG-1,2054,1127,ER,CID4290,Invasive cancer + stroma,1,33,127,4417,8556,2054,1127,9.88315481986368,False,False,False,True,Invasive cancer + stroma,0.06382572748623816,0.0008420146321691674,0.037288131170701344,0.0,0,0,1.843951213292487,3,8,0.0,0,0,0.06383207990546859,0.006789794437146635,0.006789794437150795,0.006789794437150716,False,False,False,False
GCAGGACTATAGAATA-1,1765,1064,ER,CID4290,Invasive cancer + stroma,1,35,37,4610,3641,1765,1064,7.365439093484419,False,False,False,True,Invasive cancer + stroma,0.1095858417680009,0.0521097059978626,9.277941180473853e-05,0.0,0,0,2.452874416341326,4,8,0.0,0,0,0.009277941180473927,0.009277941180472838,0.009277941180473809,5.183136776244839,True,False,True,False
TACGAGAACTTCACGT-1,2802,1355,ER,CID4290,Invasive cancer + stroma,1,35,39,4610,3750,2802,1355,20.235546038543898,False,False,False,True,Invasive cancer + stroma,0.11045622762482048,0.0414878392004195,0.00010301568576790956,0.0,0,0,2.1890254855685076,4,12,0.0,0,0,0.010301568576791237,4.117879214311577,0.010301568576790827,0.010301568576791249,True,False,True,False
CGTTGTTTCAATTCCC-1,2044,1072,ER,CID4290,Invasive cancer + stroma,1,34,40,4515,3805,2044,1072,13.111545988258316,False,False,False,True,Invasive cancer + stroma,0.08633292665279393,0.01737984739223596,0.00010745701814202496,0.0,0,0,2.0918784779976782,3,10,0.0,0,0,0.010745701814202459,0.010745701814208992,0.01074570181420274,1.7057476337809816,False,False,False,False
GCAAATATTACGCTTT-1,3248,1599,ER,CID4290,Invasive cancer + stroma,1,35,41,4610,3859,3248,1599,13.94704433497537,False,False,False,True,Invasive cancer + stroma,0.08770032782639524,0.028582571482043757,6.649639142209856e-05,0.0,0,0,2.143340733023643,3,20,0.0,0,0,0.006649639147246498,0.006649639147243454,0.006649639147246509,2.8383082307626393,False,False,False,False
ATTGCTGCTCCTCCAT-1,3016,1570,ER,CID4290,Invasive cancer + stroma,1,35,43,4609,3969,3016,1570,14.787798408488065,False,False,False,True,Invasive cancer + stroma,0.059142921847419615,0.04528779921882735,6.610166990852604e-05,0.0,0,0,1.590292100128695,3,8,0.0,0,0,0.7753533702017423,3.7402062176992876,0.006610166990852486,0.006610166990852272,True,False,True,False
GCCGAAATTCCTACGT-1,12719,3979,ER,CID4290,Invasive cancer + stroma,1,35,45,4609,4078,12719,3979,14.482270618759335,False,False,False,True,Invasive cancer + stroma,0.04020860078186524,0.004321419872220044,6.815724130283797e-05,0.0,0,0,1.4376744737131235,4,27,0.0,0,0,0.006815724129298527,0.41169481483596265,0.00681572412744486,0.006815724129298416,False,False,False,False
GGGTCACCGTGACGGT-1,5502,2352,ER,CID4290,Invasive cancer + stroma,1,35,47,4609,4187,5502,2352,13.304252998909488,False,False,False,True,Invasive cancer + stroma,0.06217306838545978,0.002306654484775744,6.404083971240996e-05,0.0,0,0,1.957672408220473,4,16,0.0,0,0,0.006404083971241341,0.00640408397124128,0.21102806599800544,0.0068292145370863165,False,False,False,False
CGTTTCGCTCATTACA-1,6526,2702,ER,CID4290,Invasive cancer + stroma,1,35,49,4609,4296,6526,2702,12.56512411890898,False,False,False,True,Invasive cancer + stroma,0.061702813309771815,0.010242124253768022,6.300931882042701e-05,0.0,0,0,1.9612147994541398,4,20,0.0,0,0,0.006300931882043151,0.006300931882038944,0.006300931882043296,1.005309629730677,False,False,False,False
ATAAAGGCTCGGTCGT-1,4202,1903,ER,CID4290,Invasive cancer + stroma,1,34,50,4514,4351,4202,1903,15.302237029985722,False,False,False,True,Invasive cancer + stroma,0.046995839123486115,0.00026849401677028864,0.005350759216841218,0.0,0,0,1.8615113254197613,4,11,0.0,0,0,0.006712350419257208,0.006712350419257296,0.006712350419257296,0.0067123504192570654,False,False,False,False
CACTAAAGTTGCCTAT-1,2359,1394,ER,CID4290,Invasive cancer + stroma,1,35,51,4609,4405,2359,1394,7.333615938957186,False,False,False,True,Invasive cancer + stroma,0.13760306057391594,0.00025605186234149317,6.368604510501407e-05,0.0,0,0,2.6938180873966497,4,18,0.0,0,0,0.0063686045105409705,0.006368604510538812,0.0063686045105409705,0.006499372702528561,False,False,False,False
GTGCTCAAGTACTGTC-1,3600,1902,ER,CID4290,Invasive cancer + stroma,1,34,52,4514,4460,3600,1902,8.305555555555555,False,False,False,True,Invasive cancer + stroma,0.11919627445187082,0.0003777168803581595,9.442922009017457e-05,0.0,0,0,2.827880527189468,4,25,0.0,0,0,0.009442922009018922,0.009442922008752005,0.009442922009026149,0.009442922009018868,False,False,False,False
CCATGCCTGTTTAGTA-1,2607,1516,ER,CID4290,Invasive cancer + stroma,1,35,53,4609,4515,2607,1516,5.408515535097814,False,False,False,True,Invasive cancer + stroma,0.12669326248187987,0.029457878412352523,5.598384311792207e-05,0.0,0,0,2.6478861442836834,4,20,0.0,0,0,1.3085955190452134,0.005598384311790411,0.005598384311791588,1.6259955535664568,False,False,False,False
TCTAGTTATCAGAAGA-1,4210,1975,ER,CID4290,Invasive cancer + stroma,1,34,54,4514,4569,4210,1975,10.878859857482185,False,False,False,True,Invasive cancer + stroma,0.11366770202706503,0.013637408104044398,6.525761209143044e-05,0.0,0,0,1.90364760472276,3,17,0.0,0,0,0.006525761209143118,1.34416352677701,0.00652576120914366,0.0065257612091430646,False,False,False,False
TTGTAATCCGTACTCG-1,4409,2191,ER,CID4290,Invasive cancer + stroma,1,35,55,4609,4624,4409,2191,8.165116806532094,False,False,False,True,Invasive cancer + stroma,0.0787287812425154,0.02476839848906452,5.9877849053608666e-05,0.0,0,0,1.9450658910895902,3,24,0.0,0,0,0.005987784905360642,0.005987784905360729,0.005987784905360847,2.4588764941903696,False,False,False,False
TCCCAGCTTTAGTCTG-1,3964,1934,ER,CID4290,Invasive cancer + stroma,1,34,56,4514,4679,3964,1934,9.510595358224016,False,False,False,True,Invasive cancer + stroma,0.13083667137865074,0.003943375430737034,6.229184659787987e-05,0.0,0,0,2.5235242267295557,4,24,0.0,0,0,0.006229184667871063,0.006229184667879964,0.006229184667870738,0.3756499890700817,False,False,False,False
CTACGCACGGAGTACC-1,6552,2731,ER,CID4290,Invasive cancer + stroma,1,35,57,4609,4733,6552,2731,10.576923076923077,False,False,False,True,Invasive cancer + stroma,0.07547489990191535,0.0002719906997509468,6.799767492182002e-05,0.0,0,0,2.1960022411941065,4,29,0.0,0,0,0.006799767493981155,0.006799767493980689,0.006799767493151505,0.0067997674939813315,False,False,False,False
AAATTAACGGGTAGCT-1,6366,2865,ER,CID4290,Invasive cancer + stroma,1,34,58,4514,4788,6366,2865,9.17373546968269,False,False,False,True,Invasive cancer + stroma,0.09057625108327583,0.012343496049040005,0.00010051292431019608,0.15737244720754814,1,1,1.9216757938512667,3,30,0.0,0,0,1.20419572761196,0.01005129243102065,0.010051292429999999,0.010051292431020055,False,False,False,False
CGGCCACGCACAAAGT-1,4153,2124,ER,CID4290,Invasive cancer + stroma,1,35,59,4609,4842,4153,2124,5.2732964122321215,False,False,False,True,Invasive cancer + stroma,0.10375579452190786,0.00023104578731915313,5.7761446612865313e-05,0.0,0,0,2.6874444067309575,4,27,0.0,0,0,0.005776144682978807,0.0057761446829790895,0.005776144682978873,0.005776144682978544,False,False,False,False
GAAGCGTGAGGAATTT-1,3240,1725,ER,CID4290,Invasive cancer + stroma,1,34,60,4514,4897,3240,1725,6.481481481481481,False,False,False,True,Invasive cancer + stroma,0.15948589814131986,0.0168376995092126,0.0008314331839376128,0.0,0,0,2.931824279400201,4,30,0.0,0,0,1.6565024970948794,0.009089151275460089,0.009089151275460491,0.009089151275459766,False,False,False,False
ATATCTTAGGGCCTTC-1,2546,1467,ER,CID4290,Invasive cancer + stroma,1,35,61,4609,4952,2546,1467,3.8491751767478397,False,False,False,True,Invasive cancer + stroma,0.11154574951432397,0.01076905939618779,8.563631558982267e-05,0.0,0,0,2.418435218103655,4,13,0.5316261298464456,1,1,0.00856363155898214,0.008563631558983254,1.0512150449418314,0.008563631558982258,False,False,False,False
ACGCGGGCCAAGGACA-1,3973,1972,ER,CID4290,Invasive cancer + stroma,1,34,62,4514,5006,3973,1972,5.386357915932544,False,False,False,True,Invasive cancer + stroma,0.15222657527509983,0.014439241186728359,5.953536874493256e-05,0.0,0,0,2.9956651675767594,4,40,0.0,0,0,1.4260635080493749,0.005953536874485982,0.005953536874487417,0.005953536874487486,False,False,False,False
GCGAGTTCTGCAAAGA-1,3560,1867,ER,CID4290,Invasive cancer + stroma,1,35,63,4609,5061,3560,1867,4.522471910112359,False,False,False,True,Invasive cancer + stroma,0.1214735511433923,0.00023026661966969722,5.7074180589092186e-05,0.0,0,0,2.93937254996579,4,30,0.0,0,0,0.005707418058909087,0.005707418058909022,0.005707418058909432,0.005904407790242181,False,False,False,False
TATTCGTGCCAGAATA-1,4637,2111,ER,CID4290,Invasive cancer + stroma,1,34,64,4514,5115,4637,2111,6.750053914168644,False,False,False,True,Invasive cancer + stroma,0.1568676309376645,0.00024899755140459406,6.224938785117885e-05,0.0,0,0,3.1378565241402883,4,45,0.0,0,0,0.0062249387851148405,0.0062249387851148405,0.0062249387851148925,0.006224938785114831,False,False,False,False
AGGGCTGCAGTTACAG-1,3053,1639,ER,CID4290,Invasive cancer + stroma,1,35,65,4609,5170,3053,1639,5.306256141500164,False,False,False,True,Invasive cancer + stroma,0.14339457936519656,0.01002546618358345,6.191580074604223e-05,0.0,0,0,2.904048125654835,4,29,0.0,0,0,0.006191580074604223,0.0061915800746045364,0.3148651907175601,0.6752982674915763,False,False,False,False
CTAGCATAGTATAATG-1,5337,2369,ER,CID4290,Invasive cancer + stroma,1,34,66,4514,5225,5337,2369,7.476110174255199,False,False,False,True,Invasive cancer + stroma,0.10685720939508558,0.0002449490812188862,6.123727039978233e-05,0.0,0,0,2.561332989747448,4,30,0.0,0,0,0.006123727030471356,0.006123727030475226,0.006123727030470497,0.006123727030471544,False,False,False,False
TAGGTTCGAGTTCGTC-1,2530,1414,ER,CID4290,Invasive cancer + stroma,1,35,67,4609,5279,2530,1414,5.256916996047431,False,False,False,True,Invasive cancer + stroma,0.13101863997012722,0.00023207858365240333,5.801964585016677e-05,0.0,0,0,2.196696290744071,3,19,0.0,0,0,0.005801964591310442,0.005801964591309592,0.0058019645913102436,0.0058019645913100545,False,False,False,False
GAATTATAGTGAAAGG-1,5327,2454,ER,CID4290,Invasive cancer + stroma,1,34,68,4514,5334,5327,2454,6.53275764970903,False,False,False,True,Invasive cancer + stroma,0.19367705055031617,0.035236648867034835,9.372770404767944e-05,0.0,0,0,3.025878182758853,4,52,0.0,0,0,1.9955100237928836,0.009372770404767774,0.009372770404767859,1.5094093221010645,True,False,True,False
GCGCTAATTGAATAGA-1,5510,2464,ER,CID4290,Invasive cancer + stroma,1,34,70,4514,5443,5510,2464,7.531760435571688,False,False,False,True,Invasive cancer + stroma,0.11499152793321972,0.025308351005171703,4.0638933298665876e-05,0.0,0,0,2.6761415311088053,4,45,0.0,0,0,2.5186434205275736,0.004063893329865131,0.004063893329865481,0.004063893329865595,False,False,False,False
ATGCGACAGTCCCATT-1,4370,2059,ER,CID4290,Invasive cancer + stroma,1,35,71,4609,5498,4370,2059,6.498855835240275,False,False,False,True,Invasive cancer + stroma,0.12517578345609753,0.021829341439605042,0.015130352249444153,0.0,0,0,2.53620838638356,4,31,0.0,0,0,0.008952209780395178,0.13367485527124673,0.008952209780395556,2.0313548691284664,False,False,False,False
GGTAGTGCTCGCACCA-1,4151,2022,ER,CID4290,Invasive cancer + stroma,1,34,72,4514,5552,4151,2022,6.094916887496988,False,False,False,True,Invasive cancer + stroma,0.14330229013513707,0.02428165618498507,5.962066008839156e-05,0.0,0,0,2.897457562687753,4,41,0.0,0,0,0.005962066008838253,0.005962066008839233,0.005962066008838194,2.4102794204719915,False,False,False,False
AAGCTCGTGCCAAGTC-1,2377,1345,ER,CID4290,Invasive cancer + stroma,1,35,73,4609,5607,2377,1345,5.973916701724864,False,False,False,True,Invasive cancer + stroma,0.15064545140606467,0.027669894661572495,9.225529595349271e-05,0.2750001205299714,1,1,2.94681390205574,4,24,0.0,0,0,0.009225529595349535,0.009225529595350009,0.009225529595349368,2.7393128773712005,False,False,False,False
TATTCAATTCTAATCC-1,4128,1929,ER,CID4290,Invasive cancer + stroma,1,34,74,4514,5662,4128,1929,11.26453488372093,False,False,False,True,Invasive cancer + stroma,0.1108915488257809,0.011871244377690458,9.415402518279222e-05,0.0,0,0,2.441492448854007,4,19,0.0,0,0,0.009415402552678299,0.009415402552675346,0.009415402552667389,1.1588782301110248,False,False,False,False
TTCAAAGTCTCTAGCC-1,2688,1466,ER,CID4290,Invasive cancer + stroma,1,35,75,4609,5716,2688,1466,7.8125,False,False,False,True,Invasive cancer + stroma,0.12764098053427225,0.009600892296004322,5.792395343326813e-05,0.0,0,0,2.2239060789691676,3,19,0.0,0,0,0.10104370561001927,0.005792395343391202,0.0057923953433245195,0.8474607333036972,False,False,False,False
TTGAATATGGACTTTC-1,3923,1906,ER,CID4290,Invasive cancer + stroma,1,34,76,4513,5771,3923,1906,6.015804231455519,False,False,False,True,Invasive cancer + stroma,0.15305499601117206,0.004778652902064209,9.035179545468873e-05,0.0,0,0,2.394000888329489,3,32,0.0,0,0,0.2240709906635666,0.009035179551941308,0.0090351795454681,0.23572394044544498,False,False,False,False
AAGAGCTCTTTATCGG-1,3029,1596,ER,CID4290,Invasive cancer + stroma,1,35,77,4608,5826,3029,1596,5.150214592274678,False,False,False,True,Invasive cancer + stroma,0.1192698601821595,0.03380709366484677,5.923137264961284e-05,0.4863150367252314,2,2,2.125758935385576,3,21,0.0,0,0,2.736853282340707,0.6320098096140474,0.005923137264961226,0.005923137264961313,True,False,False,False
TTACTCCGGCCGGGAA-1,9370,3051,ER,CID4290,Invasive cancer + stroma,1,34,78,4513,5880,9370,3051,7.449306296691568,False,False,False,True,Invasive cancer + stroma,0.09955890000253426,0.006385246943174248,9.351390677582276e-05,0.0,0,0,1.9737918324063677,4,28,0.0,0,0,0.00935139067727421,0.009351390677274274,0.009351390675712102,0.6104705222871641,False,False,False,False
AAACGAGACGGTTGAT-1,7745,2899,ER,CID4290,Invasive cancer + stroma,1,35,79,4608,5935,7745,2899,7.295029051000645,False,False,False,True,Invasive cancer + stroma,0.1581286765076546,0.01198078825456849,8.738016156683681e-05,0.0,0,0,2.992017210124027,4,70,0.0,0,0,0.008738016156700223,0.00873801615670128,0.008738016155422065,1.1718647769880255,False,False,False,False
GCTAAGTAGTTTCTCT-1,7929,2789,ER,CID4290,Invasive cancer + stroma,1,34,80,4513,5989,7929,2789,5.486189935679152,False,False,False,True,Invasive cancer + stroma,0.1261626338426073,0.005202954986097746,9.532075512146057e-05,0.0,0,0,2.946594984332478,4,78,0.0,0,0,0.009532075511925824,0.2011092723678353,0.009532075511308167,0.3001220752187053,False,False,False,False
ATAACGCCGGAGGGTC-1,12741,3599,ER,CID4290,Invasive cancer + stroma,1,35,81,4608,6044,12741,3599,8.374538890197002,False,False,False,True,Invasive cancer + stroma,0.07747013838432364,0.004753744789625472,7.03324818050835e-05,0.0,0,0,2.1313083030384403,4,45,0.0,0,0,0.4542747344252195,0.007033248180266857,0.007033248176794261,0.007033248180266535,False,False,False,False
GGATCCGGAATATACT-1,17161,4630,ER,CID4290,Invasive cancer + stroma,1,34,82,4513,6099,17161,4630,5.314375619136414,False,False,False,True,Invasive cancer + stroma,0.12417175106498358,0.004061250741978493,0.00022691268322463817,0.0,0,0,2.642548200964094,4,113,0.0,0,0,0.009071121052639295,0.009071121053597173,0.009071121053119005,0.37891171103849386,False,False,False,False
TGAAAGGACCTGACTC-1,11868,3661,ER,CID4290,Invasive cancer + stroma,1,35,83,4608,6153,11868,3661,6.681833501853725,False,False,False,True,Invasive cancer + stroma,0.1169374541038622,0.00027132113841340296,6.783028458565641e-05,0.0,0,0,2.4215533415476527,4,60,0.0,0,0,0.006783028459474,0.006783028459473922,0.006783028462918389,0.006783028459473988,False,False,False,False
TCCGCGGCAGCATCTG-1,23838,5261,ER,CID4290,Invasive cancer + stroma,1,34,84,4513,6208,23838,5261,4.488631596610454,False,False,False,True,Invasive cancer + stroma,0.08056284640814132,0.009708153484664417,0.00010317407952043735,0.05838391421268129,1,1,2.4343622070884736,4,120,0.0,0,0,0.010317407958858153,0.5862217971239861,0.010317407947988232,0.3639587354356091,False,False,False,False
TGCATATGTCTGTCAC-1,17914,4651,ER,CID4290,Invasive cancer + stroma,1,35,85,4608,6262,17914,4651,6.268840013397344,False,False,False,True,Invasive cancer + stroma,0.12506558413110355,0.0035941332208302107,0.005176502259349006,0.0,0,0,2.7290441315784717,4,120,0.147848608344483,1,1,0.009991000111506786,0.009991000111435878,0.3294403217485717,0.009991000111506705,False,False,False,False
TGTAGGAGAAATTTCC-1,27255,5839,ER,CID4290,Invasive cancer + stroma,1,34,86,4513,6317,27255,5839,5.0339387268391125,False,False,False,True,Invasive cancer + stroma,0.08968539043390385,0.023409574885024247,9.495415735506379e-05,0.0,0,0,2.246053767072056,4,108,0.0,0,0,0.10526428297225174,0.009495415741265,0.009495415737853133,2.2167023740510547,False,False,False,False
AGTGAGACTTCCAGTA-1,17171,4416,ER,CID4290,Invasive cancer + stroma,1,35,87,4608,6372,17171,4416,4.3969483431366845,False,False,False,True,Invasive cancer + stroma,0.11961239850510307,0.0017797350876077025,9.588357899598836e-05,0.0,0,0,2.775859129637948,4,116,0.0,0,0,0.009588357899690593,0.1492084350601918,0.009588357901197032,0.009588357899690814,False,False,False,False
CCCAAACATGCTGCTC-1,13471,3684,ER,CID4290,Invasive cancer + stroma,1,34,88,4513,6426,13471,3684,5.43389503377626,False,False,False,True,Invasive cancer + stroma,0.17936592943378282,0.002146905676791685,0.00010002123131609945,0.0,0,0,2.9683374389284967,4,139,0.0,0,0,0.1846841982883767,0.010002123129447526,0.010002123129956781,0.010002123131387474,False,False,False,False
GCTTATGAAGCAGGAA-1,7942,2878,ER,CID4290,Invasive cancer + stroma,1,35,89,4608,6481,7942,2878,4.343993956182322,False,False,False,True,Invasive cancer + stroma,0.21212116343738105,0.021177511677642192,8.789396632213873e-05,0.0,0,0,3.0672258786179274,4,113,0.0,0,0,0.008789396632213321,0.847654926951096,0.008789396632213713,1.252517447548696,False,True,False,False
TTCTAACCGAAGCTTA-1,2301,1388,ER,CID4290,Invasive cancer + stroma,1,34,90,4513,6535,2301,1388,2.5206431986093003,False,False,False,True,Invasive cancer + stroma,0.08018070544167369,0.021884770751861002,5.9620699440953725e-05,0.0,0,0,2.5487419547194157,4,13,0.0,0,0,0.005962069944103561,0.005962069944104075,0.005962069944104153,2.1705908653537884,False,False,False,False
GGATGTCCTTACCGCA-1,24279,5357,ER,CID4290,Invasive cancer + stroma,1,35,91,4608,6590,24279,5357,4.818979364883233,False,False,False,True,Invasive cancer + stroma,0.08871515050174957,0.012131956361524197,9.551867759159518e-05,0.0,0,0,2.3245722412213934,4,115,0.0,0,0,0.009551867761940658,0.009551867760422439,0.23143501664972,0.9626568839803366,False,False,False,False
AGGGTGCTCTCGAGGG-1,4145,2022,ER,CID4290,Invasive cancer + stroma,1,34,92,4513,6645,4145,2022,3.667068757539204,False,False,False,True,Invasive cancer + stroma,0.20663428931183558,0.042117582139904464,5.8398097826628246e-05,0.20457640269437868,1,1,3.4284470439548866,4,75,0.0,0,0,0.005839809782662881,0.005839809782662671,0.005839809782662853,4.194238784642458,True,True,False,False
AACTCTCAATAGAGCG-1,20731,4981,ER,CID4290,Invasive cancer + stroma,1,35,93,4608,6699,20731,4981,4.693454247262554,False,False,False,True,Invasive cancer + stroma,0.20305952607963246,0.004682128880223901,9.17074370818354e-05,0.0,0,0,3.494426949240123,4,311,0.0,0,0,0.009170743707910437,0.009170743707234731,0.009170743703085378,0.44070065690415955,False,True,False,False
TCTGAATTCCGTACAA-1,13608,4168,ER,CID4290,Invasive cancer + stroma,1,34,94,4513,6754,13608,4168,5.592298647854204,False,False,False,True,Invasive cancer + stroma,0.12946859356916432,0.023079253421793757,6.091465842937706e-05,0.0,0,0,3.0007302145225894,4,112,0.0,0,0,0.006091465842844645,0.006091465842844685,0.006091465841787577,2.289650944651899,False,False,False,False
GCGTGGTACTGGGTTA-1,24143,5565,ER,CID4290,Invasive cancer + stroma,1,35,95,4608,6809,24143,5565,5.902331938864267,False,False,False,True,Invasive cancer + stroma,0.0504783002073485,0.0268740056300933,6.42020234503458e-05,0.0,0,0,2.0618392470463913,4,80,0.0,0,0,0.006420202346725229,0.006420202345381119,0.006420202348617136,2.6681399559686065,False,False,False,False
CGTCGGATAGTGTTGA-1,9552,3213,ER,CID4290,Invasive cancer + stroma,1,34,96,4513,6863,9552,3213,6.972361809045226,False,False,False,True,Invasive cancer + stroma,0.08348647640786648,0.04538974425149293,8.852597007002824e-05,0.0,0,0,2.596304260695863,4,51,0.0,0,0,2.8831512341989747,0.008852597006996574,0.17915746731405663,1.4678131266292653,True,False,True,False
ATATGTCTCCCTAGCC-1,6569,2529,ER,CID4290,Invasive cancer + stroma,1,35,97,4608,6918,6569,2529,6.896026792510275,False,False,False,True,Invasive cancer + stroma,0.14087276680893726,0.034429414975636397,9.455024319848181e-05,0.0,0,0,3.15234921421614,4,70,0.0,0,0,0.009455024319847847,0.45088769285028885,0.009455024320112249,2.973143756073391,True,False,True,False
TCTTTAAGACTATGAA-1,3352,1665,ER,CID4290,Invasive cancer + stroma,1,34,98,4513,6972,3352,1665,5.817422434367542,False,False,False,True,Invasive cancer + stroma,0.08531386782161415,0.00024108858507604206,6.027214583313896e-05,0.0,0,0,2.209474022833169,3,20,0.0,0,0,0.0060272146295659084,0.0060272146189041835,0.006027214629567745,0.00602721462956637,False,False,False,False
TCATTTAAGTCTCCGA-1,1394,859,ER,CID4290,Invasive cancer + stroma,1,35,99,4608,7027,1394,859,5.164992826398852,False,False,False,True,Invasive cancer + stroma,0.0973299486692495,0.041158753370786186,8.932088876582717e-05,0.3501515981199786,1,1,2.2748030852412975,3,10,0.0,0,0,3.0875337304729342,0.008932088876580997,0.008932088876583288,1.0104774288525202,True,False,False,False
GATATTGAGATTGGCG-1,1721,1008,ER,CID4290,Invasive cancer + stroma,1,34,100,4513,7082,1721,1008,6.042998256827426,False,False,False,True,Invasive cancer + stroma,0.08280706038869616,0.06943559473236033,5.982834638626845e-05,0.0,0,0,2.774450521054434,4,13,0.0,0,0,5.881786034765469,0.005982834638625129,0.005982834638626377,1.0498077691933128,True,False,True,False
TGACATCGAGCGGACC-1,1498,917,ER,CID4290,Invasive cancer + stroma,1,35,101,4608,7136,1498,917,5.07343124165554,False,False,False,True,Invasive cancer + stroma,0.13009578258854926,0.022689781447090825,6.221127959224374e-05,0.0,0,0,2.599084630486863,3,14,0.0,0,0,2.250314760810829,0.006221127966084498,0.0062211279660848535,0.006221127966084356,False,False,False,False
GCGTAAATGGCCATAA-1,1565,945,ER,CID4290,Invasive cancer + stroma,1,34,102,4513,7191,1565,945,5.559105431309904,False,False,False,True,Invasive cancer + stroma,0.057305371597669616,0.012749778950158606,5.876506171808277e-05,0.0,0,0,1.9756639801974778,3,7,0.0,0,0,0.005876506171809339,0.005876506171808996,1.2573483765004327,0.005876506171809599,False,False,False,False
ATTGTACAACTCGGCT-1,2173,1268,ER,CID4290,Invasive cancer + stroma,1,35,103,4608,7246,2173,1268,4.325816843074091,False,False,False,True,Invasive cancer + stroma,0.11208720782452752,0.01926869595090519,8.910374705877449e-05,0.0,0,0,2.213758792561021,3,13,0.0,0,0,1.8099540977924446,0.008910374705879024,0.09909474788631575,0.008910374705879714,False,False,False,False
TACGCTATAGAAACCT-1,2231,1243,ER,CID4290,Invasive cancer + stroma,1,34,104,4513,7300,2231,1243,5.513222770058269,False,False,False,True,Invasive cancer + stroma,0.08479676393184908,0.02059390858712295,3.9269719289960574e-05,0.0,0,0,2.191102428212951,3,12,0.0,0,0,2.0476099429252903,0.003926971929005079,0.003926971928999613,0.0039269719289997135,False,False,False,False
CACCCAAATCTTATGT-1,2911,1535,ER,CID4290,Invasive cancer + stroma,1,35,105,4608,7355,2911,1535,6.389556853315012,False,False,False,True,Invasive cancer + stroma,0.07673042775992152,0.008749181013251391,6.101749765121875e-05,0.0,0,0,1.703751968013252,3,9,0.0,0,0,0.006101749767874065,0.0061017497678749495,0.0061017497678749685,0.8566128520215152,False,False,False,False
AGATGATGGAGTCTGG-1,3457,1651,ER,CID4290,Invasive cancer + stroma,1,34,106,4513,7409,3457,1651,7.405264680358692,False,False,False,True,Invasive cancer + stroma,0.07974932315350183,0.00024403060133481891,6.1007650345065216e-05,0.0,0,0,2.325220446589104,4,20,0.0,0,0,0.00610076503337047,0.006100765033370381,0.0061007650333705496,0.006100765033370491,False,False,False,False
CCACGGTGCCCGGTAG-1,6659,2595,ER,CID4290,Invasive cancer + stroma,1,35,107,4608,7464,6659,2595,9.13050007508635,False,False,False,True,Invasive cancer + stroma,0.05263525222112038,0.00026068791719826396,6.517197930501468e-05,0.0,0,0,1.4890332372518222,3,16,0.0,0,0,0.0065171979303789785,0.006517197930379126,0.006517197928689088,0.0065171979303792005,False,False,False,False
TCAAGAAATACTAGCT-1,5775,2379,ER,CID4290,Invasive cancer + stroma,1,34,108,4512,7519,5775,2379,8.155844155844155,False,False,False,True,Invasive cancer + stroma,0.07811080772531327,0.029129246576253234,6.15119744813893e-05,0.0,0,0,1.6410442509017105,3,17,0.0,0,0,0.006151197448153844,0.006151197448153613,0.006151197448153883,2.8944710652808623,False,False,False,False
AGGTATAATTGATAGT-1,5986,2395,ER,CID4290,Invasive cancer + stroma,1,35,109,4607,7573,5986,2395,8.11894420314066,False,False,False,True,Invasive cancer + stroma,0.09525799886888624,0.0030065415465432826,6.1927249231133e-05,0.0,0,0,1.8592501943421027,3,25,0.0,0,0,0.28207597988394767,0.006192724924154492,0.006192724923113106,0.006192724923113017,False,False,False,False
CAAGGTCCTATAGGCT-1,3619,1694,ER,CID4290,Invasive cancer + stroma,1,34,110,4512,7628,3619,1694,6.797457861287648,False,False,False,True,Invasive cancer + stroma,0.10158010685210948,0.00726883311848657,6.493202977944503e-05,0.0,0,0,2.0283566463382403,3,21,0.0,0,0,0.006493202977945064,0.7074037029148218,0.006493202977945064,0.006493202977945064,False,False,False,False
CCGGCACGACCGTTTC-1,8949,3042,ER,CID4290,Invasive cancer + stroma,1,35,111,4607,7682,8949,3042,9.375349201028047,False,False,False,True,Invasive cancer + stroma,0.07174919648592541,0.0011794523847424563,6.659977832929978e-05,0.0,0,0,1.597394553091355,3,24,0.0,0,0,0.09796530497615909,0.006659977832927068,0.006659977832229328,0.0066599778329301295,False,False,False,False
ACCTCCGTTATTCACC-1,4087,1938,ER,CID4290,Invasive cancer + stroma,1,34,112,4512,7737,4087,1938,6.826523122094446,False,False,False,True,Invasive cancer + stroma,0.10512181761000683,0.0039132422100214516,6.284514783345011e-05,0.0,0,0,2.1410957098896777,3,27,0.0,0,0,0.006284514783343199,0.37247067665210865,0.0062845147833464135,0.006284514783346906,False,False,False,False
GCAGCCTATATCACAT-1,5513,2353,ER,CID4290,Invasive cancer + stroma,1,35,113,4607,7792,5513,2353,7.328133502630147,False,False,False,True,Invasive cancer + stroma,0.05253944195203169,0.02461710842372344,6.0030623770267466e-05,0.17242824041244123,1,1,1.7134467073806756,4,13,0.0,0,0,0.0060030623770106675,0.006003062377011499,0.006003062377010872,2.443701655241311,False,False,False,False
GGTATAGTGACACATA-1,6619,2543,ER,CID4290,Invasive cancer + stroma,1,34,114,4512,7846,6619,2543,7.992143828372866,False,False,False,True,Invasive cancer + stroma,0.060879006000159885,0.007380067650598563,0.007966541737073637,0.0,0,0,2.0698776472838762,4,25,0.0,0,0,0.006138709015122618,0.006138709015122357,0.006138709015122578,0.7195906380144887,False,False,False,False
AAATTCCAGGTCCAAA-1,9689,3219,ER,CID4290,Invasive cancer + stroma,1,35,115,4607,7901,9689,3219,8.11229229022603,False,False,False,True,Invasive cancer + stroma,0.07680108763054902,0.004960885185804911,6.617651032799954e-05,0.0,0,0,2.251380836301716,4,39,0.0,0,0,0.4762355654836914,0.006617651032659081,0.006617651031481764,0.006617651032658844,False,False,False,False
TCTTTAGCAGGCGAAC-1,6823,2419,ER,CID4290,Invasive cancer + stroma,1,34,116,4512,7956,6823,2419,10.12750989300894,False,False,False,True,Invasive cancer + stroma,0.0647716199679879,0.03021600009098394,6.962164290848187e-05,0.0,0,0,2.101365114836882,4,25,0.0,0,0,3.0007135162237923,0.006962164290848719,0.0069621642929049736,0.006962164290848164,False,False,False,False
TATTGACATTTCTGCC-1,11937,3562,ER,CID4290,Invasive cancer + stroma,1,35,117,4607,8010,11937,3562,10.044399765435202,False,False,False,True,Invasive cancer + stroma,0.059944200791104345,0.017556120697820057,0.00010205564753716505,0.0,0,0,1.9476291436068474,4,35,0.0,0,0,0.36168769394585,0.010205564753779846,0.32543352671787984,1.058285284364496,False,False,False,False
TCTGATCGGGTGCTAG-1,5572,2071,ER,CID4290,Invasive cancer + stroma,1,34,118,4512,8065,5572,2071,10.714285714285714,False,False,False,True,Invasive cancer + stroma,0.0513820388458543,0.014571908084558832,9.350565300112464e-05,0.0,0,0,1.8975990886655767,4,15,0.0,0,0,0.009350565300006764,0.009350565300006348,0.009350565299908643,1.4291391125559614,False,False,False,False
GGCCCGGAGCATGTCT-1,19317,4646,ER,CID4290,Invasive cancer + stroma,1,35,119,4607,8119,19317,4646,9.913547652326967,False,False,False,True,Invasive cancer + stroma,0.04987155794152171,0.00028676438869531786,7.169109718131214e-05,0.0,0,0,1.6096077228157464,4,34,0.0,0,0,0.007169109718129954,0.007169109715490674,0.007169109717781371,0.007169109718129788,False,False,False,False
GGGCGCAGCGTTACTC-1,5576,2223,ER,CID4290,Stroma,1,34,120,4512,8174,5576,2223,8.142037302725969,False,False,False,True,Stroma,0.06930631616097166,0.0002590770064006393,0.002433414320220872,0.0,0,0,1.6905239692379586,4,13,0.0,0,0,0.0064769251600159325,0.006476925160016017,0.006476925160016007,0.006476925160015975,False,False,False,False
TTGGCGATCCGAATAT-1,7341,2731,ER,CID4290,Invasive cancer + stroma,1,35,121,4607,8229,7341,2731,7.710121236888708,False,False,False,True,Invasive cancer + stroma,0.042346529995213565,0.01112132425926079,6.764627975206851e-05,0.0,0,0,1.4498482446009704,4,12,0.0,0,0,1.0918385420002537,0.0067646279752018815,0.006764627975421245,0.006764627975202223,False,False,False,False
CCACGTAAATTAGACT-1,5627,2286,ER,CID4290,Invasive cancer + stroma,1,34,122,4512,8283,5627,2286,8.08601386173805,False,False,False,True,Invasive cancer + stroma,0.06960739259650721,0.01343104191899519,6.61495631374397e-05,0.0,0,0,2.4706645007078434,4,32,0.0,0,0,1.3232593229639857,0.00661495631183114,0.006614956311871026,0.006614956311831183,False,False,False,False
TCTGATTGGAAATGGA-1,4653,2068,ER,CID4290,Invasive cancer + stroma,1,35,123,4607,8338,4653,2068,6.597893831936386,False,False,False,True,Invasive cancer + stroma,0.0585109507387555,0.0009605713248744659,0.004723889894414881,0.0,0,0,1.4207826705747781,3,8,0.0,0,0,0.0064571477560385,0.006457147756038151,0.006457147756038719,0.07668568921933122,False,False,False,False
ATGGCGGAATAGTCGC-1,4933,2089,ER,CID4290,Invasive cancer + stroma,1,34,124,4512,8392,4933,2089,8.574903709710116,False,False,False,True,Invasive cancer + stroma,0.057854655436508556,0.020663407986114136,6.411525074628453e-05,0.0,0,0,1.6688463655611412,3,14,0.0,0,0,0.00641152507462771,0.006411525074627584,0.006411525074627408,2.047106223387531,False,False,False,False
ATCGCTTTACGTCTCA-1,3586,1672,ER,CID4290,Invasive cancer + stroma,1,35,125,4607,8447,3586,1672,8.087005019520358,False,False,False,True,Invasive cancer + stroma,0.09491568976319811,0.0067911153217294256,6.234910337698427e-05,0.0,0,0,2.4949391262772935,4,21,0.0,0,0,0.006234910337695673,0.006234910337685556,0.006234910337695776,0.6604068011598655,False,False,False,False
TACGTGCAAGGTTCCT-1,3239,1626,ER,CID4290,Invasive cancer + stroma,1,34,126,4512,8502,3239,1626,9.694350108058043,False,False,False,True,Invasive cancer + stroma,0.09629330932926239,0.03274813941239781,6.196676559964538e-05,0.0,0,0,2.3338536911146432,4,14,0.0,0,0,0.0061966765599645686,2.963102027435198,0.2370420835053863,0.06847315373923264,True,False,True,False
GATCTTTGCAGGGTAT-1,1940,1136,ER,CID4290,Invasive cancer + stroma,1,36,38,4705,3696,1940,1136,7.783505154639175,False,False,False,True,Invasive cancer + stroma,0.12582235610808626,0.005369672194171275,6.028520963312693e-05,0.0,0,0,2.81838253721598,4,16,0.0,0,0,0.5188816564911672,0.006028520965182882,0.006028520995593865,0.006028520965183452,False,False,False,False
GGGTACTTCATGAACT-1,4613,2211,ER,CID4290,Invasive cancer + stroma,1,37,39,4800,3750,4613,2211,8.215911554303057,False,False,False,True,Invasive cancer + stroma,0.09935634586867634,0.000253705128698619,6.342628218278004e-05,0.0,0,0,2.084166303670762,4,20,0.0,0,0,0.006342628217465193,0.006342628217466205,0.006342628217465193,0.006342628217465308,False,False,False,False
GCCGCTTGTGAGAAAC-1,5661,2413,ER,CID4290,Invasive cancer + stroma,1,36,40,4705,3805,5661,2413,11.46440558205264,False,False,False,True,Invasive cancer + stroma,0.049238202267237116,0.00024950047299411316,6.237511825078822e-05,0.0,0,0,1.8283151761420562,4,17,0.0,0,0,0.006237511824975501,0.006237511824975716,0.006237511824484903,0.006237511824975198,False,False,False,False
CCTGTAAGACATGATA-1,4178,1955,ER,CID4290,Invasive cancer + stroma,1,37,41,4800,3859,4178,1955,11.823839157491623,False,False,False,True,Invasive cancer + stroma,0.08519357166357758,0.05095842542988681,5.9312605473337284e-05,0.0,0,0,1.851604930615691,3,19,0.0,0,0,5.078048761346681,0.005931260547332976,0.005931260547333323,0.0059312605473334674,True,False,True,False
CGACAGTTCGCGTTAT-1,2680,1448,ER,CID4290,Invasive cancer + stroma,1,36,42,4705,3914,2680,1448,10.559701492537313,False,False,False,True,Invasive cancer + stroma,0.1175779825212578,0.00026342686756512747,6.585671674933663e-05,0.0,0,0,2.80576292968289,4,23,0.0,0,0,0.0065856716908617,0.006585671688856384,0.006585671685932875,0.006585671690861786,False,False,False,False
ACGATGCATATGTTAT-1,6769,2845,ER,CID4290,Invasive cancer + stroma,1,37,43,4800,3969,6769,2845,8.14005022898508,False,False,False,True,Invasive cancer + stroma,0.18294739195466145,0.013873945451903505,6.430175791374898e-05,0.0,0,0,3.313150478897722,4,112,0.0,0,0,0.006430175791371357,0.00643017579137144,1.3681040178162363,0.006430175791371524,False,False,False,False
TGTTCCGCTTCCATGA-1,7202,2871,ER,CID4290,Invasive cancer + stroma,1,36,44,4704,4023,7202,2871,10.94140516523188,False,False,False,True,Invasive cancer + stroma,0.055851675316411685,0.029163305935716144,6.286732359634733e-05,0.0,0,0,1.850619856874268,4,19,0.0,0,0,0.7660246387946302,0.006286732359634958,0.006286732359633965,2.1377324900577155,False,False,False,False
GGATGACGCGAGTTTA-1,4966,2245,ER,CID4290,Invasive cancer + stroma,1,37,45,4799,4078,4966,2245,10.289971808296414,False,False,False,True,Invasive cancer + stroma,0.09812585122299121,0.01602159368408718,6.320656835830378e-05,0.0,0,0,2.6419974888640243,4,28,0.0,0,0,1.583197397901227,0.006320656835830285,0.006320656835830254,0.006320656835830449,False,False,False,False
GAAGTTTCCACTCAAT-1,6064,2547,ER,CID4290,Invasive cancer + stroma,1,36,46,4704,4132,6064,2547,11.906332453825858,False,False,False,True,Invasive cancer + stroma,0.07488209575657738,0.02391333966890103,9.764883363150996e-05,0.0,0,0,2.148139284761553,3,38,0.0,0,0,0.1289922487393198,0.00976488336315093,0.20762513147122033,2.044951703316412,False,False,False,False
GCGAGGCCCGAGCAGA-1,7678,3017,ER,CID4290,Invasive cancer + stroma,1,37,47,4799,4187,7678,3017,10.17191977077364,False,False,False,True,Invasive cancer + stroma,0.051629034752632065,0.00023463365447292213,0.0017527037340081249,0.0,0,0,2.3383023282441227,4,34,0.0,0,0,0.005865841361811829,0.005865841361856793,0.005865841361811762,0.005865841361811829,False,False,False,False
CATACTATGTAATTGT-1,8870,3470,ER,CID4290,Invasive cancer + stroma,1,36,48,4704,4242,8870,3470,10.811724915445321,False,False,False,True,Invasive cancer + stroma,0.052797495501944666,0.003751356684878095,0.006474541095634485,0.0,0,0,1.793058984926802,4,22,0.0,0,0,0.355589937785319,0.006515243567735432,0.006515243567019896,0.006515243567735177,False,False,False,False
CCAATGTCACAGCAAG-1,5308,2378,ER,CID4290,Invasive cancer + stroma,1,37,49,4799,4296,5308,2378,9.98492840994725,False,False,False,True,Invasive cancer + stroma,0.06902867489018129,0.018687158893335092,0.00719145839260859,0.0,0,0,2.3671468315536055,4,22,0.35305348369783157,1,1,0.006306361244911173,0.00630636124491105,0.006306361244910856,1.8497968055987764,False,False,False,False
GTTGGATTTGCGTTGG-1,3995,1922,ER,CID4290,Invasive cancer + stroma,1,36,50,4704,4351,3995,1922,9.086357947434292,False,False,False,True,Invasive cancer + stroma,0.10660811993044217,0.018850300931191256,6.533763405094044e-05,0.0,0,0,2.3138543697309606,4,21,0.0,0,0,1.8654288029036923,0.006533763405143182,0.0065337634051450995,0.0065337634051449486,False,False,False,False
GGGAGGATGCCCGAAA-1,5535,2537,ER,CID4290,Invasive cancer + stroma,1,37,51,4799,4406,5535,2537,7.425474254742548,False,False,False,True,Invasive cancer + stroma,0.09536969391633632,0.00026049234767037814,6.512308683007302e-05,0.0,0,0,2.0367994149244777,4,20,0.0,0,0,0.006512308691759513,0.006512308691758716,0.006512308691759947,0.006512308691759639,False,False,False,False
GATCGCGGGCTCTCCA-1,10947,3856,ER,CID4290,Invasive cancer + stroma,1,36,52,4704,4460,10947,3856,8.294509911391248,False,False,False,True,Invasive cancer + stroma,0.04467026407503699,0.0002437429066331215,6.093572665548561e-05,0.0,0,0,1.5519023317363516,3,23,0.0,0,0,0.0060935726660222185,0.006093572666021573,0.00609357266524603,0.006093572666022328,False,False,False,False
GTTCGCCATAAGTGCC-1,5474,2537,ER,CID4290,Invasive cancer + stroma,1,37,53,4799,4515,5474,2537,5.626598465473146,False,False,False,True,Invasive cancer + stroma,0.10873296884383273,0.010427199185628786,5.988768180413848e-05,0.0,0,0,2.6819918048436104,4,41,0.0,0,0,1.0247536140216367,0.005988768180414122,0.005988768180414053,0.0059887681804139566,False,False,False,False
AGATTATAGGACGTTT-1,11398,3872,ER,CID4290,Invasive cancer + stroma,1,36,54,4704,4569,11398,3872,9.37006492367082,False,False,False,True,Invasive cancer + stroma,0.040619488246695305,0.007757342531686814,6.151947312137968e-05,0.0,0,0,1.7687976648564114,4,28,0.0,0,0,0.7572784112336853,0.006151947312002999,0.006151947310989891,0.006151947312003249,False,False,False,False
TCGAGACCAACACCGT-1,11407,4204,ER,CID4290,Invasive cancer + stroma,1,37,55,4799,4624,11407,4204,7.775927062330148,False,False,False,True,Invasive cancer + stroma,0.10173410931492913,0.008361409090364695,6.108593409429278e-05,0.0,0,0,2.485400253313957,4,61,0.0,0,0,0.8178151288090322,0.006108593409421804,0.006108593408586826,0.006108593409428771,False,False,False,False
TATGGGACCGAGCAGG-1,3588,1935,ER,CID4290,Invasive cancer + stroma,1,36,56,4704,4679,3588,1935,5.60200668896321,False,False,False,True,Invasive cancer + stroma,0.10691754511753199,0.021266724025006945,6.530953897742886e-05,0.22193201768363127,1,1,2.535712983522463,4,19,0.0,0,0,2.1070795408074643,0.006530953897742174,0.0065309538977441,0.006530953897744035,False,False,False,False
GATGCGTCCTGCATTC-1,3289,1817,ER,CID4290,Invasive cancer + stroma,1,37,57,4799,4733,3289,1817,4.317421708726057,False,False,False,True,Invasive cancer + stroma,0.1370999314140091,0.015441428456550476,5.5431124291702735e-05,0.0,0,0,3.219661405451628,4,38,0.0,0,0,0.0055431124291714295,0.005543112429171276,0.005543112429171754,1.527513508367533,False,False,False,False
TATGGTCTGAGTAACA-1,3691,1959,ER,CID4290,Invasive cancer + stroma,1,36,58,4704,4788,3691,1959,4.307775670549987,False,False,False,True,Invasive cancer + stroma,0.09751673359337722,0.04508038464035869,9.074727208747602e-05,0.21847354310062625,1,1,2.3130724035898877,4,18,0.0,0,0,1.9166200115986656,0.009074727208747696,0.009074727208747293,2.5732689980197083,True,False,False,False
GCATAGAGCACTCAGG-1,3767,1985,ER,CID4290,Invasive cancer + stroma,1,37,59,4799,4843,3767,1985,3.159012476771967,False,False,False,True,Invasive cancer + stroma,0.1330302451633711,0.014616365980321216,5.79035814277451e-05,0.21599924922848368,1,1,2.5207706510949226,4,24,0.0,0,0,0.00579035814277517,0.005790358142773802,0.309572495447144,1.1404833862994286,False,False,False,False
CTTCATTGTCAGTGGA-1,2486,1468,ER,CID4290,Invasive cancer + stroma,1,36,60,4704,4897,2486,1468,3.740949316170555,False,False,False,True,Invasive cancer + stroma,0.14533754390855902,0.030699059577175843,6.12161189491505e-05,0.0,0,0,2.49919718304451,4,17,0.0,0,0,0.006121611894913035,0.8314305167951661,0.006121611894913125,2.226232217132592,False,False,False,False
GCAGATTAGGGATATC-1,3467,1855,ER,CID4290,Invasive cancer + stroma,1,37,61,4799,4952,3467,1855,2.711277761753678,False,False,False,True,Invasive cancer + stroma,0.14675642221750404,0.05968767002458589,6.018982013725916e-05,0.22615876362750306,1,1,2.88913361556854,4,29,0.0,0,0,0.006018982013725768,0.006018982013726475,0.006018982013725926,5.95071005641741,True,False,False,False
CCTGTCGCCCGTAAAT-1,1898,1169,ER,CID4290,Invasive cancer + stroma,1,36,62,4704,5006,1898,1169,3.477344573234984,False,False,False,True,Invasive cancer + stroma,0.1362253066622123,0.0003744727648684963,9.361819132185208e-05,0.0,0,0,2.8091091979995357,4,14,0.0,0,0,0.009361819121710132,0.009361819121716835,0.009361819121711338,0.009361819121711327,False,False,False,False
CAATTTCGTATAAGGG-1,3032,1613,ER,CID4290,Invasive cancer + stroma,1,37,63,4799,5061,3032,1613,3.7269129287598943,False,False,False,True,Invasive cancer + stroma,0.15228551678612973,0.002363346641585533,5.909469811600875e-05,0.0,0,0,2.318287892660954,3,22,0.0,0,0,0.005909469811599892,0.21860625472375278,0.005909469811600307,0.005909469811600345,False,False,False,False
GTACACTTACCTGAAG-1,3268,1769,ER,CID4290,Invasive cancer + stroma,1,36,64,4704,5116,3268,1769,3.182374541003672,False,False,False,True,Invasive cancer + stroma,0.15515680833158876,0.00023619871499335471,5.9049678727914146e-05,0.0,0,0,3.0455582773302865,4,34,0.0,0,0,0.005904967874834012,0.005904967874833426,0.0059049678748338,0.005904967874834233,False,False,False,False
CCAGCCTGGACCAATA-1,4233,2110,ER,CID4290,Invasive cancer + stroma,1,37,65,4799,5170,4233,2110,4.370422867942358,False,False,False,True,Invasive cancer + stroma,0.13409700421194712,0.025789879281638114,0.016412389436870786,0.0,0,0,2.95372243187672,4,43,0.0,0,0,0.00867267541221122,0.008672675412211091,0.00867267541221106,2.5529699019271783,False,False,False,False
ATGGAGCAGGCCGTGA-1,4561,2081,ER,CID4290,Invasive cancer + stroma,1,36,66,4704,5225,4561,2081,3.902652926989695,False,False,False,True,Invasive cancer + stroma,0.1745753651489996,0.00024332543525911268,6.083135881498126e-05,0.0,0,0,2.9621094142784195,4,51,0.0,0,0,0.006083135881495688,0.006083135881497671,0.006083135881420386,0.006083135881497522,False,False,False,False
GTCATTAGAGCGAACG-1,2346,1343,ER,CID4290,Invasive cancer + stroma,1,37,67,4799,5279,2346,1343,3.8363171355498724,False,False,False,True,Invasive cancer + stroma,0.16341967413358738,0.03577881316434313,6.0239767946707416e-05,0.0,0,0,2.969839543252348,4,30,0.0,0,0,0.8248968273979871,1.453456725816242,0.006023976794670968,1.2935037864254129,True,False,True,False
AAGACTGCAAGCTACT-1,4314,2044,ER,CID4290,Invasive cancer + stroma,1,36,68,4704,5334,4314,2044,4.40426518312471,False,False,False,True,Invasive cancer + stroma,0.17891902265276008,0.00025570051052023913,6.39251276301656e-05,0.0,0,0,2.462663066294714,3,38,0.0,0,0,0.006392512763004468,0.006392512763003855,0.006392512763011541,0.006392512763004053,False,False,False,False
CTAGTCACGTCTTAAG-1,2958,1647,ER,CID4290,Invasive cancer + stroma,1,37,69,4799,5389,2958,1647,4.699121027721433,False,False,False,True,Invasive cancer + stroma,0.19264963725508233,0.0320371477543875,8.706742060451435e-05,0.0,0,0,2.4027305955896057,3,35,0.0,0,0,0.008706742060451198,0.008706742060451226,0.023507688656769006,3.1627936026610786,True,False,True,False
ACTCTTGTATAGTAAC-1,3149,1691,ER,CID4290,Invasive cancer + stroma,1,36,70,4704,5443,3149,1691,5.1127342013337564,False,False,False,True,Invasive cancer + stroma,0.16761545177325113,0.03268159290001366,6.273563014118565e-05,0.0,0,0,3.0116979527084835,4,35,0.0,0,0,0.0062735630141188305,0.006273563014118576,0.006273563014118555,3.2493386009590104,True,False,True,False
ATTAGGCGATGCTTTC-1,3192,1720,ER,CID4290,Invasive cancer + stroma,1,37,71,4799,5498,3192,1720,7.518796992481203,False,False,False,True,Invasive cancer + stroma,0.1656041625365855,0.00023547456211920928,5.852593691350528e-05,0.0,0,0,3.223184995636333,4,38,0.0,0,0,0.005852593687535332,0.005852593687530354,0.005852593687530917,0.005989675149324324,False,False,False,False
TGGACTGTTCGCTCAA-1,2873,1588,ER,CID4290,Invasive cancer + stroma,1,37,73,4799,5607,2873,1588,6.787330316742081,False,False,False,True,Invasive cancer + stroma,0.14200255018012348,0.00024012179597230173,6.0030448747117746e-05,0.0,0,0,2.9240935089436246,4,23,0.0,0,0,0.0060030448993071694,0.006003044899308675,0.00600304489930712,0.0060030448993072085,False,False,False,False
CCACCCAAGGAAAGTG-1,3255,1708,ER,CID4290,Invasive cancer + stroma,1,37,75,4799,5716,3255,1708,6.5745007680491545,False,False,False,True,Invasive cancer + stroma,0.15511940411923164,0.00035959446582655943,8.989861648719643e-05,0.0,0,0,3.0089784796352212,4,37,0.0,0,0,0.008989861648791503,0.008989861648783383,0.008989861636289996,0.008989861648791063,False,False,False,False
ACTCGTCAGTAATCCC-1,4108,2011,ER,CID4290,Invasive cancer + stroma,1,36,78,4703,5880,4108,2011,7.083739045764362,False,False,False,True,Invasive cancer + stroma,0.12984323624680413,0.0002694100721157758,6.735251802921813e-05,0.0,0,0,2.703771452514871,4,29,0.0,0,0,0.0067352518028937335,0.006735251802895863,0.006735251802894151,0.006735251802893832,False,False,False,False
GGTGATAAGGAGCAGT-1,7464,2930,ER,CID4290,Invasive cancer + stroma,1,37,79,4798,5935,7464,2930,9.056806002143624,False,False,False,True,Invasive cancer + stroma,0.1182619624380826,0.0035513345955424784,0.0026875136361809303,0.0,0,0,2.5754293365756635,4,57,0.0,0,0,0.009000062073788206,0.009000062073788966,0.009000062073623886,0.32813327333304676,False,False,False,False
AAGAGGCATGGATCGC-1,12101,3758,ER,CID4290,Invasive cancer + stroma,1,36,80,4703,5989,12101,3758,8.875299562019666,False,False,False,True,Invasive cancer + stroma,0.09178008208217311,0.0002624264141214825,6.560660354001642e-05,0.0,0,0,2.078313769555068,4,48,0.0,0,0,0.006560660353793156,0.006560660350437356,0.0065606603541253335,0.006560660353792409,False,False,False,False
CACGTTCGTGCTCTAG-1,12683,3922,ER,CID4290,Invasive cancer + stroma,1,37,81,4798,6044,12683,3922,9.075139951115666,False,False,False,True,Invasive cancer + stroma,0.0987424286440269,0.0002632538839550508,6.581347099185122e-05,0.0,0,0,2.32662657257356,4,69,0.0,0,0,0.006581347099023565,0.006581347098565188,0.006581347098893049,0.006581347099023275,False,False,False,False
CTATTTGGTTACGGAT-1,9137,3252,ER,CID4290,Invasive cancer + stroma,1,36,82,4703,6099,9137,3252,6.708985443799935,False,False,False,True,Invasive cancer + stroma,0.10253797250597303,0.004099411344272602,0.0009755046731069732,0.0,0,0,2.507210159819514,4,50,0.0,0,0,0.006710233468856951,0.006710233468856984,0.006710233467535812,0.3898104340220104,False,False,False,False
GTACAGAGGCAAGGGT-1,14076,4160,ER,CID4290,Invasive cancer + stroma,1,37,83,4798,6153,14076,4160,6.820119352088662,False,False,False,True,Invasive cancer + stroma,0.1847660650975126,0.0002496517563645823,6.241293909785994e-05,0.0,0,0,3.2179493159765364,4,146,0.0,0,0,0.006241293909806534,0.006241293909805324,0.006241293907039612,0.006241293909806759,False,False,False,False
GGGCCGGCCGAAGTAC-1,15710,4141,ER,CID4290,Invasive cancer + stroma,1,36,84,4703,6208,15710,4141,7.447485677912158,False,False,False,True,Invasive cancer + stroma,0.10671580707628464,0.0003961940413003134,9.904851031833774e-05,0.0,0,0,2.212126707642976,4,58,0.0,0,0,0.009904851031833787,0.009904851031804551,0.009904851034559082,0.009904851031833922,False,False,False,False
CCTGAACGATATATTC-1,20384,4989,ER,CID4290,Invasive cancer + stroma,1,37,85,4798,6263,20384,4989,7.14776295133438,False,False,False,True,Invasive cancer + stroma,0.1316509727326411,0.009165879346853643,9.917154375271086e-05,0.0,0,0,2.882886046228539,4,175,0.0,0,0,0.009917154376355264,0.00991715437446413,0.009917154375214423,0.8868364715593305,False,False,False,False
CCGGGCTGCTCCATAC-1,19710,4728,ER,CID4290,Invasive cancer + stroma,1,36,86,4703,6317,19710,4728,5.986808726534754,False,False,False,True,Invasive cancer + stroma,0.08731860926197013,0.014508083520618525,0.00010115217833242567,0.0683929280516479,1,1,2.1692121173227505,4,80,0.1367858561032958,1,1,0.010115217839043858,0.7584129726576819,0.41234007261983896,0.2699400889452876,False,False,False,False
TACTTGTTAGTAGTCC-1,16573,4477,ER,CID4290,Invasive cancer + stroma,1,37,87,4798,6372,16573,4477,4.296144331141012,False,False,False,True,Invasive cancer + stroma,0.14127845033073178,0.0012877200974457023,9.317483694493482e-05,0.0,0,0,2.72203827953548,4,136,0.0,0,0,0.009317483697106152,0.10081955865425155,0.009317483696106363,0.009317483697106175,False,False,False,False
CCTAGGCGTAGCGATC-1,21839,5152,ER,CID4290,Invasive cancer + stroma,1,36,88,4703,6426,21839,5152,4.64306973762535,False,False,False,True,Invasive cancer + stroma,0.13086045166950186,0.004455150129561996,6.523518299071386e-05,0.0,0,0,2.6177943307072984,4,132,0.0,0,0,0.24449662180958948,0.0065235182981239655,0.006523518299112229,0.18797135454937397,False,False,False,False
CTGGCGCACAGGTCTG-1,11825,3681,ER,CID4290,Invasive cancer + stroma,1,37,89,4798,6481,11825,3681,3.6871035940803383,False,False,False,True,Invasive cancer + stroma,0.22580777077503764,0.00039624466134434536,9.9061165339047e-05,0.0,0,0,3.1678998998304557,4,130,0.0,0,0,0.009906116533598446,0.009906116533598965,0.009906116533639027,0.009906116533598096,False,True,False,False
ACTTATACTTACCCGG-1,16453,4075,ER,CID4290,Invasive cancer + stroma,1,36,90,4703,6536,16453,4075,5.755789217771834,False,False,False,True,Invasive cancer + stroma,0.11718860415475961,0.006834673204199845,0.006454185244575453,0.0,0,0,2.570083282417444,4,97,0.0,0,0,0.6535951190367203,0.00995740046221366,0.009957400458723146,0.009957400462327402,False,False,False,False
GAAGTCTCCCTAGCGA-1,18550,4527,ER,CID4290,Invasive cancer + stroma,1,37,91,4798,6590,18550,4527,5.53099730458221,False,False,False,True,Invasive cancer + stroma,0.1387916779994557,0.003377248760244591,0.0017254103365493465,0.0,0,0,2.9144455235763007,4,167,0.0,0,0,0.009741278904996946,0.2994437126523116,0.018798605562153625,0.009741278904996903,False,False,False,False
ACCGATGGTAGCATCG-1,35045,6204,ER,CID4290,Invasive cancer + stroma,1,36,92,4703,6645,35045,6204,4.123270081324012,False,False,False,True,Invasive cancer + stroma,0.10020843961545868,0.006213494488850854,0.00010252190016903915,0.0418381733585192,1,1,2.6001596303660333,4,196,0.0,0,0,0.5905928788425281,0.01025219001374928,0.010252190011372755,0.010252190017435268,False,False,False,False
CGAGTTTATCGGACTG-1,11121,3795,ER,CID4290,Invasive cancer + stroma,1,37,93,4798,6699,11121,3795,3.7136948116176605,False,False,False,True,Invasive cancer + stroma,0.167930485357042,0.0074982001961319015,9.02039024436648e-05,0.0,0,0,3.0383935855789908,4,110,0.0,0,0,0.2051634488437255,0.00902039024444059,0.11539476240886015,0.42024141811616383,False,False,False,False
CATAACGGACAGTCGT-1,30602,6158,ER,CID4290,Invasive cancer + stroma,1,36,94,4703,6754,30602,6158,4.45068949741847,False,False,False,True,Invasive cancer + stroma,0.13527482229257198,0.04416695563898235,9.510811697091651e-05,0.0942506533928406,2,2,2.741791883345181,4,221,0.0942506533928406,1,1,2.4201481609567796,0.009510811698340803,0.045430619539054126,1.9416059717040604,True,False,False,False
TGACGATGCACTAGAA-1,35195,6759,ER,CID4290,Invasive cancer + stroma,1,37,95,4798,6809,35195,6759,3.759056684188095,False,False,False,True,Invasive cancer + stroma,0.13844993144773257,0.00215400585766306,6.055720968699063e-05,0.0,0,0,3.016382891643615,4,341,0.0,0,0,0.006055720969462241,0.006055720970807866,0.1972334228565735,0.006055720969462359,False,False,False,False
TAGGGAGCTTGGGATG-1,8489,2922,ER,CID4290,Invasive cancer + stroma,1,36,96,4703,6863,8489,2922,6.372953233596419,False,False,False,True,Invasive cancer + stroma,0.10983657203536876,0.030163973204801964,9.1048286922531e-05,0.12973412548206417,1,1,2.841327042350197,4,75,0.0,0,0,1.661784076955071,0.00910482869230617,0.029697408232713402,1.3158110066001059,False,False,False,False
AGGGTCGATGCGAACT-1,3760,1729,ER,CID4290,Invasive cancer + stroma,1,37,97,4798,6918,3760,1729,6.0638297872340425,False,False,False,True,Invasive cancer + stroma,0.14799659182916836,0.02659719481462386,9.15042629132775e-05,0.2162244791838991,1,1,2.6189182960182236,4,39,0.0,0,0,0.00915042629132751,0.009150426291327321,0.00915042629132748,2.6322682025884037,False,False,False,False
TATATCCCTGGGAGGA-1,1783,995,ER,CID4290,Invasive cancer + stroma,1,36,98,4703,6973,1783,995,5.552439708356703,False,False,False,True,Invasive cancer + stroma,0.12699456402211098,0.05847546412298517,0.0227582803105245,0.3147267459750334,1,1,2.9147451161307814,4,20,0.0,0,0,2.877506704995333,0.00891871547843,0.008918715478429592,2.952202276346324,True,False,False,False
CATCTTACACCACCTC-1,3896,1657,ER,CID4290,Invasive cancer + stroma,1,37,99,4798,7027,3896,1657,8.906570841889117,False,False,False,True,Invasive cancer + stroma,0.1224993618530714,0.024020942334643657,0.00010059585753263324,0.0,0,0,2.5790949744930516,4,22,0.0,0,0,2.077381671658481,0.01005958575326641,0.010059585753246138,0.3045933902993717,False,False,False,False
GTGCGACAGGGAGTGT-1,1772,1019,ER,CID4290,Invasive cancer + stroma,1,36,100,4703,7082,1772,1019,5.8690744920993225,False,False,False,True,Invasive cancer + stroma,0.11281347510706449,0.059134168084839546,9.219908488677498e-05,0.3156024963647229,1,1,2.3080465674357193,4,9,0.0,0,0,0.009219908488677762,0.009219908488677467,0.009219908488677498,5.885757083017922,True,False,False,False
CCGATCTCAACCTTAT-1,2821,1451,ER,CID4290,Invasive cancer + stroma,1,37,101,4798,7136,2821,1451,6.557958170861397,False,False,False,True,Invasive cancer + stroma,0.16441254736708005,0.03411367034154097,9.138537259664238e-05,0.25233216992511737,1,1,2.6479364256911904,4,21,0.0,0,0,0.15372515534694814,0.009138537257720288,0.00913853725771392,3.2393648042917147,True,False,False,False
ACGATCATCTTGTAAA-1,2046,1180,ER,CID4290,Invasive cancer + stroma,1,36,102,4703,7191,2046,1180,6.207233626588465,False,False,False,True,Invasive cancer + stroma,0.14392388578836482,0.0003627429884127441,0.015797164647711158,0.0,0,0,2.516380162367443,3,18,0.0,0,0,0.009068574710319284,0.009068574710314836,0.009068574710320009,0.009068574710320278,False,False,False,False
GAAAGAACAGCGTTAT-1,2970,1549,ER,CID4290,Invasive cancer + stroma,1,37,103,4798,7246,2970,1549,4.646464646464646,False,False,False,True,Invasive cancer + stroma,0.14422069709716775,0.00023277257208015784,5.819314288697294e-05,0.0,0,0,2.746016689244984,4,20,0.0,0,0,0.005819314302004974,0.005819314302000689,0.005819314302005097,0.005819314302005022,False,False,False,False
CTAGGTCTGAAGGAAT-1,2862,1658,ER,CID4290,Invasive cancer + stroma,1,36,104,4703,7300,2862,1658,6.39412997903564,False,False,False,True,Invasive cancer + stroma,0.10619246210504771,0.003481738083841081,0.013883495247074183,0.0,0,0,1.9389495790845124,3,12,0.0,0,0,0.009596532257013395,0.00959653225701427,0.009596532257012989,0.31938421161306746,False,False,False,False
ATATCAACCTACAGAG-1,2941,1523,ER,CID4290,Invasive cancer + stroma,1,37,105,4798,7355,2941,1523,5.88235294117647,False,False,False,True,Invasive cancer + stroma,0.1431988186084375,0.00025066731556801523,6.266682883066644e-05,0.0,0,0,2.193083331221164,3,24,0.0,0,0,0.006266682887585307,0.0062666828940451955,0.006266682887585348,0.006266682887585674,False,False,False,False
AAATAGCTTAGACTTT-1,3697,1782,ER,CID4290,Invasive cancer + stroma,1,36,106,4703,7409,3697,1782,7.195022991614823,False,False,False,True,Invasive cancer + stroma,0.08897469898799577,0.010470642252062725,0.0031618210576889057,0.0,0,0,1.8900322598756003,3,15,0.0,0,0,0.006044341824515,0.006044341824515334,0.006044341824514509,1.0289311997327277,False,False,False,False
GCGACATGTAAACATC-1,7672,2835,ER,CID4290,Invasive cancer + stroma,1,37,107,4798,7464,7672,2835,8.342022940563085,False,False,False,True,Invasive cancer + stroma,0.08570256079754246,0.0033540510186802672,6.390127930688964e-05,0.0,0,0,1.7833876670779423,3,26,0.0,0,0,0.006390127930712721,0.006390127930726714,0.3162347180758749,0.006390127930712368,False,False,False,False
ATAAGTAGGGCGACTC-1,8285,3080,ER,CID4290,Invasive cancer + stroma,1,36,108,4703,7519,8285,3080,8.449004224502112,False,False,False,True,Invasive cancer + stroma,0.07324726128823844,0.00027417288463995227,6.854322116445867e-05,0.0,0,0,1.9968667016924262,4,26,0.0,0,0,0.006854322116330945,0.006854322116331613,0.006854322115001514,0.006854322116331157,False,False,False,False
GCGAGCGCATGCTCCC-1,13495,3905,ER,CID4290,Invasive cancer + stroma,1,37,109,4798,7573,13495,3905,8.521674694331233,False,False,False,True,Invasive cancer + stroma,0.04519009228246038,0.0034707806952047142,6.487570594644607e-05,0.09241139768080185,1,1,1.2841026043586616,3,22,0.0,0,0,0.039797378415098984,0.006487570594206406,0.006487570597861668,0.2943055499133044,False,False,False,False
AGGGACCGGCTGCGTT-1,6957,2730,ER,CID4290,Invasive cancer + stroma,1,36,110,4702,7628,6957,2730,7.172631881558143,False,False,False,True,Invasive cancer + stroma,0.07854172196821496,0.01055065826908442,6.132244637984492e-05,0.0,0,0,1.8191704285695427,3,23,0.0,0,0,0.0061322446378874506,0.006132244637887541,0.6848338550138007,0.3579674826188663,False,False,False,False
CCTATGAAGTGGTGCC-1,8391,3150,ER,CID4290,Invasive cancer + stroma,1,37,111,4797,7683,8391,3150,7.615302109402931,False,False,False,True,Invasive cancer + stroma,0.07225574243050466,0.04095287930226751,6.197135195956342e-05,0.0,0,0,2.011954983028355,4,36,0.0,0,0,3.765171618426303,0.0061971351960152556,0.006197135196015518,0.3177220414084173,True,False,True,False
GCTTACGTAGTTAGTA-1,16175,4222,ER,CID4290,Invasive cancer + stroma,1,36,112,4702,7737,16175,4222,9.687789799072643,False,False,False,True,Invasive cancer + stroma,0.03860880075271729,0.014917377033748059,6.573158347199178e-05,0.0,0,0,1.2998539849085968,4,23,0.0,0,0,0.006573158346879734,0.6248591711289363,0.006573158341931617,0.8537322155570582,False,False,False,False
CATACTTAGGCAATAC-1,13590,4137,ER,CID4290,Invasive cancer + stroma,1,37,113,4797,7792,13590,4137,5.952906548933039,False,False,False,True,Invasive cancer + stroma,0.07705698960016188,0.03253394345846116,5.8788092796356225e-05,0.0,0,0,2.2705824347755126,4,85,0.0,0,0,2.5961241555028627,0.00587880927971259,0.005878809279209233,0.6455125717843316,True,False,True,False
CCTGTCCCTCACGTTA-1,15530,4186,ER,CID4290,Invasive cancer + stroma,1,36,114,4702,7846,15530,4186,8.609143593045717,False,False,False,True,Invasive cancer + stroma,0.062083226048092584,0.005661325007834544,6.37728985270998e-05,0.0,0,0,1.9367620869204285,4,52,0.0,0,0,0.009082922073034867,0.5124567286913202,0.03821556016568994,0.006377289853409313,False,False,False,False
CAATGTGCCAACCCTT-1,13692,4133,ER,CID4290,Invasive cancer + stroma,1,37,115,4797,7901,13692,4133,7.895121238679521,False,False,False,True,Invasive cancer + stroma,0.055429843254770864,0.006863145364674761,6.270026787200856e-05,0.0,0,0,1.739403030509275,4,33,0.0,0,0,0.667504456107138,0.006270026787199467,0.0062700267859385475,0.006270026787200161,False,False,False,False
GTTAAGTTAGAGTGGG-1,17209,4293,ER,CID4290,Invasive cancer + stroma,1,36,116,4702,7956,17209,4293,6.920797257249115,False,False,False,True,Invasive cancer + stroma,0.0406062706494384,0.006260237168151646,6.899427371309293e-05,0.0,0,0,1.868460848443726,4,40,0.0,0,0,0.6053254347134005,0.0068994273683557275,0.006899427363845654,0.006899427369562838,False,False,False,False
CTGGGATACGCTACCC-1,13666,4034,ER,CID4290,Invasive cancer + stroma,1,37,117,4797,8010,13666,4034,7.083272354749012,False,False,False,True,Invasive cancer + stroma,0.09068662724661904,0.013598241608902953,6.243873075072505e-05,0.0,0,0,2.5343187927652706,4,71,0.0,0,0,1.3410925416665913,0.006243873074688496,0.0062438730743271005,0.006243873074688323,False,False,False,False
AACCTGTCACGGAATT-1,18330,4676,ER,CID4290,Invasive cancer + stroma,1,36,118,4702,8065,18330,4676,5.897435897435897,False,False,False,True,Invasive cancer + stroma,0.06985513327572707,0.006266717189497003,6.523910874324321e-05,0.0,0,0,1.9731056742279258,4,50,0.0,0,0,0.0065239108739946535,0.6070999863296163,0.006523910872094993,0.006523910873994389,False,False,False,False
ACTGCGGACACACCGT-1,7821,2820,ER,CID4290,Invasive cancer + stroma,1,37,119,4797,8120,7821,2820,8.170310701956272,False,False,False,True,Invasive cancer + stroma,0.045214920843142645,0.000254196786195683,6.354919656060813e-05,0.0,0,0,1.6720058435321028,4,18,0.0,0,0,0.006354919655050587,0.006354919655050185,0.0063549196544168225,0.006354919655050703,False,False,False,False
CCGTGAGGCATTCATG-1,11879,3507,ER,CID4290,Invasive cancer + stroma,1,36,120,4702,8174,11879,3507,8.426635238656452,False,False,False,True,Invasive cancer + stroma,0.03186982962174446,0.0145570972852423,6.841445079118562e-05,0.0,0,0,1.0720865383828084,2,18,0.0,0,0,0.00684144507881634,0.006841445078448781,0.0068414450785986985,1.4351853932883663,False,False,False,False
GCCCAGATGCTGGAGA-1,6979,2624,ER,CID4290,Invasive cancer + stroma,1,37,121,4797,8229,6979,2624,8.08138701819745,False,False,False,True,Invasive cancer + stroma,0.06494571436632804,0.0002672529162716733,6.681322907581199e-05,0.0,0,0,1.551457104353639,3,16,0.0,0,0,0.006681322907434683,0.006681322904863513,0.006681322907434441,0.006681322907434692,False,False,False,False
TCTGGCCGTTCAAGTT-1,5728,2290,ER,CID4290,Invasive cancer + stroma,1,36,122,4702,8283,5728,2290,8.833798882681563,False,False,False,True,Invasive cancer + stroma,0.04756949772680664,0.015384944670952593,9.940579097859389e-05,0.0,0,0,1.3382334990676503,4,7,0.0,0,0,1.5086727298017724,0.009940579097858969,0.009940579097768841,0.009940579097858969,False,False,False,False
ATACGAAGGCTTTCCA-1,5026,2106,ER,CID4290,Invasive cancer + stroma,1,37,123,4797,8338,5026,2106,9.948269001193792,False,False,False,True,Invasive cancer + stroma,0.08299093048893462,0.0060256010199112725,6.592304041669081e-05,0.0,0,0,1.9617451238874783,4,18,0.0,0,0,0.5827831898660459,0.006592304041669061,0.006592304041743288,0.0065923040416690296,False,False,False,False
GATCCGAATATAAGTG-1,4545,1942,ER,CID4290,Invasive cancer + stroma,1,36,124,4702,8393,4545,1942,8.668866886688669,False,False,False,True,Invasive cancer + stroma,0.06168981492778837,0.009829218630880371,9.509839399803726e-05,0.0,0,0,1.6708165174354355,3,15,0.0,0,0,0.9543303298214049,0.009509839399804496,0.00950983939980392,0.009571854467023948,False,False,False,False
GCGGCTCTGACGTACC-1,7875,3243,ER,CID4290,Invasive cancer + stroma,1,38,38,4895,3696,7875,3243,4.063492063492063,False,False,False,True,Invasive cancer + stroma,0.07144962481232632,0.022673335748116807,0.001089166045487147,0.0,0,0,2.067129878209231,4,26,0.0,0,0,2.198161732206202,0.0060246839239731205,0.05712247475753238,0.006024683923973288,False,False,False,False
ACGTTAGATTTGCCCG-1,5344,2445,ER,CID4290,Invasive cancer + stroma,1,39,39,4990,3750,5344,2445,5.669910179640718,False,False,False,True,Invasive cancer + stroma,0.06526813825932783,0.02614036657151184,5.893632891361517e-05,0.17579168031778966,1,1,1.8341874222753567,4,13,0.0,0,0,2.045137656669729,0.005893632891361326,0.005893632891361527,0.5571117346987319,False,False,False,False
GAGAGGGCGCGAGGTT-1,7438,3105,ER,CID4290,Invasive cancer + stroma,1,38,40,4895,3805,7438,3105,7.461683248184996,False,False,False,True,Invasive cancer + stroma,0.07150259520852072,0.009508786557237494,5.968598991759399e-05,0.0,0,0,2.349378416452055,4,41,0.0,0,0,0.005968598991743627,0.005968598991743647,0.005968598991743773,0.9329728587485183,False,False,False,False
GCGTCTCTGCATTGGG-1,2371,1379,ER,CID4290,Invasive cancer + stroma,1,39,41,4990,3860,2371,1379,6.5795023196963305,False,False,False,True,Invasive cancer + stroma,0.09581665101614895,0.00025491645075415205,6.372911267638786e-05,0.0,0,0,2.004218257350127,3,12,0.0,0,0,0.006372911267639483,0.006372911272496769,0.00637291126763944,0.006372911267639514,False,False,False,False
GCAGCACACAGCCCAG-1,8235,3201,ER,CID4290,Invasive cancer + stroma,1,38,42,4895,3914,8235,3201,11.548269581056466,False,False,False,True,Invasive cancer + stroma,0.04795388479304233,0.06339741427240611,6.311559639626842e-05,0.0,0,0,1.88432977094858,4,26,0.0,0,0,0.9064288037455379,0.006311559639620116,0.00631155963948107,5.4206895042159715,True,False,True,False
CAGGCCGTTTGGGTGT-1,8514,3334,ER,CID4290,Invasive cancer + stroma,1,39,43,4990,3969,8514,3334,7.681465821000705,False,False,False,True,Invasive cancer + stroma,0.03510963463652307,0.011360168445104403,6.025964220398676e-05,0.12946922253984317,1,1,1.0467374750322174,3,13,0.0,0,0,1.1179389518490213,0.006025964220290102,0.006025964220836771,0.006025964220292302,False,False,False,False
AACTCAAGTTAATTGC-1,37350,6847,ER,CID4290,Invasive cancer + stroma,1,38,44,4895,4023,37350,6847,8.768406961178044,False,False,False,True,Invasive cancer + stroma,0.02833351750416337,0.00017451059263283886,4.3627648173701263e-05,0.0,0,0,1.5286004109826388,4,61,0.0,0,0,0.0043627648156914015,0.004362764818348444,0.004362764813426006,0.0043627648158180345,False,False,False,False
CTTCGTAGATAGGTGA-1,5912,2591,ER,CID4290,Invasive cancer + stroma,1,39,45,4990,4078,5912,2591,7.848443843031124,False,False,False,True,Invasive cancer + stroma,0.05494638354756254,0.01930151735589043,6.221899658423241e-05,0.0,0,0,2.1575889043021825,4,22,0.0,0,0,1.5274354530175396,0.0062218996584034415,0.006221899658402997,0.39027248325469677,False,False,False,False
TGCAGAGTACCGAGCA-1,8271,3330,ER,CID4290,Invasive cancer + stroma,1,38,46,4894,4133,8271,3330,8.94692298391972,False,False,False,True,Invasive cancer + stroma,0.050790309715982654,0.005620446721769373,5.82081888373112e-05,0.0,0,0,2.0050164067206238,4,26,0.0,0,0,0.005820818883613335,0.00582081888361325,0.00582081888345866,0.544582215526252,False,False,False,False
GAAGTGATTTATCGTG-1,4666,2212,ER,CID4290,Invasive cancer + stroma,1,39,47,4989,4187,4666,2212,8.465495070724389,False,False,False,True,Invasive cancer + stroma,0.08961682602978267,0.01884961667792734,5.9268468901390015e-05,0.0,0,0,2.5808529315132085,4,29,0.0,0,0,1.8671811271223169,0.005926846890139272,0.005926846890138944,0.005926846890139011,False,False,False,False
CGCTACGGGACATTTA-1,5282,2378,ER,CID4290,Invasive cancer + stroma,1,38,48,4894,4242,5282,2378,9.030670200681561,False,False,False,True,Invasive cancer + stroma,0.0863043764248873,0.03791214860970905,6.186129008621085e-05,0.0,0,0,2.3409166384667652,4,23,0.0,0,0,2.3559125775144962,0.006186129008621166,0.006186129008621125,1.4229300254391666,True,False,True,False
CCACACTGAGATATTA-1,5042,2333,ER,CID4290,Invasive cancer + stroma,1,39,49,4989,4296,5042,2333,8.250694168980562,False,False,False,True,Invasive cancer + stroma,0.08578285826820292,0.00569193818712442,6.146753803333316e-05,0.0,0,0,2.627220359773924,4,27,0.0,0,0,0.006146753803333166,0.006146753803332935,0.5507535573024426,0.006146753803333277,False,False,False,False
CGATCCGACCCAGTGC-1,5099,2329,ER,CID4290,Invasive cancer + stroma,1,38,50,4894,4351,5099,2329,7.942733869386154,False,False,False,True,Invasive cancer + stroma,0.07968230566299678,0.00024920125355045337,6.230031338762786e-05,0.0,0,0,2.2851618165731225,4,25,0.0,0,0,0.006230031338760938,0.006230031338761009,0.006230031338762137,0.006230031338761253,False,False,False,False
CTGTACTTCTTAGCAT-1,7211,2934,ER,CID4290,Invasive cancer + stroma,1,39,51,4989,4406,7211,2934,8.209679656080986,False,False,False,True,Invasive cancer + stroma,0.052609008051708865,0.019804408209423356,6.0153881495677346e-05,0.0,0,0,2.0574252680274245,4,26,0.0,0,0,0.7155139163205827,0.0060153881495677445,0.006015388149634563,1.2528961283225508,False,False,False,False
ACTTATTAGGATCGGT-1,4712,2185,ER,CID4290,Invasive cancer + stroma,1,38,52,4894,4460,4712,2185,7.236842105263158,False,False,False,True,Invasive cancer + stroma,0.09473347295912717,0.014341007285733802,5.8494839467544366e-05,0.0,0,0,2.565265241650969,4,28,0.0,0,0,0.005849483946754123,0.005849483946753884,0.0058494839467541325,1.416552276733118,False,False,False,False
TAGTCCGCAGAGAATG-1,18410,4640,ER,CID4290,Invasive cancer + stroma,1,39,53,4989,4515,18410,4640,8.79413362303096,False,False,False,True,Invasive cancer + stroma,0.03917801553250192,0.01343213824085033,6.265028759186676e-05,0.0,0,0,1.8534556203672505,4,42,0.0,0,0,0.006265028761065409,0.006265028760577629,0.006265028761370287,1.3244187378020198,False,False,False,False
TTCACGAAAGGATCAC-1,13857,4163,ER,CID4290,Invasive cancer + stroma,1,38,54,4894,4570,13857,4163,7.793894782420438,False,False,False,True,Invasive cancer + stroma,0.08249917398861042,0.007493717773153877,6.35647029063451e-05,0.0,0,0,2.473316666167585,4,85,0.0,0,0,0.7303023664412605,0.00635647029062986,0.006356470292868011,0.006356470290629393,False,False,False,False
TACATTTCTAACGTGC-1,30020,6086,ER,CID4290,Invasive cancer + stroma,1,39,55,4989,4624,30020,6086,5.829447035309793,False,False,False,True,Invasive cancer + stroma,0.034491994284908276,0.01057612005248926,6.42480367872599e-05,0.0,0,0,1.5723813814594982,4,54,0.0,0,0,0.006424803680162998,0.006424803677390987,0.006424803677048073,1.038337594214324,False,False,False,False
ACCATATCCGCAATAA-1,18940,5118,ER,CID4290,Invasive cancer + stroma,1,38,56,4894,4679,18940,5118,5.739176346356917,False,False,False,True,Invasive cancer + stroma,0.15366165410731158,0.010445275311151261,6.280997396303689e-05,0.0,0,0,3.147946927682837,4,196,0.0,0,0,0.8921003738971666,0.13986516242530195,0.0062809973963313176,0.006280997396326314,False,False,False,False
CACTCAAGAGCTATGG-1,25796,5727,ER,CID4290,Invasive cancer + stroma,1,39,57,4989,4733,25796,5727,4.256473871918127,False,False,False,True,Invasive cancer + stroma,0.04314356400248876,0.024069063545056227,9.684460806003633e-05,0.05460278569541347,1,1,1.6774385057427348,4,62,0.0,0,0,1.444315344620098,0.009684460802263626,0.009684460806971275,0.9432220882762896,False,False,False,False
TGTACGAACAAATCCG-1,11885,3973,ER,CID4290,Invasive cancer + stroma,1,38,58,4894,4788,11885,3973,5.418594867480017,False,False,False,True,Invasive cancer + stroma,0.11336506887686751,0.01331051861708237,6.242245848419792e-05,0.0,0,0,2.6665704416887905,4,86,0.0,0,0,0.006242245848380861,1.3123251241648572,0.00624224584661788,0.006242245848381055,False,False,False,False
ATCATCCAATATTTGT-1,31719,6320,ER,CID4290,Invasive cancer + stroma,1,39,59,4989,4843,31719,6320,4.956020051073489,False,False,False,True,Invasive cancer + stroma,0.05982961838348155,0.00027578247369311975,6.894561843327764e-05,0.0,0,0,2.0007243835104007,4,121,0.0,0,0,0.00689456184195929,0.006894561836409911,0.006894561848983538,0.006894561841959234,False,False,False,False
CGCTATTCTTAGGCTC-1,6991,2896,ER,CID4290,Invasive cancer + stroma,1,38,60,4894,4897,6991,2896,5.750250321842368,False,False,False,True,Invasive cancer + stroma,0.09041671108138724,0.006868976698090479,5.920482099837837e-05,0.0,0,0,2.4447196941132643,4,36,0.0,0,0,0.6691362235094943,0.005920482099838705,0.005920482099876478,0.0059204820998385215,False,False,False,False
TGGCAGCAGTAATAGT-1,13652,4189,ER,CID4290,Invasive cancer + stroma,1,39,61,4989,4952,13652,4189,6.673014942865514,False,False,False,True,Invasive cancer + stroma,0.07777285415569758,0.008997660089037879,6.452811966513528e-05,0.0,0,0,2.3227646541113365,4,58,0.0,0,0,0.8309096776933135,0.006452811966440218,0.0064528119658133105,0.05595070727822089,False,False,False,False
TCACGTGCCCGATTCA-1,9112,3344,ER,CID4290,Invasive cancer + stroma,1,38,62,4894,5006,9112,3344,6.749341527655838,False,False,False,True,Invasive cancer + stroma,0.08403444400518467,0.0032928272941978327,6.456456064857492e-05,0.0,0,0,2.3176068419437263,4,39,0.2469080612928758,1,1,0.006456456064903229,0.00645645606539613,0.30991336122458074,0.006456456064903176,False,False,False,False
CATACGGCGTCTGGGC-1,6838,2871,ER,CID4290,Invasive cancer + stroma,1,39,63,4989,5061,6838,2871,6.303012576776836,False,False,False,True,Invasive cancer + stroma,0.17065512231257243,0.01366936423562649,5.7495684306736436e-05,0.0,0,0,3.4773613673457042,4,124,0.0,0,0,0.005749568430673821,1.1388374524147442,0.005749568430673578,0.21659983428655738,False,False,False,False
CACATGATTCAGCAAC-1,9017,3286,ER,CID4290,Invasive cancer + stroma,1,38,64,4894,5116,9017,3286,7.097704336253743,False,False,False,True,Invasive cancer + stroma,0.06478399230434755,0.00024715140055103763,6.178785014401292e-05,0.0,0,0,2.1898563479573685,4,46,0.0,0,0,0.006178785014295119,0.006178785014221662,0.006178785012291923,0.006178785014295058,False,False,False,False
GCTAGTAGAGCTTGTA-1,4312,2014,ER,CID4290,Invasive cancer + stroma,1,39,65,4989,5170,4312,2014,5.3107606679035255,False,False,False,True,Invasive cancer + stroma,0.13538279971547543,0.004863065682622757,6.152412235104976e-05,0.0,0,0,2.793120932014382,4,39,0.0,0,0,0.4678493315471136,0.006152412238386243,0.006152412238387988,0.006152412238387867,False,False,False,False
TGCTGTTGAAGAACTC-1,8507,3304,ER,CID4290,Invasive cancer + stroma,1,38,66,4894,5225,8507,3304,5.901022687198777,False,False,False,True,Invasive cancer + stroma,0.09661703155713619,0.0020631022023461358,0.0115005000901305,0.0,0,0,2.4240796713819766,4,59,0.0,0,0,0.18822290918096649,0.006029103684518764,0.006029103684609231,0.006029103684519098,False,False,False,False
CGGAGCATGGCGATCC-1,4232,2096,ER,CID4290,Invasive cancer + stroma,1,39,67,4989,5280,4232,2096,4.8204158790170135,False,False,False,True,Invasive cancer + stroma,0.1827489920320336,0.004874752016698788,5.912954951893063e-05,0.0,0,0,2.896716708885921,4,51,0.0,0,0,0.46973633681637483,0.005912954951167994,0.0059129549511679445,0.005912954951168003,False,False,False,False
TAGCGTTGGGTCTTAC-1,2789,1598,ER,CID4290,Invasive cancer + stroma,1,38,68,4894,5334,2789,1598,3.5855145213338115,False,False,False,True,Invasive cancer + stroma,0.1501586442760522,0.00034115558612264586,0.01312767208822611,0.0,0,0,2.7592735000452397,4,24,0.0,0,0,0.0085288896530662,0.00852888965306583,0.008528889653066335,0.00852888965306622,False,False,False,False
GTAGCGGCTATACACT-1,3185,1674,ER,CID4290,Invasive cancer + stroma,1,39,69,4989,5389,3185,1674,6.562009419152276,False,False,False,True,Invasive cancer + stroma,0.11443053993515631,0.03342418501359401,0.0001434386376801974,0.0,0,0,2.527697577910792,4,21,0.0,0,0,1.4120670071973378,0.01434386376801974,0.11792931176951504,1.7980783186245284,True,False,True,False
TAACATACAATGTGGG-1,3112,1745,ER,CID4290,Invasive cancer + stroma,1,38,70,4894,5443,3112,1745,4.048843187660668,False,False,False,True,Invasive cancer + stroma,0.19877185550870305,0.048962435443867504,8.902953541822751e-05,0.23971037252089722,1,1,3.4040050834850173,4,42,0.0,0,0,2.876982300015519,0.00890295354182271,1.6116999675277153,0.3986583233016932,True,True,False,False
TCTTCGAATAGACGTT-1,1272,857,ER,CID4290,Invasive cancer + stroma,1,39,71,4989,5498,1272,857,4.245283018867925,False,False,False,True,Invasive cancer + stroma,0.15383560186419176,0.02630235961291863,5.7409843376950246e-05,0.0,0,0,2.384014413098057,3,11,0.0,0,0,2.613013008278787,0.005740984337691199,0.005740984337692508,0.005740984337692489,False,False,False,False
GATCGTGACTGATATC-1,3812,1973,ER,CID4290,Invasive cancer + stroma,1,38,72,4894,5553,3812,1973,6.08604407135362,False,False,False,True,Invasive cancer + stroma,0.17217542209646233,0.032896876964948626,5.798968304265377e-05,0.0,0,0,2.7117813975390384,4,36,0.0,0,0,0.00579896830426498,0.0057989683042651485,0.00579896830426498,3.272290791582068,True,False,True,False
GATCCGGGAATTAACA-1,2470,1472,ER,CID4290,Invasive cancer + stroma,1,39,73,4989,5607,2470,1472,3.3198380566801617,False,False,False,True,Invasive cancer + stroma,0.1609955158029815,0.02103295696373618,9.199556350937519e-05,0.0,0,0,2.978735982046815,4,22,0.0,0,0,0.009199556350936574,0.5259356485164922,0.009199556350937454,1.5589609351552518,False,False,False,False
TTATATACGCTGTCAC-1,3523,1864,ER,CID4290,Invasive cancer + stroma,1,38,74,4894,5662,3523,1864,5.960828839057621,False,False,False,True,Invasive cancer + stroma,0.2963852195463747,0.008101054937493314,8.963304111546782e-05,0.0,0,0,3.7192519081891264,4,84,0.0,0,0,0.00896330411154299,0.00896330411154445,0.008963304111543028,0.7832155814147009,False,True,False,False
GTCGCGTAACCCGTTG-1,1382,888,ER,CID4290,Invasive cancer + stroma,1,39,75,4989,5716,1382,888,7.814761215629522,False,False,False,True,Invasive cancer + stroma,0.14104339269167043,0.02698017583920378,6.229314371873511e-05,0.0,0,0,2.7732311664160205,4,9,0.0,0,0,0.006229314371877896,0.006229314371873328,0.006229314371873246,2.6793296408047538,False,False,False,False
AGCTCTAGACGTTCCA-1,2644,1475,ER,CID4290,Invasive cancer + stroma,1,38,76,4894,5771,2644,1475,4.387291981845689,False,False,False,True,Invasive cancer + stroma,0.19091561368501384,0.030672128679343887,5.941988262596353e-05,0.0,0,0,2.765964186066446,4,22,0.0,0,0,0.0059419882625967495,0.00594198826259639,0.31999594350354293,2.7353329479056527,False,False,False,False
GTCAAGCGGACTCGGG-1,3238,1682,ER,CID4290,Invasive cancer + stroma,1,39,77,4989,5826,3238,1682,8.060531192093885,False,False,False,True,Invasive cancer + stroma,0.0949532088095358,0.02245784526298099,9.170100639332774e-05,0.0,0,0,2.173561155054212,3,18,0.0,0,0,0.00917010063933726,0.009170100641149238,0.009170100639336832,2.2182742243782756,False,False,False,False
CGAGGGACTGCGGTCG-1,3945,1985,ER,CID4290,Invasive cancer + stroma,1,38,78,4894,5880,3945,1985,7.984790874524715,False,False,False,True,Invasive cancer + stroma,0.10848506608400192,0.009949161455355704,6.0761813696199406e-05,0.21044534446360244,1,1,2.6816142283069873,4,28,0.0,0,0,0.006076181369620167,0.0060761813696210785,0.976687601426709,0.006076181369620236,False,False,False,False
AATCGCCTCAGCGCCA-1,5539,2352,ER,CID4290,Invasive cancer + stroma,1,39,79,4989,5935,5539,2352,8.683877956309804,False,False,False,True,Invasive cancer + stroma,0.0731453697777776,0.0007163485832748026,6.431215069959381e-05,0.0,0,0,1.8374467361764064,3,26,0.0,0,0,0.0064312150699506005,0.0064312150699510195,0.05234121311762817,0.006431215069950475,False,False,False,False
CTTGTTGCTGAGTCAA-1,3745,1808,ER,CID4290,Invasive cancer + stroma,1,38,80,4893,5990,3745,1808,7.716955941255006,False,False,False,True,Invasive cancer + stroma,0.1515366284102881,0.00037018778931129743,9.254694732782466e-05,0.0,0,0,2.618557551232143,4,23,0.0,0,0,0.009254694732783416,0.009254694732781218,0.009254694732782497,0.009254694732782611,False,False,False,False
GATATGAGACACTAAC-1,5936,2524,ER,CID4290,Invasive cancer + stroma,1,39,81,4988,6044,5936,2524,7.69878706199461,False,False,False,True,Invasive cancer + stroma,0.11896819453811792,0.020021128193914967,9.514769795548741e-05,0.0,0,0,2.183256518275129,4,30,0.0,0,0,1.973568510004851,0.009514769795548316,0.00951476979554848,0.009514769795548989,False,False,False,False
TTATGATCTTAACGAA-1,9010,3239,ER,CID4290,Invasive cancer + stroma,1,38,82,4893,6099,9010,3239,6.958934517203108,False,False,False,True,Invasive cancer + stroma,0.17890234886528905,0.015050920651792376,9.416623261362647e-05,0.0,0,0,2.793844842027039,4,91,0.0,0,0,0.00941662326136195,0.18579354670683668,0.009416623261754771,1.3004652719492842,False,False,False,False
CGCCGCCCATGCCTGT-1,9258,3130,ER,CID4290,Invasive cancer + stroma,1,39,83,4988,6153,9258,3130,6.437675523871246,False,False,False,True,Invasive cancer + stroma,0.12320480489919461,0.00039152801346371136,9.788200353654295e-05,0.0,0,0,2.5850023659304338,4,63,0.0,0,0,0.009788200336565809,0.00978820033667341,0.009788200336566098,0.009788200336565819,False,False,False,False
CTGGGATAAATAATGG-1,18824,4886,ER,CID4290,Invasive cancer + stroma,1,38,84,4893,6208,18824,4886,7.6338716532086694,False,False,False,True,Invasive cancer + stroma,0.15079853242819388,0.010834311263417822,0.00010051975984845001,0.07101262033678846,1,1,3.025040972683292,4,187,0.0,0,0,0.010051975984822702,0.37013811838271143,0.01005197598309851,0.6931890559911497,False,False,False,False
GTGCCCGTTCGGATTC-1,15854,4389,ER,CID4290,Invasive cancer + stroma,1,39,85,4988,6263,15854,4389,7.966443799672007,False,False,False,True,Invasive cancer + stroma,0.13051912748679262,0.008024200789362458,6.53664915345888e-05,0.0,0,0,2.646150186278859,4,110,0.0,0,0,0.7828101314797262,0.006536649152299616,0.006536649151236999,0.006536649152982934,False,False,False,False
TTCAATACTCTGAATC-1,21576,5033,ER,CID4290,Invasive cancer + stroma,1,38,86,4893,6317,21576,5033,7.114386355209493,False,False,False,True,Invasive cancer + stroma,0.05184672464596817,0.010010609078860788,0.00010324351649392575,0.0,0,0,1.6230802696986626,4,52,0.0,0,0,0.01032435165242508,0.0103243516534854,0.010324351658419467,0.9700878529217489,False,False,False,False
CGCACATGTCCACTAC-1,14584,4316,ER,CID4290,Invasive cancer + stroma,1,39,87,4988,6372,14584,4316,3.9426769061985736,False,False,False,True,Invasive cancer + stroma,0.16927375610891318,0.006806200324965107,6.433837658145453e-05,0.0,0,0,3.1163909194150374,4,156,0.0,0,0,0.006433837658156448,0.00643383765826235,0.00643383765634507,0.6613185195237469,False,False,False,False
AGAAGAGCGCCGTTCC-1,1715,744,ER,CID4290,Invasive cancer + stroma,1,38,88,4893,6426,1715,744,6.4723032069970845,False,False,False,True,Invasive cancer + stroma,0.017419248688929908,0.00045959145922597406,0.00011489786476664319,0.0,0,0,0.48036424783546394,1,1,0.0,0,0,0.01148978647666419,0.011489786476565072,0.011489786492704022,0.011489786476664123,False,False,False,False
GATAACTCGCACTGTG-1,20954,5016,ER,CID4290,Invasive cancer + stroma,1,39,89,4988,6481,20954,5016,3.894244535649518,False,False,False,True,Invasive cancer + stroma,0.1248341997706809,0.004429715386393288,0.0020235300537330384,0.0,0,0,2.8754322579842837,4,169,0.13005755751993156,1,1,0.009966315397933714,0.009966315391534647,0.009966315388296336,0.4130725924615641,False,False,False,False
AGTCGACGGTCTCAAG-1,22166,4943,ER,CID4290,Invasive cancer + stroma,1,38,90,4893,6536,22166,4943,3.983578453487323,False,False,False,True,Invasive cancer + stroma,0.22132606441331182,0.0072166054561359095,0.00010061769518837428,0.0,0,0,3.2579453071373226,4,253,0.0,0,0,0.010061769522258027,0.010061769525758645,0.010061769525462566,0.6914752370401117,False,True,False,False
GTGACCGCACACTACG-1,11232,3496,ER,CID4290,Invasive cancer + stroma,1,39,91,4988,6590,11232,3496,3.579059829059829,False,False,False,True,Invasive cancer + stroma,0.08399638132328018,0.00025158614842160187,6.289653710783236e-05,0.0,0,0,1.9444335792839453,4,38,0.0,0,0,0.006289653710783287,0.006289653710783359,0.006289653709810256,0.006289653710783287,False,False,False,False
GTATGTGGGTCTAGTT-1,25768,5549,ER,CID4290,Invasive cancer + stroma,1,38,92,4893,6645,25768,5549,6.9582427817448,False,False,False,True,Invasive cancer + stroma,0.10205265358811187,0.00437729533991356,6.826873929006525e-05,0.0,0,0,2.347721629712655,4,125,0.0,0,0,0.4172489122028027,0.006826873928090917,0.006826873930832959,0.0068268739296294435,False,False,False,False
CTTGAGTTAGGGTAAT-1,19966,4685,ER,CID4290,Invasive cancer + stroma,1,39,93,4988,6700,19966,4685,5.228889111489532,False,False,False,True,Invasive cancer + stroma,0.11299250199960029,0.02937859508559285,9.906051788631616e-05,0.0,0,0,2.4444076922853246,4,99,0.0,0,0,0.00990605179045409,0.009906051792884086,0.009906051797701428,2.9081413531782454,False,False,False,False
TTAGCTGATTTGCCGT-1,19762,4748,ER,CID4290,Invasive cancer + stroma,1,38,94,4893,6754,19762,4748,5.470094120028337,False,False,False,True,Invasive cancer + stroma,0.12264561809845483,0.009976925890203379,6.821437750939086e-05,0.06824525170584791,1,1,2.5988028918191994,4,120,0.0,0,0,0.006821437751774036,0.006821437752123239,0.08176073845124968,0.902288975065191,False,False,False,False
GCTGTTGCTACCGAAC-1,36821,6045,ER,CID4290,Invasive cancer + stroma,1,39,95,4988,6809,36821,6045,5.7548681458950055,False,False,False,True,Invasive cancer + stroma,0.08209642618917584,0.011249613857372158,0.00010230821773824826,0.11235018779316526,2,3,2.255974004539951,4,140,0.0800878285465877,1,1,0.6378258882866716,0.36857043922576715,0.10833423645584203,0.010230821768934886,False,False,False,False
TATTACCATCCTGCTT-1,15792,4621,ER,CID4290,Invasive cancer + stroma,1,38,96,4893,6863,15792,4621,3.7930597771023304,False,False,False,True,Invasive cancer + stroma,0.11204139719328982,0.015699625289242302,9.246324853222415e-05,0.0,0,0,2.4580940780791725,4,100,0.0,0,0,0.009246324853076134,0.009246324853076535,0.009246324852413883,1.5422235543656637,False,False,False,False
TTGAATTCACGTGAGG-1,28993,5715,ER,CID4290,Invasive cancer + stroma,1,39,97,4988,6918,28993,5715,5.853136964094782,False,False,False,True,Invasive cancer + stroma,0.10143422170894145,0.02173593378106663,0.00010116625642324843,0.0,0,0,2.300928526065491,4,123,0.0,0,0,0.010116625640851685,0.010116625628825768,0.010116625650230696,2.1432435011867548,False,False,False,False
CCATCTCACCAGTGAA-1,11193,3213,ER,CID4290,Invasive cancer + stroma,1,38,98,4893,6973,11193,3213,6.888233717502009,False,False,False,True,Invasive cancer + stroma,0.11666497162198182,0.01794001825445947,9.662891084576178e-05,0.10639705926121774,1,1,2.70055288602288,4,91,0.0,0,0,0.009662891085992477,0.009662891083569674,0.009662891085371656,1.7650131521910133,False,False,False,False
CGCACGTGCGCTATCA-1,19471,4683,ER,CID4290,Invasive cancer + stroma,1,39,99,4988,7027,19471,4683,5.998664680807354,False,False,False,True,Invasive cancer + stroma,0.18697379190940736,0.015944875282073976,0.001118224205551819,0.0,0,0,3.1097633534064,4,228,0.0,0,0,0.009914786766604055,0.009914786763176014,0.023185190330619145,1.5514727643469983,False,False,False,False
ACCCGGATGACGCATC-1,7141,2536,ER,CID4290,Invasive cancer + stroma,1,38,100,4893,7082,7141,2536,7.6599915978154325,False,False,False,True,Invasive cancer + stroma,0.1459864414378556,0.037373608758585156,0.0001379318567726325,0.0,0,0,2.215095391216388,4,32,0.0,0,0,2.197392859024514,0.6808722609752251,0.013793185677263248,0.8453025701815139,True,False,True,False
CGCTAGAGACCGCTGC-1,6311,2277,ER,CID4290,Invasive cancer + stroma,1,39,101,4988,7137,6311,2277,7.114561876089367,False,False,False,True,Invasive cancer + stroma,0.12177734290007651,0.04887675804134372,9.585453608271496e-05,0.0,0,0,1.6594633477769403,3,22,0.0,0,0,0.00958545360827048,0.08566874051453016,0.04425039939739192,4.74817121061418,True,False,True,False
ATAGTTCCACCCACTC-1,3650,1815,ER,CID4290,Invasive cancer + stroma,1,38,102,4893,7191,3650,1815,5.013698630136986,False,False,False,True,Invasive cancer + stroma,0.12998662868515504,0.00024766066446440144,6.191516609836971e-05,0.0,0,0,2.5454721131274547,4,23,0.0,0,0,0.006191516609837837,0.006191516609838282,0.00619151661692634,0.006191516609837687,False,False,False,False
GCAGACCCAGCACGTA-1,5032,2374,ER,CID4290,Invasive cancer + stroma,1,39,103,4988,7246,5032,2374,5.007949125596185,False,False,False,True,Invasive cancer + stroma,0.12259427050371582,0.013007760607549141,6.0159730105537894e-05,0.0,0,0,2.685638738900507,4,34,0.0,0,0,0.006015973010553515,0.006015973010553927,0.006015973010553465,1.2827281417232532,False,False,False,False
TAGACTACCTAGCGTT-1,4584,2168,ER,CID4290,Invasive cancer + stroma,1,38,104,4893,7300,4584,2168,4.842931937172775,False,False,False,True,Invasive cancer + stroma,0.13439147418281996,0.022480786463550673,5.827280831089717e-05,0.0,0,0,2.7022227386292914,4,33,0.0,0,0,0.00582728083108968,0.005827280831089841,0.005827280831089594,2.2305968038617983,False,False,False,False
GGTTCTACTCGTCTGA-1,15755,4363,ER,CID4290,Invasive cancer + stroma,1,39,105,4988,7355,15755,4363,7.254839733417963,False,False,False,True,Invasive cancer + stroma,0.07439698028880357,0.01552215532755922,6.338863226327067e-05,0.0,0,0,1.9580704509654374,4,53,0.0,0,0,1.521419770667057,0.006338863228809523,0.006338863224181535,0.018118035635874104,False,False,False,False
GACTCACCCACGTGAG-1,6918,2711,ER,CID4290,Invasive cancer + stroma,1,38,106,4893,7410,6918,2711,6.77941601618965,False,False,False,True,Invasive cancer + stroma,0.14670459241823625,0.015681146036473925,9.138134964554807e-05,0.0,0,0,2.5681237160000445,4,38,0.0,0,0,1.5407001987544395,0.009138134964554588,0.00913813496384388,0.009138134964554505,False,False,False,False
AGCTCTTCGTAACCTT-1,9128,3467,ER,CID4290,Invasive cancer + stroma,1,39,107,4988,7464,9128,3467,4.666958808063103,False,False,False,True,Invasive cancer + stroma,0.20130601278152538,0.008234899547128985,5.879172884781476e-05,0.0,0,0,2.9546505930169484,4,90,0.0,0,0,0.005879172884781878,0.005879172884781552,0.005879172884976485,0.8058524360583587,False,True,False,False
ACTATCCAGGGCATGG-1,16923,4435,ER,CID4290,Invasive cancer + stroma,1,38,108,4893,7519,16923,4435,7.859126632393784,False,False,False,True,Invasive cancer + stroma,0.06236732962594108,0.009692338392961155,9.335568450887608e-05,0.0,0,0,1.9738186086413885,4,45,0.0,0,0,0.9412271339477319,0.009335568450851005,0.009335568446681833,0.009335568450850653,False,False,False,False
AAGGATCGATCGCTTG-1,15138,4363,ER,CID4290,Invasive cancer + stroma,1,39,109,4988,7573,15138,4363,6.506804069229753,False,False,False,True,Invasive cancer + stroma,0.11563653438792602,0.006366149642867944,6.205567776284765e-05,0.0,0,0,2.3856576701571934,4,67,0.0,0,0,0.6179982609580312,0.006205567776279314,0.006205567776205055,0.0062055677762789105,False,False,False,False
ATATCGGTAGGGAGAT-1,12879,3764,ER,CID4290,Invasive cancer + stroma,1,38,110,4893,7628,12879,3764,8.478919170743069,False,False,False,True,Invasive cancer + stroma,0.044372595434738614,0.017113224094547342,6.218176282379672e-05,0.0,0,0,1.2879349480736764,3,24,0.0,0,0,1.6926678806072621,0.006218176282429809,0.006218176282612114,0.006218176282430174,False,False,False,False
TTCCAGACGAGATTTA-1,10295,3347,ER,CID4290,Invasive cancer + stroma,1,39,111,4988,7683,10295,3347,7.110247693054881,False,False,False,True,Invasive cancer + stroma,0.07313639859154968,0.024698525386130488,6.162781203300507e-05,0.11311936830185138,1,1,2.200599831028779,4,54,0.0,0,0,1.9363295950776638,0.00616278120330111,0.006162781200080962,0.521197381132003,False,False,False,False
GACCGACGTGAAAGCA-1,11127,3749,ER,CID4290,Invasive cancer + stroma,1,38,112,4892,7737,11127,3749,7.513256043857284,False,False,False,True,Invasive cancer + stroma,0.11224949449227734,0.014149398172889393,5.865796762004879e-05,0.0,0,0,2.6364091827031833,4,79,0.0,0,0,0.005865796761996833,1.397342427003682,0.0058657967612637165,0.0058657967619966805,False,False,False,False
CCTGGAAACGTTCTGC-1,6791,2648,ER,CID4290,Invasive cancer + stroma,1,39,113,4987,7792,6791,2648,8.673243999410985,False,False,False,True,Invasive cancer + stroma,0.08956141060093874,0.023691827510170207,6.438761843719747e-05,0.0,0,0,2.3243773736490763,4,31,0.0,0,0,2.3498664654860004,0.006438761843720008,0.0064387618435803535,0.006438761843719852,False,False,False,False
CCGGTAATGGCTAGTC-1,6869,2655,ER,CID4290,Invasive cancer + stroma,1,38,114,4892,7846,6869,2655,9.171640704614937,False,False,False,True,Invasive cancer + stroma,0.09014614337853556,0.009882575807809255,5.982008281920677e-05,0.0,0,0,2.7348286763091245,4,51,0.2994863609154766,1,1,0.005982008281920287,0.34475492687812564,0.6315386373389589,0.0059820082819206175,False,False,False,False
GCCGTGGAAGAAATGT-1,4749,2163,ER,CID4290,Invasive cancer + stroma,1,39,115,4987,7901,4749,2163,7.959570435881239,False,False,False,True,Invasive cancer + stroma,0.2995861517360487,0.015078614453407772,6.093731216888016e-05,0.0,0,0,3.468021978697376,4,123,0.0,0,0,0.006093731216947854,0.0060937312169466904,0.006093731216947487,1.489580251689935,False,True,False,False
GTCTTGAGGAGCAGTG-1,3858,1877,ER,CID4290,Invasive cancer + stroma,1,38,116,4892,7956,3858,1877,6.842923794712286,False,False,False,True,Invasive cancer + stroma,0.07643256528253696,0.00022823858374991168,0.007890223099673696,0.0,0,0,2.3110784871850294,4,19,0.0,0,0,0.0057059645937480065,0.00570596459374769,0.005705964593747932,0.005705964593747541,False,False,False,False
TCCCAAAGCCCTAAAT-1,4799,2198,ER,CID4290,Invasive cancer + stroma,1,39,117,4987,8010,4799,2198,10.668889351948323,False,False,False,True,Invasive cancer + stroma,0.18144099529011565,0.02576117213261087,9.388136701996798e-05,0.0,0,0,3.1843866535002405,4,59,0.0,0,0,0.00938813670199214,0.009388136701994742,0.21134256415225763,2.3459983757048426,False,False,False,False
TTGAGCGCCACGTGAT-1,5624,2367,ER,CID4290,Invasive cancer + stroma,1,38,118,4892,8065,5624,2367,9.121621621621621,False,False,False,True,Invasive cancer + stroma,0.07433453064523737,0.00024146494718964393,0.0019773887464099044,0.0,0,0,2.231402790893976,4,23,0.0,0,0,0.006036623679741243,0.0060366236797410365,0.006036623679740948,0.006036623679741165,False,False,False,False
TTGAGTCCCGCTGCTG-1,3840,1830,ER,CID4290,Invasive cancer + stroma,1,39,119,4987,8120,3840,1830,11.901041666666666,False,False,False,True,Invasive cancer + stroma,0.06648602974782014,0.04417196065073506,0.012012658344560001,0.21368176393164798,1,1,1.8475942641219874,3,17,0.0,0,0,4.397366828330455,0.006609745581016892,0.006609745581016904,0.006609745581017162,True,False,False,False
ATGGAACCTTTGCACA-1,4858,2153,ER,CID4290,Invasive cancer + stroma,1,38,120,4892,8174,4858,2153,10.024701523260601,False,False,False,True,Invasive cancer + stroma,0.10759126039526604,0.00038139888697046037,9.534972174615473e-05,0.0,0,0,2.49603314641721,4,32,0.0,0,0,0.009534972174261112,0.009534972174261407,0.009534972174261755,0.009534972174261766,False,False,False,False
GCTAGCACCTGGGCCA-1,5612,2336,ER,CID4290,Invasive cancer + stroma,1,39,121,4987,8229,5612,2336,14.076977904490379,False,False,False,True,Invasive cancer + stroma,0.06783635944440833,0.02661389146917467,9.562597453868622e-05,0.0,0,0,1.5361495718660128,3,16,0.0,0,0,1.110755760961727,0.009562597453758965,0.00956259745375962,1.5315081910482216,False,False,False,False
CGCCGTCTACCCATCG-1,3456,1658,ER,CID4290,Invasive cancer + stroma,1,38,122,4892,8283,3456,1658,12.008101851851851,False,False,False,True,Invasive cancer + stroma,0.07255929235424481,0.0014469392416634362,6.346156843918619e-05,0.0,0,0,1.9820223091215594,4,10,0.0,0,0,0.006346156843918733,0.006346156843918546,0.1256554536345877,0.00634615684391866,False,False,False,False
AGATACCGGTGTTCAC-1,5311,2472,ER,CID4290,Invasive cancer + stroma,1,40,38,5085,3696,5311,2472,8.680097909998118,False,False,False,True,Invasive cancer + stroma,0.08775877621838864,0.013424291801852829,6.098028508063535e-05,0.0,0,0,1.9207452099362634,3,20,0.0,0,0,0.006098028508063685,0.0060980285080634855,0.006098028508063496,1.3241350946610921,False,False,False,False
GATTACTGAATTTGGG-1,4829,2359,ER,CID4290,Invasive cancer + stroma,1,41,39,5180,3750,4829,2359,8.925243321598675,False,False,False,True,Invasive cancer + stroma,0.05968420063236487,0.027882051877685096,5.794755998842095e-05,0.0,0,0,2.3850983584959633,4,22,0.0,0,0,0.009496096946226246,1.675422291685274,0.005794755998841991,1.0974920431381674,False,False,False,False
TCCAACTTTAAATTCT-1,5283,2452,ER,CID4290,Invasive cancer + stroma,1,40,40,5085,3805,5283,2452,6.871095968199886,False,False,False,True,Invasive cancer + stroma,0.11086065569558011,0.02196200228304778,6.53105792455284e-05,0.0,0,0,2.3996477049553895,4,25,0.0,0,0,0.0065310579245525194,0.006531057924552989,0.0065310579245527745,2.17660705453112,False,False,False,False
TCCTAGCAAAGAAGCT-1,4824,2279,ER,CID4290,Invasive cancer + stroma,1,41,41,5180,3860,4824,2279,8.188225538971809,False,False,False,True,Invasive cancer + stroma,0.08196815640643246,0.029306886836710306,5.935105282213709e-05,0.0,0,0,2.6788508220250846,4,32,0.0,0,0,2.912883367824391,0.005935105282212945,0.0059351052822133885,0.005935105282213497,False,False,False,False
GTCTATCTGAGTTTCT-1,2929,1597,ER,CID4290,Invasive cancer + stroma,1,40,42,5085,3914,2929,1597,8.330488221235917,False,False,False,True,Invasive cancer + stroma,0.08874267676227382,0.03594692982661045,5.89253039802241e-05,0.0,0,0,2.312948725256643,4,15,0.0,0,0,0.005892530398022438,1.4022128458983933,0.3660827535538459,1.820504852810783,True,False,True,False
GATGTTCAATCCACGA-1,2960,1626,ER,CID4290,Invasive cancer + stroma,1,41,43,5180,3969,2960,1626,5.9459459459459465,False,False,False,True,Invasive cancer + stroma,0.10548224096894195,0.006503890106943942,6.0969325932149066e-05,0.0,0,0,1.7430556876177972,3,12,0.0,0,0,0.006096932593582737,0.006096932593584595,0.006096932593582837,0.632098212913644,False,False,False,False
AGTTAAACACTTGCGA-1,7943,3145,ER,CID4290,Invasive cancer + stroma,1,40,44,5085,4023,7943,3145,8.284023668639055,False,False,False,True,Invasive cancer + stroma,0.05108498612577209,0.020683499691100168,5.9837316164631974e-05,0.0,0,0,2.0141312625983,4,25,0.0,0,0,0.005983731616346317,0.005983731616346406,0.005983731616163897,2.05039877426116,False,False,False,False
AGCTCTTTACTCAGTT-1,2327,1319,ER,CID4290,Invasive cancer + stroma,1,41,45,5180,4078,2327,1319,6.660936828534594,False,False,False,True,Invasive cancer + stroma,0.1055914739075784,0.00023900354915879968,5.975088727930138e-05,0.0,0,0,2.207965326157037,3,18,0.0,0,0,0.0059750887294084355,0.005975088730725465,0.005975088727873219,0.00597508872787285,False,False,False,False
ATCCAGGATTCGTGAA-1,3258,1774,ER,CID4290,Invasive cancer + stroma,1,40,46,5085,4133,3258,1774,6.261510128913445,False,False,False,True,Invasive cancer + stroma,0.1331825900801731,0.003945735413074836,4.149575803171921e-05,0.0,0,0,3.123638880558918,4,33,0.0,0,0,0.004149575803172511,0.00414957580317281,0.380862555440916,0.0054118342602222785,False,False,False,False
AGTCAACACCACCATC-1,4257,2025,ER,CID4290,Invasive cancer + stroma,1,41,47,5180,4187,4257,2025,7.892882311486963,False,False,False,True,Invasive cancer + stroma,0.11301535236848921,0.027799327290810374,6.593661643195706e-05,0.0,0,0,1.9718146856354015,4,15,0.0,0,0,2.7601517441514503,0.006593661643195824,0.006593661643195576,0.006593661643195749,False,False,False,False
CGATACCTCGCGGACA-1,4470,2197,ER,CID4290,Invasive cancer + stroma,1,40,48,5084,4242,4470,2197,6.9127516778523495,False,False,False,True,Invasive cancer + stroma,0.12093468111794571,0.026005770847772378,5.8614461391767665e-05,0.0,0,0,2.849303142774369,4,34,0.0,0,0,2.4310611465443785,0.005861446139176756,0.15779304595450613,0.005861446139176663,False,False,False,False
TACAACGCACAACTCA-1,4938,2428,ER,CID4290,Invasive cancer + stroma,1,41,49,5179,4297,4938,2428,5.629809639530174,False,False,False,True,Invasive cancer + stroma,0.10941512422622057,0.018270127244656344,6.337280301121997e-05,0.0,0,0,2.1583879368086216,3,27,0.0,0,0,0.006337280301121945,0.006337280301122038,0.6148607742583536,1.199477389605037,False,False,False,False
AATTAAAGGTCGGCGT-1,2987,1630,ER,CID4290,Invasive cancer + stroma,1,40,50,5084,4351,2987,1630,3.4817542684968195,False,False,False,True,Invasive cancer + stroma,0.11699887454030672,0.010568786835675317,5.7791285560242434e-05,0.0,0,0,2.842619880528598,4,27,0.0,0,0,1.039541297889796,0.005779128556021749,0.0057791285656899095,0.005779128556024112,False,False,False,False
TACGCAGTTCTTTCCT-1,4022,2041,ER,CID4290,Invasive cancer + stroma,1,41,51,5179,4406,4022,2041,6.116360019890601,False,False,False,True,Invasive cancer + stroma,0.11871867293899756,0.0022015974924120274,6.277806605760385e-05,0.0,0,0,2.67946439981342,4,33,0.0,0,0,0.20132632942392123,0.00627780660576061,0.006277806605760416,0.006277806605760497,False,False,False,False
GACCGTGCTGACGGTG-1,9229,3178,ER,CID4290,Invasive cancer + stroma,1,40,52,5084,4460,9229,3178,8.451619893812982,False,False,False,True,Invasive cancer + stroma,0.09041837486454504,0.021435483991755874,9.237330154260114e-05,0.12234480931416841,1,1,2.2728760006784503,4,39,0.0,0,0,0.009237330154465017,0.009237330152657116,0.009237330153609946,2.115836408714855,False,False,False,False
GGCAAATTACTTTACT-1,9539,3241,ER,CID4290,Invasive cancer + stroma,1,41,53,5179,4515,9539,3241,9.319635181884893,False,False,False,True,Invasive cancer + stroma,0.08736409830183595,0.02086790193812504,6.859004526917466e-05,0.0,0,0,2.3432051954671973,4,63,0.0,0,0,2.0662131802341333,0.006859004526803113,0.006859004524764633,0.0068590045268030475,False,False,False,False
GGTACAAACATGCTAT-1,31164,6046,ER,CID4290,Invasive cancer + stroma,1,40,54,5084,4570,31164,6046,8.407136439481452,False,False,False,True,Invasive cancer + stroma,0.03693289346442325,0.0004403981196931227,7.06183348152787e-05,0.0,0,0,1.635824171441808,4,61,0.0,0,0,0.0070618334829237,0.007061833488697618,0.007061833481935356,0.022854311515755597,False,False,False,False
CGGGCCTTCTTTGTAA-1,10685,3542,ER,CID4290,Invasive cancer + stroma,1,41,55,5179,4624,10685,3542,8.600842302292934,False,False,False,True,Invasive cancer + stroma,0.09763467592437083,0.02029916357991504,6.529305730531961e-05,0.11009465185704398,1,1,2.8098343292502475,4,73,0.0,0,0,1.7088173817735581,0.006529305730477007,0.006529305726975082,0.308040364760494,False,False,False,False
CGTGAAGTTAATTCAC-1,12661,3990,ER,CID4290,Invasive cancer + stroma,1,40,56,5084,4679,12661,3990,7.424374062080405,False,False,False,True,Invasive cancer + stroma,0.09026531850428461,0.012986567492584993,9.052655894403736e-05,0.0,0,0,2.4142146274186906,4,63,0.0,0,0,0.00905265589440516,0.009052655894404994,0.0163642383021004,1.2641871991675888,False,False,False,False
ATAGTGAAGCGTTCTC-1,5845,2664,ER,CID4290,Invasive cancer + stroma,1,41,57,5179,4734,5845,2664,5.406330196749359,False,False,False,True,Invasive cancer + stroma,0.13794173788722786,0.00880936380737969,0.012942277254734826,0.0,0,0,2.810396520013232,4,47,0.0,0,0,0.006121060550316252,0.006121060550316302,0.006121060550315901,0.8625731990870205,False,False,False,False
TACGCCATATTCTAAT-1,16223,4601,ER,CID4290,Invasive cancer + stroma,1,40,58,5084,4788,16223,4601,5.726437773531406,False,False,False,True,Invasive cancer + stroma,0.0874596761242848,0.010488026494923088,6.23349862055005e-05,0.0,0,0,2.3300369876500167,4,92,0.0,0,0,0.006233498620203393,1.0301021536320292,0.00623349861987273,0.006233498620203556,False,False,False,False
GCCGGGTTAGGGTCGC-1,10277,3496,ER,CID4290,Invasive cancer + stroma,1,41,59,5179,4843,10277,3496,7.716259608835263,False,False,False,True,Invasive cancer + stroma,0.09138659641314477,0.013060423204662802,6.632524965185108e-05,0.0,0,0,2.379659127401669,4,56,0.0,0,0,1.286144745571318,0.006632524964982963,0.006632524964995507,0.006632524964983794,False,False,False,False
TACATAGGCATACACC-1,20341,5069,ER,CID4290,Invasive cancer + stroma,1,40,60,5084,4897,20341,5069,6.332038739491668,False,False,False,True,Invasive cancer + stroma,0.1651931164708869,0.00027254366676160647,0.0017483530737076162,0.0,0,0,3.103051853214521,4,198,0.13328712651531052,1,1,0.006813591668666532,0.006813591668487375,0.006813591670340128,0.006813591668666611,False,False,False,False
GCCGATTGGCCAAGCT-1,13018,3832,ER,CID4290,Invasive cancer + stroma,1,41,61,5179,4952,13018,3832,7.904440006145337,False,False,False,True,Invasive cancer + stroma,0.09495182803073669,0.0002681295721498601,6.434719069337096e-05,0.0,0,0,2.4938542604223635,4,70,0.0,0,0,0.007508800005291739,0.006434719069515915,0.006434719070809062,0.006434719069369292,False,False,False,False
CTGCCATGCATCACAT-1,9189,3175,ER,CID4290,Invasive cancer + stroma,1,40,62,5084,5007,9189,3175,6.692784851452823,False,False,False,True,Invasive cancer + stroma,0.10287823323263817,0.012064295604576716,0.010242880500106862,0.0,0,0,2.730855855539873,4,80,0.0,0,0,0.5724638278468133,0.6207262283861716,0.006619752112175534,0.006619752112511167,False,False,False,False
TTATGAATGAAAGGGA-1,3519,1816,ER,CID4290,Invasive cancer + stroma,1,41,63,5179,5061,3519,1816,4.8025007104291,False,False,False,True,Invasive cancer + stroma,0.08516968890065678,0.00025587142760840476,6.396785692160806e-05,0.0,0,0,2.455791541804125,4,22,0.0,0,0,0.00639678569021041,0.006396785690208545,0.00639678569021087,0.00639678569021065,False,False,False,False
GCTGAGGCGTGAGTAT-1,8104,2941,ER,CID4290,Invasive cancer + stroma,1,40,64,5084,5116,8104,2941,5.35538005923001,False,False,False,True,Invasive cancer + stroma,0.09567582142531533,0.010584418258885621,0.00037805309140976734,0.0,0,0,2.63084164126052,4,47,0.0,0,0,0.34156909710830996,0.009433031982583901,0.009433031979408826,0.6980066648182593,False,False,False,False
GCGCCGTTCCACGATA-1,1692,1093,ER,CID4290,Invasive cancer + stroma,1,41,65,5179,5170,1692,1093,3.1914893617021276,False,False,False,True,Invasive cancer + stroma,0.10183119977736836,0.00022899088780879294,5.724772195220194e-05,0.0,0,0,2.4506405690013118,3,18,0.0,0,0,0.00572477219521956,0.005724772195219915,0.005724772195219915,0.005724772195219905,False,False,False,False
CGCATGGTGCGATGCT-1,2719,1521,ER,CID4290,Invasive cancer + stroma,1,40,66,5084,5225,2719,1521,4.229496138286135,False,False,False,True,Invasive cancer + stroma,0.1107194078861101,0.0002464572579636337,0.025170163873580162,0.0,0,0,2.170662939810378,3,20,0.0,0,0,0.006161431449090909,0.006161431449090839,0.006161431449090799,0.006161431449090819,False,False,False,False
AGGTTTCACACACCTT-1,3254,1748,ER,CID4290,Invasive cancer + stroma,1,41,67,5179,5280,3254,1748,5.716041794714198,False,False,False,True,Invasive cancer + stroma,0.09640063841432345,0.0002497059581541548,6.242648960452443e-05,0.0,0,0,2.4488967143626525,4,19,0.0,0,0,0.00624264895385402,0.006242648953853652,0.006242648953853815,0.006242648953853989,False,False,False,False
CAAGGATCGCATGTTC-1,1581,1030,ER,CID4290,Invasive cancer + stroma,1,40,68,5084,5334,1581,1030,3.731815306767868,False,False,False,True,Invasive cancer + stroma,0.12224435638884339,0.00036796887331310725,9.199221824999003e-05,0.0,0,0,2.868878242942095,4,16,0.0,0,0,0.009199221832012142,0.009199221832012936,0.009199221835273306,0.009199221832012341,False,False,False,False
ACGTTAATGTCGAAGA-1,2427,1437,ER,CID4290,Invasive cancer + stroma,1,41,69,5179,5389,2427,1437,6.551297898640297,False,False,False,True,Invasive cancer + stroma,0.16702569429756686,0.0003883647279782519,0.034201121709466466,0.0,0,0,2.249052184288948,3,16,0.0,0,0,0.00970911819945656,0.009709118199456315,0.009709118199456229,0.009709118199456085,False,False,False,False
TCCAGAGCACCGGTTC-1,3088,1546,ER,CID4290,Invasive cancer + stroma,1,40,70,5084,5443,3088,1546,6.0880829015544045,False,False,False,True,Invasive cancer + stroma,0.0687781614321805,0.05097245488834186,8.995139165074027e-05,0.0,0,0,2.2111538773157555,4,12,0.0,0,0,1.272499688473597,0.008995139165075997,0.008995139165073699,3.8067555220304388,True,False,True,False
GATTCGACGGTTCACG-1,1002,680,ER,CID4290,Invasive cancer + stroma,1,41,71,5179,5498,1002,680,4.790419161676647,False,False,False,True,Invasive cancer + stroma,0.12237150129353502,0.0002402755803139931,0.037810306349893914,0.0,0,0,2.1805062471400496,3,7,0.0,0,0,0.00596419649091175,0.0059641964909111275,0.005964196490911711,0.00613496855866472,False,False,False,False
GTTTCTGCAGTCTCCC-1,1276,841,ER,CID4290,Invasive cancer + stroma,1,40,72,5084,5553,1276,841,3.761755485893417,False,False,False,True,Invasive cancer + stroma,0.11056153194811909,0.023974872209492466,5.484589045315944e-05,0.0,0,0,2.827748710330069,4,10,0.0,0,0,0.005484589045315336,0.0054845890453156226,0.8443542537470354,1.54216378911158,False,False,False,False
GCTGCACGGTTTCTTA-1,986,692,ER,CID4290,Invasive cancer + stroma,1,41,73,5179,5607,986,692,2.535496957403651,False,False,False,True,Invasive cancer + stroma,0.14555391728546813,0.010360823922297667,9.714971805212584e-05,0.0,0,0,2.0885063085556226,2,13,0.0,0,0,0.009714971805206878,0.009714971804782677,1.006937476814662,0.00971497180511514,False,False,False,False
GTGTTACTATGCGTCC-1,1762,1059,ER,CID4290,Invasive cancer + stroma,1,41,75,5179,5717,1762,1059,7.207718501702611,False,False,False,True,Invasive cancer + stroma,0.11760433313645145,0.061995556163838374,6.272062780555583e-05,0.0,0,0,1.9798131708010331,3,7,0.0,0,0,1.6203641379088929,0.0062720627805487456,0.006272062780553814,4.566647352913842,True,False,True,False
TCCTCGGGCTGGGCTT-1,1581,972,ER,CID4290,Invasive cancer + stroma,1,40,76,5084,5771,1581,972,5.566097406704618,False,False,False,True,Invasive cancer + stroma,0.17794522481194194,0.025145210756870158,9.382922644683367e-05,0.0,0,0,2.9351219962549067,4,13,0.0,0,0,0.009382922644614518,0.009382922644615632,0.00938292264461269,2.486372307753173,False,False,False,False
GTGAGGACACTTAAGG-1,3749,1748,ER,CID4290,Invasive cancer + stroma,1,41,77,5179,5826,3749,1748,6.641771138970393,False,False,False,True,Invasive cancer + stroma,0.10731917395897712,0.015301226068966388,9.444771051036376e-05,0.0,0,0,2.1757372765907084,3,21,0.0,0,0,0.009444771051032898,0.009444771051035406,0.009444771051035406,1.501788293743535,False,False,False,False
ATACGCCGGCGAAACC-1,4113,1953,ER,CID4290,Invasive cancer + stroma,1,40,78,5084,5880,4113,1953,6.929248723559446,False,False,False,True,Invasive cancer + stroma,0.1218519641456617,0.00024188199357025466,6.04704983963615e-05,0.0,0,0,2.988410107672525,4,38,0.0,0,0,0.0060470498392566005,0.006047049839256088,0.006047049839256117,0.0060470498392566595,False,False,False,False
TCTGCCAGAAACTGCA-1,7706,2731,ER,CID4290,Invasive cancer + stroma,1,41,79,5179,5935,7706,2731,11.39371917985985,False,False,False,True,Invasive cancer + stroma,0.10442161481203087,0.00038597344320741967,9.649336079936082e-05,0.0,0,0,2.6638260130609934,4,47,0.0,0,0,0.009649336080149045,0.009649336080149088,0.009649336080294614,0.009649336080149222,False,False,False,False
TTCTGCGGGTTAGCGG-1,5840,2418,ER,CID4290,Invasive cancer + stroma,1,40,80,5084,5990,5840,2418,9.143835616438356,False,False,False,True,Invasive cancer + stroma,0.07743815330232494,0.013044867504471697,0.006038628365774327,0.0,0,0,2.2441900266551094,4,24,0.0,0,0,0.009610980127508918,0.009610980127509598,0.009610980123614053,1.275653810068537,False,False,False,False
CTCGGTACCACTGCTC-1,5242,2125,ER,CID4290,Invasive cancer + stroma,1,41,81,5179,6044,5242,2125,9.290347195726822,False,False,False,True,Invasive cancer + stroma,0.08186821649753537,0.007989829205246867,9.368072096933578e-05,0.0,0,0,1.902931076645293,4,20,0.0,0,0,0.009368072096933482,0.00936807209693282,0.009368072096934176,0.7708787042338863,False,False,False,False
GTAAGTAACAGTCTGG-1,5946,2673,ER,CID4290,Invasive cancer + stroma,1,40,82,5083,6099,5946,2673,7.147662293979145,False,False,False,True,Invasive cancer + stroma,0.14794426318871864,0.017299431375213482,0.0009145442354251506,0.0,0,0,2.712403741997132,4,54,0.0,0,0,0.009684287565761488,0.009684287565759323,0.009684287565761488,1.700890274824066,False,False,False,False
GTGCGTGTATATGAGC-1,4376,1980,ER,CID4290,Invasive cancer + stroma,1,41,83,5178,6154,4376,1980,6.855575868372943,False,False,False,True,Invasive cancer + stroma,0.13059893122034125,0.0053210128023294815,6.30649466894452e-05,0.0,0,0,2.0819985871746676,3,25,0.0,0,0,0.5131817962218833,0.006306494670912214,0.006306494670076116,0.006306494670076477,False,False,False,False
ATTTGTCTTGGGAGCT-1,10069,3386,ER,CID4290,Invasive cancer + stroma,1,40,84,5083,6208,10069,3386,8.729764624093752,False,False,False,True,Invasive cancer + stroma,0.08536757068988818,0.013475375605925991,6.31077057033643e-05,0.0,0,0,2.0393476506183514,4,35,0.0,0,0,0.006310770570648654,0.006310770570720512,0.00631077057049668,1.3286052488807332,False,False,False,False
CCTCGGACCGGGATAG-1,6978,2728,ER,CID4290,Invasive cancer + stroma,1,41,85,5178,6263,6978,2728,6.893092576669532,False,False,False,True,Invasive cancer + stroma,0.1262631969510126,0.017316739400606386,8.943409946613324e-05,0.14819267425853228,1,1,2.7449367198281696,4,45,0.0,0,0,1.574702895639818,0.008943409946614193,0.1390842245275927,0.008943409946613518,False,False,False,False
TAGGTGCTCGCCTAGC-1,15126,4167,ER,CID4290,Invasive cancer + stroma,1,40,86,5083,6317,15126,4167,6.961523205077351,False,False,False,True,Invasive cancer + stroma,0.1453544689147388,0.003622964539931204,9.304086401886143e-05,0.0,0,0,2.826723473555539,4,119,0.0,0,0,0.009304086401886217,0.11982173950366246,0.00930408640219942,0.22386654168537234,False,False,False,False
CTTTAGGAACACTGTT-1,7557,2908,ER,CID4290,Invasive cancer + stroma,1,41,87,5178,6372,7557,2908,6.034140531957126,False,False,False,True,Invasive cancer + stroma,0.14188756945008046,0.011535203158301744,6.048035782073288e-05,0.0,0,0,2.8384908503214503,4,80,0.0,0,0,1.1353762084839545,0.006048035782073377,0.006048035782073268,0.006048035782073367,False,False,False,False
TCGGGCCGTCGTGGTA-1,5215,2371,ER,CID4290,Invasive cancer + stroma,1,40,88,5083,6427,5215,2371,2.358581016299137,False,False,False,True,Invasive cancer + stroma,0.1812390646241386,0.0008905989709018558,5.670298739126594e-05,0.0,0,0,3.004697773931379,4,66,0.0,0,0,0.005670298739125726,0.005670298739126279,0.07204900087280663,0.005670298739126945,False,False,False,False
AGTGCTTGCACGAATA-1,16909,4405,ER,CID4290,Invasive cancer + stroma,1,41,89,5178,6481,16909,4405,4.1457212135549115,False,False,False,True,Invasive cancer + stroma,0.11658060128762877,0.003592359208654689,9.429581545653334e-05,0.0,0,0,2.519218137124825,4,97,0.0,0,0,0.009429581543670401,0.24418950809254955,0.09618724968557865,0.009429581543670284,False,False,False,False
TGCAGTTTCCTCCCAT-1,10374,3262,ER,CID4290,Invasive cancer + stroma,1,40,90,5083,6536,10374,3262,4.289570079043763,False,False,False,True,Invasive cancer + stroma,0.11321520006972381,0.009542616752441757,0.0034561974760538724,0.0,0,0,2.643372041474623,4,73,0.0,0,0,0.009910366012705178,0.0099103660127051,0.009910366011026784,0.9245305772077387,False,False,False,False
TGAGAGATTTACCACG-1,7483,2568,ER,CID4290,Invasive cancer + stroma,1,41,91,5178,6590,7483,2568,5.21181344380596,False,False,False,True,Invasive cancer + stroma,0.12026151819865066,0.008802583047784775,9.776135819753525e-05,0.0,0,0,2.461403349541709,4,47,0.0,0,0,0.00977613581975319,0.009776135819751598,0.009776135821664428,0.8509298973173084,False,False,False,False
GAAACAGATGACCACC-1,18138,4545,ER,CID4290,Invasive cancer + stroma,1,40,92,5083,6645,18138,4545,4.107398831183151,False,False,False,True,Invasive cancer + stroma,0.10739102346239014,0.004833171645427538,6.730181426154679e-05,0.07318529848827425,1,1,2.206969904570061,4,92,0.0,0,0,0.4631266202703467,0.006730181424035043,0.00673018142300773,0.006730181425364289,False,False,False,False
AGCAACATATCTTATT-1,1340,859,ER,CID4290,Invasive cancer + stroma,1,41,93,5178,6700,1340,859,4.104477611940299,False,False,False,True,Invasive cancer + stroma,0.10933496805434559,0.00024209000096351687,6.0522500289415785e-05,0.0,0,0,2.083185314134594,3,7,0.0,0,0,0.006052250024088156,0.006052250024084981,0.006052250024089291,0.0060522500240892604,False,False,False,False
CAAGTGTGGTTGCAAA-1,39487,6298,ER,CID4290,Invasive cancer + stroma,1,40,94,5083,6754,39487,6298,5.837364195811279,False,False,False,True,Invasive cancer + stroma,0.04341918253347459,0.0004708062562742737,7.212598781685557e-05,0.0,0,0,1.7403163672023623,4,87,0.0,0,0,0.007212598783021103,0.007212598788769015,0.025442829271340194,0.007212598784297059,False,False,False,False
GCCTCATCTGGAAATA-1,27953,5732,ER,CID4290,Invasive cancer + stroma,1,41,95,5178,6809,27953,5732,4.114048581547598,False,False,False,True,Invasive cancer + stroma,0.0922834878881721,0.0017538628219356707,6.351957008579502e-05,0.0,0,0,2.2433479137301338,4,112,0.0,0,0,0.006351957008829943,0.006351957007456387,0.006351957010794342,0.15633041116648638,False,False,False,False
AACCCTACTGTCAATA-1,43980,6704,ER,CID4290,Invasive cancer + stroma,1,40,96,5083,6863,43980,6704,5.993633469758981,False,False,False,True,Invasive cancer + stroma,0.0940225530766854,0.002942790585652456,9.920977659994504e-05,0.0,0,0,2.2748337096252595,4,196,0.0,0,0,0.009920977659629217,0.06546618490526784,0.009920977672605026,0.20897091832774353,False,False,False,False
ACGTATTACTCCGATC-1,24161,5498,ER,CID4290,Invasive cancer + stroma,1,41,97,5178,6918,24161,5498,2.545424444352469,False,False,False,True,Invasive cancer + stroma,0.14749566792836394,0.023169452374013324,9.029183070428064e-05,0.0,0,0,2.90921023846231,4,240,0.0,0,0,0.00902918307215585,0.009029183067665973,0.00902918307691864,2.289857688184592,False,False,False,False
TCTGGGAACCTTTGAA-1,31856,5851,ER,CID4290,Invasive cancer + stroma,1,40,98,5083,6973,31856,5851,4.510924158714214,False,False,False,True,Invasive cancer + stroma,0.08842721345537453,0.003973501017240682,6.50175390951328e-05,0.0,0,0,2.2730227267366234,4,149,0.0,0,0,0.377844839987671,0.00650175391530683,0.0065017539109865135,0.0065017539101038324,False,False,False,False
GCTCGCTCATGTCCAA-1,21657,4568,ER,CID4290,Invasive cancer + stroma,1,41,99,5178,7027,21657,4568,4.132613011959182,False,False,False,True,Invasive cancer + stroma,0.15685195396426907,0.006505705180648347,0.0031690755541532068,0.0,0,0,3.085670876082039,4,218,0.0,0,0,0.07734190722298294,0.009410503246063915,0.009410503250316638,0.5544076043454711,False,False,False,False
GCGCAAGAGCGCGCTG-1,11483,3227,ER,CID4290,Invasive cancer + stroma,1,40,100,5083,7082,11483,3227,5.695375772881651,False,False,False,True,Invasive cancer + stroma,0.07270822782977635,0.026290882892107438,9.61335504936655e-05,0.0,0,0,1.907838789490783,4,33,0.0,0,0,0.009613355049286494,0.009613355049309321,0.009613355052495743,2.6002482240596523,False,False,False,False
TTGACGCTCCATGAGC-1,2921,1546,ER,CID4290,Invasive cancer + stroma,1,41,101,5178,7137,2921,1546,4.416295789113318,False,False,False,True,Invasive cancer + stroma,0.1736469232003189,0.010974746007895336,8.711484601776106e-05,0.0,0,0,2.840378571709703,4,28,0.0,0,0,0.008711484601773177,0.008711484601772759,0.008711484601772899,1.0713401469842148,False,False,False,False
TATAGATGGTCGCAGT-1,6522,2633,ER,CID4290,Invasive cancer + stroma,1,40,102,5083,7191,6522,2633,6.807727690892364,False,False,False,True,Invasive cancer + stroma,0.10369371821229205,0.01969476866612744,5.9489800254954424e-05,0.0,0,0,2.358297595873604,4,28,0.0,0,0,1.9516299265362584,0.005948980025494997,0.005948980025495472,0.005948980025495424,False,False,False,False
TTACATGCCACAACTA-1,5309,2133,ER,CID4290,Invasive cancer + stroma,1,41,103,5178,7246,5309,2133,5.029195705405915,False,False,False,True,Invasive cancer + stroma,0.09711521954953717,0.09354576655635939,0.00014975960542436243,0.0,0,0,2.1813278704901333,4,18,0.0,0,0,1.9868867174044962,0.014975960542436243,0.014975960542436243,7.337738017146571,True,False,True,False
ACATGGCGCCAAAGTA-1,4672,2202,ER,CID4290,Invasive cancer + stroma,1,40,104,5083,7300,4672,2202,4.5590753424657535,False,False,False,True,Invasive cancer + stroma,0.18048192075605538,0.006841455862932711,6.211691533046374e-05,0.0,0,0,2.7839405853379695,4,40,0.0,0,0,0.006211691533045727,0.1453276817057353,0.006211691533045787,0.5263945215214444,False,False,False,False
TATGGTTAGTGGGAGA-1,3636,1805,ER,CID4290,Invasive cancer + stroma,1,41,105,5178,7355,3636,1805,6.050605060506051,False,False,False,True,Invasive cancer + stroma,0.1953754442023554,0.03829789707621454,0.00340339199474778,0.0,0,0,3.0862672418385606,4,53,0.0,0,0,0.008846051460667212,0.008846051460667272,0.008846051460667352,3.803251553239452,True,True,True,False
CATGACTTCGCTGAAT-1,6925,2923,ER,CID4290,Invasive cancer + stroma,1,40,106,5083,7410,6925,2923,4.259927797833935,False,False,False,True,Invasive cancer + stroma,0.2586093600648956,0.0003578880244647577,0.0038153190852158424,0.0,0,0,2.9820311088417637,4,67,0.0,0,0,0.008947200611619046,0.008947200611618885,0.008947200611618814,0.008947200611619027,False,True,False,False
ACCACCAATGTAACAA-1,9869,3654,ER,CID4290,Invasive cancer + stroma,1,41,107,5178,7464,9869,3654,4.417874151383119,False,False,False,True,Invasive cancer + stroma,0.22433851268609903,0.028664515261291695,6.122859388337629e-05,0.0,0,0,3.113746938763344,4,123,0.0,0,0,0.006122859388337747,0.006122859388337559,0.006122859388380981,2.848082947964113,False,True,False,False
TCTTAGAGCTCCAATT-1,14717,4717,ER,CID4290,Invasive cancer + stroma,1,40,108,5083,7519,14717,4717,2.826663042739689,False,False,False,True,Invasive cancer + stroma,0.24737199633051196,0.03821283593596684,6.053778996093028e-05,0.0,0,0,3.220870381951042,4,182,0.2860753974490156,1,2,0.00605377899610581,0.006053778996191282,0.00605377899482428,3.8031222566095626,True,True,True,False
CCACGAATTTAACCTC-1,18011,4738,ER,CID4290,Invasive cancer + stroma,1,41,109,5178,7574,18011,4738,5.924157459330409,False,False,False,True,Invasive cancer + stroma,0.060696845605108525,0.014455000936961036,6.319172768066654e-05,0.0,0,0,1.7280056781444584,4,46,0.0,0,0,0.7750588761990109,0.006319172765264002,0.006319172766978184,0.6578028719648504,False,False,False,False
TTCTTGCTAGCATCTC-1,21014,4926,ER,CID4290,Invasive cancer + stroma,1,40,110,5083,7628,21014,4926,5.315503949747788,False,False,False,True,Invasive cancer + stroma,0.047356301655647394,0.00526522471993612,6.672100488499445e-05,0.0,0,0,1.557147410151702,4,35,0.0,0,0,0.5065061705296958,0.006672100488269275,0.006672100485093272,0.006672100490553632,False,False,False,False
ACACCTTACTACTTGC-1,19464,4715,ER,CID4290,Invasive cancer + stroma,1,41,111,5178,7683,19464,4715,8.569667077681874,False,False,False,True,Invasive cancer + stroma,0.09433835855581692,0.02107266734208992,6.635915586007775e-05,0.0,0,0,2.2975337427651166,4,87,0.0,0,0,1.2606042296647089,0.006635915588981181,0.006635915588225289,0.8333906733670763,False,False,False,False
AGTCGGTTGCGTGAGA-1,12128,3667,ER,CID4290,Invasive cancer + stroma,1,40,112,5083,7737,12128,3667,8.237137203166228,False,False,False,True,Invasive cancer + stroma,0.10425445891855661,0.013148179375269946,9.334642419838056e-05,0.0,0,0,2.4845706481097665,4,81,0.0,0,0,0.5495865424621014,0.009334642419965657,0.00933464242088905,0.7465621102240385,False,False,False,False
ACCTACAGTATGTGGT-1,8331,2936,ER,CID4290,Invasive cancer + stroma,1,41,113,5178,7792,8331,2936,9.71071900132037,False,False,False,True,Invasive cancer + stroma,0.11519979274103061,0.0027910700281696312,6.580848672827782e-05,0.0,0,0,2.658891930541175,4,61,0.0,0,0,0.25936445679897524,0.00658084867282761,0.006580848672332513,0.0065808486728277495,False,False,False,False
GAGGATAAACAGTGCT-1,7248,2799,ER,CID4290,Invasive cancer + stroma,1,40,114,5083,7847,7248,2799,9.064569536423841,False,False,False,True,Invasive cancer + stroma,0.10975387650037245,0.019312787781488042,9.506733448369611e-05,0.0,0,0,2.5959600796032776,4,44,0.0,0,0,0.009506733448220098,0.009506733448220065,0.3923562965326593,1.5199090147197047,False,False,False,False
GGAGGCCGAAGTCGTC-1,5763,2331,ER,CID4290,Invasive cancer + stroma,1,40,116,5082,7956,5763,2331,9.873329862918618,False,False,False,True,Invasive cancer + stroma,0.1404994800731567,0.00025484962343330094,6.371240533189877e-05,0.0,0,0,3.027089732057721,4,55,0.0,0,0,0.00637124058583338,0.006371240585829851,0.006371240585833578,0.006371240585833287,False,False,False,False
TTCGCTAGGAAGTTGT-1,3098,1498,ER,CID4290,Invasive cancer + stroma,1,41,117,5177,8010,3098,1498,8.586184635248548,False,False,False,True,Invasive cancer + stroma,0.07977855874089416,0.025094097821881562,6.006183854145285e-05,0.0,0,0,2.3632797204663762,4,15,0.0,0,0,0.006006183854145305,0.006006183854142829,0.006006183854145158,2.4913912306257227,False,False,False,False
TAAAGACAACCCTTTA-1,5529,2331,ER,CID4290,Invasive cancer + stroma,1,40,118,5082,8065,5529,2331,8.862362090793996,False,False,False,True,Invasive cancer + stroma,0.25938900229336453,0.0007376739318731632,8.808612955142708e-05,0.0,0,0,3.7903400256624704,4,133,0.0,0,0,0.00880861293961349,0.04734155436847938,0.00880861293960918,0.008808612939614264,False,True,False,False
GTTGCGCTAACATTAC-1,5034,2281,ER,CID4290,Invasive cancer + stroma,1,41,119,5177,8120,5034,2281,9.177592371871276,False,False,False,True,Invasive cancer + stroma,0.06108203529665938,0.005251267314275266,6.318177679513951e-05,0.0,0,0,2.063194021749715,4,17,0.0,0,0,0.006318177687438754,0.006318177687441339,0.00631817768743755,0.506172198365209,False,False,False,False
GCTGAACTCTCCAGGG-1,4773,2094,ER,CID4290,Invasive cancer + stroma,1,40,120,5082,8174,4773,2094,11.334590404357845,False,False,False,True,Invasive cancer + stroma,0.052050357173066726,0.002602766926510933,6.669837760910515e-05,0.0,0,0,1.466793539273457,3,11,0.0,0,0,0.013347520001240853,0.0066698377609097316,0.006669837760910426,0.2335894971280323,False,False,False,False
TGAGCCATACAGTCTC-1,3286,1765,ER,CID4290,Invasive cancer + stroma,1,42,38,5275,3696,3286,1765,7.090687766281192,False,False,False,True,Invasive cancer + stroma,0.07582705587553301,0.00024252149556598998,6.063037389127855e-05,0.0,0,0,2.223518585035974,3,20,0.0,0,0,0.006063037389129455,0.006063037389210613,0.006063037389129376,0.0060630373891295535,False,False,False,False
CTCCGCCCACATGAGG-1,3864,2001,ER,CID4290,Invasive cancer + stroma,1,43,39,5370,3751,3864,2001,6.780538302277432,False,False,False,True,Invasive cancer + stroma,0.10689589297860934,0.022769130978349508,5.873899675895378e-05,0.0,0,0,2.620491457906952,4,22,0.0,0,0,0.005873899675894929,0.005873899675895331,0.9459646309950467,1.3192006674881138,False,False,False,False
GTTGAACCGGTTCCAT-1,4900,2291,ER,CID4290,Invasive cancer + stroma,1,42,40,5275,3805,4900,2291,7.36734693877551,False,False,False,True,Invasive cancer + stroma,0.07988378625289348,0.019560682011017357,6.117175974295715e-05,0.0,0,0,1.8678537803155515,3,24,0.0,0,0,1.5181589538502884,0.0061171759742949285,0.05680584494855887,0.37498622632859374,False,False,False,False
TTGACTACCATATGGT-1,17714,5017,ER,CID4290,Invasive cancer + stroma,1,43,41,5370,3860,17714,5017,8.259004177486734,False,False,False,True,Invasive cancer + stroma,0.045012338581909145,0.0032310891763754927,6.124877556541665e-05,0.0,0,0,1.7556650242589549,4,41,0.0,0,0,0.0061248775565436,0.006124877556529689,0.006124877560166527,0.30473428496430943,False,False,False,False
ACCATCGTATATGGTA-1,19798,5288,ER,CID4290,Invasive cancer + stroma,1,42,42,5275,3914,19798,5288,11.991110213152844,False,False,False,True,Invasive cancer + stroma,0.03758244985640494,0.021473046840539245,6.0422176481549086e-05,0.0,0,0,1.8153434029735847,4,49,0.0,0,0,0.006042217648356181,0.0060422176545260825,0.006042217648713279,2.129178031102329,False,False,False,False
TGCGTAAGAACCTGAT-1,17727,5034,ER,CID4290,Invasive cancer + stroma,1,43,43,5370,3969,17727,5034,9.646302250803858,False,False,False,True,Invasive cancer + stroma,0.04925022249082949,0.01482747496996773,6.123499822515114e-05,0.07455296111057429,1,1,1.9131777815766307,4,48,0.0,0,0,0.006123499821747206,0.00612349981943091,0.006123499820665844,1.464376997534929,False,False,False,False
AGAAGGTTGCCGAATT-1,3669,1894,ER,CID4290,Invasive cancer + stroma,1,42,44,5275,4024,3669,1894,7.140910329790133,False,False,False,True,Invasive cancer + stroma,0.06533794284238703,0.0001780763401257201,4.0178668108144214e-05,0.0,0,0,2.24936542206424,4,17,0.0,0,0,0.004017866802660825,0.004017866802710013,0.004017866799212067,0.005754033607989103,False,False,False,False
AGGACGACCCATTAGA-1,10365,3738,ER,CID4290,Invasive cancer + stroma,1,43,45,5370,4078,10365,3738,10.35214664737096,False,False,False,True,Invasive cancer + stroma,0.05019427820281463,0.018432597211544867,6.147313079998015e-05,0.0,0,0,1.7580353804637379,3,30,0.0,0,0,0.0061473130803609815,0.006147313080361214,0.006147313081587777,1.8248177819121767,False,False,False,False
GGTGCTGGTACACATT-1,4957,2305,ER,CID4290,Invasive cancer + stroma,1,42,46,5275,4133,4957,2305,7.48436554367561,False,False,False,True,Invasive cancer + stroma,0.059815211590991686,0.01220812544187279,6.128126850858358e-05,0.0,0,0,2.1199505297982832,4,17,0.0,0,0,0.006128126850858188,0.006128126850858278,0.006128126850858359,1.2024281636347043,False,False,False,False
GCGCTATGCCGAGGCA-1,21736,5483,ER,CID4290,Invasive cancer + stroma,1,43,47,5370,4187,21736,5483,11.497055576002944,False,False,False,True,Invasive cancer + stroma,0.02872924730079404,0.0002491635801725121,6.229089504332807e-05,0.0,0,0,1.4005587346973134,4,34,0.0,0,0,0.006229089505740756,0.006229089498790493,0.006229089506979191,0.006229089505740765,False,False,False,False
ACCCGGTTACACTTCC-1,6721,2745,ER,CID4290,Invasive cancer + stroma,1,42,48,5275,4242,6721,2745,10.935872638000298,False,False,False,True,Invasive cancer + stroma,0.07667919011252422,0.025821288820109263,6.379562521364969e-05,0.0,0,0,2.162122295413266,4,26,0.0,0,0,0.006379562521364959,0.006379562521363744,0.0063795625216016985,2.562990194446596,False,False,False,False
TAACTCATCCGCGCGG-1,14108,4293,ER,CID4290,Invasive cancer + stroma,1,43,49,5370,4297,14108,4293,11.893960873263397,False,False,False,True,Invasive cancer + stroma,0.04153038617288,0.0002489752176710597,6.224380441425013e-05,0.0,0,0,1.7524668696199477,4,42,0.0,0,0,0.0062243804414621184,0.00622438044201558,0.006224380442166306,0.006224380441461967,False,False,False,False
CACAATGAGCTGCTAT-1,4447,2141,ER,CID4290,Invasive cancer + stroma,1,42,50,5274,4351,4447,2141,7.420733078479874,False,False,False,True,Invasive cancer + stroma,0.07325517213509739,0.0002469343350700816,6.173358376780757e-05,0.0,0,0,1.8304464184137652,3,16,0.0,0,0,0.006173358376751972,0.006173358376751127,0.006173358376751962,0.006173358376753098,False,False,False,False
GTTACTTTGGGCCTAG-1,5228,2439,ER,CID4290,Invasive cancer + stroma,1,43,51,5369,4406,5228,2439,8.091048201989288,False,False,False,True,Invasive cancer + stroma,0.07736581374057253,0.008826796096911746,6.0551520864286134e-05,0.0,0,0,2.0769098958032814,4,18,0.0,0,0,0.006055152086428632,0.0060551520864279415,0.006055152086425338,0.8645141534318926,False,False,False,False
GGGCCCGTCTTAAACA-1,6742,2811,ER,CID4290,Invasive cancer + stroma,1,42,52,5274,4460,6742,2811,8.365470186888164,False,False,False,True,Invasive cancer + stroma,0.07900380870078538,0.01768160567527432,6.279315516430277e-05,0.15159398590433262,1,1,2.3146073416746344,4,37,0.0,0,0,0.1068052692461505,0.006279315516440763,0.006279315516620871,1.6487966672482197,False,False,False,False
GAAATTGTCTCTATAA-1,15287,4481,ER,CID4290,Invasive cancer + stroma,1,43,53,5369,4515,15287,4481,8.902989468175573,False,False,False,True,Invasive cancer + stroma,0.04353824567532754,0.006572196209829708,0.0004799517723717135,0.0,0,0,1.5636739906115547,4,34,0.0,0,0,0.05722766000935863,0.006126522344317457,0.006126522342187661,0.5877389162871071,False,False,False,False
GGCGCATGAATTGATG-1,8159,3147,ER,CID4290,Invasive cancer + stroma,1,42,54,5274,4570,8159,3147,8.640764799607794,False,False,False,True,Invasive cancer + stroma,0.08047310012509193,0.00024149883039432777,6.0374707600602314e-05,0.0,0,0,2.747521212912366,4,53,0.0,0,0,0.006037470760049619,0.006037470760049451,0.006037470759284245,0.006037470760049461,False,False,False,False
CATATAGGTACAGTCA-1,16566,4693,ER,CID4290,Invasive cancer + stroma,1,43,55,5369,4624,16566,4693,7.992273330918749,False,False,False,True,Invasive cancer + stroma,0.046836465939129976,0.00025787089010683014,6.446772251855486e-05,0.0,0,0,1.8022164139874244,4,43,0.0,0,0,0.006446772252270556,0.006446772251808014,0.006446772254333357,0.006446772252271091,False,False,False,False
TCAACGAGGAGACAAA-1,10810,3805,ER,CID4290,Invasive cancer + stroma,1,42,56,5274,4679,10810,3805,6.9472710453284,False,False,False,True,Invasive cancer + stroma,0.060647494864616514,0.007034768154047499,6.435506101641913e-05,0.0,0,0,1.7190393293977735,4,30,0.0,0,0,0.006435506101435297,0.006435506101434773,0.0064355061025050736,0.6841702970993748,False,False,False,False
TTGCACAATTCAGAAA-1,13519,4335,ER,CID4290,Invasive cancer + stroma,1,43,57,5369,4734,13519,4335,8.32901841852208,False,False,False,True,Invasive cancer + stroma,0.08354913416845762,0.0002537442427799761,6.343606069076296e-05,0.0,0,0,2.2907515003778482,4,66,0.0,0,0,0.006343606068800976,0.006343606068800314,0.006343606071595293,0.006343606068801027,False,False,False,False
CATCGGACGGGTTAAT-1,4658,2241,ER,CID4290,Invasive cancer + stroma,1,42,58,5274,4788,4658,2241,6.719622155431517,False,False,False,True,Invasive cancer + stroma,0.11193713022210346,0.005495382953305324,6.064630532422415e-05,0.19106668167358487,1,1,2.488320180365799,4,31,0.0,0,0,0.006064630527705546,0.0060646305277061,0.006064630527705418,0.5313444037474153,False,False,False,False
ATTAAACATGCGGACC-1,9500,3594,ER,CID4290,Invasive cancer + stroma,1,43,59,5369,4843,9500,3594,8.715789473684211,False,False,False,True,Invasive cancer + stroma,0.11457702529886946,0.0002638528380162926,6.596320949907106e-05,0.0,0,0,2.40437929486879,4,60,0.0,0,0,0.0065963209499044,0.006596320949904023,0.006596320951916439,0.0065963209499044,False,False,False,False
TATCTACCACAGCGGG-1,5433,2412,ER,CID4290,Invasive cancer + stroma,1,42,60,5274,4897,5433,2412,6.534143198969263,False,False,False,True,Invasive cancer + stroma,0.10383540558735604,0.011512463297293316,6.171568170437325e-05,0.0,0,0,2.4646287934028197,4,35,0.0,0,0,1.1327316252179362,0.006171568170435324,0.00617156817052254,0.006171568170437386,False,False,False,False
CGAGACCCTAGAGTGT-1,5160,2514,ER,CID4290,Invasive cancer + stroma,1,43,61,5369,4952,5160,2514,5.387596899224807,False,False,False,True,Invasive cancer + stroma,0.15773375033416118,0.027339711172451757,6.466376670967637e-05,0.0,0,0,3.068904473784761,4,69,0.0,0,0,2.7145719872322798,0.00646637667095765,0.006466376670969058,0.006466376670968817,False,False,False,False
ACATCGATCGTTTACC-1,4024,1964,ER,CID4290,Invasive cancer + stroma,1,42,62,5274,5007,4024,1964,6.883697813121273,False,False,False,True,Invasive cancer + stroma,0.07208776450895044,0.01761485714541141,6.382909200891014e-05,0.0,0,0,2.547434119287259,4,21,0.0,0,0,0.006382909200891939,0.006382909200890733,0.00638290920089193,1.7423369869384662,False,False,False,False
ATCGACCCAATACAGA-1,12769,3886,ER,CID4290,Invasive cancer + stroma,1,43,63,5369,5061,12769,3886,6.421802803665126,False,False,False,True,Invasive cancer + stroma,0.03825694595594711,0.0002573299693037157,6.433249232315297e-05,0.0,0,0,1.7270609452196344,4,24,0.0,0,0,0.006433249232962189,0.006433249230061996,0.006433249234385081,0.006433249232962304,False,False,False,False
GAATCTGAACATTCTC-1,4938,2431,ER,CID4290,Invasive cancer + stroma,1,42,64,5274,5116,4938,2431,4.131227217496963,False,False,False,True,Invasive cancer + stroma,0.09461698137804862,0.006143900432192866,5.991861333551997e-05,0.0,0,0,2.4960535568116518,4,32,0.0,0,0,0.005991861333440261,0.005991861333439987,0.005991861333440338,0.596414459218966,False,False,False,False
AGTTCCTATTTATGTT-1,5417,2309,ER,CID4290,Invasive cancer + stroma,1,43,65,5369,5171,5417,2309,6.97803212110024,False,False,False,True,Invasive cancer + stroma,0.07229712356889814,0.03461936739946992,5.862366261410734e-05,0.17432144000040672,1,1,2.187645662054049,4,26,0.0,0,0,1.2104133813377949,0.005862366261406245,0.005862366261559905,2.239798626086231,True,False,False,False
CAGTCTGTATACTGGG-1,3540,1792,ER,CID4290,Invasive cancer + stroma,1,42,66,5274,5225,3540,1792,5.903954802259888,False,False,False,True,Invasive cancer + stroma,0.08949701503392,0.013194667366350984,6.16130482962779e-05,0.0,0,0,2.649757320999489,4,21,0.0,0,0,0.01647399788198481,0.006161304829628774,0.006161304829628383,1.2906701290938565,False,False,False,False
GGAGACGACACCTTTG-1,2928,1595,ER,CID4290,Invasive cancer + stroma,1,43,67,5369,5280,2928,1595,5.225409836065574,False,False,False,True,Invasive cancer + stroma,0.10105538536114546,0.005340046286630115,6.21864123014357e-05,0.0,0,0,2.5854933329685963,4,17,0.0,0,0,0.006218641258660977,0.006218641258662083,0.006218641258660358,0.515348704887028,False,False,False,False
CCTAAATTAACGGTTC-1,1839,1147,ER,CID4290,Invasive cancer + stroma,1,42,68,5274,5334,1839,1147,3.5345296356715608,False,False,False,True,Invasive cancer + stroma,0.13840131504021122,0.010639565806544272,9.235510671666095e-05,0.3103628701345525,1,1,2.8383916224177863,4,14,0.0,0,0,0.009235510676934677,0.00923551067559387,0.009235510676941693,1.036250048624957,False,False,False,False
GCTACGACTTATTGGG-1,2001,1250,ER,CID4290,Invasive cancer + stroma,1,43,69,5369,5389,2001,1250,3.4482758620689653,False,False,False,True,Invasive cancer + stroma,0.13689895230573088,0.005559515656374928,5.905574118406389e-05,0.0,0,0,2.780980656439813,4,19,0.0,0,0,0.0059055741087479475,0.5382348433112476,0.005905574108748688,0.005905574108748574,False,False,False,False
CTGTGCAGGGTAGGTC-1,3206,1644,ER,CID4290,Invasive cancer + stroma,1,42,70,5274,5444,3206,1644,5.302557704304429,False,False,False,True,Invasive cancer + stroma,0.10664978074846719,0.003291695013123742,0.011708719172865843,0.0,0,0,2.4090437618756413,4,14,0.0,0,0,0.009235986787073502,0.009235986787074081,0.3014615409511522,0.00923598678707442,False,False,False,False
ACGCCGCTAGACGACC-1,2722,1511,ER,CID4290,Invasive cancer + stroma,1,43,71,5369,5498,2722,1511,5.216752387950037,False,False,False,True,Invasive cancer + stroma,0.10731790472610629,0.028775215488411603,8.933683418268052e-05,0.0,0,0,2.1683576892915717,3,16,0.0,0,0,0.2137325197666314,0.008933683418268775,0.07213159711556975,2.58272374854069,False,False,False,False
ACTTGACTCCCTCTTT-1,1117,786,ER,CID4290,Invasive cancer + stroma,1,42,72,5274,5553,1117,786,4.565801253357207,False,False,False,True,Invasive cancer + stroma,0.07506481728717618,0.09823629979636746,3.976673229328785e-05,0.0,0,0,1.4759010223410778,2,5,0.0,0,0,5.884029987900087,0.003976673229324897,0.003976673229328988,3.9316466452780046,True,False,True,False
CGCCTCCCTCCTCTAT-1,3396,1623,ER,CID4290,Invasive cancer + stroma,1,43,73,5369,5607,3396,1623,5.948174322732626,False,False,False,True,Invasive cancer + stroma,0.06001619469515732,0.024561050616454933,9.02636093729449e-05,0.0,0,0,1.1114072640641157,2,8,0.0,0,0,0.009026360937399574,0.00902636093739909,0.009026360937399768,2.429025978833295,False,False,False,False
CTAGATTTACGACGGC-1,1652,1028,ER,CID4290,Invasive cancer + stroma,1,42,74,5274,5662,1652,1028,6.476997578692494,False,False,False,True,Invasive cancer + stroma,0.09290726302051983,0.06458831349760026,0.0015890288881803695,0.3255818606664003,1,1,1.7835862598914167,3,6,0.0,0,0,4.69819402562652,0.006438015704166049,0.006438015704168409,1.7477612927251713,True,False,False,False
GATGCTGTATTTCATC-1,1698,1061,ER,CID4290,Invasive cancer + stroma,1,43,75,5369,5717,1698,1061,3.53356890459364,False,False,False,True,Invasive cancer + stroma,0.15349260929083988,0.0002497740705003412,6.129588571516862e-05,0.0,0,0,2.218495160647743,3,12,0.0,0,0,0.006129588601945618,0.006129588618801814,0.006129588561136151,0.006588641268150539,False,False,False,False
TGCGTTTGTTGACACT-1,3904,1975,ER,CID4290,Invasive cancer + stroma,1,42,76,5274,5771,3904,1975,5.712090163934426,False,False,False,True,Invasive cancer + stroma,0.17118252430025244,0.004707705558547031,5.886268279104659e-05,0.0,0,0,2.9586461555866563,4,44,0.0,0,0,0.005886268279105119,0.005886268279104718,0.45311175101738826,0.005886268279105042,False,False,False,False
CGTGCCCTCCCGAAGA-1,5988,2525,ER,CID4290,Invasive cancer + stroma,1,43,77,5369,5826,5988,2525,6.0621242484969935,False,False,False,True,Invasive cancer + stroma,0.14396769534456863,0.026961831710226505,9.090073004104331e-05,0.16368016238194918,1,1,3.170028238038189,4,66,0.0,0,0,0.009090073004103812,0.00909007300410373,0.00909007300410377,2.668912952010339,False,False,False,False
ACTCTCTGACTTAGGT-1,7078,2662,ER,CID4290,Invasive cancer + stroma,1,42,78,5274,5881,7078,2662,6.287086747668832,False,False,False,True,Invasive cancer + stroma,0.15905171131345017,0.020072413339306684,0.003000798630952773,0.0,0,0,3.0372687576016397,4,76,0.0,0,0,0.009052657244660325,0.009052657244660357,0.009052657244660305,1.9800833621966873,False,False,False,False
CTGGGTAGGCAGTTAA-1,15856,4440,ER,CID4290,Invasive cancer + stroma,1,43,79,5369,5935,15856,4440,3.424571140262361,False,False,False,True,Invasive cancer + stroma,0.05688749238558278,0.0013772847836484516,6.549356883121842e-05,0.0,0,0,1.8447364717398438,4,47,0.0,0,0,0.006549356883761268,0.11808040771471204,0.006549356882611401,0.006549356883760435,False,False,False,False
GTTTGGCCCAAGTTAT-1,10957,3447,ER,CID4290,Invasive cancer + stroma,1,42,80,5274,5990,10957,3447,7.3469015241398195,False,False,False,True,Invasive cancer + stroma,0.09225232029095999,0.011214959022329506,9.539753799421397e-05,0.10808236633575828,1,1,2.3006095286119175,4,59,0.0,0,0,1.0928766408353896,0.009539753799036592,0.009539753799102761,0.009539753799421494,False,False,False,False
GAATGTGGTCCGGATT-1,16752,4354,ER,CID4290,Invasive cancer + stroma,1,43,81,5369,6044,16752,4354,7.055873925501432,False,False,False,True,Invasive cancer + stroma,0.08222498316176932,0.0007119913810359083,6.994716343944084e-05,0.0,0,0,2.364015464092198,4,78,0.0,0,0,0.006994716346105417,0.05021498906284378,0.006994716348536002,0.006994716346105632,False,False,False,False
CCCAGTTAAGGCGCCG-1,7326,2672,ER,CID4290,Invasive cancer + stroma,1,42,82,5274,6099,7326,2672,7.794157794157794,False,False,False,True,Invasive cancer + stroma,0.10725781172782942,0.0002647674299721207,6.619185749656268e-05,0.0,0,0,2.5138800425590584,4,42,0.0,0,0,0.006619185749661702,0.006619185749660991,0.006619185748228572,0.006619185749660807,False,False,False,False
CGGTACTAGAATCAAA-1,17009,4822,ER,CID4290,Invasive cancer + stroma,1,43,83,5369,6154,17009,4822,4.562290552060674,False,False,False,True,Invasive cancer + stroma,0.06394310944332099,0.003358137096925142,6.202915201292522e-05,0.0,0,0,2.2309839426175895,4,65,0.0,0,0,0.31720496408704274,0.006202915202126971,0.006202915201644664,0.006202915201699833,False,False,False,False
GCTTAATGTAACTAAC-1,7320,2791,ER,CID4290,Invasive cancer + stroma,1,42,84,5273,6208,7320,2791,5.983606557377049,False,False,False,True,Invasive cancer + stroma,0.09441770267348806,0.005003609569655405,6.031859459445056e-05,0.0,0,0,2.6588274523695166,4,43,0.0,0,0,0.0060318594594444466,0.006031859459445213,0.48226537858720564,0.006031859459445204,False,False,False,False
AGGACAGTCGAATCCC-1,17899,4510,ER,CID4290,Invasive cancer + stroma,1,43,85,5368,6263,17899,4510,5.274037655734958,False,False,False,True,Invasive cancer + stroma,0.06162682460334735,0.005111837344832155,0.0029936249444245775,0.07397433342111664,1,1,1.8672967077369977,4,52,0.1479486668422333,1,1,0.006406437790059652,0.006406437788765718,0.006406437795031325,0.4919644211093588,False,False,False,False
GACAGCCAGACCTGAC-1,11139,3507,ER,CID4290,Invasive cancer + stroma,1,42,86,5273,6317,11139,3507,7.3166352455337105,False,False,False,True,Invasive cancer + stroma,0.04869520860644937,0.01717067951932411,9.21730034353484e-05,0.10677786862841604,1,1,1.4368733989195108,4,26,0.0,0,0,0.009217300342494995,0.8848371058383764,0.009217300340282971,0.8137962454112566,False,False,False,False
GGCGAAATCTAACTTG-1,41775,7079,ER,CID4290,Invasive cancer + stroma,1,43,87,5368,6372,41775,7079,5.63016157989228,False,False,False,True,Invasive cancer + stroma,0.019350627509146203,0.00026442045657932775,6.610511405836714e-05,0.0,0,0,1.058336073332582,4,38,0.0,0,0,0.006610511410326909,0.006610511413346733,0.006610511422609696,0.006610511411649439,False,False,False,False
CTGGTAACACATAGAA-1,11723,3880,ER,CID4290,Invasive cancer + stroma,1,42,88,5273,6427,11723,3880,5.237567175637635,False,False,False,True,Invasive cancer + stroma,0.09834079254012403,0.00189511416065048,0.001257759813151119,0.0,0,0,2.4922301566099425,4,73,0.0,0,0,0.008883943812252826,0.008883943812274498,0.16285958462826797,0.008883943812252704,False,False,False,False
TAGCCATTTCAAAGTC-1,17542,4756,ER,CID4290,Invasive cancer + stroma,1,43,89,5368,6481,17542,4756,5.466879489225858,False,False,False,True,Invasive cancer + stroma,0.04843365272293415,0.00026776990502726104,6.694247625894642e-05,0.0,0,0,1.689187299886304,4,47,0.0,0,0,0.006694247625961978,0.0066942476239879286,0.006694247626813806,0.0066942476259623926,False,False,False,False
GGGATTTACCGCACCT-1,11404,3605,ER,CID4290,Invasive cancer + stroma,1,42,90,5273,6536,11404,3605,4.0775166608207645,False,False,False,True,Invasive cancer + stroma,0.2037704747208793,0.002354923946308947,6.182982004731389e-05,0.0,0,0,3.1691700818715605,4,173,0.0,0,0,0.0061829820048853725,0.006182982005052017,0.2169434486160719,0.006182982004885403,False,True,False,False
ATGCCATTTGCGACCA-1,20989,5336,ER,CID4290,Invasive cancer + stroma,1,43,91,5368,6591,20989,5336,4.540473581399781,False,False,False,True,Invasive cancer + stroma,0.19101520441902986,0.001348003670709297,6.357503348540927e-05,0.0,0,0,3.0645078380972235,4,282,0.0,0,0,0.11572785701625657,0.006357503352318835,0.006357503351867885,0.006357503350486419,False,False,False,False
GAATAGACGCGACCCA-1,17373,4437,ER,CID4290,Invasive cancer + stroma,1,42,92,5273,6645,17373,4437,3.9371438438957003,False,False,False,True,Invasive cancer + stroma,0.0976585984929445,0.009046870569682581,6.116388451859453e-05,0.0,0,0,2.347807426646379,4,79,0.0,0,0,0.8758557856240566,0.006116388450794452,0.006116388452120914,0.016598494441286162,False,False,False,False
TGTATGGCGCAGACAG-1,33766,6217,ER,CID4290,Invasive cancer + stroma,1,43,93,5368,6700,33766,6217,4.6437244565539295,False,False,False,True,Invasive cancer + stroma,0.13582701746862527,0.012588217318792701,9.56055433600959e-05,0.04323381352952773,1,1,2.6161963158650043,4,210,0.0,0,0,0.472960841025305,0.00956055433736178,0.00956055433801809,0.7667397821785852,False,False,False,False
GGATGAAGATCGCTGA-1,16471,4625,ER,CID4290,Invasive cancer + stroma,1,42,94,5273,6754,16471,4625,3.2602756359662437,False,False,False,True,Invasive cancer + stroma,0.08730304497482912,0.01883513866956274,6.094576760639256e-05,0.0,0,0,2.192640299378801,4,65,0.1581495117807266,1,1,0.00609457676116944,0.006094576756508656,0.006094576761495038,1.865230136677101,False,False,False,False
CGACAATTTGATCTAA-1,33929,6178,ER,CID4290,Invasive cancer + stroma,1,43,95,5368,6809,33929,6178,4.8100445047009925,False,False,False,True,Invasive cancer + stroma,0.10952262692793084,0.007618331863285688,6.506264373023314e-05,0.0,0,0,2.5452319956402496,4,221,0.0,0,0,0.0065062643719785585,0.006506264373394991,0.006506264372388627,0.7423143932108066,False,False,False,False
AAAGTTGACTCCCGTA-1,17575,4698,ER,CID4290,Invasive cancer + stroma,1,42,96,5273,6864,17575,4698,2.2361308677098153,False,False,False,True,Invasive cancer + stroma,0.27676614447586956,0.01747379919160296,0.0022112785407013935,0.0,0,0,3.5090768325892676,4,343,0.0,0,0,0.00856044433595086,0.7988297719532111,0.008560444334879075,0.9314292585362551,False,True,False,False
CGCGGCTCAACTTGAA-1,21825,4575,ER,CID4290,Invasive cancer + stroma,1,43,97,5368,6918,21825,4575,5.154639175257731,False,False,False,True,Invasive cancer + stroma,0.0660406018367123,0.008306191796335701,0.00010027623862409459,0.0,0,0,1.7775625054099864,4,54,0.0,0,0,0.010027623860651532,0.010027623863887818,0.010027623861417593,0.8005363080476132,False,False,False,False
CACGCGGAACTGTTGC-1,33321,5568,ER,CID4290,Invasive cancer + stroma,1,42,98,5273,6973,33321,5568,4.975841061192641,False,False,False,True,Invasive cancer + stroma,0.03953938850595006,0.0002894016956077528,7.235042386516956e-05,0.0,0,0,1.5924890669883003,4,66,0.0,0,0,0.007235042388664119,0.007235042392793156,0.007235042389774847,0.007235042389543164,False,False,False,False
TCTTAGAGTGAACTCT-1,26416,5058,ER,CID4290,Invasive cancer + stroma,1,43,99,5368,7027,26416,5058,4.535130224106601,False,False,False,True,Invasive cancer + stroma,0.1136968923547667,0.0017099135887447007,6.687992204268359e-05,0.0,0,0,2.5257537930949896,4,180,0.0,0,0,0.00668799220357067,0.006687992206779375,0.1509273822605495,0.00668799220357053,False,False,False,False
AGTCCATTGGCTGATG-1,20891,4547,ER,CID4290,Invasive cancer + stroma,1,42,100,5273,7082,20891,4547,4.130965487530515,False,False,False,True,Invasive cancer + stroma,0.053783963276544895,0.015362638197733681,7.008155167342483e-05,0.0,0,0,1.7002169864156949,4,45,0.0,0,0,0.8258247514840252,0.007008155168216273,0.007008155168358813,0.696422757952768,False,False,False,False
TTAAGATAGGATTGAC-1,4110,1845,ER,CID4290,Invasive cancer + stroma,1,43,101,5368,7137,4110,1845,2.506082725060827,False,False,False,True,Invasive cancer + stroma,0.17168633749572512,0.0002412686278427879,6.031715700484773e-05,0.0,0,0,2.946386474190449,4,54,0.0,0,0,0.006031715696069584,0.006031715696069732,0.006031715696069751,0.006031715696069723,False,False,False,False
ACATCCTGGTAACTGT-1,2168,1160,ER,CID4290,Invasive cancer + stroma,1,42,102,5273,7191,2168,1160,4.843173431734318,False,False,False,True,Invasive cancer + stroma,0.1610677239123615,0.007048200192980198,9.051011504435235e-05,0.0,0,0,2.445366473067978,3,25,0.0,0,0,0.009051011504435184,0.009051011504436372,0.6776669847847132,0.009051011504435009,False,False,False,False
GCTAGACCGTCTACTG-1,2919,1519,ER,CID4290,Invasive cancer + stroma,1,42,104,5273,7301,2919,1519,5.241521068859199,False,False,False,True,Invasive cancer + stroma,0.2891550781289437,0.00024374378501488677,6.093594631990994e-05,0.0,0,0,3.3324646014092476,4,40,0.0,0,0,0.006093594623224605,0.006093594631815042,0.0060935946232244945,0.006093594623224534,False,True,False,False
CGGCCCAGGTATATCC-1,1152,752,ER,CID4290,Invasive cancer + stroma,1,43,105,5368,7355,1152,752,3.90625,False,False,False,True,Invasive cancer + stroma,0.1428474488089103,0.061713204913592515,5.707892279690712e-05,0.0,0,0,2.9077298749722167,4,10,0.0,0,0,0.005707892279691158,0.005707892279691679,0.005707892279688712,6.15419681452018,True,False,True,False
GTCCATTACTGCTACG-1,4713,2271,ER,CID4290,Invasive cancer + stroma,1,42,106,5273,7410,4713,2271,3.373647358370465,False,False,False,True,Invasive cancer + stroma,0.14090236647398235,0.00467919283202357,6.27644350860823e-05,0.0,0,0,2.6542968602112675,4,36,0.0,0,0,0.006276443508605714,0.44908995267653756,0.006276443508607196,0.0062764435086065835,False,False,False,False
TAATTAGGACATCCGT-1,9877,3257,ER,CID4290,Invasive cancer + stroma,1,42,108,5273,7519,9877,3257,10.387769565657589,False,False,False,True,Invasive cancer + stroma,0.10518865487662783,0.01870494396204005,6.594211174216999e-05,0.0,0,0,2.4528250701296237,4,61,0.0,0,0,1.617633235795455,0.006594211174216827,0.00659421117388092,0.23967273806045247,False,False,False,False
GCTCCCAGTCGGTCCA-1,920,642,ER,CID4290,Invasive cancer + stroma,1,43,109,5368,7574,920,642,3.260869565217391,False,False,False,True,Invasive cancer + stroma,0.13007232127425777,0.0002499644360576231,6.249110903060095e-05,0.0,0,0,2.9615598309157822,4,7,0.0,0,0,0.006249110905949622,0.006249110893692843,0.0062491109030598105,0.006249110903060034,False,False,False,False
ATTCGTGCTATCTCTT-1,5806,2377,ER,CID4290,Invasive cancer + stroma,1,42,110,5273,7628,5806,2377,5.666551842921116,False,False,False,True,Invasive cancer + stroma,0.07044847231035227,0.023812629262064004,6.261768491277569e-05,0.0,0,0,2.016031426013158,4,18,0.0,0,0,0.006261768491276478,0.23244755236914508,0.4397629843439914,1.7027906210019876,False,False,False,False
GTTAACTATGTTGTCA-1,1461,886,ER,CID4290,Invasive cancer + stroma,1,43,111,5368,7683,1461,886,6.844626967830253,False,False,False,True,Invasive cancer + stroma,0.07312837723663129,0.00026064037854375594,6.516009459345783e-05,0.0,0,0,1.5622048270339985,2,7,0.0,0,0,0.006516009463615763,0.006516009463529082,0.006516009463615295,0.006516009463615455,False,False,False,False
GCTCCGCTCGCTTCAG-1,3130,1635,ER,CID4290,Invasive cancer + stroma,1,42,112,5273,7737,3130,1635,4.440894568690096,False,False,False,True,Invasive cancer + stroma,0.1258735172106727,0.0355850986308183,5.993637204937917e-05,0.0,0,0,2.014311858313226,4,9,0.0,0,0,1.0809092717597182,0.005993637204937789,0.005993637204937067,2.465613316912237,True,False,True,False
AATCGCGCAGAGGACT-1,5174,2142,ER,CID4290,Invasive cancer + stroma,1,42,114,5273,7847,5174,2142,10.320834943950521,False,False,False,True,Invasive cancer + stroma,0.08975224815597545,0.03201729820528548,6.35081590522733e-05,0.0,0,0,1.9677555655726908,3,25,0.0,0,0,2.3808833969262326,0.8081447917918616,0.006350815905227215,0.006350815905227152,True,False,True,False
AGGTTACACCATGCCG-1,1657,998,ER,CID4290,Invasive cancer + stroma,1,43,115,5368,7901,1657,998,7.905853952926976,False,False,False,True,Invasive cancer + stroma,0.10801153511136131,0.007128900109735555,6.451141355832912e-05,0.0,0,0,2.3217881630762767,3,12,0.0,0,0,0.6935365869077039,0.0064511413552824515,0.00645114135528449,0.006451141355284669,False,False,False,False
CGATAATACTCAGGTT-1,3832,1880,ER,CID4290,Invasive cancer + stroma,1,43,117,5368,8011,3832,1880,8.846555323590815,False,False,False,True,Invasive cancer + stroma,0.09034821690071092,0.001915617177794339,6.427323353774416e-05,0.0,0,0,2.034138208435275,4,16,0.0,0,0,0.006427323353775085,0.006427323353776008,0.006427323353776333,0.17227974771810647,False,False,False,False
AAGGCAGGCTGTCTCC-1,3372,1705,ER,CID4290,Invasive cancer + stroma,1,42,118,5272,8065,3372,1705,8.244365361803084,False,False,False,True,Invasive cancer + stroma,0.0873238701005917,0.017899644864164663,6.346092615771594e-05,0.0,0,0,2.134854220311058,4,12,0.0,0,0,0.00634609261577146,0.006346092615771212,0.006346092615771625,1.770926208569152,False,False,False,False
GTAAGTCCACACTCTA-1,17770,4754,ER,CID4290,Invasive cancer + stroma,1,43,119,5367,8120,17770,4754,18.486212718064156,False,False,False,True,Invasive cancer + stroma,0.040290107759160844,0.0004534639042597369,7.109824519734667e-05,0.0,0,0,1.2699379211052413,3,27,0.0,0,0,0.007109824516887201,0.007109824515146727,0.007109824513107514,0.024016916880832247,False,False,False,False
TTGAGAGTACTGCTAA-1,7728,3161,ER,CID4290,Invasive cancer + stroma,1,44,38,5465,3696,7728,3161,6.754658385093168,False,False,False,True,Invasive cancer + stroma,0.0678985521657804,0.00026020254084764983,6.505063521198187e-05,0.0,0,0,1.818855490698816,4,27,0.0,0,0,0.006505063521160936,0.0065050635211606695,0.0065050635212824445,0.006505063521160936,False,False,False,False
GCCACAATTTAAGGAC-1,1713,1125,ER,CID4290,Invasive cancer + stroma,1,45,39,5560,3751,1713,1125,4.086398131932283,False,False,False,True,Invasive cancer + stroma,0.1262173976791536,0.05895208785384124,6.4126976584284e-05,0.0,0,0,2.8661157758239124,4,12,0.0,0,0,0.006412697658429653,0.006412697658429099,2.953517046661462,2.928866343405803,True,False,True,False
ATATTCAGTTAAACCT-1,10779,3948,ER,CID4290,Invasive cancer + stroma,1,44,40,5465,3805,10779,3948,6.930141942666296,False,False,False,True,Invasive cancer + stroma,0.07112444363170617,0.0011091125510574815,0.0031443696821794945,0.0,0,0,1.9317388096741959,4,36,0.0,0,0,0.005901577026302252,0.005901577026295905,0.09320652402684738,0.0059015770263026275,False,False,False,False
ATCAGACGGCACGCCG-1,12741,4256,ER,CID4290,Invasive cancer + stroma,1,44,42,5465,3914,12741,4256,7.205085943018602,False,False,False,True,Invasive cancer + stroma,0.04844208620112744,0.008823214474540871,5.9534414291079574e-05,0.0,0,0,1.8232216352307358,4,33,0.0,0,0,0.00595344142899682,0.005953441428996257,0.005953441427966371,0.8644611231681276,False,False,False,False
GTGCGAAATCGAACAC-1,20558,5489,ER,CID4290,Invasive cancer + stroma,1,45,43,5560,3969,20558,5489,8.22550831792976,False,False,False,True,Invasive cancer + stroma,0.06683320166774988,0.0038579156446209616,6.118652391580975e-05,0.0,0,0,2.223266577384986,4,84,0.0,0,0,0.006118652391713589,0.00611865238895588,0.006118652392890623,0.3674356072885361,False,False,False,False
GTGCCGCTTCAAAGGT-1,15037,4683,ER,CID4290,Invasive cancer + stroma,1,44,44,5465,4024,15037,4683,7.122431336037774,False,False,False,True,Invasive cancer + stroma,0.03778683495016371,0.01565618169706029,5.634575928149927e-05,0.0,0,0,1.9269402379116904,4,42,0.0,0,0,1.5487144419220131,0.0056345759280167895,0.005634575927982162,0.0056345759280169725,False,False,False,False
GATACGATGGGAGTCA-1,10509,3739,ER,CID4290,Invasive cancer + stroma,1,45,45,5560,4078,10509,3739,6.794176420211248,False,False,False,True,Invasive cancer + stroma,0.09581074556334597,0.00023366901969913662,5.841725492796122e-05,0.0,0,0,2.4910891052005333,4,65,0.0,0,0,0.005841725492763525,0.005841725492763486,0.005841725491623127,0.005841725492763525,False,False,False,False
GACACTGAGTTCAGTG-1,11704,3954,ER,CID4290,Invasive cancer + stroma,1,44,46,5465,4133,11704,3954,9.560833902939166,False,False,False,True,Invasive cancer + stroma,0.05634529061224568,0.010007176908300004,6.072082075586447e-05,0.0,0,0,2.0518208585814466,4,37,0.0,0,0,0.00607208207558609,0.0641132894253796,0.07483608986270496,0.8556962294663298,False,False,False,False
ATCCTGCGTGGAATGG-1,7121,3016,ER,CID4290,Invasive cancer + stroma,1,45,47,5560,4188,7121,3016,7.695548378036793,False,False,False,True,Invasive cancer + stroma,0.0791487974035986,0.0055286511407867875,6.052357702899673e-05,0.0,0,0,1.9216841668576383,3,26,0.0,0,0,0.5347080409699644,0.006052357702899407,0.006052357702915371,0.006052357702899614,False,False,False,False
ATCCTACCTAAGCTCT-1,18533,5179,ER,CID4290,Invasive cancer + stroma,1,44,48,5465,4242,18533,5179,6.787891868558788,False,False,False,True,Invasive cancer + stroma,0.03077772433880533,0.004906882443440237,6.00234260281167e-05,0.0,0,0,1.5834176579749641,4,33,0.0,0,0,0.006002342603263762,0.006002342604331827,0.006002342605188916,0.4726812165312392,False,False,False,False
AGTGATATGAGTAGTT-1,17130,4866,ER,CID4290,Invasive cancer + stroma,1,45,49,5560,4297,17130,4866,8.779918272037362,False,False,False,True,Invasive cancer + stroma,0.0474625306413252,0.009260152187191015,6.149148570949974e-05,0.0766348023891353,1,1,1.7344309597042866,4,47,0.0,0,0,0.0061491485716105975,0.006149148572044463,0.006149148569107675,0.9075677730063387,False,False,False,False
ATGATGCAATGGTACA-1,10940,3839,ER,CID4290,Invasive cancer + stroma,1,44,50,5465,4351,10940,3839,8.711151736745887,False,False,False,True,Invasive cancer + stroma,0.05861408591078775,0.014616527540750046,6.48677620502188e-05,0.0,0,0,2.094425383433161,4,43,0.0,0,0,1.442192425460579,0.006486776204997826,0.006486776204429762,0.006486776204998218,False,False,False,False
GAAACCGAATTACCTT-1,11902,3990,ER,CID4290,Invasive cancer + stroma,1,45,51,5560,4406,11902,3990,8.22550831792976,False,False,False,True,Invasive cancer + stroma,0.06970233254668476,0.005757939201134355,5.8436116513502386e-05,0.0,0,0,2.113635534976881,4,52,0.20329050121030237,1,1,0.005843611651188712,0.0058436116511891316,0.11377618553950486,0.45033051127155277,False,False,False,False
AGTGACCTACTTTACG-1,8522,3233,ER,CID4290,Invasive cancer + stroma,1,44,52,5464,4461,8522,3233,8.131893921614644,False,False,False,True,Invasive cancer + stroma,0.07327796040198867,0.014875654994364886,0.0033675805923213927,0.0,0,0,1.9392815441494846,4,32,0.0,0,0,0.005948278334734014,0.005948278334734034,0.005948278334225413,1.4697206644327951,False,False,False,False
CAAATGTCCTTCCGTG-1,9514,3495,ER,CID4290,Invasive cancer + stroma,1,45,53,5559,4515,9514,3495,6.81101534580618,False,False,False,True,Invasive cancer + stroma,0.07635854283329051,0.016227201441289724,8.943199103488732e-05,0.0,0,0,2.2715589857818497,4,46,0.0,0,0,0.008943199103488732,0.008943199103488427,0.008943199101233458,1.5958905468207618,False,False,False,False
TTACTGGGATATTTCA-1,18344,4852,ER,CID4290,Invasive cancer + stroma,1,44,54,5464,4570,18344,4852,9.201918883558658,False,False,False,True,Invasive cancer + stroma,0.04632447304905698,0.00026655764550176375,6.663941138805494e-05,0.0,0,0,1.7054283835937765,4,38,0.0,0,0,0.006663941137897873,0.0066639411382363525,0.006663941136144061,0.006663941137898091,False,False,False,False
CTTGCCCAGGCTCTAC-1,20263,5302,ER,CID4290,Invasive cancer + stroma,1,45,55,5559,4624,20263,5302,6.721610817746631,False,False,False,True,Invasive cancer + stroma,0.07262102925694025,0.0034324098594075833,6.322371916527342e-05,0.0,0,0,2.2605472702077645,4,85,0.0,0,0,0.006322371916767634,0.006322371918025605,0.006322371916744086,0.324273870189221,False,False,False,False
AAATCGTGTACCACAA-1,17361,4910,ER,CID4290,Invasive cancer + stroma,1,44,56,5464,4679,17361,4910,6.698922873106388,False,False,False,True,Invasive cancer + stroma,0.06283726610656201,0.0002525456140027649,6.313640351487287e-05,0.07581538842236939,1,1,2.0667503335866226,4,63,0.0,0,0,0.006313640351412156,0.006313640351385688,0.006313640346066541,0.006313640351412104,False,False,False,False
GTGATCATAGATCTGC-1,21150,5558,ER,CID4290,Invasive cancer + stroma,1,45,57,5559,4734,21150,5558,3.848699763593381,False,False,False,True,Invasive cancer + stroma,0.05576325574415432,0.012621580240654084,6.002908838949518e-05,0.0,0,0,2.006274349371353,4,64,0.0,0,0,0.23427031771713422,0.006002908838777945,0.006002908835666438,1.0158818886738297,False,False,False,False
TGGCAGATTACGATCA-1,4411,2219,ER,CID4290,Invasive cancer + stroma,1,44,58,5464,4788,4411,2219,5.10088415325323,False,False,False,True,Invasive cancer + stroma,0.12791416184219698,0.0330554300116094,6.0673069011443424e-05,0.0,0,0,2.793718222365618,4,33,0.0,0,0,3.285078681204101,0.006067306901144531,0.006067306901144887,0.008329706154549308,True,False,True,False
TCACCCTCTTAAGATT-1,3283,1934,ER,CID4290,Invasive cancer + stroma,1,45,59,5559,4843,3283,1934,2.8023149558330793,False,False,False,True,Invasive cancer + stroma,0.15318970955918249,0.03659216490240534,5.9716438200175536e-05,0.0,0,0,2.9882129410421294,4,33,0.0,0,0,0.005971643820017523,0.8682420591293946,0.005971643820017105,2.779031143471105,True,False,True,False
CAGGATATATCGTTGT-1,5206,2513,ER,CID4290,Invasive cancer + stroma,1,44,60,5464,4898,5206,2513,4.725316941990012,False,False,False,True,Invasive cancer + stroma,0.2936574642504048,0.0038038328185857483,5.748260644296722e-05,0.0,0,0,3.8780729857395024,4,158,0.0,0,0,0.005748260644296956,0.005748260644297434,0.00574826064429704,0.3631384999256834,False,True,False,False
CCTGACCACCGATGGT-1,3533,1854,ER,CID4290,Invasive cancer + stroma,1,45,61,5559,4952,3533,1854,5.236343051231248,False,False,False,True,Invasive cancer + stroma,0.2195301456854394,0.011491981158532002,5.9822763321065424e-05,0.0,0,0,3.212082175689354,4,53,0.0,0,0,0.005982276335771794,0.0059822763357724965,0.005982276335772243,1.1312512868458837,False,True,False,False
CTAAAGGGAAATAGGA-1,3766,1940,ER,CID4290,Invasive cancer + stroma,1,44,62,5464,5007,3766,1940,4.753053637812002,False,False,False,True,Invasive cancer + stroma,0.1942744188101801,0.05261309042876376,5.771585503955673e-05,0.0,0,0,3.2436581650044083,4,50,0.0,0,0,5.241884138676761,0.005771585503955213,0.005771585503955485,0.007881733191704404,True,False,True,False
CCGCTATCAGCACCAG-1,8341,3028,ER,CID4290,Invasive cancer + stroma,1,45,63,5559,5061,8341,3028,8.18846661071814,False,False,False,True,Invasive cancer + stroma,0.11301412109906933,0.0002561774721270553,6.404436803162419e-05,0.0,0,0,2.638637191334774,4,57,0.0,0,0,0.006404436803162419,0.006404436803162637,0.006404436803217823,0.006404436803162648,False,False,False,False
CTTTAGTGCTATTATT-1,10100,3467,ER,CID4290,Invasive cancer + stroma,1,44,64,5464,5116,10100,3467,8.08910891089109,False,False,False,True,Invasive cancer + stroma,0.04746132160783118,0.009190010755773801,6.472139503586916e-05,0.0,0,0,1.792870306180428,4,26,0.0,0,0,0.42302588345221753,0.0064721395035218345,0.006472139506115746,0.48303091311552504,False,False,False,False
CGGGAATTTATGTAAA-1,7995,3157,ER,CID4290,Invasive cancer + stroma,1,45,65,5559,5171,7995,3157,7.217010631644778,False,False,False,True,Invasive cancer + stroma,0.11568602304490541,0.015634412773997363,0.007825345914407237,0.0,0,0,2.9015720997121983,4,64,0.0,0,0,1.2768028491054026,0.0060374088499015365,0.006037408849901428,0.2745636105945308,False,False,False,False
TACGACTGCCTCTTAG-1,2800,1536,ER,CID4290,Invasive cancer + stroma,1,44,66,5464,5225,2800,1536,5.821428571428571,False,False,False,True,Invasive cancer + stroma,0.11807440029413249,0.0002458934164780142,6.0621337514453636e-05,0.0,0,0,2.041182733993988,3,16,0.0,0,0,0.006062133750746061,0.006062133751445531,0.006062133751445434,0.006402940394164393,False,False,False,False
AAACTGCTGGCTCCAA-1,6859,2867,ER,CID4290,Invasive cancer + stroma,1,45,67,5559,5280,6859,2867,6.021285901734947,False,False,False,True,Invasive cancer + stroma,0.09357253312217824,0.00024843604972407473,6.210901243101757e-05,0.0,0,0,2.230602775712316,4,34,0.0,0,0,0.006210901243101778,0.006210901243102041,0.006210901243101827,0.006210901243101827,False,False,False,False
GTACGTTTGCCCGTCA-1,3272,1723,ER,CID4290,Invasive cancer + stroma,1,44,68,5464,5334,3272,1723,4.706601466992665,False,False,False,True,Invasive cancer + stroma,0.09824064644249597,0.023250898887149363,5.9802727178146055e-05,0.0,0,0,2.283346071441015,4,16,0.0,0,0,0.005980272719638872,0.005980272719640295,0.005980272719638823,2.3071490705560183,False,False,False,False
GGCAAGGCGAAATAGC-1,19193,4854,ER,CID4290,Invasive cancer + stroma,1,45,69,5559,5389,19193,4854,6.445058094096806,False,False,False,True,Invasive cancer + stroma,0.08416113020931623,0.006560119527968883,9.592853648916325e-05,0.0,0,0,2.251368948459394,4,78,0.0,0,0,0.009592853648952626,0.009592853648613927,0.009592853654440106,0.6272333918448816,False,False,False,False
GATCTTGGAGGGCATA-1,6430,2527,ER,CID4290,Invasive cancer + stroma,1,44,70,5464,5444,6430,2527,6.018662519440125,False,False,False,True,Invasive cancer + stroma,0.10385259741250978,0.013998256437581975,6.783596698143828e-05,0.0,0,0,2.5492770956167976,4,37,0.0,0,0,0.006783596698143829,0.006783596698143795,0.006783596698272076,1.3794748536636379,False,False,False,False
AGCGTGGTATTCTACT-1,3007,1556,ER,CID4290,Invasive cancer + stroma,1,45,71,5559,5498,3007,1556,3.9574326571333556,False,False,False,True,Invasive cancer + stroma,0.1054542653943272,0.00025787684934299766,6.446921315470718e-05,0.0,0,0,1.7628907747650424,2,21,0.0,0,0,0.006446921234757123,0.006446921235285072,0.00644692122949988,0.006446921234757689,False,False,False,False
CTAAGGGAATGATTGG-1,865,628,ER,CID4290,Invasive cancer + stroma,1,44,72,5464,5553,865,628,3.121387283236994,False,False,False,True,Invasive cancer + stroma,0.15448099290521924,0.04199543147479715,0.00010000966886005581,0.0,0,0,2.4199674103877213,3,7,0.0,0,0,0.010000966886002,4.169540246821709,0.010000966886003836,0.010000966885999479,True,False,True,False
CATGGTAAGTAGCGTT-1,4199,1969,ER,CID4290,Invasive cancer + stroma,1,45,73,5559,5608,4199,1969,3.643724696356275,False,False,False,True,Invasive cancer + stroma,0.25032900094272653,0.03319775083143048,9.428123647886392e-05,0.0,0,0,3.3324142651987017,4,70,0.0,0,0,0.009428123647886436,0.009428123647886413,0.00942812364788795,3.2914907121993875,True,True,True,False
CGTTGAGCGACCGTCG-1,3194,1626,ER,CID4290,Invasive cancer + stroma,1,44,74,5464,5662,3194,1626,7.357545397620538,False,False,False,True,Invasive cancer + stroma,0.07505012989363065,0.008395165037726398,5.4990635587202525e-05,0.0,0,0,2.0490997096826917,4,10,0.0,0,0,0.005499063558719858,0.005499063558719187,0.8230193130964812,0.005499063558719608,False,False,False,False
TGCCCGTACCGTTAAA-1,6197,2635,ER,CID4290,Invasive cancer + stroma,1,45,75,5559,5717,6197,2635,3.646925931902534,False,False,False,True,Invasive cancer + stroma,0.06626146370910821,0.011586237141920518,6.170840339102006e-05,0.16012678932071486,1,1,1.8040891514054171,4,20,0.0,0,0,0.006170840339102117,1.1401111931747454,0.006170840339102086,0.006170840339102147,False,False,False,False
ACAAGGGCAGGCTCTG-1,8865,3329,ER,CID4290,Invasive cancer + stroma,1,44,76,5464,5771,8865,3329,5.12126339537507,False,False,False,True,Invasive cancer + stroma,0.18227558960330956,0.017709733480523723,8.711495985725801e-05,0.12586623564835042,1,1,3.0686992843760343,4,96,0.25173247129670084,1,1,0.008711495985725593,0.00871149598572598,1.3046160960195519,0.44893426006136866,False,False,False,False
GAGATCTTCCATGACA-1,7289,2886,ER,CID4290,Invasive cancer + stroma,1,45,77,5559,5826,7289,2886,3.7590890382768554,False,False,False,True,Invasive cancer + stroma,0.14215326790514676,0.015175001448614807,9.306977595432456e-05,0.0,0,0,2.3420722640606373,3,54,0.0,0,0,0.3222349590563248,0.009306977595326548,0.009306977595322546,1.1766512306145067,False,False,False,False
AATGACGTAGGATGTC-1,9928,3818,ER,CID4290,Invasive cancer + stroma,1,44,78,5464,5881,9928,3818,2.5181305398871876,False,False,False,True,Invasive cancer + stroma,0.39155753609660604,0.04144876495717626,5.718083349818363e-05,0.0,0,0,3.6638389592510077,4,222,0.0,0,0,0.0057180833498189695,0.005718083349819565,0.005718083349819061,4.127722245668169,True,True,True,False
GTGGTGGCCAAGTGAA-1,29029,5869,ER,CID4290,Invasive cancer + stroma,1,45,79,5559,5935,29029,5869,4.819318612422061,False,False,False,True,Invasive cancer + stroma,0.04345051175785644,0.012240740934008105,6.337429075711867e-05,0.0,0,0,1.8900316156119592,4,73,0.0,0,0,0.006337429071776276,0.006337429076812918,0.006337429074771897,1.2050618061774494,False,False,False,False
TCCCGTGTGCAATTTG-1,11336,3745,ER,CID4290,Invasive cancer + stroma,1,44,80,5464,5990,11336,3745,5.910374029640085,False,False,False,True,Invasive cancer + stroma,0.13854255274161223,0.00024778917478387715,6.194729369895297e-05,0.0,0,0,2.860664731151906,4,98,0.0,0,0,0.006194729369881793,0.006194729370044658,0.0061947293685795,0.006194729369881764,False,False,False,False
GCGAAACTTAACTGGA-1,10077,3650,ER,CID4290,Invasive cancer + stroma,1,44,82,5464,6099,10077,3650,6.162548377493302,False,False,False,True,Invasive cancer + stroma,0.09402770677040584,0.002307000458143985,5.951237409569417e-05,0.0,0,0,2.6741929706023697,4,68,0.0,0,0,0.00595123740955081,0.21284633358601518,0.0059512374092820005,0.0059512374095505,False,False,False,False
AATTGAACGCTCTGGT-1,6163,2633,ER,CID4290,Invasive cancer + stroma,1,45,83,5559,6154,6163,2633,6.311861106603926,False,False,False,True,Invasive cancer + stroma,0.11716668840826461,0.0002526213329252723,6.315533323146083e-05,0.0,0,0,2.366650765730658,4,32,0.0,0,0,0.0063155333231317825,0.00631553332313177,0.006315533323131834,0.006315533323131843,False,False,False,False
ACAAATGGTAGTGTTT-1,9037,3335,ER,CID4290,Invasive cancer + stroma,1,44,84,5464,6208,9037,3335,4.9020692707757,False,False,False,True,Invasive cancer + stroma,0.08953546238346373,0.0008767144791196831,6.024280848813171e-05,0.0,0,0,2.4778052239872,4,55,0.0,0,0,0.06959860536553596,0.0060242808487029585,0.006024280848968601,0.0060242808487607985,False,False,False,False
ATGGTCGCGTGGTTTC-1,7695,2608,ER,CID4290,Invasive cancer + stroma,1,45,85,5559,6263,7695,2608,8.810916179337232,False,False,False,True,Invasive cancer + stroma,0.09506016142372378,0.0002680101064532765,6.700252661190195e-05,0.0,0,0,2.143316528223072,4,37,0.0,0,0,0.006700252661190097,0.006700252661447829,0.0067002526614996045,0.006700252661190118,False,False,False,False
TGTTATTGTATGTGGC-1,8801,3448,ER,CID4290,Invasive cancer + stroma,1,44,86,5463,6318,8801,3448,2.976934439268265,False,False,False,True,Invasive cancer + stroma,0.05342812669702506,0.003211051120782194,6.0442136956955205e-05,0.0,0,0,1.8439602338455796,4,22,0.0,0,0,0.1305968002951854,0.00604421369569687,0.006044213694414755,0.17841988439292242,False,False,False,False
TTCCGGTTACCCACTT-1,11737,3891,ER,CID4290,Invasive cancer + stroma,1,45,87,5558,6372,11737,3891,4.9501576211979215,False,False,False,True,Invasive cancer + stroma,0.11649588241807904,0.0002465186899420958,0.008429419370010457,0.0,0,0,2.748746014255905,4,98,0.0,0,0,0.006162967248750633,0.006162967248755452,0.006162967247952793,0.006162967248750703,False,False,False,False
GAGTGTGCGGTACCCA-1,17542,4688,ER,CID4290,Invasive cancer + stroma,1,44,88,5463,6427,17542,4688,4.52627978565728,False,False,False,True,Invasive cancer + stroma,0.053758367254756856,0.0002499370874512758,6.248427187163853e-05,0.0,0,0,1.92743167238764,4,50,0.0,0,0,0.006248427186236586,0.0062484271862255705,0.006248427186428858,0.006248427186236565,False,False,False,False
CAAGATATTATAACGT-1,25948,5451,ER,CID4290,Invasive cancer + stroma,1,45,89,5558,6481,25948,5451,6.308771388931709,False,False,False,True,Invasive cancer + stroma,0.054998969377110365,0.015332624144782666,9.613883225122859e-05,0.0,0,0,1.9044017771405666,4,81,0.0,0,0,0.00961388322416774,0.009613883224382048,0.009613883225890445,1.5044207648038264,False,False,False,False
ACACACCAGGACCAGT-1,9259,3112,ER,CID4290,Invasive cancer + stroma,1,44,90,5463,6536,9259,3112,6.588184469165137,False,False,False,True,Invasive cancer + stroma,0.0642322338859708,0.00025701754529194876,6.425438632447646e-05,0.0,0,0,1.6792572124569025,3,27,0.0,0,0,0.006425438632930768,0.006425438632505674,0.006425438630827789,0.006425438632930643,False,False,False,False
ATGGGCCTCGGCCTCT-1,21185,4844,ER,CID4290,Invasive cancer + stroma,1,45,91,5558,6591,21185,4844,8.0245456691055,False,False,False,True,Invasive cancer + stroma,0.06039655234470578,0.003824297383015454,0.00010323060777927728,0.06444063764992723,1,1,1.95795109324138,4,61,0.0,0,0,0.010323060781479446,0.35146055595823433,0.010323060780351964,0.010323060781479657,False,False,False,False
AAGGTGATAAACCAGC-1,25907,5558,ER,CID4290,Invasive cancer + stroma,1,44,92,5463,6645,25907,5558,7.422704288416258,False,False,False,True,Invasive cancer + stroma,0.0451958036559731,0.007535591975972085,6.400438179618922e-05,0.0,0,0,1.6991179003746302,4,53,0.0,0,0,0.006400438179566781,0.006400438177726153,0.006400438170447263,0.7343578830694684,False,False,False,False
TCTTACTTATGCCTCT-1,12997,3923,ER,CID4290,Invasive cancer + stroma,1,45,93,5558,6700,12997,3923,8.471185658228823,False,False,False,True,Invasive cancer + stroma,0.04986186752024101,0.0047152131874778425,9.513233260085869e-05,0.0,0,0,1.5728774248999666,3,30,0.0,0,0,0.4429816189701634,0.009513233260065049,0.009513233257494591,0.009513233260061198,False,False,False,False
AAAGTGTGATTTATCT-1,29169,5685,ER,CID4290,Invasive cancer + stroma,1,44,94,5463,6754,29169,5685,5.526415029654771,False,False,False,True,Invasive cancer + stroma,0.06317308464898619,0.015473074129767207,9.603012023841643e-05,0.049129852685678536,1,1,1.9198184603708857,4,79,0.0,0,0,0.8090830697504883,0.009603012020992318,0.009603012033865502,0.7190183191713745,False,False,False,False
TGCTCCACAGTTCTTA-1,19626,4671,ER,CID4290,Invasive cancer + stroma,1,45,95,5558,6809,19626,4671,6.272291857739733,False,False,False,True,Invasive cancer + stroma,0.07292424711873494,0.007098676016757859,9.738580416367284e-05,0.0686328560625931,1,1,1.611957477705519,4,48,0.0,0,0,0.009738580415871813,0.009738580418443651,0.009738580413128726,0.6806518604283417,False,False,False,False
CTGGCTGATTCATCCT-1,28270,5561,ER,CID4290,Invasive cancer + stroma,1,44,96,5463,6864,28270,5561,4.856738592147152,False,False,False,True,Invasive cancer + stroma,0.08972845973008524,0.000268285670377221,6.70714176047991e-05,0.0,0,0,2.240269392210393,4,123,0.0,0,0,0.0067071417593522935,0.006707141764825552,0.006707141753619049,0.00670714175992521,False,False,False,False
TAAGGCTGAATCCCTC-1,37481,6373,ER,CID4290,Invasive cancer + stroma,1,45,97,5558,6918,37481,6373,5.183959873002321,False,False,False,True,Invasive cancer + stroma,0.08228509216351493,0.0030116844582141022,6.667444689278483e-05,0.0,0,0,2.2602496805407224,4,173,0.0,0,0,0.2811661117568708,0.006667444689809012,0.006667444686947899,0.006667444687782523,False,False,False,False
TCTAGTGATATCGTGG-1,5298,2221,ER,CID4290,Invasive cancer + stroma,1,44,98,5463,6973,5298,2221,3.397508493771234,False,False,False,True,Invasive cancer + stroma,0.11820736112896384,0.0002367274305027596,0.004875840916973833,0.0,0,0,2.2003390742603885,4,31,0.0,0,0,0.005918185762568971,0.005918185762569029,0.005918185762569009,0.005918185762568952,False,False,False,False
TCGAAGAACCGAGCAC-1,34716,6685,ER,CID4290,Invasive cancer + stroma,1,45,99,5558,7028,34716,6685,3.4220532319391634,False,False,False,True,Invasive cancer + stroma,0.1508918015456749,0.0026482179238598164,6.156534008251831e-05,0.0,0,0,2.802100502657228,4,299,0.0,0,0,0.006156534009027946,0.006156534007709597,0.006156534007582583,0.24635219036166148,False,False,False,False
GACAAACATATGCAGG-1,9236,3200,ER,CID4290,Invasive cancer + stroma,1,44,100,5463,7082,9236,3200,3.269813772195756,False,False,False,True,Invasive cancer + stroma,0.09920722255878854,0.009986560245055773,6.42953646215098e-05,0.0,0,0,2.3272937453736793,4,39,0.0,0,0,0.01089202161186036,0.9749049299697814,0.006429536461967791,0.006429536461967771,False,False,False,False
AAGTCAATTGTCGTCA-1,10465,3556,ER,CID4290,Invasive cancer + stroma,1,45,101,5558,7137,10465,3556,2.5418060200668897,False,False,False,True,Invasive cancer + stroma,0.17129384882405121,0.007890949238975726,5.7325381604878553e-05,0.0,0,0,2.771907017103333,4,90,0.0,0,0,0.005732538160409917,0.005732538160409927,0.005732538160409917,0.7718973094163427,False,False,False,False
AGTGAACAAACTTCTC-1,1795,1078,ER,CID4290,Invasive cancer + stroma,1,44,102,5463,7191,1795,1078,2.2284122562674096,False,False,False,True,Invasive cancer + stroma,0.11786976170039111,0.010126309502551516,8.020346631464265e-05,0.0,0,0,2.1798130494840926,3,12,0.0,0,0,0.8412812596021616,0.008020346631581795,0.15530899738994372,0.00802034663146442,False,False,False,False
CATGATGGAAGTTAGC-1,12046,3661,ER,CID4290,Invasive cancer + stroma,1,45,103,5558,7246,12046,3661,4.416403785488959,False,False,False,True,Invasive cancer + stroma,0.09609437165458805,0.03567936123820001,6.215461050407961e-05,0.0,0,0,2.382134635698555,4,66,0.0,0,0,0.006215461050505378,0.006215461050505337,0.00621546105112398,3.5492897406678656,True,False,True,False
AAGTGCCTTGACTGTA-1,2154,1254,ER,CID4290,Invasive cancer + stroma,1,44,104,5463,7301,2154,1254,3.5283194057567315,False,False,False,True,Invasive cancer + stroma,0.11585901379206473,0.00023560558752854527,5.8901396858332794e-05,0.0,0,0,2.327573649582785,3,14,0.0,0,0,0.005890139688201257,0.005890139688251245,0.0058901396882011705,0.005890139688200854,False,False,False,False
ATCGCCAGTCAACATT-1,13887,3993,ER,CID4290,Invasive cancer + stroma,1,45,105,5558,7355,13887,3993,4.659033628573487,False,False,False,True,Invasive cancer + stroma,0.17662379863039523,0.0003731438769809493,9.328596924706297e-05,0.0,0,0,2.9622407754904687,4,134,0.0,0,0,0.009328596924332275,0.009328596924332572,0.009328596925097892,0.00932859692433219,False,False,False,False
ACCGCGGTGGAAGTCG-1,17555,4357,ER,CID4290,Invasive cancer + stroma,1,44,106,5463,7410,17555,4357,7.200227855311877,False,False,False,True,Invasive cancer + stroma,0.057510421324975705,0.00026665379722851687,6.66634493165518e-05,0.0,0,0,1.9583165496378108,4,50,0.0,0,0,0.006666344931967879,0.006666344929021177,0.006666344929894391,0.006666344931968236,False,False,False,False
TCTTCTATAACCCGCC-1,15317,4207,ER,CID4290,Invasive cancer + stroma,1,45,107,5558,7465,15317,4207,5.203368805901939,False,False,False,True,Invasive cancer + stroma,0.1347437667617024,0.020864739937575316,0.0016231958455916744,0.0,0,0,2.674668463842374,4,106,0.0,0,0,0.00963814508743517,0.009638145087700185,0.009638145087876594,2.0575595584945194,False,False,False,False
CACATTTCTTGTCAGA-1,12283,3655,ER,CID4290,Invasive cancer + stroma,1,44,108,5463,7519,12283,3655,5.218594805829195,False,False,False,True,Invasive cancer + stroma,0.09246917467191455,0.0003957010025595863,9.892525063879026e-05,0.0,0,0,2.0166643976416037,4,43,0.0,0,0,0.009892525063279915,0.009892525063462582,0.00989252506593615,0.009892525063279985,False,False,False,False
TAGCGTCCCTCGATTG-1,9139,3237,ER,CID4290,Invasive cancer + stroma,1,45,109,5558,7574,9139,3237,3.906335485282854,False,False,False,True,Invasive cancer + stroma,0.13449848229526676,0.008818604669004642,8.69522591459757e-05,0.0,0,0,2.725416243738735,4,75,0.0,0,0,0.008695225914598622,0.8557747891566684,0.0086952259145986,0.008695225914598582,False,False,False,False
GTTCGGATCGGGAACA-1,10392,3464,ER,CID4290,Invasive cancer + stroma,1,44,110,5463,7628,10392,3464,6.168206312548114,False,False,False,True,Invasive cancer + stroma,0.13619489156912587,0.016989868157639726,9.616575701379556e-05,0.0,0,0,2.359034550044228,4,72,0.22470212923517197,1,1,0.00961657570137971,1.2462945391531879,0.4334591252080253,0.009616575701379545,False,False,False,False
CAAACTCGCGACGCCG-1,12404,4076,ER,CID4290,Invasive cancer + stroma,1,45,111,5558,7683,12404,4076,5.256368913253789,False,False,False,True,Invasive cancer + stroma,0.19501519057857913,0.00197651795502726,6.052969897059119e-05,0.0,0,0,3.0664708181664193,4,115,0.0,0,0,0.006052969897305602,0.00605296989730572,0.006052969897306026,0.17949288581080863,False,False,False,False
GTCTTGTAGCTATTCA-1,1607,939,ER,CID4290,Invasive cancer + stroma,1,44,112,5463,7738,1607,939,7.591785936527691,False,False,False,True,Invasive cancer + stroma,0.05488018983456671,0.05663596294926932,5.9775595203389e-05,0.0,0,0,1.2390622014810586,2,4,0.0,0,0,5.6456636163659155,0.0059775595203388505,0.005977559520338812,0.005977559520338803,True,False,True,False
TCTCGACGTATCGCCG-1,11600,3826,ER,CID4290,Invasive cancer + stroma,1,45,113,5558,7792,11600,3826,8.775862068965518,False,False,False,True,Invasive cancer + stroma,0.19337453677309596,0.016520872490349857,0.0054533741938463135,0.0,0,0,3.0939332039233287,4,123,0.20722940552593347,1,1,0.00865306000937231,0.008653060009372104,0.008653060009684896,1.6261280690065563,False,False,False,False
TTGCCAAGCAGAACCC-1,2552,1360,ER,CID4290,Invasive cancer + stroma,1,44,114,5463,7847,2552,1360,9.130094043887148,False,False,False,True,Invasive cancer + stroma,0.12437450129170535,0.0051111339186314724,5.99353228834352e-05,0.0,0,0,2.91711693948932,4,20,0.0,0,0,0.005993532288345424,0.005993532288345492,0.493132794998111,0.005993532288345336,False,False,False,False
CCGCTTACCTCACTCT-1,2683,1516,ER,CID4290,Invasive cancer + stroma,1,47,35,5750,3532,2683,1516,8.833395452851287,False,False,False,True,Invasive cancer + stroma,0.08341665237835597,0.008668037419880079,6.031973162079527e-05,0.0,0,0,2.180394911472672,3,14,0.0,0,0,0.8467495303257087,0.006031973162071871,0.006031973162080007,0.00799026533814738,False,False,False,False
GGTGAAGTACAGGGAT-1,2774,1631,ER,CID4290,Invasive cancer + stroma,1,47,37,5750,3641,2774,1631,5.082912761355443,False,False,False,True,Invasive cancer + stroma,0.21492269140983897,0.010240202087242977,6.255106774054854e-05,0.0,0,0,3.1736099023090603,4,35,0.0,0,0,0.006255106774054915,0.006255106774054537,0.006255106774055413,1.0052548884021328,False,True,False,False
GCTGTATTACTGGCCC-1,1844,1121,ER,CID4290,Invasive cancer + stroma,1,46,38,5655,3696,1844,1121,5.260303687635575,False,False,False,True,Invasive cancer + stroma,0.16705776229243627,0.019338420595983074,8.923153170019066e-05,0.0,0,0,2.5386169218419465,3,17,0.0,0,0,0.008923153167008598,0.008923153166995277,0.008923153167008892,1.9070726000972946,False,False,False,False
AACGGCCATCTCCGGT-1,10759,3952,ER,CID4290,Invasive cancer + stroma,1,47,39,5750,3751,10759,3952,6.292406357468167,False,False,False,True,Invasive cancer + stroma,0.24873180904710648,0.019370507712084328,8.600550935873341e-05,0.0,0,0,3.6610400010957753,4,236,0.0,0,0,1.6228046136293355,0.2970450557072437,0.00860055093598007,0.008600550935873589,False,True,False,False
TAAGTAACATCTTGAC-1,3260,1744,ER,CID4290,Invasive cancer + stroma,1,46,40,5655,3805,3260,1744,4.171779141104294,False,False,False,True,Invasive cancer + stroma,0.15847466683004077,0.055462793608864934,5.5753591390136426e-05,0.0,0,0,3.1998723246249137,4,41,0.0,0,0,5.528889094932355,0.005575359139013743,0.005575359139013733,0.006239547676110774,True,False,True,False
TTCTTGAGCCGCGCTA-1,6041,2788,ER,CID4290,Invasive cancer + stroma,1,47,41,5750,3860,6041,2788,6.488991888760139,False,False,False,True,Invasive cancer + stroma,0.16702435513993608,0.00035365806733498955,0.004471051566679232,0.0,0,0,2.745365734916134,4,64,0.0,0,0,0.00884145168337409,0.008841451683374999,0.008841451683374886,0.008841451683374977,False,False,False,False
AGTGCGTAGCTCGTAA-1,7313,3094,ER,CID4290,Invasive cancer + stroma,1,46,42,5655,3915,7313,3094,4.881717489402434,False,False,False,True,Invasive cancer + stroma,0.14513012899831546,0.023806067889329163,5.694275957926804e-05,0.0,0,0,3.1809522871738,4,112,0.0,0,0,2.1321180280967273,0.005694275957926832,0.005694275957926804,0.23710020892033548,False,False,False,False
GGGATGGTCGTAACCG-1,4999,2372,ER,CID4290,Invasive cancer + stroma,1,47,43,5750,3969,4999,2372,4.260852170434086,False,False,False,True,Invasive cancer + stroma,0.16520869851572062,0.012967782239583822,5.9240658517691455e-05,0.0,0,0,3.1724363417696955,4,61,0.0,0,0,0.0059240658517698795,0.0059240658517698405,0.005924065851769831,1.2790060264030727,False,False,False,False
GTCTGGGCGGTCGAGA-1,6125,2832,ER,CID4290,Invasive cancer + stroma,1,46,44,5655,4024,6125,2832,4.424489795918367,False,False,False,True,Invasive cancer + stroma,0.13701431704907713,0.017550711819040464,6.091277767942745e-05,0.0,0,0,2.7233625381258486,4,53,0.0,0,0,0.5052038171296069,0.006091277767942505,0.006091277767942734,1.2376848092385544,False,False,False,False
CGGAACGTAAACATAG-1,7905,3276,ER,CID4290,Invasive cancer + stroma,1,47,45,5750,4078,7905,3276,4.478178368121442,False,False,False,True,Invasive cancer + stroma,0.13411964281973976,0.023836849575193372,5.6959539595665745e-05,0.0,0,0,3.1310417738966203,4,87,0.0,0,0,0.9238279621707359,0.00569595395956755,0.5674431403537058,0.886717901035328,False,False,False,False
TGCGACACCCTAGTGC-1,3957,2019,ER,CID4290,Invasive cancer + stroma,1,46,46,5655,4133,3957,2019,4.119282284559009,False,False,False,True,Invasive cancer + stroma,0.13288720497028653,0.012315672085022955,5.880020187822409e-05,0.0,0,0,2.7239978204426003,4,34,0.0,0,0,0.0058800201874288,0.005880020187424374,0.005880020187429164,1.2139271479400133,False,False,False,False
CAAACGAGTATCGCAG-1,24604,5787,ER,CID4290,Invasive cancer + stroma,1,47,47,5750,4188,24604,5787,4.279791903755487,False,False,False,True,Invasive cancer + stroma,0.03925695881877276,0.04036051652996204,6.0366439340526197e-05,0.0,0,0,1.868452271599731,4,62,0.0,0,0,0.6260774916132634,0.006036643934122863,0.23299281108986195,3.1709447063589558,True,False,True,False
TCAGTAGGGACTATAA-1,7684,3224,ER,CID4290,Invasive cancer + stroma,1,46,48,5655,4242,7684,3224,4.593961478396668,False,False,False,True,Invasive cancer + stroma,0.05815903016280806,0.020742611419636223,5.839781875203034e-05,0.1389200051762811,1,1,2.2037735466153165,4,31,0.0,0,0,0.005839781875203062,0.6743580563731909,0.005839781875203024,1.3882235218400252,False,False,False,False
GCGGTTCCCTATCATG-1,12643,4194,ER,CID4290,Invasive cancer + stroma,1,47,49,5750,4297,12643,4194,5.046270663608321,False,False,False,True,Invasive cancer + stroma,0.06254289253152158,0.01756361321244624,6.353258705603703e-05,0.0,0,0,1.942421698189828,4,42,0.0,0,0,0.006353258705651701,0.00635325870565172,0.006353258706120483,1.7373015451272,False,False,False,False
GTGACTTCAGTAGTGC-1,13808,4539,ER,CID4290,Invasive cancer + stroma,1,46,50,5655,4351,13808,4539,5.366454229432213,False,False,False,True,Invasive cancer + stroma,0.06388146976568833,0.00024211366522856423,6.052841630760708e-05,0.0,0,0,2.1144795395892824,4,55,0.0,0,0,0.006052841631496365,0.006052841631496059,0.006052841628367683,0.006052841631496316,False,False,False,False
CGTCACGTCCATTGGT-1,8226,3374,ER,CID4290,Invasive cancer + stroma,1,47,51,5750,4406,8226,3374,4.899100413323608,False,False,False,True,Invasive cancer + stroma,0.1532523883983273,0.01003363649157994,5.784490906920544e-05,0.0,0,0,2.922099572887422,4,94,0.0,0,0,0.9860101764378993,0.005784490906920658,0.0057844909062533915,0.005784490906920555,False,False,False,False
ATAAGTTACCGCGACG-1,21047,5496,ER,CID4290,Invasive cancer + stroma,1,46,52,5655,4461,21047,5496,7.1316577184396825,False,False,False,True,Invasive cancer + stroma,0.05169424398500369,0.01087582185070378,8.566871044685814e-05,0.0,0,0,1.808680384397742,4,61,0.0,0,0,0.00856687104474667,0.008566871042240512,0.1738966236276454,0.8965518193557456,False,False,False,False
CTGAATCCGAGACCTC-1,23100,6025,ER,CID4290,Invasive cancer + stroma,1,47,53,5750,4515,23100,6025,4.012987012987013,False,False,False,True,Invasive cancer + stroma,0.15054867016411633,0.017155744208317905,0.00011359539672038426,0.0,0,0,3.036327048452896,4,236,0.0,0,0,0.23741133909826037,0.04360183523294572,0.005846194527339417,1.428715051973245,False,False,False,False
TACGACGCTTGCTGCG-1,22077,5668,ER,CID4290,Invasive cancer + stroma,1,46,54,5654,4570,22077,5668,3.3926711056755896,False,False,False,True,Invasive cancer + stroma,0.1019325152418936,0.010315487547414803,5.981627360281352e-05,0.062267153300558736,1,1,2.6504753699729804,4,132,0.0,0,0,0.005981627360324631,0.005981627359026995,0.005981627361495606,1.0136038726606331,False,False,False,False
GAATTCACCCGGGTGT-1,33700,6629,ER,CID4290,Invasive cancer + stroma,1,47,55,5749,4625,33700,6629,4.2373887240356085,False,False,False,True,Invasive cancer + stroma,0.050466957924843264,0.008902371720729073,6.280730345048539e-05,0.04330837745720475,1,1,1.9614999375662483,4,95,0.0,0,0,0.0062807303466063434,0.006280730341322443,0.006280730349551719,0.8713949810354269,False,False,False,False
GGGTGACACCTTAACT-1,11603,4034,ER,CID4290,Invasive cancer + stroma,1,46,56,5654,4679,11603,4034,4.033439627682496,False,False,False,True,Invasive cancer + stroma,0.14235380972565848,0.004227600812849941,5.870588585515406e-05,0.0,0,0,2.881029639168731,4,106,0.0,0,0,0.005870588586109833,0.10358355300177909,0.0058705885856381,0.3074353511114671,False,False,False,False
TGAGTAAATTAGCGTA-1,10489,3868,ER,CID4290,Invasive cancer + stroma,1,47,57,5749,4734,10489,3868,4.881304223472209,False,False,False,True,Invasive cancer + stroma,0.13658056417358785,0.016412326349059654,6.046341817211537e-05,0.0,0,0,2.7544300786497877,4,87,0.0,0,0,0.2745756365811654,0.006046341817211467,0.05801204530043202,1.3025986112071564,False,False,False,False
GAGTCCGCTTACCGGA-1,12701,4463,ER,CID4290,Invasive cancer + stroma,1,46,58,5654,4788,12701,4463,5.369655932603732,False,False,False,True,Invasive cancer + stroma,0.24595041220251507,0.014371820269469926,6.0613952565450405e-05,0.0,0,0,3.6461503486611466,4,231,0.0,0,0,0.006061395256545801,0.006061395256545811,0.07856233891806552,1.3464968975158353,False,True,False,False
GGCGCGTTCGAGTTTA-1,4806,2378,ER,CID4290,Invasive cancer + stroma,1,47,59,5749,4843,4806,2378,4.327923429047025,False,False,False,True,Invasive cancer + stroma,0.12858291225525378,0.005683579413309212,0.0029827885950306403,0.0,0,0,2.7518847680599148,4,40,0.0,0,0,0.008662989610868414,0.008662989610868818,0.4873362951780643,0.0636956669311196,False,False,False,False
ATTCATATACTGTCCA-1,8160,3289,ER,CID4290,Invasive cancer + stroma,1,46,60,5654,4898,8160,3289,6.654411764705882,False,False,False,True,Invasive cancer + stroma,0.22895459933747225,0.000244424027420932,6.110600685522652e-05,0.0,0,0,3.59007085944005,4,166,0.0,0,0,0.0061106006855230904,0.006110600685523916,0.006110600685523111,0.006110600685523082,False,True,False,False
ATAAACGGACCCGTAA-1,9660,3741,ER,CID4290,Invasive cancer + stroma,1,47,61,5749,4952,9660,3741,5.879917184265011,False,False,False,True,Invasive cancer + stroma,0.17036876326584444,0.000251662506455172,6.291562661691733e-05,0.0,0,0,2.883504974403326,4,83,0.0,0,0,0.006291562661544076,0.0062915626615189105,0.006291562660910139,0.006291562661544076,False,False,False,False
GTCGTACCATCTCGGG-1,6516,2782,ER,CID4290,Invasive cancer + stroma,1,46,62,5654,5007,6516,2782,5.616942909760589,False,False,False,True,Invasive cancer + stroma,0.3261379408265961,0.010998705823563156,6.118135707217707e-05,0.0,0,0,3.758055203844159,4,154,0.0,0,0,0.006118135707217288,0.006118135707217377,0.006118135707217237,1.0815161752346636,False,True,False,False
ATAATAGCTGTTGAAT-1,7725,2970,ER,CID4290,Invasive cancer + stroma,1,47,63,5749,5062,7725,2970,6.6537216828478964,False,False,False,True,Invasive cancer + stroma,0.20602713114354002,0.00036879208398188205,0.0005083441769128648,0.0,0,0,3.2210199990523307,4,92,0.0,0,0,0.00921980209960089,0.009219802099600227,0.009219802099385966,0.00921980209960112,False,True,False,False
TTCCGCGTGAGGCGAT-1,17588,4931,ER,CID4290,Invasive cancer + stroma,1,46,64,5654,5116,17588,4931,4.332499431430521,False,False,False,True,Invasive cancer + stroma,0.22833262596306725,0.0010536224355868085,6.19566057600012e-05,0.0,0,0,3.3252414678511992,4,222,0.0,0,0,0.006195660578446732,0.006195660575821967,0.006195660568607127,0.08677526183580501,False,True,False,False
TACCGGCTCACTGCCC-1,20698,5171,ER,CID4290,Invasive cancer + stroma,1,47,65,5749,5171,20698,5171,4.758913904725095,False,False,False,True,Invasive cancer + stroma,0.069648168305567,0.000262625025822743,6.565625645048548e-05,0.0,0,0,2.21854715272675,4,75,0.0,0,0,0.006565625644872508,0.0065656256452738355,0.006565625647136071,0.006565625644991886,False,False,False,False
GTATCTTTCATAACCA-1,3483,1825,ER,CID4290,Invasive cancer + stroma,1,46,66,5654,5225,3483,1825,4.04823428079242,False,False,False,True,Invasive cancer + stroma,0.1583083060429444,0.050286390362688414,6.23142102809608e-05,0.22558927354467892,1,1,2.7961380024015483,4,28,0.0,0,0,3.744287663004675,0.0062314210280934,0.006231421028094304,1.2718885312079784,True,False,False,False
GTTACCTACAACTTGC-1,16354,4620,ER,CID4290,Invasive cancer + stroma,1,47,67,5749,5280,16354,4620,4.3047572459337164,False,False,False,True,Invasive cancer + stroma,0.09555049505123955,0.0051516419560146565,9.268323269990673e-05,0.0,0,0,2.4222219179360196,4,84,0.0,0,0,0.35129510436744005,0.009268323270157235,0.009268323265969432,0.14533244469789894,False,False,False,False
TGACTATAATCCTTTC-1,2967,1606,ER,CID4290,Invasive cancer + stroma,1,46,68,5654,5335,2967,1606,4.179305695989215,False,False,False,True,Invasive cancer + stroma,0.16235198980346383,0.00022308020503832905,5.577005128724096e-05,0.0,0,0,3.0763598793575397,4,31,0.0,0,0,0.00557700512596171,0.005577005125949171,0.0055770051259615115,0.0055770051259605114,False,False,False,False
AAATACCTATAAGCAT-1,3806,1949,ER,CID4290,Invasive cancer + stroma,1,47,69,5749,5389,3806,1949,4.203888596952181,False,False,False,True,Invasive cancer + stroma,0.16486669131111614,0.04759952742077965,8.995597122796173e-05,0.42950817046910866,2,2,2.663957783102528,4,32,0.0,0,0,0.008995597122799383,0.008995597122801385,0.00899559712279886,4.732965950709565,True,False,False,False
TTATTAGAGCGTGTTC-1,5430,2406,ER,CID4290,Invasive cancer + stroma,1,46,70,5654,5444,5430,2406,5.4511970534069984,False,False,False,True,Invasive cancer + stroma,0.0758459362158902,0.012607943683934383,9.752284580048091e-05,0.17406242207153755,1,1,1.7604275614727993,3,18,0.0,0,0,1.2315375146532925,0.009752284580048348,0.009752284580048648,0.009752284580048804,False,False,False,False
ATGTGGACATCTTGAT-1,9022,3141,ER,CID4290,Invasive cancer + stroma,1,47,71,5749,5498,9022,3141,3.934825980935491,False,False,False,True,Invasive cancer + stroma,0.08873913644953296,0.01305254393160753,0.00010221284800841718,0.0,0,0,2.0686683370454597,4,29,0.0,0,0,0.01022128480084138,1.1810208195288145,0.10379100403025494,0.010221284800842103,False,False,False,False
GTACGCTTCATTGCAC-1,10550,3429,ER,CID4290,Invasive cancer + stroma,1,46,72,5654,5553,10550,3429,3.6587677725118484,False,False,False,True,Invasive cancer + stroma,0.10302319041253749,0.0033342089974855325,6.738356577418227e-05,0.0,0,0,2.34079231523204,4,47,0.0,0,0,0.006738356577941422,0.006738356577826798,0.006738356576578284,0.3132058300162068,False,False,False,False
CACATATTAGCAGGAT-1,6817,2623,ER,CID4290,Invasive cancer + stroma,1,47,73,5749,5608,6817,2623,4.9141851254217395,False,False,False,True,Invasive cancer + stroma,0.129542139492311,0.01233739756557192,6.15853412643667e-05,0.0,0,0,2.7871970281099183,4,45,0.0,0,0,0.006158534126336936,0.006158534126338261,0.042532258124200875,1.178890430180316,False,False,False,False
CAAGAGGGCGGAGTAC-1,8894,3199,ER,CID4290,Invasive cancer + stroma,1,46,74,5654,5662,8894,3199,3.8565324938160552,False,False,False,True,Invasive cancer + stroma,0.1171509568963973,0.011499382091613147,6.192185176858687e-05,0.0,0,0,2.702267268985988,4,64,0.0,0,0,0.0061921851768837275,0.037598966703638804,0.006192185177372434,1.0999548721034198,False,False,False,False
TCGCAAAGATGCATTT-1,6290,2619,ER,CID4290,Invasive cancer + stroma,1,47,75,5749,5717,6290,2619,4.022257551669316,False,False,False,True,Invasive cancer + stroma,0.057764143505415054,0.006464264256793355,5.86383361493863e-05,0.15859839198360076,1,1,1.8567166918997133,3,23,0.0,0,0,0.005863833615006269,0.005863833615004197,0.005863833615006345,0.6288349248343187,False,False,False,False
GTCGTTATTCGCTTAT-1,3094,1552,ER,CID4290,Invasive cancer + stroma,1,46,76,5654,5771,3094,1552,4.848093083387202,False,False,False,True,Invasive cancer + stroma,0.1270721283894437,0.041593021178969534,6.132606748846226e-05,0.0,0,0,1.8487890655023893,3,11,0.0,0,0,0.006132606748846137,0.0061326067488442085,0.006132606748846018,4.140904297650417,True,False,True,False
GCGGAGAGGGAGAACG-1,13485,4150,ER,CID4290,Invasive cancer + stroma,1,46,78,5654,5881,13485,4150,6.681497960697071,False,False,False,True,Invasive cancer + stroma,0.0926444674450905,0.00024689026687977283,6.172256671676407e-05,0.0,0,0,2.268819720255232,4,70,0.0,0,0,0.00617225667248641,0.006172256670653618,0.006172256672350967,0.00617225667248629,False,False,False,False
TCACAGGGAATCGCAA-1,5544,2433,ER,CID4290,Invasive cancer + stroma,1,47,79,5749,5935,5544,2433,4.635642135642136,False,False,False,True,Invasive cancer + stroma,0.18584463855322766,0.0030612913235100883,0.00677571902154298,0.0,0,0,3.30576181346655,4,76,0.34365281672917897,1,1,0.005947702145382375,0.005947702145383305,0.005947702145511701,0.28828602591473146,False,False,False,False
GACTGCACCAGCCCAG-1,19044,4714,ER,CID4290,Invasive cancer + stroma,1,46,80,5654,5990,19044,4714,5.103969754253308,False,False,False,True,Invasive cancer + stroma,0.0662478663155209,0.007376291790680831,6.291405600484265e-05,0.07034330503095466,1,1,1.982925163462319,4,56,0.0,0,0,0.5930750357709536,0.006291405599564858,0.006291405602229149,0.13197133209533554,False,False,False,False
TCCGCTGTCATCCCGG-1,3654,1832,ER,CID4290,Invasive cancer + stroma,1,47,81,5749,6045,3654,1832,2.70935960591133,False,False,False,True,Invasive cancer + stroma,0.10065233965803569,0.025030452478685933,5.641680238696539e-05,0.2197016768400456,1,1,2.732808958255034,4,27,0.0,0,0,0.0056416802386966315,0.738552780345589,0.0056416802386962915,1.7532091070456113,False,False,False,False
AGATACTCAAGATCGA-1,4670,2103,ER,CID4290,Invasive cancer + stroma,1,46,82,5654,6099,4670,2103,5.37473233404711,False,False,False,True,Invasive cancer + stroma,0.15153191712858155,0.008927236452089931,5.9201320671114795e-05,0.1907742534123474,1,1,3.0227057227358483,4,49,0.0,0,0,0.005920132067103966,0.005920132067104091,0.005920132067104032,0.8749632490076811,False,False,False,False
ACTGAATGGCGAAAGT-1,3588,1879,ER,CID4290,Invasive cancer + stroma,1,47,83,5749,6154,3588,1879,3.6231884057971016,False,False,False,True,Invasive cancer + stroma,0.13596043400321853,0.00023466616310161383,5.8666540484600154e-05,0.0,0,0,2.3854142326640027,4,24,0.0,0,0,0.0058666540775391225,0.005866654077544026,0.005866654077539208,0.005866654077539026,False,False,False,False
TCCTACATCCACGGCC-1,3470,1728,ER,CID4290,Invasive cancer + stroma,1,46,84,5654,6208,3470,1728,5.590778097982709,False,False,False,True,Invasive cancer + stroma,0.0899263637482508,0.00022808412606759016,0.004382599717081854,0.0,0,0,2.6162195994074064,4,26,0.0,0,0,0.00570210315168924,0.0057021031516912195,0.005702103151689399,0.005702103151689157,False,False,False,False
TTCAGCCCTGGTCCAC-1,2702,1527,ER,CID4290,Invasive cancer + stroma,1,47,85,5749,6263,2702,1527,2.775721687638786,False,False,False,True,Invasive cancer + stroma,0.1025651086282884,0.003135529183903027,3.799476247230417e-05,0.0,0,0,2.6082809830916434,4,17,0.0,0,0,0.30215448964731156,0.003799476247230921,0.0037994762485287366,0.0037994762472314965,False,False,False,False
TTAGAGTTTAGAAGGA-1,5943,2640,ER,CID4290,Invasive cancer + stroma,1,46,86,5654,6318,5943,2640,5.24987380111055,False,False,False,True,Invasive cancer + stroma,0.09106662526232652,0.010108112445842228,5.7958803109468674e-05,0.0,0,0,2.3906045360265686,4,38,0.0,0,0,0.5905173141006533,0.005795880310945716,0.0057958803109462356,0.4087021698616775,False,False,False,False
GGTTAGCTATATGTCT-1,3209,1707,ER,CID4290,Invasive cancer + stroma,1,47,87,5749,6372,3209,1707,3.3343720785291366,False,False,False,True,Invasive cancer + stroma,0.13894299438132507,0.030322190838682435,5.839294003615826e-05,0.0,0,0,2.528463955799608,3,31,0.0,0,0,1.3244961523010133,0.005839294003615845,0.005839294003616035,1.6960443435599981,False,False,False,False
CTGGTTTCGAGCAAGA-1,9238,3313,ER,CID4290,Invasive cancer + stroma,1,46,88,5653,6427,9238,3313,5.596449447932453,False,False,False,True,Invasive cancer + stroma,0.12284236378533545,0.000636604749355432,5.9683874918310006e-05,0.0,0,0,2.5949611963039523,4,71,0.0,0,0,0.005968387491831009,0.005968387491830698,0.005968387491515829,0.04575531246036566,False,False,False,False
TGGGCCCATACTAATT-1,6641,2726,ER,CID4290,Invasive cancer + stroma,1,47,89,5748,6482,6641,2726,5.842493600361391,False,False,False,True,Invasive cancer + stroma,0.18459840047709336,0.0015190142279456397,8.902892948747484e-05,0.0,0,0,3.026185151870706,4,71,0.0,0,0,0.008902892948747555,0.008902892948747779,0.12519274394832103,0.008902892948747607,False,False,False,False
ACTTATTTATGTGCCA-1,12536,3911,ER,CID4290,Invasive cancer + stroma,1,46,90,5653,6536,12536,3911,6.549138481174219,False,False,False,True,Invasive cancer + stroma,0.16571196204360716,0.000252566539314149,6.3141634828193e-05,0.0,0,0,2.9732782757196867,4,106,0.0,0,0,0.006314163482933149,0.006314163482898101,0.006314163482650342,0.0063141634829333125,False,False,False,False
TTAGTTATTCGTGGCA-1,5590,2535,ER,CID4290,Invasive cancer + stroma,1,47,91,5748,6591,5590,2535,5.080500894454383,False,False,False,True,Invasive cancer + stroma,0.11136976071008695,0.018518433798640474,6.189147202789172e-05,0.1709417326504462,1,1,2.339656777677798,4,38,0.0,0,0,1.8332759382556796,0.00618914720278913,0.0061891472027894336,0.0061891472027893624,False,False,False,False
AACCGCTAAGGGATGC-1,10771,3636,ER,CID4290,Invasive cancer + stroma,1,46,92,5653,6645,10771,3636,6.43394299507938,False,False,False,True,Invasive cancer + stroma,0.07696522661808317,0.0017811312986567404,9.283690302155657e-05,0.0,0,0,2.0720560465959634,4,49,0.0,0,0,0.009283690302990656,0.009283690302885934,0.1502620589568066,0.009283690302990836,False,False,False,False
ATACGTCCACTCCTGT-1,7338,3046,ER,CID4290,Invasive cancer + stroma,1,47,93,5748,6700,7338,3046,3.6249659307713276,False,False,False,True,Invasive cancer + stroma,0.09901295443295341,0.016591474117842734,6.192183416506896e-05,0.1433057164188931,1,1,1.5728786524587137,2,33,0.0,0,0,0.006192183416507067,0.006192183416506705,0.0061921834155907384,1.6405708615356687,False,False,False,False
CGACACGCTCCGACAG-1,10095,3245,ER,CID4290,Invasive cancer + stroma,1,46,94,5653,6755,10095,3245,9.00445765230312,False,False,False,True,Invasive cancer + stroma,0.07106548529276979,0.00037728181790516296,0.008549808514252839,0.0,0,0,2.1915797565058854,4,45,0.0,0,0,0.009432045448172346,0.009432045448151726,0.009432045446019756,0.009432045448172464,False,False,False,False
TCTGAACTCGTACCCG-1,34486,6199,ER,CID4290,Invasive cancer + stroma,1,47,95,5748,6809,34486,6199,8.574493997564229,False,False,False,True,Invasive cancer + stroma,0.02717191805850623,0.01333830543950669,7.261046674602425e-05,0.0,0,0,1.3668682703316686,4,58,0.0,0,0,1.2777815480048353,0.007261046669858356,0.041526902606311124,0.007261046669664179,False,False,False,False
AGGATATAGGGATTTA-1,24009,5488,ER,CID4290,Invasive cancer + stroma,1,46,96,5653,6864,24009,5488,8.642592361197885,False,False,False,True,Invasive cancer + stroma,0.06530018539123211,0.00027212844576311463,6.803211141891339e-05,0.0,0,0,2.217720513771984,4,95,0.0,0,0,0.006803211143435929,0.006803211148367543,0.006803211141042227,0.006803211143465766,False,False,False,False
GTGATCACTAACGCCT-1,32046,5959,ER,CID4290,Invasive cancer + stroma,1,47,97,5748,6918,32046,5959,7.595331710665917,False,False,False,True,Invasive cancer + stroma,0.04238745409224535,0.00028681328492258717,7.170332122317428e-05,0.0,0,0,1.5827728599678408,4,63,0.0,0,0,0.007170332121565017,0.007170332122596351,0.007170332126532771,0.007170332121564574,False,False,False,False
ACCGGGCCTTTGTTGA-1,33073,6206,ER,CID4290,Invasive cancer + stroma,1,46,98,5653,6973,33073,6206,4.063737792156744,False,False,False,True,Invasive cancer + stroma,0.06726890030655225,0.0002833311780381857,7.083279454838102e-05,0.0,0,0,2.078989573878386,4,106,0.0,0,0,0.007083279454059975,0.007083279451519125,0.00708327944417951,0.007083279454059965,False,False,False,False
TTGACAGGAGCTCCCG-1,37615,6269,ER,CID4290,Invasive cancer + stroma,1,47,99,5748,7028,37615,6269,5.489831184367938,False,False,False,True,Invasive cancer + stroma,0.03879006425753015,0.001973945398771611,7.165988417136691e-05,0.0,0,0,1.4319814085308178,4,65,0.0,0,0,0.17589657461913147,0.0071659884264731084,0.007165988410061063,0.007165988421495488,False,False,False,False
CTCTTCTATTGACTGG-1,26258,5593,ER,CID4290,Invasive cancer + stroma,1,46,100,5653,7082,26258,5593,3.1457079747124688,False,False,False,True,Invasive cancer + stroma,0.048945136024252135,0.0002532091260988393,6.330228151445022e-05,0.0,0,0,1.7229459330990098,4,60,0.0,0,0,0.006330228152734403,0.0063302281532418726,0.00633022815117286,0.006330228152734794,False,False,False,False
CGTGGCCGAATATCTA-1,21913,4940,ER,CID4290,Invasive cancer + stroma,1,47,101,5748,7137,21913,4940,3.3587368228905214,False,False,False,True,Invasive cancer + stroma,0.07962444301041093,0.001497048719066832,6.446169958346575e-05,0.0,0,0,1.9106209622903625,4,68,0.0,0,0,0.0064461699579920475,0.13036636203363108,0.0064461699570673,0.006446169957992782,False,False,False,False
GGTTTAGCCTTTCTTG-1,19425,4429,ER,CID4290,Invasive cancer + stroma,1,46,102,5653,7192,19425,4429,4.658944658944659,False,False,False,True,Invasive cancer + stroma,0.09062672350190239,0.009857866739520275,6.654313111644079e-05,0.0,0,0,2.3043924388086574,4,89,0.0,0,0,0.9315811307767694,0.006654313112966057,0.0066543131076954405,0.04089691695459668,False,False,False,False
TCAAGGTTACTACACC-1,17453,4418,ER,CID4290,Invasive cancer + stroma,1,47,103,5748,7246,17453,4418,4.0165014610668655,False,False,False,True,Invasive cancer + stroma,0.09653198022304253,0.00025267465586122073,6.316866399187502e-05,0.0,0,0,2.396651710461335,4,93,0.0,0,0,0.006316866397776366,0.006316866397374262,0.006316866393194665,0.006316866397776778,False,False,False,False
TTGACTATTGTCCGGC-1,10722,3344,ER,CID4290,Invasive cancer + stroma,1,46,104,5653,7301,10722,3344,3.2922962133930236,False,False,False,True,Invasive cancer + stroma,0.08305154494934867,0.00026685008486168366,6.67125212187002e-05,0.0,0,0,2.311744323133404,4,51,0.0,0,0,0.0066712521215169405,0.006671252121516528,0.006671252121617903,0.006671252121516995,False,False,False,False
CGGGAATATAGTATAC-1,19197,4853,ER,CID4290,Invasive cancer + stroma,1,47,105,5748,7355,19197,4853,5.43834974214721,False,False,False,True,Invasive cancer + stroma,0.17431743524703183,0.000264330899380254,6.608272484233372e-05,0.0,0,0,3.1333526198628814,4,227,0.0,0,0,0.00660827248459534,0.006608272483879266,0.006608272484955216,0.006608272484595576,False,False,False,False
GCAACAGCAGTATGCG-1,17906,4808,ER,CID4290,Invasive cancer + stroma,1,46,106,5653,7410,17906,4808,3.875795822629286,False,False,False,True,Invasive cancer + stroma,0.14111360695107888,0.00024897205170203965,6.22430129222946e-05,0.0,0,0,2.7715226384442757,4,124,0.0,0,0,0.006224301293493453,0.006224301292696264,0.006224301290520824,0.006224301293493423,False,False,False,False
ATCAAACACTGTTCCA-1,17779,4849,ER,CID4290,Invasive cancer + stroma,1,47,107,5748,7465,17779,4849,4.775296698351989,False,False,False,True,Invasive cancer + stroma,0.12858451336370882,0.0020828210485379943,6.716112768010082e-05,0.0,0,0,2.621539487309053,4,117,0.0,0,0,0.006716112768329208,0.1881337665479971,0.0067161127691438794,0.006716112768329263,False,False,False,False
TGGGCAATAGTTGGGT-1,17351,4652,ER,CID4290,Invasive cancer + stroma,1,46,108,5653,7519,17351,4652,5.187020920984382,False,False,False,True,Invasive cancer + stroma,0.09950607724731109,0.011567013408964953,9.767075735642893e-05,0.0,0,0,2.215494458373696,4,63,0.0,0,0,1.1274001136903726,0.009767075735627321,0.009767075734850502,0.0097670757356449,False,False,False,False
TGAATGTCAGCCGGCC-1,10535,3615,ER,CID4290,Invasive cancer + stroma,1,47,109,5748,7574,10535,3615,5.657332700522069,False,False,False,True,Invasive cancer + stroma,0.1911857474013552,0.0002556274302195674,6.390685759590032e-05,0.0,0,0,3.041280924198216,4,110,0.0,0,0,0.006390685755678875,0.006390685755681747,0.006390685754917182,0.006390685755678937,False,False,False,False
CGGCTCTAAAGCTGCA-1,10522,3707,ER,CID4290,Invasive cancer + stroma,1,46,110,5653,7628,10522,3707,4.504846987264779,False,False,False,True,Invasive cancer + stroma,0.19559447541319308,0.003372806847239668,6.234814888406871e-05,0.0,0,0,2.8976582733114613,4,99,0.0,0,0,0.006234814888407186,0.006234814888407196,0.3185762400587452,0.006234814888407226,False,True,False,False
GGACACAAGTTTACAC-1,9374,3599,ER,CID4290,Invasive cancer + stroma,1,47,111,5748,7683,9374,3599,3.776402816300405,False,False,False,True,Invasive cancer + stroma,0.22762170136225413,0.018368351882606763,5.880167149840948e-05,0.0,0,0,3.2507407823368974,4,146,0.0,0,0,0.005880167149840602,0.005880167149841245,0.8920126355421488,0.9330622184188458,False,True,False,False
CCGAGAAGTCGCATAA-1,10762,3936,ER,CID4290,Invasive cancer + stroma,1,46,112,5653,7738,10762,3936,4.1163352536703215,False,False,False,True,Invasive cancer + stroma,0.2261436925156556,0.015818533955673418,5.8602443126708794e-05,0.10951716361730429,1,1,3.293891752709388,4,142,0.0,0,0,0.5203883049511906,0.005860244312670537,0.0058602443127419345,1.0497446019907386,False,True,False,False
TTAGGATGGGAGGGTA-1,8564,3364,ER,CID4290,Invasive cancer + stroma + lymphocytes,1,47,127,5747,8557,8564,3364,7.870154133582438,False,False,False,True,Invasive cancer + stroma + lymphocytes,0.11169148417526555,0.015394956207264781,9.332946475979352e-05,0.0,0,0,2.531364647693821,4,49,0.0,0,0,0.3713865739073782,0.00933294647599218,0.00933294647622825,1.1494431538668795,False,False,False,False
TTGATTAGCTGTTTCT-1,1015,677,ER,CID4290,Invasive cancer + stroma,1,48,34,5845,3478,1015,677,9.35960591133005,False,False,False,True,Invasive cancer + stroma,0.12766643598251923,0.005439179593390082,6.293385397968806e-05,0.0,0,0,1.5754001155985184,2,6,0.0,0,0,0.0062933853979502685,0.006293385403899728,0.525037803139208,0.006293385397950176,False,False,False,False
CTGCTGAGGCCACGAA-1,2490,1402,ER,CID4290,Invasive cancer + stroma,1,49,35,5940,3532,2490,1402,5.1807228915662655,False,False,False,True,Invasive cancer + stroma,0.10604836387465245,0.04555147433026792,6.173614061402882e-05,0.0,0,0,1.9273313858090135,3,11,0.0,0,0,0.006173614061402098,2.9916682504709255,0.046300603998675034,1.511004964495789,True,False,True,False
CCGTGTTAAATTCCAT-1,2276,1278,ER,CID4290,Invasive cancer + stroma,1,48,36,5845,3587,2276,1278,5.448154657293498,False,False,False,True,Invasive cancer + stroma,0.15904295614595174,0.02485052825990128,0.00725543317423606,0.28087110341556754,1,1,2.7854092089151017,4,19,0.0,0,0,0.008792297671411977,0.008792297671411988,0.008792297671412609,2.4586759329758916,False,False,False,False
CACGTCGGCAACCTCT-1,8845,3244,ER,CID4290,Invasive cancer + stroma,1,49,37,5940,3642,8845,3244,3.2673827020915773,False,False,False,True,Invasive cancer + stroma,0.0729511113323161,0.024252294935561355,0.00010335161434683405,0.0,0,0,2.247186538096125,4,36,0.0,0,0,0.010335161434780575,0.010335161434780341,0.11016495328164357,2.294394217404931,False,False,False,False
GTATTCTGAGAAACGA-1,17160,5356,ER,CID4290,Invasive cancer + stroma,1,48,38,5845,3696,17160,5356,4.7377622377622375,False,False,False,True,Invasive cancer + stroma,0.19782596935036023,0.024139597218572985,9.03305277558048e-05,0.0765273681051132,1,1,3.2426554751863237,4,269,0.0,0,0,0.009033052775391884,0.009033052775391594,0.0090330527769433,2.3868605635295714,False,True,False,False
CGGTGCGCGTTGGTCC-1,16585,4757,ER,CID4290,Invasive cancer + stroma,1,49,39,5940,3751,16585,4757,4.305094965330118,False,False,False,True,Invasive cancer + stroma,0.12443463611323487,0.008216198624526978,6.89985886675316e-05,0.0,0,0,2.7398601435453473,4,119,0.0,0,0,0.8009202858486492,0.0068998588664890195,0.006899858868710614,0.006899858868848917,False,False,False,False
GTGATTCGCCGCTCAA-1,7043,2938,ER,CID4290,Invasive cancer + stroma,1,48,40,5845,3805,7043,2938,3.5070282550049696,False,False,False,True,Invasive cancer + stroma,0.11687950640482607,0.015898373555464848,9.336892963849692e-05,0.0,0,0,2.99037644560345,4,69,0.0,0,0,0.009336892963849798,0.6208741858351707,0.00933689296419553,0.9502893837832689,False,False,False,False
GCCCGCGCGTAAACGG-1,10171,3524,ER,CID4290,Invasive cancer + stroma,1,49,41,5940,3860,10171,3524,4.3948480975322,False,False,False,True,Invasive cancer + stroma,0.15067911636694822,0.009206598831449316,0.00010206049483121358,0.0,0,0,2.936667934136985,4,101,0.0,0,0,0.8900417347005224,0.010206049482916759,0.010206049478576618,0.010206049482915699,False,False,False,False
AACGTACTGTGGGTAC-1,14345,4669,ER,CID4290,Invasive cancer + stroma,1,48,42,5845,3915,14345,4669,4.803067270826071,False,False,False,True,Invasive cancer + stroma,0.19513145065192045,0.016166286388094916,5.947427901704909e-05,0.0,0,0,3.6151492954571123,4,263,0.0,0,0,0.37969175101806524,0.6119998968929748,0.005947427902765692,0.6189895629956859,False,True,False,False
GAGTATGCCCGCCTTG-1,6142,2612,ER,CID4290,Invasive cancer + stroma,1,49,43,5940,3969,6142,2612,4.363399544122435,False,False,False,True,Invasive cancer + stroma,0.10212277221404166,0.01273634229488231,6.57721298968361e-05,0.0,0,0,2.827365950100943,4,47,0.0,0,0,0.006577212989683794,0.006577212989683804,1.2539025905191796,0.006577212989683794,False,False,False,False
TGATTCTGTCGCCGGT-1,22048,5560,ER,CID4290,Invasive cancer + stroma,1,48,44,5845,4024,22048,5560,5.927975326560232,False,False,False,True,Invasive cancer + stroma,0.12228121009129075,0.018226676202385945,6.392003527651771e-05,0.0,0,0,2.739480939293527,4,184,0.0,0,0,0.006392003527499653,0.006392003528225544,0.0063920035306483,1.803491609652221,False,False,False,False
GGGCGGCAAATGAATT-1,12487,4171,ER,CID4290,Invasive cancer + stroma,1,49,45,5940,4079,12487,4171,5.173380315528149,False,False,False,True,Invasive cancer + stroma,0.12329275746683688,0.0066320952561302795,9.375836078695903e-05,0.0,0,0,2.869116476841521,4,113,0.0,0,0,0.009375836078632366,0.4690974064113779,0.1753604470443853,0.00937583607863241,False,False,False,False
TTCCAATCTGGCTATC-1,12787,4133,ER,CID4290,Invasive cancer + stroma,1,48,46,5845,4133,12787,4133,6.131227027449754,False,False,False,True,Invasive cancer + stroma,0.07213995504446437,0.04122100823298437,9.269080505938699e-05,0.0962935280134896,1,1,1.9308389104141837,4,42,0.0,0,0,0.009269080507127738,0.009269080507127369,0.009269080505009717,4.094293581779172,True,False,False,False
GGAACCGTGTAAATTG-1,15320,4550,ER,CID4290,Invasive cancer + stroma,1,49,47,5940,4188,15320,4550,7.51958224543081,False,False,False,True,Invasive cancer + stroma,0.10078713514256889,0.04618388308183549,9.68061896606224e-05,0.08373923882725502,1,1,2.6035654340293304,4,106,0.0,0,0,0.11007013433961327,0.009680618965894186,0.009680618966066005,4.488956935911976,True,False,False,False
TTGGTCACACTCGTAA-1,12741,4515,ER,CID4290,Invasive cancer + stroma,1,48,48,5845,4242,12741,4515,3.6182403265049836,False,False,False,True,Invasive cancer + stroma,0.15744443897035262,0.022589067877170063,5.794960534875524e-05,0.0,0,0,3.2862144462151437,4,170,0.0,0,0,0.005794960534920276,0.005794960534920039,0.2528759785908947,1.9944408880562714,False,False,False,False
CGAACCCGCATGCGTC-1,33247,6679,ER,CID4290,Invasive cancer + stroma,1,49,49,5940,4297,33247,6679,5.549372875748188,False,False,False,True,Invasive cancer + stroma,0.1218148070093177,0.009147333660355202,9.386901043808112e-05,0.04382722155714192,1,1,2.8446994661962988,4,287,0.0,0,0,0.009386901043228939,0.009386901047486818,0.009386901040079658,0.8865726629047247,False,False,False,False
GGGCGTCACCACGTAA-1,21639,5621,ER,CID4290,Invasive cancer + stroma,1,48,50,5845,4352,21639,5621,5.235916632007025,False,False,False,True,Invasive cancer + stroma,0.14164544027582623,0.0002512727086674432,6.281817715466104e-05,0.0,0,0,3.0919155314070075,4,264,0.0,0,0,0.00628181771578705,0.006281817715714057,0.0062818177194561165,0.006281817715787099,False,False,False,False
TACCAGAAGTAGGTTC-1,26221,5884,ER,CID4290,Invasive cancer + stroma,1,49,51,5940,4406,26221,5884,6.15537164867854,False,False,False,True,Invasive cancer + stroma,0.12848664293950227,0.011470962584832097,9.62870292924617e-05,0.0,0,0,2.8434879709949246,4,253,0.0,0,0,0.009628702928435736,0.15698547229293403,0.009628702927164194,0.9708533803346757,False,False,False,False
TTGGATATCGTCTACG-1,10678,3884,ER,CID4290,Invasive cancer + stroma,1,48,52,5845,4461,10678,3884,5.534744334144971,False,False,False,True,Invasive cancer + stroma,0.1537269422268643,0.0261437279390652,6.1022014247978834e-05,0.0,0,0,2.9923877273914967,4,115,0.2202949276955023,1,1,0.006102201424797844,0.0061022014247971886,0.2760178939803187,2.3261504970766063,False,False,False,False
TAGATATGGACTGGAA-1,18529,5372,ER,CID4290,Invasive cancer + stroma,1,49,53,5940,4515,18529,5372,4.328350153812941,False,False,False,True,Invasive cancer + stroma,0.20999168903392046,0.0035332467652429292,9.099568726852565e-05,0.0,0,0,3.5847466184846417,4,355,0.0,0,0,0.009099568726865839,0.009099568726726497,0.009099568728963963,0.32602597034173664,False,True,False,False
GCGACGATAGTTGTAC-1,19975,5232,ER,CID4290,Invasive cancer + stroma,1,48,54,5845,4570,19975,5232,5.5919899874843555,False,False,False,True,Invasive cancer + stroma,0.09532811705164433,0.0028790784127300057,6.212541604882913e-05,0.06764703487687326,1,1,2.5311766808798817,4,118,0.0,0,0,0.006212541604938076,0.00621254160406654,0.006212541605861587,0.26927021645813437,False,False,False,False
CTGGATTTACACTTGA-1,14825,4526,ER,CID4290,Invasive cancer + stroma,1,49,55,5940,4625,14825,4526,5.463743676222597,False,False,False,True,Invasive cancer + stroma,0.23604934609517753,0.0006526013420562174,9.493382060991838e-05,0.0,0,0,3.2136082199465066,4,177,0.0,0,0,0.03677998802154543,0.009493382060982427,0.009493382062113812,0.009493382060980068,False,True,False,False
GTTATATTATCTCCCT-1,3995,2141,ER,CID4290,Invasive cancer + stroma,1,48,56,5845,4679,3995,2141,3.128911138923655,False,False,False,True,Invasive cancer + stroma,0.11756067672111417,0.0002375640178855257,5.939100446265874e-05,0.0,0,0,2.1115457029121125,3,21,0.0,0,0,0.005939100446266047,0.0059391004462704886,0.005939100449750046,0.005939100446265989,False,False,False,False
TATTCCACTCAGCTCG-1,10927,3910,ER,CID4290,Invasive cancer + stroma,1,49,57,5940,4734,10927,3910,3.605747231628077,False,False,False,True,Invasive cancer + stroma,0.218908383712604,0.0037184674818506584,5.870797831084808e-05,0.0,0,0,3.398007414594497,4,167,0.21660113355664143,1,1,0.08478583682245755,0.005870797830956074,0.27531931570069534,0.0058707978309568585,False,True,False,False
CTGTTACCCAATCTAG-1,2767,1614,ER,CID4290,Invasive cancer + stroma,1,48,58,5844,4788,2767,1614,2.2768341163715218,False,False,False,True,Invasive cancer + stroma,0.1415226198387852,0.03101704471527596,0.02385042730506834,0.0,0,0,2.871747601736712,4,25,0.0,0,0,0.006043795928819705,0.006043795928819685,0.006043795928819449,3.083573083741137,False,False,False,False
ACGCGAAGTCAGACGA-1,10605,3880,ER,CID4290,Invasive cancer + stroma,1,49,59,5939,4843,10605,3880,4.139556812824139,False,False,False,True,Invasive cancer + stroma,0.14121587582233988,0.003154177040226664,5.810382472563732e-05,0.0,0,0,2.754581559451162,4,101,0.0,0,0,0.005810382472161162,0.005810382472161162,0.2979865566061829,0.005810382472161199,False,False,False,False
GATAGGTAACGTTGAC-1,13680,4417,ER,CID4290,Invasive cancer + stroma,1,48,60,5844,4898,13680,4417,5.665204678362573,False,False,False,True,Invasive cancer + stroma,0.10795105362756928,0.0008317727280986269,6.237512867825086e-05,0.0,0,0,2.567034185644853,4,81,0.0,0,0,0.006237512867824842,0.006237512867812738,0.06446473420640036,0.0062375128678247415,False,False,False,False
TGTTCGTATTGCGGTG-1,9863,3489,ER,CID4290,Invasive cancer + stroma,1,49,61,5939,4952,9863,3489,4.9680624556423,False,False,False,True,Invasive cancer + stroma,0.12430367321486864,0.008900215269408053,6.258188340244793e-05,0.11667805377316039,1,1,2.7397031344318714,4,66,0.0,0,0,0.8712469619205582,0.006258188340146952,0.0062581883399529525,0.006258188340147319,False,False,False,False
GGTCAGTGGGTCCCAC-1,9774,3389,ER,CID4290,Invasive cancer + stroma,1,48,62,5844,5007,9774,3389,7.4483323102107635,False,False,False,True,Invasive cancer + stroma,0.09170472653418865,0.010153027825866131,6.1383045340582e-05,0.11744035743782967,1,1,2.510304828788413,4,49,0.0,0,0,0.9968878689856008,0.006138304533955332,0.006138304533101912,0.006138304533955133,False,False,False,False
AATTCTAGAGTTAGGC-1,7707,2943,ER,CID4290,Invasive cancer + stroma,1,49,63,5939,5062,7707,2943,4.9824834565978975,False,False,False,True,Invasive cancer + stroma,0.09038832142190961,0.0002411354870611969,0.006363501592453481,0.0,0,0,2.560654860979242,4,49,0.2772770116094079,1,1,0.006028387176521808,0.006028387176522053,0.0060283871765540115,0.006028387176521817,False,False,False,False
GTTTACGTTCCATCTG-1,8329,2919,ER,CID4290,Invasive cancer + stroma,1,48,64,5844,5116,8329,2919,8.248289110337376,False,False,False,True,Invasive cancer + stroma,0.08442377611669977,0.00026275649794981723,6.568912448735296e-05,0.0,0,0,2.26496050376603,4,35,0.0,0,0,0.0065689124487454415,0.006568912448745153,0.006568912448745571,0.0065689124487455595,False,False,False,False
AGACCCACCGCTGATC-1,10855,3489,ER,CID4290,Invasive cancer + stroma,1,49,65,5939,5171,10855,3489,7.904191616766468,False,False,False,True,Invasive cancer + stroma,0.08142384762678616,0.00026677442040718953,6.669360511085255e-05,0.0,0,0,2.273654079192063,4,46,0.0,0,0,0.006669360510517598,0.006669360510447871,0.0066693605092359295,0.0066693605105175545,False,False,False,False
TCTAGCATGCCCAGAA-1,24345,5395,ER,CID4290,Invasive cancer + stroma,1,48,66,5844,5225,24345,5395,6.592729513247074,False,False,False,True,Invasive cancer + stroma,0.0923544791825434,0.006266823540877539,9.642727035214822e-05,0.0,0,0,2.4383970577499077,4,124,0.0,0,0,0.33612212832168553,0.009642727031054213,0.27127477170213754,0.009642727032876663,False,False,False,False
CCCGCAGCGCGAACTA-1,10832,3610,ER,CID4290,Invasive cancer + stroma,1,49,67,5939,5280,10832,3610,6.951624815361892,False,False,False,True,Invasive cancer + stroma,0.09997243557251428,0.015972942835166544,9.174701310289992e-05,0.17434139925034856,1,2,2.3377101697620706,4,56,0.0,0,0,0.7423980282512068,0.009174701310340122,0.009174701310391404,0.836546852644716,False,False,False,False
CTCTATTTGGCTGCAG-1,11048,3837,ER,CID4290,Invasive cancer + stroma,1,48,68,5844,5335,11048,3837,3.991672700941347,False,False,False,True,Invasive cancer + stroma,0.25821873875635665,0.0011402361311598035,6.179552546737372e-05,0.0,0,0,3.376548324660571,4,161,0.0,0,0,0.006179552546742969,0.006179552546743533,0.0061795525470395695,0.09548495547545428,False,True,False,False
TTCTGCCGCGCCTAGA-1,9627,3362,ER,CID4290,Invasive cancer + stroma,1,49,69,5939,5389,9627,3362,5.089851459437,False,False,False,True,Invasive cancer + stroma,0.18983972426923243,0.012545406651826418,6.301282802593761e-05,0.0,0,0,3.178650821603685,4,111,0.0,0,0,1.2356368167748917,0.0063012828025514524,0.0063012828026473506,0.006301282802551298,False,False,False,False
ACTCCCTAGAATAGTA-1,8576,3232,ER,CID4290,Invasive cancer + stroma,1,48,70,5844,5444,8576,3232,4.477611940298507,False,False,False,True,Invasive cancer + stroma,0.1758427025836889,0.01646835455614515,6.23972706070683e-05,0.1288171367711816,1,1,2.7498047987896586,4,70,0.0,0,0,0.6937530715051058,0.006239727060735191,0.9406029299879387,0.006239727060735202,False,False,False,False
CCGAACCTTCCCGGCC-1,4242,2059,ER,CID4290,Invasive cancer + stroma,1,49,71,5939,5499,4242,2059,4.832626119754833,False,False,False,True,Invasive cancer + stroma,0.12393458085853415,0.005952311974118284,6.194141699551301e-05,0.0,0,0,2.581332201314081,4,33,0.0,0,0,0.006194141699554883,0.006194141699555377,0.5766487723131624,0.006194141699555842,False,False,False,False
TCAGACGCTATAGAAG-1,3001,1621,ER,CID4290,Invasive cancer + stroma,1,48,72,5844,5553,3001,1621,5.031656114628457,False,False,False,True,Invasive cancer + stroma,0.10996520947397247,0.02886233802975714,6.323493386004229e-05,0.24434678518696695,1,1,2.51543598598556,4,18,0.0,0,0,0.0063234933888834085,0.006323493388881184,0.006323493388883376,2.867263322809066,False,False,False,False
CAGGCGCCATGCTAGG-1,2242,1329,ER,CID4290,Invasive cancer + stroma,1,49,73,5939,5608,2242,1329,4.058876003568242,False,False,False,True,Invasive cancer + stroma,0.11670090575141004,0.01221712984542901,6.296639471374366e-05,0.0,0,0,2.169390732048377,3,14,0.0,0,0,0.006296639471373832,1.2028230661287784,0.006296639471374469,0.0062966394713743655,False,False,False,False
CACTCGAGCTGAACAA-1,1184,780,ER,CID4290,Invasive cancer + stroma,1,48,74,5844,5662,1184,780,2.956081081081081,False,False,False,True,Invasive cancer + stroma,0.12020458843400736,0.02960948504807899,5.51969552221007e-05,0.0,0,0,2.003570233903802,3,5,0.0,0,0,0.005519695522209998,2.943792080140764,0.005519695522209612,0.006117033622715333,False,False,False,False
ACAAGGAAATCCGCCC-1,1429,919,ER,CID4290,Invasive cancer + stroma,1,49,75,5939,5717,1429,919,2.589223233030091,False,False,False,True,Invasive cancer + stroma,0.11745691176202325,0.0003644756164484966,9.111890412174739e-05,0.0,0,0,1.9798163273349685,3,8,0.0,0,0,0.009111890412174417,0.009111890409304131,0.009111890411196531,0.009111890412174584,False,False,False,False
ACCACGTGCAGCTATA-1,1533,933,ER,CID4290,Invasive cancer + stroma,1,48,76,5844,5772,1533,933,3.9138943248532287,False,False,False,True,Invasive cancer + stroma,0.0730573602143133,0.010530884619229993,5.7733740226126865e-05,0.0,0,0,2.0771320252723093,3,7,0.6726619637847082,1,1,0.005773374022333023,0.005773374022612442,1.0357683398554414,0.005773374022612564,False,False,False,False
ACGGCGACGATGGGAA-1,1686,1041,ER,CID4290,Invasive cancer + stroma,1,49,77,5939,5826,1686,1041,3.143534994068802,False,False,False,True,Invasive cancer + stroma,0.1209605799320597,0.0002565779659470217,5.8063818051567305e-05,0.0,0,0,2.934812659151846,4,13,0.0,0,0,0.005806381781822353,0.005806381781819705,0.00580638178182277,0.008238651249237342,False,False,False,False
TTACTAAAGGACTTTA-1,2912,1473,ER,CID4290,Invasive cancer + stroma,1,48,78,5844,5881,2912,1473,6.353021978021978,False,False,False,True,Invasive cancer + stroma,0.10039625501948607,0.026328965109758726,0.018476608176802807,0.0,0,0,2.493493527468118,4,17,0.0,0,0,0.0057072958697861175,2.615774623366514,0.005707295869786062,0.005707295869786109,False,False,False,False
GGCTGAAATAGCAAAG-1,3719,1845,ER,CID4290,Invasive cancer + stroma,1,49,79,5939,5935,3719,1845,4.678677063726808,False,False,False,True,Invasive cancer + stroma,0.08486481874760719,0.02998155327879725,8.860323087481482e-05,0.2175544864001825,1,1,2.4636113561093618,4,24,0.0,0,0,0.008860323087481381,0.008860323087481846,1.4099936940153537,1.570440987689408,False,False,False,False
TTAGACGAGTCACCTC-1,2066,1160,ER,CID4290,Invasive cancer + stroma,1,48,80,5844,5990,2066,1160,3.581800580832527,False,False,False,True,Invasive cancer + stroma,0.1326355238001929,0.018588407386352895,8.311209112396734e-05,0.29412953488685384,1,1,2.5237869641251613,4,13,0.0,0,0,0.008311209112394715,0.008311209112395407,0.008311209112394212,1.8339071112981054,False,False,False,False
GTAGTCGCGGGAATCA-1,5915,2540,ER,CID4290,Invasive cancer + stroma,1,49,81,5939,6045,5915,2540,4.311073541842773,False,False,False,True,Invasive cancer + stroma,0.06702418814783336,0.00024546442703005534,6.136610675845464e-05,0.0,0,0,1.7854393047895416,3,19,0.0,0,0,0.006136610675839445,0.006136610675839274,0.006136610675487657,0.006136610675839155,False,False,False,False
GCAAACCCTACATTAT-1,2501,1378,ER,CID4290,Invasive cancer + stroma,1,48,82,5844,6099,2501,1378,3.2387045181927228,False,False,False,True,Invasive cancer + stroma,0.13414694426570203,0.0030817178824278225,0.005366355956281877,0.0,0,0,2.879693193710505,4,20,0.0,0,0,0.00536456411320114,0.00536456411320009,0.2896662653033315,0.007776394713049481,False,False,False,False
GTTAAAGTAGGACTGG-1,4288,2186,ER,CID4290,Invasive cancer + stroma,1,49,83,5939,6154,4288,2186,3.754664179104478,False,False,False,True,Invasive cancer + stroma,0.16953241071005906,0.010686149215134366,8.409292403771362e-05,0.0,0,0,2.8186945875970113,4,58,0.0,0,0,0.008409292403771668,0.00840929240377143,1.0433870443021223,0.00840929240377142,False,False,False,False
ACCCTCCCTTGCTATT-1,1712,1088,ER,CID4290,Invasive cancer + stroma,1,48,84,5844,6209,1712,1088,3.5046728971962615,False,False,False,True,Invasive cancer + stroma,0.15893257170677663,0.0003568078707938607,8.920196776786522e-05,0.0,0,0,2.008777784849757,3,8,0.0,0,0,0.008920196769859204,0.008920196769988432,0.008920196769769254,0.00892019676976918,False,False,False,False
CATGTCTCATTTATGG-1,3297,1693,ER,CID4290,Invasive cancer + stroma,1,49,85,5939,6263,3297,1693,3.7913254473764026,False,False,False,True,Invasive cancer + stroma,0.1300309616639838,0.00202303046701039,5.6793069699867083e-05,0.0,0,0,2.4921399836906493,3,30,0.0,0,0,0.005679306957247935,0.005679306957245983,0.005679306957248342,0.18526512582929672,False,False,False,False
AATAGAATCTGTTTCA-1,5796,2346,ER,CID4290,Invasive cancer + stroma,1,48,86,5844,6318,5796,2346,5.797101449275362,False,False,False,True,Invasive cancer + stroma,0.06567414459261181,0.008219346841416491,5.9834280684104746e-05,0.0,0,0,1.6779965780067205,3,20,0.0,0,0,0.0059834280681848,0.0059834280681835515,0.00598342806818479,0.8039843999370959,False,False,False,False
TCTCATGAGATAGGGT-1,4999,2159,ER,CID4290,Invasive cancer + stroma,1,49,87,5939,6372,4999,2159,5.141028205641128,False,False,False,True,Invasive cancer + stroma,0.09496490699043778,0.02261345414742539,9.006102222028231e-05,0.0,0,0,2.0467145211676727,4,17,0.0,0,0,0.7360847818836251,0.00900610222202849,0.009006102222000201,1.507248428414885,False,False,False,False
ATGACTATGCGACATT-1,5719,2400,ER,CID4290,Invasive cancer + stroma,1,48,88,5844,6427,5719,2400,4.248994579471935,False,False,False,True,Invasive cancer + stroma,0.08599589083982433,0.01430214390964104,5.949211261894563e-05,0.16851270113548697,1,1,2.5866613404510623,4,39,0.0,0,0,0.04316421430568393,1.184050604296684,0.005949211261894496,0.19705036109984153,False,False,False,False
CCTAACCCAAACAAGT-1,25548,5389,ER,CID4290,Invasive cancer + stroma,1,49,89,5939,6482,25548,5389,7.041647095663066,False,False,False,True,Invasive cancer + stroma,0.06609707377818363,0.011704443815790822,0.00010081702821349673,0.05505414336281434,1,1,2.016519788173164,4,78,0.0,0,0,0.010081702822914547,0.6625154085196242,0.010081702817931068,0.4877655674186123,False,False,False,False
AGTCAAGATGACACTT-1,6702,2719,ER,CID4290,Invasive cancer + stroma,1,48,90,5843,6536,6702,2719,5.088033422858848,False,False,False,True,Invasive cancer + stroma,0.1141014404546666,0.023449374276881835,8.444224834583544e-05,0.0,0,0,2.6843338931370706,4,54,0.0,0,0,2.086174551866545,0.00844422483458416,0.19201295503238797,0.05830569595466627,False,False,False,False
CGGGAGCTTCAGTGTA-1,18031,4272,ER,CID4290,Invasive cancer + stroma,1,49,91,5938,6591,18031,4272,7.0767012367589155,False,False,False,True,Invasive cancer + stroma,0.0653172231749369,0.011083475275808741,0.00010083678639982552,0.07353642363457549,1,1,1.9378105028969554,4,66,0.0,0,0,1.0780964916650813,0.010083678636826169,0.010083678638624947,0.010083678640341664,False,False,False,False
CCACAGTACCCATCCT-1,6005,2545,ER,CID4290,Invasive cancer + stroma,1,48,92,5843,6645,6005,2545,4.579517069109076,False,False,False,True,Invasive cancer + stroma,0.1110067828692057,0.012728245483789185,6.087379201080914e-05,0.0,0,0,2.3604666521011053,4,34,0.0,0,0,1.2545624107756954,0.006087379201060652,0.006087379201081301,0.006087379201081152,False,False,False,False
GAGCGCGCACGAGTAG-1,11225,3517,ER,CID4290,Invasive cancer + stroma,1,49,93,5938,6700,11225,3517,8.41870824053452,False,False,False,True,Invasive cancer + stroma,0.05938454612490035,0.002538088054666129,6.38606947501374e-05,0.0,0,0,1.841695638881691,4,29,0.0,0,0,0.006386069473866273,0.006386069473651516,0.23465059704522884,0.006386069473866251,False,False,False,False
ACCAGTGCGGGAGACG-1,13183,3764,ER,CID4290,Invasive cancer + stroma,1,48,94,5843,6755,13183,3764,9.671546688917546,False,False,False,True,Invasive cancer + stroma,0.05342821618819164,0.0002635999054023549,6.589997634102543e-05,0.0,0,0,1.4073225450367255,3,25,0.0,0,0,0.006589997634826986,0.006589997634826095,0.006589997635755425,0.006589997634826986,False,False,False,False
TCCTTACGACGGTCCG-1,14367,4063,ER,CID4290,Invasive cancer + stroma,1,49,95,5938,6809,14367,4063,9.340850560311825,False,False,False,True,Invasive cancer + stroma,0.04680228346939724,0.00026278464040569295,6.56961601014092e-05,0.0,0,0,1.7760087786567273,4,35,0.0,0,0,0.006569616010163558,0.0065696160101634616,0.006569616010078978,0.0065696160101633,False,False,False,False
TAGTCGATCACGGGTT-1,17475,4255,ER,CID4290,Invasive cancer + stroma,1,48,96,5843,6864,17475,4255,8.749642346208871,False,False,False,True,Invasive cancer + stroma,0.05011335864826906,0.00028465267678120355,7.116316919853147e-05,0.0,0,0,1.6256618797115379,4,40,0.0,0,0,0.007116316918810047,0.007116316917256018,0.007116316923244208,0.007116316918810084,False,False,False,False
AGACGAAGTGCCGGTC-1,23467,5478,ER,CID4290,Invasive cancer + stroma,1,49,97,5938,6919,23467,5478,6.899049729407253,False,False,False,True,Invasive cancer + stroma,0.04022639313000799,0.0048624691096515755,6.397599305622012e-05,0.0,0,0,1.4604058634511985,4,40,0.0,0,0,0.4670541130491314,0.006397599300623865,0.006397599308279524,0.0063975993071227295,False,False,False,False
CGCTGGTGACTACCCT-1,28819,5582,ER,CID4290,Invasive cancer + stroma,1,48,98,5843,6973,28819,5582,7.0613137166452695,False,False,False,True,Invasive cancer + stroma,0.034019020691467595,0.0034595270857101018,0.00010612433698180764,0.0,0,0,1.5919176931569952,4,61,0.0,0,0,0.010612433698777568,0.010612433697792632,0.010612433711454579,0.3141154074629854,False,False,False,False
AGGCATTGTCGTAGGG-1,34496,6129,ER,CID4290,Invasive cancer + stroma,1,49,99,5938,7028,34496,6129,7.087778293135435,False,False,False,True,Invasive cancer + stroma,0.017118800455303493,0.0002863033412027807,7.157583528716787e-05,0.0,0,0,0.9553191677413417,4,25,0.0,0,0,0.007157583530449363,0.007157583527097564,0.007157583532365312,0.0071575835303658315,False,False,False,False
TGGTAGAATATATGGG-1,54190,7322,ER,CID4290,Invasive cancer + stroma,1,48,100,5843,7082,54190,7322,6.4809005351540865,False,False,False,True,Invasive cancer + stroma,0.01869202394578605,0.0049068960931597716,7.616607890355196e-05,0.05645034858188797,2,2,1.0363555390031687,4,51,0.0,0,0,0.46783978565117446,0.007616607900961124,0.007616607869688413,0.00761660789415322,False,False,False,False
TTCTTATCCGCTGGGT-1,25925,5479,ER,CID4290,Invasive cancer + stroma,1,49,101,5938,7137,25925,5479,6.067502410800386,False,False,False,True,Invasive cancer + stroma,0.027663496825637186,0.00027918435269935884,0.002845387216594191,0.0,0,0,1.436790522257759,4,41,0.10874189261649919,1,1,0.006979608819483671,0.00697960881112381,0.006979608819845701,0.006979608819482705,False,False,False,False
AGTTTGGCACGGGTTG-1,30903,5979,ER,CID4290,Invasive cancer + stroma,1,48,102,5843,7192,30903,5979,5.617577581464583,False,False,False,True,Invasive cancer + stroma,0.05124466104885254,0.010167153633803248,7.166049046107807e-05,0.0,0,0,1.9842891942609056,4,96,0.0,0,0,0.9952172162635241,0.007166049036291821,0.0071660490392360604,0.007166049041272801,False,False,False,False
GCATCGGCCGTGTAGG-1,6392,2142,ER,CID4290,Invasive cancer + stroma,1,49,103,5938,7246,6392,2142,8.463704630788484,False,False,False,True,Invasive cancer + stroma,0.005254644704197445,0.01177322999000105,7.706352338136798e-05,0.0,0,0,0.23543655061815627,1,1,0.0,0,0,1.1542039419910202,0.0077063523381253355,0.0077063523328370145,0.007706352338122421,False,False,False,False
ATGCGAGTCCCACCAC-1,19076,5052,ER,CID4290,Invasive cancer + stroma,1,48,104,5843,7301,19076,5052,4.691759278674774,False,False,False,True,Invasive cancer + stroma,0.09653730374710189,0.012221231702176545,6.539340322555573e-05,0.0,0,0,2.2521117110633475,4,80,0.0,0,0,0.5777527300584389,0.006539340323625904,0.006539340325147842,0.6312917595104418,False,False,False,False
TCGGCGAACCCAAACC-1,20262,5250,ER,CID4290,Invasive cancer + stroma,1,49,105,5938,7356,20262,5250,6.771296022110354,False,False,False,True,Invasive cancer + stroma,0.07098399770948784,0.000268350746330662,6.708768656366715e-05,0.0,0,0,1.9546519615301257,4,76,0.0,0,0,0.006708768656947619,0.0067087686580010976,0.0067087686611251255,0.006708768656992356,False,False,False,False
AGAGTAAACTTCACTA-1,12035,3951,ER,CID4290,Invasive cancer + stroma,1,48,106,5843,7410,12035,3951,3.406730369754882,False,False,False,True,Invasive cancer + stroma,0.4071120218301882,0.016570592224731815,5.910370931464427e-05,0.10080217117648584,1,1,4.218591013222408,4,412,0.0,0,0,0.005910370931464417,0.005910370931464445,0.005910370931162816,1.6393281096790897,False,True,False,False
AAGCCGAAGCGGTTTA-1,8325,3145,ER,CID4290,Invasive cancer + stroma,1,49,107,5938,7465,8325,3145,8.0,False,False,False,True,Invasive cancer + stroma,0.12321998062911121,0.008076820250018223,8.781451587301173e-05,0.13150053531770128,1,1,2.370558364223085,4,53,0.0,0,0,0.23368488417411784,0.008781451587300784,0.008781451587497456,0.5564342376529062,False,False,False,False
CCCGAGTTTCTCCGTA-1,7195,2922,ER,CID4290,Invasive cancer + stroma,1,48,108,5843,7519,7195,2922,3.9193884642112575,False,False,False,True,Invasive cancer + stroma,0.24175502195463916,0.014467611034874244,6.210217404167969e-05,0.0,0,0,3.476544572788451,4,108,0.0,0,0,0.006210217404168717,0.0062102174041676955,0.22614870238926557,1.2081919662898224,False,True,False,False
GGTCTCCAAGTAGTGC-1,7169,2841,ER,CID4290,Invasive cancer + stroma + lymphocytes,1,49,125,5937,8448,7169,2841,10.489608034593388,False,False,False,True,Invasive cancer + stroma + lymphocytes,0.1524556725806997,0.0002487353276030158,6.218383190235593e-05,0.0,0,0,2.0797727613569847,3,49,0.0,0,0,0.00621838319023545,0.006218383190235542,0.00621838318959519,0.0062183831902354,False,False,False,False
ATCCTTCTGAAAGAAC-1,10333,3807,ER,CID4290,Invasive cancer + stroma + lymphocytes,1,48,126,5842,8502,10333,3807,5.738894803058163,False,False,False,True,Invasive cancer + stroma + lymphocytes,0.1834574884444848,0.0002559276495079654,6.398191236514549e-05,0.0,0,0,2.987306256604238,4,102,0.0,0,0,0.006398191237718294,0.006398191237810737,0.006398191237549351,0.00639819123771816,False,False,False,False
CCGGAAGTTATCAGTC-1,11200,3723,ER,CID4290,Invasive cancer + stroma + lymphocytes,1,49,127,5937,8557,11200,3723,7.214285714285714,False,False,False,True,Invasive cancer + stroma + lymphocytes,0.21088128097059683,0.013034911277732377,6.364408898857128e-05,0.10634790056281966,1,1,3.1693109623215,4,142,0.0,0,0,1.2843979010770372,0.006364408898851601,0.006364408898496138,0.0063644088988526375,False,True,False,False
CCTACATTCACAGACG-1,1537,965,ER,CID4290,Invasive cancer + stroma,1,51,33,6130,3423,1537,965,4.749512036434613,False,False,False,True,Invasive cancer + stroma,0.12153049081365581,0.013881658813681275,5.56107605004654e-05,0.0,0,0,1.970713452592554,2,17,0.0,0,0,0.5165333882731459,0.005561076054066648,0.0055610760536026265,0.8605103409873125,False,False,False,False
TTGACCGTGTTAATGA-1,2670,1474,ER,CID4290,Invasive cancer + stroma,1,50,34,6035,3478,2670,1474,7.940074906367041,False,False,False,True,Invasive cancer + stroma,0.10669801544460537,0.00024187361235516541,0.009424375546862653,0.0,0,0,2.1975491216250864,3,15,0.0,0,0,0.006046840308879234,0.006046840308879283,0.006046840308879136,0.006046840308878889,False,False,False,False
TCTGTTACCCAGCATA-1,4999,2325,ER,CID4290,Invasive cancer + stroma,1,51,35,6130,3532,4999,2325,6.521304260852171,False,False,False,True,Invasive cancer + stroma,0.17625901534074845,0.008441569226943127,0.001048590645335295,0.0,0,0,3.0503157327014794,4,53,0.0,0,0,0.006487084439233506,0.006487084439233369,0.02641477054307009,0.8047679832727757,False,False,False,False
CTAACTGGTCCGGTTC-1,4801,2338,ER,CID4290,Invasive cancer + stroma,1,50,36,6035,3587,4801,2338,6.144553218079567,False,False,False,True,Invasive cancer + stroma,0.12458497337312638,0.008837496059212198,9.423580444758525e-05,0.0,0,0,2.46967146109984,4,28,0.0,0,0,0.009423580463327641,0.009423580463323795,0.009423580463328071,0.8554788645312403,False,False,False,False
AGCGACAGGAACGGTC-1,2954,1632,ER,CID4290,Invasive cancer + stroma,1,51,37,6130,3642,2954,1632,4.705484089370345,False,False,False,True,Invasive cancer + stroma,0.1584621895216953,0.00016675989719915717,4.1689974291583785e-05,0.0,0,0,2.6619969815082722,4,21,0.0,0,0,0.004168997429155739,0.004168997429156157,0.004168997432446888,0.004168997429156933,False,False,False,False
TAATAGAACAGAGTTA-1,6075,2567,ER,CID4290,Invasive cancer + stroma,1,50,38,6035,3696,6075,2567,4.42798353909465,False,False,False,True,Invasive cancer + stroma,0.12824025362342023,0.011118742968578427,9.686239437737828e-05,0.0,0,0,2.9297078418923816,4,58,0.0,0,0,0.00968623943764962,0.009686239437649687,0.00968623943764953,1.0828155785448939,False,False,False,False
ACAGGTGGAGGTGAGG-1,1847,1109,ER,CID4290,Invasive cancer + stroma,1,51,39,6130,3751,1847,1109,3.519220357336221,False,False,False,True,Invasive cancer + stroma,0.11295292504020193,0.0002557930415641502,0.027130457384785176,0.0,0,0,2.1130256785631203,3,10,0.0,0,0,0.0062377035575226225,0.006237703557522095,0.0062377035575221255,0.006866193483848177,False,False,False,False
TGCGAGAATATTACCC-1,13059,3741,ER,CID4290,Invasive cancer + stroma,1,50,40,6035,3805,13059,3741,5.222451948847538,False,False,False,True,Invasive cancer + stroma,0.0749068130361872,0.01045629139969123,0.0001044785309836589,0.09476309958798605,1,1,2.365379882940343,4,57,0.0,0,0,0.19260832903578837,0.010447853103602004,0.010447853100977643,0.8321251047287549,False,False,False,False
TTGCGTCGGCCAACCG-1,2019,1271,ER,CID4290,Invasive cancer + stroma,1,51,41,6130,3860,2019,1271,4.408122833085686,False,False,False,True,Invasive cancer + stroma,0.1167442564103717,0.035724935208236754,0.0017106686034220812,0.2973143986066586,1,1,2.1854906700920047,3,15,0.0,0,0,0.009309190603161837,0.009309190603162123,0.009309190603162452,3.544565949014189,True,False,False,False
AGGCTTCCCGAAGAAG-1,4391,2245,ER,CID4290,Invasive cancer + stroma,1,50,42,6035,3915,4391,2245,2.9150535185606925,False,False,False,True,Invasive cancer + stroma,0.16724923487745513,0.022914361933765975,6.0011902833163365e-05,0.0,0,0,3.144881460244553,4,48,0.0,0,0,0.006001190283316141,0.006001190283316073,0.23999478029649488,2.0394390325134704,False,False,False,False
GCGGACCGCGTTGTGG-1,4119,2063,ER,CID4290,Invasive cancer + stroma,1,51,43,6130,3969,4119,2063,5.3168244719592135,False,False,False,True,Invasive cancer + stroma,0.1537589207746972,0.04309858278421429,0.00013453480252091952,0.0,0,0,2.9807543212716343,4,46,0.41063699752448146,1,1,0.013453480252091952,0.013453480252091952,0.5598503686766454,3.7231009492405995,True,False,True,False
GTAATCTGATTCTTCG-1,7588,3103,ER,CID4290,Invasive cancer + stroma,1,50,44,6035,4024,7588,3103,5.07380073800738,False,False,False,True,Invasive cancer + stroma,0.12037452267441909,0.0002476267789054483,6.190669472641984e-05,0.0,0,0,2.616552617364933,4,52,0.0,0,0,0.006190669472636164,0.006190669472636185,0.006190669472636235,0.006190669472636245,False,False,False,False
CCGCGGAATGCGTCAC-1,4781,2350,ER,CID4290,Invasive cancer + stroma,1,51,45,6130,4079,4781,2350,3.681238234678937,False,False,False,True,Invasive cancer + stroma,0.18792746533739035,0.006702872974340789,0.005517501063117765,0.0,0,0,3.0085112983483198,4,71,0.0,0,0,0.00600591692973778,0.0060059169297383965,0.006005916929738348,0.6522695466448644,False,False,False,False
TTCCACACAGATTTGA-1,6571,2881,ER,CID4290,Invasive cancer + stroma,1,50,46,6035,4133,6571,2881,4.626388677522447,False,False,False,True,Invasive cancer + stroma,0.1369659700753932,0.04032437351926688,6.154105104434909e-05,0.0,0,0,3.0893053822739804,4,71,0.0,0,0,0.006154105104434909,0.006154105104434518,0.006154105104609971,4.013975036613209,True,False,True,False
CTTCTATTAATGCTAG-1,10302,3592,ER,CID4290,Invasive cancer + stroma,1,51,47,6130,4188,10302,3592,3.775965831877305,False,False,False,True,Invasive cancer + stroma,0.0847512791361079,0.00990470617722318,0.0061373630700040155,0.0,0,0,2.6646462943112326,4,59,0.0,0,0,0.006747781610244927,0.00674778161024506,0.006747781608072651,0.9702272728937554,False,False,False,False
CATTTGAGTGGTACGT-1,6264,2667,ER,CID4290,Invasive cancer + stroma,1,50,48,6035,4242,6264,2667,5.252234993614304,False,False,False,True,Invasive cancer + stroma,0.22040098589497562,0.01585231119362811,6.096671169324174e-05,0.0,0,0,3.5852019879203976,4,126,0.0,0,0,0.006096671169322972,0.006096671169323022,0.006096671169323072,1.5669411058548421,False,True,False,False
TCACAGCAAACTCGAA-1,16147,4607,ER,CID4290,Invasive cancer + stroma,1,51,49,6130,4297,16147,4607,5.54901839350963,False,False,False,True,Invasive cancer + stroma,0.14067355377751747,0.03081430452435407,9.40401634594235e-05,0.0,0,0,2.9100759947400583,4,148,0.16066672909231447,1,1,0.3232973680415281,0.21433804845331436,0.3488403922040764,2.1949546437364886,False,False,False,False
CAGACGAACCTGATAC-1,21413,5342,ER,CID4290,Invasive cancer + stroma,1,50,50,6035,4352,21413,5342,5.454630364731705,False,False,False,True,Invasive cancer + stroma,0.19977896364424444,0.015472649454607476,9.596370779929948e-05,0.06387060095822583,1,1,3.3804834877735064,4,302,0.0,0,0,0.1926142679285185,0.009596370780981968,0.009596370777261238,1.335457935973986,False,True,False,False
TAGCTAGAAGGCATGA-1,18408,5023,ER,CID4290,Invasive cancer + stroma,1,51,51,6130,4406,18408,5023,5.818122555410691,False,False,False,True,Invasive cancer + stroma,0.1273474482951896,0.0008706493562550525,9.432761151483907e-05,0.0,0,0,2.891360049713068,4,176,0.0,0,0,0.05876665217246083,0.00943276115033975,0.009432761150562425,0.009432761152142246,False,False,False,False
ATCCAGAGCAACAACC-1,19176,5098,ER,CID4290,Invasive cancer + stroma,1,50,52,6035,4461,19176,5098,6.012724238631622,False,False,False,True,Invasive cancer + stroma,0.1587790797343192,0.00026110854830204387,0.0031516925999747706,0.0,0,0,3.137930812358123,4,224,0.1398956521247653,1,1,0.006527713706571433,0.006527713708332657,0.006527713708728593,0.0065277137065717005,False,False,False,False
TCCGGTTCGTCCGGTC-1,16236,4605,ER,CID4290,Invasive cancer + stroma,1,51,53,6130,4516,16236,4605,4.31140675043114,False,False,False,True,Invasive cancer + stroma,0.10681896726700515,0.01899082514547483,0.0046319196509033754,0.0,0,0,2.5398948248347715,4,96,0.0,0,0,0.010003142287102666,0.010003142284333532,0.010003142285987013,1.8690730876900596,False,False,False,False
CGCGCATGTTTGATTG-1,7226,3076,ER,CID4290,Invasive cancer + stroma,1,50,54,6035,4570,7226,3076,3.874896208137282,False,False,False,True,Invasive cancer + stroma,0.14043476251832368,0.010466877935585176,5.979384305263108e-05,0.0,0,0,2.915395441588721,4,94,0.0,0,0,0.005979384305298384,0.005979384305298811,0.005979384305298822,1.0287496406426215,False,False,False,False
TGGCGATCAAGTTATG-1,6436,2943,ER,CID4290,Invasive cancer + stroma,1,51,55,6130,4625,6436,2943,3.791174642635177,False,False,False,True,Invasive cancer + stroma,0.13744288768762894,0.023625830702481504,6.0133392539406363e-05,0.0,0,0,2.453047994825787,4,50,0.0,0,0,0.006013339253940773,0.006013339253940646,0.006013339253912145,2.344543052486357,False,False,False,False
CCCTTTGACAGGTCTT-1,5766,2650,ER,CID4290,Invasive cancer + stroma,1,50,56,6035,4679,5766,2650,4.144987859868192,False,False,False,True,Invasive cancer + stroma,0.1653445320799473,0.011366836748423377,6.195819045616637e-05,0.0,0,0,2.5430412718552233,4,44,0.0,0,0,0.006195819045616656,1.1180962177054148,0.006195819045689498,0.006195819045616637,False,False,False,False
CAGAGACGGTCACCCA-1,7478,3179,ER,CID4290,Invasive cancer + stroma,1,51,57,6130,4734,7478,3179,4.519925113666756,False,False,False,True,Invasive cancer + stroma,0.08653734300147425,0.00025297120445578195,6.324280111425293e-05,0.0,0,0,2.517083180578289,4,47,0.0,0,0,0.006324280111394691,0.006324280111394318,0.006324280111394609,0.006324280111394577,False,False,False,False
TAGCTCGCCTGATAAC-1,7392,3018,ER,CID4290,Invasive cancer + stroma,1,50,58,6035,4789,7392,3018,3.977272727272727,False,False,False,True,Invasive cancer + stroma,0.11503571270991551,0.023488113825536852,6.111974496606449e-05,0.0,0,0,2.582411610271549,4,48,0.0,0,0,1.976791580265321,0.006111974496483569,0.0061119744964834985,0.3597958532953972,False,False,False,False
TTGTGTTTCCCGAAAG-1,4068,2138,ER,CID4290,Invasive cancer + stroma,1,51,59,6130,4843,4068,2138,2.949852507374631,False,False,False,True,Invasive cancer + stroma,0.1774864042437513,0.045081011212721386,0.0008265812175669238,0.0,0,0,3.1897425209519517,4,47,0.0,0,0,0.008778137011938305,2.351662193916828,2.1388826533314336,0.008778137011938286,True,False,True,False
TATACACAGACGCCTT-1,8749,3406,ER,CID4290,Invasive cancer + stroma,1,50,60,6034,4898,8749,3406,2.057377986055549,False,False,False,True,Invasive cancer + stroma,0.16119325680789165,0.01563285014803214,5.955087246781022e-05,0.0,0,0,2.931530522141989,4,80,0.0,0,0,0.2737263637056822,0.005955087246781109,0.005955087246781167,1.2776484766039693,False,False,False,False
ACATTAGTTTATATCC-1,15278,4530,ER,CID4290,Invasive cancer + stroma,1,51,61,6129,4952,15278,4530,3.017410655845006,False,False,False,True,Invasive cancer + stroma,0.18580652011851848,0.009290244790938873,6.0858308274101917e-05,0.0,0,0,3.142832938462928,4,177,0.0,0,0,0.00608583082809099,0.006085830828087967,0.0060858308298703265,0.910766986607838,False,False,False,False
CCATCGCAGTTAAACT-1,22384,5439,ER,CID4290,Invasive cancer + stroma,1,50,62,6034,5007,22384,5439,3.256790564689064,False,False,False,True,Invasive cancer + stroma,0.15976705729304172,0.0009881962259279278,6.158294589181823e-05,0.0,0,0,3.0170699286261384,4,202,0.0,0,0,0.006158294589549012,0.006158294590513059,0.0061582945885557275,0.08034473882417499,False,False,False,False
AATTAGCGCTGCAGCG-1,32497,6580,ER,CID4290,Invasive cancer + stroma,1,51,63,6129,5062,32497,6580,2.6371665076776316,False,False,False,True,Invasive cancer + stroma,0.0652784641300075,0.0039113739863115725,6.468515364996724e-05,0.0,0,0,2.2309485346460516,4,118,0.0,0,0,0.006468515366546904,0.00646851536935626,0.00646851536942336,0.37173185252583074,False,False,False,False
TCCGCTTATCCCATTA-1,14594,4136,ER,CID4290,Invasive cancer + stroma,1,50,64,6034,5116,14594,4136,5.029464163354803,False,False,False,True,Invasive cancer + stroma,0.13560922495284575,0.018783677489871493,9.50975783149788e-05,0.0,0,0,2.7248871637608674,4,109,0.0,0,0,0.009509757831263456,0.009509757831263302,0.009509757832915607,1.849838475491707,False,False,False,False
GTTTGGGCTTGTGAGC-1,14826,4232,ER,CID4290,Invasive cancer + stroma,1,51,65,6129,5171,14826,4232,3.068932955618508,False,False,False,True,Invasive cancer + stroma,0.09273449412286472,0.00034877548450467976,6.341475451029853e-05,0.0,0,0,2.526911528999398,4,72,0.0,0,0,0.015853122098232107,0.006341475450890271,0.006341475450454923,0.006341475450890674,False,False,False,False
CTTGTCAACATTCGAG-1,26132,5614,ER,CID4290,Invasive cancer + stroma,1,50,66,6034,5226,26132,5614,6.903413439461197,False,False,False,True,Invasive cancer + stroma,0.08545862420910291,0.00042389305666132386,0.007736520521127948,0.0,0,0,2.3622423130639296,4,121,0.10800609410303107,1,1,0.006569279563119768,0.022681466981186282,0.00656927955870615,0.006569279563120185,False,False,False,False
GGACCAACAGGATAAC-1,12273,3901,ER,CID4290,Invasive cancer + stroma,1,51,67,6129,5280,12273,3901,6.404302126619409,False,False,False,True,Invasive cancer + stroma,0.08374856622886578,0.011333520874081234,0.002381843545957265,0.0,0,0,2.204062148414997,4,59,0.0,0,0,0.008712535959593835,0.008712535959593896,0.008712535959535937,1.1072144795293999,False,False,False,False
AAGCTAGATCGAGTAA-1,11641,3619,ER,CID4290,Invasive cancer + stroma,1,50,68,6034,5335,11641,3619,7.087020015462589,False,False,False,True,Invasive cancer + stroma,0.08507607306106257,0.016339284797523102,6.199662686311539e-05,0.0,0,0,2.1638259957680694,4,41,0.0,0,0,0.006199662686311933,0.006199662686386507,0.006199662686232158,1.6153294916933796,False,False,False,False
TACCGTGCCTCGGACC-1,17251,4470,ER,CID4290,Invasive cancer + stroma,1,51,69,6129,5389,17251,4470,7.101037621007478,False,False,False,True,Invasive cancer + stroma,0.05068984523537791,0.00026762966355858614,6.690741589651983e-05,0.0,0,0,1.5315955343265848,4,31,0.0,0,0,0.006690741589595594,0.006690741589406193,0.006690741587261328,0.006690741589595497,False,False,False,False
GTAGCCAAACATGGGA-1,24333,5358,ER,CID4290,Invasive cancer + stroma,1,50,70,6034,5444,24333,5358,4.524719516705708,False,False,False,True,Invasive cancer + stroma,0.04055638469275014,0.006593966591708227,9.732087867328052e-05,0.0,0,0,1.588198186767471,4,41,0.0,0,0,0.009732087867927014,0.00973208787169606,0.3132520225142631,0.32668046091693653,False,False,False,False
TGCCAGTACGTGGAGA-1,5638,2266,ER,CID4290,Invasive cancer + stroma,1,51,71,6129,5499,5638,2266,5.95956012770486,False,False,False,True,Invasive cancer + stroma,0.0729401803757928,0.0002616097723088132,6.540244307716387e-05,0.0,0,0,2.2661623566702405,4,25,0.0,0,0,0.0065402443077155455,0.0065402443077351305,0.0065402443077153755,0.006540244307715268,False,False,False,False
ATAAGGTGGAGAACAT-1,8303,3282,ER,CID4290,Invasive cancer + stroma,1,50,72,6034,5553,8303,3282,3.5168011562085995,False,False,False,True,Invasive cancer + stroma,0.04934032966966807,0.016818739068416858,5.7629944078679124e-05,0.13174134759298858,1,1,2.0476103205963394,4,30,0.0,0,0,0.6554630878317783,0.00576299440786735,0.00576299440741275,1.0148848301946272,False,False,False,False
CTTTAATATTGGTCGA-1,1886,1118,ER,CID4290,Invasive cancer + stroma,1,51,73,6129,5608,1886,1118,6.468716861081654,False,False,False,True,Invasive cancer + stroma,0.10307228928583653,0.04509574399656299,5.606358102296359e-05,0.0,0,0,2.6768440773941427,4,12,0.0,0,0,2.3794203636135767,0.005606358102295665,0.0056063581022965416,2.1189413198381306,True,False,True,False
TGGTTCAACGGGTAAT-1,2604,1542,ER,CID4290,Invasive cancer + stroma,1,50,74,6034,5662,2604,1542,4.953917050691245,False,False,False,True,Invasive cancer + stroma,0.07544559205208519,0.00016370283195205884,4.092570798801561e-05,0.0,0,0,2.4306098235035227,4,14,0.0,0,0,0.004092570798801047,0.004092570798802066,0.004092570798801533,0.004092570798801238,False,False,False,False
GCTGCTACTGCGTAGC-1,1965,1187,ER,CID4290,Invasive cancer + stroma,1,51,75,6129,5717,1965,1187,5.750636132315521,False,False,False,True,Invasive cancer + stroma,0.08471825358600114,0.003798692391288591,6.140896914076011e-05,0.0,0,0,2.110225754072815,4,6,0.0,0,0,0.006140896914084634,0.36144654838660517,0.006140896914083924,0.0061408969140853645,False,False,False,False
CTGCACAACTACATAT-1,1542,994,ER,CID4290,Invasive cancer + stroma,1,50,76,6034,5772,1542,994,4.9286640726329445,False,False,False,True,Invasive cancer + stroma,0.13066337078912374,0.0003875332671703592,9.688331675093669e-05,0.0,0,0,2.7404252320930214,4,10,0.0,0,0,0.009688331679049415,0.009688331679887406,0.009688331679049162,0.009688331679049934,False,False,False,False
ATATTCCACATAGTGA-1,2377,1426,ER,CID4290,Invasive cancer + stroma,1,51,77,6129,5826,2377,1426,4.5435422801851075,False,False,False,True,Invasive cancer + stroma,0.09658887950157602,0.00016973022630110843,4.2432556580261646e-05,0.0,0,0,2.6697228250463683,4,15,0.0,0,0,0.00424325565801459,0.004243255658014363,0.004243255656065827,0.004243255658016061,False,False,False,False
TGGCAAACTAAATTAC-1,2974,1619,ER,CID4290,Invasive cancer + stroma,1,50,78,6034,5881,2974,1619,5.0773369199731,False,False,False,True,Invasive cancer + stroma,0.09146774935735245,0.008461102742366193,5.760620414772961e-05,0.2455065844588167,1,1,2.442626065120215,4,16,0.0,0,0,0.005760620433667483,0.005760620432430463,0.0057606204336674936,0.8288284129368538,False,False,False,False
ACCGCAATAACTGCCT-1,6925,2710,ER,CID4290,Invasive cancer + stroma,1,51,79,6129,5936,6925,2710,4.649819494584838,False,False,False,True,Invasive cancer + stroma,0.0740288356267342,0.0006790391821338636,6.043081188076782e-05,0.0,0,0,2.3412658604855996,4,38,0.0,0,0,0.006043081188076319,0.006043081188076348,0.049774674649157254,0.006043081188076438,False,False,False,False
TCGCACCAGGAGGCAG-1,4680,2098,ER,CID4290,Invasive cancer + stroma,1,50,80,6034,5990,4680,2098,5.534188034188034,False,False,False,True,Invasive cancer + stroma,0.07479043264400749,0.013411866634474927,6.138481847932833e-05,0.1905313188761357,1,1,2.0504877839719406,4,16,0.0,0,0,1.322771217903784,0.006138481847925252,0.006138481847850095,0.0061384818479332335,False,False,False,False
ACTTCAGGCTGATCCC-1,5819,2472,ER,CID4290,Invasive cancer + stroma,1,51,81,6129,6045,5819,2472,4.50249183708541,False,False,False,True,Invasive cancer + stroma,0.14021823797540728,0.00034977253743768755,8.744313435941701e-05,0.0,0,0,2.786965884673764,4,51,0.0,0,0,0.008744313435941968,0.008744313435943566,0.008744313435941292,0.00874431343594193,False,False,False,False
ACAAATCGCACCGAAT-1,10169,3716,ER,CID4290,Invasive cancer + stroma,1,50,82,6034,6099,10169,3716,4.208870095387944,False,False,False,True,Invasive cancer + stroma,0.207866064401044,0.014255123786072127,8.298111156169494e-05,0.0,0,0,3.245617847193718,4,148,0.0,0,0,0.008298111156169363,0.008298111156169144,0.14789616974892955,1.2610199865459446,False,True,False,False
TCTGATGTATTCTGTC-1,10597,3667,ER,CID4290,Invasive cancer + stroma,1,51,83,6129,6154,10597,3667,4.859865999811267,False,False,False,True,Invasive cancer + stroma,0.10412271137637322,0.018085687529914594,6.532807676638362e-05,0.0,0,0,2.5753457908747834,4,83,0.0,0,0,1.6582214874627834,0.13728165017448316,0.006532807677656857,0.006532807676535878,False,False,False,False
CTTTACCGAATAGTAG-1,17386,4654,ER,CID4290,Invasive cancer + stroma,1,50,84,6034,6209,17386,4654,4.388588519498447,False,False,False,True,Invasive cancer + stroma,0.05287316894176797,0.00025893423156621233,6.473355789028699e-05,0.0,0,0,2.005789768301926,4,49,0.0,0,0,0.006473355789220743,0.006473355788053265,0.006473355790126261,0.006473355789220964,False,False,False,False
GCAGATCCATAAGACT-1,27233,5803,ER,CID4290,Invasive cancer + stroma,1,51,85,6129,6263,27233,5803,4.567987368266442,False,False,False,True,Invasive cancer + stroma,0.10438640278131703,0.004423441554544951,6.341856773836063e-05,0.0,0,0,2.526819651706981,4,144,0.0,0,0,0.00634185677336688,0.0063418567743447245,0.0063418567784040035,0.4233185851283795,False,False,False,False
TTCCTCGGACTAACCA-1,3096,1629,ER,CID4290,Invasive cancer + stroma,1,50,86,6034,6318,3096,1629,3.2945736434108532,False,False,False,True,Invasive cancer + stroma,0.1472941661687214,0.0036804684503651307,5.840239697228591e-05,0.0,0,0,2.4149744764202192,4,21,0.0,0,0,0.005840239697228544,0.005840239697228791,0.3505261259448266,0.005840239697229114,False,False,False,False
TTATCCGGGATCTATA-1,26310,5382,ER,CID4290,Invasive cancer + stroma,1,51,87,6129,6373,26310,5382,6.545039908779931,False,False,False,True,Invasive cancer + stroma,0.03993277424012707,0.00026564427515861724,6.641106876451041e-05,0.0,0,0,1.504524039927271,4,44,0.0,0,0,0.006641106876890578,0.006641106877902466,0.006641106884656525,0.0066411068764121554,False,False,False,False
CTGGAAGACACGGTGG-1,17678,4541,ER,CID4290,Invasive cancer + stroma,1,50,88,6034,6427,17678,4541,5.803823961986651,False,False,False,True,Invasive cancer + stroma,0.11851232632405179,0.005570791628061748,6.772868529657491e-05,0.0,0,0,2.553973467334679,4,116,0.0,0,0,0.0067728685286845185,0.5367605572227705,0.006772868526035384,0.006772868528684431,False,False,False,False
GTTCGTCTAAAGAACT-1,16060,4311,ER,CID4290,Invasive cancer + stroma,1,51,89,6129,6482,16060,4311,4.937733499377335,False,False,False,True,Invasive cancer + stroma,0.14214075603927237,0.0013850637942425053,6.056152195597652e-05,0.0,0,0,3.0642801344695654,4,154,0.0,0,0,0.006056152196207168,0.12033792283342507,0.006056152198411229,0.006056152196207069,False,False,False,False
GTCTATTGGTTCCGGT-1,15648,4122,ER,CID4290,Invasive cancer + stroma,1,50,90,6034,6536,15648,4122,5.265848670756646,False,False,False,True,Invasive cancer + stroma,0.15188691389757744,0.005056621695962541,6.224230778640994e-05,0.0,0,0,3.0825576002178936,4,180,0.0,0,0,0.00622423077750266,0.4163026049672781,0.07691110307397053,0.006224230777502813,False,False,False,False
CTAGGCGCCCTATCAG-1,9246,3036,ER,CID4290,Invasive cancer + stroma,1,51,91,6129,6591,9246,3036,5.829547912610859,False,False,False,True,Invasive cancer + stroma,0.13950110254818712,0.0009775270702915666,9.36902963490627e-05,0.0,0,0,2.7623278751190217,4,72,0.0,0,0,0.0696456181244542,0.00936902963493294,0.009369029634836218,0.009369029634933291,False,False,False,False
AACGGACGTACGTATA-1,8285,2808,ER,CID4290,Invasive cancer + stroma,1,50,92,6033,6646,8285,2808,7.604103802051901,False,False,False,True,Invasive cancer + stroma,0.08099131385341628,0.00025818079248402686,0.003088354332428775,0.0,0,0,2.2817987202084264,4,37,0.0,0,0,0.00645451981227324,0.006454519812216497,0.006454519811639446,0.0064545198122735025,False,False,False,False
AACACACGCTCGCCGC-1,4068,1916,ER,CID4290,Invasive cancer + stroma,1,51,93,6128,6700,4068,1916,4.646017699115045,False,False,False,True,Invasive cancer + stroma,0.11518959973150943,0.000378879629529067,0.008132071255598701,0.0,0,0,2.910325118309571,4,33,0.0,0,0,0.009471990738226613,0.009471990738226688,0.009471990738226688,0.00947199073822671,False,False,False,False
GCTACTATAGTAGAGT-1,6649,2647,ER,CID4290,Invasive cancer + stroma,1,50,94,6033,6755,6649,2647,6.196420514363062,False,False,False,True,Invasive cancer + stroma,0.06814633210849079,0.014866437716244716,6.228170476388161e-05,0.0,0,0,2.124649983069789,4,26,0.0,0,0,1.4679592601952016,0.006228170476388486,0.006228170476493498,0.00622817047638803,False,False,False,False
AGCATATCAATATGCT-1,4938,2271,ER,CID4290,Invasive cancer + stroma,1,51,95,6128,6809,4938,2271,4.0907249898744436,False,False,False,True,Invasive cancer + stroma,0.08803562167728565,0.00023437415803458927,5.8593539508647195e-05,0.0,0,0,2.615623370700253,4,45,0.0,0,0,0.0058593539508646625,0.005859353950864691,0.0058593539508647865,0.0058593539508647865,False,False,False,False
CGAACAGTATGGGCGT-1,7615,3025,ER,CID4290,Invasive cancer + stroma,1,50,96,6033,6864,7615,3025,4.4648719632304665,False,False,False,True,Invasive cancer + stroma,0.10105726790673036,0.007909124821154332,6.0390296546562056e-05,0.0,0,0,2.4025630055425644,4,44,0.0,0,0,0.7727953931514134,0.006039029654656432,0.0060390296547070624,0.006039029654656383,False,False,False,False
ACAATTGTGTCTCTTT-1,5799,2540,ER,CID4290,Invasive cancer + stroma,1,51,97,6128,6919,5799,2540,4.397309881013968,False,False,False,True,Invasive cancer + stroma,0.0643190094941128,0.00025338960262279056,6.334740066041698e-05,0.0,0,0,1.8236224152263931,3,20,0.0,0,0,0.006334740066084168,0.006334740064024414,0.006334740066085272,0.006334740066085199,False,False,False,False
GATCGCTACCCGATTT-1,12860,4080,ER,CID4290,Invasive cancer + stroma,1,50,98,6033,6973,12860,4080,4.63452566096423,False,False,False,True,Invasive cancer + stroma,0.04605150648163095,0.009135713298053988,6.301510907651519e-05,0.0,0,0,1.8521554806406786,4,32,0.0,0,0,0.8946667970801591,0.006301510907719185,0.006301510909964823,0.006301510907555803,False,False,False,False
ATTGCGATCAGTAACT-1,9322,3465,ER,CID4290,Invasive cancer + stroma,1,51,99,6128,7028,9322,3465,4.46256168204248,False,False,False,True,Invasive cancer + stroma,0.04205202427593371,0.005370045682503818,6.17511180900496e-05,0.0,0,0,1.896482811562516,4,24,0.0,0,0,0.0061751118090048384,0.006175111809002093,0.006175111809987807,0.5184792328223871,False,False,False,False
CAGCAGTCCAGACTAT-1,24402,5567,ER,CID4290,Invasive cancer + stroma,1,50,100,6033,7082,24402,5567,4.995492172772724,False,False,False,True,Invasive cancer + stroma,0.023047384453578856,0.00027899276731106813,6.974819184320828e-05,0.0,0,0,1.034375118234049,4,19,0.0,0,0,0.006974819183456251,0.006974819175585853,0.006974819188608572,0.006974819183456139,False,False,False,False
AGAGGCTTCGGAAACC-1,15013,4701,ER,CID4290,Invasive cancer + stroma,1,51,101,6128,7137,15013,4701,4.40951175647772,False,False,False,True,Invasive cancer + stroma,0.08145517886587987,0.0002548649504173226,6.371623760659688e-05,0.0,0,0,2.292435195003313,4,91,0.0,0,0,0.006371623758533422,0.006371623760710979,0.006371623761828146,0.006371623760659709,False,False,False,False
AAACAAGTATCTCCCA-1,29396,6399,ER,CID4290,Invasive cancer + stroma,1,50,102,6033,7192,29396,6399,4.568648795754524,False,False,False,True,Invasive cancer + stroma,0.03253035560178926,0.006270300654645652,6.678590732906627e-05,0.0,0,0,1.3834146410008907,4,45,0.0,0,0,0.006678590734163944,0.0066785907341948446,0.006678590732613547,0.6069942932635929,False,False,False,False
GGCAGCAAACCTATGC-1,18103,5035,ER,CID4290,Invasive cancer + stroma,1,51,103,6128,7246,18103,5035,7.192178092028946,False,False,False,True,Invasive cancer + stroma,0.030645056855532756,0.005434748543067192,6.23963372864716e-05,0.0,0,0,1.3905285643806682,4,24,0.0,0,0,0.006239633729830988,0.11101463481544738,0.006239633730110801,0.41998095203133,False,False,False,False
ACTAGTTGCGATCGTC-1,14517,4374,ER,CID4290,Invasive cancer + stroma,1,50,104,6033,7301,14517,4374,7.432665151202039,False,False,False,True,Invasive cancer + stroma,0.06203870299386928,0.009922144061841427,9.651615964657124e-05,0.0,0,0,2.102258557906565,4,47,0.0,0,0,0.9343300526535467,0.009651615963760546,0.009651615948960853,0.038581121617874664,False,False,False,False
GGTACTAAGTGCTTTG-1,7298,2944,ER,CID4290,Invasive cancer + stroma + lymphocytes,1,51,123,6128,8339,7298,2944,10.907097835023293,False,False,False,True,Invasive cancer + stroma + lymphocytes,0.09580522336364382,0.007244431879544834,0.004837740349729256,0.14383175831167738,1,1,2.128066978457483,4,31,0.0,0,0,0.006564234854849952,0.006564234854830733,0.006564234854850111,0.7047504833899525,False,False,False,False
CAGAATATTCGTTATC-1,5329,2365,ER,CID4290,Invasive cancer + stroma + lymphocytes,1,50,124,6033,8393,5329,2365,9.194970913867518,False,False,False,True,Invasive cancer + stroma + lymphocytes,0.13148886596251552,0.015793973205193775,9.054413264183365e-05,0.0,0,0,2.506232752384373,4,37,0.0,0,0,0.009054413264183521,0.009054413264184316,0.009054413264183304,1.5522340807268262,False,False,False,False
TAATCAACCAAATGGG-1,11450,3886,ER,CID4290,Invasive cancer + stroma + lymphocytes,1,51,125,6128,8448,11450,3886,6.524017467248908,False,False,False,True,Invasive cancer + stroma + lymphocytes,0.11616846331106495,0.01269390820048579,9.04059352711014e-05,0.0,0,0,2.704396923554593,4,77,0.0,0,0,0.009040593527110109,0.009040593526990229,0.00904059352413932,1.2422690394703393,False,False,False,False
TCTGCTTAGAACAAGC-1,11175,3765,ER,CID4290,Invasive cancer + stroma + lymphocytes,1,50,126,6032,8503,11175,3765,8.080536912751677,False,False,False,True,Invasive cancer + stroma + lymphocytes,0.1600445059091999,0.021936019435857594,9.339104510360817e-05,0.0,0,0,2.8245092673913548,4,106,0.0,0,0,1.551574356363555,0.009339104510429578,0.00933910451143187,0.6233493782003431,False,False,False,False
AACTGAGTTATACTGA-1,10951,3719,ER,CID4290,Invasive cancer + stroma + lymphocytes,1,51,127,6127,8557,10951,3719,5.122819833805132,False,False,False,True,Invasive cancer + stroma + lymphocytes,0.14221440124115958,0.0002495397099391758,6.238492746332282e-05,0.0,0,0,2.854059754448075,4,88,0.0,0,0,0.0062384927463488785,0.00623849275533288,0.006238492745887618,0.006238492746348208,False,False,False,False
ATTTGCGCGAGTAGCT-1,1426,919,ER,CID4290,Invasive cancer + stroma,1,53,31,6320,3314,1426,919,7.854137447405329,False,False,False,True,Invasive cancer + stroma,0.1071880806475359,0.01767420005443773,9.120522396193649e-05,0.0,0,0,2.258831019626023,3,10,0.0,0,0,1.0497550273696794,0.00912052239332858,0.009120522393325978,0.6994239332874389,False,False,False,False
AGACGACGATGCCGCT-1,2845,1610,ER,CID4290,Invasive cancer + stroma,1,53,33,6320,3423,2845,1610,4.042179261862917,False,False,False,True,Invasive cancer + stroma,0.16370227754766226,0.0002327814632107671,5.8195364041151724e-05,0.0,0,0,3.363145090943288,4,35,0.0,0,0,0.005819536524585677,0.005819536524582281,0.00581953674732335,0.005819536524585401,False,False,False,False
GGTCTCTGAATGGACT-1,2250,1354,ER,CID4290,Invasive cancer + stroma,1,52,34,6225,3478,2250,1354,4.0,False,False,False,True,Invasive cancer + stroma,0.14364248110856365,0.01397323555376501,8.788434667623939e-05,0.0,0,0,3.022863767156757,4,23,0.0,0,0,0.00878843466762478,0.0087884346676245,0.00878843466762468,1.370958251373627,False,False,False,False
GCTCAATCCGTTTATT-1,6831,2795,ER,CID4290,Invasive cancer + stroma,1,53,35,6320,3533,6831,2795,4.230712926365101,False,False,False,True,Invasive cancer + stroma,0.29097797488579114,0.02030033481028635,6.271278176750676e-05,0.0,0,0,3.922455480614513,4,170,0.0,0,0,2.011219646498363,0.006271278176749593,0.006271278176771774,0.0062712781767504415,False,True,False,False
CCAGAAAGCAACTCAT-1,5323,2626,ER,CID4290,Invasive cancer + stroma,1,52,36,6225,3587,5323,2626,3.5130565470599286,False,False,False,True,Invasive cancer + stroma,0.18702580287799098,0.05787754014799959,0.00012686550548598506,0.1762196522342365,1,1,3.193738856239247,4,72,0.0,0,0,0.012686550548598506,0.012686550548598506,0.12085892155336056,5.641521992149402,True,False,False,False
CACCGTTAGGGATCAC-1,7417,3117,ER,CID4290,Invasive cancer + stroma,1,53,37,6320,3642,7417,3117,4.139139813940947,False,False,False,True,Invasive cancer + stroma,0.10895908567490677,0.008716065057940675,8.603521770739727e-05,0.14227867966587116,1,1,2.4416139192139736,4,43,0.0,0,0,0.8457959404818484,0.00860352177073955,0.008603521770739746,0.008603521770739815,False,False,False,False
AATAACACTAGAACAA-1,4012,2122,ER,CID4290,Invasive cancer + stroma,1,52,38,6225,3696,4012,2122,3.564307078763709,False,False,False,True,Invasive cancer + stroma,0.11375566424391001,0.042092856072076544,8.536567042483311e-05,0.20843737253925854,1,1,2.6698260634440985,4,34,0.0,0,0,4.183675906080203,0.008536567042484226,0.008536567042483272,0.008536567042483838,True,False,False,False
CACCCGGTTTGTGACT-1,5398,2472,ER,CID4290,Invasive cancer + stroma,1,53,39,6320,3751,5398,2472,5.74286772878844,False,False,False,True,Invasive cancer + stroma,0.11259543373333285,0.0003534447641339232,8.836119126107218e-05,0.0,0,0,2.650148916265724,4,49,0.0,0,0,0.008836119103347804,0.00883611910334873,0.008836119103347763,0.008836119103348026,False,False,False,False
CCACCAACTTTACTGT-1,6905,3242,ER,CID4290,Invasive cancer + stroma,1,52,40,6225,3806,6905,3242,2.4619840695148443,False,False,False,True,Invasive cancer + stroma,0.09306075996922267,0.02494338236044815,8.111094017080219e-05,0.0,0,0,2.5615543227268587,4,51,0.0,0,0,0.008111094017080349,0.00811109401708033,0.39434142667703054,2.0837746213336237,False,False,False,False
AACTCTCAGTGTGCTC-1,3804,1940,ER,CID4290,Invasive cancer + stroma,1,53,41,6320,3860,3804,1940,3.3123028391167195,False,False,False,True,Invasive cancer + stroma,0.26807426491651726,0.00024131162218219126,6.000558439043785e-05,0.0,0,0,3.8022862441214222,4,110,0.0,0,0,0.006000558439043784,0.006000558439043003,0.006000558439043471,0.006129486901088865,False,True,False,False
AAACCGTTCGTCCAGG-1,10948,4154,ER,CID4290,Invasive cancer + stroma,1,52,42,6225,3915,10948,4154,5.836682499086591,False,False,False,True,Invasive cancer + stroma,0.22596847571780815,0.03340077513499293,6.47458317739384e-05,0.21629546174626954,2,2,3.5221224895178347,4,232,0.0,0,0,0.006474583177393936,3.320653763967111,0.006474583177393799,0.006474583177393767,True,True,False,False
CAGCGATTCCCTTCAA-1,5636,2626,ER,CID4290,Invasive cancer + stroma,1,53,43,6320,3970,5636,2626,4.577714691270404,False,False,False,True,Invasive cancer + stroma,0.15367908725248347,0.002405493230183411,8.9434519815589e-05,0.0,0,0,3.2315551945862655,4,66,0.0,0,0,0.00894345198155888,0.008943451981559155,0.00894345198155888,0.2137189670736642,False,False,False,False
GCTAGCTTGAATAGCT-1,11970,4090,ER,CID4290,Invasive cancer + stroma,1,52,44,6225,4024,11970,4090,5.204678362573099,False,False,False,True,Invasive cancer + stroma,0.22341760738151142,0.02018632157344736,0.003508894830070703,0.0,0,0,3.5288761674241123,4,211,0.20242478894221236,1,1,0.008928622763070913,0.42775082011105797,0.008928622763506866,1.5730240917071001,False,True,False,False
TTGCGGCATCAGAAAG-1,21926,5430,ER,CID4290,Invasive cancer + stroma,1,53,45,6320,4079,21926,5430,3.8766760923104995,False,False,False,True,Invasive cancer + stroma,0.21668252243359823,0.02943863884244304,9.444570295065737e-05,0.06262459626498983,1,1,3.4307258330577737,4,361,0.0,0,0,0.009444570295351108,0.00944457029345102,0.00944457029153819,2.9155301733639636,False,True,False,False
AATAGAACAGAGTGGC-1,25454,5994,ER,CID4290,Invasive cancer + stroma,1,52,46,6225,4133,25454,5994,4.482596055629764,False,False,False,True,Invasive cancer + stroma,0.17771430199957997,0.00025287281590897863,6.321820398833254e-05,0.0,0,0,3.2482947782208687,4,290,0.0,0,0,0.006321820398562176,0.006321820398921854,0.006321820394852203,0.00632182039856163,False,False,False,False
GCCATCGAGCTGCGTG-1,13002,3959,ER,CID4290,Invasive cancer + stroma,1,53,47,6320,4188,13002,3959,3.6763574834640824,False,False,False,True,Invasive cancer + stroma,0.13594055639910313,0.00024381685766653024,6.0954214416564696e-05,0.0,0,0,2.918330446124356,4,119,0.0,0,0,0.006095421441655,0.006095421441652648,0.006095421441690464,0.006095421441654911,False,False,False,False
ACACTGATCAAGGTGT-1,16710,4819,ER,CID4290,Invasive cancer + stroma,1,52,48,6225,4243,16710,4819,4.1113105924596045,False,False,False,True,Invasive cancer + stroma,0.10164323988934829,0.0023706375077217046,6.508572395263142e-05,0.0,0,0,2.63675163633895,4,101,0.0,0,0,0.006508572395431184,0.21753803357942905,0.0065085724009780015,0.006508572396332214,False,False,False,False
ACCAACGCTTATTTAT-1,4879,2321,ER,CID4290,Invasive cancer + stroma,1,53,49,6320,4297,4879,2321,4.2426726788276286,False,False,False,True,Invasive cancer + stroma,0.1104804616765086,0.019357302572320493,9.58501845328988e-05,0.0,0,0,2.553167861782476,4,31,0.0,0,0,0.009585018453234643,0.00958501845323425,0.009585018453234633,1.9069752018723458,False,False,False,False
GACATCGATTTATAAC-1,19097,5093,ER,CID4290,Invasive cancer + stroma,1,52,50,6225,4352,19097,5093,4.7494370843588,False,False,False,True,Invasive cancer + stroma,0.09956140300655797,0.028872435377396848,9.769050459299903e-05,0.0,0,0,2.6274386679597086,4,121,0.0,0,0,0.009769050458886952,0.009769050458493134,0.009769050462244171,2.8579363863600604,False,False,False,False
CAGACACCGATCGCTG-1,9798,3606,ER,CID4290,Invasive cancer + stroma,1,53,51,6320,4406,9798,3606,4.480506225760359,False,False,False,True,Invasive cancer + stroma,0.10112517476605416,0.0030451697879804894,9.829977530874998e-05,0.0,0,0,2.457110356701715,4,64,0.0,0,0,0.07091152775401799,0.009829977530787097,0.009829977529275287,0.2139454959839686,False,False,False,False
CCAAGAAAGTGGGCGA-1,25289,5607,ER,CID4290,Invasive cancer + stroma,1,52,52,6225,4461,25289,5607,6.587844517379097,False,False,False,True,Invasive cancer + stroma,0.06803061843870593,0.008767326177269415,6.793518494582116e-05,0.05553363034449982,1,1,2.1159446590675977,4,98,0.0,0,0,0.8563520622381223,0.00679351850044913,0.006793518491819436,0.0067935184965507425,False,False,False,False
GGTAGACCGTTGGGCG-1,9620,3616,ER,CID4290,Invasive cancer + stroma,1,53,53,6320,4516,9620,3616,3.8773388773388775,False,False,False,True,Invasive cancer + stroma,0.10242335699503044,0.0018950099785885483,5.881751683357264e-05,0.0,0,0,2.70606940099006,4,85,0.0,0,0,0.17185574280911908,0.005881751683357349,0.005881751683021408,0.005881751683357004,False,False,False,False
TCGTTAGGAGTCCCTA-1,14378,4287,ER,CID4290,Invasive cancer + stroma,1,52,54,6225,4570,14378,4287,5.167617192933649,False,False,False,True,Invasive cancer + stroma,0.07617823445298173,0.007571055010361705,0.0036965918215000055,0.0,0,0,2.1703636900016674,4,59,0.0,0,0,0.009710937432450061,0.28291464250651377,0.009710937432545428,0.4547689836646612,False,False,False,False
ACGGCCAACATGGACT-1,23626,5640,ER,CID4290,Invasive cancer + stroma,1,53,55,6320,4625,23626,5640,4.905612460848218,False,False,False,True,Invasive cancer + stroma,0.05468313209435765,0.012880837485643915,6.361049147863521e-05,0.0,0,0,2.2154929644013195,4,101,0.0,0,0,0.0063610491512954,0.006361049154443318,0.006361049148737038,1.2690006011099157,False,False,False,False
GTGAGTGGTACAACGC-1,13704,4315,ER,CID4290,Invasive cancer + stroma,1,52,56,6225,4679,13704,4315,7.392002335084646,False,False,False,True,Invasive cancer + stroma,0.10757146905679009,0.011367287462612124,6.176831240204906e-05,0.0,0,0,2.5054923094859607,4,84,0.0,0,0,0.0061768312402050475,0.006176831241147685,0.006176831241434604,1.118198252538425,False,False,False,False
GAGACTTCGCGACCGA-1,12793,4014,ER,CID4290,Invasive cancer + stroma,1,53,57,6320,4734,12793,4014,4.12725709372313,False,False,False,True,Invasive cancer + stroma,0.11827280467246828,0.018910413871736458,6.597574167334625e-05,0.0,0,0,2.8793334946072595,4,117,0.0,0,0,0.006597574168093309,0.00659757416809376,0.0065975741647931714,1.8712486646726656,False,False,False,False
GAAGTCAGTTGCACTA-1,21629,5313,ER,CID4290,Invasive cancer + stroma,1,52,58,6225,4789,21629,5313,3.9437791853529984,False,False,False,True,Invasive cancer + stroma,0.06144722011807235,0.006161040513113724,6.444546587001375e-05,0.0,0,0,2.145125159252706,4,82,0.0,0,0,0.5967704115513018,0.0064445465845812564,0.006444546588422136,0.006444546587067207,False,False,False,False
GTTTGGTAGGGTCAAC-1,5075,2352,ER,CID4290,Invasive cancer + stroma,1,53,59,6320,4843,5075,2352,3.684729064039409,False,False,False,True,Invasive cancer + stroma,0.09069752456928805,0.019498569670613194,6.05858072583368e-05,0.0,0,0,1.9521254654973865,3,20,0.0,0,0,1.8980476618133366,0.0060585807258351,0.03969214379631304,0.0060585807258344195,False,False,False,False
ACGGCACTTGCTTGGG-1,10366,3888,ER,CID4290,Invasive cancer + stroma,1,52,60,6225,4898,10366,3888,4.080648273200849,False,False,False,True,Invasive cancer + stroma,0.12497280572386386,0.019598950079590123,6.329728599737555e-05,0.0,0,0,2.69535023134563,4,69,0.0,0,0,0.006329728598824251,0.48697695402652286,0.006329728598824759,1.4602585967348405,False,False,False,False
CCTCTGTACTATTCTA-1,3565,1852,ER,CID4290,Invasive cancer + stroma,1,53,61,6320,4953,3565,1852,4.095371669004208,False,False,False,True,Invasive cancer + stroma,0.10102411849871358,0.006134823815983185,9.404210025925673e-05,0.0,0,0,2.5007030784738404,4,24,0.0,0,0,0.009404210025925501,0.009404210025924257,0.585269751520543,0.009404210025925768,False,False,False,False
CTATTCATGTGTCCCA-1,16583,4508,ER,CID4290,Invasive cancer + stroma,1,52,62,6224,5007,16583,4508,3.491527467888802,False,False,False,True,Invasive cancer + stroma,0.07429845020488207,0.0005336719104641051,6.693337900877946e-05,0.0,0,0,2.2079719210802895,4,75,0.0,0,0,0.03328717735046028,0.006693337900354866,0.0066933378949768085,0.006693337900618561,False,False,False,False
GCCCGATCTGTGGTCG-1,3778,1829,ER,CID4290,Invasive cancer + stroma,1,53,63,6319,5062,3778,1829,4.023292747485442,False,False,False,True,Invasive cancer + stroma,0.11103242017554978,0.005886044066985859,6.541509666563052e-05,0.0,0,0,1.845722665335625,3,19,0.0,0,0,0.0065415096665636715,0.006541509666562765,0.006541509666563693,0.5689798776988958,False,False,False,False
TTAGAAGAACATGACT-1,18220,4969,ER,CID4290,Invasive cancer + stroma,1,52,64,6224,5116,18220,4969,3.6443468715697036,False,False,False,True,Invasive cancer + stroma,0.07319271597441288,0.012011121991191647,5.8119733746387925e-05,0.0,0,0,2.1425386988596253,4,69,0.0,0,0,1.183676278999168,0.0058119733724880315,0.005811973373209421,0.005811973374299317,False,False,False,False
AGGATAAAGTCGGGAT-1,3816,1979,ER,CID4290,Invasive cancer + stroma,1,53,65,6319,5171,3816,1979,3.2232704402515724,False,False,False,True,Invasive cancer + stroma,0.1166745455734684,0.05305452652532365,0.011937085467205106,0.0,0,0,2.576110002460808,4,22,0.0,0,0,1.2672157401983046,0.005752957708617323,0.7885298515241631,3.24395410310128,True,False,True,False
CGGCAAACATCGTGCG-1,5680,2333,ER,CID4290,Invasive cancer + stroma,1,52,66,6224,5226,5680,2333,4.207746478873239,False,False,False,True,Invasive cancer + stroma,0.08884800730317546,0.00023464949016887356,5.866237253267593e-05,0.0,0,0,2.3932019020172235,4,33,0.0,0,0,0.0058662372542227555,0.005866237254218512,0.005866237254223177,0.005866237254222909,False,False,False,False
CTAGTTACAACCCGGT-1,3260,1712,ER,CID4290,Invasive cancer + stroma,1,53,67,6319,5280,3260,1712,3.9570552147239266,False,False,False,True,Invasive cancer + stroma,0.11454739098020027,0.0002413684320768322,5.785142377195847e-05,0.0,0,0,2.65933602385673,4,22,0.0,0,0,0.005785142373768919,0.0057851423737688345,0.005785142349208703,0.006781416110936765,False,False,False,False
TTCGACAGAGCCCGTG-1,3892,1827,ER,CID4290,Invasive cancer + stroma,1,52,68,6224,5335,3892,1827,6.140801644398767,False,False,False,True,Invasive cancer + stroma,0.09602945449993582,0.0002585550963829963,6.289190523760192e-05,0.0,0,0,2.5036049182646547,4,19,0.0,0,0,0.006289190532195956,0.00628919053219654,0.006289190532195792,0.0069879380417113435,False,False,False,False
AAGCATACTCTCCTGA-1,4013,1835,ER,CID4290,Invasive cancer + stroma,1,53,69,6319,5390,4013,1835,5.806130077248941,False,False,False,True,Invasive cancer + stroma,0.10105694128375317,0.034498807602108,9.373185915288023e-05,0.0,0,0,2.5304771383467752,4,27,0.0,0,0,0.009373185915287862,0.009373185915288141,0.009373185915288086,3.421761202464936,True,False,True,False
GACGACGATCCGCGTT-1,11165,3387,ER,CID4290,Invasive cancer + stroma,1,52,70,6224,5444,11165,3387,8.338557993730406,False,False,False,True,Invasive cancer + stroma,0.07244909163456768,0.014096778361831095,6.652366378558997e-05,0.10659416478012763,1,1,2.3014216432814867,4,49,0.0,0,0,0.006652366378320644,0.0066523663782486345,0.006652366377877121,1.389720737048663,False,False,False,False
GGTAGAAGACCGCCTG-1,5552,2304,ER,CID4290,Invasive cancer + stroma,1,53,71,6319,5499,5552,2304,5.727665706051873,False,False,False,True,Invasive cancer + stroma,0.10079204850806349,0.0015896365513249511,6.312655483753067e-05,0.0,0,0,2.332745523367715,4,29,0.0,0,0,0.006312655483753171,0.006312655483753109,0.1400256886812357,0.0063126554837531395,False,False,False,False
GAGATGGGAGTCGACA-1,3901,1907,ER,CID4290,Invasive cancer + stroma,1,52,72,6224,5553,3901,1907,4.9474493719559085,False,False,False,True,Invasive cancer + stroma,0.17146163935832298,0.032873952466942816,6.318156115536408e-05,0.0,0,0,2.0163464793542802,3,26,0.0,0,0,3.0999310193220864,0.1688917339256934,0.006318156115536614,0.012254337330965141,True,False,True,False
AACGATAATGCCGTAG-1,14453,4273,ER,CID4290,Invasive cancer + stroma,1,53,73,6319,5608,14453,4273,6.552272884522245,False,False,False,True,Invasive cancer + stroma,0.12310254501490259,0.006915413795646121,6.140681072604633e-05,0.0,0,0,2.739306079861087,4,119,0.17528363410457506,1,1,0.0061406810726168885,0.006140681072616999,0.6731193363467612,0.006140681072616949,False,False,False,False
TGGTCCCACGCTACGG-1,4751,2244,ER,CID4290,Invasive cancer + stroma,1,52,74,6224,5663,4751,2244,5.493580298884446,False,False,False,True,Invasive cancer + stroma,0.15879799493670138,0.010551617962289608,5.982891932048844e-05,0.0,0,0,2.6441305238652,4,49,0.0,0,0,0.005982891932048405,0.0059828919320486585,0.005982891932048405,1.0372131204328152,False,False,False,False
CTGCTTGGCGATAGCT-1,7344,3011,ER,CID4290,Invasive cancer + stroma,1,53,75,6319,5717,7344,3011,5.269607843137255,False,False,False,True,Invasive cancer + stroma,0.189500934431288,0.0221338764484599,8.812543424552535e-05,0.0,0,0,2.863783665727246,4,58,0.0,0,0,0.008812543424552656,0.04328168229925062,0.008812543424552614,2.152480875697634,False,False,False,False
ATCGGAGACAGACGGC-1,3033,1662,ER,CID4290,Invasive cancer + stroma,1,52,76,6224,5772,3033,1662,4.187273326739202,False,False,False,True,Invasive cancer + stroma,0.1424877153152945,0.009298101271833038,5.445057944628726e-05,0.0,0,0,2.723814027797011,4,19,0.0,0,0,0.005445057944628957,0.9134749533494166,0.005445057944629178,0.005445057944629107,False,False,False,False
TAGCGTCCGGTGTGGT-1,8222,3149,ER,CID4290,Invasive cancer + stroma,1,53,77,6319,5826,8222,3149,5.1325711505716365,False,False,False,True,Invasive cancer + stroma,0.15664578157815717,0.00024626913898225645,6.156728474557159e-05,0.0,0,0,2.85549682863744,4,73,0.0,0,0,0.006156728474556336,0.006156728474556426,0.006156728474556457,0.006156728474556426,False,False,False,False
GTTGAGTCCCGCCGGT-1,18899,4999,ER,CID4290,Invasive cancer + stroma,1,52,78,6224,5881,18899,4999,6.354833589078787,False,False,False,True,Invasive cancer + stroma,0.06265211062025915,0.0002542753361920434,6.356883403737866e-05,0.0,0,0,2.1793437314445803,4,72,0.0,0,0,0.0063568834046917495,0.0063568834066347005,0.006356883403186147,0.00635688340469174,False,False,False,False
AAATAGGGTGCTATTG-1,18384,4846,ER,CID4290,Invasive cancer + stroma,1,53,79,6319,5936,18384,4846,4.906440382941688,False,False,False,True,Invasive cancer + stroma,0.09204357902011677,0.0031230814075652626,6.48446723512312e-05,0.0,0,0,2.0238463164826075,4,59,0.0,0,0,0.006484467236231463,0.29285473904776665,0.006484467236296573,0.006484467236231568,False,False,False,False
AAGTGTTTGGAGACGG-1,11266,3614,ER,CID4290,Invasive cancer + stroma,1,52,80,6224,5990,11266,3614,5.583170601810758,False,False,False,True,Invasive cancer + stroma,0.10819575430009447,0.005581869427180038,6.164355963686992e-05,0.0,0,0,2.6148567909020923,4,73,0.0,0,0,0.006164355963687194,0.006164355963685937,0.5396938748269435,0.006164355963687103,False,False,False,False
AGCACTACCTCACCAG-1,21583,5428,ER,CID4290,Invasive cancer + stroma,1,53,81,6319,6045,21583,5428,4.522077561043414,False,False,False,True,Invasive cancer + stroma,0.11641491651321396,0.0004701101595632856,6.530766895246625e-05,0.0,0,0,2.5245817404255373,4,114,0.0,0,0,0.027418715264528635,0.006530766898793064,0.0065307668964968615,0.006530766896510002,False,False,False,False
TGCCTTGGCCAGGCAA-1,15050,4371,ER,CID4290,Invasive cancer + stroma,1,52,82,6224,6099,15050,4371,5.395348837209302,False,False,False,True,Invasive cancer + stroma,0.10953250085580539,0.007442543542885697,6.289463027152271e-05,0.0,0,0,2.5960085439655822,4,112,0.0,0,0,0.2174520653129371,0.36905006302941873,0.006289463024982819,0.15146276292123104,False,False,False,False
TCGTCTTAGGCGTTAA-1,27858,5581,ER,CID4290,Invasive cancer + stroma,1,53,83,6319,6154,27858,5581,5.951611745279632,False,False,False,True,Invasive cancer + stroma,0.060319555556965866,0.0029083465228730127,0.00010195180423406102,0.0,0,0,1.9834295991573443,4,81,0.0,0,0,0.01019518042294099,0.18107041509023725,0.010195180421606232,0.08937387635251681,False,False,False,False
TTCTGACCGGGCTCAA-1,17174,4518,ER,CID4290,Invasive cancer + stroma,1,52,84,6224,6209,17174,4518,4.774659368813323,False,False,False,True,Invasive cancer + stroma,0.16243315111189124,0.006981434878715349,9.275238063601355e-05,0.0,0,0,3.134295202475072,4,194,0.0,0,0,0.009275238063731518,0.009275238063731452,0.6278736540764921,0.051719357667579825,False,False,False,False
CAGAACTTAGCCCTCT-1,24363,5343,ER,CID4290,Invasive cancer + stroma,1,53,85,6319,6263,24363,5343,5.746418749743463,False,False,False,True,Invasive cancer + stroma,0.08315996800501223,0.009786132332202891,9.882254099430717e-05,0.0,0,0,2.1126561659550354,4,81,0.0,0,0,0.9489664709239689,0.009882254098760255,0.009882254098128892,0.009882254099431031,False,False,False,False
AGCTCCTTCGCACATC-1,22428,5002,ER,CID4290,Invasive cancer + stroma,1,52,86,6224,6318,22428,5002,6.130729445336187,False,False,False,True,Invasive cancer + stroma,0.09075533046576463,0.00026672784224959507,6.668196060995412e-05,0.0,0,0,2.5560412180409653,4,126,0.0,0,0,0.0066681960556909305,0.006668196057095749,0.006668196056481962,0.0066681960556908655,False,False,False,False
ACAGGCTTGCCCGACT-1,19610,4536,ER,CID4290,Invasive cancer + stroma,1,53,87,6319,6373,19610,4536,5.874553799082101,False,False,False,True,Invasive cancer + stroma,0.05386575039461236,0.0002665670491518381,6.664176229443164e-05,0.0,0,0,1.8564011913662553,4,53,0.0,0,0,0.006664176228626833,0.006664176226488225,0.006664176231442493,0.0066641762286262585,False,False,False,False
GCTATACGTCTCGGAC-1,24133,5092,ER,CID4290,Invasive cancer + stroma,1,52,88,6224,6427,24133,5092,6.679650271412589,False,False,False,True,Invasive cancer + stroma,0.05862804998283055,0.0021536581361964475,6.583476340427643e-05,0.0,0,0,1.6989774085533278,4,68,0.0,0,0,0.006583476340762724,0.006583476346084161,0.006583476346857516,0.19561538458594033,False,False,False,False
GAGCCAGCTACCTGTG-1,8295,2939,ER,CID4290,Invasive cancer + stroma,1,53,89,6319,6482,8295,2939,4.617239300783604,False,False,False,True,Invasive cancer + stroma,0.09723814099566992,0.015156565921769418,6.224496765886868e-05,0.1318291458047937,1,1,2.3987934712579597,4,38,0.0,0,0,1.2421419353957532,0.006224496765886583,0.006224496763920116,0.2610656632513817,False,False,False,False
TGCTAAGTGTCTATTT-1,9523,3453,ER,CID4290,Invasive cancer + stroma,1,52,90,6224,6536,9523,3453,5.659981098393364,False,False,False,True,Invasive cancer + stroma,0.11334849575077117,0.00829001707438017,8.994565487644347e-05,0.0,0,0,2.8095727701903708,4,69,0.0,0,0,0.008994565487652052,0.008994565487652092,0.505992369672637,0.3050202067900759,False,False,False,False
GTCCTACGAATAGTCT-1,20487,5070,ER,CID4290,Invasive cancer + stroma,1,53,91,6319,6591,20487,5070,4.261238834382779,False,False,False,True,Invasive cancer + stroma,0.06428403872375281,0.00024197737213015454,6.04943430412951e-05,0.0,0,0,2.1470787896149695,4,75,0.0,0,0,0.006049434305075955,0.006049434299852297,0.006049434303010518,0.006049434305076685,False,False,False,False
CAGTGTCGGCTGGCCC-1,4754,2133,ER,CID4290,Invasive cancer + stroma,1,52,92,6224,6646,4754,2133,4.964240639461506,False,False,False,True,Invasive cancer + stroma,0.11806970769961557,0.012582036975334353,5.921421036836088e-05,0.0,0,0,2.401748910872913,4,29,0.0,0,0,0.005921421036836359,0.7203314261485224,0.5260294293112404,0.005921421036836108,False,False,False,False
CTATCGACGAAATACA-1,15909,4538,ER,CID4290,Invasive cancer + stroma,1,53,93,6319,6700,15909,4538,4.205166886667923,False,False,False,True,Invasive cancer + stroma,0.0892674140979902,0.024110915993645538,6.104248670322722e-05,0.0,0,0,2.4487827442192227,4,71,0.0,0,0,2.3927788533527354,0.006104248670685234,0.0061042486704518594,0.006104248670681486,False,False,False,False
CATCATTACCCTGAGG-1,3059,1575,ER,CID4290,Invasive cancer + stroma,1,52,94,6223,6755,3059,1575,5.165086629617522,False,False,False,True,Invasive cancer + stroma,0.08597723490191535,0.056717805416118906,5.9393976557879354e-05,0.0,0,0,2.3359768346207233,4,17,0.0,0,0,4.432570575661673,0.005939397655788972,0.005939397655787153,1.227331170638642,True,False,True,False
TAAGTTGCGACGTAGG-1,4385,2042,ER,CID4290,Invasive cancer + stroma,1,53,95,6318,6810,4385,2042,6.385404789053592,False,False,False,True,Invasive cancer + stroma,0.0803910016920439,0.01925475407099296,6.060313035598268e-05,0.0,0,0,2.0159469645552934,4,17,0.0,0,0,0.0060603130355967975,0.0060603130355904285,0.006060313035596767,1.9072944679925121,False,False,False,False
AGTGCACGCTTAAGAA-1,7837,3034,ER,CID4290,Invasive cancer + stroma,1,52,96,6223,6864,7837,3034,6.112032665560801,False,False,False,True,Invasive cancer + stroma,0.05570658358966032,0.0019072260592740598,0.0028465592387284713,0.0,0,0,2.0549865042161555,4,30,0.0,0,0,0.16205796427853253,0.009554880549340047,0.009554880550192987,0.009554880549340406,False,False,False,False
TGTGCCGGTGCCGGAA-1,11472,3662,ER,CID4290,Invasive cancer + stroma,1,53,97,6318,6919,11472,3662,9.004532775453278,False,False,False,True,Invasive cancer + stroma,0.055672911855153336,0.01642269508929727,6.824103319895259e-05,0.0,0,0,1.9719845464560601,4,36,0.0,0,0,1.6217971989704272,0.006824103320018092,0.006824103319263921,0.006824103320017724,False,False,False,False
AGGAGGCCTTCGCGCG-1,4484,2066,ER,CID4290,Invasive cancer + stroma,1,52,98,6223,6973,4484,2066,5.017841213202498,False,False,False,True,Invasive cancer + stroma,0.07464106336470491,0.00025631458387734854,6.407864593962139e-05,0.0,0,0,2.3220491047988325,4,22,0.0,0,0,0.006407864596936745,0.00640786459692449,0.006407864596936674,0.006407864596936944,False,False,False,False
TCCGCGGCCCAATGAA-1,4063,1914,ER,CID4290,Invasive cancer + stroma,1,53,99,6318,7028,4063,1914,7.9005660841742555,False,False,False,True,Invasive cancer + stroma,0.07423781525352059,0.010670148743177097,6.144022584881673e-05,0.0,0,0,1.8513818632574968,3,16,0.0,0,0,0.006144022589575227,0.006144022589565747,0.006144022589575197,1.0485828065489935,False,False,False,False
TCCGTTAAGCTAATAT-1,6319,2734,ER,CID4290,Invasive cancer + stroma,1,52,100,6223,7083,6319,2734,4.446906156037348,False,False,False,True,Invasive cancer + stroma,0.05831596212411567,0.0002574509595273656,0.004839670360956718,0.0,0,0,2.2183007091638762,4,29,0.31625636845249316,1,1,0.006436273988136155,0.0064362739881968604,0.00643627398826763,0.006436273988135914,False,False,False,False
AAATCTAGCCCTGCTA-1,4343,1962,ER,CID4290,Invasive cancer + stroma,1,53,101,6318,7137,4343,1962,12.36472484457748,False,False,False,True,Invasive cancer + stroma,0.06639764225502207,0.0002583230039872411,0.0054930839164959175,0.0,0,0,2.242099544298442,4,19,0.0,0,0,0.006458075099681165,0.006458075099680638,0.006458075099681302,0.006458075099681008,False,False,False,False
CGCAGGCGATCCAAAC-1,7943,3110,ER,CID4290,Invasive cancer + stroma,1,52,102,6223,7192,7943,3110,8.120357547526122,False,False,False,True,Invasive cancer + stroma,0.06308060275220456,0.003816470886054344,6.405806167604626e-05,0.0,0,0,1.7839413199221792,4,22,0.0,0,0,0.36242967010287674,0.006405806167601766,0.006405806167354389,0.006405806167601464,False,False,False,False
ATTGTTCAACGATCCG-1,7079,2767,ER,CID4290,Invasive cancer + stroma + lymphocytes,1,53,123,6318,8339,7079,2767,8.7724254838254,False,False,False,True,Invasive cancer + stroma + lymphocytes,0.13473785836818633,0.006356725214920575,9.348401673244604e-05,0.0,0,0,2.722011994959155,4,57,0.0,0,0,0.00934840167324356,0.009348401673244989,0.009348401672672337,0.6076273164728966,False,False,False,False
GTGCAGCGTAGAGTAG-1,5802,2573,ER,CID4290,Invasive cancer + stroma + lymphocytes,1,52,124,6223,8393,5802,2573,6.153050672182006,False,False,False,True,Invasive cancer + stroma + lymphocytes,0.21677877227190376,0.00023656744981693904,0.0059717380694943156,0.0,0,0,3.2539783714054664,4,85,0.0,0,0,0.00591418624542301,0.0059141862454236286,0.005914186245423637,0.0059141862454236286,False,True,False,False
TGTGGTAGGGTGCCTT-1,9587,3218,ER,CID4290,Invasive cancer + stroma + lymphocytes,1,53,125,6318,8448,9587,3218,7.979555648273704,False,False,False,True,Invasive cancer + stroma + lymphocytes,0.0792552734184453,0.01541079345975462,9.887745185144954e-05,0.0,0,0,1.7381473710338635,3,30,0.0,0,0,1.511416110420242,0.009887745185160866,0.009887745184898222,0.009887745185160978,False,False,False,False
TGTGGACTATCTACGT-1,9764,3507,ER,CID4290,Invasive cancer + stroma + lymphocytes,1,52,126,6223,8503,9764,3507,6.544448996312986,False,False,False,True,Invasive cancer + stroma + lymphocytes,0.15212728817795768,0.00798618304858443,0.011357593226130162,0.0,0,0,2.8901410164741703,4,95,0.23505331615092998,1,1,0.010043925210043443,0.006270422595883079,0.0062704225954347305,0.7760335344570818,False,False,False,False
GGCGGGCTCTAAGAGT-1,9440,3044,ER,CID4290,Invasive cancer + stroma + lymphocytes,1,53,127,6318,8557,9440,3044,6.197033898305085,False,False,False,True,Invasive cancer + stroma + lymphocytes,0.12387845861839616,0.025789296505993365,0.00010048742348126842,0.0,0,0,2.658047276871658,4,79,0.0,0,0,0.05170499652474618,0.0100487423470921,0.010048742346614058,2.507127169380884,False,False,False,False
CGAGTGAAGGTACCAG-1,1034,709,ER,CID4290,Invasive cancer + stroma,1,55,29,6511,3205,1034,709,8.51063829787234,False,False,False,True,Invasive cancer + stroma,0.13513127176943757,0.0002512717539910501,6.281793860990473e-05,0.0,0,0,2.7504243043683134,4,8,0.0,0,0,0.006281793852360832,0.006281793842024202,0.0062817938523598805,0.0062817938523600965,False,False,False,False
AGTCTCACAAGACTAC-1,1485,902,ER,CID4290,Invasive cancer + stroma,1,54,30,6415,3260,1485,902,13.804713804713806,False,False,False,True,Invasive cancer + stroma,0.14281524512878535,0.00453231782120064,9.596828336868095e-05,0.0,0,0,2.1479100435212897,3,10,0.0,0,0,0.4244412971160424,0.00959682833028549,0.009596828336867964,0.009596828336868084,False,False,False,False
AAATTGATAGTCCTTT-1,1450,920,ER,CID4290,Invasive cancer + stroma,1,55,31,6510,3314,1450,920,3.8620689655172415,False,False,False,True,Invasive cancer + stroma,0.10979327154455776,0.00023597189319526072,5.899297329532945e-05,0.0,0,0,2.6406530247495796,4,9,0.0,0,0,0.00589929732962504,0.0058992973315568275,0.005899297328718923,0.005899297329625281,False,False,False,False
TAAGTCGCCGAGTATC-1,2754,1614,ER,CID4290,Invasive cancer + stroma,1,54,32,6415,3369,2754,1614,5.083514887436456,False,False,False,True,Invasive cancer + stroma,0.06459745731080742,0.0034974003052494537,5.431994901411607e-05,0.0,0,0,1.9480238331182576,3,14,0.0,0,0,0.005431994901411236,0.005431994901405794,0.3334440458207168,0.00543199490141152,False,False,False,False
GCGGAGAAACTTCGCA-1,2988,1678,ER,CID4290,Invasive cancer + stroma,1,55,33,6510,3423,2988,1678,3.91566265060241,False,False,False,True,Invasive cancer + stroma,0.1109319985777937,0.02338071263929344,0.01221442996025264,0.24490359782833812,1,1,2.528747980065469,4,17,0.48980719565667624,1,1,1.9686304920753874,0.008502869167498848,0.35243503351895855,0.00850286916749906,False,False,False,False
GGCAAAGGCGCCAATA-1,9480,3481,ER,CID4290,Invasive cancer + stroma,1,54,34,6415,3478,9480,3481,4.883966244725738,False,False,False,True,Invasive cancer + stroma,0.13834805476805093,0.05758316779917186,8.675177770195803e-05,0.1200339969912431,1,1,3.071369657082155,4,98,0.0,0,0,0.008675177770195606,0.5656579953365898,0.00867517777026224,5.175308429040138,True,False,False,False
ATTTCCGGGTTCTGCG-1,1863,1146,ER,CID4290,Invasive cancer + stroma,1,55,35,6510,3533,1863,1146,3.22061191626409,False,False,False,True,Invasive cancer + stroma,0.15271433897024447,0.013231027677748855,5.63501370943252e-05,0.3085393701765858,1,1,3.0640529112162866,4,20,0.0,0,0,0.005635013709431996,0.0056350137094321896,0.005635013709432308,1.306197726646589,False,False,False,False
TAAACCCAGGAGGGCA-1,21258,5546,ER,CID4290,Invasive cancer + stroma,1,54,36,6415,3587,21258,5546,3.405776648791043,False,False,False,True,Invasive cancer + stroma,0.06375749104888903,0.005309744034823475,0.0025822191982089225,0.0,0,0,2.3992007506903645,4,91,0.0,0,0,0.006151659057049031,0.0061516590558997235,0.006151659058547299,0.5125194263108515,False,False,False,False
TTCGGGCGCTAGTCTT-1,11231,3876,ER,CID4290,Invasive cancer + stroma,1,55,37,6510,3642,11231,3876,3.383492120024931,False,False,False,True,Invasive cancer + stroma,0.12433114198153007,0.016846247606854433,0.0008549757628849201,0.0,0,0,2.91069359459362,4,98,0.0,0,0,0.009464869889586067,0.009464869889581166,0.009464869888661619,1.6562301510176145,False,False,False,False
GTGGAGTCGGCGGTTG-1,5985,2602,ER,CID4290,Invasive cancer + stroma,1,54,38,6415,3696,5985,2602,4.193817878028405,False,False,False,True,Invasive cancer + stroma,0.11786281234872109,0.025760269439594537,6.171275131818918e-05,0.0,0,0,2.6431160431874288,3,67,0.0,0,0,2.55751311856399,0.006171275131821452,0.006171275131821131,0.00617127513182109,False,False,False,False
GCACGCCTACTTAGAT-1,2098,1263,ER,CID4290,Invasive cancer + stroma,1,55,39,6510,3751,2098,1263,3.9084842707340326,False,False,False,True,Invasive cancer + stroma,0.15063039251675095,0.00023323089890564156,5.830772469499029e-05,0.0,0,0,2.9084440651105776,4,17,0.0,0,0,0.005830772472641075,0.005830772472640827,0.005830772472641028,0.005830772472641227,False,False,False,False
CAATATTCTTGACCTA-1,17489,4650,ER,CID4290,Invasive cancer + stroma,1,54,40,6415,3806,17489,4650,5.414832180227572,False,False,False,True,Invasive cancer + stroma,0.10207970257251232,0.013961523409745498,9.462694886492469e-05,0.0,0,0,2.7034366218655865,4,145,0.0,0,0,1.2244821472258152,0.15274480398349477,0.009462694880548442,0.00946269488469132,False,False,False,False
CGTTTGTGTAGAGGGT-1,1140,789,ER,CID4290,Invasive cancer + stroma,1,55,41,6510,3860,1140,789,3.684210526315789,False,False,False,True,Invasive cancer + stroma,0.18245430208983443,0.000409688414977577,9.314413711986405e-05,0.0,0,0,2.789641330297438,3,15,0.0,0,0,0.009314413713527998,0.009314413710881504,0.009314413707755766,0.013025600365592431,False,False,False,False
CATAGCGTTGCCCACC-1,25331,5765,ER,CID4290,Invasive cancer + stroma,1,54,42,6415,3915,25331,5765,4.531996368086534,False,False,False,True,Invasive cancer + stroma,0.11316673156155452,0.017406285297530365,0.0025278436936856234,0.0,0,0,2.6770599510987285,4,167,0.11091060780480262,1,1,0.00909464093610863,0.009094640932262992,0.06728709240876565,1.6551521554758992,False,False,False,False
TGATACATTTAGCCGT-1,25138,5684,ER,CID4290,Invasive cancer + stroma,1,55,43,6510,3970,25138,5684,2.888057920280054,False,False,False,True,Invasive cancer + stroma,0.06370441113297706,0.015260713640953478,9.550917893417283e-05,0.0,0,0,2.1887643522840508,4,103,0.0,0,0,0.009550917893998364,0.009550917891939776,0.09692977880029943,1.4100397495091102,False,False,False,False
TTCCGGCCTTGAGGCT-1,33336,6326,ER,CID4290,Invasive cancer + stroma,1,54,44,6415,4024,33336,6326,5.489560835133189,False,False,False,True,Invasive cancer + stroma,0.09576057842444304,0.0002875878494918531,7.189696235541604e-05,0.0,0,0,2.3914374207582485,4,161,0.0,0,0,0.007189696236276708,0.007189696240027238,0.007189696236605698,0.0071896962362756655,False,False,False,False
CCTATACCGTCCTGTC-1,26697,5628,ER,CID4290,Invasive cancer + stroma,1,55,45,6510,4079,26697,5628,5.112934037532306,False,False,False,True,Invasive cancer + stroma,0.07294196448355449,0.008516674063437353,7.033314729416644e-05,0.0,0,0,2.0803972229282293,4,89,0.10604793610242258,1,1,0.7229385451799928,0.007033314729280258,0.11466223170520735,0.00703331472925497,False,False,False,False
TCGTTGCTATCCGGTC-1,14260,3981,ER,CID4290,Invasive cancer + stroma,1,54,46,6415,4133,14260,3981,4.004207573632539,False,False,False,True,Invasive cancer + stroma,0.12876168745519737,0.0002781334273607355,6.953335680800767e-05,0.0,0,0,2.8327318613664874,4,144,0.0,0,0,0.006953335683367394,0.006953335683457037,0.006953335685881796,0.006953335683367326,False,False,False,False
TGGCGACTGCTCCAAA-1,1450,961,ER,CID4290,Invasive cancer + stroma,1,55,47,6510,4188,1450,961,2.896551724137931,False,False,False,True,Invasive cancer + stroma,0.1231179969002949,0.00019731159550848815,4.087681516449101e-05,0.0,0,0,2.8516173987677123,4,11,0.0,0,0,0.004087681504065961,0.004087681502771491,0.004087681504065894,0.007468115039945469,False,False,False,False
CAGAGGCGATGCATGA-1,1800,1079,ER,CID4290,Invasive cancer + stroma,1,54,48,6415,4243,1800,1079,4.166666666666666,False,False,False,True,Invasive cancer + stroma,0.10840533208647962,0.025163483559843065,0.008313708635325025,0.0,0,0,2.1277281511013824,3,9,0.0,0,0,0.006780612737177355,0.004135283787175539,0.004135283787175347,2.501297175672778,False,False,False,False
TCACAGGAGAATAAGA-1,2064,1232,ER,CID4290,Invasive cancer + stroma,1,55,49,6510,4297,2064,1232,4.844961240310078,False,False,False,True,Invasive cancer + stroma,0.12511492333287283,0.02867789902029799,6.0839738199864515e-05,0.0,0,0,2.8456613061466567,4,17,0.0,0,0,0.20019347346966165,0.006083973843427586,0.006083973843427368,2.655428480873282,False,False,False,False
GGGTTAACATTTGAGT-1,18619,4666,ER,CID4290,Invasive cancer + stroma,1,54,50,6415,4352,18619,4666,5.489016595950373,False,False,False,True,Invasive cancer + stroma,0.05895861733541576,0.02616304055149734,9.844042522591393e-05,0.0,0,0,1.87528715500598,4,55,0.0,0,0,0.6289332466111791,0.01481225065765556,0.009844042521129737,1.9627145153597696,False,False,False,False
GCGGGCGAGCCTTACC-1,3158,1632,ER,CID4290,Invasive cancer + stroma,1,55,51,6510,4407,3158,1632,3.578214059531349,False,False,False,True,Invasive cancer + stroma,0.12805596957404783,0.005457864788706225,6.428134623103741e-05,0.0,0,0,2.727594488377492,4,20,0.0,0,0,0.006428134623110202,0.5265020750012908,0.0064281346231107464,0.006428134623110852,False,False,False,False
TGCCAATGGGTACTCT-1,17987,4943,ER,CID4290,Invasive cancer + stroma,1,54,52,6415,4461,17987,4943,3.6971145827542116,False,False,False,True,Invasive cancer + stroma,0.08025918826766874,0.00026696509903795945,6.674127475627175e-05,0.0,0,0,2.3297007036295936,4,80,0.0,0,0,0.006674127475372708,0.006674127476091101,0.006674127476959528,0.006674127475372611,False,False,False,False
AGGGACTCTACGCGAC-1,12745,4233,ER,CID4290,Invasive cancer + stroma,1,55,53,6510,4516,12745,4233,5.16280894468419,False,False,False,True,Invasive cancer + stroma,0.05169281932461677,0.00025723552206890083,6.43088805204963e-05,0.0,0,0,1.7022251931601007,4,27,0.0,0,0,0.0064308880518362905,0.006430888051836238,0.0064308880513813714,0.006430888051836185,False,False,False,False
GACGCCGTAAAGGCTA-1,24367,5700,ER,CID4290,Invasive cancer + stroma,1,54,54,6415,4570,24367,5700,6.340542537037797,False,False,False,True,Invasive cancer + stroma,0.08156789597718696,0.02175907377401857,6.355087658147436e-05,0.0,0,0,2.388826171459545,4,124,0.0,0,0,0.07579945016446601,0.006355087663813475,0.006355087661080604,2.087397751912497,False,False,False,False
AAAGGCTCTCGCGCCG-1,7522,2888,ER,CID4290,Invasive cancer + stroma,1,55,55,6510,4625,7522,2888,5.2645572985908,False,False,False,True,Invasive cancer + stroma,0.11510728388226674,0.004584429497695378,6.224303072291348e-05,0.0,0,0,2.621177005581353,4,47,0.0,0,0,0.006224303072291572,0.006224303072291459,0.006224303072974648,0.4397700405519801,False,False,False,False
CTGGCTGGTTGTCAGT-1,11880,3726,ER,CID4290,Invasive cancer + stroma,1,54,56,6415,4680,11880,3726,5.42087542087542,False,False,False,True,Invasive cancer + stroma,0.09033689424396042,0.020996814969825667,6.761929047109961e-05,0.0,0,0,2.371196513062927,4,58,0.0,0,0,2.0793957098422338,0.006761929047059779,0.006761929046213121,0.0067619290470600875,False,False,False,False
ACATCCCGGCCATACG-1,4723,2189,ER,CID4290,Invasive cancer + stroma,1,55,57,6510,4734,4723,2189,4.552191403768791,False,False,False,True,Invasive cancer + stroma,0.08435377542882526,0.02913163017277263,6.3413161503731e-05,0.0,0,0,2.008751978650831,3,23,0.0,0,0,1.5715035601681575,0.006341316150373647,0.0063413161503731,1.3289768248083593,False,False,False,False
CTCTTGTCCCGCTTGG-1,2625,1595,ER,CID4290,Invasive cancer + stroma,1,54,58,6415,4789,2625,1595,2.323809523809524,False,False,False,True,Invasive cancer + stroma,0.12085942435068862,0.0002540328883020496,6.12918902596617e-05,0.0,0,0,2.6794552451894624,4,22,0.0,0,0,0.006129189025965361,0.0061291890257212074,0.006129189025965442,0.007015721752552951,False,False,False,False
TACGCCTCCATTCCGA-1,10107,3326,ER,CID4290,Invasive cancer + stroma,1,55,59,6510,4843,10107,3326,3.5717819333135448,False,False,False,True,Invasive cancer + stroma,0.035733037737761854,0.012399829221153668,7.235471334467886e-05,0.0,0,0,1.4797988579411332,4,16,0.0,0,0,0.007235471334097935,0.007235471333427185,0.02389105225297813,1.2016209271948635,False,False,False,False
CGGAGCAATTTAATCG-1,3792,1969,ER,CID4290,Invasive cancer + stroma,1,54,60,6415,4898,3792,1969,4.087552742616034,False,False,False,True,Invasive cancer + stroma,0.09876628618397991,0.00024180557279026416,6.045139319758589e-05,0.0,0,0,2.7991862672727894,4,25,0.0,0,0,0.00604513931975649,0.006045139319756688,0.0060451393197565595,0.0060451393197566775,False,False,False,False
AACTAGGCTTGGGTGT-1,1969,1253,ER,CID4290,Invasive cancer + stroma,1,55,61,6510,4953,1969,1253,2.3362112747587607,False,False,False,True,Invasive cancer + stroma,0.13295497613654605,0.0003629974846574789,9.074937123710232e-05,0.0,0,0,1.9969598233691803,2,21,0.0,0,0,0.009074937117760529,0.009074937117760652,0.009074937112465821,0.009074937117760891,False,False,False,False
GCGTCGCCAGGGTGAT-1,1840,1068,ER,CID4290,Invasive cancer + stroma,1,54,62,6415,5007,1840,1068,3.641304347826087,False,False,False,True,Invasive cancer + stroma,0.1302480059953539,0.034769663444504224,9.139714407616073e-05,0.0,0,0,2.8425163115442276,4,16,0.0,0,0,3.4495472012275283,0.009139714407630655,0.009139714407632376,0.009139714407631032,True,False,True,False
GTTGGTCATGCTATCC-1,1753,1134,ER,CID4290,Invasive cancer + stroma,1,55,63,6510,5062,1753,1134,3.4227039361095266,False,False,False,True,Invasive cancer + stroma,0.1404897575996071,0.02617965319585928,6.122465262284453e-05,0.0,0,0,2.3372883546826713,3,16,0.0,0,0,0.00612246526228518,0.006122465262284423,2.599597923799074,0.006122465262284691,False,False,False,False
GCTGGCGGCGCATGCT-1,5650,2327,ER,CID4290,Invasive cancer + stroma,1,54,64,6414,5116,5650,2327,4.460176991150442,False,False,False,True,Invasive cancer + stroma,0.06668619677872457,0.00026001943062939077,6.500485764587336e-05,0.0,0,0,2.247309587293416,4,21,0.0,0,0,0.00650048576573488,0.006500485765734362,0.00650048576573488,0.006500485765734955,False,False,False,False
TGAGCGGAAAGTGTTC-1,2542,1429,ER,CID4290,Invasive cancer + stroma,1,55,65,6509,5171,2542,1429,3.6585365853658534,False,False,False,True,Invasive cancer + stroma,0.1155723028041378,0.00279749564699203,6.263607717026358e-05,0.0,0,0,1.6814957437456344,2,15,0.0,0,0,0.0062636077170265215,0.006263607722727223,0.006263607717027695,0.26095874154242155,False,False,False,False
CTTTCTGTGCGGGCTT-1,5082,2397,ER,CID4290,Invasive cancer + stroma,1,54,66,6414,5226,5082,2397,3.67965367965368,False,False,False,True,Invasive cancer + stroma,0.1057132542320653,0.0002512191047400492,6.28047761850108e-05,0.0,0,0,2.666051096354915,4,32,0.0,0,0,0.0062804776185012125,0.006280477618501224,0.006280477618500978,0.00628047761850151,False,False,False,False
ATCTAATATCCTACGG-1,27842,6069,ER,CID4290,Invasive cancer + stroma,1,55,67,6509,5280,27842,6069,2.873356799080526,False,False,False,True,Invasive cancer + stroma,0.03916134667199397,0.0002555668666219241,6.389171664096089e-05,0.0,0,0,1.5616698290236257,4,52,0.0,0,0,0.006389171664821875,0.0063891716660293705,0.006389171666520196,0.006389171664820971,False,False,False,False
AACCTTTAAATACGGT-1,9482,3451,ER,CID4290,Invasive cancer + stroma,1,54,68,6414,5335,9482,3451,4.672010124446319,False,False,False,True,Invasive cancer + stroma,0.0726321791259526,0.00015774545363629456,3.943636341231664e-05,0.0,0,0,1.7410680416403619,3,29,0.0,0,0,0.003943636341091229,0.003943636341090771,0.003943636340356226,0.003943636341091229,False,False,False,False
TTCACTCGAGCACCTA-1,20888,5178,ER,CID4290,Invasive cancer + stroma,1,55,69,6509,5390,20888,5178,3.604940635771735,False,False,False,True,Invasive cancer + stroma,0.09500458520892224,0.0039767073816008545,6.609652486554035e-05,0.0,0,0,2.1573348186017687,4,86,0.1303976425217025,1,1,0.006609652486335593,0.0066096524852371046,0.25113943573374736,0.13331199745476538,False,False,False,False
CTGCACTCCAGTACAG-1,3278,1611,ER,CID4290,Invasive cancer + stroma,1,54,70,6414,5444,3278,1611,4.972544234289201,False,False,False,True,Invasive cancer + stroma,0.08555908616529818,0.00024284140617585512,6.071035150148985e-05,0.0,0,0,2.735955100317283,4,21,0.0,0,0,0.006071035164019029,0.006071035164959506,0.006071035124587957,0.0060710351640190195,False,False,False,False
CCATTTCTACCTATTA-1,4222,1881,ER,CID4290,Invasive cancer + stroma,1,55,71,6509,5499,4222,1881,5.56608242539081,False,False,False,True,Invasive cancer + stroma,0.07954785926169376,0.00024097994249783227,6.024498562445909e-05,0.0,0,0,2.306144878692906,4,20,0.0,0,0,0.006024498562446292,0.006024498562446175,0.006024498562444801,0.006024498562445958,False,False,False,False
CAAGCGGCACATAATT-1,7416,2703,ER,CID4290,Invasive cancer + stroma,1,54,72,6414,5553,7416,2703,6.108414239482201,False,False,False,True,Invasive cancer + stroma,0.08091976287135043,0.0002580406610243764,0.003114422837939745,0.0,0,0,2.2251426739839864,4,33,0.0,0,0,0.0064510165255721235,0.006451016525572606,0.006451016525721062,0.0064510165255718495,False,False,False,False
GTTAACATCACTTAAA-1,15572,4258,ER,CID4290,Invasive cancer + stroma,1,55,73,6509,5608,15572,4258,6.119958900590803,False,False,False,True,Invasive cancer + stroma,0.06390838398218358,0.0028655106115860677,6.411025789946598e-05,0.0,0,0,1.9400444526319107,4,44,0.0,0,0,0.00641102578965048,0.006411025789650658,0.00641102579123307,0.2673179837880726,False,False,False,False
ATATAAATGTAGCTGC-1,28390,5850,ER,CID4290,Invasive cancer + stroma,1,54,74,6414,5663,28390,5850,6.135963367382882,False,False,False,True,Invasive cancer + stroma,0.08244518502278954,0.011158474893115392,6.772526707214652e-05,0.0,0,0,2.261170400933705,4,118,0.0,0,0,0.0067725267097744415,0.006772526711120237,0.006772526711126119,1.0955299091795183,False,False,False,False
GCCTCTATACATAGCA-1,3618,1796,ER,CID4290,Invasive cancer + stroma,1,55,75,6509,5717,3618,1796,3.924820342730791,False,False,False,True,Invasive cancer + stroma,0.1793805956217199,0.020189500047403164,6.304853060573064e-05,0.0,0,0,3.0773454928714283,4,36,0.4418236866958905,1,1,0.0063048530605725505,0.006304853060573897,1.769444084924245,0.23689621369492492,False,False,False,False
GTGTCGTATAGCGTTC-1,17161,4719,ER,CID4290,Invasive cancer + stroma,1,54,76,6414,5772,17161,4719,4.556844006759513,False,False,False,True,Invasive cancer + stroma,0.1996665684661031,0.010507848436797907,0.0026126547046594856,0.0,0,0,3.179728675506386,4,201,0.0,0,0,0.0060440644339595385,0.006044064433959519,0.006044064433856262,1.0326526503780153,False,True,False,False
ATACGTACTTAGCCAC-1,14088,4079,ER,CID4290,Invasive cancer + stroma,1,55,77,6509,5827,14088,4079,3.584611016467916,False,False,False,True,Invasive cancer + stroma,0.1339154268177184,0.0002542136441879762,6.355341105582876e-05,0.0,0,0,2.5326294911896987,4,82,0.0,0,0,0.006355341104500426,0.006355341104834043,0.006355341104963027,0.006355341104500127,False,False,False,False
GCTATCATACTCATGG-1,7684,2874,ER,CID4290,Invasive cancer + stroma,1,54,78,6414,5881,7684,2874,3.9302446642373763,False,False,False,True,Invasive cancer + stroma,0.11004888617611554,0.0010833631535834966,9.562210459858988e-05,0.0,0,0,2.1759201856071675,4,32,0.0,0,0,0.054923512624384795,0.009562210459865838,0.009562210462097896,0.034288381812001126,False,False,False,False
TATCCAATTGGTTATC-1,16876,4698,ER,CID4290,Invasive cancer + stroma,1,55,79,6509,5936,16876,4698,3.981986252666508,False,False,False,True,Invasive cancer + stroma,0.13831842145260498,0.01756890292734632,5.956419327095711e-05,0.07755686679930188,1,1,2.869658748491266,4,130,0.0,0,0,0.0059564193271541225,1.739021034752526,0.005956419327797745,0.005956419327154209,False,False,False,False
TCTCCCTGGGCAGCGT-1,7183,2940,ER,CID4290,Invasive cancer + stroma,1,54,80,6414,5990,7183,2940,3.4665181678964223,False,False,False,True,Invasive cancer + stroma,0.11224834887996173,0.031057414813370782,5.630763457036165e-05,0.0,0,0,2.284091214999895,4,39,0.0,0,0,2.690165200410414,0.4043147540125921,0.005630763457036174,0.005630763457036201,False,False,False,False
CCTATAATGAGTGCCC-1,11283,3677,ER,CID4290,Invasive cancer + stroma,1,55,81,6509,6045,11283,3677,4.413719755384206,False,False,False,True,Invasive cancer + stroma,0.09279034652111805,0.0047161754167068925,6.119103696752929e-05,0.0,0,0,2.370762450426205,4,51,0.0,0,0,0.11672158207190544,0.34265775220444067,0.006119103697590062,0.0061191036967530674,False,False,False,False
CAATGCGAGAAGTATC-1,26990,5543,ER,CID4290,Invasive cancer + stroma,1,54,82,6414,6100,26990,5543,5.902185994812894,False,False,False,True,Invasive cancer + stroma,0.09204306279701355,0.00912066337658064,7.007785249695619e-05,0.0,0,0,2.4550894804409222,4,126,0.0,0,0,0.8910429819167646,0.007007785248179711,0.007007785245940802,0.00700778524717886,False,False,False,False
TACCAATAAAGTACCA-1,23654,5583,ER,CID4290,Invasive cancer + stroma,1,55,83,6509,6154,23654,5583,5.098503424367971,False,False,False,True,Invasive cancer + stroma,0.09116675368540095,0.0002558146242675616,6.395365604411899e-05,0.0,0,0,2.63953279667621,4,130,0.0,0,0,0.006395365607283613,0.006395365608307696,0.006395365603881471,0.006395365607283384,False,False,False,False
GCTAGGCACCACGGAG-1,27620,5698,ER,CID4290,Invasive cancer + stroma,1,54,84,6414,6209,27620,5698,4.590876176683563,False,False,False,True,Invasive cancer + stroma,0.03989222808149065,0.00027128099460157286,6.782024864287078e-05,0.0,0,0,1.6198148032847919,4,53,0.0,0,0,0.006782024864802227,0.006782024865002819,0.006782024865240693,0.006782024865111546,False,False,False,False
GGTGGACTGCTCTGGC-1,10919,3610,ER,CID4290,Invasive cancer + stroma,1,55,85,6509,6263,10919,3610,6.731385658027292,False,False,False,True,Invasive cancer + stroma,0.07556572484094726,0.010318005648319481,9.658346108664015e-05,0.0,0,0,2.125122584183149,4,38,0.0,0,0,1.0028255265067656,0.009658346108540702,0.009658346108035062,0.00965834610860688,False,False,False,False
TATTCCGAGCTGTTAT-1,7598,2692,ER,CID4290,Invasive cancer + stroma,1,54,86,6414,6318,7598,2692,6.264806528033693,False,False,False,True,Invasive cancer + stroma,0.06729648263361246,0.0002596304832107297,6.490762085039809e-05,0.0,0,0,1.897816664101226,4,24,0.0,0,0,0.006490762080304929,0.006490762080303291,0.006490762080159841,0.006490762080304908,False,False,False,False
TTGAGAAGTTTAGCAT-1,2857,1592,ER,CID4290,Invasive cancer + stroma,1,55,87,6509,6373,2857,1592,3.1151557577878894,False,False,False,True,Invasive cancer + stroma,0.09961959335037558,0.00016235002844393055,4.058750702248821e-05,0.0,0,0,2.6221968150818453,4,17,0.0,0,0,0.004058750711098359,0.00405875071109884,0.004058750711098019,0.0040587507110978385,False,False,False,False
GTCCGGACCTGAAATT-1,4946,2336,ER,CID4290,Invasive cancer + stroma,1,54,88,6414,6427,4946,2336,3.6190861302062274,False,False,False,True,Invasive cancer + stroma,0.10581059027867423,0.00016200042517553934,4.0500106293888135e-05,0.0,0,0,2.5027655278094505,4,26,0.0,0,0,0.004050010629386815,0.004050010629393084,0.004050010629387192,0.004050010629386844,False,False,False,False
CTGTGGTCGGGAGATA-1,7132,2684,ER,CID4290,Invasive cancer + stroma,1,55,89,6509,6482,7132,2684,5.173864273696018,False,False,False,True,Invasive cancer + stroma,0.19770061659518473,0.0002542705254506561,6.356763136243271e-05,0.0,0,0,3.2375389026813095,4,77,0.0,0,0,0.006356763136244617,0.006356763136207479,0.006356763136370647,0.006356763136242867,False,True,False,False
CATGTAAGAGACATTT-1,9117,3159,ER,CID4290,Invasive cancer + stroma,1,54,90,6414,6537,9117,3159,4.28869145552265,False,False,False,True,Invasive cancer + stroma,0.07707636650402239,0.000321853984805394,6.105123671748168e-05,0.0,0,0,2.367638904884584,4,42,0.0,0,0,0.006105123671748189,0.006105123671744279,0.00610512366998225,0.01387002746706468,False,False,False,False
CACGTTTCGTACACAC-1,12981,3873,ER,CID4290,Invasive cancer + stroma,1,55,91,6509,6591,12981,3873,4.52969724982667,False,False,False,True,Invasive cancer + stroma,0.04963259426638644,0.00027743583075770284,6.935895768787424e-05,0.0,0,0,1.6879683141834123,4,25,0.0,0,0,0.00693589576859017,0.006935895768702245,0.006935895769887858,0.00693589576859001,False,False,False,False
CATCCTCTCAAAGATC-1,32842,6293,ER,CID4290,Invasive cancer + stroma,1,54,92,6414,6646,32842,6293,3.492479142561354,False,False,False,True,Invasive cancer + stroma,0.03485720983571467,0.00026516902027886544,6.629225502524523e-05,0.0,0,0,1.5812413842403914,4,58,0.0,0,0,0.006629225506145899,0.006629225507602221,0.00662922550799262,0.006629225506145802,False,False,False,False
GATTAACCGAAAGCCC-1,10159,3470,ER,CID4290,Invasive cancer + stroma,1,55,93,6509,6700,10159,3470,6.7920070873117435,False,False,False,True,Invasive cancer + stroma,0.06403527365327939,0.0019338559444699185,0.006034125043708438,0.0,0,0,2.1175054996134555,4,32,0.0,0,0,0.1751172553276601,0.00608944637369753,0.006089446371936939,0.006089446373697281,False,False,False,False
AACGCTGTTGCTGAAA-1,11999,4049,ER,CID4290,Invasive cancer + stroma,1,54,94,6414,6755,11999,4049,6.567213934494541,False,False,False,True,Invasive cancer + stroma,0.07329288517404775,0.010583850497384722,6.400505248673412e-05,0.20205789493250678,2,2,2.2872840406782187,4,57,0.20205789493250678,1,1,0.5016128028136176,0.0064005052486520025,0.18075623438069824,0.3696155072955044,False,False,False,False
TTCAGCTGGCGTGCCC-1,3781,1963,ER,CID4290,Invasive cancer + stroma,1,55,95,6509,6810,3781,1963,4.681301243057392,False,False,False,True,Invasive cancer + stroma,0.11936107232723824,0.00024033790417016148,0.0026530787659958415,0.0,0,0,2.7885082969730672,4,25,0.0,0,0,0.006008447604253907,0.006008447604254426,0.006008447604253957,0.006008447604253858,False,False,False,False
TAGAGGTTCTACTTGT-1,2753,1516,ER,CID4290,Invasive cancer + stroma,1,54,96,6413,6864,2753,1516,4.685797312023247,False,False,False,True,Invasive cancer + stroma,0.1217526116477245,0.01747300417855366,9.284466916074027e-05,0.0,0,0,2.6901531885265424,4,16,0.0,0,0,0.009284466916073816,0.009284466916077002,0.06242166510329179,1.6663098189199235,False,False,False,False
GTATCAAACGTTAGCT-1,7464,2957,ER,CID4290,Invasive cancer + stroma,1,55,97,6508,6919,7464,2957,6.779206859592711,False,False,False,True,Invasive cancer + stroma,0.0700090584407573,0.024586502149879085,6.221144423135119e-05,0.0,0,0,2.149374999133588,4,34,0.0,0,0,2.3483761554484097,0.0062211444231355445,0.006221144423288227,0.09783177069307483,False,False,False,False
AATCATGTAAAGACTC-1,2660,1430,ER,CID4290,Invasive cancer + stroma,1,54,98,6413,6973,2660,1430,6.315789473684211,False,False,False,True,Invasive cancer + stroma,0.12733499380251775,0.0002453387064749211,6.13346765094741e-05,0.0,0,0,2.681503161086428,3,29,0.0,0,0,0.006133467658834154,0.006133467658833244,0.006133467670990805,0.006133467658833904,False,False,False,False
AGTCACTAGCTCTCGA-1,1916,1094,ER,CID4290,Invasive cancer + stroma,1,55,99,6508,7028,1916,1094,5.323590814196242,False,False,False,True,Invasive cancer + stroma,0.1094481711808548,0.019648763053203455,6.076835158310511e-05,0.0,0,0,2.134582345770443,3,12,0.0,0,0,0.006076835158310451,0.006076835158313125,0.911415928537062,1.04130670646666,False,False,False,False
GCGAAACGATCGGGAG-1,4264,2056,ER,CID4290,Invasive cancer + stroma,1,54,100,6413,7083,4264,2056,10.0140712945591,False,False,False,True,Invasive cancer + stroma,0.09005995729790138,0.0002517280983457675,0.020562535173276417,0.0,0,0,1.8706742453787037,4,13,0.0,0,0,0.0062932024586420925,0.006293202458644841,0.00629320245864482,0.006293202458644994,False,False,False,False
CATGGATTGTCTTCCG-1,1540,930,ER,CID4290,Invasive cancer + stroma,1,55,101,6508,7137,1540,930,5.3896103896103895,False,False,False,True,Invasive cancer + stroma,0.131988758255423,0.0003974081492711561,9.935203729148065e-05,0.0,0,0,1.830737022832815,3,6,0.0,0,0,0.009935203731672875,0.009935203732097154,0.009935203731672783,0.009935203731672797,False,False,False,False
ATTGGATTACAGCGTA-1,2154,1188,ER,CID4290,Invasive cancer + stroma,1,54,102,6413,7192,2154,1188,8.449396471680593,False,False,False,True,Invasive cancer + stroma,0.08346108139326569,0.008380311385419184,6.315870375348342e-05,0.0,0,0,2.0432147804313674,3,11,0.0,0,0,0.006315870375317893,0.006315870375347118,0.8190835274159052,0.006315870375348136,False,False,False,False
TTATTATCTGGAAGGC-1,4152,1966,ER,CID4290,Invasive cancer + stroma + lymphocytes,1,55,121,6508,8230,4152,1966,8.574181117533719,False,False,False,True,Invasive cancer + stroma + lymphocytes,0.17079822048928525,0.006771270501762698,8.896218278396507e-05,0.0,0,0,2.859735710433233,4,36,0.0,0,0,0.6504383953421401,0.008896218277333725,0.008896218278397905,0.008896218278398068,False,False,False,False
TACATGCCGGAATTGT-1,5903,2372,ER,CID4290,Invasive cancer + stroma + lymphocytes,1,54,122,6413,8284,5903,2372,8.402507199728952,False,False,False,True,Invasive cancer + stroma + lymphocytes,0.11007601668445643,0.010313297569668173,6.237546834379406e-05,0.0,0,0,2.3930848752135185,4,38,0.0,0,0,0.006237546834378257,0.0062375468343646885,0.006237546834255759,1.0126171164638187,False,False,False,False
GGCACTCAGCCGACCC-1,4948,2183,ER,CID4290,Invasive cancer + stroma + lymphocytes,1,55,123,6508,8339,4948,2183,6.447049312853678,False,False,False,True,Invasive cancer + stroma + lymphocytes,0.24416646816809356,0.02447494588299179,9.127555284761676e-05,0.0,0,0,3.2572812204394177,4,68,0.0,0,0,0.009127555284761467,0.009127555284760834,0.009127555284761436,2.420111922444895,False,True,False,False
AAACCGGAAATGTTAA-1,9088,3153,ER,CID4290,Invasive cancer + stroma + lymphocytes,1,54,124,6413,8393,9088,3153,9.76012323943662,False,False,False,True,Invasive cancer + stroma + lymphocytes,0.17165878749403546,0.00026115515768882066,6.528878942535983e-05,0.0,0,0,3.114176846484795,4,95,0.0,0,0,0.006528878942536174,0.006528878942542961,0.006528878941266834,0.0065288789425361,False,False,False,False
AGACAGGCATCTCAGC-1,5399,2195,ER,CID4290,Invasive cancer + stroma + lymphocytes,1,55,125,6508,8448,5399,2195,6.24189664752732,False,False,False,True,Invasive cancer + stroma + lymphocytes,0.17581654773801758,0.04398919712865046,9.345314937166101e-05,0.0,0,0,2.8121300651846153,4,53,0.0,0,0,2.9829650985885756,0.009345314937166475,0.009345314937166432,1.3972639844021373,True,False,True,False
GTGGTGATGGTTTGTG-1,6878,2506,ER,CID4290,Invasive cancer + stroma + lymphocytes,1,54,126,6413,8503,6878,2506,7.894736842105263,False,False,False,True,Invasive cancer + stroma + lymphocytes,0.14431152565621916,0.0015413503725770475,9.376937805506969e-05,0.0,0,0,2.6229953724271295,4,49,0.0,0,0,0.0093769378055076,0.009376937805506927,0.009376937805507654,0.12600422384118257,False,False,False,False
CCGATATGACGTAAGG-1,5052,2119,ER,CID4290,Invasive cancer + stroma + lymphocytes,1,55,127,6508,8557,5052,2119,6.730007917656374,False,False,False,True,Invasive cancer + stroma + lymphocytes,0.17154777612557293,0.00915877830655216,9.406865620061261e-05,0.0,0,0,3.0481687508455186,4,48,0.3639088894143154,1,1,0.009406865620061261,0.009406865620061154,0.8876572337950324,0.009406865620061197,False,False,False,False
CAGGCGCACGGTGGTC-1,1123,754,ER,CID4290,Invasive cancer + stroma,1,56,28,6606,3150,1123,754,8.54853072128228,False,False,False,True,Invasive cancer + stroma,0.23665937968220244,0.0002704354127351856,0.029725691268812214,0.0,0,0,3.4762644033549517,4,21,0.0,0,0,0.006101318037159196,0.006101318037163848,0.006101318037158948,0.008739587162036568,False,True,False,False
TCATCGATGGTCCCAA-1,1661,1040,ER,CID4290,Invasive cancer + stroma,1,57,29,6701,3205,1661,1040,5.538832028898255,False,False,False,True,Invasive cancer + stroma,0.22293457475321588,0.0003641302379165942,9.103255954320317e-05,0.0,0,0,2.0669918269459817,2,21,0.0,0,0,0.009103255947859405,0.009103255948081724,0.00910325594785928,0.009103255947859011,False,True,False,True
CAAAGATTATTGGGCC-1,1300,839,ER,CID4290,Invasive cancer + stroma,1,56,30,6606,3260,1300,839,4.769230769230769,False,False,False,True,Invasive cancer + stroma,0.10648296578896686,0.0002469710595437829,6.17427648058746e-05,0.0,0,0,1.239695317374673,2,3,0.0,0,0,0.006174276517457706,0.006174276497194362,0.006174276422266843,0.006174276517459377,False,False,False,False
ACAATGAATACGGAGA-1,2086,1274,ER,CID4290,Invasive cancer + stroma,1,57,31,6701,3314,2086,1274,3.9309683604985617,False,False,False,True,Invasive cancer + stroma,0.11342109595328899,0.027150725600850394,5.817290726036156e-05,0.0,0,0,2.380633094299318,4,10,0.0,0,0,2.697620687906931,0.005817290726036108,0.005817290726035862,0.005817290726036223,False,False,False,False
GCTCCTGACATACTGG-1,1547,988,ER,CID4290,Invasive cancer + stroma,1,56,32,6605,3369,1547,988,2.8442146089204914,False,False,False,True,Invasive cancer + stroma,0.08336969954735879,0.00022660450613048866,5.6651126533851685e-05,0.0,0,0,2.166060218888786,3,8,0.0,0,0,0.005665112653655334,0.005665112652621959,0.005665112653385824,0.00566511265338575,False,False,False,False
GATGACAAGTAGGGCA-1,1858,1154,ER,CID4290,Invasive cancer + stroma,1,57,33,6700,3424,1858,1154,3.8751345532831003,False,False,False,True,Invasive cancer + stroma,0.14908141411225287,0.0130567983922022,8.886121840853551e-05,0.0,0,0,2.559246732017326,4,9,0.0,0,0,0.008886121840852123,0.008886121840851595,0.48451912087964,0.8033884746588763,False,False,False,False
TACGCCGAGGGTACCC-1,1654,1058,ER,CID4290,Invasive cancer + stroma,1,56,34,6605,3478,1654,1058,3.2043530834340994,False,False,False,True,Invasive cancer + stroma,0.1330493503622445,0.0014452545573980105,6.294198103331108e-05,0.0,0,0,2.4897468736607125,3,15,0.0,0,0,0.006294198103669545,0.006294198103669657,0.006294198103669924,0.12564286142879194,False,False,False,False
AAGCGTCCCTCATCGA-1,1297,888,ER,CID4290,Invasive cancer + stroma,1,57,35,6700,3533,1297,888,3.2382420971472627,False,False,False,True,Invasive cancer + stroma,0.1386995468883532,0.04314178660282298,6.17643981090981e-05,0.0,0,0,2.001636240605307,3,7,0.0,0,0,2.6029955571214534,0.006176439810907978,1.698830223539028,0.00617643981090841,True,False,True,False
CACTCCTATGTAAGAT-1,2267,1360,ER,CID4290,Invasive cancer + stroma,1,56,36,6605,3587,2267,1360,3.2642258491398324,False,False,False,True,Invasive cancer + stroma,0.16692393861947846,0.02178901818233171,8.809550331980992e-05,0.28140922642087046,1,1,2.9211640022150633,4,24,0.0,0,0,0.8783259682238629,0.008809550331980802,0.008809550331980068,1.2829567493453473,False,False,False,False
TCGAGCCAGGCAGGCC-1,1561,980,ER,CID4290,Invasive cancer + stroma,1,57,37,6700,3642,1561,980,3.9718129404228057,False,False,False,True,Invasive cancer + stroma,0.13212293611974055,0.020903235575908622,0.031300434719673545,0.0,0,0,1.6126957692295039,2,9,0.0,0,0,0.9505105123049261,0.013112161628394918,1.113307092407547,0.013393791249994099,False,False,False,False
TCGTCAAGTACGCGCA-1,1887,1162,ER,CID4290,Invasive cancer + stroma,1,56,38,6605,3697,1887,1162,3.9215686274509802,False,False,False,True,Invasive cancer + stroma,0.10618867345084967,0.0002463606095915396,6.159015231570096e-05,0.0,0,0,2.814494090352063,4,14,0.0,0,0,0.006159015239789449,0.006159015239785756,0.006159015239789488,0.006159015239789267,False,False,False,False
CCCGTAGCTGGGAAGA-1,1599,1019,ER,CID4290,Invasive cancer + stroma,1,57,39,6700,3751,1599,1019,4.1901188242651655,False,False,False,True,Invasive cancer + stroma,0.08467371926639737,0.00025685153497438754,6.206963193950339e-05,0.0,0,0,2.2228763377756273,3,11,0.0,0,0,0.006206963193709539,0.006206963193709964,0.006206963193708932,0.007064263916310317,False,False,False,False
ACCCTATGCCATATCG-1,2214,1328,ER,CID4290,Invasive cancer + stroma,1,56,40,6605,3806,2214,1328,4.110207768744354,False,False,False,True,Invasive cancer + stroma,0.1314655394092298,0.0003536556102163732,8.84139025534563e-05,0.0,0,0,2.494509963974049,4,14,0.0,0,0,0.008841390255346738,0.0088413902555976,0.008841390255347059,0.008841390255345919,False,False,False,False
GTGGTATAGTCTGCCG-1,1979,1199,ER,CID4290,Invasive cancer + stroma,1,57,41,6700,3860,1979,1199,4.396159676604346,False,False,False,True,Invasive cancer + stroma,0.15506145938336433,0.00023952895247086116,5.988223815858503e-05,0.0,0,0,3.053334027828312,4,17,0.0,0,0,0.005988223814672452,0.0059882238146863045,0.005988223803051152,0.0059882238146762076,False,False,False,False
CCGGTTTGTAATTGTG-1,1603,1007,ER,CID4290,Invasive cancer + stroma,1,56,42,6605,3915,1603,1007,3.4310667498440424,False,False,False,True,Invasive cancer + stroma,0.1465488005461349,0.021620872893817537,6.00800294859923e-05,0.0,0,0,1.6132695289682637,2,8,0.0,0,0,0.00600800294859972,0.006008002948599005,1.5168333980687196,0.6332378854158356,False,False,False,False
GTCGCCGTTGTGTGTT-1,14080,4098,ER,CID4290,Invasive cancer + stroma,1,57,43,6700,3970,14080,4098,3.125,False,False,False,True,Invasive cancer + stroma,0.03657959615326197,0.0019328344668612472,7.087578961384213e-05,0.0,0,0,1.460868001005311,4,23,0.0,0,0,0.007087578961553484,0.007087578959139277,0.007087578961603784,0.17202070980382816,False,False,False,False
TACTGAACAGATTTAG-1,30925,6733,ER,CID4290,Invasive cancer + stroma,1,56,44,6605,4024,30925,6733,2.919967663702506,False,False,False,True,Invasive cancer + stroma,0.08924746663381558,0.014956430539727037,9.205119313603714e-05,0.0,0,0,2.3492135213556917,4,157,0.0,0,0,0.42109190823212483,0.009205119318304325,0.009205119317161031,1.0561409071051135,False,False,False,False
TATTAACCTGACCGCG-1,16819,4667,ER,CID4290,Invasive cancer + stroma,1,57,45,6700,4079,16819,4667,3.6030679588560557,False,False,False,True,Invasive cancer + stroma,0.1439017316196328,0.01271870733508159,8.850087002986606e-05,0.0,0,0,2.6152324252298853,4,119,0.0,0,0,0.00885008700285372,0.08771700309132567,0.00885008700203601,1.1664535564119438,False,False,False,False
CTGTAGCCATCTCACT-1,21882,5245,ER,CID4290,Invasive cancer + stroma,1,56,46,6605,4134,21882,5245,4.752764829540261,False,False,False,True,Invasive cancer + stroma,0.11980381089709004,0.00039213510678654803,9.803377669915053e-05,0.0,0,0,2.6110953704244375,4,131,0.0,0,0,0.009803377668990748,0.00980337767023632,0.009803377669259872,0.009803377670167862,False,False,False,False
TACTATGGTTCCTCAG-1,18745,4868,ER,CID4290,Invasive cancer + stroma,1,57,47,6700,4188,18745,4868,2.9874633235529475,False,False,False,True,Invasive cancer + stroma,0.07586720995539598,0.0516408658785963,0.00010097088772098237,0.0,0,0,1.8903928728371275,4,54,0.0,0,0,0.010097088772368501,0.010097088772436154,0.010097088774819714,5.133795321540005,True,False,True,False
GAGTCAGACCAGAATC-1,7718,3148,ER,CID4290,Invasive cancer + stroma,1,56,48,6605,4243,7718,3148,4.185022026431718,False,False,False,True,Invasive cancer + stroma,0.1309086675036054,0.03139180194356474,9.455433543191733e-05,0.0,0,0,2.5415570266758714,4,44,0.0,0,0,0.1779945548146725,0.009455433543191583,0.7844356557687547,2.1672945502298546,False,False,False,False
TAAGGCATAACATCAA-1,34884,6806,ER,CID4290,Invasive cancer + stroma,1,57,49,6700,4297,34884,6806,4.044834307992202,False,False,False,True,Invasive cancer + stroma,0.21106254894823412,0.025665466654528825,6.443943801466811e-05,0.0,0,0,3.1652034302852874,4,358,0.0,0,0,0.006443943804993356,0.5871409249418812,0.006443943803866827,1.9665178529021412,False,True,False,False
CTTCCGCTCCGTGAAG-1,10195,3241,ER,CID4290,Invasive cancer + stroma,1,56,50,6605,4352,10195,3241,4.423737126042178,False,False,False,True,Invasive cancer + stroma,0.06976618613736496,0.03834012105434112,0.00010015352772216182,0.0,0,0,1.9296160081087392,4,28,0.0,0,0,2.599934766944904,0.3666384500996044,0.010015352769931792,0.8574235356196716,True,False,True,False
GGGCTATGATCGATGG-1,26798,5605,ER,CID4290,Invasive cancer + stroma,1,57,51,6700,4407,26798,5605,3.787596089260393,False,False,False,True,Invasive cancer + stroma,0.0734406753150617,0.004446755829485218,9.611644683728771e-05,0.0,0,0,2.1691392253193116,4,103,0.0,0,0,0.4158406488993921,0.009611644681773387,0.0096116446821654,0.009611644685190854,False,False,False,False
GGTCGGTCGTCCACAG-1,4249,2077,ER,CID4290,Invasive cancer + stroma,1,56,52,6605,4461,4249,2077,3.365497764179807,False,False,False,True,Invasive cancer + stroma,0.1578239545926886,0.0079544184035257,9.172782629792797e-05,0.0,0,0,2.9364085068571555,4,50,0.0,0,0,0.00917278262979268,0.00917278262979307,0.7679234924631916,0.009172782629792745,False,False,False,False
GGGACCCGTATATCTT-1,27650,5760,ER,CID4290,Invasive cancer + stroma,1,57,53,6700,4516,27650,5760,3.5443037974683547,False,False,False,True,Invasive cancer + stroma,0.0610947019043809,0.0034162229054385236,0.00010133095222007634,0.0,0,0,1.7338853483098078,4,66,0.0,0,0,0.010133095223924414,0.31122300487009463,0.010133095225908937,0.010133095223924403,False,False,False,False
GAAAGCAGTGCACTTT-1,8459,3394,ER,CID4290,Invasive cancer + stroma,1,56,54,6605,4570,8459,3394,3.0972928242108995,False,False,False,True,Invasive cancer + stroma,0.2287771947378242,0.016125041468463792,6.19254236895297e-05,0.1300535155174309,1,1,3.589647025232837,4,199,0.0,0,0,1.030647101822333,0.006192542368953009,0.56947196028614,0.00619254236895294,False,True,False,False
AGCGCATAATGAATCG-1,12047,4037,ER,CID4290,Invasive cancer + stroma,1,57,55,6700,4625,12047,4037,3.585955009545945,False,False,False,True,Invasive cancer + stroma,0.12060955690684609,0.002787640414333204,8.862917896809698e-05,0.0,0,0,2.203589436282175,4,73,0.0,0,0,0.008862917896908967,0.008862917896874448,0.008862917896900394,0.2521752877426366,False,False,False,False
GCTGCTAAGTAGTCGA-1,12925,3969,ER,CID4290,Invasive cancer + stroma,1,56,56,6605,4680,12925,3969,6.328820116054159,False,False,False,True,Invasive cancer + stroma,0.05813640789126934,0.009343345714335776,6.538118657637587e-05,0.0,0,0,1.9818525581490092,4,38,0.0,0,0,0.006538118657346945,0.6363924409875573,0.006538118655476808,0.2848658931331965,False,False,False,False
AATAGTCCGTCCCGAC-1,21627,4991,ER,CID4290,Invasive cancer + stroma,1,57,57,6700,4734,21627,4991,4.7301983631571645,False,False,False,True,Invasive cancer + stroma,0.06767982216877261,0.00027450267460059645,6.862566866021368e-05,0.0,0,0,2.140609387590719,4,86,0.0,0,0,0.0068625668644903826,0.006862566862366708,0.006862566868713022,0.0068625668644895325,False,False,False,False
AGCAGCCAGATGAATA-1,9978,3355,ER,CID4290,Invasive cancer + stroma,1,56,58,6605,4789,9978,3355,4.83062738023652,False,False,False,True,Invasive cancer + stroma,0.049535829298969596,0.0002617976375229734,6.544940938079486e-05,0.0,0,0,1.5450666320754922,4,19,0.0,0,0,0.006544940937759205,0.006544940937759205,0.006544940939019683,0.006544940937759249,False,False,False,False
CCTCGCGCTGTGCGAT-1,4944,2181,ER,CID4290,Invasive cancer + stroma,1,57,59,6700,4844,4944,2181,3.7216828478964405,False,False,False,True,Invasive cancer + stroma,0.09563786409523614,0.014086010542679057,6.190644745207419e-05,0.0,0,0,2.07937734294295,3,26,0.0,0,0,0.006190644745208125,0.006190644745207489,0.006190644745329187,1.3900291200321608,False,False,False,False
TTGTGTATGCCACCAA-1,20014,4854,ER,CID4290,Invasive cancer + stroma,1,56,60,6605,4898,20014,4854,4.491855701009293,False,False,False,True,Invasive cancer + stroma,0.036101869015207025,0.0005016870934953617,0.004049054270782885,0.0,0,0,1.4786987439911266,4,32,0.0,0,0,0.006941499186521071,0.02934421179107279,0.006941499184594848,0.006941499187347465,False,False,False,False
TGCTCGGCGAAACCCA-1,23011,5370,ER,CID4290,Invasive cancer + stroma,1,57,61,6700,4953,23011,5370,3.680848289948285,False,False,False,True,Invasive cancer + stroma,0.03421296144612482,0.004700942909128249,6.95945826712907e-05,0.0,0,0,1.5352023428827561,4,42,0.0,0,0,0.4390252824154259,0.006959458272849126,0.0069594582700530025,0.017150091954496877,False,False,False,False
CGATTAAATATCTCCT-1,1962,1259,ER,CID4290,Invasive cancer + stroma,1,56,62,6605,5007,1962,1259,3.5168195718654434,False,False,False,True,Invasive cancer + stroma,0.12841893347837574,0.00023863291538894576,5.8455485937998616e-05,0.0,0,0,2.5861616121995095,4,13,0.0,0,0,0.005845548657148806,0.00584554865715572,0.005845548714781729,0.006326645509808321,False,False,False,False
TGCCGTGGATCGTCCT-1,1985,1212,ER,CID4290,Invasive cancer + stroma,1,57,63,6700,5062,1985,1212,2.871536523929471,False,False,False,True,Invasive cancer + stroma,0.13026176598606062,0.003922090479676776,9.409167553469245e-05,0.0,0,0,1.9497130874338002,4,5,0.0,0,0,0.009409167553479912,0.36398154530724103,0.009409167553478323,0.009409167553478303,False,False,False,False
GTGGACGCATTTGTCC-1,1751,1129,ER,CID4290,Invasive cancer + stroma,1,56,64,6605,5117,1751,1129,2.912621359223301,False,False,False,True,Invasive cancer + stroma,0.1495169492753203,0.00035142513039891925,0.024362230637343697,0.0,0,0,1.7400196916456276,2,13,0.6345837633493631,1,1,0.008785628259973024,0.008785628259972854,0.008785628259972894,0.008785628259973154,False,False,False,False
ACCCGGAAACTCCCAG-1,6148,2628,ER,CID4290,Invasive cancer + stroma,1,57,65,6700,5171,6148,2628,6.262199089134677,False,False,False,True,Invasive cancer + stroma,0.056330960840718786,0.00023376511340528233,5.844127835162783e-05,0.0,0,0,1.9526030206608063,4,21,0.0,0,0,0.00584412783513202,0.0058441278351321815,0.00584412783513201,0.00584412783513202,False,False,False,False
CCGCATGTGGTACGAT-1,5541,2450,ER,CID4290,Invasive cancer + stroma,1,56,66,6604,5226,5541,2450,4.078686157733261,False,False,False,True,Invasive cancer + stroma,0.03386671460355748,0.03417561087395127,6.363170823291666e-05,0.0,0,0,1.5068908512697365,4,9,0.0,0,0,0.006363170823291771,0.006363170823291718,0.006363170823291791,3.398471574925251,True,False,True,False
GCAAACCTTGGCCATA-1,950,665,ER,CID4290,Invasive cancer + stroma,1,57,67,6699,5281,950,665,5.157894736842105,False,False,False,True,Invasive cancer + stroma,0.11176043026503438,0.04982583794664525,6.391695849194136e-05,0.0,0,0,1.6442745585684633,2,5,0.0,0,0,0.0063916958491939185,0.006391695849194408,0.006391695849193628,4.963408707116943,True,False,True,False
ATTCACTGATGTTGGA-1,5421,2431,ER,CID4290,Invasive cancer + stroma,1,56,68,6604,5335,5421,2431,3.910717579782328,False,False,False,True,Invasive cancer + stroma,0.0784672649782657,0.009098575474668717,5.8050682104612235e-05,0.0,0,0,1.888677365391348,3,23,0.0,0,0,0.8918963942011625,0.005805068210460495,0.005805068210460713,0.0063510168447880365,False,False,False,False
TCCTAAATTGGGAAGC-1,2360,1288,ER,CID4290,Invasive cancer + stroma,1,56,70,6604,5444,2360,1288,5.127118644067796,False,False,False,True,Invasive cancer + stroma,0.08464405856675969,0.042194437541081785,5.9340534584042666e-05,0.0,0,0,2.449234940136559,4,12,0.0,0,0,1.1257708162414983,0.0059340534584020055,0.005934053458403861,3.0818048309498742,True,False,True,False
GAACAGATTACTAAAT-1,10986,3921,ER,CID4290,Invasive cancer + stroma,1,57,71,6699,5499,10986,3921,4.032404878936829,False,False,False,True,Invasive cancer + stroma,0.058754497719822135,0.010343838187782785,5.8899070574424126e-05,0.0,0,0,1.8791717367032632,4,32,0.0,0,0,0.00588990705734316,0.0058899070573429965,0.0058899070569686665,1.0167140976066236,False,False,False,False
ATACAGGCCCTCCAAT-1,2227,1282,ER,CID4290,Invasive cancer + stroma,1,56,72,6604,5554,2227,1282,3.5024696901661425,False,False,False,True,Invasive cancer + stroma,0.0896693645549432,0.00022950915363282204,5.7377288373573836e-05,0.0,0,0,2.0463653137577733,3,10,0.0,0,0,0.0057377288408207265,0.005737728840819811,0.005737728840820765,0.005737728840820904,False,False,False,False
CGATTCGCCTGGCTGC-1,5233,2361,ER,CID4290,Invasive cancer + stroma,1,57,73,6699,5608,5233,2361,3.267724058857252,False,False,False,True,Invasive cancer + stroma,0.08024166756280253,0.0002442768648391084,6.106921620979941e-05,0.0,0,0,2.463431339501531,4,26,0.0,0,0,0.00610692162097824,0.00610692162097608,0.00610692162097827,0.006106921620978249,False,False,False,False
TCCGCCTGTCTACAAG-1,2459,1361,ER,CID4290,Invasive cancer + stroma,1,56,74,6604,5663,2459,1361,3.822692151281008,False,False,False,True,Invasive cancer + stroma,0.11673153524879736,0.00024183018609417778,6.0457546444272915e-05,0.0,0,0,2.1730173049747563,4,10,0.0,0,0,0.006045754653489462,0.006045754654797384,0.0060457546476373235,0.006045754653493609,False,False,False,False
CACATCTCACCGACGA-1,7153,2715,ER,CID4290,Invasive cancer + stroma,1,57,75,6699,5717,7153,2715,4.515587865231371,False,False,False,True,Invasive cancer + stroma,0.09206664017858411,0.0002478509208871557,6.19627302217757e-05,0.0,0,0,2.388017442834022,4,40,0.0,0,0,0.006196273022179255,0.006196273022178832,0.006196273022178812,0.006196273022178671,False,False,False,False
CGTCGTCCTTCGCGAA-1,3112,1599,ER,CID4290,Invasive cancer + stroma,1,56,76,6604,5772,3112,1599,3.470437017994859,False,False,False,True,Invasive cancer + stroma,0.11720036649356334,0.022646620919222597,5.6368738314974316e-05,0.0,0,0,2.7211706734810486,4,22,0.0,0,0,1.660807176321608,0.005636873831498561,0.005636873831497946,0.5925811679376551,False,False,False,False
CGTTGAATACCGCGCT-1,13518,4110,ER,CID4290,Invasive cancer + stroma,1,57,77,6699,5827,13518,4110,2.544755141293091,False,False,False,True,Invasive cancer + stroma,0.08538927409897344,0.0002528041497703832,6.320103744972334e-05,0.0,0,0,2.378299471831001,4,63,0.0,0,0,0.006320103744841729,0.0063201037440866565,0.006320103743267981,0.006320103744841955,False,False,False,False
ACCAATATGCAAGTTA-1,15905,4327,ER,CID4290,Invasive cancer + stroma,1,56,78,6604,5881,15905,4327,5.24992140836215,False,False,False,True,Invasive cancer + stroma,0.08717648503717636,0.010877106604658392,6.236127176699345e-05,0.0,0,0,2.4436577572624754,4,98,0.0,0,0,0.7135982699923367,0.3616401361189743,0.006236127177383831,0.006236127177144398,False,False,False,False
ACGGATGGTGCGGATA-1,18553,4729,ER,CID4290,Invasive cancer + stroma,1,57,79,6699,5936,18553,4729,3.260928151781383,False,False,False,True,Invasive cancer + stroma,0.04223187399625084,0.006330427654010644,9.674262592263184e-05,0.0,0,0,1.6352535727558155,4,34,0.0,0,0,0.3971939423511441,0.21650029786496106,0.009674262591918918,0.009674262593040214,False,False,False,False
CACCCTAACAAGATCT-1,18189,4826,ER,CID4290,Invasive cancer + stroma,1,56,80,6604,5990,18189,4826,3.485623178844356,False,False,False,True,Invasive cancer + stroma,0.12233193057234892,0.00026184592444502067,6.546148109937146e-05,0.0,0,0,2.5370115369432127,4,114,0.0,0,0,0.006546148109137844,0.006546148114562891,0.006546148111663476,0.006546148109137854,False,False,False,False
AAGCTCTTTCATGGTG-1,4024,1822,ER,CID4290,Invasive cancer + stroma,1,57,81,6699,6045,4024,1822,4.572564612326044,False,False,False,True,Invasive cancer + stroma,0.11263347056097701,0.009653255856890497,9.076872391903178e-05,0.20808228580358254,1,1,2.253751836804547,3,25,0.0,0,0,0.13390760099339669,0.009076872391902826,0.009076872391902578,0.8132642399118477,False,False,False,False
CATGGGTATGCCTTAT-1,24859,5535,ER,CID4290,Invasive cancer + stroma,1,56,82,6604,6100,24859,5535,3.0733336015125308,False,False,False,True,Invasive cancer + stroma,0.04162140802414247,0.0006993657809731242,6.877867040794118e-05,0.0,0,0,1.0872689096316186,4,24,0.0,0,0,0.006877867041043029,0.006877867044514623,0.049302976970510906,0.006877867041243856,False,False,False,False
GCGCGTCATTGGTACA-1,7752,2949,ER,CID4290,Invasive cancer + stroma,1,57,83,6699,6154,7752,2949,5.314757481940145,False,False,False,True,Invasive cancer + stroma,0.09074609529374882,0.00023764208006309985,5.941052001763165e-05,0.0,0,0,2.2249118676632214,4,36,0.0,0,0,0.005941052001545419,0.005941052001673642,0.005941052001545467,0.005941052001545458,False,False,False,False
TCTGAAGCACGTGGTC-1,13079,3781,ER,CID4290,Invasive cancer + stroma,1,56,84,6604,6209,13079,3781,5.726737518158881,False,False,False,True,Invasive cancer + stroma,0.05958356327056095,0.0066059408804801005,6.670469976123587e-05,0.0,0,0,1.8879115344210955,4,36,0.0,0,0,0.0066704699761325195,0.006670469976159025,0.49952100633466995,0.14773214176104854,False,False,False,False
AAGTTCACTCCAAGCT-1,2135,1327,ER,CID4290,Invasive cancer + stroma,1,57,85,6699,6264,2135,1327,2.060889929742389,False,False,False,True,Invasive cancer + stroma,0.13844687064458228,0.00816385754934728,6.43879433740762e-05,0.28960453208299614,1,1,1.9860373582309863,3,13,0.0,0,0,0.006438794337399416,0.006438794337398105,0.7970693719225307,0.006438794337399721,False,False,False,False
TTGGACCTATAACAGT-1,4715,2262,ER,CID4290,Invasive cancer + stroma,1,56,86,6604,6318,4715,2262,4.029692470837752,False,False,False,True,Invasive cancer + stroma,0.10018984691422257,0.0001631955303844823,4.0798882596798406e-05,0.0,0,0,2.4780473495619293,4,29,0.0,0,0,0.004079888259612383,0.004079888259610996,0.004079888259612544,0.004079888259612307,False,False,False,False
ATCAGCCTCATGCTGC-1,23857,5383,ER,CID4290,Invasive cancer + stroma,1,57,87,6699,6373,23857,5383,4.8245797879029215,False,False,False,True,Invasive cancer + stroma,0.0993595765877401,0.0009481720341354849,6.354971801425397e-05,0.058344682890345334,1,1,2.526019081465714,4,142,0.0,0,0,0.07575228799211879,0.006354971808879482,0.006354971807535372,0.006354971805014843,False,False,False,False
AGTACTCTTATGCCCA-1,6828,2626,ER,CID4290,Invasive cancer + stroma,1,56,88,6604,6427,6828,2626,3.9689513766842413,False,False,False,True,Invasive cancer + stroma,0.07804048954506257,0.002859882644636961,6.05590635926024e-05,0.0,0,0,2.018187606873533,3,33,0.0,0,0,0.006055906359259954,0.006055906359260309,0.006055906359260299,0.2678205453859155,False,False,False,False
GCGCTTAAATAATTGG-1,12515,3993,ER,CID4290,Invasive cancer + stroma,1,57,89,6699,6482,12515,3993,4.682381142628846,False,False,False,True,Invasive cancer + stroma,0.10044298533002947,0.018874396692584294,6.324566452738586e-05,0.15912893273956294,1,2,2.694807501337911,4,81,0.0,0,0,1.2182514505460718,0.006324566452576203,0.0063245664520405085,0.6565390858077408,False,False,False,False
TTGTGAACCTAATCCG-1,5775,2483,ER,CID4290,Invasive cancer + stroma,1,56,90,6604,6537,5775,2483,4.484848484848484,False,False,False,True,Invasive cancer + stroma,0.10555294435693291,0.009808194529040793,5.954309035612939e-05,0.0,0,0,2.457733934673308,4,32,0.0,0,0,0.005954309035658066,0.00595430903565733,0.5671930556542941,0.4017177791784698,False,False,False,False
AGTCGTCGACCACCAA-1,22849,5445,ER,CID4290,Invasive cancer + stroma,1,57,91,6699,6591,22849,5445,8.779377653288984,False,False,False,True,Invasive cancer + stroma,0.05131505363343579,0.0020978653155437833,0.0015137610553246077,0.0,0,0,1.7549495147585659,4,57,0.0,0,0,0.009244062721252055,0.009244062723587968,0.18205434338828627,0.009244062721252045,False,False,False,False
TCCTTTAAATCCGCTT-1,12832,4208,ER,CID4290,Invasive cancer + stroma,1,56,92,6604,6646,12832,4208,4.7225685785536164,False,False,False,True,Invasive cancer + stroma,0.04578819078969456,0.008831574443060212,6.233918484849851e-05,0.0,0,0,1.8550427281385495,4,33,0.0,0,0,0.12340864673544677,0.7472809605996263,0.006233918486497996,0.006233918484450194,False,False,False,False
ACTGAAACGCCGTTAG-1,14534,4310,ER,CID4290,Invasive cancer + stroma,1,57,93,6699,6701,14534,4310,6.440071556350627,False,False,False,True,Invasive cancer + stroma,0.05069568648675533,0.004213101836963364,6.302412462139614e-05,0.0,0,0,1.8644037285351878,4,42,0.0,0,0,0.006302412461962224,0.00630241246199388,0.00630241246033348,0.4024029463120468,False,False,False,False
GCACACACTGGTAGCC-1,3765,1975,ER,CID4290,Invasive cancer + stroma,1,56,94,6604,6755,3765,1975,5.763612217795485,False,False,False,True,Invasive cancer + stroma,0.14429853375147955,0.031656899616728754,9.14613843098802e-05,0.0,0,0,2.801031978896091,4,28,0.0,0,0,1.8572390916442816,0.009146138430987936,0.00914613843098831,1.2901585931666177,False,False,False,False
TAAGGGCCTGTCCGAT-1,13776,4241,ER,CID4290,Invasive cancer + stroma,1,57,95,6699,6810,13776,4241,5.393437862950059,False,False,False,True,Invasive cancer + stroma,0.06725525084075924,0.0002526699250891282,6.31674812739964e-05,0.0,0,0,2.0297865956866574,4,45,0.0,0,0,0.006316748127519227,0.006316748127602813,0.0063167481262713385,0.006316748127519443,False,False,False,False
GCTAGAGTAGAGATGT-1,4483,2137,ER,CID4290,Invasive cancer + stroma,1,56,96,6604,6864,4483,2137,5.777381217934419,False,False,False,True,Invasive cancer + stroma,0.09136019791256256,0.015120231756609787,5.845107612111826e-05,0.0,0,0,2.335003360554692,4,21,0.0,0,0,0.005845107612111626,0.005845107612110968,1.4944878528246444,0.00584510761211176,False,False,False,False
CACAGGGCCATATAGT-1,8395,3184,ER,CID4290,Invasive cancer + stroma,1,57,97,6699,6919,8395,3184,4.6098868374032165,False,False,False,True,Invasive cancer + stroma,0.09555935767687791,0.0036713816790535773,5.911103325087429e-05,0.13074043300453891,1,1,2.5071106519593824,4,45,0.0,0,0,0.0059111033250875454,0.005911103325087988,0.005911103324441547,0.3494048579307406,False,False,False,False
CCATGCCCTAGATTTC-1,2041,1184,ER,CID4290,Invasive cancer + stroma,1,56,98,6604,6974,2041,1184,3.821656050955414,False,False,False,True,Invasive cancer + stroma,0.12146979789204916,0.00024044656543840433,6.011164129096759e-05,0.0,0,0,2.307690105027753,3,13,0.0,0,0,0.006011164136002725,0.006011164135833218,0.006011164136002069,0.006011164136002422,False,False,False,False
GACGAGGCTAATAAAC-1,3489,1771,ER,CID4290,Invasive cancer + stroma,1,56,100,6603,7083,3489,1771,5.417024935511608,False,False,False,True,Invasive cancer + stroma,0.11761242531213759,0.0002386128927954422,5.96532227676747e-05,0.0,0,0,2.6379652957028727,4,22,0.0,0,0,0.005965322346293996,0.005965322346294395,0.005965322240661782,0.005965322346294045,False,False,False,False
AGGCACGTGACTGTCC-1,11746,3879,ER,CID4290,Invasive cancer + stroma + lymphocytes,1,57,115,6698,7902,11746,3879,9.032862250979058,False,False,False,True,Invasive cancer + stroma + lymphocytes,0.23045083172064804,0.013144192826880636,6.384092529670524e-05,0.10265284591253832,1,1,3.185826498024489,4,153,0.0,0,0,1.295267005099292,0.006384092529573334,0.006384092529625372,0.006384092529572982,False,True,False,False
ACTTTGTCGACGCACT-1,6961,2784,ER,CID4290,Invasive cancer + stroma + lymphocytes,1,56,120,6603,8175,6961,2784,7.599482832926303,False,False,False,True,Invasive cancer + stroma + lymphocytes,0.14088630036404912,0.003878890515215602,0.0015522806543722296,0.0,0,0,2.5353283674862634,4,60,0.0,0,0,0.00907291385442645,0.009072913854426481,0.3606703099582808,0.009072913854426398,False,False,False,False
GAGTATCAAAGTTACA-1,14148,4224,ER,CID4290,Invasive cancer + stroma + lymphocytes,1,57,121,6698,8230,14148,4224,7.958722080859486,False,False,False,True,Invasive cancer + stroma + lymphocytes,0.13627621548409136,0.008718570467488721,9.656410221435558e-05,0.0,0,0,2.4491364439180034,4,78,0.0,0,0,0.009656410223212997,0.842887816077657,0.009656410224788735,0.00965641022321336,False,False,False,False
CCAGGCTGGCGTCTGA-1,12443,3741,ER,CID4290,Invasive cancer + stroma + lymphocytes,1,56,122,6603,8284,12443,3741,8.358112995258377,False,False,False,True,Invasive cancer + stroma + lymphocytes,0.11293192428767719,0.030395762001065484,6.588173239030174e-05,0.0,0,0,2.548689883112213,4,73,0.0,0,0,0.006588173238881116,0.006588173238881063,0.006588173239491486,3.019811680389295,False,False,False,False
GGACTCTTCCGGTTGA-1,8849,3004,ER,CID4290,Invasive cancer + stroma + lymphocytes,1,57,123,6698,8339,8849,3004,8.046106904734998,False,False,False,True,Invasive cancer + stroma + lymphocytes,0.14828500036142794,0.02071079550760464,9.461454209201379e-05,0.0,0,0,2.7099633253969913,4,69,0.0,0,0,0.009461454209216874,0.009461454209216702,0.009461454206523131,2.0426951881355073,False,False,False,False
TCCCAGCACACGACAT-1,5786,2432,ER,CID4290,Invasive cancer + stroma + lymphocytes,1,56,124,6603,8394,5786,2432,5.23677843069478,False,False,False,True,Invasive cancer + stroma + lymphocytes,0.1869111069107356,0.008194615483125178,6.149185145529932e-05,0.0,0,0,2.7756606264214887,4,68,0.0,0,0,0.8010139928759276,0.006149185145530172,0.006149185145529932,0.006149185145529982,False,False,False,False
GCTCCATGAGTGCAGA-1,13367,3661,ER,CID4290,Invasive cancer + stroma + lymphocytes,1,57,125,6698,8448,13367,3661,6.83025360963567,False,False,False,True,Invasive cancer + stroma + lymphocytes,0.09776028854750657,0.001093323866730171,6.828411881442058e-05,0.0,0,0,2.2356459816000624,4,61,0.0,0,0,0.0888471510199372,0.0068284118864220455,0.006828411883579225,0.00682841188307861,False,False,False,False
GCAGTGCGGGCGGATG-1,14405,3833,ER,CID4290,Invasive cancer + stroma + lymphocytes,1,56,126,6603,8503,14405,3833,6.317250954529677,False,False,False,True,Invasive cancer + stroma + lymphocytes,0.125631521796836,0.00024564906454855283,6.141226619946644e-05,0.0,0,0,2.9522723408398885,4,130,0.0,0,0,0.006141226620330254,0.006141226619691235,0.006141226594504883,0.006141226620328912,False,False,False,False
GCGTTCTGACTAAGCG-1,10141,3162,ER,CID4290,Invasive cancer + stroma + lymphocytes,1,57,127,6698,8557,10141,3162,7.0308648062321275,False,False,False,True,Invasive cancer + stroma + lymphocytes,0.11767641332884055,0.010737863618065372,0.0049806105442218715,0.11436182097681415,1,1,2.4565430341752417,4,58,0.0,0,0,1.0447502788818868,0.009678694308290546,0.009678694308068855,0.009678694308291188,False,False,False,False
GCGCAAATATATTCAA-1,2138,1236,ER,CID4290,Invasive cancer + stroma,1,58,28,6796,3151,2138,1236,9.30776426566885,False,False,False,True,Invasive cancer + stroma,0.2038364355729854,0.015281458753785053,9.11816780001895e-05,0.0,0,0,3.0424786541204436,4,24,0.0,0,0,0.009118167800018617,0.009118167800019,0.009118167800018855,1.500791371978449,False,True,False,False
GAAGAAACGATATTGT-1,3607,1822,ER,CID4290,Invasive cancer + stroma,1,59,29,6891,3205,3607,1822,8.317161075686167,False,False,False,True,Invasive cancer + stroma,0.11265102936379347,0.03279401261302196,0.0001411985663527584,0.0,0,0,2.404024422200557,4,19,0.0,0,0,0.01411985663527584,0.01411985663527584,0.01411985663527584,3.237041691396368,True,False,True,False
GGACCTCTAGGCCGCC-1,1567,1019,ER,CID4290,Invasive cancer + stroma,1,58,30,6796,3260,1567,1019,3.89278876834716,False,False,False,True,Invasive cancer + stroma,0.15498190574302928,0.00024419362884182646,6.011091856687281e-05,0.0,0,0,2.274651995822791,3,12,0.0,0,0,0.006011091875819833,0.006011091875806895,0.006011091921642292,0.006386087210913628,False,False,False,False
AACAGCTGTGTGGCAA-1,1748,1082,ER,CID4290,Invasive cancer + stroma,1,59,31,6891,3314,1748,1082,5.148741418764303,False,False,False,True,Invasive cancer + stroma,0.16877385575217863,0.0002504157757647509,6.260394397750558e-05,0.0,0,0,3.1373963985545297,4,17,0.0,0,0,0.006260394397223065,0.006260394398379712,0.006260394383649382,0.006260394397222932,False,False,False,False
TCGAATATCCCGCAGG-1,1568,1041,ER,CID4290,Invasive cancer + stroma,1,58,32,6796,3369,1568,1041,2.74234693877551,False,False,False,True,Invasive cancer + stroma,0.10462006544115686,0.000247777746296834,6.194443654647329e-05,0.0,0,0,2.290470869937021,3,12,0.0,0,0,0.006194443655178922,0.006194443655338764,0.006194443663987244,0.006194443655178469,False,False,False,False
GCGACCCAACCATCTG-1,2117,1307,ER,CID4290,Invasive cancer + stroma,1,59,33,6891,3424,2117,1307,4.393008974964572,False,False,False,True,Invasive cancer + stroma,0.10200541373988681,0.04243317802639799,9.001969663454814e-05,0.2907682388494429,1,1,2.135072304477058,3,11,0.0,0,0,0.009001969663456077,0.2759989938509541,0.3422174358996774,3.6160994032257117,True,False,False,False
AGAGAAGGAGTACAAT-1,1546,1014,ER,CID4290,Invasive cancer + stroma,1,58,34,6795,3478,1546,1014,4.463130659767141,False,False,False,True,Invasive cancer + stroma,0.08802496777509643,0.023733090055187648,5.8575411158286956e-05,0.3351113510789186,1,1,1.9152407971700836,3,6,0.0,0,0,2.355736382216967,0.0058575411158291344,0.0058575410701396735,0.005857541115829354,False,False,False,False
GGCTCCTCCACCTGTT-1,1777,1157,ER,CID4290,Invasive cancer + stroma,1,59,35,6890,3533,1777,1157,3.714124929656725,False,False,False,True,Invasive cancer + stroma,0.16019279907530393,0.010193414486502747,9.238544587956495e-05,0.0,0,0,1.6860097430224308,2,10,0.0,0,0,0.009238544587957137,0.009238544588804036,0.009238544587956537,0.9916258148855571,False,False,False,False
TCAGTGTATACGTCAT-1,1705,1065,ER,CID4290,Invasive cancer + stroma,1,58,36,6795,3587,1705,1065,6.099706744868035,False,False,False,True,Invasive cancer + stroma,0.12289108244323085,0.0010884953346268448,9.358595726065782e-05,0.0,0,0,2.011604047895501,3,8,0.0,0,0,0.009358595726790368,0.00935859572615233,0.009358595714694343,0.08077374629504742,False,False,False,False
ATTATTATGTCCGTCA-1,1456,958,ER,CID4290,Invasive cancer + stroma,1,59,37,6890,3642,1456,958,5.425824175824176,False,False,False,True,Invasive cancer + stroma,0.13971831593871428,0.005404517092547556,9.014986745821486e-05,0.0,0,0,2.862752846324786,4,11,0.0,0,0,0.009014986750372026,0.00901498675033926,0.009014986750372623,0.5134067490036717,False,False,False,False
TTAGGTCATAACCGAC-1,2054,1272,ER,CID4290,Invasive cancer + stroma,1,58,38,6795,3697,2054,1272,4.381694255111976,False,False,False,True,Invasive cancer + stroma,0.1098964087865335,0.08545607957285367,6.147524406526861e-05,0.0,0,0,1.8878820463982384,3,9,0.0,0,0,8.523695245660203,0.00614752440652656,0.006147524406526019,0.009617662812111698,True,False,True,False
AAGATGGCACCGGACC-1,2880,1601,ER,CID4290,Invasive cancer + stroma,1,59,39,6890,3751,2880,1601,4.618055555555555,False,False,False,True,Invasive cancer + stroma,0.14775353697505944,0.014589814508438164,9.012402148583729e-05,0.0,0,0,2.8155376610403597,4,26,0.0,0,0,0.009012402148583237,1.4319442443980663,0.009012402148583596,0.009012402148583266,False,False,False,False
CTACAAGAAATAACCC-1,2790,1524,ER,CID4290,Invasive cancer + stroma,1,58,40,6795,3806,2790,1524,4.659498207885305,False,False,False,True,Invasive cancer + stroma,0.13447468491660033,0.03922208507546127,5.830191967628015e-05,0.0,0,0,2.688134570402366,4,20,0.0,0,0,3.904717931643246,0.005830191967627635,0.005830191967626724,0.005830191967626809,True,False,True,False
ACTATTTCCGGGCCCA-1,6596,2712,ER,CID4290,Invasive cancer + stroma,1,59,41,6890,3861,6596,2712,6.003638568829594,False,False,False,True,Invasive cancer + stroma,0.06929765188833645,0.009416653214528982,6.343916618636461e-05,0.15378304962887815,1,1,1.8380217442132962,3,24,0.0,0,0,0.006343916618501879,0.164361106621764,0.006343916618502127,0.7646163815941303,False,False,False,False
TTGTTTCACATCCAGG-1,2343,1375,ER,CID4290,Invasive cancer + stroma,1,58,42,6795,3915,2343,1375,4.1826717883055915,False,False,False,True,Invasive cancer + stroma,0.14213345773143307,0.022302539735680638,6.053471792579613e-05,0.0,0,0,2.7200963488788954,4,16,0.0,0,0,1.2669188055283473,0.0060534717925787955,0.006053471792578045,0.9512282244545596,False,False,False,False
CGCTGTGTGGATGTTG-1,11478,3495,ER,CID4290,Invasive cancer + stroma,1,59,43,6890,3970,11478,3495,4.643666143927513,False,False,False,True,Invasive cancer + stroma,0.0716586678999766,0.0087195177331657,6.564061432374461e-05,0.0,0,0,2.5653283817691044,4,61,0.0,0,0,0.006564061433316818,0.006564061433317021,0.0065640614340632215,0.8522595890158728,False,False,False,False
TCAACATAGCGCCCTA-1,13121,4012,ER,CID4290,Invasive cancer + stroma,1,58,44,6795,4024,13121,4012,5.959911592104261,False,False,False,True,Invasive cancer + stroma,0.1559737846203709,0.015428954373464006,9.0200141240794e-05,0.09442121589006454,1,1,3.039872155930231,4,120,0.0,0,0,0.009020014124403357,0.009020014124403347,0.0625945389567509,1.462260870140843,False,False,False,False
GGCCGTTTGGGTTTCA-1,13461,3582,ER,CID4290,Invasive cancer + stroma,1,59,45,6890,4079,13461,3582,4.687616076071614,False,False,False,True,Invasive cancer + stroma,0.09634228909107075,0.005161551951603014,0.00010453375554072606,0.0,0,0,2.50139552873174,4,72,0.0,0,0,0.010453375553981525,0.4847950684972552,0.01045337555508291,0.01045337555398174,False,False,False,False
TACTCTTTCGTCTTCA-1,23921,5251,ER,CID4290,Invasive cancer + stroma,1,58,46,6795,4134,23921,5251,3.06007273943397,False,False,False,True,Invasive cancer + stroma,0.060704630099943244,0.00874303228550916,0.0027183295749857884,0.0,0,0,1.9932575395783363,4,70,0.0,0,0,0.010567921658616105,0.8425994635683522,0.010567921665331399,0.010567921658616117,False,False,False,False
TTCGCGCGCCATACGA-1,44219,7092,ER,CID4290,Invasive cancer + stroma,1,59,47,6890,4188,44219,7092,3.3017481173251317,False,False,False,True,Invasive cancer + stroma,0.04524472327899595,0.013496304201470332,0.00010762706505787711,0.0,0,0,1.7763020343083555,4,99,0.0,0,0,0.8400680308985896,0.19134088328589718,0.3074587994602053,0.010762706502341205,False,False,False,False
CGGAAAGAATCAAACG-1,32399,6477,ER,CID4290,Invasive cancer + stroma,1,58,48,6795,4243,32399,6477,3.5186271181209294,False,False,False,True,Invasive cancer + stroma,0.05746284316849035,0.0030093355815623297,9.743946825434807e-05,0.0,0,0,1.8451846209503766,4,94,0.0,0,0,0.009743946831002206,0.2502341947902943,0.009743946827721069,0.031211469707215365,False,False,False,False
AGGCAGGGAGCGTACT-1,15963,4817,ER,CID4290,Invasive cancer + stroma,1,59,49,6890,4298,15963,4817,3.0132180667794275,False,False,False,True,Invasive cancer + stroma,0.15832244325767583,0.007220974773718676,6.398827315594872e-05,0.0,0,0,2.7587901969726536,4,131,0.27073902929008037,1,2,0.006398827315576867,0.006398827315576584,0.7029009954251373,0.006398827315576845,False,False,False,False
CCTTTAAGGGAGCACT-1,12766,4058,ER,CID4290,Invasive cancer + stroma,1,58,50,6795,4352,12766,4058,3.477988406705311,False,False,False,True,Invasive cancer + stroma,0.14736565223253695,0.026930310745523857,8.998444524117707e-05,0.19282760268971977,2,2,3.1294054429060236,4,130,0.0,0,0,1.368904087394492,0.02631545504437537,0.22537703358593558,1.0724344985275829,False,False,False,False
CGCCCAGCACGCCTAG-1,18156,4545,ER,CID4290,Invasive cancer + stroma,1,59,51,6890,4407,18156,4545,3.4809429389733424,False,False,False,True,Invasive cancer + stroma,0.10828685377149115,0.020769673858405866,9.335515327143324e-05,0.07312656519194433,1,1,2.415298198850342,4,88,0.0,0,0,0.6009175515566192,0.645628768579013,0.009335515325426189,0.8210855503795282,False,False,False,False
AGTATTTGGCACGACC-1,10348,3523,ER,CID4290,Invasive cancer + stroma,1,58,52,6795,4461,10348,3523,2.937765751836104,False,False,False,True,Invasive cancer + stroma,0.1432579847143791,0.026848549573399452,6.19962085646466e-05,0.0,0,0,3.0480309826651992,4,100,0.0,0,0,2.6662560947706497,0.006199620856365149,0.006199620856465084,0.0061996208564650745,False,False,False,False
TATCCGCACCGTCGGG-1,20438,5088,ER,CID4290,Invasive cancer + stroma,1,59,53,6890,4516,20438,5088,3.43967120070457,False,False,False,True,Invasive cancer + stroma,0.12822397033203192,0.01079620020291262,6.30965006170076e-05,0.0,0,0,2.649793839851651,4,125,0.0,0,0,0.006309650062573574,0.0063096500621838535,0.006309650065898289,1.0606910701006063,False,False,False,False
ACCCGTGTCATCAGTA-1,44659,7161,ER,CID4290,Invasive cancer + stroma,1,58,54,6795,4571,44659,7161,3.6588369645536174,False,False,False,True,Invasive cancer + stroma,0.07743806006105665,0.00698007485686673,9.652065618672538e-05,0.0,0,0,2.2619680548627965,4,210,0.0,0,0,0.5603186706102339,0.11838468383484964,0.009652065622850894,0.00965206561873864,False,False,False,False
CAACTGCTCATCCGAT-1,11629,3968,ER,CID4290,Invasive cancer + stroma,1,59,55,6890,4625,11629,3968,3.224696878493422,False,False,False,True,Invasive cancer + stroma,0.09195899731326956,0.025811222649845884,9.215840269782457e-05,0.10342217141670973,1,1,2.070328554295736,4,42,0.0,0,0,0.009215840269651896,0.009215840269650773,0.009215840267993127,2.5534747441772927,False,False,False,False
CCGGAGCGTACTTTCT-1,32436,6401,ER,CID4290,Invasive cancer + stroma,1,58,56,6795,4680,32436,6401,4.149710198544827,False,False,False,True,Invasive cancer + stroma,0.0871232191839398,0.007401288404570932,6.908908010531863e-05,0.04478802358578571,1,1,2.4440528886243205,4,151,0.0,0,0,0.7194021164249674,0.006908908009112795,0.006908908011843031,0.006908908011169979,False,False,False,False
TACCGTAGGTTAACTA-1,8014,3061,ER,CID4290,Invasive cancer + stroma,1,59,57,6890,4734,8014,3061,5.116046917893686,False,False,False,True,Invasive cancer + stroma,0.08404507998581147,0.0002530568109437263,6.326420273740452e-05,0.0,0,0,1.853342907034044,4,23,0.0,0,0,0.006326420273592823,0.0063264202735951736,0.006326420273592338,0.006326420273592297,False,False,False,False
TGAGGAGTGCCAGCTT-1,5459,2491,ER,CID4290,Invasive cancer + stroma,1,58,58,6795,4789,5459,2491,3.169078585821579,False,False,False,True,Invasive cancer + stroma,0.09534835010604646,0.034759616748878286,5.868609571631879e-05,0.0,0,0,2.612209323737893,4,38,0.0,0,0,1.8562076072092468,0.005868609571631601,0.1611791830710688,1.4527062750358815,True,False,True,False
CCAGTCTTGTCATAGA-1,9958,3547,ER,CID4290,Invasive cancer + stroma,1,59,59,6890,4844,9958,3547,4.157461337617995,False,False,False,True,Invasive cancer + stroma,0.12806300821149158,0.0017690866580785055,6.331280231836351e-05,0.0,0,0,2.681721732430153,4,75,0.0,0,0,0.0063312802318356304,0.006331280231838519,0.15791482511234078,0.006331280231835609,False,False,False,False
GGGCAGAGCAATCGTT-1,7652,2950,ER,CID4290,Invasive cancer + stroma,1,58,60,6795,4898,7652,2950,3.9205436487192893,False,False,False,True,Invasive cancer + stroma,0.08647866345854392,0.0065770392302022945,6.450179460508844e-05,0.1393136733048824,1,1,2.1076876626117738,3,44,0.0,0,0,0.00645017946050895,0.006450179460510706,0.006450179460553938,0.6383533846386559,False,False,False,False
TACCAAATAGCCCAGA-1,14148,4063,ER,CID4290,Invasive cancer + stroma,1,59,61,6890,4953,14148,4063,5.1314673452078035,False,False,False,True,Invasive cancer + stroma,0.08526871013616263,0.024826501763865985,6.646276797368419e-05,0.0,0,0,2.3334455329122656,4,72,0.0,0,0,1.0276081946465363,0.006646276797670994,0.006646276799265962,1.4417494281431251,False,False,False,False
TACCTACTCCCAGTAT-1,11884,3660,ER,CID4290,Invasive cancer + stroma,1,58,62,6795,5007,11884,3660,4.7290474587680915,False,False,False,True,Invasive cancer + stroma,0.05488598888466581,0.007302047823965619,6.568257506246667e-05,0.0,0,0,1.813507118885374,4,29,0.0,0,0,0.7105000098777098,0.006568257506952882,0.006568257505961298,0.0065682575059379045,False,False,False,False
TGTGAGACTAGCCCAA-1,10751,3714,ER,CID4290,Invasive cancer + stroma,1,59,63,6890,5062,10751,3714,4.687936005952935,False,False,False,True,Invasive cancer + stroma,0.09084506349468208,0.00023852638331521103,5.963159582822032e-05,0.0,0,0,2.3062850760935385,4,55,0.0,0,0,0.005963159582821965,0.00596315958283985,0.005963159583037276,0.005963159582822014,False,False,False,False
ATACCTAACCAAGAAA-1,9112,3369,ER,CID4290,Invasive cancer + stroma,1,58,64,6795,5117,9112,3369,4.719051799824407,False,False,False,True,Invasive cancer + stroma,0.08072869317777907,0.006029476030497481,6.74474848743452e-05,0.0,0,0,2.292760036268331,4,46,0.0,0,0,0.006744748487154691,0.5827133575882838,0.0067447484871547905,0.006744748487154856,False,False,False,False
GTCGGGAAGCAGAAAC-1,10829,3613,ER,CID4290,Invasive cancer + stroma,1,59,65,6890,5171,10829,3613,5.614553513713178,False,False,False,True,Invasive cancer + stroma,0.11357401557075619,0.00025598855056809574,6.399713764175356e-05,0.0,0,0,2.688958692859702,4,72,0.0,0,0,0.006399713764175305,0.006399713764175347,0.0063997137642836585,0.006399713764175263,False,False,False,False
AATTAACGGATTTCCA-1,3578,1773,ER,CID4290,Invasive cancer + stroma,1,58,66,6795,5226,3578,1773,3.7451089994410283,False,False,False,True,Invasive cancer + stroma,0.11106312812696409,0.00024339908299052303,6.084977072106849e-05,0.0,0,0,2.5429153400384803,4,19,0.0,0,0,0.006084977082732105,0.006084977072106383,0.006084977072106879,0.006084977072106938,False,False,False,False
GAACCCTCTGTGTTCT-1,5600,2272,ER,CID4290,Invasive cancer + stroma,1,59,67,6890,5281,5600,2272,5.178571428571429,False,False,False,True,Invasive cancer + stroma,0.08511928102022415,0.006100076606999528,6.608601216348587e-05,0.0,0,0,2.1794054479424547,4,22,0.0,0,0,0.006608601216284287,0.590181857052183,0.006608601215201735,0.006608601216283921,False,False,False,False
ATATAAAGCGCTCGTG-1,7494,3007,ER,CID4290,Invasive cancer + stroma,1,58,68,6794,5335,7494,3007,6.124899919935949,False,False,False,True,Invasive cancer + stroma,0.06595449999061448,0.006077149658414113,5.9736536374353846e-05,0.14129254410436126,1,1,1.95640805652042,4,23,0.0,0,0,0.25302809452802155,0.005973653637398109,0.005973653637406908,0.34273956403858474,False,False,False,False
CCTGGTCGAATGTGGG-1,6756,2796,ER,CID4290,Invasive cancer + stroma,1,59,69,6889,5390,6756,2796,5.461811722912966,False,False,False,True,Invasive cancer + stroma,0.07571747651604055,0.010903436889356603,5.865909361007532e-05,0.0,0,0,2.707659376911944,4,42,0.0,0,0,0.005865909360966046,0.00586590936096727,0.005865909360967337,1.0727459608527596,False,False,False,False
CTAGGTTCGGACGTGA-1,3023,1661,ER,CID4290,Invasive cancer + stroma,1,58,70,6794,5444,3023,1661,4.035726099900761,False,False,False,True,Invasive cancer + stroma,0.1280036412660115,0.005190314477152744,6.168879307921251e-05,0.0,0,0,2.836080196610855,4,23,0.0,0,0,0.0061688793079209495,0.00616887930792101,0.5005248097915113,0.006168879307921111,False,False,False,False
TCGGGAGACAGCGTAC-1,3373,1770,ER,CID4290,Invasive cancer + stroma,1,59,71,6889,5499,3373,1770,4.802846131040617,False,False,False,True,Invasive cancer + stroma,0.07341771232037732,0.005301030434072837,9.181016987094327e-05,0.0,0,0,2.3577340895099352,4,16,0.4591450642703821,1,1,0.009181016987093971,0.009181016987094021,0.5025599924460014,0.0091810169870942,False,False,False,False
CATAAGAAGCTTGGCT-1,2296,1394,ER,CID4290,Invasive cancer + stroma,1,58,72,6794,5554,2296,1394,2.8745644599303137,False,False,False,True,Invasive cancer + stroma,0.10708572421615167,0.022426196559536454,5.6184211106404936e-05,0.0,0,0,2.054435614158253,3,11,0.0,0,0,2.225232739656966,0.005618421110623678,0.005618421109768329,0.006150074076287121,False,False,False,False
AAGCACCCTGCGTATC-1,2748,1467,ER,CID4290,Invasive cancer + stroma,1,59,73,6889,5608,2748,1467,4.767103347889374,False,False,False,True,Invasive cancer + stroma,0.08854558992423155,0.021254890510965053,9.264447828592175e-05,0.0,0,0,1.8340053521352742,3,9,0.0,0,0,1.132683748763288,0.009264447828591161,0.009264447828592218,0.974276406676034,False,False,False,False
AGTTTGCACCTGCCTC-1,7479,2893,ER,CID4290,Invasive cancer + stroma,1,58,74,6794,5663,7479,2893,3.356063644872309,False,False,False,True,Invasive cancer + stroma,0.07847675614800301,0.0002466780563288846,0.007036029813030941,0.0,0,0,2.608001941938444,4,47,0.0,0,0,0.0061669514082220555,0.006166951408222125,0.006166951408222044,0.006166951408222236,False,False,False,False
GACTGCAAATCGAGCT-1,1516,978,ER,CID4290,Invasive cancer + stroma,1,59,75,6889,5718,1516,978,3.2981530343007917,False,False,False,True,Invasive cancer + stroma,0.11549963595855939,0.0003750760765307857,9.376901913266396e-05,0.0,0,0,2.4356164486033944,4,7,0.0,0,0,0.009376901913269595,0.009376901913275401,0.009376901913266343,0.00937690191326723,False,False,False,False
GTGTATATCAGCGGGC-1,14187,3975,ER,CID4290,Invasive cancer + stroma,1,58,76,6794,5772,14187,3975,4.236272643969832,False,False,False,True,Invasive cancer + stroma,0.09077177801157857,0.003530081208218105,6.635250354588173e-05,0.0,0,0,2.5672125846065796,4,75,0.0,0,0,0.0066352503537555054,0.006635250353671671,0.333102369760628,0.006635250353755332,False,False,False,False
CTTCAACTCCACTTGG-1,3088,1554,ER,CID4290,Invasive cancer + stroma,1,59,77,6889,5827,3088,1554,3.562176165803109,False,False,False,True,Invasive cancer + stroma,0.09688419150521535,0.0034771457881112642,5.825206739654991e-05,0.0,0,0,2.7961244441441027,4,21,0.0,0,0,0.005825206739650264,0.005825206739651053,0.33023895859217495,0.005825206739650132,False,False,False,False
ACTTACGCATCCACGC-1,10324,3334,ER,CID4290,Invasive cancer + stroma,1,58,78,6794,5881,10324,3334,2.479659046881054,False,False,False,True,Invasive cancer + stroma,0.09782264739747136,0.00026096652115963596,6.524163029256245e-05,0.0,0,0,2.341832566202962,4,50,0.0,0,0,0.006524163029256118,0.006524163029450635,0.006524163028000778,0.006524163029256065,False,False,False,False
CATGAGATGCACTCTC-1,1680,1042,ER,CID4290,Invasive cancer + stroma,1,59,79,6889,5936,1680,1042,2.4404761904761907,False,False,False,True,Invasive cancer + stroma,0.1311332473025966,0.008061482800645123,5.5363844028728966e-05,0.0,0,0,2.521727570670372,3,17,0.0,0,0,0.0055363844028723285,0.00553638440287306,0.7895391268558946,0.005536384402872309,False,False,False,False
GAGCACCTGTGTCCAG-1,24934,5212,ER,CID4290,Invasive cancer + stroma,1,58,80,6794,5991,24934,5212,4.375551455843427,False,False,False,True,Invasive cancer + stroma,0.11504093513934968,0.007918013748858449,6.762841181892892e-05,0.0,0,0,2.7077782766256537,4,162,0.0,0,0,0.7715128513349703,0.006762841183624119,0.006762841183887421,0.006762841183363032,False,False,False,False
CGCGACCGCGACAGAT-1,4256,1928,ER,CID4290,Invasive cancer + stroma,1,59,81,6889,6045,4256,1928,3.453947368421053,False,False,False,True,Invasive cancer + stroma,0.08170417826539925,0.0002481883053971128,6.204707635728606e-05,0.0,0,0,1.9362218680239454,4,14,0.0,0,0,0.006204707635729182,0.00620470763572811,0.006204707632525451,0.006204707635728536,False,False,False,False
GTCCCGCGACGTTATG-1,3039,1609,ER,CID4290,Invasive cancer + stroma,1,58,82,6794,6100,3039,1609,3.2905561039815727,False,False,False,True,Invasive cancer + stroma,0.14818234664485674,0.009455291290103992,6.046379374219493e-05,0.0,0,0,2.4421553178018907,3,31,0.0,0,0,0.7673633406935845,0.006046379364759058,0.006046379364759855,0.16607302958729578,False,False,False,False
GCAGTGTGGCTATAGG-1,3747,1925,ER,CID4290,Invasive cancer + stroma,1,59,83,6889,6154,3747,1925,3.8163864424873233,False,False,False,True,Invasive cancer + stroma,0.09263822755824916,0.00024089082960225747,6.022270739293781e-05,0.0,0,0,2.1886741312175406,4,18,0.0,0,0,0.0060222707400569035,0.006022270740054882,0.0060222707400569815,0.0060222707400569815,False,False,False,False
ATACTGCCTTACACCG-1,1799,1130,ER,CID4290,Invasive cancer + stroma,1,58,84,6794,6209,1799,1130,2.3902167871039466,False,False,False,True,Invasive cancer + stroma,0.11989172532292199,0.05067640634662985,8.702542524674715e-05,0.0,0,0,2.566837251055333,4,11,0.0,0,0,0.008702542524674756,0.008702542524674051,0.6572940808141238,4.3929414687995125,True,False,True,False
TACAGAAACGGTGGGC-1,19822,5134,ER,CID4290,Invasive cancer + stroma,1,59,85,6889,6264,19822,5134,3.849258399757845,False,False,False,True,Invasive cancer + stroma,0.029853458165847866,0.003492350215646067,6.578236353963899e-05,0.06807565736403316,1,1,1.539263544958618,4,33,0.0,0,0,0.006578236353078269,0.3295003125025805,0.006578236355869903,0.006578236353078045,False,False,False,False
GGCGCGGAGATCTTTC-1,6316,2784,ER,CID4290,Invasive cancer + stroma,1,58,86,6794,6318,6316,2784,3.6890436985433817,False,False,False,True,Invasive cancer + stroma,0.10085351168579322,0.00662758439320955,6.038642060721482e-05,0.0,0,0,2.193119911260779,3,35,0.3163533750206388,1,1,0.006038642060722554,0.0060386420607211585,0.6446425131387898,0.0060386420607213736,False,False,False,False
CGTTAATGTCCCGACG-1,20976,5115,ER,CID4290,Invasive cancer + stroma,1,59,87,6889,6373,20976,5115,3.504004576659039,False,False,False,True,Invasive cancer + stroma,0.04986569672702671,0.005744158486850849,6.38445753617259e-05,0.0,0,0,1.8797138148484485,4,58,0.0,0,0,0.006384457535916998,0.26908924880648194,0.006384457539203628,0.2925576848034823,False,False,False,False
GCTAACTGAAGTCTGA-1,18539,4892,ER,CID4290,Invasive cancer + stroma,1,58,88,6794,6428,18539,4892,3.7758239387237715,False,False,False,True,Invasive cancer + stroma,0.09544501355010278,0.0024593309615893585,0.00113366156306662,0.0,0,0,2.4389996511664322,4,93,0.0,0,0,0.0063432611155899215,0.006343261115548645,0.006343261116277795,0.2269033128115195,False,False,False,False
AGTGATAACCTGCGCG-1,30020,5885,ER,CID4290,Invasive cancer + stroma,1,59,89,6889,6482,30020,5885,4.603597601598934,False,False,False,True,Invasive cancer + stroma,0.037908778911250836,0.004949152051127826,6.765134277740789e-05,0.0,0,0,1.360264211762249,4,44,0.0,0,0,0.4746198022849322,0.006765134274154748,0.006765134279358504,0.006765134274337185,False,False,False,False
TATGATCTTCTCTTTA-1,7648,3003,ER,CID4290,Invasive cancer + stroma,1,58,90,6794,6537,7648,3003,5.269351464435147,False,False,False,True,Invasive cancer + stroma,0.0835307622397544,0.0048910661329396015,6.145802995451663e-05,0.0,0,0,2.354415290562038,4,44,0.0,0,0,0.006145802995451884,0.006145802995451583,0.006145802995451613,0.47066920430760506,False,False,False,False
TGTACCTACACGAGGG-1,11934,4195,ER,CID4290,Invasive cancer + stroma,1,59,91,6889,6591,11934,4195,6.661639014580191,False,False,False,True,Invasive cancer + stroma,0.08539129664485748,0.004136696912009374,6.290536545996831e-05,0.0,0,0,2.031879833794754,4,49,0.0,0,0,0.006290536545829223,0.006290536545828496,0.006290536544158065,0.3947980815651216,False,False,False,False
ATATCGTTCCTCGAAC-1,25170,5603,ER,CID4290,Invasive cancer + stroma,1,58,92,6794,6646,25170,5603,5.856177989670242,False,False,False,True,Invasive cancer + stroma,0.055020282583568225,0.004183451512218979,8.963404419524913e-05,0.0,0,0,2.0690033370864627,4,79,0.0,0,0,0.008963404420291001,0.008963404417499463,0.008963404418383305,0.3914549379657242,False,False,False,False
CGGCGCCATCAATCCC-1,22340,5645,ER,CID4290,Invasive cancer + stroma,1,59,93,6889,6701,22340,5645,4.5613249776186215,False,False,False,True,Invasive cancer + stroma,0.1334586642976534,0.017292645262550674,0.0019831134024514236,0.06165434341798435,1,1,2.500998787973537,4,119,0.21311782402188814,1,2,0.9789750673859914,0.008960671785381152,0.7323681152984142,0.00896067178528077,False,False,False,False
CCTGTTTGAAGACACG-1,12977,4531,ER,CID4290,Invasive cancer + stroma,1,58,94,6794,6755,12977,4531,2.8357863913076984,False,False,False,True,Invasive cancer + stroma,0.2258543158245754,0.004071359307989229,5.881135594994811e-05,0.0,0,0,3.4555511480718053,4,219,0.0,0,0,0.005881135594994764,0.005881135594994764,0.08369781497092985,0.3116758446380035,False,True,False,False
GCCACTCAGAGCGCGA-1,17485,4778,ER,CID4290,Invasive cancer + stroma,1,59,95,6889,6810,17485,4778,3.780383185587646,False,False,False,True,Invasive cancer + stroma,0.06225350496759482,0.009776357806497632,9.701227789419528e-05,0.0,0,0,2.137470476167396,4,54,0.0,0,0,0.009701227789284403,0.009701227789276283,0.009701227787948562,0.9485320972832538,False,False,False,False
TCGGCTTGTATCGACG-1,27666,6138,ER,CID4290,Invasive cancer + stroma,1,58,96,6794,6864,27666,6138,3.603701294007085,False,False,False,True,Invasive cancer + stroma,0.07855105268355057,0.004685607378568176,6.498685037774719e-05,0.0,0,0,2.3836010501681235,4,129,0.0,0,0,0.4490646827430255,0.006498685033934769,0.006498685041360171,0.006498685038497108,False,False,False,False
TAGATGGTTCCTTACT-1,18372,4906,ER,CID4290,Invasive cancer + stroma,1,59,97,6889,6919,18372,4906,6.123448726322665,False,False,False,True,Invasive cancer + stroma,0.08357286360333062,0.00026965853642627334,6.741463409882781e-05,0.0,0,0,2.2384341834044785,4,66,0.0,0,0,0.00674146340985742,0.006741463409975624,0.006741463412936858,0.006741463409857431,False,False,False,False
ATCGTTAGCTAGCGGA-1,12862,4093,ER,CID4290,Invasive cancer + stroma,1,58,98,6794,6974,12862,4093,5.457938112268698,False,False,False,True,Invasive cancer + stroma,0.08119803050197777,0.0002399900423173304,5.999751057926696e-05,0.0,0,0,2.132659167244092,4,54,0.0,0,0,0.005999751058162733,0.005999751058145977,0.005999751057261381,0.005999751058162948,False,False,False,False
ACAGCGACATTCTCAT-1,11571,3934,ER,CID4290,Invasive cancer + stroma,1,59,99,6889,7028,11571,3934,5.72119955060064,False,False,False,True,Invasive cancer + stroma,0.10778666279181608,0.0006295221334819207,6.114630460328468e-05,0.0,0,0,2.4228260214772708,4,60,0.0,0,0,0.006114630460407109,0.006114630460406999,0.0446083219669713,0.006114630460406661,False,False,False,False
AGAGCCGCCGAGATTT-1,20248,5063,ER,CID4290,Invasive cancer + stroma + lymphocytes,1,58,112,6793,7738,20248,5063,11.06775977874358,False,False,False,True,Invasive cancer + stroma + lymphocytes,0.07242597806483238,0.00027986792360824565,6.99669808990289e-05,0.0,0,0,2.007222112403674,4,60,0.0,0,0,0.0069966980899663495,0.006996698092499031,0.006996698088392948,0.006996698089966236,False,False,False,False
GGCCTGCTTCTCCCGA-1,19537,4954,ER,CID4290,Invasive cancer + stroma + lymphocytes,1,59,113,6888,7793,19537,4954,4.227875313507703,False,False,False,True,Invasive cancer + stroma + lymphocytes,0.1309046059823435,0.00037698167960126494,0.003132832465106677,0.06888893518764845,1,1,2.5142764185684925,4,103,0.0,0,0,0.009424541990555072,0.009424541991008114,0.009424541988008267,0.009424541990555039,False,False,False,False
TCAAGCGCGGACGGTA-1,21296,5311,ER,CID4290,Invasive cancer + stroma + lymphocytes,1,58,114,6793,7848,21296,5311,6.625657400450789,False,False,False,True,Invasive cancer + stroma + lymphocytes,0.12751721859747728,0.0027818654472533785,9.541171985329973e-05,0.0,0,0,2.412171180979833,4,98,0.0,0,0,0.009541171982925208,0.009541171988019155,0.009541171981013716,0.24956302877337977,False,False,False,False
ACACTGGGACAGTCGT-1,21242,5031,ER,CID4290,Invasive cancer + stroma + lymphocytes,1,59,115,6888,7902,21242,5031,3.780246681103474,False,False,False,True,Invasive cancer + stroma + lymphocytes,0.058323461457605315,0.00183220797809584,6.585581183989815e-05,0.0,0,0,1.7360688133417521,4,46,0.0,0,0,0.006585581184685651,0.006585581186296407,0.16346405425391608,0.006585581184685843,False,False,False,False
TGTGTAGTAGCACGTG-1,6754,2588,ER,CID4290,Invasive cancer + stroma + lymphocytes,1,58,116,6793,7957,6754,2588,7.373408350607049,False,False,False,True,Invasive cancer + stroma + lymphocytes,0.12061912247735553,0.0024265632859968903,6.341450184257421e-05,0.0,0,0,2.479799742637527,4,38,0.0,0,0,0.006341450184257421,0.006341450184257524,0.006341450182803877,0.2236319780483702,False,False,False,False
CTAGCCACAGGCGAGC-1,22506,5017,ER,CID4290,Invasive cancer + stroma + lymphocytes,1,59,117,6888,8011,22506,5017,7.513551941704434,False,False,False,True,Invasive cancer + stroma + lymphocytes,0.03929483774846116,0.009409953261503158,9.779399151797213e-05,0.06127379122552982,1,1,1.2668810409402518,4,34,0.0,0,0,0.00977939914107458,0.009779399141763347,0.009779399151385756,0.9116571287160921,False,False,False,False
CTATCGCGTAGAGAAC-1,6776,2578,ER,CID4290,Invasive cancer + stroma + lymphocytes,1,58,118,6793,8066,6776,2578,10.714285714285714,False,False,False,True,Invasive cancer + stroma + lymphocytes,0.08228959214239448,0.017527859673950236,6.84665430022066e-05,0.0,0,0,1.8113968500790896,4,22,0.0,0,0,0.006846654300161742,0.006846654300164742,0.006846654299766728,1.7322460044949302,False,False,False,False
GTTCCCGTAAACATAT-1,9214,3188,ER,CID4290,Invasive cancer + stroma + lymphocytes,1,59,119,6888,8121,9214,3188,7.759930540481876,False,False,False,True,Invasive cancer + stroma + lymphocytes,0.09782272106315175,0.015561096811434912,6.691821618136247e-05,0.0,0,0,2.5174657415349673,4,51,0.0,0,0,0.006691821617806731,0.006691821617806731,0.006691821617373409,1.5360342162905045,False,False,False,False
TCTTTCCTTCGAGATA-1,12767,3763,ER,CID4290,Invasive cancer + stroma + lymphocytes,1,58,120,6793,8175,12767,3763,8.169499490874912,False,False,False,True,Invasive cancer + stroma + lymphocytes,0.09502540939932667,0.01320927747371643,0.001693169392953079,0.0,0,0,2.2626562236508656,4,54,0.0,0,0,0.009598913590715298,0.5031351927066673,0.009598913587893122,0.7985947274863674,False,False,False,False
ATATTGGAGAGGCCTT-1,13407,3864,ER,CID4290,Invasive cancer + stroma + lymphocytes,1,59,121,6888,8230,13407,3864,6.973968822257031,False,False,False,True,Invasive cancer + stroma + lymphocytes,0.10102366778714769,0.014290683357983171,6.770919123990546e-05,0.0928763607180572,1,1,2.3878360681450013,4,67,0.0,0,0,1.408755578434045,0.006770919119785755,0.006770919121424535,0.006770919123061891,False,False,False,False
AGGCGATAACTGGCGT-1,17575,4388,ER,CID4290,Invasive cancer + stroma + lymphocytes,1,58,122,6793,8284,17575,4388,7.385490753911807,False,False,False,True,Invasive cancer + stroma + lymphocytes,0.09847416876221697,0.005244375598385281,0.0001022078351561968,0.0,0,0,2.210275608065065,4,72,0.0,0,0,0.3392717056796697,0.01022078351576732,0.1647242871292966,0.010220783513794601,False,False,False,False
ACCCGGAGCACCACAA-1,7515,2672,ER,CID4290,Invasive cancer + stroma + lymphocytes,1,59,123,6888,8339,7515,2672,6.826347305389222,False,False,False,True,Invasive cancer + stroma + lymphocytes,0.13243509399484818,0.0032622173247743337,6.40376415560302e-05,0.0,0,0,2.7102385026746507,4,56,0.0,0,0,0.0064037641556026125,0.006403764155603396,0.3070104400106244,0.006403764155602978,False,False,False,False
TGAGCTCAACTGTATA-1,7497,2600,ER,CID4290,Invasive cancer + stroma + lymphocytes,1,58,124,6793,8394,7497,2600,7.50967053488062,False,False,False,True,Invasive cancer + stroma + lymphocytes,0.16964454703177065,0.0002739113272304248,6.847783181165764e-05,0.0,0,0,2.6844832395747478,4,67,0.0,0,0,0.0068477831809824604,0.006847783180982618,0.006847783180094394,0.006847783180983009,False,False,False,False
ACGACCCATGAGTTGC-1,6954,2387,ER,CID4290,Invasive cancer + stroma + lymphocytes,1,59,125,6888,8448,6954,2387,6.212251941328732,False,False,False,True,Invasive cancer + stroma + lymphocytes,0.10952092042381605,0.008788754228409587,9.631414122071007e-05,0.0,0,0,2.3404643106080414,4,33,0.0,0,0,0.009631414122892859,0.053669225388923374,0.4606383885931943,0.3549363947359483,False,False,False,False
CGGTCAGTCCATATTT-1,6530,2354,ER,CID4290,Invasive cancer + stroma + lymphocytes,1,58,126,6793,8503,6530,2354,6.493108728943338,False,False,False,True,Invasive cancer + stroma + lymphocytes,0.13798111847440642,0.007380812906481109,6.717195809904949e-05,0.0,0,0,2.83309159947294,4,61,0.0,0,0,0.006717195809905058,0.7179297032183963,0.006717195809904807,0.006717195809904785,False,False,False,False
TCCGGCTGTCGGGTCG-1,4687,1888,ER,CID4290,Invasive cancer + stroma + lymphocytes,1,59,127,6888,8558,4687,1888,4.331128653723064,False,False,False,True,Invasive cancer + stroma + lymphocytes,0.1795863274396363,0.0002486564889054229,6.216412232428873e-05,0.0,0,0,3.078200228390748,4,50,0.0,0,0,0.006216412222636393,0.006216412222633841,0.006216412222636222,0.006216412222635836,False,False,False,False
TATATATCGAGAAATG-1,2245,1244,ER,CID4290,Invasive cancer + stroma,1,60,28,6986,3151,2245,1244,12.42761692650334,False,False,False,True,Invasive cancer + stroma,0.17885525890881454,0.042656393430311516,9.6552357309874e-05,0.0,0,0,2.8764075045746846,4,21,0.0,0,0,0.009655235730987267,0.009655235730986507,0.00965523573098729,4.236673635838191,True,False,True,False
ACCCGAGCGAAATTAC-1,2306,1306,ER,CID4290,Invasive cancer + stroma,1,61,29,7081,3205,2306,1306,10.537727666955767,False,False,False,True,Invasive cancer + stroma,0.2551353422574059,0.012746689987914525,0.00010004466658526781,0.0,0,0,3.1079847791256037,4,28,0.0,0,0,0.010004466658526234,0.010004466658523689,0.010004466658526211,1.2446555988158763,False,True,False,False
TTGTTTCATTAGTCTA-1,1405,910,ER,CID4290,Invasive cancer + stroma,1,60,30,6986,3260,1405,910,9.323843416370106,False,False,False,True,Invasive cancer + stroma,0.15584330500573373,0.03269533224569062,0.00013957820862450963,0.0,0,0,2.891295302346724,4,13,0.0,0,0,0.013957820862450964,0.013957820862450964,3.227659761981709,0.013957820862450964,True,False,True,False
ATGGGACCTGCTGAAC-1,2357,1381,ER,CID4290,Invasive cancer + stroma,1,61,31,7081,3315,2357,1381,8.061094611794655,False,False,False,True,Invasive cancer + stroma,0.17727995749544936,0.0038143594530051193,8.910273563939983e-05,0.0,0,0,2.735479399795671,4,16,0.0,0,0,0.008910273554393874,0.008910273556012116,0.00891027355439847,0.35470512463570747,False,False,False,False
TGCGACGGCCGAACGT-1,1493,970,ER,CID4290,Invasive cancer + stroma,1,60,32,6986,3369,1493,970,5.626255860683188,False,False,False,True,Invasive cancer + stroma,0.1527593627423008,0.0002303110712589071,0.013138002431175314,0.0,0,0,3.1404307664113036,4,19,0.0,0,0,0.005585598903864996,0.0055855988992541735,0.0055855989038651405,0.0062743104189064,False,False,False,False
AGCTAACAAGCAATGT-1,2539,1448,ER,CID4290,Invasive cancer + stroma,1,61,33,7081,3424,2539,1448,7.010634107916502,False,False,False,True,Invasive cancer + stroma,0.17346629966710733,0.01896688546346641,8.464205758422541e-05,0.26617891408097655,1,1,2.5396247179414257,3,31,0.0,0,0,0.00846420575842148,0.00846420575842007,0.008464205758421314,1.871295929071378,False,False,False,False
CGTGTCTCGTTACGAC-1,1798,1043,ER,CID4290,Invasive cancer + stroma,1,60,34,6986,3478,1798,1043,6.395995550611791,False,False,False,True,Invasive cancer + stroma,0.12654811526673784,0.0005929354851635434,0.00014823387122843272,0.0,0,0,2.226266952631444,3,11,0.0,0,0,0.01482338712284327,0.014823387131529317,0.014823387139138482,0.01482338712284327,False,False,False,False
CTAAATCCGGTGTACA-1,2421,1458,ER,CID4290,Invasive cancer + stroma,1,61,35,7081,3533,2421,1458,6.5262288310615455,False,False,False,True,Invasive cancer + stroma,0.12455341463289912,0.014431938814125928,0.006021958004139572,0.0,0,0,2.5836168708511735,4,15,0.0,0,0,0.013187555202405141,0.013187555202405141,0.013187555202405141,1.4036312158053774,False,False,False,False
GAATAGTGCTCGATTA-1,3514,1842,ER,CID4290,Invasive cancer + stroma,1,60,36,6985,3588,3514,1842,6.004553215708594,False,False,False,True,Invasive cancer + stroma,0.1355381500620565,0.022512104908794215,9.477163474452356e-05,0.0,0,0,2.3276442127570856,4,17,0.0,0,0,0.009477163474453577,0.9152097084881384,0.009477163474452509,1.3170464554423769,False,False,False,False
AACAATACATTGTCGA-1,2393,1436,ER,CID4290,Invasive cancer + stroma,1,61,37,7080,3642,2393,1436,5.641454241537819,False,False,False,True,Invasive cancer + stroma,0.15952367496069603,0.0003812348495579042,9.530871230020282e-05,0.0,0,0,1.8238058037229656,2,18,0.0,0,0,0.00953087123128758,0.00953087123128735,0.009530871261927878,0.00953087123128761,False,False,False,False
CACATCGTGCACGCGC-1,1738,1069,ER,CID4290,Invasive cancer + stroma,1,60,38,6985,3697,1738,1069,6.846950517836594,False,False,False,True,Invasive cancer + stroma,0.11383621594357268,0.00035628768342271875,8.907192085022535e-05,0.0,0,0,2.6984442963924034,4,11,0.0,0,0,0.008907192085223201,0.008907192086600993,0.008907192085223831,0.008907192085223852,False,False,False,False
ACCGTGACCACGTGGG-1,1946,1167,ER,CID4290,Invasive cancer + stroma,1,61,39,7080,3751,1946,1167,6.526207605344296,False,False,False,True,Invasive cancer + stroma,0.1547516535340669,0.033303879454189535,8.863826542937214e-05,0.30243675175771684,1,1,3.193796182063498,4,23,0.0,0,0,2.158519800245213,0.008863826542935849,0.008863826542937022,1.1541404920878677,True,False,False,False
CCCAATGAGATTTGCA-1,2075,1195,ER,CID4290,Invasive cancer + stroma,1,60,40,6985,3806,2075,1195,5.590361445783133,False,False,False,True,Invasive cancer + stroma,0.1113815129224524,0.0035590120557937913,9.287938085922769e-05,0.0,0,0,2.998770797594378,4,17,0.0,0,0,0.00928793808592242,0.009287938085924347,0.32803739132160964,0.009287938085922716,False,False,False,False
TCAGCAGTAGGCCCTG-1,1315,851,ER,CID4290,Invasive cancer + stroma,1,61,41,7080,3861,1315,851,4.562737642585551,False,False,False,True,Invasive cancer + stroma,0.15477692144633376,0.0024105223962671615,6.06865316927462e-05,0.0,0,0,2.888879128228572,4,10,0.0,0,0,0.22284628011828414,0.006068653170747126,0.006068653168842754,0.006068653168842123,False,False,False,False
CTACTCAAGGTATAGT-1,8607,2874,ER,CID4290,Invasive cancer + stroma,1,60,42,6985,3915,8607,2874,5.902172650168468,False,False,False,True,Invasive cancer + stroma,0.061749613647682555,0.007140717690474881,0.00010170963066657609,0.0,0,0,2.0473343905374346,4,25,0.0,0,0,0.010170963066579415,0.6835588798481632,0.010170963066165927,0.010170963066579462,False,False,False,False
TAGTAGCTTATACCAG-1,3089,1547,ER,CID4290,Invasive cancer + stroma,1,61,43,7080,3970,3089,1547,4.435092262868242,False,False,False,True,Invasive cancer + stroma,0.10476048683703681,0.012270207426574377,9.166523669026936e-05,0.0,0,0,2.3979052284104325,4,16,0.0,0,0,0.009166523669026247,0.009166523669026318,1.1995211716503582,0.009166523669026823,False,False,False,False
ACGTTCGTTCAGGAAA-1,9061,3032,ER,CID4290,Invasive cancer + stroma,1,60,44,6985,4024,9061,3032,5.6947356803884785,False,False,False,True,Invasive cancer + stroma,0.06138137608318428,0.02822741064600307,0.0001003425860696833,0.0,0,0,1.8070021433650996,4,24,0.0,0,0,0.010034258606968147,0.2776234370921477,0.010034258604388054,2.525049110296803,False,False,False,False
TTAGAATAAGGGTCGG-1,7571,2520,ER,CID4290,Invasive cancer + stroma,1,61,45,7080,4079,7571,2520,6.72302205785233,False,False,False,True,Invasive cancer + stroma,0.08209443222070503,0.03038441917838483,0.00010472533023269489,0.0,0,0,2.222049576666311,4,30,0.28064155221819514,1,1,2.5467473075008775,0.010472533023263612,0.4707495442910776,0.010472533023264343,False,False,False,False
TTCTAGAAAGTCTTAT-1,14745,3827,ER,CID4290,Invasive cancer + stroma,1,60,46,6985,4134,14745,3827,5.907087148185826,False,False,False,True,Invasive cancer + stroma,0.07114292497653442,0.0004404394811166986,0.003247820271834611,0.0,0,0,2.0055665041156137,4,49,0.17257313537886995,1,1,0.01101098702459849,0.011010987029759627,0.011010987032713278,0.011010987024598465,False,False,False,False
CCTTCAGTTAAAGTGA-1,8154,2869,ER,CID4290,Invasive cancer + stroma,1,61,47,7080,4188,8154,2869,5.236693647289674,False,False,False,True,Invasive cancer + stroma,0.10139908404521532,0.027842621052933433,0.00010015150809772123,0.13339705295122897,1,1,2.4291361179499398,4,41,0.0,0,0,0.031365416938297176,0.01001515080968302,0.2576672576407446,2.4852142799046186,False,False,False,False
TAGCTAGTGATGATGG-1,15481,4043,ER,CID4290,Invasive cancer + stroma,1,60,48,6985,4243,15481,4043,5.16762483043731,False,False,False,True,Invasive cancer + stroma,0.09200692965384287,0.062271390734890464,0.00010262945103894805,0.0,0,0,2.3985816433973124,4,70,0.0,0,0,0.8001707911865277,0.01026294510410276,0.01026294510375476,5.406442392094661,True,False,True,False
AGCCCGGTAGCCTGTA-1,15740,4380,ER,CID4290,Invasive cancer + stroma,1,61,49,7080,4298,15740,4380,4.167725540025414,False,False,False,True,Invasive cancer + stroma,0.06987357993361532,0.00027304937160092097,0.012651768071635252,0.0,0,0,2.046168286880974,4,61,0.0,0,0,0.00682623428967781,0.006826234289663919,0.006826234291072681,0.0068262342896776886,False,False,False,False
TACCTCAGTTGTCTGT-1,37783,6595,ER,CID4290,Invasive cancer + stroma,1,60,50,6985,4352,37783,6595,4.213535187782865,False,False,False,True,Invasive cancer + stroma,0.05119365293554696,0.0014667495901650668,9.94355722021338e-05,0.0,0,0,1.7789056248561945,4,84,0.0,0,0,0.009943557219601868,0.00994355721561608,0.009943557216220764,0.11684428736506795,False,False,False,False
GACGGGTTGGCCCGTA-1,16739,4317,ER,CID4290,Invasive cancer + stroma,1,61,51,7080,4407,16739,4317,4.044447099587789,False,False,False,True,Invasive cancer + stroma,0.08989293029869619,0.00262891247545054,6.570790728779375e-05,0.0,0,0,2.358580536432507,4,82,0.0,0,0,0.24317887536547395,0.006570790724466859,0.006570790727159509,0.006570790727953641,False,False,False,False
GAAACCTATACAAATG-1,40173,7116,ER,CID4290,Invasive cancer + stroma,1,60,52,6985,4461,40173,7116,4.074876160605382,False,False,False,True,Invasive cancer + stroma,0.049449559308168994,0.0009414937453877546,6.442012402202283e-05,0.0,0,0,1.866292299287221,4,96,0.0,0,0,0.07482333733138041,0.0064420124082693875,0.006442012397439908,0.006442012401685745,False,False,False,False
TCCACCTCTAGCCTTT-1,3306,1860,ER,CID4290,Invasive cancer + stroma,1,61,53,7080,4516,3306,1860,2.147610405323654,False,False,False,True,Invasive cancer + stroma,0.10526474519008241,0.021797590425340654,6.333032190779292e-05,0.0,0,0,2.2776592903414707,4,17,0.0,0,0,2.160759945961729,0.006333032190778456,0.00633303219077889,0.006333032190778828,False,False,False,False
AAGACCCAACTGAACA-1,8514,3249,ER,CID4290,Invasive cancer + stroma,1,60,54,6985,4571,8514,3249,3.3356824054498477,False,False,False,True,Invasive cancer + stroma,0.09050108119446315,0.009113347293296322,0.0004486142916943225,0.0,0,0,1.940400157075765,3,34,0.0,0,0,0.8064302838601137,0.006127705766644267,0.09264903393622968,0.006127705766644485,False,False,False,False
CATACACGGTTCCCAC-1,3366,1804,ER,CID4290,Invasive cancer + stroma,1,61,55,7080,4625,3366,1804,2.5549613784907903,False,False,False,True,Invasive cancer + stroma,0.11579703135885011,0.012836211669366044,0.012735806305687205,0.0,0,0,2.6082022259752358,4,18,0.0,0,0,0.00898878766458792,0.008988787664587664,0.008988787664587232,1.2566548039428416,False,False,False,False
ACTACGCGTTAGAATT-1,29292,5865,ER,CID4290,Invasive cancer + stroma,1,60,56,6985,4680,29292,5865,3.4787655332513996,False,False,False,True,Invasive cancer + stroma,0.11795777966120277,0.005958833872953926,9.291617907461418e-05,0.04895108243563331,1,1,2.681528610443787,4,179,0.0,0,0,0.009291617908023382,0.009291617906788344,0.5025404185673553,0.07475973291322562,False,False,False,False
CTTGGCCAAGCTGGGA-1,18374,4661,ER,CID4290,Invasive cancer + stroma,1,61,57,7080,4735,18374,4661,4.119952106237075,False,False,False,True,Invasive cancer + stroma,0.09455306557574138,0.000273421540048801,6.835538501587394e-05,0.0,0,0,2.4978533734788178,4,91,0.0,0,0,0.006835538501859819,0.006835538500483772,0.006835538500676492,0.006835538501860021,False,False,False,False
TTACCCTAGGGATTGG-1,14600,4195,ER,CID4290,Invasive cancer + stroma,1,60,58,6985,4789,14600,4195,5.910958904109589,False,False,False,True,Invasive cancer + stroma,0.055121573442973686,0.0018888832954582259,6.450520811853283e-05,0.0,0,0,1.8765717476644874,4,38,0.0,0,0,0.16953676711190416,0.006450520810665534,0.00645052081187755,0.0064505208113753475,False,False,False,False
TTCGCACTGTACGACA-1,4571,2136,ER,CID4290,Invasive cancer + stroma,1,61,59,7080,4844,4571,2136,3.3253117479763725,False,False,False,True,Invasive cancer + stroma,0.06862115299857983,0.009961941430752609,5.906730746542423e-05,0.0,0,0,1.999063693850282,4,17,0.0,0,0,0.005906730746542509,0.005906730746542529,0.9784739508356335,0.005906730746542472,False,False,False,False
TAGGTGTTCCACAGAT-1,19791,4884,ER,CID4290,Invasive cancer + stroma,1,60,60,6985,4898,19791,4884,2.9003082209084936,False,False,False,True,Invasive cancer + stroma,0.11452511179917621,0.001709968934678182,6.723596875667591e-05,0.0,0,0,2.5845173571336932,4,113,0.0,0,0,0.006723596876455106,0.006723596876008084,0.15082610283889997,0.006723596876455028,False,False,False,False
GAAGCCTGCACATTCC-1,9714,3359,ER,CID4290,Invasive cancer + stroma,1,61,61,7080,4953,9714,3359,4.025118385834878,False,False,False,True,Invasive cancer + stroma,0.1343756451132627,0.011905081394457484,6.0912045466501585e-05,0.0,0,0,2.878688054367214,4,79,0.0,0,0,0.006091204546651379,0.006091204546650268,0.006091204546854523,1.1722345258055922,False,False,False,False
GGCTTTCAATAAGGGT-1,25788,5980,ER,CID4290,Invasive cancer + stroma,1,60,62,6985,5008,25788,5980,3.4046843493097563,False,False,False,True,Invasive cancer + stroma,0.05292661868509706,0.002886346362988069,0.0002623377773584302,0.05461722903949598,1,1,2.074548230771094,4,90,0.0,0,0,0.0060045580752941165,0.0060045580705452945,0.006004558072037184,0.2706209620809303,False,False,False,False
TCCAGGGTATATACGA-1,19147,4830,ER,CID4290,Invasive cancer + stroma,1,61,63,7080,5062,19147,4830,2.5225883950488326,False,False,False,True,Invasive cancer + stroma,0.06837981225643218,0.0002677513052431198,6.693782626087389e-05,0.0,0,0,1.816533164976934,4,54,0.0,0,0,0.006693782629489743,0.006693782632075074,0.006693782633257765,0.006693782629489394,False,False,False,False
CTCGCCGAATGTAGGG-1,16301,4470,ER,CID4290,Invasive cancer + stroma,1,60,64,6985,5117,16301,4470,5.508864486841298,False,False,False,True,Invasive cancer + stroma,0.1122119279950952,0.0024562822964626575,6.659973250720617e-05,0.0,0,0,2.543107388672068,4,91,0.0,0,0,0.22564830989424103,0.006659973250021706,0.006659973251411846,0.0066599732505911585,False,False,False,False
AGGAAGCTGTCCGCCG-1,27268,5780,ER,CID4290,Invasive cancer + stroma,1,61,65,7080,5171,27268,5780,3.480269913451665,False,False,False,True,Invasive cancer + stroma,0.09700333378509021,0.01666225702366507,9.222137491385365e-05,0.0,0,0,2.4564427172864716,4,136,0.10414039869587988,1,1,1.1176041538420394,0.00922213748770966,0.3043998774962374,0.23499953354052042,False,False,False,False
GTCTCAAGGCCCGGCT-1,6181,2496,ER,CID4290,Invasive cancer + stroma,1,60,66,6985,5226,6181,2496,5.565442485034784,False,False,False,True,Invasive cancer + stroma,0.0793891438044803,0.004946611831731096,6.394889261425027e-05,0.0,0,0,2.3269106732691363,4,30,0.0,0,0,0.4754765153888347,0.0063948892614256415,0.006394889261424744,0.006394889261424577,False,False,False,False
ACCGACACATCTCCCA-1,8925,3097,ER,CID4290,Invasive cancer + stroma,1,61,67,7080,5281,8925,3097,4.257703081232493,False,False,False,True,Invasive cancer + stroma,0.07607201731969197,0.013196944940980676,6.258355513727379e-05,0.0,0,0,2.079920969285203,4,32,0.0,0,0,0.006258355513828505,0.2664948271388012,0.006258355513830301,1.0406829559316075,False,False,False,False
TATACGCGTCATCACT-1,8265,2879,ER,CID4290,Invasive cancer + stroma,1,60,68,6985,5335,8265,2879,5.856019358741682,False,False,False,True,Invasive cancer + stroma,0.059534520983020055,0.023931302916747693,6.67099722444529e-05,0.0,0,0,2.010442817001983,4,29,0.0,0,0,0.00667099722456642,0.006670997224567256,0.006670997224868589,2.373117300000767,False,False,False,False
ATCTGGGCTGTTCTTG-1,7201,2647,ER,CID4290,Invasive cancer + stroma,1,61,69,7080,5390,7201,2647,4.97153173170393,False,False,False,True,Invasive cancer + stroma,0.05627801953435154,0.003706254490220345,6.707147798038424e-05,0.0,0,0,1.706400389918108,3,28,0.0,0,0,0.0067071477980386535,0.006707147798038502,0.006707147798065951,0.3505040056278914,False,False,False,False
TCAAATTTGAGACTCA-1,11826,3701,ER,CID4290,Invasive cancer + stroma,1,60,70,6984,5445,11826,3701,5.090478606460342,False,False,False,True,Invasive cancer + stroma,0.06690782776179216,0.0020465464069060212,6.678413033755489e-05,0.0,0,0,2.339113737047449,4,50,0.0,0,0,0.006678413033850422,0.006678413033850911,0.006678413033760505,0.18461940158914028,False,False,False,False
GTTAAGGGTGCGATGT-1,13148,4127,ER,CID4290,Invasive cancer + stroma,1,61,71,7079,5499,13148,4127,4.304837237602677,False,False,False,True,Invasive cancer + stroma,0.10708983073499527,0.009146633294357134,9.428225576010696e-05,0.0,0,0,2.5790632595471146,4,78,0.0,0,0,0.7436488206518377,0.00942822557626112,0.00942822557662432,0.15215805763099027,False,False,False,False
AGCAAAGGCCGCTAGT-1,10113,3438,ER,CID4290,Invasive cancer + stroma,1,60,72,6984,5554,10113,3438,6.101058044101651,False,False,False,True,Invasive cancer + stroma,0.08422293913180633,0.00038351875686369483,9.58796892210648e-05,0.0,0,0,2.73272777124639,4,71,0.0,0,0,0.009587968922225427,0.009587968922225548,0.009587968919692578,0.009587968922225932,False,False,False,False
TTATAGGTAATTGTCT-1,2735,1520,ER,CID4290,Invasive cancer + stroma,1,61,73,7079,5608,2735,1520,3.2175502742230346,False,False,False,True,Invasive cancer + stroma,0.10450665241956261,0.015282623342095954,9.352598477491715e-05,0.0,0,0,2.7003273648514448,4,19,0.0,0,0,0.00935259847749128,0.00935259847749209,0.009352598477490906,1.5002045387771212,False,False,False,False
TTGTGCAGCCACGTCA-1,5174,2290,ER,CID4290,Invasive cancer + stroma,1,60,74,6984,5663,5174,2290,4.889833784306146,False,False,False,True,Invasive cancer + stroma,0.08789430256246235,0.00024109584975638996,6.0273962419667456e-05,0.0,0,0,2.314417906388399,4,25,0.0,0,0,0.006027396243909734,0.0060273962439094005,0.006027396243909931,0.006027396243909931,False,False,False,False
ACGGACTCTCAAAGCG-1,21326,5238,ER,CID4290,Invasive cancer + stroma,1,61,75,7079,5718,21326,5238,2.382068836162431,False,False,False,True,Invasive cancer + stroma,0.06872346566596088,0.0030442190694776063,6.488591585991857e-05,0.0,0,0,2.1765045066193207,4,76,0.1281738126868275,1,1,0.006488591584519185,0.006488591582678142,0.2849561321958122,0.006488591584751142,False,False,False,False
ATGCTCTGGCGCGGTA-1,4937,2005,ER,CID4290,Invasive cancer + stroma,1,60,76,6984,5772,4937,2005,3.5851731820943895,False,False,False,True,Invasive cancer + stroma,0.05633041648212863,0.0002540238650482419,6.3505966262059e-05,0.0,0,0,1.807291076790379,4,11,0.0,0,0,0.0063505966262059,0.006350596626206572,0.0063505966262056715,0.0063505966262060445,False,False,False,False
ATAATCTTGGAGAACC-1,27416,5758,ER,CID4290,Invasive cancer + stroma,1,61,77,7079,5827,27416,5758,3.8189378465129855,False,False,False,True,Invasive cancer + stroma,0.0833205932442618,0.0002703503398861841,6.758758500534508e-05,0.0,0,0,2.1541345246031804,4,97,0.0,0,0,0.006758758496591009,0.006758758495932396,0.006758758499503836,0.0067587584965911746,False,False,False,False
CTCATTGCTCTAACAA-1,8996,3142,ER,CID4290,Invasive cancer + stroma,1,60,78,6984,5881,8996,3142,3.3348154735437974,False,False,False,True,Invasive cancer + stroma,0.08086346890046055,0.00647151196359074,0.009570617444038051,0.0,0,0,2.166043658641686,4,29,0.24914946552993542,1,1,0.009384305318457235,0.009384305318457555,0.009384305317738127,0.6189982804044212,False,False,False,False
TAGGTGACGATAACCT-1,11101,3474,ER,CID4290,Invasive cancer + stroma,1,61,79,7079,5936,11101,3474,4.504098729844158,False,False,False,True,Invasive cancer + stroma,0.06943410403099042,0.00025948299797256565,6.487074950749403e-05,0.0,0,0,1.9951822227525682,4,29,0.0,0,0,0.006487074949213409,0.006487074950328484,0.006487074948501283,0.006487074949213387,False,False,False,False
CGGATCCTCAAGGACT-1,8652,3207,ER,CID4290,Invasive cancer + stroma,1,60,80,6984,5991,8652,3207,3.906611188164586,False,False,False,True,Invasive cancer + stroma,0.13130179186618368,0.0002402422978571742,6.006057446837528e-05,0.0,0,0,2.40797128818942,4,48,0.0,0,0,0.006006057446837497,0.006006057446837195,0.00600605744520529,0.006006057446837439,False,False,False,False
GGGCGTGGTTTCCCAG-1,5825,2534,ER,CID4290,Invasive cancer + stroma,1,61,81,7079,6045,5825,2534,3.793991416309013,False,False,False,True,Invasive cancer + stroma,0.09127547505521039,0.0002487193759695022,6.217984399237579e-05,0.0,0,0,2.1989404516357105,4,26,0.0,0,0,0.006217984399237529,0.006217984399237529,0.006217984399237558,0.0062179843992376084,False,False,False,False
TGGCTATGTGACATAC-1,6024,2454,ER,CID4290,Invasive cancer + stroma,1,60,82,6984,6100,6024,2454,3.851261620185923,False,False,False,True,Invasive cancer + stroma,0.06374951746748975,0.0036008105463599463,0.0038699531257626223,0.0,0,0,1.477644106941442,3,13,0.0,0,0,0.009245687352366083,0.009245687352367192,0.009245687352367318,0.332343992578894,False,False,False,False
CTTAGTGTAGTAGCAT-1,3674,1896,ER,CID4290,Invasive cancer + stroma,1,61,83,7079,6155,3674,1896,3.6744692433315187,False,False,False,True,Invasive cancer + stroma,0.08310523403769812,0.00022865197857960387,5.7162994761376264e-05,0.0,0,0,2.6360397837949234,4,23,0.0,0,0,0.005716299476140281,0.00571629947614029,0.0057162994295394415,0.005716299476140374,False,False,False,False
GGATTGCTGTGACTCC-1,1750,1114,ER,CID4290,Invasive cancer + stroma,1,60,84,6984,6209,1750,1114,2.457142857142857,False,False,False,True,Invasive cancer + stroma,0.1556609890979959,0.017872527619364895,5.697142834517707e-05,0.0,0,0,2.6465942452717894,3,19,0.0,0,0,0.005697142834518515,1.7701613334329342,0.0056971428345187645,0.005697142834517845,False,False,False,False
ACTTCCATGCGGGACA-1,9672,3330,ER,CID4290,Invasive cancer + stroma,1,61,85,7079,6264,9672,3330,6.038047973531844,False,False,False,True,Invasive cancer + stroma,0.0648915990834967,0.0003898093700890339,9.745234252522937e-05,0.0,0,0,1.9179548659252392,4,25,0.0,0,0,0.009745234252201262,0.009745234252203097,0.009745234252297832,0.009745234252201196,False,False,False,False
ACTCAAGTGCAAGGCT-1,16445,4693,ER,CID4290,Invasive cancer + stroma,1,60,86,6984,6318,16445,4693,4.664031620553359,False,False,False,True,Invasive cancer + stroma,0.05157773109192319,0.006104998351738763,0.00048154109018594323,0.0,0,0,1.705425352603982,4,42,0.0,0,0,0.5910410302065302,0.006486268323276509,0.006486268320810679,0.0064862683232588605,False,False,False,False
ACAAGGATGCTTTAGG-1,11599,3849,ER,CID4290,Invasive cancer + stroma,1,61,87,7079,6373,11599,3849,6.70747478230882,False,False,False,True,Invasive cancer + stroma,0.08125311987773348,0.020364997491001003,6.050562730518024e-05,0.0,0,0,2.3306364143039944,4,50,0.0,0,0,1.356129910136949,0.006050562730586643,0.006050562730136793,0.668268713502428,False,False,False,False
TTGAACGACGTGCTGA-1,20892,5234,ER,CID4290,Invasive cancer + stroma,1,60,88,6984,6428,20892,5234,5.3130384836300975,False,False,False,True,Invasive cancer + stroma,0.04080796472562309,0.004256480418042378,6.176923473911339e-05,0.0,0,0,1.8030470662111304,4,54,0.0,0,0,0.006176923475480734,0.006176923483063408,0.006176923473218448,0.40711727137247516,False,False,False,False
ATTCATCGTTGAGGCA-1,11695,3918,ER,CID4290,Invasive cancer + stroma,1,61,89,7079,6482,11695,3918,6.293287729799059,False,False,False,True,Invasive cancer + stroma,0.0775231172009038,0.015785661775190495,6.318396135643064e-05,0.0,0,0,2.1818465845325328,4,55,0.0,0,0,0.006318396135674368,0.006318396135720114,0.006318396136145408,1.5596109891115095,False,False,False,False
TGCAACCCATCTGCGG-1,14284,4396,ER,CID4290,Invasive cancer + stroma,1,60,90,6984,6537,14284,4396,7.357882945953515,False,False,False,True,Invasive cancer + stroma,0.06812989139214108,0.0002625902495908796,6.5647562410247e-05,0.0,0,0,1.9170983538862454,4,47,0.0,0,0,0.006564756239758589,0.00656475623999268,0.006564756239578614,0.006564756239758074,False,False,False,False
AGTGCTAAACACAGCA-1,4964,2201,ER,CID4290,Invasive cancer + stroma,1,61,91,7079,6592,4964,2201,4.472199838839646,False,False,False,True,Invasive cancer + stroma,0.13014450017918422,0.004456788467082668,6.044722620095923e-05,0.0,0,0,2.6113421532826377,4,31,0.0,0,0,0.006044722620095509,0.00604472262009741,0.006044722620095509,0.42754467884797837,False,False,False,False
AACTCCAGAGCGTGTT-1,4247,1965,ER,CID4290,Invasive cancer + stroma,1,60,92,6984,6646,4247,1965,4.6385684012243935,False,False,False,True,Invasive cancer + stroma,0.09303961705959575,0.0002511767286340788,6.279418215852855e-05,0.0,0,0,2.459534565999739,4,22,0.0,0,0,0.006279418215852077,0.006279418215851944,0.006279418215852149,0.006279418215851709,False,False,False,False
TCTCCACAAGTTGAAT-1,4515,2089,ER,CID4290,Invasive cancer + stroma,1,61,93,7079,6701,4515,2089,5.780730897009967,False,False,False,True,Invasive cancer + stroma,0.12826107513635213,0.007945946683845906,6.37861920319657e-05,0.0,0,0,2.1174031801494566,3,25,0.0,0,0,0.00637861920319657,0.006378619203196497,0.7754588107750009,0.006378619203196539,False,False,False,False
CTTTGCATCGCTCTTG-1,9547,3187,ER,CID4290,Invasive cancer + stroma,1,60,94,6984,6755,9547,3187,5.520058657169791,False,False,False,True,Invasive cancer + stroma,0.07233349435105921,0.0002711120469407515,6.77780116981777e-05,0.0,0,0,2.004850146085242,4,33,0.0,0,0,0.006777801173335015,0.0067778011733331716,0.006777801174071048,0.00677780117333592,False,False,False,False
TCACAAACCGAGGTAC-1,8922,3097,ER,CID4290,Invasive cancer + stroma,1,61,95,7079,6810,8922,3097,7.274153777180005,False,False,False,True,Invasive cancer + stroma,0.07815222108167692,0.0002490341860580975,6.225854651518474e-05,0.0,0,0,1.57776437338393,3,30,0.0,0,0,0.006225854651541722,0.0062258546515412865,0.006225854651184899,0.006225854651541845,False,False,False,False
CCGTAGGAAATCCCTG-1,20189,5221,ER,CID4290,Invasive cancer + stroma,1,60,96,6984,6865,20189,5221,7.8508098469463565,False,False,False,True,Invasive cancer + stroma,0.07474704806162295,0.007053835378132828,9.78133491281309e-05,0.0,0,0,2.034289267231859,4,73,0.0,0,0,0.277460483113035,0.00978133491212856,0.4006518306987582,0.01748988908936106,False,False,False,False
AAACATTTCCCGGATT-1,9121,3342,ER,CID4290,Invasive cancer + stroma,1,61,97,7079,6919,9121,3342,7.5539962723385585,False,False,False,True,Invasive cancer + stroma,0.06459124263967374,0.00024759528714063617,6.189882178689756e-05,0.0,0,0,2.1510380464761933,4,30,0.0,0,0,0.006189882178689634,0.006189882178888667,0.006189882177795732,0.006189882178689584,False,False,False,False
GCCTCCGACAATTCAC-1,23034,5594,ER,CID4290,Invasive cancer + stroma,1,60,98,6984,6974,23034,5594,6.564209429538942,False,False,False,True,Invasive cancer + stroma,0.043473472162097515,0.0015631487506512242,0.0017557641387455681,0.0,0,0,1.7664787098945354,4,48,0.12018864961739432,1,1,0.009754532979865975,0.009754532982898816,0.12705127612249112,0.009754532979866521,False,False,False,False
TCTGCATACCTTGCTT-1,4583,2066,ER,CID4290,Invasive cancer + stroma,1,61,99,7079,7028,4583,2066,7.833296967052148,False,False,False,True,Invasive cancer + stroma,0.07512709303284688,0.012286039184932904,6.16891602203937e-05,0.19291711020074018,1,1,1.8740960214130598,3,18,0.0,0,0,1.2100971704271621,0.006168916022043279,0.006168916022041881,0.00616891602204324,False,False,False,False
CTGCAAGCACGTTCCG-1,10503,3661,ER,CID4290,Invasive cancer + stroma + lymphocytes,1,61,111,7078,7684,10503,3661,3.560887365514615,False,False,False,True,Invasive cancer + stroma + lymphocytes,0.2336334877493878,0.00024323475117223552,6.080868779429108e-05,0.0,0,0,3.224259995928173,4,130,0.0,0,0,0.006080868779358143,0.006080868779358025,0.0060808687791488744,0.006080868779358509,False,True,False,False
CACAGTCCCGCTTCGC-1,23289,5478,ER,CID4290,Invasive cancer + stroma + lymphocytes,1,60,112,6983,7738,23289,5478,4.268109407874963,False,False,False,True,Invasive cancer + stroma + lymphocytes,0.11417472812121797,0.008522223365105839,9.54845609712826e-05,0.0,0,0,2.2288479246702964,4,115,0.0,0,0,0.00954845609430806,0.009548456090885836,0.009548456094062846,0.8235769682313271,False,False,False,False
TACGCTCGGTATTGGA-1,9261,3091,ER,CID4290,Invasive cancer + stroma + lymphocytes,1,61,113,7078,7793,9261,3091,3.41215851419933,False,False,False,True,Invasive cancer + stroma + lymphocytes,0.14525765941203875,0.00025477753525429177,6.369438381294782e-05,0.0,0,0,2.2157116982682084,4,34,0.0,0,0,0.006369438381293142,0.006369438381290526,0.006369438381552491,0.006369438381293017,False,False,False,False
CTGGTAAAGTGTGGGC-1,16777,4513,ER,CID4290,Invasive cancer + stroma + lymphocytes,1,60,114,6983,7848,16777,4513,3.451153364725517,False,False,False,True,Invasive cancer + stroma + lymphocytes,0.15691210841150016,0.00025261439948871453,6.315359987018289e-05,0.0,0,0,2.4321481495148483,4,92,0.0,0,0,0.006315359987490851,0.006315359987274633,0.0063153599866149004,0.006315359987491066,False,False,False,False
CAACCAGTGGCCTACC-1,20378,4833,ER,CID4290,Invasive cancer + stroma + lymphocytes,1,61,115,7078,7902,20378,4833,2.8560211993326137,False,False,False,True,Invasive cancer + stroma + lymphocytes,0.11680900111354656,0.021581667327560585,9.299913271185525e-05,0.0,0,0,1.9755607554173187,4,77,0.0,0,0,0.009299913272488327,0.009299913272488677,0.00929991327438779,2.1302669929366935,False,False,False,False
TCTTCGCGGTGAGAGG-1,21995,4692,ER,CID4290,Invasive cancer + stroma + lymphocytes,1,60,116,6983,7957,21995,4692,4.932939304387361,False,False,False,True,Invasive cancer + stroma + lymphocytes,0.05528761606183806,0.0002953348296148756,7.383370738262772e-05,0.0,0,0,1.3052390156615945,3,33,0.0,0,0,0.007383370739337317,0.00738337074186717,0.0073833707409454675,0.007383370739337608,False,False,False,False
TTCGGGTTGCCACGGG-1,13883,3789,ER,CID4290,Invasive cancer + stroma + lymphocytes,1,61,117,7078,8012,13883,3789,7.2030540949362525,False,False,False,True,Invasive cancer + stroma + lymphocytes,0.0739840745099201,0.0003976710277835098,0.004759263444089435,0.0,0,0,1.7895665098913,4,33,0.0,0,0,0.009941775695985797,0.009941775692642443,0.009941775693736965,0.009941775695985776,False,False,False,False
ACCGATAGGCATAACC-1,7966,2852,ER,CID4290,Invasive cancer + stroma + lymphocytes,1,60,118,6983,8066,7966,2852,7.218177253326638,False,False,False,True,Invasive cancer + stroma + lymphocytes,0.0755631371913056,0.001509611889307805,6.54118388537039e-05,0.0,0,0,2.2908000214233644,4,31,0.0,0,0,0.13133763727577047,0.006541183885350152,0.006541183884301376,0.006541183885358505,False,False,False,False
CTTATAGATGGCTGTT-1,11672,3557,ER,CID4290,Invasive cancer + stroma + lymphocytes,1,61,119,7078,8121,11672,3557,7.47943797121316,False,False,False,True,Invasive cancer + stroma + lymphocytes,0.13719513418784385,0.00040036528318239146,0.00010009132078578405,0.0,0,0,2.772718979612459,4,79,0.0,0,0,0.01000913208007866,0.010009132077863218,0.010009132080218778,0.010009132080078488,False,False,False,False
AGACGCCCACTTCGCC-1,8251,3028,ER,CID4290,Invasive cancer + stroma + lymphocytes,1,60,120,6983,8175,8251,3028,5.2842079747909345,False,False,False,True,Invasive cancer + stroma + lymphocytes,0.23521439479023495,0.02325141006112857,9.128109606217747e-05,0.0,0,0,3.09740278639244,4,92,0.0,0,0,1.5062624359363628,0.009128109606033058,0.009128109606032922,0.8006223509644284,False,True,False,False
AGGTCGCCTCCCAACA-1,15254,4027,ER,CID4290,Invasive cancer + stroma + lymphocytes,1,61,121,7078,8230,15254,4027,7.204667628163104,False,False,False,True,Invasive cancer + stroma + lymphocytes,0.14567615475285606,0.01181054809616558,9.806661885667651e-05,0.0,0,0,2.5945562962798623,4,103,0.0,0,0,0.009806661885797712,0.009806661885798987,0.16227406160988098,0.9991674242350803,False,False,False,False
CCTCACGTCAGCTAAT-1,13059,3696,ER,CID4290,Invasive cancer + stroma + lymphocytes,1,60,122,6983,8285,13059,3696,5.835056283023202,False,False,False,True,Invasive cancer + stroma + lymphocytes,0.11709939575297418,0.003434814889355101,9.955282348377062e-05,0.0,0,0,2.3766855829734723,4,66,0.0,0,0,0.009955282344296901,0.009955282344296754,0.009955282345198265,0.3136156419017182,False,False,False,False
CCACCTGTATGGAATA-1,12563,3612,ER,CID4290,Invasive cancer + stroma + lymphocytes,1,61,123,7078,8339,12563,3612,5.603757064395447,False,False,False,True,Invasive cancer + stroma + lymphocytes,0.1034537370241353,0.0016094369899068298,9.76161653239383e-05,0.0,0,0,2.1954557087164854,4,54,0.0,0,0,0.010376792575207816,0.009761616532437147,0.009761616533315164,0.13104367334972286,False,False,False,False
GGACTCGAAGCTTTCA-1,11913,3674,ER,CID4290,Invasive cancer + stroma + lymphocytes,1,60,124,6983,8394,11913,3674,4.297825904474104,False,False,False,True,Invasive cancer + stroma + lymphocytes,0.1970213948412109,0.005256696130817496,9.582324175514583e-05,0.10157497119934039,1,1,3.3411172241218026,4,145,0.0,0,0,0.009582324176203687,0.009582324176445932,0.009582324173967174,0.4969226405551328,False,True,False,False
AAGCCGGAGAGCAGGA-1,11991,3585,ER,CID4290,Invasive cancer + stroma + lymphocytes,1,61,125,7078,8448,11991,3585,2.301726294721041,False,False,False,True,Invasive cancer + stroma + lymphocytes,0.14361067705991576,0.0034094496568797747,9.406340626568705e-05,0.0,0,0,2.577275922044909,4,85,0.0,0,0,0.009406340626105457,0.3127259438082642,0.009406340627502625,0.009406340626105177,False,False,False,False
GCCTATCAGGTAAGAT-1,8194,2902,ER,CID4290,Invasive cancer + stroma + lymphocytes,1,60,126,6983,8503,8194,2902,3.1608494020014644,False,False,False,True,Invasive cancer + stroma + lymphocytes,0.16823084685520223,0.017939916501575663,9.120205789835856e-05,0.0,0,0,2.6686212188528446,4,56,0.0,0,0,0.7281823878044371,0.009120205789924464,0.34646309266322545,0.7102259638999793,False,False,False,False
TCAGAGTGTGAGCATG-1,15516,3890,ER,CID4290,Invasive cancer + stroma + lymphocytes,1,61,127,7078,8558,15516,3890,3.9958752255736014,False,False,False,True,Invasive cancer + stroma + lymphocytes,0.11651966449790763,0.00866264512892997,9.73081910866385e-05,0.0,0,0,2.4253043236476417,4,71,0.0,0,0,0.009730819108932979,0.009730819107999479,0.009730819105573827,0.8370720555704906,False,False,False,False
GCCGACCCACGACTGC-1,3201,1611,ER,CID4290,Invasive cancer + stroma,1,62,30,7176,3260,3201,1611,12.652296157450795,False,False,False,True,Invasive cancer + stroma,0.21818402651313346,0.00037775562501426253,0.010511664413572687,0.0,0,0,3.1150396369450197,4,34,0.0,0,0,0.009443890625356275,0.009443890625356298,0.009443890625356974,0.009443890625356706,False,True,False,False
GGCCGAGACTCTGGTG-1,4054,2037,ER,CID4290,Invasive cancer + stroma,1,62,32,7176,3369,4054,2037,9.718796250616675,False,False,False,True,Invasive cancer + stroma,0.148685042378722,0.024025788066822408,8.989369214667289e-05,0.0,0,0,2.7596155805520404,4,41,0.0,0,0,1.0674887551852075,1.3171113130676984,0.008989369214667454,0.008989369214667442,False,False,False,False
TATATAGGGCTTTACG-1,4434,2061,ER,CID4290,Invasive cancer + stroma,1,63,33,7271,3424,4434,2061,11.231393775372124,False,False,False,True,Invasive cancer + stroma,0.10227378442600336,0.016424662528278882,6.459087975355031e-05,0.0,0,0,2.431789880728624,4,27,0.0,0,0,0.006459087975354883,1.6230889889018434,0.006459087975335006,0.0064590879753548104,False,False,False,False
TGCCGGATGTACGAGC-1,2506,1473,ER,CID4290,Invasive cancer + stroma,1,62,34,7176,3478,2506,1473,7.861133280127694,False,False,False,True,Invasive cancer + stroma,0.11570677142132926,0.05387123829938001,6.436758620684099e-05,0.0,0,0,2.1452719460150247,3,17,0.0,0,0,5.367813554075948,0.006436758620684216,0.0064367586206841845,0.006436758620684519,True,False,True,False
AGGTAGATCGAGATAT-1,2820,1568,ER,CID4290,Invasive cancer + stroma,1,63,35,7271,3533,2820,1568,8.049645390070923,False,False,False,True,Invasive cancer + stroma,0.2325927785872177,0.0002351296148555301,5.878240389213859e-05,0.0,0,0,3.537441519140993,4,44,0.0,0,0,0.0058782403892139274,0.005878240394919487,0.005878240312205494,0.005878240389214099,False,True,False,False
GATCAACATAAAGGGA-1,2829,1631,ER,CID4290,Invasive cancer + stroma,1,62,36,7176,3588,2829,1631,5.585012371862849,False,False,False,True,Invasive cancer + stroma,0.1820681098971278,0.005662711079030924,9.260703046936885e-05,0.0,0,0,2.596895963961581,4,24,0.0,0,0,0.009260703046936547,0.009260703046933189,0.5384889987622861,0.009260703046936663,False,False,False,False
TAACAGCGTTTGTGCT-1,2702,1491,ER,CID4290,Invasive cancer + stroma,1,63,37,7271,3642,2702,1491,6.10658771280533,False,False,False,True,Invasive cancer + stroma,0.327605408724353,0.004896550997703315,6.195931253521019e-05,0.0,0,0,3.7246599345911076,4,58,0.0,0,0,0.00619593125352015,0.006195931253846116,0.006195931253520958,0.4710673060094443,False,True,False,False
CTATAGGCGTTGATGT-1,2145,1290,ER,CID4290,Invasive cancer + stroma,1,62,38,7175,3697,2145,1290,5.174825174825175,False,False,False,True,Invasive cancer + stroma,0.17253013714588367,0.020346981113733013,6.028533543709755e-05,0.0,0,0,3.105823559564155,4,20,0.0,0,0,2.0166125107358006,0.006028533550081822,0.006028533543709618,0.00602853354370953,False,False,False,False
GGTTTAATTACCATCG-1,2417,1466,ER,CID4290,Invasive cancer + stroma,1,63,39,7270,3752,2417,1466,4.840711625982623,False,False,False,True,Invasive cancer + stroma,0.22795151010436276,0.041074248279536874,5.761934677986648e-05,0.0,0,0,3.7091934320484627,4,51,0.0,0,0,0.6838435248672157,0.005761934677990872,0.005761934677986535,3.412057433730494,True,True,True,False
CTCTTCTGGAAGTTAG-1,2284,1347,ER,CID4290,Invasive cancer + stroma,1,62,40,7175,3806,2284,1347,4.115586690017513,False,False,False,True,Invasive cancer + stroma,0.18328296567238922,0.00024159123811055695,6.0397809429603575e-05,0.0,0,0,2.9579450558893394,4,23,0.0,0,0,0.006039780954621915,0.006039780954621994,0.006039780947190037,0.006039780954621748,False,False,False,False
ATCTGACATGGAAGGA-1,2477,1424,ER,CID4290,Invasive cancer + stroma,1,63,41,7270,3861,2477,1424,5.248284214775938,False,False,False,True,Invasive cancer + stroma,0.19439243110712406,0.07755225488262031,5.849133707206073e-05,0.0,0,0,2.3938901472033107,3,27,0.0,0,0,4.6555095609371095,0.005849133707205996,0.0058491337072059495,3.0880176599105096,True,False,True,False
TACGTACTAGTGCTGA-1,2443,1406,ER,CID4290,Invasive cancer + stroma,1,62,42,7175,3915,2443,1406,4.297994269340974,False,False,False,True,Invasive cancer + stroma,0.1677056381083111,0.002016765548036867,6.126378441441901e-05,0.0,0,0,2.867993602700428,4,25,0.0,0,0,0.0061263784580176586,0.0061263784580158805,0.006126378458017348,0.18329741942963582,False,False,False,False
ATGACTATCAGCTGTG-1,2484,1494,ER,CID4290,Invasive cancer + stroma,1,63,43,7270,3970,2484,1494,4.186795491143317,False,False,False,True,Invasive cancer + stroma,0.14117527706811397,0.0022603267269518086,0.008787300277687732,0.0,0,0,2.875282538247375,4,23,0.0,0,0,0.003822572537390098,0.0038225725373897327,0.0038225725373899648,0.21456495508301107,False,False,False,False
CTTTGGGATTGTTGCA-1,2280,1288,ER,CID4290,Invasive cancer + stroma,1,62,44,7175,4025,2280,1288,5.0,False,False,False,True,Invasive cancer + stroma,0.12559196854664556,0.03430814547577225,9.385740360344112e-05,0.0,0,0,2.059312819131895,3,11,0.0,0,0,0.009385740359142998,0.009385740359145458,0.009385740359145522,3.402657326499791,True,False,True,False
AGACTGTTACCGGGTC-1,3338,1744,ER,CID4290,Invasive cancer + stroma,1,63,45,7270,4079,3338,1744,4.553624925104853,False,False,False,True,Invasive cancer + stroma,0.11610493961630322,0.01716093651120482,5.893432568791321e-05,0.2308742131617452,1,1,2.8095821790670006,4,24,0.0,0,0,1.5937095901530405,0.005893432568344753,0.005893432568789966,0.11059719583030665,False,False,False,False
TCCTAACCGTCGGGCA-1,7121,2759,ER,CID4290,Invasive cancer + stroma,1,62,46,7175,4134,7121,2759,4.662266535598933,False,False,False,True,Invasive cancer + stroma,0.160683807896598,0.024805333583486064,9.548498973862749e-05,0.0,0,0,3.018512404139578,4,64,0.0,0,0,2.089016523183334,0.009548498973863097,0.3724198372175471,0.009548498973862314,False,False,False,False
ACGCAAACTAATAGAT-1,4570,2042,ER,CID4290,Invasive cancer + stroma,1,63,47,7270,4188,4570,2042,4.770240700218818,False,False,False,True,Invasive cancer + stroma,0.14897202942348453,0.04096387542918911,8.978717694683803e-05,0.3864838051003334,2,2,2.983564561532984,4,39,0.3864838051003334,1,1,3.028685533800936,0.008978717694683423,0.5167460608302973,0.5419772305929944,True,False,False,False
AAGTGAGTCGGGTTTA-1,26608,5528,ER,CID4290,Invasive cancer + stroma,1,62,48,7175,4243,26608,5528,4.551262778111846,False,False,False,True,Invasive cancer + stroma,0.07719881261695484,0.008983402814370585,0.004817924003879431,0.053175812217793474,1,1,2.3799149274459017,4,117,0.0,0,0,0.01001155818307968,0.01001155817509509,0.010011558185616541,0.8683056068932672,False,False,False,False
TAAAGCGGTATTTCCA-1,4084,1958,ER,CID4290,Invasive cancer + stroma,1,63,49,7270,4298,4084,1958,4.089128305582762,False,False,False,True,Invasive cancer + stroma,0.11568052704768589,0.020228212723155878,5.9078765897307394e-05,0.0,0,0,2.724307699500417,4,29,0.0,0,0,0.005907876589730345,0.005907876589730528,0.005907876589730478,2.005097642546396,False,False,False,False
CTCCTCCAGCTCACAC-1,18730,4704,ER,CID4290,Invasive cancer + stroma,1,62,50,7175,4352,18730,4704,4.255205552589429,False,False,False,True,Invasive cancer + stroma,0.052070454723976624,0.004351148095560991,0.002662595068977991,0.07130255942253351,1,1,1.8705084262090326,4,55,0.0,0,0,0.4053277913016593,0.009929006084495326,0.00992900608293273,0.00992900608701179,False,False,False,False
CGGTCCGTCGCAAGCC-1,4919,2229,ER,CID4290,Invasive cancer + stroma,1,63,51,7270,4407,4919,2229,3.8422443586094737,False,False,False,True,Invasive cancer + stroma,0.09772964822030425,0.033934217245337246,5.950333941728374e-05,0.36984343686250276,2,2,2.847662285072598,4,37,0.0,0,0,3.375570722708539,0.005950333941727967,0.005950333941728984,0.005950333941728974,True,False,False,False
CCTATATTTGTCCTGG-1,10428,3333,ER,CID4290,Invasive cancer + stroma,1,62,52,7175,4462,10428,3333,5.312619869581895,False,False,False,True,Invasive cancer + stroma,0.05193701438990597,0.00027431395058132523,0.008638076610921532,0.0,0,0,1.461908240360297,4,16,0.0,0,0,0.006857848764505615,0.006857848764479358,0.006857848764642058,0.006857848764505492,False,False,False,False
TCCAATAAAGGCTACC-1,3558,1882,ER,CID4290,Invasive cancer + stroma,1,63,53,7270,4516,3558,1882,2.2203485103991003,False,False,False,True,Invasive cancer + stroma,0.12673909307651396,0.031510545858548226,5.982426746367177e-05,0.0,0,0,2.470442420427468,4,19,0.0,0,0,3.133107305615722,0.005982426746367099,0.0059824267463666715,0.005982426746366856,False,False,False,False
AAAGGCTACGGACCAT-1,3467,1871,ER,CID4290,Invasive cancer + stroma,1,62,54,7175,4571,3467,1871,2.4228439573117972,False,False,False,True,Invasive cancer + stroma,0.11707812999870887,0.014444228937148695,5.950986541032868e-05,0.22615876362750306,1,1,2.6589842584944994,4,22,0.0,0,0,0.005950986541035059,0.00595098654102613,0.005950986541035147,1.426569934091773,False,False,False,False
CGTGACCAGTCCTCTG-1,2091,1215,ER,CID4290,Invasive cancer + stroma,1,63,55,7270,4625,2091,1215,3.5389765662362507,False,False,False,True,Invasive cancer + stroma,0.10656668374652692,0.0011013691301957887,8.133414431682234e-05,0.0,0,0,2.528986576653492,4,13,0.0,0,0,0.08573666972886593,0.008133414427347205,0.008133414431683616,0.008133414431682123,False,False,False,False
GATCTGCTATCTAAGG-1,5291,2438,ER,CID4290,Invasive cancer + stroma,1,62,56,7175,4680,5291,2438,3.458703458703459,False,False,False,True,Invasive cancer + stroma,0.08429726480518644,0.00023694581113525032,5.9236452783819796e-05,0.0,0,0,2.357536688263428,4,26,0.0,0,0,0.005923645278381738,0.005923645278379055,0.0059236452783820856,0.005923645278382154,False,False,False,False
CGAATGACGCATAATG-1,2738,1498,ER,CID4290,Invasive cancer + stroma,1,63,57,7270,4735,2738,1498,2.8853177501826153,False,False,False,True,Invasive cancer + stroma,0.1347887362430535,0.02127808458263776,5.7518887151313065e-05,0.0,0,0,2.0608955455185107,3,12,0.0,0,0,2.110552792121798,0.005751888715128982,0.005751888711717442,0.005751888715131326,False,False,False,False
GCTCAATGTAATACCG-1,8496,3079,ER,CID4290,Invasive cancer + stroma,1,62,58,7175,4789,8496,3079,4.28436911487759,False,False,False,True,Invasive cancer + stroma,0.10134374462205649,0.0002640858403146651,6.60214600783142e-05,0.0,0,0,1.8128868606066335,4,25,0.0,0,0,0.006602146007829259,0.006602146007843867,0.006602146007964369,0.0066021460078290115,False,False,False,False
CTATGCCCGAATGCAA-1,3052,1676,ER,CID4290,Invasive cancer + stroma,1,63,59,7270,4844,3052,1676,3.669724770642202,False,False,False,True,Invasive cancer + stroma,0.1301828152737878,0.007981316408855391,8.94555811438702e-05,0.0,0,0,2.262841889960029,3,22,0.48438142176962123,1,1,0.008945558114386978,0.0089455581143865,0.7712949665423786,0.00894555811438701,False,False,False,False
CACAGGGCCGTTGTCA-1,2824,1650,ER,CID4290,Invasive cancer + stroma,1,62,60,7175,4898,2824,1650,3.080736543909348,False,False,False,True,Invasive cancer + stroma,0.12119311568399038,0.0013309260303032452,9.148488430394923e-05,0.0,0,0,1.8335728288944797,3,11,0.0,0,0,0.009148488430396593,0.009148488430394787,0.10564713773913825,0.009148488430394883,False,False,False,False
TCAATACGCCGTCATG-1,2045,1236,ER,CID4290,Invasive cancer + stroma,1,63,61,7270,4953,2045,1236,4.156479217603912,False,False,False,True,Invasive cancer + stroma,0.1291967889347512,0.01577371700858427,9.347045855169452e-05,0.0,0,0,2.5862769417267346,4,14,0.0,0,0,0.00934704585516972,0.009347045855169602,1.5493305632929177,0.009347045855169902,False,False,False,False
AGCGGACACTTCGTAG-1,3244,1676,ER,CID4290,Invasive cancer + stroma,1,62,62,7175,5008,3244,1676,3.6066584463625153,False,False,False,True,Invasive cancer + stroma,0.14470854816820022,0.011759884091911295,5.721709352484341e-05,0.0,0,0,3.0412872096955015,4,31,0.0,0,0,0.005721709352484156,0.005721709352484901,0.5466145599542752,0.6179304305318852,False,False,False,False
ATACGTTATGCACGGA-1,1745,1068,ER,CID4290,Invasive cancer + stroma,1,63,63,7270,5062,1745,1068,3.6676217765042978,False,False,False,True,Invasive cancer + stroma,0.14298376788633174,0.04468424519624357,5.7624363877525756e-05,0.0,0,0,2.6680488271317797,3,18,0.0,0,0,0.005762436387752453,4.405522108195791,0.04871285145272543,0.008427123588087853,True,False,True,False
GAGTAGATACTAGTTG-1,8735,3207,ER,CID4290,Invasive cancer + stroma,1,62,64,7175,5117,8735,3207,3.365769891242129,False,False,False,True,Invasive cancer + stroma,0.1538695833906769,0.024259643161782744,0.0008627725133982249,0.0,0,0,3.067758163554201,4,86,0.0,0,0,0.008817209091131746,0.008817209091131324,0.008817209091131546,2.39951268890488,False,False,False,False
CCAGCTCGAACGCATT-1,2815,1517,ER,CID4290,Invasive cancer + stroma,1,63,65,7270,5172,2815,1517,3.339253996447602,False,False,False,True,Invasive cancer + stroma,0.14483659326064457,0.00035383009851724814,8.845752466591129e-05,0.0,0,0,2.926435814608262,4,25,0.0,0,0,0.008845752462931107,0.008845752462931702,0.008845752462931055,0.008845752462930956,False,False,False,False
TGCTTCCCAAGCAGTA-1,14221,4107,ER,CID4290,Invasive cancer + stroma,1,62,66,7175,5226,14221,4107,2.461149004992617,False,False,False,True,Invasive cancer + stroma,0.08738560285946106,0.030194465554595505,9.393948867220902e-05,0.17750009335787673,2,2,2.3426609842362716,4,58,0.17750009335787673,1,1,1.7647713022969846,0.5340231746259247,0.56317890253645,0.15747317600019095,False,False,False,False
GTAGACACGCCTGACT-1,2814,1509,ER,CID4290,Invasive cancer + stroma,1,63,67,7270,5281,2814,1509,3.304904051172708,False,False,False,True,Invasive cancer + stroma,0.11575982715454701,0.026267865229168876,9.274315310116268e-05,0.0,0,0,2.9150570571370182,4,22,0.0,0,0,1.5902752038614891,0.009274315310115876,0.01088758320134777,1.0163494205439347,False,False,False,False
CTCACATTTACTAAAT-1,10740,3457,ER,CID4290,Invasive cancer + stroma,1,62,68,7175,5335,10740,3457,4.1527001862197395,False,False,False,True,Invasive cancer + stroma,0.07501926325266633,0.0005917725057073755,9.893544430816837e-05,0.0,0,0,2.1155918111838052,4,34,0.0,0,0,0.009893544430448903,0.009893544430445305,0.009893544429992218,0.02949661727985112,False,False,False,False
GAATGCGAATCGGTTC-1,11968,3709,ER,CID4290,Invasive cancer + stroma,1,63,69,7270,5390,11968,3709,3.7433155080213902,False,False,False,True,Invasive cancer + stroma,0.07705441374097977,0.008068111448079878,9.758560568689652e-05,0.0,0,0,2.252136632934127,4,50,0.0,0,0,0.009758560568749162,0.00975856056874917,0.009758560563268888,0.7775354631072207,False,False,False,False
TAAGGCCCGTCACCCT-1,12333,3740,ER,CID4290,Invasive cancer + stroma,1,62,70,7175,5445,12333,3740,4.386605043379551,False,False,False,True,Invasive cancer + stroma,0.060147223941855385,0.00987759664554746,9.385375226463917e-05,0.0,0,0,2.0912612298837847,4,38,0.0,0,0,0.9596035388778034,0.00938537522622755,0.009385375224487295,0.009385375226227838,False,False,False,False
GAGTATGCGCGTGCAT-1,19501,4949,ER,CID4290,Invasive cancer + stroma,1,63,71,7270,5499,19501,4949,3.907491923491103,False,False,False,True,Invasive cancer + stroma,0.12966264061487942,0.0046393644049481505,0.0053996128043011975,0.0,0,0,2.7957707068570365,4,154,0.1379861382567402,1,1,0.009164391909045035,0.00916439190643315,0.009164391909937834,0.436443264769399,False,False,False,False
ATCCACATCGACAGAA-1,17245,4698,ER,CID4290,Invasive cancer + stroma,1,62,72,7174,5554,17245,4698,2.92838503914178,False,False,False,True,Invasive cancer + stroma,0.08895612981986976,0.0003923528446648374,9.808821113949319e-05,0.0,0,0,2.239063868167432,4,65,0.0,0,0,0.009808821116706633,0.009808821118715049,0.009808821114355269,0.009808821116706789,False,False,False,False
TAGACGAAACGCCAAT-1,15554,4334,ER,CID4290,Invasive cancer + stroma,1,63,73,7269,5609,15554,4334,4.204706184904205,False,False,False,True,Invasive cancer + stroma,0.13780746739446925,0.0050268718025383505,9.551639079305712e-05,0.08274600331606331,1,1,2.727091102349683,4,114,0.0,0,0,0.3661324590310304,0.009551639084805094,0.11745144305719801,0.009551639080801469,False,False,False,False
CAGCAGTCTGTGCTGC-1,5522,2281,ER,CID4290,Invasive cancer + stroma,1,62,74,7174,5663,5522,2281,3.965954364360739,False,False,False,True,Invasive cancer + stroma,0.11101350358412738,0.014166762576004372,6.45185264436358e-05,0.0,0,0,2.3020726468566606,4,25,0.0,0,0,0.00645185264450206,0.006451852644502228,0.006451852644502007,1.397320699666931,False,False,False,False
CTCACTGTGATACTTA-1,12424,3788,ER,CID4290,Invasive cancer + stroma,1,63,75,7269,5718,12424,3788,5.5698647778493235,False,False,False,True,Invasive cancer + stroma,0.09580937298239575,0.0002541114379862696,6.352785949895508e-05,0.0,0,0,2.481907442415384,4,59,0.0,0,0,0.006352785949783685,0.006352785950282883,0.00635278594877679,0.006352785949783602,False,False,False,False
TTAATTGCTTTGGGTG-1,16383,4651,ER,CID4290,Invasive cancer + stroma,1,62,76,7174,5772,16383,4651,3.613501800647012,False,False,False,True,Invasive cancer + stroma,0.059484200467023816,0.014686760483975526,6.259163412094031e-05,0.0,0,0,2.0371178151752494,4,48,0.0,0,0,1.1474327996500149,0.30872492192363127,0.006259163412006188,0.006259163411900153,False,False,False,False
GTAGTCTACGATATTG-1,14176,3958,ER,CID4290,Invasive cancer + stroma,1,63,77,7269,5827,14176,3958,5.523419864559819,False,False,False,True,Invasive cancer + stroma,0.06683604682084753,0.01584390500259006,0.0013962169273183363,0.08896833527794311,1,1,2.050782496629803,4,50,0.0,0,0,0.009395619983171902,0.009395619986020532,0.009395619981495474,1.556203640308318,False,False,False,False
TTGCCGCTTTCTAGTA-1,15819,4228,ER,CID4290,Invasive cancer + stroma,1,62,78,7174,5882,15819,4228,3.3820089765471897,False,False,False,True,Invasive cancer + stroma,0.09828848652089835,0.0002806115940231065,7.015289851136137e-05,0.0,0,0,2.3874519344917537,4,74,0.0,0,0,0.007015289852265202,0.0070152898485895485,0.007015289849189746,0.007015289852266153,False,False,False,False
GAACCTTTAACGATCC-1,24923,5560,ER,CID4290,Invasive cancer + stroma,1,63,79,7269,5936,24923,5560,4.4938410303735505,False,False,False,True,Invasive cancer + stroma,0.05752297022750325,0.006725542956496349,6.849063722152548e-05,0.0,0,0,2.1098325926115638,4,78,0.0,0,0,0.006849063725631687,0.0068490637282164445,0.006849063726636327,0.6520071044691504,False,False,False,False
TGGACCAATCTAAGAT-1,30217,6125,ER,CID4290,Invasive cancer + stroma,1,62,80,7174,5991,30217,6125,3.186947744647053,False,False,False,True,Invasive cancer + stroma,0.059935519650328034,0.00266236533382889,6.691789051336958e-05,0.0,0,0,2.132954244058442,4,100,0.0,0,0,0.011688083629448577,0.006691789046811649,0.24116487165601908,0.0066917890506097205,False,False,False,False
CTAGTAGAAAGGGATT-1,19951,4750,ER,CID4290,Invasive cancer + stroma,1,63,81,7269,6045,19951,4750,6.601172873540174,False,False,False,True,Invasive cancer + stroma,0.05957932995133992,0.009310661900260211,9.484378240126709e-05,0.0677139075987951,1,1,1.6115706757187465,4,39,0.1354278151975902,1,1,0.05146891554804729,0.009484378238631751,0.4029505108578664,0.46716238538147575,False,False,False,False
AACCTCGCTTTAGCCC-1,7743,2985,ER,CID4290,Invasive cancer + stroma,1,62,82,7174,6100,7743,2985,4.365233113780189,False,False,False,True,Invasive cancer + stroma,0.07601250233491015,0.009753920113824635,6.180462252989323e-05,0.0,0,0,1.8169275918237067,3,32,0.0,0,0,0.9568506246231361,0.0061804622531095215,0.0061804622531089265,0.006180462253108897,False,False,False,False
GAGTGTCAACCAGAAA-1,7093,2777,ER,CID4290,Invasive cancer + stroma,1,63,83,7269,6155,7093,2777,5.272804173128436,False,False,False,True,Invasive cancer + stroma,0.05364239501038169,0.005874237376426119,0.006487990978448154,0.0,0,0,2.1027170281011167,4,22,0.0,0,0,0.00901797609874875,0.009017976098748666,0.009017976098842957,0.5603698093462715,False,False,False,False
GTGATCCTTGTCATGA-1,6773,2894,ER,CID4290,Invasive cancer + stroma,1,62,84,7174,6209,6773,2894,4.473645356562823,False,False,False,True,Invasive cancer + stroma,0.06112187139528086,0.004371376722222514,5.8865152080855104e-05,0.0,0,0,1.7252463665227307,4,18,0.0,0,0,0.005886515208064372,0.00588651520809533,0.4194781265980275,0.005886515208064239,False,False,False,False
CTCAACTAACCCGGAT-1,11413,3630,ER,CID4290,Invasive cancer + stroma,1,63,85,7269,6264,11413,3630,4.801542101112767,False,False,False,True,Invasive cancer + stroma,0.04634945765607236,0.0002653127915715838,6.632819791770697e-05,0.0,0,0,1.6188438484502188,4,27,0.0,0,0,0.006632819790763552,0.006632819790763229,0.006632819784867875,0.006632819790763725,False,False,False,False
AGTGGCGTCTGAAGGT-1,4517,2102,ER,CID4290,Invasive cancer + stroma,1,62,86,7174,6318,4517,2102,5.933141465574496,False,False,False,True,Invasive cancer + stroma,0.08424428482808952,0.00025536165467418076,6.384041366854644e-05,0.0,0,0,2.3771046571385543,4,24,0.0,0,0,0.006384041366854592,0.00638404136685428,0.00638404136685458,0.006384041366854623,False,False,False,False
GGGAAGGGCTTTCTCA-1,3350,1779,ER,CID4290,Invasive cancer + stroma,1,63,87,7269,6373,3350,1779,4.179104477611941,False,False,False,True,Invasive cancer + stroma,0.07915760947373061,0.010493894395114006,6.048300218401998e-05,0.0,0,0,1.6627967271166626,3,9,0.0,0,0,0.0060483002184023036,1.0312445388561935,0.006048300218402295,0.006048300218402589,False,False,False,False
AGGCCTGAGAATCTCG-1,4423,2072,ER,CID4290,Invasive cancer + stroma,1,62,88,7174,6428,4423,2072,6.104453990504183,False,False,False,True,Invasive cancer + stroma,0.1092576315974237,0.0003583929698155368,8.95982424539093e-05,0.0,0,0,2.5304746174292094,4,23,0.0,0,0,0.00895982424539095,0.008959824245388489,0.008959824245383257,0.008959824245390982,False,False,False,False
AGCCACAGGTTACCCG-1,2541,1441,ER,CID4290,Invasive cancer + stroma,1,63,89,7269,6482,2541,1441,3.9748130657221568,False,False,False,True,Invasive cancer + stroma,0.0871997975354584,0.005553569237094881,0.010014642972643335,0.0,0,0,1.8744957289528537,3,11,0.0,0,0,0.004029234778448888,0.00402923477844857,0.0040292347784486445,0.543269219374142,False,False,False,False
TGCAATCTAACACGGT-1,2993,1585,ER,CID4290,Invasive cancer + stroma,1,62,90,7174,6537,2993,1585,4.477113264283328,False,False,False,True,Invasive cancer + stroma,0.12316504276793516,0.023460343384736397,8.933021841038423e-05,0.0,0,0,1.7923586092262238,2,21,0.0,0,0,0.008933021841038821,0.008933021841039493,0.8865607921383658,1.4416075026531956,False,False,False,False
GTTTGGGTTTCGCCCG-1,2082,1163,ER,CID4290,Invasive cancer + stroma,1,63,91,7269,6592,2082,1163,5.427473583093179,False,False,False,True,Invasive cancer + stroma,0.08404006986119056,0.00022316018096537972,5.579004537003342e-05,0.0,0,0,2.425186463650012,4,10,0.0,0,0,0.0055790045256812444,0.005579004528606895,0.005579004516568672,0.005579004525681162,False,False,False,False
CCTATGTCCACTCCAC-1,3133,1602,ER,CID4290,Invasive cancer + stroma,1,62,92,7174,6646,3133,1602,4.436642195978296,False,False,False,True,Invasive cancer + stroma,0.12102376853010267,0.019169541144761746,6.333774538663289e-05,0.0,0,0,2.625154891825259,4,21,0.0,0,0,1.8979527908459366,0.006333774543413205,0.00633377454341207,0.006333774543412732,False,False,False,False
CTGCCTTTCTAGTAAA-1,2624,1477,ER,CID4290,Invasive cancer + stroma,1,63,93,7269,6701,2624,1477,5.06859756097561,False,False,False,True,Invasive cancer + stroma,0.10306085728139819,0.0002327996951635219,0.006374965689364065,0.0,0,0,2.4779829017082884,4,16,0.0,0,0,0.005819992379088059,0.005819992379088126,0.005819992379087879,0.005819992379088126,False,False,False,False
TTAGTAAACCTGCTCT-1,2997,1625,ER,CID4290,Invasive cancer + stroma,1,62,94,7174,6755,2997,1625,5.538872205538873,False,False,False,True,Invasive cancer + stroma,0.1009461714499141,0.041980142921366884,6.401500021007634e-05,0.2445177955441542,1,1,2.237284733838428,4,12,0.0,0,0,4.176453952463577,0.0064015000210082594,0.006401500021008312,0.008757339631095058,True,False,False,False
TTGTGGTGGTACTAAG-1,2487,1323,ER,CID4290,Invasive cancer + stroma,1,63,95,7269,6810,2487,1323,6.915963007639727,False,False,False,True,Invasive cancer + stroma,0.10535717087169624,0.0002607653217929538,6.519133044316786e-05,0.0,0,0,2.0223673841660186,3,11,0.0,0,0,0.006519133044824191,0.006519133044822768,0.0065191330448242015,0.006519133044824222,False,False,False,False
CCTCCTGTTGTGTCGT-1,2132,1221,ER,CID4290,Invasive cancer + stroma,1,62,96,7174,6865,2132,1221,6.47279549718574,False,False,False,True,Invasive cancer + stroma,0.11558973234467818,0.030123002318172817,8.65064153240699e-05,0.0,0,0,2.850552369058933,4,21,0.0,0,0,1.410916378143797,0.008650641532407119,0.008650641532407197,1.5840825706086705,False,False,False,False
ACAAAGCATGACCTAG-1,3126,1547,ER,CID4290,Invasive cancer + stroma,1,63,97,7269,6919,3126,1547,7.229686500319897,False,False,False,True,Invasive cancer + stroma,0.08862827058301324,0.05897520207336726,5.9968787652231306e-05,0.23914012734204101,1,1,1.5567778503738414,2,14,0.0,0,0,5.879529571041058,0.0059968787652227695,0.005996878765222749,0.005996878765222799,True,False,False,False
ATAGCAACTAGGGAAG-1,3286,1608,ER,CID4290,Invasive cancer + stroma,1,62,98,7174,6974,3286,1608,8.764455264759587,False,False,False,True,Invasive cancer + stroma,0.09194332981995362,0.02583310946624002,0.01115739694063825,0.2328399716046622,1,1,2.3230793375806402,4,19,0.4656799432093244,1,1,2.5570248078924984,0.008762046243835076,0.008762046243834306,0.008762046243833846,False,False,False,False
CCGCTCTTCCGAACTA-1,2728,1336,ER,CID4290,Invasive cancer + stroma,1,63,99,7269,7029,2728,1336,10.337243401759531,False,False,False,True,Invasive cancer + stroma,0.07196231634128145,0.007093604150779368,6.320014631942849e-05,0.0,0,0,1.2704016970849685,2,7,0.0,0,0,0.0063200146319427036,0.00632001463102101,0.006320014631941922,0.6904003711830311,False,False,False,False
TCGCATAAAGGGCGCA-1,20826,5076,ER,CID4290,Invasive cancer + stroma + lymphocytes,1,63,111,7268,7684,20826,5076,5.181023720349563,False,False,False,True,Invasive cancer + stroma + lymphocytes,0.13871091580530429,0.023780866793035125,9.318616976059122e-05,0.0,0,0,2.275169038214212,4,125,0.0,0,0,0.009318616976675242,0.00931861697615683,0.00931861697520692,2.350130828375473,False,False,False,False
TGTAGCCATCCCATTC-1,9223,3309,ER,CID4290,Invasive cancer + stroma + lymphocytes,1,62,112,7173,7739,9223,3309,1.8323755827821748,False,False,False,True,Invasive cancer + stroma + lymphocytes,0.2286310647431922,0.0058212246349355215,8.977847806213317e-05,0.0,0,0,2.9738419044616045,4,88,0.0,0,0,0.008977847806213399,0.008977847806213574,0.00897784780641659,0.5551889200747085,False,True,False,False
GGGTCTATCGCTTTCC-1,16939,4406,ER,CID4290,Invasive cancer + stroma + lymphocytes,1,63,113,7268,7793,16939,4406,2.5562311824783044,False,False,False,True,Invasive cancer + stroma + lymphocytes,0.09785801984316322,0.015345112454616523,6.747247428527689e-05,0.0,0,0,1.7583269500343426,4,40,0.0,0,0,0.006747247428814173,0.0067472474289244294,0.006747247426573055,1.5142695031773405,False,False,False,False
GGAGGGTCAAGTAAGA-1,23902,5132,ER,CID4290,Invasive cancer + stroma + lymphocytes,1,62,114,7173,7848,23902,5132,3.4097565057317376,False,False,False,True,Invasive cancer + stroma + lymphocytes,0.07770613961529288,0.001565209491749554,0.0022300478979652687,0.0,0,0,1.9890955334547131,4,70,0.0,0,0,0.006766381081703022,0.1362218059313576,0.006766381080192227,0.006766381081702548,False,False,False,False
TACGGCATGGACGCTA-1,12226,3515,ER,CID4290,Invasive cancer + stroma + lymphocytes,1,63,115,7268,7902,12226,3515,3.607066906592508,False,False,False,True,Invasive cancer + stroma + lymphocytes,0.08532240159404078,0.01623909320523546,9.383655980110875e-05,0.1615347914241406,1,2,1.8322323480878877,4,32,0.0,0,0,0.009383655979963908,0.00938365597996393,0.00938365597944909,1.595758352584169,False,False,False,False
CACGTCAATCAATGGA-1,25629,5040,ER,CID4290,Invasive cancer + stroma + lymphocytes,1,62,116,7173,7957,25629,5040,4.849974638105271,False,False,False,True,Invasive cancer + stroma + lymphocytes,0.05688091672695973,0.00308771875266182,0.00010112216839313557,0.05490589835832859,1,1,1.6015709755245973,4,43,0.0,0,0,0.010112216841958281,0.010112216841442244,0.010112216840202201,0.2784352247425793,False,False,False,False
CGCTTGGACGGATAGA-1,7106,2608,ER,CID4290,Invasive cancer + stroma + lymphocytes,1,63,117,7268,8012,7106,2608,7.219251336898395,False,False,False,True,Invasive cancer + stroma + lymphocytes,0.0964124911144967,0.013340847792282043,9.208154125887751e-05,0.0,0,0,2.182859342350243,4,26,0.0,0,0,0.009208154125887059,1.3064603168504352,0.009208154125995077,0.009208154125887028,False,False,False,False
CGCGGTACGGTATACA-1,22643,4940,ER,CID4290,Invasive cancer + stroma + lymphocytes,1,62,118,7173,8066,22643,4940,10.0649207260522,False,False,False,True,Invasive cancer + stroma + lymphocytes,0.06339378873600268,0.005682490340110923,0.00011276301758118903,0.06096328070776672,1,1,1.7503185748796373,4,55,0.0,0,0,0.09269898168784398,0.4529974487963219,0.011276301767023038,0.011276301759903382,False,False,False,False
CCTACTCAACACGATT-1,10225,3340,ER,CID4290,Invasive cancer + stroma + lymphocytes,1,63,119,7268,8121,10225,3340,7.902200488997554,False,False,False,True,Invasive cancer + stroma + lymphocytes,0.15976977727279632,0.009134189520537336,9.568022682490468e-05,0.0,0,0,2.6590457070539073,4,82,0.0,0,0,0.6937954143185374,0.009568022682485787,0.20048749237022478,0.009568022682485666,False,False,False,False
CGTTTGGTGTTGTGGG-1,10339,3144,ER,CID4290,Invasive cancer + stroma + lymphocytes,1,62,120,7173,8175,10339,3144,8.66621530128639,False,False,False,True,Invasive cancer + stroma + lymphocytes,0.16173437618301578,0.001281353147576812,0.001919556657341182,0.0,0,0,2.732585593977868,4,70,0.0,0,0,0.010236275023293166,0.010236275023120446,0.09742648968797435,0.010236275023293223,False,False,False,False
GTTGTTGCAAGATGGC-1,8547,3012,ER,CID4290,Invasive cancer + stroma + lymphocytes,1,63,121,7268,8230,8547,3012,5.066105066105066,False,False,False,True,Invasive cancer + stroma + lymphocytes,0.14697562806430403,0.021578904097170008,6.460920590647136e-05,0.12912128445387816,1,1,2.870487720486501,4,71,0.0,0,0,2.13850764794561,0.006460920590647335,0.006460920590095777,0.006460920590647556,False,False,False,False
CATTCGTCGTAGCGGT-1,12746,3676,ER,CID4290,Invasive cancer + stroma + lymphocytes,1,62,122,7173,8285,12746,3676,5.2879334693237094,False,False,False,True,Invasive cancer + stroma + lymphocytes,0.07785847432890657,0.0179459421544544,9.729585778826804e-05,0.0,0,0,2.2279465752633163,4,55,0.0,0,0,0.009729585778712945,0.009729585778712968,0.09319191609697111,1.681943127791043,False,False,False,False
CAGCCTCGATAGCGGT-1,10971,3437,ER,CID4290,Invasive cancer + stroma + lymphocytes,1,63,123,7268,8339,10971,3437,3.627745875489928,False,False,False,True,Invasive cancer + stroma + lymphocytes,0.098588056780666,0.009830429652548735,9.161133996202122e-05,0.0,0,0,2.6010897057847657,4,57,0.0,0,0,0.5343542104224542,0.43036648684260015,0.009161133993616932,0.009161133996202143,False,False,False,False
TCATAAGTCCAAGAAG-1,15011,3778,ER,CID4290,Invasive cancer + stroma + lymphocytes,1,62,124,7173,8394,15011,3778,2.924522017187396,False,False,False,True,Invasive cancer + stroma + lymphocytes,0.07384308287944848,0.0061084113010736185,9.708899926432698e-05,0.0,0,0,2.164679732693215,4,49,0.0,0,0,0.009708899926823838,0.00970889992682397,0.009708899926355988,0.581714430327358,False,False,False,False
AAAGTGCCATCAATTA-1,14374,3899,ER,CID4290,Invasive cancer + stroma + lymphocytes,1,63,125,7268,8449,14374,3899,4.153332405732573,False,False,False,True,Invasive cancer + stroma + lymphocytes,0.11507389628241822,0.00459535641550833,0.0001007431284514526,0.0,0,0,2.2637078081658655,4,65,0.0,0,0,0.010074312847625791,0.01007431284831475,0.42931270300726776,0.010074312847624745,False,False,False,False
GTTGCAGTCGACAACA-1,10092,3210,ER,CID4290,Invasive cancer + stroma + lymphocytes,1,62,126,7173,8503,10092,3210,2.764565992865636,False,False,False,True,Invasive cancer + stroma + lymphocytes,0.1914963938262557,0.002405131208877503,9.253158366428658e-05,0.0,0,0,3.0755381022296904,4,101,0.0,0,0,0.009253158366428163,0.009253158366428057,0.009253158366847746,0.21275364578804634,False,False,False,False
TAAATGGGCTACTGAG-1,6762,2580,ER,CID4290,Invasive cancer + stroma + lymphocytes,1,63,127,7268,8558,6762,2580,3.2091097308488616,False,False,False,True,Invasive cancer + stroma + lymphocytes,0.2015448367257051,0.06572757740366053,8.968370200249955e-05,0.15129928589850336,1,1,2.9953913128916843,4,66,0.0,0,0,0.008968370200250118,0.21049140820613177,0.008968370200249688,6.344329591759422,True,True,False,False
TACTCCTCTAGTTGAC-1,2199,1260,ER,CID4290,Invasive cancer + stroma,1,64,36,7366,3588,2199,1260,8.549340609367896,False,False,False,True,Invasive cancer + stroma,0.20682661656116436,0.03945298303676688,5.738706467945013e-05,0.3853407552076677,1,2,3.364762411697944,4,32,0.0,0,0,0.0057387064679458345,0.005738706467945189,0.3445878527565873,3.5892330379842097,True,True,False,False
GGACTCGTGAGTGGTC-1,4970,2339,ER,CID4290,Invasive cancer + stroma,1,64,38,7366,3697,4970,2339,10.241448692152916,False,False,False,True,Invasive cancer + stroma,0.20895320115629779,0.00037182013715200793,9.295503428800182e-05,0.0,0,0,3.1706362556359893,4,63,0.0,0,0,0.00929550342880013,0.009295503428800448,0.009295503428800107,0.009295503428800107,False,True,False,False
GTAGTTCGAAGGCGAA-1,5766,2622,ER,CID4290,Invasive cancer + stroma,1,65,39,7461,3752,5766,2622,12.43496357960458,False,False,False,True,Invasive cancer + stroma,0.29158879235390006,0.00026317405770514933,6.57935144262921e-05,0.0,0,0,3.5500972771706567,4,110,0.0,0,0,0.0065793514426291146,0.0065793514426280095,0.006579351442629253,0.006579351442628556,False,True,False,False
CTCAAACCACTGCCCG-1,3125,1731,ER,CID4290,Invasive cancer + stroma,1,64,40,7366,3806,3125,1731,6.08,False,False,False,True,Invasive cancer + stroma,0.2796579774772704,0.0026574477363269663,9.416471721095869e-05,0.0,0,0,3.1833704301502364,4,49,0.0,0,0,0.009416471704513107,0.009416471704511615,0.009416471704513034,0.23749535851915887,False,True,False,False
GAGGGAGTCAGATCGC-1,4510,2202,ER,CID4290,Invasive cancer + stroma,1,65,41,7461,3861,4510,2202,9.578713968957873,False,False,False,True,Invasive cancer + stroma,0.18550333648027936,0.00036601476741934656,9.150369184585337e-05,0.0,0,0,3.220649258244986,4,53,0.0,0,0,0.009150369185484158,0.009150369185482062,0.009150369185484524,0.00915036918548391,False,False,False,False
GCGTCCCTAAGACATA-1,2966,1695,ER,CID4290,Invasive cancer + stroma,1,64,42,7365,3915,2966,1695,6.540795684423466,False,False,False,True,Invasive cancer + stroma,0.1715074213102817,0.07024290884452764,9.039951950910647e-05,0.0,0,0,2.502985151726366,4,24,0.0,0,0,0.00903995195091142,0.009039951950911245,1.428470473372147,5.5777405071787935,True,False,True,False
TCTCTTACCGCGAACC-1,4355,2036,ER,CID4290,Invasive cancer + stroma,1,65,43,7460,3970,4355,2036,11.044776119402986,False,False,False,True,Invasive cancer + stroma,0.16901716059273578,0.00039999612051488487,9.999903025350471e-05,0.0,0,0,2.2877639752915906,4,28,0.0,0,0,0.009999903012933957,0.009999903012940696,0.009999903012679943,0.00999990301293389,False,False,False,False
GGCTACTATACACTCC-1,2900,1602,ER,CID4290,Invasive cancer + stroma,1,64,44,7365,4025,2900,1602,5.068965517241379,False,False,False,True,Invasive cancer + stroma,0.14683667991747634,0.00023126296171703788,5.7815740290050616e-05,0.0,0,0,2.87536759539414,4,28,0.0,0,0,0.0057815740429269565,0.005781574042922757,0.005781574042927052,0.005781574042927023,False,False,False,False
CGTTGCCCGCGTGGGA-1,5474,2450,ER,CID4290,Invasive cancer + stroma,1,65,45,7460,4079,5474,2450,11.198392400438436,False,False,False,True,Invasive cancer + stroma,0.13042282977777295,0.003223566717931598,6.822391498768832e-05,0.0,0,0,2.792229373714826,4,43,0.0,0,0,0.006822391498759574,0.0068223914987593625,0.3018894972968816,0.006822391498759318,False,False,False,False
TATAGAGTCGCTTGAA-1,1137,650,ER,CID4290,Invasive cancer + stroma,1,64,46,7365,4134,1137,650,4.485488126649076,False,False,False,True,Invasive cancer + stroma,0.16082085703332333,0.00036415200074992976,0.026414273085617838,0.0,0,0,2.5793154201199844,3,11,0.0,0,0,0.00910380001874765,0.009103800018748335,0.00910380001874848,0.009103800018748512,False,False,False,False
ATGTTGTAGTCTGTTT-1,3246,1743,ER,CID4290,Invasive cancer + stroma,1,65,47,7460,4189,3246,1743,5.730129390018484,False,False,False,True,Invasive cancer + stroma,0.16574074205390846,0.00098711969791433,0.003602689614481263,0.0,0,0,2.9393249822897713,4,28,0.0,0,0,0.006208677484739381,0.006208677484739472,0.006208677484739612,0.08008593733721452,False,False,False,False
AGTATACACAGCGACA-1,2488,1461,ER,CID4290,Invasive cancer + stroma,1,64,48,7365,4243,2488,1461,3.4163987138263665,False,False,False,True,Invasive cancer + stroma,0.17381786189189485,0.0003641722073540402,9.104305185154987e-05,0.0,0,0,2.3913735445635673,4,14,0.0,0,0,0.009104305184733609,0.009104305180359724,0.009104305185155401,0.009104305185155287,False,False,False,False
TGTGGTTGCTAAAGCT-1,2993,1671,ER,CID4290,Invasive cancer + stroma,1,65,49,7460,4298,2993,1671,3.9759438690277316,False,False,False,True,Invasive cancer + stroma,0.14663081683841236,0.0165641757621317,8.81042461396687e-05,0.0,0,0,2.9181335907577806,4,24,0.0,0,0,1.6299863023712304,0.008810424613979791,0.008810424613980223,0.008810424613979519,False,False,False,False
TGATTCCCGGTTACCT-1,2584,1492,ER,CID4290,Invasive cancer + stroma,1,64,50,7365,4352,2584,1492,4.140866873065016,False,False,False,True,Invasive cancer + stroma,0.11399550558489216,0.02680911881859964,9.08698065450641e-05,0.0,0,0,2.7319143174320017,4,18,0.0,0,0,0.00908698065770827,0.009086980657707753,0.0090869806577083,2.6536509398868398,False,False,False,False
CACTGACGATTGTGGA-1,2200,1321,ER,CID4290,Invasive cancer + stroma,1,65,51,7460,4407,2200,1321,4.7272727272727275,False,False,False,True,Invasive cancer + stroma,0.1416236327274936,0.031813385604126915,5.8021675722737014e-05,0.0,0,0,2.7143734612010695,4,16,0.0,0,0,0.005802167572281046,0.005802167572280621,0.04866178636639102,3.121072438901739,True,False,True,False
AACATTGTGACTCGAG-1,3185,1759,ER,CID4290,Invasive cancer + stroma,1,64,52,7365,4462,3185,1759,4.427001569858713,False,False,False,True,Invasive cancer + stroma,0.2955171031254843,0.007973555991660415,8.98399111938315e-05,0.0,0,0,3.7518873463336773,4,73,0.0,0,0,0.008983991119380488,0.008983991119382188,0.7704036258078966,0.008983991119382403,False,True,False,False
GTCCAATATTTAGCCT-1,2637,1484,ER,CID4290,Invasive cancer + stroma,1,65,53,7460,4516,2637,1484,5.195297686765263,False,False,False,True,Invasive cancer + stroma,0.3221276871795848,0.066647498008037,8.524003501395143e-05,0.5223290371351313,2,2,3.6958942779314565,4,67,0.0,0,0,4.3402486925453125,0.2061339954391487,2.109843109317843,0.008524003501396427,True,True,False,False
GCTCTTTCCGCTAGTG-1,2385,1372,ER,CID4290,Invasive cancer + stroma,1,64,54,7365,4571,2385,1372,3.270440251572327,False,False,False,True,Invasive cancer + stroma,0.28027187560039624,0.00025168901713891164,6.292225426360013e-05,0.0,0,0,3.5158695936052733,4,37,0.0,0,0,0.006292225428486715,0.006292225428432373,0.006292225428485495,0.0062922254284865815,False,True,False,False
GGGTCAGGAGCTAGAT-1,2209,1301,ER,CID4290,Invasive cancer + stroma,1,65,55,7460,4626,2209,1301,4.2100497962879135,False,False,False,True,Invasive cancer + stroma,0.16459126324064632,0.00023416348325737982,5.854087069777689e-05,0.0,0,0,2.489935084297618,3,23,0.0,0,0,0.00585408707888785,0.005854087089074239,0.0058540870788881365,0.005854087078887755,False,False,False,False
AGGTGGTGACCTTCGC-1,1688,1081,ER,CID4290,Invasive cancer + stroma,1,64,56,7365,4680,1688,1081,3.7914691943127963,False,False,False,True,Invasive cancer + stroma,0.12199175274262883,0.040494777523178746,5.887265389245999e-05,0.3225030463791055,1,1,2.8043401390785783,4,15,0.0,0,0,0.005887265389245711,1.458568724922964,0.1136220547947661,2.4713997072108986,True,False,False,False
CCCGGGTCGTTCAGGG-1,1838,1127,ER,CID4290,Invasive cancer + stroma,1,65,57,7460,4735,1838,1127,3.808487486398259,False,False,False,True,Invasive cancer + stroma,0.1596737910039097,0.0190567049586821,9.103885972876673e-05,0.0,0,0,2.739693427476515,4,17,0.0,0,0,0.009103885978946192,0.009103885978946088,0.009103885978946388,1.8783588379313714,False,False,False,False
AGCCAAGCTTTGTGTC-1,1511,953,ER,CID4290,Invasive cancer + stroma,1,64,58,7365,4789,1511,953,3.176704169424222,False,False,False,True,Invasive cancer + stroma,0.12338691472930233,0.00022382966847997443,5.5957416980395416e-05,0.0,0,0,2.3985138386722618,3,14,0.0,0,0,0.005595741711754083,0.0055957417127350095,0.005595741711754174,0.005595741711754174,False,False,False,False
TGTGGCGGGCTTCTGG-1,1041,710,ER,CID4290,Invasive cancer + stroma,1,65,59,7460,4844,1041,710,3.3621517771373677,False,False,False,True,Invasive cancer + stroma,0.15761907185323273,0.04085558758326105,6.052739558275362e-05,0.3935723044706947,1,1,2.5209865577894326,3,10,0.0,0,0,0.006052739558275697,0.006052739558226972,0.006052739558275736,4.067400539651326,True,False,False,False
CGAGGGTATCCAGGTG-1,1655,1043,ER,CID4290,Invasive cancer + stroma,1,64,60,7365,4899,1655,1043,3.8066465256797586,False,False,False,True,Invasive cancer + stroma,0.1857493340550454,0.01851067740879311,0.0013437163858817103,0.0,0,0,3.256628164157913,4,18,0.650644754552898,1,1,0.0059422975258938025,0.005942297525894181,1.8332408483016291,0.005942297525893783,False,False,False,False
CGTTCAGACCCGCGAA-1,1211,795,ER,CID4290,Invasive cancer + stroma,1,65,61,7460,4953,1211,795,4.376548307184145,False,False,False,True,Invasive cancer + stroma,0.12424078652255058,0.06863902520620423,9.29381408635604e-05,0.0,0,0,1.5975830492265866,2,6,0.0,0,0,0.009293814095587698,0.009293814095583533,0.00929381409558384,6.836021078333668,True,False,True,False
TCATATGAGCTTTGTT-1,1904,1164,ER,CID4290,Invasive cancer + stroma,1,64,62,7365,5008,1904,1164,4.044117647058823,False,False,False,True,Invasive cancer + stroma,0.13392342023585566,0.0003686366725801075,9.215916813129382e-05,0.0,0,0,2.8356649223420773,4,16,0.0,0,0,0.009215916814641092,0.0092159168140902,0.009215916814638256,0.009215916814641198,False,False,False,False
AGTTGACGGTCCTTGC-1,1217,810,ER,CID4290,Invasive cancer + stroma,1,65,63,7460,5062,1217,810,3.3689400164338537,False,False,False,True,Invasive cancer + stroma,0.09787225519386732,0.007585340766831928,5.702376558921788e-05,0.0,0,0,2.9260570035249542,4,11,0.0,0,0,0.005702376558854376,0.0057023765588526025,0.7414269470066361,0.005702376558849564,False,False,False,False
ATAATTAGCTAAGTAG-1,2058,1197,ER,CID4290,Invasive cancer + stroma,1,64,64,7365,5117,2058,1197,3.9358600583090384,False,False,False,True,Invasive cancer + stroma,0.10000876661189577,0.050845931741474636,5.892715184139758e-05,0.0,0,0,2.4795524794528534,4,11,0.0,0,0,3.4511847867817864,0.005892715184131723,0.005892715184131156,1.6216229569974145,True,False,True,False
GGTCTTGAGCGCTCTT-1,3702,1982,ER,CID4290,Invasive cancer + stroma,1,65,65,7460,5172,3702,1982,2.6472177201512697,False,False,False,True,Invasive cancer + stroma,0.04546244842064754,0.01296026927380333,5.5589446425141855e-05,0.0,0,0,2.2077721410950075,4,15,0.0,0,0,0.0055589446364633435,0.005558944636466333,0.005558944633461449,1.279350093473942,False,False,False,False
CGTTGTCGGCAATTGA-1,2173,1243,ER,CID4290,Invasive cancer + stroma,1,64,66,7365,5226,2173,1243,2.945236999539807,False,False,False,True,Invasive cancer + stroma,0.12342742903704061,0.010716566032347287,5.647679406371652e-05,0.0,0,0,2.169919867008903,3,12,0.0,0,0,0.00564767940637122,1.0547135650156152,0.005647679406370741,0.005647679406371549,False,False,False,False
TCTTGCTCCCGATACT-1,2255,1307,ER,CID4290,Invasive cancer + stroma,1,65,67,7460,5281,2255,1307,4.168514412416852,False,False,False,True,Invasive cancer + stroma,0.09570564740706716,0.015113261975031931,5.410479032655099e-05,0.0,0,0,1.970128135896136,3,9,0.0,0,0,0.005410479032655232,0.005410479032655355,0.40869657000372683,1.0918086694341558,False,False,False,False
AGCAGAAGGAGAAAGA-1,1827,1113,ER,CID4290,Invasive cancer + stroma,1,64,68,7365,5335,1827,1113,4.21455938697318,False,False,False,True,Invasive cancer + stroma,0.09735179854750894,0.03626562367857548,9.168849565754874e-05,0.31128496264551836,1,1,2.221132730001845,3,13,0.0,0,0,0.020820304112849762,0.009168849565754311,0.3602115192738978,3.236361694905046,True,False,False,False
GAAGCCACTGATTATG-1,2151,1309,ER,CID4290,Invasive cancer + stroma,1,65,69,7460,5390,2151,1309,3.7192003719200373,False,False,False,True,Invasive cancer + stroma,0.08909683385543259,0.022056975079049124,0.014765647957437348,0.0,0,0,1.176701044828533,2,5,0.0,0,0,0.00587823784967285,0.0058782378496732525,0.005878237849672562,2.188062794355894,False,False,False,False
TGCTCTTGAGAGTTTG-1,24223,5355,ER,CID4290,Invasive cancer + stroma,1,64,70,7365,5445,24223,5355,2.8196342319283323,False,False,False,True,Invasive cancer + stroma,0.05264607061330245,0.0066638493535929,0.002650897519833248,0.0,0,0,1.7090014523086667,4,53,0.0,0,0,0.00961198049681568,0.009611980497765599,0.0675456461726838,0.5796153281920249,False,False,False,False
GACATCCGTCGAACTG-1,5563,2324,ER,CID4290,Invasive cancer + stroma,1,65,71,7460,5499,5563,2324,3.2356642099586552,False,False,False,True,Invasive cancer + stroma,0.07506601848470257,0.018074067404103764,6.108339222385884e-05,0.0,0,0,2.107345178791218,4,19,0.0,0,0,0.006108339222386531,0.4094067858542455,0.006108339222386423,1.385783276111358,False,False,False,False
AGATATAATACGACTA-1,20282,5074,ER,CID4290,Invasive cancer + stroma,1,64,72,7365,5554,20282,5074,3.6140420076915496,False,False,False,True,Invasive cancer + stroma,0.08253796884155068,0.005017958921402355,0.003101521199165401,0.0,0,0,2.1785766795249275,4,72,0.0,0,0,0.006275657199964409,0.006275657200580691,0.00627565719792306,0.4829689205417673,False,False,False,False
TCGCTACTGGCTTTGA-1,3106,1646,ER,CID4290,Invasive cancer + stroma,1,65,73,7460,5609,3106,1646,3.058596265292981,False,False,False,True,Invasive cancer + stroma,0.12608497857828124,0.01708513679064214,6.070973988417382e-05,0.23995573598180164,1,1,2.526871898439701,4,20,0.0,0,0,0.0060709739884182235,1.0280147461209446,0.6683569849664329,0.006070973988418342,False,False,False,False
GTGACAGCTTCCCACT-1,18461,4817,ER,CID4290,Invasive cancer + stroma,1,64,74,7364,5663,18461,4817,4.4309625697416175,False,False,False,True,Invasive cancer + stroma,0.02531341363568363,0.01667932033974771,6.0524931024662955e-05,0.07214572171506951,1,1,1.4406087426841567,4,27,0.14429144343013903,1,1,0.33265299302306306,0.006052493102813252,0.24583161561086134,1.0833949322380334,False,False,False,False
GTGACGCAGGTTTCAT-1,8018,3075,ER,CID4290,Invasive cancer + stroma,1,65,75,7459,5718,8018,3075,2.6440508855076077,False,False,False,True,Invasive cancer + stroma,0.14259432133103683,0.008686325013713077,5.992038644045745e-05,0.0,0,0,2.5690466767534765,4,40,0.0,0,0,0.005992038644045696,0.005992038644045647,0.005992038643826393,0.8506563854393899,False,False,False,False
GGGAAGACGGTCTGTC-1,18165,4757,ER,CID4290,Invasive cancer + stroma,1,64,76,7364,5772,18165,4757,4.222405725295899,False,False,False,True,Invasive cancer + stroma,0.10026422589658866,0.020420652444667415,9.84334600057349e-05,0.0,0,0,2.4958926070342646,4,95,0.0,0,0,1.1637876814919248,0.009843346000304853,0.033127746833535456,0.8353064701409764,False,False,False,False
CGTCGCATGTGAGCCA-1,31951,6234,ER,CID4290,Invasive cancer + stroma,1,65,77,7459,5827,31951,6234,4.1062877531219675,False,False,False,True,Invasive cancer + stroma,0.11770665832381334,0.010366612932157682,0.001651359277781099,0.0,0,0,2.5902566161697202,4,173,0.09076626376435996,1,1,0.00977622182676938,0.009776221837013129,0.019526368833454707,0.997582480718531,False,False,False,False
AGAAGGTTGTAGGTCG-1,9904,3296,ER,CID4290,Invasive cancer + stroma,1,64,78,7364,5882,9904,3296,5.3311793214862675,False,False,False,True,Invasive cancer + stroma,0.09333521580092313,0.0002504947434761002,6.262368586968512e-05,0.0,0,0,2.336864760175873,4,47,0.0,0,0,0.006262368587018996,0.006262368586926344,0.006262368586645673,0.006262368587019005,False,False,False,False
GGCCGGCGTCTGCTAT-1,21251,5024,ER,CID4290,Invasive cancer + stroma,1,65,79,7459,5936,21251,5024,4.691543927344596,False,False,False,True,Invasive cancer + stroma,0.12515308397865388,0.012581289498380594,6.513045191110665e-05,0.06427457043061631,1,1,2.706798493989531,4,130,0.0,0,0,1.0241620513333212,0.006513045194481021,0.006513045191432834,0.22094080811882458,False,False,False,False
TTGACCAGGAACAACT-1,16540,4357,ER,CID4290,Invasive cancer + stroma,1,64,80,7364,5991,16540,4357,7.877871825876663,False,False,False,True,Invasive cancer + stroma,0.056993179167719274,0.018194205053637533,6.678940304357115e-05,0.0788118898847527,1,1,2.061473087606823,4,60,0.0,0,0,0.006678940307026105,0.006678940301900543,0.006678940307748104,1.7993836844470787,False,False,False,False
AGTCGTATAAAGCAGA-1,12571,3722,ER,CID4290,Invasive cancer + stroma,1,65,81,7459,6046,12571,3722,6.157028080502744,False,False,False,True,Invasive cancer + stroma,0.07522702784215479,0.007532106342196665,0.0008864983794699433,0.0,0,0,2.0182820118661335,4,41,0.0,0,0,0.009587721175599147,0.00958772117564751,0.009587721173212469,0.7244474706952074,False,False,False,False
GGCGTAGGGAAAGCTG-1,8689,2920,ER,CID4290,Invasive cancer + stroma,1,64,82,7364,6100,8689,2920,6.387386350558177,False,False,False,True,Invasive cancer + stroma,0.08041788207407637,0.01757028516489556,6.653803011202398e-05,0.0,0,0,2.4055933544450716,4,41,0.0,0,0,0.006653803011769804,0.006653803011928891,0.4629630485943768,1.2807578618714808,False,False,False,False
AAACCTAAGCAGCCGG-1,8621,3023,ER,CID4290,Invasive cancer + stroma,1,65,83,7459,6155,8621,3023,6.704558635889107,False,False,False,True,Invasive cancer + stroma,0.062124902538087216,0.00025992726917638644,6.498181727165608e-05,0.0,0,0,1.9598217128462796,4,26,0.0,0,0,0.00649818172950765,0.006498181730240645,0.006498181728382441,0.006498181729507906,False,False,False,False
ATTGCCTTTATGTTTG-1,6526,2551,ER,CID4290,Invasive cancer + stroma,1,64,84,7364,6209,6526,2551,6.634998467667791,False,False,False,True,Invasive cancer + stroma,0.05444764985602712,0.005034539079107889,6.450903737013977e-05,0.0,0,0,1.418174489967045,3,14,0.0,0,0,0.006450903736980892,0.006450903736949468,0.0064509037369808175,0.4841011966998777,False,False,False,False
CAGGCAGTCTTACCAG-1,9791,2976,ER,CID4290,Invasive cancer + stroma,1,65,85,7459,6264,9791,2976,7.629455622510468,False,False,False,True,Invasive cancer + stroma,0.04747683032146641,0.0002800648238368888,7.001620595850074e-05,0.0,0,0,1.571500867170501,4,18,0.0,0,0,0.007001620594932841,0.007001620593264722,0.007001620600559024,0.007001620594932294,False,False,False,False
AGCTAAGTACGCAGGC-1,6202,2478,ER,CID4290,Invasive cancer + stroma,1,64,86,7364,6319,6202,2478,6.3527894227668495,False,False,False,True,Invasive cancer + stroma,0.047812175212005564,0.010826586288150744,6.474471319540539e-05,0.0,0,0,1.5966556931570244,3,16,0.0,0,0,1.0632352148568434,0.006474471319205923,0.006474471319512597,0.006474471319512607,False,False,False,False
AAATCCGATACACGCC-1,10212,3321,ER,CID4290,Invasive cancer + stroma,1,65,87,7459,6373,10212,3321,7.4618096357226795,False,False,False,True,Invasive cancer + stroma,0.05048144493280422,0.0068881034935102115,6.581971853623202e-05,0.0,0,0,1.6118037948508148,4,22,0.0,0,0,0.006581971854247494,0.006581971854291363,0.006581971854472131,0.6690644337880102,False,False,False,False
CGAGAGCTTTCACTAC-1,2774,1491,ER,CID4290,Invasive cancer + stroma,1,64,88,7364,6428,2774,1491,5.912040374909877,False,False,False,True,Invasive cancer + stroma,0.09501910687707522,0.003062151174625467,6.297265708424583e-05,0.0,0,0,2.1705354865475175,3,15,0.0,0,0,0.006297265708421555,0.006297265708424161,0.28732332033727725,0.00629726570842368,False,False,False,False
CGCCCAGCGTTTCACG-1,2099,1197,ER,CID4290,Invasive cancer + stroma,1,65,89,7459,6482,2099,1197,5.76464983325393,False,False,False,True,Invasive cancer + stroma,0.09981987526033705,0.00016822914210156363,4.205728557603428e-05,0.0,0,0,1.5659857424737371,2,10,0.0,0,0,0.004205728552547692,0.004205728552511573,0.004205728552548427,0.0042057285525486715,False,False,False,False
TTAAGTATTGTTATCC-1,2369,1283,ER,CID4290,Invasive cancer + stroma,1,64,90,7364,6537,2369,1283,5.23427606585057,False,False,False,True,Invasive cancer + stroma,0.10625063983210677,0.0122120744024265,6.0014645697690206e-05,0.27545423620270404,1,1,2.7164962242253976,4,18,0.0,0,0,0.006001464574209254,0.0060014645786449295,0.006001464574209352,1.2032030465155865,False,False,False,False
AAACGGGCGTACGGGT-1,1835,1093,ER,CID4290,Invasive cancer + stroma,1,65,91,7459,6592,1835,1093,5.231607629427793,False,False,False,True,Invasive cancer + stroma,0.11186451999980837,0.02811837852950981,6.328954526560807e-05,0.0,0,0,2.500540942950283,4,12,0.6213389204864712,1,1,0.006328954526560467,0.00632895452656059,1.5308470921545454,1.2683328517433148,False,False,False,False
GTATCCTTTGGTAACC-1,2034,1169,ER,CID4290,Invasive cancer + stroma,1,64,92,7364,6646,2034,1169,5.408062930186824,False,False,False,True,Invasive cancer + stroma,0.114657950729092,0.01728856665429067,5.90423365776689e-05,0.0,0,0,2.6076704167216973,4,12,0.0,0,0,0.7317619605180916,0.005904233657768102,0.9852862375954394,0.005904233657767553,False,False,False,False
CATAGTCAAATACATA-1,2502,1404,ER,CID4290,Invasive cancer + stroma,1,65,93,7459,6701,2502,1404,5.1958433253397285,False,False,False,True,Invasive cancer + stroma,0.09914111664657127,0.003137466735727602,6.082144337915406e-05,0.0,0,0,2.761732067533802,4,18,0.0,0,0,0.006082144337916317,0.0060821443379142255,0.29550024055901336,0.006082144337916267,False,False,False,False
TCTATGCTATAACGAC-1,2184,1223,ER,CID4290,Invasive cancer + stroma,1,64,94,7364,6756,2184,1223,5.631868131868132,False,False,False,True,Invasive cancer + stroma,0.11375926893257753,0.0002406245542941171,6.0156138622708965e-05,0.0,0,0,1.8465296205465702,3,9,0.0,0,0,0.006015613856977042,0.006015613858480076,0.006015613856977424,0.006015613856977169,False,False,False,False
ACGTTCTGTACAAGTC-1,2093,1193,ER,CID4290,Invasive cancer + stroma,1,65,95,7459,6810,2093,1193,5.351170568561873,False,False,False,True,Invasive cancer + stroma,0.10943537200293763,0.008388556656762918,6.0301833245197305e-05,0.0,0,0,2.8665203191823956,4,19,0.0,0,0,0.006030183324520488,0.006030183324519712,0.8207651157027318,0.0060301833245199376,False,False,False,False
CGCGAAGTGGCATACT-1,2288,1297,ER,CID4290,Invasive cancer + stroma,1,64,96,7364,6865,2288,1297,5.90034965034965,False,False,False,True,Invasive cancer + stroma,0.08376278985106488,0.06701589955576884,8.880297272029635e-05,0.0,0,0,2.4939878847061974,4,15,0.0,0,0,5.491307613884999,0.6703027872228392,0.5310992571970166,0.008880297272029646,True,False,True,False
ACCAACCGCACTCCAC-1,2192,1184,ER,CID4290,Invasive cancer + stroma,1,65,97,7459,6919,2192,1184,6.797445255474452,False,False,False,True,Invasive cancer + stroma,0.10111031288951007,0.025542388974420824,9.338425753476074e-05,0.0,0,0,2.4600788715454263,4,12,0.5719885432861738,1,1,0.009338425753476105,0.009338425753478959,2.5262236201816513,0.009338425753476447,False,False,False,False
GTCATGCGCGAGGGCT-1,2303,1226,ER,CID4290,Invasive cancer + stroma,1,64,98,7364,6974,2303,1226,8.684324793747287,False,False,False,True,Invasive cancer + stroma,0.06873119449423104,0.0006745743557221473,6.318968498142025e-05,0.0,0,0,1.888100886598827,3,8,0.0,0,0,0.006318968490814838,0.006318968490815002,0.0063189685131264705,0.048500530077458415,False,False,False,False
TAGGCTAAAGTGGCAC-1,1921,1123,ER,CID4290,Invasive cancer + stroma,1,65,99,7459,7029,1921,1123,6.871421134825612,False,False,False,True,Invasive cancer + stroma,0.10829690436507762,0.06719022018146903,5.9173512442420736e-05,0.0,0,0,2.21881065005888,3,14,0.0,0,0,5.8931912983929156,0.005917351244242074,0.8139960172655024,0.005917351244242054,True,False,True,False
TTGGCTCAATATGTGT-1,11736,3706,ER,CID4290,Invasive cancer + stroma + lymphocytes,1,65,113,7458,7793,11736,3706,5.547034764826176,False,False,False,True,Invasive cancer + stroma + lymphocytes,0.0979658358176015,0.11527056776421728,8.994771606853832e-05,0.5256191468403647,3,7,2.3756162276086776,4,49,0.20543627709445533,1,1,5.941807942158152,0.6700292176207111,0.008994771606854109,4.906224845036011,True,False,False,False
TTACGTATCTATGACA-1,7774,2892,ER,CID4290,Invasive cancer + stroma + lymphocytes,1,64,116,7363,7957,7774,2892,4.579367121173141,False,False,False,True,Invasive cancer + stroma + lymphocytes,0.12395528279533505,0.061377591281207955,0.00012844839462062334,0.4878698774366102,3,4,2.0969556376927354,4,27,0.42443849961571906,1,2,0.012844839462062335,1.7595580137667002,0.901041422388079,3.464314852503954,True,False,False,False
CCCATATAGGTCGATT-1,8900,3241,ER,CID4290,Invasive cancer + stroma + lymphocytes,1,65,117,7458,8012,8900,3241,5.112359550561798,False,False,False,True,Invasive cancer + stroma + lymphocytes,0.16746761462040674,0.02999387551784675,8.876201942924906e-05,0.1255184408879171,1,1,2.8634979273546204,4,74,0.0,0,0,0.008876201942927224,2.972758945955893,0.008876201942927256,0.00887620194292763,False,False,False,False
GTCCACGTCGCATTCG-1,9090,3138,ER,CID4290,Invasive cancer + stroma + lymphocytes,1,64,118,7363,8066,9090,3138,6.424642464246425,False,False,False,True,Invasive cancer + stroma + lymphocytes,0.12739028622838347,0.03548191978859533,9.318098002665576e-05,0.12366495492471147,1,1,2.8257121897864677,4,66,0.0,0,0,0.009318098002665554,1.8855943481094077,0.009318098002509509,1.6439614347449505,True,False,False,False
AATTGTGGTTGCCAAA-1,11823,3885,ER,CID4290,Invasive cancer + stroma + lymphocytes,1,65,119,7458,8121,11823,3885,4.550452507823734,False,False,False,True,Invasive cancer + stroma + lymphocytes,0.1603039148131083,0.02790264425818216,6.139587981462013e-05,0.20430589087196213,2,2,3.160572646289461,4,118,0.0,0,0,0.0061395879814609925,2.7718456618737437,0.0061395879815487366,0.006139587981462273,False,False,False,False
AGGAACGAACGACTTC-1,13746,3947,ER,CID4290,Invasive cancer + stroma + lymphocytes,1,64,120,7363,8176,13746,3947,6.576458606139967,False,False,False,True,Invasive cancer + stroma + lymphocytes,0.09602085166088223,0.02336820961422791,9.779896370336765e-05,0.3319077440275177,3,4,2.5550572237002447,4,71,0.0,0,0,0.009779896370075113,0.009779896370145548,0.009779896370490239,2.30748127231208,False,False,False,False
TAATTCCAATGCTTCA-1,19445,4842,ER,CID4290,Invasive cancer + stroma + lymphocytes,1,65,121,7458,8230,19445,4842,2.1650809976857803,False,False,False,True,Invasive cancer + stroma + lymphocytes,0.15452712430452548,0.007264031233532633,8.783452468299059e-05,0.06915569146480392,1,1,2.9234412205652003,4,162,0.0,0,0,0.008783452471438555,0.7000527659410016,0.008783452469384643,0.008783452471438467,False,False,False,False
AGGGCCCTAATGTTCT-1,15827,4334,ER,CID4290,Invasive cancer + stroma + lymphocytes,1,64,122,7363,8285,15827,4334,2.5905098881657924,False,False,False,True,Invasive cancer + stroma + lymphocytes,0.07206818809092325,0.009727154794936623,0.0011822892448034713,0.08161718566546353,1,1,2.1255508476375233,4,57,0.0,0,0,0.6289759084506918,0.009509733002196211,0.00950973300100182,0.3247201050397725,False,False,False,False
AGGTGTTGCCGACCAC-1,16317,4362,ER,CID4290,Invasive cancer + stroma + lymphocytes,1,65,123,7458,8339,16317,4362,2.8804314518600234,False,False,False,True,Invasive cancer + stroma + lymphocytes,0.1001196800737264,0.003907541317101532,9.589265031318549e-05,0.0,0,0,2.3357534453053206,4,66,0.0,0,0,0.009589265031261625,0.36198633661915225,0.009589265028477841,0.009589265031261517,False,False,False,False
CTGAGAGTAGAAATAC-1,12696,3650,ER,CID4290,Invasive cancer + stroma + lymphocytes,1,64,124,7363,8394,12696,3650,2.8749212350346567,False,False,False,True,Invasive cancer + stroma + lymphocytes,0.1387067683231304,0.02661856435886509,0.00010181911811103904,0.0,0,0,2.7968289623994957,4,94,0.0,0,0,0.01018191181116921,0.010181911811169383,0.17447230977216135,2.467020302492009,False,False,False,False
TAGAAGAAGGGTTACA-1,14484,4089,ER,CID4290,Invasive cancer + stroma + lymphocytes,1,65,125,7458,8449,14484,4089,3.3347141673570837,False,False,False,True,Invasive cancer + stroma + lymphocytes,0.17085138247672155,0.014023001469583886,9.493099345625498e-05,0.0,0,0,2.963564553605443,4,127,0.0,0,0,0.009493099347000822,0.009493099347001105,0.009493099344403259,1.3738208489199832,False,False,False,False
GGTGACTGATAGAGAG-1,9137,3134,ER,CID4290,Invasive cancer + stroma + lymphocytes,1,64,126,7363,8503,9137,3134,2.670460763926891,False,False,False,True,Invasive cancer + stroma + lymphocytes,0.21100194554494686,0.028807145934917542,9.086284782084418e-05,0.0,0,0,3.236750601208259,4,107,0.0,0,0,0.009086284782084678,0.00908628478208473,0.009086284782041425,2.8534557391455433,False,True,False,False
TACCCTCGGTAACCCT-1,5923,2393,ER,CID4290,Invasive cancer + stroma + lymphocytes,1,65,127,7458,8558,5923,2393,3.3597838932973154,False,False,False,True,Invasive cancer + stroma + lymphocytes,0.2262587097104853,0.02970296627970529,9.259247711786947e-05,0.0,0,0,3.141188364110572,4,71,0.0,0,0,0.5389154865144931,2.412862646032462,0.009259247711786999,0.00925924771178701,False,True,False,False
CGTGGTACCCAAAGGC-1,5613,2559,ER,CID4290,Invasive cancer + stroma,1,66,42,7556,3916,5613,2559,11.348654908248708,False,False,False,True,Invasive cancer + stroma,0.1801549008943977,0.011987426435445458,6.325571570011829e-05,0.0,0,0,3.0353610291834174,4,59,0.0,0,0,0.006325571570011571,0.006325571570011509,0.0063255715700116025,1.1797659288345113,False,False,False,False
TATGTAAAGTGCTTAA-1,16889,5143,ER,CID4290,Invasive cancer + stroma,1,66,44,7555,4025,16889,5143,12.62360116051868,False,False,False,True,Invasive cancer + stroma,0.10858875327740206,0.001149346554391381,6.590496790262812e-05,0.0,0,0,2.2536892917273206,4,78,0.0,0,0,0.006590496790152485,0.006590496790140353,0.006590496787901693,0.09516316507094356,False,False,False,False
GCAAGTGTAAAGCATG-1,18108,5292,ER,CID4290,Invasive cancer + stroma,1,67,45,7650,4079,18108,5292,12.767837419924897,False,False,False,True,Invasive cancer + stroma,0.08542668741587228,0.0031876404785472503,6.53369934882086e-05,0.0,0,0,2.3619013307787196,4,81,0.1465668012520797,1,1,0.006533699348820561,0.006533699349020589,0.29916294980806307,0.006533699348820785,False,False,False,False
GTAACTGCCCAAGGAG-1,9356,3523,ER,CID4290,Invasive cancer + stroma,1,66,46,7555,4134,9356,3523,9.747755451047455,False,False,False,True,Invasive cancer + stroma,0.10986655022490517,0.03285080802248965,9.11480175921367e-05,0.0,0,0,2.743867400264317,4,57,0.0,0,0,0.009114801759213732,0.009114801759236643,0.009114801759421167,3.2577363969710933,True,False,True,False
GGTGCATAAATGATTA-1,12548,4411,ER,CID4290,Invasive cancer + stroma,1,67,47,7650,4189,12548,4411,9.340133885878227,False,False,False,True,Invasive cancer + stroma,0.07665670045680754,0.023567010408518007,0.004681966819357341,0.0,0,0,1.939768354251217,4,37,0.0,0,0,0.00920539579329257,0.009205395793293275,0.009205395792438936,2.329084853472776,False,False,False,False
TAGTCCCGGAGACCAC-1,6818,2986,ER,CID4290,Invasive cancer + stroma,1,66,48,7555,4243,6818,2986,6.629510120269874,False,False,False,True,Invasive cancer + stroma,0.1577220261525208,0.0047376992086787546,9.221169847323861e-05,0.0,0,0,2.5641385075655903,4,38,0.0,0,0,0.009221169847235325,0.009221169847233588,0.44610641132617124,0.009221169847235313,False,False,False,False
CGGCCAGAGCGACCAT-1,12624,4264,ER,CID4290,Invasive cancer + stroma,1,67,49,7650,4298,12624,4264,8.832382762991129,False,False,False,True,Invasive cancer + stroma,0.1338303011268776,0.008512044229678701,9.613033911249994e-05,0.0,0,0,2.660178868052859,4,71,0.0,0,0,0.0096130339114432,0.009613033911443978,0.009613033910743128,0.8223653212342398,False,False,False,False
TGAATGAGTGTTTCCC-1,4289,2156,ER,CID4290,Invasive cancer + stroma,1,66,50,7555,4352,4289,2156,4.80298437864304,False,False,False,True,Invasive cancer + stroma,0.1408362108601292,0.04266204962001375,6.22122435834249e-05,0.0,0,0,2.6751555354598744,4,31,0.0,0,0,0.006221224358342569,0.013055811509622841,0.5274071744386251,3.719520751694785,True,False,True,False
TTCACTTCCTAGAACG-1,9721,3573,ER,CID4290,Invasive cancer + stroma,1,67,51,7650,4407,9721,3573,7.458080444398725,False,False,False,True,Invasive cancer + stroma,0.1321534335943418,0.008580450077879657,6.356196895766883e-05,0.0,0,0,2.8285857234490175,4,64,0.0,0,0,0.006356196895767628,0.838976417100663,0.006356196895767536,0.006356196895767609,False,False,False,False
CGCTTAGTATTGATAC-1,3323,1800,ER,CID4290,Invasive cancer + stroma,1,66,52,7555,4462,3323,1800,3.490821546795065,False,False,False,True,Invasive cancer + stroma,0.15244657138701423,0.00023705339990549005,5.926335013201115e-05,0.0,0,0,2.5037973329598673,3,32,0.0,0,0,0.005926334997551978,0.005926334997539764,0.005926334997905413,0.005926334997551852,False,False,False,False
AACGCGACCTTGGGCG-1,10321,3822,ER,CID4290,Invasive cancer + stroma,1,67,53,7650,4516,10321,3822,5.309563026838485,False,False,False,True,Invasive cancer + stroma,0.11782815693017006,0.002381191738074258,5.619369969377379e-05,0.0,0,0,2.150650203305955,4,48,0.0,0,0,0.005619369969378523,0.00561936996937888,0.0056193699694076825,0.2212610638992607,False,False,False,False
GTGCACCAGCTTCAAC-1,2937,1611,ER,CID4290,Invasive cancer + stroma,1,66,54,7555,4571,2937,1611,4.56247871978209,False,False,False,True,Invasive cancer + stroma,0.12474975474969062,0.005645795912468388,5.7386970930442303e-05,0.0,0,0,2.9509384552979174,4,25,0.0,0,0,0.0057386970949327406,0.005738697094932386,0.005738697094932367,0.5473634999620413,False,False,False,False
TTCTATTAAACGCAGC-1,16271,4581,ER,CID4290,Invasive cancer + stroma,1,67,55,7650,4626,16271,4581,5.4760002458361505,False,False,False,True,Invasive cancer + stroma,0.056859112103866245,0.00026243481986369357,6.56087049587148e-05,0.0,0,0,1.706195750740298,4,32,0.0,0,0,0.006560870496444987,0.006560870496278502,0.006560870497200892,0.006560870496444975,False,False,False,False
TGGCAAGCACAAGTCG-1,2695,1526,ER,CID4290,Invasive cancer + stroma,1,66,56,7555,4680,2695,1526,3.1910946196660483,False,False,False,True,Invasive cancer + stroma,0.13707105313819545,0.03907613419605014,5.783196691977561e-05,0.0,0,0,2.5967414156240904,4,19,0.0,0,0,0.6632453285011352,0.0057831966919773825,0.005783196691978607,3.2328016977199225,True,False,True,False
ATCTGCTGTTATCGCC-1,2970,1623,ER,CID4290,Invasive cancer + stroma,1,67,57,7650,4735,2970,1623,3.468013468013468,False,False,False,True,Invasive cancer + stroma,0.1263852067163385,0.003082425617221223,6.175412764230969e-05,0.0,0,0,2.6338283439650443,4,17,0.0,0,0,0.006175412764230958,0.006175412764230847,0.28971632342942955,0.006175412764230989,False,False,False,False
AATTCCAAGCATGTAC-1,2161,1303,ER,CID4290,Invasive cancer + stroma,1,66,58,7555,4789,2161,1303,3.8870893105043964,False,False,False,True,Invasive cancer + stroma,0.12711169748181925,0.024215661350774534,6.176626669565452e-05,0.0,0,0,2.876799893084697,4,16,0.0,0,0,0.006176626669567033,0.06931100798941692,2.339901873748903,0.006176626669566732,False,False,False,False
AAACGGTTGCGAACTG-1,3049,1684,ER,CID4290,Invasive cancer + stroma,1,67,59,7650,4844,3049,1684,3.8701213512627093,False,False,False,True,Invasive cancer + stroma,0.1596671465148649,0.02983825851907301,9.213530227832758e-05,0.0,0,0,2.8640175353411395,4,21,0.0,0,0,2.9561852612238035,0.00921353022783256,0.009213530227832695,0.0092135302278326,False,False,False,False
GAAGGAGTCGAGTGCG-1,1810,1086,ER,CID4290,Invasive cancer + stroma,1,66,60,7555,4899,1810,1086,4.640883977900553,False,False,False,True,Invasive cancer + stroma,0.12335165966782756,0.010090824433578014,6.193430262566515e-05,0.0,0,0,1.5699043500453695,2,8,0.0,0,0,0.006193430262567383,0.006193430262564326,0.9905021525701024,0.006193430262567181,False,False,False,False
GGCAAGCCCATAGTGG-1,4083,1954,ER,CID4290,Invasive cancer + stroma,1,67,61,7650,4953,4083,1954,5.3392113641929955,False,False,False,True,Invasive cancer + stroma,0.07294021327042498,0.030354650202311272,6.670526551895827e-05,0.20635606397974574,1,1,2.0064603498582376,4,15,0.0,0,0,0.8466770473062006,0.006670526551896991,0.006670526551895588,2.175446919821134,False,False,False,False
TGACCAAATCTTAAAC-1,1356,901,ER,CID4290,Invasive cancer + stroma,1,66,62,7555,5008,1356,901,3.3185840707964607,False,False,False,True,Invasive cancer + stroma,0.07584202323106398,0.0002348521977626635,5.8713049429079555e-05,0.0,0,0,1.5939052868193906,3,3,0.0,0,0,0.005871304944066411,0.005871304944067118,0.005871304944066306,0.005871304944066516,False,False,False,False
TTCGGTACTGTAGAGG-1,1674,978,ER,CID4290,Invasive cancer + stroma,1,67,63,7650,5063,1674,978,4.838709677419355,False,False,False,True,Invasive cancer + stroma,0.14128457184312435,0.0002533079639086267,6.24617797903833e-05,0.0,0,0,1.6073307305403624,2,8,0.0,0,0,0.006246178003356171,0.006246178002612944,0.006246178003356427,0.006592262381537131,False,False,False,False
ATGTACGATGACGTCG-1,1735,1079,ER,CID4290,Invasive cancer + stroma,1,66,64,7555,5117,1735,1079,4.034582132564841,False,False,False,True,Invasive cancer + stroma,0.09253546800818757,0.06918718299806004,6.104695589189774e-05,0.0,0,0,1.9995784667919132,3,8,0.0,0,0,3.887295690099061,0.006104695589188014,0.006104695589191315,3.0192132185285643,True,False,True,False
ATCTAGCTTGTGAGGG-1,1388,946,ER,CID4290,Invasive cancer + stroma,1,67,65,7650,5172,1388,946,4.538904899135447,False,False,False,True,Invasive cancer + stroma,0.10650812034879471,0.02135171580363635,6.115534046300461e-05,0.0,0,0,1.2099156155832627,2,3,0.0,0,0,0.006115534046300771,2.1168249782247317,0.006115534046301587,0.006115534046300441,False,False,False,False
AGCGGGTCTGACACTC-1,2519,1418,ER,CID4290,Invasive cancer + stroma,1,66,66,7555,5226,2519,1418,3.9301310043668125,False,False,False,True,Invasive cancer + stroma,0.10403249282467526,0.054812669613645344,8.98782902028939e-05,0.0,0,0,1.9195028789854016,3,11,0.0,0,0,0.008987829020288558,0.008987829020288303,0.008987829020289377,5.454303474303669,True,False,True,False
GAGGTACGCGTGTCCC-1,2206,1303,ER,CID4290,Invasive cancer + stroma,1,67,67,7650,5281,2206,1303,3.1731640979147784,False,False,False,True,Invasive cancer + stroma,0.100874464953308,0.01610438095949557,8.713696655579933e-05,0.0,0,0,2.0266763569273123,3,11,0.0,0,0,0.008713696655578581,0.02935872527948979,1.1783657957970732,0.39399987821741556,False,False,False,False
GCACTGCCTACCTTTA-1,5337,2417,ER,CID4290,Invasive cancer + stroma,1,66,68,7555,5336,5337,2417,2.904253325838486,False,False,False,True,Invasive cancer + stroma,0.08613450628869042,0.004341132766384278,8.305804459434439e-05,0.0,0,0,2.4204200978527055,4,39,0.0,0,0,0.40197892851445916,0.008305804459434931,0.008305804459434608,0.01552273920509915,False,False,False,False
GGAGCGAGGCCTACTT-1,2584,1419,ER,CID4290,Invasive cancer + stroma,1,67,69,7650,5390,2584,1419,3.9473684210526314,False,False,False,True,Invasive cancer + stroma,0.12609037553564756,0.058277455890808294,5.926443783660034e-05,0.0,0,0,2.6923047009916843,4,18,0.0,0,0,0.005926443793024395,0.005926443793024221,0.005926443793024192,5.809966257701757,True,False,True,False
AAACTCGGTTCGCAAT-1,2082,1266,ER,CID4290,Invasive cancer + stroma,1,66,70,7555,5445,2082,1266,3.218059558117195,False,False,False,True,Invasive cancer + stroma,0.12754174133141788,0.02020528383737016,3.806572937753532e-05,0.0,0,0,2.5328482735333933,4,13,0.0,0,0,1.3812183005161494,0.0038065729377536554,0.6305908968501888,0.004912613432924354,False,False,False,False
GGCGCTTCATTCCCTG-1,7479,2741,ER,CID4290,Invasive cancer + stroma,1,67,71,7650,5499,7479,2741,4.679770022730311,False,False,False,True,Invasive cancer + stroma,0.07604970183105263,0.04565329093693653,6.456010450890329e-05,0.14148351119056982,1,1,2.0745263819528623,4,27,0.0,0,0,4.5459610623409805,0.0064560104508906225,0.006456010450891034,0.006456010450890349,True,False,False,False
TGCTCGGTGGGTCACC-1,6280,2606,ER,CID4290,Invasive cancer + stroma,1,66,72,7555,5554,6280,2606,2.8343949044585988,False,False,False,True,Invasive cancer + stroma,0.16494536463785645,0.00023979902995239445,5.9949757472284906e-05,0.0,0,0,2.978967296609698,4,59,0.0,0,0,0.005994975747266563,0.005994975753439794,0.005994975747266476,0.005994975747266612,False,False,False,False
AAGCGCAGGGCTTTGA-1,27625,5499,ER,CID4290,Invasive cancer + stroma,1,67,73,7650,5609,27625,5499,4.427149321266969,False,False,False,True,Invasive cancer + stroma,0.0718363709753315,0.009706927211192094,0.0013598591963621617,0.05149126053852049,1,1,1.9950895449515509,4,80,0.0,0,0,0.3133756710796103,0.01025374024271072,0.1888384395234861,0.45822487027340225,False,False,False,False
GACCTTCCACGTCTAC-1,6043,2479,ER,CID4290,Invasive cancer + stroma,1,66,74,7555,5663,6043,2479,4.236306470296211,False,False,False,True,Invasive cancer + stroma,0.11084261510348452,0.019863844225828525,6.634934795478065e-05,0.0,0,0,2.4466508359353574,4,35,0.0,0,0,0.006634934795478141,0.006634934795477903,0.0066349347954871764,1.966479618196409,False,False,False,False
GTTAGCCCATGACATC-1,7023,2767,ER,CID4290,Invasive cancer + stroma,1,67,75,7650,5718,7023,2767,3.559732308130428,False,False,False,True,Invasive cancer + stroma,0.0743858000819983,0.009278143181222541,0.0016245359350560312,0.0,0,0,2.051575170358503,4,21,0.0,0,0,0.30164084223023385,0.009316267987441649,0.6075409399171364,0.009316267987442148,False,False,False,False
AATTCGATTCGAGGAT-1,5929,2488,ER,CID4290,Invasive cancer + stroma,1,66,76,7554,5773,5929,2488,3.9467026480013487,False,False,False,True,Invasive cancer + stroma,0.10786761128330764,0.029100526249315084,9.09996541963506e-05,0.0,0,0,2.1091907914706662,4,23,0.0,0,0,0.00909996541963507,0.009099965419635184,0.009099965419635122,2.882752728672603,False,False,False,False
AGTCTTTAAAGTGTCC-1,2973,1527,ER,CID4290,Invasive cancer + stroma,1,67,77,7649,5827,2973,1527,3.1617894382778338,False,False,False,True,Invasive cancer + stroma,0.12958005439864587,0.00868982094622097,0.009281565965767274,0.0,0,0,2.67892317847935,4,18,0.4910995768576382,1,1,0.005833660909335613,0.005833660909335375,0.005833660909336013,0.8514811118940901,False,False,False,False
GACTAGGCCGTTAGGT-1,10887,3456,ER,CID4290,Invasive cancer + stroma,1,66,78,7554,5882,10887,3456,5.446863231376872,False,False,False,True,Invasive cancer + stroma,0.07871567395270483,0.017342643283263702,9.589189023818802e-05,0.0,0,0,1.9873176744340362,4,35,0.0,0,0,0.009589189023996775,0.009589189025540299,0.2603101844119092,1.4547757658649239,False,False,False,False
TCCAAGCCTAGACACA-1,2733,1481,ER,CID4290,Invasive cancer + stroma,1,67,79,7649,5936,2733,1481,3.256494694474936,False,False,False,True,Invasive cancer + stroma,0.09635660234318522,0.01620258986390867,6.129276968585765e-05,0.0,0,0,2.5328745742640066,4,17,0.0,0,0,0.006129276968585715,0.006129276968585765,1.6018711554851097,0.006129276968585664,False,False,False,False
GATTGGGAAAGGTTGT-1,11003,3407,ER,CID4290,Invasive cancer + stroma,1,66,80,7554,5991,11003,3407,5.707534308824866,False,False,False,True,Invasive cancer + stroma,0.08244161166290924,0.0002639612412495913,0.005417907711724556,0.0,0,0,2.3357759884563896,4,43,0.0,0,0,0.006599031031151645,0.006599031030877431,0.006599031031778177,0.00659903103115188,False,False,False,False
GATGAGGAACCTTCGG-1,12112,3803,ER,CID4290,Invasive cancer + stroma,1,67,81,7649,6046,12112,3803,5.515191545574637,False,False,False,True,Invasive cancer + stroma,0.06530596424176205,0.0025463837046143735,6.560416979130069e-05,0.0,0,0,2.199459444731258,4,44,0.0,0,0,0.006560416979326619,0.006560416979327495,0.23495711952345633,0.006560416979326917,False,False,False,False
TGAATACCGACGCGTA-1,4976,2257,ER,CID4290,Invasive cancer + stroma,1,66,82,7554,6100,4976,2257,5.667202572347267,False,False,False,True,Invasive cancer + stroma,0.09637411089208252,0.008220887745715756,6.480747378728933e-05,0.0,0,0,2.239019789283593,4,17,0.0,0,0,0.0064807473787288905,0.006480747378728604,0.8026465324353893,0.006480747378728902,False,False,False,False
AATCGTGAGCCGAGCA-1,16971,4521,ER,CID4290,Invasive cancer + stroma,1,67,83,7649,6155,16971,4521,5.892404690354133,False,False,False,True,Invasive cancer + stroma,0.06186745584332217,0.006006824334867851,0.0017908885272975936,0.0,0,0,1.9338318371487355,4,44,0.0,0,0,0.006349429883592176,0.006349429886304253,0.5239693533236008,0.0640142203932879,False,False,False,False
GCGAAGAATCTGACGG-1,4443,2036,ER,CID4290,Invasive cancer + stroma,1,66,84,7554,6209,4443,2036,5.761872608597794,False,False,False,True,Invasive cancer + stroma,0.05926987920548244,0.03412274145965893,6.416552556016866e-05,0.19648000736087637,1,1,1.727890126751756,4,10,0.0,0,0,3.393024488297884,0.00641655255600196,0.006416552556003275,0.006416552556003694,True,False,False,False
GAACAACTGGGATGAA-1,13243,3737,ER,CID4290,Invasive cancer + stroma,1,67,85,7649,6264,13243,3737,7.082987238541117,False,False,False,True,Invasive cancer + stroma,0.0702406257104966,0.002681045123105637,9.717887909315076e-05,0.0,0,0,2.3489435803880996,4,54,0.0,0,0,0.009717887909366077,0.009717887909366289,0.2389508485824653,0.009717887909366035,False,False,False,False
TCGCCGACATATTCGC-1,3148,1582,ER,CID4290,Invasive cancer + stroma,1,66,86,7554,6319,3148,1582,5.90851334180432,False,False,False,True,Invasive cancer + stroma,0.09512817835530453,0.0249329208763871,5.9620245861912394e-05,0.0,0,0,2.2508589882662964,4,15,0.0,0,0,0.005962024586190647,0.005962024586190685,0.00596202458619055,2.4754060138801384,False,False,False,False
CGTAGAGAGTAATTAT-1,4171,1910,ER,CID4290,Invasive cancer + stroma,1,67,87,7649,6373,4171,1910,5.322464636777751,False,False,False,True,Invasive cancer + stroma,0.12695671902189673,0.00036612639512320145,9.153159878080146e-05,0.0,0,0,2.5845004694044493,4,29,0.0,0,0,0.009153159878080146,0.009153159878079603,0.009153159878080323,0.009153159878080073,False,False,False,False
CGATAGTCGTACTGCA-1,2843,1547,ER,CID4290,Invasive cancer + stroma,1,66,88,7554,6428,2843,1547,3.9395005276116777,False,False,False,True,Invasive cancer + stroma,0.07827143627516293,0.012189333016407383,6.061077827782574e-05,0.0,0,0,2.5966333874199763,4,17,0.0,0,0,0.006061077827781793,0.006061077827781645,1.200750068157393,0.006061077827781873,False,False,False,False
CGCATGCCGAATGCGT-1,2973,1615,ER,CID4290,Invasive cancer + stroma,1,67,89,7649,6483,2973,1615,4.7090480995627315,False,False,False,True,Invasive cancer + stroma,0.16728375341607407,0.003488156850954808,0.00098898436404381,0.0,0,0,2.1975403272310823,3,19,0.0,0,0,0.33005194849289615,0.0062545788675284035,0.006254578867528119,0.0062545788675281285,False,False,False,False
CTCTAGCCCTCGGAAA-1,2060,1172,ER,CID4290,Invasive cancer + stroma,1,66,90,7554,6537,2060,1172,4.854368932038835,False,False,False,True,Invasive cancer + stroma,0.09149077176468924,0.01838557847260078,6.0841186991613385e-05,0.0,0,0,1.8419847890715866,3,8,0.0,0,0,1.3420026916076477,0.006084118699164996,0.4843869182541014,0.006084118699164064,False,False,False,False
TCCAACTCAGCTATCT-1,3483,1826,ER,CID4290,Invasive cancer + stroma,1,67,91,7649,6592,3483,1826,4.277921332184898,False,False,False,True,Invasive cancer + stroma,0.11337434764031416,0.02612025651992186,5.823229215008838e-05,0.0,0,0,2.2060388560324435,3,21,0.0,0,0,0.005823229215008838,0.005823229215008924,0.005823229215008858,2.5945559643471596,False,False,False,False
GTCTAGTGAGCCGCTT-1,1422,906,ER,CID4290,Invasive cancer + stroma,1,66,92,7554,6646,1422,906,3.727144866385373,False,False,False,True,Invasive cancer + stroma,0.13105527464075822,0.033167737852115284,6.828560068178483e-05,0.0,0,0,2.3970050919217325,3,13,0.0,0,0,3.2962881050069948,0.006828560068177815,0.006828560068177782,0.006828560068178361,True,False,True,False
TACCGAATAATTGTAA-1,3510,1723,ER,CID4290,Invasive cancer + stroma,1,67,93,7649,6701,3510,1723,5.014245014245014,False,False,False,True,Invasive cancer + stroma,0.07851151472677764,0.008941877263010057,5.8112471812797296e-05,0.0,0,0,2.4537994350903407,4,19,0.0,0,0,0.005811247181279445,0.005811247181281926,0.8767539847571645,0.005811247181279918,False,False,False,False
ATATAACACGGGCGCA-1,3259,1737,ER,CID4290,Invasive cancer + stroma,1,66,94,7554,6756,3259,1737,4.47990181037128,False,False,False,True,Invasive cancer + stroma,0.10336635218218902,0.012462854204178992,9.112952762909883e-05,0.0,0,0,1.9478981224198146,3,14,0.0,0,0,0.5024949005421837,0.009112952762909425,0.20481031853579143,0.5298672485770146,False,False,False,False
GCATGCTAATAACGAT-1,3175,1664,ER,CID4290,Invasive cancer + stroma,1,67,95,7649,6810,3175,1664,5.102362204724409,False,False,False,True,Invasive cancer + stroma,0.10560302429259778,0.017546649241261175,5.91775856589773e-05,0.0,0,0,1.7648937298915157,3,11,0.0,0,0,0.005917758565897374,0.005917758565898395,0.0059177585658974205,1.7369116484284242,False,False,False,False
TCCGGGCTTGACGGGA-1,2278,1309,ER,CID4290,Invasive cancer + stroma,1,66,96,7554,6865,2278,1309,4.653204565408252,False,False,False,True,Invasive cancer + stroma,0.09683769460259399,0.0001615024237229704,4.037560594147132e-05,0.0,0,0,2.3090325068948543,4,12,0.0,0,0,0.004037560594145008,0.004037560595569237,0.004037560588437138,0.004037560594145657,False,False,False,False
ATTATTCAGAGTCACT-1,2552,1390,ER,CID4290,Invasive cancer + stroma,1,67,97,7649,6920,2552,1390,5.2115987460815045,False,False,False,True,Invasive cancer + stroma,0.09192322379548633,0.000155096249178002,3.877406236100604e-05,0.0,0,0,2.604955619800701,4,15,0.0,0,0,0.003877406229449624,0.0038774062294513203,0.00387740622944975,0.0038774062294495066,False,False,False,False
TAGCAGTATGACTAAA-1,2235,1263,ER,CID4290,Invasive cancer + stroma,1,66,98,7554,6974,2235,1263,5.279642058165549,False,False,False,True,Invasive cancer + stroma,0.1363610518780105,0.026225847112327273,9.388161319072707e-05,0.0,0,0,2.195270676968154,3,16,0.0,0,0,0.009388161319072686,0.009388161319073414,2.594420227275508,0.009388161319072707,False,False,False,False
TATGAAGAATTAAGGT-1,2891,1555,ER,CID4290,Invasive cancer + stroma,1,67,99,7649,7029,2891,1555,4.047042545831892,False,False,False,True,Invasive cancer + stroma,0.16545418381284288,0.01315325165598927,5.8355568402795114e-05,0.0,0,0,2.7220287756118458,4,26,0.0,0,0,0.005835556840279615,1.2978184950780882,0.005835556840279331,0.005835556840279796,False,False,False,False
TGCGTACGGCTAATTG-1,1761,1007,ER,CID4290,Invasive cancer + stroma,1,67,101,7649,7138,1761,1007,4.713231118682567,False,False,False,True,Invasive cancer + stroma,0.09085354619982969,0.01932731842875805,6.230355053180759e-05,0.0,0,0,1.3640743527840107,2,7,0.0,0,0,0.006230355053178261,0.006230355053180454,0.3835892949053139,1.5366818378641325,False,False,False,False
TATTGCCGGGCTTGTA-1,4031,1964,ER,CID4290,Invasive cancer + stroma + lymphocytes,1,67,113,7648,7793,4031,1964,5.532126023319275,False,False,False,True,Invasive cancer + stroma + lymphocytes,0.2552823343218772,0.000250499065101896,0.009858843854375986,0.0,0,0,3.266905041480954,4,47,0.4157515610922767,1,1,0.0062624766275469375,0.006262476627547417,0.006262476627547622,0.006262476627547622,False,True,False,False
GGTAAACTCTGCGCTG-1,8393,3117,ER,CID4290,Invasive cancer + stroma + lymphocytes,1,66,114,7553,7848,8393,3117,5.56416061003217,False,False,False,True,Invasive cancer + stroma + lymphocytes,0.14056545773112936,0.07485175757252802,8.971103084812026e-05,0.7904230800302984,4,8,2.555645541235968,4,47,0.4062482036041069,1,2,0.008971103084812181,3.282036991249189,0.4951408302161569,3.699026832702643,True,False,False,False
GGACGGGCGACCAACC-1,10340,3762,ER,CID4290,Invasive cancer + stroma + lymphocytes,1,67,117,7648,8012,10340,3762,2.495164410058027,False,False,False,True,Invasive cancer + stroma + lymphocytes,0.13638526214539767,0.01789263450648504,8.990149207034517e-05,0.22552317384671028,2,2,2.9144568297412867,4,85,0.0,0,0,0.008990149207035052,0.008990149207033922,0.008990149205249782,1.762293003029185,False,False,False,False
GAGAGGCCTATGTGTA-1,12884,4180,ER,CID4290,Invasive cancer + stroma + lymphocytes,1,66,118,7553,8066,12884,4180,4.020490530891028,False,False,False,True,Invasive cancer + stroma + lymphocytes,0.1956218226640423,0.020615663823859424,0.002091096695074523,0.095741957489555,1,1,3.2023296138373833,4,151,0.0,0,0,0.3987280315104409,0.008753608213895698,0.008753608213025706,1.6453311344485804,False,True,False,False
TCGTAACTCCCAAGAC-1,11235,3663,ER,CID4290,Invasive cancer + stroma + lymphocytes,1,67,119,7648,8121,11235,3663,3.2487761459724074,False,False,False,True,Invasive cancer + stroma + lymphocytes,0.0944464317544231,0.013551825048383417,6.197083461350395e-05,0.10610280968799034,1,1,2.445552783393879,4,55,0.0,0,0,1.336591254454275,0.006197083461350445,0.006197083461365924,0.0061970834613503546,False,False,False,False
CGTATCTAGAACTAAG-1,15962,4453,ER,CID4290,Invasive cancer + stroma + lymphocytes,1,66,120,7553,8176,15962,4453,1.99849642901892,False,False,False,True,Invasive cancer + stroma + lymphocytes,0.11025519464166235,0.007472674164492098,9.220476625756776e-05,0.0,0,0,2.6594526500388076,4,101,0.0,0,0,0.3417766000843549,0.009220476626599519,0.009220476625212163,0.38704986311304324,False,False,False,False
GCACCTTCCCGAAGGT-1,14187,4102,ER,CID4290,Invasive cancer + stroma + lymphocytes,1,67,121,7648,8230,14187,4102,4.024811447099457,False,False,False,True,Invasive cancer + stroma + lymphocytes,0.1419540931230267,0.008136815105792427,9.057550750547705e-05,0.0,0,0,2.810770787110018,4,112,0.0,0,0,0.009306530460128528,0.00905755075031984,0.009057550751130874,0.7862598786176634,False,False,False,False
TACCTCTTTACCATCC-1,11534,3672,ER,CID4290,Invasive cancer + stroma + lymphocytes,1,66,122,7553,8285,11534,3672,2.930466447026183,False,False,False,True,Invasive cancer + stroma + lymphocytes,0.16228755703360687,0.016280999602516794,5.9259447859548034e-05,0.10405564770005071,1,1,2.959257103302403,4,94,0.0,0,0,1.610322125894155,0.0059259447857349075,0.005925944786055183,0.005925944785734627,False,False,False,False
TGACTCTAACTGGTAA-1,16470,4589,ER,CID4290,Invasive cancer + stroma + lymphocytes,1,67,123,7648,8340,16470,4589,3.0358227079538556,False,False,False,True,Invasive cancer + stroma + lymphocytes,0.0980850767531078,0.002375451755887551,6.289469886970542e-05,0.0,0,0,2.3718529740058187,4,76,0.0,0,0,0.006289469886729348,0.21867676592829516,0.006289469887001057,0.006289469886729521,False,False,False,False
GAGAAACTGGATCCCA-1,22337,5494,ER,CID4290,Invasive cancer + stroma + lymphocytes,1,66,124,7553,8394,22337,5494,3.3307964364059632,False,False,False,True,Invasive cancer + stroma + lymphocytes,0.11513029267274165,0.021070427199953383,0.0016219656071975708,0.0,0,0,2.566033646461144,4,124,0.0,0,0,0.009411524217698673,0.009411524217696999,0.009411524216089413,2.078808147343853,False,False,False,False
ATCCGGACCAGCCTGA-1,12087,3745,ER,CID4290,Invasive cancer + stroma + lymphocytes,1,67,125,7648,8449,12087,3745,4.5917101017622235,False,False,False,True,Invasive cancer + stroma + lymphocytes,0.22505821693755412,0.012806212053155774,6.224062451728592e-05,0.0,0,0,3.517996001485825,4,181,0.0,0,0,0.006224062451729658,0.006224062451729758,0.006224062451042958,1.261949017961075,False,True,False,False
TTATTTAGGTTCCTTA-1,4240,2003,ER,CID4290,Invasive cancer + stroma + lymphocytes,1,66,126,7553,8503,4240,2003,3.490566037735849,False,False,False,True,Invasive cancer + stroma + lymphocytes,0.30241365358758093,0.05007127777546725,6.0046582440051884e-05,0.0,0,0,3.9297775234017243,4,110,0.0,0,0,0.006004658244004748,0.0060046582440055705,1.0415605377690216,3.953557923289693,True,True,True,False
CGAATTCCCGGTTCAA-1,9141,3286,ER,CID4290,Invasive cancer + stroma + lymphocytes,1,67,127,7648,8558,9141,3286,4.583743572913248,False,False,False,True,Invasive cancer + stroma + lymphocytes,0.13549420252064248,0.034890920446322575,9.539745718004595e-05,0.0,0,0,2.734891719517227,4,57,0.0,0,0,0.009539745718004639,0.06187811546226019,0.00953974571810174,3.408134437733891,True,False,True,False
GAGCGGAATGCGGTGT-1,10005,3751,ER,CID4290,Invasive cancer + stroma,1,68,48,7745,4243,10005,3751,9.645177411294354,False,False,False,True,Invasive cancer + stroma,0.09403119376076667,0.035116527763338796,0.012541065164273179,0.11548287904558362,1,1,2.372118425071192,4,49,0.46193151618233447,2,2,0.17013300114000174,0.0094495593638452,0.009449559362995389,3.3226206564670373,True,False,False,False
CGTAACTTCGACACTT-1,8862,3382,ER,CID4290,Invasive cancer + stroma,1,68,50,7745,4353,8862,3382,8.192281651997293,False,False,False,True,Invasive cancer + stroma,0.056361859217004484,0.01643686606112256,9.007301291299036e-05,0.1258961405573992,1,1,1.8842907477818627,4,31,0.0,0,0,1.0297180356039128,0.00900730129149557,0.009007301291519587,0.5959539679253278,False,False,False,False
TGATCACCACACTGAC-1,5959,2637,ER,CID4290,Invasive cancer + stroma,1,69,51,7840,4407,5959,2637,8.793421715052862,False,False,False,True,Invasive cancer + stroma,0.09812138843809559,0.013494767625293507,6.424674617672358e-05,0.0,0,0,2.736209809642278,4,38,0.0,0,0,1.3302027386763324,0.006424674617673448,0.006424674617672494,0.006424674617672442,False,False,False,False
CATACTTCTTTCTCCG-1,11176,3918,ER,CID4290,Invasive cancer + stroma,1,68,52,7745,4462,11176,3918,5.476020042949177,False,False,False,True,Invasive cancer + stroma,0.06949360768966271,0.0002482225092693503,6.205562731859726e-05,0.0,0,0,1.829608407891677,4,31,0.0,0,0,0.006205562731838503,0.006205562731838705,0.006205562731419301,0.006205562731838524,False,False,False,False
CAAGTAAGTGATAGAC-1,10197,3929,ER,CID4290,Invasive cancer + stroma,1,69,53,7840,4517,10197,3929,6.8157301167009905,False,False,False,True,Invasive cancer + stroma,0.08669758997039805,0.017267547867946927,0.000707100545940353,0.0,0,0,2.3407853170117616,4,42,0.0,0,0,0.006486486161393276,0.006486486161393106,0.39286585027893606,1.3209159641929702,False,False,False,False
AGCCCGCAACAAGCAG-1,25139,6104,ER,CID4290,Invasive cancer + stroma,1,68,54,7745,4571,25139,6104,5.298540116949759,False,False,False,True,Invasive cancer + stroma,0.05208180275044909,0.011102278011723917,0.005000863009482989,0.0,0,0,1.5447427824081101,4,51,0.0,0,0,0.00636778918254078,0.00636778918288336,0.006367789182434057,1.0911244336245336,False,False,False,False
GCTCCATGCAAAGCAA-1,9515,3663,ER,CID4290,Invasive cancer + stroma,1,69,55,7840,4626,9515,3663,7.451392538097741,False,False,False,True,Invasive cancer + stroma,0.15855306628518356,0.007991806260130326,6.109353688093209e-05,0.0,0,0,2.6998517707142113,4,77,0.0,0,0,0.46925967120669115,0.006109353688037996,0.0061093536880379275,0.3177022474302654,False,False,False,False
TCGTACCGACGTCAAG-1,5047,2372,ER,CID4290,Invasive cancer + stroma,1,68,56,7745,4680,5047,2372,6.340400237765009,False,False,False,True,Invasive cancer + stroma,0.10499343734568399,0.00024963565004458056,6.240891251112438e-05,0.0,0,0,2.310157661611738,4,23,0.0,0,0,0.0062408912511145425,0.006240891251114482,0.006240891251114491,0.0062408912511145425,False,False,False,False
ATTATCGGAATGTACG-1,3212,1730,ER,CID4290,Invasive cancer + stroma,1,69,57,7840,4735,3212,1730,5.074719800747198,False,False,False,True,Invasive cancer + stroma,0.13431612689051162,0.005362672023183243,6.0876079070311365e-05,0.0,0,0,2.711763409957439,4,20,0.0,0,0,0.00608760790704041,0.006087607907032199,0.006087607907031196,0.5180043785972205,False,False,False,False
ACCTACTATAAATCTA-1,16447,4615,ER,CID4290,Invasive cancer + stroma,1,68,58,7745,4790,16447,4615,4.626983644433635,False,False,False,True,Invasive cancer + stroma,0.07900556842752653,0.0002672774590843047,6.681936476099438e-05,0.0,0,0,2.0122425158603208,4,47,0.0,0,0,0.006681936476269312,0.0066819364774540905,0.0066819364784377,0.006681936476269367,False,False,False,False
TATCCTATCAACTGGT-1,9030,3230,ER,CID4290,Invasive cancer + stroma,1,69,59,7840,4844,9030,3230,6.267995570321151,False,False,False,True,Invasive cancer + stroma,0.05514512479355238,0.011048740763446283,9.607350674582228e-05,0.0,0,0,1.3610198065386407,3,15,0.0,0,0,0.009607350674454625,0.009607350674457683,0.009607350672113714,1.0760520243236023,False,False,False,False
GCGCGGTCTAGTAACT-1,6439,2755,ER,CID4290,Invasive cancer + stroma,1,68,60,7745,4899,6439,2755,3.5409225034943317,False,False,False,True,Invasive cancer + stroma,0.11145058923213043,0.04289792995950887,6.412965632789306e-05,0.0,0,0,2.5917829474242655,4,36,0.0,0,0,0.006412965632789075,0.006412965632789462,0.006412965632789118,4.270554099052519,True,False,True,False
CCTTCGTATAGAATCC-1,6166,2727,ER,CID4290,Invasive cancer + stroma,1,69,61,7840,4953,6166,2727,4.5572494323710675,False,False,False,True,Invasive cancer + stroma,0.10146733635083612,0.009709898586531944,8.903721796017746e-05,0.0,0,0,2.2122482387869478,4,27,0.0,0,0,0.008903721796017148,0.008903721796017167,0.3105991428236707,0.6425832722374895,False,False,False,False
TGGGCGATACAATAAG-1,7988,3016,ER,CID4290,Invasive cancer + stroma,1,68,62,7745,5008,7988,3016,5.395593390085128,False,False,False,True,Invasive cancer + stroma,0.06431016279135715,0.037025911311510964,6.503997854206945e-05,0.13529407555914869,1,1,2.0377151302265166,4,23,0.0,0,0,0.00650399785420151,0.006503997854201002,0.006503997854483323,3.6830791375882104,True,False,False,False
TGACATGTAACGTGAC-1,2216,1309,ER,CID4290,Invasive cancer + stroma,1,69,63,7840,5063,2216,1309,3.5198555956678703,False,False,False,True,Invasive cancer + stroma,0.14032271204785188,0.007762909466609421,0.013210084293835621,0.0,0,0,2.5550617252018513,4,12,0.0,0,0,0.008492875355272888,0.008492875355273042,0.008492875355272905,0.7508123205951233,False,False,False,False
TTGGGAAGACGAGCCG-1,1669,1058,ER,CID4290,Invasive cancer + stroma,1,68,64,7745,5117,1669,1058,3.9544637507489515,False,False,False,True,Invasive cancer + stroma,0.10405510876854697,0.04355821309005659,5.840197398021362e-05,0.0,0,0,2.7358586839936243,4,11,0.0,0,0,1.5095466174674377,0.00584019739944642,0.0058401973994474,2.834594296739328,True,False,True,False
GGTGTAAATCGATTGT-1,1718,1056,ER,CID4290,Invasive cancer + stroma,1,69,65,7840,5172,1718,1056,4.132712456344587,False,False,False,True,Invasive cancer + stroma,0.11561172121751423,0.011104195100610252,5.9391860986876495e-05,0.0,0,0,2.477412497385042,4,8,0.0,0,0,1.0926019517673824,0.005939186097881254,0.005939186097880839,0.005939186097880598,False,False,False,False
GAACTGTGGAGAGACA-1,1128,757,ER,CID4290,Invasive cancer + stroma,1,68,66,7745,5226,1128,757,5.053191489361701,False,False,False,True,Invasive cancer + stroma,0.13543482383156333,0.03409377345093512,9.061489253568979e-05,0.0,0,0,2.5306597563184092,3,10,0.0,0,0,1.450902284481042,0.009061489253567397,1.9401759352315182,0.009237636127384726,True,False,True,False
TCCACATCGTATATTG-1,870,639,ER,CID4290,Invasive cancer + stroma,1,69,67,7840,5281,870,639,4.597701149425287,False,False,False,True,Invasive cancer + stroma,0.14109072910527432,0.06341591464591059,9.600649479671657e-05,0.0,0,0,2.057028081338967,3,4,0.0,0,0,4.615675437958367,0.009600649476669712,0.009600649479674251,1.7067147276763481,True,False,True,False
CCTATGGTCAAAGCTG-1,1591,1054,ER,CID4290,Invasive cancer + stroma,1,68,68,7745,5336,1591,1054,3.6455059710873665,False,False,False,True,Invasive cancer + stroma,0.1366372281830665,0.007810278727694505,0.010544617443019093,0.0,0,0,2.2802509203697467,3,12,0.0,0,0,0.0062241082296894375,0.006224108229688544,0.006224108229689578,0.762355548080383,False,False,False,False
TCCTTGTCCTTTAATT-1,1423,913,ER,CID4290,Invasive cancer + stroma,1,69,69,7840,5390,1423,913,4.2164441321152495,False,False,False,True,Invasive cancer + stroma,0.15182502933728612,0.0003741384059382354,9.353460152815577e-05,0.0,0,0,1.982685033506267,3,8,0.0,0,0,0.009353460149371684,0.009353460145695469,0.009353460149378084,0.009353460149378297,False,False,False,False
AAGTTTATGGGCCCAA-1,3052,1549,ER,CID4290,Invasive cancer + stroma,1,68,70,7745,5445,3052,1549,5.766710353866317,False,False,False,True,Invasive cancer + stroma,0.13178044276956763,0.0003838640924053237,9.596602318273206e-05,0.0,0,0,2.5235228952844384,4,19,0.0,0,0,0.009596602310132133,0.009596602310135274,0.009596602310132417,0.009596602310132549,False,False,False,False
GTCCGGGTTCACATTA-1,5322,2283,ER,CID4290,Invasive cancer + stroma,1,69,71,7840,5500,5322,2283,5.035700864336715,False,False,False,True,Invasive cancer + stroma,0.152747798645545,0.04102946757813585,6.134299692908266e-05,0.0,0,0,2.691974057792549,4,45,0.0,0,0,0.006134299692908046,0.006134299692908275,0.313400615293486,3.777277543134283,True,False,True,False
ATGTAGCGCGCGTAGG-1,7153,2576,ER,CID4290,Invasive cancer + stroma,1,68,72,7745,5554,7153,2576,5.717880609534461,False,False,False,True,Invasive cancer + stroma,0.06623079190578701,0.016352886428391715,9.714619329966804e-05,0.0,0,0,1.7886911360416335,4,19,0.0,0,0,1.6061447848492696,0.00971461932996645,0.00971461932996788,0.009714619329967825,False,False,False,False
TACGGAAGCCAAACCA-1,7584,3040,ER,CID4290,Invasive cancer + stroma,1,69,73,7840,5609,7584,3040,4.799578059071729,False,False,False,True,Invasive cancer + stroma,0.06244842037665832,0.0014298754766686958,0.009663246086050872,0.0,0,0,1.9911289541318948,4,27,0.0,0,0,0.11812145825475906,0.008288696470703362,0.008288696470703627,0.008288696470703542,False,False,False,False
GCCCTGAGGATGGGCT-1,12669,4219,ER,CID4290,Invasive cancer + stroma,1,68,74,7745,5663,12669,4219,2.888941510774331,False,False,False,True,Invasive cancer + stroma,0.09470036279397563,0.01742972672484835,8.751288374550337e-05,0.0,0,0,2.3016117628439066,4,62,0.0,0,0,1.355986927826076,0.008751288374539519,0.3694831679096796,0.008751288374539678,False,False,False,False
CGGGCGATGGATCACG-1,4022,2231,ER,CID4290,Invasive cancer + stroma,1,69,75,7840,5718,4022,2231,2.78468423669816,False,False,False,True,Invasive cancer + stroma,0.1371313925818765,0.0003184609967518861,0.002411151352032113,0.0,0,0,2.786406113186014,4,29,0.0,0,0,0.00796152491879705,0.007961524918796467,0.007961524918797504,0.007961524918797593,False,False,False,False
TGCGGACTTGACTCCG-1,2362,1406,ER,CID4290,Invasive cancer + stroma,1,68,76,7745,5773,2362,1406,3.048264182895851,False,False,False,True,Invasive cancer + stroma,0.12642221793377947,0.02907909031474573,5.5667112045483766e-05,0.37464239532500093,1,2,2.666200092206216,4,15,0.0,0,0,0.005566711207067446,0.0055667112070686975,0.005566711207067599,2.891208897853369,False,False,False,False
TAATACTAGAACAGAC-1,2047,1231,ER,CID4290,Invasive cancer + stroma,1,69,77,7840,5827,2047,1231,3.2730825598436737,False,False,False,True,Invasive cancer + stroma,0.15338591584328407,0.00022816892427458677,5.7042231077484716e-05,0.0,0,0,2.966055946354321,4,22,0.0,0,0,0.0057042231077476906,0.005704223104214695,0.005704223107747989,0.005704223107748305,False,False,False,False
TCAAATTGTTGTGCCG-1,2428,1310,ER,CID4290,Invasive cancer + stroma,1,68,78,7744,5882,2428,1310,4.036243822075782,False,False,False,True,Invasive cancer + stroma,0.11069469982421953,0.0002446327276403195,6.11581820612878e-05,0.0,0,0,2.052680442688382,3,12,0.0,0,0,0.006115818191009429,0.006115818191003907,0.006115818191009159,0.0061158181910094585,False,False,False,False
GGGCAGTCAACGCCAA-1,2227,1287,ER,CID4290,Invasive cancer + stroma,1,69,79,7839,5937,2227,1287,2.873821284238886,False,False,False,True,Invasive cancer + stroma,0.12389274495907607,0.0003531302198280788,8.828255465815817e-05,0.0,0,0,2.1280708456768247,3,14,0.0,0,0,0.008828255495103722,0.008828255497496884,0.008828255495103642,0.008828255495103632,False,False,False,False
TCGCTGCCAATGCTGT-1,1598,1008,ER,CID4290,Invasive cancer + stroma,1,68,80,7744,5991,1598,1008,4.5682102628285355,False,False,False,True,Invasive cancer + stroma,0.11387102733286128,0.012465810951545182,9.169395008300019e-05,0.0,0,0,1.8925671681708065,3,6,0.6606932740367221,1,1,0.009169395008311772,0.009169395008312483,1.2190729101295827,0.009169395008311071,False,False,False,False
TACGTGGGCCCAGGGC-1,3580,1890,ER,CID4290,Invasive cancer + stroma,1,69,81,7839,6046,3580,1890,4.832402234636871,False,False,False,True,Invasive cancer + stroma,0.08976540883434148,0.007064387115182431,0.011933033390612581,0.0,0,0,2.496955233905101,4,19,0.0,0,0,0.6879732514881983,0.006155153343348338,0.006155153343348328,0.006155153343348227,False,False,False,False
GCCTACGTTCTGTGCA-1,18685,5005,ER,CID4290,Invasive cancer + stroma,1,68,82,7744,6100,18685,5005,4.704308268664705,False,False,False,True,Invasive cancer + stroma,0.09601463874581359,0.012991354008654185,6.272297945273131e-05,0.0,0,0,2.3521137125473297,4,88,0.0,0,0,1.2803185070284526,0.006272297945101758,0.006272297946501415,0.00627229794536265,False,False,False,False
TTGCGTGTGTAGGCAT-1,3310,1656,ER,CID4290,Invasive cancer + stroma,1,69,83,7839,6155,3310,1656,4.561933534743202,False,False,False,True,Invasive cancer + stroma,0.16100942676523713,0.00024830461427883426,6.207615353911144e-05,0.0,0,0,2.77552331670095,4,23,0.0,0,0,0.006207615359945932,0.00620761536034371,0.0062076153476484375,0.006207615359945345,False,False,False,False
TCCTAAAGATTCAGAC-1,21073,5359,ER,CID4290,Invasive cancer + stroma,1,68,84,7744,6210,21073,5359,4.8830256726617,False,False,False,True,Invasive cancer + stroma,0.10213332959967131,0.0044504196224805686,9.619630974709055e-05,0.0,0,0,2.5500888572853206,4,118,0.0,0,0,0.2484842890007806,0.009619630976344926,0.11390359010991837,0.07303445216101297,False,False,False,False
TGGGTGCACAAGCCAT-1,19494,4935,ER,CID4290,Invasive cancer + stroma,1,69,85,7839,6264,19494,4935,6.063404124345952,False,False,False,True,Invasive cancer + stroma,0.10213236066139428,0.0011957803891982411,7.166062165945136e-05,0.0,0,0,2.3635300808112762,4,93,0.0,0,0,0.09807985241693624,0.007166062170815035,0.007166062165607677,0.00716606216646516,False,False,False,False
GGGAGCGACCGTAGTG-1,12492,3805,ER,CID4290,Invasive cancer + stroma,1,68,86,7744,6319,12492,3805,6.940441882804996,False,False,False,True,Invasive cancer + stroma,0.09585256714324392,0.018533972080030058,6.357008776196153e-05,0.0,0,0,2.5032596285901327,4,69,0.0,0,0,0.006357008775962322,0.006357008775960862,0.006357008775865048,1.8343261816752177,False,False,False,False
CATAGAGGAGATACTA-1,7507,3028,ER,CID4290,Invasive cancer + stroma,1,69,87,7839,6373,7507,3028,4.276009058212335,False,False,False,True,Invasive cancer + stroma,0.1661499007712683,0.00023813513191767415,5.953378297942689e-05,0.0,0,0,3.058695986104926,4,71,0.0,0,0,0.005953378297941941,0.00595337829794198,0.005953378297941728,0.005953378297941767,False,False,False,False
CTTCGATTGCGCAAGC-1,5699,2509,ER,CID4290,Invasive cancer + stroma,1,68,88,7744,6428,5699,2509,5.86067731180909,False,False,False,True,Invasive cancer + stroma,0.1401583186457675,0.00024472133058433176,0.01397082891756751,0.0,0,0,2.5851040779947896,4,38,0.0,0,0,0.006118033264607975,0.006118033264608343,0.006118033264608244,0.006118033264608613,False,False,False,False
GTGCCTGAGACCAAAC-1,15695,4602,ER,CID4290,Invasive cancer + stroma,1,69,89,7839,6483,15695,4602,4.880535202293724,False,False,False,True,Invasive cancer + stroma,0.1436983099068129,0.0038499751227614436,5.897095013186996e-05,0.0,0,0,2.8856506988507324,4,117,0.0,0,0,0.005897095013187091,0.3673062272372502,0.005897095012520114,0.005897095013186948,False,False,False,False
TCATCCTCAGCTGCTT-1,20875,5307,ER,CID4290,Invasive cancer + stroma,1,68,90,7744,6537,20875,5307,4.9676646706586824,False,False,False,True,Invasive cancer + stroma,0.10323084866891649,0.004162437845243492,5.9864722891531325e-05,0.0,0,0,2.7225664017882254,4,132,0.0,0,0,0.0059864722901285744,0.0059864722873737624,0.0059864722924608624,0.39828436765438596,False,False,False,False
TGCAACTACTGGTTGA-1,34216,6761,ER,CID4290,Invasive cancer + stroma,1,69,91,7839,6592,34216,6761,3.8666121112929623,False,False,False,True,Invasive cancer + stroma,0.23752118169908282,0.0002507756918377008,6.269392298398246e-05,0.04273222393439239,1,1,3.2785597065014667,4,460,0.0,0,0,0.006269392297513792,0.006269392291947517,0.006269392296795462,0.006269392297513312,False,True,False,False
ATGTTGATTAGAGACT-1,19633,5001,ER,CID4290,Invasive cancer + stroma,1,68,92,7744,6646,19633,5001,5.246269036825753,False,False,False,True,Invasive cancer + stroma,0.0783295926667423,0.015862392800087086,0.001929713466112728,0.0,0,0,2.253460514745573,4,80,0.0,0,0,0.009389393278042675,0.009389393277486544,0.00938939327793419,1.5580711001752452,False,False,False,False
GTTTCTAGAGGCGCGG-1,16878,4891,ER,CID4290,Invasive cancer + stroma,1,69,93,7839,6701,16878,4891,3.5252992060670696,False,False,False,True,Invasive cancer + stroma,0.22179297582774798,0.025721741373117755,5.896871388881185e-05,0.0,0,0,3.280180870188287,4,203,0.0,0,0,0.6105675880667236,0.0058968713890556156,0.00589687138809436,1.949812806467902,False,True,False,False
TACAAGGGCTTCTTTA-1,13761,4169,ER,CID4290,Invasive cancer + stroma,1,68,94,7744,6756,13761,4169,6.024271491897391,False,False,False,True,Invasive cancer + stroma,0.06272545121073225,0.010695503411610978,6.10937027062877e-05,0.0,0,0,2.298177133517238,4,62,0.0,0,0,0.006109370270629068,0.006109370270671538,0.006109370270867405,1.0512222303489298,False,False,False,False
ACAGGCACGGATCCTT-1,36306,6759,ER,CID4290,Invasive cancer + stroma,1,69,95,7839,6810,36306,6759,5.158926899135129,False,False,False,True,Invasive cancer + stroma,0.050600596747361254,0.00026572813381584226,6.64320334483582e-05,0.0,0,0,1.7155396210734533,4,77,0.0,0,0,0.006643203347366602,0.006643203343306173,0.006643203343530302,0.006643203347381149,False,False,False,False
CCCAAGTCATTACACT-1,8090,2927,ER,CID4290,Invasive cancer + stroma,1,68,96,7744,6865,8090,2927,6.9715698393077865,False,False,False,True,Invasive cancer + stroma,0.06407503387311947,0.004195095287205018,6.218145005185636e-05,0.0,0,0,2.376064151598331,4,39,0.0,0,0,0.006218145005178958,0.006218145005202625,0.4008550937049413,0.006218145005178857,False,False,False,False
ACTCTGACCTAATAGA-1,17509,4679,ER,CID4290,Invasive cancer + stroma,1,69,97,7839,6920,17509,4679,6.339596778799475,False,False,False,True,Invasive cancer + stroma,0.07564618372230053,0.011553431824561297,0.01100036992800096,0.0,0,0,2.0573928265208448,4,58,0.0,0,0,0.006649454661923144,0.0066494546616054735,0.006649454666091841,1.1353948184665092,False,False,False,False
GGATGGCTTGAAGTAT-1,3542,1805,ER,CID4290,Invasive cancer + stroma,1,68,98,7744,6974,3542,1805,4.912478825522304,False,False,False,True,Invasive cancer + stroma,0.08005905236793288,0.023450730598798108,5.845356157877526e-05,0.22351740461713532,1,1,1.7938416246012205,3,12,0.0,0,0,0.5689518742323364,1.7642224230889232,0.005845356157877526,0.006053406400673428,False,False,False,False
ACCCTCCCGTCAGGGC-1,3503,1749,ER,CID4290,Invasive cancer + stroma,1,69,99,7839,7029,3503,1749,5.766485869254924,False,False,False,True,Invasive cancer + stroma,0.09186412694104304,0.003879281070476272,5.9525972506859775e-05,0.0,0,0,2.1382451668940177,3,21,0.0,0,0,0.0059525972506843956,0.00595259725068588,0.020639286113356286,0.35538362643290067,False,False,False,False
AGCTTCTTCTCGAGCA-1,2504,1434,ER,CID4290,Invasive cancer + stroma,1,68,100,7744,7083,2504,1434,5.830670926517572,False,False,False,True,Invasive cancer + stroma,0.12709240703349323,0.00023395995656887942,5.848998885319034e-05,0.0,0,0,2.9126072384020825,4,24,0.0,0,0,0.005848998913475734,0.005848998916462484,0.005848998913474067,0.005848998913475657,False,False,False,False
TTGCGCTTGATCAATA-1,3237,1641,ER,CID4290,Invasive cancer + stroma,1,69,101,7839,7138,3237,1641,4.541241890639481,False,False,False,True,Invasive cancer + stroma,0.11456284231305627,0.00024509001667900426,6.127250372775987e-05,0.0,0,0,2.2637113732937104,4,16,0.0,0,0,0.006127250418326105,0.006127250412923168,0.006127250418325446,0.006127250418325706,False,False,False,False
GTAGTGAGCAACCTCA-1,6118,2517,ER,CID4290,Invasive cancer + stroma + lymphocytes,1,69,113,7838,7793,6118,2517,7.6495586793069625,False,False,False,True,Invasive cancer + stroma + lymphocytes,0.15052015954770173,0.007388749692959779,8.650390713090632e-05,0.0,0,0,2.6444633128175985,4,37,0.0,0,0,0.008650390713090463,0.008650390713090187,0.008650390713090216,0.712923797156707,False,False,False,False
GGCCGCAGGAACCGCA-1,20318,5313,ER,CID4290,Invasive cancer + stroma + lymphocytes,1,68,116,7743,7957,20318,5313,3.8783344817403287,False,False,False,True,Invasive cancer + stroma + lymphocytes,0.10156989098811268,0.021016079698195612,6.14276076788136e-05,0.0,0,0,2.618138268241691,4,129,0.0,0,0,0.0061427607677735745,0.00614276076819616,0.006142760767956199,2.0831796875156354,False,False,False,False
CCAGAAACTGATGCGA-1,14066,4159,ER,CID4290,Invasive cancer + stroma + lymphocytes,1,69,117,7838,8012,14066,4159,3.2774065121569746,False,False,False,True,Invasive cancer + stroma + lymphocytes,0.18390238191119018,0.00893024504786298,5.937797592524668e-05,0.0,0,0,3.281134144856931,4,175,0.0,0,0,0.00593779759252522,0.005937797592584289,0.0059377975918669485,0.8752111120093217,False,False,False,False
ACCCGTAGTCTAGTTG-1,14551,4240,ER,CID4290,Invasive cancer + stroma + lymphocytes,1,68,118,7743,8067,14551,4240,5.243625867637963,False,False,False,True,Invasive cancer + stroma + lymphocytes,0.1437775281191403,0.010795113281652686,9.122625718582187e-05,0.2615464334151849,3,3,2.988454585033129,4,130,0.0,0,0,0.009122625718544556,0.009122625718544681,0.009122625718232507,1.052143451009947,False,False,False,False
AGGGTCTGGACGCAGT-1,10938,3665,ER,CID4290,Invasive cancer + stroma + lymphocytes,1,69,119,7838,8121,10938,3665,4.086670323642347,False,False,False,True,Invasive cancer + stroma + lymphocytes,0.1622993723416475,0.014950005633260783,6.357439292105423e-05,0.0,0,0,3.1226990658405973,4,120,0.0,0,0,1.4485910823511385,0.006357439292105235,0.006357439292294802,0.03369460239053973,False,False,False,False
TTGAAACCCTCATTCC-1,11620,3725,ER,CID4290,Invasive cancer + stroma + lymphocytes,1,68,120,7743,8176,11620,3725,4.1738382099827875,False,False,False,True,Invasive cancer + stroma + lymphocytes,0.1576628894358,0.00025186357447404826,6.296589362011919e-05,0.0,0,0,3.033995022617447,4,107,0.0,0,0,0.006296589362069871,0.0062965893621867355,0.006296589361078316,0.006296589362069901,False,False,False,False
TCAATCCCGCGCCAAA-1,14061,4334,ER,CID4290,Invasive cancer + stroma + lymphocytes,1,69,121,7838,8230,14061,4334,3.7977384254320463,False,False,False,True,Invasive cancer + stroma + lymphocytes,0.17042566703834258,0.00036386758196675184,9.096689549862039e-05,0.0,0,0,2.9326390683978785,4,118,0.0,0,0,0.009096689549710239,0.009096689549710914,0.009096689547543646,0.009096689549710385,False,False,False,False
AGGACATCGGCACACT-1,14069,4199,ER,CID4290,Invasive cancer + stroma + lymphocytes,1,68,122,7743,8285,14069,4199,3.6036676380695147,False,False,False,True,Invasive cancer + stroma + lymphocytes,0.16384399351566384,0.003977468654651016,9.173340473286544e-05,0.0,0,0,2.901967171551074,4,129,0.0,0,0,0.009173340473506902,0.009173340473509687,0.009173340473619838,0.3702268440444652,False,False,False,False
GACAAGACGCCCGTGC-1,10517,3639,ER,CID4290,Invasive cancer + stroma + lymphocytes,1,69,123,7838,8340,10517,3639,4.706665398878007,False,False,False,True,Invasive cancer + stroma + lymphocytes,0.18342643532413222,0.0013296221589473515,8.97995594672348e-05,0.11137680254102955,1,1,3.104477681942943,4,98,0.0,0,0,0.10602234805766025,0.008979955945253415,0.008979955946568745,0.00897995594525274,False,False,False,False
GAGTAAATTAAGAACC-1,11330,3662,ER,CID4290,Invasive cancer + stroma + lymphocytes,1,68,124,7743,8394,11330,3662,3.795233892321271,False,False,False,True,Invasive cancer + stroma + lymphocytes,0.25693714855231986,0.005219817581355077,6.193400294854552e-05,0.1054434095738907,1,1,3.6366927583532656,4,187,0.0,0,0,0.006193400294132407,0.006193400294132235,0.10381990768078557,0.40577504986645746,False,True,False,False
TAAGTCGGTGAGCTAG-1,4647,2172,ER,CID4290,Invasive cancer + stroma + lymphocytes,1,69,125,7838,8449,4647,2172,4.454486765655261,False,False,False,True,Invasive cancer + stroma + lymphocytes,0.2371180800108842,0.00023310977686556228,5.827744421638952e-05,0.0,0,0,3.583383537255103,4,73,0.0,0,0,0.005827744421639048,0.0058277444216394275,0.005827744421638829,0.005827744421638924,False,True,False,False
CTTACTGACTCCTCTG-1,4916,2168,ER,CID4290,Invasive cancer + stroma + lymphocytes,1,68,126,7743,8503,4916,2168,5.126118795768917,False,False,False,True,Invasive cancer + stroma + lymphocytes,0.23732979971613216,0.03447955296930585,9.597252456887112e-05,0.18498987843546433,1,1,3.364880576757799,4,63,0.0,0,0,0.009597252456887551,0.009597252456886664,0.009597252456886906,3.419163539559924,True,True,False,False
TTAACTGATCGTTTGG-1,8175,2892,ER,CID4290,Invasive cancer + stroma + lymphocytes,1,69,127,7838,8558,8175,2892,3.510703363914373,False,False,False,True,Invasive cancer + stroma + lymphocytes,0.0975448808393773,0.00040479570884059495,0.0001011989272141668,0.0,0,0,2.0996195355091145,4,28,0.0,0,0,0.010119892721577567,0.010119892721571542,0.010119892719333121,0.010119892721577267,False,False,False,False
GCCGGTCGTATCTCTC-1,7595,3229,ER,CID4290,Invasive cancer + stroma,1,70,54,7935,4571,7595,3229,5.924950625411455,False,False,False,True,Invasive cancer + stroma,0.15346383846053138,0.042390347776307145,6.0715148276953355e-05,0.0,0,0,2.6304547943018686,4,70,0.0,0,0,0.006071514827695287,0.006071514827695059,0.006071514827695197,4.220820233147629,True,False,True,False
GATAGAACCCGCTAGG-1,2949,1627,ER,CID4290,Invasive cancer + stroma,1,70,56,7935,4680,2949,1627,10.749406578501187,False,False,False,True,Invasive cancer + stroma,0.1435774431864236,0.026766487371884445,9.774142729693827e-05,0.0,0,0,2.517187846876812,3,26,0.0,0,0,0.009774142729694416,2.647326308999362,0.009774142729694082,0.00977414272969407,False,False,False,False
ATCCCATTTCCGTGGG-1,1284,818,ER,CID4290,Invasive cancer + stroma,1,71,57,8030,4735,1284,818,10.358255451713395,False,False,False,True,Invasive cancer + stroma,0.16531703082424404,0.004977441258649606,9.277525628828963e-05,0.0,0,0,1.72013129672357,2,8,0.0,0,0,0.009277525628828604,0.009277525634128137,0.00927752562882907,0.4699115489731748,False,False,False,False
GATGCTACCTTCGATG-1,2569,1488,ER,CID4290,Invasive cancer + stroma,1,70,58,7935,4790,2569,1488,6.072401712728688,False,False,False,True,Invasive cancer + stroma,0.20902916834670004,0.0002524528759268651,0.008642129826065355,0.0,0,0,3.387645074793144,4,41,0.0,0,0,0.006171338400099655,0.006171338400099915,0.006171338400099112,0.006731272392387829,False,True,False,False
TGCAAAGTTCGTCTGT-1,2014,1251,ER,CID4290,Invasive cancer + stroma,1,71,59,8030,4844,2014,1251,8.391261171797417,False,False,False,True,Invasive cancer + stroma,0.16347351483616063,0.031404942660836425,0.011720145737196666,0.0,0,0,2.7916545517497777,4,15,0.0,0,0,0.009859663362285519,2.2256271977047515,0.89514774165432,0.00985966336228562,False,False,False,False
GTTCAGTCGCCAAATG-1,1945,1199,ER,CID4290,Invasive cancer + stroma,1,70,60,7935,4899,1945,1199,4.627249357326478,False,False,False,True,Invasive cancer + stroma,0.15874115340622216,0.00024763483396531623,6.190870848472873e-05,0.0,0,0,2.9146211355932428,4,19,0.0,0,0,0.006190870849124411,0.00619087084916518,0.006190870849121042,0.006190870849120992,False,False,False,False
AGTAGAAGGCGCCTCA-1,2337,1404,ER,CID4290,Invasive cancer + stroma,1,70,62,7935,5008,2337,1404,4.321780059905862,False,False,False,True,Invasive cancer + stroma,0.1196070805128847,0.009886665543427726,5.990727473966305e-05,0.0,0,0,2.9316559535509668,4,21,0.0,0,0,0.005990727471627011,0.0059907274716274215,0.30086891010457056,0.6758161892949477,False,False,False,False
CTATTTGCTTGGAGGA-1,2095,1248,ER,CID4290,Invasive cancer + stroma,1,70,64,7935,5117,2095,1248,3.866348448687351,False,False,False,True,Invasive cancer + stroma,0.10253140410330358,0.0034369507329290614,5.8844735703995176e-05,0.0,0,0,2.81260053155431,4,15,0.0,0,0,0.005884473570399153,0.00588447357039852,0.0058844735703992,0.3260416525817093,False,False,False,False
AGCCATATAGTATGTG-1,1780,1100,ER,CID4290,Invasive cancer + stroma,1,71,65,8030,5172,1780,1100,4.438202247191011,False,False,False,True,Invasive cancer + stroma,0.14499181366524674,0.002580418516691581,8.946051852705456e-05,0.0,0,0,1.8874932397361734,3,7,0.0,0,0,0.008946051852712415,0.008946051852713556,0.1827950292209877,0.057354718742744434,False,False,False,False
TGTTCCGGCCTGAGCT-1,1651,1019,ER,CID4290,Invasive cancer + stroma,1,70,66,7935,5227,1651,1019,3.755299818291944,False,False,False,True,Invasive cancer + stroma,0.13023809045112725,0.022449918080430488,5.636880827275988e-05,0.0,0,0,2.7506061764353085,4,13,0.0,0,0,0.31086186261195686,0.005636880824774767,0.0056368808247769814,1.92285618378154,False,False,False,False
TGCCGTGGGACCCAAT-1,1427,934,ER,CID4290,Invasive cancer + stroma,1,71,67,8030,5281,1427,934,3.153468815697267,False,False,False,True,Invasive cancer + stroma,0.12036571676494949,0.007128877362042173,9.590681793369511e-05,0.0,0,0,2.295107520115704,3,10,0.0,0,0,0.009590681793367905,0.009590681797485144,0.6841156908199952,0.009590681793369,False,False,False,False
TTGCAAGAAGACTCCT-1,1082,741,ER,CID4290,Invasive cancer + stroma,1,70,68,7935,5336,1082,741,3.9741219963031424,False,False,False,True,Invasive cancer + stroma,0.12687859226351417,0.016528864059326978,6.508721757117255e-05,0.0,0,0,1.7486441455029553,2,7,0.0,0,0,0.006508721757117083,1.6333602406613463,0.00650872175711719,0.006508721757117148,False,False,False,False
CCGCTCCAGGGCGATC-1,1351,886,ER,CID4290,Invasive cancer + stroma,1,71,69,8030,5390,1351,886,3.4789045151739453,False,False,False,True,Invasive cancer + stroma,0.16143799039937876,0.00039349822322276996,9.837455574649288e-05,0.0,0,0,2.537067841066695,3,13,0.0,0,0,0.009837455574948898,0.009837455574647056,0.009837455598032077,0.009837455574648962,False,False,False,False
CAAACCCTCCGGCGGG-1,1681,1022,ER,CID4290,Invasive cancer + stroma,1,70,70,7935,5445,1681,1022,5.29446757882213,False,False,False,True,Invasive cancer + stroma,0.11109983623586846,0.08032207351870677,6.0996441827805065e-05,0.0,0,0,2.7144129536683863,4,11,0.0,0,0,4.380347968188223,1.6272164176661008,0.29537396516116177,1.729269000855191,True,False,True,False
CGGACCTTTACGTCCC-1,1462,924,ER,CID4290,Invasive cancer + stroma,1,71,71,8030,5500,1462,924,4.514363885088919,False,False,False,True,Invasive cancer + stroma,0.13390953280097045,0.00024387304362371862,6.096826113934598e-05,0.0,0,0,2.939555094714041,4,12,0.0,0,0,0.006096826090674472,0.006096826090359562,0.006096826090660387,0.006096826090677442,False,False,False,False
ACGTAGGAGAGTCGCT-1,8253,2892,ER,CID4290,Invasive cancer + stroma,1,70,72,7935,5554,8253,2892,7.003513873742881,False,False,False,True,Invasive cancer + stroma,0.047028764601096604,0.022136588638953233,0.0018770637184178074,0.0,0,0,1.6191243450520427,4,15,0.0,0,0,2.1949150869271454,0.006247925656667025,0.006247925654844256,0.006247925656666443,False,False,False,False
CTGCGACCTCGCCGAA-1,1065,723,ER,CID4290,Invasive cancer + stroma,1,71,73,8030,5609,1065,723,4.037558685446009,False,False,False,True,Invasive cancer + stroma,0.09113570078788989,0.07522217368871974,4.110858891718638e-05,0.0,0,0,1.6592048685750895,2,6,0.0,0,0,5.52211325733576,0.0041108588920470085,1.9914092499019111,0.004584002742255663,True,False,True,False
GGCCCAGCTGGTTTGC-1,3785,1878,ER,CID4290,Invasive cancer + stroma,1,70,74,7935,5663,3785,1878,4.068692206076618,False,False,False,True,Invasive cancer + stroma,0.07124348018508533,0.02901237347321323,6.271813448321427e-05,0.0,0,0,1.547256492438975,3,9,0.43084505252878263,1,1,2.17486380793152,0.006271813448321386,0.71382991249316,0.006271813448321611,False,False,False,False
GGATTAATCATGGACC-1,1242,836,ER,CID4290,Invasive cancer + stroma,1,71,75,8030,5718,1242,836,4.428341384863124,False,False,False,True,Invasive cancer + stroma,0.11248542714433694,0.03341924109396746,0.009878526416750306,0.0,0,0,2.2326770780082286,3,8,0.0,0,0,0.0064133311763041,0.0064133311763096175,0.006413331176304184,3.322684115867828,True,False,True,False
GAGATGGCTTTAATCA-1,1488,956,ER,CID4290,Invasive cancer + stroma,1,70,76,7935,5773,1488,956,3.494623655913978,False,False,False,True,Invasive cancer + stroma,0.12407909367175389,0.045211491223522624,5.595842859725706e-05,0.34064501264916136,1,1,2.289130188344207,3,9,0.0,0,0,3.68900208866601,0.005595842859727401,0.005595842859727401,0.8209553479667975,True,False,False,False
AGTACAGAAGCTTATA-1,1595,1043,ER,CID4290,Invasive cancer + stroma,1,71,77,8030,5827,1595,1043,3.5736677115987465,False,False,False,True,Invasive cancer + stroma,0.1488316558684581,0.00023775928177984385,5.943982043527225e-05,0.0,0,0,2.613995651580361,4,9,0.0,0,0,0.0059439820444955205,0.005943982044497302,0.005943982044495549,0.005943982044496014,False,False,False,False
GCGGCTTTAGCAAGTT-1,1962,1204,ER,CID4290,Invasive cancer + stroma,1,70,78,7935,5882,1962,1204,3.4658511722731906,False,False,False,True,Invasive cancer + stroma,0.16550417705900095,0.00626674655671697,8.548811041806928e-05,0.0,0,0,3.0958158193179974,4,18,0.0,0,0,0.00854881104180644,0.00854881104180526,0.6010282225462789,0.00854881104180644,False,False,False,False
ACCGAGTCTCCTTATT-1,1636,1067,ER,CID4290,Invasive cancer + stroma,1,71,79,8030,5937,1636,1067,3.23960880195599,False,False,False,True,Invasive cancer + stroma,0.18262679080338437,0.04066003102574809,5.486707691237643e-05,0.0,0,0,3.417699128233553,4,23,0.0,0,0,3.863154496268543,0.005486707691238913,0.005486707691239297,0.19187519092378835,True,False,True,False
GACCACACTTCCCTTT-1,2739,1526,ER,CID4290,Invasive cancer + stroma,1,70,80,7934,5991,2739,1526,3.139832055494706,False,False,False,True,Invasive cancer + stroma,0.13745943823223053,0.00022849536251207263,5.712384062378499e-05,0.0,0,0,2.8734176261620172,4,27,0.0,0,0,0.00571238406237835,0.005712384064072316,0.005712384062378331,0.005712384062378267,False,False,False,False
TGTAGCCAATTCCGTT-1,4315,2142,ER,CID4290,Invasive cancer + stroma,1,71,81,8029,6046,4315,2142,4.88991888760139,False,False,False,True,Invasive cancer + stroma,0.17702612712648383,0.007669840845754711,0.008920211537154237,0.0,0,0,3.092020193897788,4,42,0.0,0,0,0.005829084362959257,0.005829084362959942,0.6673213779736857,0.08800453787586607,False,False,False,False
CTCGTCTGTGCCTTCG-1,6202,2565,ER,CID4290,Invasive cancer + stroma,1,70,82,7934,6100,6202,2565,3.724604966139955,False,False,False,True,Invasive cancer + stroma,0.130471823312467,0.0038555386990808322,6.269054184908356e-05,0.0,0,0,2.476521110768598,4,35,0.0,0,0,0.006269054184909632,0.3667467073533559,0.006269054184908825,0.006269054184908845,False,False,False,False
GGACTCTTTGACTAAG-1,14248,4103,ER,CID4290,Invasive cancer + stroma,1,71,83,8029,6155,14248,4103,5.811341942728804,False,False,False,True,Invasive cancer + stroma,0.14100062968274055,0.022380403843095188,6.460330865210018e-05,0.0,0,0,2.648264702490618,4,92,0.0,0,0,2.2186593917143638,0.006460330865208923,0.006460330864737018,0.0064603308652088605,False,False,False,False
TCATCGACGACCGTCG-1,15779,4349,ER,CID4290,Invasive cancer + stroma,1,70,84,7934,6210,15779,4349,3.986310919576652,False,False,False,True,Invasive cancer + stroma,0.05332511434947204,0.0002606053847339594,6.515134618527677e-05,0.0,0,0,1.6908957276452905,4,33,0.0,0,0,0.00651513461881733,0.006515134616907795,0.006515134618853463,0.006515134618817352,False,False,False,False
TACTACGTGCAATGCG-1,30286,6201,ER,CID4290,Invasive cancer + stroma,1,71,85,8029,6264,30286,6201,4.38816614937595,False,False,False,True,Invasive cancer + stroma,0.06781267504954396,0.0002488199791091212,6.220499477196817e-05,0.0,0,0,2.318613562554659,4,117,0.0,0,0,0.006220499476905518,0.006220499475082753,0.006220499480574252,0.0062204994783495995,False,False,False,False
CCCTACTTGAACAATG-1,29324,6249,ER,CID4290,Invasive cancer + stroma,1,70,86,7934,6319,29324,6249,4.624198608648206,False,False,False,True,Invasive cancer + stroma,0.15432111055407638,0.021787359890234365,6.312587101945637e-05,0.0,0,0,2.888487805402344,4,223,0.0,0,0,0.006312587102334889,0.006312587099196104,0.006312587101826056,2.1597982277200796,False,False,False,False
GCAGCTGTCAACGCAT-1,24844,5816,ER,CID4290,Invasive cancer + stroma,1,71,87,8029,6374,24844,5816,5.743841571405571,False,False,False,True,Invasive cancer + stroma,0.08741292409504667,0.004032477572494245,6.201129714886518e-05,0.0,0,0,2.38228919485732,4,111,0.0,0,0,0.006201129717045848,0.0062011297137735235,0.006201129716793978,0.38464436810181113,False,False,False,False
ATCTACCATCTGCTCC-1,16053,4727,ER,CID4290,Invasive cancer + stroma,1,70,88,7934,6428,16053,4727,5.058244564878839,False,False,False,True,Invasive cancer + stroma,0.0876327942747219,0.047808939418066465,0.001237249978847364,0.0,0,0,2.339086204456236,4,69,0.2696981100081321,1,2,0.009039665580103376,0.009039665580103697,0.31545227426104666,4.447362336385393,True,False,True,False
TCTCAAATCAATCGGG-1,8441,3125,ER,CID4290,Invasive cancer + stroma,1,71,89,8029,6483,8441,3125,5.6509892192868145,False,False,False,True,Invasive cancer + stroma,0.15160455143231152,0.00917971869960956,6.163323927745042e-05,0.0,0,0,2.695640987080058,4,55,0.0,0,0,0.006163323927685014,0.006163323927684813,0.0061633239279317836,0.8994818981776543,False,False,False,False
ACTCCGGCCGACCACT-1,22583,5491,ER,CID4290,Invasive cancer + stroma,1,70,90,7934,6537,22583,5491,5.619271133153257,False,False,False,True,Invasive cancer + stroma,0.1042345148922831,0.00024250874063411746,6.062718516048597e-05,0.0,0,0,2.6333816566722152,4,128,0.0,0,0,0.006062718516445241,0.006062718515810734,0.006062718514710463,0.006062718516445308,False,False,False,False
TACACCTCTTCGAATC-1,5470,2469,ER,CID4290,Invasive cancer + stroma,1,71,91,8029,6592,5470,2469,4.643510054844606,False,False,False,True,Invasive cancer + stroma,0.14987664254304844,0.008992342221646448,5.6315103078086314e-05,0.1732706746918475,1,1,2.9267660403296953,4,54,0.0,0,0,0.005631510307808878,0.005631510307809053,0.1271084746918566,0.7608627268571703,False,False,False,False
GTGGCTGTTTCTGTTC-1,31548,6389,ER,CID4290,Invasive cancer + stroma,1,70,92,7934,6647,31548,6389,4.646887282870547,False,False,False,True,Invasive cancer + stroma,0.09024973600572468,0.01003541283498486,5.863697560227979e-05,0.0,0,0,2.555440130402025,4,196,0.0,0,0,0.0058636975608042435,0.00586369756066702,0.005863697563147167,0.9859501908138675,False,False,False,False
ACGACTCTAGGGCCGA-1,14846,4446,ER,CID4290,Invasive cancer + stroma,1,71,93,8029,6701,14846,4446,5.1596389599892225,False,False,False,True,Invasive cancer + stroma,0.15042338746417971,0.003916414447720605,6.208894470181769e-05,0.0,0,0,2.744984317614142,4,122,0.0,0,0,0.3730147613625028,0.006208894470175406,0.006208894469206632,0.00620889447017576,False,False,False,False
TCGTTTACGCGACCCT-1,19121,5107,ER,CID4290,Invasive cancer + stroma,1,70,94,7934,6756,19121,5107,5.03634747136656,False,False,False,True,Invasive cancer + stroma,0.1307852625200346,0.0002542319742141637,6.355799354686357e-05,0.0,0,0,2.9039314402737335,4,150,0.0,0,0,0.006355799355338881,0.006355799355639614,0.00635579935509882,0.006355799355339057,False,False,False,False
AGGATATCCGACTGCA-1,36945,6660,ER,CID4290,Invasive cancer + stroma,1,71,95,8029,6810,36945,6660,5.68683177696576,False,False,False,True,Invasive cancer + stroma,0.07035711780402551,0.00027175318871642,6.793829714133462e-05,0.0,0,0,2.0332984375157346,4,106,0.0,0,0,0.0067938297156575345,0.006793829724064955,0.006793829715170103,0.006793829716749409,False,False,False,False
GACACTTCCAATTACC-1,40433,6980,ER,CID4290,Invasive cancer + stroma,1,70,96,7934,6865,40433,6980,4.313308436178369,False,False,False,True,Invasive cancer + stroma,0.03984373613182309,0.004023185360825773,6.751555162227289e-05,0.0,0,0,1.7149859760141863,4,79,0.0,0,0,0.38206387059368335,0.006751555163375937,0.006751555160359219,0.006751555165158824,False,False,False,False
ACGGTACAGTTCAATG-1,22436,5547,ER,CID4290,Invasive cancer + stroma,1,71,97,8029,6920,22436,5547,5.018719914423248,False,False,False,True,Invasive cancer + stroma,0.05910750430135551,0.016140236290324732,6.214450733091868e-05,0.0,0,0,2.3078394936467266,4,85,0.0,0,0,0.7152708232141,0.006214450735831997,0.006214450734731921,0.886323904347809,False,False,False,False
CTTGATGACCATCCAG-1,15094,4474,ER,CID4290,Invasive cancer + stroma,1,70,98,7934,6974,15094,4474,5.909632966741752,False,False,False,True,Invasive cancer + stroma,0.05910889166372397,0.00023802066611807964,5.9505166533907595e-05,0.0,0,0,2.0995070983460473,4,54,0.0,0,0,0.005950516653252744,0.005950516653286094,0.0059505166520164975,0.0059505166532526285,False,False,False,False
CTGGTAAAGACTTACA-1,10415,3915,ER,CID4290,Invasive cancer + stroma,1,71,99,8029,7029,10415,3915,4.426308209313491,False,False,False,True,Invasive cancer + stroma,0.1300998163194679,0.0035728331216686757,5.9648875015930016e-05,0.0,0,0,2.8673129146770426,4,124,0.0,0,0,0.005964887501592564,0.005964887501590922,0.0059648875000122914,0.33938864966367177,False,False,False,False
CTTGCCCACCCACGCA-1,7666,3081,ER,CID4290,Invasive cancer + stroma,1,70,100,7934,7084,7666,3081,9.6008348552048,False,False,False,True,Invasive cancer + stroma,0.08285805268137718,0.000261704938590956,6.54262344931121e-05,0.0,0,0,1.9565412923450365,3,37,0.0,0,0,0.006542623464943996,0.006542623464940852,0.006542623464269617,0.00654262346494114,False,False,False,False
CATTACGCAGGAAGGG-1,3909,1962,ER,CID4290,Invasive cancer + stroma,1,71,101,8029,7138,3909,1962,7.930416986441545,False,False,False,True,Invasive cancer + stroma,0.10001022346905027,0.011361747497859578,6.01015445838234e-05,0.0,0,0,2.642357962851583,4,31,0.0,0,0,0.006010154458381773,0.6289158426802269,0.006010154458382478,0.49523859818896676,False,False,False,False
GTGAGTCGACTAATAG-1,14805,4450,ER,CID4290,Invasive cancer + stroma + lymphocytes,1,71,113,8029,7794,14805,4450,8.902397838568051,False,False,False,True,Invasive cancer + stroma + lymphocytes,0.07856414293860603,0.015776181062736407,9.938073348526885e-05,0.0,0,0,2.151864913829241,4,55,0.0,0,0,0.009938073348885922,0.009938073350115966,0.17996151426700296,1.3777804453076359,False,False,False,False
TGTACTTCCGGGCATG-1,12792,4082,ER,CID4290,Invasive cancer + stroma + lymphocytes,1,70,114,7933,7848,12792,4082,6.41025641025641,False,False,False,True,Invasive cancer + stroma + lymphocytes,0.08857707899521042,0.0029682607258059114,6.452511534294091e-05,0.0,0,0,2.400759300376793,4,56,0.0,0,0,0.006452511533868645,0.006452511533892886,0.277468537978961,0.006452511533868645,False,False,False,False
CACAAACCGCAGAACT-1,9624,3400,ER,CID4290,Invasive cancer + stroma + lymphocytes,1,71,115,8028,7903,9624,3400,4.8212801330008315,False,False,False,True,Invasive cancer + stroma + lymphocytes,0.20114249260915312,0.007359976488966543,9.094748758717168e-05,0.11874888804730173,1,1,2.7131939391514726,4,84,0.23749777609460346,1,1,0.009094748758716815,0.009094748758716482,0.27526245289551093,0.4425456984837101,False,True,False,False
GCTTTACACAACTGGG-1,16911,4541,ER,CID4290,Invasive cancer + stroma + lymphocytes,1,70,116,7933,7957,16911,4541,4.570989296907339,False,False,False,True,Invasive cancer + stroma + lymphocytes,0.09389728432264305,0.005403453916866972,6.457722544811157e-05,0.0,0,0,2.504111426191064,4,98,0.0,0,0,0.006457722545611414,0.006457722543259902,0.006457722543442212,0.5209722240543837,False,False,False,False
CACCGATGATGGGTAC-1,14031,4248,ER,CID4290,Invasive cancer + stroma + lymphocytes,1,71,117,8028,8012,14031,4248,6.984534245599031,False,False,False,True,Invasive cancer + stroma + lymphocytes,0.11744151689024993,0.00026090884518895617,6.522721128581269e-05,0.0,0,0,2.730689691467635,4,104,0.0,0,0,0.006522721129621016,0.006522721130328626,0.006522721129326871,0.006522721129619102,False,False,False,False
TCAATATACAGGAGGC-1,16757,4784,ER,CID4290,Invasive cancer + stroma + lymphocytes,1,70,118,7933,8067,16757,4784,4.081876230828907,False,False,False,True,Invasive cancer + stroma + lymphocytes,0.19763827980636375,0.0051065466575808075,6.210727727024284e-05,0.0779966733222655,1,1,3.31277886886394,4,205,0.0,0,0,0.0062107277262159295,0.006210727723832578,0.0062107277260441945,0.49202248258198805,False,True,False,False
AACGACCTCCTAGCCG-1,10203,3789,ER,CID4290,Invasive cancer + stroma + lymphocytes,1,71,119,8028,8121,10203,3789,11.408409291384887,False,False,False,True,Invasive cancer + stroma + lymphocytes,0.06399411830621787,0.007835557925896321,0.002102982694432511,0.11385821892303956,1,1,2.050092927571214,4,33,0.0,0,0,0.006827104431027032,0.7630744792978756,0.006827104429702636,0.0068271044310269,False,False,False,False
GTTACCAAGGCGTACG-1,15501,4607,ER,CID4290,Invasive cancer + stroma + lymphocytes,1,70,120,7933,8176,15501,4607,3.8578156247984006,False,False,False,True,Invasive cancer + stroma + lymphocytes,0.17495416950431258,0.00025466112222525454,6.366528055922588e-05,0.0,0,0,3.2512065783810282,4,177,0.0,0,0,0.006366528055918066,0.006366528055918979,0.006366528054770458,0.006366528055917951,False,False,False,False
TAGCTCACTGTGTTTG-1,11921,3929,ER,CID4290,Invasive cancer + stroma + lymphocytes,1,71,121,8028,8231,11921,3929,6.4508011072896565,False,False,False,True,Invasive cancer + stroma + lymphocytes,0.1056147738112731,0.0018809742365299789,6.18733422034449e-05,0.0,0,0,2.6076373971353153,4,68,0.0,0,0,0.006187334219978131,0.006187334219977466,0.006187334218748408,0.16953542099429386,False,False,False,False
TCGGCAGGGTTAAGGG-1,10910,3761,ER,CID4290,Invasive cancer + stroma + lymphocytes,1,70,122,7933,8285,10910,3761,3.446379468377635,False,False,False,True,Invasive cancer + stroma + lymphocytes,0.153676956606752,0.008746045140759589,0.008304057328704083,0.0,0,0,2.8979898420744106,4,89,0.0,0,0,0.0061513310566379,0.006151331056637708,0.006151331055620763,0.8561505209070626,False,False,False,False
TGTTAACAAAGTGACT-1,16261,4728,ER,CID4290,Invasive cancer + stroma + lymphocytes,1,71,123,8028,8340,16261,4728,8.049935428325442,False,False,False,True,Invasive cancer + stroma + lymphocytes,0.14792593288577446,0.00037530399485023985,0.0027825130248578488,0.0,0,0,2.995184329502401,4,148,0.0,0,0,0.00938259987117477,0.009382599871174322,0.009382599871500218,0.009382599871174676,False,False,False,False
CAGAGCGATGGATGCT-1,9854,3526,ER,CID4290,Invasive cancer + stroma + lymphocytes,1,70,124,7933,8394,9854,3526,6.97178810635275,False,False,False,True,Invasive cancer + stroma + lymphocytes,0.18484987012291937,0.004988985316604998,9.224387084458688e-05,0.0,0,0,2.692633292988201,4,76,0.0,0,0,0.009224387083980864,0.009224387083980623,0.47122537040855783,0.009224387083980476,False,False,False,False
CATAGTGGGCACGCCT-1,6349,2750,ER,CID4290,Invasive cancer + stroma + lymphocytes,1,71,125,8028,8449,6349,2750,4.599149472357852,False,False,False,True,Invasive cancer + stroma + lymphocytes,0.16365529532652828,0.0003848483968111957,9.621209920280071e-05,0.0,0,0,2.782458847148311,4,49,0.0,0,0,0.00962120992027994,0.009621209920279554,0.009621209920279873,0.009621209920280203,False,False,False,False
AAACGCTGGGCACGAC-1,5173,2299,ER,CID4290,Invasive cancer + stroma + lymphocytes,1,70,126,7933,8504,5173,2299,4.716798762806882,False,False,False,True,Invasive cancer + stroma + lymphocytes,0.1818489895664834,0.023373312404575252,9.477089082165544e-05,0.0,0,0,3.085689160123664,4,50,0.0,0,0,0.00947708908216601,0.009477089082166204,0.00947708908216629,2.3088999732110267,False,False,False,False
TGTTCTCATACTATAG-1,3559,1708,ER,CID4290,Invasive cancer + stroma + lymphocytes,1,71,127,8028,8558,3559,1708,5.4509693734195,False,False,False,True,Invasive cancer + stroma + lymphocytes,0.126492618563104,0.015373231887790342,6.548978876803697e-05,0.0,0,0,1.940689234098683,3,18,0.0,0,0,0.006548978876804549,0.006548978876804881,0.006548978876804283,1.5176762521486205,False,False,False,False
CTCTACATCCTGCGTG-1,1676,995,ER,CID4290,Invasive cancer + stroma,1,72,66,8125,5227,1676,995,8.1145584725537,False,False,False,True,Invasive cancer + stroma,0.09996526289868095,0.003456974972141621,4.160957278311148e-05,0.0,0,0,2.1900314366678097,3,11,0.0,0,0,0.0041609572783117875,0.004160957278314761,0.3332146253792237,0.0041609572783118266,False,False,False,False
TGGGTGTTAAGTAGAA-1,2255,1368,ER,CID4290,Invasive cancer + stroma,1,72,68,8125,5336,2255,1368,3.1929046563192904,False,False,False,True,Invasive cancer + stroma,0.14074879342284735,0.0002496975683385055,6.242439208461607e-05,0.0,0,0,1.9047574012861852,2,20,0.0,0,0,0.006242439208463967,0.0062424392084631025,0.0062424392084614545,0.0062424392084620235,False,False,False,False
GAGCTCAACATGAGCG-1,1933,1196,ER,CID4290,Invasive cancer + stroma,1,73,69,8220,5391,1933,1196,4.29384376616658,False,False,False,True,Invasive cancer + stroma,0.10939718051195249,0.008136485527627848,9.247756995313055e-05,0.0,0,0,2.4645717845359396,4,9,0.0,0,0,0.009247756994722205,0.009247756994717546,0.009247756994717523,0.7859052817786276,False,False,False,False
GCACACAGCTATTACC-1,2030,1245,ER,CID4290,Invasive cancer + stroma,1,72,70,8125,5445,2030,1245,4.088669950738916,False,False,False,True,Invasive cancer + stroma,0.09005697005563054,0.0016677993462696984,6.6715272123264e-05,0.0,0,0,2.585489155298037,4,12,0.0,0,0,0.006671527212325194,0.006671527212331226,0.006671527212326704,0.14676535298998672,False,False,False,False
GCGACGGTAGTCTCCT-1,4767,2315,ER,CID4290,Invasive cancer + stroma,1,73,71,8220,5500,4767,2315,5.957625340885253,False,False,False,True,Invasive cancer + stroma,0.08065836923971137,0.013794450663757682,6.461876225517831e-05,0.0,0,0,2.151224362029815,4,18,0.0,0,0,0.0064618762255178736,1.360059437699232,0.006461876225500291,0.006461876225517895,False,False,False,False
GTATCAAGGTACTTCC-1,1346,869,ER,CID4290,Invasive cancer + stroma,1,72,72,8125,5554,1346,869,3.1203566121842496,False,False,False,True,Invasive cancer + stroma,0.10314639683406193,0.0002365682752807566,5.9142068903477905e-05,0.0,0,0,2.010851150240104,3,6,0.0,0,0,0.005914206882510179,0.0059142068825125205,0.00591420688054255,0.00591420688251041,False,False,False,False
GGAAAGGGAATTGAGC-1,1050,723,ER,CID4290,Invasive cancer + stroma,1,73,73,8220,5609,1050,723,4.285714285714286,False,False,False,True,Invasive cancer + stroma,0.09480844509659733,0.0002687032710398568,6.618114219146728e-05,0.0,0,0,0.9710038451103107,1,5,0.0,0,0,0.006618114301796394,0.00661811426963539,0.006618114301803165,0.007015984230750729,False,False,False,False
TACACAGCCGTGGTGC-1,949,641,ER,CID4290,Invasive cancer + stroma,1,72,74,8125,5664,949,641,3.8988408851422554,False,False,False,True,Invasive cancer + stroma,0.08683257341874014,0.018622185520881723,3.884450569407295e-05,0.0,0,0,1.3850080002919287,2,3,0.0,0,0,0.003884450569425395,0.0038844505694059215,1.8502017025650699,0.004247948384271005,False,False,False,False
GCACGCCGATTCCCGC-1,1464,947,ER,CID4290,Invasive cancer + stroma,1,72,76,8125,5773,1464,947,3.551912568306011,False,False,False,True,Invasive cancer + stroma,0.1407296757771607,0.005721695456291918,6.308216505078743e-05,0.0,0,0,2.53323405675355,3,14,0.0,0,0,0.553244896096961,0.006308216518885001,0.006308216494460812,0.006308216518884952,False,False,False,False
CGCTTTCCGCCAAGGT-1,1125,746,ER,CID4290,Invasive cancer + stroma,1,73,77,8220,5828,1125,746,4.266666666666667,False,False,False,True,Invasive cancer + stroma,0.12891518669756616,0.00023884779581462162,5.97119489554095e-05,0.0,0,0,2.4810982374522714,3,11,0.0,0,0,0.005971194894053576,0.0059711948955409305,0.005971194896326737,0.00597119489554092,False,False,False,False
TGCCCGATAGTTAGAA-1,1717,1084,ER,CID4290,Invasive cancer + stroma,1,72,78,8125,5882,1717,1084,3.37798485730926,False,False,False,True,Invasive cancer + stroma,0.14692025038769954,0.013308942994239981,8.80862246981526e-05,0.0,0,0,2.0925163119284322,3,8,0.0,0,0,0.008808622467309783,0.008808622467336586,0.008808622467311702,1.3044684320220399,False,False,False,False
TCAGAACGGCGGTAAT-1,1672,1042,ER,CID4290,Invasive cancer + stroma,1,73,79,8220,5937,1672,1042,3.7679425837320575,False,False,False,True,Invasive cancer + stroma,0.15708695536670064,0.03278594694804051,8.85192951980977e-05,0.0,0,0,1.6616761149620105,2,9,0.0,0,0,0.008851929519810798,0.008851929519811607,0.008851929519810566,3.252038906244618,True,False,True,False
CCACTCAGATCCGCAA-1,2149,1318,ER,CID4290,Invasive cancer + stroma,1,72,80,8125,5991,2149,1318,2.8850628199162403,False,False,False,True,Invasive cancer + stroma,0.15557596073866078,0.050562614765104756,5.959311570327718e-05,0.0,0,0,2.8852717569918243,4,18,0.0,0,0,2.762265911373603,0.005959311570326989,0.005959311570327291,2.282076941996218,True,False,True,False
GAAGGGTCATTAAGAC-1,1881,1118,ER,CID4290,Invasive cancer + stroma,1,73,81,8220,6046,1881,1118,4.093567251461988,False,False,False,True,Invasive cancer + stroma,0.15424263325922152,0.07886233446215915,8.909125674732745e-05,0.3071894891928762,1,1,2.0416883103656764,3,10,0.0,0,0,4.46867472910969,0.008909125674730926,0.5366542437862448,2.87199534764525,True,False,False,False
GCGGTCTTGCTTTCAC-1,24450,5672,ER,CID4290,Invasive cancer + stroma,1,72,82,8125,6101,24450,5672,4.179959100204499,False,False,False,True,Invasive cancer + stroma,0.15048702931281027,0.0002408335382745131,0.0025671364302788974,0.0,0,0,3.0099637707832265,4,217,0.0,0,0,0.006020838456389937,0.006020838458108013,0.006020838456563307,0.006020838456390055,False,False,False,False
GGAAGGACACCGTATA-1,9015,3189,ER,CID4290,Invasive cancer + stroma,1,73,83,8220,6155,9015,3189,4.3704936217415415,False,False,False,True,Invasive cancer + stroma,0.08307703293534956,0.00025938440617618045,6.484610154407314e-05,0.0,0,0,2.3011859014022966,4,38,0.0,0,0,0.006484610154407367,0.0064846101543966864,0.006484610154407114,0.0064846101544068805,False,False,False,False
CGCGGGAATTCCTTTC-1,12046,3713,ER,CID4290,Invasive cancer + stroma,1,72,84,8124,6210,12046,3713,5.312966959986717,False,False,False,True,Invasive cancer + stroma,0.13645762035590264,0.015983487064061545,6.231344600588641e-05,0.0,0,0,2.824551723033514,4,101,0.0,0,0,1.5796546726046239,0.006231344600589077,0.0062313446003526085,0.006231344600589037,False,False,False,False
TCTATCCGATTGCACA-1,7546,3118,ER,CID4290,Invasive cancer + stroma,1,73,85,8219,6264,7546,3118,4.1081367611979855,False,False,False,True,Invasive cancer + stroma,0.1129187988299803,0.01823894157042551,5.947250618327575e-05,0.1406347303606789,1,1,2.663768272000692,4,52,0.0,0,0,0.005947250618327914,0.005947250618327816,0.005947250618327836,1.8060524051875675,False,False,False,False
TACTCGTTTGAATCAA-1,12960,3862,ER,CID4290,Invasive cancer + stroma,1,72,86,8124,6319,12960,3862,6.010802469135802,False,False,False,True,Invasive cancer + stroma,0.0832493558022357,0.014939967738947254,6.21717676944092e-05,0.0,0,0,2.4248910229051477,4,60,0.0,0,0,0.006217176769385605,0.006217176769385756,0.006217176768429985,1.475345243587524,False,False,False,False
GTCTGCCGACTCGACG-1,8343,3154,ER,CID4290,Invasive cancer + stroma,1,73,87,8219,6374,8343,3154,4.6625913939829795,False,False,False,True,Invasive cancer + stroma,0.09624840489020997,0.012561593012825245,5.838641314794555e-05,0.13130419440204602,1,1,2.336750361799666,4,42,0.0,0,0,0.005838641314887016,0.005838641314886483,0.0058386413148865494,1.2386433773378644,False,False,False,False
TACGGGTAATAACATA-1,15241,4655,ER,CID4290,Invasive cancer + stroma,1,72,88,8124,6428,15241,4655,5.714848107079588,False,False,False,True,Invasive cancer + stroma,0.09562760925004912,0.006453451564484292,6.27593635792805e-05,0.0,0,0,2.4503713793626707,4,72,0.0,0,0,0.626517347376789,0.006275936358187785,0.006275936355259688,0.006275936358192673,False,False,False,False
CCAGTTCGGTAACTCA-1,14497,4531,ER,CID4290,Invasive cancer + stroma,1,73,89,8219,6483,14497,4531,5.897771952817824,False,False,False,True,Invasive cancer + stroma,0.07746545315473574,0.003932902922870334,6.0811521208823914e-05,0.0,0,0,2.4748687455072456,4,67,0.0,0,0,0.24454818807347925,0.006081152120351621,0.006081152122476483,0.13657979997072608,False,False,False,False
CGTGCACACCACTGTA-1,8830,3420,ER,CID4290,Invasive cancer + stroma,1,72,90,8124,6537,8830,3420,5.979614949037373,False,False,False,True,Invasive cancer + stroma,0.1019963454381601,0.020221450690579783,6.495528365714406e-05,0.0,0,0,2.675896449658974,4,56,0.0,0,0,0.006495528365714183,0.006495528365714417,0.006495528365791712,2.002658483960758,False,False,False,False
CTTCAGTTGGACAACG-1,7602,3077,ER,CID4290,Invasive cancer + stroma,1,73,91,8219,6592,7602,3077,4.919757958431992,False,False,False,True,Invasive cancer + stroma,0.10793416008914818,0.00024374616123570364,6.093654030895686e-05,0.0,0,0,2.2408924003158575,4,39,0.0,0,0,0.006093654030892867,0.006093654030891844,0.006093654030892777,0.006093654030892876,False,False,False,False
TGATCTATCACACTCT-1,4793,2329,ER,CID4290,Invasive cancer + stroma,1,72,92,8124,6647,4793,2329,4.590027122887545,False,False,False,True,Invasive cancer + stroma,0.2161486401764417,0.0002378219139414489,5.945547848066278e-05,0.0,0,0,3.162261940729871,4,63,0.0,0,0,0.0059455478485362845,0.005945547848535975,0.005945547848536247,0.0059455478485363825,False,True,False,False
TAGCAGATACTTAGGG-1,4339,2347,ER,CID4290,Invasive cancer + stroma,1,73,93,8219,6701,4339,2347,2.6734270569255587,False,False,False,True,Invasive cancer + stroma,0.23107061076399651,0.02290176660034934,0.000129457448990087,0.0,0,0,3.1282983056736153,4,57,0.0,0,0,1.0299895027684531,0.0129457448990087,0.0129457448990087,1.2342956674684633,False,True,False,False
CACCGGGCATCACAAG-1,14505,4788,ER,CID4290,Invasive cancer + stroma,1,72,94,8124,6756,14505,4788,6.935539469148569,False,False,False,True,Invasive cancer + stroma,0.23200500746537614,0.006861468590105021,5.8232996531769404e-05,0.0,0,0,3.648115937810311,4,245,0.0,0,0,0.668676960049413,0.005823299653695576,0.005823299653696685,0.005823299653696837,False,True,False,False
AGTGGCCCGCAAATGG-1,21753,5898,ER,CID4290,Invasive cancer + stroma,1,73,95,8219,6811,21753,5898,4.679814278490324,False,False,False,True,Invasive cancer + stroma,0.20474859803879708,0.05192384664858799,8.373526176986808e-05,0.12607851000212797,2,2,3.4768841124133885,4,304,0.34341838531718966,2,3,1.0339776044861313,1.6592879551061646,0.7893608599824816,1.7097582452840216,True,True,False,False
CTCGCTAGGTAAGCGA-1,24195,5877,ER,CID4290,Invasive cancer + stroma,1,72,96,8124,6865,24195,5877,6.695598264104154,False,False,False,True,Invasive cancer + stroma,0.1616193122148387,0.0002556076942846241,6.390192358025483e-05,0.0,0,0,3.084714334482558,4,217,0.0,0,0,0.006390192357686726,0.006390192356896169,0.00639019235619137,0.006390192357688142,False,False,False,False
GATAGATAGTACAGTC-1,29884,6744,ER,CID4290,Invasive cancer + stroma,1,73,97,8219,6920,29884,6744,4.868826127693749,False,False,False,True,Invasive cancer + stroma,0.20237412022136897,0.03000708872040235,5.8904634339623184e-05,0.0,0,0,3.395982343460635,4,438,0.0,0,0,0.0058904634340749005,0.005890463432421436,0.0058904634357257145,2.983037481738013,False,True,False,False
CGAGACTACTGCTGCT-1,21568,5493,ER,CID4290,Invasive cancer + stroma,1,72,98,8124,6974,21568,5493,7.158753709198813,False,False,False,True,Invasive cancer + stroma,0.11715440534822515,0.0021724410268865076,9.012855524112672e-05,0.0,0,0,2.7109813435048586,4,142,0.0,0,0,0.12149553555993645,0.07772285607689365,0.009012855526311023,0.009012855525509665,False,False,False,False
ACATTTGAAACCTAAC-1,18711,5232,ER,CID4290,Invasive cancer + stroma,1,73,99,8219,7029,18711,5232,6.0606060606060606,False,False,False,True,Invasive cancer + stroma,0.19571084048499612,0.00024494669442549737,6.123667360222068e-05,0.07136145639726725,1,1,3.4331751813607454,4,256,0.0,0,0,0.006123667360205567,0.006123667360205637,0.006123667361933002,0.006123667360205529,False,True,False,False
GACACAGCCGGGACTG-1,8701,3270,ER,CID4290,Invasive cancer + stroma,1,72,100,8124,7084,8701,3270,7.907137110676933,False,False,False,True,Invasive cancer + stroma,0.1459426723522155,0.0002436926962202223,6.092317405631888e-05,0.0,0,0,2.7695283952308145,4,70,0.0,0,0,0.006092317405506554,0.0060923174055020094,0.006092317405507091,0.006092317405506575,False,False,False,False
ACGGAACACGAGTGCC-1,3592,1870,ER,CID4290,Invasive cancer + stroma,1,73,101,8219,7138,3592,1870,5.3452115812917596,False,False,False,True,Invasive cancer + stroma,0.18358954930593546,0.0014169574296303577,5.860222440846015e-05,0.0,0,0,3.0397865330501244,4,38,0.0,0,0,0.0058602224408465485,0.005860222440844591,0.1241150756404989,0.0058602224408457375,False,False,False,False
AGCCCGCACTACAATG-1,9297,3603,ER,CID4290,Invasive cancer + stroma + lymphocytes,1,73,111,8219,7684,9297,3603,4.797246423577498,False,False,False,True,Invasive cancer + stroma + lymphocytes,0.20165402986246114,0.00690254080287543,6.214746274438109e-05,0.0,0,0,3.301292277948964,4,105,0.0,0,0,0.006214746274437896,0.006214746274438453,0.006214746274225539,0.6716098414644411,False,True,False,False
ATAGCCATAACAGTCA-1,8690,3461,ER,CID4290,Invasive cancer + stroma + lymphocytes,1,72,114,8124,7848,8690,3461,3.6823935558112773,False,False,False,True,Invasive cancer + stroma + lymphocytes,0.12230824831509376,0.004207579280045592,9.181568158328284e-05,0.0,0,0,2.686550789522826,4,53,0.0,0,0,0.00918156815837396,0.009181568158374514,0.009181568158374452,0.3932132235294363,False,False,False,False
GTCGGGTGAAGTACCG-1,15432,4492,ER,CID4290,Invasive cancer + stroma + lymphocytes,1,72,116,8123,7957,15432,4492,7.063245204769311,False,False,False,True,Invasive cancer + stroma + lymphocytes,0.07754332440813756,0.0019118903300056143,9.49900808892492e-05,0.0,0,0,2.0614594974534453,4,58,0.16652164933502453,1,1,0.009499008088917694,0.009499008089090507,0.16269200873363548,0.009499008088917748,False,False,False,False
TAGTGACAAGCTCTAC-1,14867,4532,ER,CID4290,Invasive cancer + stroma + lymphocytes,1,73,123,8218,8340,14867,4532,9.954933745880137,False,False,False,True,Invasive cancer + stroma + lymphocytes,0.020549839676737458,0.017330432174640333,0.00010376915446542944,0.0,0,0,1.28288439504384,4,18,0.0,0,0,1.7019124711160845,0.0103769154465315,0.010376915454885383,0.010376915446531878,False,False,False,False
ATCGCCGTGGTTCATG-1,7436,2972,ER,CID4290,Invasive cancer + stroma + lymphocytes,1,72,124,8123,8394,7436,2972,5.944055944055944,False,False,False,True,Invasive cancer + stroma + lymphocytes,0.08675719198170616,0.05214005225787312,6.329001230317246e-05,0.0,0,0,2.1592724184747842,4,33,0.0,0,0,4.497051628577722,0.7042955947489549,0.0063290012303174525,0.006329001230317236,True,False,True,False
CTGCTCTCAACACACC-1,3812,1859,ER,CID4290,Invasive cancer + stroma + lymphocytes,1,73,125,8218,8449,3812,1859,4.512067156348373,False,False,False,True,Invasive cancer + stroma + lymphocytes,0.10135298603083505,0.0009794697697531481,6.690891912113633e-05,0.0,0,0,1.6881283933034816,3,12,0.0,0,0,0.07787430123897321,0.006690891912114702,0.006690891912113011,0.0066908919121138844,False,False,False,False
GCATGACACAAAGGAA-1,5269,2392,ER,CID4290,Invasive cancer + stroma + lymphocytes,1,72,126,8123,8504,5269,2392,5.408996014423989,False,False,False,True,Invasive cancer + stroma + lymphocytes,0.20000376675650636,0.025874432553097747,6.47838202078483e-05,0.0,0,0,3.25114792651841,4,57,0.0,0,0,0.0064783820207872465,0.006478382020788408,0.006478382020787299,2.568008109247412,False,True,False,False
CAACGATCGATCCAAT-1,1762,1012,ER,CID4290,Invasive cancer + stroma + lymphocytes,1,73,127,8218,8558,1762,1012,5.732122587968218,False,False,False,True,Invasive cancer + stroma + lymphocytes,0.09253099519282151,0.017218156780451545,6.768445300672286e-05,0.0,0,0,1.825990337428269,3,6,0.0,0,0,1.7015103421301778,0.00676844530499105,0.006768445304992937,0.006768445304992606,False,False,False,False
CGAAGATCAGTTTCAT-1,1749,1102,ER,CID4290,Invasive cancer + stroma,1,74,70,8315,5445,1749,1102,8.176100628930817,False,False,False,True,Invasive cancer + stroma,0.10894582203462626,0.061557694295126926,6.612581889775635e-05,0.0,0,0,2.1161790374193794,3,10,0.0,0,0,4.720033482735607,0.006612581889775571,0.006612581889775441,1.4225107829975345,True,False,True,False
CTTAGATGTTTCATCC-1,2572,1465,ER,CID4290,Invasive cancer + stroma,1,74,72,8315,5554,2572,1465,5.598755832037325,False,False,False,True,Invasive cancer + stroma,0.08510577305114318,0.00024996709930907163,6.24917748725236e-05,0.0,0,0,1.5477691193410712,3,7,0.0,0,0,0.006249177482314782,0.00624917748316071,0.006249177483116727,0.006249177482314944,False,False,False,False
TAAATTGTGGGTAAAG-1,1229,774,ER,CID4290,Invasive cancer + stroma,1,74,74,8315,5664,1229,774,4.719283970707893,False,False,False,True,Invasive cancer + stroma,0.08425548774760502,0.0006480387491675434,6.669998416123991e-05,0.0,0,0,0.9325262368410223,1,5,0.0,0,0,0.006669998426218218,0.0066699984343159225,0.044793879626509416,0.0066699984297107825,False,False,False,False
CTTACATAGATTTCTT-1,1499,977,ER,CID4290,Invasive cancer + stroma,1,74,82,8315,6101,1499,977,4.202801867911941,False,False,False,True,Invasive cancer + stroma,0.10180919420405424,0.011168658182931137,9.135564173564078e-05,0.0,0,0,1.6898450688931692,2,9,0.0,0,0,0.00913556417356564,0.009135564173566452,1.0894591257724158,0.00913556417356586,False,False,False,False
AGCAGTCGAAGCATGC-1,5004,2338,ER,CID4290,Invasive cancer + stroma,1,74,84,8315,6210,5004,2338,3.796962430055955,False,False,False,True,Invasive cancer + stroma,0.08475721035789147,0.013624938841663351,9.276720028013354e-05,0.0,0,0,1.8149458689200855,3,18,0.0,0,0,0.4591198573040395,0.009276720028013058,0.009276720028013385,0.8848205868062693,False,False,False,False
TTGGCCAAATTGTATC-1,12038,3963,ER,CID4290,Invasive cancer + stroma,1,74,86,8314,6319,12038,3963,3.272968931716232,False,False,False,True,Invasive cancer + stroma,0.13787618521815972,0.013580005681590387,8.70862182298292e-05,0.0,0,0,2.7342514396237165,4,84,0.0,0,0,0.008708621823692383,0.008708621823513162,0.008708621823692322,1.331874702688141,False,False,False,False
AGTAATCTAAGGGTGG-1,20006,5230,ER,CID4290,Invasive cancer + stroma,1,74,88,8314,6428,20006,5230,3.7988603418974307,False,False,False,True,Invasive cancer + stroma,0.0698615144770524,0.007938453999070581,5.7707599217675386e-05,0.0,0,0,2.0806030732975045,4,59,0.0,0,0,0.005770759921824448,0.005770759921514458,0.0057707599192104,0.7765331201445087,False,False,False,False
AATTATACCCAGCAAG-1,1120,772,ER,CID4290,Invasive cancer + stroma,1,75,89,8409,6483,1120,772,3.8392857142857144,False,False,False,True,Invasive cancer + stroma,0.08721669649035949,0.0002364430796473802,5.911076988116466e-05,0.0,0,0,2.236115157880452,3,7,0.0,0,0,0.005911076992387105,0.0059110769925110685,0.005911076986281681,0.005911076993558165,False,False,False,False
CCCTACCCACACCCAG-1,18300,4984,ER,CID4290,Invasive cancer + stroma,1,74,90,8314,6538,18300,4984,3.1857923497267757,False,False,False,True,Invasive cancer + stroma,0.060999528079405126,0.0009511128558282009,6.006012263967272e-05,0.0,0,0,2.2280277147097016,4,69,0.0,0,0,0.0060060122631954765,0.035447742630050766,0.04765151842568413,0.0060060122638897154,False,False,False,False
TCGCCTCCTTCGGCTC-1,3684,1904,ER,CID4290,Invasive cancer + stroma,1,74,92,8314,6647,3684,1904,3.691639522258415,False,False,False,True,Invasive cancer + stroma,0.10533631877519875,0.009897497037618976,6.495767898422724e-05,0.0,0,0,2.3511859011071925,4,19,0.0,0,0,0.970262400058013,0.006495767900366522,0.00649576790175893,0.006495767901759236,False,False,False,False
GACTTCAACGCATCAA-1,4180,2161,ER,CID4290,Invasive cancer + stroma,1,74,94,8314,6756,4180,2161,2.77511961722488,False,False,False,True,Invasive cancer + stroma,0.22202555941384275,0.03871997941431177,5.804399064215855e-05,0.0,0,0,3.405348378054815,4,66,0.814347516378211,2,2,1.5244302762306439,0.005804399064215855,2.0528818181609845,0.2888814479753329,True,True,True,False
GCTTCCCGTAAGCTCC-1,918,664,ER,CID4290,Invasive cancer + stroma,1,75,95,8409,6811,918,664,2.3965141612200433,False,False,False,True,Invasive cancer + stroma,0.2161455443176299,0.00034771072650174824,8.422867495230445e-05,0.0,0,0,3.218114595517367,4,15,0.0,0,0,0.008422867508442074,0.00842286751946971,0.008422867514771726,0.009502470107491313,False,True,False,False
AGAACTGTACTTTGTA-1,27179,6116,ER,CID4290,Invasive cancer + stroma,1,74,96,8314,6865,27179,6116,4.194414805548401,False,False,False,True,Invasive cancer + stroma,0.13006990117406933,0.0008009415166839681,6.588352289143575e-05,0.0,0,0,2.7998201575111707,4,195,0.0,0,0,0.06032909479367994,0.006588352291470694,0.006588352292199401,0.006588352291046769,False,False,False,False
GGCCAATTGTATAGAC-1,16501,4717,ER,CID4290,Invasive cancer + stroma,1,74,98,8314,6975,16501,4717,5.82994970001818,False,False,False,True,Invasive cancer + stroma,0.14034954926949125,0.0002631605660239891,6.5790141474993e-05,0.0,0,0,2.9160007939678034,4,129,0.0,0,0,0.006579014150166784,0.006579014150166624,0.006579014151898782,0.00657901415016672,False,False,False,False
AATACCTGATGTGAAC-1,7787,3345,ER,CID4290,Invasive cancer + stroma,1,74,100,8314,7084,7787,3345,7.165789135739052,False,False,False,True,Invasive cancer + stroma,0.1892114605711914,0.00759998009510727,6.294095012571552e-05,0.0,0,0,2.9509822813902855,4,92,0.0,0,0,0.006294095012571911,0.006294095012572496,0.006294095012367867,0.7411157244732147,False,False,False,False
GCGGATTACTTGTTCT-1,8350,3240,ER,CID4290,Invasive cancer + stroma + lymphocytes,1,74,110,8314,7630,8350,3240,4.395209580838324,False,False,False,True,Invasive cancer + stroma + lymphocytes,0.22888697199903607,0.0002535852103372741,6.339630259146136e-05,0.0,0,0,3.6327518513169887,4,149,0.0,0,0,0.006339630258957099,0.006339630258959051,0.0063396302568542225,0.006339630258957036,False,True,False,False
TACAACAGCGCATACA-1,1089,742,ER,CID4290,Invasive cancer + stroma + lymphocytes,1,75,111,8409,7685,1089,742,3.489439853076217,False,False,False,True,Invasive cancer + stroma + lymphocytes,0.3495018642615308,0.018807603970461915,5.978476171638566e-05,0.0,0,0,3.7425994845820516,4,20,0.0,0,0,1.862662767200169,0.005978476172597715,0.005978476172588413,0.006140677500836385,False,True,False,False
TCTAACCTAGCCTGCG-1,11033,4012,ER,CID4290,Invasive cancer + stroma + lymphocytes,1,74,112,8314,7739,11033,4012,2.96383576543098,False,False,False,True,Invasive cancer + stroma + lymphocytes,0.06807247714852319,0.00024501625464149124,6.125406365980022e-05,0.0,0,0,2.1612710134368767,4,38,0.0,0,0,0.006125406365979893,0.006125406366021917,0.006125406366167411,0.0061254063659799025,False,False,False,False
GTCTTACCACGCCAAG-1,19949,5380,ER,CID4290,Invasive cancer + stroma + lymphocytes,1,74,114,8314,7848,19949,5380,8.115695022306882,False,False,False,True,Invasive cancer + stroma + lymphocytes,0.025661044604247504,0.013477169381348254,6.34699342461068e-05,0.06771948637602067,1,1,1.4215186140384415,4,27,0.0,0,0,0.006346993425149329,0.006346993427836756,0.006346993424167767,1.3286759578576715,False,False,False,False
AATAACGTCGCGCCCA-1,6308,2775,ER,CID4290,Invasive cancer + stroma + lymphocytes,1,75,115,8409,7903,6308,2775,7.878883956880152,False,False,False,True,Invasive cancer + stroma + lymphocytes,0.019061085616247756,0.035328835948556944,6.285635960744736e-05,0.0,0,0,0.9124734163190047,3,5,0.0,0,0,0.006285635960744768,0.006285635960745023,0.0062856359607421355,3.514026686973463,True,False,True,False
GCCCGTCAAGCCCAAT-1,2038,1242,ER,CID4290,Invasive cancer + stroma + lymphocytes,1,74,124,8313,8395,2038,1242,4.121687929342492,False,False,False,True,Invasive cancer + stroma + lymphocytes,0.06964155501744056,0.00026547219664431736,6.636804910477783e-05,0.0,0,0,2.1719879553484756,4,7,0.0,0,0,0.006636804916276582,0.006636804915602258,0.006636804916276592,0.006636804916276301,False,False,False,False
