"","orig.ident","reference_label","source_barcode"
"boot_1006_00001","CID4535","B-cells","CID4535_GTCATTTCAGGAATCG"
"boot_1006_00002","CID4535","B-cells","CID4535_CACACAAAGCGTCAAG"
"boot_1006_00003","CID4535","B-cells","CID4535_ATTCTACAGACAGAGA"
"boot_1006_00004","CID4535","B-cells","CID4535_ACACCGGCAGGGATTG"
"boot_1006_00005","CID4535","B-cells","CID4535_CTGGTCTGTTCAACCA"
"boot_1006_00006","CID4535","B-cells","CID4535_CTCTGGTTCTCCGGTT"
"boot_1006_00007","CID4535","B-cells","CID4535_CTCATTAGTGGACGAT"
"boot_1006_00008","CID4535","B-cells","CID4535_CATCGGGTCCTCCTAG"
"boot_1006_00009","CID4535","B-cells","CID4535_GAGGTGATCCGAAGAG"
"boot_1006_00010","CID4535","B-cells","CID4535_ACTTACTTCCGTCAAA"
"boot_1006_00011","CID4535","B-cells","CID4535_ATTGGTGCAGCCTTTC"
"boot_1006_00012","CID4535","B-cells","CID4535_CTCTGGTTCTCCGGTT"
"boot_1006_00013","CID4535","B-cells","CID4535_CAACCTCGTTTAGGAA"
"boot_1006_00014","CID4535","B-cells","CID4535_ATCTGCCCACGACGAA"
"boot_1006_00015","CID4535","B-cells","CID4535_CTCATTAGTCCTCCAT"
"boot_1006_00016","CID4535","B-cells","CID4535_CCTACACAGCCGTCGT"
"boot_1006_00017","CID4535","B-cells","CID4535_ATCTGCCCACGACGAA"
"boot_1006_00018","CID4535","B-cells","CID4535_GCACATAGTTCGCTAA"
"boot_1006_00019","CID4535","B-cells","CID4535_CCTACACAGCCGTCGT"
"boot_1006_00020","CID4535","B-cells","CID4535_ATCACGAAGGACACCA"
"boot_1006_00021","CID4535","B-cells","CID4535_ATCTGCCCACGACGAA"
"boot_1006_00022","CID4535","B-cells","CID4535_TTGGAACTCTTACCGC"
"boot_1006_00023","CID4535","B-cells","CID4535_CTCGGAGCATCCTAGA"
"boot_1006_00024","CID4535","B-cells","CID4535_CCTACACAGCCGTCGT"
"boot_1006_00025","CID4535","B-cells","CID4535_AGGCCACAGTGTACCT"
"boot_1006_00026","CID4535","B-cells","CID4535_CCATGTCGTAGGACAC"
"boot_1006_00027","CID4535","B-cells","CID4535_GTCAAGTCACGGTAGA"
"boot_1006_00028","CID4535","B-cells","CID4535_CATATTCAGCCGGTAA"
"boot_1006_00029","CID4535","B-cells","CID4535_AAAGATGGTGTAATGA"
"boot_1006_00030","CID4535","B-cells","CID4535_TTGAACGTCCTAAGTG"
"boot_1006_00031","CID4535","B-cells","CID4535_ATGAGGGAGTACGCCC"
"boot_1006_00032","CID4535","B-cells","CID4535_CAGTCCTTCCTGTACC"
"boot_1006_00033","CID4535","B-cells","CID4535_GGGATGATCATTATCC"
"boot_1006_00034","CID4535","B-cells","CID4535_GTCAAGTGTCGAACAG"
"boot_1006_00035","CID4535","B-cells","CID4535_ATGAGGGAGTACGCCC"
"boot_1006_00036","CID4535","B-cells","CID4535_CTCGGGACAATGACCT"
"boot_1006_00037","CID4535","B-cells","CID4535_AACTCAGGTGTTGGGA"
"boot_1006_00038","CID4535","B-cells","CID4535_GGGATGATCATTATCC"
"boot_1006_00039","CID4535","B-cells","CID4535_GTGCAGCAGTGTTGAA"
"boot_1006_00040","CID4535","B-cells","CID4535_AGGCCACAGTGTACCT"
"boot_1006_00041","CID4535","B-cells","CID4535_TACAGTGCACGTTGGC"
"boot_1006_00042","CID4535","B-cells","CID4535_TTGCGTCCAATAGCAA"
"boot_1006_00043","CID4535","B-cells","CID4535_CAGTCCTTCCTGTACC"
"boot_1006_00044","CID4535","B-cells","CID4535_CTGGTCTGTTCAACCA"
"boot_1006_00045","CID4535","B-cells","CID4535_CCCTCCTTCCCTAATT"
"boot_1006_00046","CID4535","B-cells","CID4535_CGTCCATTCACTTCAT"
"boot_1006_00047","CID4535","B-cells","CID4535_GCACATAGTTCGCTAA"
"boot_1006_00048","CID4535","B-cells","CID4535_AAGGCAGGTTGAACTC"
"boot_1006_00049","CID4535","B-cells","CID4535_CTGATCCAGTGCTGCC"
"boot_1006_00050","CID4535","B-cells","CID4535_ATTCTACAGACAGAGA"
"boot_1006_00051","CID4535","B-cells","CID4535_GCACATAGTTCGCTAA"
"boot_1006_00052","CID4535","B-cells","CID4535_GAGGTGATCCGAAGAG"
"boot_1006_00053","CID4535","B-cells","CID4535_ATCATGGAGCTAGCCC"
"boot_1006_00054","CID4535","B-cells","CID4535_AAAGATGGTGTAATGA"
"boot_1006_00055","CID4535","B-cells","CID4535_ATGAGGGAGTACGCCC"
"boot_1006_00056","CID4535","B-cells","CID4535_CAACCTCGTTTAGGAA"
"boot_1006_00057","CID4535","CAFs","CID4535_CTCGTACAGAAGCCCA"
"boot_1006_00058","CID4535","CAFs","CID4535_AGCGGTCGTTGATTGC"
"boot_1006_00059","CID4535","CAFs","CID4535_CTACGTCCACGAAACG"
"boot_1006_00060","CID4535","CAFs","CID4535_AACTTTCGTTAGAACA"
"boot_1006_00061","CID4535","CAFs","CID4535_TGGCTGGCAGCCACCA"
"boot_1006_00062","CID4535","CAFs","CID4535_AGCTCTCGTGCGGTAA"
"boot_1006_00063","CID4535","CAFs","CID4535_TACCTATAGCGATTCT"
"boot_1006_00064","CID4535","CAFs","CID4535_GGTGAAGCAATTCCTT"
"boot_1006_00065","CID4535","CAFs","CID4535_TGACTTTCAGTAAGAT"
"boot_1006_00066","CID4535","CAFs","CID4535_AACTGGTCACCACCAG"
"boot_1006_00067","CID4535","CAFs","CID4535_AACTCAGCACTCAGGC"
"boot_1006_00068","CID4535","CAFs","CID4535_AGGTCATAGAAGGCCT"
"boot_1006_00069","CID4535","CAFs","CID4535_TCGAGGCCATACTACG"
"boot_1006_00070","CID4535","CAFs","CID4535_CTACGTCCACGAAACG"
"boot_1006_00071","CID4535","CAFs","CID4535_TTAGGACAGCGAAGGG"
"boot_1006_00072","CID4535","CAFs","CID4535_AATCGGTTCTGTCTAT"
"boot_1006_00073","CID4535","CAFs","CID4535_GAACCTATCCCACTTG"
"boot_1006_00074","CID4535","CAFs","CID4535_TTAGGACAGCGAAGGG"
"boot_1006_00075","CID4535","CAFs","CID4535_GCACTCTGTACACCGC"
"boot_1006_00076","CID4535","CAFs","CID4535_TAGTGGTGTTATCGGT"
"boot_1006_00077","CID4535","CAFs","CID4535_ACGCCGACACCGAAAG"
"boot_1006_00078","CID4535","CAFs","CID4535_CTCGTACAGAAGCCCA"
"boot_1006_00079","CID4535","CAFs","CID4535_CTAGAGTAGTGGACGT"
"boot_1006_00080","CID4535","CAFs","CID4535_TGGCTGGCAGCCACCA"
"boot_1006_00081","CID4535","CAFs","CID4535_TACCTATAGCGATTCT"
"boot_1006_00082","CID4535","CAFs","CID4535_AACACGTGTTTAGCTG"
"boot_1006_00083","CID4535","CAFs","CID4535_CAGCAGCGTCCATCCT"
"boot_1006_00084","CID4535","CAFs","CID4535_TTTGGTTTCTGAGGGA"
"boot_1006_00085","CID4535","CAFs","CID4535_CGTCTACAGATGTGTA"
"boot_1006_00086","CID4535","CAFs","CID4535_GTACTCCCAAGCCGTC"
"boot_1006_00087","CID4535","CAFs","CID4535_AGGTCATAGAAGGCCT"
"boot_1006_00088","CID4535","CAFs","CID4535_TTAGGACAGCGAAGGG"
"boot_1006_00089","CID4535","CAFs","CID4535_CATTCGCTCCAGAAGG"
"boot_1006_00090","CID4535","CAFs","CID4535_CTGAAACAGCGTGTCC"
"boot_1006_00091","CID4535","CAFs","CID4535_ACGCCGACACCGAAAG"
"boot_1006_00092","CID4535","CAFs","CID4535_CAACCAAAGACCCACC"
"boot_1006_00093","CID4535","CAFs","CID4535_AAGGTTCGTAGCGTAG"
"boot_1006_00094","CID4535","CAFs","CID4535_GATTCAGAGCTAAGAT"
"boot_1006_00095","CID4535","CAFs","CID4535_GATGCTAGTTGAGGTG"
"boot_1006_00096","CID4535","CAFs","CID4535_TCAATCTGTAACGTTC"
"boot_1006_00097","CID4535","CAFs","CID4535_GCATGATTCAGCATGT"
"boot_1006_00098","CID4535","CAFs","CID4535_CAGCAGCGTCCATCCT"
"boot_1006_00099","CID4535","CAFs","CID4535_CTAACTTGTTCTCATT"
"boot_1006_00100","CID4535","CAFs","CID4535_TCAGCAACATTTCAGG"
"boot_1006_00101","CID4535","CAFs","CID4535_TTTGGTTGTGATAAAC"
"boot_1006_00102","CID4535","CAFs","CID4535_TGAGAGGGTGCTCTTC"
"boot_1006_00103","CID4535","CAFs","CID4535_TGCTACCGTCTTGCGG"
"boot_1006_00104","CID4535","CAFs","CID4535_GGCAATTCATGGATGG"
"boot_1006_00105","CID4535","CAFs","CID4535_GTACTCCGTAGGCTGA"
"boot_1006_00106","CID4535","CAFs","CID4535_ATTCTACCACGGCGTT"
"boot_1006_00107","CID4535","CAFs","CID4535_CCACCTATCAGAGGTG"
"boot_1006_00108","CID4535","CAFs","CID4535_TCGCGTTCATAGAAAC"
"boot_1006_00109","CID4535","CAFs","CID4535_GCTGCAGCAAATCCGT"
"boot_1006_00110","CID4535","CAFs","CID4535_AGTCTTTTCTTTCCTC"
"boot_1006_00111","CID4535","CAFs","CID4535_ACGCCGACACCGAAAG"
"boot_1006_00112","CID4535","CAFs","CID4535_TGAGAGGGTGCTCTTC"
"boot_1006_00113","CID4535","CAFs","CID4535_AGCTCTCGTGCGGTAA"
"boot_1006_00114","CID4535","CAFs","CID4535_AGGTCATAGAAGGCCT"
"boot_1006_00115","CID4535","CAFs","CID4535_AGGTCATAGAAGGCCT"
"boot_1006_00116","CID4535","CAFs","CID4535_CCAATCCTCCTTGACC"
"boot_1006_00117","CID4535","CAFs","CID4535_CTCGTACAGAAGCCCA"
"boot_1006_00118","CID4535","CAFs","CID4535_GTTCGGGTCCAAAGTC"
"boot_1006_00119","CID4535","CAFs","CID4535_TAGCCGGAGCTGCCCA"
"boot_1006_00120","CID4535","CAFs","CID4535_ACTGAACAGCCCAGCT"
"boot_1006_00121","CID4535","CAFs","CID4535_TCAGCAACATTTCAGG"
"boot_1006_00122","CID4535","CAFs","CID4535_ATTCTACCACGGCGTT"
"boot_1006_00123","CID4535","CAFs","CID4535_TTAGGACAGTGTACGG"
"boot_1006_00124","CID4535","CAFs","CID4535_CATCCACCAATGGATA"
"boot_1006_00125","CID4535","CAFs","CID4535_GAATGAATCCACGAAT"
"boot_1006_00126","CID4535","CAFs","CID4535_GAACCTATCCCACTTG"
"boot_1006_00127","CID4535","CAFs","CID4535_TTTGGTTTCTGAGGGA"
"boot_1006_00128","CID4535","CAFs","CID4535_TTAACTCGTCAGAGGT"
"boot_1006_00129","CID4535","CAFs","CID4535_CTAACTTGTTCTCATT"
"boot_1006_00130","CID4535","CAFs","CID4535_CAACCAAAGACCCACC"
"boot_1006_00131","CID4535","CAFs","CID4535_TTAGGACAGTGTACGG"
"boot_1006_00132","CID4535","CAFs","CID4535_AACACGTTCGCTGATA"
"boot_1006_00133","CID4535","CAFs","CID4535_CCCAATCCACCCAGTG"
"boot_1006_00134","CID4535","CAFs","CID4535_GCATGATTCAGCATGT"
"boot_1006_00135","CID4535","CAFs","CID4535_AACACGTTCGCTGATA"
"boot_1006_00136","CID4535","CAFs","CID4535_CTACGTCCACGAAACG"
"boot_1006_00137","CID4535","CAFs","CID4535_CTACGTCCACGAAACG"
"boot_1006_00138","CID4535","CAFs","CID4535_TCACGAAAGTGAAGAG"
"boot_1006_00139","CID4535","CAFs","CID4535_TTCGGTCCATGCCTAA"
"boot_1006_00140","CID4535","CAFs","CID4535_CTCGTACAGAAGCCCA"
"boot_1006_00141","CID4535","CAFs","CID4535_GATGCTACAGCTCGCA"
"boot_1006_00142","CID4535","CAFs","CID4535_AGCGGTCGTTGATTGC"
"boot_1006_00143","CID4535","CAFs","CID4535_TGCTACCGTCTTGCGG"
"boot_1006_00144","CID4535","CAFs","CID4535_TTTGGTTGTGATAAAC"
"boot_1006_00145","CID4535","CAFs","CID4535_TAGTGGTGTTATCGGT"
"boot_1006_00146","CID4535","CAFs","CID4535_TCAATCTGTAACGTTC"
"boot_1006_00147","CID4535","CAFs","CID4535_AAGGTTCGTAGCGTAG"
"boot_1006_00148","CID4535","CAFs","CID4535_CGTAGCGTCTTGGGTA"
"boot_1006_00149","CID4535","CAFs","CID4535_TCAGCAACATTTCAGG"
"boot_1006_00150","CID4535","CAFs","CID4535_TCGAGGCCATACTACG"
"boot_1006_00151","CID4535","CAFs","CID4535_TTTCCTCGTGTTCGAT"
"boot_1006_00152","CID4535","CAFs","CID4535_TTCGGTCCATGCCTAA"
"boot_1006_00153","CID4535","CAFs","CID4535_CCACCTATCAGAGGTG"
"boot_1006_00154","CID4535","CAFs","CID4535_GTACTCCGTAGGCTGA"
"boot_1006_00155","CID4535","CAFs","CID4535_CACACAAAGCAATCTC"
"boot_1006_00156","CID4535","CAFs","CID4535_TCATTACCATTCCTGC"
"boot_1006_00157","CID4535","CAFs","CID4535_CTAGAGTAGTGGACGT"
"boot_1006_00158","CID4535","CAFs","CID4535_TCTGGAAAGAAGGGTA"
"boot_1006_00159","CID4535","Cancer Epithelial","CID4535_TCAGGATCAGGCGATA"
"boot_1006_00160","CID4535","Cancer Epithelial","CID4535_TCGCGAGGTCGCTTTC"
"boot_1006_00161","CID4535","Cancer Epithelial","CID4535_TTGTAGGAGCAGATCG"
"boot_1006_00162","CID4535","Cancer Epithelial","CID4535_CTCGAAATCTCAAACG"
"boot_1006_00163","CID4535","Cancer Epithelial","CID4535_CCTTCCCCACATTCGA"
"boot_1006_00164","CID4535","Cancer Epithelial","CID4535_ATAACGCCAGCTGTGC"
"boot_1006_00165","CID4535","Cancer Epithelial","CID4535_TGCTGCTAGTGCCATT"
"boot_1006_00166","CID4535","Cancer Epithelial","CID4535_ACGATGTGTTTCCACC"
"boot_1006_00167","CID4535","Cancer Epithelial","CID4535_AGCTCTCAGCCACGCT"
"boot_1006_00168","CID4535","Cancer Epithelial","CID4535_CATATTCAGGATGCGT"
"boot_1006_00169","CID4535","Cancer Epithelial","CID4535_CGGACGTCATGCGCAC"
"boot_1006_00170","CID4535","Cancer Epithelial","CID4535_CAAGGCCTCTGGTTCC"
"boot_1006_00171","CID4535","Cancer Epithelial","CID4535_GTACGTACACATTAGC"
"boot_1006_00172","CID4535","Cancer Epithelial","CID4535_CAGATCATCAACGGCC"
"boot_1006_00173","CID4535","Cancer Epithelial","CID4535_TTCTCCTCAATGTTGC"
"boot_1006_00174","CID4535","Cancer Epithelial","CID4535_GATCGATGTTATGCGT"
"boot_1006_00175","CID4535","Cancer Epithelial","CID4535_GACTACAAGAAGATTC"
"boot_1006_00176","CID4535","Cancer Epithelial","CID4535_CAGTAACAGACGCTTT"
"boot_1006_00177","CID4535","Cancer Epithelial","CID4535_TGGGAAGCAGACACTT"
"boot_1006_00178","CID4535","Cancer Epithelial","CID4535_GTTCTCGGTGACCAAG"
"boot_1006_00179","CID4535","Cancer Epithelial","CID4535_GACGTGCCATTCTCAT"
"boot_1006_00180","CID4535","Cancer Epithelial","CID4535_GCGACCATCGCCAGCA"
"boot_1006_00181","CID4535","Cancer Epithelial","CID4535_TTTGTCAAGATCCCAT"
"boot_1006_00182","CID4535","Cancer Epithelial","CID4535_ACTTACTAGCAGGCTA"
"boot_1006_00183","CID4535","Cancer Epithelial","CID4535_GGCGTGTTCATGCATG"
"boot_1006_00184","CID4535","Cancer Epithelial","CID4535_CGGACGTAGATGTTAG"
"boot_1006_00185","CID4535","Cancer Epithelial","CID4535_GGGTTGCAGGCAGTCA"
"boot_1006_00186","CID4535","Cancer Epithelial","CID4535_GAAACTCAGTGCCAGA"
"boot_1006_00187","CID4535","Cancer Epithelial","CID4535_CTACGTCCAAACGCGA"
"boot_1006_00188","CID4535","Cancer Epithelial","CID4535_TCAACGATCAGCGATT"
"boot_1006_00189","CID4535","Cancer Epithelial","CID4535_CATCGGGGTTCGTTGA"
"boot_1006_00190","CID4535","Cancer Epithelial","CID4535_GGCGTGTCAGCGTTCG"
"boot_1006_00191","CID4535","Cancer Epithelial","CID4535_ATTGGACCACCAGGTC"
"boot_1006_00192","CID4535","Cancer Epithelial","CID4535_TCTCTAAGTAGGCATG"
"boot_1006_00193","CID4535","Cancer Epithelial","CID4535_AGGCCGTTCGGCCGAT"
"boot_1006_00194","CID4535","Cancer Epithelial","CID4535_CATATGGAGGGTTCCC"
"boot_1006_00195","CID4535","Cancer Epithelial","CID4535_GACTGCGTCCGGCACA"
"boot_1006_00196","CID4535","Cancer Epithelial","CID4535_GTCCTCACAGTATAAG"
"boot_1006_00197","CID4535","Cancer Epithelial","CID4535_GATCGATCATATGGTC"
"boot_1006_00198","CID4535","Cancer Epithelial","CID4535_ACGTCAAGTGTCGCTG"
"boot_1006_00199","CID4535","Cancer Epithelial","CID4535_CAGTAACCACGAAACG"
"boot_1006_00200","CID4535","Cancer Epithelial","CID4535_ACAGCTAAGTCTTGCA"
"boot_1006_00201","CID4535","Cancer Epithelial","CID4535_GCACTCTTCAGTGCAT"
"boot_1006_00202","CID4535","Cancer Epithelial","CID4535_CGTGAGCAGGTAAACT"
"boot_1006_00203","CID4535","Cancer Epithelial","CID4535_CATCGAATCCGGGTGT"
"boot_1006_00204","CID4535","Cancer Epithelial","CID4535_CTAATGGGTTCGCTAA"
"boot_1006_00205","CID4535","Cancer Epithelial","CID4535_GTGCGGTCATGCGCAC"
"boot_1006_00206","CID4535","Cancer Epithelial","CID4535_TGTATTCAGGCAGTCA"
"boot_1006_00207","CID4535","Cancer Epithelial","CID4535_ATCTACTCAATACGCT"
"boot_1006_00208","CID4535","Cancer Epithelial","CID4535_TCGCGTTAGCGTGTCC"
"boot_1006_00209","CID4535","Cancer Epithelial","CID4535_CGTCCATGTTATCGGT"
"boot_1006_00210","CID4535","Cancer Epithelial","CID4535_TTCTCCTTCAGCTTAG"
"boot_1006_00211","CID4535","Cancer Epithelial","CID4535_TTAGTTCAGTCCGTAT"
"boot_1006_00212","CID4535","Cancer Epithelial","CID4535_CTCTGGTAGCCGATTT"
"boot_1006_00213","CID4535","Cancer Epithelial","CID4535_TATGCCCAGACTACAA"
"boot_1006_00214","CID4535","Cancer Epithelial","CID4535_TATGCCCTCGGTTAAC"
"boot_1006_00215","CID4535","Cancer Epithelial","CID4535_CATATGGAGGGTTCCC"
"boot_1006_00216","CID4535","Cancer Epithelial","CID4535_CCGGTAGCACATGACT"
"boot_1006_00217","CID4535","Cancer Epithelial","CID4535_GGTGTTATCCTTTCTC"
"boot_1006_00218","CID4535","Cancer Epithelial","CID4535_CATATGGCATCAGTCA"
"boot_1006_00219","CID4535","Cancer Epithelial","CID4535_GAACATCGTGACCAAG"
"boot_1006_00220","CID4535","Cancer Epithelial","CID4535_GTGTTAGAGTATCTCG"
"boot_1006_00221","CID4535","Cancer Epithelial","CID4535_ACTGCTCCATTCGACA"
"boot_1006_00222","CID4535","Cancer Epithelial","CID4535_ACGCCAGGTCGAGTTT"
"boot_1006_00223","CID4535","Cancer Epithelial","CID4535_CTTAACTAGTATCGAA"
"boot_1006_00224","CID4535","Cancer Epithelial","CID4535_TCAGGATCAACGCACC"
"boot_1006_00225","CID4535","Cancer Epithelial","CID4535_ACTGAGTGTAGAAGGA"
"boot_1006_00226","CID4535","Cancer Epithelial","CID4535_AACTGGTTCCGTCATC"
"boot_1006_00227","CID4535","Cancer Epithelial","CID4535_GCACTCTGTAATTGGA"
"boot_1006_00228","CID4535","Cancer Epithelial","CID4535_CTCCTAGAGATGCGAC"
"boot_1006_00229","CID4535","Cancer Epithelial","CID4535_GAACCTACAGTACACT"
"boot_1006_00230","CID4535","Cancer Epithelial","CID4535_CAACCAACACGAAAGC"
"boot_1006_00231","CID4535","Cancer Epithelial","CID4535_AGTAGTCTCCACGCAG"
"boot_1006_00232","CID4535","Cancer Epithelial","CID4535_TGAAAGAGTTGTCGCG"
"boot_1006_00233","CID4535","Cancer Epithelial","CID4535_CCTTCCCCACATTCGA"
"boot_1006_00234","CID4535","Cancer Epithelial","CID4535_TTCCCAGGTATAAACG"
"boot_1006_00235","CID4535","Cancer Epithelial","CID4535_TCATTTGGTACCATCA"
"boot_1006_00236","CID4535","Cancer Epithelial","CID4535_ACATACGTCCTAGGGC"
"boot_1006_00237","CID4535","Cancer Epithelial","CID4535_TTGGAACAGTGAACGC"
"boot_1006_00238","CID4535","Cancer Epithelial","CID4535_CCATTCGAGACCCACC"
"boot_1006_00239","CID4535","Cancer Epithelial","CID4535_TAGCCGGAGAGCCCAA"
"boot_1006_00240","CID4535","Cancer Epithelial","CID4535_AACTCTTAGCTACCTA"
"boot_1006_00241","CID4535","Cancer Epithelial","CID4535_AACTGGTTCAAGAAGT"
"boot_1006_00242","CID4535","Cancer Epithelial","CID4535_ATCATCTGTCGTCTTC"
"boot_1006_00243","CID4535","Cancer Epithelial","CID4535_GTAACTGCAATCGGTT"
"boot_1006_00244","CID4535","Cancer Epithelial","CID4535_TGTTCCGCATTCCTCG"
"boot_1006_00245","CID4535","Cancer Epithelial","CID4535_TGGACGCCACGGATAG"
"boot_1006_00246","CID4535","Cancer Epithelial","CID4535_GGTGCGTCACCGATAT"
"boot_1006_00247","CID4535","Cancer Epithelial","CID4535_AACTCCCCAGCTATTG"
"boot_1006_00248","CID4535","Cancer Epithelial","CID4535_TCGGGACTCCTATTCA"
"boot_1006_00249","CID4535","Cancer Epithelial","CID4535_CAGGTGCAGTCGATAA"
"boot_1006_00250","CID4535","Cancer Epithelial","CID4535_CTCGTCACATGATCCA"
"boot_1006_00251","CID4535","Cancer Epithelial","CID4535_ACGATGTGTCCAGTGC"
"boot_1006_00252","CID4535","Cancer Epithelial","CID4535_GAGGTGATCGCCATAA"
"boot_1006_00253","CID4535","Cancer Epithelial","CID4535_GAATAAGAGGATGTAT"
"boot_1006_00254","CID4535","Cancer Epithelial","CID4535_CCTTACGCATCCCACT"
"boot_1006_00255","CID4535","Cancer Epithelial","CID4535_CCTTTCTTCCAAACAC"
"boot_1006_00256","CID4535","Cancer Epithelial","CID4535_GACTACACAGAAGCAC"
"boot_1006_00257","CID4535","Cancer Epithelial","CID4535_TGAAAGAGTTGTCGCG"
"boot_1006_00258","CID4535","Cancer Epithelial","CID4535_CAGCCGACAGCTGGCT"
"boot_1006_00259","CID4535","Cancer Epithelial","CID4535_TTTCCTCCAAGGGTCA"
"boot_1006_00260","CID4535","Cancer Epithelial","CID4535_CGCGGTAAGTTAGGTA"
"boot_1006_00261","CID4535","Cancer Epithelial","CID4535_TTTACTGTCCTGTACC"
"boot_1006_00262","CID4535","Cancer Epithelial","CID4535_GCAGTTAGTATGCTTG"
"boot_1006_00263","CID4535","Cancer Epithelial","CID4535_CAGCCGAGTAGTGAAT"
"boot_1006_00264","CID4535","Cancer Epithelial","CID4535_AAGACCTTCTAACTTC"
"boot_1006_00265","CID4535","Cancer Epithelial","CID4535_TCGGTAAGTCAATGTC"
"boot_1006_00266","CID4535","Cancer Epithelial","CID4535_ACTGATGCAAGCGCTC"
"boot_1006_00267","CID4535","Cancer Epithelial","CID4535_CTGTTTACAAAGGCGT"
"boot_1006_00268","CID4535","Cancer Epithelial","CID4535_GGGAGATTCACTTACT"
"boot_1006_00269","CID4535","Cancer Epithelial","CID4535_AAGGTTCTCGCCTGTT"
"boot_1006_00270","CID4535","Cancer Epithelial","CID4535_GAATAAGCAGGATCGA"
"boot_1006_00271","CID4535","Cancer Epithelial","CID4535_CCTTTCTAGTCAATAG"
"boot_1006_00272","CID4535","Cancer Epithelial","CID4535_CAGTAACAGACGCTTT"
"boot_1006_00273","CID4535","Cancer Epithelial","CID4535_AAACCTGCAGCCTGTG"
"boot_1006_00274","CID4535","Cancer Epithelial","CID4535_GACGTGCGTCTTGTCC"
"boot_1006_00275","CID4535","Cancer Epithelial","CID4535_CAGCCGACATGCTAGT"
"boot_1006_00276","CID4535","Cancer Epithelial","CID4535_ACCTTTATCGGATGGA"
"boot_1006_00277","CID4535","Cancer Epithelial","CID4535_AAGGTTCGTAGCCTAT"
"boot_1006_00278","CID4535","Cancer Epithelial","CID4535_CAGCGACAGATTACCC"
"boot_1006_00279","CID4535","Cancer Epithelial","CID4535_ATCTGCCAGCCAACAG"
"boot_1006_00280","CID4535","Cancer Epithelial","CID4535_TCGCGTTTCGACAGCC"
"boot_1006_00281","CID4535","Cancer Epithelial","CID4535_AGTAGTCTCCACGCAG"
"boot_1006_00282","CID4535","Cancer Epithelial","CID4535_TTGCGTCCACCGAATT"
"boot_1006_00283","CID4535","Cancer Epithelial","CID4535_ATCTACTCAATACGCT"
"boot_1006_00284","CID4535","Cancer Epithelial","CID4535_GAGGTGATCTGTCCGT"
"boot_1006_00285","CID4535","Cancer Epithelial","CID4535_TTGGAACGTGCCTGCA"
"boot_1006_00286","CID4535","Cancer Epithelial","CID4535_AAACGGGTCACAACGT"
"boot_1006_00287","CID4535","Cancer Epithelial","CID4535_ACGCCAGAGGGCTTCC"
"boot_1006_00288","CID4535","Cancer Epithelial","CID4535_TGCGGGTGTAGGCTGA"
"boot_1006_00289","CID4535","Cancer Epithelial","CID4535_TGGACGCCACGGATAG"
"boot_1006_00290","CID4535","Cancer Epithelial","CID4535_AGGGAGTCATATACGC"
"boot_1006_00291","CID4535","Cancer Epithelial","CID4535_AACTGGTTCAAGAAGT"
"boot_1006_00292","CID4535","Cancer Epithelial","CID4535_GTGAAGGAGGCATGTG"
"boot_1006_00293","CID4535","Cancer Epithelial","CID4535_ATCGAGTTCCCAAGTA"
"boot_1006_00294","CID4535","Cancer Epithelial","CID4535_CTCGTACAGGTAAACT"
"boot_1006_00295","CID4535","Cancer Epithelial","CID4535_TAGCCGGAGAGCCCAA"
"boot_1006_00296","CID4535","Cancer Epithelial","CID4535_CTGAAGTAGTCCGTAT"
"boot_1006_00297","CID4535","Cancer Epithelial","CID4535_GGCCGATCAGATCCAT"
"boot_1006_00298","CID4535","Cancer Epithelial","CID4535_GTCGTAACACTGCCAG"
"boot_1006_00299","CID4535","Cancer Epithelial","CID4535_CTAAGACAGAACTGTA"
"boot_1006_00300","CID4535","Cancer Epithelial","CID4535_AGGCCGTAGTCTCCTC"
"boot_1006_00301","CID4535","Cancer Epithelial","CID4535_AGCAGCCCAATGTAAG"
"boot_1006_00302","CID4535","Cancer Epithelial","CID4535_TGCACCTAGTCCATAC"
"boot_1006_00303","CID4535","Cancer Epithelial","CID4535_TACTTACCATTGGGCC"
"boot_1006_00304","CID4535","Cancer Epithelial","CID4535_CTTAACTGTAAACCTC"
"boot_1006_00305","CID4535","Cancer Epithelial","CID4535_TGCTACCCACATTAGC"
"boot_1006_00306","CID4535","Cancer Epithelial","CID4535_AAGTCTGTCGAATCCA"
"boot_1006_00307","CID4535","Cancer Epithelial","CID4535_CTGCCTACACGTGAGA"
"boot_1006_00308","CID4535","Cancer Epithelial","CID4535_TAAGCGTTCAGTTCGA"
"boot_1006_00309","CID4535","Cancer Epithelial","CID4535_CAGCATACAGCCTATA"
"boot_1006_00310","CID4535","Cancer Epithelial","CID4535_TGACAACTCCTTGGTC"
"boot_1006_00311","CID4535","Cancer Epithelial","CID4535_CGGACGTCATATACCG"
"boot_1006_00312","CID4535","Cancer Epithelial","CID4535_GATCGCGAGCTAGCCC"
"boot_1006_00313","CID4535","Cancer Epithelial","CID4535_TGCCAAAGTACCGGCT"
"boot_1006_00314","CID4535","Cancer Epithelial","CID4535_CCTCAGTCACCAGTTA"
"boot_1006_00315","CID4535","Cancer Epithelial","CID4535_GAACCTAGTTCAGCGC"
"boot_1006_00316","CID4535","Cancer Epithelial","CID4535_AACACGTAGAGTAAGG"
"boot_1006_00317","CID4535","Cancer Epithelial","CID4535_CTAGAGTAGTAACCCT"
"boot_1006_00318","CID4535","Cancer Epithelial","CID4535_CATCGGGAGGAGTACC"
"boot_1006_00319","CID4535","Cancer Epithelial","CID4535_ACACCGGCAAGTTCTG"
"boot_1006_00320","CID4535","Cancer Epithelial","CID4535_GCTCCTATCTCGATGA"
"boot_1006_00321","CID4535","Cancer Epithelial","CID4535_GCAAACTAGAGCCTAG"
"boot_1006_00322","CID4535","Cancer Epithelial","CID4535_GTCGGGTAGTGGCACA"
"boot_1006_00323","CID4535","Cancer Epithelial","CID4535_AAAGCAAGTTACCGAT"
"boot_1006_00324","CID4535","Cancer Epithelial","CID4535_AGCTTGAAGCGTTGCC"
"boot_1006_00325","CID4535","Cancer Epithelial","CID4535_CGCTATCTCCACTGGG"
"boot_1006_00326","CID4535","Cancer Epithelial","CID4535_CATGACACAATCTACG"
"boot_1006_00327","CID4535","Cancer Epithelial","CID4535_TCGAGGCTCAAGGTAA"
"boot_1006_00328","CID4535","Cancer Epithelial","CID4535_TTCCCAGAGCACACAG"
"boot_1006_00329","CID4535","Cancer Epithelial","CID4535_AGTGGGAGTCTTCAAG"
"boot_1006_00330","CID4535","Cancer Epithelial","CID4535_GATGAGGGTATTACCG"
"boot_1006_00331","CID4535","Cancer Epithelial","CID4535_ACGATACTCGAACGGA"
"boot_1006_00332","CID4535","Cancer Epithelial","CID4535_CAAGGCCGTTCCGGCA"
"boot_1006_00333","CID4535","Cancer Epithelial","CID4535_CTCGTCATCCAGTATG"
"boot_1006_00334","CID4535","Cancer Epithelial","CID4535_TGCGCAGTCTAACTCT"
"boot_1006_00335","CID4535","Cancer Epithelial","CID4535_TGGACGCTCGGAATCT"
"boot_1006_00336","CID4535","Cancer Epithelial","CID4535_AAGGCAGGTGATGCCC"
"boot_1006_00337","CID4535","Cancer Epithelial","CID4535_GTGCATAAGGACACCA"
"boot_1006_00338","CID4535","Cancer Epithelial","CID4535_CTCGTACTCAATCTCT"
"boot_1006_00339","CID4535","Cancer Epithelial","CID4535_GATCGATGTTATGCGT"
"boot_1006_00340","CID4535","Cancer Epithelial","CID4535_TTGCGTCCAGATCCAT"
"boot_1006_00341","CID4535","Cancer Epithelial","CID4535_CACCTTGGTATAAACG"
"boot_1006_00342","CID4535","Cancer Epithelial","CID4535_AGACGTTCAAACAACA"
"boot_1006_00343","CID4535","Cancer Epithelial","CID4535_GCAATCAGTGCTAGCC"
"boot_1006_00344","CID4535","Cancer Epithelial","CID4535_ACACCGGTCAATCACG"
"boot_1006_00345","CID4535","Cancer Epithelial","CID4535_CGGGTCAAGCACACAG"
"boot_1006_00346","CID4535","Cancer Epithelial","CID4535_GAACCTACACTTGGAT"
"boot_1006_00347","CID4535","Cancer Epithelial","CID4535_TTCTCAACAGGAATCG"
"boot_1006_00348","CID4535","Cancer Epithelial","CID4535_CAGCAGCGTCTAACGT"
"boot_1006_00349","CID4535","Cancer Epithelial","CID4535_ACTGATGCAAGCGCTC"
"boot_1006_00350","CID4535","Cancer Epithelial","CID4535_TCAGGTACACTTGGAT"
"boot_1006_00351","CID4535","Cancer Epithelial","CID4535_ATCATGGAGCTCCTCT"
"boot_1006_00352","CID4535","Cancer Epithelial","CID4535_ATAGACCAGGACAGAA"
"boot_1006_00353","CID4535","Cancer Epithelial","CID4535_ATTTCTGAGTGTACTC"
"boot_1006_00354","CID4535","Cancer Epithelial","CID4535_CATCCACTCACCAGGC"
"boot_1006_00355","CID4535","Cancer Epithelial","CID4535_CTTCTCTGTCAGAATA"
"boot_1006_00356","CID4535","Cancer Epithelial","CID4535_ACACTGAGTCGACTAT"
"boot_1006_00357","CID4535","Cancer Epithelial","CID4535_TCGAGGCAGTGTCCCG"
"boot_1006_00358","CID4535","Cancer Epithelial","CID4535_ACACCCTCATACTACG"
"boot_1006_00359","CID4535","Cancer Epithelial","CID4535_AGCTCTCAGCCACGCT"
"boot_1006_00360","CID4535","Cancer Epithelial","CID4535_TGAGGGAAGCGATATA"
"boot_1006_00361","CID4535","Cancer Epithelial","CID4535_CGGGTCAAGTCTCAAC"
"boot_1006_00362","CID4535","Cancer Epithelial","CID4535_GACCAATAGAAACGAG"
"boot_1006_00363","CID4535","Cancer Epithelial","CID4535_CGATGGCCATCACCCT"
"boot_1006_00364","CID4535","Cancer Epithelial","CID4535_CAGCATACAGCCTATA"
"boot_1006_00365","CID4535","Cancer Epithelial","CID4535_TTCGGTCTCACCACCT"
"boot_1006_00366","CID4535","Cancer Epithelial","CID4535_CGAATGTTCTTGACGA"
"boot_1006_00367","CID4535","Cancer Epithelial","CID4535_CACACCTGTAGCGTCC"
"boot_1006_00368","CID4535","Cancer Epithelial","CID4535_GATTCAGTCCTAGTGA"
"boot_1006_00369","CID4535","Cancer Epithelial","CID4535_GACGGCTTCCCGACTT"
"boot_1006_00370","CID4535","Cancer Epithelial","CID4535_ACGATGTAGATATGGT"
"boot_1006_00371","CID4535","Cancer Epithelial","CID4535_TGAGGGAAGGATGTAT"
"boot_1006_00372","CID4535","Cancer Epithelial","CID4535_ACGGCCATCCGCGCAA"
"boot_1006_00373","CID4535","Cancer Epithelial","CID4535_GATCGTACAGATCTGT"
"boot_1006_00374","CID4535","Cancer Epithelial","CID4535_CAAGAAACACATCCGG"
"boot_1006_00375","CID4535","Cancer Epithelial","CID4535_TGCACCTAGCAACGGT"
"boot_1006_00376","CID4535","Cancer Epithelial","CID4535_GACAGAGTCCACGTTC"
"boot_1006_00377","CID4535","Cancer Epithelial","CID4535_GACGTGCAGCGTAGTG"
"boot_1006_00378","CID4535","Cancer Epithelial","CID4535_ACTGTCCGTAAACGCG"
"boot_1006_00379","CID4535","Cancer Epithelial","CID4535_GGGAATGGTCAAAGCG"
"boot_1006_00380","CID4535","Cancer Epithelial","CID4535_GACAGAGTCCACGTTC"
"boot_1006_00381","CID4535","Cancer Epithelial","CID4535_GGATGTTTCAAACCGT"
"boot_1006_00382","CID4535","Cancer Epithelial","CID4535_TCTGGAATCGCCGTGA"
"boot_1006_00383","CID4535","Cancer Epithelial","CID4535_TGGACGCCACATTAGC"
"boot_1006_00384","CID4535","Cancer Epithelial","CID4535_GATCGTAGTCGCTTTC"
"boot_1006_00385","CID4535","Cancer Epithelial","CID4535_TGTGTTTGTAGAGCTG"
"boot_1006_00386","CID4535","Cancer Epithelial","CID4535_CTGCTGTTCTAACTTC"
"boot_1006_00387","CID4535","Cancer Epithelial","CID4535_AGCGTATCATCCCATC"
"boot_1006_00388","CID4535","Cancer Epithelial","CID4535_AAAGATGCAAGCTGAG"
"boot_1006_00389","CID4535","Cancer Epithelial","CID4535_GCGACCAAGCAATATG"
"boot_1006_00390","CID4535","Cancer Epithelial","CID4535_TTAGTTCGTTCGCTAA"
"boot_1006_00391","CID4535","Cancer Epithelial","CID4535_CATGGCGCATCTATGG"
"boot_1006_00392","CID4535","Cancer Epithelial","CID4535_CAGCGACAGTCCTCCT"
"boot_1006_00393","CID4535","Cancer Epithelial","CID4535_GCTGCTTCACATTCGA"
"boot_1006_00394","CID4535","Cancer Epithelial","CID4535_CTGCTGTGTATGCTTG"
"boot_1006_00395","CID4535","Cancer Epithelial","CID4535_CATCAAGAGGGATGGG"
"boot_1006_00396","CID4535","Cancer Epithelial","CID4535_AGATCTGCAACTGCGC"
"boot_1006_00397","CID4535","Cancer Epithelial","CID4535_CAGCATAGTGCGCTTG"
"boot_1006_00398","CID4535","Cancer Epithelial","CID4535_CTGCTGTTCTAACTTC"
"boot_1006_00399","CID4535","Cancer Epithelial","CID4535_TGCCAAAGTACCGGCT"
"boot_1006_00400","CID4535","Cancer Epithelial","CID4535_TGGACGCTCCGCGGTA"
"boot_1006_00401","CID4535","Cancer Epithelial","CID4535_TCCACACAGGCAATTA"
"boot_1006_00402","CID4535","Cancer Epithelial","CID4535_CTGCCTAGTTAAAGAC"
"boot_1006_00403","CID4535","Cancer Epithelial","CID4535_CGATCGGGTGTGTGCC"
"boot_1006_00404","CID4535","Cancer Epithelial","CID4535_GTAACGTAGAATAGGG"
"boot_1006_00405","CID4535","Cancer Epithelial","CID4535_TAAGCGTAGAAACGCC"
"boot_1006_00406","CID4535","Cancer Epithelial","CID4535_CCCAATCAGACTTGAA"
"boot_1006_00407","CID4535","Cancer Epithelial","CID4535_CGGGTCAGTATAATGG"
"boot_1006_00408","CID4535","Cancer Epithelial","CID4535_CAGAATCGTAGGGACT"
"boot_1006_00409","CID4535","Cancer Epithelial","CID4535_TATTACCGTCACACGC"
"boot_1006_00410","CID4535","Cancer Epithelial","CID4535_CGTCCATGTTATCGGT"
"boot_1006_00411","CID4535","Cancer Epithelial","CID4535_AGTGGGAGTCTTCAAG"
"boot_1006_00412","CID4535","Cancer Epithelial","CID4535_GGACGTCGTAGCGTGA"
"boot_1006_00413","CID4535","Cancer Epithelial","CID4535_ATTGGTGAGCGACGTA"
"boot_1006_00414","CID4535","Cancer Epithelial","CID4535_GCAATCAAGCACGCCT"
"boot_1006_00415","CID4535","Cancer Epithelial","CID4535_TCAGCAAGTAACGACG"
"boot_1006_00416","CID4535","Cancer Epithelial","CID4535_CTGTGCTTCGTAGGTT"
"boot_1006_00417","CID4535","Cancer Epithelial","CID4535_CTCAGAAGTTCAGGCC"
"boot_1006_00418","CID4535","Cancer Epithelial","CID4535_GTCATTTCATCCGCGA"
"boot_1006_00419","CID4535","Cancer Epithelial","CID4535_ACATGGTAGCCAACAG"
"boot_1006_00420","CID4535","Cancer Epithelial","CID4535_GCTGCAGGTATGCTTG"
"boot_1006_00421","CID4535","Cancer Epithelial","CID4535_GGTATTGAGCAAATCA"
"boot_1006_00422","CID4535","Cancer Epithelial","CID4535_AAGACCTCATTGGCGC"
"boot_1006_00423","CID4535","Cancer Epithelial","CID4535_ACTGTCCCAGTAGAGC"
"boot_1006_00424","CID4535","Cancer Epithelial","CID4535_CGGACACAGCAATCTC"
"boot_1006_00425","CID4535","Cancer Epithelial","CID4535_GCTCCTAGTGGCGAAT"
"boot_1006_00426","CID4535","Cancer Epithelial","CID4535_TACGGATGTAGCGTCC"
"boot_1006_00427","CID4535","Cancer Epithelial","CID4535_GACGCGTCATGGTAGG"
"boot_1006_00428","CID4535","Cancer Epithelial","CID4535_TCGAGGCAGAACAATC"
"boot_1006_00429","CID4535","Cancer Epithelial","CID4535_CACATAGTCGGCGCAT"
"boot_1006_00430","CID4535","Cancer Epithelial","CID4535_GTGCTTCGTCTAGCGC"
"boot_1006_00431","CID4535","Cancer Epithelial","CID4535_ACTTACTGTCATGCAT"
"boot_1006_00432","CID4535","Cancer Epithelial","CID4535_ATAACGCGTACAGTTC"
"boot_1006_00433","CID4535","Cancer Epithelial","CID4535_AGCTCTCGTACTTCTT"
"boot_1006_00434","CID4535","Cancer Epithelial","CID4535_ACACCCTCAAGGGTCA"
"boot_1006_00435","CID4535","Cancer Epithelial","CID4535_TCGAGGCAGAGTACCG"
"boot_1006_00436","CID4535","Cancer Epithelial","CID4535_GGAACTTGTCTCATCC"
"boot_1006_00437","CID4535","Cancer Epithelial","CID4535_GGATTACTCGGTCCGA"
"boot_1006_00438","CID4535","Cancer Epithelial","CID4535_AGGCCGTCAGTATCTG"
"boot_1006_00439","CID4535","Cancer Epithelial","CID4535_CAGCAGCTCAGGATCT"
"boot_1006_00440","CID4535","Cancer Epithelial","CID4535_GTGCATATCTATCCCG"
"boot_1006_00441","CID4535","Cancer Epithelial","CID4535_TACGGATAGATTACCC"
"boot_1006_00442","CID4535","Cancer Epithelial","CID4535_CAGTAACAGACACGAC"
"boot_1006_00443","CID4535","Cancer Epithelial","CID4535_GCGAGAACAGGTGGAT"
"boot_1006_00444","CID4535","Cancer Epithelial","CID4535_CGCTATCGTGAAGGCT"
"boot_1006_00445","CID4535","Cancer Epithelial","CID4535_TGACAACTCCTTGGTC"
"boot_1006_00446","CID4535","Cancer Epithelial","CID4535_CGAACATCACGGCTAC"
"boot_1006_00447","CID4535","Cancer Epithelial","CID4535_CGTGTAAAGTCGAGTG"
"boot_1006_00448","CID4535","Cancer Epithelial","CID4535_CTACACCTCCAAATGC"
"boot_1006_00449","CID4535","Cancer Epithelial","CID4535_ATTGGTGAGAGTAATC"
"boot_1006_00450","CID4535","Cancer Epithelial","CID4535_GACCAATTCTCGTATT"
"boot_1006_00451","CID4535","Cancer Epithelial","CID4535_CGGCTAGTCGGACAAG"
"boot_1006_00452","CID4535","Cancer Epithelial","CID4535_CTCCTAGTCTATGTGG"
"boot_1006_00453","CID4535","Cancer Epithelial","CID4535_GTCATTTTCCGATATG"
"boot_1006_00454","CID4535","Cancer Epithelial","CID4535_TGCGGGTCAAGACACG"
"boot_1006_00455","CID4535","Cancer Epithelial","CID4535_AAGTCTGGTACAAGTA"
"boot_1006_00456","CID4535","Cancer Epithelial","CID4535_GCGAGAAAGGTGGGTT"
"boot_1006_00457","CID4535","Cancer Epithelial","CID4535_TATGCCCCATGGAATA"
"boot_1006_00458","CID4535","Cancer Epithelial","CID4535_CTGAAACAGATCTGAA"
"boot_1006_00459","CID4535","Cancer Epithelial","CID4535_GCTCTGTAGGGTATCG"
"boot_1006_00460","CID4535","Cancer Epithelial","CID4535_CAAGGCCCAGCCACCA"
"boot_1006_00461","CID4535","Cancer Epithelial","CID4535_CGCTATCTCGTCGTTC"
"boot_1006_00462","CID4535","Cancer Epithelial","CID4535_AGAGCTTGTTACCAGT"
"boot_1006_00463","CID4535","Cancer Epithelial","CID4535_TGCTACCCACTTAACG"
"boot_1006_00464","CID4535","Cancer Epithelial","CID4535_GTGAAGGGTGCGCTTG"
"boot_1006_00465","CID4535","Cancer Epithelial","CID4535_CCTCTGAAGGCAGTCA"
"boot_1006_00466","CID4535","Cancer Epithelial","CID4535_AAGGAGCTCTGAGTGT"
"boot_1006_00467","CID4535","Cancer Epithelial","CID4535_GCGCGATAGTCGAGTG"
"boot_1006_00468","CID4535","Cancer Epithelial","CID4535_TGAAAGAAGGTGATTA"
"boot_1006_00469","CID4535","Cancer Epithelial","CID4535_GGAGCAACATCGTCGG"
"boot_1006_00470","CID4535","Cancer Epithelial","CID4535_TGTATTCGTAACGACG"
"boot_1006_00471","CID4535","Cancer Epithelial","CID4535_TCTCATACATCAGTCA"
"boot_1006_00472","CID4535","Cancer Epithelial","CID4535_CATTATCTCATAAAGG"
"boot_1006_00473","CID4535","Cancer Epithelial","CID4535_ATAACGCGTACAGTTC"
"boot_1006_00474","CID4535","Cancer Epithelial","CID4535_CCAGCGAGTATATGAG"
"boot_1006_00475","CID4535","Cancer Epithelial","CID4535_GATCGCGCAGACAAGC"
"boot_1006_00476","CID4535","Cancer Epithelial","CID4535_AGCATACGTGCCTGGT"
"boot_1006_00477","CID4535","Cancer Epithelial","CID4535_TGACTTTTCCAAGTAC"
"boot_1006_00478","CID4535","Cancer Epithelial","CID4535_GCAATCAGTGCTAGCC"
"boot_1006_00479","CID4535","Cancer Epithelial","CID4535_CTGATAGTCATTTGGG"
"boot_1006_00480","CID4535","Cancer Epithelial","CID4535_TGGCGCATCATGTCCC"
"boot_1006_00481","CID4535","Cancer Epithelial","CID4535_TAGACCATCCCACTTG"
"boot_1006_00482","CID4535","Cancer Epithelial","CID4535_TCGAGGCTCTAACGGT"
"boot_1006_00483","CID4535","Cancer Epithelial","CID4535_AACACGTCAGTGGGAT"
"boot_1006_00484","CID4535","Cancer Epithelial","CID4535_TCGGTAACAGACGCCT"
"boot_1006_00485","CID4535","Cancer Epithelial","CID4535_ACGAGGACATACCATG"
"boot_1006_00486","CID4535","Cancer Epithelial","CID4535_ACTGCTCTCGCCATAA"
"boot_1006_00487","CID4535","Cancer Epithelial","CID4535_TCGGTAATCTGCAGTA"
"boot_1006_00488","CID4535","Cancer Epithelial","CID4535_TGTATTCAGGCAGTCA"
"boot_1006_00489","CID4535","Cancer Epithelial","CID4535_ACACCCTGTGGTGTAG"
"boot_1006_00490","CID4535","Cancer Epithelial","CID4535_AAAGTAGAGAGATGAG"
"boot_1006_00491","CID4535","Cancer Epithelial","CID4535_CTCGTCAGTCTCGTTC"
"boot_1006_00492","CID4535","Cancer Epithelial","CID4535_GTAACTGTCTGGTGTA"
"boot_1006_00493","CID4535","Cancer Epithelial","CID4535_CATCGGGGTCTGCGGT"
"boot_1006_00494","CID4535","Cancer Epithelial","CID4535_ACGCAGCAGATGAGAG"
"boot_1006_00495","CID4535","Cancer Epithelial","CID4535_GGTATTGAGCAAATCA"
"boot_1006_00496","CID4535","Cancer Epithelial","CID4535_CACCAGGAGCCCTAAT"
"boot_1006_00497","CID4535","Cancer Epithelial","CID4535_AGGCCGTGTCTGCCAG"
"boot_1006_00498","CID4535","Cancer Epithelial","CID4535_TGACTAGAGAATTGTG"
"boot_1006_00499","CID4535","Cancer Epithelial","CID4535_CAAGATCGTTACCAGT"
"boot_1006_00500","CID4535","Cancer Epithelial","CID4535_TACGGTACACTTAACG"
"boot_1006_00501","CID4535","Cancer Epithelial","CID4535_TATTACCAGGGAGTAA"
"boot_1006_00502","CID4535","Cancer Epithelial","CID4535_CCACTACCAAAGCAAT"
"boot_1006_00503","CID4535","Cancer Epithelial","CID4535_CGACTTCTCAAACCAC"
"boot_1006_00504","CID4535","Cancer Epithelial","CID4535_GATCGTAGTCGCTTTC"
"boot_1006_00505","CID4535","Cancer Epithelial","CID4535_CATATTCGTGTTTGTG"
"boot_1006_00506","CID4535","Cancer Epithelial","CID4535_AAGGTTCGTAGCCTAT"
"boot_1006_00507","CID4535","Cancer Epithelial","CID4535_ACAGCCGCATCTCGCT"
"boot_1006_00508","CID4535","Cancer Epithelial","CID4535_GTTACAGGTCATGCCG"
"boot_1006_00509","CID4535","Cancer Epithelial","CID4535_TTCGAAGCATGTCCTC"
"boot_1006_00510","CID4535","Cancer Epithelial","CID4535_TATCTCATCGCTTAGA"
"boot_1006_00511","CID4535","Cancer Epithelial","CID4535_GCATGCGTCACTCTTA"
"boot_1006_00512","CID4535","Cancer Epithelial","CID4535_TGAAAGATCGGCATCG"
"boot_1006_00513","CID4535","Cancer Epithelial","CID4535_GGGCACTCAATAGCAA"
"boot_1006_00514","CID4535","Cancer Epithelial","CID4535_TACCTATTCCAGAAGG"
"boot_1006_00515","CID4535","Cancer Epithelial","CID4535_ACGGAGATCGTTGACA"
"boot_1006_00516","CID4535","Cancer Epithelial","CID4535_CCTTCGACACGAAACG"
"boot_1006_00517","CID4535","Cancer Epithelial","CID4535_GCTTCCACAAGCTGTT"
"boot_1006_00518","CID4535","Cancer Epithelial","CID4535_TGAGCATCATGCCACG"
"boot_1006_00519","CID4535","Cancer Epithelial","CID4535_GCAGTTAGTGCCTTGG"
"boot_1006_00520","CID4535","Cancer Epithelial","CID4535_CTCGGGAGTAAGTTCC"
"boot_1006_00521","CID4535","Cancer Epithelial","CID4535_GCTCCTAGTGGCGAAT"
"boot_1006_00522","CID4535","Cancer Epithelial","CID4535_CGTGTAAGTGACTACT"
"boot_1006_00523","CID4535","Cancer Epithelial","CID4535_TTAACTCCATCCTTGC"
"boot_1006_00524","CID4535","Cancer Epithelial","CID4535_CCTTCCCTCCTTGGTC"
"boot_1006_00525","CID4535","Cancer Epithelial","CID4535_ACACCCTCAAGGGTCA"
"boot_1006_00526","CID4535","Cancer Epithelial","CID4535_CTCGTCAAGAGTTGGC"
"boot_1006_00527","CID4535","Cancer Epithelial","CID4535_GCAATCACACCGCTAG"
"boot_1006_00528","CID4535","Cancer Epithelial","CID4535_ACTTACTCAGCATACT"
"boot_1006_00529","CID4535","Cancer Epithelial","CID4535_ACGGGCTCAGGTCTCG"
"boot_1006_00530","CID4535","Cancer Epithelial","CID4535_CTCAGAAGTTCAGGCC"
"boot_1006_00531","CID4535","Cancer Epithelial","CID4535_TGCGCAGAGCTTATCG"
"boot_1006_00532","CID4535","Cancer Epithelial","CID4535_CTTTGCGGTGGCCCTA"
"boot_1006_00533","CID4535","Cancer Epithelial","CID4535_AAGTCTGAGGACACCA"
"boot_1006_00534","CID4535","Cancer Epithelial","CID4535_CGCTATCGTGAAGGCT"
"boot_1006_00535","CID4535","Cancer Epithelial","CID4535_CTTACCGGTAAACGCG"
"boot_1006_00536","CID4535","Cancer Epithelial","CID4535_CATCAGAGTCAAACTC"
"boot_1006_00537","CID4535","Cancer Epithelial","CID4535_CCCTCCTAGATGTTAG"
"boot_1006_00538","CID4535","Cancer Epithelial","CID4535_GAGGTGACAGATGGGT"
"boot_1006_00539","CID4535","Cancer Epithelial","CID4535_TACGGATCAGACAAGC"
"boot_1006_00540","CID4535","Cancer Epithelial","CID4535_CGCGTTTGTACGCTGC"
"boot_1006_00541","CID4535","Cancer Epithelial","CID4535_TGCGCAGGTCGAAAGC"
"boot_1006_00542","CID4535","Cancer Epithelial","CID4535_GCTGCGAAGATCTGAA"
"boot_1006_00543","CID4535","Cancer Epithelial","CID4535_GCGGGTTAGTCCATAC"
"boot_1006_00544","CID4535","Cancer Epithelial","CID4535_GGCGACTCATCGGTTA"
"boot_1006_00545","CID4535","Cancer Epithelial","CID4535_AGTGGGAGTGTCCTCT"
"boot_1006_00546","CID4535","Cancer Epithelial","CID4535_AGTGAGGCAGTCACTA"
"boot_1006_00547","CID4535","Cancer Epithelial","CID4535_TCTCTAAAGATCGATA"
"boot_1006_00548","CID4535","Cancer Epithelial","CID4535_TGCCCTACAAGAAAGG"
"boot_1006_00549","CID4535","Cancer Epithelial","CID4535_CACATAGTCAAAGTAG"
"boot_1006_00550","CID4535","Cancer Epithelial","CID4535_CTTGGCTGTGCAGGTA"
"boot_1006_00551","CID4535","Cancer Epithelial","CID4535_CGTTGGGTCCGAACGC"
"boot_1006_00552","CID4535","Cancer Epithelial","CID4535_GATCGCGAGCTAGCCC"
"boot_1006_00553","CID4535","Cancer Epithelial","CID4535_GTCATTTCATCCGCGA"
"boot_1006_00554","CID4535","Cancer Epithelial","CID4535_TACACGAGTGTTGAGG"
"boot_1006_00555","CID4535","Cancer Epithelial","CID4535_GGTGAAGTCAAGATCC"
"boot_1006_00556","CID4535","Cancer Epithelial","CID4535_GTATCTTCACTTAAGC"
"boot_1006_00557","CID4535","Cancer Epithelial","CID4535_TTAGTTCAGTCCGTAT"
"boot_1006_00558","CID4535","Cancer Epithelial","CID4535_CCTACCACAGTGACAG"
"boot_1006_00559","CID4535","Cancer Epithelial","CID4535_CGCGTTTTCCTATGTT"
"boot_1006_00560","CID4535","Cancer Epithelial","CID4535_TAGTGGTGTGACTCAT"
"boot_1006_00561","CID4535","Cancer Epithelial","CID4535_AGCGTATGTAGCTGCC"
"boot_1006_00562","CID4535","Cancer Epithelial","CID4535_TGGCGCAAGACAAGCC"
"boot_1006_00563","CID4535","Cancer Epithelial","CID4535_TGATTTCAGGGAGTAA"
"boot_1006_00564","CID4535","Cancer Epithelial","CID4535_CGCTGGACAACACGCC"
"boot_1006_00565","CID4535","Cancer Epithelial","CID4535_AACTGGTCATCACGAT"
"boot_1006_00566","CID4535","Cancer Epithelial","CID4535_TACGGTAGTGAACCTT"
"boot_1006_00567","CID4535","Cancer Epithelial","CID4535_CTAAGACAGAGGACGG"
"boot_1006_00568","CID4535","Cancer Epithelial","CID4535_CGCTGGAGTCTGATTG"
"boot_1006_00569","CID4535","Cancer Epithelial","CID4535_CGTCCATGTGAACCTT"
"boot_1006_00570","CID4535","Cancer Epithelial","CID4535_GTCATTTGTGAGGCTA"
"boot_1006_00571","CID4535","Cancer Epithelial","CID4535_GCATGCGCAATCCGAT"
"boot_1006_00572","CID4535","Cancer Epithelial","CID4535_GTCAAGTTCGCAAGCC"
"boot_1006_00573","CID4535","Cancer Epithelial","CID4535_CGTCTACCACCACGTG"
"boot_1006_00574","CID4535","Cancer Epithelial","CID4535_GCGCCAATCAGTGTTG"
"boot_1006_00575","CID4535","Cancer Epithelial","CID4535_CGCGTTTAGCTAGTTC"
"boot_1006_00576","CID4535","Cancer Epithelial","CID4535_CGTCTACCACCTTGTC"
"boot_1006_00577","CID4535","Cancer Epithelial","CID4535_CCACTACGTACAGCAG"
"boot_1006_00578","CID4535","Cancer Epithelial","CID4535_CTGCTGTGTATGCTTG"
"boot_1006_00579","CID4535","Cancer Epithelial","CID4535_CTCTACGGTCGAGTTT"
"boot_1006_00580","CID4535","Cancer Epithelial","CID4535_GACGTGCAGCGTAGTG"
"boot_1006_00581","CID4535","Cancer Epithelial","CID4535_AGGGAGTGTGCCTGCA"
"boot_1006_00582","CID4535","Cancer Epithelial","CID4535_TTAGGACGTGTTTGGT"
"boot_1006_00583","CID4535","Cancer Epithelial","CID4535_GTCGTAAGTACAGCAG"
"boot_1006_00584","CID4535","Cancer Epithelial","CID4535_ACTGAGTGTAGAAGGA"
"boot_1006_00585","CID4535","Cancer Epithelial","CID4535_TGTGGTAAGCAGCCTC"
"boot_1006_00586","CID4535","Cancer Epithelial","CID4535_GGAAAGCAGGTGATTA"
"boot_1006_00587","CID4535","Cancer Epithelial","CID4535_CAGATCATCAACGGCC"
"boot_1006_00588","CID4535","Cancer Epithelial","CID4535_GCCTCTAAGACTAGAT"
"boot_1006_00589","CID4535","Cancer Epithelial","CID4535_GCATGATGTCCGTTAA"
"boot_1006_00590","CID4535","Cancer Epithelial","CID4535_CCATGTCTCCGTAGGC"
"boot_1006_00591","CID4535","Cancer Epithelial","CID4535_CCATTCGAGTGGCACA"
"boot_1006_00592","CID4535","Cancer Epithelial","CID4535_TTGGAACCACCAGATT"
"boot_1006_00593","CID4535","Cancer Epithelial","CID4535_TCTTCGGAGGTGCAAC"
"boot_1006_00594","CID4535","Cancer Epithelial","CID4535_TGTGGTAAGCAGCCTC"
"boot_1006_00595","CID4535","Cancer Epithelial","CID4535_GCTGCAGCAAGTTCTG"
"boot_1006_00596","CID4535","Cancer Epithelial","CID4535_GGACATTTCAACCAAC"
"boot_1006_00597","CID4535","Cancer Epithelial","CID4535_ATTACTCTCTTTACAC"
"boot_1006_00598","CID4535","Cancer Epithelial","CID4535_GTACTTTAGCTGTTCA"
"boot_1006_00599","CID4535","Cancer Epithelial","CID4535_TGGACGCCACGGATAG"
"boot_1006_00600","CID4535","Cancer Epithelial","CID4535_CGATTGACAATGAATG"
"boot_1006_00601","CID4535","Cancer Epithelial","CID4535_TTAACTCGTCGTTGTA"
"boot_1006_00602","CID4535","Cancer Epithelial","CID4535_TGCTACCCACCAGATT"
"boot_1006_00603","CID4535","Cancer Epithelial","CID4535_AGACGTTCAGTAAGAT"
"boot_1006_00604","CID4535","Cancer Epithelial","CID4535_TAAACCGGTTATTCTC"
"boot_1006_00605","CID4535","Cancer Epithelial","CID4535_GGTGTTAGTTGTGGCC"
"boot_1006_00606","CID4535","Cancer Epithelial","CID4535_ACATACGTCCTTAATC"
"boot_1006_00607","CID4535","Cancer Epithelial","CID4535_CCTTCCCAGTGATCGG"
"boot_1006_00608","CID4535","Cancer Epithelial","CID4535_GATCTAGAGATATGCA"
"boot_1006_00609","CID4535","Cancer Epithelial","CID4535_GCAAACTCATCAGTCA"
"boot_1006_00610","CID4535","Cancer Epithelial","CID4535_ATGTGTGAGGAATTAC"
"boot_1006_00611","CID4535","Cancer Epithelial","CID4535_CTCGTCATCCAGTATG"
"boot_1006_00612","CID4535","Cancer Epithelial","CID4535_GGCCGATGTGCACTTA"
"boot_1006_00613","CID4535","Cancer Epithelial","CID4535_TCTTCGGAGTGTGAAT"
"boot_1006_00614","CID4535","Cancer Epithelial","CID4535_GGAGCAATCAAGATCC"
"boot_1006_00615","CID4535","Cancer Epithelial","CID4535_GAAACTCGTCCTCTTG"
"boot_1006_00616","CID4535","Cancer Epithelial","CID4535_GAGCAGACACTAGTAC"
"boot_1006_00617","CID4535","Cancer Epithelial","CID4535_TACTTGTGTGTGAAAT"
"boot_1006_00618","CID4535","Cancer Epithelial","CID4535_TACGGGCAGAAACCTA"
"boot_1006_00619","CID4535","Cancer Epithelial","CID4535_CCTCAGTCAGATGGGT"
"boot_1006_00620","CID4535","Cancer Epithelial","CID4535_GGCTCGACATACGCCG"
"boot_1006_00621","CID4535","Cancer Epithelial","CID4535_ATGCGATGTCTAAACC"
"boot_1006_00622","CID4535","Cancer Epithelial","CID4535_TGGTTCCGTACCCAAT"
"boot_1006_00623","CID4535","Cancer Epithelial","CID4535_TTAGGCAAGGACAGCT"
"boot_1006_00624","CID4535","Cancer Epithelial","CID4535_CAAGGCCGTTCCGGCA"
"boot_1006_00625","CID4535","Cancer Epithelial","CID4535_TCACGAAAGGTACTCT"
"boot_1006_00626","CID4535","Cancer Epithelial","CID4535_CTACCCACATGGAATA"
"boot_1006_00627","CID4535","Cancer Epithelial","CID4535_CGGAGCTAGCTAACAA"
"boot_1006_00628","CID4535","Cancer Epithelial","CID4535_CACACCTCAGGAACGT"
"boot_1006_00629","CID4535","Cancer Epithelial","CID4535_CGCCAAGGTGCCTTGG"
"boot_1006_00630","CID4535","Cancer Epithelial","CID4535_GCATACATCCGTACAA"
"boot_1006_00631","CID4535","Cancer Epithelial","CID4535_ATTTCTGCAAGTTAAG"
"boot_1006_00632","CID4535","Cancer Epithelial","CID4535_CCATTCGGTCCGAATT"
"boot_1006_00633","CID4535","Cancer Epithelial","CID4535_CTCGGGAGTAAGTTCC"
"boot_1006_00634","CID4535","Cancer Epithelial","CID4535_TCACAAGTCAGAGACG"
"boot_1006_00635","CID4535","Cancer Epithelial","CID4535_CGCCAAGTCGCAAGCC"
"boot_1006_00636","CID4535","Cancer Epithelial","CID4535_CACACCTCAATCTGCA"
"boot_1006_00637","CID4535","Cancer Epithelial","CID4535_ATTGGTGAGAGTAATC"
"boot_1006_00638","CID4535","Cancer Epithelial","CID4535_GAATGAATCTCCCTGA"
"boot_1006_00639","CID4535","Cancer Epithelial","CID4535_TCGGGACTCCTATTCA"
"boot_1006_00640","CID4535","Cancer Epithelial","CID4535_CATCGAAAGCCACCTG"
"boot_1006_00641","CID4535","Cancer Epithelial","CID4535_ATTGGACCAATGGACG"
"boot_1006_00642","CID4535","Cancer Epithelial","CID4535_CAGTCCTGTAAATGTG"
"boot_1006_00643","CID4535","Cancer Epithelial","CID4535_CGGACGTAGATGTTAG"
"boot_1006_00644","CID4535","Cancer Epithelial","CID4535_CTACCCACAGTGGAGT"
"boot_1006_00645","CID4535","Cancer Epithelial","CID4535_GATCAGTCACAAGTAA"
"boot_1006_00646","CID4535","Cancer Epithelial","CID4535_CTCTACGGTTGTGGAG"
"boot_1006_00647","CID4535","Cancer Epithelial","CID4535_GTCATTTTCCGATATG"
"boot_1006_00648","CID4535","Cancer Epithelial","CID4535_GCTGCGAGTAGTAGTA"
"boot_1006_00649","CID4535","Cancer Epithelial","CID4535_GACACGCCAGTACACT"
"boot_1006_00650","CID4535","Cancer Epithelial","CID4535_ACACCAACAGCGTTCG"
"boot_1006_00651","CID4535","Cancer Epithelial","CID4535_GGCGTGTGTAAGAGGA"
"boot_1006_00652","CID4535","Cancer Epithelial","CID4535_TCAATCTCAGATGGGT"
"boot_1006_00653","CID4535","Cancer Epithelial","CID4535_TATCAGGCAGCTGTGC"
"boot_1006_00654","CID4535","Cancer Epithelial","CID4535_GGGAATGCAGCTGTGC"
"boot_1006_00655","CID4535","Cancer Epithelial","CID4535_TTGAACGTCGTTTATC"
"boot_1006_00656","CID4535","Cancer Epithelial","CID4535_CGCTTCAAGGCTCATT"
"boot_1006_00657","CID4535","Cancer Epithelial","CID4535_TGCCAAACAGGGCATA"
"boot_1006_00658","CID4535","Cancer Epithelial","CID4535_CGGGTCAAGTCTCAAC"
"boot_1006_00659","CID4535","Cancer Epithelial","CID4535_CAGCTAAAGCACAGGT"
"boot_1006_00660","CID4535","Cancer Epithelial","CID4535_TGACTAGAGAATTGTG"
"boot_1006_00661","CID4535","Cancer Epithelial","CID4535_TGAGGGATCCAAGTAC"
"boot_1006_00662","CID4535","Cancer Epithelial","CID4535_TTTGCGCCAGGAACGT"
"boot_1006_00663","CID4535","Cancer Epithelial","CID4535_ATAACGCAGGTCATCT"
"boot_1006_00664","CID4535","Cancer Epithelial","CID4535_GACTACAAGAAGATTC"
"boot_1006_00665","CID4535","Cancer Epithelial","CID4535_TGACAACGTAGCGTAG"
"boot_1006_00666","CID4535","Cancer Epithelial","CID4535_TTGAACGAGTTGCAGG"
"boot_1006_00667","CID4535","Cancer Epithelial","CID4535_GTGTTAGAGTATCTCG"
"boot_1006_00668","CID4535","Cancer Epithelial","CID4535_TCGCGAGCACAAGTAA"
"boot_1006_00669","CID4535","Cancer Epithelial","CID4535_CGGTTAACACGGCTAC"
"boot_1006_00670","CID4535","Cancer Epithelial","CID4535_TTGGCAATCCTTCAAT"
"boot_1006_00671","CID4535","Cancer Epithelial","CID4535_GTTCATTTCACCTTAT"
"boot_1006_00672","CID4535","Cancer Epithelial","CID4535_ACCTTTAAGGGTTTCT"
"boot_1006_00673","CID4535","Cancer Epithelial","CID4535_GGCGTGTTCATGCATG"
"boot_1006_00674","CID4535","Cancer Epithelial","CID4535_CTGAAGTAGTCCGTAT"
"boot_1006_00675","CID4535","Cancer Epithelial","CID4535_GGAGCAATCAGATAAG"
"boot_1006_00676","CID4535","Cancer Epithelial","CID4535_CACACTCGTATTCTCT"
"boot_1006_00677","CID4535","Cancer Epithelial","CID4535_GCGACCAGTAGGCATG"
"boot_1006_00678","CID4535","Cancer Epithelial","CID4535_CGTGTAAAGAATAGGG"
"boot_1006_00679","CID4535","Cancer Epithelial","CID4535_TAGACCATCCCACTTG"
"boot_1006_00680","CID4535","Cancer Epithelial","CID4535_CTCTAATAGGAGTACC"
"boot_1006_00681","CID4535","Cancer Epithelial","CID4535_TATGCCCAGACTACAA"
"boot_1006_00682","CID4535","Cancer Epithelial","CID4535_AACCGCGAGGATGCGT"
"boot_1006_00683","CID4535","Cancer Epithelial","CID4535_GCACATAGTGACTCAT"
"boot_1006_00684","CID4535","Cancer Epithelial","CID4535_CGGAGCTTCTTTCCTC"
"boot_1006_00685","CID4535","Cancer Epithelial","CID4535_GGACGTCAGACTGGGT"
"boot_1006_00686","CID4535","Cancer Epithelial","CID4535_AAACCTGCAGCCTGTG"
"boot_1006_00687","CID4535","Cancer Epithelial","CID4535_TAAGCGTTCAGTTCGA"
"boot_1006_00688","CID4535","Cancer Epithelial","CID4535_TCATTACGTTATCGGT"
"boot_1006_00689","CID4535","Cancer Epithelial","CID4535_CTGAAACCATCAGTAC"
"boot_1006_00690","CID4535","Cancer Epithelial","CID4535_GACTGCGTCACGAAGG"
"boot_1006_00691","CID4535","Cancer Epithelial","CID4535_CACCTTGCATGCTGGC"
"boot_1006_00692","CID4535","Cancer Epithelial","CID4535_TAGACCAAGGACTGGT"
"boot_1006_00693","CID4535","Cancer Epithelial","CID4535_ACACCAAGTTCACCTC"
"boot_1006_00694","CID4535","Cancer Epithelial","CID4535_CAGCTGGAGGGTTTCT"
"boot_1006_00695","CID4535","Cancer Epithelial","CID4535_CGCCAAGGTTTGTGTG"
"boot_1006_00696","CID4535","Cancer Epithelial","CID4535_CTGTGCTAGAGAGCTC"
"boot_1006_00697","CID4535","Cancer Epithelial","CID4535_CGGACGTAGCGTTGCC"
"boot_1006_00698","CID4535","Cancer Epithelial","CID4535_CGCTATCTCGTCGTTC"
"boot_1006_00699","CID4535","Cancer Epithelial","CID4535_TCGAGGCGTATATGAG"
"boot_1006_00700","CID4535","Cancer Epithelial","CID4535_TCCCGATGTGGCTCCA"
"boot_1006_00701","CID4535","Cancer Epithelial","CID4535_TGAGGGAAGTTTGCGT"
"boot_1006_00702","CID4535","Cancer Epithelial","CID4535_TACTTGTTCCAAATGC"
"boot_1006_00703","CID4535","Cancer Epithelial","CID4535_GCCTCTAAGACTAGAT"
"boot_1006_00704","CID4535","Cancer Epithelial","CID4535_GGTGTTATCCTTTCTC"
"boot_1006_00705","CID4535","Cancer Epithelial","CID4535_TTGCCGTTCTGCTGCT"
"boot_1006_00706","CID4535","Cancer Epithelial","CID4535_GGGAGATTCACTTACT"
"boot_1006_00707","CID4535","Cancer Epithelial","CID4535_GGAAAGCAGGTGATTA"
"boot_1006_00708","CID4535","Cancer Epithelial","CID4535_TTCCCAGGTTGCGTTA"
"boot_1006_00709","CID4535","Cancer Epithelial","CID4535_GACGGCTGTGTATGGG"
"boot_1006_00710","CID4535","Cancer Epithelial","CID4535_CCCAGTTAGTTAGGTA"
"boot_1006_00711","CID4535","Cancer Epithelial","CID4535_CTGTTTACATACAGCT"
"boot_1006_00712","CID4535","Cancer Epithelial","CID4535_GTGTTAGAGTATCTCG"
"boot_1006_00713","CID4535","Cancer Epithelial","CID4535_CTCATTACATGTTGAC"
"boot_1006_00714","CID4535","Cancer Epithelial","CID4535_TCGCGAGGTTTAGGAA"
"boot_1006_00715","CID4535","Cancer Epithelial","CID4535_ATCTACTGTGCCTGTG"
"boot_1006_00716","CID4535","Cancer Epithelial","CID4535_TCGGGACAGCTGAAAT"
"boot_1006_00717","CID4535","Cancer Epithelial","CID4535_TATCAGGCAATGAATG"
"boot_1006_00718","CID4535","Cancer Epithelial","CID4535_TACGGTATCAGCATGT"
"boot_1006_00719","CID4535","Cancer Epithelial","CID4535_GCAGTTAAGAAGGACA"
"boot_1006_00720","CID4535","Cancer Epithelial","CID4535_CTCGAGGAGTCGAGTG"
"boot_1006_00721","CID4535","Cancer Epithelial","CID4535_CTCATTATCCGCAGTG"
"boot_1006_00722","CID4535","Cancer Epithelial","CID4535_AACTCCCCAGCTATTG"
"boot_1006_00723","CID4535","Cancer Epithelial","CID4535_TAAGTGCTCTCAACTT"
"boot_1006_00724","CID4535","Cancer Epithelial","CID4535_TCGCGAGGTAGGACAC"
"boot_1006_00725","CID4535","Cancer Epithelial","CID4535_GTCACAATCAGTCAGT"
"boot_1006_00726","CID4535","Cancer Epithelial","CID4535_TTATGCTTCCCGACTT"
"boot_1006_00727","CID4535","Cancer Epithelial","CID4535_GACTGCGTCACGAAGG"
"boot_1006_00728","CID4535","Cancer Epithelial","CID4535_CGTGTAAGTGACTACT"
"boot_1006_00729","CID4535","Cancer Epithelial","CID4535_TACTTGTAGTGCGATG"
"boot_1006_00730","CID4535","Cancer Epithelial","CID4535_TCCACACTCTACCTGC"
"boot_1006_00731","CID4535","Cancer Epithelial","CID4535_CTCGAAATCTCAAACG"
"boot_1006_00732","CID4535","Cancer Epithelial","CID4535_GTGCGGTCATCTATGG"
"boot_1006_00733","CID4535","Cancer Epithelial","CID4535_TGTATTCTCTGAGTGT"
"boot_1006_00734","CID4535","Cancer Epithelial","CID4535_GCATGATCACCGCTAG"
"boot_1006_00735","CID4535","Cancer Epithelial","CID4535_CTCTACGGTTCGCGAC"
"boot_1006_00736","CID4535","Cancer Epithelial","CID4535_GTCGGGTAGTGGCACA"
"boot_1006_00737","CID4535","Cancer Epithelial","CID4535_CTGGTCTAGTCATGCT"
"boot_1006_00738","CID4535","Cancer Epithelial","CID4535_TTGAACGGTCAAAGCG"
"boot_1006_00739","CID4535","Cancer Epithelial","CID4535_TCAACGATCAAACCAC"
"boot_1006_00740","CID4535","Cancer Epithelial","CID4535_TTGCGTCAGTCCCACG"
"boot_1006_00741","CID4535","Cancer Epithelial","CID4535_TGCTGCTAGAAAGTGG"
"boot_1006_00742","CID4535","Cancer Epithelial","CID4535_GTCCTCACAGTATAAG"
"boot_1006_00743","CID4535","Cancer Epithelial","CID4535_GCATGATCACCGCTAG"
"boot_1006_00744","CID4535","Cancer Epithelial","CID4535_TTATGCTCACCTTGTC"
"boot_1006_00745","CID4535","Cancer Epithelial","CID4535_CGAACATGTGTTGGGA"
"boot_1006_00746","CID4535","Cancer Epithelial","CID4535_TCACGAAGTTCTGGTA"
"boot_1006_00747","CID4535","Cancer Epithelial","CID4535_ACATGGTGTCCGTTAA"
"boot_1006_00748","CID4535","Cancer Epithelial","CID4535_ATGTGTGTCAGCAACT"
"boot_1006_00749","CID4535","Cancer Epithelial","CID4535_CTGATCCAGACACTAA"
"boot_1006_00750","CID4535","Cancer Epithelial","CID4535_CGCCAAGAGGTAGCCA"
"boot_1006_00751","CID4535","Cancer Epithelial","CID4535_CGTGAGCAGAAGGTGA"
"boot_1006_00752","CID4535","Cancer Epithelial","CID4535_CAGCATACAGCCTATA"
"boot_1006_00753","CID4535","Cancer Epithelial","CID4535_ACACCGGAGTCCGTAT"
"boot_1006_00754","CID4535","Cancer Epithelial","CID4535_GACGTTAGTCCTGCTT"
"boot_1006_00755","CID4535","Cancer Epithelial","CID4535_CATCAGAGTGAAAGAG"
"boot_1006_00756","CID4535","Cancer Epithelial","CID4535_CCACGGAAGTCCGGTC"
"boot_1006_00757","CID4535","Cancer Epithelial","CID4535_CGTGTAAAGTCGAGTG"
"boot_1006_00758","CID4535","Cancer Epithelial","CID4535_CGCTATCGTCGACTAT"
"boot_1006_00759","CID4535","Cancer Epithelial","CID4535_AGGTCCGCAAGAAAGG"
"boot_1006_00760","CID4535","Cancer Epithelial","CID4535_CGCGTTTTCTGAGTGT"
"boot_1006_00761","CID4535","Cancer Epithelial","CID4535_GCGCGATCATAAAGGT"
"boot_1006_00762","CID4535","Cancer Epithelial","CID4535_TGCCAAATCCTTTCGG"
"boot_1006_00763","CID4535","Cancer Epithelial","CID4535_CGGCTAGTCGGACAAG"
"boot_1006_00764","CID4535","Cancer Epithelial","CID4535_AGTTGGTGTTTGTGTG"
"boot_1006_00765","CID4535","Cancer Epithelial","CID4535_AGCTCTCGTACTTCTT"
"boot_1006_00766","CID4535","Cancer Epithelial","CID4535_GCTTGAACACGTTGGC"
"boot_1006_00767","CID4535","Cancer Epithelial","CID4535_CGGGTCAAGTCTCAAC"
"boot_1006_00768","CID4535","Cancer Epithelial","CID4535_TGTATTCTCAAACGGG"
"boot_1006_00769","CID4535","Cancer Epithelial","CID4535_CTCGTCAGTCTCGTTC"
"boot_1006_00770","CID4535","Cancer Epithelial","CID4535_AAACCTGCAGCCTGTG"
"boot_1006_00771","CID4535","Cancer Epithelial","CID4535_TCACGAAAGGTACTCT"
"boot_1006_00772","CID4535","Cancer Epithelial","CID4535_TGCGGGTCAACTTGAC"
"boot_1006_00773","CID4535","Cancer Epithelial","CID4535_CGATTGATCAGAGGTG"
"boot_1006_00774","CID4535","Cancer Epithelial","CID4535_GCTCCTACACAGGCCT"
"boot_1006_00775","CID4535","Cancer Epithelial","CID4535_AAGCCGCAGGTAAACT"
"boot_1006_00776","CID4535","Cancer Epithelial","CID4535_CAACCAACATTAGCCA"
"boot_1006_00777","CID4535","Cancer Epithelial","CID4535_GAACGGAAGTGAATTG"
"boot_1006_00778","CID4535","Cancer Epithelial","CID4535_TGTGGTAAGCAGCCTC"
"boot_1006_00779","CID4535","Cancer Epithelial","CID4535_GGCTGGTAGGTGGGTT"
"boot_1006_00780","CID4535","Cancer Epithelial","CID4535_CGCTTCAAGGCTCATT"
"boot_1006_00781","CID4535","Cancer Epithelial","CID4535_ATAACGCGTACACCGC"
"boot_1006_00782","CID4535","Cancer Epithelial","CID4535_TTTATGCTCACAACGT"
"boot_1006_00783","CID4535","Cancer Epithelial","CID4535_CTCATTATCCGCGTTT"
"boot_1006_00784","CID4535","Cancer Epithelial","CID4535_ACCCACTAGGAGTTGC"
"boot_1006_00785","CID4535","Cancer Epithelial","CID4535_GGAACTTGTCTCATCC"
"boot_1006_00786","CID4535","Cancer Epithelial","CID4535_CGTAGGCCATGTCGAT"
"boot_1006_00787","CID4535","Cancer Epithelial","CID4535_GGAGCAACATCGTCGG"
"boot_1006_00788","CID4535","Cancer Epithelial","CID4535_TCAGGATCAGGCGATA"
"boot_1006_00789","CID4535","Cancer Epithelial","CID4535_TTCTTAGCACGGCGTT"
"boot_1006_00790","CID4535","Cancer Epithelial","CID4535_CTGTTTAAGTGTCCCG"
"boot_1006_00791","CID4535","Cancer Epithelial","CID4535_CCTTCCCTCCTTGGTC"
"boot_1006_00792","CID4535","Cancer Epithelial","CID4535_TGCCAAAAGTTCGCAT"
"boot_1006_00793","CID4535","Cancer Epithelial","CID4535_GTACTCCCATGTCTCC"
"boot_1006_00794","CID4535","Cancer Epithelial","CID4535_CTGGTCTGTAAATGAC"
"boot_1006_00795","CID4535","Cancer Epithelial","CID4535_GTCAAGTGTGATGCCC"
"boot_1006_00796","CID4535","Cancer Epithelial","CID4535_CCGTTCAGTCCATCCT"
"boot_1006_00797","CID4535","Cancer Epithelial","CID4535_GTTCGGGAGGTTACCT"
"boot_1006_00798","CID4535","Cancer Epithelial","CID4535_TTCTTAGGTCTTGTCC"
"boot_1006_00799","CID4535","Cancer Epithelial","CID4535_GATCGTAAGGTTCCTA"
"boot_1006_00800","CID4535","Cancer Epithelial","CID4535_GGACGTCCAAGTAGTA"
"boot_1006_00801","CID4535","Cancer Epithelial","CID4535_CATTATCAGATGTTAG"
"boot_1006_00802","CID4535","Cancer Epithelial","CID4535_CGTGAGCGTAAGTGTA"
"boot_1006_00803","CID4535","Cancer Epithelial","CID4535_GAATAAGAGGATGTAT"
"boot_1006_00804","CID4535","Cancer Epithelial","CID4535_GGGCACTGTCTGGTCG"
"boot_1006_00805","CID4535","Cancer Epithelial","CID4535_AGTGTCAAGACGCACA"
"boot_1006_00806","CID4535","Cancer Epithelial","CID4535_TACGGTAGTGAACCTT"
"boot_1006_00807","CID4535","Cancer Epithelial","CID4535_ACGATACGTGATAAGT"
"boot_1006_00808","CID4535","Cancer Epithelial","CID4535_CACAGTACACAAGCCC"
"boot_1006_00809","CID4535","Cancer Epithelial","CID4535_TACCTATCACATTAGC"
"boot_1006_00810","CID4535","Cancer Epithelial","CID4535_CCGTGGAAGCAATATG"
"boot_1006_00811","CID4535","Cancer Epithelial","CID4535_GCAGCCACAGGGTATG"
"boot_1006_00812","CID4535","Cancer Epithelial","CID4535_TCTTTCCCAGTGACAG"
"boot_1006_00813","CID4535","Cancer Epithelial","CID4535_ACGAGGACATACCATG"
"boot_1006_00814","CID4535","Cancer Epithelial","CID4535_CGCGGTACAAACCCAT"
"boot_1006_00815","CID4535","Cancer Epithelial","CID4535_AACTCTTAGCTACCTA"
"boot_1006_00816","CID4535","Cancer Epithelial","CID4535_GAGTCCGCAGACGTAG"
"boot_1006_00817","CID4535","Cancer Epithelial","CID4535_CAGTAACAGTTACCCA"
"boot_1006_00818","CID4535","Cancer Epithelial","CID4535_GCTGCAGCAAGTTCTG"
"boot_1006_00819","CID4535","Cancer Epithelial","CID4535_GTCAAGTTCGCAAGCC"
"boot_1006_00820","CID4535","Cancer Epithelial","CID4535_ACGGGCTCACAGGCCT"
"boot_1006_00821","CID4535","Cancer Epithelial","CID4535_GAACCTACACCCTATC"
"boot_1006_00822","CID4535","Cancer Epithelial","CID4535_GCGGGTTTCATACGGT"
"boot_1006_00823","CID4535","Cancer Epithelial","CID4535_AACTCAGGTCTTGTCC"
"boot_1006_00824","CID4535","Cancer Epithelial","CID4535_AGGGTGAGTGACGGTA"
"boot_1006_00825","CID4535","Cancer Epithelial","CID4535_GTCAAGTTCGCAAGCC"
"boot_1006_00826","CID4535","Cancer Epithelial","CID4535_ACATGGTAGCCAACAG"
"boot_1006_00827","CID4535","Cancer Epithelial","CID4535_GGCAATTCAAGACGTG"
"boot_1006_00828","CID4535","Cancer Epithelial","CID4535_TTGCGTCGTACACCGC"
"boot_1006_00829","CID4535","Cancer Epithelial","CID4535_TCGTAGAGTAGCTCCG"
"boot_1006_00830","CID4535","Cancer Epithelial","CID4535_ATCTACTGTAAGAGGA"
"boot_1006_00831","CID4535","Cancer Epithelial","CID4535_CGGGTCAGTATTACCG"
"boot_1006_00832","CID4535","Cancer Epithelial","CID4535_CGTCCATTCACTCTTA"
"boot_1006_00833","CID4535","Cancer Epithelial","CID4535_GTACTCCCATGTCCTC"
"boot_1006_00834","CID4535","Cancer Epithelial","CID4535_CATCGAATCTCGCATC"
"boot_1006_00835","CID4535","Cancer Epithelial","CID4535_GTCGTAACACTGCCAG"
"boot_1006_00836","CID4535","Cancer Epithelial","CID4535_CATTCGCTCGTCCAGG"
"boot_1006_00837","CID4535","Cancer Epithelial","CID4535_GAAATGAGTGATGCCC"
"boot_1006_00838","CID4535","Cancer Epithelial","CID4535_CGTAGGCCAACGATCT"
"boot_1006_00839","CID4535","Cancer Epithelial","CID4535_TACGGATGTAGCGTCC"
"boot_1006_00840","CID4535","Cancer Epithelial","CID4535_CTACATTTCAAGAAGT"
"boot_1006_00841","CID4535","Cancer Epithelial","CID4535_AGCGTATGTAGCTGCC"
"boot_1006_00842","CID4535","Cancer Epithelial","CID4535_AACTTTCTCCCTCTTT"
"boot_1006_00843","CID4535","Cancer Epithelial","CID4535_CGTGTCTAGCAGGCTA"
"boot_1006_00844","CID4535","Cancer Epithelial","CID4535_ATTACTCGTAAGTGGC"
"boot_1006_00845","CID4535","Cancer Epithelial","CID4535_CGTCCATGTTATCGGT"
"boot_1006_00846","CID4535","Cancer Epithelial","CID4535_CTCGTCAGTCGCGTGT"
"boot_1006_00847","CID4535","Cancer Epithelial","CID4535_GTCACGGCAAGCCCAC"
"boot_1006_00848","CID4535","Cancer Epithelial","CID4535_TTCTACAAGCCGTCGT"
"boot_1006_00849","CID4535","Cancer Epithelial","CID4535_CGTCTACCACCTTGTC"
"boot_1006_00850","CID4535","Cancer Epithelial","CID4535_GTAACGTCAGCTTAAC"
"boot_1006_00851","CID4535","Cancer Epithelial","CID4535_GTTCATTTCCGTAGGC"
"boot_1006_00852","CID4535","Cancer Epithelial","CID4535_CTACACCTCGTAGGTT"
"boot_1006_00853","CID4535","Cancer Epithelial","CID4535_ATTGGTGGTTACCAGT"
"boot_1006_00854","CID4535","Cancer Epithelial","CID4535_ACGAGCCCACACAGAG"
"boot_1006_00855","CID4535","Cancer Epithelial","CID4535_GAGGTGACACCGATAT"
"boot_1006_00856","CID4535","Cancer Epithelial","CID4535_TTATGCTCACCTTGTC"
"boot_1006_00857","CID4535","Cancer Epithelial","CID4535_GTAACGTCAGCTTAAC"
"boot_1006_00858","CID4535","Cancer Epithelial","CID4535_CCTAGCTAGCACCGCT"
"boot_1006_00859","CID4535","Cancer Epithelial","CID4535_GACCTGGGTACGAAAT"
"boot_1006_00860","CID4535","Cancer Epithelial","CID4535_AACACGTAGAGTAAGG"
"boot_1006_00861","CID4535","Cancer Epithelial","CID4535_ACGATGTGTTTCCACC"
"boot_1006_00862","CID4535","Cancer Epithelial","CID4535_GTGCTTCGTCTAGCGC"
"boot_1006_00863","CID4535","Cancer Epithelial","CID4535_ACCCACTGTGCCTGCA"
"boot_1006_00864","CID4535","Cancer Epithelial","CID4535_GACTGCGCAAGTTCTG"
"boot_1006_00865","CID4535","Cancer Epithelial","CID4535_GTCATTTGTCGAACAG"
"boot_1006_00866","CID4535","Cancer Epithelial","CID4535_CAGTAACAGACACGAC"
"boot_1006_00867","CID4535","Cancer Epithelial","CID4535_TGGTTCCGTACCCAAT"
"boot_1006_00868","CID4535","Cancer Epithelial","CID4535_CACAAACCAGATTGCT"
"boot_1006_00869","CID4535","Cancer Epithelial","CID4535_GGCAATTCAAGACGTG"
"boot_1006_00870","CID4535","Cancer Epithelial","CID4535_ATTCTACGTATAAACG"
"boot_1006_00871","CID4535","Cancer Epithelial","CID4535_GGGTCTGCACACTGCG"
"boot_1006_00872","CID4535","Cancer Epithelial","CID4535_AGCGTATCAGCGTTCG"
"boot_1006_00873","CID4535","Cancer Epithelial","CID4535_ACGGGCTCAGGTCTCG"
"boot_1006_00874","CID4535","Cancer Epithelial","CID4535_ATTATCCCAGGCAGTA"
"boot_1006_00875","CID4535","Cancer Epithelial","CID4535_TGACTTTTCCAAGTAC"
"boot_1006_00876","CID4535","Cancer Epithelial","CID4535_GTTAAGCAGTGCCATT"
"boot_1006_00877","CID4535","Cancer Epithelial","CID4535_AACACGTCAGCCTGTG"
"boot_1006_00878","CID4535","Cancer Epithelial","CID4535_GGGAGATAGTATTGGA"
"boot_1006_00879","CID4535","Cancer Epithelial","CID4535_GCGCGATAGCTAGCCC"
"boot_1006_00880","CID4535","Cancer Epithelial","CID4535_AAAGCAAAGTTCCACA"
"boot_1006_00881","CID4535","Cancer Epithelial","CID4535_CTTCTCTCACGTTGGC"
"boot_1006_00882","CID4535","Cancer Epithelial","CID4535_CACATTTAGCTAGCCC"
"boot_1006_00883","CID4535","Cancer Epithelial","CID4535_GCGCCAATCAGTGTTG"
"boot_1006_00884","CID4535","Cancer Epithelial","CID4535_TGTATTCTCTCAACTT"
"boot_1006_00885","CID4535","Cancer Epithelial","CID4535_GCTCCTATCTGCCAGG"
"boot_1006_00886","CID4535","Cancer Epithelial","CID4535_GCCTCTAAGGCGACAT"
"boot_1006_00887","CID4535","Cancer Epithelial","CID4535_ACGAGCCCACACAGAG"
"boot_1006_00888","CID4535","Cancer Epithelial","CID4535_GTTCATTTCACCTTAT"
"boot_1006_00889","CID4535","Cancer Epithelial","CID4535_CAGCCGAGTAGTGAAT"
"boot_1006_00890","CID4535","Cancer Epithelial","CID4535_TTCCCAGGTTACGACT"
"boot_1006_00891","CID4535","Cancer Epithelial","CID4535_ACGTCAAGTGTCGCTG"
"boot_1006_00892","CID4535","Cancer Epithelial","CID4535_CGACTTCTCAAACCAC"
"boot_1006_00893","CID4535","Cancer Epithelial","CID4535_TCTCATAAGTCCAGGA"
"boot_1006_00894","CID4535","Cancer Epithelial","CID4535_ACTTGTTAGACTAAGT"
"boot_1006_00895","CID4535","Cancer Epithelial","CID4535_ACTTACTCAGCATACT"
"boot_1006_00896","CID4535","Cancer Epithelial","CID4535_ACACTGACACTTCGAA"
"boot_1006_00897","CID4535","Cancer Epithelial","CID4535_TAAGTGCGTAGGCATG"
"boot_1006_00898","CID4535","Cancer Epithelial","CID4535_GAACCTACACCCTATC"
"boot_1006_00899","CID4535","Cancer Epithelial","CID4535_AAGTCTGTCTCAAGTG"
"boot_1006_00900","CID4535","Cancer Epithelial","CID4535_CATATTCAGGATGCGT"
"boot_1006_00901","CID4535","Cancer Epithelial","CID4535_CAAGTTGAGAGACTAT"
"boot_1006_00902","CID4535","Cancer Epithelial","CID4535_TTGTAGGCATAGTAAG"
"boot_1006_00903","CID4535","Cancer Epithelial","CID4535_AAGTCTGTCAACCAAC"
"boot_1006_00904","CID4535","Cancer Epithelial","CID4535_ACCTTTATCGGATGGA"
"boot_1006_00905","CID4535","Cancer Epithelial","CID4535_GCAGCCAGTTTAGCTG"
"boot_1006_00906","CID4535","Cancer Epithelial","CID4535_AGATCTGCAAAGAATC"
"boot_1006_00907","CID4535","Cancer Epithelial","CID4535_CGCTATCCAGGTGGAT"
"boot_1006_00908","CID4535","Cancer Epithelial","CID4535_TCACGAAAGAGTTGGC"
"boot_1006_00909","CID4535","Cancer Epithelial","CID4535_CGTCCATTCACTCTTA"
"boot_1006_00910","CID4535","Cancer Epithelial","CID4535_CTCGTACAGGGATCTG"
"boot_1006_00911","CID4535","Cancer Epithelial","CID4535_ACACTGAAGGTGTGGT"
"boot_1006_00912","CID4535","Cancer Epithelial","CID4535_TCGGGACAGCTGAAAT"
"boot_1006_00913","CID4535","Cancer Epithelial","CID4535_TAGTTGGAGTGGGTTG"
"boot_1006_00914","CID4535","Cancer Epithelial","CID4535_CAGATCATCCCAAGTA"
"boot_1006_00915","CID4535","Cancer Epithelial","CID4535_CAGAGAGCACATCCAA"
"boot_1006_00916","CID4535","Cancer Epithelial","CID4535_CTCGGAGCATTGGTAC"
"boot_1006_00917","CID4535","Cancer Epithelial","CID4535_AGTGTCATCGGAGCAA"
"boot_1006_00918","CID4535","Cancer Epithelial","CID4535_TCGGTAAAGGGCTTCC"
"boot_1006_00919","CID4535","Cancer Epithelial","CID4535_CAAGGCCGTAAGCACG"
"boot_1006_00920","CID4535","Cancer Epithelial","CID4535_ACACCCTCATCTACGA"
"boot_1006_00921","CID4535","Cancer Epithelial","CID4535_CATCGAAAGCCACCTG"
"boot_1006_00922","CID4535","Cancer Epithelial","CID4535_CGAGAAGAGACGCAAC"
"boot_1006_00923","CID4535","Cancer Epithelial","CID4535_CTGCCTACAAGCTGAG"
"boot_1006_00924","CID4535","Cancer Epithelial","CID4535_CATTCGCTCGTCCAGG"
"boot_1006_00925","CID4535","Cancer Epithelial","CID4535_GGACAGACATGAGCGA"
"boot_1006_00926","CID4535","Cancer Epithelial","CID4535_CTAAGACAGTGGGTTG"
"boot_1006_00927","CID4535","Cancer Epithelial","CID4535_GGCTCGATCTACCAGA"
"boot_1006_00928","CID4535","Cancer Epithelial","CID4535_TACTCATGTCGCATAT"
"boot_1006_00929","CID4535","Cancer Epithelial","CID4535_TCGGTAATCTACTCAT"
"boot_1006_00930","CID4535","Cancer Epithelial","CID4535_GTGCAGCCAACGCACC"
"boot_1006_00931","CID4535","Cancer Epithelial","CID4535_TCGGTAAAGTTCGCAT"
"boot_1006_00932","CID4535","Cancer Epithelial","CID4535_ACGAGGATCCAGGGCT"
"boot_1006_00933","CID4535","Cancer Epithelial","CID4535_ATAACGCGTACAGTTC"
"boot_1006_00934","CID4535","Cancer Epithelial","CID4535_CTCTACGGTCGAGTTT"
"boot_1006_00935","CID4535","Cancer Epithelial","CID4535_TGTTCCGCATTCCTCG"
"boot_1006_00936","CID4535","Cancer Epithelial","CID4535_ACTTTCATCGGCCGAT"
"boot_1006_00937","CID4535","Cancer Epithelial","CID4535_GAAACTCGTCCTCTTG"
"boot_1006_00938","CID4535","Cancer Epithelial","CID4535_CTGCCTAGTTAAAGAC"
"boot_1006_00939","CID4535","Cancer Epithelial","CID4535_CAAGGCCAGGAGTTTA"
"boot_1006_00940","CID4535","Cancer Epithelial","CID4535_ACACCGGAGTCTCCTC"
"boot_1006_00941","CID4535","Cancer Epithelial","CID4535_TCGCGTTGTTAGAACA"
"boot_1006_00942","CID4535","Cancer Epithelial","CID4535_CTCATTACATGTTGAC"
"boot_1006_00943","CID4535","Cancer Epithelial","CID4535_ATGAGGGCATTCGACA"
"boot_1006_00944","CID4535","Cancer Epithelial","CID4535_CTGGTCTGTCGAGATG"
"boot_1006_00945","CID4535","Cancer Epithelial","CID4535_CCGTTCAAGAGTGAGA"
"boot_1006_00946","CID4535","Cancer Epithelial","CID4535_CTGGTCTCACTATCTT"
"boot_1006_00947","CID4535","Cancer Epithelial","CID4535_AGGCCGTGTCTGCCAG"
"boot_1006_00948","CID4535","Cancer Epithelial","CID4535_AAGTCTGTCGAATCCA"
"boot_1006_00949","CID4535","Cancer Epithelial","CID4535_CCCAGTTCATAACCTG"
"boot_1006_00950","CID4535","Cancer Epithelial","CID4535_GCTTCCAAGATCTGCT"
"boot_1006_00951","CID4535","Cancer Epithelial","CID4535_GCACATAGTCTAGCGC"
"boot_1006_00952","CID4535","Cancer Epithelial","CID4535_CGACCTTGTGCAGTAG"
"boot_1006_00953","CID4535","Cancer Epithelial","CID4535_TGTCCCACATGTCTCC"
"boot_1006_00954","CID4535","Cancer Epithelial","CID4535_ACGATACTCCCTCTTT"
"boot_1006_00955","CID4535","Cancer Epithelial","CID4535_TCAGATGAGACCTTTG"
"boot_1006_00956","CID4535","Cancer Epithelial","CID4535_CGCTTCATCCAGAAGG"
"boot_1006_00957","CID4535","Cancer Epithelial","CID4535_AGCCTAATCAGCTGGC"
"boot_1006_00958","CID4535","Cancer Epithelial","CID4535_GACTAACAGCAGATCG"
"boot_1006_00959","CID4535","Cancer Epithelial","CID4535_TGCTGCTAGTGCCATT"
"boot_1006_00960","CID4535","Cancer Epithelial","CID4535_ACATACGGTGAAATCA"
"boot_1006_00961","CID4535","Cancer Epithelial","CID4535_AACCGCGTCTGGCGTG"
"boot_1006_00962","CID4535","Cancer Epithelial","CID4535_TCTGGAAGTTACGGAG"
"boot_1006_00963","CID4535","Cancer Epithelial","CID4535_TCTTCGGGTAAGTGTA"
"boot_1006_00964","CID4535","Cancer Epithelial","CID4535_CACACTCAGCAATATG"
"boot_1006_00965","CID4535","Cancer Epithelial","CID4535_GACCAATTCTCGTATT"
"boot_1006_00966","CID4535","Cancer Epithelial","CID4535_ACACTGACATGCCACG"
"boot_1006_00967","CID4535","Cancer Epithelial","CID4535_CGTTCTGCAGCATACT"
"boot_1006_00968","CID4535","Cancer Epithelial","CID4535_AGGGATGGTCAAGCGA"
"boot_1006_00969","CID4535","Cancer Epithelial","CID4535_CATCGAAAGCCACCTG"
"boot_1006_00970","CID4535","Cancer Epithelial","CID4535_ACGGCCACAGATCTGT"
"boot_1006_00971","CID4535","Cancer Epithelial","CID4535_CTCCTAGTCATGCATG"
"boot_1006_00972","CID4535","Cancer Epithelial","CID4535_ATAAGAGGTGTGAAAT"
"boot_1006_00973","CID4535","Cancer Epithelial","CID4535_AACACGTAGAGTAAGG"
"boot_1006_00974","CID4535","Cancer Epithelial","CID4535_GTGAAGGTCTTAGAGC"
"boot_1006_00975","CID4535","Cancer Epithelial","CID4535_CAGCAGCAGCTCCTTC"
"boot_1006_00976","CID4535","Cancer Epithelial","CID4535_GTGGGTCGTAGGCTGA"
"boot_1006_00977","CID4535","Cancer Epithelial","CID4535_TGAAAGATCTAAGCCA"
"boot_1006_00978","CID4535","Cancer Epithelial","CID4535_AGACGTTCAGTGACAG"
"boot_1006_00979","CID4535","Cancer Epithelial","CID4535_GGATGTTCAAATACAG"
"boot_1006_00980","CID4535","Cancer Epithelial","CID4535_CGCTTCATCGGTCTAA"
"boot_1006_00981","CID4535","Cancer Epithelial","CID4535_GCAGCCATCTACCTGC"
"boot_1006_00982","CID4535","Cancer Epithelial","CID4535_CTGATAGAGTAGTGCG"
"boot_1006_00983","CID4535","Cancer Epithelial","CID4535_ACGCAGCAGTAACCCT"
"boot_1006_00984","CID4535","Cancer Epithelial","CID4535_TCTGGAAAGTATCTCG"
"boot_1006_00985","CID4535","Cancer Epithelial","CID4535_TCACGAACAGACTCGC"
"boot_1006_00986","CID4535","Cancer Epithelial","CID4535_CAGTCCTAGATATGCA"
"boot_1006_00987","CID4535","Cancer Epithelial","CID4535_GGGAGATTCACAGTAC"
"boot_1006_00988","CID4535","Cancer Epithelial","CID4535_CTGCTGTTCTAACTTC"
"boot_1006_00989","CID4535","Cancer Epithelial","CID4535_ACTATCTCACGACGAA"
"boot_1006_00990","CID4535","Cancer Epithelial","CID4535_GCAGCCACAGGGTATG"
"boot_1006_00991","CID4535","Cancer Epithelial","CID4535_CAAGGCCCATCGGAAG"
"boot_1006_00992","CID4535","Cancer Epithelial","CID4535_CCATTCGTCACAGTAC"
"boot_1006_00993","CID4535","Cancer Epithelial","CID4535_GTACTCCCAGCGTTCG"
"boot_1006_00994","CID4535","Cancer Epithelial","CID4535_GCTTCCAGTGTTGGGA"
"boot_1006_00995","CID4535","Cancer Epithelial","CID4535_GACGGCTCACAGGTTT"
"boot_1006_00996","CID4535","Cancer Epithelial","CID4535_TGTTCCGGTTAGGGTG"
"boot_1006_00997","CID4535","Cancer Epithelial","CID4535_ACACTGATCACAGGCC"
"boot_1006_00998","CID4535","Cancer Epithelial","CID4535_CGTGTAAAGGAGTACC"
"boot_1006_00999","CID4535","Cancer Epithelial","CID4535_TCTATTGTCTGTTTGT"
"boot_1006_01000","CID4535","Cancer Epithelial","CID4535_GGGCATCCAACACCTA"
"boot_1006_01001","CID4535","Cancer Epithelial","CID4535_GTCGGGTTCAAGGTAA"
"boot_1006_01002","CID4535","Cancer Epithelial","CID4535_CCTACCACACCACCAG"
"boot_1006_01003","CID4535","Cancer Epithelial","CID4535_GCTCCTATCTGCCAGG"
"boot_1006_01004","CID4535","Cancer Epithelial","CID4535_CAGCTAAAGTTAGCGG"
"boot_1006_01005","CID4535","Cancer Epithelial","CID4535_ACGGCCAAGTGAATTG"
"boot_1006_01006","CID4535","Cancer Epithelial","CID4535_CTCAGAATCCCGGATG"
"boot_1006_01007","CID4535","Cancer Epithelial","CID4535_TTGACTTAGATAGGAG"
"boot_1006_01008","CID4535","Cancer Epithelial","CID4535_GAGTCCGCAGACGTAG"
"boot_1006_01009","CID4535","Cancer Epithelial","CID4535_TTAGTTCGTTCACCTC"
"boot_1006_01010","CID4535","Cancer Epithelial","CID4535_TCAGGATCAACGCACC"
"boot_1006_01011","CID4535","Cancer Epithelial","CID4535_CACACTCTCGCCATAA"
"boot_1006_01012","CID4535","Cancer Epithelial","CID4535_CAGCCGACATGATCCA"
"boot_1006_01013","CID4535","Cancer Epithelial","CID4535_GTAGGCCCACCCAGTG"
"boot_1006_01014","CID4535","Cancer Epithelial","CID4535_CGGACACTCTTTACGT"
"boot_1006_01015","CID4535","Cancer Epithelial","CID4535_CGTGTCTGTCCATGAT"
"boot_1006_01016","CID4535","Cancer Epithelial","CID4535_CACATTTAGAAGGGTA"
"boot_1006_01017","CID4535","Cancer Epithelial","CID4535_ATTGGACTCATGCAAC"
"boot_1006_01018","CID4535","Cancer Epithelial","CID4535_GCAATCAGTGCATCTA"
"boot_1006_01019","CID4535","Cancer Epithelial","CID4535_ATTCTACTCCAAAGTC"
"boot_1006_01020","CID4535","Cancer Epithelial","CID4535_TTGGCAATCCTTCAAT"
"boot_1006_01021","CID4535","Cancer Epithelial","CID4535_CCACTACCAAGCTGTT"
"boot_1006_01022","CID4535","Cancer Epithelial","CID4535_GTTCGGGTCTACTCAT"
"boot_1006_01023","CID4535","Cancer Epithelial","CID4535_GAAATGAGTGATGCCC"
"boot_1006_01024","CID4535","Cancer Epithelial","CID4535_AAACCTGCAGCCTGTG"
"boot_1006_01025","CID4535","Cancer Epithelial","CID4535_GCGCGATAGTTCCACA"
"boot_1006_01026","CID4535","Cancer Epithelial","CID4535_CTAGAGTAGTAACCCT"
"boot_1006_01027","CID4535","Cancer Epithelial","CID4535_CGCGGTAAGTTAGGTA"
"boot_1006_01028","CID4535","Cancer Epithelial","CID4535_TGCCCTAAGTAGGTGC"
"boot_1006_01029","CID4535","Cancer Epithelial","CID4535_TTCCCAGGTTGCGTTA"
"boot_1006_01030","CID4535","Cancer Epithelial","CID4535_CCTTACGCATCCCACT"
"boot_1006_01031","CID4535","Cancer Epithelial","CID4535_CGTGTCTCAGCGAACA"
"boot_1006_01032","CID4535","Cancer Epithelial","CID4535_CCTCAGTCAGATGGGT"
"boot_1006_01033","CID4535","Cancer Epithelial","CID4535_TCGTACCAGTCACGCC"
"boot_1006_01034","CID4535","Cancer Epithelial","CID4535_AGCTCTCCAGGTCCAC"
"boot_1006_01035","CID4535","Cancer Epithelial","CID4535_GATCGTAAGGTTCCTA"
"boot_1006_01036","CID4535","Cancer Epithelial","CID4535_GCGCCAACATGCAATC"
"boot_1006_01037","CID4535","Cancer Epithelial","CID4535_CTTACCGTCTGCGTAA"
"boot_1006_01038","CID4535","Cancer Epithelial","CID4535_TGAAAGATCGGCATCG"
"boot_1006_01039","CID4535","Cancer Epithelial","CID4535_ATCTACTCAATACGCT"
"boot_1006_01040","CID4535","Cancer Epithelial","CID4535_GGCGTGTCAGCGTTCG"
"boot_1006_01041","CID4535","Cancer Epithelial","CID4535_TACTTACTCTCACATT"
"boot_1006_01042","CID4535","Cancer Epithelial","CID4535_ACACCCTGTGGTGTAG"
"boot_1006_01043","CID4535","Cancer Epithelial","CID4535_ACGAGCCCACACAGAG"
"boot_1006_01044","CID4535","Cancer Epithelial","CID4535_TAAGTGCCATCGACGC"
"boot_1006_01045","CID4535","Cancer Epithelial","CID4535_CGGACACAGCAATCTC"
"boot_1006_01046","CID4535","Cancer Epithelial","CID4535_ACATACGTCCTAGGGC"
"boot_1006_01047","CID4535","Cancer Epithelial","CID4535_GTGCATATCGCGGATC"
"boot_1006_01048","CID4535","Cancer Epithelial","CID4535_ATGCGATGTAGGGTAC"
"boot_1006_01049","CID4535","Cancer Epithelial","CID4535_AAGTCTGGTCTCTCTG"
"boot_1006_01050","CID4535","Cancer Epithelial","CID4535_CACAAACGTTGGAGGT"
"boot_1006_01051","CID4535","Cancer Epithelial","CID4535_ACTTACTTCATTTGGG"
"boot_1006_01052","CID4535","Cancer Epithelial","CID4535_CTAATGGTCGGCGGTT"
"boot_1006_01053","CID4535","Cancer Epithelial","CID4535_TAAGTGCCATCGACGC"
"boot_1006_01054","CID4535","Cancer Epithelial","CID4535_ATGAGGGGTATCAGTC"
"boot_1006_01055","CID4535","Cancer Epithelial","CID4535_GAGGTGATCACCCTCA"
"boot_1006_01056","CID4535","Cancer Epithelial","CID4535_TGCACCTAGCAACGGT"
"boot_1006_01057","CID4535","Cancer Epithelial","CID4535_GGACATTTCAACCAAC"
"boot_1006_01058","CID4535","Cancer Epithelial","CID4535_ACGCCAGGTAGAAGGA"
"boot_1006_01059","CID4535","Cancer Epithelial","CID4535_AGGGTGACACAGGAGT"
"boot_1006_01060","CID4535","Cancer Epithelial","CID4535_AGGGATGTCCACGTGG"
"boot_1006_01061","CID4535","Cancer Epithelial","CID4535_TCGGGACTCACTGGGC"
"boot_1006_01062","CID4535","Cancer Epithelial","CID4535_CCATTCGAGGTAGCTG"
"boot_1006_01063","CID4535","Cancer Epithelial","CID4535_TTTCCTCCAATCCAAC"
"boot_1006_01064","CID4535","Cancer Epithelial","CID4535_TCTGAGAGTTTGCATG"
"boot_1006_01065","CID4535","Cancer Epithelial","CID4535_GTACTTTAGCTGTTCA"
"boot_1006_01066","CID4535","Cancer Epithelial","CID4535_TGGGAAGCAGACACTT"
"boot_1006_01067","CID4535","Cancer Epithelial","CID4535_CGATGGCAGCACAGGT"
"boot_1006_01068","CID4535","Cancer Epithelial","CID4535_ACTGTCCAGCACGCCT"
"boot_1006_01069","CID4535","Cancer Epithelial","CID4535_CCTAGCTGTGTTAAGA"
"boot_1006_01070","CID4535","Cancer Epithelial","CID4535_CAGCGACAGATTACCC"
"boot_1006_01071","CID4535","Cancer Epithelial","CID4535_TCAACGATCGTTTATC"
"boot_1006_01072","CID4535","Cancer Epithelial","CID4535_GGGCACTGTAGCGTGA"
"boot_1006_01073","CID4535","Cancer Epithelial","CID4535_CAGCATAAGACGCAAC"
"boot_1006_01074","CID4535","Cancer Epithelial","CID4535_AACTCAGGTCTCCATC"
"boot_1006_01075","CID4535","Cancer Epithelial","CID4535_CCTTCGACAAGCCATT"
"boot_1006_01076","CID4535","Cancer Epithelial","CID4535_ATGAGGGTCACCTTAT"
"boot_1006_01077","CID4535","Cancer Epithelial","CID4535_AACTGGTTCCGTCATC"
"boot_1006_01078","CID4535","Cancer Epithelial","CID4535_CCATTCGGTCCGAATT"
"boot_1006_01079","CID4535","Cancer Epithelial","CID4535_ATTGGTGCAGTACACT"
"boot_1006_01080","CID4535","Cancer Epithelial","CID4535_GCCAAATAGCCAGTTT"
"boot_1006_01081","CID4535","Cancer Epithelial","CID4535_GCGACCAGTCAGAGGT"
"boot_1006_01082","CID4535","Cancer Epithelial","CID4535_GTAACGTAGAATAGGG"
"boot_1006_01083","CID4535","Cancer Epithelial","CID4535_GCCAAATGTACCGTTA"
"boot_1006_01084","CID4535","Cancer Epithelial","CID4535_CTCTACGAGTGAAGTT"
"boot_1006_01085","CID4535","Cancer Epithelial","CID4535_GGACATTAGACACTAA"
"boot_1006_01086","CID4535","Cancer Epithelial","CID4535_GTGAAGGAGGCCGAAT"
"boot_1006_01087","CID4535","Cancer Epithelial","CID4535_TGTCCCAGTCCTCCAT"
"boot_1006_01088","CID4535","Cancer Epithelial","CID4535_CGTAGGCTCAGGTAAA"
"boot_1006_01089","CID4535","Cancer Epithelial","CID4535_ACTTACTCAGGGAGAG"
"boot_1006_01090","CID4535","Cancer Epithelial","CID4535_GACGGCTTCCCGGATG"
"boot_1006_01091","CID4535","Cancer Epithelial","CID4535_TTCCCAGAGTTTCCTT"
"boot_1006_01092","CID4535","Cancer Epithelial","CID4535_GGACGTCGTAGCGTGA"
"boot_1006_01093","CID4535","Cancer Epithelial","CID4535_TCAGGTACAGTGGAGT"
"boot_1006_01094","CID4535","Cancer Epithelial","CID4535_CTCAGAAGTTCAGGCC"
"boot_1006_01095","CID4535","Cancer Epithelial","CID4535_CGTCTACCAGTAAGCG"
"boot_1006_01096","CID4535","Cancer Epithelial","CID4535_CCCAATCGTTCGTTGA"
"boot_1006_01097","CID4535","Cancer Epithelial","CID4535_GGCAATTGTCGAGATG"
"boot_1006_01098","CID4535","Cancer Epithelial","CID4535_CATGACATCTTACCGC"
"boot_1006_01099","CID4535","Cancer Epithelial","CID4535_CTCTACGAGTGAAGTT"
"boot_1006_01100","CID4535","Cancer Epithelial","CID4535_CCCAGTTAGTTAGGTA"
"boot_1006_01101","CID4535","Cancer Epithelial","CID4535_CGTGTAACAAGGCTCC"
"boot_1006_01102","CID4535","Cancer Epithelial","CID4535_GAAATGAGTGATGCCC"
"boot_1006_01103","CID4535","Cancer Epithelial","CID4535_CACACCTCAATCTGCA"
"boot_1006_01104","CID4535","Cancer Epithelial","CID4535_TGAAAGAAGGTGATTA"
"boot_1006_01105","CID4535","Cancer Epithelial","CID4535_CTTACCGGTTCCATGA"
"boot_1006_01106","CID4535","Cancer Epithelial","CID4535_TTGTAGGGTCATATCG"
"boot_1006_01107","CID4535","Cancer Epithelial","CID4535_TCGGTAAAGGGCTTCC"
"boot_1006_01108","CID4535","Cancer Epithelial","CID4535_AAGTCTGGTCTCTCTG"
"boot_1006_01109","CID4535","Cancer Epithelial","CID4535_TGCCAAATCCTGCTTG"
"boot_1006_01110","CID4535","Cancer Epithelial","CID4535_TGGCGCAAGCGTTTAC"
"boot_1006_01111","CID4535","Cancer Epithelial","CID4535_TGGACGCGTTACAGAA"
"boot_1006_01112","CID4535","Cancer Epithelial","CID4535_AGCTCCTAGGATATAC"
"boot_1006_01113","CID4535","Cancer Epithelial","CID4535_CAAGTTGTCTCGCATC"
"boot_1006_01114","CID4535","Cancer Epithelial","CID4535_CGTTAGATCTAACCGA"
"boot_1006_01115","CID4535","Cancer Epithelial","CID4535_TGGCGCAAGAAGAAGC"
"boot_1006_01116","CID4535","Cancer Epithelial","CID4535_CACCACTCACACCGCA"
"boot_1006_01117","CID4535","Cancer Epithelial","CID4535_GATGAGGGTAGAAAGG"
"boot_1006_01118","CID4535","Cancer Epithelial","CID4535_ATAACGCGTACAGTTC"
"boot_1006_01119","CID4535","Cancer Epithelial","CID4535_CAGCGACTCGGTGTCG"
"boot_1006_01120","CID4535","Cancer Epithelial","CID4535_CTGATAGAGTAGTGCG"
"boot_1006_01121","CID4535","Cancer Epithelial","CID4535_CATCGAATCCGGGTGT"
"boot_1006_01122","CID4535","Cancer Epithelial","CID4535_TGAGGGAAGTTTGCGT"
"boot_1006_01123","CID4535","Cancer Epithelial","CID4535_GTCATTTGTGAGGCTA"
"boot_1006_01124","CID4535","Cancer Epithelial","CID4535_GCTGCGACATCAGTCA"
"boot_1006_01125","CID4535","Cancer Epithelial","CID4535_CAAGAAAGTTAAGATG"
"boot_1006_01126","CID4535","Cancer Epithelial","CID4535_CCGTTCAAGAGTGAGA"
"boot_1006_01127","CID4535","Cancer Epithelial","CID4535_GAAACTCAGTGCCAGA"
"boot_1006_01128","CID4535","Cancer Epithelial","CID4535_CTCGGGACATCAGTAC"
"boot_1006_01129","CID4535","Cancer Epithelial","CID4535_GACGGCTTCCCGACTT"
"boot_1006_01130","CID4535","Cancer Epithelial","CID4535_CACCACTCACACCGCA"
"boot_1006_01131","CID4535","Cancer Epithelial","CID4535_TGAAAGATCGGCATCG"
"boot_1006_01132","CID4535","Cancer Epithelial","CID4535_CACACTCGTATTCTCT"
"boot_1006_01133","CID4535","Cancer Epithelial","CID4535_CATGCCTTCATCTGTT"
"boot_1006_01134","CID4535","Cancer Epithelial","CID4535_AGTGTCAGTCCAGTAT"
"boot_1006_01135","CID4535","Cancer Epithelial","CID4535_CTTGGCTGTTGCGTTA"
"boot_1006_01136","CID4535","Cancer Epithelial","CID4535_CTGGTCTGTTCACCTC"
"boot_1006_01137","CID4535","Cancer Epithelial","CID4535_TCAGGATGTCGATTGT"
"boot_1006_01138","CID4535","Cancer Epithelial","CID4535_CTTAACTGTAAACCTC"
"boot_1006_01139","CID4535","Cancer Epithelial","CID4535_TTTCCTCAGGCAGTCA"
"boot_1006_01140","CID4535","Cancer Epithelial","CID4535_CATGACACAATCTACG"
"boot_1006_01141","CID4535","Cancer Epithelial","CID4535_GCGAGAAGTTGGTGGA"
"boot_1006_01142","CID4535","Cancer Epithelial","CID4535_CGGCTAGCATAGGATA"
"boot_1006_01143","CID4535","Cancer Epithelial","CID4535_CGTTCTGAGACCTTTG"
"boot_1006_01144","CID4535","Cancer Epithelial","CID4535_ACACCGGAGTCTCCTC"
"boot_1006_01145","CID4535","Cancer Epithelial","CID4535_CGGACGTCACACATGT"
"boot_1006_01146","CID4535","Cancer Epithelial","CID4535_AGTGGGAGTGTCCTCT"
"boot_1006_01147","CID4535","Cancer Epithelial","CID4535_TCAGCAAAGAAACCGC"
"boot_1006_01148","CID4535","Cancer Epithelial","CID4535_CTGTGCTTCCTTAATC"
"boot_1006_01149","CID4535","Cancer Epithelial","CID4535_CACAGTACACAAGCCC"
"boot_1006_01150","CID4535","Cancer Epithelial","CID4535_TTCCCAGAGCACACAG"
"boot_1006_01151","CID4535","Cancer Epithelial","CID4535_ACATGGTGTTGAACTC"
"boot_1006_01152","CID4535","Cancer Epithelial","CID4535_TCGAGGCTCAAGGTAA"
"boot_1006_01153","CID4535","Cancer Epithelial","CID4535_GAACCTACAGTACACT"
"boot_1006_01154","CID4535","Cancer Epithelial","CID4535_ATCCGAATCGTTTAGG"
"boot_1006_01155","CID4535","Cancer Epithelial","CID4535_GTCTCGTCACCCATGG"
"boot_1006_01156","CID4535","Cancer Epithelial","CID4535_AAACGGGTCACAACGT"
"boot_1006_01157","CID4535","Cancer Epithelial","CID4535_CTGTGCTCAGCATGAG"
"boot_1006_01158","CID4535","Cancer Epithelial","CID4535_CAGGTGCAGTCGATAA"
"boot_1006_01159","CID4535","Cancer Epithelial","CID4535_AGCGTCGCAGTATAAG"
"boot_1006_01160","CID4535","Cancer Epithelial","CID4535_CGGACACTCTTTACGT"
"boot_1006_01161","CID4535","Cancer Epithelial","CID4535_CACACTCTCGCAAGCC"
"boot_1006_01162","CID4535","Cancer Epithelial","CID4535_GGCCGATCAGTTCCCT"
"boot_1006_01163","CID4535","Cancer Epithelial","CID4535_ACTGATGGTCATCCCT"
"boot_1006_01164","CID4535","Cancer Epithelial","CID4535_CCTACACCACTGTTAG"
"boot_1006_01165","CID4535","Cancer Epithelial","CID4535_TGCTACCCACCAGATT"
"boot_1006_01166","CID4535","Cancer Epithelial","CID4535_GTCACAAAGCTCCTTC"
"boot_1006_01167","CID4535","Cancer Epithelial","CID4535_CAGCCGAGTCAGAATA"
"boot_1006_01168","CID4535","Cancer Epithelial","CID4535_AATCCAGTCGTAGGAG"
"boot_1006_01169","CID4535","Cancer Epithelial","CID4535_TCGGTAACAGACGCCT"
"boot_1006_01170","CID4535","Cancer Epithelial","CID4535_CTGATAGTCATTTGGG"
"boot_1006_01171","CID4535","Cancer Epithelial","CID4535_ACACCAACAACGATGG"
"boot_1006_01172","CID4535","Cancer Epithelial","CID4535_TCGGGACTCTGCGGCA"
"boot_1006_01173","CID4535","Cancer Epithelial","CID4535_CTTAGGAGTGGTTTCA"
"boot_1006_01174","CID4535","Cancer Epithelial","CID4535_AACTCCCCAGCTATTG"
"boot_1006_01175","CID4535","Cancer Epithelial","CID4535_GTTCGGGTCTTAACCT"
"boot_1006_01176","CID4535","Cancer Epithelial","CID4535_TTAGTTCGTTCACCTC"
"boot_1006_01177","CID4535","Cancer Epithelial","CID4535_TTGAACGTCGTTTATC"
"boot_1006_01178","CID4535","Cancer Epithelial","CID4535_GCGACCATCCGTCATC"
"boot_1006_01179","CID4535","Cancer Epithelial","CID4535_TCAGGATTCTGGTGTA"
"boot_1006_01180","CID4535","Cancer Epithelial","CID4535_CTCGTACAGGTAAACT"
"boot_1006_01181","CID4535","Cancer Epithelial","CID4535_GGTGTTAGTTGTGGCC"
"boot_1006_01182","CID4535","Cancer Epithelial","CID4535_ATCCGAACAAGAGGCT"
"boot_1006_01183","CID4535","Cancer Epithelial","CID4535_TTCTACAAGCCGTCGT"
"boot_1006_01184","CID4535","Cancer Epithelial","CID4535_CTACACCCAGACGCTC"
"boot_1006_01185","CID4535","Cancer Epithelial","CID4535_AGGTCCGGTCTAAACC"
"boot_1006_01186","CID4535","Cancer Epithelial","CID4535_CTGATAGCACAAGTAA"
"boot_1006_01187","CID4535","Cancer Epithelial","CID4535_ATTGGACCACCAGGTC"
"boot_1006_01188","CID4535","Cancer Epithelial","CID4535_TCTGAGAGTTCCTCCA"
"boot_1006_01189","CID4535","Cancer Epithelial","CID4535_GAATAAGAGTACACCT"
"boot_1006_01190","CID4535","Cancer Epithelial","CID4535_GTGAAGGGTGCGCTTG"
"boot_1006_01191","CID4535","Cancer Epithelial","CID4535_TGACTTTGTCCTCTTG"
"boot_1006_01192","CID4535","Cancer Epithelial","CID4535_CACATTTTCACAGTAC"
"boot_1006_01193","CID4535","Cancer Epithelial","CID4535_CCACTACCAAAGCAAT"
"boot_1006_01194","CID4535","Cancer Epithelial","CID4535_AGCTCCTGTCGAATCT"
"boot_1006_01195","CID4535","Cancer Epithelial","CID4535_GGGAGATCAGAGCCAA"
"boot_1006_01196","CID4535","Cancer Epithelial","CID4535_TGAGGGAAGTGACATA"
"boot_1006_01197","CID4535","Cancer Epithelial","CID4535_GGGAGATCAGAGCCAA"
"boot_1006_01198","CID4535","Cancer Epithelial","CID4535_TGCCCTAAGTAGGTGC"
"boot_1006_01199","CID4535","Cancer Epithelial","CID4535_TGGGAAGGTAGGAGTC"
"boot_1006_01200","CID4535","Cancer Epithelial","CID4535_ATTGGTGCAGTACACT"
"boot_1006_01201","CID4535","Cancer Epithelial","CID4535_GCTCTGTTCTAACTTC"
"boot_1006_01202","CID4535","Cancer Epithelial","CID4535_GAACGGATCTCCTATA"
"boot_1006_01203","CID4535","Cancer Epithelial","CID4535_ACGGGTCCAGGACCCT"
"boot_1006_01204","CID4535","Cancer Epithelial","CID4535_GCATGCGCAATCCGAT"
"boot_1006_01205","CID4535","Cancer Epithelial","CID4535_CCTTCCCAGTGATCGG"
"boot_1006_01206","CID4535","Cancer Epithelial","CID4535_GTTCTCGAGTACCGGA"
"boot_1006_01207","CID4535","Cancer Epithelial","CID4535_CAAGAAAGTTAAGATG"
"boot_1006_01208","CID4535","Cancer Epithelial","CID4535_GACCTGGCATCGGAAG"
"boot_1006_01209","CID4535","Cancer Epithelial","CID4535_TCAACGATCGTTTATC"
"boot_1006_01210","CID4535","Cancer Epithelial","CID4535_CTGTTTACATACAGCT"
"boot_1006_01211","CID4535","Cancer Epithelial","CID4535_TACGGGCAGAGTCTGG"
"boot_1006_01212","CID4535","Cancer Epithelial","CID4535_GCGCAGTTCGTCCGTT"
"boot_1006_01213","CID4535","Cancer Epithelial","CID4535_TTTATGCTCACAACGT"
"boot_1006_01214","CID4535","Cancer Epithelial","CID4535_GAACCTAGTAAATACG"
"boot_1006_01215","CID4535","Cancer Epithelial","CID4535_AGGTCCGTCAGTTTGG"
"boot_1006_01216","CID4535","Cancer Epithelial","CID4535_CAGTCCTGTGCAACTT"
"boot_1006_01217","CID4535","Cancer Epithelial","CID4535_GCGAGAACAGGGTACA"
"boot_1006_01218","CID4535","Cancer Epithelial","CID4535_GGACGTCAGCAGCGTA"
"boot_1006_01219","CID4535","Cancer Epithelial","CID4535_TGACTTTGTCCTCTTG"
"boot_1006_01220","CID4535","Cancer Epithelial","CID4535_AACTCCCGTCTTGTCC"
"boot_1006_01221","CID4535","Cancer Epithelial","CID4535_TCGCGTTTCCGCATAA"
"boot_1006_01222","CID4535","Cancer Epithelial","CID4535_CGGGTCAAGTCTCAAC"
"boot_1006_01223","CID4535","Cancer Epithelial","CID4535_TAGTGGTGTCATGCAT"
"boot_1006_01224","CID4535","Cancer Epithelial","CID4535_TAGACCAAGTTAACGA"
"boot_1006_01225","CID4535","Cancer Epithelial","CID4535_GAATGAATCGGCATCG"
"boot_1006_01226","CID4535","Cancer Epithelial","CID4535_GTTCTCGAGTACCGGA"
"boot_1006_01227","CID4535","Cancer Epithelial","CID4535_GATCGATGTTATGCGT"
"boot_1006_01228","CID4535","Cancer Epithelial","CID4535_CCTTACGTCTGCCAGG"
"boot_1006_01229","CID4535","Cancer Epithelial","CID4535_ACTATCTCAAACGCGA"
"boot_1006_01230","CID4535","Cancer Epithelial","CID4535_GCGCCAACATGCAATC"
"boot_1006_01231","CID4535","Cancer Epithelial","CID4535_GGCAATTAGCGCCTCA"
"boot_1006_01232","CID4535","Cancer Epithelial","CID4535_GAACATCCAGATCCAT"
"boot_1006_01233","CID4535","Cancer Epithelial","CID4535_GCGACCATCGCCAGCA"
"boot_1006_01234","CID4535","Cancer Epithelial","CID4535_GAATAAGCAGGATCGA"
"boot_1006_01235","CID4535","Cancer Epithelial","CID4535_TGGGCGTCAATAAGCA"
"boot_1006_01236","CID4535","Cancer Epithelial","CID4535_TGGACGCGTCGGGTCT"
"boot_1006_01237","CID4535","Cancer Epithelial","CID4535_CGCGGTAGTTCCCTTG"
"boot_1006_01238","CID4535","Cancer Epithelial","CID4535_TCTGGAAAGTATCTCG"
"boot_1006_01239","CID4535","Cancer Epithelial","CID4535_GCAGCCACATGCGCAC"
"boot_1006_01240","CID4535","Cancer Epithelial","CID4535_ACTGTCCCACAGACTT"
"boot_1006_01241","CID4535","Cancer Epithelial","CID4535_ACATCAGCAATGCCAT"
"boot_1006_01242","CID4535","Cancer Epithelial","CID4535_TTCTTAGCACGGCGTT"
"boot_1006_01243","CID4535","Cancer Epithelial","CID4535_CTGCTGTCATGGAATA"
"boot_1006_01244","CID4535","Cancer Epithelial","CID4535_GGCGTGTGTAAGAGGA"
"boot_1006_01245","CID4535","Cancer Epithelial","CID4535_ATCCACCCAAGGACAC"
"boot_1006_01246","CID4535","Cancer Epithelial","CID4535_AGTGAGGCAGTCACTA"
"boot_1006_01247","CID4535","Cancer Epithelial","CID4535_ACGATACAGTATTGGA"
"boot_1006_01248","CID4535","Cancer Epithelial","CID4535_GCGCAGTCAAAGTCAA"
"boot_1006_01249","CID4535","Cancer Epithelial","CID4535_TCAGATGAGGACAGAA"
"boot_1006_01250","CID4535","Cancer Epithelial","CID4535_TCTCTAAGTAGGCATG"
"boot_1006_01251","CID4535","Cancer Epithelial","CID4535_CTGCTGTGTGCTGTAT"
"boot_1006_01252","CID4535","Cancer Epithelial","CID4535_AGGGAGTGTAAGCACG"
"boot_1006_01253","CID4535","Cancer Epithelial","CID4535_CCGTACTAGCCTCGTG"
"boot_1006_01254","CID4535","Cancer Epithelial","CID4535_CACTCCACATTTGCCC"
"boot_1006_01255","CID4535","Cancer Epithelial","CID4535_GCATACAGTGCTGTAT"
"boot_1006_01256","CID4535","Cancer Epithelial","CID4535_GTAGTCACATAGAAAC"
"boot_1006_01257","CID4535","Cancer Epithelial","CID4535_GTAGGCCCACCCAGTG"
"boot_1006_01258","CID4535","Cancer Epithelial","CID4535_TTCTCAATCATCATTC"
"boot_1006_01259","CID4535","Cancer Epithelial","CID4535_CGTAGGCCAACGATCT"
"boot_1006_01260","CID4535","Cancer Epithelial","CID4535_TCTATTGTCAGGCGAA"
"boot_1006_01261","CID4535","Cancer Epithelial","CID4535_AGCCTAAGTGACGGTA"
"boot_1006_01262","CID4535","Cancer Epithelial","CID4535_GACTGCGCATGGTCTA"
"boot_1006_01263","CID4535","Cancer Epithelial","CID4535_CTGTGCTCAGCATGAG"
"boot_1006_01264","CID4535","Cancer Epithelial","CID4535_CTTCTCTTCTTGTACT"
"boot_1006_01265","CID4535","Cancer Epithelial","CID4535_ATTACTCCATTCCTGC"
"boot_1006_01266","CID4535","Cancer Epithelial","CID4535_GACTGCGTCCGGCACA"
"boot_1006_01267","CID4535","Cancer Epithelial","CID4535_CTAGTGAAGAGTACCG"
"boot_1006_01268","CID4535","Cancer Epithelial","CID4535_GCTCCTATCTGCCAGG"
"boot_1006_01269","CID4535","Cancer Epithelial","CID4535_AGGGTGAGTGACGGTA"
"boot_1006_01270","CID4535","Cancer Epithelial","CID4535_GCGCAGTTCGGCGCAT"
"boot_1006_01271","CID4535","Cancer Epithelial","CID4535_TCAATCTCACCTCGGA"
"boot_1006_01272","CID4535","Cancer Epithelial","CID4535_GAGTCCGAGGGTCTCC"
"boot_1006_01273","CID4535","Cancer Epithelial","CID4535_CGGCTAGCAGTTTACG"
"boot_1006_01274","CID4535","Cancer Epithelial","CID4535_ATAAGAGGTGTGAAAT"
"boot_1006_01275","CID4535","Cancer Epithelial","CID4535_AAGTCTGTCAACCAAC"
"boot_1006_01276","CID4535","Cancer Epithelial","CID4535_AGAGTGGAGCGACGTA"
"boot_1006_01277","CID4535","Cancer Epithelial","CID4535_AAGTCTGTCGTCTGAA"
"boot_1006_01278","CID4535","Cancer Epithelial","CID4535_GGCGTGTCAGCGTTCG"
"boot_1006_01279","CID4535","Cancer Epithelial","CID4535_AGCGTATCATCCCATC"
"boot_1006_01280","CID4535","Cancer Epithelial","CID4535_GCGCAGTAGTCACGCC"
"boot_1006_01281","CID4535","Cancer Epithelial","CID4535_GGACATTAGCCGCCTA"
"boot_1006_01282","CID4535","Cancer Epithelial","CID4535_GGACATTAGACACTAA"
"boot_1006_01283","CID4535","Cancer Epithelial","CID4535_TCAGCTCGTTACCGAT"
"boot_1006_01284","CID4535","Cancer Epithelial","CID4535_GTCAAGTGTGATGCCC"
"boot_1006_01285","CID4535","Cancer Epithelial","CID4535_GGAGCAACATCGTCGG"
"boot_1006_01286","CID4535","Cancer Epithelial","CID4535_TAGGCATAGTTACGGG"
"boot_1006_01287","CID4535","Cancer Epithelial","CID4535_GCTGCGACACGAAGCA"
"boot_1006_01288","CID4535","Cancer Epithelial","CID4535_AAAGATGCACGGTAAG"
"boot_1006_01289","CID4535","Cancer Epithelial","CID4535_GTGAAGGAGGCATGTG"
"boot_1006_01290","CID4535","Cancer Epithelial","CID4535_TCGGGACAGCTGAAAT"
"boot_1006_01291","CID4535","Cancer Epithelial","CID4535_ATTACTCGTCTCTTTA"
"boot_1006_01292","CID4535","Cancer Epithelial","CID4535_ATCGAGTCAGGATCGA"
"boot_1006_01293","CID4535","Cancer Epithelial","CID4535_CGTAGGCCATGTCGAT"
"boot_1006_01294","CID4535","Cancer Epithelial","CID4535_ACGGCCATCCGCGCAA"
"boot_1006_01295","CID4535","Cancer Epithelial","CID4535_TTTACTGTCCTGTACC"
"boot_1006_01296","CID4535","Cancer Epithelial","CID4535_GACTAACCAGGGTATG"
"boot_1006_01297","CID4535","Cancer Epithelial","CID4535_CGTTCTGCAGCATACT"
"boot_1006_01298","CID4535","Cancer Epithelial","CID4535_TGCTGCTCACCCATGG"
"boot_1006_01299","CID4535","Cancer Epithelial","CID4535_TGAGCCGCATCGACGC"
"boot_1006_01300","CID4535","Cancer Epithelial","CID4535_ACAGCCGAGTGTGGCA"
"boot_1006_01301","CID4535","Cancer Epithelial","CID4535_CTAGAGTAGTAACCCT"
"boot_1006_01302","CID4535","Cancer Epithelial","CID4535_AGGGTGATCTGCCAGG"
"boot_1006_01303","CID4535","Cancer Epithelial","CID4535_TAGGCATGTTTAGCTG"
"boot_1006_01304","CID4535","Cancer Epithelial","CID4535_ACACTGACACTTCGAA"
"boot_1006_01305","CID4535","Cancer Epithelial","CID4535_CCGTTCAAGAGTGAGA"
"boot_1006_01306","CID4535","Cancer Epithelial","CID4535_CTACCCAGTGTCAATC"
"boot_1006_01307","CID4535","Cancer Epithelial","CID4535_CAAGGCCGTTCCGGCA"
"boot_1006_01308","CID4535","Cancer Epithelial","CID4535_GTATTCTGTTCCACAA"
"boot_1006_01309","CID4535","Cancer Epithelial","CID4535_TGAAAGATCTAAGCCA"
"boot_1006_01310","CID4535","Cancer Epithelial","CID4535_TGCTACCCACCAGATT"
"boot_1006_01311","CID4535","Cancer Epithelial","CID4535_AAGTCTGTCGTCTGAA"
"boot_1006_01312","CID4535","Cancer Epithelial","CID4535_GGCTGGTGTAGCTGCC"
"boot_1006_01313","CID4535","Cancer Epithelial","CID4535_CATGCCTCATCTGGTA"
"boot_1006_01314","CID4535","Cancer Epithelial","CID4535_CTAGAGTAGTAACCCT"
"boot_1006_01315","CID4535","Cancer Epithelial","CID4535_ATTGGACTCATGCAAC"
"boot_1006_01316","CID4535","Cancer Epithelial","CID4535_CTGCTGTCATGGAATA"
"boot_1006_01317","CID4535","Cancer Epithelial","CID4535_CCGTACTCATGAAGTA"
"boot_1006_01318","CID4535","Cancer Epithelial","CID4535_AGCGTATGTAGCTGCC"
"boot_1006_01319","CID4535","Cancer Epithelial","CID4535_ATTTCTGAGCGCCTTG"
"boot_1006_01320","CID4535","Cancer Epithelial","CID4535_TAAGTGCGTAGGCATG"
"boot_1006_01321","CID4535","Cancer Epithelial","CID4535_CTCTACGGTCGAGTTT"
"boot_1006_01322","CID4535","Cancer Epithelial","CID4535_CTCGTACGTACATGTC"
"boot_1006_01323","CID4535","Cancer Epithelial","CID4535_TTGGCAACAAGGACTG"
"boot_1006_01324","CID4535","Cancer Epithelial","CID4535_TGCACCTAGCAACGGT"
"boot_1006_01325","CID4535","Cancer Epithelial","CID4535_TCAGCAAGTAACGACG"
"boot_1006_01326","CID4535","Cancer Epithelial","CID4535_AAAGCAAAGTTCCACA"
"boot_1006_01327","CID4535","Cancer Epithelial","CID4535_AGAGTGGGTAGGAGTC"
"boot_1006_01328","CID4535","Cancer Epithelial","CID4535_CGTAGGCCAACGATCT"
"boot_1006_01329","CID4535","Cancer Epithelial","CID4535_AAGGTTCGTTGTGGCC"
"boot_1006_01330","CID4535","Cancer Epithelial","CID4535_GCCAAATGTGAGTATA"
"boot_1006_01331","CID4535","Cancer Epithelial","CID4535_ACTTACTTCATTTGGG"
"boot_1006_01332","CID4535","Cancer Epithelial","CID4535_GTTCTCGAGTACCGGA"
"boot_1006_01333","CID4535","Cancer Epithelial","CID4535_TGCCCTATCCTTTCTC"
"boot_1006_01334","CID4535","Cancer Epithelial","CID4535_TATGCCCTCGGTTAAC"
"boot_1006_01335","CID4535","Cancer Epithelial","CID4535_ACCGTAAGTACTCTCC"
"boot_1006_01336","CID4535","Cancer Epithelial","CID4535_TCTATTGTCTGTCCGT"
"boot_1006_01337","CID4535","Cancer Epithelial","CID4535_TAAGCGTGTCACCCAG"
"boot_1006_01338","CID4535","Cancer Epithelial","CID4535_AGAGTGGTCGGAGCAA"
"boot_1006_01339","CID4535","Cancer Epithelial","CID4535_AGCTCCTAGGATATAC"
"boot_1006_01340","CID4535","Cancer Epithelial","CID4535_TTGGCAACAAGGACTG"
"boot_1006_01341","CID4535","Cancer Epithelial","CID4535_TCAACGACACCCATGG"
"boot_1006_01342","CID4535","Cancer Epithelial","CID4535_AACTTTCCACGGCGTT"
"boot_1006_01343","CID4535","Cancer Epithelial","CID4535_CGTTCTGGTGGTCCGT"
"boot_1006_01344","CID4535","Cancer Epithelial","CID4535_CACACCTGTAGCGTCC"
"boot_1006_01345","CID4535","Cancer Epithelial","CID4535_CTGTTTAAGATCCCAT"
"boot_1006_01346","CID4535","Cancer Epithelial","CID4535_AACCGCGTCTGGCGTG"
"boot_1006_01347","CID4535","Cancer Epithelial","CID4535_CTGAAACTCTTAGAGC"
"boot_1006_01348","CID4535","Cancer Epithelial","CID4535_AGGTCATTCGCCAAAT"
"boot_1006_01349","CID4535","Cancer Epithelial","CID4535_AGTGGGATCCGCATAA"
"boot_1006_01350","CID4535","Cancer Epithelial","CID4535_TGGCTGGTCTCCTATA"
"boot_1006_01351","CID4535","Cancer Epithelial","CID4535_ACAGCCGTCTGGTTCC"
"boot_1006_01352","CID4535","Cancer Epithelial","CID4535_TACTCATCAGCTTCGG"
"boot_1006_01353","CID4535","Cancer Epithelial","CID4535_GCGCAGTAGTCACGCC"
"boot_1006_01354","CID4535","Cancer Epithelial","CID4535_CAGTCCTGTAAATGTG"
"boot_1006_01355","CID4535","Cancer Epithelial","CID4535_TCTGAGAAGTTCGCGC"
"boot_1006_01356","CID4535","Cancer Epithelial","CID4535_CATCAGAGTACAAGTA"
"boot_1006_01357","CID4535","Cancer Epithelial","CID4535_GATGAGGGTAGAAAGG"
"boot_1006_01358","CID4535","Cancer Epithelial","CID4535_AGCTCCTCAGGTCTCG"
"boot_1006_01359","CID4535","Cancer Epithelial","CID4535_GGACAAGCATCACAAC"
"boot_1006_01360","CID4535","Cancer Epithelial","CID4535_AAACGGGTCACAACGT"
"boot_1006_01361","CID4535","Cancer Epithelial","CID4535_CGAGAAGAGACGCAAC"
"boot_1006_01362","CID4535","Cancer Epithelial","CID4535_AGACGTTAGCGAAGGG"
"boot_1006_01363","CID4535","Cancer Epithelial","CID4535_GCGACCAAGCAATATG"
"boot_1006_01364","CID4535","Cancer Epithelial","CID4535_CAACTAGGTCTACCTC"
"boot_1006_01365","CID4535","Cancer Epithelial","CID4535_CAGTCCTAGGTCATCT"
"boot_1006_01366","CID4535","Cancer Epithelial","CID4535_ACGGGTCCAGGACCCT"
"boot_1006_01367","CID4535","Cancer Epithelial","CID4535_GACTGCGTCACGAAGG"
"boot_1006_01368","CID4535","Cancer Epithelial","CID4535_TGGCCAGGTATAAACG"
"boot_1006_01369","CID4535","Cancer Epithelial","CID4535_CATCAAGAGGGATGGG"
"boot_1006_01370","CID4535","Cancer Epithelial","CID4535_GTCTTCGTCGAATCCA"
"boot_1006_01371","CID4535","Cancer Epithelial","CID4535_AACCGCGTCTGGCGTG"
"boot_1006_01372","CID4535","Cancer Epithelial","CID4535_GAAACTCGTCCTCTTG"
"boot_1006_01373","CID4535","Cancer Epithelial","CID4535_GCTCCTATCTCGATGA"
"boot_1006_01374","CID4535","Cancer Epithelial","CID4535_ACACCGGAGTCTCCTC"
"boot_1006_01375","CID4535","Cancer Epithelial","CID4535_GACACGCTCGGATGTT"
"boot_1006_01376","CID4535","Cancer Epithelial","CID4535_ACCGTAACAGCTCGAC"
"boot_1006_01377","CID4535","Cancer Epithelial","CID4535_GTACGTACAGCGTTCG"
"boot_1006_01378","CID4535","Cancer Epithelial","CID4535_TGCCAAATCCTGCTTG"
"boot_1006_01379","CID4535","Cancer Epithelial","CID4535_CACAGGCGTCTGGTCG"
"boot_1006_01380","CID4535","Cancer Epithelial","CID4535_GGGATGACAGACAGGT"
"boot_1006_01381","CID4535","Cancer Epithelial","CID4535_CGGACGTCATGCGCAC"
"boot_1006_01382","CID4535","Cancer Epithelial","CID4535_AACTGGTCATCACGAT"
"boot_1006_01383","CID4535","Cancer Epithelial","CID4535_CACACTCCACGCCAGT"
"boot_1006_01384","CID4535","Cancer Epithelial","CID4535_CGGGTCAGTATAATGG"
"boot_1006_01385","CID4535","Cancer Epithelial","CID4535_TTAACTCGTCGTTGTA"
"boot_1006_01386","CID4535","Cancer Epithelial","CID4535_ACACCCTCAAGGGTCA"
"boot_1006_01387","CID4535","Cancer Epithelial","CID4535_GACTACACAATTGCTG"
"boot_1006_01388","CID4535","Cancer Epithelial","CID4535_GGGTCTGCACACTGCG"
"boot_1006_01389","CID4535","Cancer Epithelial","CID4535_CGCGTTTGTACGCTGC"
"boot_1006_01390","CID4535","Cancer Epithelial","CID4535_ACCCACTCACCGATAT"
"boot_1006_01391","CID4535","Cancer Epithelial","CID4535_CTTCTCTGTTCAGTAC"
"boot_1006_01392","CID4535","Cancer Epithelial","CID4535_GTTTCTAGTCATACTG"
"boot_1006_01393","CID4535","Cancer Epithelial","CID4535_ACACTGATCACAGGCC"
"boot_1006_01394","CID4535","Cancer Epithelial","CID4535_TACGGGCAGATATGGT"
"boot_1006_01395","CID4535","Cancer Epithelial","CID4535_CATCAAGAGGGCATGT"
"boot_1006_01396","CID4535","Cancer Epithelial","CID4535_TCATTTGTCGGTCTAA"
"boot_1006_01397","CID4535","Cancer Epithelial","CID4535_GGTGTTAGTTCGGCAC"
"boot_1006_01398","CID4535","Cancer Epithelial","CID4535_CTACCCATCGTTGACA"
"boot_1006_01399","CID4535","Cancer Epithelial","CID4535_GCATGCGTCTATCGCC"
"boot_1006_01400","CID4535","Cancer Epithelial","CID4535_ATCATGGTCTACCTGC"
"boot_1006_01401","CID4535","Cancer Epithelial","CID4535_CAAGAAAAGCTTCGCG"
"boot_1006_01402","CID4535","Cancer Epithelial","CID4535_GGTGTTATCCGCAAGC"
"boot_1006_01403","CID4535","Cancer Epithelial","CID4535_ATCCGAATCGTTTAGG"
"boot_1006_01404","CID4535","Cancer Epithelial","CID4535_TCTGGAATCGCCGTGA"
"boot_1006_01405","CID4535","Cancer Epithelial","CID4535_CTGTGCTTCCAAAGTC"
"boot_1006_01406","CID4535","Cancer Epithelial","CID4535_AATCCAGCAGTCTTCC"
"boot_1006_01407","CID4535","Cancer Epithelial","CID4535_GTATTCTTCTCACATT"
"boot_1006_01408","CID4535","Cancer Epithelial","CID4535_ACAGCTATCATGGTCA"
"boot_1006_01409","CID4535","Cancer Epithelial","CID4535_CCTTACGTCTTGCAAG"
"boot_1006_01410","CID4535","Cancer Epithelial","CID4535_CGAACATTCATAGCAC"
"boot_1006_01411","CID4535","Cancer Epithelial","CID4535_TCGGTAAGTCGGCACT"
"boot_1006_01412","CID4535","Cancer Epithelial","CID4535_GCTTCCATCCCTAACC"
"boot_1006_01413","CID4535","Cancer Epithelial","CID4535_GATCGATAGTCATGCT"
"boot_1006_01414","CID4535","Cancer Epithelial","CID4535_GACGCGTCATCCTTGC"
"boot_1006_01415","CID4535","Cancer Epithelial","CID4535_TGCCAAATCTGCTTGC"
"boot_1006_01416","CID4535","Cancer Epithelial","CID4535_ATGTGTGCAGCTTCGG"
"boot_1006_01417","CID4535","Cancer Epithelial","CID4535_AGTGGGATCGCCATAA"
"boot_1006_01418","CID4535","Cancer Epithelial","CID4535_TTGGAACAGTGAACGC"
"boot_1006_01419","CID4535","Cancer Epithelial","CID4535_TCAGGATTCTGGTGTA"
"boot_1006_01420","CID4535","Cancer Epithelial","CID4535_GTACTCCTCCCTCTTT"
"boot_1006_01421","CID4535","Cancer Epithelial","CID4535_ACTGATGCAAGCGCTC"
"boot_1006_01422","CID4535","Cancer Epithelial","CID4535_CAGTAACTCGTGGACC"
"boot_1006_01423","CID4535","Cancer Epithelial","CID4535_TCGTAGAGTGGTCCGT"
"boot_1006_01424","CID4535","Cancer Epithelial","CID4535_AAACCTGCAGCCTGTG"
"boot_1006_01425","CID4535","Cancer Epithelial","CID4535_AGACGTTCAGTAAGAT"
"boot_1006_01426","CID4535","Cancer Epithelial","CID4535_TAAGAGAAGGCATGGT"
"boot_1006_01427","CID4535","Cancer Epithelial","CID4535_ATGCGATCAGCCAATT"
"boot_1006_01428","CID4535","Cancer Epithelial","CID4535_CTCGGAGCATTGGTAC"
"boot_1006_01429","CID4535","Cancer Epithelial","CID4535_CTGGTCTGTCGAGATG"
"boot_1006_01430","CID4535","Cancer Epithelial","CID4535_TTCTACAAGCCGTCGT"
"boot_1006_01431","CID4535","Cancer Epithelial","CID4535_CGATCGGGTGTGTGCC"
"boot_1006_01432","CID4535","Cancer Epithelial","CID4535_CACATTTTCACAGTAC"
"boot_1006_01433","CID4535","Cancer Epithelial","CID4535_GTACTTTCACTCTGTC"
"boot_1006_01434","CID4535","Cancer Epithelial","CID4535_TGGGCGTTCGTCCAGG"
"boot_1006_01435","CID4535","Cancer Epithelial","CID4535_AGGCCACTCGAGCCCA"
"boot_1006_01436","CID4535","Cancer Epithelial","CID4535_GCGAGAAGTTGGTGGA"
"boot_1006_01437","CID4535","Cancer Epithelial","CID4535_CACATAGAGTCCAGGA"
"boot_1006_01438","CID4535","Cancer Epithelial","CID4535_CTGAAACCATCAGTAC"
"boot_1006_01439","CID4535","Cancer Epithelial","CID4535_CTCACACTCAAACAAG"
"boot_1006_01440","CID4535","Cancer Epithelial","CID4535_AGTAGTCTCCACGCAG"
"boot_1006_01441","CID4535","Cancer Epithelial","CID4535_AGATTGCTCCATGAAC"
"boot_1006_01442","CID4535","Cancer Epithelial","CID4535_CAAGATCGTTACCAGT"
"boot_1006_01443","CID4535","Cancer Epithelial","CID4535_ACGGCCACAGATCTGT"
"boot_1006_01444","CID4535","Cancer Epithelial","CID4535_ACTGCTCGTTCCCGAG"
"boot_1006_01445","CID4535","Cancer Epithelial","CID4535_CGGGTCAAGTCTCAAC"
"boot_1006_01446","CID4535","Cancer Epithelial","CID4535_CAAGTTGGTGCAACGA"
"boot_1006_01447","CID4535","Cancer Epithelial","CID4535_ATCTACTGTGCCTGTG"
"boot_1006_01448","CID4535","Cancer Epithelial","CID4535_TGGGAAGAGATCACGG"
"boot_1006_01449","CID4535","Cancer Epithelial","CID4535_GTCACAAAGGAGTACC"
"boot_1006_01450","CID4535","Cancer Epithelial","CID4535_CGATTGACAATGAATG"
"boot_1006_01451","CID4535","Cancer Epithelial","CID4535_TCAACGATCAGCTGGC"
"boot_1006_01452","CID4535","Cancer Epithelial","CID4535_TTCCCAGAGCCCAGCT"
"boot_1006_01453","CID4535","Cancer Epithelial","CID4535_GCTGCAGTCTCCAACC"
"boot_1006_01454","CID4535","Cancer Epithelial","CID4535_CTCTAATCAGTGACAG"
"boot_1006_01455","CID4535","Cancer Epithelial","CID4535_GCGAGAAAGGTGGGTT"
"boot_1006_01456","CID4535","Cancer Epithelial","CID4535_CGATTGAAGAATCTCC"
"boot_1006_01457","CID4535","Cancer Epithelial","CID4535_TCGGGACCAGATAATG"
"boot_1006_01458","CID4535","Cancer Epithelial","CID4535_ACAGCCGTCTGTCCGT"
"boot_1006_01459","CID4535","Cancer Epithelial","CID4535_CATCAAGGTCGCATAT"
"boot_1006_01460","CID4535","Cancer Epithelial","CID4535_TCTGAGAAGTGCCATT"
"boot_1006_01461","CID4535","Cancer Epithelial","CID4535_CTGCCTACAGGGTACA"
"boot_1006_01462","CID4535","Cancer Epithelial","CID4535_CTACACCTCAGGCAAG"
"boot_1006_01463","CID4535","Cancer Epithelial","CID4535_GCAGTTAAGAAGGACA"
"boot_1006_01464","CID4535","Cancer Epithelial","CID4535_TAGTTGGTCTACTCAT"
"boot_1006_01465","CID4535","Cancer Epithelial","CID4535_ATCATCTAGGGTCGAT"
"boot_1006_01466","CID4535","Cancer Epithelial","CID4535_GGTGTTATCCTCCTAG"
"boot_1006_01467","CID4535","Cancer Epithelial","CID4535_CCTAGCTCAAGAAAGG"
"boot_1006_01468","CID4535","Cancer Epithelial","CID4535_TCGGTAATCTGCAGTA"
"boot_1006_01469","CID4535","Cancer Epithelial","CID4535_TGTGTTTGTAGAGCTG"
"boot_1006_01470","CID4535","Cancer Epithelial","CID4535_AGCTTGACATCCCATC"
"boot_1006_01471","CID4535","Cancer Epithelial","CID4535_CTTAGGAGTCAGATAA"
"boot_1006_01472","CID4535","Cancer Epithelial","CID4535_TCGAGGCTCGCCGTGA"
"boot_1006_01473","CID4535","Cancer Epithelial","CID4535_TGCCAAAAGTTCGCAT"
"boot_1006_01474","CID4535","Cancer Epithelial","CID4535_GTCTTCGTCCTACAGA"
"boot_1006_01475","CID4535","Cancer Epithelial","CID4535_GGAGCAATCCGCAAGC"
"boot_1006_01476","CID4535","Cancer Epithelial","CID4535_GGACGTCTCGTATCAG"
"boot_1006_01477","CID4535","Cancer Epithelial","CID4535_TACGGTAGTAAACACA"
"boot_1006_01478","CID4535","Cancer Epithelial","CID4535_TCATTTGGTACCATCA"
"boot_1006_01479","CID4535","Cancer Epithelial","CID4535_ACACCAAGTTCACCTC"
"boot_1006_01480","CID4535","Cancer Epithelial","CID4535_CTTACCGGTCTCTTAT"
"boot_1006_01481","CID4535","Cancer Epithelial","CID4535_TCAGGATAGGTGATAT"
"boot_1006_01482","CID4535","Cancer Epithelial","CID4535_GTCACGGAGTAAGTAC"
"boot_1006_01483","CID4535","Cancer Epithelial","CID4535_CTTACCGGTCTCTTAT"
"boot_1006_01484","CID4535","Cancer Epithelial","CID4535_CAGCATACACCACCAG"
"boot_1006_01485","CID4535","Cancer Epithelial","CID4535_ATTTCTGAGCGCCTTG"
"boot_1006_01486","CID4535","Cancer Epithelial","CID4535_ACGATACTCGAACGGA"
"boot_1006_01487","CID4535","Cancer Epithelial","CID4535_GGGAGATTCTACCTGC"
"boot_1006_01488","CID4535","Cancer Epithelial","CID4535_GCTCTGTTCGTTTGCC"
"boot_1006_01489","CID4535","Cancer Epithelial","CID4535_GACTACAAGCCACGTC"
"boot_1006_01490","CID4535","Cancer Epithelial","CID4535_GCCTCTAGTAGTACCT"
"boot_1006_01491","CID4535","Cancer Epithelial","CID4535_TCTTTCCCACTTACGA"
"boot_1006_01492","CID4535","Cancer Epithelial","CID4535_TTTCCTCCAGGACGTA"
"boot_1006_01493","CID4535","Cancer Epithelial","CID4535_GGACATTTCAACCAAC"
"boot_1006_01494","CID4535","Cancer Epithelial","CID4535_GACAGAGCAGACTCGC"
"boot_1006_01495","CID4535","Cancer Epithelial","CID4535_TGAAAGAAGGTGATTA"
"boot_1006_01496","CID4535","Cancer Epithelial","CID4535_CGGAGCTGTCATATGC"
"boot_1006_01497","CID4535","Cancer Epithelial","CID4535_CGGTTAACACGGCTAC"
"boot_1006_01498","CID4535","Cancer Epithelial","CID4535_AGGTCCGTCCCAAGAT"
"boot_1006_01499","CID4535","Cancer Epithelial","CID4535_GTGCATATCGGTCTAA"
"boot_1006_01500","CID4535","Cancer Epithelial","CID4535_GCATACAGTGCTGTAT"
"boot_1006_01501","CID4535","Cancer Epithelial","CID4535_CGGAGCTGTCATATGC"
"boot_1006_01502","CID4535","Cancer Epithelial","CID4535_CGAATGTTCACTCTTA"
"boot_1006_01503","CID4535","Cancer Epithelial","CID4535_AACTTTCCAAAGGAAG"
"boot_1006_01504","CID4535","Cancer Epithelial","CID4535_TTCGAAGCAGAGTGTG"
"boot_1006_01505","CID4535","Cancer Epithelial","CID4535_GTGAAGGAGGCATGTG"
"boot_1006_01506","CID4535","Cancer Epithelial","CID4535_ACGTCAAGTCGAAAGC"
"boot_1006_01507","CID4535","Cancer Epithelial","CID4535_CACATTTAGTCATGCT"
"boot_1006_01508","CID4535","Cancer Epithelial","CID4535_CCCATACAGGACCACA"
"boot_1006_01509","CID4535","Cancer Epithelial","CID4535_ACAGCCGCAGGGTATG"
"boot_1006_01510","CID4535","Cancer Epithelial","CID4535_AAAGATGCACGGTAAG"
"boot_1006_01511","CID4535","Cancer Epithelial","CID4535_GACGGCTGTGTATGGG"
"boot_1006_01512","CID4535","Cancer Epithelial","CID4535_ACTGCTCAGACTGGGT"
"boot_1006_01513","CID4535","Cancer Epithelial","CID4535_ACTTACTAGCAGGCTA"
"boot_1006_01514","CID4535","Cancer Epithelial","CID4535_ATCATCTAGGATGGAA"
"boot_1006_01515","CID4535","Cancer Epithelial","CID4535_AACTTTCCATTCGACA"
"boot_1006_01516","CID4535","Cancer Epithelial","CID4535_GCCAAATAGCCAGTTT"
"boot_1006_01517","CID4535","Cancer Epithelial","CID4535_TCAGATGAGCGCCTTG"
"boot_1006_01518","CID4535","Cancer Epithelial","CID4535_AACGTTGTCAAACGGG"
"boot_1006_01519","CID4535","Cancer Epithelial","CID4535_CGAACATTCATAGCAC"
"boot_1006_01520","CID4535","Cancer Epithelial","CID4535_ATCATCTAGGATGGAA"
"boot_1006_01521","CID4535","Cancer Epithelial","CID4535_TCATTTGAGAACTGTA"
"boot_1006_01522","CID4535","Cancer Epithelial","CID4535_GTCCTCAAGTAGCGGT"
"boot_1006_01523","CID4535","Cancer Epithelial","CID4535_CCTTTCTTCTTCCTTC"
"boot_1006_01524","CID4535","Cancer Epithelial","CID4535_GTACGTAAGATATGCA"
"boot_1006_01525","CID4535","Cancer Epithelial","CID4535_CCCATACCAGGTCGTC"
"boot_1006_01526","CID4535","Cancer Epithelial","CID4535_GCAGCCACATGCGCAC"
"boot_1006_01527","CID4535","Cancer Epithelial","CID4535_AGGGAGTGTGCACCAC"
"boot_1006_01528","CID4535","Cancer Epithelial","CID4535_CCTTCCCTCCTTGGTC"
"boot_1006_01529","CID4535","Cancer Epithelial","CID4535_ACACCAAAGTATGACA"
"boot_1006_01530","CID4535","Cancer Epithelial","CID4535_GGACATTCAATGGAGC"
"boot_1006_01531","CID4535","Cancer Epithelial","CID4535_CCTCAGTCACCAGTTA"
"boot_1006_01532","CID4535","Cancer Epithelial","CID4535_CATCAAGAGGGATGGG"
"boot_1006_01533","CID4535","Cancer Epithelial","CID4535_GCTCTGTCAGGACGTA"
"boot_1006_01534","CID4535","Cancer Epithelial","CID4535_AGACGTTAGCGAAGGG"
"boot_1006_01535","CID4535","Cancer Epithelial","CID4535_TCTTCGGAGTGTGAAT"
"boot_1006_01536","CID4535","Cancer Epithelial","CID4535_CAGATCAGTCTTTCAT"
"boot_1006_01537","CID4535","Cancer Epithelial","CID4535_AAAGCAATCCATGCTC"
"boot_1006_01538","CID4535","Cancer Epithelial","CID4535_ATAGACCAGGACAGAA"
"boot_1006_01539","CID4535","Cancer Epithelial","CID4535_CGTGTCTAGTGTACCT"
"boot_1006_01540","CID4535","Cancer Epithelial","CID4535_GTGCGGTCACATGGGA"
"boot_1006_01541","CID4535","Cancer Epithelial","CID4535_CTGATAGAGCGTTGCC"
"boot_1006_01542","CID4535","Cancer Epithelial","CID4535_CCTTCCCCATGACGGA"
"boot_1006_01543","CID4535","Cancer Epithelial","CID4535_CCTTTCTAGTCAATAG"
"boot_1006_01544","CID4535","Cancer Epithelial","CID4535_CTGCCTACAAGCTGAG"
"boot_1006_01545","CID4535","Cancer Epithelial","CID4535_GCGACCACAGGATTGG"
"boot_1006_01546","CID4535","Cancer Epithelial","CID4535_TAGACCATCCCACTTG"
"boot_1006_01547","CID4535","Cancer Epithelial","CID4535_CCTACCATCAGCGACC"
"boot_1006_01548","CID4535","Cancer Epithelial","CID4535_TAAACCGGTCAATACC"
"boot_1006_01549","CID4535","Cancer Epithelial","CID4535_ATCCACCTCGAATGCT"
"boot_1006_01550","CID4535","Cancer Epithelial","CID4535_TCAGCAAAGTTCGATC"
"boot_1006_01551","CID4535","Cancer Epithelial","CID4535_CAAGGCCGTAAGCACG"
"boot_1006_01552","CID4535","Cancer Epithelial","CID4535_GGTGTTAGTCTGCGGT"
"boot_1006_01553","CID4535","Cancer Epithelial","CID4535_CTCGTCAGTCGCGTGT"
"boot_1006_01554","CID4535","Cancer Epithelial","CID4535_CTTGGCTAGCCTATGT"
"boot_1006_01555","CID4535","Cancer Epithelial","CID4535_CTGTGCTGTGATGTGG"
"boot_1006_01556","CID4535","Cancer Epithelial","CID4535_TGCGGGTCAAGACACG"
"boot_1006_01557","CID4535","Cancer Epithelial","CID4535_CGGTTAAGTTCAGCGC"
"boot_1006_01558","CID4535","Cancer Epithelial","CID4535_GTGCGGTCACGGCCAT"
"boot_1006_01559","CID4535","Cancer Epithelial","CID4535_TCTGGAAGTGTTCGAT"
"boot_1006_01560","CID4535","Cancer Epithelial","CID4535_GTCATTTTCCGATATG"
"boot_1006_01561","CID4535","Cancer Epithelial","CID4535_TCAGCAAAGTTCGATC"
"boot_1006_01562","CID4535","Cancer Epithelial","CID4535_CAGCCGAGTCAGAATA"
"boot_1006_01563","CID4535","Cancer Epithelial","CID4535_CTTGGCTGTTGCGTTA"
"boot_1006_01564","CID4535","Cancer Epithelial","CID4535_CACAGTATCCGTACAA"
"boot_1006_01565","CID4535","Cancer Epithelial","CID4535_CAGAATCCATGGGACA"
"boot_1006_01566","CID4535","Cancer Epithelial","CID4535_TCTTCGGAGGCATGTG"
"boot_1006_01567","CID4535","Cancer Epithelial","CID4535_CGCCAAGCACTGAAGG"
"boot_1006_01568","CID4535","Cancer Epithelial","CID4535_CAGCTGGGTGGACGAT"
"boot_1006_01569","CID4535","Cancer Epithelial","CID4535_AGCTCTCGTACTTCTT"
"boot_1006_01570","CID4535","Cancer Epithelial","CID4535_CGGGTCAAGCACACAG"
"boot_1006_01571","CID4535","Cancer Epithelial","CID4535_TTAACTCAGTGTACCT"
"boot_1006_01572","CID4535","Cancer Epithelial","CID4535_CTGATAGAGTAGTGCG"
"boot_1006_01573","CID4535","Cancer Epithelial","CID4535_AATCCAGTCGTAGGAG"
"boot_1006_01574","CID4535","Cancer Epithelial","CID4535_CCTTCGACACGAAACG"
"boot_1006_01575","CID4535","Cancer Epithelial","CID4535_GGGCACTAGATCTGCT"
"boot_1006_01576","CID4535","Cancer Epithelial","CID4535_CGGACGTAGATGTTAG"
"boot_1006_01577","CID4535","Cancer Epithelial","CID4535_CGATGTATCTGCTTGC"
"boot_1006_01578","CID4535","Cancer Epithelial","CID4535_GTGTTAGCAATGGAGC"
"boot_1006_01579","CID4535","Cancer Epithelial","CID4535_CATATGGGTAGAAAGG"
"boot_1006_01580","CID4535","Cancer Epithelial","CID4535_TCTGAGAAGTTCGCGC"
"boot_1006_01581","CID4535","Cancer Epithelial","CID4535_GCATGCGCAATCCGAT"
"boot_1006_01582","CID4535","Cancer Epithelial","CID4535_GTGAAGGCACTACAGT"
"boot_1006_01583","CID4535","Cancer Epithelial","CID4535_GGAAAGCAGGTGATTA"
"boot_1006_01584","CID4535","Cancer Epithelial","CID4535_TCGGTAATCTACTCAT"
"boot_1006_01585","CID4535","Cancer Epithelial","CID4535_CACATAGCAGTCACTA"
"boot_1006_01586","CID4535","Cancer Epithelial","CID4535_AAGCCGCTCATCTGCC"
"boot_1006_01587","CID4535","Cancer Epithelial","CID4535_ACTGCTCAGAAACCTA"
"boot_1006_01588","CID4535","Cancer Epithelial","CID4535_GTCTTCGGTCCAACTA"
"boot_1006_01589","CID4535","Cancer Epithelial","CID4535_GACCTGGTCTCTGTCG"
"boot_1006_01590","CID4535","Cancer Epithelial","CID4535_GAACCTAGTAAATACG"
"boot_1006_01591","CID4535","Cancer Epithelial","CID4535_ACTGAGTGTAGAAGGA"
"boot_1006_01592","CID4535","Cancer Epithelial","CID4535_CGGCTAGTCGGACAAG"
"boot_1006_01593","CID4535","Cancer Epithelial","CID4535_TCGCGTTAGCGTGTCC"
"boot_1006_01594","CID4535","Cancer Epithelial","CID4535_GGAGCAACAGTTTACG"
"boot_1006_01595","CID4535","Cancer Epithelial","CID4535_GCATGCGTCACTCTTA"
"boot_1006_01596","CID4535","Cancer Epithelial","CID4535_GTCACAAGTGTAATGA"
"boot_1006_01597","CID4535","Cancer Epithelial","CID4535_TCTCTAAAGATCGATA"
"boot_1006_01598","CID4535","Cancer Epithelial","CID4535_CTCAGAATCCCGGATG"
"boot_1006_01599","CID4535","Cancer Epithelial","CID4535_TCAGATGAGGACAGAA"
"boot_1006_01600","CID4535","Cancer Epithelial","CID4535_CGTAGGCCAACGATCT"
"boot_1006_01601","CID4535","Cancer Epithelial","CID4535_ATTTCTGTCCCTCTTT"
"boot_1006_01602","CID4535","Cancer Epithelial","CID4535_CAAGGCCGTTCCGGCA"
"boot_1006_01603","CID4535","Cancer Epithelial","CID4535_AGCGTCGGTCAGATAA"
"boot_1006_01604","CID4535","Cancer Epithelial","CID4535_GACTGCGTCACGAAGG"
"boot_1006_01605","CID4535","Cancer Epithelial","CID4535_ATCTGCCAGCGAGAAA"
"boot_1006_01606","CID4535","Cancer Epithelial","CID4535_AACTTTCTCTACCAGA"
"boot_1006_01607","CID4535","Cancer Epithelial","CID4535_TCAACGACACCCATGG"
"boot_1006_01608","CID4535","Cancer Epithelial","CID4535_GGTGAAGGTTAGATGA"
"boot_1006_01609","CID4535","Cancer Epithelial","CID4535_TTTGCGCGTCAGCTAT"
"boot_1006_01610","CID4535","Cancer Epithelial","CID4535_GAGTCCGCAATAACGA"
"boot_1006_01611","CID4535","Cancer Epithelial","CID4535_TCAGCTCGTCTCCACT"
"boot_1006_01612","CID4535","Cancer Epithelial","CID4535_ATGAGGGTCCTCGCAT"
"boot_1006_01613","CID4535","Cancer Epithelial","CID4535_GTACGTAAGTCAAGCG"
"boot_1006_01614","CID4535","Cancer Epithelial","CID4535_GTATTCTGTTCCACAA"
"boot_1006_01615","CID4535","Cancer Epithelial","CID4535_TGATTTCAGCATGGCA"
"boot_1006_01616","CID4535","Cancer Epithelial","CID4535_CAGCAGCAGCTCCTTC"
"boot_1006_01617","CID4535","Cancer Epithelial","CID4535_TCGCGTTCATCGGACC"
"boot_1006_01618","CID4535","Cancer Epithelial","CID4535_AGTGGGAGTGTCCTCT"
"boot_1006_01619","CID4535","Cancer Epithelial","CID4535_TGGACGCTCAAACGGG"
"boot_1006_01620","CID4535","Cancer Epithelial","CID4535_CGGAGTCAGTACGATA"
"boot_1006_01621","CID4535","Cancer Epithelial","CID4535_CCCATACAGGACCACA"
"boot_1006_01622","CID4535","Cancer Epithelial","CID4535_GCGGGTTCAGAAGCAC"
"boot_1006_01623","CID4535","Cancer Epithelial","CID4535_CACACTCAGTATTGGA"
"boot_1006_01624","CID4535","Cancer Epithelial","CID4535_TATTACCCATCGTCGG"
"boot_1006_01625","CID4535","Cancer Epithelial","CID4535_TTAGTTCTCGTTGACA"
"boot_1006_01626","CID4535","Cancer Epithelial","CID4535_TTGTAGGCACATGACT"
"boot_1006_01627","CID4535","Cancer Epithelial","CID4535_CCCAATCGTTCGTTGA"
"boot_1006_01628","CID4535","Cancer Epithelial","CID4535_GGTGAAGGTTAGATGA"
"boot_1006_01629","CID4535","Cancer Epithelial","CID4535_CATCAGAGTTGATTCG"
"boot_1006_01630","CID4535","Cancer Epithelial","CID4535_CATATGGTCGAATGCT"
"boot_1006_01631","CID4535","Cancer Epithelial","CID4535_TCATTTGGTACCATCA"
"boot_1006_01632","CID4535","Cancer Epithelial","CID4535_CTCCTAGTCATGCATG"
"boot_1006_01633","CID4535","Cancer Epithelial","CID4535_CTTACCGGTCTCTTAT"
"boot_1006_01634","CID4535","Cancer Epithelial","CID4535_GTGAAGGAGGCCGAAT"
"boot_1006_01635","CID4535","Cancer Epithelial","CID4535_CTCTAATAGGAGTACC"
"boot_1006_01636","CID4535","Cancer Epithelial","CID4535_GCAGTTATCATCGATG"
"boot_1006_01637","CID4535","Cancer Epithelial","CID4535_AAGACCTCATTGGCGC"
"boot_1006_01638","CID4535","Cancer Epithelial","CID4535_GTGCGGTAGTCCGGTC"
"boot_1006_01639","CID4535","Cancer Epithelial","CID4535_CTCGTCAAGAGTTGGC"
"boot_1006_01640","CID4535","Cancer Epithelial","CID4535_TACAGTGGTTCTGGTA"
"boot_1006_01641","CID4535","Cancer Epithelial","CID4535_CGATGGCAGCACAGGT"
"boot_1006_01642","CID4535","Cancer Epithelial","CID4535_GCATGATAGCAGATCG"
"boot_1006_01643","CID4535","Cancer Epithelial","CID4535_GTGTGCGGTACCTACA"
"boot_1006_01644","CID4535","Cancer Epithelial","CID4535_TGTCCCACATACGCTA"
"boot_1006_01645","CID4535","Cancer Epithelial","CID4535_GCGCAGTGTGCACGAA"
"boot_1006_01646","CID4535","Cancer Epithelial","CID4535_GGCGACTGTAATCGTC"
"boot_1006_01647","CID4535","Cancer Epithelial","CID4535_CCTAGCTAGGTCGGAT"
"boot_1006_01648","CID4535","Cancer Epithelial","CID4535_CGGGTCAAGACTCGGA"
"boot_1006_01649","CID4535","Cancer Epithelial","CID4535_CGGTTAACACGGCTAC"
"boot_1006_01650","CID4535","Cancer Epithelial","CID4535_TTGGCAAAGCTAGGCA"
"boot_1006_01651","CID4535","Cancer Epithelial","CID4535_GCAGTTAGTATGCTTG"
"boot_1006_01652","CID4535","Cancer Epithelial","CID4535_TCGGTAAAGTTCGCAT"
"boot_1006_01653","CID4535","Cancer Epithelial","CID4535_GTCACAAAGGAGTACC"
"boot_1006_01654","CID4535","Cancer Epithelial","CID4535_CGGGTCAAGACTCGGA"
"boot_1006_01655","CID4535","Cancer Epithelial","CID4535_TGAGGGATCCAAGTAC"
"boot_1006_01656","CID4535","Cancer Epithelial","CID4535_AGTGTCAGTCCAGTAT"
"boot_1006_01657","CID4535","Cancer Epithelial","CID4535_TTGAACGGTCAAAGCG"
"boot_1006_01658","CID4535","Cancer Epithelial","CID4535_ATCGAGTTCCCAAGTA"
"boot_1006_01659","CID4535","Cancer Epithelial","CID4535_GACGTGCCATCACGTA"
"boot_1006_01660","CID4535","Cancer Epithelial","CID4535_CTCGAGGGTGATAAGT"
"boot_1006_01661","CID4535","Cancer Epithelial","CID4535_CATCGAAAGCCACCTG"
"boot_1006_01662","CID4535","Cancer Epithelial","CID4535_ACAGCCGTCTGTCCGT"
"boot_1006_01663","CID4535","Cancer Epithelial","CID4535_AGGGAGTGTGCCTGCA"
"boot_1006_01664","CID4535","Cancer Epithelial","CID4535_CTAGTGAAGCAACGGT"
"boot_1006_01665","CID4535","Cancer Epithelial","CID4535_ACGATACGTCTGCGGT"
"boot_1006_01666","CID4535","Cancer Epithelial","CID4535_CGGTTAAGTTCAGCGC"
"boot_1006_01667","CID4535","Cancer Epithelial","CID4535_CATTCGCCACATTAGC"
"boot_1006_01668","CID4535","Cancer Epithelial","CID4535_GTGAAGGAGGCATGTG"
"boot_1006_01669","CID4535","Cancer Epithelial","CID4535_TCATTACGTACCCAAT"
"boot_1006_01670","CID4535","Cancer Epithelial","CID4535_AGACGTTAGCGAAGGG"
"boot_1006_01671","CID4535","Cancer Epithelial","CID4535_GCACATAGTGACTCAT"
"boot_1006_01672","CID4535","Cancer Epithelial","CID4535_CCATGTCCATTCCTGC"
"boot_1006_01673","CID4535","Cancer Epithelial","CID4535_CAGATCAGTCAAACTC"
"boot_1006_01674","CID4535","Cancer Epithelial","CID4535_CGCGTTTGTACGCTGC"
"boot_1006_01675","CID4535","Cancer Epithelial","CID4535_GCGACCATCCGTTGTC"
"boot_1006_01676","CID4535","Cancer Epithelial","CID4535_GGGAGATAGTATTGGA"
"boot_1006_01677","CID4535","Cancer Epithelial","CID4535_ACTTACTTCATTTGGG"
"boot_1006_01678","CID4535","Cancer Epithelial","CID4535_AGGCCGTAGTCTCCTC"
"boot_1006_01679","CID4535","Cancer Epithelial","CID4535_AGAGTGGAGCGACGTA"
"boot_1006_01680","CID4535","Cancer Epithelial","CID4535_TGCTGCTAGTGCCATT"
"boot_1006_01681","CID4535","Cancer Epithelial","CID4535_GGTGTTAGTTGTGGCC"
"boot_1006_01682","CID4535","Cancer Epithelial","CID4535_GATCGCGCAGACAAGC"
"boot_1006_01683","CID4535","Cancer Epithelial","CID4535_AAGTCTGCAGCATGAG"
"boot_1006_01684","CID4535","Cancer Epithelial","CID4535_GCGACCACAGGATTGG"
"boot_1006_01685","CID4535","Cancer Epithelial","CID4535_TCGCGAGCACAAGTAA"
"boot_1006_01686","CID4535","Cancer Epithelial","CID4535_TACTCGCCACCGCTAG"
"boot_1006_01687","CID4535","Cancer Epithelial","CID4535_ACGATGTAGATATGGT"
"boot_1006_01688","CID4535","Cancer Epithelial","CID4535_GACTACACACGAAAGC"
"boot_1006_01689","CID4535","Cancer Epithelial","CID4535_CTCGAAAGTCTCATCC"
"boot_1006_01690","CID4535","Cancer Epithelial","CID4535_TTCGAAGTCTGGTATG"
"boot_1006_01691","CID4535","Cancer Epithelial","CID4535_CAGCATACACCACCAG"
"boot_1006_01692","CID4535","Cancer Epithelial","CID4535_TAAACCGAGGATTCGG"
"boot_1006_01693","CID4535","Cancer Epithelial","CID4535_CAGCAGCTCAGGATCT"
"boot_1006_01694","CID4535","Cancer Epithelial","CID4535_CTAGAGTAGAGACGAA"
"boot_1006_01695","CID4535","Cancer Epithelial","CID4535_CACACAATCACGACTA"
"boot_1006_01696","CID4535","Cancer Epithelial","CID4535_AACTGGTTCAAGAAGT"
"boot_1006_01697","CID4535","Cancer Epithelial","CID4535_GGCAATTCACTTAAGC"
"boot_1006_01698","CID4535","Cancer Epithelial","CID4535_GATGAGGGTATTACCG"
"boot_1006_01699","CID4535","Cancer Epithelial","CID4535_TTGCGTCCAGATCCAT"
"boot_1006_01700","CID4535","Cancer Epithelial","CID4535_TTCTCAATCATCATTC"
"boot_1006_01701","CID4535","Cancer Epithelial","CID4535_CGTGTAAAGTCGAGTG"
"boot_1006_01702","CID4535","Cancer Epithelial","CID4535_TCATTTGAGAACTGTA"
"boot_1006_01703","CID4535","Cancer Epithelial","CID4535_CTAACTTAGTCAAGCG"
"boot_1006_01704","CID4535","Cancer Epithelial","CID4535_TCTTTCCGTACTCAAC"
"boot_1006_01705","CID4535","Cancer Epithelial","CID4535_CTGGTCTGTAAATGAC"
"boot_1006_01706","CID4535","Cancer Epithelial","CID4535_CTGAAACAGTCCGTAT"
"boot_1006_01707","CID4535","Cancer Epithelial","CID4535_TACGGATGTAGCGTCC"
"boot_1006_01708","CID4535","Cancer Epithelial","CID4535_GGCGACTTCTTGCATT"
"boot_1006_01709","CID4535","Cancer Epithelial","CID4535_TCTCTAAGTAGGCATG"
"boot_1006_01710","CID4535","Cancer Epithelial","CID4535_GGGCACTCAACGATCT"
"boot_1006_01711","CID4535","Cancer Epithelial","CID4535_CAAGGCCAGGATATAC"
"boot_1006_01712","CID4535","Cancer Epithelial","CID4535_CAAGTTGGTCATCCCT"
"boot_1006_01713","CID4535","Cancer Epithelial","CID4535_ACGAGCCAGTGGAGAA"
"boot_1006_01714","CID4535","Cancer Epithelial","CID4535_TCAGCTCGTTACCGAT"
"boot_1006_01715","CID4535","Cancer Epithelial","CID4535_AGACGTTGTCACCCAG"
"boot_1006_01716","CID4535","Cancer Epithelial","CID4535_GGACAGAGTGGACGAT"
"boot_1006_01717","CID4535","Cancer Epithelial","CID4535_TCGCGAGGTCGCTTTC"
"boot_1006_01718","CID4535","Cancer Epithelial","CID4535_ACATGGTCAGACGCAA"
"boot_1006_01719","CID4535","Cancer Epithelial","CID4535_CAAGTTGTCTCGCATC"
"boot_1006_01720","CID4535","Cancer Epithelial","CID4535_CTTACCGTCTGCGTAA"
"boot_1006_01721","CID4535","Cancer Epithelial","CID4535_CTCTAATGTTCTGGTA"
"boot_1006_01722","CID4535","Cancer Epithelial","CID4535_CTCGTACAGGTAAACT"
"boot_1006_01723","CID4535","Cancer Epithelial","CID4535_CGTCCATGTTATCGGT"
"boot_1006_01724","CID4535","Cancer Epithelial","CID4535_GGGTTGCCACAGAGGT"
"boot_1006_01725","CID4535","Cancer Epithelial","CID4535_CTTTGCGGTGGCCCTA"
"boot_1006_01726","CID4535","Cancer Epithelial","CID4535_TGCCCATGTACATCCA"
"boot_1006_01727","CID4535","Cancer Epithelial","CID4535_TAAGAGAAGACAAAGG"
"boot_1006_01728","CID4535","Cancer Epithelial","CID4535_CATCAGAGTGAAAGAG"
"boot_1006_01729","CID4535","Cancer Epithelial","CID4535_GAACGGATCTCCTATA"
"boot_1006_01730","CID4535","Cancer Epithelial","CID4535_AGGTCATAGCCCAACC"
"boot_1006_01731","CID4535","Cancer Epithelial","CID4535_GACGTGCCATTCTCAT"
"boot_1006_01732","CID4535","Cancer Epithelial","CID4535_GTACTTTTCCAGATCA"
"boot_1006_01733","CID4535","Cancer Epithelial","CID4535_GCAGTTAAGAAGGACA"
"boot_1006_01734","CID4535","Cancer Epithelial","CID4535_CTGTTTACAAAGGCGT"
"boot_1006_01735","CID4535","Cancer Epithelial","CID4535_GTGAAGGGTGCGCTTG"
"boot_1006_01736","CID4535","Cancer Epithelial","CID4535_ACGGCCAAGTGAATTG"
"boot_1006_01737","CID4535","Cancer Epithelial","CID4535_TCTTTCCCACTATCTT"
"boot_1006_01738","CID4535","Cancer Epithelial","CID4535_GCTGCGAGTATTCTCT"
"boot_1006_01739","CID4535","Cancer Epithelial","CID4535_CGCTTCATCGGTCTAA"
"boot_1006_01740","CID4535","Cancer Epithelial","CID4535_TGCCAAAGTACCGGCT"
"boot_1006_01741","CID4535","Cancer Epithelial","CID4535_CTGAAACCATCAGTAC"
"boot_1006_01742","CID4535","Cancer Epithelial","CID4535_TCATTTGCAGGACGTA"
"boot_1006_01743","CID4535","Cancer Epithelial","CID4535_ACTTACTAGCAGGCTA"
"boot_1006_01744","CID4535","Cancer Epithelial","CID4535_CTCGTACGTACATGTC"
"boot_1006_01745","CID4535","Cancer Epithelial","CID4535_CAGTCCTTCACGCATA"
"boot_1006_01746","CID4535","Cancer Epithelial","CID4535_CTACCCATCGTTGACA"
"boot_1006_01747","CID4535","Cancer Epithelial","CID4535_CATCAAGCACCAACCG"
"boot_1006_01748","CID4535","Cancer Epithelial","CID4535_GACTACACAGAAGCAC"
"boot_1006_01749","CID4535","Cancer Epithelial","CID4535_CAAGATCGTAACGCGA"
"boot_1006_01750","CID4535","Cancer Epithelial","CID4535_GCGAGAAAGGTGGGTT"
"boot_1006_01751","CID4535","Cancer Epithelial","CID4535_CGTAGGCAGGACAGCT"
"boot_1006_01752","CID4535","Cancer Epithelial","CID4535_CTTCTCTTCGGAGGTA"
"boot_1006_01753","CID4535","Cancer Epithelial","CID4535_CTCGTCATCGCCATAA"
"boot_1006_01754","CID4535","Cancer Epithelial","CID4535_TTGAACGAGTTGCAGG"
"boot_1006_01755","CID4535","Cancer Epithelial","CID4535_AGCATACAGCAATCTC"
"boot_1006_01756","CID4535","Cancer Epithelial","CID4535_CATCCACCATCGGTTA"
"boot_1006_01757","CID4535","Cancer Epithelial","CID4535_GCTTCCATCTCAACTT"
"boot_1006_01758","CID4535","Cancer Epithelial","CID4535_TTAGTTCTCGAACTGT"
"boot_1006_01759","CID4535","Cancer Epithelial","CID4535_TGACGGCAGCTCCCAG"
"boot_1006_01760","CID4535","Cancer Epithelial","CID4535_ATGAGGGGTACATGTC"
"boot_1006_01761","CID4535","Cancer Epithelial","CID4535_TGGGCGTTCGTCCAGG"
"boot_1006_01762","CID4535","Cancer Epithelial","CID4535_TGCCAAACAGGGCATA"
"boot_1006_01763","CID4535","Cancer Epithelial","CID4535_CATTATCCACTGTCGG"
"boot_1006_01764","CID4535","Cancer Epithelial","CID4535_TACGGATCAGACAAGC"
"boot_1006_01765","CID4535","Cancer Epithelial","CID4535_CGACCTTGTGCAGTAG"
"boot_1006_01766","CID4535","Cancer Epithelial","CID4535_TGCGGGTCAAGACACG"
"boot_1006_01767","CID4535","Cancer Epithelial","CID4535_TTGAACGAGCATGGCA"
"boot_1006_01768","CID4535","Cancer Epithelial","CID4535_ATTTCTGTCCCTCTTT"
"boot_1006_01769","CID4535","Cancer Epithelial","CID4535_GTACTTTCATTCACTT"
"boot_1006_01770","CID4535","Cancer Epithelial","CID4535_GGGATGAAGTCGCCGT"
"boot_1006_01771","CID4535","Cancer Epithelial","CID4535_TATCTCACAGTCACTA"
"boot_1006_01772","CID4535","Cancer Epithelial","CID4535_TGCCAAATCTTGAGAC"
"boot_1006_01773","CID4535","Cancer Epithelial","CID4535_TACGGATAGATTACCC"
"boot_1006_01774","CID4535","Cancer Epithelial","CID4535_ATTTCTGAGTGTACTC"
"boot_1006_01775","CID4535","Cancer Epithelial","CID4535_CGCGTTTTCAACCATG"
"boot_1006_01776","CID4535","Cancer Epithelial","CID4535_TACAGTGAGTGTACGG"
"boot_1006_01777","CID4535","Cancer Epithelial","CID4535_CTGATCCAGACACTAA"
"boot_1006_01778","CID4535","Cancer Epithelial","CID4535_TTGCGTCTCGATGAGG"
"boot_1006_01779","CID4535","Cancer Epithelial","CID4535_CACCTTGAGCGTTTAC"
"boot_1006_01780","CID4535","Cancer Epithelial","CID4535_AGATCTGCACGGCTAC"
"boot_1006_01781","CID4535","Cancer Epithelial","CID4535_CTTTGCGCAGTATGCT"
"boot_1006_01782","CID4535","Cancer Epithelial","CID4535_GTAACTGTCCTATGTT"
"boot_1006_01783","CID4535","Cancer Epithelial","CID4535_CCACTACCAAAGCAAT"
"boot_1006_01784","CID4535","Cancer Epithelial","CID4535_GCTGCAGCAAGTTCTG"
"boot_1006_01785","CID4535","Cancer Epithelial","CID4535_GGAGCAACAAAGTGCG"
"boot_1006_01786","CID4535","Cancer Epithelial","CID4535_CAACCAAAGTAGGTGC"
"boot_1006_01787","CID4535","Cancer Epithelial","CID4535_GCGAGAACAGATCCAT"
"boot_1006_01788","CID4535","Cancer Epithelial","CID4535_TTGAACGTCATCACCC"
"boot_1006_01789","CID4535","Cancer Epithelial","CID4535_GACCAATAGAAACGAG"
"boot_1006_01790","CID4535","Cancer Epithelial","CID4535_GCGGGTTCATGAACCT"
"boot_1006_01791","CID4535","Cancer Epithelial","CID4535_CTTCTCTGTTCAGTAC"
"boot_1006_01792","CID4535","Cancer Epithelial","CID4535_AAACCTGTCCCAACGG"
"boot_1006_01793","CID4535","Cancer Epithelial","CID4535_CGTCACTGTCTCCCTA"
"boot_1006_01794","CID4535","Cancer Epithelial","CID4535_GCTCTGTTCTAACTTC"
"boot_1006_01795","CID4535","Cancer Epithelial","CID4535_GCTTCCAAGTGAATTG"
"boot_1006_01796","CID4535","Cancer Epithelial","CID4535_AGCATACGTGCCTGGT"
"boot_1006_01797","CID4535","Cancer Epithelial","CID4535_CATTCGCAGGTGTTAA"
"boot_1006_01798","CID4535","Cancer Epithelial","CID4535_GTGCATATCGCGGATC"
"boot_1006_01799","CID4535","Cancer Epithelial","CID4535_CCCTCCTAGATGTTAG"
"boot_1006_01800","CID4535","Cancer Epithelial","CID4535_GCGCAGTCATCCTAGA"
"boot_1006_01801","CID4535","Cancer Epithelial","CID4535_ATAACGCCAGCTGTGC"
"boot_1006_01802","CID4535","Cancer Epithelial","CID4535_TGTATTCAGTGAAGTT"
"boot_1006_01803","CID4535","Cancer Epithelial","CID4535_CCTATTACACACAGAG"
"boot_1006_01804","CID4535","Cancer Epithelial","CID4535_GTACTCCCATGTCTCC"
"boot_1006_01805","CID4535","Cancer Epithelial","CID4535_CATATGGGTAGAAAGG"
"boot_1006_01806","CID4535","Cancer Epithelial","CID4535_ACCGTAACATGTTGAC"
"boot_1006_01807","CID4535","Cancer Epithelial","CID4535_CAGCCGACAGCTGGCT"
"boot_1006_01808","CID4535","Cancer Epithelial","CID4535_TAGGCATTCAGAGCTT"
"boot_1006_01809","CID4535","Cancer Epithelial","CID4535_GCCTCTAGTGGTCCGT"
"boot_1006_01810","CID4535","Cancer Epithelial","CID4535_AAACGGGTCACAACGT"
"boot_1006_01811","CID4535","Cancer Epithelial","CID4535_TGGACGCCACGGATAG"
"boot_1006_01812","CID4535","Cancer Epithelial","CID4535_GCAGTTAAGAAGGACA"
"boot_1006_01813","CID4535","Cancer Epithelial","CID4535_TTGGAACGTGCCTGCA"
"boot_1006_01814","CID4535","Cancer Epithelial","CID4535_TCCCGATGTGGCTCCA"
"boot_1006_01815","CID4535","Cancer Epithelial","CID4535_ATCATCTGTCGTCTTC"
"boot_1006_01816","CID4535","Cancer Epithelial","CID4535_TGACAACGTATAATGG"
"boot_1006_01817","CID4535","Cancer Epithelial","CID4535_CGTGAGCGTAAGTGTA"
"boot_1006_01818","CID4535","Cancer Epithelial","CID4535_CGATGGCGTAGCCTCG"
"boot_1006_01819","CID4535","Cancer Epithelial","CID4535_CTCTACGGTTGTGGAG"
"boot_1006_01820","CID4535","Cancer Epithelial","CID4535_TATGCCCCATGGAATA"
"boot_1006_01821","CID4535","Cancer Epithelial","CID4535_ATTATCCGTACGAAAT"
"boot_1006_01822","CID4535","Cancer Epithelial","CID4535_GTAGGCCCACCCAGTG"
"boot_1006_01823","CID4535","Cancer Epithelial","CID4535_TGAAAGACAGCTGTTA"
"boot_1006_01824","CID4535","Cancer Epithelial","CID4535_GGCGTGTCAGCGTTCG"
"boot_1006_01825","CID4535","Cancer Epithelial","CID4535_ACAGCTAAGTCTTGCA"
"boot_1006_01826","CID4535","Cancer Epithelial","CID4535_CAGATCATCAACGGCC"
"boot_1006_01827","CID4535","Cancer Epithelial","CID4535_TGTCCCACATGTCTCC"
"boot_1006_01828","CID4535","Cancer Epithelial","CID4535_GGACATTAGTGAATTG"
"boot_1006_01829","CID4535","Cancer Epithelial","CID4535_CATATTCAGCCCGAAA"
"boot_1006_01830","CID4535","Cancer Epithelial","CID4535_CGTGTAAAGTCGAGTG"
"boot_1006_01831","CID4535","Cancer Epithelial","CID4535_CACCAGGAGAATTCCC"
"boot_1006_01832","CID4535","Cancer Epithelial","CID4535_ACGGGCTGTTAAGACA"
"boot_1006_01833","CID4535","Cancer Epithelial","CID4535_GTACTTTTCTTAGCCC"
"boot_1006_01834","CID4535","Cancer Epithelial","CID4535_CGCTGGATCCTATTCA"
"boot_1006_01835","CID4535","Cancer Epithelial","CID4535_CGAGCACGTACTTCTT"
"boot_1006_01836","CID4535","Cancer Epithelial","CID4535_GTTAAGCTCGTTACAG"
"boot_1006_01837","CID4535","Cancer Epithelial","CID4535_TGTATTCTCTGAGTGT"
"boot_1006_01838","CID4535","Cancer Epithelial","CID4535_ACAGCCGAGTGAACAT"
"boot_1006_01839","CID4535","Cancer Epithelial","CID4535_ACACCAACAACGATGG"
"boot_1006_01840","CID4535","Cancer Epithelial","CID4535_ACACCGGCAAGTTCTG"
"boot_1006_01841","CID4535","Cancer Epithelial","CID4535_CACATTTAGAGCCCAA"
"boot_1006_01842","CID4535","Cancer Epithelial","CID4535_TGACAACGTAGCGTAG"
"boot_1006_01843","CID4535","Cancer Epithelial","CID4535_GGCTGGTAGACTAAGT"
"boot_1006_01844","CID4535","Cancer Epithelial","CID4535_CGGAGCTAGCGCCTCA"
"boot_1006_01845","CID4535","Cancer Epithelial","CID4535_CGGACGTTCAGCTCGG"
"boot_1006_01846","CID4535","Cancer Epithelial","CID4535_AAACCTGCAGCCTGTG"
"boot_1006_01847","CID4535","Cancer Epithelial","CID4535_ACTGAACAGATCCCGC"
"boot_1006_01848","CID4535","Cancer Epithelial","CID4535_ACGTCAAGTGTCGCTG"
"boot_1006_01849","CID4535","Cancer Epithelial","CID4535_ATCCGAATCACTTATC"
"boot_1006_01850","CID4535","Cancer Epithelial","CID4535_TAGACCAAGTTAACGA"
"boot_1006_01851","CID4535","Cancer Epithelial","CID4535_AAAGATGAGGCCATAG"
"boot_1006_01852","CID4535","Cancer Epithelial","CID4535_GGGTTGCCACAGAGGT"
"boot_1006_01853","CID4535","Cancer Epithelial","CID4535_TCGCGTTTCCGCATAA"
"boot_1006_01854","CID4535","Cancer Epithelial","CID4535_GTCACAAAGGAGTACC"
"boot_1006_01855","CID4535","Cancer Epithelial","CID4535_GCTTCCAAGTGAATTG"
"boot_1006_01856","CID4535","Cancer Epithelial","CID4535_GACAGAGTCACATACG"
"boot_1006_01857","CID4535","Cancer Epithelial","CID4535_GGGATGATCTTGTATC"
"boot_1006_01858","CID4535","Cancer Epithelial","CID4535_CATCCACCATCGGTTA"
"boot_1006_01859","CID4535","Cancer Epithelial","CID4535_GTCGGGTCACGTCTCT"
"boot_1006_01860","CID4535","Cancer Epithelial","CID4535_CAGATCATCCCAAGTA"
"boot_1006_01861","CID4535","Cancer Epithelial","CID4535_ATGTGTGTCGGTTCGG"
"boot_1006_01862","CID4535","Cancer Epithelial","CID4535_CGATGTATCTGCTTGC"
"boot_1006_01863","CID4535","Cancer Epithelial","CID4535_CTCGGGAGTGCGCTTG"
"boot_1006_01864","CID4535","Cancer Epithelial","CID4535_ACGCCAGTCACTTACT"
"boot_1006_01865","CID4535","Cancer Epithelial","CID4535_AGGTCCGTCTTTACAC"
"boot_1006_01866","CID4535","Cancer Epithelial","CID4535_TGCTGCTAGAAAGTGG"
"boot_1006_01867","CID4535","Cancer Epithelial","CID4535_AGCCTAAGTGACGGTA"
"boot_1006_01868","CID4535","Cancer Epithelial","CID4535_GGGACCTCACCCATGG"
"boot_1006_01869","CID4535","Cancer Epithelial","CID4535_CTACACCTCCTTTCGG"
"boot_1006_01870","CID4535","Cancer Epithelial","CID4535_CCATGTCCATTCCTGC"
"boot_1006_01871","CID4535","Cancer Epithelial","CID4535_TCGAGGCTCAAGGTAA"
"boot_1006_01872","CID4535","Cancer Epithelial","CID4535_CGGAGCTTCTTTCCTC"
"boot_1006_01873","CID4535","Cancer Epithelial","CID4535_TGCCAAATCTTGAGAC"
"boot_1006_01874","CID4535","Cancer Epithelial","CID4535_CGTGTAAAGGAGTACC"
"boot_1006_01875","CID4535","Cancer Epithelial","CID4535_TTGCGTCGTACACCGC"
"boot_1006_01876","CID4535","Cancer Epithelial","CID4535_CTAAGACTCATAAAGG"
"boot_1006_01877","CID4535","Cancer Epithelial","CID4535_ACTTGTTAGACTAAGT"
"boot_1006_01878","CID4535","Cancer Epithelial","CID4535_TTTGCGCCAGGAACGT"
"boot_1006_01879","CID4535","Cancer Epithelial","CID4535_CTCATTATCCGCAGTG"
"boot_1006_01880","CID4535","Cancer Epithelial","CID4535_GCAATCACACCGCTAG"
"boot_1006_01881","CID4535","Cancer Epithelial","CID4535_CAAGTTGTCCATGCTC"
"boot_1006_01882","CID4535","Cancer Epithelial","CID4535_GCGCAGTAGAAGAAGC"
"boot_1006_01883","CID4535","Cancer Epithelial","CID4535_AAACGGGGTCCAAGTT"
"boot_1006_01884","CID4535","Cancer Epithelial","CID4535_AGTGTCATCGGAGCAA"
"boot_1006_01885","CID4535","Cancer Epithelial","CID4535_CATCGAAAGCCACCTG"
"boot_1006_01886","CID4535","Cancer Epithelial","CID4535_AGGTCCGAGAGTGACC"
"boot_1006_01887","CID4535","Cancer Epithelial","CID4535_CGGCTAGCATAGGATA"
"boot_1006_01888","CID4535","Cancer Epithelial","CID4535_ACACTGACACTTCGAA"
"boot_1006_01889","CID4535","Cancer Epithelial","CID4535_TGAGGGAAGCGATATA"
"boot_1006_01890","CID4535","Cancer Epithelial","CID4535_ACGCAGCTCTTGCCGT"
"boot_1006_01891","CID4535","Cancer Epithelial","CID4535_CACCAGGAGAATTCCC"
"boot_1006_01892","CID4535","Cancer Epithelial","CID4535_TCGGTAATCTGCAGTA"
"boot_1006_01893","CID4535","Cancer Epithelial","CID4535_CATCGAATCTCGCATC"
"boot_1006_01894","CID4535","Cancer Epithelial","CID4535_GTGCGGTCACGGCCAT"
"boot_1006_01895","CID4535","Cancer Epithelial","CID4535_ACCTTTACACGAAATA"
"boot_1006_01896","CID4535","Cancer Epithelial","CID4535_CCTTACGTCACGCATA"
"boot_1006_01897","CID4535","Cancer Epithelial","CID4535_CCACTACCAAAGCAAT"
"boot_1006_01898","CID4535","Cancer Epithelial","CID4535_CGCTTCAGTCTCTTTA"
"boot_1006_01899","CID4535","Cancer Epithelial","CID4535_AGTGTCAAGCTAGTTC"
"boot_1006_01900","CID4535","Cancer Epithelial","CID4535_GCTTCCATCCCTAACC"
"boot_1006_01901","CID4535","Cancer Epithelial","CID4535_TCATTTGTCCTATTCA"
"boot_1006_01902","CID4535","Cancer Epithelial","CID4535_AACTCAGGTCTTGTCC"
"boot_1006_01903","CID4535","Cancer Epithelial","CID4535_GCAAACTGTATTACCG"
"boot_1006_01904","CID4535","Cancer Epithelial","CID4535_ACTGTCCGTTTAGGAA"
"boot_1006_01905","CID4535","Cancer Epithelial","CID4535_ACAGCCGCATCTCGCT"
"boot_1006_01906","CID4535","Cancer Epithelial","CID4535_ACATACGAGAGACTTA"
"boot_1006_01907","CID4535","Cancer Epithelial","CID4535_CGCTATCTCCACTGGG"
"boot_1006_01908","CID4535","Cancer Epithelial","CID4535_TCAGATGAGCGCCTTG"
"boot_1006_01909","CID4535","Cancer Epithelial","CID4535_TCGGGACAGGATTCGG"
"boot_1006_01910","CID4535","Cancer Epithelial","CID4535_TCGCGTTCATCGGACC"
"boot_1006_01911","CID4535","Cancer Epithelial","CID4535_AGCATACAGCAATCTC"
"boot_1006_01912","CID4535","Cancer Epithelial","CID4535_AAAGTAGTCAACACGT"
"boot_1006_01913","CID4535","Cancer Epithelial","CID4535_GGAAAGCAGGTGATTA"
"boot_1006_01914","CID4535","Cancer Epithelial","CID4535_TCTGAGAAGTGCCATT"
"boot_1006_01915","CID4535","Cancer Epithelial","CID4535_TCAGCTCAGGGTATCG"
"boot_1006_01916","CID4535","Cancer Epithelial","CID4535_GCTCTGTTCTAACTTC"
"boot_1006_01917","CID4535","Cancer Epithelial","CID4535_GGAGCAATCAAGATCC"
"boot_1006_01918","CID4535","Cancer Epithelial","CID4535_CTACATTAGGCCATAG"
"boot_1006_01919","CID4535","Cancer Epithelial","CID4535_CGGCTAGTCTATCGCC"
"boot_1006_01920","CID4535","Cancer Epithelial","CID4535_CAGCTAACAAGAGGCT"
"boot_1006_01921","CID4535","Cancer Epithelial","CID4535_AACTGGTTCCGTCATC"
"boot_1006_01922","CID4535","Cancer Epithelial","CID4535_CCTACCACAGTGACAG"
"boot_1006_01923","CID4535","Cancer Epithelial","CID4535_GGCGTGTCAGCGTTCG"
"boot_1006_01924","CID4535","Cancer Epithelial","CID4535_ATTCTACCACCAGTTA"
"boot_1006_01925","CID4535","Cancer Epithelial","CID4535_CAGCAGCCAGCCAGAA"
"boot_1006_01926","CID4535","Cancer Epithelial","CID4535_GTGCATATCTATCCCG"
"boot_1006_01927","CID4535","Cancer Epithelial","CID4535_TGTATTCTCTCAACTT"
"boot_1006_01928","CID4535","Cancer Epithelial","CID4535_TCAGATGAGCGCCTTG"
"boot_1006_01929","CID4535","Cancer Epithelial","CID4535_GAACCTACAGTACACT"
"boot_1006_01930","CID4535","Cancer Epithelial","CID4535_TATCAGGCACACTGCG"
"boot_1006_01931","CID4535","Cancer Epithelial","CID4535_AAAGTAGAGCACACAG"
"boot_1006_01932","CID4535","Cancer Epithelial","CID4535_CGTTCTGCAATAGCAA"
"boot_1006_01933","CID4535","Cancer Epithelial","CID4535_CGGACTGGTGCGATAG"
"boot_1006_01934","CID4535","Cancer Epithelial","CID4535_AACTCAGAGTTTAGGA"
"boot_1006_01935","CID4535","Cancer Epithelial","CID4535_TCTTTCCCACTATCTT"
"boot_1006_01936","CID4535","Cancer Epithelial","CID4535_GGTGAAGGTTAGATGA"
"boot_1006_01937","CID4535","Cancer Epithelial","CID4535_CTACCCATCGTTGACA"
"boot_1006_01938","CID4535","Cancer Epithelial","CID4535_ACACCAACAACGATGG"
"boot_1006_01939","CID4535","Cancer Epithelial","CID4535_TACTTACGTCTGATCA"
"boot_1006_01940","CID4535","Cancer Epithelial","CID4535_ACACCGGGTCTTGTCC"
"boot_1006_01941","CID4535","Cancer Epithelial","CID4535_CACAGGCTCCGGGTGT"
"boot_1006_01942","CID4535","Cancer Epithelial","CID4535_TATCAGGGTCGCTTCT"
"boot_1006_01943","CID4535","Cancer Epithelial","CID4535_CGCTGGAAGGCTCAGA"
"boot_1006_01944","CID4535","Cancer Epithelial","CID4535_GCCAAATGTACCGTTA"
"boot_1006_01945","CID4535","Cancer Epithelial","CID4535_ACGGAGATCGTTGACA"
"boot_1006_01946","CID4535","Cancer Epithelial","CID4535_TCGGGACGTTGGTGGA"
"boot_1006_01947","CID4535","Cancer Epithelial","CID4535_CTAAGACTCATAAAGG"
"boot_1006_01948","CID4535","Cancer Epithelial","CID4535_CGGACGTAGTGTCCCG"
"boot_1006_01949","CID4535","Cancer Epithelial","CID4535_TGCCCTACAAGAAAGG"
"boot_1006_01950","CID4535","Cancer Epithelial","CID4535_ATAACGCAGGTCATCT"
"boot_1006_01951","CID4535","Cancer Epithelial","CID4535_ACGGGCTAGCTGCCCA"
"boot_1006_01952","CID4535","Cancer Epithelial","CID4535_TATCTCATCGCTTAGA"
"boot_1006_01953","CID4535","Cancer Epithelial","CID4535_AATCCAGTCGTAGGAG"
"boot_1006_01954","CID4535","Cancer Epithelial","CID4535_ACCGTAACATGTTGAC"
"boot_1006_01955","CID4535","Cancer Epithelial","CID4535_CCTAGCTAGATATGGT"
"boot_1006_01956","CID4535","Cancer Epithelial","CID4535_GTCACAAGTGTAATGA"
"boot_1006_01957","CID4535","Cancer Epithelial","CID4535_AACCGCGGTGTTCGAT"
"boot_1006_01958","CID4535","Cancer Epithelial","CID4535_CCAATCCAGGGAACGG"
"boot_1006_01959","CID4535","Cancer Epithelial","CID4535_GCGCAACCATCTCCCA"
"boot_1006_01960","CID4535","Cancer Epithelial","CID4535_ACTGTCCAGCACGCCT"
"boot_1006_01961","CID4535","Cancer Epithelial","CID4535_CATCCACTCTGCCCTA"
"boot_1006_01962","CID4535","Cancer Epithelial","CID4535_GTGAAGGTCTTAGAGC"
"boot_1006_01963","CID4535","Cancer Epithelial","CID4535_AGCTCTCAGGACATTA"
"boot_1006_01964","CID4535","Cancer Epithelial","CID4535_ATAACGCCACTAAGTC"
"boot_1006_01965","CID4535","Cancer Epithelial","CID4535_GTGGGTCAGATGAGAG"
"boot_1006_01966","CID4535","Cancer Epithelial","CID4535_TCGAGGCTCTAACGGT"
"boot_1006_01967","CID4535","Cancer Epithelial","CID4535_AGGGAGTAGAAGGCCT"
"boot_1006_01968","CID4535","Cancer Epithelial","CID4535_CTTACCGTCCGAGCCA"
"boot_1006_01969","CID4535","Cancer Epithelial","CID4535_CTCTAATTCTACTCAT"
"boot_1006_01970","CID4535","Cancer Epithelial","CID4535_CACATTTGTCAACTGT"
"boot_1006_01971","CID4535","Cancer Epithelial","CID4535_AGCTCTCAGGACATTA"
"boot_1006_01972","CID4535","Cancer Epithelial","CID4535_CCTTTCTAGGATTCGG"
"boot_1006_01973","CID4535","Cancer Epithelial","CID4535_TTGCGTCTCGATGAGG"
"boot_1006_01974","CID4535","Cancer Epithelial","CID4535_TTTGTCATCTTTAGTC"
"boot_1006_01975","CID4535","Cancer Epithelial","CID4535_CTCTAATTCTACTCAT"
"boot_1006_01976","CID4535","Cancer Epithelial","CID4535_CTGCCTAAGGATCGCA"
"boot_1006_01977","CID4535","Cancer Epithelial","CID4535_TGCGTGGCAGCAGTTT"
"boot_1006_01978","CID4535","Cancer Epithelial","CID4535_TTTGTCAAGATCCCAT"
"boot_1006_01979","CID4535","Cancer Epithelial","CID4535_GACTGCGCATGGTCTA"
"boot_1006_01980","CID4535","Cancer Epithelial","CID4535_ACGATGTAGATATGGT"
"boot_1006_01981","CID4535","Cancer Epithelial","CID4535_TTCTCAATCCCAACGG"
"boot_1006_01982","CID4535","Cancer Epithelial","CID4535_GACAGAGCAGACTCGC"
"boot_1006_01983","CID4535","Cancer Epithelial","CID4535_GGAATAAGTCTAAAGA"
"boot_1006_01984","CID4535","Cancer Epithelial","CID4535_GTGCGGTAGTCCGGTC"
"boot_1006_01985","CID4535","Cancer Epithelial","CID4535_GTGAAGGTCTTAGAGC"
"boot_1006_01986","CID4535","Cancer Epithelial","CID4535_ATAACGCAGTGTGAAT"
"boot_1006_01987","CID4535","Cancer Epithelial","CID4535_GGCCGATCAGATCCAT"
"boot_1006_01988","CID4535","Cancer Epithelial","CID4535_GCAAACTGTTAGGGTG"
"boot_1006_01989","CID4535","Cancer Epithelial","CID4535_GAACATCGTGACCAAG"
"boot_1006_01990","CID4535","Cancer Epithelial","CID4535_CTCTACGGTTAAGAAC"
"boot_1006_01991","CID4535","Cancer Epithelial","CID4535_AATCCAGAGTGGGCTA"
"boot_1006_01992","CID4535","Cancer Epithelial","CID4535_CTCCTAGTCTATGTGG"
"boot_1006_01993","CID4535","Cancer Epithelial","CID4535_TCGAGGCTCGTTTATC"
"boot_1006_01994","CID4535","Cancer Epithelial","CID4535_GTGAAGGGTGCGCTTG"
"boot_1006_01995","CID4535","Cancer Epithelial","CID4535_TTTACTGGTGACGCCT"
"boot_1006_01996","CID4535","Cancer Epithelial","CID4535_GCGCGATCATAAAGGT"
"boot_1006_01997","CID4535","Cancer Epithelial","CID4535_TGCCCTAAGTGGGCTA"
"boot_1006_01998","CID4535","Cancer Epithelial","CID4535_GCGCAGTAGTCACGCC"
"boot_1006_01999","CID4535","Cancer Epithelial","CID4535_GGGATGACAGACAGGT"
"boot_1006_02000","CID4535","Cancer Epithelial","CID4535_CGCTATCGTCCAGTAT"
"boot_1006_02001","CID4535","Cancer Epithelial","CID4535_AGCATACTCCGAGCCA"
"boot_1006_02002","CID4535","Cancer Epithelial","CID4535_ACAGCCGGTCTCGTTC"
"boot_1006_02003","CID4535","Cancer Epithelial","CID4535_CTGAAGTGTACTTCTT"
"boot_1006_02004","CID4535","Cancer Epithelial","CID4535_CGATGTACACGTTGGC"
"boot_1006_02005","CID4535","Cancer Epithelial","CID4535_CCAATCCAGACAGGCT"
"boot_1006_02006","CID4535","Cancer Epithelial","CID4535_TACTCATTCATGTAGC"
"boot_1006_02007","CID4535","Cancer Epithelial","CID4535_AACACGTCAGTAAGCG"
"boot_1006_02008","CID4535","Cancer Epithelial","CID4535_GGTGCGTTCTTAGAGC"
"boot_1006_02009","CID4535","Cancer Epithelial","CID4535_TTGCGTCAGGGAGTAA"
"boot_1006_02010","CID4535","Cancer Epithelial","CID4535_AGTAGTCTCCACGCAG"
"boot_1006_02011","CID4535","Cancer Epithelial","CID4535_CAGATCAGTCAAACTC"
"boot_1006_02012","CID4535","Cancer Epithelial","CID4535_CTCGTCAGTCGCGTGT"
"boot_1006_02013","CID4535","Cancer Epithelial","CID4535_CTCAGAAGTTCAGGCC"
"boot_1006_02014","CID4535","Cancer Epithelial","CID4535_AAACGGGAGCAGATCG"
"boot_1006_02015","CID4535","Cancer Epithelial","CID4535_AACTCAGAGAGGTACC"
"boot_1006_02016","CID4535","Cancer Epithelial","CID4535_GCCTCTAAGACTAGAT"
"boot_1006_02017","CID4535","Cancer Epithelial","CID4535_GAGCAGATCCAAGCCG"
"boot_1006_02018","CID4535","Cancer Epithelial","CID4535_AAGTCTGGTAAGGATT"
"boot_1006_02019","CID4535","Cancer Epithelial","CID4535_GCTGCTTTCTCTTATG"
"boot_1006_02020","CID4535","Cancer Epithelial","CID4535_CACCTTGCATGCTGGC"
"boot_1006_02021","CID4535","Cancer Epithelial","CID4535_TGTCCCAGTCCTCCAT"
"boot_1006_02022","CID4535","Cancer Epithelial","CID4535_CGATTGACACGGTTTA"
"boot_1006_02023","CID4535","Cancer Epithelial","CID4535_ATCATCTGTCGTCTTC"
"boot_1006_02024","CID4535","Cancer Epithelial","CID4535_TGTATTCTCGAATGCT"
"boot_1006_02025","CID4535","Cancer Epithelial","CID4535_GCACATAGTGACTCAT"
"boot_1006_02026","CID4535","Cancer Epithelial","CID4535_TACTCATCAGCTTCGG"
"boot_1006_02027","CID4535","Cancer Epithelial","CID4535_AACCGCGTCTGGCGTG"
"boot_1006_02028","CID4535","Cancer Epithelial","CID4535_GTACTCCCAGCGTTCG"
"boot_1006_02029","CID4535","Cancer Epithelial","CID4535_CTAGTGAAGCGACGTA"
"boot_1006_02030","CID4535","Cancer Epithelial","CID4535_GAACCTATCCTCGCAT"
"boot_1006_02031","CID4535","Cancer Epithelial","CID4535_GAAGCAGCACGTGAGA"
"boot_1006_02032","CID4535","Cancer Epithelial","CID4535_TGAAAGATCTAAGCCA"
"boot_1006_02033","CID4535","Cancer Epithelial","CID4535_CATATTCAGTACCGGA"
"boot_1006_02034","CID4535","Cancer Epithelial","CID4535_TGTGTTTGTCGCTTTC"
"boot_1006_02035","CID4535","Cancer Epithelial","CID4535_CTCGGGATCGGCTTGG"
"boot_1006_02036","CID4535","Cancer Epithelial","CID4535_ATCTGCCAGGCAATTA"
"boot_1006_02037","CID4535","Cancer Epithelial","CID4535_GTGCAGCAGTGGGATC"
"boot_1006_02038","CID4535","Cancer Epithelial","CID4535_ATCATGGTCTACCTGC"
"boot_1006_02039","CID4535","Cancer Epithelial","CID4535_ATGTGTGTCAGCAACT"
"boot_1006_02040","CID4535","Cancer Epithelial","CID4535_AAAGTAGGTTTGTTGG"
"boot_1006_02041","CID4535","Cancer Epithelial","CID4535_CGCTATCCAGGTGGAT"
"boot_1006_02042","CID4535","Cancer Epithelial","CID4535_CGCGGTAGTTCCCTTG"
"boot_1006_02043","CID4535","Cancer Epithelial","CID4535_GGCGACTAGATGTCGG"
"boot_1006_02044","CID4535","Cancer Epithelial","CID4535_GTCCTCACACATAACC"
"boot_1006_02045","CID4535","Cancer Epithelial","CID4535_GACTACAGTTACGTCA"
"boot_1006_02046","CID4535","Cancer Epithelial","CID4535_ATCCGAACAAGAGGCT"
"boot_1006_02047","CID4535","Cancer Epithelial","CID4535_TGCCCATGTACATCCA"
"boot_1006_02048","CID4535","Cancer Epithelial","CID4535_CCTTTCTAGGATTCGG"
"boot_1006_02049","CID4535","Cancer Epithelial","CID4535_CCGTTCAAGAGTGAGA"
"boot_1006_02050","CID4535","Cancer Epithelial","CID4535_TTGCGTCCAGATCCAT"
"boot_1006_02051","CID4535","Cancer Epithelial","CID4535_AGGCCGTCAAGTAGTA"
"boot_1006_02052","CID4535","Cancer Epithelial","CID4535_AAAGTAGAGAGATGAG"
"boot_1006_02053","CID4535","Cancer Epithelial","CID4535_TGTGTTTGTATCAGTC"
"boot_1006_02054","CID4535","Cancer Epithelial","CID4535_GTGCTTCGTCTAGCGC"
"boot_1006_02055","CID4535","Cancer Epithelial","CID4535_CAGATCAGTCAAACTC"
"boot_1006_02056","CID4535","Cancer Epithelial","CID4535_ACACCAACAACGATGG"
"boot_1006_02057","CID4535","Cancer Epithelial","CID4535_GAGTCCGGTAAGAGGA"
"boot_1006_02058","CID4535","Cancer Epithelial","CID4535_ACAGCCGCATCTCGCT"
"boot_1006_02059","CID4535","Cancer Epithelial","CID4535_ACACCGGTCAATCACG"
"boot_1006_02060","CID4535","Cancer Epithelial","CID4535_ACACTGAGTCGACTAT"
"boot_1006_02061","CID4535","Cancer Epithelial","CID4535_CAGCGACAGATTACCC"
"boot_1006_02062","CID4535","Cancer Epithelial","CID4535_AACTCAGAGAGGTACC"
"boot_1006_02063","CID4535","Cancer Epithelial","CID4535_TCTGAGAAGTTCGCGC"
"boot_1006_02064","CID4535","Cancer Epithelial","CID4535_AGCCTAATCTTGACGA"
"boot_1006_02065","CID4535","Cancer Epithelial","CID4535_TTAGTTCTCGTTGACA"
"boot_1006_02066","CID4535","Cancer Epithelial","CID4535_GACACGCTCGGATGTT"
"boot_1006_02067","CID4535","Cancer Epithelial","CID4535_AGGTCCGAGAGTGACC"
"boot_1006_02068","CID4535","Cancer Epithelial","CID4535_TACTTACTCTCACATT"
"boot_1006_02069","CID4535","Cancer Epithelial","CID4535_TTTACTGTCCTGTACC"
"boot_1006_02070","CID4535","Cancer Epithelial","CID4535_CGCGTTTTCAGCCTAA"
"boot_1006_02071","CID4535","Cancer Epithelial","CID4535_ACTGCTCAGACTGGGT"
"boot_1006_02072","CID4535","Cancer Epithelial","CID4535_TCATTTGTCGGTCTAA"
"boot_1006_02073","CID4535","Cancer Epithelial","CID4535_TGTGTTTCATCGGAAG"
"boot_1006_02074","CID4535","Cancer Epithelial","CID4535_TTCTCAATCCCAACGG"
"boot_1006_02075","CID4535","Cancer Epithelial","CID4535_TGTGGTAAGCAGCCTC"
"boot_1006_02076","CID4535","Cancer Epithelial","CID4535_CTAAGACGTGCACCAC"
"boot_1006_02077","CID4535","Cancer Epithelial","CID4535_GAGGTGACACCGATAT"
"boot_1006_02078","CID4535","Cancer Epithelial","CID4535_CTCATTAAGCAGATCG"
"boot_1006_02079","CID4535","Cancer Epithelial","CID4535_GTCATTTGTGAGGCTA"
"boot_1006_02080","CID4535","Cancer Epithelial","CID4535_CCCAGTTGTTCGAATC"
"boot_1006_02081","CID4535","Cancer Epithelial","CID4535_GAACCTATCCTCGCAT"
"boot_1006_02082","CID4535","Cancer Epithelial","CID4535_CTCGTACAGGGATCTG"
"boot_1006_02083","CID4535","Cancer Epithelial","CID4535_GTGGGTCTCAAGGTAA"
"boot_1006_02084","CID4535","Cancer Epithelial","CID4535_CGATGTACATTCTTAC"
"boot_1006_02085","CID4535","Cancer Epithelial","CID4535_CATATGGGTAGAAAGG"
"boot_1006_02086","CID4535","Cancer Epithelial","CID4535_GGAGCAACAAAGTGCG"
"boot_1006_02087","CID4535","Cancer Epithelial","CID4535_TACTTACGTCTGATCA"
"boot_1006_02088","CID4535","Cancer Epithelial","CID4535_TAAGCGTGTCACCCAG"
"boot_1006_02089","CID4535","Cancer Epithelial","CID4535_CTCGGGAGTAAGTTCC"
"boot_1006_02090","CID4535","Cancer Epithelial","CID4535_TCGAGGCGTCCATCCT"
"boot_1006_02091","CID4535","Cancer Epithelial","CID4535_TGTATTCAGTCTCAAC"
"boot_1006_02092","CID4535","Cancer Epithelial","CID4535_ATAACGCCAGCTGTGC"
"boot_1006_02093","CID4535","Cancer Epithelial","CID4535_ATGCGATGTAGGGTAC"
"boot_1006_02094","CID4535","Cancer Epithelial","CID4535_TCGCGTTAGTTATCGC"
"boot_1006_02095","CID4535","Cancer Epithelial","CID4535_TAGACCAAGTTAACGA"
"boot_1006_02096","CID4535","Cancer Epithelial","CID4535_CCCAGTTCATAACCTG"
"boot_1006_02097","CID4535","Cancer Epithelial","CID4535_CTTGGCTAGCCTATGT"
"boot_1006_02098","CID4535","Cancer Epithelial","CID4535_GATCGATAGTCATGCT"
"boot_1006_02099","CID4535","Cancer Epithelial","CID4535_GTGGGTCAGATGAGAG"
"boot_1006_02100","CID4535","Cancer Epithelial","CID4535_CGATCGGTCCCTCAGT"
"boot_1006_02101","CID4535","Cancer Epithelial","CID4535_GGGTTGCCACAGAGGT"
"boot_1006_02102","CID4535","Cancer Epithelial","CID4535_GGAGCAATCAAGATCC"
"boot_1006_02103","CID4535","Cancer Epithelial","CID4535_GTACTCCTCCCTCTTT"
"boot_1006_02104","CID4535","Cancer Epithelial","CID4535_GCGGGTTCATGAACCT"
"boot_1006_02105","CID4535","Cancer Epithelial","CID4535_GCTTCCAAGTGAATTG"
"boot_1006_02106","CID4535","Cancer Epithelial","CID4535_TTGGCAACAAACGCGA"
"boot_1006_02107","CID4535","Cancer Epithelial","CID4535_ACTTTCACAAAGCGGT"
"boot_1006_02108","CID4535","Cancer Epithelial","CID4535_ATAACGCAGGTCATCT"
"boot_1006_02109","CID4535","Cancer Epithelial","CID4535_TCACGAAAGAGTTGGC"
"boot_1006_02110","CID4535","Cancer Epithelial","CID4535_CTGTTTAAGTGTCCCG"
"boot_1006_02111","CID4535","Cancer Epithelial","CID4535_CGCGTTTCAATAAGCA"
"boot_1006_02112","CID4535","Cancer Epithelial","CID4535_GTCGTAAAGTGATCGG"
"boot_1006_02113","CID4535","Cancer Epithelial","CID4535_AGGTCATAGCCCAACC"
"boot_1006_02114","CID4535","Cancer Epithelial","CID4535_ATCCACCCACGGTGTC"
"boot_1006_02115","CID4535","Cancer Epithelial","CID4535_TGGCCAGGTATAAACG"
"boot_1006_02116","CID4535","Cancer Epithelial","CID4535_GTGCGGTCAAGGTGTG"
"boot_1006_02117","CID4535","Cancer Epithelial","CID4535_GCATACATCCCTAACC"
"boot_1006_02118","CID4535","Cancer Epithelial","CID4535_ACAGCTATCCAAACTG"
"boot_1006_02119","CID4535","Cancer Epithelial","CID4535_CTACACCTCCTTTCGG"
"boot_1006_02120","CID4535","Cancer Epithelial","CID4535_AACTCCCAGGTGACCA"
"boot_1006_02121","CID4535","Cancer Epithelial","CID4535_ATTCTACGTACAGCAG"
"boot_1006_02122","CID4535","Cancer Epithelial","CID4535_GATCGTAGTATCACCA"
"boot_1006_02123","CID4535","Cancer Epithelial","CID4535_TGTTCCGGTTAGGGTG"
"boot_1006_02124","CID4535","Cancer Epithelial","CID4535_TAAGAGACACCATCCT"
"boot_1006_02125","CID4535","Cancer Epithelial","CID4535_TACCTATCACATTAGC"
"boot_1006_02126","CID4535","Cancer Epithelial","CID4535_CTTGGCTCACCGATAT"
"boot_1006_02127","CID4535","Cancer Epithelial","CID4535_CGTGAGCTCATTGCGA"
"boot_1006_02128","CID4535","Cancer Epithelial","CID4535_GGAAAGCAGGTGATTA"
"boot_1006_02129","CID4535","Cancer Epithelial","CID4535_ATGTGTGCAGCCTATA"
"boot_1006_02130","CID4535","Cancer Epithelial","CID4535_CAGCAGCGTCAGATAA"
"boot_1006_02131","CID4535","Cancer Epithelial","CID4535_AGGTCATTCATAACCG"
"boot_1006_02132","CID4535","Cancer Epithelial","CID4535_TTCTACAAGCCGTCGT"
"boot_1006_02133","CID4535","Cancer Epithelial","CID4535_CGGCTAGTCTATCGCC"
"boot_1006_02134","CID4535","Cancer Epithelial","CID4535_CAGTCCTGTGCAACTT"
"boot_1006_02135","CID4535","Cancer Epithelial","CID4535_TGCCAAAGTACCGGCT"
"boot_1006_02136","CID4535","Cancer Epithelial","CID4535_AATCCAGCAAGCGTAG"
"boot_1006_02137","CID4535","Cancer Epithelial","CID4535_AGCTTGAAGCGTTGCC"
"boot_1006_02138","CID4535","Cancer Epithelial","CID4535_AACACGTCAGTGGGAT"
"boot_1006_02139","CID4535","Cancer Epithelial","CID4535_CAGCTAATCTTGAGAC"
"boot_1006_02140","CID4535","Cancer Epithelial","CID4535_CCACCTAGTGACAAAT"
"boot_1006_02141","CID4535","Cancer Epithelial","CID4535_TACGGTATCAACGGGA"
"boot_1006_02142","CID4535","Cancer Epithelial","CID4535_GGATGTTCAAATACAG"
"boot_1006_02143","CID4535","Cancer Epithelial","CID4535_AGCATACTCCGAGCCA"
"boot_1006_02144","CID4535","Cancer Epithelial","CID4535_AACTCCCCATTCGACA"
"boot_1006_02145","CID4535","Cancer Epithelial","CID4535_TCATTACGTTATCGGT"
"boot_1006_02146","CID4535","Cancer Epithelial","CID4535_TCAGGATTCTGGTGTA"
"boot_1006_02147","CID4535","Cancer Epithelial","CID4535_ATCCACCCAAGGACAC"
"boot_1006_02148","CID4535","Cancer Epithelial","CID4535_AACCGCGTCTGGCGTG"
"boot_1006_02149","CID4535","Cancer Epithelial","CID4535_TTGACTTAGATAGGAG"
"boot_1006_02150","CID4535","Cancer Epithelial","CID4535_TCTTCGGAGGTGCAAC"
"boot_1006_02151","CID4535","Cancer Epithelial","CID4535_GGTGTTATCCTCCTAG"
"boot_1006_02152","CID4535","Cancer Epithelial","CID4535_AGGGATGGTGATGATA"
"boot_1006_02153","CID4535","Cancer Epithelial","CID4535_CTTGGCTCACTATCTT"
"boot_1006_02154","CID4535","Cancer Epithelial","CID4535_ATCGAGTTCCCAAGTA"
"boot_1006_02155","CID4535","Cancer Epithelial","CID4535_GTCACGGAGTAAGTAC"
"boot_1006_02156","CID4535","Cancer Epithelial","CID4535_GACTACACAATTGCTG"
"boot_1006_02157","CID4535","Cancer Epithelial","CID4535_CCTTCCCTCCTTGGTC"
"boot_1006_02158","CID4535","Cancer Epithelial","CID4535_ACGATACTCGAACGGA"
"boot_1006_02159","CID4535","Cancer Epithelial","CID4535_GCGCAACCATGTAGTC"
"boot_1006_02160","CID4535","Cancer Epithelial","CID4535_TCAGGTACACTTGGAT"
"boot_1006_02161","CID4535","Cancer Epithelial","CID4535_CCGTTCACACGACTCG"
"boot_1006_02162","CID4535","Cancer Epithelial","CID4535_CGGTTAATCCTCCTAG"
"boot_1006_02163","CID4535","Cancer Epithelial","CID4535_CATCGGGGTTCGTTGA"
"boot_1006_02164","CID4535","Cancer Epithelial","CID4535_TCTCATAGTAGTAGTA"
"boot_1006_02165","CID4535","Cancer Epithelial","CID4535_GATGAAAAGCTCCTTC"
"boot_1006_02166","CID4535","Cancer Epithelial","CID4535_TCGAGGCTCGTTTATC"
"boot_1006_02167","CID4535","Cancer Epithelial","CID4535_TGACGGCCAGGTGGAT"
"boot_1006_02168","CID4535","Cancer Epithelial","CID4535_GCAAACTGTATTACCG"
"boot_1006_02169","CID4535","Cancer Epithelial","CID4535_TTTCCTCCATTCTTAC"
"boot_1006_02170","CID4535","Cancer Epithelial","CID4535_TCAGGTACAGTGGAGT"
"boot_1006_02171","CID4535","Cancer Epithelial","CID4535_TTGTAGGAGAGTAATC"
"boot_1006_02172","CID4535","Cancer Epithelial","CID4535_GATCGATAGGGAGTAA"
"boot_1006_02173","CID4535","Cancer Epithelial","CID4535_ATAAGAGGTGTGAAAT"
"boot_1006_02174","CID4535","Cancer Epithelial","CID4535_CGCCAAGAGAATCTCC"
"boot_1006_02175","CID4535","Cancer Epithelial","CID4535_AATCCAGTCGTAGGAG"
"boot_1006_02176","CID4535","Cancer Epithelial","CID4535_TGGACGCCACGGATAG"
"boot_1006_02177","CID4535","Cancer Epithelial","CID4535_AACTGGTTCCGTCATC"
"boot_1006_02178","CID4535","Cancer Epithelial","CID4535_CAGGTGCGTGCGCTTG"
"boot_1006_02179","CID4535","Cancer Epithelial","CID4535_CACCACTCACACCGCA"
"boot_1006_02180","CID4535","Cancer Epithelial","CID4535_ACTGCTCGTCAGGACA"
"boot_1006_02181","CID4535","Cancer Epithelial","CID4535_ACTTACTAGCAGGCTA"
"boot_1006_02182","CID4535","Cancer Epithelial","CID4535_GGCGACTGTTGGTAAA"
"boot_1006_02183","CID4535","Cancer Epithelial","CID4535_ACAGCTAAGCGTTGCC"
"boot_1006_02184","CID4535","Cancer Epithelial","CID4535_GTTACAGAGCCGTCGT"
"boot_1006_02185","CID4535","Cancer Epithelial","CID4535_GGTGTTATCCTTTCTC"
"boot_1006_02186","CID4535","Cancer Epithelial","CID4535_CTAGAGTAGTAACCCT"
"boot_1006_02187","CID4535","Cancer Epithelial","CID4535_CACATTTAGAAGGGTA"
"boot_1006_02188","CID4535","Cancer Epithelial","CID4535_AAGGTTCTCGCCTGTT"
"boot_1006_02189","CID4535","Cancer Epithelial","CID4535_GGCGTGTTCATGCATG"
"boot_1006_02190","CID4535","Cancer Epithelial","CID4535_CGTAGGCTCACCTTAT"
"boot_1006_02191","CID4535","Cancer Epithelial","CID4535_GTGCATATCGCGGATC"
"boot_1006_02192","CID4535","Cancer Epithelial","CID4535_TGAAAGATCTAAGCCA"
"boot_1006_02193","CID4535","Cancer Epithelial","CID4535_CAGTAACGTCGCATCG"
"boot_1006_02194","CID4535","Cancer Epithelial","CID4535_CAACTAGGTCTACCTC"
"boot_1006_02195","CID4535","Cancer Epithelial","CID4535_GTTAAGCAGGGATCTG"
"boot_1006_02196","CID4535","Cancer Epithelial","CID4535_CGGACGTAGCGTTGCC"
"boot_1006_02197","CID4535","Cancer Epithelial","CID4535_TATTACCAGGGAGTAA"
"boot_1006_02198","CID4535","Cancer Epithelial","CID4535_CTGAAGTGTCGCATAT"
"boot_1006_02199","CID4535","Cancer Epithelial","CID4535_GCAGTTAGTATGCTTG"
"boot_1006_02200","CID4535","Cancer Epithelial","CID4535_ACAGCTAAGCGCCTCA"
"boot_1006_02201","CID4535","Cancer Epithelial","CID4535_TGTTCCGTCAACGGCC"
"boot_1006_02202","CID4535","Cancer Epithelial","CID4535_CGCGGTATCCTCATTA"
"boot_1006_02203","CID4535","Cancer Epithelial","CID4535_GCTTGAATCCTACAGA"
"boot_1006_02204","CID4535","Cancer Epithelial","CID4535_AGGGATGGTGATGATA"
"boot_1006_02205","CID4535","Cancer Epithelial","CID4535_ACTGTCCCACAGACTT"
"boot_1006_02206","CID4535","Cancer Epithelial","CID4535_ACAGCTACACGGATAG"
"boot_1006_02207","CID4535","Cancer Epithelial","CID4535_GGCGACTTCTTGCATT"
"boot_1006_02208","CID4535","Cancer Epithelial","CID4535_CATCGAAAGCCACCTG"
"boot_1006_02209","CID4535","Cancer Epithelial","CID4535_CCATTCGAGTGGCACA"
"boot_1006_02210","CID4535","Cancer Epithelial","CID4535_TACGGATAGCTTATCG"
"boot_1006_02211","CID4535","Cancer Epithelial","CID4535_GCGAGAACAGGTGGAT"
"boot_1006_02212","CID4535","Cancer Epithelial","CID4535_GAAGCAGTCAGTCAGT"
"boot_1006_02213","CID4535","Cancer Epithelial","CID4535_AGCAGCCCAATGTAAG"
"boot_1006_02214","CID4535","Cancer Epithelial","CID4535_GTAACGTAGAATAGGG"
"boot_1006_02215","CID4535","Cancer Epithelial","CID4535_GTAGGCCTCTGTCTCG"
"boot_1006_02216","CID4535","Cancer Epithelial","CID4535_CACCTTGGTATAAACG"
"boot_1006_02217","CID4535","Cancer Epithelial","CID4535_CACACTCAGCAATATG"
"boot_1006_02218","CID4535","Cancer Epithelial","CID4535_AGAGCGAGTGTTTGTG"
"boot_1006_02219","CID4535","Cancer Epithelial","CID4535_TGCCAAATCCTTTCGG"
"boot_1006_02220","CID4535","Cancer Epithelial","CID4535_TCGAGGCGTATATGAG"
"boot_1006_02221","CID4535","Cancer Epithelial","CID4535_GTCATTTCATCCGCGA"
"boot_1006_02222","CID4535","Cancer Epithelial","CID4535_ACACTGAGTCGACTAT"
"boot_1006_02223","CID4535","Cancer Epithelial","CID4535_GAGTCCGCAATAACGA"
"boot_1006_02224","CID4535","Cancer Epithelial","CID4535_CTCGAAATCTCAAACG"
"boot_1006_02225","CID4535","Cancer Epithelial","CID4535_TGGGCGTCAATAAGCA"
"boot_1006_02226","CID4535","Cancer Epithelial","CID4535_TGTTCCGTCAACGGCC"
"boot_1006_02227","CID4535","Cancer Epithelial","CID4535_TTAACTCGTCGTTGTA"
"boot_1006_02228","CID4535","Cancer Epithelial","CID4535_TGGACGCTCCGCGGTA"
"boot_1006_02229","CID4535","Cancer Epithelial","CID4535_GAATGAATCAGCACAT"
"boot_1006_02230","CID4535","Cancer Epithelial","CID4535_GTCCTCACAGTATAAG"
"boot_1006_02231","CID4535","Cancer Epithelial","CID4535_CCGGTAGCACTCGACG"
"boot_1006_02232","CID4535","Cancer Epithelial","CID4535_CCAATCCAGAGCTATA"
"boot_1006_02233","CID4535","Cancer Epithelial","CID4535_GCGCAGTCAAAGTCAA"
"boot_1006_02234","CID4535","Cancer Epithelial","CID4535_AACCATGGTGTAAGTA"
"boot_1006_02235","CID4535","Cancer Epithelial","CID4535_GATGCTAGTGCATCTA"
"boot_1006_02236","CID4535","Cancer Epithelial","CID4535_AGGCCGTTCGGCCGAT"
"boot_1006_02237","CID4535","Cancer Epithelial","CID4535_CCCAGTTCAGCCAGAA"
"boot_1006_02238","CID4535","Cancer Epithelial","CID4535_GTACTTTCATTCACTT"
"boot_1006_02239","CID4535","Cancer Epithelial","CID4535_ACGGCCAAGTGAATTG"
"boot_1006_02240","CID4535","Cancer Epithelial","CID4535_TCACGAATCTGCGTAA"
"boot_1006_02241","CID4535","Cancer Epithelial","CID4535_TCTATTGAGCGAAGGG"
"boot_1006_02242","CID4535","Cancer Epithelial","CID4535_TACTTGTAGACAGGCT"
"boot_1006_02243","CID4535","Cancer Epithelial","CID4535_CAAGTTGGTATCACCA"
"boot_1006_02244","CID4535","Cancer Epithelial","CID4535_ACGAGCCAGTGGGATC"
"boot_1006_02245","CID4535","Cancer Epithelial","CID4535_GCTTCCAAGATCTGCT"
"boot_1006_02246","CID4535","Cancer Epithelial","CID4535_CGCGGTATCCTCATTA"
"boot_1006_02247","CID4535","Cancer Epithelial","CID4535_TGGACGCTCCGCGGTA"
"boot_1006_02248","CID4535","Cancer Epithelial","CID4535_GTGGGTCCAGCGTTCG"
"boot_1006_02249","CID4535","Cancer Epithelial","CID4535_TTCGAAGGTGTGCCTG"
"boot_1006_02250","CID4535","Cancer Epithelial","CID4535_AGCGTCGCAGTATAAG"
"boot_1006_02251","CID4535","Cancer Epithelial","CID4535_CTAAGACAGAACTGTA"
"boot_1006_02252","CID4535","Cancer Epithelial","CID4535_CGTTCTGGTAGCTTGT"
"boot_1006_02253","CID4535","Cancer Epithelial","CID4535_TCTATTGCAAGCCATT"
"boot_1006_02254","CID4535","Cancer Epithelial","CID4535_GGACGTCAGACTGGGT"
"boot_1006_02255","CID4535","Cancer Epithelial","CID4535_CGGACGTCACACATGT"
"boot_1006_02256","CID4535","Cancer Epithelial","CID4535_AAGCCGCAGGTAAACT"
"boot_1006_02257","CID4535","Cancer Epithelial","CID4535_GGCAATTTCGTTTAGG"
"boot_1006_02258","CID4535","Cancer Epithelial","CID4535_ATTGGTGAGAGTAATC"
"boot_1006_02259","CID4535","Cancer Epithelial","CID4535_CCTTTCTTCCAAACAC"
"boot_1006_02260","CID4535","Cancer Epithelial","CID4535_GTTCATTTCTAAGCCA"
"boot_1006_02261","CID4535","Cancer Epithelial","CID4535_AATCCAGTCACGATGT"
"boot_1006_02262","CID4535","Cancer Epithelial","CID4535_GGAAAGCAGGTGATTA"
"boot_1006_02263","CID4535","Cancer Epithelial","CID4535_TCTCTAAGTAGGCATG"
"boot_1006_02264","CID4535","Cancer Epithelial","CID4535_GTCTTCGTCGAATCCA"
"boot_1006_02265","CID4535","Cancer Epithelial","CID4535_CATCCACTCACCAGGC"
"boot_1006_02266","CID4535","Cancer Epithelial","CID4535_GGCAATTCATTCACTT"
"boot_1006_02267","CID4535","Cancer Epithelial","CID4535_GGGCACTGTCTGGTCG"
"boot_1006_02268","CID4535","Cancer Epithelial","CID4535_TGTCCCACATGTCTCC"
"boot_1006_02269","CID4535","Cancer Epithelial","CID4535_CCCATACGTAGCGTAG"
"boot_1006_02270","CID4535","Cancer Epithelial","CID4535_CGTGTCTAGTGTACCT"
"boot_1006_02271","CID4535","Cancer Epithelial","CID4535_TAAACCGAGGATTCGG"
"boot_1006_02272","CID4535","Cancer Epithelial","CID4535_ATGCGATGTCTAAACC"
"boot_1006_02273","CID4535","Cancer Epithelial","CID4535_GTTTCTATCCGTAGTA"
"boot_1006_02274","CID4535","Cancer Epithelial","CID4535_GCTGGGTAGACACGAC"
"boot_1006_02275","CID4535","Cancer Epithelial","CID4535_GTGCATATCATGCTCC"
"boot_1006_02276","CID4535","Cancer Epithelial","CID4535_CTGTGCTTCGTAGGTT"
"boot_1006_02277","CID4535","Cancer Epithelial","CID4535_AGAGTGGGTAGGAGTC"
"boot_1006_02278","CID4535","Cancer Epithelial","CID4535_CTGTTTAAGTGTCCCG"
"boot_1006_02279","CID4535","Cancer Epithelial","CID4535_CGGAGTCAGATGTGTA"
"boot_1006_02280","CID4535","Cancer Epithelial","CID4535_TCAATCTCACCTCGGA"
"boot_1006_02281","CID4535","Cancer Epithelial","CID4535_TCTGGAAAGTATCTCG"
"boot_1006_02282","CID4535","Cancer Epithelial","CID4535_TGAGGGAAGCGATATA"
"boot_1006_02283","CID4535","Cancer Epithelial","CID4535_GCTGCAGCACGGTAGA"
"boot_1006_02284","CID4535","Cancer Epithelial","CID4535_ACATGGTCAGACGCAA"
"boot_1006_02285","CID4535","Cancer Epithelial","CID4535_CATATTCAGGATGCGT"
"boot_1006_02286","CID4535","Cancer Epithelial","CID4535_GCGACCATCGCCAGCA"
"boot_1006_02287","CID4535","Cancer Epithelial","CID4535_CATATGGAGGGTTCCC"
"boot_1006_02288","CID4535","Cancer Epithelial","CID4535_CTAATGGAGGGCACTA"
"boot_1006_02289","CID4535","Cancer Epithelial","CID4535_ATAACGCGTACAGTTC"
"boot_1006_02290","CID4535","Cancer Epithelial","CID4535_ACTGTCCCAGTAGAGC"
"boot_1006_02291","CID4535","Cancer Epithelial","CID4535_CCCTCCTGTGCTGTAT"
"boot_1006_02292","CID4535","Cancer Epithelial","CID4535_ACCGTAACATGTTGAC"
"boot_1006_02293","CID4535","Cancer Epithelial","CID4535_TGGACGCGTACCGAGA"
"boot_1006_02294","CID4535","Cancer Epithelial","CID4535_ATTACTCGTAAGTGGC"
"boot_1006_02295","CID4535","Cancer Epithelial","CID4535_GTATTCTGTTCCACAA"
"boot_1006_02296","CID4535","Cancer Epithelial","CID4535_CTAGCCTGTACATCCA"
"boot_1006_02297","CID4535","Cancer Epithelial","CID4535_ACTTACTCAGGGAGAG"
"boot_1006_02298","CID4535","Cancer Epithelial","CID4535_GATGAGGGTAGAAAGG"
"boot_1006_02299","CID4535","Cancer Epithelial","CID4535_GCGCAGTGTGCACGAA"
"boot_1006_02300","CID4535","Cancer Epithelial","CID4535_CTGTGCTCATACGCTA"
"boot_1006_02301","CID4535","Cancer Epithelial","CID4535_GCGCAGTTCGGCGCAT"
"boot_1006_02302","CID4535","Cancer Epithelial","CID4535_TTCCCAGGTTGCGTTA"
"boot_1006_02303","CID4535","Cancer Epithelial","CID4535_GTACGTAAGTCAAGCG"
"boot_1006_02304","CID4535","Cancer Epithelial","CID4535_CGGGTCAGTATTACCG"
"boot_1006_02305","CID4535","Cancer Epithelial","CID4535_AAGTCTGCAGCATGAG"
"boot_1006_02306","CID4535","Cancer Epithelial","CID4535_TGACTAGGTTGGACCC"
"boot_1006_02307","CID4535","Cancer Epithelial","CID4535_TACGGATGTAGCGTCC"
"boot_1006_02308","CID4535","Cancer Epithelial","CID4535_GCAGCCAGTTTAGCTG"
"boot_1006_02309","CID4535","Cancer Epithelial","CID4535_ATCATGGAGCTCCTCT"
"boot_1006_02310","CID4535","Cancer Epithelial","CID4535_CCTTTCTTCCAAACAC"
"boot_1006_02311","CID4535","Cancer Epithelial","CID4535_GTGCGGTCATCTATGG"
"boot_1006_02312","CID4535","Cancer Epithelial","CID4535_ATGAGGGGTATCAGTC"
"boot_1006_02313","CID4535","Cancer Epithelial","CID4535_TACGGGCAGAGTCTGG"
"boot_1006_02314","CID4535","Cancer Epithelial","CID4535_ACGATACGTGATAAGT"
"boot_1006_02315","CID4535","Cancer Epithelial","CID4535_TGCGGGTCAAGACACG"
"boot_1006_02316","CID4535","Cancer Epithelial","CID4535_CACAGTACACAAGCCC"
"boot_1006_02317","CID4535","Cancer Epithelial","CID4535_GACCAATTCTCGTATT"
"boot_1006_02318","CID4535","Cancer Epithelial","CID4535_ACTTACTCAGGGAGAG"
"boot_1006_02319","CID4535","Cancer Epithelial","CID4535_CAGCGACTCGGTGTCG"
"boot_1006_02320","CID4535","Cancer Epithelial","CID4535_AGGGTGAGTCCGTTAA"
"boot_1006_02321","CID4535","Cancer Epithelial","CID4535_TCACGAAAGGTACTCT"
"boot_1006_02322","CID4535","Cancer Epithelial","CID4535_TGCTACCCACCAGATT"
"boot_1006_02323","CID4535","Cancer Epithelial","CID4535_ATAACGCAGGTCATCT"
"boot_1006_02324","CID4535","Cancer Epithelial","CID4535_AAAGTAGGTTTGTTGG"
"boot_1006_02325","CID4535","Cancer Epithelial","CID4535_TGCTACCCACCAGATT"
"boot_1006_02326","CID4535","Cancer Epithelial","CID4535_TAAGAGAAGACAAAGG"
"boot_1006_02327","CID4535","Cancer Epithelial","CID4535_ATGAGGGTCCTCGCAT"
"boot_1006_02328","CID4535","Cancer Epithelial","CID4535_TGCCAAACAGGGCATA"
"boot_1006_02329","CID4535","Cancer Epithelial","CID4535_ACCCACTTCGGAAATA"
"boot_1006_02330","CID4535","Cancer Epithelial","CID4535_TGTATTCTCGAATGCT"
"boot_1006_02331","CID4535","Cancer Epithelial","CID4535_ATTATCCGTACGAAAT"
"boot_1006_02332","CID4535","Cancer Epithelial","CID4535_TCGGTAATCTACTCAT"
"boot_1006_02333","CID4535","Cancer Epithelial","CID4535_TCGGTAATCTGCAGTA"
"boot_1006_02334","CID4535","Cancer Epithelial","CID4535_CTGCTGTGTTCTGAAC"
"boot_1006_02335","CID4535","Cancer Epithelial","CID4535_CAGCTGGAGGGTTTCT"
"boot_1006_02336","CID4535","Cancer Epithelial","CID4535_GCAATCAAGCACGCCT"
"boot_1006_02337","CID4535","Cancer Epithelial","CID4535_CGCCAAGGTGCCTTGG"
"boot_1006_02338","CID4535","Cancer Epithelial","CID4535_TTTCCTCAGGCAGTCA"
"boot_1006_02339","CID4535","Cancer Epithelial","CID4535_ACATGGTGTTGAACTC"
"boot_1006_02340","CID4535","Cancer Epithelial","CID4535_CGTCTACCACCTTGTC"
"boot_1006_02341","CID4535","Cancer Epithelial","CID4535_CTTAACTCAAGTAATG"
"boot_1006_02342","CID4535","Cancer Epithelial","CID4535_CGAGCCACAGGCTGAA"
"boot_1006_02343","CID4535","Cancer Epithelial","CID4535_GTACTTTCATTCACTT"
"boot_1006_02344","CID4535","Cancer Epithelial","CID4535_CAGCGACAGTCCTCCT"
"boot_1006_02345","CID4535","Cancer Epithelial","CID4535_TCGCGTTAGCGTGTCC"
"boot_1006_02346","CID4535","Cancer Epithelial","CID4535_ACTTACTGTCATGCAT"
"boot_1006_02347","CID4535","Cancer Epithelial","CID4535_AGGCCGTGTCTGCCAG"
"boot_1006_02348","CID4535","Cancer Epithelial","CID4535_CACAGGCGTCTGGTCG"
"boot_1006_02349","CID4535","Cancer Epithelial","CID4535_CCAGCGAAGGAACTGC"
"boot_1006_02350","CID4535","Cancer Epithelial","CID4535_CTGTGCTTCGTAGGTT"
"boot_1006_02351","CID4535","Cancer Epithelial","CID4535_TTGACTTTCCGCATAA"
"boot_1006_02352","CID4535","Cancer Epithelial","CID4535_GCTGGGTTCAAACCGT"
"boot_1006_02353","CID4535","Cancer Epithelial","CID4535_GTCGTAAGTACAGCAG"
"boot_1006_02354","CID4535","Cancer Epithelial","CID4535_TCAGCAAAGAAACCGC"
"boot_1006_02355","CID4535","Cancer Epithelial","CID4535_CGTTAGATCTGCAGTA"
"boot_1006_02356","CID4535","Cancer Epithelial","CID4535_AACTCCCCATTCGACA"
"boot_1006_02357","CID4535","Cancer Epithelial","CID4535_TCAATCTCACCTCGGA"
"boot_1006_02358","CID4535","Cancer Epithelial","CID4535_CATGACATCTTACCGC"
"boot_1006_02359","CID4535","Cancer Epithelial","CID4535_CACATTTGTCAACTGT"
"boot_1006_02360","CID4535","Cancer Epithelial","CID4535_ACATCAGCAATGCCAT"
"boot_1006_02361","CID4535","Cancer Epithelial","CID4535_GTACGTACAGCGTTCG"
"boot_1006_02362","CID4535","Cancer Epithelial","CID4535_GGTGCGTCACCGATAT"
"boot_1006_02363","CID4535","Cancer Epithelial","CID4535_CAAGTTGAGAGACTAT"
"boot_1006_02364","CID4535","Cancer Epithelial","CID4535_CATCGAATCTCGCATC"
"boot_1006_02365","CID4535","Cancer Epithelial","CID4535_ATTACTCTCTTTACAC"
"boot_1006_02366","CID4535","Cancer Epithelial","CID4535_AGGGAGTCATATACGC"
"boot_1006_02367","CID4535","Cancer Epithelial","CID4535_GGTATTGAGCAAATCA"
"boot_1006_02368","CID4535","Cancer Epithelial","CID4535_TATTACCAGGGAGTAA"
"boot_1006_02369","CID4535","Cancer Epithelial","CID4535_GACGCGTCATGTCCTC"
"boot_1006_02370","CID4535","Cancer Epithelial","CID4535_GCAGCCACATGCGCAC"
"boot_1006_02371","CID4535","Cancer Epithelial","CID4535_CTGTTTAAGTGCGATG"
"boot_1006_02372","CID4535","Cancer Epithelial","CID4535_CAGAATCCATTGAGCT"
"boot_1006_02373","CID4535","Cancer Epithelial","CID4535_CGGAGTCAGATGTGTA"
"boot_1006_02374","CID4535","Cancer Epithelial","CID4535_GTCGGGTGTAGAAAGG"
"boot_1006_02375","CID4535","Cancer Epithelial","CID4535_CAAGGCCTCTGGTTCC"
"boot_1006_02376","CID4535","Cancer Epithelial","CID4535_CGTTCTGCAATAGCAA"
"boot_1006_02377","CID4535","Cancer Epithelial","CID4535_AACTTTCCATTCGACA"
"boot_1006_02378","CID4535","Cancer Epithelial","CID4535_CTCGTCATCGCCATAA"
"boot_1006_02379","CID4535","Cancer Epithelial","CID4535_CACAAACCAGATTGCT"
"boot_1006_02380","CID4535","Cancer Epithelial","CID4535_TAAGTGCTCTCAACTT"
"boot_1006_02381","CID4535","Cancer Epithelial","CID4535_AGCTCCTGTACCAGTT"
"boot_1006_02382","CID4535","Cycling T-cells","CID4535_GGTGCGTAGCGGATCA"
"boot_1006_02383","CID4535","Cycling T-cells","CID4535_GGTGCGTAGCGGATCA"
"boot_1006_02384","CID4535","Cycling T-cells","CID4535_ACTTACTGTCCAAGTT"
"boot_1006_02385","CID4535","Cycling T-cells","CID4535_AGTGGGACATTCCTGC"
"boot_1006_02386","CID4535","Cycling T-cells","CID4535_AGTGGGACATTCCTGC"
"boot_1006_02387","CID4535","Cycling T-cells","CID4535_GGTGCGTTCCTTCAAT"
"boot_1006_02388","CID4535","Cycling T-cells","CID4535_ACCAGTAGTTCCCGAG"
"boot_1006_02389","CID4535","Cycling T-cells","CID4535_GGTGCGTTCCTTCAAT"
"boot_1006_02390","CID4535","Cycling T-cells","CID4535_GGTGCGTTCCTTCAAT"
"boot_1006_02391","CID4535","Cycling T-cells","CID4535_GAACGGATCAAACAAG"
"boot_1006_02392","CID4535","Cycling T-cells","CID4535_CCTAGCTCACTGAAGG"
"boot_1006_02393","CID4535","Cycling T-cells","CID4535_CATCCACAGGCATGTG"
"boot_1006_02394","CID4535","Cycling T-cells","CID4535_ACAGCCGGTTCGAATC"
"boot_1006_02395","CID4535","Cycling T-cells","CID4535_TTTCCTCGTCAGCTAT"
"boot_1006_02396","CID4535","Cycling T-cells","CID4535_AGAGTGGAGTCGAGTG"
"boot_1006_02397","CID4535","Cycling T-cells","CID4535_GGTGCGTTCCTTCAAT"
"boot_1006_02398","CID4535","Cycling T-cells","CID4535_CATCCACAGGCATGTG"
"boot_1006_02399","CID4535","Cycling T-cells","CID4535_TCAGGTATCGCGGATC"
"boot_1006_02400","CID4535","Cycling T-cells","CID4535_ACTTACTGTCGCGGTT"
"boot_1006_02401","CID4535","Endothelial","CID4535_GAATAAGTCAGGCCCA"
"boot_1006_02402","CID4535","Endothelial","CID4535_CGGAGTCGTTGTACAC"
"boot_1006_02403","CID4535","Endothelial","CID4535_AGACGTTCATGCCTTC"
"boot_1006_02404","CID4535","Endothelial","CID4535_CTAAGACAGAGGTACC"
"boot_1006_02405","CID4535","Endothelial","CID4535_TTGAACGTCACATGCA"
"boot_1006_02406","CID4535","Endothelial","CID4535_TCACAAGTCTTGTATC"
"boot_1006_02407","CID4535","Endothelial","CID4535_AACTTTCCAGTAAGCG"
"boot_1006_02408","CID4535","Endothelial","CID4535_CCTATTAAGCGTCTAT"
"boot_1006_02409","CID4535","Endothelial","CID4535_AAGGAGCCAAGCCGTC"
"boot_1006_02410","CID4535","Endothelial","CID4535_CTTAGGAAGTGGCACA"
"boot_1006_02411","CID4535","Endothelial","CID4535_CTGGTCTAGACGACGT"
"boot_1006_02412","CID4535","Endothelial","CID4535_CTTCTCTGTCCGAGTC"
"boot_1006_02413","CID4535","Endothelial","CID4535_GTCGTAAGTCTGCCAG"
"boot_1006_02414","CID4535","Endothelial","CID4535_GCCAAATGTAGCGTCC"
"boot_1006_02415","CID4535","Endothelial","CID4535_TGGACGCAGCACCGCT"
"boot_1006_02416","CID4535","Endothelial","CID4535_ACGGCCATCCAGGGCT"
"boot_1006_02417","CID4535","Endothelial","CID4535_CGGAGTCGTTGTACAC"
"boot_1006_02418","CID4535","Endothelial","CID4535_GTCTTCGAGTGGGCTA"
"boot_1006_02419","CID4535","Endothelial","CID4535_TTAGGCAAGTGTACGG"
"boot_1006_02420","CID4535","Endothelial","CID4535_TTCTTAGCATGCCTTC"
"boot_1006_02421","CID4535","Endothelial","CID4535_TTCTTAGCATGCCTTC"
"boot_1006_02422","CID4535","Endothelial","CID4535_AGCTCTCAGGACACCA"
"boot_1006_02423","CID4535","Endothelial","CID4535_CAGATCAGTTACGTCA"
"boot_1006_02424","CID4535","Endothelial","CID4535_AACCATGAGCGATCCC"
"boot_1006_02425","CID4535","Endothelial","CID4535_TCAGATGTCCGAATGT"
"boot_1006_02426","CID4535","Endothelial","CID4535_AGACGTTCATGCCTTC"
"boot_1006_02427","CID4535","Endothelial","CID4535_TCTCTAATCACTTCAT"
"boot_1006_02428","CID4535","Endothelial","CID4535_AGTAGTCTCATTGCGA"
"boot_1006_02429","CID4535","Endothelial","CID4535_TTTACTGTCTCCGGTT"
"boot_1006_02430","CID4535","Endothelial","CID4535_GACTAACAGGTAAACT"
"boot_1006_02431","CID4535","Endothelial","CID4535_CGAATGTAGCCACCTG"
"boot_1006_02432","CID4535","Endothelial","CID4535_GCTCCTATCCCTTGCA"
"boot_1006_02433","CID4535","Endothelial","CID4535_CCACCTATCACTGGGC"
"boot_1006_02434","CID4535","Endothelial","CID4535_AACTTTCAGCGATAGC"
"boot_1006_02435","CID4535","Endothelial","CID4535_ATTACTCTCCAGAGGA"
"boot_1006_02436","CID4535","Endothelial","CID4535_CCATTCGTCCAGTATG"
"boot_1006_02437","CID4535","Endothelial","CID4535_GGCTGGTTCTTGAGAC"
"boot_1006_02438","CID4535","Endothelial","CID4535_TGCACCTCAGCGATCC"
"boot_1006_02439","CID4535","Endothelial","CID4535_AGAGCTTAGGGCACTA"
"boot_1006_02440","CID4535","Endothelial","CID4535_GACTACAGTGTTAAGA"
"boot_1006_02441","CID4535","Endothelial","CID4535_GATCGATGTGAAAGAG"
"boot_1006_02442","CID4535","Endothelial","CID4535_TACTCATGTAGGGACT"
"boot_1006_02443","CID4535","Endothelial","CID4535_ATCCGAACACCATGTA"
"boot_1006_02444","CID4535","Endothelial","CID4535_ATCATGGGTGATGTCT"
"boot_1006_02445","CID4535","Endothelial","CID4535_TACTCGCGTCTGATTG"
"boot_1006_02446","CID4535","Endothelial","CID4535_CCATTCGTCTGTGCAA"
"boot_1006_02447","CID4535","Endothelial","CID4535_ATCATGGCATGCAACT"
"boot_1006_02448","CID4535","Endothelial","CID4535_GTCTTCGTCTTATCTG"
"boot_1006_02449","CID4535","Endothelial","CID4535_GGTATTGAGTCAAGGC"
"boot_1006_02450","CID4535","Endothelial","CID4535_TGCACCTCAGCGATCC"
"boot_1006_02451","CID4535","Endothelial","CID4535_CTAGTGACAGCTGTGC"
"boot_1006_02452","CID4535","Endothelial","CID4535_GACCTGGGTCGCGTGT"
"boot_1006_02453","CID4535","Endothelial","CID4535_CGGGTCAGTAGATTAG"
"boot_1006_02454","CID4535","Endothelial","CID4535_CGTCCATGTAAATACG"
"boot_1006_02455","CID4535","Endothelial","CID4535_GCTCCTATCCCTTGCA"
"boot_1006_02456","CID4535","Endothelial","CID4535_TATGCCCAGTGTACGG"
"boot_1006_02457","CID4535","Endothelial","CID4535_CGGACTGAGCGATTCT"
"boot_1006_02458","CID4535","Endothelial","CID4535_GCTTGAACATCTGGTA"
"boot_1006_02459","CID4535","Endothelial","CID4535_ATCATGGCATGCAACT"
"boot_1006_02460","CID4535","Endothelial","CID4535_CGCCAAGGTCTAGTCA"
"boot_1006_02461","CID4535","Endothelial","CID4535_GGCGTGTCATAAAGGT"
"boot_1006_02462","CID4535","Endothelial","CID4535_AACTTTCAGCGATAGC"
"boot_1006_02463","CID4535","Endothelial","CID4535_CTCCTAGGTGTTTGGT"
"boot_1006_02464","CID4535","Endothelial","CID4535_GCCTCTATCGCAAACT"
"boot_1006_02465","CID4535","Endothelial","CID4535_GGGAATGTCGGAAACG"
"boot_1006_02466","CID4535","Endothelial","CID4535_GCATACAAGAATCTCC"
"boot_1006_02467","CID4535","Endothelial","CID4535_TGAGCATGTATATCCG"
"boot_1006_02468","CID4535","Endothelial","CID4535_CCGTACTAGACAGACC"
"boot_1006_02469","CID4535","Endothelial","CID4535_AACCATGCACTGCCAG"
"boot_1006_02470","CID4535","Endothelial","CID4535_CCGTACTAGACAGACC"
"boot_1006_02471","CID4535","Endothelial","CID4535_ACCCACTTCTCTTATG"
"boot_1006_02472","CID4535","Endothelial","CID4535_GTCACAATCTCGGACG"
"boot_1006_02473","CID4535","Endothelial","CID4535_GATTCAGTCCTAGGGC"
"boot_1006_02474","CID4535","Endothelial","CID4535_ATTACTCTCCAGTATG"
"boot_1006_02475","CID4535","Endothelial","CID4535_TTTGTCACATTCCTCG"
"boot_1006_02476","CID4535","Endothelial","CID4535_GCCTCTATCGCAAACT"
"boot_1006_02477","CID4535","Endothelial","CID4535_TCTCTAAGTGCAGTAG"
"boot_1006_02478","CID4535","Endothelial","CID4535_TATGCCCAGTGTACGG"
"boot_1006_02479","CID4535","Endothelial","CID4535_ACTTTCACACATGTGT"
"boot_1006_02480","CID4535","Endothelial","CID4535_CTACATTCATAGTAAG"
"boot_1006_02481","CID4535","Endothelial","CID4535_CTGTTTAGTAGCACGA"
"boot_1006_02482","CID4535","Endothelial","CID4535_CACACAAAGAAACGAG"
"boot_1006_02483","CID4535","Endothelial","CID4535_CTAGAGTGTCCGAACC"
"boot_1006_02484","CID4535","Endothelial","CID4535_CGCTATCCAAAGAATC"
"boot_1006_02485","CID4535","Endothelial","CID4535_CACAGGCCAGCCTGTG"
"boot_1006_02486","CID4535","Endothelial","CID4535_ACGATGTTCGACCAGC"
"boot_1006_02487","CID4535","Endothelial","CID4535_TGCGGGTTCCTTGACC"
"boot_1006_02488","CID4535","Endothelial","CID4535_CTTAACTTCACAAACC"
"boot_1006_02489","CID4535","Endothelial","CID4535_CTCACACGTTCCCTTG"
"boot_1006_02490","CID4535","Endothelial","CID4535_GACCTGGGTCGCGTGT"
"boot_1006_02491","CID4535","Endothelial","CID4535_TGCACCTCAGCGATCC"
"boot_1006_02492","CID4535","Endothelial","CID4535_AGTAGTCGTCTCAACA"
"boot_1006_02493","CID4535","Endothelial","CID4535_AAACCTGTCGCGGATC"
"boot_1006_02494","CID4535","Endothelial","CID4535_AGACGTTCATGCCTTC"
"boot_1006_02495","CID4535","Endothelial","CID4535_TGCACCTCAGCGATCC"
"boot_1006_02496","CID4535","Endothelial","CID4535_ACTGCTCGTCCATCCT"
"boot_1006_02497","CID4535","Endothelial","CID4535_GGTATTGAGTCAAGGC"
"boot_1006_02498","CID4535","Endothelial","CID4535_CGTAGCGCACGTAAGG"
"boot_1006_02499","CID4535","Endothelial","CID4535_GACTACATCTCATTCA"
"boot_1006_02500","CID4535","Endothelial","CID4535_GTAGGCCAGGTGCTAG"
"boot_1006_02501","CID4535","Endothelial","CID4535_GGCTGGTTCTTGAGAC"
"boot_1006_02502","CID4535","Endothelial","CID4535_ATCACGAAGAGCTGCA"
"boot_1006_02503","CID4535","Endothelial","CID4535_TACTCATCAGCGTAAG"
"boot_1006_02504","CID4535","Endothelial","CID4535_CCTTACGAGGTGCTTT"
"boot_1006_02505","CID4535","Endothelial","CID4535_TGGACGCAGCACCGCT"
"boot_1006_02506","CID4535","Endothelial","CID4535_GCGCCAATCGACCAGC"
"boot_1006_02507","CID4535","Endothelial","CID4535_TTGAACGTCACATGCA"
"boot_1006_02508","CID4535","Endothelial","CID4535_AGGTCATAGAGATGAG"
"boot_1006_02509","CID4535","Endothelial","CID4535_AACTTTCCAGTAAGCG"
"boot_1006_02510","CID4535","Endothelial","CID4535_GCACATAAGGGCATGT"
"boot_1006_02511","CID4535","Endothelial","CID4535_CCACCTATCACTGGGC"
"boot_1006_02512","CID4535","Endothelial","CID4535_GTTCTCGTCGTATCAG"
"boot_1006_02513","CID4535","Endothelial","CID4535_AACCATGCACTGCCAG"
"boot_1006_02514","CID4535","Endothelial","CID4535_TGACAACAGTCGTTTG"
"boot_1006_02515","CID4535","Endothelial","CID4535_ACGGCCATCCAGGGCT"
"boot_1006_02516","CID4535","Endothelial","CID4535_CGAGCCAAGGCTATCT"
"boot_1006_02517","CID4535","Endothelial","CID4535_TACTCATCAGCGTAAG"
"boot_1006_02518","CID4535","Endothelial","CID4535_CGCCAAGGTCTAGTCA"
"boot_1006_02519","CID4535","Endothelial","CID4535_CTTCTCTGTCCGAGTC"
"boot_1006_02520","CID4535","Endothelial","CID4535_TCGTAGAGTCTGGAGA"
"boot_1006_02521","CID4535","Endothelial","CID4535_AGTGAGGGTGGGTCAA"
"boot_1006_02522","CID4535","Endothelial","CID4535_TTGAACGTCACATGCA"
"boot_1006_02523","CID4535","Endothelial","CID4535_AAAGCAAGTCCCGACA"
"boot_1006_02524","CID4535","Endothelial","CID4535_ACTGCTCGTCCATCCT"
"boot_1006_02525","CID4535","Endothelial","CID4535_CACCAGGCAAGACACG"
"boot_1006_02526","CID4535","Endothelial","CID4535_AGTAGTCTCATTGCGA"
"boot_1006_02527","CID4535","Endothelial","CID4535_TAGAGCTAGCTAGTTC"
"boot_1006_02528","CID4535","Endothelial","CID4535_CTTAACTTCACAAACC"
"boot_1006_02529","CID4535","Endothelial","CID4535_CAACTAGGTTCAGCGC"
"boot_1006_02530","CID4535","Endothelial","CID4535_CAGTAACTCATCTGTT"
"boot_1006_02531","CID4535","Endothelial","CID4535_TCACAAGTCTTGTATC"
"boot_1006_02532","CID4535","Endothelial","CID4535_GGCTGGTCACTACAGT"
"boot_1006_02533","CID4535","Endothelial","CID4535_CCATGTCGTCATACTG"
"boot_1006_02534","CID4535","Endothelial","CID4535_AGCAGCCGTTGGTTTG"
"boot_1006_02535","CID4535","Endothelial","CID4535_GCACATAAGGGCATGT"
"boot_1006_02536","CID4535","Endothelial","CID4535_GTAGGCCAGGTGCTAG"
"boot_1006_02537","CID4535","Endothelial","CID4535_CAGCTGGAGAACTCGG"
"boot_1006_02538","CID4535","Endothelial","CID4535_TTTACTGTCTCCGGTT"
"boot_1006_02539","CID4535","Endothelial","CID4535_TGACAACAGTCGTTTG"
"boot_1006_02540","CID4535","Endothelial","CID4535_AACTTTCAGCGATAGC"
"boot_1006_02541","CID4535","Endothelial","CID4535_CTGGTCTAGACGACGT"
"boot_1006_02542","CID4535","Endothelial","CID4535_CTCGGAGTCCGTAGGC"
"boot_1006_02543","CID4535","Endothelial","CID4535_AGATCTGTCTGCAGTA"
"boot_1006_02544","CID4535","Endothelial","CID4535_CTTAACTTCACAAACC"
"boot_1006_02545","CID4535","Endothelial","CID4535_AACTCAGCACCAACCG"
"boot_1006_02546","CID4535","Endothelial","CID4535_AGTCTTTCAAAGTGCG"
"boot_1006_02547","CID4535","Endothelial","CID4535_GCTTCCACAGCTCGAC"
"boot_1006_02548","CID4535","Endothelial","CID4535_ATTACTCTCCAGAGGA"
"boot_1006_02549","CID4535","Endothelial","CID4535_GTCGGGTTCAACCAAC"
"boot_1006_02550","CID4535","Endothelial","CID4535_CGGAGTCTCCTGTAGA"
"boot_1006_02551","CID4535","Endothelial","CID4535_TCACGAACAATGAATG"
"boot_1006_02552","CID4535","Endothelial","CID4535_GGCTGGTTCTTGAGAC"
"boot_1006_02553","CID4535","Endothelial","CID4535_CTTCTCTGTCCGAGTC"
"boot_1006_02554","CID4535","Endothelial","CID4535_GACTAACAGGTAAACT"
"boot_1006_02555","CID4535","Endothelial","CID4535_CATGCCTCACAAGTAA"
"boot_1006_02556","CID4535","Endothelial","CID4535_CGCGTTTTCCGGGTGT"
"boot_1006_02557","CID4535","Endothelial","CID4535_GTCATTTCAGAGTGTG"
"boot_1006_02558","CID4535","Endothelial","CID4535_GTCATTTCATTGCGGC"
"boot_1006_02559","CID4535","Endothelial","CID4535_ATCATGGCATGCAACT"
"boot_1006_02560","CID4535","Endothelial","CID4535_CACACAAAGAAACGAG"
"boot_1006_02561","CID4535","Endothelial","CID4535_GCCTCTATCTCGTATT"
"boot_1006_02562","CID4535","Endothelial","CID4535_AGTAGTCTCATTGCGA"
"boot_1006_02563","CID4535","Endothelial","CID4535_AACCATGCACTGCCAG"
"boot_1006_02564","CID4535","Endothelial","CID4535_CCACCTATCACTGGGC"
"boot_1006_02565","CID4535","Endothelial","CID4535_GAACATCCACAAGTAA"
"boot_1006_02566","CID4535","Endothelial","CID4535_GTCACAATCTCGGACG"
"boot_1006_02567","CID4535","Endothelial","CID4535_TTAGGCAGTCAGATAA"
"boot_1006_02568","CID4535","Endothelial","CID4535_CAGATCAGTTACGTCA"
"boot_1006_02569","CID4535","Endothelial","CID4535_CTCGGAGTCCGTAGGC"
"boot_1006_02570","CID4535","Endothelial","CID4535_AACCATGGTCTAGTCA"
"boot_1006_02571","CID4535","Endothelial","CID4535_GATCAGTAGCGAAGGG"
"boot_1006_02572","CID4535","Endothelial","CID4535_AGCTTGATCCTAGGGC"
"boot_1006_02573","CID4535","Endothelial","CID4535_CATATGGCAGTATCTG"
"boot_1006_02574","CID4535","Endothelial","CID4535_ACACCAACATCACCCT"
"boot_1006_02575","CID4535","Endothelial","CID4535_ACGAGGAAGTACCGGA"
"boot_1006_02576","CID4535","Endothelial","CID4535_AACTTTCCAGTAAGCG"
"boot_1006_02577","CID4535","Endothelial","CID4535_CTCGTACCAAGCTGTT"
"boot_1006_02578","CID4535","Endothelial","CID4535_GCATACAAGAATCTCC"
"boot_1006_02579","CID4535","Endothelial","CID4535_GTCATTTCAGAGTGTG"
"boot_1006_02580","CID4535","Endothelial","CID4535_TTGTAGGCAGCTGGCT"
"boot_1006_02581","CID4535","Endothelial","CID4535_GAACATCGTAGTAGTA"
"boot_1006_02582","CID4535","Endothelial","CID4535_GCATACAAGAATCTCC"
"boot_1006_02583","CID4535","Endothelial","CID4535_GACGTTAAGTGGACGT"
"boot_1006_02584","CID4535","Endothelial","CID4535_TGCGGGTTCCTTGACC"
"boot_1006_02585","CID4535","Endothelial","CID4535_AGCTTGATCCTAGGGC"
"boot_1006_02586","CID4535","Endothelial","CID4535_CACAGGCCAGCCTGTG"
"boot_1006_02587","CID4535","Endothelial","CID4535_AGCGGTCCACATGTGT"
"boot_1006_02588","CID4535","Endothelial","CID4535_CCATTCGTCCAGTATG"
"boot_1006_02589","CID4535","Endothelial","CID4535_ACCAGTATCCAAATGC"
"boot_1006_02590","CID4535","Endothelial","CID4535_CCATTCGTCTGTGCAA"
"boot_1006_02591","CID4535","Endothelial","CID4535_ACTTTCACACATGTGT"
"boot_1006_02592","CID4535","Endothelial","CID4535_TCAGGATCAATGGACG"
"boot_1006_02593","CID4535","Endothelial","CID4535_CGAGCCAAGGCTATCT"
"boot_1006_02594","CID4535","Endothelial","CID4535_CGGACACCAGGTCTCG"
"boot_1006_02595","CID4535","Endothelial","CID4535_CGGTTAATCAGTGCAT"
"boot_1006_02596","CID4535","Endothelial","CID4535_ATCATGGCATGCAACT"
"boot_1006_02597","CID4535","Endothelial","CID4535_TTGCGTCGTAGCGTCC"
"boot_1006_02598","CID4535","Endothelial","CID4535_GCAATCAAGGGAACGG"
"boot_1006_02599","CID4535","Endothelial","CID4535_TGGGCGTAGCTGCCCA"
"boot_1006_02600","CID4535","Endothelial","CID4535_TGTGTTTCACTTAAGC"
"boot_1006_02601","CID4535","Endothelial","CID4535_GAACATCCACAAGTAA"
"boot_1006_02602","CID4535","Endothelial","CID4535_AAAGCAAGTCCCGACA"
"boot_1006_02603","CID4535","Endothelial","CID4535_GAATAAGTCAGGCCCA"
"boot_1006_02604","CID4535","Endothelial","CID4535_TACCTTAGTACCGGCT"
"boot_1006_02605","CID4535","Endothelial","CID4535_ATTACTCTCCAGAGGA"
"boot_1006_02606","CID4535","Endothelial","CID4535_CGCGTTTTCCGGGTGT"
"boot_1006_02607","CID4535","Endothelial","CID4535_CTAGAGTAGGGCACTA"
"boot_1006_02608","CID4535","Endothelial","CID4535_CATCAAGCAGGTTTCA"
"boot_1006_02609","CID4535","Endothelial","CID4535_GGCTCGAGTCGAGTTT"
"boot_1006_02610","CID4535","Endothelial","CID4535_GACTACATCTCATTCA"
"boot_1006_02611","CID4535","Endothelial","CID4535_CTAAGACAGAGGTACC"
"boot_1006_02612","CID4535","Endothelial","CID4535_ACGAGGAGTCCGCTGA"
"boot_1006_02613","CID4535","Endothelial","CID4535_ACGGCCATCCAGGGCT"
"boot_1006_02614","CID4535","Endothelial","CID4535_TCAGATGTCCGAATGT"
"boot_1006_02615","CID4535","Endothelial","CID4535_CCGTACTAGACAGACC"
"boot_1006_02616","CID4535","Endothelial","CID4535_TGGTTCCCATCGTCGG"
"boot_1006_02617","CID4535","Endothelial","CID4535_CACCAGGCAAGACACG"
"boot_1006_02618","CID4535","Endothelial","CID4535_GATCTAGAGCCCTAAT"
"boot_1006_02619","CID4535","Endothelial","CID4535_CCCTCCTCACGGTAGA"
"boot_1006_02620","CID4535","Myeloid","CID4535_AAACCTGGTCATCGGC"
"boot_1006_02621","CID4535","Myeloid","CID4535_TGAGGGACAGCTATTG"
"boot_1006_02622","CID4535","Myeloid","CID4535_AGGGTGATCATAGCAC"
"boot_1006_02623","CID4535","Myeloid","CID4535_TCTGAGAGTAAATACG"
"boot_1006_02624","CID4535","Myeloid","CID4535_CATGACACAGTGACAG"
"boot_1006_02625","CID4535","Myeloid","CID4535_CCTAAAGCAGAGTGTG"
"boot_1006_02626","CID4535","Myeloid","CID4535_CCTTTCTCACATTCGA"
"boot_1006_02627","CID4535","Myeloid","CID4535_ACTTTCATCTGATACG"
"boot_1006_02628","CID4535","Myeloid","CID4535_CACTCCACATCCAACA"
"boot_1006_02629","CID4535","Myeloid","CID4535_CACCACTCAGACGCCT"
"boot_1006_02630","CID4535","Myeloid","CID4535_ACTGAACCATCCTTGC"
"boot_1006_02631","CID4535","Myeloid","CID4535_ACGCCGAGTATATGGA"
"boot_1006_02632","CID4535","Myeloid","CID4535_GTACGTACAGTCGATT"
"boot_1006_02633","CID4535","Myeloid","CID4535_GAACCTATCGAATGGG"
"boot_1006_02634","CID4535","Myeloid","CID4535_CTCGAGGCACGGTAGA"
"boot_1006_02635","CID4535","Myeloid","CID4535_AGCTCTCGTGAGGGTT"
"boot_1006_02636","CID4535","Myeloid","CID4535_AGCTCTCGTTAAAGTG"
"boot_1006_02637","CID4535","Myeloid","CID4535_GTACGTACAGTCGATT"
"boot_1006_02638","CID4535","Myeloid","CID4535_GTCATTTAGACTGTAA"
"boot_1006_02639","CID4535","Myeloid","CID4535_GTCACAAAGGAACTGC"
"boot_1006_02640","CID4535","Myeloid","CID4535_TGCTGCTTCAGTTGAC"
"boot_1006_02641","CID4535","Myeloid","CID4535_TTCTACACACCGAAAG"
"boot_1006_02642","CID4535","Myeloid","CID4535_ACGGGTCAGACATAAC"
"boot_1006_02643","CID4535","Myeloid","CID4535_TTAGGACGTTACGTCA"
"boot_1006_02644","CID4535","Myeloid","CID4535_AGTGTCAAGGAGCGAG"
"boot_1006_02645","CID4535","Myeloid","CID4535_GGAAAGCGTGTGACCC"
"boot_1006_02646","CID4535","Myeloid","CID4535_CTCACACAGGCATGGT"
"boot_1006_02647","CID4535","Myeloid","CID4535_AGAGCTTTCATGCTCC"
"boot_1006_02648","CID4535","Myeloid","CID4535_TTTGCGCCAACTGGCC"
"boot_1006_02649","CID4535","Myeloid","CID4535_TCCCGATGTGGAAAGA"
"boot_1006_02650","CID4535","Myeloid","CID4535_CGATTGATCAGTACGT"
"boot_1006_02651","CID4535","Myeloid","CID4535_CTCAGAAGTCCGTTAA"
"boot_1006_02652","CID4535","Myeloid","CID4535_CCTTCCCAGACTAGAT"
"boot_1006_02653","CID4535","Myeloid","CID4535_CCTAGCTAGGTGATTA"
"boot_1006_02654","CID4535","Myeloid","CID4535_TGACAACTCCAAAGTC"
"boot_1006_02655","CID4535","Myeloid","CID4535_GTCATTTAGACTGTAA"
"boot_1006_02656","CID4535","Myeloid","CID4535_GTTCATTCAGCCTATA"
"boot_1006_02657","CID4535","Myeloid","CID4535_CGCTATCGTCTTCAAG"
"boot_1006_02658","CID4535","Myeloid","CID4535_TATCAGGTCTCCAACC"
"boot_1006_02659","CID4535","Myeloid","CID4535_ACTATCTGTCACACGC"
"boot_1006_02660","CID4535","Myeloid","CID4535_TGACGGCGTTCGTGAT"
"boot_1006_02661","CID4535","Myeloid","CID4535_CGGCTAGAGCTGATAA"
"boot_1006_02662","CID4535","Myeloid","CID4535_GGAAAGCGTGTGACCC"
"boot_1006_02663","CID4535","Myeloid","CID4535_GTCATTTAGACTGTAA"
"boot_1006_02664","CID4535","Myeloid","CID4535_GTTCATTCAGCCTATA"
"boot_1006_02665","CID4535","Myeloid","CID4535_TAGCCGGAGGCAGTCA"
"boot_1006_02666","CID4535","Myeloid","CID4535_CAGTAACGTTACCAGT"
"boot_1006_02667","CID4535","Myeloid","CID4535_GCATGCGTCAACACTG"
"boot_1006_02668","CID4535","Myeloid","CID4535_ACACCGGAGATGAGAG"
"boot_1006_02669","CID4535","Myeloid","CID4535_ACCAGTATCTCGGACG"
"boot_1006_02670","CID4535","Myeloid","CID4535_CCTACACTCAGCGACC"
"boot_1006_02671","CID4535","Myeloid","CID4535_GGGTTGCCACAACGTT"
"boot_1006_02672","CID4535","Myeloid","CID4535_TCCACACGTAAGGGCT"
"boot_1006_02673","CID4535","Myeloid","CID4535_CTGCTGTAGCGTGAAC"
"boot_1006_02674","CID4535","Myeloid","CID4535_TCTGAGAGTAAATACG"
"boot_1006_02675","CID4535","Myeloid","CID4535_TGCACCTTCGCGTTTC"
"boot_1006_02676","CID4535","Myeloid","CID4535_TCGGTAAAGATTACCC"
"boot_1006_02677","CID4535","Myeloid","CID4535_GAATGAATCCGTACAA"
"boot_1006_02678","CID4535","Myeloid","CID4535_TGAAAGAGTATTAGCC"
"boot_1006_02679","CID4535","Myeloid","CID4535_GTCCTCACATCGATGT"
"boot_1006_02680","CID4535","Myeloid","CID4535_ACGGGTCCACGGATAG"
"boot_1006_02681","CID4535","Myeloid","CID4535_GCATGCGTCAACACTG"
"boot_1006_02682","CID4535","Myeloid","CID4535_CACCTTGAGGATGTAT"
"boot_1006_02683","CID4535","Myeloid","CID4535_TCATTACCACGCGAAA"
"boot_1006_02684","CID4535","Myeloid","CID4535_CTCACACGTCAGCTAT"
"boot_1006_02685","CID4535","Myeloid","CID4535_CCCTCCTAGTTCGATC"
"boot_1006_02686","CID4535","Myeloid","CID4535_GGACGTCAGTTCGCGC"
"boot_1006_02687","CID4535","Myeloid","CID4535_TGGCCAGTCAGTCCCT"
"boot_1006_02688","CID4535","Myeloid","CID4535_CGTAGGCAGTATTGGA"
"boot_1006_02689","CID4535","Myeloid","CID4535_GAATAAGAGAGTACAT"
"boot_1006_02690","CID4535","Myeloid","CID4535_TGTGGTAAGTCATGCT"
"boot_1006_02691","CID4535","Myeloid","CID4535_CCCATACAGCCACCTG"
"boot_1006_02692","CID4535","Myeloid","CID4535_CTTAACTGTACCGAGA"
"boot_1006_02693","CID4535","Myeloid","CID4535_CGTCAGGGTCCGAAGA"
"boot_1006_02694","CID4535","Myeloid","CID4535_AACTGGTCATCGGACC"
"boot_1006_02695","CID4535","Myeloid","CID4535_ACTGAACCATCCTTGC"
"boot_1006_02696","CID4535","Myeloid","CID4535_CGAACATGTAGCAAAT"
"boot_1006_02697","CID4535","Myeloid","CID4535_AACTCAGGTTAAGACA"
"boot_1006_02698","CID4535","Myeloid","CID4535_ATTATCCCAAACTGCT"
"boot_1006_02699","CID4535","Myeloid","CID4535_TTGGCAAAGGTCGGAT"
"boot_1006_02700","CID4535","Myeloid","CID4535_CGAACATGTAGCAAAT"
"boot_1006_02701","CID4535","Myeloid","CID4535_TGTCCCATCAGGCAAG"
"boot_1006_02702","CID4535","Myeloid","CID4535_CTCTACGCAAGTCATC"
"boot_1006_02703","CID4535","Myeloid","CID4535_CGGAGCTTCAGCATGT"
"boot_1006_02704","CID4535","Myeloid","CID4535_GGGCATCAGTCGCCGT"
"boot_1006_02705","CID4535","Myeloid","CID4535_TGCGGGTGTTGAACTC"
"boot_1006_02706","CID4535","Myeloid","CID4535_TCCACACGTAAGGGCT"
"boot_1006_02707","CID4535","Myeloid","CID4535_CGTTCTGCAAACAACA"
"boot_1006_02708","CID4535","Myeloid","CID4535_GGTGAAGAGACCCACC"
"boot_1006_02709","CID4535","Myeloid","CID4535_CAACCTCAGACTAGAT"
"boot_1006_02710","CID4535","Myeloid","CID4535_CACCTTGAGGATGTAT"
"boot_1006_02711","CID4535","Myeloid","CID4535_AACTCCCTCTCGTTTA"
"boot_1006_02712","CID4535","Myeloid","CID4535_CAGAGAGAGTGAACGC"
"boot_1006_02713","CID4535","Myeloid","CID4535_TGCACCTTCCTTGGTC"
"boot_1006_02714","CID4535","Myeloid","CID4535_GCTGGGTTCATGCAAC"
"boot_1006_02715","CID4535","Myeloid","CID4535_AGGTCATGTGCAGTAG"
"boot_1006_02716","CID4535","Myeloid","CID4535_CACCACTCAGACGCCT"
"boot_1006_02717","CID4535","Myeloid","CID4535_GGACATTCACGCGAAA"
"boot_1006_02718","CID4535","Myeloid","CID4535_AGGGATGTCTTGTACT"
"boot_1006_02719","CID4535","Myeloid","CID4535_GTGGGTCCACCTCGGA"
"boot_1006_02720","CID4535","Myeloid","CID4535_TGGACGCAGTGGACGT"
"boot_1006_02721","CID4535","Myeloid","CID4535_AAAGCAACAGTTAACC"
"boot_1006_02722","CID4535","Myeloid","CID4535_CGTCAGGGTCCGAAGA"
"boot_1006_02723","CID4535","Myeloid","CID4535_CGAGAAGGTATGAAAC"
"boot_1006_02724","CID4535","Myeloid","CID4535_GTCACAAAGGAACTGC"
"boot_1006_02725","CID4535","Myeloid","CID4535_CTTAACTGTACCGAGA"
"boot_1006_02726","CID4535","Myeloid","CID4535_GTCACAAAGGAACTGC"
"boot_1006_02727","CID4535","Myeloid","CID4535_CTCTACGCAAGTCATC"
"boot_1006_02728","CID4535","Myeloid","CID4535_CAGCGACGTCGGGTCT"
"boot_1006_02729","CID4535","Myeloid","CID4535_TCATTACCACGCGAAA"
"boot_1006_02730","CID4535","Myeloid","CID4535_CGACCTTCAGCATGAG"
"boot_1006_02731","CID4535","Myeloid","CID4535_TATCTCAGTTGAACTC"
"boot_1006_02732","CID4535","Myeloid","CID4535_GTTTCTAAGTGTACCT"
"boot_1006_02733","CID4535","Myeloid","CID4535_AGCAGCCCAAGCTGTT"
"boot_1006_02734","CID4535","Myeloid","CID4535_CGTTGGGAGCCGTCGT"
"boot_1006_02735","CID4535","Myeloid","CID4535_CAAGATCCAGCCTTGG"
"boot_1006_02736","CID4535","Myeloid","CID4535_TCGAGGCAGTGAACGC"
"boot_1006_02737","CID4535","Myeloid","CID4535_GAATGAATCCGTACAA"
"boot_1006_02738","CID4535","Myeloid","CID4535_CCCAGTTCAAGAAGAG"
"boot_1006_02739","CID4535","Myeloid","CID4535_ACCAGTATCTCGGACG"
"boot_1006_02740","CID4535","Myeloid","CID4535_CCGTACTCATCCGCGA"
"boot_1006_02741","CID4535","Myeloid","CID4535_AACCATGGTCACTTCC"
"boot_1006_02742","CID4535","Myeloid","CID4535_CGCTATCGTCTTCAAG"
"boot_1006_02743","CID4535","Myeloid","CID4535_GTCCTCACAAAGGCGT"
"boot_1006_02744","CID4535","Myeloid","CID4535_TGAGGGACAGCTATTG"
"boot_1006_02745","CID4535","Myeloid","CID4535_CATCAGACACGGTGTC"
"boot_1006_02746","CID4535","Myeloid","CID4535_AAGGTTCCACATTTCT"
"boot_1006_02747","CID4535","Myeloid","CID4535_TGGACGCAGTGGACGT"
"boot_1006_02748","CID4535","Myeloid","CID4535_CTTGGCTGTACATCCA"
"boot_1006_02749","CID4535","Myeloid","CID4535_AAATGCCGTGAGGGAG"
"boot_1006_02750","CID4535","Myeloid","CID4535_AGAGCTTTCATGCTCC"
"boot_1006_02751","CID4535","Myeloid","CID4535_AGAGTGGCAGAGTGTG"
"boot_1006_02752","CID4535","Myeloid","CID4535_AACTGGTCATCGGACC"
"boot_1006_02753","CID4535","Myeloid","CID4535_GTCACAACAGATCCAT"
"boot_1006_02754","CID4535","Myeloid","CID4535_GATCGTATCTTGACGA"
"boot_1006_02755","CID4535","Myeloid","CID4535_GACGTTAAGCCAGGAT"
"boot_1006_02756","CID4535","Myeloid","CID4535_ACACCCTCAGTTAACC"
"boot_1006_02757","CID4535","Myeloid","CID4535_TGGACGCCATGACGGA"
"boot_1006_02758","CID4535","Myeloid","CID4535_CTGATCCAGGCATTGG"
"boot_1006_02759","CID4535","Myeloid","CID4535_AAGGAGCTCCCGACTT"
"boot_1006_02760","CID4535","Myeloid","CID4535_CGTTGGGAGCCGTCGT"
"boot_1006_02761","CID4535","Myeloid","CID4535_CTCGAAAAGTTGTAGA"
"boot_1006_02762","CID4535","Myeloid","CID4535_CTCGAAAAGTTGTAGA"
"boot_1006_02763","CID4535","Myeloid","CID4535_GTTTCTAAGTGTACCT"
"boot_1006_02764","CID4535","Myeloid","CID4535_AGCTCTCTCGAACGGA"
"boot_1006_02765","CID4535","Myeloid","CID4535_CAACCTCAGTCGATAA"
"boot_1006_02766","CID4535","Myeloid","CID4535_CGGACTGAGAGTAAGG"
"boot_1006_02767","CID4535","Myeloid","CID4535_GTTTCTAAGTGTACCT"
"boot_1006_02768","CID4535","Myeloid","CID4535_GGGCATCTCGTCCGTT"
"boot_1006_02769","CID4535","Myeloid","CID4535_GACGTGCTCATAACCG"
"boot_1006_02770","CID4535","Myeloid","CID4535_TAGTTGGAGGGCTTGA"
"boot_1006_02771","CID4535","Myeloid","CID4535_AGCTCTCGTGAGGGTT"
"boot_1006_02772","CID4535","Myeloid","CID4535_AAACCTGGTCATCGGC"
"boot_1006_02773","CID4535","Myeloid","CID4535_CCGTTCAAGCTCTCGG"
"boot_1006_02774","CID4535","Myeloid","CID4535_TAGTTGGAGGGCTTGA"
"boot_1006_02775","CID4535","Myeloid","CID4535_GAACGGAGTATATGAG"
"boot_1006_02776","CID4535","Myeloid","CID4535_CGCTATCGTCTTCAAG"
"boot_1006_02777","CID4535","Myeloid","CID4535_CCTTCCCGTTCGAATC"
"boot_1006_02778","CID4535","Myeloid","CID4535_CCTAAAGCAGAGTGTG"
"boot_1006_02779","CID4535","Myeloid","CID4535_TACACGATCGCCAGCA"
"boot_1006_02780","CID4535","Myeloid","CID4535_TTGCCGTGTCTAGCGC"
"boot_1006_02781","CID4535","Myeloid","CID4535_CGATGTAAGTTCCACA"
"boot_1006_02782","CID4535","Myeloid","CID4535_GGCGACTGTTATCCGA"
"boot_1006_02783","CID4535","Myeloid","CID4535_CTACCCAGTCTAGTCA"
"boot_1006_02784","CID4535","Myeloid","CID4535_TATCAGGCATGTCTCC"
"boot_1006_02785","CID4535","Myeloid","CID4535_AGGGATGTCTTGTACT"
"boot_1006_02786","CID4535","Myeloid","CID4535_TACTTACTCTCGCATC"
"boot_1006_02787","CID4535","Myeloid","CID4535_TTAGGACGTTACGTCA"
"boot_1006_02788","CID4535","Myeloid","CID4535_CTACGTCAGGTGACCA"
"boot_1006_02789","CID4535","Myeloid","CID4535_GATCGTATCTTGACGA"
"boot_1006_02790","CID4535","Myeloid","CID4535_CTCGAAACAATCCAAC"
"boot_1006_02791","CID4535","Myeloid","CID4535_TTAGGACGTTACGTCA"
"boot_1006_02792","CID4535","Myeloid","CID4535_TGACTTTCACAGCCCA"
"boot_1006_02793","CID4535","Myeloid","CID4535_CGTTCTGCAAACAACA"
"boot_1006_02794","CID4535","Myeloid","CID4535_TGGCCAGTCAGTCCCT"
"boot_1006_02795","CID4535","Myeloid","CID4535_GTCAAGTTCTGCAAGT"
"boot_1006_02796","CID4535","Myeloid","CID4535_GATCGCGTCTATCGCC"
"boot_1006_02797","CID4535","Myeloid","CID4535_AGGTCATGTGCAGTAG"
"boot_1006_02798","CID4535","Myeloid","CID4535_CGCGGTAGTGCCTGGT"
"boot_1006_02799","CID4535","Myeloid","CID4535_TGCCAAAAGGACTGGT"
"boot_1006_02800","CID4535","Myeloid","CID4535_GTTACAGCAGTCACTA"
"boot_1006_02801","CID4535","Myeloid","CID4535_ACACCCTGTACCTACA"
"boot_1006_02802","CID4535","Myeloid","CID4535_GGGTTGCCACAACGTT"
"boot_1006_02803","CID4535","Myeloid","CID4535_CATGACAAGGGCACTA"
"boot_1006_02804","CID4535","Myeloid","CID4535_AGCTCTCGTGAGGGTT"
"boot_1006_02805","CID4535","Myeloid","CID4535_TGCCAAAAGGACTGGT"
"boot_1006_02806","CID4535","Myeloid","CID4535_AACGTTGAGGATGGAA"
"boot_1006_02807","CID4535","Myeloid","CID4535_CGTTGGGAGCCGTCGT"
"boot_1006_02808","CID4535","Myeloid","CID4535_GTCACAACAGATCCAT"
"boot_1006_02809","CID4535","Myeloid","CID4535_CACCACTCAGACGCCT"
"boot_1006_02810","CID4535","Myeloid","CID4535_CCTAGCTAGGTGATTA"
"boot_1006_02811","CID4535","Myeloid","CID4535_AGATCTGTCGTGGTCG"
"boot_1006_02812","CID4535","Myeloid","CID4535_TCAATCTAGTTAGGTA"
"boot_1006_02813","CID4535","Myeloid","CID4535_GTTCATTCAGCCTATA"
"boot_1006_02814","CID4535","Myeloid","CID4535_CATGACAAGGGCACTA"
"boot_1006_02815","CID4535","Myeloid","CID4535_CAAGGCCCAACACGCC"
"boot_1006_02816","CID4535","Myeloid","CID4535_GAAATGAGTCTTGCGG"
"boot_1006_02817","CID4535","Myeloid","CID4535_CAAGGCCCAACACGCC"
"boot_1006_02818","CID4535","Myeloid","CID4535_CCTACACAGAGTAAGG"
"boot_1006_02819","CID4535","Myeloid","CID4535_GTACGTACAGTCGATT"
"boot_1006_02820","CID4535","Myeloid","CID4535_TCGGTAAAGATTACCC"
"boot_1006_02821","CID4535","Myeloid","CID4535_CAACTAGGTCGCTTCT"
"boot_1006_02822","CID4535","Myeloid","CID4535_ACACCCTGTACCTACA"
"boot_1006_02823","CID4535","Myeloid","CID4535_TGTGGTAAGTCATGCT"
"boot_1006_02824","CID4535","Myeloid","CID4535_GCTGCGAAGGACAGAA"
"boot_1006_02825","CID4535","Myeloid","CID4535_GACGTTAAGCCAGGAT"
"boot_1006_02826","CID4535","Myeloid","CID4535_CATCGAATCATACGGT"
"boot_1006_02827","CID4535","Myeloid","CID4535_TCAGGATAGCGGCTTC"
"boot_1006_02828","CID4535","Myeloid","CID4535_CGCGGTAGTGCCTGGT"
"boot_1006_02829","CID4535","Myeloid","CID4535_ACCCACTTCTTTCCTC"
"boot_1006_02830","CID4535","Myeloid","CID4535_CGTCAGGGTCCGAAGA"
"boot_1006_02831","CID4535","Myeloid","CID4535_TCGAGGCAGTGAACGC"
"boot_1006_02832","CID4535","Myeloid","CID4535_AGAGCTTTCATGCTCC"
"boot_1006_02833","CID4535","Myeloid","CID4535_GGAGCAACAAACGCGA"
"boot_1006_02834","CID4535","Myeloid","CID4535_GGGTTGCCACAACGTT"
"boot_1006_02835","CID4535","Myeloid","CID4535_AACTGGTCATCGGACC"
"boot_1006_02836","CID4535","Myeloid","CID4535_TCGAGGCAGTGAACGC"
"boot_1006_02837","CID4535","Myeloid","CID4535_TTGACTTAGATCGGGT"
"boot_1006_02838","CID4535","Myeloid","CID4535_GAACGGAGTATATGAG"
"boot_1006_02839","CID4535","Myeloid","CID4535_CGGCTAGAGCTGATAA"
"boot_1006_02840","CID4535","Myeloid","CID4535_CGGAGCTTCAGCATGT"
"boot_1006_02841","CID4535","Myeloid","CID4535_CACTCCACATCCAACA"
"boot_1006_02842","CID4535","Myeloid","CID4535_AACTCCCTCTCGTTTA"
"boot_1006_02843","CID4535","Myeloid","CID4535_TGCGTGGAGCGATCCC"
"boot_1006_02844","CID4535","Myeloid","CID4535_TCGGTAAAGATTACCC"
"boot_1006_02845","CID4535","Myeloid","CID4535_GTATTCTCAGCGTCCA"
"boot_1006_02846","CID4535","Myeloid","CID4535_ACACCAAAGTTGTAGA"
"boot_1006_02847","CID4535","Myeloid","CID4535_GACAGAGAGAGTACCG"
"boot_1006_02848","CID4535","Myeloid","CID4535_TGCGGGTGTTGAACTC"
"boot_1006_02849","CID4535","Myeloid","CID4535_ACTGCTCGTCGGGTCT"
"boot_1006_02850","CID4535","Myeloid","CID4535_CAGCTGGAGAAGGACA"
"boot_1006_02851","CID4535","Myeloid","CID4535_CTCGAGGCACGGTAGA"
"boot_1006_02852","CID4535","Myeloid","CID4535_GCAGCCATCCGTAGTA"
"boot_1006_02853","CID4535","Myeloid","CID4535_AGAGCTTTCATGCTCC"
"boot_1006_02854","CID4535","Myeloid","CID4535_TCAATCTAGTTAGGTA"
"boot_1006_02855","CID4535","Myeloid","CID4535_TGGGCGTGTCTCGTTC"
"boot_1006_02856","CID4535","Myeloid","CID4535_GAACCTATCGAATGGG"
"boot_1006_02857","CID4535","Myeloid","CID4535_CGAACATGTAGCAAAT"
"boot_1006_02858","CID4535","Myeloid","CID4535_ACACCAAAGTTGTAGA"
"boot_1006_02859","CID4535","Myeloid","CID4535_GTATTCTCAGCGTCCA"
"boot_1006_02860","CID4535","Myeloid","CID4535_CAGCTGGAGAATGTGT"
"boot_1006_02861","CID4535","Myeloid","CID4535_GTTCGGGTCGCCAAAT"
"boot_1006_02862","CID4535","Myeloid","CID4535_AGGCCGTAGGTGATTA"
"boot_1006_02863","CID4535","Myeloid","CID4535_ACGCCGAGTGACTCAT"
"boot_1006_02864","CID4535","Myeloid","CID4535_CTCGAAACAATCCAAC"
"boot_1006_02865","CID4535","Myeloid","CID4535_TGACTTTCACAGCCCA"
"boot_1006_02866","CID4535","Myeloid","CID4535_TGCCCATAGCTCCTCT"
"boot_1006_02867","CID4535","Myeloid","CID4535_TCCCGATGTGGAAAGA"
"boot_1006_02868","CID4535","Myeloid","CID4535_AGCAGCCCAAGCTGTT"
"boot_1006_02869","CID4535","Myeloid","CID4535_TCCACACGTAAGGGCT"
"boot_1006_02870","CID4535","Myeloid","CID4535_AAATGCCGTGAGGGAG"
"boot_1006_02871","CID4535","Myeloid","CID4535_AAGGCAGCATTACCTT"
"boot_1006_02872","CID4535","Myeloid","CID4535_CTACGTCTCACTTACT"
"boot_1006_02873","CID4535","Myeloid","CID4535_GTTTCTAAGTACCGGA"
"boot_1006_02874","CID4535","Myeloid","CID4535_TGAGGGACAGCTATTG"
"boot_1006_02875","CID4535","NK cells","CID4535_CGGGTCACACGCCAGT"
"boot_1006_02876","CID4535","NK cells","CID4535_GATCGATGTGTGGTTT"
"boot_1006_02877","CID4535","NK cells","CID4535_CAGAGAGAGGGATCTG"
"boot_1006_02878","CID4535","NK cells","CID4535_GCATGATGTAGCGTCC"
"boot_1006_02879","CID4535","NK cells","CID4535_TCTTCGGAGACTGGGT"
"boot_1006_02880","CID4535","NK cells","CID4535_ATTTCTGTCACCATAG"
"boot_1006_02881","CID4535","NK cells","CID4535_CGGGTCACACGCCAGT"
"boot_1006_02882","CID4535","NK cells","CID4535_CGATTGATCCATGAAC"
"boot_1006_02883","CID4535","NK cells","CID4535_CGACCTTAGACATAAC"
"boot_1006_02884","CID4535","NK cells","CID4535_ATTTCTGTCACCATAG"
"boot_1006_02885","CID4535","NK cells","CID4535_TCTTCGGAGACTGGGT"
"boot_1006_02886","CID4535","NK cells","CID4535_AACTTTCGTCTAGCGC"
"boot_1006_02887","CID4535","NK cells","CID4535_TATCTCAAGTGTGAAT"
"boot_1006_02888","CID4535","NK cells","CID4535_CGTCTACCACGGATAG"
"boot_1006_02889","CID4535","NK cells","CID4535_GGGTTGCCAATGACCT"
"boot_1006_02890","CID4535","NK cells","CID4535_ATGTGTGTCTTGAGGT"
"boot_1006_02891","CID4535","NK cells","CID4535_GATCGATGTGTGGTTT"
"boot_1006_02892","CID4535","NK cells","CID4535_CGGACACGTGTGAATA"
"boot_1006_02893","CID4535","NK cells","CID4535_CGGACACGTGTGAATA"
"boot_1006_02894","CID4535","NK cells","CID4535_CGTCTACCACGGATAG"
"boot_1006_02895","CID4535","NK cells","CID4535_ATCTGCCAGACAGACC"
"boot_1006_02896","CID4535","NK cells","CID4535_GCATGATGTAGCGTCC"
"boot_1006_02897","CID4535","NK cells","CID4535_TCGCGTTGTTCGGGCT"
"boot_1006_02898","CID4535","NK cells","CID4535_CAGAGAGAGGGATCTG"
"boot_1006_02899","CID4535","NK cells","CID4535_GCATGATGTAGCGTCC"
"boot_1006_02900","CID4535","NKT cells","CID4535_CTTACCGGTCCAGTTA"
"boot_1006_02901","CID4535","NKT cells","CID4535_ACGCCGAGTGAGTATA"
"boot_1006_02902","CID4535","NKT cells","CID4535_ACGCCGAGTGAGTATA"
"boot_1006_02903","CID4535","NKT cells","CID4535_CCTCTGAAGAGCTGCA"
"boot_1006_02904","CID4535","NKT cells","CID4535_TGCCCTACATGGTCTA"
"boot_1006_02905","CID4535","NKT cells","CID4535_CTTACCGGTCCAGTTA"
"boot_1006_02906","CID4535","NKT cells","CID4535_TGGCCAGAGTAGGCCA"
"boot_1006_02907","CID4535","NKT cells","CID4535_AGGGTGATCGTTTAGG"
"boot_1006_02908","CID4535","NKT cells","CID4535_GACAGAGCAGCTTCGG"
"boot_1006_02909","CID4535","NKT cells","CID4535_ATTATCCTCATTGCCC"
"boot_1006_02910","CID4535","NKT cells","CID4535_TAGGCATAGTCAAGGC"
"boot_1006_02911","CID4535","NKT cells","CID4535_CCTCTGAAGAGCTGCA"
"boot_1006_02912","CID4535","NKT cells","CID4535_TGCCCTACATGGTCTA"
"boot_1006_02913","CID4535","NKT cells","CID4535_ACGCCGAGTGAGTATA"
"boot_1006_02914","CID4535","NKT cells","CID4535_GTACTTTGTTTGCATG"
"boot_1006_02915","CID4535","Normal Epithelial","CID4535_AGACGTTTCGATCCCT"
"boot_1006_02916","CID4535","Normal Epithelial","CID4535_GTCTCGTAGAATTGTG"
"boot_1006_02917","CID4535","Normal Epithelial","CID4535_ACACCAATCCAAAGTC"
"boot_1006_02918","CID4535","Normal Epithelial","CID4535_AGTTGGTTCTTTACGT"
"boot_1006_02919","CID4535","Normal Epithelial","CID4535_CTCTACGCAGTCTTCC"
"boot_1006_02920","CID4535","Normal Epithelial","CID4535_GTCTCGTAGAATTGTG"
"boot_1006_02921","CID4535","Normal Epithelial","CID4535_TGCTACCAGGTGTGGT"
"boot_1006_02922","CID4535","Normal Epithelial","CID4535_GTTCGGGGTCAAACTC"
"boot_1006_02923","CID4535","Normal Epithelial","CID4535_CATCCACCACCTATCC"
"boot_1006_02924","CID4535","Normal Epithelial","CID4535_GATCGTAAGCCGCCTA"
"boot_1006_02925","CID4535","Normal Epithelial","CID4535_CGTGTAAAGTACTTGC"
"boot_1006_02926","CID4535","Normal Epithelial","CID4535_TAGTGGTCATTGGCGC"
"boot_1006_02927","CID4535","Normal Epithelial","CID4535_CATCCACCACCTATCC"
"boot_1006_02928","CID4535","Normal Epithelial","CID4535_TAGTGGTCATTGGCGC"
"boot_1006_02929","CID4535","Normal Epithelial","CID4535_CCTAAAGCAGGCAGTA"
"boot_1006_02930","CID4535","Normal Epithelial","CID4535_CCTAAAGCAGGCAGTA"
"boot_1006_02931","CID4535","Normal Epithelial","CID4535_AACTCAGGTCTTCTCG"
"boot_1006_02932","CID4535","Normal Epithelial","CID4535_CTTCTCTCACCCAGTG"
"boot_1006_02933","CID4535","Normal Epithelial","CID4535_CCCATACCAGCCAATT"
"boot_1006_02934","CID4535","Normal Epithelial","CID4535_AACTCAGGTCTTCTCG"
"boot_1006_02935","CID4535","Normal Epithelial","CID4535_CGAACATGTAGCCTCG"
"boot_1006_02936","CID4535","Normal Epithelial","CID4535_AGACGTTTCGATCCCT"
"boot_1006_02937","CID4535","Plasmablasts","CID4535_CTCGAAAGTTTGTTGG"
"boot_1006_02938","CID4535","Plasmablasts","CID4535_AACTCCCGTAAGTTCC"
"boot_1006_02939","CID4535","Plasmablasts","CID4535_TACTTGTTCGGTCTAA"
"boot_1006_02940","CID4535","Plasmablasts","CID4535_GTTACAGAGCAACGGT"
"boot_1006_02941","CID4535","Plasmablasts","CID4535_AGTCTTTTCAAACCAC"
"boot_1006_02942","CID4535","Plasmablasts","CID4535_TCTTCGGCAGACAGGT"
"boot_1006_02943","CID4535","Plasmablasts","CID4535_CAAGGCCAGGACACCA"
"boot_1006_02944","CID4535","Plasmablasts","CID4535_ATGTGTGTCGCCAGCA"
"boot_1006_02945","CID4535","Plasmablasts","CID4535_AAACCTGTCTTGTATC"
"boot_1006_02946","CID4535","Plasmablasts","CID4535_TGTCCCAAGGAGCGTT"
"boot_1006_02947","CID4535","Plasmablasts","CID4535_TGCGTGGAGAGACTTA"
"boot_1006_02948","CID4535","Plasmablasts","CID4535_GTTACAGAGCAACGGT"
"boot_1006_02949","CID4535","Plasmablasts","CID4535_CATATGGCAATGACCT"
"boot_1006_02950","CID4535","Plasmablasts","CID4535_GATCGCGAGCGGATCA"
"boot_1006_02951","CID4535","Plasmablasts","CID4535_GTCCTCATCAAGCCTA"
"boot_1006_02952","CID4535","Plasmablasts","CID4535_CCGGGATGTATTCTCT"
"boot_1006_02953","CID4535","Plasmablasts","CID4535_TGTGGTAAGGAACTGC"
"boot_1006_02954","CID4535","Plasmablasts","CID4535_CGAGAAGTCTTCGAGA"
"boot_1006_02955","CID4535","Plasmablasts","CID4535_GTGTTAGAGTCGATAA"
"boot_1006_02956","CID4535","Plasmablasts","CID4535_CATATGGCAATGACCT"
"boot_1006_02957","CID4535","Plasmablasts","CID4535_TGTGGTAAGGAACTGC"
"boot_1006_02958","CID4535","Plasmablasts","CID4535_CTCCTAGTCCTTCAAT"
"boot_1006_02959","CID4535","Plasmablasts","CID4535_CGTCAGGGTTTGCATG"
"boot_1006_02960","CID4535","Plasmablasts","CID4535_TACAGTGGTTGAGTTC"
"boot_1006_02961","CID4535","Plasmablasts","CID4535_TGACAACAGGGTGTGT"
"boot_1006_02962","CID4535","Plasmablasts","CID4535_TGTCCCAAGGAGCGTT"
"boot_1006_02963","CID4535","Plasmablasts","CID4535_CGCTGGAGTCAGTGGA"
"boot_1006_02964","CID4535","Plasmablasts","CID4535_TGCTACCAGAGTACCG"
"boot_1006_02965","CID4535","Plasmablasts","CID4535_GGTGCGTAGCAGCGTA"
"boot_1006_02966","CID4535","Plasmablasts","CID4535_TGAAAGATCTGCGACG"
"boot_1006_02967","CID4535","Plasmablasts","CID4535_CTTCTCTCAGTGGAGT"
"boot_1006_02968","CID4535","Plasmablasts","CID4535_CTCGAAAGTTTGTTGG"
"boot_1006_02969","CID4535","Plasmablasts","CID4535_CATCCACAGAAACCAT"
"boot_1006_02970","CID4535","Plasmablasts","CID4535_TGTATTCTCTCGCATC"
"boot_1006_02971","CID4535","Plasmablasts","CID4535_AGTTGGTCAATGAATG"
"boot_1006_02972","CID4535","Plasmablasts","CID4535_TAAACCGCATGCCACG"
"boot_1006_02973","CID4535","Plasmablasts","CID4535_TCAGATGAGATTACCC"
"boot_1006_02974","CID4535","Plasmablasts","CID4535_TTCTCCTCAGATCCAT"
"boot_1006_02975","CID4535","Plasmablasts","CID4535_CCCATACGTGGCGAAT"
"boot_1006_02976","CID4535","Plasmablasts","CID4535_ATGCGATGTAAAGGAG"
"boot_1006_02977","CID4535","Plasmablasts","CID4535_CAGGTGCCAGTGGGAT"
"boot_1006_02978","CID4535","Plasmablasts","CID4535_TTCTTAGGTCTAGAGG"
"boot_1006_02979","CID4535","Plasmablasts","CID4535_TTCTCCTTCAAAGACA"
"boot_1006_02980","CID4535","Plasmablasts","CID4535_CGGACTGAGCTCCTTC"
"boot_1006_02981","CID4535","Plasmablasts","CID4535_TTCTCCTTCAAAGACA"
"boot_1006_02982","CID4535","Plasmablasts","CID4535_GTCCTCATCAAGCCTA"
"boot_1006_02983","CID4535","Plasmablasts","CID4535_TAGACCAAGTCTCAAC"
"boot_1006_02984","CID4535","Plasmablasts","CID4535_GCTTGAATCACAACGT"
"boot_1006_02985","CID4535","Plasmablasts","CID4535_GAGGTGATCAATAAGG"
"boot_1006_02986","CID4535","Plasmablasts","CID4535_ATTTCTGGTCCAGTAT"
"boot_1006_02987","CID4535","Plasmablasts","CID4535_ATGTGTGTCGCCAGCA"
"boot_1006_02988","CID4535","Plasmablasts","CID4535_CTTCTCTCAGTGGAGT"
"boot_1006_02989","CID4535","Plasmablasts","CID4535_CTTACCGAGACTGGGT"
"boot_1006_02990","CID4535","Plasmablasts","CID4535_GACGTTAAGGCCATAG"
"boot_1006_02991","CID4535","Plasmablasts","CID4535_CAGGTGCCAGTGGGAT"
"boot_1006_02992","CID4535","Plasmablasts","CID4535_TAGTTGGCAACTGGCC"
"boot_1006_02993","CID4535","Plasmablasts","CID4535_CAGGTGCCAGTGGGAT"
"boot_1006_02994","CID4535","Plasmablasts","CID4535_AGTTGGTCAATGAATG"
"boot_1006_02995","CID4535","Plasmablasts","CID4535_GAACGGACATATGGTC"
"boot_1006_02996","CID4535","Plasmablasts","CID4535_AAGTCTGCAAAGGAAG"
"boot_1006_02997","CID4535","Plasmablasts","CID4535_GCTTGAATCACAACGT"
"boot_1006_02998","CID4535","Plasmablasts","CID4535_TGGACGCGTAGCCTAT"
"boot_1006_02999","CID4535","Plasmablasts","CID4535_CAAGGCCAGGACACCA"
"boot_1006_03000","CID4535","Plasmablasts","CID4535_GTTACAGAGCAACGGT"
"boot_1006_03001","CID4535","Plasmablasts","CID4535_CAAGGCCAGGACACCA"
"boot_1006_03002","CID4535","Plasmablasts","CID4535_ACATGGTTCATGTCTT"
"boot_1006_03003","CID4535","Plasmablasts","CID4535_TGTCCCAAGGAGCGTT"
"boot_1006_03004","CID4535","Plasmablasts","CID4535_TAAACCGCATGCCACG"
"boot_1006_03005","CID4535","Plasmablasts","CID4535_TACGGATGTGAGGCTA"
"boot_1006_03006","CID4535","Plasmablasts","CID4535_CAAGGCCAGGACACCA"
"boot_1006_03007","CID4535","Plasmablasts","CID4535_GCTCTGTCAGACGCCT"
"boot_1006_03008","CID4535","Plasmablasts","CID4535_CGGACGTAGCCCAATT"
"boot_1006_03009","CID4535","Plasmablasts","CID4535_ATGTGTGTCGCCAGCA"
"boot_1006_03010","CID4535","Plasmablasts","CID4535_GACAGAGAGATATGGT"
"boot_1006_03011","CID4535","Plasmablasts","CID4535_GCAATCATCACATGCA"
"boot_1006_03012","CID4535","Plasmablasts","CID4535_TAAGAGATCTGGCGTG"
"boot_1006_03013","CID4535","Plasmablasts","CID4535_TAAACCGCATGCCACG"
"boot_1006_03014","CID4535","Plasmablasts","CID4535_TCAGATGAGATTACCC"
"boot_1006_03015","CID4535","Plasmablasts","CID4535_GTTACAGAGCAACGGT"
"boot_1006_03016","CID4535","Plasmablasts","CID4535_GCAATCATCACATGCA"
"boot_1006_03017","CID4535","Plasmablasts","CID4535_TACGGATGTGAGGCTA"
"boot_1006_03018","CID4535","Plasmablasts","CID4535_CCTCTGATCCTTGCCA"
"boot_1006_03019","CID4535","Plasmablasts","CID4535_CAGGTGCCAGTGGGAT"
"boot_1006_03020","CID4535","Plasmablasts","CID4535_TATCAGGGTGCACTTA"
"boot_1006_03021","CID4535","Plasmablasts","CID4535_CGTCAGGGTTTGCATG"
"boot_1006_03022","CID4535","Plasmablasts","CID4535_CCTCTGATCATGTAGC"
"boot_1006_03023","CID4535","Plasmablasts","CID4535_AACTCCCGTAAGTTCC"
"boot_1006_03024","CID4535","Plasmablasts","CID4535_GACGTTAAGGCCATAG"
"boot_1006_03025","CID4535","Plasmablasts","CID4535_AACTCCCGTAAGTTCC"
"boot_1006_03026","CID4535","Plasmablasts","CID4535_TATCAGGGTGCACTTA"
"boot_1006_03027","CID4535","Plasmablasts","CID4535_CCGGGATGTATTCTCT"
"boot_1006_03028","CID4535","Plasmablasts","CID4535_CGGGTCACAACTGGCC"
"boot_1006_03029","CID4535","Plasmablasts","CID4535_CGGGTCACAACTGGCC"
"boot_1006_03030","CID4535","Plasmablasts","CID4535_ACATGGTTCATGTCTT"
"boot_1006_03031","CID4535","Plasmablasts","CID4535_AGATTGCTCATCACCC"
"boot_1006_03032","CID4535","Plasmablasts","CID4535_GAACGGACATATGGTC"
"boot_1006_03033","CID4535","PVL","CID4535_GGGAGATAGAGCAATT"
"boot_1006_03034","CID4535","PVL","CID4535_GGCGTGTTCGTACCGG"
"boot_1006_03035","CID4535","PVL","CID4535_GTGCGGTGTGACTCAT"
"boot_1006_03036","CID4535","PVL","CID4535_CATGCCTTCTTGACGA"
"boot_1006_03037","CID4535","PVL","CID4535_ACGGAGAGTTCCACAA"
"boot_1006_03038","CID4535","PVL","CID4535_ACCGTAACATGTTCCC"
"boot_1006_03039","CID4535","PVL","CID4535_CACACAATCCTTTCGG"
"boot_1006_03040","CID4535","PVL","CID4535_TTCTTAGTCAGGATCT"
"boot_1006_03041","CID4535","PVL","CID4535_TGGTTCCGTTGCTCCT"
"boot_1006_03042","CID4535","PVL","CID4535_CCTTTCTAGAGCCTAG"
"boot_1006_03043","CID4535","PVL","CID4535_TAGTGGTTCCACGTTC"
"boot_1006_03044","CID4535","PVL","CID4535_CAGCCGACAGCCTTGG"
"boot_1006_03045","CID4535","PVL","CID4535_GGTATTGCACCGGAAA"
"boot_1006_03046","CID4535","PVL","CID4535_GTGCGGTGTAGATTAG"
"boot_1006_03047","CID4535","PVL","CID4535_AAACCTGGTCGATTGT"
"boot_1006_03048","CID4535","PVL","CID4535_GGGAGATAGAGCAATT"
"boot_1006_03049","CID4535","PVL","CID4535_TCAGCTCCACGGTGTC"
"boot_1006_03050","CID4535","PVL","CID4535_CTAACTTAGTAGTGCG"
"boot_1006_03051","CID4535","PVL","CID4535_CGACTTCCAAGGCTCC"
"boot_1006_03052","CID4535","PVL","CID4535_CTCGTACCAAAGTCAA"
"boot_1006_03053","CID4535","PVL","CID4535_TTGAACGAGCTTCGCG"
"boot_1006_03054","CID4535","PVL","CID4535_CTCTAATTCCGTACAA"
"boot_1006_03055","CID4535","PVL","CID4535_TCTCATAGTGGTGTAG"
"boot_1006_03056","CID4535","PVL","CID4535_GTCGGGTTCTGTGCAA"
"boot_1006_03057","CID4535","PVL","CID4535_CGAACATTCCAAATGC"
"boot_1006_03058","CID4535","PVL","CID4535_CAGCAGCCACCACGTG"
"boot_1006_03059","CID4535","PVL","CID4535_ACTATCTGTTCGTTGA"
"boot_1006_03060","CID4535","PVL","CID4535_ACTGATGGTGTGCCTG"
"boot_1006_03061","CID4535","PVL","CID4535_GCATACATCTGTTGAG"
"boot_1006_03062","CID4535","PVL","CID4535_GAGTCCGGTCAACTGT"
"boot_1006_03063","CID4535","PVL","CID4535_GCATGCGTCCGCGTTT"
"boot_1006_03064","CID4535","PVL","CID4535_CACAGTAAGTTCGCAT"
"boot_1006_03065","CID4535","PVL","CID4535_AACGTTGCATACCATG"
"boot_1006_03066","CID4535","PVL","CID4535_TAGACCAAGTTCGCAT"
"boot_1006_03067","CID4535","PVL","CID4535_TCTGAGATCTGGCGTG"
"boot_1006_03068","CID4535","PVL","CID4535_GGCGTGTTCGCAGGCT"
"boot_1006_03069","CID4535","PVL","CID4535_CAGCAGCCATGTTGAC"
"boot_1006_03070","CID4535","PVL","CID4535_GACAGAGGTCTCCACT"
"boot_1006_03071","CID4535","PVL","CID4535_TACGGATAGGCATGTG"
"boot_1006_03072","CID4535","PVL","CID4535_TGTATTCAGAAACGAG"
"boot_1006_03073","CID4535","PVL","CID4535_ACGATACTCTGGCGAC"
"boot_1006_03074","CID4535","PVL","CID4535_GGTATTGCAAGGGTCA"
"boot_1006_03075","CID4535","PVL","CID4535_TACTTACCAGCCTTTC"
"boot_1006_03076","CID4535","PVL","CID4535_CATGCCTCATGGTCTA"
"boot_1006_03077","CID4535","PVL","CID4535_ACGATACCACCCTATC"
"boot_1006_03078","CID4535","PVL","CID4535_CTGGTCTCAAGGGTCA"
"boot_1006_03079","CID4535","PVL","CID4535_CAGCTAACATCACAAC"
"boot_1006_03080","CID4535","PVL","CID4535_CAGCAGCCATGTTGAC"
"boot_1006_03081","CID4535","PVL","CID4535_AACTCAGTCCCTAACC"
"boot_1006_03082","CID4535","PVL","CID4535_TGGCTGGAGAAGGACA"
"boot_1006_03083","CID4535","PVL","CID4535_CATATGGCATTGTGCA"
"boot_1006_03084","CID4535","PVL","CID4535_TAAACCGAGTTCGCGC"
"boot_1006_03085","CID4535","PVL","CID4535_ACGCAGCTCTGTTTGT"
"boot_1006_03086","CID4535","PVL","CID4535_GTTTCTATCCGAAGAG"
"boot_1006_03087","CID4535","PVL","CID4535_TCTGAGATCTGGCGTG"
"boot_1006_03088","CID4535","PVL","CID4535_TAAGAGACAATAAGCA"
"boot_1006_03089","CID4535","PVL","CID4535_GTGCAGCTCATTATCC"
"boot_1006_03090","CID4535","PVL","CID4535_CAGGTGCAGGGTGTGT"
"boot_1006_03091","CID4535","PVL","CID4535_CTGAAACGTGTCTGAT"
"boot_1006_03092","CID4535","PVL","CID4535_GTACTCCCATGACGGA"
"boot_1006_03093","CID4535","PVL","CID4535_GACAGAGGTCTCCACT"
"boot_1006_03094","CID4535","PVL","CID4535_CACCAGGAGTTGCAGG"
"boot_1006_03095","CID4535","PVL","CID4535_ACCCACTTCCCACTTG"
"boot_1006_03096","CID4535","PVL","CID4535_CTAATGGCATGACGGA"
"boot_1006_03097","CID4535","PVL","CID4535_GCATGATCAATCCAAC"
"boot_1006_03098","CID4535","PVL","CID4535_AAGCCGCAGTAAGTAC"
"boot_1006_03099","CID4535","PVL","CID4535_AACTCTTCAATAACGA"
"boot_1006_03100","CID4535","PVL","CID4535_ACAGCTAGTTCCATGA"
"boot_1006_03101","CID4535","PVL","CID4535_CGGAGCTTCGAGCCCA"
"boot_1006_03102","CID4535","PVL","CID4535_CACCAGGAGCGTGAGT"
"boot_1006_03103","CID4535","PVL","CID4535_CCGTACTAGATGTGGC"
"boot_1006_03104","CID4535","PVL","CID4535_CCACGGACACACAGAG"
"boot_1006_03105","CID4535","PVL","CID4535_GTTACAGGTACGACCC"
"boot_1006_03106","CID4535","PVL","CID4535_GAGGTGACAGGCTCAC"
"boot_1006_03107","CID4535","PVL","CID4535_CGGACTGGTAAGTGGC"
"boot_1006_03108","CID4535","PVL","CID4535_TACCTATTCCGAACGC"
"boot_1006_03109","CID4535","PVL","CID4535_CCTTTCTAGAGCCTAG"
"boot_1006_03110","CID4535","PVL","CID4535_AGACGTTGTTCGCGAC"
"boot_1006_03111","CID4535","PVL","CID4535_AGGCCGTCAGACAGGT"
"boot_1006_03112","CID4535","PVL","CID4535_CTGTGCTCATTCTCAT"
"boot_1006_03113","CID4535","PVL","CID4535_AGTTGGTCAGTTAACC"
"boot_1006_03114","CID4535","PVL","CID4535_ACGTCAAAGTCCGTAT"
"boot_1006_03115","CID4535","PVL","CID4535_TACCTATAGCAATATG"
"boot_1006_03116","CID4535","PVL","CID4535_GGTGCGTAGGCATTGG"
"boot_1006_03117","CID4535","PVL","CID4535_ATGGGAGCAAGCCTAT"
"boot_1006_03118","CID4535","PVL","CID4535_CGTAGGCTCACGACTA"
"boot_1006_03119","CID4535","PVL","CID4535_GCTTCCATCTTGTACT"
"boot_1006_03120","CID4535","PVL","CID4535_TAGCCGGAGCAGACTG"
"boot_1006_03121","CID4535","PVL","CID4535_CCTAGCTCAATCCGAT"
"boot_1006_03122","CID4535","PVL","CID4535_GCAGTTATCGACAGCC"
"boot_1006_03123","CID4535","PVL","CID4535_GTCGGGTGTAGCTTGT"
"boot_1006_03124","CID4535","PVL","CID4535_CCACGGACACACAGAG"
"boot_1006_03125","CID4535","PVL","CID4535_GGATTACGTAGCGTCC"
"boot_1006_03126","CID4535","PVL","CID4535_ACGGCCATCATTCACT"
"boot_1006_03127","CID4535","PVL","CID4535_CCATTCGGTGTTGGGA"
"boot_1006_03128","CID4535","PVL","CID4535_GGGACCTAGCGTAATA"
"boot_1006_03129","CID4535","PVL","CID4535_CTGATAGTCAGCTCTC"
"boot_1006_03130","CID4535","PVL","CID4535_CGTCAGGGTGGTTTCA"
"boot_1006_03131","CID4535","PVL","CID4535_GGGTTGCCAGAAGCAC"
"boot_1006_03132","CID4535","PVL","CID4535_ACGGGTCAGGTGTGGT"
"boot_1006_03133","CID4535","PVL","CID4535_GTTCTCGGTAGCTCCG"
"boot_1006_03134","CID4535","PVL","CID4535_TCTGAGATCTGGCGTG"
"boot_1006_03135","CID4535","PVL","CID4535_CGCTGGAAGTACACCT"
"boot_1006_03136","CID4535","PVL","CID4535_GTTCATTTCGTTTAGG"
"boot_1006_03137","CID4535","PVL","CID4535_CTCGAAACAATGGTCT"
"boot_1006_03138","CID4535","PVL","CID4535_CCATTCGGTCAGAGGT"
"boot_1006_03139","CID4535","PVL","CID4535_GCAGCCATCAGCGATT"
"boot_1006_03140","CID4535","PVL","CID4535_CTGGTCTTCAAACCGT"
"boot_1006_03141","CID4535","PVL","CID4535_GAACGGATCGGATGTT"
"boot_1006_03142","CID4535","PVL","CID4535_CTTTGCGCACGACGAA"
"boot_1006_03143","CID4535","PVL","CID4535_CACCTTGGTAGCGTCC"
"boot_1006_03144","CID4535","PVL","CID4535_ACACTGAAGATGGCGT"
"boot_1006_03145","CID4535","PVL","CID4535_CGTAGCGCACCGGAAA"
"boot_1006_03146","CID4535","PVL","CID4535_CGGCTAGGTCTGGAGA"
"boot_1006_03147","CID4535","PVL","CID4535_GTGCAGCTCATTATCC"
"boot_1006_03148","CID4535","PVL","CID4535_GTAACGTTCCGCTGTT"
"boot_1006_03149","CID4535","PVL","CID4535_TGGCCAGGTTCCGGCA"
"boot_1006_03150","CID4535","PVL","CID4535_GACTGCGCAATGGATA"
"boot_1006_03151","CID4535","PVL","CID4535_ACGGCCATCATTCACT"
"boot_1006_03152","CID4535","PVL","CID4535_TCACAAGTCGGATGTT"
"boot_1006_03153","CID4535","PVL","CID4535_ATGGGAGCAAGCCTAT"
"boot_1006_03154","CID4535","PVL","CID4535_GATGAGGCAATGTTGC"
"boot_1006_03155","CID4535","PVL","CID4535_ACTGATGGTGTGCCTG"
"boot_1006_03156","CID4535","PVL","CID4535_GGCAATTTCAACCATG"
"boot_1006_03157","CID4535","PVL","CID4535_ACGGAGACACTTACGA"
"boot_1006_03158","CID4535","PVL","CID4535_CGAGCACGTTTGTGTG"
"boot_1006_03159","CID4535","PVL","CID4535_CGTCAGGGTGGTTTCA"
"boot_1006_03160","CID4535","PVL","CID4535_CCCAGTTTCTGGTATG"
"boot_1006_03161","CID4535","PVL","CID4535_TGGACGCTCGGAAACG"
"boot_1006_03162","CID4535","PVL","CID4535_AGGCCGTCAGACAGGT"
"boot_1006_03163","CID4535","PVL","CID4535_CTCTAATTCCGTACAA"
"boot_1006_03164","CID4535","PVL","CID4535_GAAGCAGAGTGAAGAG"
"boot_1006_03165","CID4535","PVL","CID4535_GCAGTTATCGACAGCC"
"boot_1006_03166","CID4535","PVL","CID4535_GGGTCTGCAATCTGCA"
"boot_1006_03167","CID4535","PVL","CID4535_GCAGCCAAGGAGCGTT"
"boot_1006_03168","CID4535","PVL","CID4535_AATCCAGAGTATTGGA"
"boot_1006_03169","CID4535","PVL","CID4535_CATATGGCATCACGAT"
"boot_1006_03170","CID4535","PVL","CID4535_ACGATACTCTGGCGAC"
"boot_1006_03171","CID4535","PVL","CID4535_GGGCATCTCTGATACG"
"boot_1006_03172","CID4535","PVL","CID4535_CTAGAGTGTCGGCATC"
"boot_1006_03173","CID4535","PVL","CID4535_CTAGAGTGTCGGCATC"
"boot_1006_03174","CID4535","PVL","CID4535_CAACTAGCATCTATGG"
"boot_1006_03175","CID4535","PVL","CID4535_CAAGAAATCCGAGCCA"
"boot_1006_03176","CID4535","PVL","CID4535_TATCTCAGTATAAACG"
"boot_1006_03177","CID4535","PVL","CID4535_TACAGTGGTTGCGTTA"
"boot_1006_03178","CID4535","PVL","CID4535_ACGAGGAAGTACACCT"
"boot_1006_03179","CID4535","PVL","CID4535_GCATGATCAATCCAAC"
"boot_1006_03180","CID4535","PVL","CID4535_GCGCAGTAGCTGGAAC"
"boot_1006_03181","CID4535","PVL","CID4535_CGATGTAAGATAGTCA"
"boot_1006_03182","CID4535","PVL","CID4535_TCAATCTTCTGTCAAG"
"boot_1006_03183","CID4535","PVL","CID4535_GTGCTTCTCAAACCAC"
"boot_1006_03184","CID4535","PVL","CID4535_CTGAAGTAGCCGTCGT"
"boot_1006_03185","CID4535","PVL","CID4535_CGTAGGCTCACGACTA"
"boot_1006_03186","CID4535","PVL","CID4535_TATGCCCTCCACTGGG"
"boot_1006_03187","CID4535","PVL","CID4535_TGGCTGGAGAAGGACA"
"boot_1006_03188","CID4535","PVL","CID4535_CGGACTGGTAAGTGGC"
"boot_1006_03189","CID4535","PVL","CID4535_CGTAGCGAGATATGGT"
"boot_1006_03190","CID4535","PVL","CID4535_TCCACACAGGGAACGG"
"boot_1006_03191","CID4535","PVL","CID4535_ATCCACCGTTTGTGTG"
"boot_1006_03192","CID4535","PVL","CID4535_CTACGTCGTACTCAAC"
"boot_1006_03193","CID4535","PVL","CID4535_GACGTGCAGACCTTTG"
"boot_1006_03194","CID4535","PVL","CID4535_ACCGTAAAGAACTGTA"
"boot_1006_03195","CID4535","PVL","CID4535_AACTGGTAGTGAAGAG"
"boot_1006_03196","CID4535","PVL","CID4535_AAGACCTTCGAACGGA"
"boot_1006_03197","CID4535","PVL","CID4535_ATCTGCCGTGCTAGCC"
"boot_1006_03198","CID4535","PVL","CID4535_GTGCGGTGTAGATTAG"
"boot_1006_03199","CID4535","PVL","CID4535_AGCGTCGGTCGACTGC"
"boot_1006_03200","CID4535","PVL","CID4535_ATCGAGTAGTCCATAC"
"boot_1006_03201","CID4535","PVL","CID4535_TCAATCTTCAGTCCCT"
"boot_1006_03202","CID4535","PVL","CID4535_ATTGGTGAGCGTTTAC"
"boot_1006_03203","CID4535","PVL","CID4535_GCTGCTTTCTTACCGC"
"boot_1006_03204","CID4535","PVL","CID4535_TCAGATGCATGAGCGA"
"boot_1006_03205","CID4535","PVL","CID4535_ATTGGTGAGCGTTTAC"
"boot_1006_03206","CID4535","PVL","CID4535_GATGCTACAGGGATTG"
"boot_1006_03207","CID4535","PVL","CID4535_CCGTACTCAGGTCCAC"
"boot_1006_03208","CID4535","PVL","CID4535_AGGCCGTAGGCTCATT"
"boot_1006_03209","CID4535","PVL","CID4535_AGCGGTCAGATCGATA"
"boot_1006_03210","CID4535","PVL","CID4535_GAGTCCGGTCAACTGT"
"boot_1006_03211","CID4535","PVL","CID4535_CGTGAGCTCAGTTTGG"
"boot_1006_03212","CID4535","PVL","CID4535_ACACCCTGTCGCGTGT"
"boot_1006_03213","CID4535","PVL","CID4535_CGTCAGGGTGGTTTCA"
"boot_1006_03214","CID4535","PVL","CID4535_TACTCATGTCTAGAGG"
"boot_1006_03215","CID4535","PVL","CID4535_TAGAGCTCAGAGCCAA"
"boot_1006_03216","CID4535","PVL","CID4535_GCATACATCTGTTGAG"
"boot_1006_03217","CID4535","PVL","CID4535_GGGCACTTCAGTACGT"
"boot_1006_03218","CID4535","PVL","CID4535_GGAACTTTCGGTGTCG"
"boot_1006_03219","CID4535","PVL","CID4535_AGAGTGGTCTGCGACG"
"boot_1006_03220","CID4535","PVL","CID4535_ACGGAGACACTTACGA"
"boot_1006_03221","CID4535","PVL","CID4535_GGGCATCTCTGATACG"
"boot_1006_03222","CID4535","PVL","CID4535_ACATCAGCACCTCGTT"
"boot_1006_03223","CID4535","PVL","CID4535_TAGGCATAGCGTGAAC"
"boot_1006_03224","CID4535","PVL","CID4535_ATCATGGAGCTAACAA"
"boot_1006_03225","CID4535","PVL","CID4535_CGTAGCGCACCGGAAA"
"boot_1006_03226","CID4535","PVL","CID4535_GACTACAAGTGAACAT"
"boot_1006_03227","CID4535","PVL","CID4535_AACTTTCTCCGAGCCA"
"boot_1006_03228","CID4535","PVL","CID4535_GTCACGGCATTTGCCC"
"boot_1006_03229","CID4535","PVL","CID4535_TACCTATAGCAATATG"
"boot_1006_03230","CID4535","PVL","CID4535_GTACTCCCAATGTAAG"
"boot_1006_03231","CID4535","PVL","CID4535_TTTCCTCGTCGGGTCT"
"boot_1006_03232","CID4535","PVL","CID4535_GACTGCGCAATGGATA"
"boot_1006_03233","CID4535","PVL","CID4535_GTGCAGCTCACTATTC"
"boot_1006_03234","CID4535","PVL","CID4535_CCTTCCCTCCCTTGTG"
"boot_1006_03235","CID4535","PVL","CID4535_TTTCCTCCACCAGGTC"
"boot_1006_03236","CID4535","PVL","CID4535_TGAGCATTCCACTGGG"
"boot_1006_03237","CID4535","PVL","CID4535_CGAGCCAAGGCGCTCT"
"boot_1006_03238","CID4535","PVL","CID4535_TCAATCTTCTGTCAAG"
"boot_1006_03239","CID4535","PVL","CID4535_GCTTGAACAAGCCATT"
"boot_1006_03240","CID4535","PVL","CID4535_TTTACTGGTCACCCAG"
"boot_1006_03241","CID4535","PVL","CID4535_AGGTCATTCTTCCTTC"
"boot_1006_03242","CID4535","PVL","CID4535_ACCGTAAAGAACTGTA"
"boot_1006_03243","CID4535","PVL","CID4535_GGCTGGTTCTGCAAGT"
"boot_1006_03244","CID4535","PVL","CID4535_TTTACTGGTCACCCAG"
"boot_1006_03245","CID4535","PVL","CID4535_ACAGCTAGTTCCTCCA"
"boot_1006_03246","CID4535","PVL","CID4535_AGAGCTTAGACATAAC"
"boot_1006_03247","CID4535","PVL","CID4535_GCTGCAGGTTCCATGA"
"boot_1006_03248","CID4535","PVL","CID4535_TATCTCAGTATAAACG"
"boot_1006_03249","CID4535","PVL","CID4535_GGAACTTTCGGTGTCG"
"boot_1006_03250","CID4535","PVL","CID4535_CGTGTCTGTAGGAGTC"
"boot_1006_03251","CID4535","PVL","CID4535_ACGAGCCCACCCTATC"
"boot_1006_03252","CID4535","PVL","CID4535_ACCAGTACAAGTCATC"
"boot_1006_03253","CID4535","PVL","CID4535_GTGGGTCCAATAGCAA"
"boot_1006_03254","CID4535","PVL","CID4535_CCAGCGAAGACTAAGT"
"boot_1006_03255","CID4535","PVL","CID4535_GAACGGAAGTGTCTCA"
"boot_1006_03256","CID4535","PVL","CID4535_TCAATCTCAATGGATA"
"boot_1006_03257","CID4535","PVL","CID4535_TTGGCAAAGTCTCCTC"
"boot_1006_03258","CID4535","PVL","CID4535_CCATGTCAGAAACCGC"
"boot_1006_03259","CID4535","PVL","CID4535_CAGGTGCGTCAAAGCG"
"boot_1006_03260","CID4535","PVL","CID4535_TGACAACCAGTAAGAT"
"boot_1006_03261","CID4535","PVL","CID4535_CGGAGTCCACCCAGTG"
"boot_1006_03262","CID4535","PVL","CID4535_TTGGAACGTTGGTGGA"
"boot_1006_03263","CID4535","PVL","CID4535_ATTGGTGAGCGTTTAC"
"boot_1006_03264","CID4535","PVL","CID4535_ACGGAGATCGGTGTCG"
"boot_1006_03265","CID4535","PVL","CID4535_TTCTTAGTCAGGATCT"
"boot_1006_03266","CID4535","PVL","CID4535_GTCACAAGTCAACATC"
"boot_1006_03267","CID4535","PVL","CID4535_TACGGATAGGCATGTG"
"boot_1006_03268","CID4535","PVL","CID4535_TTGGCAAAGTCTCCTC"
"boot_1006_03269","CID4535","PVL","CID4535_GGCGTGTTCGTACCGG"
"boot_1006_03270","CID4535","PVL","CID4535_TGGTTCCAGGAGTTTA"
"boot_1006_03271","CID4535","PVL","CID4535_GGATTACGTTTAGCTG"
"boot_1006_03272","CID4535","PVL","CID4535_ACGAGCCGTAGGCTGA"
"boot_1006_03273","CID4535","PVL","CID4535_CACACAACAAGAGTCG"
"boot_1006_03274","CID4535","PVL","CID4535_TGCGTGGGTCCTAGCG"
"boot_1006_03275","CID4535","PVL","CID4535_CACATTTAGTGGAGAA"
"boot_1006_03276","CID4535","PVL","CID4535_TCACAAGCAGTCGTGC"
"boot_1006_03277","CID4535","PVL","CID4535_GGAACTTTCGGTGTCG"
"boot_1006_03278","CID4535","PVL","CID4535_GGCCGATCATCTATGG"
"boot_1006_03279","CID4535","PVL","CID4535_GCATGATTCCATTCTA"
"boot_1006_03280","CID4535","PVL","CID4535_TACGGGCAGTGTGAAT"
"boot_1006_03281","CID4535","PVL","CID4535_GAATGAATCGCGTTTC"
"boot_1006_03282","CID4535","PVL","CID4535_CGAACATAGTGTTTGC"
"boot_1006_03283","CID4535","PVL","CID4535_TCTTTCCTCAGTGTTG"
"boot_1006_03284","CID4535","PVL","CID4535_CCCATACGTTCGTCTC"
"boot_1006_03285","CID4535","PVL","CID4535_CGCTGGAAGTACACCT"
"boot_1006_03286","CID4535","PVL","CID4535_TGGGCGTGTCGGCATC"
"boot_1006_03287","CID4535","PVL","CID4535_CCAGCGAGTAAATGTG"
"boot_1006_03288","CID4535","PVL","CID4535_AGACGTTCATGCATGT"
"boot_1006_03289","CID4535","PVL","CID4535_CAGCAGCCATGTTGAC"
"boot_1006_03290","CID4535","PVL","CID4535_CCCAGTTGTGCAACGA"
"boot_1006_03291","CID4535","PVL","CID4535_GTACGTAAGGACGAAA"
"boot_1006_03292","CID4535","PVL","CID4535_GCCAAATTCATCATTC"
"boot_1006_03293","CID4535","PVL","CID4535_ATTATCCTCAGCGATT"
"boot_1006_03294","CID4535","PVL","CID4535_CGAACATTCCAAATGC"
"boot_1006_03295","CID4535","PVL","CID4535_GCGAGAAGTCGACTAT"
"boot_1006_03296","CID4535","PVL","CID4535_CAGAGAGCAGATGGCA"
"boot_1006_03297","CID4535","PVL","CID4535_CGCTGGAAGTACACCT"
"boot_1006_03298","CID4535","PVL","CID4535_CGTTGGGCACGAGAGT"
"boot_1006_03299","CID4535","PVL","CID4535_TTAGGACAGGTACTCT"
"boot_1006_03300","CID4535","PVL","CID4535_TACGGGCAGTGTGAAT"
"boot_1006_03301","CID4535","PVL","CID4535_CTAGAGTGTCGGCATC"
"boot_1006_03302","CID4535","PVL","CID4535_GGTATTGAGGTGATTA"
"boot_1006_03303","CID4535","PVL","CID4535_CGGAGCTAGCACCGTC"
"boot_1006_03304","CID4535","PVL","CID4535_CACCACTTCCAGAGGA"
"boot_1006_03305","CID4535","PVL","CID4535_GGTGTTACAACGATCT"
"boot_1006_03306","CID4535","PVL","CID4535_GTGCATATCTTGAGGT"
"boot_1006_03307","CID4535","PVL","CID4535_GCATACATCTGTTGAG"
"boot_1006_03308","CID4535","PVL","CID4535_GACCAATTCTTTACGT"
"boot_1006_03309","CID4535","PVL","CID4535_GTGCTTCTCAAACCAC"
"boot_1006_03310","CID4535","PVL","CID4535_CAGGTGCAGGGTGTGT"
"boot_1006_03311","CID4535","PVL","CID4535_CATCAGAAGGCACATG"
"boot_1006_03312","CID4535","PVL","CID4535_ACCGTAATCGTCCGTT"
"boot_1006_03313","CID4535","PVL","CID4535_ATCCACCGTTTGTGTG"
"boot_1006_03314","CID4535","PVL","CID4535_CGTAGCGAGATATGGT"
"boot_1006_03315","CID4535","PVL","CID4535_TCGAGGCCACCGGAAA"
"boot_1006_03316","CID4535","PVL","CID4535_TATCTCAGTATAAACG"
"boot_1006_03317","CID4535","PVL","CID4535_AAGCCGCAGCGATCCC"
"boot_1006_03318","CID4535","PVL","CID4535_AACTCAGTCCCTAACC"
"boot_1006_03319","CID4535","PVL","CID4535_CGAGAAGTCGCATGGC"
"boot_1006_03320","CID4535","PVL","CID4535_AAATGCCAGCGATTCT"
"boot_1006_03321","CID4535","PVL","CID4535_TGCCAAAGTTTGACAC"
"boot_1006_03322","CID4535","PVL","CID4535_AGAGCGATCTGTTGAG"
"boot_1006_03323","CID4535","PVL","CID4535_GGATGTTGTAGGCTGA"
"boot_1006_03324","CID4535","PVL","CID4535_ACTTACTTCACGGTTA"
"boot_1006_03325","CID4535","PVL","CID4535_GCAGTTATCCAGGGCT"
"boot_1006_03326","CID4535","PVL","CID4535_TACGGATCACCAGATT"
"boot_1006_03327","CID4535","PVL","CID4535_GTGCATATCTTGAGGT"
"boot_1006_03328","CID4535","PVL","CID4535_TCGCGAGCAGTTAACC"
"boot_1006_03329","CID4535","PVL","CID4535_TGAGCATCATGAACCT"
"boot_1006_03330","CID4535","PVL","CID4535_AGGCCGTAGGCTCATT"
"boot_1006_03331","CID4535","PVL","CID4535_TGGTTCCGTTGCTCCT"
"boot_1006_03332","CID4535","PVL","CID4535_CTCTGGTAGTGAAGAG"
"boot_1006_03333","CID4535","PVL","CID4535_CACACAATCCTTTCGG"
"boot_1006_03334","CID4535","PVL","CID4535_GGGTTGCCAGAAGCAC"
"boot_1006_03335","CID4535","PVL","CID4535_CACCAGGAGTTGCAGG"
"boot_1006_03336","CID4535","PVL","CID4535_GACGTTAGTAAGGGCT"
"boot_1006_03337","CID4535","PVL","CID4535_AAGGTTCTCTTCATGT"
"boot_1006_03338","CID4535","PVL","CID4535_CCAGCGAGTCCATGAT"
"boot_1006_03339","CID4535","PVL","CID4535_CTTAGGATCTTTAGGG"
"boot_1006_03340","CID4535","PVL","CID4535_CAAGGCCCAATCGAAA"
"boot_1006_03341","CID4535","PVL","CID4535_CTTTGCGCACGACGAA"
"boot_1006_03342","CID4535","PVL","CID4535_TAGTGGTTCCACGTTC"
"boot_1006_03343","CID4535","PVL","CID4535_GACGCGTGTAAGTAGT"
"boot_1006_03344","CID4535","PVL","CID4535_GACAGAGGTCTCCACT"
"boot_1006_03345","CID4535","PVL","CID4535_GTAACGTTCCGCTGTT"
"boot_1006_03346","CID4535","PVL","CID4535_TTCTCAATCTACTTAC"
"boot_1006_03347","CID4535","PVL","CID4535_CTCGGGAGTCGAATCT"
"boot_1006_03348","CID4535","PVL","CID4535_TACAGTGTCCCATTAT"
"boot_1006_03349","CID4535","PVL","CID4535_CCAGCGACACATCCAA"
"boot_1006_03350","CID4535","PVL","CID4535_CCCAGTTCATCGGTTA"
"boot_1006_03351","CID4535","PVL","CID4535_CAACCTCCAAGGTTTC"
"boot_1006_03352","CID4535","PVL","CID4535_GCAGTTATCGACAGCC"
"boot_1006_03353","CID4535","PVL","CID4535_CTACGTCGTCGCGTGT"
"boot_1006_03354","CID4535","PVL","CID4535_GGGCATCTCTGATACG"
"boot_1006_03355","CID4535","PVL","CID4535_AGTGAGGTCAACGCTA"
"boot_1006_03356","CID4535","PVL","CID4535_TTTACTGAGCTAGTCT"
"boot_1006_03357","CID4535","PVL","CID4535_TTCGGTCCACATGGGA"
"boot_1006_03358","CID4535","PVL","CID4535_GAACCTAAGACTTGAA"
"boot_1006_03359","CID4535","PVL","CID4535_GCAAACTCACGAAATA"
"boot_1006_03360","CID4535","PVL","CID4535_GAAGCAGGTCCCTACT"
"boot_1006_03361","CID4535","PVL","CID4535_GGAGCAACAGTATAAG"
"boot_1006_03362","CID4535","PVL","CID4535_GTCACAAGTCAACATC"
"boot_1006_03363","CID4535","PVL","CID4535_TCAGCAAAGTAGCGGT"
"boot_1006_03364","CID4535","PVL","CID4535_GTGCATAGTTGGTTTG"
"boot_1006_03365","CID4535","PVL","CID4535_GTTACAGGTACGACCC"
"boot_1006_03366","CID4535","PVL","CID4535_AGCGTATCAGCCTTGG"
"boot_1006_03367","CID4535","PVL","CID4535_CGCGGTAAGGTGATTA"
"boot_1006_03368","CID4535","PVL","CID4535_TTGTAGGTCACTCCTG"
"boot_1006_03369","CID4535","PVL","CID4535_CTCGTACCAAAGTCAA"
"boot_1006_03370","CID4535","PVL","CID4535_CATCAAGAGCTCCCAG"
"boot_1006_03371","CID4535","PVL","CID4535_CCACGGACACACAGAG"
"boot_1006_03372","CID4535","PVL","CID4535_TACCTATAGGAGTTGC"
"boot_1006_03373","CID4535","PVL","CID4535_CGTAGCGCACCGGAAA"
"boot_1006_03374","CID4535","PVL","CID4535_CCCATACGTTCGTCTC"
"boot_1006_03375","CID4535","PVL","CID4535_GTAACTGGTAACGACG"
"boot_1006_03376","CID4535","PVL","CID4535_GTGCGGTGTAAATGTG"
"boot_1006_03377","CID4535","PVL","CID4535_TCCCGATTCACTCTTA"
"boot_1006_03378","CID4535","PVL","CID4535_TGAGCATCAACGCACC"
"boot_1006_03379","CID4535","PVL","CID4535_CTCGAAACAGCTGCTG"
"boot_1006_03380","CID4535","PVL","CID4535_GCATGATTCCATTCTA"
"boot_1006_03381","CID4535","PVL","CID4535_GAGTCCGCAATAGAGT"
"boot_1006_03382","CID4535","PVL","CID4535_CACCAGGAGTTGCAGG"
"boot_1006_03383","CID4535","PVL","CID4535_CTGAAACCAATCTGCA"
"boot_1006_03384","CID4535","PVL","CID4535_CAACTAGCATCTATGG"
"boot_1006_03385","CID4535","PVL","CID4535_TCAGATGCATGAGCGA"
"boot_1006_03386","CID4535","PVL","CID4535_ATGCGATAGACGCTTT"
"boot_1006_03387","CID4535","PVL","CID4535_GGTGTTACAACGATCT"
"boot_1006_03388","CID4535","PVL","CID4535_GAAGCAGGTCCCTACT"
"boot_1006_03389","CID4535","PVL","CID4535_GTGCAGCGTAAACACA"
"boot_1006_03390","CID4535","PVL","CID4535_AGAGCGATCTGTTGAG"
"boot_1006_03391","CID4535","PVL","CID4535_GAGGTGACACGACGAA"
"boot_1006_03392","CID4535","PVL","CID4535_TTTACTGAGCTAGTCT"
"boot_1006_03393","CID4535","PVL","CID4535_TAGGCATAGCTGTCTA"
"boot_1006_03394","CID4535","PVL","CID4535_CCAGCGAGTTAAGATG"
"boot_1006_03395","CID4535","PVL","CID4535_AACTCAGGTCAGAAGC"
"boot_1006_03396","CID4535","PVL","CID4535_GACGTGCGTTTACTCT"
"boot_1006_03397","CID4535","PVL","CID4535_TACTCGCTCAGTTTGG"
"boot_1006_03398","CID4535","PVL","CID4535_TGGCGCAAGTACGCCC"
"boot_1006_03399","CID4535","PVL","CID4535_TGGACGCTCGGAAACG"
"boot_1006_03400","CID4535","PVL","CID4535_GCACATACATACTCTT"
"boot_1006_03401","CID4535","PVL","CID4535_ACACTGACAACGCACC"
"boot_1006_03402","CID4535","PVL","CID4535_CCAGCGAGTGCAACGA"
"boot_1006_03403","CID4535","PVL","CID4535_GCTGCAGGTTCCATGA"
"boot_1006_03404","CID4535","PVL","CID4535_AACTGGTAGTGAAGAG"
"boot_1006_03405","CID4535","PVL","CID4535_TACCTATAGCAATATG"
"boot_1006_03406","CID4535","PVL","CID4535_TCAGGATCATACTCTT"
"boot_1006_03407","CID4535","PVL","CID4535_CTGAAACCACAAGCCC"
"boot_1006_03408","CID4535","PVL","CID4535_GAACGGATCCAAATGC"
"boot_1006_03409","CID4535","PVL","CID4535_GCATGATTCCATTCTA"
"boot_1006_03410","CID4535","PVL","CID4535_GGACATTGTGTTTGGT"
"boot_1006_03411","CID4535","PVL","CID4535_TATGCCCTCCACTGGG"
"boot_1006_03412","CID4535","PVL","CID4535_CAGCAGCCATGTTGAC"
"boot_1006_03413","CID4535","PVL","CID4535_CTGCTGTAGCTTATCG"
"boot_1006_03414","CID4535","PVL","CID4535_GAATGAATCTTTCCTC"
"boot_1006_03415","CID4535","PVL","CID4535_TCAATCTCAATGGATA"
"boot_1006_03416","CID4535","PVL","CID4535_GTGTTAGAGACAGAGA"
"boot_1006_03417","CID4535","PVL","CID4535_AAAGCAAGTCGGATCC"
"boot_1006_03418","CID4535","PVL","CID4535_GGTATTGTCACCCGAG"
"boot_1006_03419","CID4535","PVL","CID4535_ACGGAGACAGCCAATT"
"boot_1006_03420","CID4535","PVL","CID4535_AGATCTGCAAGGACAC"
"boot_1006_03421","CID4535","PVL","CID4535_GTACGTAAGGACGAAA"
"boot_1006_03422","CID4535","PVL","CID4535_GAACCTAAGACTTGAA"
"boot_1006_03423","CID4535","PVL","CID4535_CAGAGAGGTGTGCCTG"
"boot_1006_03424","CID4535","PVL","CID4535_CATTATCAGGAGCGAG"
"boot_1006_03425","CID4535","PVL","CID4535_CCAGCGAGTTAAGATG"
"boot_1006_03426","CID4535","PVL","CID4535_AGGCCACAGAGCCTAG"
"boot_1006_03427","CID4535","PVL","CID4535_ACGGAGACAGCCAATT"
"boot_1006_03428","CID4535","PVL","CID4535_CGTGTCTGTAGGAGTC"
"boot_1006_03429","CID4535","PVL","CID4535_GTTAAGCAGCGACGTA"
"boot_1006_03430","CID4535","PVL","CID4535_TTGGCAAGTACGAAAT"
"boot_1006_03431","CID4535","PVL","CID4535_GCGAGAAAGTTCCACA"
"boot_1006_03432","CID4535","PVL","CID4535_TCACAAGCAGTCGTGC"
"boot_1006_03433","CID4535","PVL","CID4535_GGTATTGCAAGGGTCA"
"boot_1006_03434","CID4535","PVL","CID4535_GAACGGATCCAAATGC"
"boot_1006_03435","CID4535","PVL","CID4535_CTCGGGACACGGCTAC"
"boot_1006_03436","CID4535","PVL","CID4535_AAGCCGCTCTAACGGT"
"boot_1006_03437","CID4535","PVL","CID4535_CATATGGCATTGTGCA"
"boot_1006_03438","CID4535","PVL","CID4535_ATGCGATAGCCCTAAT"
"boot_1006_03439","CID4535","PVL","CID4535_CGGAGCTAGCACCGTC"
"boot_1006_03440","CID4535","PVL","CID4535_TTGGCAAAGTCTCCTC"
"boot_1006_03441","CID4535","PVL","CID4535_GGAATAACAAACGTGG"
"boot_1006_03442","CID4535","PVL","CID4535_AGAGCTTAGACATAAC"
"boot_1006_03443","CID4535","PVL","CID4535_CGGACACGTTCTGGTA"
"boot_1006_03444","CID4535","PVL","CID4535_GCTGCTTTCTTACCGC"
"boot_1006_03445","CID4535","PVL","CID4535_CGTGTCTGTAGGAGTC"
"boot_1006_03446","CID4535","PVL","CID4535_CAACCTCCAAGGTTTC"
"boot_1006_03447","CID4535","PVL","CID4535_AAATGCCAGCGATTCT"
"boot_1006_03448","CID4535","PVL","CID4535_ACCCACTTCAATACCG"
"boot_1006_03449","CID4535","PVL","CID4535_GACAGAGGTCTCCACT"
"boot_1006_03450","CID4535","PVL","CID4535_GGCAATTTCAACCATG"
"boot_1006_03451","CID4535","PVL","CID4535_CCAGCGAGTGCAACGA"
"boot_1006_03452","CID4535","PVL","CID4535_GAGTCCGCAATAGAGT"
"boot_1006_03453","CID4535","PVL","CID4535_ACGGAGAGTTCCACAA"
"boot_1006_03454","CID4535","PVL","CID4535_CTCTAATTCTTGAGAC"
"boot_1006_03455","CID4535","PVL","CID4535_CTGCTGTAGCTTATCG"
"boot_1006_03456","CID4535","PVL","CID4535_GCATACATCTGTTGAG"
"boot_1006_03457","CID4535","PVL","CID4535_CTGAAACCACAAGCCC"
"boot_1006_03458","CID4535","PVL","CID4535_TAGGCATCATGACATC"
"boot_1006_03459","CID4535","PVL","CID4535_TTTGCGCCAATTGCTG"
"boot_1006_03460","CID4535","PVL","CID4535_ATCTACTCAGGCAGTA"
"boot_1006_03461","CID4535","PVL","CID4535_GCATGATTCCATTCTA"
"boot_1006_03462","CID4535","PVL","CID4535_GGCGTGTTCGCAGGCT"
"boot_1006_03463","CID4535","PVL","CID4535_ACGGAGACACTTACGA"
"boot_1006_03464","CID4535","PVL","CID4535_CGATGGCTCATCACCC"
"boot_1006_03465","CID4535","PVL","CID4535_CATCCACCACAGCGTC"
"boot_1006_03466","CID4535","PVL","CID4535_CCGTACTCAGGTCCAC"
"boot_1006_03467","CID4535","PVL","CID4535_AGAGTGGCACCGATAT"
"boot_1006_03468","CID4535","PVL","CID4535_GCACTCTTCCGCAGTG"
"boot_1006_03469","CID4535","PVL","CID4535_TGGCCAGGTTCCGGCA"
"boot_1006_03470","CID4535","PVL","CID4535_CTGAAGTCATGCCCGA"
"boot_1006_03471","CID4535","PVL","CID4535_CAAGAAATCATGCATG"
"boot_1006_03472","CID4535","PVL","CID4535_TGAAAGAAGCACGCCT"
"boot_1006_03473","CID4535","PVL","CID4535_AAAGCAAGTCGGATCC"
"boot_1006_03474","CID4535","PVL","CID4535_ACATGGTTCCTGCTTG"
"boot_1006_03475","CID4535","PVL","CID4535_TAGGCATCATGACATC"
"boot_1006_03476","CID4535","PVL","CID4535_ACGGGTCAGGTGTGGT"
"boot_1006_03477","CID4535","PVL","CID4535_CGATGGCGTGTATGGG"
"boot_1006_03478","CID4535","PVL","CID4535_CTCGAAACAGCTGCTG"
"boot_1006_03479","CID4535","PVL","CID4535_TCAATCTCAATGGATA"
"boot_1006_03480","CID4535","PVL","CID4535_CAGGTGCGTCAAAGCG"
"boot_1006_03481","CID4535","PVL","CID4535_TCAATCTTCTGTCAAG"
"boot_1006_03482","CID4535","PVL","CID4535_GAATGAATCTTTCCTC"
"boot_1006_03483","CID4535","PVL","CID4535_TACAGTGCATGTCGAT"
"boot_1006_03484","CID4535","PVL","CID4535_TGAGCATCATGAACCT"
"boot_1006_03485","CID4535","PVL","CID4535_GAACGGATCCAAATGC"
"boot_1006_03486","CID4535","PVL","CID4535_AAGCCGCAGTAAGTAC"
"boot_1006_03487","CID4535","PVL","CID4535_CCACGGAAGGCGACAT"
"boot_1006_03488","CID4535","PVL","CID4535_CGGAGCTTCGAGCCCA"
"boot_1006_03489","CID4535","PVL","CID4535_ATCACGATCGCTTAGA"
"boot_1006_03490","CID4535","PVL","CID4535_CAGTCCTCACAGATTC"
"boot_1006_03491","CID4535","PVL","CID4535_GAACGGAAGTGTCTCA"
"boot_1006_03492","CID4535","PVL","CID4535_CGCGGTAAGGTGATTA"
"boot_1006_03493","CID4535","PVL","CID4535_CAGGTGCAGGGTTCCC"
"boot_1006_03494","CID4535","PVL","CID4535_CTCGGGAGTCGAATCT"
"boot_1006_03495","CID4535","PVL","CID4535_CTAAGACTCATTGCGA"
"boot_1006_03496","CID4535","PVL","CID4535_GGACAGAAGAAGGTTT"
"boot_1006_03497","CID4535","PVL","CID4535_GACTAACGTATGAAAC"
"boot_1006_03498","CID4535","PVL","CID4535_GCGAGAACACATTCGA"
"boot_1006_03499","CID4535","PVL","CID4535_CGGAGTCTCGGAATCT"
"boot_1006_03500","CID4535","PVL","CID4535_TGAGCCGCAAAGTCAA"
"boot_1006_03501","CID4535","PVL","CID4535_GATGCTACAGGGATTG"
"boot_1006_03502","CID4535","PVL","CID4535_GGAATAACAAACGTGG"
"boot_1006_03503","CID4535","PVL","CID4535_CCACGGAAGGCGACAT"
"boot_1006_03504","CID4535","PVL","CID4535_CTCTAATTCTTGAGAC"
"boot_1006_03505","CID4535","PVL","CID4535_CACAAACAGCAAATCA"
"boot_1006_03506","CID4535","PVL","CID4535_AACTTTCTCCGAGCCA"
"boot_1006_03507","CID4535","PVL","CID4535_GGAATAACAAACGTGG"
"boot_1006_03508","CID4535","PVL","CID4535_ACATCAGCACCTCGTT"
"boot_1006_03509","CID4535","PVL","CID4535_GCCTCTAAGATGTGGC"
"boot_1006_03510","CID4535","PVL","CID4535_CCCATACGTTCGTCTC"
"boot_1006_03511","CID4535","PVL","CID4535_GCGCAGTAGCTGGAAC"
"boot_1006_03512","CID4535","PVL","CID4535_ACGAGCCCACCCTATC"
"boot_1006_03513","CID4535","PVL","CID4535_TACTTGTTCCTTGGTC"
"boot_1006_03514","CID4535","PVL","CID4535_CACATTTAGTGGAGAA"
"boot_1006_03515","CID4535","PVL","CID4535_AAGACCTAGGTGACCA"
"boot_1006_03516","CID4535","PVL","CID4535_CCTAAAGGTTATTCTC"
"boot_1006_03517","CID4535","PVL","CID4535_CTGGTCTGTCTGATTG"
"boot_1006_03518","CID4535","PVL","CID4535_ATTACTCGTACGCACC"
"boot_1006_03519","CID4535","PVL","CID4535_AGCGTCGAGTCTTGCA"
"boot_1006_03520","CID4535","PVL","CID4535_GAGGTGACACGACGAA"
"boot_1006_03521","CID4535","PVL","CID4535_GGTGTTATCTAGAGTC"
"boot_1006_03522","CID4535","PVL","CID4535_GGGCATCTCTGATACG"
"boot_1006_03523","CID4535","PVL","CID4535_CCAATCCGTTACGGAG"
"boot_1006_03524","CID4535","PVL","CID4535_GCTCCTAAGTGGAGAA"
"boot_1006_03525","CID4535","PVL","CID4535_GCTGCAGGTTCCATGA"
"boot_1006_03526","CID4535","PVL","CID4535_ACTGAACTCAACCAAC"
"boot_1006_03527","CID4535","PVL","CID4535_TCGCGAGCAGTTAACC"
"boot_1006_03528","CID4535","PVL","CID4535_TGGCCAGGTTCCGGCA"
"boot_1006_03529","CID4535","PVL","CID4535_GAACGGATCAGCCTAA"
"boot_1006_03530","CID4535","PVL","CID4535_CCTAGCTCAATCCGAT"
"boot_1006_03531","CID4535","PVL","CID4535_CGGAGTCAGCCCAGCT"
"boot_1006_03532","CID4535","PVL","CID4535_CACCAGGTCACAGTAC"
"boot_1006_03533","CID4535","PVL","CID4535_TCACGAAAGAGGTAGA"
"boot_1006_03534","CID4535","PVL","CID4535_TCCCGATGTCGCGTGT"
"boot_1006_03535","CID4535","PVL","CID4535_CGAGCACGTTTGTGTG"
"boot_1006_03536","CID4535","PVL","CID4535_ACATCAGCAGGACGTA"
"boot_1006_03537","CID4535","PVL","CID4535_ACACCCTGTCGCGTGT"
"boot_1006_03538","CID4535","PVL","CID4535_AACTCTTCAATAACGA"
"boot_1006_03539","CID4535","PVL","CID4535_CGTCCATTCTCTGCTG"
"boot_1006_03540","CID4535","PVL","CID4535_CGATGGCTCACAGTAC"
"boot_1006_03541","CID4535","PVL","CID4535_GACTACAAGATAGTCA"
"boot_1006_03542","CID4535","PVL","CID4535_GCTGCTTTCTTACCGC"
"boot_1006_03543","CID4535","PVL","CID4535_CTCGTACCAAAGTCAA"
"boot_1006_03544","CID4535","PVL","CID4535_CTCTGGTTCATAACCG"
"boot_1006_03545","CID4535","PVL","CID4535_GGACAGAAGAAGGTTT"
"boot_1006_03546","CID4535","PVL","CID4535_GCAGCCATCACAAACC"
"boot_1006_03547","CID4535","PVL","CID4535_TATGCCCTCCACTGGG"
"boot_1006_03548","CID4535","PVL","CID4535_CTGATCCTCACTTCAT"
"boot_1006_03549","CID4535","PVL","CID4535_CACCTTGGTAGCGTCC"
"boot_1006_03550","CID4535","PVL","CID4535_CCTAAAGGTTATTCTC"
"boot_1006_03551","CID4535","PVL","CID4535_CATATGGCAAGCGTAG"
"boot_1006_03552","CID4535","PVL","CID4535_GACGTGCGTTTACTCT"
"boot_1006_03553","CID4535","PVL","CID4535_CAGCTAACATCACAAC"
"boot_1006_03554","CID4535","PVL","CID4535_CTGAAGTAGCCGTCGT"
"boot_1006_03555","CID4535","PVL","CID4535_GGAACTTTCAAACCGT"
"boot_1006_03556","CID4535","PVL","CID4535_AGGTCATGTCCCGACA"
"boot_1006_03557","CID4535","PVL","CID4535_GGATTACGTTTAGCTG"
"boot_1006_03558","CID4535","PVL","CID4535_ACCAGTACAAGTCATC"
"boot_1006_03559","CID4535","PVL","CID4535_TGCGCAGGTTCGCGAC"
"boot_1006_03560","CID4535","PVL","CID4535_AGGTCATTCTTCCTTC"
"boot_1006_03561","CID4535","PVL","CID4535_GTGGGTCCAATAGCAA"
"boot_1006_03562","CID4535","PVL","CID4535_CGATGGCTCACAGTAC"
"boot_1006_03563","CID4535","PVL","CID4535_TGAGCCGCAAAGTCAA"
"boot_1006_03564","CID4535","PVL","CID4535_ACGGAGACACTTACGA"
"boot_1006_03565","CID4535","PVL","CID4535_GCCTCTAAGATGTGGC"
"boot_1006_03566","CID4535","PVL","CID4535_GCACTCTGTGCGATAG"
"boot_1006_03567","CID4535","PVL","CID4535_GTCAAGTCAATACGCT"
"boot_1006_03568","CID4535","PVL","CID4535_CAACTAGCATCTATGG"
"boot_1006_03569","CID4535","PVL","CID4535_GGTGTTAGTTTGTGTG"
"boot_1006_03570","CID4535","PVL","CID4535_TTCTCCTGTTTACTCT"
"boot_1006_03571","CID4535","PVL","CID4535_TTTGCGCCAATTGCTG"
"boot_1006_03572","CID4535","PVL","CID4535_GATGCTACAGGGATTG"
"boot_1006_03573","CID4535","PVL","CID4535_CACAGGCTCCTGTACC"
"boot_1006_03574","CID4535","PVL","CID4535_TTCTCAATCTACTTAC"
"boot_1006_03575","CID4535","PVL","CID4535_TTCCCAGGTAGCGTGA"
"boot_1006_03576","CID4535","PVL","CID4535_AATCCAGTCAACGGCC"
"boot_1006_03577","CID4535","PVL","CID4535_GGGACCTAGCGTAATA"
"boot_1006_03578","CID4535","PVL","CID4535_GAGTCCGCAATAGAGT"
"boot_1006_03579","CID4535","PVL","CID4535_CCAGCGAGTAAATGTG"
"boot_1006_03580","CID4535","PVL","CID4535_AGCGTATCAGCCTTGG"
"boot_1006_03581","CID4535","PVL","CID4535_GACGCGTGTAAGTAGT"
"boot_1006_03582","CID4535","PVL","CID4535_TACCTATTCAGCTTAG"
"boot_1006_03583","CID4535","PVL","CID4535_CCTAGCTCACGCTTTC"
"boot_1006_03584","CID4535","PVL","CID4535_GTTCTCGAGGCTATCT"
"boot_1006_03585","CID4535","PVL","CID4535_TAGTGGTTCCACGTTC"
"boot_1006_03586","CID4535","PVL","CID4535_CAAGGCCCAATCGAAA"
"boot_1006_03587","CID4535","PVL","CID4535_GCAGCCATCACAAACC"
"boot_1006_03588","CID4535","PVL","CID4535_GATGCTACAGGGATTG"
"boot_1006_03589","CID4535","PVL","CID4535_TCAGGTATCCCAACGG"
"boot_1006_03590","CID4535","PVL","CID4535_GGAACTTTCAAACCGT"
"boot_1006_03591","CID4535","PVL","CID4535_CTCCTAGTCTGATACG"
"boot_1006_03592","CID4535","PVL","CID4535_TCCCGATCAATGACCT"
"boot_1006_03593","CID4535","PVL","CID4535_GAGGTGACAGGCTCAC"
"boot_1006_03594","CID4535","PVL","CID4535_TCAATCTTCTGTCAAG"
"boot_1006_03595","CID4535","PVL","CID4535_GCTGCGAGTGTGAATA"
"boot_1006_03596","CID4535","PVL","CID4535_GCAGCCATCAGCGATT"
"boot_1006_03597","CID4535","PVL","CID4535_CCTACACAGTAGCGGT"
"boot_1006_03598","CID4535","PVL","CID4535_GAACCTAAGACTTGAA"
"boot_1006_03599","CID4535","PVL","CID4535_AGAGCTTGTCTTGATG"
"boot_1006_03600","CID4535","PVL","CID4535_CCTACACAGTAGCGGT"
"boot_1006_03601","CID4535","PVL","CID4535_CGTGAGCTCAGTTTGG"
"boot_1006_03602","CID4535","PVL","CID4535_CCTACCATCTTCGGTC"
"boot_1006_03603","CID4535","PVL","CID4535_GGCGTGTTCGCAGGCT"
"boot_1006_03604","CID4535","PVL","CID4535_CAGCAGCCATGTTGAC"
"boot_1006_03605","CID4535","PVL","CID4535_ACCCACTTCAATACCG"
"boot_1006_03606","CID4535","PVL","CID4535_GACCAATTCTTTACGT"
"boot_1006_03607","CID4535","PVL","CID4535_ACTGCTCAGCCGCCTA"
"boot_1006_03608","CID4535","PVL","CID4535_CCTAAAGGTTATTCTC"
"boot_1006_03609","CID4535","PVL","CID4535_CAAGTTGTCTTGAGAC"
"boot_1006_03610","CID4535","PVL","CID4535_AGGTCCGTCATGTCCC"
"boot_1006_03611","CID4535","PVL","CID4535_TCTGAGATCTGGCGTG"
"boot_1006_03612","CID4535","PVL","CID4535_TTATGCTTCTCAACTT"
"boot_1006_03613","CID4535","PVL","CID4535_AAATGCCAGAGCCTAG"
"boot_1006_03614","CID4535","PVL","CID4535_GTACGTATCGCAAACT"
"boot_1006_03615","CID4535","PVL","CID4535_TTTATGCCACCGTTGG"
"boot_1006_03616","CID4535","PVL","CID4535_CGTCAGGGTGGTTTCA"
"boot_1006_03617","CID4535","PVL","CID4535_CGGAGTCTCGGAATCT"
"boot_1006_03618","CID4535","PVL","CID4535_GTCACGGCATTTGCCC"
"boot_1006_03619","CID4535","PVL","CID4535_GCACTCTGTGCGATAG"
"boot_1006_03620","CID4535","PVL","CID4535_CGTGTCTGTAGGAGTC"
"boot_1006_03621","CID4535","PVL","CID4535_TACTCGCTCAGTTTGG"
"boot_1006_03622","CID4535","PVL","CID4535_CCTAAAGGTTATTCTC"
"boot_1006_03623","CID4535","PVL","CID4535_AGACGTTAGACTCGGA"
"boot_1006_03624","CID4535","PVL","CID4535_TCACAAGTCGGATGTT"
"boot_1006_03625","CID4535","T cells CD4+","CID4535_CACAGTACATCCGTGG"
"boot_1006_03626","CID4535","T cells CD4+","CID4535_AGATTGCCATTCCTCG"
"boot_1006_03627","CID4535","T cells CD4+","CID4535_ACGCCAGGTAGTACCT"
"boot_1006_03628","CID4535","T cells CD4+","CID4535_CACAAACAGCGCTCCA"
"boot_1006_03629","CID4535","T cells CD4+","CID4535_TGGCTGGTCTCTTATG"
"boot_1006_03630","CID4535","T cells CD4+","CID4535_ATTCTACGTGTTGAGG"
"boot_1006_03631","CID4535","T cells CD4+","CID4535_GCTTGAACAATGGACG"
"boot_1006_03632","CID4535","T cells CD4+","CID4535_GGCCGATCAGCTATTG"
"boot_1006_03633","CID4535","T cells CD4+","CID4535_GACTACAAGGCCGAAT"
"boot_1006_03634","CID4535","T cells CD4+","CID4535_AGAGCTTCAAGGCTCC"
"boot_1006_03635","CID4535","T cells CD4+","CID4535_GGACAAGTCTTAGCCC"
"boot_1006_03636","CID4535","T cells CD4+","CID4535_CCTTACGAGACAAGCC"
"boot_1006_03637","CID4535","T cells CD4+","CID4535_ATTACTCCAACAACCT"
"boot_1006_03638","CID4535","T cells CD4+","CID4535_TACTTGTTCTAAGCCA"
"boot_1006_03639","CID4535","T cells CD4+","CID4535_ACTTGTTAGGAGTCTG"
"boot_1006_03640","CID4535","T cells CD4+","CID4535_CGGACACTCATTATCC"
"boot_1006_03641","CID4535","T cells CD4+","CID4535_CTAGAGTCAATCCAAC"
"boot_1006_03642","CID4535","T cells CD4+","CID4535_CCTTACGAGACAAGCC"
"boot_1006_03643","CID4535","T cells CD4+","CID4535_TACACGATCCAGTAGT"
"boot_1006_03644","CID4535","T cells CD4+","CID4535_AAACCTGCATCAGTCA"
"boot_1006_03645","CID4535","T cells CD4+","CID4535_TCATTTGGTCGCTTTC"
"boot_1006_03646","CID4535","T cells CD4+","CID4535_CTTGGCTTCCGCATCT"
"boot_1006_03647","CID4535","T cells CD4+","CID4535_GGGACCTTCTCAACTT"
"boot_1006_03648","CID4535","T cells CD4+","CID4535_CGAACATGTTCAGCGC"
"boot_1006_03649","CID4535","T cells CD4+","CID4535_CAGCTGGTCAGCTCTC"
"boot_1006_03650","CID4535","T cells CD4+","CID4535_AACTGGTAGTAGCGGT"
"boot_1006_03651","CID4535","T cells CD4+","CID4535_AAACGGGCATTACCTT"
"boot_1006_03652","CID4535","T cells CD4+","CID4535_ATGAGGGAGCTATGCT"
"boot_1006_03653","CID4535","T cells CD4+","CID4535_CGATGGCTCCTCATTA"
"boot_1006_03654","CID4535","T cells CD4+","CID4535_CTGGTCTAGGCGACAT"
"boot_1006_03655","CID4535","T cells CD4+","CID4535_AGAGCTTCAAGGCTCC"
"boot_1006_03656","CID4535","T cells CD4+","CID4535_GATCGATTCCCAGGTG"
"boot_1006_03657","CID4535","T cells CD4+","CID4535_TGGGAAGGTTGTTTGG"
"boot_1006_03658","CID4535","T cells CD4+","CID4535_GACACGCGTTACGGAG"
"boot_1006_03659","CID4535","T cells CD4+","CID4535_GGCCGATTCGGAAATA"
"boot_1006_03660","CID4535","T cells CD4+","CID4535_CAGGTGCAGCAAATCA"
"boot_1006_03661","CID4535","T cells CD4+","CID4535_AGAATAGCAAGGTTCT"
"boot_1006_03662","CID4535","T cells CD4+","CID4535_CTCGAAAGTCAATACC"
"boot_1006_03663","CID4535","T cells CD4+","CID4535_AAATGCCGTGTGCGTC"
"boot_1006_03664","CID4535","T cells CD4+","CID4535_AGATCTGTCGTCCAGG"
"boot_1006_03665","CID4535","T cells CD4+","CID4535_AGATTGCCAATAGCAA"
"boot_1006_03666","CID4535","T cells CD4+","CID4535_TGCCCTACACCCTATC"
"boot_1006_03667","CID4535","T cells CD4+","CID4535_GATCGATTCCCAGGTG"
"boot_1006_03668","CID4535","T cells CD4+","CID4535_GCGCAACTCCTAGGGC"
"boot_1006_03669","CID4535","T cells CD4+","CID4535_CTCGGGACACAGATTC"
"boot_1006_03670","CID4535","T cells CD4+","CID4535_GGCGACTTCAACACTG"
"boot_1006_03671","CID4535","T cells CD4+","CID4535_ACAGCCGGTGTTTGGT"
"boot_1006_03672","CID4535","T cells CD4+","CID4535_GCTCCTAGTGCCTGTG"
"boot_1006_03673","CID4535","T cells CD4+","CID4535_CTCGGAGAGTGGTAGC"
"boot_1006_03674","CID4535","T cells CD4+","CID4535_TTAGGCACAAGCCTAT"
"boot_1006_03675","CID4535","T cells CD4+","CID4535_CTCGTCATCAGCTCTC"
"boot_1006_03676","CID4535","T cells CD4+","CID4535_CCCTCCTGTAAGGATT"
"boot_1006_03677","CID4535","T cells CD4+","CID4535_CTAGCCTAGCCTTGAT"
"boot_1006_03678","CID4535","T cells CD4+","CID4535_CTAGAGTCAGATCGGA"
"boot_1006_03679","CID4535","T cells CD4+","CID4535_TTCTCCTAGAGCTATA"
"boot_1006_03680","CID4535","T cells CD4+","CID4535_ACGGAGATCACGAAGG"
"boot_1006_03681","CID4535","T cells CD4+","CID4535_TATCTCAGTTGAGGTG"
"boot_1006_03682","CID4535","T cells CD4+","CID4535_CTGTGCTTCTTTACAC"
"boot_1006_03683","CID4535","T cells CD4+","CID4535_TACGGGCAGGCCGAAT"
"boot_1006_03684","CID4535","T cells CD4+","CID4535_AACTGGTAGTAGCGGT"
"boot_1006_03685","CID4535","T cells CD4+","CID4535_GGCGTGTTCATATCGG"
"boot_1006_03686","CID4535","T cells CD4+","CID4535_GATCAGTAGACTGTAA"
"boot_1006_03687","CID4535","T cells CD4+","CID4535_CCTTACGAGACAAGCC"
"boot_1006_03688","CID4535","T cells CD4+","CID4535_CCTAGCTTCAATCTCT"
"boot_1006_03689","CID4535","T cells CD4+","CID4535_CGTAGCGAGCTAGTTC"
"boot_1006_03690","CID4535","T cells CD4+","CID4535_TTGGCAACAATCGAAA"
"boot_1006_03691","CID4535","T cells CD4+","CID4535_CGTGAGCGTCGCATAT"
"boot_1006_03692","CID4535","T cells CD4+","CID4535_CTAATGGCATACTACG"
"boot_1006_03693","CID4535","T cells CD4+","CID4535_CTACATTCAAAGTCAA"
"boot_1006_03694","CID4535","T cells CD4+","CID4535_CTAGAGTCAATCCAAC"
"boot_1006_03695","CID4535","T cells CD4+","CID4535_TTATGCTGTCATATGC"
"boot_1006_03696","CID4535","T cells CD4+","CID4535_CCGGGATAGGTGCTTT"
"boot_1006_03697","CID4535","T cells CD4+","CID4535_CTCACACTCCATTCTA"
"boot_1006_03698","CID4535","T cells CD4+","CID4535_ATCTGCCCAATACGCT"
"boot_1006_03699","CID4535","T cells CD4+","CID4535_CTGATCCAGCGTGAAC"
"boot_1006_03700","CID4535","T cells CD4+","CID4535_CGAGAAGCAAGGACAC"
"boot_1006_03701","CID4535","T cells CD4+","CID4535_GGCGACTTCAACACTG"
"boot_1006_03702","CID4535","T cells CD4+","CID4535_CAGCCGACACAGGTTT"
"boot_1006_03703","CID4535","T cells CD4+","CID4535_ACGCCAGGTAGTACCT"
"boot_1006_03704","CID4535","T cells CD4+","CID4535_CTCTAATGTAAGCACG"
"boot_1006_03705","CID4535","T cells CD4+","CID4535_CCTATTATCATTATCC"
"boot_1006_03706","CID4535","T cells CD4+","CID4535_GAACCTACATGCATGT"
"boot_1006_03707","CID4535","T cells CD4+","CID4535_CCATGTCCACCACGTG"
"boot_1006_03708","CID4535","T cells CD4+","CID4535_CTAATGGCATACTACG"
"boot_1006_03709","CID4535","T cells CD4+","CID4535_AGATCTGTCGTCCAGG"
"boot_1006_03710","CID4535","T cells CD4+","CID4535_CTAATGGCATACGCCG"
"boot_1006_03711","CID4535","T cells CD4+","CID4535_GTTCGGGAGTAGTGCG"
"boot_1006_03712","CID4535","T cells CD4+","CID4535_CTCTAATGTAAGCACG"
"boot_1006_03713","CID4535","T cells CD4+","CID4535_CACAGTACATCCGTGG"
"boot_1006_03714","CID4535","T cells CD4+","CID4535_CTCACACTCCTTGGTC"
"boot_1006_03715","CID4535","T cells CD4+","CID4535_AGATCTGCATTGGGCC"
"boot_1006_03716","CID4535","T cells CD4+","CID4535_TTGCGTCTCCACGAAT"
"boot_1006_03717","CID4535","T cells CD4+","CID4535_AACTCAGAGATTACCC"
"boot_1006_03718","CID4535","T cells CD4+","CID4535_TACAGTGCACTGAAGG"
"boot_1006_03719","CID4535","T cells CD4+","CID4535_TCAGCTCAGGAGTAGA"
"boot_1006_03720","CID4535","T cells CD4+","CID4535_GCGGGTTGTCTGGTCG"
"boot_1006_03721","CID4535","T cells CD4+","CID4535_ATTACTCCAACAACCT"
"boot_1006_03722","CID4535","T cells CD4+","CID4535_GCTTGAACAATGGACG"
"boot_1006_03723","CID4535","T cells CD4+","CID4535_CTAGAGTCAATCCAAC"
"boot_1006_03724","CID4535","T cells CD4+","CID4535_AGATCTGCATTGGGCC"
"boot_1006_03725","CID4535","T cells CD4+","CID4535_CCTAGCTTCAATCTCT"
"boot_1006_03726","CID4535","T cells CD4+","CID4535_CATGCCTAGAGTAATC"
"boot_1006_03727","CID4535","T cells CD4+","CID4535_GTTCGGGAGCCGTCGT"
"boot_1006_03728","CID4535","T cells CD4+","CID4535_GGACAAGTCTTAGCCC"
"boot_1006_03729","CID4535","T cells CD4+","CID4535_TATCTCAGTTGAGGTG"
"boot_1006_03730","CID4535","T cells CD4+","CID4535_CAGATCATCCGGGTGT"
"boot_1006_03731","CID4535","T cells CD4+","CID4535_GTCTCGTGTATTCGTG"
"boot_1006_03732","CID4535","T cells CD4+","CID4535_GTGCGGTGTCTTGCGG"
"boot_1006_03733","CID4535","T cells CD4+","CID4535_ACGCCAGGTAGTACCT"
"boot_1006_03734","CID4535","T cells CD4+","CID4535_TTAGTTCTCGTTTATC"
"boot_1006_03735","CID4535","T cells CD4+","CID4535_GCTCCTAGTGCCTGTG"
"boot_1006_03736","CID4535","T cells CD4+","CID4535_TACTTGTTCTAAGCCA"
"boot_1006_03737","CID4535","T cells CD4+","CID4535_ACAGCCGGTGTTTGGT"
"boot_1006_03738","CID4535","T cells CD4+","CID4535_GTCCTCAAGTCCTCCT"
"boot_1006_03739","CID4535","T cells CD4+","CID4535_GTCTTCGGTTCAGTAC"
"boot_1006_03740","CID4535","T cells CD4+","CID4535_CTCTAATGTAAGCACG"
"boot_1006_03741","CID4535","T cells CD4+","CID4535_CAAGAAAGTCTCTTAT"
"boot_1006_03742","CID4535","T cells CD4+","CID4535_GTGCGGTAGTTTCCTT"
"boot_1006_03743","CID4535","T cells CD4+","CID4535_AACTTTCTCCACGCAG"
"boot_1006_03744","CID4535","T cells CD4+","CID4535_TCAATCTTCTCTGCTG"
"boot_1006_03745","CID4535","T cells CD4+","CID4535_AGATTGCCATTCCTCG"
"boot_1006_03746","CID4535","T cells CD4+","CID4535_TGAGGGAGTTAGAACA"
"boot_1006_03747","CID4535","T cells CD4+","CID4535_GAAATGATCTGTACGA"
"boot_1006_03748","CID4535","T cells CD4+","CID4535_CGCGTTTAGACAAAGG"
"boot_1006_03749","CID4535","T cells CD4+","CID4535_CGTAGCGAGCTAGTTC"
"boot_1006_03750","CID4535","T cells CD4+","CID4535_TCAGCTCAGGAGTAGA"
"boot_1006_03751","CID4535","T cells CD4+","CID4535_ATGAGGGAGTGAAGAG"
"boot_1006_03752","CID4535","T cells CD4+","CID4535_TTTGGTTTCACTTATC"
"boot_1006_03753","CID4535","T cells CD4+","CID4535_AACTCAGAGATTACCC"
"boot_1006_03754","CID4535","T cells CD4+","CID4535_CAGCCGACACAGGTTT"
"boot_1006_03755","CID4535","T cells CD4+","CID4535_CAACCTCGTGTCAATC"
"boot_1006_03756","CID4535","T cells CD4+","CID4535_TGCTGCTCACACAGAG"
"boot_1006_03757","CID4535","T cells CD4+","CID4535_GTCTTCGGTTCAGTAC"
"boot_1006_03758","CID4535","T cells CD4+","CID4535_AATCCAGCAAGTCTAC"
"boot_1006_03759","CID4535","T cells CD4+","CID4535_CCTAGCTTCAATCTCT"
"boot_1006_03760","CID4535","T cells CD4+","CID4535_ACCTTTAGTCTCCCTA"
"boot_1006_03761","CID4535","T cells CD4+","CID4535_CACCAGGCATCCGTGG"
"boot_1006_03762","CID4535","T cells CD4+","CID4535_ATTCTACGTGTTGAGG"
"boot_1006_03763","CID4535","T cells CD4+","CID4535_TGACGGCTCACATGCA"
"boot_1006_03764","CID4535","T cells CD4+","CID4535_TTCTTAGAGTTGCAGG"
"boot_1006_03765","CID4535","T cells CD4+","CID4535_TTCTCCTAGAGCTATA"
"boot_1006_03766","CID4535","T cells CD4+","CID4535_GGCCGATTCGGAAATA"
"boot_1006_03767","CID4535","T cells CD4+","CID4535_CGAGAAGCAAGGACAC"
"boot_1006_03768","CID4535","T cells CD4+","CID4535_AAGGAGCTCATTGCGA"
"boot_1006_03769","CID4535","T cells CD4+","CID4535_GGGACCTTCTCAACTT"
"boot_1006_03770","CID4535","T cells CD4+","CID4535_TGCCCTATCGCATGAT"
"boot_1006_03771","CID4535","T cells CD4+","CID4535_TGGCTGGGTTCCCTTG"
"boot_1006_03772","CID4535","T cells CD4+","CID4535_GAAGCAGAGATCTGAA"
"boot_1006_03773","CID4535","T cells CD4+","CID4535_TGGCTGGGTTCCCTTG"
"boot_1006_03774","CID4535","T cells CD4+","CID4535_CATGGCGTCGAATCCA"
"boot_1006_03775","CID4535","T cells CD4+","CID4535_TGGGAAGGTTGTTTGG"
"boot_1006_03776","CID4535","T cells CD4+","CID4535_CGAGCCATCCGGCACA"
"boot_1006_03777","CID4535","T cells CD4+","CID4535_CTAACTTAGCTGAACG"
"boot_1006_03778","CID4535","T cells CD4+","CID4535_ACGGGTCTCTTGCCGT"
"boot_1006_03779","CID4535","T cells CD4+","CID4535_GGATGTTAGTCCAGGA"
"boot_1006_03780","CID4535","T cells CD4+","CID4535_CACAAACAGCGCTCCA"
"boot_1006_03781","CID4535","T cells CD4+","CID4535_TTGAACGAGCACACAG"
"boot_1006_03782","CID4535","T cells CD4+","CID4535_ACCTTTAGTCTCCCTA"
"boot_1006_03783","CID4535","T cells CD4+","CID4535_ACGGAGATCACGAAGG"
"boot_1006_03784","CID4535","T cells CD4+","CID4535_TTGAACGAGCACACAG"
"boot_1006_03785","CID4535","T cells CD4+","CID4535_ATGAGGGAGCTATGCT"
"boot_1006_03786","CID4535","T cells CD4+","CID4535_AGCAGCCTCAGGCGAA"
"boot_1006_03787","CID4535","T cells CD4+","CID4535_AAGCCGCTCGAACGGA"
"boot_1006_03788","CID4535","T cells CD4+","CID4535_CTTCTCTAGGATTCGG"
"boot_1006_03789","CID4535","T cells CD4+","CID4535_ACTGAACGTGCAGGTA"
"boot_1006_03790","CID4535","T cells CD4+","CID4535_GAAATGATCTGTACGA"
"boot_1006_03791","CID4535","T cells CD4+","CID4535_TTTGGTTTCACTTATC"
"boot_1006_03792","CID4535","T cells CD4+","CID4535_AACTGGTAGTAGCGGT"
"boot_1006_03793","CID4535","T cells CD4+","CID4535_ACGGGTCTCCGCAGTG"
"boot_1006_03794","CID4535","T cells CD4+","CID4535_CACAAACAGCGCTCCA"
"boot_1006_03795","CID4535","T cells CD4+","CID4535_CGTGTAATCAGAGGTG"
"boot_1006_03796","CID4535","T cells CD4+","CID4535_CATCAGACAGATGGGT"
"boot_1006_03797","CID4535","T cells CD4+","CID4535_CGGAGCTGTGTTGAGG"
"boot_1006_03798","CID4535","T cells CD4+","CID4535_TTAGGCACAAGCCTAT"
"boot_1006_03799","CID4535","T cells CD4+","CID4535_CGGGTCAGTTGCGTTA"
"boot_1006_03800","CID4535","T cells CD4+","CID4535_AAGGCAGAGTTATCGC"
"boot_1006_03801","CID4535","T cells CD4+","CID4535_GAACCTACATGCATGT"
"boot_1006_03802","CID4535","T cells CD4+","CID4535_TCAGGTAAGGGATACC"
"boot_1006_03803","CID4535","T cells CD4+","CID4535_AAACCTGAGCACCGCT"
"boot_1006_03804","CID4535","T cells CD4+","CID4535_GCTCCTAGTGCCTGTG"
"boot_1006_03805","CID4535","T cells CD4+","CID4535_AAACCTGGTCAGAAGC"
"boot_1006_03806","CID4535","T cells CD4+","CID4535_CGTAGGCGTGCTAGCC"
"boot_1006_03807","CID4535","T cells CD4+","CID4535_TACCTATAGGCAAAGA"
"boot_1006_03808","CID4535","T cells CD4+","CID4535_CTCGTCATCAGCTCTC"
"boot_1006_03809","CID4535","T cells CD4+","CID4535_TGGGAAGGTTGTTTGG"
"boot_1006_03810","CID4535","T cells CD4+","CID4535_CGTGTAATCAGAGGTG"
"boot_1006_03811","CID4535","T cells CD4+","CID4535_AAACCTGCATCAGTCA"
"boot_1006_03812","CID4535","T cells CD4+","CID4535_CGGAGCTGTGTTGAGG"
"boot_1006_03813","CID4535","T cells CD4+","CID4535_TGCTGCTCACACAGAG"
"boot_1006_03814","CID4535","T cells CD4+","CID4535_CACAGTACATCCGTGG"
"boot_1006_03815","CID4535","T cells CD4+","CID4535_GCACATAAGACGCAAC"
"boot_1006_03816","CID4535","T cells CD4+","CID4535_TATCTCAGTTGAGGTG"
"boot_1006_03817","CID4535","T cells CD4+","CID4535_CACATTTCACATGGGA"
"boot_1006_03818","CID4535","T cells CD4+","CID4535_CTCACACTCCTTGGTC"
"boot_1006_03819","CID4535","T cells CD4+","CID4535_TTGCGTCTCCACGAAT"
"boot_1006_03820","CID4535","T cells CD4+","CID4535_CCATTCGTCGTGGGAA"
"boot_1006_03821","CID4535","T cells CD4+","CID4535_TCAGGTAGTGCTAGCC"
"boot_1006_03822","CID4535","T cells CD4+","CID4535_CTCACACTCCATTCTA"
"boot_1006_03823","CID4535","T cells CD4+","CID4535_GCGCAGTGTGTAATGA"
"boot_1006_03824","CID4535","T cells CD4+","CID4535_GCGCAGTGTGTAATGA"
"boot_1006_03825","CID4535","T cells CD4+","CID4535_GTTACAGCATGTCCTC"
"boot_1006_03826","CID4535","T cells CD4+","CID4535_GATGAAAGTTCGGGCT"
"boot_1006_03827","CID4535","T cells CD4+","CID4535_CGAGCCATCCGGCACA"
"boot_1006_03828","CID4535","T cells CD4+","CID4535_ACCTTTAGTCTCCCTA"
"boot_1006_03829","CID4535","T cells CD4+","CID4535_ATCATCTAGCGATATA"
"boot_1006_03830","CID4535","T cells CD4+","CID4535_GTGCGGTGTCTTGCGG"
"boot_1006_03831","CID4535","T cells CD4+","CID4535_GAACCTATCTCAACTT"
"boot_1006_03832","CID4535","T cells CD4+","CID4535_GAAATGATCTGTACGA"
"boot_1006_03833","CID4535","T cells CD4+","CID4535_TCGGTAAGTGTTGAGG"
"boot_1006_03834","CID4535","T cells CD4+","CID4535_CTGAAGTTCCGGCACA"
"boot_1006_03835","CID4535","T cells CD4+","CID4535_TTAGTTCTCGTTTATC"
"boot_1006_03836","CID4535","T cells CD4+","CID4535_TTTGGTTTCACTTATC"
"boot_1006_03837","CID4535","T cells CD4+","CID4535_TCGGTAAGTGTTGAGG"
"boot_1006_03838","CID4535","T cells CD4+","CID4535_TACTTGTTCTAAGCCA"
"boot_1006_03839","CID4535","T cells CD4+","CID4535_CTCGAAATCACGATGT"
"boot_1006_03840","CID4535","T cells CD4+","CID4535_CATCAAGTCGTTGACA"
"boot_1006_03841","CID4535","T cells CD4+","CID4535_GATCGATTCCCAGGTG"
"boot_1006_03842","CID4535","T cells CD4+","CID4535_CAGCCGACACAGGTTT"
"boot_1006_03843","CID4535","T cells CD4+","CID4535_CTGCTGTCATGCAACT"
"boot_1006_03844","CID4535","T cells CD4+","CID4535_CAACCAACACAACGCC"
"boot_1006_03845","CID4535","T cells CD4+","CID4535_CTACATTCAAAGTCAA"
"boot_1006_03846","CID4535","T cells CD4+","CID4535_GACACGCGTTACGGAG"
"boot_1006_03847","CID4535","T cells CD4+","CID4535_CGAACATGTTCAGCGC"
"boot_1006_03848","CID4535","T cells CD4+","CID4535_CCGGGATAGGTGCTTT"
"boot_1006_03849","CID4535","T cells CD4+","CID4535_TTCTTAGAGTTGCAGG"
"boot_1006_03850","CID4535","T cells CD4+","CID4535_CCGTTCATCAGGCGAA"
"boot_1006_03851","CID4535","T cells CD4+","CID4535_AACTCAGAGATTACCC"
"boot_1006_03852","CID4535","T cells CD4+","CID4535_ACTGAGTCAGGAATCG"
"boot_1006_03853","CID4535","T cells CD4+","CID4535_TGAGGGAGTTAGAACA"
"boot_1006_03854","CID4535","T cells CD4+","CID4535_GTATTCTAGTCAATAG"
"boot_1006_03855","CID4535","T cells CD4+","CID4535_GATGAAAGTTCGGGCT"
"boot_1006_03856","CID4535","T cells CD4+","CID4535_GTCTCGTGTATTCGTG"
"boot_1006_03857","CID4535","T cells CD4+","CID4535_TCAGCTCAGGAGTAGA"
"boot_1006_03858","CID4535","T cells CD4+","CID4535_CTCACACTCCTTGGTC"
"boot_1006_03859","CID4535","T cells CD4+","CID4535_CATGCCTAGAGTAATC"
"boot_1006_03860","CID4535","T cells CD4+","CID4535_GGACAAGAGCTAGTGG"
"boot_1006_03861","CID4535","T cells CD4+","CID4535_ACGATGTGTACTTCTT"
"boot_1006_03862","CID4535","T cells CD4+","CID4535_GTGCGGTAGTTTCCTT"
"boot_1006_03863","CID4535","T cells CD4+","CID4535_CACAAACAGCGCTCCA"
"boot_1006_03864","CID4535","T cells CD8+","CID4535_ATCATGGGTGAGGGAG"
"boot_1006_03865","CID4535","T cells CD8+","CID4535_GCCTCTAGTATAGTAG"
"boot_1006_03866","CID4535","T cells CD8+","CID4535_TAGAGCTAGCATGGCA"
"boot_1006_03867","CID4535","T cells CD8+","CID4535_TGACAACAGCATCATC"
"boot_1006_03868","CID4535","T cells CD8+","CID4535_ACAGCCGCAGCATACT"
"boot_1006_03869","CID4535","T cells CD8+","CID4535_GACGTTAAGATATACG"
"boot_1006_03870","CID4535","T cells CD8+","CID4535_GACCTGGGTCCGAATT"
"boot_1006_03871","CID4535","T cells CD8+","CID4535_GGGTTGCCATGGTCAT"
"boot_1006_03872","CID4535","T cells CD8+","CID4535_ACTATCTCAAACCTAC"
"boot_1006_03873","CID4535","T cells CD8+","CID4535_ACACCCTGTGAAATCA"
"boot_1006_03874","CID4535","T cells CD8+","CID4535_GCACTCTGTTACCAGT"
"boot_1006_03875","CID4535","T cells CD8+","CID4535_CACCACTGTTGAACTC"
"boot_1006_03876","CID4535","T cells CD8+","CID4535_GACCTGGGTCCGAATT"
"boot_1006_03877","CID4535","T cells CD8+","CID4535_AGGTCCGGTCGAATCT"
"boot_1006_03878","CID4535","T cells CD8+","CID4535_GACTACACAAGGTTCT"
"boot_1006_03879","CID4535","T cells CD8+","CID4535_AGTGTCAGTCTCCACT"
"boot_1006_03880","CID4535","T cells CD8+","CID4535_CCAGCGATCTGTCTCG"
"boot_1006_03881","CID4535","T cells CD8+","CID4535_TAGCCGGTCGGCCGAT"
"boot_1006_03882","CID4535","T cells CD8+","CID4535_GGGTTGCCATGGTCAT"
"boot_1006_03883","CID4535","T cells CD8+","CID4535_TTGACTTAGGCTCTTA"
"boot_1006_03884","CID4535","T cells CD8+","CID4535_CACCACTGTTGAACTC"
"boot_1006_03885","CID4535","T cells CD8+","CID4535_TAGCCGGTCGGCCGAT"
"boot_1006_03886","CID4535","T cells CD8+","CID4535_GACCTGGGTCCGAATT"
"boot_1006_03887","CID4535","T cells CD8+","CID4535_TTATGCTTCGGGAGTA"
"boot_1006_03888","CID4535","T cells CD8+","CID4535_CGACCTTCACCTCGGA"
"boot_1006_03889","CID4535","T cells CD8+","CID4535_TCACAAGAGTGCGTGA"
"boot_1006_03890","CID4535","T cells CD8+","CID4535_CGGACTGCACTTGGAT"
"boot_1006_03891","CID4535","T cells CD8+","CID4535_TGACTTTAGCTATGCT"
"boot_1006_03892","CID4535","T cells CD8+","CID4535_ACGGAGATCATGTCTT"
"boot_1006_03893","CID4535","T cells CD8+","CID4535_GACGTTAAGATATACG"
"boot_1006_03894","CID4535","T cells CD8+","CID4535_ACGGGCTAGTTCGCAT"
"boot_1006_03895","CID4535","T cells CD8+","CID4535_CGGACTGCACTTGGAT"
"boot_1006_03896","CID4535","T cells CD8+","CID4535_TCACAAGAGTGCGTGA"
"boot_1006_03897","CID4535","T cells CD8+","CID4535_GTCGGGTGTTGACGTT"
"boot_1006_03898","CID4535","T cells CD8+","CID4535_AATCGGTTCACCCTCA"
"boot_1006_03899","CID4535","T cells CD8+","CID4535_TGACTTTAGCTATGCT"
"boot_1006_03900","CID4535","T cells CD8+","CID4535_GCGCAGTAGTGGTCCC"
"boot_1006_03901","CID4535","T cells CD8+","CID4535_TTGACTTAGGCTCTTA"
"boot_1006_03902","CID4535","T cells CD8+","CID4535_CAGATCAGTGGCAAAC"
"boot_1006_03903","CID4535","T cells CD8+","CID4535_TTTATGCGTGGCGAAT"
"boot_1006_03904","CID4535","T cells CD8+","CID4535_TAGAGCTAGCATGGCA"
"boot_1006_03905","CID4535","T cells CD8+","CID4535_TAAGTGCTCATGGTCA"
"boot_1006_03906","CID4535","T cells CD8+","CID4535_GCCTCTAGTATAGTAG"
"boot_1006_03907","CID4535","T cells CD8+","CID4535_TTGACTTTCGCTGATA"
"boot_1006_03908","CID4535","T cells CD8+","CID4535_CGATCGGTCCCGGATG"
"boot_1006_03909","CID4535","T cells CD8+","CID4535_GACCTGGGTCCGAATT"
"boot_1006_03910","CID4535","T cells CD8+","CID4535_GTACTTTTCTACTTAC"
"boot_1006_03911","CID4535","T cells CD8+","CID4535_GGCCGATGTGCCTGGT"
"boot_1006_03912","CID4535","T cells CD8+","CID4535_CTACCCAGTAAACCTC"
"boot_1006_03913","CID4535","T cells CD8+","CID4535_ACAGCCGCAGCATACT"
"boot_1006_03914","CID4535","T cells CD8+","CID4535_TGCCCTACAGTCGTGC"
"boot_1006_03915","CID4535","T cells CD8+","CID4535_TGATTTCCACAAGACG"
"boot_1006_03916","CID4535","T cells CD8+","CID4535_ATTCTACTCCGTCATC"
"boot_1006_03917","CID4535","T cells CD8+","CID4535_TCTATTGCACATCCAA"
"boot_1006_03918","CID4535","T cells CD8+","CID4535_ACGATACGTAAGAGAG"
"boot_1006_03919","CID4535","T cells CD8+","CID4535_GACTAACAGAGTAATC"
"boot_1006_03920","CID4535","T cells CD8+","CID4535_AGTGTCAGTCTCCACT"
"boot_1006_03921","CID4535","T cells CD8+","CID4535_TCACAAGAGTGCGTGA"
"boot_1006_03922","CID4535","T cells CD8+","CID4535_CTGATCCTCTGCAAGT"
"boot_1006_03923","CID4535","T cells CD8+","CID4535_TTGACTTAGGCTCTTA"
"boot_1006_03924","CID4535","T cells CD8+","CID4535_TCTTTCCGTACTCTCC"
"boot_1006_03925","CID4535","T cells CD8+","CID4535_TCTTTCCCACGAGGTA"
"boot_1006_03926","CID4535","T cells CD8+","CID4535_CTACCCAGTAAACCTC"
"boot_1006_03927","CID4535","T cells CD8+","CID4535_ACACCGGGTAGAAGGA"
"boot_1006_03928","CID4535","T cells CD8+","CID4535_ATCATGGGTGAGGGAG"
"boot_1006_03929","CID4535","T cells CD8+","CID4535_ACTATCTCAAACCTAC"
"boot_1006_03930","CID4535","T cells CD8+","CID4535_AGGTCCGGTCGAATCT"
"boot_1006_03931","CID4535","T cells CD8+","CID4535_TGACTTTAGCTATGCT"
"boot_1006_03932","CID4535","T cells CD8+","CID4535_CAAGGCCGTAGAGGAA"
"boot_1006_03933","CID4535","T cells CD8+","CID4535_GTAACTGAGGATGGTC"
"boot_1006_03934","CID4535","T cells CD8+","CID4535_TAGCCGGTCGGCCGAT"
"boot_1006_03935","CID4535","T cells CD8+","CID4535_GTGCAGCTCGGCATCG"
"boot_1006_03936","CID4535","T cells CD8+","CID4535_CCCATACGTACATCCA"
"boot_1006_03937","CID4535","T cells CD8+","CID4535_GTAACTGAGGATGGTC"
"boot_1006_03938","CID4535","T cells CD8+","CID4535_CGGACACTCAGGCAAG"
"boot_1006_03939","CID4535","T cells CD8+","CID4535_CTACCCAGTAAACCTC"
"boot_1006_03940","CID4535","T cells CD8+","CID4535_TGACTAGCAGGCTCAC"
"boot_1006_03941","CID4535","T cells CD8+","CID4535_CATCAAGCAGCCTTTC"
"boot_1006_03942","CID4535","T cells CD8+","CID4535_ATCATCTAGTAGGTGC"
"boot_1006_03943","CID4535","T cells CD8+","CID4535_CGACCTTCACCTCGGA"
"boot_1006_03944","CID4535","T cells CD8+","CID4535_TCACAAGAGTGCGTGA"
"boot_1006_03945","CID4535","T cells CD8+","CID4535_CACAAACGTTTAGGAA"
"boot_1006_03946","CID4535","T cells CD8+","CID4535_TGAGCATGTCGGCTCA"
"boot_1006_03947","CID4535","T cells CD8+","CID4535_CAAGGCCGTAGAGGAA"
"boot_1006_03948","CID4535","T cells CD8+","CID4535_CAACCTCGTAAGTGGC"
"boot_1006_03949","CID4535","T cells CD8+","CID4535_TCTCATAAGCTGCAAG"
"boot_1006_03950","CID4535","T cells CD8+","CID4535_CACAAACGTTTAGGAA"
"boot_1006_03951","CID4535","T cells CD8+","CID4535_GTCGGGTGTTGACGTT"
"boot_1006_03952","CID4535","T cells CD8+","CID4535_ATCTACTTCGTTTAGG"
"boot_1006_03953","CID4535","T cells CD8+","CID4535_CAAGGCCGTAGAGGAA"
"boot_1006_03954","CID4535","T cells CD8+","CID4535_AGAGTGGCAAGCCATT"
"boot_1006_03955","CID4535","T cells CD8+","CID4535_GCTCTGTGTACTCAAC"
"boot_1006_03956","CID4535","T cells CD8+","CID4535_ACAGCCGCAGCATACT"
"boot_1006_03957","CID4535","T cells CD8+","CID4535_TCTTTCCCACGAGGTA"
"boot_1006_03958","CID4535","T cells CD8+","CID4535_CAAGATCCAACGCACC"
"boot_1006_03959","CID4535","T cells CD8+","CID4535_TAAGTGCTCATGGTCA"
"boot_1006_03960","CID4535","T cells CD8+","CID4535_TCAGGATTCGCCTGAG"
"boot_1006_03961","CID4535","T cells CD8+","CID4535_AGTGTCAGTCTCCACT"
